zone_id,zone_tf,spec_name,direction,upper,lower,created_timestamp,base_timestamp,impulse_start_timestamp,impulse_end_timestamp,impulse_candles,impulse_atr,zone_width_atr,base_body_ratio,touch_timestamp,entry_timestamp,entry_price,stop_price,risk_units,touch_delay_hours,confirmed,confirm_i,entry_i,bars_to_confirm,confirm_close,confirm_body_ratio,mfe_24h_r,mae_24h_r,close_24h_r,bracket_1r_outcome_r,first_event_24h,year,month,date,cost_r,net_1r_after_cost,cost_bucket,entry_context_timestamp,entry_atr,entry_ema8,entry_close,entry_close_location,orb30_state,orb15_state,orb30_width,entry_ny_hour,entry_weekday,entry_session,entry_ema8_distance_atr,orb30_width_atr,dir_demand,dir_supply,cost_le_0p03,cost_le_0p05,risk_ge_10,risk_ge_15,fast_confirm_1,fast_confirm_2,fast_confirm_3,body_ge_45,body_ge_60,body_ge_70,tight_zone,wide_zone,impulse_ge_1p5,impulse_ge_2,base_body_low,base_body_high,ny_main_or_overlap,avoid_after_hours,ema8_aligned,closed_m15_timestamp,closed_m15_close,closed_m15_ema8,closed_m15_atr,closed_m15_ema8_distance_atr,closed_m15_ema8_aligned,m15_boundary_entry,same_dir_intraday_overlap_24h,same_dir_intraday_distinct_specs_24h,same_dir_intraday_distinct_tfs_24h,intraday_stack_24h,xau_sdr_002_clean,orb_continuation,orb_reversal,orb_inside,trade_key
39,15min,m15_2c_1atr,supply,1338.4,1336.55,2019-06-12 13:15:00+00:00,2019-06-12 11:00:00+00:00,2019-06-12 12:00:00+00:00,2019-06-12 13:00:00+00:00,2,1.3546762589928576,0.9316546762590783,0.13513513513512518,2019-06-12 19:00:00+00:00,2019-06-12 20:00:00+00:00,1332.54,1338.9228571428573,6.382857142857347,5.75,True,273,274,0,1332.56,0.6315789473684525,0.11750223813786553,1.0199194270366714,-7.893017009847571,-1.0,stop,2019,2019-06,2019-06-12,0.04700089525514621,-1.0470008952551462,0.03-0.05R,2019-06-12 19:00:00+00:00,2.609999999999997,1334.0254408119517,1332.56,0.019736842105245442,missing,below,,16,Wednesday,ny_main,-0.5691344107094932,,False,True,False,True,False,False,True,True,True,True,True,False,True,False,False,False,True,False,True,True,True,2019-06-12 19:00:00+00:00,1332.56,1334.0254408119517,2.609999999999997,-0.561471575460458,True,True,1,1,1,True,True,False,False,False,2019-06-12 20:00:00+00:00|supply|1332.54
51,15min,m15_2c_1atr,demand,1341.66,1340.57,2019-06-18 08:15:00+00:00,2019-06-18 06:00:00+00:00,2019-06-18 07:00:00+00:00,2019-06-18 08:00:00+00:00,2,2.6625434866640934,0.5898724391187412,0.26605504587149076,2019-06-18 16:00:00+00:00,2019-06-18 20:00:00+00:00,1347.94,1339.6691428571428,8.270857142857267,7.75,True,365,366,3,1347.96,0.5798045602605895,11.014577863755523,0.7943553958822795,8.077760121597219,1.0,tp1,2019,2019-06,2019-06-18,0.03627193588503469,0.9637280641149653,0.03-0.05R,2019-06-18 19:00:00+00:00,4.341428571428586,1346.59366900847,1347.96,0.8664495114006961,missing,inside,,16,Tuesday,ny_main,0.31011243635111674,,True,False,False,True,False,False,False,False,True,True,False,False,True,False,True,True,True,False,True,True,True,2019-06-18 19:00:00+00:00,1347.96,1346.59366900847,4.341428571428586,0.31471921489668675,True,True,5,4,2,True,True,False,False,False,2019-06-18 20:00:00+00:00|demand|1347.94
59,15min,m15_2c_1atr,demand,1384.98,1381.45,2019-06-20 19:15:00+00:00,2019-06-20 16:00:00+00:00,2019-06-20 17:00:00+00:00,2019-06-20 19:00:00+00:00,3,1.2723178381856064,0.7949171626186309,0.27762039660057386,2019-06-21 10:00:00+00:00,2019-06-21 14:00:00+00:00,1394.75,1380.1101428571428,14.639857142857181,14.75,True,428,429,3,1394.76,0.46208530805687015,3.025302744952614,0.8832053396305605,-0.09631241522653955,1.0,tp1,2019,2019-06,2019-06-21,0.020492003239688077,0.979507996760312,<=0.03R,2019-06-21 13:00:00+00:00,6.612857142857122,1392.8834356644443,1394.76,0.5624012638230627,missing,missing,,10,Friday,london_ny_overlap,0.28226291529250586,,True,False,True,True,True,False,False,False,True,True,False,False,True,False,False,False,True,False,True,True,True,2019-06-21 13:00:00+00:00,1394.76,1392.8834356644443,6.612857142857122,0.28377512095247426,True,True,3,3,2,True,True,False,False,False,2019-06-21 14:00:00+00:00|demand|1394.75
62,15min,m15_2c_1atr,demand,1389.56,1386.2,2019-06-21 15:15:00+00:00,2019-06-21 12:00:00+00:00,2019-06-21 13:00:00+00:00,2019-06-21 15:00:00+00:00,3,1.1573604060913762,0.4873096446700375,0.16369047619046753,2019-06-21 17:00:00+00:00,2019-06-21 19:00:00+00:00,1398.45,1384.847142857143,13.602857142857147,1.75,True,433,434,1,1398.43,0.6589327146171851,2.9839319470699364,1.1703423650493643,-0.20657424910732633,1.0,tp1,2019,2019-06,2019-06-21,0.022054190296156264,0.9779458097038437,<=0.03R,2019-06-21 18:00:00+00:00,7.027142857142833,1395.3973446326324,1398.43,0.9872389791183409,missing,inside,,15,Friday,ny_main,0.43440918014989466,,True,False,True,True,True,False,True,True,True,True,True,False,True,False,False,False,True,False,True,True,True,2019-06-21 18:00:00+00:00,1398.43,1395.3973446326324,7.027142857142833,0.4315630732175939,True,True,5,4,2,True,True,False,False,False,2019-06-21 19:00:00+00:00|demand|1398.45
76,15min,m15_2c_1atr,supply,1407.81,1406.07,2019-06-27 10:15:00+00:00,2019-06-27 08:00:00+00:00,2019-06-27 09:00:00+00:00,2019-06-27 10:00:00+00:00,2,1.3585726718885462,0.5300261096605794,0.1666666666666449,2019-06-27 13:00:00+00:00,2019-06-27 16:00:00+00:00,1401.08,1408.5421428571428,7.462142857142908,2.75,True,522,523,2,1401.07,0.47716894977169727,0.13803005647553862,1.1310424045180432,-1.644299798985341,-1.0,stop,2019,2019-06,2019-06-27,0.040202929070546296,-1.0402029290705463,0.03-0.05R,2019-06-27 15:00:00+00:00,3.6228571428571286,1404.258278101803,1401.07,0.27283105022829623,missing,below,,12,Thursday,ny_main,-0.8772849650087226,,False,True,False,True,False,False,False,True,True,True,False,False,True,False,False,False,True,False,True,True,True,2019-06-27 15:00:00+00:00,1401.07,1404.258278101803,3.6228571428571286,-0.8800452173746506,True,True,5,2,2,True,True,False,False,False,2019-06-27 16:00:00+00:00|supply|1401.08
177,15min,m15_2c_1atr,supply,1522.17,1520.18,2019-08-15 09:15:00+00:00,2019-08-15 07:00:00+00:00,2019-08-15 08:00:00+00:00,2019-08-15 09:00:00+00:00,2,1.2325581395348613,0.35599284436493905,0.1306532663316531,2019-08-15 12:00:00+00:00,2019-08-15 15:00:00+00:00,1515.09,1523.2554285714286,8.16542857142872,2.75,True,1322,1323,2,1515.08,0.4986175115207386,0.7507260575947092,1.458588474054359,-1.4096014556142356,-1.0,stop,2019,2019-08,2019-08-15,0.03674026383008436,-1.0367402638300844,0.03-0.05R,2019-08-15 14:00:00+00:00,5.275714285714279,1517.0957361958715,1515.08,0.4147465437787966,missing,below,,11,Thursday,london_ny_overlap,-0.3801828695126201,,False,True,False,True,False,False,False,True,True,True,False,False,True,False,False,False,True,False,True,True,True,2019-08-15 14:00:00+00:00,1515.08,1517.0957361958715,5.275714285714279,-0.3820783474438396,True,True,3,3,2,True,True,False,False,False,2019-08-15 15:00:00+00:00|supply|1515.09
178,15min,m15_2c_1atr,demand,1515.22,1510.21,2019-08-15 12:15:00+00:00,2019-08-15 10:00:00+00:00,2019-08-15 11:00:00+00:00,2019-08-15 12:00:00+00:00,2,1.1767540751240426,0.9941885187810083,0.2954091816367307,2019-08-15 14:00:00+00:00,2019-08-15 18:00:00+00:00,1518.68,1509.047142857143,9.63285714285712,1.75,True,1325,1326,3,1518.77,0.513888888888892,0.9695981017351266,1.2768797271244237,1.4139107222304532,-1.0,stop,2019,2019-08,2019-08-15,0.031143407978644594,-1.0311434079786446,0.03-0.05R,2019-08-15 17:00:00+00:00,6.062857142857134,1516.3746467972346,1518.77,0.7708333333333222,missing,inside,,14,Thursday,ny_main,0.3802420456964689,,True,False,False,True,False,False,False,False,True,True,False,False,True,False,False,False,True,False,True,True,True,2019-08-15 17:00:00+00:00,1518.77,1516.3746467972346,6.062857142857134,0.39508653203010297,True,True,9,4,2,True,True,False,False,False,2019-08-15 18:00:00+00:00|demand|1518.68
199,15min,m15_2c_1atr,demand,1495.9,1494.49,2019-08-23 12:15:00+00:00,2019-08-23 08:00:00+00:00,2019-08-23 09:00:00+00:00,2019-08-23 12:00:00+00:00,4,1.0396624472573666,0.832911392405102,0.1702127659574434,2019-08-23 13:00:00+00:00,2019-08-23 16:00:00+00:00,1502.38,1493.954,8.426000000000158,0.75,True,1461,1462,2,1502.3,0.698154180238875,6.488250652741375,1.1037265606456215,-1.117968193686197,1.0,tp1,2019,2019-08,2019-08-23,0.035604082601470965,0.964395917398529,0.03-0.05R,2019-08-23 15:00:00+00:00,2.3514285714285927,1497.2751463956201,1502.3,0.7144408251900002,missing,above,,12,Friday,ny_main,2.1709583979744504,,True,False,False,True,False,False,False,True,True,True,True,False,True,False,False,False,True,False,True,True,True,2019-08-23 15:00:00+00:00,1502.3,1497.2751463956201,2.3514285714285927,2.136936526771469,True,True,5,2,2,True,True,False,False,False,2019-08-23 16:00:00+00:00|demand|1502.38
237,15min,m15_2c_1atr,demand,1490.75,1487.76,2019-09-10 10:15:00+00:00,2019-09-10 08:00:00+00:00,2019-09-10 09:00:00+00:00,2019-09-10 10:00:00+00:00,2,1.4437593025727857,0.8900701679778811,0.33110367892976794,2019-09-10 15:00:00+00:00,2019-09-10 16:00:00+00:00,1495.62,1486.8895714285713,8.730428571428547,4.75,True,1733,1734,0,1495.63,0.4546568627450979,0.6116538216091686,1.0022417488914006,1.161455009572446,-1.0,stop,2019,2019-09,2019-09-10,0.03436257424770517,-1.0343625742477052,0.03-0.05R,2019-09-10 15:00:00+00:00,3.9642857142857144,1493.7876945510275,1495.63,0.8357843137255019,missing,inside,,12,Tuesday,ny_main,0.4622031763173672,,True,False,False,True,False,False,True,True,True,True,False,False,True,False,False,False,True,False,True,True,True,2019-09-10 15:00:00+00:00,1495.63,1493.7876945510275,3.9642857142857144,0.46472569883994475,True,True,3,3,2,True,True,False,False,False,2019-09-10 16:00:00+00:00|demand|1495.62
241,15min,m15_2c_1atr,demand,1487.93,1486.36,2019-09-11 04:15:00+00:00,2019-09-11 02:00:00+00:00,2019-09-11 03:00:00+00:00,2019-09-11 04:00:00+00:00,2,1.1399107280283125,0.33830998922583166,0.34394904458592823,2019-09-11 16:00:00+00:00,2019-09-11 18:00:00+00:00,1494.54,1485.700857142857,8.83914285714286,11.75,True,1758,1759,1,1494.55,0.5977528089887252,3.355528978246121,1.255777871157503,0.04412192520284286,1.0,tp1,2019,2019-09,2019-09-11,0.03393994246371657,0.9660600575362834,0.03-0.05R,2019-09-11 17:00:00+00:00,3.3342857142857025,1492.526224864955,1494.55,0.9573033707865051,missing,above,,14,Wednesday,ny_main,0.6039599805190239,,True,False,False,True,False,False,True,True,True,True,False,False,True,False,False,False,True,False,True,True,True,2019-09-11 17:00:00+00:00,1494.55,1492.526224864955,3.3342857142857025,0.606959123620992,True,True,1,1,1,True,True,False,False,False,2019-09-11 18:00:00+00:00|demand|1494.54
248,15min,m15_2c_1atr,demand,1497.99,1496.7,2019-09-13 10:15:00+00:00,2019-09-13 08:00:00+00:00,2019-09-13 09:00:00+00:00,2019-09-13 10:00:00+00:00,2,2.4642356241234893,0.4221598877980248,0.19379844961240858,2019-09-13 15:00:00+00:00,2019-09-13 17:00:00+00:00,1503.95,1495.7412857142858,8.208714285714223,4.75,True,1803,1804,1,1503.97,0.5287878787878693,0.07309305441950881,1.4070412975757522,-1.4216599084596706,-1.0,stop,2019,2019-09,2019-09-13,0.03654652720975994,-1.03654652720976,0.03-0.05R,2019-09-13 16:00:00+00:00,4.232857142857126,1503.650247778442,1503.97,0.6666666666666666,missing,below,,13,Friday,ny_main,0.07081557714837228,,True,False,False,True,False,False,True,True,True,True,False,False,True,False,True,True,True,False,True,True,True,2019-09-13 16:00:00+00:00,1503.97,1503.650247778442,4.232857142857126,0.07554051808660628,True,True,3,3,2,True,True,False,False,False,2019-09-13 17:00:00+00:00|demand|1503.95
261,15min,m15_2c_1atr,demand,1500.46,1498.4,2019-09-20 05:15:00+00:00,2019-09-20 03:00:00+00:00,2019-09-20 04:00:00+00:00,2019-09-20 05:00:00+00:00,2,1.3112650756991984,0.7400564536822953,0.024271844660172744,2019-09-20 14:00:00+00:00,2019-09-20 18:00:00+00:00,1504.36,1497.8072857142859,6.552714285714046,8.75,True,1919,1920,3,1504.39,0.5631929046563627,4.7781726220325105,1.2437594017746436,-1.504719963373996,1.0,tp1,2019,2019-09,2019-09-20,0.04578255466655207,0.954217445333448,0.03-0.05R,2019-09-20 17:00:00+00:00,2.962142857142859,1502.8256454023397,1504.39,0.8558758314856175,missing,inside,,14,Friday,ny_main,0.5179880484022992,,True,False,False,True,False,False,False,False,True,True,False,False,True,False,False,False,True,False,True,True,True,2019-09-20 17:00:00+00:00,1504.39,1502.8256454023397,2.962142857142859,0.5281158516336182,True,True,7,4,2,True,True,False,False,False,2019-09-20 18:00:00+00:00|demand|1504.36
305,15min,m15_2c_1atr,demand,1462.3,1459.83,2019-10-01 12:15:00+00:00,2019-10-01 11:30:00+00:00,2019-10-01 11:45:00+00:00,2019-10-01 12:00:00+00:00,2,1.622003687768905,1.0626920712968857,0.2348178137652422,2019-10-01 16:45:00+00:00,2019-10-01 17:05:00+00:00,1474.32,1459.2795714285714,15.040428571428492,4.5,True,2631,2632,3,1474.34,0.8347176079734206,1.5730934718805643,0.10903944606440896,1.5125898768082295,1.0,tp1,2019,2019-10,2019-10-01,0.019946240133734895,0.9800537598662651,<=0.03R,2019-10-01 17:00:00+00:00,2.543571428571389,1466.3654667069702,1474.34,0.8347176079734206,above,above,3.7000000000000455,13,Tuesday,ny_main,3.1273087925419234,1.454647570907089,True,False,True,True,True,True,False,False,True,True,True,True,False,False,True,False,True,False,True,True,True,2019-10-01 17:00:00+00:00,1476.73,1467.4984656379393,3.432142857142854,2.6897290545026165,True,False,3,3,2,True,True,True,False,False,2019-10-01 17:05:00+00:00|demand|1474.32
324,15min,m15_2c_1atr,demand,1490.67,1484.08,2019-10-02 16:00:00+00:00,2019-10-02 15:15:00+00:00,2019-10-02 15:30:00+00:00,2019-10-02 15:45:00+00:00,2,2.9529914529914687,2.81623931623936,0.13353566009106066,2019-10-02 17:10:00+00:00,2019-10-02 17:25:00+00:00,1493.24,1483.6309999999999,9.609000000000151,1.1666666666666667,True,2911,2912,2,1493.13,0.6717557251908927,2.7380580705588025,0.08013320845040792,1.7462795296076292,1.0,tp1,2019,2019-10,2019-10-02,0.03122073056509473,0.9687792694349052,0.03-0.05R,2019-10-02 17:20:00+00:00,2.430714285714284,1493.0334582801668,1493.13,0.9618320610687388,above,above,2.0,13,Wednesday,ny_main,0.08497161556465939,0.8228034087569798,True,False,False,True,False,False,False,True,True,True,True,False,False,True,True,True,True,False,True,True,True,2019-10-02 17:15:00+00:00,1493.18,1492.0942752319813,3.458571428571434,0.3139228986423436,True,False,3,3,2,True,True,True,False,False,2019-10-02 17:25:00+00:00|demand|1493.24
411,15min,m15_2c_1atr,supply,1485.03,1479.96,2019-10-11 17:30:00+00:00,2019-10-11 16:45:00+00:00,2019-10-11 17:00:00+00:00,2019-10-11 17:15:00+00:00,2,1.7215949188426163,1.2522935779816242,0.053254437869819565,2019-10-11 18:00:00+00:00,2019-10-11 18:30:00+00:00,1479.24,1485.424,6.183999999999969,0.5,True,4856,4857,5,1479.24,0.7621359223300864,0.20375161707632555,1.2354463130659992,-2.0003234152651928,-1.0,stop,2019,2019-10,2019-10-11,0.048512289780077864,-1.0485122897800778,0.03-0.05R,2019-10-11 18:25:00+00:00,2.1378571428571314,1479.7063641515692,1479.24,0.0922330097087668,below,below,2.7999999999999545,14,Friday,ny_main,-0.2181456104901157,1.3097226862679443,False,True,False,True,False,False,False,False,False,True,True,True,False,False,True,False,True,False,True,True,True,2019-10-11 18:15:00+00:00,1479.24,1479.952151284057,3.782857142857178,-0.18825751466762683,True,True,2,2,2,True,True,True,False,False,2019-10-11 18:30:00+00:00|supply|1479.24
1272,15min,m15_2c_1atr,demand,1547.31,1546.25,2020-01-10 09:15:00+00:00,2020-01-10 08:15:00+00:00,2020-01-10 08:30:00+00:00,2020-01-10 09:00:00+00:00,3,1.9710526315788242,0.9763157894736311,0.028301886792428548,2020-01-10 15:25:00+00:00,2020-01-10 15:35:00+00:00,1555.92,1545.9569999999999,9.963000000000193,6.166666666666667,True,22080,22081,1,1555.91,0.9707057256990651,0.7286961758506324,0.9384723476864354,-0.4857974505671035,-0.4857974505671035,time,2020,2020-01,2020-01-10,0.03011141222523278,-0.5159088627923363,0.03-0.05R,2020-01-10 15:30:00+00:00,1.3935714285714766,1550.475671527974,1555.91,0.9707057256990651,above,above,1.2200000000000273,10,Friday,london_ny_overlap,3.9067451875120955,0.8754484879548843,True,False,False,True,False,False,True,True,True,True,True,True,True,False,True,False,True,False,True,True,True,2020-01-10 15:30:00+00:00,1554.53,1550.4037601545676,1.6971428571428564,2.431286104210974,True,False,7,4,2,True,True,True,False,False,2020-01-10 15:35:00+00:00|demand|1555.92
1528,15min,m15_2c_1atr,demand,1554.41,1549.72,2020-02-05 16:15:00+00:00,2020-02-05 15:15:00+00:00,2020-02-05 15:30:00+00:00,2020-02-05 16:00:00+00:00,3,1.71938418474459,2.2974107767670207,0.06823027718553518,2020-02-05 16:30:00+00:00,2020-02-05 16:35:00+00:00,1556.5,1549.4425714285715,7.057428571428545,0.25,True,26994,26995,0,1556.49,0.6305970149253786,1.6691631917736147,0.5611108861989466,0.9507712238371003,1.0,tp1,2020,2020-02,2020-02-05,0.04250840046961677,0.9574915995303832,0.03-0.05R,2020-02-05 16:30:00+00:00,1.3357142857142565,1555.2033024082127,1556.49,0.981343283582107,above,above,2.8199999999999363,11,Wednesday,london_ny_overlap,0.9707896409102833,2.1112299465240625,True,False,False,True,False,False,True,True,True,True,True,False,False,True,True,False,True,False,True,True,True,2020-02-05 16:30:00+00:00,1555.85,1554.6978876658918,2.1928571428571297,0.5253932468245422,True,False,14,4,2,True,True,True,False,False,2020-02-05 16:35:00+00:00|demand|1556.5
1782,15min,m15_2c_1atr,supply,1601.56,1596.88,2020-03-02 17:45:00+00:00,2020-03-02 17:00:00+00:00,2020-03-02 17:15:00+00:00,2020-03-02 17:30:00+00:00,2,1.249261083743831,0.9221674876847004,0.08974358974360842,2020-03-02 18:05:00+00:00,2020-03-02 18:20:00+00:00,1593.87,1602.1525714285713,8.282571428571373,0.3333333333333333,True,31935,31936,2,1593.8,0.6675603217158169,1.19286625961571,1.2725516575252998,-5.946220980371905,1.0,tp1,2020,2020-03,2020-03-02,0.03622063541343292,0.9637793645865671,0.03-0.05R,2020-03-02 18:15:00+00:00,2.900000000000026,1594.9825029259775,1593.8,0.15549597855225855,below,below,6.440000000000055,13,Monday,ny_main,-0.3836216986129797,2.2206896551724125,False,True,False,True,False,False,False,True,True,True,True,False,True,False,False,False,True,False,True,True,True,2020-03-02 18:15:00+00:00,1593.65,1595.554466159452,5.203571428571389,-0.36599212398526565,True,False,4,2,2,True,True,True,False,False,2020-03-02 18:20:00+00:00|supply|1593.87
1826,15min,m15_2c_1atr,demand,1673.03,1668.84,2020-03-06 10:45:00+00:00,2020-03-06 09:30:00+00:00,2020-03-06 09:45:00+00:00,2020-03-06 10:30:00+00:00,4,1.482504604051579,1.080294659300208,0.27207637231500187,2020-03-06 15:30:00+00:00,2020-03-06 16:05:00+00:00,1676.02,1667.8775714285714,8.142428571428582,4.75,True,33012,33013,6,1676.02,0.7873015873016271,1.377967261434814,1.9109777707598554,-0.5305542396968177,1.0,tp1,2020,2020-03,2020-03-06,0.036844044423390655,0.9631559555766094,0.03-0.05R,2020-03-06 16:00:00+00:00,4.5078571428571035,1675.7133271761213,1676.02,0.9714285714285962,below,below,4.190000000000055,11,Friday,london_ny_overlap,0.06803073259865997,0.9294881952147247,True,False,False,True,False,False,False,False,False,True,True,True,False,False,False,False,True,False,True,True,True,2020-03-06 16:00:00+00:00,1686.47,1682.1142536193952,5.691428571428593,0.7653168841424142,True,False,8,4,2,True,True,False,True,False,2020-03-06 16:05:00+00:00|demand|1676.02
1830,15min,m15_2c_1atr,supply,1688.45,1685.4,2020-03-06 15:45:00+00:00,2020-03-06 15:00:00+00:00,2020-03-06 15:15:00+00:00,2020-03-06 15:30:00+00:00,2,2.768092348675458,0.6319372502589776,0.13442622950822555,2020-03-06 16:10:00+00:00,2020-03-06 16:40:00+00:00,1678.2,1689.297142857143,11.097142857142899,0.4166666666666667,True,33019,33020,5,1678.19,0.8654618473895441,3.2116374871266706,1.0615345005149266,0.4271369721936141,1.0,tp1,2020,2020-03,2020-03-06,0.027033985581874254,0.9729660144181258,<=0.03R,2020-03-06 16:35:00+00:00,4.936428571428548,1680.803546977328,1678.19,0.12449799196789477,below,below,4.190000000000055,11,Friday,london_ny_overlap,-0.5274151017594109,0.8487917812183626,False,True,True,True,True,False,False,False,False,True,True,True,True,False,True,True,True,False,True,True,True,2020-03-06 16:30:00+00:00,1679.27,1681.5229435475353,5.93785714285715,-0.37942030152164674,True,False,3,3,2,True,True,True,False,False,2020-03-06 16:40:00+00:00|supply|1678.2
1867,15min,m15_2c_1atr,supply,1665.83,1663.05,2020-03-11 15:30:00+00:00,2020-03-11 14:45:00+00:00,2020-03-11 15:00:00+00:00,2020-03-11 15:15:00+00:00,2,1.4997758852532523,0.8722545943523063,0.12949640287766312,2020-03-11 15:55:00+00:00,2020-03-11 16:10:00+00:00,1658.34,1666.2949999999998,7.954999999999927,0.4166666666666667,True,33853,33854,2,1658.32,0.9463869463869947,10.72910119421756,0.2539283469516028,10.374607165304932,1.0,tp1,2020,2020-03,2020-03-11,0.037712130735386894,0.9622878692646131,0.03-0.05R,2020-03-11 16:05:00+00:00,2.3314285714285785,1661.4536967989227,1658.32,0.023310023310002308,below,below,3.8099999999999454,12,Wednesday,ny_main,-1.335531715224225,1.63419117647056,False,True,False,True,False,False,False,True,True,True,True,True,True,False,False,False,True,False,True,True,True,2020-03-11 16:00:00+00:00,1657.62,1662.4745290038973,3.451428571428567,-1.4065274431821866,True,False,4,3,2,True,True,True,False,False,2020-03-11 16:10:00+00:00|supply|1658.34
1927,15min,m15_2c_1atr,demand,1487.5,1480.8,2020-03-17 15:30:00+00:00,2020-03-17 14:30:00+00:00,2020-03-17 14:45:00+00:00,2020-03-17 15:15:00+00:00,3,1.5328467153284795,1.122412348929047,0.31194029850744837,2020-03-17 15:45:00+00:00,2020-03-17 15:50:00+00:00,1492.47,1479.760857142857,12.709142857142979,0.25,True,34953,34954,0,1492.45,0.5610389610389495,4.84297019018924,0.4036464187761389,0.7640169057146666,1.0,tp1,2020,2020-03,2020-03-17,0.02360505372959826,0.9763949462704017,<=0.03R,2020-03-17 15:45:00+00:00,5.232142857142857,1489.1620467584173,1492.45,0.6493506493506456,above,above,7.259999999999991,11,Tuesday,london_ny_overlap,0.6322367970260467,1.3875767918088722,True,False,True,True,True,False,True,True,True,True,False,False,False,False,True,False,True,False,True,True,True,2020-03-17 15:45:00+00:00,1493.28,1485.9568299330822,6.925000000000019,1.0574974825874024,True,False,1,1,1,True,True,True,False,False,2020-03-17 15:50:00+00:00|demand|1492.47
1936,15min,m15_2c_1atr,demand,1495.4,1489.78,2020-03-18 12:15:00+00:00,2020-03-18 11:30:00+00:00,2020-03-18 11:45:00+00:00,2020-03-18 12:00:00+00:00,2,1.9412892757043978,0.5803215813541936,0.007117437722453763,2020-03-18 12:55:00+00:00,2020-03-18 13:20:00+00:00,1501.69,1488.7064285714284,12.983571428571622,0.6666666666666666,True,35199,35200,4,1501.77,0.8828282828282932,1.6289816801452037,1.2477306486218698,-2.4438576222698667,1.0,tp1,2020,2020-03,2020-03-18,0.02310612312262715,0.9768938768773728,<=0.03R,2020-03-18 13:15:00+00:00,6.032857142857146,1500.3736706716945,1501.77,0.9797979797979974,missing,above,,9,Wednesday,london_ny_overlap,0.2181933530224649,,True,False,True,True,True,False,False,False,False,True,True,True,True,False,True,False,True,False,True,True,True,2020-03-18 13:15:00+00:00,1506.16,1501.3903790566642,9.870000000000053,0.48324426984152674,True,False,3,3,2,True,True,False,False,False,2020-03-18 13:20:00+00:00|demand|1501.69
1968,15min,m15_2c_1atr,supply,1511.36,1507.71,2020-03-20 13:45:00+00:00,2020-03-20 13:00:00+00:00,2020-03-20 13:15:00+00:00,2020-03-20 13:30:00+00:00,2,1.4526449968132782,0.6513702995538332,0.10136986301373481,2020-03-20 14:10:00+00:00,2020-03-20 14:20:00+00:00,1501.12,1512.1581428571428,11.03814285714293,0.4166666666666667,True,35763,35764,1,1501.13,0.82805429864253,1.9740639600346686,1.3489588051820314,-1.5781640286280003,1.0,tp1,2020,2020-03,2020-03-20,0.027178484993593464,0.9728215150064066,<=0.03R,2020-03-20 14:15:00+00:00,3.8928571428571592,1503.2079526235036,1501.13,0.16968325791855798,below,below,10.340000000000146,10,Friday,london_ny_overlap,-0.536354802367927,2.656146788990852,False,True,True,True,True,False,True,True,True,True,True,True,True,False,False,False,True,False,True,True,True,2020-03-20 14:15:00+00:00,1498.2,1503.977866279372,5.763571428571416,-1.0024802071038128,True,False,1,1,1,True,True,True,False,False,2020-03-20 14:20:00+00:00|supply|1501.12
1969,15min,m15_2c_1atr,supply,1507.72,1499.89,2020-03-20 14:45:00+00:00,2020-03-20 14:00:00+00:00,2020-03-20 14:15:00+00:00,2020-03-20 14:30:00+00:00,2,1.5643361128928903,1.4062860808210293,0.19157088122605542,2020-03-20 16:15:00+00:00,2020-03-20 16:40:00+00:00,1496.4,1508.5872857142858,12.187285714285736,1.5,True,35791,35792,4,1496.49,0.7677053824362768,1.400640011252956,1.6090539320837765,-3.3699054049301855,1.0,tp1,2020,2020-03,2020-03-20,0.0246158174209656,0.9753841825790344,<=0.03R,2020-03-20 16:35:00+00:00,4.31571428571434,1496.6304535776894,1496.49,0.10198300283283364,below,below,10.340000000000146,12,Friday,ny_main,-0.053398710487431375,2.3958953988745484,False,True,True,True,True,False,False,False,False,True,True,True,False,False,True,False,True,False,True,True,True,2020-03-20 16:30:00+00:00,1495.22,1495.4515569885523,6.999285714285731,-0.03308294560395531,True,False,4,4,2,True,True,True,False,False,2020-03-20 16:40:00+00:00|supply|1496.4
2057,15min,m15_2c_1atr,demand,1591.21,1585.38,2020-04-01 19:00:00+00:00,2020-04-01 18:15:00+00:00,2020-04-01 18:30:00+00:00,2020-04-01 18:45:00+00:00,2,1.0481657100074886,1.0184676815572637,0.12006861063465767,2020-04-01 19:00:00+00:00,2020-04-01 19:05:00+00:00,1591.28,1584.7547142857145,6.525285714285474,0.0,True,38003,38004,0,1591.41,0.557603686635838,0.449022483963509,2.0520174267137197,3.274952383037554,-1.0,stop,2020,2020-04,2020-04-01,0.045974998358037464,-1.0459749983580375,0.03-0.05R,2020-04-01 19:00:00+00:00,3.182857142857139,1589.7120566627718,1591.41,0.29032258064520183,below,below,2.9899999999997817,15,Wednesday,ny_main,0.49262133575390576,0.9394075403949057,True,False,False,True,False,False,True,True,True,True,False,False,False,False,False,False,True,False,True,True,True,2020-04-01 19:00:00+00:00,1593.34,1588.5338744978023,5.643571428571412,0.851610644611647,True,False,6,3,2,True,True,False,True,False,2020-04-01 19:05:00+00:00|demand|1591.28
2098,15min,m15_2c_1atr,demand,1650.96,1642.28,2020-04-07 17:30:00+00:00,2020-04-07 16:30:00+00:00,2020-04-07 16:45:00+00:00,2020-04-07 17:15:00+00:00,3,1.420920502092058,1.4527196652719836,0.2546082949308779,2020-04-07 17:35:00+00:00,2020-04-07 18:20:00+00:00,1654.06,1641.6014285714286,12.458571428571304,0.08333333333333333,True,39092,39093,8,1653.91,0.8446115288220828,0.31223483545466085,1.0932232542139684,-0.22715284944386754,-1.0,stop,2020,2020-04,2020-04-07,0.024079807361541347,-1.0240798073615414,<=0.03R,2020-04-07 18:15:00+00:00,3.3992857142857082,1651.6905988060205,1653.91,0.934837092731832,inside,above,5.970000000000027,14,Tuesday,ny_main,0.6970291388046322,1.7562513133011248,True,False,True,True,True,False,False,False,False,True,True,True,False,False,False,False,True,False,True,True,True,2020-04-07 18:15:00+00:00,1656.85,1652.730548623289,6.359285714285696,0.6477852327749404,True,False,4,3,2,True,True,False,False,True,2020-04-07 18:20:00+00:00|demand|1654.06
2191,15min,m15_2c_1atr,demand,1675.63,1673.7,2020-04-20 12:00:00+00:00,2020-04-20 10:45:00+00:00,2020-04-20 11:00:00+00:00,2020-04-20 11:45:00+00:00,4,1.1521012836292872,0.4751186917531358,0.23316062176155608,2020-04-20 13:20:00+00:00,2020-04-20 13:35:00+00:00,1679.61,1673.1808571428571,6.429142857142779,1.3333333333333333,True,41241,41242,2,1679.8,0.6378378378378252,3.5541285219092282,1.4760910141320966,-2.1838058839214503,1.0,tp1,2020,2020-04,2020-04-20,0.0466625188872106,0.9533374811127894,0.03-0.05R,2020-04-20 13:30:00+00:00,2.509285714285706,1678.9175554228689,1679.8,0.9243243243242758,inside,inside,6.3599999999999,9,Monday,london_ny_overlap,0.27595286307527517,2.5345858240819497,True,False,False,True,False,False,False,True,True,True,True,False,True,False,False,False,True,False,True,True,True,2020-04-20 13:30:00+00:00,1681.81,1679.8591623052237,3.6907142857142747,0.5285799831017619,True,False,6,4,2,True,True,False,False,True,2020-04-20 13:35:00+00:00|demand|1679.61
2220,15min,m15_2c_1atr,demand,1707.33,1701.1,2020-04-22 16:45:00+00:00,2020-04-22 16:00:00+00:00,2020-04-22 16:15:00+00:00,2020-04-22 16:30:00+00:00,2,1.075975359342913,1.2792607802874727,0.3242375601926125,2020-04-22 16:45:00+00:00,2020-04-22 17:00:00+00:00,1708.51,1700.3674285714285,8.1425714285715,0.0,True,41834,41835,2,1708.54,0.7059999999999945,3.588546966560202,0.5035264395241782,3.2274816660233374,1.0,tp1,2020,2020-04,2020-04-22,0.03684339801396508,0.9631566019860349,0.03-0.05R,2020-04-22 16:55:00+00:00,3.8707142857142895,1706.5758622264373,1708.54,0.82199999999998,above,above,3.9699999999998,13,Wednesday,ny_main,0.4996849756390131,1.0256504890200617,True,False,False,True,False,False,False,True,True,True,True,True,False,False,False,False,True,False,True,True,True,2020-04-22 16:45:00+00:00,1708.54,1705.0047063507002,5.141428571428589,0.687609212144994,True,True,1,1,1,True,True,True,False,False,2020-04-22 17:00:00+00:00|demand|1708.51
2266,15min,m15_2c_1atr,demand,1703.66,1698.57,2020-04-28 18:45:00+00:00,2020-04-28 17:45:00+00:00,2020-04-28 18:00:00+00:00,2020-04-28 18:30:00+00:00,3,1.2577502214348752,0.9016829052258845,0.3163064833005607,2020-04-28 18:55:00+00:00,2020-04-28 19:05:00+00:00,1705.74,1698.0259999999998,7.714000000000169,0.16666666666666666,True,42962,42963,1,1705.76,0.5638297872339808,0.9579984443868211,1.022815659839244,-0.7479906663209561,-1.0,stop,2020,2020-04,2020-04-28,0.038890329271453646,-1.0388903292714537,0.03-0.05R,2020-04-28 19:00:00+00:00,2.867857142857198,1704.6267117654081,1705.76,0.9361702127659386,below,below,4.960000000000036,15,Tuesday,ny_main,0.3881951502935537,1.7295143212951227,True,False,False,True,False,False,True,True,True,True,False,False,True,False,False,False,True,False,True,True,True,2020-04-28 19:00:00+00:00,1707.51,1704.4921602566403,5.527857142857199,0.5459330198608993,True,False,3,3,2,True,True,False,True,False,2020-04-28 19:05:00+00:00|demand|1705.74
2306,15min,m15_2c_1atr,demand,1681.65,1677.34,2020-05-01 17:00:00+00:00,2020-05-01 16:15:00+00:00,2020-05-01 16:30:00+00:00,2020-05-01 16:45:00+00:00,2,1.5714506889611193,0.934200340610027,0.10440835266821982,2020-05-01 17:05:00+00:00,2020-05-01 17:30:00+00:00,1682.85,1676.6788571428572,6.1711428571427405,0.08333333333333333,True,43771,43772,4,1682.83,0.65270935960585,4.965044677994461,0.34191397749894853,3.694615491458037,1.0,tp1,2020,2020-05,2020-05-01,0.048613361729710626,0.9513866382702894,0.03-0.05R,2020-05-01 17:25:00+00:00,3.254285714285743,1681.652428601486,1682.83,0.6773399014778037,above,above,5.279999999999973,13,Friday,ny_main,0.36799823483745536,1.6224758560140247,True,False,False,True,False,False,False,False,False,True,True,False,True,False,True,False,True,False,True,True,True,2020-05-01 17:15:00+00:00,1682.83,1681.3609650775818,5.140714285714337,0.2857647480040801,True,True,1,1,1,True,True,True,False,False,2020-05-01 17:30:00+00:00|demand|1682.85
2458,15min,m15_2c_1atr,demand,1737.9,1734.0,2020-05-19 16:45:00+00:00,2020-05-19 16:00:00+00:00,2020-05-19 16:15:00+00:00,2020-05-19 16:30:00+00:00,2,1.5870577281192093,1.2709497206704128,0.10256410256412349,2020-05-19 16:55:00+00:00,2020-05-19 17:20:00+00:00,1739.46,1733.4561428571428,6.003857142857214,0.16666666666666666,True,47080,47081,4,1739.48,0.8489208633094066,2.3235063173673867,0.32479120565351216,1.6556023508696684,1.0,tp1,2020,2020-05,2020-05-19,0.04996787779284686,0.9500321222071532,0.03-0.05R,2020-05-19 17:15:00+00:00,2.574285714285728,1738.0317196204358,1739.48,0.9208633093525074,above,above,2.1100000000001273,13,Tuesday,ny_main,0.5548258966120944,0.8196448390677477,True,False,False,True,False,False,False,False,False,True,True,True,False,False,True,False,True,False,True,True,True,2020-05-19 17:15:00+00:00,1743.66,1738.4603124370535,3.9192857142857065,1.3266926532030627,True,False,8,3,2,True,True,True,False,False,2020-05-19 17:20:00+00:00|demand|1739.46
2472,15min,m15_2c_1atr,supply,1751.58,1747.83,2020-05-20 17:45:00+00:00,2020-05-20 17:00:00+00:00,2020-05-20 17:15:00+00:00,2020-05-20 17:30:00+00:00,2,1.1473741595493303,0.954025077230598,0.0693333333333309,2020-05-20 18:00:00+00:00,2020-05-20 18:10:00+00:00,1746.0,1752.059857142857,6.059857142857027,0.25,True,47366,47367,1,1746.03,0.7539682539682955,0.282184869987517,1.298710483509755,3.6568518824112672,-1.0,stop,2020,2020-05,2020-05-20,0.049506117541668594,-1.0495061175416687,0.03-0.05R,2020-05-20 18:05:00+00:00,2.4021428571428975,1746.7889700600674,1746.03,0.04761904761900465,below,below,3.5499999999999545,14,Wednesday,ny_main,-0.32844427121449893,1.4778471602735215,False,True,False,True,False,False,True,True,True,True,True,True,True,False,False,False,True,False,True,True,True,2020-05-20 18:00:00+00:00,1745.93,1747.4638425650337,4.165714285714297,-0.36820637706568704,True,False,9,3,2,True,True,True,False,False,2020-05-20 18:10:00+00:00|supply|1746.0
2677,15min,m15_2c_1atr,demand,1737.18,1732.78,2020-06-12 15:45:00+00:00,2020-06-12 15:00:00+00:00,2020-06-12 15:15:00+00:00,2020-06-12 15:30:00+00:00,2,1.27976817702846,1.6227608008430245,0.17499999999999225,2020-06-12 16:00:00+00:00,2020-06-12 16:10:00+00:00,1738.89,1732.355857142857,6.534142857143024,0.25,True,51986,51987,1,1738.93,0.9349593495935501,0.633594962723242,1.0514003366929665,-3.899516823717081,-1.0,stop,2020,2020-06,2020-06-12,0.04591267845820735,-1.0459126784582073,0.03-0.05R,2020-06-12 16:05:00+00:00,2.1828571428571553,1738.1043066013935,1738.93,0.9349593495935501,above,above,5.769999999999982,12,Friday,ny_main,0.35993807527786964,2.6433246073298196,True,False,False,True,False,False,True,True,True,True,True,True,False,False,False,False,True,False,True,True,True,2020-06-12 16:00:00+00:00,1737.88,1737.217707672636,2.7471428571428596,0.24108405052258386,True,False,5,2,2,True,True,True,False,False,2020-06-12 16:10:00+00:00|demand|1738.89
2774,15min,m15_2c_1atr,demand,1773.46,1770.53,2020-06-24 12:00:00+00:00,2020-06-24 11:15:00+00:00,2020-06-24 11:30:00+00:00,2020-06-24 11:45:00+00:00,2,1.6949248653245994,1.16302806918061,0.122866894197993,2020-06-24 14:20:00+00:00,2020-06-24 14:50:00+00:00,1776.53,1770.2102857142856,6.319714285714326,2.3333333333333335,True,54178,54179,5,1776.53,0.5978647686832599,0.35286405352864114,1.2801211628011904,-2.151996021519932,-1.0,stop,2020,2020-06,2020-06-24,0.0474705004747047,-1.0474705004747047,0.03-0.05R,2020-06-24 14:45:00+00:00,1.573571428571459,1775.4974958606308,1776.53,0.8612099644127843,inside,below,3.1800000000000637,10,Wednesday,london_ny_overlap,0.6561533341428982,2.0208806173399925,True,False,False,True,False,False,False,False,False,True,False,False,False,False,True,False,True,False,True,True,True,2020-06-24 14:45:00+00:00,1777.92,1776.1913924564615,2.4064285714285916,0.7183290474781897,True,False,4,4,2,True,True,False,False,True,2020-06-24 14:50:00+00:00|demand|1776.53
3049,15min,m15_2c_1atr,demand,1895.21,1891.97,2020-07-24 16:00:00+00:00,2020-07-24 15:15:00+00:00,2020-07-24 15:30:00+00:00,2020-07-24 15:45:00+00:00,2,1.1789473684210474,1.015901455767078,0.2901234567901395,2020-07-24 16:00:00+00:00,2020-07-24 16:05:00+00:00,1900.77,1891.450142857143,9.319857142857018,0.0,True,60216,60217,0,1900.79,0.5651558073654448,4.765094498689507,0.3658854366253452,4.030104691978773,1.0,tp1,2020,2020-07,2020-07-24,0.03218933460046947,0.9678106653995305,0.03-0.05R,2020-07-24 16:00:00+00:00,2.3528571428571468,1896.6133273692824,1900.79,0.8271954674220912,above,above,5.25,12,Friday,ny_main,1.766648962660784,2.23132969034608,True,False,False,True,False,False,True,True,True,True,False,False,False,False,False,False,True,False,True,True,True,2020-07-24 16:00:00+00:00,1902.46,1895.9455308738554,3.6942857142857,1.7633907147336583,True,False,1,1,1,True,True,True,False,False,2020-07-24 16:05:00+00:00|demand|1900.77
3135,15min,m15_2c_1atr,demand,1971.82,1967.59,2020-08-04 15:30:00+00:00,2020-08-04 14:30:00+00:00,2020-08-04 14:45:00+00:00,2020-08-04 15:15:00+00:00,3,1.5054161162483108,1.5645970937912732,0.13711583924348103,2020-08-04 15:50:00+00:00,2020-08-04 16:05:00+00:00,1974.93,1967.1905714285713,7.739428571428789,0.3333333333333333,True,62148,62149,2,1974.92,0.8159509202454261,9.454186355581522,0.4586901949202411,9.407671293561453,1.0,tp1,2020,2020-08,2020-08-04,0.038762551683401154,0.9612374483165989,0.03-0.05R,2020-08-04 16:00:00+00:00,1.9371428571428655,1973.8766217592465,1974.92,1.0,inside,inside,1.6400000000001,12,Tuesday,ny_main,0.5437793278226244,0.8466076696165672,True,False,False,True,False,False,False,True,True,True,True,True,False,False,True,False,True,False,True,True,True,2020-08-04 16:00:00+00:00,1975.89,1973.9769078909374,2.9550000000000085,0.6474084971447512,True,False,9,3,2,True,True,False,False,True,2020-08-04 16:05:00+00:00|demand|1974.93
3163,15min,m15_2c_1atr,demand,2051.91,2048.3,2020-08-06 14:45:00+00:00,2020-08-06 14:00:00+00:00,2020-08-06 14:15:00+00:00,2020-08-06 14:30:00+00:00,2,1.7270408163265225,0.9209183673468534,0.0941828254848134,2020-08-06 18:10:00+00:00,2020-08-06 18:50:00+00:00,2056.17,2047.6622857142859,8.5077142857142,3.4166666666666665,True,62733,62734,7,2056.17,0.8333333333333334,2.2414951136783303,1.6996339456627811,-3.4098465258421258,1.0,tp1,2020,2020-08,2020-08-06,0.035262115055244334,0.9647378849447557,0.03-0.05R,2020-08-06 18:45:00+00:00,3.5735714285713778,2054.5528311697162,2056.17,0.8409090909090831,above,above,3.980000000000018,14,Thursday,ny_main,0.4525357510288656,1.113731760943455,True,False,False,True,False,False,False,False,False,True,True,True,True,False,True,False,True,False,True,True,True,2020-08-06 18:45:00+00:00,2057.91,2056.587872940186,6.622857142857096,0.19963091929888335,True,False,5,4,2,True,True,True,False,False,2020-08-06 18:50:00+00:00|demand|2056.17
3228,15min,m15_2c_1atr,demand,1937.63,1929.45,2020-08-12 16:30:00+00:00,2020-08-12 15:30:00+00:00,2020-08-12 15:45:00+00:00,2020-08-12 16:15:00+00:00,3,1.2807174887892383,1.0270852017937258,0.14792176039120133,2020-08-12 16:35:00+00:00,2020-08-12 16:45:00+00:00,1940.36,1928.3891428571428,11.970857142857085,0.08333333333333333,True,63812,63813,1,1940.32,0.5075630252100771,0.07100577593203714,1.068428087259537,0.2815170175187472,-1.0,stop,2020,2020-08,2020-08-12,0.02506086209365614,-1.025060862093656,<=0.03R,2020-08-12 16:40:00+00:00,5.017857142857126,1939.2755362835128,1940.32,0.5815126050420185,above,above,6.330000000000155,12,Wednesday,ny_main,0.21612088300099008,1.261494661921743,True,False,True,True,True,False,True,True,True,True,False,False,False,False,False,False,True,False,True,True,True,2020-08-12 16:30:00+00:00,1940.32,1937.9616088627147,8.20857142857145,0.2873083529585229,True,True,1,1,1,True,True,True,False,False,2020-08-12 16:45:00+00:00|demand|1940.36
3257,15min,m15_2c_1atr,supply,1956.35,1948.34,2020-08-14 17:15:00+00:00,2020-08-14 16:15:00+00:00,2020-08-14 16:30:00+00:00,2020-08-14 17:00:00+00:00,3,1.4983645165511028,1.467224911683891,0.29088639201000716,2020-08-14 17:50:00+00:00,2020-08-14 18:20:00+00:00,1945.23,1956.9511428571427,11.721142857142695,0.5833333333333334,True,64383,64384,5,1945.23,0.7521613832852678,1.3514040561622582,1.0041682917316817,-3.5653519890796095,1.0,tp1,2020,2020-08,2020-08-14,0.025594773790951993,0.974405226209048,<=0.03R,2020-08-14 18:15:00+00:00,3.081428571428595,1946.8360623639956,1945.23,0.21613832853025766,inside,inside,6.220000000000027,14,Friday,ny_main,-0.5212070722284956,2.0185442744552553,False,True,True,True,True,False,False,False,False,True,True,True,False,False,False,False,True,False,True,True,True,2020-08-14 18:15:00+00:00,1945.52,1946.9389453720823,5.706428571428595,-0.2486573439623606,True,False,5,2,2,True,True,False,False,True,2020-08-14 18:20:00+00:00|supply|1945.23
3280,15min,m15_2c_1atr,supply,2014.33,2009.09,2020-08-18 16:15:00+00:00,2020-08-18 15:30:00+00:00,2020-08-18 15:45:00+00:00,2020-08-18 16:00:00+00:00,2,1.1675257731958657,1.350515463917524,0.3473282442747964,2020-08-18 16:15:00+00:00,2020-08-18 17:00:00+00:00,2005.05,2014.9804285714285,9.930428571428592,0.0,True,64919,64920,8,2005.06,0.86201022146505,4.42679786514752,0.5105519830822937,3.8366924172456778,1.0,tp1,2020,2020-08,2020-08-18,0.030210176513745565,0.9697898234862544,0.03-0.05R,2020-08-18 16:55:00+00:00,3.089999999999967,2010.6901220617572,2005.06,0.12095400340715878,inside,inside,4.25,13,Tuesday,ny_main,-1.825282220633421,1.3754045307443512,False,True,False,True,False,False,False,False,False,True,True,True,False,False,False,False,True,False,True,True,True,2020-08-18 16:45:00+00:00,2005.06,2009.970125712601,4.744285714285736,-1.0349557358689265,True,True,1,1,1,True,True,False,False,True,2020-08-18 17:00:00+00:00|supply|2005.05
3381,15min,m15_2c_1atr,demand,1949.35,1945.87,2020-08-28 11:45:00+00:00,2020-08-28 11:00:00+00:00,2020-08-28 11:15:00+00:00,2020-08-28 11:30:00+00:00,2,1.2876754118365294,0.7431360585723047,0.16091954022986854,2020-08-28 13:10:00+00:00,2020-08-28 13:40:00+00:00,1956.33,1945.2694285714285,11.060571428571393,1.4166666666666667,True,67087,67088,5,1956.32,0.5670926517571615,1.8362523248605298,0.4999741682165728,1.1138665013432711,1.0,tp1,2020,2020-08,2020-08-28,0.02712337259764423,0.9728766274023558,<=0.03R,2020-08-28 13:35:00+00:00,3.1321428571428993,1953.7469312368205,1956.32,0.5910543130990282,inside,inside,8.61999999999989,9,Friday,london_ny_overlap,0.8246969825430213,2.752109464082026,True,False,True,True,True,False,False,False,False,True,False,False,True,False,False,False,True,False,True,True,True,2020-08-28 13:30:00+00:00,1956.15,1954.2711525580776,5.156428571428576,0.364369915319507,True,False,4,4,2,True,True,False,False,True,2020-08-28 13:40:00+00:00|demand|1956.33
3383,15min,m15_2c_1atr,demand,1952.81,1950.43,2020-08-28 14:00:00+00:00,2020-08-28 13:15:00+00:00,2020-08-28 13:30:00+00:00,2020-08-28 13:45:00+00:00,2,1.21542141550581,0.46883354439282926,0.15966386554627227,2020-08-28 15:35:00+00:00,2020-08-28 16:20:00+00:00,1957.59,1949.5897142857143,8.00028571428561,1.5833333333333333,True,67119,67120,8,1957.61,0.6465324384787476,2.381164958394397,0.6162279918574213,1.6861897789364897,1.0,tp1,2020,2020-08,2020-08-28,0.03749866076211612,0.9625013392378838,0.03-0.05R,2020-08-28 16:15:00+00:00,4.192142857142828,1955.6191420261055,1957.61,0.7785234899328739,above,above,8.61999999999989,12,Friday,ny_main,0.47013139605593013,2.0562276367353776,True,False,False,True,False,False,False,False,False,True,True,False,True,False,False,False,True,False,True,True,True,2020-08-28 16:15:00+00:00,1958.95,1957.4338296162139,5.374999999999951,0.2820782109369654,True,False,3,3,2,True,True,True,False,False,2020-08-28 16:20:00+00:00|demand|1957.59
3390,15min,m15_2c_1atr,demand,1960.69,1957.42,2020-08-31 12:30:00+00:00,2020-08-31 11:15:00+00:00,2020-08-31 11:30:00+00:00,2020-08-31 12:15:00+00:00,4,2.0224801916344,0.8435599778883317,0.1804281345565509,2020-08-31 15:25:00+00:00,2020-08-31 15:45:00+00:00,1964.95,1956.9722857142858,7.977714285714228,2.9166666666666665,True,67388,67389,3,1964.95,0.5958549222798202,3.4420886755963336,0.3622591504906677,2.188596805386454,1.0,tp1,2020,2020-08,2020-08-31,0.037604756106296384,0.9623952438937036,0.03-0.05R,2020-08-31 15:40:00+00:00,2.208571428571385,1964.1468513967977,1964.95,0.8290155440414941,inside,inside,3.3099999999999454,11,Monday,london_ny_overlap,0.3636507259001506,1.4987063389392028,True,False,False,True,False,False,False,False,True,True,False,False,True,False,True,True,True,False,True,True,True,2020-08-31 15:30:00+00:00,1964.95,1964.8283972076308,3.1807142857142674,0.038231284373888216,True,True,2,2,2,True,True,False,False,True,2020-08-31 15:45:00+00:00|demand|1964.95
3433,15min,m15_2c_1atr,demand,1931.51,1927.3,2020-09-03 15:00:00+00:00,2020-09-03 14:15:00+00:00,2020-09-03 14:30:00+00:00,2020-09-03 14:45:00+00:00,2,2.228906823184144,1.441428222059192,0.23990498812351121,2020-09-03 15:15:00+00:00,2020-09-03 15:25:00+00:00,1934.7,1926.7949999999998,7.9050000000002,0.25,True,68212,68213,1,1934.62,0.8140043763675824,1.4180898165717588,1.6356736242883918,-1.0385831752055443,1.0,tp1,2020,2020-09,2020-09-03,0.03795066413662143,0.9620493358633786,0.03-0.05R,2020-09-03 15:20:00+00:00,2.5650000000000057,1932.975670602736,1934.62,0.9234135667395752,above,above,3.0799999999999272,11,Thursday,london_ny_overlap,0.6722531763212463,1.2007797270954854,True,False,False,True,False,False,True,True,True,True,True,True,False,False,True,True,True,False,True,True,True,2020-09-03 15:15:00+00:00,1933.73,1932.4608019011876,3.2371428571428527,0.39207355214860024,True,False,3,3,2,True,True,True,False,False,2020-09-03 15:25:00+00:00|demand|1934.7
3727,15min,m15_2c_1atr,supply,1909.79,1904.85,2020-10-02 19:00:00+00:00,2020-10-02 18:15:00+00:00,2020-10-02 18:30:00+00:00,2020-10-02 18:45:00+00:00,2,1.3522727272727533,0.9356060606060758,0.032388663967627546,2020-10-02 19:20:00+00:00,2020-10-02 19:30:00+00:00,1902.21,1910.2252857142857,8.01528571428571,0.3333333333333333,True,74008,74009,1,1902.23,0.552083333333284,1.8963765662038672,1.038016646764211,-1.5133584044771458,1.0,tp1,2020,2020-10,2020-10-02,0.03742848485928674,0.9625715151407133,0.03-0.05R,2020-10-02 19:25:00+00:00,2.2928571428571365,1902.732717504619,1902.23,0.2447916666666716,below,below,3.480000000000018,15,Friday,ny_main,-0.22797648176523888,1.5177570093458066,False,True,False,True,False,False,True,True,True,True,False,False,True,False,False,False,True,False,True,True,True,2020-10-02 19:15:00+00:00,1902.23,1903.5650930037054,5.2099999999999715,-0.2562558548378947,True,True,10,3,2,True,True,True,False,False,2020-10-02 19:30:00+00:00|supply|1902.21
3944,15min,m15_2c_1atr,demand,1901.17,1898.57,2020-10-26 12:00:00+00:00,2020-10-26 11:15:00+00:00,2020-10-26 11:30:00+00:00,2020-10-26 11:45:00+00:00,2,1.2535384615383987,1.1200000000000587,0.146153846153793,2020-10-26 14:10:00+00:00,2020-10-26 14:30:00+00:00,1905.16,1898.2674285714286,6.8925714285715,2.1666666666666665,True,78376,78377,3,1905.17,0.7356687898089488,0.7602387663737291,1.0678162825402162,-0.15233792074285352,-1.0,stop,2020,2020-10,2020-10-26,0.04352512021223632,-1.0435251202122364,0.03-0.05R,2020-10-26 14:25:00+00:00,1.5521428571428746,1903.5325175490884,1905.17,0.8917197452229595,inside,inside,2.75,10,Monday,london_ny_overlap,1.0485390848027125,1.771744132535645,True,False,False,True,False,False,False,False,True,True,True,True,False,False,False,False,True,False,True,True,True,2020-10-26 14:15:00+00:00,1905.17,1903.463399162101,2.334285714285735,0.7311019501403376,True,True,10,4,2,True,True,False,False,True,2020-10-26 14:30:00+00:00|demand|1905.16
4000,15min,m15_2c_1atr,demand,1880.52,1877.94,2020-10-30 14:45:00+00:00,2020-10-30 14:00:00+00:00,2020-10-30 14:15:00+00:00,2020-10-30 14:30:00+00:00,2,1.3436640839789922,0.9027743064233792,0.2868217054263682,2020-10-30 16:30:00+00:00,2020-10-30 17:05:00+00:00,1884.25,1877.4205714285715,6.82942857142848,1.75,True,79496,79497,6,1884.26,0.8430335097001945,0.0014642513492017168,1.2021503576957082,1.2607204116638102,-1.0,stop,2020,2020-10,2020-10-30,0.04392754047609146,-1.0439275404760915,0.03-0.05R,2020-10-30 17:00:00+00:00,2.501428571428554,1881.3397528625658,1884.26,0.8536155202821958,above,above,3.3900000000001,13,Friday,ny_main,1.1634340355248272,1.3552255853798325,True,False,False,True,False,False,False,False,False,True,True,True,True,False,False,False,True,False,True,True,True,2020-10-30 17:00:00+00:00,1883.13,1882.1740243676072,4.2592857142856575,0.22444505875399415,True,False,2,2,2,True,True,True,False,False,2020-10-30 17:05:00+00:00|demand|1884.25
4024,15min,m15_2c_1atr,demand,1901.11,1899.96,2020-11-03 15:30:00+00:00,2020-11-03 14:45:00+00:00,2020-11-03 15:00:00+00:00,2020-11-03 15:15:00+00:00,2,2.5962974991880676,0.5228970444949045,0.3391304347827359,2020-11-03 16:55:00+00:00,2020-11-03 17:05:00+00:00,1906.75,1899.4894285714286,7.2605714285714384,1.4166666666666667,True,80036,80037,1,1906.76,0.9261447562776955,1.3318510939713604,3.452896269478973,-1.0811821186840722,1.0,tp1,2020,2020-11,2020-11-03,0.04131906186053827,0.9586809381394618,0.03-0.05R,2020-11-03 17:00:00+00:00,2.3242857142856956,1904.1418972184788,1906.76,0.9261447562776955,above,above,3.089999999999918,12,Tuesday,ny_main,1.1221093712752688,1.3294406883835035,True,False,False,True,False,False,True,True,True,True,True,True,True,False,True,True,True,False,True,True,True,2020-11-03 17:00:00+00:00,1905.88,1904.1682781708312,3.218571428571376,0.5318265780817911,True,False,1,1,1,True,True,True,False,False,2020-11-03 17:05:00+00:00|demand|1906.75
4062,15min,m15_2c_1atr,demand,1951.67,1948.03,2020-11-06 15:30:00+00:00,2020-11-06 14:45:00+00:00,2020-11-06 15:00:00+00:00,2020-11-06 15:15:00+00:00,2,1.4593939393938984,1.0294949494949779,0.12637362637357044,2020-11-06 15:30:00+00:00,2020-11-06 15:40:00+00:00,1958.21,1947.4584285714286,10.751571428571424,0.0,True,80847,80848,1,1958.16,0.767912772585671,0.1990406717954733,1.2574905993808203,-8.067657883897375,-1.0,stop,2020,2020-11,2020-11-06,0.027902897915254923,-1.027902897915255,<=0.03R,2020-11-06 15:35:00+00:00,2.7628571428571314,1954.622018575946,1958.16,0.7943925233644983,above,above,6.220000000000027,10,Friday,london_ny_overlap,1.2986489125325054,2.2512926577042593,True,False,True,True,True,False,True,True,True,True,True,True,False,False,False,False,True,False,True,True,True,2020-11-06 15:30:00+00:00,1958.43,1954.1809947045515,4.062142857142866,1.0460009519303648,True,False,5,4,2,True,True,True,False,False,2020-11-06 15:40:00+00:00|demand|1958.21
4182,15min,m15_2c_1atr,supply,1865.0,1861.63,2020-11-19 15:30:00+00:00,2020-11-19 14:45:00+00:00,2020-11-19 15:00:00+00:00,2020-11-19 15:15:00+00:00,2,1.2271203918535223,1.216292858984236,0.2818991097923075,2020-11-19 15:55:00+00:00,2020-11-19 16:15:00+00:00,1857.7,1865.5287142857144,7.828714285714341,0.4166666666666667,True,83338,83339,3,1857.72,0.9720670391061084,0.24397365011588254,1.1726063393003776,-2.62239740150725,-1.0,stop,2020,2020-11,2020-11-19,0.03832046860458724,-1.0383204686045873,0.03-0.05R,2020-11-19 16:10:00+00:00,2.61285714285717,1859.2402812477878,1857.72,0.027932960893891648,below,below,3.5299999999999727,11,Thursday,london_ny_overlap,-0.5895007509302574,1.3510114816839558,False,True,False,True,False,False,False,False,True,True,True,True,False,False,False,False,True,False,True,True,True,2020-11-19 16:00:00+00:00,1857.72,1859.539840291036,3.495714285714306,-0.520591828248931,True,True,6,3,2,True,True,True,False,False,2020-11-19 16:15:00+00:00|supply|1857.7
4225,15min,m15_2c_1atr,supply,1811.69,1809.39,2020-11-24 15:30:00+00:00,2020-11-24 14:45:00+00:00,2020-11-24 15:00:00+00:00,2020-11-24 15:15:00+00:00,2,1.224742941080493,0.5255426799412335,0.3043478260869823,2020-11-24 15:45:00+00:00,2020-11-24 16:00:00+00:00,1805.83,1812.2605714285714,6.430571428571511,0.25,True,84163,84164,2,1805.82,0.7479838709677438,0.872395254809588,1.2798240547385122,-0.9921357799795661,-1.0,stop,2020,2020-11,2020-11-24,0.046652152663615165,-1.0466521526636152,0.03-0.05R,2020-11-24 15:55:00+00:00,2.7857142857142856,1807.8378303874956,1805.82,0.09475806451613383,below,below,5.740000000000009,11,Tuesday,london_ny_overlap,-0.7207596262805032,2.060512820512824,False,True,False,True,False,False,False,True,True,True,True,True,True,False,False,False,True,False,True,True,True,2020-11-24 15:45:00+00:00,1805.82,1808.5541177774296,4.309285714285709,-0.6344712230070526,True,True,2,2,2,True,True,True,False,False,2020-11-24 16:00:00+00:00|supply|1805.83
4311,15min,m15_2c_1atr,supply,1843.94,1841.78,2020-12-03 15:15:00+00:00,2020-12-03 14:30:00+00:00,2020-12-03 14:45:00+00:00,2020-12-03 15:00:00+00:00,2,1.8758815232722361,0.8530324400564597,0.06481481481485868,2020-12-03 16:15:00+00:00,2020-12-03 16:35:00+00:00,1837.21,1844.5128571428572,7.302857142857192,1.0,True,86016,86017,3,1837.21,0.7369668246445213,1.8431142410015575,1.0393192488262728,0.30535993740219136,1.0,tp1,2020,2020-12,2020-12-03,0.04107981220657249,0.9589201877934275,0.03-0.05R,2020-12-03 16:30:00+00:00,2.7399999999999767,1839.3608784274184,1837.21,0.06635071090046704,below,below,2.1499999999998636,11,Thursday,london_ny_overlap,-0.784992126795014,0.7846715328466722,False,True,False,True,False,False,False,False,True,True,True,True,True,False,True,False,True,False,True,True,True,2020-12-03 16:30:00+00:00,1835.71,1838.7222866892773,3.6899999999999897,-0.8163378561727094,True,False,2,2,2,True,True,True,False,False,2020-12-03 16:35:00+00:00|supply|1837.21
4404,15min,m15_2c_1atr,demand,1836.27,1831.72,2020-12-11 15:45:00+00:00,2020-12-11 15:00:00+00:00,2020-12-11 15:15:00+00:00,2020-12-11 15:30:00+00:00,2,1.1138545953360675,1.2482853223593902,0.20000000000002,2020-12-11 16:25:00+00:00,2020-12-11 16:35:00+00:00,1838.56,1831.219857142857,7.340142857142837,0.6666666666666666,True,87672,87673,1,1838.55,0.7096774193547764,1.2424826297658862,1.2016114906288262,-1.4849847219789272,1.0,tp1,2020,2020-12,2020-12-11,0.0408711391370352,0.9591288608629648,0.03-0.05R,2020-12-11 16:30:00+00:00,2.4407142857142907,1838.3934469095088,1838.55,0.9384164222873809,above,above,3.839999999999918,11,Friday,london_ny_overlap,0.06823948688544007,1.573309920983282,True,False,False,True,False,False,True,True,True,True,True,True,False,False,False,False,True,False,True,True,True,2020-12-11 16:30:00+00:00,1836.67,1836.652705003518,4.076428571428567,0.004242683559672258,True,False,14,4,2,True,True,True,False,False,2020-12-11 16:35:00+00:00|demand|1838.56
4514,15min,m15_2c_1atr,demand,1870.66,1867.15,2020-12-23 17:00:00+00:00,2020-12-23 16:15:00+00:00,2020-12-23 16:30:00+00:00,2020-12-23 16:45:00+00:00,2,2.4566988819404845,0.9312109152927739,0.2905982905982862,2020-12-23 17:20:00+00:00,2020-12-23 17:35:00+00:00,1874.62,1866.603285714286,8.016714285713988,0.3333333333333333,True,89892,89893,2,1874.62,0.5049833887043145,0.7359623643459589,0.6349234634781038,0.4752570522302012,0.4752570522302012,time,2020,2020-12,2020-12-23,0.03742181513623462,0.4378352370939666,0.03-0.05R,2020-12-23 17:30:00+00:00,2.8457142857143123,1873.4706541643466,1874.62,0.7142857142856711,above,above,7.940000000000055,12,Wednesday,ny_main,0.4038865888339946,2.790160642570274,True,False,False,True,False,False,False,True,True,True,False,False,True,False,True,True,True,False,True,True,True,2020-12-23 17:30:00+00:00,1875.79,1872.3036611957505,3.7821428571428766,0.9217892966854152,True,False,5,4,2,True,True,True,False,False,2020-12-23 17:35:00+00:00|demand|1874.62
4717,15min,m15_2c_1atr,supply,1840.78,1838.04,2021-01-18 10:00:00+00:00,2021-01-18 08:45:00+00:00,2021-01-18 09:00:00+00:00,2021-01-18 09:45:00+00:00,4,1.144969003338128,0.9146399618502691,0.054744525547395284,2021-01-18 13:15:00+00:00,2021-01-18 13:25:00+00:00,1833.96,1841.0702857142858,7.110285714285737,3.25,True,94218,94219,1,1833.94,0.7798507462686076,0.611789761311598,1.0927830908944727,-1.068874065739757,-1.0,stop,2021,2021-01,2021-01-18,0.04219239733183302,-1.042192397331833,0.03-0.05R,2021-01-18 13:20:00+00:00,1.395714285714283,1834.5020907684645,1833.94,0.059701492537342554,missing,missing,,8,Monday,london_ny_overlap,-0.3883966611311708,,False,True,False,True,False,False,True,True,True,True,True,True,True,False,False,False,True,False,True,True,True,2021-01-18 13:15:00+00:00,1833.56,1833.9221768414343,2.632857142857152,-0.13756038470105403,True,False,2,2,1,True,True,False,False,False,2021-01-18 13:25:00+00:00|supply|1833.96
4762,15min,m15_2c_1atr,supply,1870.68,1866.44,2021-01-21 16:00:00+00:00,2021-01-21 15:15:00+00:00,2021-01-21 15:30:00+00:00,2021-01-21 15:45:00+00:00,2,2.5217200526546883,1.3023255813953538,0.27830188679241363,2021-01-21 16:20:00+00:00,2021-01-21 16:40:00+00:00,1864.88,1871.2652857142857,6.385285714285601,0.3333333333333333,True,95039,95040,3,1864.87,0.7151515151515636,0.6452334608587006,1.0367586191467002,1.9341342819429155,-1.0,stop,2021,2021-01,2021-01-21,0.046983018994564224,-1.0469830189945641,0.03-0.05R,2021-01-21 16:35:00+00:00,3.0300000000000216,1865.6263028971528,1864.87,0.11818181818178122,below,below,1.7199999999998,11,Thursday,london_ny_overlap,-0.24630458651902318,0.5676567656764976,False,True,False,True,False,False,False,False,True,True,True,True,False,False,True,True,True,False,True,True,True,2021-01-21 16:30:00+00:00,1865.06,1866.4057850849217,3.702857142857153,-0.3634450460822677,True,False,6,3,2,True,True,True,False,False,2021-01-21 16:40:00+00:00|supply|1864.88
4932,15min,m15_2c_1atr,demand,1833.49,1832.38,2021-02-09 03:15:00+00:00,2021-02-09 02:30:00+00:00,2021-02-09 02:45:00+00:00,2021-02-09 03:00:00+00:00,2,1.484407484407551,0.6461538461537708,0.11711711711702115,2021-02-09 16:40:00+00:00,2021-02-09 17:05:00+00:00,1839.76,1831.7324285714287,8.027571428571264,13.416666666666666,True,98632,98633,4,1839.72,0.8534201954397956,1.9457939601018468,0.71129856031892,-0.15695905183919914,1.0,tp1,2021,2021-02,2021-02-09,0.0373712028188572,0.9626287971811428,0.03-0.05R,2021-02-09 17:00:00+00:00,3.184285714285693,1839.4118764876732,1839.72,0.8957654723127222,below,below,2.730000000000018,12,Tuesday,ny_main,0.10932546371859007,0.8573351278600384,True,False,False,True,False,False,False,False,False,True,True,True,True,False,False,False,True,False,True,True,True,2021-02-09 17:00:00+00:00,1842.5,1841.09575845277,3.9992857142856826,0.3511230873588064,True,False,4,2,1,True,True,False,True,False,2021-02-09 17:05:00+00:00|demand|1839.76
5048,15min,m15_2c_1atr,supply,1789.63,1782.51,2021-02-18 15:45:00+00:00,2021-02-18 15:00:00+00:00,2021-02-18 15:15:00+00:00,2021-02-18 15:30:00+00:00,2,1.3073657927589837,2.488888888888947,0.32022471910114636,2021-02-18 15:45:00+00:00,2021-02-18 16:05:00+00:00,1782.4,1790.1484285714287,7.748428571428576,0.0,True,100450,100451,3,1782.48,0.8834951456310117,2.8083113626726126,1.1873375246593538,-0.14970777484833747,1.0,tp1,2021,2021-02,2021-02-18,0.03871752797802317,0.9612824720219768,0.03-0.05R,2021-02-18 16:00:00+00:00,2.452857142857153,1784.1165239516242,1782.48,0.10436893203884741,inside,below,5.630000000000109,11,Thursday,london_ny_overlap,-0.6998059208718072,2.295282469423448,False,True,False,True,False,False,False,False,True,True,True,True,False,True,False,False,True,False,True,True,True,2021-02-18 16:00:00+00:00,1780.95,1783.614388853553,3.392857142857127,-0.7852935568366668,True,False,11,3,2,True,True,False,False,True,2021-02-18 16:05:00+00:00|supply|1782.4
5049,15min,m15_2c_1atr,supply,1782.87,1778.95,2021-02-18 17:00:00+00:00,2021-02-18 16:15:00+00:00,2021-02-18 16:30:00+00:00,2021-02-18 16:45:00+00:00,2,1.3686354378818752,0.9314324507806854,0.16326530612248094,2021-02-18 17:50:00+00:00,2021-02-18 18:30:00+00:00,1777.08,1783.4109999999998,6.330999999999904,0.8333333333333334,True,100479,100480,7,1777.09,0.6190476190476247,2.596746169641459,1.124624861791222,-0.7171063023219132,1.0,tp1,2021,2021-02,2021-02-18,0.04738587900805632,0.9526141209919436,0.03-0.05R,2021-02-18 18:25:00+00:00,2.825000000000029,1777.8037114874,1777.09,0.15873015873012628,below,below,5.630000000000109,13,Thursday,ny_main,-0.2561810574867668,1.992920353982319,False,True,False,True,False,False,False,False,False,True,True,False,True,False,False,False,True,False,True,True,True,2021-02-18 18:15:00+00:00,1777.09,1777.4399334951577,5.014285714285718,-0.06978730672661808,True,True,10,4,2,True,True,True,False,False,2021-02-18 18:30:00+00:00|supply|1777.08
5050,15min,m15_2c_1atr,demand,1773.45,1768.43,2021-02-18 18:00:00+00:00,2021-02-18 17:15:00+00:00,2021-02-18 17:30:00+00:00,2021-02-18 17:45:00+00:00,2,1.2437265647534073,1.013556388808766,0.013944223107602382,2021-02-18 20:10:00+00:00,2021-02-18 20:30:00+00:00,1776.16,1768.19,7.970000000000027,2.1666666666666665,True,100503,100504,3,1776.14,0.7597402597403249,0.13425345043913836,1.0401505646173352,0.5018820577164349,-1.0,stop,2021,2021-02,2021-02-18,0.03764115432873262,-1.0376411543287327,0.03-0.05R,2021-02-18 20:25:00+00:00,1.3028571428571272,1775.236189437368,1776.14,0.8051948051948301,below,below,5.630000000000109,15,Thursday,ny_main,0.7090651248272555,4.3212719298246975,True,False,False,True,False,False,False,False,True,True,True,True,False,False,False,False,True,False,True,True,True,2021-02-18 20:15:00+00:00,1776.14,1775.9527882073253,3.6042857142857168,0.05194144069455851,True,True,2,2,1,True,True,False,True,False,2021-02-18 20:30:00+00:00|demand|1776.16
5107,15min,m15_2c_1atr,demand,1795.66,1790.6,2021-02-24 19:00:00+00:00,2021-02-24 18:00:00+00:00,2021-02-24 18:15:00+00:00,2021-02-24 18:45:00+00:00,3,1.2877164056059185,0.834295136026404,0.14426877470355598,2021-02-24 20:00:00+00:00,2021-02-24 20:15:00+00:00,1799.08,1790.2759999999998,8.804000000000087,1.0,True,101604,101605,2,1799.1,0.816326530612278,0.7473875511131406,1.0904134484325094,-2.568150840526996,-1.0,stop,2021,2021-02,2021-02-24,0.034075420263516246,-1.0340754202635163,0.03-0.05R,2021-02-24 20:10:00+00:00,1.6621428571428234,1798.5764318529727,1799.1,1.0,below,below,2.119999999999891,15,Wednesday,ny_main,0.3029632169480309,1.2754619681993586,True,False,False,True,False,False,False,True,True,True,True,True,True,False,False,False,True,False,True,True,True,2021-02-24 20:00:00+00:00,1799.1,1798.5193659642537,4.699285714285712,0.12355793434332586,True,True,3,3,2,True,True,False,True,False,2021-02-24 20:15:00+00:00|demand|1799.08
5271,15min,m15_2c_1atr,supply,1732.52,1727.39,2021-03-11 16:30:00+00:00,2021-03-11 15:45:00+00:00,2021-03-11 16:00:00+00:00,2021-03-11 16:15:00+00:00,2,1.719838650531747,1.3168316831682982,0.15204678362572918,2021-03-11 17:55:00+00:00,2021-03-11 18:05:00+00:00,1723.21,1733.0117142857143,9.801714285714297,1.4166666666666667,True,104611,104612,1,1723.26,0.819852941176469,2.449571503527076,0.521337375386219,0.4448201480790657,1.0,tp1,2021,2021-03,2021-03-11,0.030606890922870597,0.9693931090771294,0.03-0.05R,2021-03-11 18:00:00+00:00,2.4785714285714318,1724.2046873940953,1723.26,0.007352941176463827,below,below,3.509999999999991,13,Thursday,ny_main,-0.40131479877044085,1.4161383285302538,False,True,False,True,False,False,True,True,True,True,True,True,False,False,True,False,True,False,True,True,True,2021-03-11 18:00:00+00:00,1722.09,1724.3564106697258,4.992857142857117,-0.45393060623981635,True,False,10,4,2,True,True,True,False,False,2021-03-11 18:05:00+00:00|supply|1723.21
5471,15min,m15_2c_1atr,demand,1718.94,1715.58,2021-04-01 16:00:00+00:00,2021-04-01 15:15:00+00:00,2021-04-01 15:30:00+00:00,2021-04-01 15:45:00+00:00,2,1.162599049128304,1.4909667194929055,0.07440476190475909,2021-04-01 16:00:00+00:00,2021-04-01 16:05:00+00:00,1724.48,1715.127857142857,9.352142857143008,0.0,True,108691,108692,0,1724.5,0.9198036006546617,0.6383563736347593,0.341098296799817,0.3507217597189252,0.3507217597189252,time,2021,2021-04,2021-04-01,0.032078209730389766,0.31864354998853545,0.03-0.05R,2021-04-01 16:00:00+00:00,2.235000000000046,1719.4205426195467,1724.5,0.9198036006546617,above,above,2.0299999999999727,12,Thursday,ny_main,2.263739320113285,0.9082774049216693,True,False,False,True,False,False,True,True,True,True,True,True,False,False,False,False,True,False,True,True,True,2021-04-01 16:00:00+00:00,1723.3,1718.0218238873265,2.58500000000002,2.0418476257924265,True,False,1,1,1,True,True,True,False,False,2021-04-01 16:05:00+00:00|demand|1724.48
5605,15min,m15_2c_1atr,supply,1783.78,1779.84,2021-04-16 16:15:00+00:00,2021-04-16 15:30:00+00:00,2021-04-16 15:45:00+00:00,2021-04-16 16:00:00+00:00,2,1.583539464807726,1.2403867776028947,0.07106598984770783,2021-04-16 17:25:00+00:00,2021-04-16 17:40:00+00:00,1776.97,1784.2262857142857,7.256285714285696,1.1666666666666667,True,111470,111471,2,1776.96,0.898809523809606,0.5305744773004887,1.0721738788045823,0.4906091270622452,-1.0,stop,2021,2021-04,2021-04-16,0.04134346576367298,-1.0413434657636729,0.03-0.05R,2021-04-16 17:35:00+00:00,2.2757142857142947,1777.6590813225268,1776.96,0.029761904761880592,above,above,3.2799999999999727,13,Friday,ny_main,-0.302797819063886,1.4413057124921356,False,True,False,True,False,False,False,True,True,True,True,True,False,False,True,False,True,False,True,True,True,2021-04-16 17:30:00+00:00,1775.98,1776.8145458731003,3.7614285714285773,-0.2218693927725813,True,False,3,3,2,True,True,False,True,False,2021-04-16 17:40:00+00:00|supply|1776.97
6194,15min,m15_2c_1atr,supply,1782.81,1777.48,2021-06-17 18:30:00+00:00,2021-06-17 17:30:00+00:00,2021-06-17 17:45:00+00:00,2021-06-17 18:15:00+00:00,3,1.2741952395931742,0.7824263395197553,0.08255159474672806,2021-06-17 18:50:00+00:00,2021-06-17 19:05:00+00:00,1773.86,1783.4208571428571,9.56085714285723,0.3333333333333333,True,123584,123585,2,1773.89,0.8048780487804994,0.4560260586319072,1.0794011296058406,0.09727161342376348,-1.0,stop,2021,2021-06,2021-06-17,0.03137793981412277,-1.0313779398141227,0.03-0.05R,2021-06-17 19:00:00+00:00,3.115714285714278,1774.645867476644,1773.89,0.08013937282230904,below,below,6.009999999999991,15,Thursday,ny_main,-0.25222706724022054,1.928931682714353,False,True,False,True,False,False,False,True,True,True,True,True,True,False,False,False,True,False,True,True,True,2021-06-17 19:00:00+00:00,1773.83,1776.0730376889762,6.147142857142837,-0.36489109511582984,True,False,3,3,2,True,True,True,False,False,2021-06-17 19:05:00+00:00|supply|1773.86
6233,15min,m15_2c_1atr,supply,1783.33,1780.12,2021-06-22 15:45:00+00:00,2021-06-22 15:00:00+00:00,2021-06-22 15:15:00+00:00,2021-06-22 15:30:00+00:00,2,2.571428571428563,1.1758241758241883,0.29595015576317985,2021-06-22 16:05:00+00:00,2021-06-22 16:25:00+00:00,1777.68,1783.7892857142856,6.109285714285534,0.3333333333333333,True,124380,124381,3,1777.63,0.7289156626504514,0.6891149304337922,1.0181222962703491,-2.404536419969644,-1.0,stop,2021,2021-06,2021-06-22,0.049105576990531086,-1.049105576990531,0.03-0.05R,2021-06-22 16:20:00+00:00,2.2535714285714414,1777.8251966110981,1777.63,0.2048192771085113,below,below,4.189999999999827,12,Tuesday,ny_main,-0.06442955801499198,1.8592709984151266,False,True,False,True,False,False,False,False,True,True,True,True,False,False,True,True,True,False,True,True,True,2021-06-22 16:15:00+00:00,1777.05,1778.3506617327278,3.232142857142857,-0.402414679738989,True,False,8,3,2,True,True,True,False,False,2021-06-22 16:25:00+00:00|supply|1777.68
6294,15min,m15_2c_1atr,demand,1777.75,1774.86,2021-06-28 16:15:00+00:00,2021-06-28 15:15:00+00:00,2021-06-28 15:30:00+00:00,2021-06-28 16:00:00+00:00,3,1.9285484390086678,1.302220791760579,0.07958477508650873,2021-06-28 17:55:00+00:00,2021-06-28 18:05:00+00:00,1781.2,1774.5104285714285,6.689571428571526,1.6666666666666667,True,125504,125505,1,1781.19,0.9824046920821279,0.19134260149058618,1.0135178422704663,-2.8746236145812922,-1.0,stop,2021,2021-06,2021-06-28,0.04484592222435709,-1.0448459222243571,0.03-0.05R,2021-06-28 18:00:00+00:00,1.7285714285714155,1780.1428086397013,1781.19,0.9853372434017732,above,above,2.5299999999999727,14,Monday,ny_main,0.6115983076108242,1.463636363636359,True,False,False,True,False,False,True,True,True,True,True,True,False,False,True,False,True,False,True,True,True,2021-06-28 18:00:00+00:00,1781.42,1779.8234283284037,3.016428571428573,0.5292920530984964,True,False,7,4,2,True,True,True,False,False,2021-06-28 18:05:00+00:00|demand|1781.2
6710,15min,m15_2c_1atr,supply,1744.18,1741.05,2021-08-09 17:15:00+00:00,2021-08-09 16:15:00+00:00,2021-08-09 16:30:00+00:00,2021-08-09 17:00:00+00:00,3,1.2053557527634955,0.6822357153978104,0.3194888178913627,2021-08-09 17:25:00+00:00,2021-08-09 17:35:00+00:00,1738.33,1744.8522857142857,6.522285714285772,0.16666666666666666,True,133730,133731,1,1738.43,0.6584507042253327,3.158401962502148,0.061328193446657873,1.4396793411599467,1.0,tp1,2021,2021-08,2021-08-09,0.045996145084982946,0.954003854915017,0.03-0.05R,2021-08-09 17:30:00+00:00,3.3785714285713766,1738.8621405983954,1738.43,0.10211267605632816,below,below,4.039999999999964,13,Monday,ny_main,-0.15750461686124145,1.1957716701902825,False,True,False,True,False,False,True,True,True,True,True,False,True,False,False,False,True,False,True,True,True,2021-08-09 17:30:00+00:00,1736.04,1739.3779019355688,4.751428571428586,-0.7025049172874951,True,False,3,2,1,True,True,True,False,False,2021-08-09 17:35:00+00:00|supply|1738.33
6725,15min,m15_2c_1atr,supply,1728.49,1720.95,2021-08-10 17:15:00+00:00,2021-08-10 16:30:00+00:00,2021-08-10 16:45:00+00:00,2021-08-10 17:00:00+00:00,2,1.9229334990676923,2.1868655479593646,0.0013262599469484023,2021-08-10 17:15:00+00:00,2021-08-10 17:20:00+00:00,1719.79,1729.1112857142857,9.32128571428575,0.0,True,134003,134004,0,1719.79,0.5033783783783753,0.0,1.2144247421416305,-3.0950665910588695,-1.0,stop,2021,2021-08,2021-08-10,0.03218440129350629,-1.0321844012935062,0.03-0.05R,2021-08-10 17:15:00+00:00,2.9714285714285813,1721.442901124212,1719.79,0.5743243243243327,below,below,3.0,13,Tuesday,ny_main,-0.556264801417539,1.0096153846153813,False,True,False,True,False,False,True,True,True,True,False,False,False,True,True,False,True,False,True,True,True,2021-08-10 17:15:00+00:00,1723.9,1724.3536737562497,3.8192857142857486,-0.11878497451831575,True,False,1,1,1,True,True,True,False,False,2021-08-10 17:20:00+00:00|supply|1719.79
7133,15min,m15_2c_1atr,demand,1767.27,1765.42,2021-09-21 15:15:00+00:00,2021-09-21 14:15:00+00:00,2021-09-21 14:30:00+00:00,2021-09-21 15:00:00+00:00,3,1.299787384833417,0.9177888022678639,0.22702702702707753,2021-09-21 15:15:00+00:00,2021-09-21 15:25:00+00:00,1772.35,1765.0707142857143,7.2792857142856064,0.0,True,142212,142213,1,1772.3,0.9549549549549154,1.2885879697772886,0.3681679913649128,0.19919536846237795,1.0,tp1,2021,2021-09,2021-09-21,0.0412128348542838,0.9587871651457162,0.03-0.05R,2021-09-21 15:20:00+00:00,1.7028571428572181,1768.80489007403,1772.3,0.981981981981958,above,above,2.1000000000001364,11,Tuesday,london_ny_overlap,2.0818598558547046,1.2332214765100926,True,False,False,True,False,False,True,True,True,True,True,True,True,False,False,False,True,False,True,True,True,2021-09-21 15:15:00+00:00,1773.06,1768.5624944222545,2.2671428571428414,1.9837768773924462,True,False,2,2,2,True,True,True,False,False,2021-09-21 15:25:00+00:00|demand|1772.35
7217,15min,m15_2c_1atr,supply,1739.78,1737.01,2021-09-29 16:30:00+00:00,2021-09-29 15:30:00+00:00,2021-09-29 15:45:00+00:00,2021-09-29 16:15:00+00:00,3,1.3079287031345983,1.1917639827904136,0.039711191335704214,2021-09-29 16:30:00+00:00,2021-09-29 17:10:00+00:00,1734.21,1740.3055714285713,6.0955714285712475,0.0,True,143889,143890,7,1734.23,0.6050955414012791,2.065433921582499,1.0417399048489695,-4.409758841313478,1.0,tp1,2021,2021-09,2021-09-29,0.04921605849680242,0.9507839415031976,0.03-0.05R,2021-09-29 17:05:00+00:00,2.4771428571428293,1737.1115674096966,1734.23,0.2823779193205905,below,below,3.25,13,Wednesday,ny_main,-1.171336324560329,1.3119953863898648,False,True,False,True,False,False,False,False,False,True,True,False,False,False,False,False,True,False,True,True,True,2021-09-29 17:00:00+00:00,1731.43,1737.276873601749,3.1242857142856986,-1.8714273073727836,True,False,3,1,1,True,True,True,False,False,2021-09-29 17:10:00+00:00|supply|1734.21
7513,15min,m15_2c_1atr,supply,1804.33,1799.59,2021-10-28 17:45:00+00:00,2021-10-28 16:45:00+00:00,2021-10-28 17:00:00+00:00,2021-10-28 17:30:00+00:00,3,1.3080407701019097,0.9394110985277498,0.1476793248944761,2021-10-28 17:50:00+00:00,2021-10-28 17:55:00+00:00,1797.81,1804.9505714285713,7.14057142857132,0.08333333333333333,True,149687,149688,0,1797.81,0.4838709677419142,3.625760243277886,0.9214948783611112,2.760283290653056,1.0,tp1,2021,2021-10,2021-10-28,0.042013444302177336,0.9579865556978227,0.03-0.05R,2021-10-28 17:50:00+00:00,3.177857142857176,1798.606772326084,1797.81,0.0032258064516098276,inside,inside,2.369999999999891,13,Thursday,ny_main,-0.25072628827098287,0.7457855697909221,False,True,False,True,False,False,True,True,True,True,False,False,True,False,False,False,True,False,True,True,True,2021-10-28 17:45:00+00:00,1798.77,1800.2985086551432,5.207857142857132,-0.29350049611857665,True,False,7,4,2,True,True,False,False,True,2021-10-28 17:55:00+00:00|supply|1797.81
7589,15min,m15_2c_1atr,demand,1797.41,1784.98,2021-11-05 15:15:00+00:00,2021-11-05 14:30:00+00:00,2021-11-05 14:45:00+00:00,2021-11-05 15:00:00+00:00,2,1.4916286149163136,3.7838660578386794,0.18905872888172945,2021-11-05 15:15:00+00:00,2021-11-05 15:30:00+00:00,1801.85,1784.0791428571429,17.77085714285704,0.0,True,151326,151327,2,1801.72,0.7356725146198827,1.366281874015261,0.3410077494453187,1.1682047654265473,1.0,tp1,2021,2021-11,2021-11-05,0.0168815717547189,0.9831184282452811,<=0.03R,2021-11-05 15:25:00+00:00,4.384999999999991,1796.093178185115,1801.72,0.7707602339181232,above,above,3.259999999999991,11,Friday,london_ny_overlap,1.3128441995176574,0.7434435575826677,True,False,True,True,True,True,False,True,True,True,True,True,False,True,False,False,True,False,True,True,True,2021-11-05 15:15:00+00:00,1801.72,1795.112573646004,3.804999999999999,1.736511525360332,True,True,17,4,2,True,True,True,False,False,2021-11-05 15:30:00+00:00|demand|1801.85
7920,15min,m15_2c_1atr,supply,1783.38,1782.29,2021-12-09 13:45:00+00:00,2021-12-09 13:00:00+00:00,2021-12-09 13:15:00+00:00,2021-12-09 13:30:00+00:00,2,1.1399919775370648,0.6121139189731938,0.26605504587149076,2021-12-09 16:20:00+00:00,2021-12-09 16:40:00+00:00,1777.55,1783.754142857143,6.204142857143097,2.5833333333333335,True,157865,157866,3,1777.57,0.7699530516432,1.1975868659190503,1.2411061732943018,-1.0960418153767721,1.0,tp1,2021,2021-12,2021-12-09,0.04835478597250498,0.951645214027495,0.03-0.05R,2021-12-09 16:35:00+00:00,1.9921428571428805,1778.6445573088185,1777.57,0.11737089201877333,inside,below,4.970000000000027,11,Thursday,london_ny_overlap,-0.549437157528151,2.4948010039440502,False,True,False,True,False,False,False,False,True,True,True,True,True,False,False,False,True,False,True,True,True,2021-12-09 16:30:00+00:00,1777.16,1778.2069805700971,3.242142857142897,-0.3229285741652015,True,False,7,4,2,True,True,False,False,True,2021-12-09 16:40:00+00:00|supply|1777.55
7937,15min,m15_2c_1atr,demand,1772.92,1772.11,2021-12-10 15:15:00+00:00,2021-12-10 14:30:00+00:00,2021-12-10 14:45:00+00:00,2021-12-10 15:00:00+00:00,2,2.204164550533144,0.5759268664297678,0.08641975308660342,2021-12-10 15:25:00+00:00,2021-12-10 15:35:00+00:00,1780.52,1771.6851428571429,8.834857142857118,0.16666666666666666,True,158128,158129,1,1780.52,0.7457420924574247,1.2484638768514331,0.4787853308324205,0.5353793415691129,1.0,tp1,2021,2021-12,2021-12-10,0.03395640644201549,0.9660435935579845,0.03-0.05R,2021-12-10 15:30:00+00:00,1.8442857142856772,1775.831563714881,1780.52,0.746958637469589,above,above,1.8999999999998636,10,Friday,london_ny_overlap,2.542142060095556,1.030209140201341,True,False,False,True,False,False,True,True,True,True,True,True,True,False,True,True,True,False,True,True,True,2021-12-10 15:30:00+00:00,1778.11,1774.4141223658462,2.1750000000000034,1.6992540846683666,True,False,2,1,1,True,True,True,False,False,2021-12-10 15:35:00+00:00|demand|1780.52
8600,15min,m15_2c_1atr,supply,1856.13,1854.5,2022-02-15 14:15:00+00:00,2022-02-15 13:00:00+00:00,2022-02-15 13:15:00+00:00,2022-02-15 14:00:00+00:00,4,1.0458254865034347,0.47750575434194487,0.1533742331288241,2022-02-15 16:05:00+00:00,2022-02-15 16:35:00+00:00,1848.14,1856.757142857143,8.61714285714288,1.8333333333333333,True,170807,170808,5,1848.24,0.9146141215106751,0.190318302387279,1.0014920424403018,-1.501657824933663,-1.0,stop,2022,2022-02,2022-02-15,0.03481432360742696,-1.034814323607427,0.03-0.05R,2022-02-15 16:30:00+00:00,3.0049999999999955,1852.1923638169087,1848.24,0.00821018062396637,inside,below,8.680000000000064,11,Tuesday,london_ny_overlap,-1.3485403716833997,2.8885191347754,False,True,False,True,False,False,False,False,False,True,True,True,True,False,False,False,True,False,True,True,True,2022-02-15 16:30:00+00:00,1850.41,1851.8184463754715,4.312142857142898,-0.326623310528395,True,False,3,3,2,True,True,False,False,True,2022-02-15 16:35:00+00:00|supply|1848.14
8614,15min,m15_2c_1atr,demand,1865.98,1864.19,2022-02-16 19:30:00+00:00,2022-02-16 18:30:00+00:00,2022-02-16 18:45:00+00:00,2022-02-16 19:15:00+00:00,3,1.8624813153960476,0.7491778774289873,0.0055865921787659825,2022-02-16 20:50:00+00:00,2022-02-16 21:10:00+00:00,1871.1,1863.874857142857,7.225142857142828,1.3333333333333333,True,171138,171139,3,1871.1,0.8800000000000021,4.153551091426779,0.6505061689338592,3.819993672888361,1.0,tp1,2022,2022-02,2022-02-16,0.04152167035748198,0.958478329642518,0.03-0.05R,2022-02-16 21:05:00+00:00,1.5357142857143182,1868.5675549288374,1871.1,0.8800000000000021,above,above,2.6400000000001,16,Wednesday,ny_main,1.6490339998267456,1.719069767441889,True,False,False,True,False,False,False,False,True,True,True,True,True,False,True,False,True,False,True,True,True,2022-02-16 21:00:00+00:00,1871.19,1868.368101216369,2.4350000000000267,1.1588906708956808,True,False,1,1,1,True,True,True,False,False,2022-02-16 21:10:00+00:00|demand|1871.1
8626,15min,m15_2c_1atr,demand,1886.92,1885.69,2022-02-17 15:30:00+00:00,2022-02-17 14:45:00+00:00,2022-02-17 15:00:00+00:00,2022-02-17 15:15:00+00:00,2,2.4252607184240946,0.49884125144844,0.11382113821127691,2022-02-17 16:10:00+00:00,2022-02-17 16:25:00+00:00,1891.88,1885.074,6.80600000000004,0.6666666666666666,True,171357,171358,2,1891.87,0.7372093023255533,1.5574493094328308,0.7801939465177993,0.3423449897149447,1.0,tp1,2022,2022-02,2022-02-17,0.04407875404055219,0.9559212459594478,0.03-0.05R,2022-02-17 16:20:00+00:00,3.0107142857142435,1891.7365158335342,1891.87,0.9255813953487984,above,above,4.7199999999998,11,Thursday,london_ny_overlap,0.04765784888547032,1.5677342823249851,True,False,False,True,False,False,False,True,True,True,True,True,True,False,True,True,True,False,True,True,True,2022-02-17 16:15:00+00:00,1892.74,1891.3906106608977,3.6835714285713914,0.3663263670241035,True,False,2,2,1,True,True,True,False,False,2022-02-17 16:25:00+00:00|demand|1891.88
8710,15min,m15_2c_1atr,demand,1911.65,1908.29,2022-02-28 16:00:00+00:00,2022-02-28 15:15:00+00:00,2022-02-28 15:30:00+00:00,2022-02-28 15:45:00+00:00,2,1.7470489038785861,0.8813940415964264,0.04464285714288252,2022-02-28 16:30:00+00:00,2022-02-28 16:40:00+00:00,1914.8,1907.7014285714286,7.098571428571404,0.5,True,173263,173264,1,1914.84,0.9596412556053502,0.3465486013282414,1.0988126383578158,1.7214731334272588,-1.0,stop,2022,2022-02,2022-02-28,0.042262024552223935,-1.0422620245522238,0.03-0.05R,2022-02-28 16:35:00+00:00,2.8928571428571104,1913.81736602628,1914.84,0.986547085201772,above,above,3.3400000000001455,11,Monday,london_ny_overlap,0.33967594153280356,1.1545679012346313,True,False,False,True,False,False,True,True,True,True,True,True,True,False,True,False,True,False,True,True,True,2022-02-28 16:30:00+00:00,1915.33,1913.666599162139,4.270000000000047,0.38955523134917386,True,False,5,3,2,True,True,True,False,False,2022-02-28 16:40:00+00:00|demand|1914.8
8726,15min,m15_2c_1atr,supply,1922.99,1920.44,2022-03-01 15:00:00+00:00,2022-03-01 14:15:00+00:00,2022-03-01 14:30:00+00:00,2022-03-01 14:45:00+00:00,2,1.4118078474514069,0.6545654565456406,0.2862745098039338,2022-03-01 15:15:00+00:00,2022-03-01 15:25:00+00:00,1917.6,1923.608,6.008000000000038,0.25,True,173524,173525,1,1917.57,0.6701754385965146,0.8688415446071516,1.2599866844207916,-1.9806924101198427,-1.0,stop,2022,2022-03,2022-03-01,0.049933422103861196,-1.0499334221038612,0.03-0.05R,2022-03-01 15:20:00+00:00,3.001428571428554,1919.311656239756,1917.57,0.21403508771930133,below,below,3.3299999999999272,10,Tuesday,london_ny_overlap,-0.5702805177674076,1.1094716801522906,False,True,False,True,False,False,True,True,True,True,True,False,True,False,False,False,True,False,True,True,True,2022-03-01 15:15:00+00:00,1918.83,1919.6027898262146,4.195714285714303,-0.18418552208043976,True,False,2,2,2,True,True,True,False,False,2022-03-01 15:25:00+00:00|supply|1917.6
8727,15min,m15_2c_1atr,demand,1919.08,1916.24,2022-03-01 17:00:00+00:00,2022-03-01 16:15:00+00:00,2022-03-01 16:30:00+00:00,2022-03-01 16:45:00+00:00,2,1.2946281610055554,0.5949423911416883,0.04225352112672335,2022-03-01 17:15:00+00:00,2022-03-01 17:35:00+00:00,1922.63,1915.6097142857143,7.020285714285819,0.25,True,173550,173551,3,1922.65,0.9056047197640941,3.9229172601847067,1.2691791135891832,-0.3632330796467585,1.0,tp1,2022,2022-03,2022-03-01,0.04273330348785089,0.9572666965121491,0.03-0.05R,2022-03-01 17:30:00+00:00,3.0971428571428663,1921.2079306629394,1922.65,0.9646017699115353,inside,inside,3.3299999999999272,12,Tuesday,ny_main,0.45915522875577514,1.0751845018449917,True,False,False,True,False,False,False,False,True,True,True,True,True,False,False,False,True,False,True,True,True,2022-03-01 17:30:00+00:00,1927.02,1921.516561839275,5.160714285714254,1.0664101626318316,True,False,4,3,2,True,True,False,False,True,2022-03-01 17:35:00+00:00|demand|1922.63
8784,15min,m15_2c_1atr,supply,1992.49,1989.35,2022-03-07 14:30:00+00:00,2022-03-07 13:45:00+00:00,2022-03-07 14:00:00+00:00,2022-03-07 14:15:00+00:00,2,1.5972864631513648,0.6777674992291267,0.07643312101903633,2022-03-07 18:45:00+00:00,2022-03-07 19:10:00+00:00,1983.61,1993.3331428571428,9.723142857142875,4.25,True,174673,174674,4,1983.6,0.824601366742605,0.8968293614645247,1.1693749816344021,-7.983015485880518,-1.0,stop,2022,2022-03,2022-03-07,0.030854221151303166,-1.0308542211513032,0.03-0.05R,2022-03-07 19:05:00+00:00,4.227857142857163,1984.654088630993,1983.6,0.07517084282458308,inside,inside,8.029999999999973,14,Monday,ny_main,-0.246954567222584,1.8993073154248874,False,True,False,True,False,False,False,False,False,True,True,True,True,False,True,False,True,False,True,True,True,2022-03-07 19:00:00+00:00,1979.76,1981.0105361598262,8.330000000000025,-0.15012438893471708,True,False,6,3,2,True,True,False,False,True,2022-03-07 19:10:00+00:00|supply|1983.61
8870,15min,m15_2c_1atr,supply,1925.69,1919.37,2022-03-15 15:30:00+00:00,2022-03-15 14:30:00+00:00,2022-03-15 14:45:00+00:00,2022-03-15 15:15:00+00:00,3,1.0513833992095163,1.2490118577075398,0.14240506329114994,2022-03-15 15:35:00+00:00,2022-03-15 16:05:00+00:00,1918.91,1926.501142857143,7.591142857142813,0.08333333333333333,True,176304,176305,5,1918.64,0.8964803312629384,1.559712446836567,1.0841582295156096,0.8417704843991298,1.0,tp1,2022,2022-03,2022-03-15,0.03951974105160172,0.9604802589483983,0.03-0.05R,2022-03-15 16:00:00+00:00,4.029999999999989,1921.187052365538,1918.64,0.04140786749483406,below,below,5.920000000000073,12,Tuesday,ny_main,-0.5650254008778884,1.468982630272975,False,True,False,True,False,False,False,False,False,True,True,True,False,False,False,False,True,False,True,True,True,2022-03-15 16:00:00+00:00,1912.27,1920.4788255657295,6.25428571428571,-1.312512082231764,True,False,1,1,1,True,True,True,False,False,2022-03-15 16:05:00+00:00|supply|1918.91
8887,15min,m15_2c_1atr,supply,1922.01,1918.85,2022-03-16 15:45:00+00:00,2022-03-16 15:00:00+00:00,2022-03-16 15:15:00+00:00,2022-03-16 15:30:00+00:00,2,1.296344892221203,0.8292408622305794,0.22468354430380316,2022-03-16 16:00:00+00:00,2022-03-16 16:15:00+00:00,1911.26,1922.732142857143,11.472142857142899,0.25,True,176582,176583,2,1911.53,0.8314606741573167,1.4147313367785284,1.1323080754622967,-3.2496108586015673,1.0,tp1,2022,2022-03,2022-03-16,0.026150301973725077,0.973849698026275,<=0.03R,2022-03-16 16:10:00+00:00,3.2907142857142975,1916.0946024051023,1911.53,0.15423901940755838,below,below,2.269999999999982,12,Wednesday,ny_main,-1.4691650460480008,0.6898198393748564,False,True,True,True,True,False,False,True,True,True,True,True,True,False,False,False,True,False,True,True,True,2022-03-16 16:00:00+00:00,1911.53,1916.8488088681454,4.278571428571419,-1.2431272813695513,True,True,17,4,2,True,True,True,False,False,2022-03-16 16:15:00+00:00|supply|1911.26
9020,15min,m15_2c_1atr,demand,1934.35,1929.75,2022-03-30 17:45:00+00:00,2022-03-30 17:00:00+00:00,2022-03-30 17:15:00+00:00,2022-03-30 17:30:00+00:00,2,1.105769230769196,1.105769230769196,0.31304347826088763,2022-03-30 18:30:00+00:00,2022-03-30 18:45:00+00:00,1937.31,1929.4181428571428,7.891857142857134,0.75,True,179360,179361,2,1937.31,0.8256880733944505,0.03928099487717214,1.1391488514381938,0.6779139438481074,-1.0,stop,2022,2022-03,2022-03-30,0.03801386601017328,-1.0380138660101732,0.03-0.05R,2022-03-30 18:40:00+00:00,1.7885714285714585,1936.0740858468837,1937.31,0.8990825688073298,above,above,2.8899999999998727,14,Wednesday,ny_main,0.6910063156400671,1.615814696485525,True,False,False,True,False,False,False,True,True,True,True,True,False,False,False,False,True,False,True,True,True,2022-03-30 18:30:00+00:00,1937.31,1934.525152592528,4.189285714285769,0.6647547093709582,True,True,1,1,1,True,True,True,False,False,2022-03-30 18:45:00+00:00|demand|1937.31
9049,15min,m15_2c_1atr,supply,1932.86,1925.49,2022-04-01 16:15:00+00:00,2022-04-01 15:30:00+00:00,2022-04-01 15:45:00+00:00,2022-04-01 16:00:00+00:00,2,2.020671834625313,1.9043927648578587,0.2401628222523756,2022-04-01 16:15:00+00:00,2022-04-01 16:30:00+00:00,1924.35,1933.538857142857,9.18885714285716,0.0,True,179885,179886,2,1924.37,0.7762237762237512,0.04679580858802351,1.0120953950437044,-0.6845247349274161,-1.0,stop,2022,2022-04,2022-04-01,0.032648238549796274,-1.0326482385497964,0.03-0.05R,2022-04-01 16:25:00+00:00,3.233571428571427,1926.4133046482364,1924.37,0.11188811188808465,below,below,2.9700000000000273,12,Friday,ny_main,-0.6380884708484728,0.9184890656063707,False,True,False,True,False,False,False,True,True,True,True,True,False,False,True,True,True,False,True,True,True,2022-04-01 16:15:00+00:00,1924.37,1927.2780397269798,4.027142857142833,-0.7221099002788144,True,True,6,4,2,True,True,True,False,False,2022-04-01 16:30:00+00:00|supply|1924.35
9137,15min,m15_2c_1atr,supply,1964.1,1960.75,2022-04-11 17:00:00+00:00,2022-04-11 16:15:00+00:00,2022-04-11 16:30:00+00:00,2022-04-11 16:45:00+00:00,2,2.7017940843704613,0.7580410538225091,0.10746268656713723,2022-04-12 15:10:00+00:00,2022-04-12 15:30:00+00:00,1955.36,1964.6537142857142,9.293714285714259,22.166666666666668,True,181805,181806,3,1955.49,0.855305466237996,0.0021519921298554026,1.3891109198229346,-2.51352680767341,-1.0,stop,2022,2022-04,2022-04-12,0.0322798819478604,-1.0322798819478605,0.03-0.05R,2022-04-12 15:25:00+00:00,1.998571428571365,1957.3132104924018,1955.49,0.0836012861736332,inside,inside,3.2899999999999636,11,Tuesday,london_ny_overlap,-0.977303320000993,1.6461758398856667,False,True,False,True,False,False,False,False,True,True,True,True,True,False,True,True,True,False,True,True,True,2022-04-12 15:15:00+00:00,1955.49,1955.884651126813,2.8614285714285677,-0.13792101286523825,True,True,3,3,2,True,True,False,False,True,2022-04-12 15:30:00+00:00|supply|1955.36
9242,15min,m15_2c_1atr,supply,1946.86,1940.7,2022-04-21 18:45:00+00:00,2022-04-21 17:45:00+00:00,2022-04-21 18:00:00+00:00,2022-04-21 18:30:00+00:00,3,1.7470664928291701,1.606258148631004,0.28896103896104136,2022-04-21 18:50:00+00:00,2022-04-21 19:00:00+00:00,1939.98,1947.2522857142856,7.272285714285545,0.08333333333333333,True,183503,183504,1,1940.01,0.5138888888889569,0.2323891093387942,1.1935724668998127,0.5101559737555663,-1.0,stop,2022,2022-04,2022-04-21,0.041252504616352666,-1.0412525046163528,0.03-0.05R,2022-04-21 18:55:00+00:00,2.169999999999959,1940.916849348171,1940.01,0.41666666666665353,below,below,4.650000000000091,15,Thursday,ny_main,-0.431727810217004,2.1428571428572254,False,True,False,True,False,False,True,True,True,True,False,False,False,False,True,False,True,False,True,True,True,2022-04-21 18:45:00+00:00,1940.01,1942.3516248435292,3.811428571428532,-0.6143693367580395,True,True,6,3,2,True,True,True,False,False,2022-04-21 19:00:00+00:00|supply|1939.98
9331,15min,m15_2c_1atr,supply,1913.86,1908.21,2022-04-29 18:15:00+00:00,2022-04-29 17:30:00+00:00,2022-04-29 17:45:00+00:00,2022-04-29 18:00:00+00:00,2,1.1254865118775954,1.0616024694671538,0.34867256637169464,2022-04-29 18:40:00+00:00,2022-04-29 19:05:00+00:00,1908.09,1914.2974285714286,6.207428571428636,0.4166666666666667,True,185160,185161,4,1908.09,0.8944444444445377,8.638037374574136,0.5638405596980518,7.109223971278559,1.0,tp1,2022,2022-04,2022-04-29,0.048329190831261575,0.9516708091687385,0.03-0.05R,2022-04-29 19:00:00+00:00,2.332857142857165,1908.9636671163016,1908.09,0.10555555555546221,below,below,3.4299999999998363,15,Friday,ny_main,-0.3745051937606777,1.470300061236903,False,True,False,True,False,False,False,False,False,True,True,True,False,False,False,False,True,False,True,True,True,2022-04-29 19:00:00+00:00,1908.06,1908.8580688530742,4.810000000000043,-0.1659186804728167,True,False,1,1,1,True,True,True,False,False,2022-04-29 19:05:00+00:00|supply|1908.09
9360,15min,m15_2c_1atr,demand,1864.0,1856.79,2022-05-03 16:15:00+00:00,2022-05-03 15:30:00+00:00,2022-05-03 15:45:00+00:00,2022-05-03 16:00:00+00:00,2,1.5150360016941742,2.137653536637038,0.05963938973645411,2022-05-03 16:15:00+00:00,2022-05-03 16:35:00+00:00,1867.33,1856.2385714285713,11.09142857142865,0.0,True,185682,185683,3,1867.28,0.7793427230046815,0.971921689850583,0.531942297784631,-0.277691911385875,-0.277691911385875,time,2022,2022-05,2022-05-03,0.027047913446676775,-0.3047398248325518,<=0.03R,2022-05-03 16:30:00+00:00,2.6792857142857462,1864.5251227010283,1867.28,0.8239436619718307,above,above,3.269999999999982,12,Tuesday,ny_main,1.0468750249427456,1.2204745401226127,True,False,True,True,True,False,False,False,True,True,True,True,False,True,True,False,True,False,True,True,True,2022-05-03 16:30:00+00:00,1868.88,1864.1089836156477,3.6535714285714187,1.3058500367728931,True,False,14,4,2,True,True,True,False,False,2022-05-03 16:35:00+00:00|demand|1867.33
9386,15min,m15_2c_1atr,demand,1896.02,1894.25,2022-05-05 13:15:00+00:00,2022-05-05 12:15:00+00:00,2022-05-05 12:30:00+00:00,2022-05-05 13:00:00+00:00,3,1.0500846842487837,0.599564481006531,0.30508474576269445,2022-05-05 13:40:00+00:00,2022-05-05 14:10:00+00:00,1900.12,1893.962142857143,6.157857142856983,0.4166666666666667,True,186205,186206,5,1900.13,0.9401330376940172,1.5671035842710217,1.159494258206714,-2.848393457835586,1.0,tp1,2022,2022-05,2022-05-05,0.04871824614314011,0.9512817538568599,0.03-0.05R,2022-05-05 14:05:00+00:00,1.4507142857142818,1897.2137582556054,1900.13,0.9667405764967042,above,above,2.519999999999982,10,Thursday,london_ny_overlap,2.0033177952497785,1.7370753323485888,True,False,False,True,False,False,False,False,False,True,True,True,True,False,False,False,True,False,True,True,True,2022-05-05 14:00:00+00:00,1899.81,1896.958787556328,2.6692857142857065,1.0681555849988835,True,False,5,4,2,True,True,True,False,False,2022-05-05 14:10:00+00:00|demand|1900.12
9434,15min,m15_2c_1atr,supply,1859.87,1856.9,2022-05-10 18:00:00+00:00,2022-05-10 17:15:00+00:00,2022-05-10 17:30:00+00:00,2022-05-10 17:45:00+00:00,2,2.2051093548980045,0.7641977577650737,0.08754208754209038,2022-05-11 16:45:00+00:00,2022-05-11 17:10:00+00:00,1850.52,1860.6907142857142,10.170714285714212,22.75,True,187345,187346,4,1850.48,0.6658163265305743,1.4590912283165978,0.8101692534588171,0.9399536484303688,1.0,tp1,2022,2022-05,2022-05-11,0.029496453402626802,0.9705035465973731,<=0.03R,2022-05-11 17:05:00+00:00,4.146428571428568,1851.9560829387094,1850.48,0.2448979591836782,below,below,2.3299999999999272,13,Wednesday,ny_main,-0.34634213853457496,0.5619293712316797,False,True,True,True,True,False,False,False,False,True,True,False,True,False,True,True,True,False,True,True,True,2022-05-11 17:00:00+00:00,1849.02,1849.7055891231776,5.618571428571402,-0.12202196446079515,True,False,3,3,2,True,True,True,False,False,2022-05-11 17:10:00+00:00|supply|1850.52
9515,15min,m15_2c_1atr,demand,1811.93,1808.18,2022-05-18 15:45:00+00:00,2022-05-18 15:00:00+00:00,2022-05-18 15:15:00+00:00,2022-05-18 15:30:00+00:00,2,1.7567178502878447,1.2595969289827305,0.08266666666665211,2022-05-18 15:50:00+00:00,2022-05-18 16:05:00+00:00,1813.73,1807.7025714285714,6.0274285714285725,0.08333333333333333,True,188711,188712,2,1813.73,0.8762886597937741,5.1829730754645436,0.6619738339021629,5.045269245354582,1.0,tp1,2022,2022-05,2022-05-18,0.04977246871444822,0.9502275312855518,0.03-0.05R,2022-05-18 16:00:00+00:00,2.4528571428571206,1812.1867320660763,1813.73,0.9931271477663295,below,below,2.050000000000182,12,Wednesday,ny_main,0.6291715513958244,0.8357600465929763,True,False,False,True,False,False,False,True,True,True,True,True,False,False,True,False,True,False,True,True,True,2022-05-18 16:00:00+00:00,1814.44,1812.7321311515586,3.1028571428571303,0.5504181371588397,True,False,5,3,2,True,True,False,True,False,2022-05-18 16:05:00+00:00|demand|1813.73
9657,15min,m15_2c_1atr,demand,1852.18,1850.94,2022-06-02 12:30:00+00:00,2022-06-02 11:30:00+00:00,2022-06-02 11:45:00+00:00,2022-06-02 12:15:00+00:00,3,1.2895522388058558,0.7402985074626762,0.024193548387074593,2022-06-02 15:30:00+00:00,2022-06-02 15:50:00+00:00,1856.5,1850.477142857143,6.022857142856992,3.0,True,191698,191699,3,1856.53,0.7660256410255711,2.915559772296079,0.17765654648955745,1.293406072106288,1.0,tp1,2022,2022-06,2022-06-02,0.04981024667931813,0.9501897533206819,0.03-0.05R,2022-06-02 15:45:00+00:00,2.234999999999997,1855.1580530876777,1856.53,0.862179487179472,inside,above,2.9300000000000637,11,Thursday,london_ny_overlap,0.6004236744171497,1.3109619686801197,True,False,False,True,False,False,False,False,True,True,True,True,True,False,False,False,True,False,True,True,True,2022-06-02 15:45:00+00:00,1856.56,1855.5168137751618,2.212857142857128,0.4714205018635775,True,False,3,3,2,True,True,False,False,True,2022-06-02 15:50:00+00:00|demand|1856.5
10196,15min,m15_2c_1atr,demand,1736.91,1735.39,2022-07-28 08:45:00+00:00,2022-07-28 08:00:00+00:00,2022-07-28 08:15:00+00:00,2022-07-28 08:30:00+00:00,2,1.1230692575984726,1.0602889885400764,0.11842105263162225,2022-07-28 15:20:00+00:00,2022-07-28 15:35:00+00:00,1744.65,1734.9738571428572,9.67614285714285,6.583333333333333,True,202645,202646,2,1744.41,0.9273885350318544,2.4028169429967687,0.37308254469757596,1.0045325026205638,1.0,tp1,2022,2022-07,2022-07-28,0.031004089587055077,0.968995910412945,0.03-0.05R,2022-07-28 15:30:00+00:00,1.9071428571428766,1739.9830657025323,1744.41,0.9579617834394992,above,above,2.599999999999909,11,Thursday,london_ny_overlap,2.4470816541029587,1.3632958801497512,True,False,False,True,False,False,False,True,True,True,True,True,False,False,False,False,True,False,True,True,True,2022-07-28 15:30:00+00:00,1747.99,1741.3576585357255,3.067142857142861,2.1623842687434403,True,False,10,4,2,True,True,True,False,False,2022-07-28 15:35:00+00:00|demand|1744.65
10247,15min,m15_2c_1atr,supply,1788.0,1784.93,2022-08-02 16:30:00+00:00,2022-08-02 15:30:00+00:00,2022-08-02 15:45:00+00:00,2022-08-02 16:15:00+00:00,3,2.2281563768425494,0.9181798760948247,0.06840390879480154,2022-08-02 17:10:00+00:00,2022-08-02 17:35:00+00:00,1782.12,1788.6337142857142,6.513714285714286,0.6666666666666666,True,203497,203498,4,1782.15,0.841849148418419,4.274059127993671,0.012281779103453861,3.775111851916822,1.0,tp1,2022,2022-08,2022-08-02,0.046056671637862964,0.953943328362137,0.03-0.05R,2022-08-02 17:30:00+00:00,3.2471428571428924,1783.1985506718113,1782.15,0.031630170316327276,above,above,3.0,13,Tuesday,ny_main,-0.3321537484680912,0.9238891333039935,False,True,False,True,False,False,False,False,False,True,True,True,True,False,True,True,True,False,True,True,True,2022-08-02 17:30:00+00:00,1780.36,1781.8739426483214,4.532142857142925,-0.33404565920411233,True,False,2,2,2,True,True,False,True,False,2022-08-02 17:35:00+00:00|supply|1782.12
10331,15min,m15_2c_1atr,demand,1796.77,1791.58,2022-08-10 17:45:00+00:00,2022-08-10 16:30:00+00:00,2022-08-10 16:45:00+00:00,2022-08-10 17:30:00+00:00,4,1.2637459570714749,1.0682152308144814,0.3121387283237189,2022-08-10 19:20:00+00:00,2022-08-10 19:30:00+00:00,1798.63,1791.3718571428572,7.258142857142957,1.5833333333333333,True,205176,205177,1,1798.56,1.0,0.20115338437613955,1.0057669218808545,-1.1325211092959513,-1.0,stop,2022,2022-08,2022-08-10,0.04133288720058203,-1.041332887200582,0.03-0.05R,2022-08-10 19:25:00+00:00,1.099999999999974,1798.0375542079084,1798.56,1.0,above,above,1.740000000000009,15,Wednesday,ny_main,0.5385870837197095,1.5818181818182273,True,False,False,True,False,False,True,True,True,True,True,True,False,False,False,False,True,False,True,True,True,2022-08-10 19:15:00+00:00,1798.56,1798.3522606453196,3.1135714285714067,0.06672060026440027,True,True,6,4,2,True,True,True,False,False,2022-08-10 19:30:00+00:00|demand|1798.63
10495,15min,m15_2c_1atr,supply,1755.97,1741.38,2022-08-26 17:45:00+00:00,2022-08-26 17:00:00+00:00,2022-08-26 17:15:00+00:00,2022-08-26 17:30:00+00:00,2,1.7545931758530469,3.3507217847768946,0.13228238519534438,2022-08-26 17:45:00+00:00,2022-08-26 17:55:00+00:00,1740.76,1756.7941428571428,16.034142857142797,0.0,True,208469,208470,1,1740.79,1.0,1.2747797111521033,0.29374816240344603,0.01683906663459118,1.0,tp1,2022,2022-08,2022-08-26,0.018710074038435907,0.9812899259615641,<=0.03R,2022-08-26 17:50:00+00:00,4.087142857142843,1745.742221315393,1740.79,0.0,below,below,2.9400000000000546,13,Friday,ny_main,-1.2189985741961153,0.719328905976947,False,True,True,True,True,True,True,True,True,True,True,True,False,True,True,False,True,False,True,True,True,2022-08-26 17:45:00+00:00,1741.67,1746.8804766418598,4.720714285714264,-1.103747510758607,True,False,14,4,2,True,True,True,False,False,2022-08-26 17:55:00+00:00|supply|1740.76
10564,15min,m15_2c_1atr,demand,1711.81,1704.63,2022-09-02 16:15:00+00:00,2022-09-02 15:30:00+00:00,2022-09-02 15:45:00+00:00,2022-09-02 16:00:00+00:00,2,2.1105311636475674,3.086275713847034,0.050139275766003924,2022-09-02 16:15:00+00:00,2022-09-02 17:00:00+00:00,1712.2,1704.150142857143,8.049857142857036,0.0,True,209838,209839,8,1712.2,0.6811023622047413,0.7167829065289607,0.5602583896786164,-0.09813838754902161,-0.09813838754902161,time,2022,2022-09,2022-09-02,0.03726774210722511,-0.1354061296562467,0.03-0.05R,2022-09-02 16:55:00+00:00,2.472142857142834,1710.6362754597023,1712.2,0.6850393700787536,above,above,2.269999999999982,13,Friday,ny_main,0.6325380977800632,0.9182317249349912,True,False,False,True,False,False,False,False,False,True,True,False,False,True,True,True,True,False,True,True,True,2022-09-02 16:45:00+00:00,1712.2,1708.8586376608869,2.875714285714285,1.1619243106702548,True,True,5,4,2,True,True,True,False,False,2022-09-02 17:00:00+00:00|demand|1712.2
10767,15min,m15_2c_1atr,supply,1672.03,1669.73,2022-09-22 13:00:00+00:00,2022-09-22 12:15:00+00:00,2022-09-22 12:30:00+00:00,2022-09-22 12:45:00+00:00,2,1.2234563868017247,0.5259719046063251,0.11304347826086784,2022-09-22 14:00:00+00:00,2022-09-22 14:10:00+00:00,1665.74,1672.4262857142858,6.686285714285759,1.0,True,213623,213624,1,1665.71,0.6837416481068886,0.1495598666780607,1.0080335014101305,2.4423126228527203,-1.0,stop,2022,2022-09,2022-09-22,0.04486796000341821,-1.0448679600034183,0.03-0.05R,2022-09-22 14:05:00+00:00,1.9914285714285305,1667.5403858897694,1665.71,0.09576837416482467,inside,inside,2.839999999999918,10,Thursday,london_ny_overlap,-0.9040675199702849,1.4261119081778935,False,True,False,True,False,False,True,True,True,True,True,False,True,False,False,False,True,False,True,True,True,2022-09-22 14:00:00+00:00,1665.4,1667.2955629963978,4.59571428571428,-0.4124631947399539,True,False,4,3,2,True,True,False,False,True,2022-09-22 14:10:00+00:00|supply|1665.74
10798,15min,m15_2c_1atr,supply,1645.23,1642.35,2022-09-26 18:45:00+00:00,2022-09-26 18:00:00+00:00,2022-09-26 18:15:00+00:00,2022-09-26 18:30:00+00:00,2,2.3052099533437267,0.7838258164852614,0.05555555555558187,2022-09-27 14:40:00+00:00,2022-09-27 14:55:00+00:00,1637.73,1645.5452857142857,7.815285714285665,19.916666666666668,True,214460,214461,2,1637.73,0.9771241830065563,2.936552909134139,0.34931544409308224,0.3314018315754756,1.0,tp1,2022,2022-09,2022-09-27,0.038386312537701084,0.9616136874622989,0.03-0.05R,2022-09-27 14:50:00+00:00,1.5335714285714144,1639.3241969530477,1637.73,0.022875816993443654,above,above,3.199999999999818,10,Tuesday,london_ny_overlap,-1.0395322469803354,2.0866325104796397,False,True,False,True,False,False,False,True,True,True,True,True,True,False,True,True,True,False,True,True,True,2022-09-27 14:45:00+00:00,1636.59,1637.4601363303725,2.461428571428558,-0.3535086658507343,True,False,4,4,2,True,True,False,True,False,2022-09-27 14:55:00+00:00|supply|1637.73
10830,15min,m15_2c_1atr,demand,1629.18,1622.39,2022-09-28 15:15:00+00:00,2022-09-28 14:30:00+00:00,2022-09-28 14:45:00+00:00,2022-09-28 15:00:00+00:00,2,1.2437863564252185,1.6756566190727913,0.3210603829160641,2022-09-28 15:15:00+00:00,2022-09-28 15:20:00+00:00,1631.98,1621.8957142857143,10.08428571428567,0.0,True,214741,214742,0,1632.08,0.9252336448598766,3.0542569769089196,0.002974925626856636,2.2797846720498764,1.0,tp1,2022,2022-09,2022-09-28,0.029749256268593413,0.9702507437314066,<=0.03R,2022-09-28 15:15:00+00:00,2.190000000000022,1628.038207143187,1632.08,0.9937694704049898,above,above,15.689999999999827,11,Wednesday,london_ny_overlap,1.799905414069836,7.164383561643684,True,False,True,True,True,False,True,True,True,True,True,True,False,False,False,False,True,False,True,True,True,2022-09-28 15:15:00+00:00,1635.57,1628.116897018951,4.4978571428571446,1.6570341707906109,True,False,5,1,1,True,True,True,False,False,2022-09-28 15:20:00+00:00|demand|1631.98
10860,15min,m15_2c_1atr,supply,1672.13,1668.57,2022-09-30 13:30:00+00:00,2022-09-30 12:15:00+00:00,2022-09-30 12:30:00+00:00,2022-09-30 13:15:00+00:00,4,1.5123263110712137,1.116987897803704,0.3314606741573052,2022-09-30 15:30:00+00:00,2022-09-30 15:55:00+00:00,1665.17,1672.5945714285715,7.424571428571426,2.0,True,215300,215301,4,1665.15,0.7666666666666523,0.42696067113061875,1.0115061956438074,-0.49699838374507044,-1.0,stop,2022,2022-09,2022-09-30,0.04040637266220274,-1.0404063726622028,0.03-0.05R,2022-09-30 15:50:00+00:00,2.3314285714285137,1666.1885819748059,1665.15,0.1857142857143414,below,below,4.330000000000155,11,Friday,london_ny_overlap,-0.4368917784093544,1.857230392156975,False,True,False,True,False,False,False,False,False,True,True,True,False,False,True,False,True,False,True,True,True,2022-09-30 15:45:00+00:00,1664.56,1665.6340015887822,3.2257142857142753,-0.33295000537980024,True,False,5,4,2,True,True,True,False,False,2022-09-30 15:55:00+00:00|supply|1665.17
10861,15min,m15_2c_1atr,demand,1664.23,1662.22,2022-09-30 15:45:00+00:00,2022-09-30 15:00:00+00:00,2022-09-30 15:15:00+00:00,2022-09-30 15:30:00+00:00,2,1.6793686583990728,0.6344983089064213,0.16915422885568143,2022-09-30 15:55:00+00:00,2022-09-30 16:35:00+00:00,1669.47,1661.6462857142858,7.823714285714232,0.16666666666666666,True,215308,215309,7,1669.39,0.8764607679465763,0.7490048570280755,1.0774933352810294,2.7097104042654445,-1.0,stop,2022,2022-09,2022-09-30,0.03834495855092602,-1.0383449585509261,0.03-0.05R,2022-09-30 16:30:00+00:00,2.741428571428579,1665.4614946912434,1669.39,0.9716193656093748,inside,inside,4.330000000000155,12,Friday,ny_main,1.462195787456821,1.5794684731631579,True,False,False,True,False,False,False,False,False,True,True,True,True,False,True,False,True,False,True,True,True,2022-09-30 16:30:00+00:00,1668.94,1665.815120089098,3.3792857142857105,0.9247161013026756,True,False,6,4,2,True,True,False,False,True,2022-09-30 16:35:00+00:00|demand|1669.47
10947,15min,m15_2c_1atr,demand,1664.19,1662.68,2022-10-11 14:15:00+00:00,2022-10-11 13:30:00+00:00,2022-10-11 13:45:00+00:00,2022-10-11 14:00:00+00:00,2,2.071927554980576,0.5469598965071041,0.17218543046357118,2022-10-11 17:05:00+00:00,2022-10-11 17:35:00+00:00,1668.6,1662.1967142857143,6.40328571428563,2.8333333333333335,True,217252,217253,5,1668.59,0.584192439862464,2.3893982999799808,1.01354215469738,0.03591905941146618,1.0,tp1,2022,2022-10,2022-10-11,0.04685094705843044,0.9531490529415696,0.03-0.05R,2022-10-11 17:30:00+00:00,2.3135714285714033,1667.4836937488944,1668.59,0.8144329896906612,above,above,3.8899999999998727,13,Tuesday,ny_main,0.48250347377205177,1.6813831429453168,True,False,False,True,False,False,False,False,False,True,False,False,True,False,True,True,True,False,True,True,True,2022-10-11 17:30:00+00:00,1669.34,1668.5505720897631,3.15428571428572,0.25027152951347204,True,False,8,4,2,True,True,True,False,False,2022-10-11 17:35:00+00:00|demand|1668.6
11027,15min,m15_2c_1atr,supply,1647.0,1641.93,2022-10-19 11:30:00+00:00,2022-10-19 10:45:00+00:00,2022-10-19 11:00:00+00:00,2022-10-19 11:15:00+00:00,2,1.7931555108203028,1.786109713135357,0.3471400394477343,2022-10-19 11:50:00+00:00,2022-10-19 12:00:00+00:00,1640.84,1647.2572857142857,6.417285714285754,0.3333333333333333,True,218841,218842,1,1640.85,0.6875000000000999,2.8641392667126375,0.21036931501972123,0.9240666948642862,1.0,tp1,2022,2022-10,2022-10-19,0.046748736671044434,0.9532512633289556,0.03-0.05R,2022-10-19 11:55:00+00:00,1.4550000000000085,1641.14731756798,1640.85,0.21874999999998335,missing,missing,,8,Wednesday,london_ny_overlap,-0.21121482335404357,,False,True,False,True,False,False,True,True,True,True,True,False,False,False,True,False,True,False,True,True,True,2022-10-19 11:45:00+00:00,1640.85,1641.678525888982,2.9378571428571507,-0.2820170786712658,True,True,4,4,2,True,True,False,False,False,2022-10-19 12:00:00+00:00|supply|1640.84
11058,15min,m15_2c_1atr,demand,1635.77,1629.31,2022-10-21 16:45:00+00:00,2022-10-21 16:00:00+00:00,2022-10-21 16:15:00+00:00,2022-10-21 16:30:00+00:00,2,1.8381253116170442,1.5030746219046047,0.21671826625384763,2022-10-21 17:35:00+00:00,2022-10-21 17:45:00+00:00,1639.97,1628.6495714285713,11.320428571428693,0.8333333333333334,True,219462,219463,1,1639.99,0.5802047781569994,2.69424428656156,0.2959251921305441,0.8939590878689408,1.0,tp1,2022,2022-10,2022-10-21,0.026500763474376,0.973499236525624,<=0.03R,2022-10-21 17:40:00+00:00,3.3964285714285682,1638.9979493450003,1639.99,0.8566552901023674,above,above,2.839999999999918,13,Friday,ny_main,0.2861978794951942,0.8361724500525529,True,False,True,True,True,False,True,True,True,True,False,False,False,False,True,False,True,False,True,True,True,2022-10-21 17:30:00+00:00,1639.99,1636.428395255335,5.130000000000011,0.6942699307339008,True,True,2,2,2,True,True,True,False,False,2022-10-21 17:45:00+00:00|demand|1639.97
11317,15min,m15_2c_1atr,supply,1766.65,1764.58,2022-11-17 14:45:00+00:00,2022-11-17 14:00:00+00:00,2022-11-17 14:15:00+00:00,2022-11-17 14:30:00+00:00,2,1.239867907535279,0.8700090063044714,0.16908212560391728,2022-11-17 15:00:00+00:00,2022-11-17 15:05:00+00:00,1759.75,1767.0468571428573,7.296857142857334,0.25,True,224674,224675,0,1759.74,0.8017543859648947,0.7208582951564073,1.0374329456908682,-0.08085672892437681,-1.0,stop,2022,2022-11,2022-11-17,0.04111359097850239,-1.0411135909785023,0.03-0.05R,2022-11-17 15:00:00+00:00,1.788571428571426,1762.9644743794993,1759.74,0.12982456140350934,below,below,3.1200000000001182,10,Thursday,london_ny_overlap,-1.7972300843845836,1.7444089456869696,False,True,False,True,False,False,True,True,True,True,True,True,True,False,False,False,True,False,True,True,True,2022-11-17 15:00:00+00:00,1759.78,1763.2769921541155,2.8107142857143117,-1.2441649341198828,True,False,3,1,1,True,True,True,False,False,2022-11-17 15:05:00+00:00|supply|1759.75
11377,15min,m15_2c_1atr,demand,1744.58,1743.02,2022-11-23 20:45:00+00:00,2022-11-23 19:45:00+00:00,2022-11-23 20:00:00+00:00,2022-11-23 20:30:00+00:00,3,1.5487465181058697,0.8690807799442791,0.08974358974365701,2022-11-23 20:50:00+00:00,2022-11-23 21:05:00+00:00,1751.25,1742.6592857142857,8.590714285714284,0.08333333333333333,True,225850,225851,2,1751.25,0.6997219647821892,0.8613951941465144,0.40276045564147767,0.16296665835205185,0.16296665835205185,time,2022,2022-11,2022-11-23,0.034921426789723126,0.12804523156232872,0.03-0.05R,2022-11-23 21:00:00+00:00,1.6171428571428481,1746.2113235684863,1751.25,0.8016682113067598,above,above,2.290000000000191,16,Wednesday,ny_main,3.1157893127735377,1.416077738516027,True,False,False,True,False,False,False,True,True,True,True,False,True,False,True,False,True,False,True,True,True,2022-11-23 21:00:00+00:00,1749.54,1745.160102318356,2.3821428571428345,1.8386377074367894,True,False,1,1,1,True,True,True,False,False,2022-11-23 21:05:00+00:00|demand|1751.25
11731,15min,m15_2c_1atr,supply,1822.98,1818.6,2022-12-30 17:15:00+00:00,2022-12-30 16:30:00+00:00,2022-12-30 16:45:00+00:00,2022-12-30 17:00:00+00:00,2,1.8318407960198952,1.5253731343283945,0.2237442922374415,2022-12-30 17:20:00+00:00,2022-12-30 17:40:00+00:00,1816.82,1823.4018571428571,6.581857142857189,0.08333333333333333,True,232900,232901,3,1816.79,0.7159090909090895,0.37983200573003445,1.0939161765025063,-2.196948321142525,-1.0,stop,2022,2022-12,2022-12-30,0.04557984068760414,-1.0455798406876042,0.03-0.05R,2022-12-30 17:35:00+00:00,2.323571428571459,1817.7181286934917,1816.79,0.0,below,below,2.339999999999918,12,Friday,ny_main,-0.3865294100487249,1.0070703965569758,False,True,False,True,False,False,False,False,True,True,True,True,False,False,True,False,True,False,True,True,True,2022-12-30 17:30:00+00:00,1816.18,1818.3002498076326,3.1107142857142986,-0.6815958049794428,True,False,8,4,2,True,True,True,False,False,2022-12-30 17:40:00+00:00|supply|1816.82
11951,15min,m15_2c_1atr,supply,1922.63,1919.76,2023-01-23 16:30:00+00:00,2023-01-23 15:45:00+00:00,2023-01-23 16:00:00+00:00,2023-01-23 16:15:00+00:00,2,1.5466732869910795,0.997517378351581,0.017421602787439882,2023-01-23 16:50:00+00:00,2023-01-23 17:00:00+00:00,1916.67,1923.221142857143,6.55114285714285,0.3333333333333333,True,237000,237001,1,1916.67,0.9915966386554697,0.8074926948405903,1.1768938898338417,-2.4743774259671243,-1.0,stop,2023,2023-01,2023-01-23,0.045793536569409966,-1.04579353656941,0.03-0.05R,2023-01-23 16:55:00+00:00,2.8764285714285376,1917.8281081697721,1916.67,0.0,below,below,2.5,12,Monday,ny_main,-0.40262017325077926,0.8691333498882645,False,True,False,True,False,False,True,True,True,True,True,True,True,False,True,False,True,False,True,True,True,2023-01-23 16:45:00+00:00,1916.67,1919.3338335367043,3.441428571428576,-0.7740487653354003,True,True,3,2,1,True,True,True,False,False,2023-01-23 17:00:00+00:00|supply|1916.67
12156,15min,m15_2c_1atr,supply,1868.54,1866.33,2023-02-10 17:00:00+00:00,2023-02-10 16:15:00+00:00,2023-02-10 16:30:00+00:00,2023-02-10 16:45:00+00:00,2,1.826086956521771,0.7155411655874306,0.2624434389140928,2023-02-10 17:15:00+00:00,2023-02-10 17:25:00+00:00,1862.72,1869.1011428571428,6.381142857142777,0.25,True,240869,240870,1,1862.72,0.7014925373134248,1.6439061520551845,0.6111757857974252,1.5279394644936164,1.0,tp1,2023,2023-02,2023-02-10,0.047013521984418966,0.952986478015581,0.03-0.05R,2023-02-10 17:20:00+00:00,2.7278571428571468,1863.8840554826772,1862.72,0.2119402985074793,inside,inside,2.4600000000000364,12,Friday,ny_main,-0.426728901740795,0.9018067556952202,False,True,False,True,False,False,True,True,True,True,True,True,True,False,True,False,True,False,True,True,True,2023-02-10 17:15:00+00:00,1864.19,1864.5573056386922,3.6471428571428532,-0.10071051589680034,True,False,4,3,2,True,True,False,False,True,2023-02-10 17:25:00+00:00|supply|1862.72
12184,15min,m15_2c_1atr,supply,1866.55,1858.72,2023-02-14 16:30:00+00:00,2023-02-14 15:45:00+00:00,2023-02-14 16:00:00+00:00,2023-02-14 16:15:00+00:00,2,2.3571705676968824,1.4175611017716163,0.12132822477647853,2023-02-14 17:00:00+00:00,2023-02-14 17:40:00+00:00,1856.54,1867.3504285714284,10.810428571428474,0.5,True,241424,241425,7,1856.54,0.9027027027027309,2.4032349715222305,0.3274615781057969,1.9286931930807643,1.0,tp1,2023,2023-02,2023-02-14,0.0277509811954068,0.9722490188045932,<=0.03R,2023-02-14 17:35:00+00:00,4.303571428571478,1858.8623069578339,1856.54,0.09189189189186864,inside,inside,3.5399999999999636,12,Tuesday,ny_main,-0.5396231935215677,0.822572614107866,False,True,True,True,True,False,False,False,False,True,True,True,False,False,True,True,True,False,True,True,True,2023-02-14 17:30:00+00:00,1855.08,1857.2790286164825,7.675000000000003,-0.28651838651238615,True,False,7,4,2,True,True,False,False,True,2023-02-14 17:40:00+00:00|supply|1856.54
12273,15min,m15_2c_1atr,supply,1830.13,1829.12,2023-02-23 10:30:00+00:00,2023-02-23 09:45:00+00:00,2023-02-23 10:00:00+00:00,2023-02-23 10:15:00+00:00,2,1.0824215900801388,0.5156819839534117,0.04950495049499378,2023-02-23 16:15:00+00:00,2023-02-23 16:35:00+00:00,1824.52,1830.7985714285714,6.2785714285714675,5.75,True,243311,243312,3,1824.53,0.5957446808510677,2.4671217292377565,0.8202502844141163,2.127872582480062,1.0,tp1,2023,2023-02,2023-02-23,0.04778156996587001,0.95221843003413,0.03-0.05R,2023-02-23 16:30:00+00:00,3.247857142857161,1825.6248200206524,1824.53,0.06648936170212782,below,below,2.3600000000001273,11,Thursday,london_ny_overlap,-0.34016890893189083,0.7266329447988036,False,True,False,True,False,False,False,False,True,True,False,False,True,False,False,False,True,False,True,True,True,2023-02-23 16:30:00+00:00,1823.75,1825.1477003274433,3.5421428571428675,-0.39459174398480307,True,False,3,2,1,True,True,True,False,False,2023-02-23 16:35:00+00:00|supply|1824.52
12288,15min,m15_2c_1atr,supply,1817.67,1814.14,2023-02-24 16:30:00+00:00,2023-02-24 15:45:00+00:00,2023-02-24 16:00:00+00:00,2023-02-24 16:15:00+00:00,2,1.4112903225806501,1.1722011385199191,0.24645892351271886,2023-02-24 16:30:00+00:00,2023-02-24 16:45:00+00:00,1809.76,1818.2042857142858,8.444285714285797,0.0,True,243589,243590,2,1809.76,0.870454545454511,0.36592793097613285,1.0729149044154795,-0.7590932160378977,-1.0,stop,2023,2023-02,2023-02-24,0.03552698358991675,-1.0355269835899168,0.03-0.05R,2023-02-24 16:40:00+00:00,2.84714285714285,1812.3671936259695,1809.76,0.04545454545455485,below,below,3.910000000000082,11,Friday,london_ny_overlap,-0.9157227988854466,1.3733065730055516,False,True,False,True,False,False,False,True,True,True,True,True,False,False,False,False,True,False,True,True,True,2023-02-24 16:30:00+00:00,1809.76,1813.6322709975884,3.231428571428572,-1.198315516495093,True,True,2,2,1,True,True,True,False,False,2023-02-24 16:45:00+00:00|supply|1809.76
12326,15min,m15_2c_1atr,demand,1833.76,1831.36,2023-03-01 13:15:00+00:00,2023-03-01 12:30:00+00:00,2023-03-01 12:45:00+00:00,2023-03-01 13:00:00+00:00,2,1.4234449760764858,1.004784688995245,0.2624999999999408,2023-03-01 17:10:00+00:00,2023-03-01 17:20:00+00:00,1839.16,1830.8249999999998,8.335000000000264,3.9166666666666665,True,244424,244425,1,1839.33,0.7995867768594951,0.46790641871622557,1.064187162567467,-0.19076184763048532,-1.0,stop,2023,2023-03,2023-03-01,0.03599280143971092,-1.0359928014397108,0.03-0.05R,2023-03-01 17:15:00+00:00,2.576428571428567,1838.8567127769024,1839.33,1.0,above,above,3.8700000000001182,12,Wednesday,ny_main,0.11771613871269697,1.50207929026897,True,False,False,True,False,False,True,True,True,True,True,True,False,False,False,False,True,False,True,True,True,2023-03-01 17:15:00+00:00,1838.29,1838.2617000587175,3.80428571428573,0.0074389631610057546,True,False,7,4,2,True,True,True,False,False,2023-03-01 17:20:00+00:00|demand|1839.16
12442,15min,m15_2c_1atr,demand,1899.92,1894.51,2023-03-13 15:45:00+00:00,2023-03-13 14:30:00+00:00,2023-03-13 14:45:00+00:00,2023-03-13 15:30:00+00:00,4,2.226520105746481,1.0538472241547312,0.3475046210721036,2023-03-13 15:55:00+00:00,2023-03-13 16:10:00+00:00,1902.87,1893.661,9.208999999999833,0.16666666666666666,True,246630,246631,2,1902.87,0.6557788944723337,1.2759257248344242,0.8057335215549984,0.5179715495711039,1.0,tp1,2023,2023-03,2023-03-13,0.03257682701704913,0.9674231729829509,0.03-0.05R,2023-03-13 16:05:00+00:00,4.247857142857177,1901.8785192982969,1902.87,0.9924623115577387,above,above,6.980000000000018,12,Monday,ny_main,0.2334072612046821,1.6431814360181514,True,False,False,True,False,False,False,True,True,True,True,False,False,False,True,True,True,False,True,True,True,2023-03-13 16:00:00+00:00,1907.9,1900.245492688584,6.445000000000034,1.187665990910185,True,False,1,1,1,True,True,True,False,False,2023-03-13 16:10:00+00:00|demand|1902.87
12510,15min,m15_2c_1atr,supply,1988.62,1981.59,2023-03-20 12:45:00+00:00,2023-03-20 12:00:00+00:00,2023-03-20 12:15:00+00:00,2023-03-20 12:30:00+00:00,2,1.4294677190851914,0.9959522363893893,0.2588904694168095,2023-03-20 12:55:00+00:00,2023-03-20 13:30:00+00:00,1981.03,1989.2665714285713,8.236571428571324,0.16666666666666666,True,247978,247979,6,1981.06,0.9927272727272793,2.4949701678923533,0.6750381573470257,1.9923338420979957,1.0,tp1,2023,2023-03,2023-03-20,0.036422922159012536,0.9635770778409875,0.03-0.05R,2023-03-20 13:25:00+00:00,3.2649999999999864,1982.0702587126825,1981.06,0.0,missing,inside,,9,Monday,london_ny_overlap,-0.3186091003621893,,False,True,False,True,False,False,False,False,False,True,True,True,True,False,False,False,True,False,True,True,True,2023-03-20 13:15:00+00:00,1981.06,1983.9876492686867,6.175000000000019,-0.4741132418925919,True,True,1,1,1,True,True,False,False,False,2023-03-20 13:30:00+00:00|supply|1981.03
12524,15min,m15_2c_1atr,supply,1969.34,1966.54,2023-03-21 14:15:00+00:00,2023-03-21 13:15:00+00:00,2023-03-21 13:30:00+00:00,2023-03-21 14:00:00+00:00,3,1.749999999999978,1.0745614035087538,0.33571428571422945,2023-03-21 14:35:00+00:00,2023-03-21 14:45:00+00:00,1963.18,1969.8084285714285,6.628428571428458,0.3333333333333333,True,248269,248270,1,1963.11,0.7102040816326436,4.361516411991725,0.4028104053966516,3.2677428392853978,1.0,tp1,2023,2023-03,2023-03-21,0.04525959611198595,0.9547404038880141,0.03-0.05R,2023-03-21 14:40:00+00:00,2.356428571428572,1964.31271497773,1963.11,0.15102040816321796,below,below,2.7999999999999545,10,Tuesday,london_ny_overlap,-0.4806914121921145,1.1882388602606653,False,True,False,True,False,False,True,True,True,True,True,True,False,False,True,False,True,False,True,True,True,2023-03-21 14:30:00+00:00,1963.11,1965.3296946283417,2.8957142857142832,-0.7665447655842478,True,True,2,2,2,True,True,True,False,False,2023-03-21 14:45:00+00:00|supply|1963.18
12571,15min,m15_2c_1atr,supply,1994.76,1990.6,2023-03-24 18:00:00+00:00,2023-03-24 17:15:00+00:00,2023-03-24 17:30:00+00:00,2023-03-24 17:45:00+00:00,2,1.0982189628077559,0.7627029858564853,0.036057692307658804,2023-03-24 18:15:00+00:00,2023-03-24 18:25:00+00:00,1988.13,1995.3082857142856,7.178285714285494,0.25,True,249141,249142,1,1988.45,0.4802259887005185,6.139348829804383,0.07940614551822316,4.917608661041412,1.0,tp1,2023,2023-03,2023-03-24,0.04179270816749053,0.9582072918325095,0.03-0.05R,2023-03-24 18:20:00+00:00,2.676428571428492,1989.029258949983,1988.45,0.30508474576269445,below,below,4.420000000000073,14,Friday,ny_main,-0.3359921350349584,1.6514544969309541,False,True,False,True,False,False,True,True,True,True,False,False,True,False,False,False,True,False,True,True,True,2023-03-24 18:15:00+00:00,1985.29,1989.8816222581627,5.403571428571403,-0.8497384218675257,True,False,11,4,2,True,True,True,False,False,2023-03-24 18:25:00+00:00|supply|1988.13
12679,15min,m15_2c_1atr,supply,2032.09,2030.1,2023-04-05 16:45:00+00:00,2023-04-05 16:00:00+00:00,2023-04-05 16:15:00+00:00,2023-04-05 16:30:00+00:00,2,2.0414605418138816,0.6563015312131838,0.16582914572872015,2023-04-05 17:00:00+00:00,2023-04-05 17:10:00+00:00,2024.32,2032.8701428571428,8.550142857142873,0.25,True,251322,251323,1,2024.42,0.5399610136452331,2.7438138042806295,0.3216320529314458,1.7192695193062792,1.0,tp1,2023,2023-04,2023-04-05,0.035087133047066815,0.9649128669529332,0.03-0.05R,2023-04-05 17:05:00+00:00,3.584285714285735,2025.371133047404,2024.42,0.1461988304093601,inside,inside,3.160000000000082,13,Wednesday,ny_main,-0.29326151183057425,0.8816261458748683,False,True,False,True,False,False,True,True,True,True,False,False,True,False,True,True,True,False,True,True,True,2023-04-05 17:00:00+00:00,2025.02,2025.9722604739684,4.180000000000031,-0.2278135105187563,True,False,2,2,2,True,True,False,False,True,2023-04-05 17:10:00+00:00|supply|2024.32
12867,15min,m15_2c_1atr,demand,2000.18,1993.92,2023-04-26 16:30:00+00:00,2023-04-26 15:30:00+00:00,2023-04-26 15:45:00+00:00,2023-04-26 16:15:00+00:00,3,3.094193047193659,1.7020780734123104,0.19968051118210892,2023-04-26 17:00:00+00:00,2023-04-26 17:25:00+00:00,2001.78,1993.2318571428573,8.548142857142693,0.5,True,255189,255190,4,2001.75,0.8192771084337174,0.2714039808145439,1.0189347727994622,-2.028510787639784,-1.0,stop,2023,2023-04,2023-04-26,0.03509534234670923,-1.0350953423467093,0.03-0.05R,2023-04-26 17:20:00+00:00,3.42642857142859,2001.4586413917564,2001.75,0.9558232931727311,above,above,1.1400000000001,13,Wednesday,ny_main,0.09378821170336396,0.33270794246406743,True,False,False,True,False,False,False,False,False,True,True,True,False,False,True,True,True,False,True,True,True,2023-04-26 17:15:00+00:00,2002.81,2001.6301848961125,4.894285714285696,0.24105971182755914,True,False,15,4,2,True,True,True,False,False,2023-04-26 17:25:00+00:00|demand|2001.78
12891,15min,m15_2c_1atr,demand,1987.42,1976.24,2023-04-28 16:15:00+00:00,2023-04-28 15:30:00+00:00,2023-04-28 15:45:00+00:00,2023-04-28 16:00:00+00:00,2,1.9602780536246638,3.8857994041708293,0.09660107334525234,2023-04-28 16:15:00+00:00,2023-04-28 16:30:00+00:00,1988.55,1975.567,12.982999999999947,0.0,True,255729,255730,2,1988.56,0.613513513513501,1.3425248401756247,0.8834629900639355,-0.21335592698143674,1.0,tp1,2023,2023-04,2023-04-28,0.023107140106292938,0.9768928598937071,<=0.03R,2023-04-28 16:25:00+00:00,3.3899999999999864,1985.3931005909503,1988.56,0.6783783783783676,above,above,2.0599999999999454,12,Friday,ny_main,0.9312387637314578,0.6076696165191604,True,False,True,True,True,False,False,True,True,True,True,False,False,True,True,False,True,False,True,True,True,2023-04-28 16:15:00+00:00,1988.56,1984.3669226718648,3.0885714285714294,1.3576106057791821,True,True,8,3,2,True,True,True,False,False,2023-04-28 16:30:00+00:00|demand|1988.55
13507,15min,m15_2c_1atr,demand,1912.95,1907.64,2023-06-30 16:30:00+00:00,2023-06-30 15:45:00+00:00,2023-06-30 16:00:00+00:00,2023-06-30 16:15:00+00:00,2,1.1206592113007758,2.187757504414338,0.25800376647836765,2023-06-30 16:30:00+00:00,2023-06-30 17:05:00+00:00,1914.04,1907.1637142857144,6.876285714285586,0.0,True,268068,268069,6,1914.05,0.7591973244147073,2.4722649270786183,0.5744380271741562,2.1028794615033477,1.0,tp1,2023,2023-06,2023-06-30,0.043628204595505024,0.956371795404495,0.03-0.05R,2023-06-30 17:00:00+00:00,2.334285714285735,1912.1456517706865,1914.05,0.7591973244147073,above,above,1.7100000000000364,13,Friday,ny_main,0.8115322891795557,0.7325581395348928,True,False,False,True,False,False,False,False,False,True,True,True,False,True,False,False,True,False,True,True,True,2023-06-30 17:00:00+00:00,1916.69,1912.0131859037513,3.2257142857143077,1.449853794231236,True,False,3,1,1,True,True,True,False,False,2023-06-30 17:05:00+00:00|demand|1914.04
13647,15min,m15_2c_1atr,supply,1962.63,1958.62,2023-07-14 16:00:00+00:00,2023-07-14 15:15:00+00:00,2023-07-14 15:30:00+00:00,2023-07-14 15:45:00+00:00,2,1.8935472110827705,2.046664236237803,0.18204488778054326,2023-07-14 16:40:00+00:00,2023-07-14 17:05:00+00:00,1953.54,1963.161142857143,9.621142857143013,0.6666666666666666,True,270796,270797,4,1953.54,0.547226386806623,0.8075963651481706,0.8845103046860927,0.1361584605333413,0.1361584605333413,time,2023,2023-07,2023-07-14,0.031181326839697775,0.10497713369364352,0.03-0.05R,2023-07-14 17:00:00+00:00,2.4199999999999915,1957.572768754546,1953.54,0.39130434782608103,below,below,1.4099999999998545,13,Friday,ny_main,-1.666433369647089,0.5826446280991154,False,True,False,True,False,False,False,False,False,True,False,False,False,True,True,False,True,False,True,True,True,2023-07-14 17:00:00+00:00,1952.79,1957.1246558744272,3.0650000000000057,-1.4142433521785287,True,False,14,4,2,True,True,True,False,False,2023-07-14 17:05:00+00:00|supply|1953.54
13742,15min,m15_2c_1atr,demand,1955.54,1953.15,2023-07-25 15:00:00+00:00,2023-07-25 14:15:00+00:00,2023-07-25 14:30:00+00:00,2023-07-25 14:45:00+00:00,2,3.2115708039017505,1.125462495795432,0.31799163179917633,2023-07-25 17:00:00+00:00,2023-07-25 17:15:00+00:00,1959.79,1952.7134285714287,7.076571428571242,2.0,True,272730,272731,2,1959.8,0.8301158301158037,2.1606508397933335,0.40132428940568377,1.890746124031073,1.0,tp1,2023,2023-07,2023-07-25,0.042393410852714294,0.9576065891472857,0.03-0.05R,2023-07-25 17:10:00+00:00,2.2028571428571047,1958.1995116525688,1959.8,0.8764478764478971,below,below,2.0900000000001455,13,Tuesday,ny_main,0.7220115714667981,0.9487678339819243,True,False,False,True,False,False,False,True,True,True,True,True,False,False,True,True,True,False,True,True,True,2023-07-25 17:00:00+00:00,1959.8,1958.3762512276921,3.547857142857083,0.40129822452808095,True,True,7,4,2,True,True,False,True,False,2023-07-25 17:15:00+00:00|demand|1959.79
13743,15min,m15_2c_1atr,supply,1963.47,1960.3,2023-07-25 15:45:00+00:00,2023-07-25 15:00:00+00:00,2023-07-25 15:15:00+00:00,2023-07-25 15:30:00+00:00,2,1.1007473841554123,1.326756352765359,0.03154574132489172,2023-07-25 16:00:00+00:00,2023-07-25 16:05:00+00:00,1957.25,1963.853,6.6030000000000655,0.25,True,272716,272717,0,1957.24,0.4898419864559913,0.8571861275177989,1.2342874451007133,-1.4417688929274401,-1.0,stop,2023,2023-07,2023-07-25,0.04543389368468832,-1.0454338936846883,0.03-0.05R,2023-07-25 16:00:00+00:00,1.858571428571411,1958.4079983880963,1957.24,0.2821670428893865,below,below,2.0900000000001455,12,Tuesday,ny_main,-0.6230583179611219,1.1245196003075448,False,True,False,True,False,False,True,True,True,True,False,False,False,False,False,False,True,False,True,True,True,2023-07-25 16:00:00+00:00,1956.72,1958.4999434839185,2.682142857142838,-0.6636273974662849,True,False,9,4,2,True,True,True,False,False,2023-07-25 16:05:00+00:00|supply|1957.25
14628,15min,m15_2c_1atr,demand,1977.65,1963.08,2023-10-25 18:45:00+00:00,2023-10-25 18:00:00+00:00,2023-10-25 18:15:00+00:00,2023-10-25 18:30:00+00:00,2,1.2063933287004984,2.8350243224461824,0.12491420727521729,2023-10-25 19:50:00+00:00,2023-10-25 20:10:00+00:00,1979.6,1962.7177142857142,16.882285714285672,1.0833333333333333,True,290927,290928,3,1979.61,0.8257839721254289,0.8215712158137106,0.4620227457351731,0.33289331167073627,0.33289331167073627,time,2023,2023-10,2023-10-25,0.01777010560519907,0.3151232060655372,<=0.03R,2023-10-25 20:05:00+00:00,1.8328571428571325,1979.0615434219783,1979.61,1.0,above,above,3.7000000000000455,16,Wednesday,ny_main,0.29377989447789443,2.018706157443528,True,False,True,True,True,True,False,False,True,True,True,True,False,True,False,False,True,False,True,True,True,2023-10-25 20:00:00+00:00,1979.6,1979.5681252166678,5.21714285714287,0.006109624406484052,True,False,24,4,2,True,True,True,False,False,2023-10-25 20:10:00+00:00|demand|1979.6
14654,15min,m15_2c_1atr,supply,1986.14,1984.81,2023-10-27 13:45:00+00:00,2023-10-27 13:00:00+00:00,2023-10-27 13:15:00+00:00,2023-10-27 13:30:00+00:00,2,1.2408236347358779,0.8334825425246941,0.06015037593978793,2023-10-27 15:20:00+00:00,2023-10-27 15:55:00+00:00,1978.91,1986.5674285714288,7.657428571428682,1.5833333333333333,True,291428,291429,6,1978.85,0.9703588143526004,0.2664079698518923,1.0852207007200996,-2.5674415133763104,-1.0,stop,2023,2023-10,2023-10-27,0.03917764262527461,-1.0391776426252746,0.03-0.05R,2023-10-27 15:50:00+00:00,1.8871428571428948,1983.171183042738,1978.85,0.028081123244904894,below,below,1.3300000000001546,11,Friday,london_ny_overlap,-2.2580076683697796,0.7047691143074108,False,True,False,True,False,False,False,False,False,True,True,True,True,False,False,False,True,False,True,True,True,2023-10-27 15:45:00+00:00,1980.41,1982.7827306469208,2.64071428571432,-0.8985185030264804,True,False,8,3,2,True,True,True,False,False,2023-10-27 15:55:00+00:00|supply|1978.91
14665,15min,m15_2c_1atr,demand,2000.08,1995.0,2023-10-30 15:15:00+00:00,2023-10-30 14:30:00+00:00,2023-10-30 14:45:00+00:00,2023-10-30 15:00:00+00:00,2,2.276718659734324,2.0543038705950223,0.03937007874016699,2023-10-30 15:30:00+00:00,2023-10-30 16:05:00+00:00,2000.75,1994.5775714285714,6.172428571428554,0.25,True,291718,291719,6,2000.7,0.5912806539509617,0.2818987664035943,1.189159164024338,-0.5880991506006165,-1.0,stop,2023,2023-10,2023-10-30,0.04860323558682634,-1.0486032355868264,0.03-0.05R,2023-10-30 16:00:00+00:00,2.0257142857142787,1999.1633687356236,2000.7,0.7220708446866589,above,above,1.6400000000001,12,Monday,ny_main,0.7832453350235962,0.8095909732017447,True,False,False,True,False,False,False,False,False,True,False,False,False,True,True,True,True,False,True,True,True,2023-10-30 16:00:00+00:00,2000.56,1998.7412212427935,2.926428571428557,0.6215011618474678,True,False,2,2,1,True,True,True,False,False,2023-10-30 16:05:00+00:00|demand|2000.75
14726,15min,m15_2c_1atr,demand,1988.08,1986.91,2023-11-03 14:45:00+00:00,2023-11-03 14:00:00+00:00,2023-11-03 14:15:00+00:00,2023-11-03 14:30:00+00:00,2,6.520435166127671,0.48162305204345307,0.09401709401721527,2023-11-03 15:25:00+00:00,2023-11-03 15:40:00+00:00,1996.46,1986.0945714285715,10.365428571428538,0.6666666666666666,True,292817,292818,2,1996.46,0.6796116504854064,0.3502025965434446,1.1490118250227521,-1.2204029879544767,-1.0,stop,2023,2023-11,2023-11-03,0.028942363350698844,-1.0289423633506989,<=0.03R,2023-11-03 15:35:00+00:00,4.7578571428571355,1995.9875377984267,1996.46,0.8155339805825318,above,above,1.7000000000000455,11,Friday,london_ny_overlap,0.09930146857868662,0.35730370815193924,True,False,True,True,True,False,False,True,True,True,True,False,True,False,True,True,True,False,True,True,True,2023-11-03 15:30:00+00:00,1998.76,1994.9335569244931,4.730714285714287,0.808851020037687,True,False,5,3,2,True,True,True,False,False,2023-11-03 15:40:00+00:00|demand|1996.46
14868,15min,m15_2c_1atr,demand,2000.31,1993.88,2023-11-21 16:15:00+00:00,2023-11-21 15:30:00+00:00,2023-11-21 15:45:00+00:00,2023-11-21 16:00:00+00:00,2,1.7997293640054437,2.4362652232746753,0.09331259720064568,2023-11-21 16:15:00+00:00,2023-11-21 16:30:00+00:00,2001.42,1993.4027142857144,8.017285714285663,0.0,True,296103,296104,2,2001.47,0.7248908296943704,0.7670925322071831,1.1500151458455945,-1.1263163521676416,-1.0,stop,2023,2023-11,2023-11-21,0.037419147912546344,-1.0374191479125463,0.03-0.05R,2023-11-21 16:25:00+00:00,2.4064285714285427,1999.0441999409989,2001.47,0.7772925764192145,above,above,2.3799999999998818,11,Tuesday,london_ny_overlap,0.987272212110938,0.9890175126149819,True,False,False,True,False,False,False,True,True,True,True,True,False,True,True,False,True,False,True,True,True,2023-11-21 16:15:00+00:00,2001.47,1995.7637936775875,2.7978571428570995,2.0394916648909014,True,True,1,1,1,True,True,True,False,False,2023-11-21 16:30:00+00:00|demand|2001.42
14961,15min,m15_2c_1atr,supply,2038.35,2032.77,2023-11-30 16:45:00+00:00,2023-11-30 16:00:00+00:00,2023-11-30 16:15:00+00:00,2023-11-30 16:30:00+00:00,2,1.2547016484792026,1.8137915022057098,0.21326164874553227,2023-11-30 16:45:00+00:00,2023-11-30 17:10:00+00:00,2032.63,2038.8545714285713,6.224571428571153,0.0,True,297957,297958,4,2032.71,0.9082278481012731,0.02570458092354316,1.1052969797117715,-3.760901496373961,-1.0,stop,2023,2023-11,2023-11-30,0.04819608923161877,-1.0481960892316187,0.03-0.05R,2023-11-30 17:05:00+00:00,2.63999999999997,2035.2479418488888,2032.71,0.0,below,below,2.230000000000018,12,Thursday,ny_main,-0.9916446397305707,0.8446969696969862,False,True,False,True,False,False,False,False,False,True,True,True,False,False,False,False,True,False,True,True,True,2023-11-30 17:00:00+00:00,2033.7,2036.4719854577256,3.6542857142856713,-0.7585573965629112,True,False,1,1,1,True,True,True,False,False,2023-11-30 17:10:00+00:00|supply|2032.63
15169,15min,m15_2c_1atr,demand,2043.3,2037.0,2023-12-21 16:45:00+00:00,2023-12-21 16:00:00+00:00,2023-12-21 16:15:00+00:00,2023-12-21 16:30:00+00:00,2,1.0689804772234293,1.9132321041214746,0.3380952380952579,2023-12-21 16:45:00+00:00,2023-12-21 16:50:00+00:00,2045.92,2036.5012857142858,9.418714285714259,0.0,True,302093,302094,0,2045.96,0.9022346368715318,2.625623758171431,0.9757170375089194,1.5076367717765393,1.0,tp1,2023,2023-12,2023-12-21,0.031851481093870954,0.9681485189061291,0.03-0.05R,2023-12-21 16:45:00+00:00,2.6428571428571104,2042.917613984355,2045.96,0.9832402234637021,above,above,3.3099999999999454,11,Thursday,london_ny_overlap,1.1360379518656956,1.2524324324324272,True,False,False,True,False,False,True,True,True,True,True,True,False,False,False,False,True,False,True,True,True,2023-12-21 16:45:00+00:00,2042.09,2040.61493121084,3.5285714285714027,0.4180356892355958,True,False,1,1,1,True,True,True,False,False,2023-12-21 16:50:00+00:00|demand|2045.92
15192,15min,m15_2c_1atr,supply,2063.9,2061.93,2023-12-26 16:00:00+00:00,2023-12-26 15:15:00+00:00,2023-12-26 15:30:00+00:00,2023-12-26 15:45:00+00:00,2,2.599659284497344,1.5661555934129843,0.050761421319744225,2023-12-26 16:25:00+00:00,2023-12-26 16:40:00+00:00,2056.65,2064.2022857142856,7.552285714285517,0.4166666666666667,True,302643,302644,2,2056.7,1.0,0.2780615140165654,1.0102901675935791,-2.9461279461280228,-1.0,stop,2023,2023-12,2023-12-26,0.039723073430939636,-1.0397230734309397,0.03-0.05R,2023-12-26 16:35:00+00:00,1.4092857142856832,2059.7396085802743,2056.7,0.0,below,below,1.2099999999995816,11,Tuesday,london_ny_overlap,-2.1923223580253413,0.8585909782055001,False,True,False,True,False,False,False,True,True,True,True,True,False,False,True,True,True,False,True,True,True,2023-12-26 16:30:00+00:00,2055.83,2059.912462105032,1.849285714285705,-2.207588623810251,True,False,5,3,2,True,True,True,False,False,2023-12-26 16:40:00+00:00|supply|2056.65
15891,15min,m15_2c_1atr,demand,2158.12,2156.8,2024-03-08 08:45:00+00:00,2024-03-08 07:45:00+00:00,2024-03-08 08:00:00+00:00,2024-03-08 08:30:00+00:00,3,2.1909814323606867,0.8169761273207623,0.25,2024-03-08 15:30:00+00:00,2024-03-08 15:35:00+00:00,2178.25,2156.146285714286,22.103714285713977,6.75,True,316909,316910,0,2178.31,0.48724781119145466,0.7663870325607981,0.6546411075061723,0.20358569341933766,0.20358569341933766,time,2024,2024-03,2024-03-08,0.013572379561289177,0.19001331385804848,<=0.03R,2024-03-08 15:30:00+00:00,2.92928571428573,2168.7238534064645,2178.31,0.8115721355157902,above,above,2.3899999999998727,10,Friday,london_ny_overlap,3.2520373642891025,0.8158985613264579,True,False,True,True,True,True,True,True,True,True,False,False,True,False,True,True,True,False,True,True,True,2024-03-08 15:30:00+00:00,2180.81,2169.7654702622976,3.8228571428571416,2.889077285647091,True,False,8,4,2,True,True,True,False,False,2024-03-08 15:35:00+00:00|demand|2178.25
15892,15min,m15_2c_1atr,demand,2161.51,2159.09,2024-03-08 10:15:00+00:00,2024-03-08 09:15:00+00:00,2024-03-08 09:30:00+00:00,2024-03-08 10:00:00+00:00,3,2.244500846023593,1.4331641285955965,0.1363636363636022,2024-03-08 15:30:00+00:00,2024-03-08 15:35:00+00:00,2178.25,2158.436285714286,19.813714285714013,5.25,True,316909,316910,0,2178.31,0.48724781119145466,0.854963373132621,0.7303022437561284,0.22711541789237205,0.22711541789237205,time,2024,2024-03,2024-03-08,0.015141027859491469,0.21197439003288057,<=0.03R,2024-03-08 15:30:00+00:00,2.92928571428573,2168.7238534064645,2178.31,0.8115721355157902,above,above,2.3899999999998727,10,Friday,london_ny_overlap,3.2520373642891025,0.8158985613264579,True,False,True,True,True,True,True,True,True,True,False,False,False,False,True,True,True,False,True,True,True,2024-03-08 15:30:00+00:00,2180.81,2169.7654702622976,3.8228571428571416,2.889077285647091,True,False,4,3,2,True,True,True,False,False,2024-03-08 15:35:00+00:00|demand|2178.25
15896,15min,m15_2c_1atr,demand,2166.67,2164.62,2024-03-08 15:45:00+00:00,2024-03-08 15:00:00+00:00,2024-03-08 15:15:00+00:00,2024-03-08 15:30:00+00:00,2,4.067638266068689,0.5362481315396591,0.33658536585343346,2024-03-08 16:05:00+00:00,2024-03-08 16:45:00+00:00,2169.85,2163.6181428571426,6.2318571428572795,0.3333333333333333,True,316923,316924,7,2169.65,0.7845433255269141,4.0662036081882755,0.311303670082298,2.086055521169979,1.0,tp1,2024,2024-03,2024-03-08,0.04813974279623029,0.9518602572037698,0.03-0.05R,2024-03-08 16:40:00+00:00,5.14285714285724,2169.291376984676,2169.65,0.7845433255269141,above,above,2.3899999999998727,11,Friday,london_ny_overlap,0.10862114186854845,0.4647222222221887,True,False,False,True,False,False,False,False,False,True,True,True,True,False,True,True,True,False,True,True,True,2024-03-08 16:30:00+00:00,2169.65,2169.5643338057885,5.881428571428581,0.014565541886844351,True,True,3,2,2,True,True,True,False,False,2024-03-08 16:45:00+00:00|demand|2169.85
15922,15min,m15_2c_1atr,supply,2180.91,2179.65,2024-03-12 05:15:00+00:00,2024-03-12 04:15:00+00:00,2024-03-12 04:30:00+00:00,2024-03-12 05:00:00+00:00,3,1.868764044944095,0.7928089887639447,0.14285714285703974,2024-03-12 14:40:00+00:00,2024-03-12 14:55:00+00:00,2172.57,2181.7434285714285,9.173428571428303,9.416666666666666,True,317465,317466,2,2172.57,0.8308115543328719,2.3927803905691345,0.16351574423023496,0.7052979101131078,1.0,tp1,2024,2024-03,2024-03-12,0.03270314884604699,0.967296851153953,0.03-0.05R,2024-03-12 14:50:00+00:00,3.964285714285747,2174.5999395213194,2172.57,0.14030261348005288,inside,below,5.989999999999782,10,Tuesday,london_ny_overlap,-0.512056816188621,1.5109909909909236,False,True,False,True,False,False,False,True,True,True,True,True,True,False,True,False,True,False,True,True,True,2024-03-12 14:45:00+00:00,2169.85,2173.3986577561786,4.209285714285735,-0.8430546171135573,True,False,7,4,2,True,True,False,False,True,2024-03-12 14:55:00+00:00|supply|2172.57
16216,15min,m15_2c_1atr,supply,2356.07,2349.05,2024-04-15 11:45:00+00:00,2024-04-15 11:00:00+00:00,2024-04-15 11:15:00+00:00,2024-04-15 11:30:00+00:00,2,1.7867635444637222,1.5523613963038874,0.17806267806267853,2024-04-15 11:50:00+00:00,2024-04-15 12:25:00+00:00,2348.72,2356.575285714286,7.85528571428631,0.08333333333333333,True,323771,323772,6,2348.68,0.7712765957447812,0.29534253550833345,1.057886409514947,-2.7268263407712574,-1.0,stop,2024,2024-04,2024-04-15,0.03819084510884101,-1.038190845108841,0.03-0.05R,2024-04-15 12:20:00+00:00,2.567857142857195,2349.7850280613156,2348.68,0.22872340425521878,missing,missing,,8,Monday,london_ny_overlap,-0.41475362610351874,,False,True,False,True,False,False,False,False,False,True,True,True,False,False,True,False,True,False,True,True,True,2024-04-15 12:15:00+00:00,2347.91,2350.602928187467,4.544285714285739,-0.5925965832213365,True,False,1,1,1,True,True,False,False,False,2024-04-15 12:25:00+00:00|supply|2348.72
16296,15min,m15_2c_1atr,supply,2309.74,2306.28,2024-04-23 12:15:00+00:00,2024-04-23 11:15:00+00:00,2024-04-23 11:30:00+00:00,2024-04-23 12:00:00+00:00,3,2.2655145326001587,0.7610369206597872,0.15317919075152145,2024-04-23 13:55:00+00:00,2024-04-23 14:05:00+00:00,2301.54,2310.1362857142853,8.596285714285386,1.6666666666666667,True,325447,325448,1,2301.61,0.7467811158797579,0.19310665736031218,1.027187821982947,-1.5750988799149692,-1.0,stop,2024,2024-04,2024-04-23,0.034898793498854656,-1.0348987934988547,0.03-0.05R,2024-04-23 14:00:00+00:00,1.9635714285713806,2302.205176696728,2301.61,0.253218884120242,above,above,5.179999999999836,10,Tuesday,london_ny_overlap,-0.3387585941866638,2.638050200072735,False,True,False,True,False,False,True,True,True,True,True,True,True,False,True,True,True,False,True,True,True,2024-04-23 14:00:00+00:00,2300.41,2300.999002938651,4.249285714285601,-0.13861222291333186,True,False,6,4,2,True,True,False,True,False,2024-04-23 14:05:00+00:00|supply|2301.54
16347,15min,m15_2c_1atr,supply,2345.31,2338.43,2024-04-26 17:45:00+00:00,2024-04-26 17:00:00+00:00,2024-04-26 17:15:00+00:00,2024-04-26 17:30:00+00:00,2,1.6375552072944817,1.3722752528850382,0.04215116279069172,2024-04-26 19:15:00+00:00,2024-04-26 19:25:00+00:00,2336.25,2345.715142857143,9.465142857142837,1.5,True,326339,326340,1,2336.05,0.9912280701754456,1.7231646945182302,1.1082769862351882,-1.0406604684858656,1.0,tp1,2024,2024-04,2024-04-26,0.03169524269500128,0.9683047573049988,0.03-0.05R,2024-04-26 19:20:00+00:00,2.044285714285739,2336.770425340073,2336.05,0.008771929824554405,below,below,3.75,15,Friday,ny_main,-0.25457563805106115,1.8343815513626613,False,True,False,True,False,False,True,True,True,True,True,True,False,False,True,False,True,False,True,True,True,2024-04-26 19:15:00+00:00,2336.09,2336.847539035971,4.9542857142857555,-0.15290580310827037,True,False,4,4,2,True,True,True,False,False,2024-04-26 19:25:00+00:00|supply|2336.25
16372,15min,m15_2c_1atr,supply,2306.92,2299.51,2024-04-30 18:00:00+00:00,2024-04-30 17:15:00+00:00,2024-04-30 17:30:00+00:00,2024-04-30 17:45:00+00:00,2,1.3647260273973,1.2688356164383279,0.07692307692303915,2024-04-30 18:25:00+00:00,2024-04-30 18:35:00+00:00,2297.55,2307.5785714285716,10.028571428571468,0.4166666666666667,True,326881,326882,1,2297.63,0.5991902834007553,1.5854700854700883,1.2334757834757677,-0.7069800569800234,1.0,tp1,2024,2024-04,2024-04-30,0.029914529914529798,0.9700854700854702,<=0.03R,2024-04-30 18:30:00+00:00,3.3507142857142753,2297.7285929023633,2297.63,0.09716599190291973,below,below,3.769999999999982,14,Tuesday,ny_main,-0.05329994954345567,1.1251332338520552,False,True,True,True,True,False,True,True,True,True,False,False,False,False,False,False,True,False,True,True,True,2024-04-30 18:30:00+00:00,2295.03,2299.1276331244576,6.258571428571453,-0.6547233935448895,True,False,2,2,2,True,True,True,False,False,2024-04-30 18:35:00+00:00|supply|2297.55
16413,15min,m15_2c_1atr,supply,2308.94,2302.25,2024-05-03 16:45:00+00:00,2024-05-03 16:00:00+00:00,2024-05-03 16:15:00+00:00,2024-05-03 16:30:00+00:00,2,2.7425507784307466,0.965666563563255,0.1270553064274891,2024-05-03 17:00:00+00:00,2024-05-03 17:15:00+00:00,2290.02,2310.4174285714284,20.397428571428463,0.25,True,327693,327694,2,2289.97,0.6608594657375111,0.3559272177165092,1.2423134568783316,-1.7879704724685181,-1.0,stop,2024,2024-05,2024-05-03,0.014707736269277717,-1.0147077362692778,<=0.03R,2024-05-03 17:10:00+00:00,7.366428571428547,2292.2735610846653,2289.97,0.28222996515677123,below,below,2.349999999999909,13,Friday,ny_main,-0.30592315703785905,0.3190148356443211,False,True,True,True,True,True,False,True,True,True,True,False,True,False,True,True,True,False,True,True,True,2024-05-03 17:00:00+00:00,2289.97,2294.899740094757,8.685000000000043,-0.5676154398108328,True,True,17,4,2,True,True,True,False,False,2024-05-03 17:15:00+00:00|supply|2290.02
16463,15min,m15_2c_1atr,demand,2312.67,2310.8,2024-05-09 15:00:00+00:00,2024-05-09 13:45:00+00:00,2024-05-09 14:00:00+00:00,2024-05-09 14:45:00+00:00,4,1.736082474226664,0.7711340206185262,0.34224598930476474,2024-05-09 16:10:00+00:00,2024-05-09 16:35:00+00:00,2319.64,2310.0327142857145,9.607285714285354,1.1666666666666667,True,328779,328780,4,2319.63,0.49763033175355653,6.122436841088112,0.22587024728258434,4.408112890514795,1.0,tp1,2024,2024-05,2024-05-09,0.03122630146763734,0.9687736985323626,0.03-0.05R,2024-05-09 16:30:00+00:00,3.730714285714222,2318.9340052435664,2319.63,0.49763033175355653,above,above,2.9900000000002365,12,Thursday,ny_main,0.18923849492760744,0.8014551024316299,True,False,False,True,False,False,False,False,False,True,False,False,True,False,True,False,True,False,True,True,True,2024-05-09 16:30:00+00:00,2319.43,2318.478294204098,4.679999999999999,0.20335593929528722,True,False,6,4,2,True,True,True,False,False,2024-05-09 16:35:00+00:00|demand|2319.64
16490,15min,m15_2c_1atr,supply,2349.41,2345.32,2024-05-13 16:45:00+00:00,2024-05-13 16:00:00+00:00,2024-05-13 16:15:00+00:00,2024-05-13 16:30:00+00:00,2,1.4267515923566043,1.0726863994004594,0.2542787286063673,2024-05-13 17:00:00+00:00,2024-05-13 17:10:00+00:00,2342.33,2349.9731428571426,7.6431428571427205,0.25,True,329336,329337,1,2342.26,0.7020648967550867,1.3319128256887618,1.0218309595903068,-1.109491233972584,1.0,tp1,2024,2024-05,2024-05-13,0.0392508691263885,0.9607491308736115,0.03-0.05R,2024-05-13 17:05:00+00:00,2.8399999999998857,2343.8990270852296,2342.26,0.0,inside,above,3.3400000000001455,13,Monday,ny_main,-0.552474325785115,1.1760563380282676,False,True,False,True,False,False,True,True,True,True,True,True,False,False,False,False,True,False,True,True,True,2024-05-13 17:00:00+00:00,2343.14,2344.487879862622,4.027857142857101,-0.33463944097726744,True,False,3,3,2,True,True,False,False,True,2024-05-13 17:10:00+00:00|supply|2342.33
16502,15min,m15_2c_1atr,demand,2340.2,2338.13,2024-05-14 12:00:00+00:00,2024-05-14 11:15:00+00:00,2024-05-14 11:30:00+00:00,2024-05-14 11:45:00+00:00,2,1.9320673976999188,0.7750735490772059,0.31884057971033913,2024-05-14 15:30:00+00:00,2024-05-14 15:40:00+00:00,2345.13,2337.678142857143,7.4518571428570795,3.5,True,329594,329595,1,2345.07,0.6970260223048775,4.5330981730345306,0.1449303145907934,2.242394034085487,1.0,tp1,2024,2024-05,2024-05-14,0.04025842071966754,0.9597415792803324,0.03-0.05R,2024-05-14 15:35:00+00:00,2.2092857142857674,2344.374938963677,2345.07,0.6970260223048775,inside,below,2.769999999999982,11,Tuesday,london_ny_overlap,0.3417670387495997,1.2537989007435764,True,False,False,True,False,False,True,True,True,True,True,False,True,False,True,False,True,False,True,True,True,2024-05-14 15:30:00+00:00,2346.58,2344.9236645905858,3.1378571428571314,0.5278555823309458,True,False,12,4,2,True,True,False,False,True,2024-05-14 15:40:00+00:00|demand|2345.13
16514,15min,m15_2c_1atr,demand,2359.6,2356.9,2024-05-15 10:15:00+00:00,2024-05-15 09:30:00+00:00,2024-05-15 09:45:00+00:00,2024-05-15 10:00:00+00:00,2,2.0877669902910942,1.4679611650484448,0.05925925925920936,2024-05-15 15:25:00+00:00,2024-05-15 15:35:00+00:00,2370.81,2356.252285714286,14.557714285714155,5.166666666666667,True,329869,329870,1,2370.87,0.48262548262548377,0.34964280106768464,1.2975938137855265,0.206763228136302,-1.0,stop,2024,2024-05,2024-05-15,0.02060763071125784,-1.020607630711258,<=0.03R,2024-05-15 15:30:00+00:00,2.9857142857142662,2364.588327757457,2370.87,0.48262548262548377,above,above,1.680000000000291,11,Wednesday,london_ny_overlap,2.0838136697511938,0.5626794258374217,True,False,True,True,True,False,True,True,True,True,False,False,False,False,True,True,True,False,True,True,True,2024-05-15 15:30:00+00:00,2375.72,2366.755514716413,3.63714285714283,2.4647053018502727,True,False,4,3,2,True,True,True,False,False,2024-05-15 15:35:00+00:00|demand|2370.81
16529,15min,m15_2c_1atr,supply,2380.66,2376.89,2024-05-16 16:45:00+00:00,2024-05-16 16:00:00+00:00,2024-05-16 16:15:00+00:00,2024-05-16 16:30:00+00:00,2,1.5419418758256342,0.8715323645970838,0.1644562334217225,2024-05-16 16:50:00+00:00,2024-05-16 17:00:00+00:00,2375.19,2381.516,6.326000000000022,0.08333333333333333,True,330162,330163,1,2375.19,0.47272727272723014,0.6639266519127819,1.0101169775529324,-6.711982295289265,-1.0,stop,2024,2024-05,2024-05-16,0.04742333227948134,-1.0474233322794813,0.03-0.05R,2024-05-16 16:55:00+00:00,4.2435714285714505,2375.9643848241817,2375.19,0.5242424242424009,below,below,2.5599999999999454,13,Thursday,ny_main,-0.18248422047707583,0.6032654435280096,False,True,False,True,False,False,True,True,True,True,False,False,True,False,True,False,True,False,True,True,True,2024-05-16 16:45:00+00:00,2375.19,2378.602615793219,4.477142857142878,-0.7622307132268962,True,True,1,1,1,True,True,True,False,False,2024-05-16 17:00:00+00:00|supply|2375.19
16736,15min,m15_2c_1atr,supply,2363.94,2362.91,2024-06-06 12:45:00+00:00,2024-06-06 12:00:00+00:00,2024-06-06 12:15:00+00:00,2024-06-06 12:30:00+00:00,2,1.5768512756691053,0.4486621032981599,0.019417475728133907,2024-06-06 15:30:00+00:00,2024-06-06 15:40:00+00:00,2358.25,2364.4238571428573,6.173857142857287,2.75,True,334245,334246,1,2358.24,0.8695652173914171,0.7564152995348994,1.203461600758906,6.6927366545571045,-1.0,stop,2024,2024-06,2024-06-06,0.04859198926348314,-1.0485919892634832,0.03-0.05R,2024-06-06 15:35:00+00:00,2.3449999999999624,2359.79864963168,2358.24,0.13043478260858282,below,below,1.6700000000000728,11,Thursday,london_ny_overlap,-0.6604049602046317,0.7121535181237099,False,True,False,True,False,False,True,True,True,True,True,True,True,False,True,False,True,False,True,True,True,2024-06-06 15:30:00+00:00,2357.81,2359.8756495687894,2.846428571428565,-0.7256987192735913,True,False,1,1,1,True,True,True,False,False,2024-06-06 15:40:00+00:00|supply|2358.25
16757,15min,m15_2c_1atr,supply,2313.26,2307.58,2024-06-07 20:45:00+00:00,2024-06-07 19:30:00+00:00,2024-06-07 19:45:00+00:00,2024-06-07 20:30:00+00:00,4,1.3060338983050892,1.078237288135635,0.26408450704224,2024-06-07 20:45:00+00:00,2024-06-07 20:55:00+00:00,2305.86,2313.706,7.846000000000004,0.0,True,334584,334585,1,2305.85,0.8112449799195943,2.4279887840938277,1.0107060922762978,-0.6538363497323033,1.0,tp1,2024,2024-06,2024-06-07,0.038236043843996925,0.9617639561560031,0.03-0.05R,2024-06-07 20:50:00+00:00,2.2157142857143493,2307.4493560778064,2305.85,0.0,below,below,5.489999999999782,16,Friday,ny_main,-0.7173109313116625,2.477756286266755,False,True,False,True,False,False,True,True,True,True,True,True,False,False,False,False,True,False,True,True,True,2024-06-07 20:45:00+00:00,2305.5,2308.5701967703053,4.913571428571491,-0.6248401625857489,True,False,2,2,2,True,True,True,False,False,2024-06-07 20:55:00+00:00|supply|2305.86
16978,15min,m15_2c_1atr,supply,2334.34,2327.18,2024-07-01 17:45:00+00:00,2024-07-01 17:00:00+00:00,2024-07-01 17:15:00+00:00,2024-07-01 17:30:00+00:00,2,1.1923937360178736,1.601789709172319,0.09916201117318516,2024-07-01 18:10:00+00:00,2024-07-01 18:45:00+00:00,2325.13,2334.796142857143,9.666142857142859,0.4166666666666667,True,338940,338941,6,2325.04,0.9210526315789033,0.6248614456940977,1.005571730487838,0.14793905088456077,-1.0,stop,2024,2024-07,2024-07-01,0.03103616452123021,-1.0310361645212303,0.03-0.05R,2024-07-01 18:40:00+00:00,2.159285714285748,2326.311839284487,2325.04,0.05789473684216951,below,below,2.699999999999818,14,Monday,ny_main,-0.547328811869623,1.2504134965265254,False,True,False,True,False,False,False,False,False,True,True,True,False,False,False,False,True,False,True,True,True,2024-07-01 18:30:00+00:00,2325.04,2326.400323908504,4.837142857142941,-0.2812246709843128,True,True,4,3,2,True,True,True,False,False,2024-07-01 18:45:00+00:00|supply|2325.13
17055,15min,m15_2c_1atr,supply,2368.28,2366.9,2024-07-09 09:00:00+00:00,2024-07-09 07:45:00+00:00,2024-07-09 08:00:00+00:00,2024-07-09 08:45:00+00:00,4,1.362399720962636,0.6738751307987852,0.3043478260869852,2024-07-09 16:40:00+00:00,2024-07-09 17:05:00+00:00,2360.83,2368.9207142857144,8.090714285714512,7.666666666666667,True,340546,340547,4,2360.88,0.6176735798016068,1.4040787498896208,1.0753067890880235,-1.9058885847973426,1.0,tp1,2024,2024-07,2024-07-09,0.03707954445130999,0.96292045554869,0.03-0.05R,2024-07-09 17:00:00+00:00,2.9392857142857207,2364.6618003545505,2360.88,0.034265103697033734,below,below,2.269999999999982,13,Tuesday,ny_main,-1.303650181378061,0.7722964763061889,False,True,False,True,False,False,False,False,False,True,True,False,True,False,False,False,True,False,True,True,True,2024-07-09 17:00:00+00:00,2360.71,2362.7729759323774,4.033571428571382,-0.511451444187783,True,False,3,3,2,True,True,True,False,False,2024-07-09 17:05:00+00:00|supply|2360.83
17204,15min,m15_2c_1atr,demand,2428.35,2419.27,2024-07-24 17:45:00+00:00,2024-07-24 17:00:00+00:00,2024-07-24 17:15:00+00:00,2024-07-24 17:30:00+00:00,2,1.5517040489368192,1.851441887561888,0.23568281938329785,2024-07-24 17:45:00+00:00,2024-07-24 17:55:00+00:00,2431.82,2418.5387142857144,13.281285714285787,0.0,True,343584,343585,1,2431.73,0.9785156249999766,0.015058783035191505,1.1023029181770454,-5.16817433768245,-1.0,stop,2024,2024-07,2024-07-24,0.022588174552807802,-1.0225881745528078,<=0.03R,2024-07-24 17:50:00+00:00,4.070714285714238,2426.6413956932447,2431.73,0.9785156249999766,above,above,2.9600000000000364,13,Wednesday,ny_main,1.272161086060314,0.727145113177768,True,False,True,True,True,False,True,True,True,True,True,True,False,False,True,False,True,False,True,True,True,2024-07-24 17:45:00+00:00,2430.32,2424.078664893648,5.18857142857142,1.2029004885591061,True,False,1,1,1,True,True,True,False,False,2024-07-24 17:55:00+00:00|demand|2431.82
17285,15min,m15_2c_1atr,supply,2454.11,2448.98,2024-08-01 17:30:00+00:00,2024-08-01 16:45:00+00:00,2024-08-01 17:00:00+00:00,2024-08-01 17:15:00+00:00,2,1.4203152364273337,0.898423817863411,0.2436647173489227,2024-08-01 17:30:00+00:00,2024-08-01 17:50:00+00:00,2446.05,2455.1614285714286,9.111428571428405,0.0,True,345239,345240,3,2446.05,0.963636363636314,1.2160551897147083,1.0536218250235276,1.8449357165256342,1.0,tp1,2024,2024-08,2024-08-01,0.03292568203198555,0.9670743179680145,0.03-0.05R,2024-08-01 17:45:00+00:00,5.363571428571439,2449.482694698727,2446.05,0.007272727272720658,above,above,4.769999999999982,13,Thursday,ny_main,-0.64000167508554,0.8893328006392278,False,True,False,True,False,False,False,False,True,True,True,True,True,False,False,False,True,False,True,True,True,2024-08-01 17:45:00+00:00,2448.73,2449.3507798072033,6.40500000000007,-0.0969211252464056,True,False,6,4,2,True,True,False,True,False,2024-08-01 17:50:00+00:00|supply|2446.05
17340,15min,m15_2c_1atr,supply,2401.84,2398.01,2024-08-07 18:45:00+00:00,2024-08-07 18:00:00+00:00,2024-08-07 18:15:00+00:00,2024-08-07 18:30:00+00:00,2,1.6820748059279949,0.946012702893414,0.28981723237601786,2024-08-07 19:50:00+00:00,2024-08-07 20:10:00+00:00,2395.62,2402.2365714285716,6.61657142857166,1.0833333333333333,True,346371,346372,3,2395.61,0.5623342175066051,2.2579670092407964,1.3828914414025044,-4.6066154244751845,1.0,tp1,2024,2024-08,2024-08-07,0.04534070299680297,0.9546592970031971,0.03-0.05R,2024-08-07 20:05:00+00:00,2.010000000000088,2396.9375249656987,2395.61,0.0503978779840996,inside,inside,3.599999999999909,16,Wednesday,ny_main,-0.6554850575615605,1.7910447761192791,False,True,False,True,False,False,False,False,True,True,False,False,True,False,True,False,True,False,True,True,True,2024-08-07 20:00:00+00:00,2395.55,2396.9004396022574,3.8121428571428817,-0.3542468508825338,True,False,1,1,1,True,True,False,False,True,2024-08-07 20:10:00+00:00|supply|2395.62
17353,15min,m15_2c_1atr,demand,2415.47,2409.18,2024-08-08 17:30:00+00:00,2024-08-08 16:45:00+00:00,2024-08-08 17:00:00+00:00,2024-08-08 17:15:00+00:00,2,1.6873134328358477,1.095273631840801,0.20190779014308255,2024-08-08 17:50:00+00:00,2024-08-08 18:25:00+00:00,2415.94,2408.5454285714286,7.394571428571453,0.3333333333333333,True,346626,346627,6,2416.3,0.8118811881189812,2.712800896410478,0.23530775472357357,1.978478420462896,1.0,tp1,2024,2024-08,2024-08-08,0.04057030253854165,0.9594296974614583,0.03-0.05R,2024-08-08 18:20:00+00:00,3.179999999999999,2415.508332702645,2416.3,0.990099009900999,above,above,3.5899999999996908,14,Thursday,ny_main,0.13574443313051388,1.1289308176099662,True,False,False,True,False,False,False,False,False,True,True,True,False,False,True,False,True,False,True,True,True,2024-08-08 18:15:00+00:00,2415.17,2415.0224106575697,6.069285714285635,0.02431741548811505,True,False,3,3,2,True,True,True,False,False,2024-08-08 18:25:00+00:00|demand|2415.94
17355,15min,m15_2c_1atr,demand,2416.71,2412.03,2024-08-08 19:15:00+00:00,2024-08-08 18:00:00+00:00,2024-08-08 18:15:00+00:00,2024-08-08 19:00:00+00:00,4,1.3149076678489091,0.8012718600953705,0.18376068376071739,2024-08-08 20:05:00+00:00,2024-08-08 20:15:00+00:00,2421.75,2411.609428571429,10.140571428571093,0.8333333333333334,True,346648,346649,1,2421.76,0.7652582159624534,1.5078045756790726,0.47334610616480316,0.6114053871294963,1.0,tp1,2024,2024-08,2024-08-08,0.029584131635299073,0.970415868364701,<=0.03R,2024-08-08 20:10:00+00:00,2.1107142857143635,2419.3958533630657,2421.76,0.8544600938967467,above,above,3.5899999999996908,16,Thursday,ny_main,1.1153317400026608,1.7008460236884542,True,False,True,True,True,False,True,True,True,True,True,True,True,False,False,False,True,False,True,True,True,2024-08-08 20:00:00+00:00,2421.76,2419.3384856937537,5.492857142857182,0.44084785809429466,True,True,5,4,2,True,True,True,False,False,2024-08-08 20:15:00+00:00|demand|2421.75
17602,15min,m15_2c_1atr,demand,2490.1,2485.3,2024-09-04 17:15:00+00:00,2024-09-04 16:30:00+00:00,2024-09-04 16:45:00+00:00,2024-09-04 17:00:00+00:00,2,1.2254871636251046,1.0392824002474061,0.08333333333335702,2024-09-04 17:15:00+00:00,2024-09-04 17:25:00+00:00,2491.72,2484.456857142857,7.263142857142611,0.0,True,351828,351829,1,2491.55,0.5448275862069873,4.374139490972176,0.04268124778725643,1.978482357106444,1.0,tp1,2024,2024-09,2024-09-04,0.04130443334251349,0.9586955666574866,0.03-0.05R,2024-09-04 17:20:00+00:00,4.243571428571353,2489.8130677953513,2491.55,0.72873563218394,above,above,4.380000000000109,13,Wednesday,ny_main,0.4493696493027918,1.0321494697862754,True,False,False,True,False,False,True,True,True,True,False,False,False,False,False,False,True,False,True,True,True,2024-09-04 17:15:00+00:00,2492.18,2488.9072026117374,4.786428571428457,0.6837660563449567,True,False,4,3,2,True,True,True,False,False,2024-09-04 17:25:00+00:00|demand|2491.72
17813,15min,m15_2c_1atr,demand,2669.41,2667.08,2024-09-26 13:45:00+00:00,2024-09-26 12:30:00+00:00,2024-09-26 12:45:00+00:00,2024-09-26 13:30:00+00:00,4,2.21109399075496,0.8376990241396454,0.3433476394848722,2024-09-26 15:40:00+00:00,2024-09-26 15:50:00+00:00,2675.41,2666.301,9.108999999999924,1.9166666666666667,True,356225,356226,1,2675.6,0.47004608294933387,0.4995059830936678,1.2844439565265031,-1.0341420573059779,-1.0,stop,2024,2024-09,2024-09-26,0.032934460423757,-1.032934460423757,0.03-0.05R,2024-09-26 15:45:00+00:00,3.827857142857153,2675.5778067968045,2675.6,0.6267281105990768,above,above,6.130000000000109,11,Thursday,london_ny_overlap,-0.04383831228334326,1.6014181750326797,True,False,False,True,False,False,True,True,True,True,False,False,True,False,True,True,True,False,True,True,False,2024-09-26 15:45:00+00:00,2677.31,2676.7824172803234,5.294285714285739,0.09965135018174576,True,False,3,3,2,True,True,True,False,False,2024-09-26 15:50:00+00:00|demand|2675.41
17815,15min,m15_2c_1atr,demand,2668.73,2663.01,2024-09-26 18:45:00+00:00,2024-09-26 17:15:00+00:00,2024-09-26 17:30:00+00:00,2024-09-26 18:30:00+00:00,5,1.0111111111110875,0.7805068226120556,0.2989510489510658,2024-09-26 19:05:00+00:00,2024-09-26 19:50:00+00:00,2669.95,2662.4947142857145,7.45528571428531,0.3333333333333333,True,356273,356274,8,2669.95,0.51724137931023,1.0650161917719623,1.0113629831184512,-3.140054036446009,1.0,tp1,2024,2024-09,2024-09-26,0.04023990649012424,0.9597600935098758,0.03-0.05R,2024-09-26 19:45:00+00:00,2.6178571428571167,2668.543931817074,2669.95,0.8491379310343365,inside,above,6.130000000000109,15,Thursday,ny_main,0.5371065364519532,2.341609822646723,True,False,False,True,False,False,False,False,False,True,False,False,True,False,False,False,True,False,True,True,True,2024-09-26 19:45:00+00:00,2668.23,2668.1034070870505,5.562857142857085,0.022756815373560457,True,False,7,4,2,True,True,False,False,True,2024-09-26 19:50:00+00:00|demand|2669.95
17976,15min,m15_2c_1atr,demand,2641.07,2639.38,2024-10-11 15:00:00+00:00,2024-10-11 14:15:00+00:00,2024-10-11 14:30:00+00:00,2024-10-11 14:45:00+00:00,2,2.152552552552524,0.7105105105105393,0.01775147928978957,2024-10-11 15:45:00+00:00,2024-10-11 16:05:00+00:00,2646.1,2638.843142857143,7.256857142856916,0.75,True,359264,359265,3,2646.09,0.7467362924282459,2.8607425489193683,0.3968660183472065,0.7151856372298421,1.0,tp1,2024,2024-10,2024-10-11,0.041340210244499104,0.9586597897555009,0.03-0.05R,2024-10-11 16:00:00+00:00,2.6057142857142543,2644.1216705930888,2646.09,0.8877284595300667,above,above,1.819999999999709,12,Friday,ny_main,0.7592272943189786,0.6984649122805985,True,False,False,True,False,False,False,False,True,True,True,True,True,False,True,True,True,False,True,True,True,2024-10-11 16:00:00+00:00,2647.69,2643.9631216004727,2.997142857142827,1.2434770637126558,True,False,6,3,2,True,True,True,False,False,2024-10-11 16:05:00+00:00|demand|2646.1
17978,15min,m15_2c_1atr,demand,2649.93,2646.64,2024-10-11 17:15:00+00:00,2024-10-11 16:15:00+00:00,2024-10-11 16:30:00+00:00,2024-10-11 17:00:00+00:00,3,1.2120007229351089,0.8324597867341325,0.18844984802428502,2024-10-11 17:20:00+00:00,2024-10-11 17:25:00+00:00,2652.82,2646.010142857143,6.809857142857254,0.08333333333333333,True,359280,359281,0,2652.83,0.7176470588235263,1.2614067842832208,1.0984077702489936,-1.033795548469633,1.0,tp1,2024,2024-10,2024-10-11,0.044053787576831184,0.9559462124231688,0.03-0.05R,2024-10-11 17:20:00+00:00,3.2471428571428596,2650.5319650623887,2652.83,0.9823529411764871,above,above,1.819999999999709,13,Friday,ny_main,0.7046302051597002,0.5604927408710054,True,False,False,True,False,False,True,True,True,True,True,True,True,False,False,False,True,False,True,True,True,2024-10-11 17:15:00+00:00,2652.78,2648.989479665009,4.048571428571449,0.9362611977747696,True,False,2,2,2,True,True,True,False,False,2024-10-11 17:25:00+00:00|demand|2652.82
18210,15min,m15_2c_1atr,supply,2747.15,2741.55,2024-11-05 17:30:00+00:00,2024-11-05 16:45:00+00:00,2024-11-05 17:00:00+00:00,2024-11-05 17:15:00+00:00,2,3.1011873117136117,1.3893319156476756,0.22857142857138682,2024-11-05 17:45:00+00:00,2024-11-05 18:20:00+00:00,2740.51,2747.6375714285714,7.127571428571173,0.25,True,363983,363984,6,2740.51,0.8172588832486478,1.0915358867978144,1.0971478964985053,10.150722546249389,1.0,tp1,2024,2024-11,2024-11-05,0.0420900727556987,0.9579099272443014,0.03-0.05R,2024-11-05 18:15:00+00:00,2.4692857142856934,2740.9169862312156,2740.51,0.18274111675135224,inside,below,3.019999999999982,13,Tuesday,ny_main,-0.16481941674905506,1.2230257448654933,False,True,False,True,False,False,False,False,False,True,True,True,False,False,True,True,True,False,True,True,True,2024-11-05 18:15:00+00:00,2737.96,2740.3957703886526,4.723571428571437,-0.5156628677020465,True,False,8,4,2,True,True,False,False,True,2024-11-05 18:20:00+00:00|supply|2740.51
18244,15min,m15_2c_1atr,supply,2696.15,2694.02,2024-11-08 08:30:00+00:00,2024-11-08 07:45:00+00:00,2024-11-08 08:00:00+00:00,2024-11-08 08:15:00+00:00,2,2.7581888246628825,0.7182080924855784,0.2206572769951999,2024-11-08 13:40:00+00:00,2024-11-08 14:05:00+00:00,2690.26,2696.4990000000003,6.239000000000033,5.166666666666667,True,364760,364761,4,2690.25,0.7118644067796904,0.6427312069242181,1.0081743869209698,5.649943901266199,-1.0,stop,2024,2024-11,2024-11-08,0.04808462894694637,-1.0480846289469463,0.03-0.05R,2024-11-08 14:00:00+00:00,1.7249999999998766,2691.281360397784,2690.25,0.1991525423728242,missing,missing,,9,Friday,london_ny_overlap,-0.592092984222425,,False,True,False,True,False,False,False,False,False,True,True,True,True,False,True,True,True,False,True,True,True,2024-11-08 14:00:00+00:00,2689.76,2689.8668895922815,3.399999999999961,-0.031438115376846584,True,False,6,4,2,True,True,False,False,False,2024-11-08 14:05:00+00:00|supply|2690.26
18277,15min,m15_2c_1atr,demand,2606.62,2600.88,2024-11-12 15:30:00+00:00,2024-11-12 14:30:00+00:00,2024-11-12 14:45:00+00:00,2024-11-12 15:15:00+00:00,3,2.2592691384369266,1.071752467324592,0.0034843205574882526,2024-11-12 15:40:00+00:00,2024-11-12 15:50:00+00:00,2609.04,2600.1330000000003,8.906999999999698,0.16666666666666666,True,365333,365334,1,2609.03,0.7083333333334567,0.903783541035192,1.1575165600090147,-0.6421915347479503,-1.0,stop,2024,2024-11,2024-11-12,0.0336813742000685,-1.0336813742000686,0.03-0.05R,2024-11-12 15:45:00+00:00,3.8657142857142452,2608.4929114607485,2609.03,0.9010416666667487,above,above,6.619999999999891,10,Tuesday,london_ny_overlap,0.1415232732727447,1.7124907612712388,True,False,False,True,False,False,True,True,True,True,True,True,False,False,True,True,True,False,True,True,True,2024-11-12 15:45:00+00:00,2611.67,2606.5337612584576,5.756428571428485,0.8922613522967549,True,False,2,2,1,True,True,True,False,False,2024-11-12 15:50:00+00:00|demand|2609.04
18289,15min,m15_2c_1atr,demand,2608.72,2605.87,2024-11-13 14:15:00+00:00,2024-11-13 13:30:00+00:00,2024-11-13 13:45:00+00:00,2024-11-13 14:00:00+00:00,2,1.0755755755754728,0.9984984984984657,0.0947368421052598,2024-11-13 15:10:00+00:00,2024-11-13 15:35:00+00:00,2612.46,2605.37,7.0900000000001455,0.9166666666666666,True,365606,365607,4,2611.09,0.5752941176470439,0.5543018335683717,1.5952045133991133,-6.836389280676905,-1.0,stop,2024,2024-11,2024-11-13,0.04231311706628968,-1.0423131170662896,0.03-0.05R,2024-11-13 15:30:00+00:00,2.332142857142896,2609.5343675151307,2611.09,0.09176470588237648,inside,inside,2.8099999999999454,10,Wednesday,london_ny_overlap,1.2544825356254112,1.204900459418027,True,False,False,True,False,False,False,False,False,True,False,False,True,False,False,False,True,False,True,True,True,2024-11-13 15:30:00+00:00,2609.55,2609.464932354247,3.275714285714327,0.02596918971963762,True,False,5,3,2,True,True,False,False,True,2024-11-13 15:35:00+00:00|demand|2612.46
18327,15min,m15_2c_1atr,supply,2576.03,2570.94,2024-11-15 17:45:00+00:00,2024-11-15 17:00:00+00:00,2024-11-15 17:15:00+00:00,2024-11-15 17:30:00+00:00,2,1.3786975045648513,0.8674376141205399,0.09233791748522327,2024-11-15 17:55:00+00:00,2024-11-15 18:20:00+00:00,2569.71,2576.578142857143,6.868142857143084,0.16666666666666666,True,366191,366192,4,2569.72,0.9598765432098458,1.4807496308005523,1.0949102481435642,-5.586663061338902,1.0,tp1,2024,2024-11,2024-11-15,0.043679930112110375,0.9563200698878896,0.03-0.05R,2024-11-15 18:15:00+00:00,2.8057142857142674,2570.6805010919893,2569.72,0.006172839506166775,inside,inside,5.539999999999964,13,Friday,ny_main,-0.3459016111978047,1.9745417515274948,False,True,False,True,False,False,False,False,False,True,True,True,True,False,False,False,True,False,True,True,True,2024-11-15 18:15:00+00:00,2566.56,2569.743504334828,6.414285714285727,-0.49631470698874763,True,False,9,3,2,True,True,False,False,True,2024-11-15 18:20:00+00:00|supply|2569.71
18412,15min,m15_2c_1atr,supply,2688.8,2686.21,2024-11-25 14:30:00+00:00,2024-11-25 13:45:00+00:00,2024-11-25 14:00:00+00:00,2024-11-25 14:15:00+00:00,2,1.210419360798131,0.6698688342878506,0.03088803088800106,2024-11-25 15:20:00+00:00,2024-11-25 15:35:00+00:00,2682.41,2689.4030000000002,6.993000000000393,0.8333333333333334,True,367814,367815,2,2682.42,0.5191986644407354,11.02388102388036,0.04719004719003413,8.100958100957595,1.0,tp1,2024,2024-11,2024-11-25,0.042900042900040486,0.9570999570999595,0.03-0.05R,2024-11-25 15:30:00+00:00,2.9100000000001143,2683.563071424593,2682.42,0.07846410684478065,inside,inside,7.059999999999945,10,Monday,london_ny_overlap,-0.39624447580522015,2.4261168384878586,False,True,False,True,False,False,False,True,True,True,False,False,True,False,False,False,True,False,True,True,True,2024-11-25 15:30:00+00:00,2681.28,2682.500233878951,4.8235714285715074,-0.25297311276927936,True,False,1,1,1,True,True,False,False,True,2024-11-25 15:35:00+00:00|supply|2682.41
18473,15min,m15_2c_1atr,supply,2649.35,2643.5,2024-12-02 18:15:00+00:00,2024-12-02 17:15:00+00:00,2024-12-02 17:30:00+00:00,2024-12-02 18:00:00+00:00,3,1.1696555650441192,1.1656703672075157,0.21025641025641664,2024-12-02 18:20:00+00:00,2024-12-02 18:35:00+00:00,2640.88,2649.875285714286,8.995285714285728,0.08333333333333333,True,369173,369174,2,2640.91,0.7411003236245488,0.8159829752092514,1.0227579525783128,-0.4502358378197793,-1.0,stop,2024,2024-12,2024-12-02,0.033350802801467384,-1.0333508028014673,0.03-0.05R,2024-12-02 18:30:00+00:00,2.6400000000000676,2642.1702508827684,2640.91,0.22330097087379355,inside,inside,5.4699999999998,13,Monday,ny_main,-0.4887313949879818,2.071969696969568,False,True,False,True,False,False,False,True,True,True,True,True,False,False,False,False,True,False,True,True,True,2024-12-02 18:30:00+00:00,2640.3,2642.6694359693674,5.037142857142791,-0.47039284700995565,True,False,7,4,2,True,True,False,False,True,2024-12-02 18:35:00+00:00|supply|2640.88
18524,15min,m15_2c_1atr,demand,2636.36,2633.62,2024-12-06 13:30:00+00:00,2024-12-06 12:45:00+00:00,2024-12-06 13:00:00+00:00,2024-12-06 13:15:00+00:00,2,1.2052765563526684,0.887757463550208,0.2408759124088512,2024-12-06 14:00:00+00:00,2024-12-06 14:15:00+00:00,2639.62,2633.2965714285715,6.323428571428394,0.5,True,370225,370226,2,2639.61,0.9446640316207778,0.6230797035966283,1.325230435568462,2.7121362732695644,-1.0,stop,2024,2024-12,2024-12-06,0.047442617025123326,-1.0474426170251234,0.03-0.05R,2024-12-06 14:10:00+00:00,1.5021428571428714,2638.2225556813955,2639.61,0.9960474308301326,missing,missing,,9,Friday,london_ny_overlap,0.9303005449577183,,True,False,False,True,False,False,False,True,True,True,True,True,True,False,False,False,True,False,True,True,True,2024-12-06 14:00:00+00:00,2639.61,2638.197425659301,3.0507142857142235,0.46303068999732017,True,True,2,2,2,True,True,False,False,False,2024-12-06 14:15:00+00:00|demand|2639.62
18526,15min,m15_2c_1atr,supply,2643.56,2631.24,2024-12-06 16:15:00+00:00,2024-12-06 15:30:00+00:00,2024-12-06 15:45:00+00:00,2024-12-06 16:00:00+00:00,2,1.5720601237842364,2.541703507220778,0.00730519480520652,2024-12-06 16:20:00+00:00,2024-12-06 16:30:00+00:00,2629.72,2644.674285714286,14.954285714286016,0.08333333333333333,True,370252,370253,1,2629.82,0.483180428134537,0.2527703477263822,1.2157050057317489,-2.727646159724849,-1.0,stop,2024,2024-12,2024-12-06,0.02006113870844438,-1.0200611387084444,<=0.03R,2024-12-06 16:25:00+00:00,5.51785714285724,2631.4154019523385,2629.82,0.12844036697250003,below,below,5.360000000000127,11,Friday,london_ny_overlap,-0.30725731175069215,0.9713915857605238,False,True,True,True,True,False,True,True,True,True,False,False,False,True,True,False,True,False,True,True,True,2024-12-06 16:15:00+00:00,2629.82,2633.867645688783,5.052142857142859,-0.8011740370840958,True,True,16,4,2,True,True,True,False,False,2024-12-06 16:30:00+00:00|supply|2629.72
18616,15min,m15_2c_1atr,supply,2646.93,2642.66,2024-12-17 16:00:00+00:00,2024-12-17 15:00:00+00:00,2024-12-17 15:15:00+00:00,2024-12-17 15:45:00+00:00,3,2.0437317784255877,1.2448979591836686,0.2833723653395882,2024-12-17 17:15:00+00:00,2024-12-17 17:40:00+00:00,2640.02,2647.430857142857,7.410857142856912,1.25,True,372198,372199,4,2640.03,0.4829721362228906,0.4398951345516049,1.0268717711466295,0.7178656796977853,-1.0,stop,2024,2024-12,2024-12-17,0.04048114735137762,-1.0404811473513775,0.03-0.05R,2024-12-17 17:35:00+00:00,2.5964285714285325,2640.3144161873606,2640.03,0.49845201238393755,below,below,3.4200000000000728,12,Tuesday,ny_main,-0.113392754416754,1.3171939477304466,False,True,False,True,False,False,False,False,False,True,False,False,False,False,True,True,True,False,True,True,True,2024-12-17 17:30:00+00:00,2638.32,2639.385355570933,4.547857142857148,-0.23425440541948345,True,False,5,3,2,True,True,True,False,False,2024-12-17 17:40:00+00:00|supply|2640.02
18646,15min,m15_2c_1atr,supply,2605.61,2600.69,2024-12-19 16:00:00+00:00,2024-12-19 15:15:00+00:00,2024-12-19 15:30:00+00:00,2024-12-19 15:45:00+00:00,2,1.4427564604541654,1.0787783868441758,0.046747967479677806,2024-12-19 16:35:00+00:00,2024-12-19 16:45:00+00:00,2595.06,2606.2657142857142,11.205714285714294,0.5833333333333334,True,372739,372740,1,2595.08,0.8339694656487965,0.7157062723100438,1.0200152983171697,-2.953850076491576,-1.0,stop,2024,2024-12,2024-12-19,0.026772055073941845,-1.0267720550739419,<=0.03R,2024-12-19 16:40:00+00:00,3.4864285714285024,2597.70538429088,2595.08,0.13931297709923382,below,below,4.710000000000036,11,Thursday,london_ny_overlap,-0.758766237908633,1.3509526736324895,False,True,True,True,True,False,True,True,True,True,True,True,False,False,False,False,True,False,True,True,True,2024-12-19 16:30:00+00:00,2595.08,2600.542639133472,4.630714285714378,-1.179653676825707,True,True,3,2,1,True,True,True,False,False,2024-12-19 16:45:00+00:00|supply|2595.06
18755,15min,m15_2c_1atr,demand,2654.49,2650.0,2025-01-02 19:00:00+00:00,2025-01-02 18:00:00+00:00,2025-01-02 18:15:00+00:00,2025-01-02 18:45:00+00:00,3,1.2692431561997044,1.012238325281756,0.10244988864143847,2025-01-02 19:30:00+00:00,2025-01-02 20:00:00+00:00,2656.59,2649.61,6.980000000000018,0.5,True,374947,374948,5,2656.59,0.6460905349795347,1.2578796561604186,1.24498567335244,-2.136103151862503,1.0,tp1,2025,2025-01,2025-01-02,0.04297994269340963,0.9570200573065903,0.03-0.05R,2025-01-02 19:55:00+00:00,1.9049999999999403,2655.4945043653775,2656.59,0.9423868312757687,above,above,2.849999999999909,15,Thursday,ny_main,0.5750633252612745,1.4960629921259834,True,False,False,True,False,False,False,False,False,True,True,False,False,False,False,False,True,False,True,True,True,2025-01-02 19:45:00+00:00,2656.59,2655.5095156953325,3.8278571428571206,0.28226871179971236,True,True,1,1,1,True,True,True,False,False,2025-01-02 20:00:00+00:00|demand|2656.59
18998,15min,m15_2c_1atr,demand,2756.95,2752.26,2025-01-29 16:00:00+00:00,2025-01-29 15:15:00+00:00,2025-01-29 15:30:00+00:00,2025-01-29 15:45:00+00:00,2,1.46386255924165,1.9449052132700422,0.33475479744133113,2025-01-29 16:25:00+00:00,2025-01-29 16:35:00+00:00,2759.17,2751.909571428572,7.260428571428292,0.4166666666666667,True,380120,380121,1,2759.18,0.6739130434782222,0.2630698699407649,1.2602561832241919,4.434999901619491,-1.0,stop,2025,2025-01,2025-01-29,0.041319874859809154,-1.0413198748598091,0.03-0.05R,2025-01-29 16:30:00+00:00,1.8378571428571442,2758.6264235411995,2759.18,0.7999999999999604,inside,inside,3.4400000000000546,11,Wednesday,london_ny_overlap,0.29576643696881505,1.871745044694937,True,False,False,True,False,False,True,True,True,True,True,False,False,False,False,False,True,False,True,True,True,2025-01-29 16:30:00+00:00,2758.03,2757.8662844772,2.770714285714251,0.05908784014435904,True,False,3,3,2,True,True,False,False,True,2025-01-29 16:35:00+00:00|demand|2759.17
19206,15min,m15_2c_1atr,demand,2926.79,2924.3,2025-02-19 21:30:00+00:00,2025-02-19 20:45:00+00:00,2025-02-19 21:00:00+00:00,2025-02-19 21:15:00+00:00,2,1.2035549478722207,0.5957955904973058,0.11244979919687736,2025-02-20 16:05:00+00:00,2025-02-20 16:35:00+00:00,2934.42,2923.3437142857147,11.076285714285405,18.583333333333332,True,384506,384507,5,2934.42,0.9384328358209105,1.3894549487966843,1.1601361983130225,-0.8251863698506577,1.0,tp1,2025,2025-02,2025-02-20,0.027084891789409274,0.9729151082105907,<=0.03R,2025-02-20 16:30:00+00:00,4.640714285714337,2931.484379819371,2934.42,0.9720149253731181,below,below,12.009999999999764,11,Thursday,london_ny_overlap,0.6325793832354313,2.5879636755424786,True,False,True,True,True,False,False,False,False,True,True,True,True,False,False,False,True,False,True,True,True,2025-02-20 16:30:00+00:00,2939.28,2937.115938064859,5.90071428571423,0.3667457582856165,True,False,1,1,1,True,True,False,True,False,2025-02-20 16:35:00+00:00|demand|2934.42
19251,15min,m15_2c_1atr,demand,2940.55,2933.28,2025-02-24 18:15:00+00:00,2025-02-24 17:30:00+00:00,2025-02-24 17:45:00+00:00,2025-02-24 18:00:00+00:00,2,1.2194125159642737,1.299872286079184,0.03163686382393656,2025-02-24 18:35:00+00:00,2025-02-24 18:45:00+00:00,2942.76,2932.7627142857145,9.997285714285681,0.3333333333333333,True,385084,385085,1,2942.75,0.9094076655053054,1.0992983809891075,1.0272788328260998,-3.9430702619282583,1.0,tp1,2025,2025-02,2025-02-24,0.030008145067947113,0.9699918549320529,0.03-0.05R,2025-02-24 18:40:00+00:00,2.6207142857143544,2940.880704099087,2942.75,0.9547038327525735,below,below,5.489999999999782,13,Monday,ny_main,0.7170930120683071,2.094848732624555,True,False,False,True,False,False,True,True,True,True,True,True,False,False,False,False,True,False,True,True,True,2025-02-24 18:30:00+00:00,2942.75,2940.876966552989,5.527142857142833,0.3388791452333247,True,True,4,3,2,True,True,False,True,False,2025-02-24 18:45:00+00:00|demand|2942.76
19307,15min,m15_2c_1atr,supply,2850.81,2846.36,2025-02-28 20:15:00+00:00,2025-02-28 18:45:00+00:00,2025-02-28 19:00:00+00:00,2025-02-28 20:00:00+00:00,5,1.080252986647972,0.8756148981025632,0.1685393258427035,2025-02-28 20:15:00+00:00,2025-02-28 20:25:00+00:00,2843.51,2851.3165714285715,7.80657142857126,0.0,True,386208,386209,1,2843.5,0.5428571428571294,0.6917249203967619,1.1362222303553888,-5.7438787834426055,-1.0,stop,2025,2025-02,2025-02-28,0.038429162244263904,-1.0384291622442638,0.03-0.05R,2025-02-28 20:20:00+00:00,2.188571428571452,2844.543484498357,2843.5,0.14805194805197658,below,below,3.800000000000182,15,Friday,ny_main,-0.4722187655677034,1.736292428198498,False,True,False,True,False,False,True,True,True,True,False,False,True,False,False,False,True,False,True,True,True,2025-02-28 20:15:00+00:00,2839.57,2844.4937218557225,5.188571428571387,-0.9489552034707164,True,False,1,1,1,True,True,True,False,False,2025-02-28 20:25:00+00:00|supply|2843.51
19362,15min,m15_2c_1atr,supply,2905.4,2901.12,2025-03-06 11:30:00+00:00,2025-03-06 10:45:00+00:00,2025-03-06 11:00:00+00:00,2025-03-06 11:15:00+00:00,2,1.0748560460652923,0.9584133077415607,0.053738317757011086,2025-03-06 12:30:00+00:00,2025-03-06 13:00:00+00:00,2899.24,2905.971142857143,6.731142857143368,1.0,True,387223,387224,5,2899.3,0.5890410958902966,0.08765227726129127,1.2657583089264937,-2.94600789507178,-1.0,stop,2025,2025-03,2025-03-06,0.04456895453966298,-1.044568954539663,0.03-0.05R,2025-03-06 12:55:00+00:00,2.880000000000012,2900.2534721871557,2899.3,0.1068493150685802,missing,missing,,8,Thursday,london_ny_overlap,-0.3519000649846903,,False,True,False,True,False,False,False,False,False,True,False,False,True,False,False,False,True,False,True,True,True,2025-03-06 12:45:00+00:00,2899.3,2900.578723855353,5.610714285714299,-0.22790749808962027,True,True,1,1,1,True,True,False,False,False,2025-03-06 13:00:00+00:00|supply|2899.24
19475,15min,m15_2c_1atr,demand,3031.45,3026.73,2025-03-18 15:00:00+00:00,2025-03-18 14:15:00+00:00,2025-03-18 14:30:00+00:00,2025-03-18 14:45:00+00:00,2,1.454251883745972,1.1855041263006458,0.31991525423734796,2025-03-18 15:35:00+00:00,2025-03-18 15:50:00+00:00,3034.64,3026.055428571429,8.584571428571053,0.5833333333333334,True,389477,389478,2,3034.62,0.7827160493826867,0.35412367702856745,1.0903281634826696,-0.8468681355255625,-1.0,stop,2025,2025-03,2025-03-18,0.034946415496240626,-1.0349464154962407,0.03-0.05R,2025-03-18 15:45:00+00:00,3.3799999999999466,3032.6921368425674,3034.62,0.8629629629629457,above,above,3.8099999999999454,11,Tuesday,london_ny_overlap,0.5762908749800368,1.1272189349112443,True,False,False,True,False,False,False,True,True,True,True,True,False,False,False,False,True,False,True,True,True,2025-03-18 15:45:00+00:00,3033.38,3031.509698879334,4.951428571428486,0.37772959736479556,True,False,1,1,1,True,True,True,False,False,2025-03-18 15:50:00+00:00|demand|3034.64
19604,15min,m15_2c_1atr,demand,3116.31,3111.92,2025-03-31 13:45:00+00:00,2025-03-31 12:45:00+00:00,2025-03-31 13:00:00+00:00,2025-03-31 13:30:00+00:00,3,1.1828648831695892,1.0406366407043233,0.10250569476088517,2025-03-31 14:25:00+00:00,2025-03-31 14:40:00+00:00,3117.67,3111.4058571428573,6.264142857142815,0.6666666666666666,True,391928,391929,2,3117.72,0.9790575916229376,1.460694656662662,1.1909051517708638,2.496750210951215,1.0,tp1,2025,2025-03,2025-03-31,0.047891628087299916,0.9521083719127,0.03-0.05R,2025-03-31 14:35:00+00:00,2.8042857142856326,3117.072389209496,3117.72,0.9790575916229376,inside,above,7.040000000000418,10,Monday,london_ny_overlap,0.2131062421562797,2.5104431991851435,True,False,False,True,False,False,False,True,True,True,True,True,False,False,False,False,True,False,True,True,True,2025-03-31 14:30:00+00:00,3118.01,3117.8975683066483,4.337857142857176,0.025918717387240272,True,False,3,2,1,True,True,False,False,True,2025-03-31 14:40:00+00:00|demand|3117.67
19683,15min,m15_2c_1atr,demand,2997.4,2990.88,2025-04-08 08:15:00+00:00,2025-04-08 07:30:00+00:00,2025-04-08 07:45:00+00:00,2025-04-08 08:00:00+00:00,2,1.5368631868820417,1.142571035173362,0.06901840490794775,2025-04-08 12:25:00+00:00,2025-04-08 12:35:00+00:00,3001.93,2990.139,11.790999999999713,4.166666666666667,True,393559,393560,1,3001.95,0.8064085447262714,1.7708421677551198,1.1602069374947137,3.4857094394030503,1.0,tp1,2025,2025-04,2025-04-08,0.025443134594182622,0.9745568654058174,<=0.03R,2025-04-08 12:30:00+00:00,3.6514285714285637,3001.6874265892525,3001.95,0.8064085447262714,missing,missing,,8,Tuesday,london_ny_overlap,0.06643246773206123,,True,False,True,True,True,False,True,True,True,True,True,True,False,False,True,False,True,False,True,True,True,2025-04-08 12:30:00+00:00,3006.43,3004.649046502575,6.270000000000015,0.2840436200039689,True,False,3,3,2,True,True,False,False,False,2025-04-08 12:35:00+00:00|demand|3001.93
19692,15min,m15_2c_1atr,supply,3017.7,3010.21,2025-04-08 18:15:00+00:00,2025-04-08 17:30:00+00:00,2025-04-08 17:45:00+00:00,2025-04-08 18:00:00+00:00,2,1.0190866239085277,0.8102928676299991,0.18424566088113412,2025-04-08 18:35:00+00:00,2025-04-08 18:45:00+00:00,3005.2,3018.4779999999996,13.277999999999793,0.3333333333333333,True,393633,393634,1,3005.11,0.8874458874458887,2.6555204097002796,1.1477632173520467,-6.418888386805343,1.0,tp1,2025,2025-04,2025-04-08,0.02259376412110293,0.9774062358788971,<=0.03R,2025-04-08 18:40:00+00:00,3.9914285714286115,3007.686151027945,3005.11,0.08658008658010831,inside,inside,4.650000000000091,14,Tuesday,ny_main,-0.6228724837371585,1.1649964209019439,False,True,True,True,True,False,True,True,True,True,True,True,True,False,False,False,True,False,True,True,True,2025-04-08 18:30:00+00:00,3005.11,3008.092568241538,9.063571428571322,-0.3290720733039101,True,True,7,3,2,True,True,False,False,True,2025-04-08 18:45:00+00:00|supply|3005.2
19702,15min,m15_2c_1atr,demand,3045.55,3041.41,2025-04-09 14:30:00+00:00,2025-04-09 13:45:00+00:00,2025-04-09 14:00:00+00:00,2025-04-09 14:15:00+00:00,2,2.4275203817856634,0.5762577053092551,0.08937198067629507,2025-04-09 15:40:00+00:00,2025-04-09 16:10:00+00:00,3055.97,3040.002285714286,15.96771428571401,1.1666666666666667,True,393878,393879,5,3055.75,0.7876404494382188,5.581888453486603,0.45466745396961034,5.441605382289377,1.0,tp1,2025,2025-04,2025-04-09,0.01878791132105889,0.9812120886789412,<=0.03R,2025-04-09 16:05:00+00:00,7.164285714285695,3051.084203396429,3055.75,0.8213483146067271,above,above,8.769999999999982,12,Wednesday,ny_main,0.6819656276170522,1.2241276171485551,True,False,True,True,True,True,False,False,False,True,True,True,True,False,True,True,True,False,True,True,True,2025-04-09 16:00:00+00:00,3056.98,3052.973472563534,9.800714285714289,0.40879953436720934,True,False,3,3,2,True,True,True,False,False,2025-04-09 16:10:00+00:00|demand|3055.97
19754,15min,m15_2c_1atr,demand,3213.01,3211.4,2025-04-15 04:30:00+00:00,2025-04-15 03:45:00+00:00,2025-04-15 04:00:00+00:00,2025-04-15 04:15:00+00:00,2,3.4032983508245565,0.4827586206896928,0.031055900620946084,2025-04-15 16:50:00+00:00,2025-04-15 17:05:00+00:00,3219.83,3210.5888571428573,9.241142857142677,12.333333333333334,True,394993,394994,2,3219.94,0.9800285306704882,10.789790996784781,0.3159782339846789,9.45770467474667,1.0,tp1,2025,2025-04,2025-04-15,0.032463517190205925,0.9675364828097941,0.03-0.05R,2025-04-15 17:00:00+00:00,4.090000000000016,3217.124396172351,3219.94,0.9800285306704882,below,below,5.199999999999818,13,Tuesday,ny_main,0.6615168282759636,1.2713936430317354,True,False,False,True,False,False,False,True,True,True,True,True,True,False,True,True,True,False,True,True,True,2025-04-15 17:00:00+00:00,3220.36,3218.933989573713,5.995714285714257,0.23783828887324027,True,False,1,1,1,True,True,False,True,False,2025-04-15 17:05:00+00:00|demand|3219.83
19761,15min,m15_2c_1atr,supply,3230.16,3226.59,2025-04-15 12:45:00+00:00,2025-04-15 12:00:00+00:00,2025-04-15 12:15:00+00:00,2025-04-15 12:30:00+00:00,2,1.1345218800648416,0.8100486223662309,0.28851540616254456,2025-04-15 13:10:00+00:00,2025-04-15 13:25:00+00:00,3224.32,3230.571571428571,6.251571428570969,0.4166666666666667,True,394949,394950,2,3224.51,0.545454545454295,2.0202920408584646,1.026941797490931,-11.328351728708997,1.0,tp1,2025,2025-04,2025-04-15,0.04798793446219589,0.9520120655378042,0.03-0.05R,2025-04-15 13:20:00+00:00,2.0714285714285716,3225.037127033335,3224.51,0.07272727272747818,missing,inside,,9,Tuesday,london_ny_overlap,-0.3461992574719198,,False,True,False,True,False,False,False,True,True,True,False,False,True,False,False,False,True,False,True,True,True,2025-04-15 13:15:00+00:00,3224.38,3225.600195843652,4.456428571428497,-0.27380576712813287,True,False,9,4,2,True,True,False,False,False,2025-04-15 13:25:00+00:00|supply|3224.32
19765,15min,m15_2c_1atr,demand,3218.56,3211.69,2025-04-15 17:30:00+00:00,2025-04-15 16:45:00+00:00,2025-04-15 17:00:00+00:00,2025-04-15 17:15:00+00:00,2,1.8483281627024963,1.105136159944838,0.29548762736532425,2025-04-15 18:00:00+00:00,2025-04-15 18:25:00+00:00,3221.59,3211.1164285714285,10.473571428571631,0.5,True,395009,395010,4,3221.7,0.9221902017289866,10.643933710700198,0.29216395007841783,10.554184000545384,1.0,tp1,2025,2025-04,2025-04-15,0.028643524517492455,0.9713564754825076,<=0.03R,2025-04-15 18:20:00+00:00,3.0242857142856923,3220.540032235631,3221.7,0.9365994236310552,below,below,5.199999999999818,14,Tuesday,ny_main,0.34717876006542503,1.7194142654699571,True,False,True,True,True,False,False,False,False,True,True,True,False,False,True,False,True,False,True,True,True,2025-04-15 18:15:00+00:00,3221.83,3220.938890121177,6.697142857142808,0.13305821569456824,True,False,4,2,2,True,True,False,True,False,2025-04-15 18:25:00+00:00|demand|3221.59
19778,15min,m15_2c_1atr,demand,3300.52,3293.0,2025-04-16 15:00:00+00:00,2025-04-16 14:15:00+00:00,2025-04-16 14:30:00+00:00,2025-04-16 14:45:00+00:00,2,1.5216829673371381,0.9713969367042019,0.3444148936170415,2025-04-16 16:20:00+00:00,2025-04-16 16:50:00+00:00,3304.96,3291.9864285714284,12.973571428571631,1.3333333333333333,True,395266,395267,5,3304.94,0.8826086956521834,4.070583053460264,1.1762374057149134,-1.2147772944998052,1.0,tp1,2025,2025-04,2025-04-16,0.023123933270935055,0.9768760667290649,<=0.03R,2025-04-16 16:45:00+00:00,5.390714285714304,3303.0485468067886,3304.94,0.9159420289855189,inside,inside,6.440000000000055,12,Wednesday,ny_main,0.3545825454479862,1.1946468795547962,True,False,True,True,True,False,False,False,False,True,True,True,True,False,True,False,True,False,True,True,True,2025-04-16 16:45:00+00:00,3311.72,3306.129017538443,8.15499999999994,0.6855895109205329,True,False,5,3,2,True,True,False,False,True,2025-04-16 16:50:00+00:00|demand|3304.96
19789,15min,m15_2c_1atr,supply,3341.21,3336.82,2025-04-17 09:00:00+00:00,2025-04-17 08:15:00+00:00,2025-04-17 08:30:00+00:00,2025-04-17 08:45:00+00:00,2,1.3076052796982711,0.772595851665595,0.002277904327964424,2025-04-17 15:10:00+00:00,2025-04-17 15:25:00+00:00,3328.15,3342.128142857143,13.978142857142757,6.166666666666667,True,395525,395526,2,3328.17,0.8656488549618191,3.149202326080535,1.465859965047467,-6.340613406645121,1.0,tp1,2025,2025-04,2025-04-17,0.02146207855120765,0.9785379214487924,<=0.03R,2025-04-17 15:20:00+00:00,4.6592857142857484,3330.1647383029076,3328.17,0.010687022900788056,inside,above,12.809999999999945,11,Thursday,london_ny_overlap,-0.4324135557367014,2.749348459297837,False,True,True,True,True,False,False,True,True,True,True,True,True,False,False,False,True,False,True,True,True,2025-04-17 15:15:00+00:00,3325.33,3327.770939056591,6.568571428571398,-0.37160881679290597,True,False,3,3,2,True,True,False,False,True,2025-04-17 15:25:00+00:00|supply|3328.15
19793,15min,m15_2c_1atr,demand,3323.73,3321.42,2025-04-17 13:45:00+00:00,2025-04-17 12:45:00+00:00,2025-04-17 13:00:00+00:00,2025-04-17 13:30:00+00:00,3,1.1651097901249785,0.3923328885114558,0.15151515151511571,2025-04-17 14:25:00+00:00,2025-04-17 15:00:00+00:00,3327.46,3320.763,6.697000000000116,0.6666666666666666,True,395520,395521,6,3327.5,0.9444444444444936,2.2233836045990167,1.0960131402120379,13.998805435269281,1.0,tp1,2025,2025-04,2025-04-17,0.044796177392861694,0.9552038226071383,0.03-0.05R,2025-04-17 14:55:00+00:00,3.1207142857143872,3326.0726978073662,3327.5,0.9444444444444936,inside,above,12.809999999999945,11,Thursday,london_ny_overlap,0.4445463652294009,4.104829480430153,True,False,False,True,False,False,False,False,False,True,True,True,True,False,False,False,True,False,True,True,True,2025-04-17 14:45:00+00:00,3327.5,3326.139307420079,5.576428571428551,0.24400789187769933,True,True,5,3,2,True,True,False,False,True,2025-04-17 15:00:00+00:00|demand|3327.46
19825,15min,m15_2c_1atr,supply,3472.71,3466.0,2025-04-22 11:45:00+00:00,2025-04-22 11:00:00+00:00,2025-04-22 11:15:00+00:00,2025-04-22 11:30:00+00:00,2,1.5844074190506157,0.5906318767683161,0.08196721311478077,2025-04-22 13:05:00+00:00,2025-04-22 13:25:00+00:00,3457.36,3473.581857142857,16.22185714285706,1.3333333333333333,True,396053,396054,3,3457.52,0.6684587813619647,10.210298274814463,0.46295562424593456,7.471401019788171,1.0,tp1,2025,2025-04,2025-04-22,0.018493566880663746,0.9815064331193363,<=0.03R,2025-04-22 13:20:00+00:00,4.424285714285816,3459.613780981055,3457.52,0.28494623655914636,missing,inside,,9,Tuesday,london_ny_overlap,-0.5094112646878354,,False,True,True,True,True,True,False,False,True,True,True,False,True,False,True,False,True,False,True,True,True,2025-04-22 13:15:00+00:00,3457.93,3459.230757907692,10.246428571428558,-0.1269474430651018,True,False,2,2,2,True,True,False,False,False,2025-04-22 13:25:00+00:00|supply|3457.36
19830,15min,m15_2c_1atr,supply,3433.86,3423.49,2025-04-22 18:30:00+00:00,2025-04-22 17:15:00+00:00,2025-04-22 17:30:00+00:00,2025-04-22 18:15:00+00:00,4,1.2388316151202574,0.6564478205824061,0.14561234329799114,2025-04-22 18:35:00+00:00,2025-04-22 18:50:00+00:00,3422.45,3435.172142857143,12.722142857143353,0.08333333333333333,True,396118,396119,2,3422.51,0.9186206896551523,12.747852450732182,0.6013137948458654,9.807310089270292,1.0,tp1,2025,2025-04,2025-04-22,0.023580933131210128,0.9764190668687899,<=0.03R,2025-04-22 18:45:00+00:00,6.630000000000076,3423.918060749072,3422.51,0.03862068965520001,below,below,13.700000000000273,14,Tuesday,ny_main,-0.2214269606443813,2.0663650075414957,False,True,True,True,True,False,False,True,True,True,True,True,True,False,False,False,True,False,True,True,True,2025-04-22 18:45:00+00:00,3417.64,3425.2667282160305,16.783571428571445,-0.4544162872895641,True,False,5,3,2,True,True,True,False,False,2025-04-22 18:50:00+00:00|supply|3422.45
19872,15min,m15_2c_1atr,supply,3308.98,3303.71,2025-04-25 13:00:00+00:00,2025-04-25 12:00:00+00:00,2025-04-25 12:15:00+00:00,2025-04-25 12:45:00+00:00,3,1.726541554959795,0.7325985502929174,0.16888045540794605,2025-04-25 13:25:00+00:00,2025-04-25 13:50:00+00:00,3300.15,3309.775857142857,9.625857142857058,0.4166666666666667,True,396886,396887,4,3300.18,0.8970976253298479,3.622534542378436,1.285080363900803,0.7968121577299385,1.0,tp1,2025,2025-04,2025-04-25,0.031166055713035108,0.9688339442869649,0.03-0.05R,2025-04-25 13:45:00+00:00,3.869285714285817,3301.5726156516002,3300.18,0.07915567282314777,inside,above,12.88000000000011,9,Friday,london_ny_overlap,-0.3676688041794651,3.3287797673988693,False,True,False,True,False,False,False,False,False,True,True,True,True,False,True,False,True,False,True,True,True,2025-04-25 13:45:00+00:00,3298.04,3300.7714923957165,6.796428571428611,-0.40190114072549227,True,False,1,1,1,True,True,False,False,True,2025-04-25 13:50:00+00:00|supply|3300.15
19903,15min,m15_2c_1atr,demand,3312.25,3303.84,2025-04-29 16:15:00+00:00,2025-04-29 15:30:00+00:00,2025-04-29 15:45:00+00:00,2025-04-29 16:00:00+00:00,2,1.1503438463363167,1.3960161252074819,0.24019024970273684,2025-04-29 16:25:00+00:00,2025-04-29 16:30:00+00:00,3317.35,3302.866,14.483999999999924,0.16666666666666666,True,397470,397471,0,3317.42,0.7058823529411394,0.27547638773821165,1.1709472521403015,-1.5085611709472537,-1.0,stop,2025,2025-04,2025-04-29,0.020712510356255286,-1.0207125103562553,<=0.03R,2025-04-29 16:25:00+00:00,5.043571428571503,3314.2866795428968,3317.42,0.9342560553633051,above,above,9.110000000000127,12,Tuesday,ny_main,0.6073712845127235,1.8062597365812194,True,False,True,True,True,False,True,True,True,True,True,True,False,False,False,False,True,False,True,True,True,2025-04-29 16:15:00+00:00,3317.42,3313.594238890155,6.181428571428536,0.6189121277771314,True,True,4,3,2,True,True,True,False,False,2025-04-29 16:30:00+00:00|demand|3317.35
20007,15min,m15_2c_1atr,demand,3324.86,3320.32,2025-05-09 12:00:00+00:00,2025-05-09 11:15:00+00:00,2025-05-09 11:30:00+00:00,2025-05-09 11:45:00+00:00,2,1.0530074768441378,0.7092958375181274,0.16519823788546387,2025-05-09 12:00:00+00:00,2025-05-09 12:05:00+00:00,3326.12,3319.7202857142856,6.3997142857142535,0.0,True,399625,399626,0,3326.12,0.625,3.3579624090361717,7.533148801285815,-16.892941649180802,1.0,tp1,2025,2025-05,2025-05-09,0.04687709272735414,0.9531229072726458,0.03-0.05R,2025-05-09 12:00:00+00:00,3.057857142857204,3326.1067987158203,3326.12,0.3450000000000273,missing,missing,,8,Friday,london_ny_overlap,0.004317168383877979,,True,False,False,True,False,False,True,True,True,True,True,False,True,False,False,False,True,False,True,True,True,2025-05-09 12:00:00+00:00,3327.06,3325.6699131595615,6.06000000000001,0.22938726739908724,True,False,1,1,1,True,True,False,False,False,2025-05-09 12:05:00+00:00|demand|3326.12
20212,15min,m15_2c_1atr,supply,3306.17,3296.01,2025-05-30 16:30:00+00:00,2025-05-30 15:30:00+00:00,2025-05-30 15:45:00+00:00,2025-05-30 16:15:00+00:00,3,1.445142378559483,1.489112227805674,0.2844488188976741,2025-05-30 16:35:00+00:00,2025-05-30 16:45:00+00:00,3289.63,3307.198,17.567999999999756,0.08333333333333333,True,403791,403792,1,3289.73,0.7530726256982767,1.0240209471767125,1.0968806921675915,-4.929417122040136,1.0,tp1,2025,2025-05,2025-05-30,0.017076502732240675,0.9829234972677593,<=0.03R,2025-05-30 16:40:00+00:00,4.907857142857146,3296.027721042596,3289.73,0.18659217877095216,below,below,5.559999999999945,12,Friday,ny_main,-1.3035670877069423,1.1328773104351506,False,True,True,True,True,True,True,True,True,True,True,True,False,False,False,False,True,False,True,True,True,2025-05-30 16:30:00+00:00,3289.73,3297.229350011904,7.255000000000011,-1.033680222178354,True,True,4,2,1,True,True,True,False,False,2025-05-30 16:45:00+00:00|supply|3289.63
20276,15min,m15_2c_1atr,supply,3358.56,3346.69,2025-06-06 16:45:00+00:00,2025-06-06 16:00:00+00:00,2025-06-06 16:15:00+00:00,2025-06-06 16:30:00+00:00,2,1.2956521739129927,1.7202898550724577,0.2139848357203022,2025-06-06 16:45:00+00:00,2025-06-06 17:00:00+00:00,3343.26,3359.797,16.536999999999807,0.0,True,405174,405175,2,3343.28,0.8736654804270373,3.0017536433452805,0.10642800991714241,1.2535526395356025,1.0,tp1,2025,2025-06,2025-06-06,0.018141138054060802,0.9818588619459392,<=0.03R,2025-06-06 16:55:00+00:00,5.867142857142848,3348.6703243914885,3343.28,0.10142348754451508,below,below,4.460000000000036,13,Friday,ny_main,-0.9221395359244747,0.7601655709763893,False,True,True,True,True,True,False,True,True,True,True,True,False,False,False,False,True,False,True,True,True,2025-06-06 16:45:00+00:00,3343.28,3351.642193459838,7.369285714285654,-1.1347359546159652,True,True,1,1,1,True,True,True,False,False,2025-06-06 17:00:00+00:00|supply|3343.26
20290,15min,m15_2c_1atr,supply,3321.04,3315.53,2025-06-09 16:30:00+00:00,2025-06-09 15:45:00+00:00,2025-06-09 16:00:00+00:00,2025-06-09 16:15:00+00:00,2,1.2815235754876417,1.1847642451235838,0.11615245009072597,2025-06-09 16:30:00+00:00,2025-06-09 16:40:00+00:00,3313.12,3321.7154285714287,8.595428571428783,0.0,True,405446,405447,1,3312.91,0.5451559934318694,0.06398750166197971,1.0040220715330288,-1.9394030049195192,-1.0,stop,2025,2025-06,2025-06-09,0.03490227363382443,-1.0349022736338245,0.03-0.05R,2025-06-09 16:35:00+00:00,3.3992857142856923,3314.9742311779087,3312.91,0.3152709359605955,below,below,4.020000000000437,12,Monday,ny_main,-0.5454767070965157,1.182601386846112,False,True,False,True,False,False,True,True,True,True,False,False,False,False,False,False,True,False,True,True,True,2025-06-09 16:30:00+00:00,3314.16,3316.3890732491327,4.937142857142882,-0.4514905307850084,True,False,5,3,2,True,True,True,False,False,2025-06-09 16:40:00+00:00|supply|3313.12
20291,15min,m15_2c_1atr,demand,3316.25,3310.78,2025-06-09 17:00:00+00:00,2025-06-09 16:15:00+00:00,2025-06-09 16:30:00+00:00,2025-06-09 16:45:00+00:00,2,1.0327711504182262,1.0500479912244192,0.31444241316268057,2025-06-09 17:40:00+00:00,2025-06-09 17:50:00+00:00,3321.11,3310.0820000000003,11.027999999999793,0.6666666666666666,True,405460,405461,1,3321.19,0.870481927710762,1.5551323902793266,1.0972071091766538,0.6338411316648452,1.0,tp1,2025,2025-06,2025-06-09,0.02720348204570236,0.9727965179542977,<=0.03R,2025-06-09 17:45:00+00:00,3.646428571428617,3320.3044190755936,3321.19,1.0,above,above,4.020000000000437,13,Monday,ny_main,0.22092327016045135,1.1024485798238082,True,False,True,True,True,False,True,True,True,True,True,True,False,False,False,False,True,False,True,True,True,2025-06-09 17:45:00+00:00,3320.93,3319.7082896255342,6.025714285714295,0.20274946944663816,True,False,13,4,2,True,True,True,False,False,2025-06-09 17:50:00+00:00|demand|3321.11
20315,15min,m15_2c_1atr,demand,3333.17,3328.37,2025-06-11 14:45:00+00:00,2025-06-11 13:45:00+00:00,2025-06-11 14:00:00+00:00,2025-06-11 14:30:00+00:00,3,1.0051618958235986,1.0511496949789332,0.2791666666666864,2025-06-11 14:50:00+00:00,2025-06-11 15:15:00+00:00,3334.81,3327.718142857143,7.091857142856952,0.08333333333333333,True,405981,405982,4,3334.68,0.500904159132027,3.668996635981,1.1915073625687471,7.16314485425963,1.0,tp1,2025,2025-06,2025-06-11,0.04230203654090318,0.9576979634590969,0.03-0.05R,2025-06-11 15:10:00+00:00,3.294999999999878,3332.559782642621,3334.68,0.7667269439421297,inside,inside,5.460000000000036,11,Wednesday,london_ny_overlap,0.6829187731044002,1.657056145675338,True,False,False,True,False,False,False,False,False,True,False,False,False,False,False,False,True,False,True,True,True,2025-06-11 15:00:00+00:00,3334.68,3333.624239364669,4.998571428571365,0.2112124734871787,True,True,7,4,2,True,True,False,False,True,2025-06-11 15:15:00+00:00|demand|3334.81
20360,15min,m15_2c_1atr,supply,3416.64,3405.67,2025-06-16 17:00:00+00:00,2025-06-16 16:15:00+00:00,2025-06-16 16:30:00+00:00,2025-06-16 16:45:00+00:00,2,3.8649813272048834,1.4706501963037195,0.13764813126707304,2025-06-16 18:55:00+00:00,2025-06-16 19:05:00+00:00,3403.38,3417.1814285714286,13.80142857142846,1.9166666666666667,True,406855,406856,1,3403.19,0.46689895470382725,2.690301211054786,0.05071938722698237,1.3839147086223005,1.0,tp1,2025,2025-06,2025-06-16,0.02173688024014095,0.978263119759859,<=0.03R,2025-06-16 19:00:00+00:00,2.7021428571429493,3403.283048390413,3403.19,0.35888501742162926,below,below,5.149999999999636,15,Monday,ny_main,0.03587952773507486,1.905894792492531,False,True,True,True,True,False,True,True,True,True,False,False,False,False,True,True,True,False,True,True,False,2025-06-16 19:00:00+00:00,3400.85,3402.100870361335,8.336428571428671,-0.15004871098186634,True,False,2,1,1,True,True,True,False,False,2025-06-16 19:05:00+00:00|supply|3403.38
20367,15min,m15_2c_1atr,supply,3390.01,3384.4,2025-06-17 11:45:00+00:00,2025-06-17 10:30:00+00:00,2025-06-17 10:45:00+00:00,2025-06-17 11:30:00+00:00,4,1.2139084507042834,1.1522887323943871,0.3404634581104833,2025-06-17 12:20:00+00:00,2025-06-17 12:30:00+00:00,3380.11,3390.649142857143,10.539142857142906,0.5833333333333334,True,407052,407053,1,3380.19,0.6620111731843406,0.09678206414183642,1.1272263941225527,-0.07685634505380746,-1.0,stop,2025,2025-06,2025-06-17,0.028465312982893568,-1.0284653129828936,<=0.03R,2025-06-17 12:25:00+00:00,3.166428571428566,3381.101717743032,3380.19,0.15921787709502103,missing,missing,,8,Tuesday,london_ny_overlap,-0.31319757280506644,,False,True,True,True,True,False,True,True,True,True,True,False,False,False,False,False,True,False,True,True,True,2025-06-17 12:15:00+00:00,3380.19,3383.04855019914,5.352142857142813,-0.5340945253965366,True,True,3,2,2,True,True,False,False,False,2025-06-17 12:30:00+00:00|supply|3380.11
20421,15min,m15_2c_1atr,demand,3358.77,3354.14,2025-06-23 11:30:00+00:00,2025-06-23 10:30:00+00:00,2025-06-23 10:45:00+00:00,2025-06-23 11:15:00+00:00,3,1.1077476397421835,0.9713771916679315,0.20734341252690258,2025-06-23 15:30:00+00:00,2025-06-23 16:05:00+00:00,3362.66,3353.4244285714285,9.235571428571347,4.0,True,408169,408170,6,3362.6,0.5155131264916053,3.339262788287567,1.0806044950424716,-6.044022335999031,1.0,tp1,2025,2025-06,2025-06-23,0.03248310105338085,0.9675168989466192,0.03-0.05R,2025-06-23 16:00:00+00:00,3.7328571428571586,3362.329611757999,3362.6,0.6539379474939728,below,below,4.2599999999997635,12,Monday,ny_main,0.08850813983951555,1.1412169919631925,True,False,False,True,False,False,False,False,False,True,False,False,True,False,False,False,True,False,True,True,True,2025-06-23 16:00:00+00:00,3367.43,3366.71013420884,5.74857142857143,0.125225162478117,True,False,4,3,2,True,True,False,True,False,2025-06-23 16:05:00+00:00|demand|3362.66
20498,15min,m15_2c_1atr,demand,3280.22,3276.94,2025-06-30 15:30:00+00:00,2025-06-30 14:45:00+00:00,2025-06-30 15:00:00+00:00,2025-06-30 15:15:00+00:00,2,1.3132188200149728,0.6858849887975541,0.3414634146341396,2025-06-30 16:15:00+00:00,2025-06-30 16:30:00+00:00,3282.97,3276.3441428571427,6.625857142857058,0.75,True,409554,409555,2,3283.08,0.5893271461716928,11.328345658782897,0.7561285871369482,10.276406287057354,1.0,tp1,2025,2025-06,2025-06-30,0.04527716090640622,0.9547228390935938,0.03-0.05R,2025-06-30 16:25:00+00:00,3.2228571428571025,3282.85520608085,3283.08,0.9814385150812232,below,below,4.0900000000001455,12,Monday,ny_main,0.035618680587209406,1.2690602836880043,True,False,False,True,False,False,False,True,True,True,False,False,True,False,False,False,True,False,True,True,True,2025-06-30 16:15:00+00:00,3283.08,3282.642183438304,4.702142857142852,0.09311000856360266,True,True,7,4,2,True,True,False,True,False,2025-06-30 16:30:00+00:00|demand|3282.97
20605,15min,m15_2c_1atr,demand,3293.27,3288.12,2025-07-09 16:00:00+00:00,2025-07-09 15:15:00+00:00,2025-07-09 15:30:00+00:00,2025-07-09 15:45:00+00:00,2,1.4005074302283547,1.3066328379848149,0.1300970873786526,2025-07-09 16:40:00+00:00,2025-07-09 16:45:00+00:00,3296.17,3287.462857142857,8.707142857143026,0.6666666666666666,True,411441,411442,0,3296.21,0.524163568773254,3.9232157506151655,0.3353568498769502,2.6001640689088767,1.0,tp1,2025,2025-07,2025-07-09,0.03445447087776799,0.965545529122232,0.03-0.05R,2025-07-09 16:40:00+00:00,3.1392857142857014,3295.9213603602466,3296.21,0.7843866171004031,above,above,3.9299999999998363,12,Wednesday,ny_main,0.07920261562113537,1.251877133105755,True,False,False,True,False,False,True,True,True,True,False,False,False,False,False,False,True,False,True,True,True,2025-07-09 16:30:00+00:00,3296.21,3294.347543764735,4.541428571428534,0.41010360638114196,True,True,9,4,2,True,True,True,False,False,2025-07-09 16:45:00+00:00|demand|3296.17
20665,15min,m15_2c_1atr,supply,3355.59,3349.33,2025-07-15 16:00:00+00:00,2025-07-15 15:15:00+00:00,2025-07-15 15:30:00+00:00,2025-07-15 15:45:00+00:00,2,1.3131411822179326,1.427129132063235,0.27476038338661257,2025-07-15 16:00:00+00:00,2025-07-15 16:10:00+00:00,3348.53,3356.473142857143,7.943142857142902,0.0,True,412538,412539,1,3348.55,0.6740088105726806,3.5552677961224513,0.4595158447537374,2.8225603395561243,1.0,tp1,2025,2025-07,2025-07-15,0.03776842559620136,0.9622315744037986,0.03-0.05R,2025-07-15 16:05:00+00:00,4.361428571428535,3350.9651548866846,3348.55,0.1365638766520596,below,below,3.980000000000018,12,Tuesday,ny_main,-0.5583388210543941,0.9125450376678795,False,True,False,True,False,False,True,True,True,True,True,False,False,False,False,False,True,False,True,True,True,2025-07-15 16:00:00+00:00,3346.64,3352.5688954345974,4.536428571428554,-1.3069522293239713,True,False,6,4,2,True,True,True,False,False,2025-07-15 16:10:00+00:00|supply|3348.53
20684,15min,m15_2c_1atr,supply,3340.21,3336.26,2025-07-16 15:30:00+00:00,2025-07-16 14:45:00+00:00,2025-07-16 15:00:00+00:00,2025-07-16 15:15:00+00:00,2,1.6462778568042267,1.3110478899952314,0.27848101265833275,2025-07-16 15:30:00+00:00,2025-07-16 15:40:00+00:00,3334.78,3340.789,6.0090000000000146,0.0,True,412808,412809,1,3334.93,0.6805111821086374,2.507904809452509,1.3080379430853142,3.1769013146946414,1.0,tp1,2025,2025-07,2025-07-16,0.049925112331502625,0.9500748876684973,0.03-0.05R,2025-07-16 15:35:00+00:00,2.69571428571427,3336.3035569493954,3334.93,0.2843450479232721,below,below,3.4400000000000546,11,Wednesday,london_ny_overlap,-0.5651774587051807,1.276099629040833,False,True,False,True,False,False,True,True,True,True,True,False,False,False,True,False,True,False,True,True,True,2025-07-16 15:30:00+00:00,3334.11,3336.5561351733513,3.2635714285713675,-0.7495270831017151,True,False,4,2,2,True,True,True,False,False,2025-07-16 15:40:00+00:00|supply|3334.78
20824,15min,m15_2c_1atr,demand,3325.0,3323.3,2025-07-30 10:00:00+00:00,2025-07-30 09:15:00+00:00,2025-07-30 09:30:00+00:00,2025-07-30 09:45:00+00:00,2,1.3296733461432753,0.6533077134229197,0.26470588235313,2025-07-30 14:45:00+00:00,2025-07-30 14:55:00+00:00,3329.04,3322.8855714285714,6.154428571428525,4.75,True,415559,415560,1,3329.01,0.8311258278146468,0.4630811726747177,1.036651888303454,-3.4755460643903398,-1.0,stop,2025,2025-07,2025-07-30,0.04874538659734026,-1.0487453865973402,0.03-0.05R,2025-07-30 14:50:00+00:00,2.0299999999999403,3327.7381589912143,3329.01,0.9933774834437146,inside,inside,5.110000000000127,10,Wednesday,london_ny_overlap,0.6413009895496181,2.5172413793104815,True,False,False,True,False,False,True,True,True,True,True,True,True,False,False,False,True,False,True,True,True,2025-07-30 14:45:00+00:00,3330.88,3328.916900779033,3.420714285714244,0.5738857609843778,True,False,6,3,2,True,True,False,False,True,2025-07-30 14:55:00+00:00|demand|3329.04
20895,15min,m15_2c_1atr,supply,3367.48,3365.01,2025-08-06 12:45:00+00:00,2025-08-06 12:00:00+00:00,2025-08-06 12:15:00+00:00,2025-08-06 12:30:00+00:00,2,1.0163339382941292,0.6973180076627895,0.32793522267225333,2025-08-06 13:20:00+00:00,2025-08-06 13:35:00+00:00,3361.88,3367.8861428571427,6.0061428571425495,0.5833333333333334,True,416923,416924,2,3361.92,0.9540816326529878,0.30968294365296384,1.1421639749780028,-2.5324072972910048,-1.0,stop,2025,2025-08,2025-08-06,0.049948861879506874,-1.049948861879507,0.03-0.05R,2025-08-06 13:30:00+00:00,2.061428571428548,3362.825615188163,3361.92,0.03571428571436858,inside,inside,7.210000000000036,9,Wednesday,london_ny_overlap,-0.45871838649612684,3.497574497574555,False,True,False,True,False,False,False,True,True,True,True,True,True,False,False,False,True,False,True,True,True,2025-08-06 13:30:00+00:00,3361.24,3363.588336022013,3.8157142857141935,-0.615438118835432,True,False,1,1,1,True,True,False,False,True,2025-08-06 13:35:00+00:00|supply|3361.88
20957,15min,m15_2c_1atr,demand,3348.12,3343.86,2025-08-12 10:45:00+00:00,2025-08-12 10:00:00+00:00,2025-08-12 10:15:00+00:00,2025-08-12 10:30:00+00:00,2,2.296008697002617,0.9262307811771454,0.1150234741783589,2025-08-12 11:35:00+00:00,2025-08-12 12:05:00+00:00,3349.61,3343.373142857143,6.236857142856934,0.8333333333333334,True,418009,418010,5,3349.64,0.5670103092784101,0.36236199551053355,1.223372577763584,2.292821476018174,-1.0,stop,2025,2025-08,2025-08-12,0.04810114984653604,-1.048101149846536,0.03-0.05R,2025-08-12 12:00:00+00:00,2.4564285714285625,3348.653945209936,3349.64,0.9484536082473889,missing,missing,,8,Tuesday,london_ny_overlap,0.38920520677227277,,True,False,False,True,False,False,False,False,False,True,False,False,True,False,True,True,True,False,True,True,True,2025-08-12 12:00:00+00:00,3351.07,3350.0981038171067,5.546428571428578,0.17522918944634663,True,False,9,4,2,True,True,False,False,False,2025-08-12 12:05:00+00:00|demand|3349.61
21025,15min,m15_2c_1atr,demand,3333.14,3329.57,2025-08-19 06:00:00+00:00,2025-08-19 05:00:00+00:00,2025-08-19 05:15:00+00:00,2025-08-19 05:45:00+00:00,3,1.454064538881999,0.8813260447892065,0.22128851540629768,2025-08-19 16:05:00+00:00,2025-08-19 16:35:00+00:00,3335.71,3329.0042857142857,6.7057142857142935,10.083333333333334,True,419443,419444,5,3335.77,0.9006622516556637,0.5458031529612047,1.1602045164039483,1.61056668086922,-1.0,stop,2025,2025-08,2025-08-19,0.044737963357477574,-1.0447379633574776,0.03-0.05R,2025-08-19 16:30:00+00:00,2.6642857142857275,3333.165690352204,3335.77,0.9271523178808067,below,below,6.039999999999964,12,Tuesday,ny_main,0.9549687686098014,2.267024128686302,True,False,False,True,False,False,False,False,False,True,True,True,True,False,False,False,True,False,True,True,True,2025-08-19 16:30:00+00:00,3337.98,3335.8440080635405,3.6907142857142907,0.578747573261719,True,False,4,4,2,True,True,False,True,False,2025-08-19 16:35:00+00:00|demand|3335.71
21032,15min,m15_2c_1atr,supply,3340.17,3336.1,2025-08-19 16:00:00+00:00,2025-08-19 15:15:00+00:00,2025-08-19 15:30:00+00:00,2025-08-19 15:45:00+00:00,2,1.1986301369863146,1.501053740779845,0.3046683046682388,2025-08-19 16:30:00+00:00,2025-08-19 17:00:00+00:00,3334.09,3340.8207142857145,6.7307142857143845,0.5,True,419448,419449,5,3333.98,0.7541899441340427,3.347341610951907,1.1558951501644363,-1.662527857370248,1.0,tp1,2025,2025-08,2025-08-19,0.04457179242279463,0.9554282075772054,0.03-0.05R,2025-08-19 16:55:00+00:00,3.0749999999999806,3335.1240816567506,3333.98,0.030726256983276416,below,below,6.039999999999964,13,Tuesday,ny_main,-0.3362867176424278,1.9642276422764233,False,True,False,True,False,False,False,False,False,True,True,True,False,False,False,False,True,False,True,True,True,2025-08-19 16:45:00+00:00,3333.98,3335.4297840494205,3.902142857142865,-0.3715353595439643,True,True,10,4,2,True,True,True,False,False,2025-08-19 17:00:00+00:00|supply|3334.09
21061,15min,m15_2c_1atr,demand,3341.34,3336.08,2025-08-21 17:30:00+00:00,2025-08-21 16:45:00+00:00,2025-08-21 17:00:00+00:00,2025-08-21 17:15:00+00:00,2,1.009380863039397,0.9868667917448589,0.26996197718622794,2025-08-21 18:05:00+00:00,2025-08-21 18:30:00+00:00,3343.0,3335.5302857142856,7.469714285714417,0.5833333333333334,True,420018,420019,4,3342.99,0.6402214022140303,0.43241279069766925,1.0535878212973964,3.7364213586290456,-1.0,stop,2025,2025-08,2025-08-21,0.04016217870256967,-1.0401621787025697,0.03-0.05R,2025-08-21 18:25:00+00:00,2.744999999999988,3341.527484334447,3342.99,0.6845018450184213,above,above,3.0599999999999454,14,Thursday,ny_main,0.5364355794364856,1.1147540983606408,True,False,False,True,False,False,False,False,False,True,True,False,True,False,False,False,True,False,True,True,True,2025-08-21 18:15:00+00:00,3342.99,3342.2452575551197,5.8992857142857895,0.12624281666450307,True,True,9,4,2,True,True,True,False,False,2025-08-21 18:30:00+00:00|demand|3343.0
21113,15min,m15_2c_1atr,demand,3376.04,3373.84,2025-08-27 15:30:00+00:00,2025-08-27 14:30:00+00:00,2025-08-27 14:45:00+00:00,2025-08-27 15:15:00+00:00,3,2.251748251748213,0.7427055702916949,0.17727272727268406,2025-08-27 16:45:00+00:00,2025-08-27 17:15:00+00:00,3379.65,3373.3278571428573,6.322142857142808,1.25,True,421107,421108,5,3379.58,0.7806451612902544,5.36052423454979,0.09806801491355259,4.680375098858874,1.0,tp1,2025,2025-08,2025-08-27,0.047452265280759603,0.9525477347192404,0.03-0.05R,2025-08-27 17:10:00+00:00,2.6835714285714403,3378.873004234759,3379.58,0.8580645161288846,above,above,2.9200000000000728,13,Wednesday,ny_main,0.28953794818679507,1.088102209209498,True,False,False,True,False,False,False,False,False,True,True,True,True,False,True,True,True,False,True,True,True,2025-08-27 17:00:00+00:00,3379.58,3379.507517960752,3.3300000000000898,0.02176637815252673,True,True,14,4,2,True,True,True,False,False,2025-08-27 17:15:00+00:00|demand|3379.65
21210,15min,m15_2c_1atr,demand,3585.07,3575.11,2025-09-05 17:00:00+00:00,2025-09-05 16:15:00+00:00,2025-09-05 16:30:00+00:00,2025-09-05 16:45:00+00:00,2,1.7420494699646716,1.1731448763251004,0.24497991967871943,2025-09-05 17:25:00+00:00,2025-09-05 18:00:00+00:00,3590.31,3573.880285714286,16.429714285714,0.4166666666666667,True,423018,423019,6,3590.39,0.9527027027026541,3.41515372843635,0.7456003060656781,2.902667640512018,1.0,tp1,2025,2025-09,2025-09-05,0.018259599332220686,0.9817404006677793,<=0.03R,2025-09-05 17:55:00+00:00,6.163571428571426,3584.9075253637275,3590.39,1.0,above,above,2.549999999999727,14,Friday,ny_main,0.8765169186210993,0.4137211727893869,True,False,True,True,True,True,False,False,False,True,True,True,False,False,True,False,True,False,True,True,True,2025-09-05 17:45:00+00:00,3590.39,3582.9542758896887,10.932142857142837,0.6801707778135039,True,True,1,1,1,True,True,True,False,False,2025-09-05 18:00:00+00:00|demand|3590.31
21234,15min,m15_2c_1atr,demand,3646.19,3641.99,2025-09-09 11:45:00+00:00,2025-09-09 11:00:00+00:00,2025-09-09 11:15:00+00:00,2025-09-09 11:30:00+00:00,2,1.113231552162848,0.6234096692112353,0.34523809523813775,2025-09-09 15:35:00+00:00,2025-09-09 16:05:00+00:00,3652.95,3641.256714285714,11.693285714285594,3.8333333333333335,True,423547,423548,5,3653.03,0.8165680473373039,1.87971118957157,1.0074157330824658,-0.02223498222421125,1.0,tp1,2025,2025-09,2025-09-09,0.025655748720267085,0.9743442512797329,<=0.03R,2025-09-09 16:00:00+00:00,3.581428571428595,3649.109674338891,3653.03,0.9748520710059728,inside,inside,3.8299999999999272,12,Tuesday,ny_main,1.07228877653611,1.0694056641403795,True,False,True,True,True,False,False,False,False,True,True,True,True,False,False,False,True,False,True,True,True,2025-09-09 16:00:00+00:00,3652.78,3650.4824876041994,4.569999999999936,0.5027379421883708,True,False,7,3,2,True,True,False,False,True,2025-09-09 16:05:00+00:00|demand|3652.95
21292,15min,m15_2c_1atr,demand,3637.82,3634.16,2025-09-15 10:45:00+00:00,2025-09-15 10:00:00+00:00,2025-09-15 10:15:00+00:00,2025-09-15 10:30:00+00:00,2,1.6598607888630061,1.1888631090488269,0.14207650273222347,2025-09-15 12:35:00+00:00,2025-09-15 13:00:00+00:00,3641.34,3633.673,7.667000000000371,1.8333333333333333,True,424614,424615,4,3641.33,0.7320261437907913,7.510108256162402,0.562149471762063,6.705360636493722,1.0,tp1,2025,2025-09,2025-09-15,0.039128733533322746,0.9608712664666772,0.03-0.05R,2025-09-15 12:55:00+00:00,2.3214285714285388,3639.874880702032,3641.33,0.856209150326777,missing,missing,,9,Monday,london_ny_overlap,0.6311283129709078,,True,False,False,True,False,False,False,False,False,True,True,True,False,False,True,False,True,False,True,True,True,2025-09-15 12:45:00+00:00,3641.33,3641.272327027131,4.2014285714285835,0.013726991162318698,True,True,2,2,1,True,True,False,False,False,2025-09-15 13:00:00+00:00|demand|3641.34
21376,15min,m15_2c_1atr,demand,3718.9,3713.46,2025-09-22 16:15:00+00:00,2025-09-22 15:30:00+00:00,2025-09-22 15:45:00+00:00,2025-09-22 16:00:00+00:00,2,1.5648960739029336,1.1725943033102373,0.036764705882319136,2025-09-22 16:30:00+00:00,2025-09-22 16:55:00+00:00,3720.14,3712.5914285714284,7.548571428571449,0.25,True,426041,426042,4,3720.17,0.8995363214837612,9.407077971233917,0.4345193035578757,7.153671461014364,1.0,tp1,2025,2025-09,2025-09-22,0.03974261922785757,0.9602573807721424,0.03-0.05R,2025-09-22 16:50:00+00:00,4.463571428571478,3719.271366616923,3720.17,0.8995363214837612,below,below,6.140000000000327,12,Monday,ny_main,0.19460501461157026,1.3755800928149085,True,False,False,True,False,False,False,False,False,True,True,True,False,False,True,False,True,False,True,True,True,2025-09-22 16:45:00+00:00,3722.39,3721.072691321356,5.432857142857107,0.24247070077586244,True,False,6,4,2,True,True,False,True,False,2025-09-22 16:55:00+00:00|demand|3720.14
21535,15min,m15_2c_1atr,demand,3976.36,3963.19,2025-10-07 19:45:00+00:00,2025-10-07 19:00:00+00:00,2025-10-07 19:15:00+00:00,2025-10-07 19:30:00+00:00,2,1.2119491946356142,1.3083090896189644,0.11541381928625463,2025-10-07 19:45:00+00:00,2025-10-07 20:00:00+00:00,3976.74,3962.0648571428574,14.675142857142419,0.0,True,429108,429109,2,3976.7,0.6956521739130177,5.621751065942578,0.17035609290735085,4.8047232443589385,1.0,tp1,2025,2025-10,2025-10-07,0.0204427311488821,0.9795572688511179,<=0.03R,2025-10-07 19:55:00+00:00,5.87214285714286,3974.384830538047,3976.7,0.7217391304347336,above,above,5.7800000000002,16,Tuesday,ny_main,0.40107496006980364,0.9843084782873466,True,False,True,True,True,False,False,True,True,True,True,False,False,False,False,False,True,False,True,True,True,2025-10-07 19:45:00+00:00,3976.7,3974.428532177336,9.946428571428603,0.22837019402006903,True,True,12,4,2,True,True,True,False,False,2025-10-07 20:00:00+00:00|demand|3976.74
21544,15min,m15_2c_1atr,demand,4028.19,4021.44,2025-10-08 10:15:00+00:00,2025-10-08 09:15:00+00:00,2025-10-08 09:30:00+00:00,2025-10-08 10:00:00+00:00,3,1.8084129544608227,1.1726020598089073,0.1466666666667017,2025-10-08 16:35:00+00:00,2025-10-08 16:55:00+00:00,4036.49,4020.405714285714,16.08428571428567,6.333333333333333,True,429347,429348,3,4036.65,0.5653061224489654,1.4144240163424855,1.3112176925126409,-0.761612931876723,1.0,tp1,2025,2025-10,2025-10-08,0.018651745270450357,0.9813482547295497,<=0.03R,2025-10-08 16:50:00+00:00,5.112142857142901,4035.720373659202,4036.65,0.7795918367347128,below,below,11.730000000000018,12,Wednesday,ny_main,0.15054867641708386,2.2945368171021214,True,False,True,True,True,True,False,False,True,True,False,False,False,False,True,False,True,False,True,True,True,2025-10-08 16:45:00+00:00,4038.37,4037.838655341738,7.9021428571429295,0.06724057864652401,True,False,2,2,2,True,True,False,True,False,2025-10-08 16:55:00+00:00|demand|4036.49
21569,15min,m15_2c_1atr,supply,4027.22,4018.2,2025-10-09 18:45:00+00:00,2025-10-09 18:00:00+00:00,2025-10-09 18:15:00+00:00,2025-10-09 18:30:00+00:00,2,1.2626511180057554,0.6755108590991763,0.13082039911311458,2025-10-09 19:00:00+00:00,2025-10-09 19:15:00+00:00,4016.76,4028.351428571428,11.591428571427969,0.25,True,429651,429652,2,4016.78,0.7677966101694366,6.203721962041266,0.5348779886615848,2.836578752773142,1.0,tp1,2025,2025-10,2025-10-09,0.025881192999754856,0.9741188070002451,<=0.03R,2025-10-09 19:10:00+00:00,5.8714285714285905,4016.9956704653237,4016.78,0.1508474576271718,below,below,3.0700000000001637,15,Thursday,ny_main,-0.04013852207455125,0.5228710462287366,False,True,True,True,True,False,False,True,True,True,True,True,True,False,False,False,True,False,True,True,True,2025-10-09 19:00:00+00:00,4016.78,4018.3424061433248,13.794999999999943,-0.11325887229608975,True,True,3,3,2,True,True,True,False,False,2025-10-09 19:15:00+00:00|supply|4016.76
21678,15min,m15_2c_1atr,supply,4233.14,4219.32,2025-10-21 16:00:00+00:00,2025-10-21 15:15:00+00:00,2025-10-21 15:30:00+00:00,2025-10-21 15:45:00+00:00,2,1.1054896212586727,0.9148423093290843,0.21128798842250598,2025-10-21 16:35:00+00:00,2025-10-21 16:45:00+00:00,4205.53,4236.264714285715,30.7347142857152,0.5833333333333334,True,431829,431830,1,4205.54,0.7516142918639552,6.538860199959825,0.11485384139852958,5.919365259385437,1.0,tp1,2025,2025-10,2025-10-21,0.009760949693924216,0.9902390503060757,<=0.03R,2025-10-21 16:40:00+00:00,13.24214285714288,4208.105880571195,4205.54,0.1566939302626024,below,below,17.01000000000022,12,Tuesday,ny_main,-0.19452143048021767,1.2845353039538412,False,True,True,True,True,True,True,True,True,True,True,True,True,False,False,False,True,False,True,True,True,2025-10-21 16:30:00+00:00,4205.54,4217.327079805937,17.920714285714308,-0.6577349327717829,True,True,1,1,1,True,True,True,False,False,2025-10-21 16:45:00+00:00|supply|4205.53
21754,15min,m15_2c_1atr,demand,3909.29,3901.33,2025-10-28 12:45:00+00:00,2025-10-28 12:00:00+00:00,2025-10-28 12:15:00+00:00,2025-10-28 12:30:00+00:00,2,1.0189657967255892,0.6021505376344153,0.3391959798994731,2025-10-28 14:50:00+00:00,2025-10-28 15:05:00+00:00,3927.74,3900.14,27.59999999999991,2.0833333333333335,True,433198,433199,2,3927.71,0.9618863049095514,3.7148550724637874,0.46956521739129076,3.3605072463768226,1.0,tp1,2025,2025-10,2025-10-28,0.01086956521739134,0.9891304347826086,<=0.03R,2025-10-28 15:00:00+00:00,5.953571428571487,3918.910267169257,3927.71,0.9883720930232665,above,above,16.129999999999654,11,Tuesday,london_ny_overlap,1.4830984958655715,2.709298140371841,True,False,True,True,True,True,False,True,True,True,True,True,True,False,False,False,True,False,True,True,True,2025-10-28 15:00:00+00:00,3922.95,3919.4006558511164,11.442857142857195,0.3101798881670866,True,False,2,2,2,True,True,True,False,False,2025-10-28 15:05:00+00:00|demand|3927.74
21756,15min,m15_2c_1atr,demand,3916.58,3906.14,2025-10-28 15:30:00+00:00,2025-10-28 14:45:00+00:00,2025-10-28 15:00:00+00:00,2025-10-28 15:15:00+00:00,2,1.7476783119590318,0.9233685008528647,0.32662835249040584,2025-10-28 15:40:00+00:00,2025-10-28 15:50:00+00:00,3930.97,3904.544,26.42599999999993,0.16666666666666666,True,433207,433208,1,3931.11,0.7429078014184363,3.7576629077423918,0.48399303716037223,3.0897600847650155,1.0,tp1,2025,2025-10,2025-10-28,0.01135245591462956,0.9886475440853705,<=0.03R,2025-10-28 15:45:00+00:00,7.942857142857163,3926.5018546286365,3931.11,1.0,above,above,16.129999999999654,11,Tuesday,london_ny_overlap,0.5625362877615695,2.030755395683405,True,False,True,True,True,True,True,True,True,True,True,True,True,False,True,False,True,False,True,True,True,2025-10-28 15:45:00+00:00,3938.95,3926.095562355189,12.882142857142915,0.9978493320063777,True,False,3,3,2,True,True,True,False,False,2025-10-28 15:50:00+00:00|demand|3930.97
21786,15min,m15_2c_1atr,demand,3962.18,3955.91,2025-10-30 10:45:00+00:00,2025-10-30 09:45:00+00:00,2025-10-30 10:00:00+00:00,2025-10-30 10:30:00+00:00,3,1.0885064535955868,0.5395205900430246,0.11642743221690914,2025-10-30 14:55:00+00:00,2025-10-30 15:05:00+00:00,3974.73,3954.242714285714,20.487285714285917,4.166666666666667,True,433750,433751,1,3974.74,0.8826998689384016,3.4924099267141036,0.5588832097956079,2.1930674773901284,1.0,tp1,2025,2025-10,2025-10-30,0.014643228204251969,0.985356771795748,<=0.03R,2025-10-30 15:00:00+00:00,8.18214285714287,3971.8081555192625,3974.74,0.9410222804718149,inside,below,20.670000000000073,11,Thursday,london_ny_overlap,0.35710015478240775,2.526233085988656,True,False,True,True,True,True,True,True,True,True,True,True,True,False,False,False,True,False,True,True,True,2025-10-30 15:00:00+00:00,3975.51,3974.209183477006,12.044285714285675,0.10800279517211361,True,False,6,4,2,True,True,False,False,True,2025-10-30 15:05:00+00:00|demand|3974.73
21788,15min,m15_2c_1atr,supply,3986.94,3979.8,2025-10-30 13:30:00+00:00,2025-10-30 12:45:00+00:00,2025-10-30 13:00:00+00:00,2025-10-30 13:15:00+00:00,2,1.567712892334621,0.624984369138419,0.26050420168069477,2025-10-30 14:00:00+00:00,2025-10-30 14:30:00+00:00,3971.02,3988.163285714286,17.143285714285867,0.5,True,433743,433744,5,3971.02,0.7244488977955917,0.620651150387894,1.0686399506679,-2.8419289517761688,-1.0,stop,2025,2025-10,2025-10-30,0.01749956251093707,-1.017499562510937,<=0.03R,2025-10-30 14:25:00+00:00,6.106428571428621,3976.4638435829224,3971.02,0.014028056112211664,inside,below,20.670000000000073,10,Thursday,london_ny_overlap,-0.8914938608131213,3.3849573049479313,False,True,True,True,True,True,False,False,False,True,True,True,True,False,True,False,True,False,True,True,True,2025-10-30 14:15:00+00:00,3971.02,3977.4914132791173,12.130714285714248,-0.5334733904942748,True,True,7,4,2,True,True,False,False,True,2025-10-30 14:30:00+00:00|supply|3971.02
21813,15min,m15_2c_1atr,demand,4007.78,4002.07,2025-11-03 15:00:00+00:00,2025-11-03 14:15:00+00:00,2025-11-03 14:30:00+00:00,2025-11-03 14:45:00+00:00,2,1.1820734116668343,0.8312363522928273,0.318739054290665,2025-11-03 16:30:00+00:00,2025-11-03 16:50:00+00:00,4020.39,4000.9372857142857,19.452714285714137,1.5,True,434310,434311,3,4020.49,0.6589975349219338,0.528460956605409,1.2831114277111648,-3.1476327211039474,-1.0,stop,2025,2025-11,2025-11-03,0.01542201235229763,-1.0154220123522977,<=0.03R,2025-11-03 16:45:00+00:00,5.4728571428571025,4014.3825355244367,4020.49,0.6589975349219338,above,above,6.649999999999636,11,Monday,london_ny_overlap,1.097683407176789,1.2150874445313964,True,False,True,True,True,True,False,False,True,True,True,False,True,False,False,False,True,False,True,True,True,2025-11-03 16:45:00+00:00,4022.73,4015.0312777634595,7.140714285714239,1.0781445564826304,True,False,7,4,2,True,True,True,False,False,2025-11-03 16:50:00+00:00|demand|4020.39
21947,15min,m15_2c_1atr,supply,4092.28,4076.11,2025-11-17 15:45:00+00:00,2025-11-17 15:00:00+00:00,2025-11-17 15:15:00+00:00,2025-11-17 15:30:00+00:00,2,1.3881644934804567,1.6218655967903792,0.3481756338899248,2025-11-17 16:35:00+00:00,2025-11-17 17:05:00+00:00,4071.23,4093.686142857143,22.456142857142822,0.8333333333333334,True,437073,437074,5,4071.1,0.6307506053268642,3.257905886394431,0.4800468214233555,1.1110545634983682,1.0,tp1,2025,2025-11,2025-11-17,0.013359373508998513,0.9866406264910015,<=0.03R,2025-11-17 17:00:00+00:00,6.429285714285762,4073.1055378917326,4071.1,0.21186440677965543,below,below,5.670000000000073,12,Monday,ny_main,-0.2917179256111152,0.8819020108876839,False,True,True,True,True,True,False,False,False,True,True,False,False,False,False,False,True,False,True,True,True,2025-11-17 17:00:00+00:00,4068.93,4072.4930495392696,10.740714285714375,-0.33173301556012474,True,False,11,4,2,True,True,True,False,False,2025-11-17 17:05:00+00:00|supply|4071.23
21992,15min,m15_2c_1atr,demand,4083.45,4072.27,2025-11-20 17:00:00+00:00,2025-11-20 16:00:00+00:00,2025-11-20 16:15:00+00:00,2025-11-20 16:45:00+00:00,3,1.0731348768834958,0.8217567070929713,0.15116279069768151,2025-11-20 17:05:00+00:00,2025-11-20 17:15:00+00:00,4092.49,4070.391,22.098999999999705,0.08333333333333333,True,437903,437904,1,4092.69,0.5928143712574646,0.2887008461921442,1.0009502692429606,-1.0552513688402199,-1.0,stop,2025,2025-11,2025-11-20,0.013575274899316892,-1.013575274899317,<=0.03R,2025-11-20 17:10:00+00:00,9.397857142857251,4091.530581435777,4092.69,0.7964071856287324,above,above,19.16000000000031,12,Thursday,ny_main,0.10208907729054853,2.0387626358592477,True,False,True,True,True,True,True,True,True,True,False,False,True,False,False,False,True,False,True,True,True,2025-11-20 17:00:00+00:00,4092.69,4085.968009302506,13.650714285714262,0.4924277628848268,True,True,6,3,2,True,True,True,False,False,2025-11-20 17:15:00+00:00|demand|4092.49
21994,15min,m15_2c_1atr,supply,4082.69,4068.78,2025-11-20 19:00:00+00:00,2025-11-20 18:00:00+00:00,2025-11-20 18:15:00+00:00,2025-11-20 18:45:00+00:00,3,1.5113975924187069,0.8312985571587047,0.3026599568655701,2025-11-20 20:00:00+00:00,2025-11-20 20:20:00+00:00,4061.36,4084.1588571428574,22.798857142857287,1.0,True,437940,437941,3,4061.68,0.7739837398374224,0.22018647551255482,1.0632111885307372,-1.220675221815619,-1.0,stop,2025,2025-11,2025-11-20,0.01315855431349934,-1.0131585543134993,<=0.03R,2025-11-20 20:15:00+00:00,7.537857142857092,4063.0053064702374,4061.68,0.12195121951219332,inside,inside,19.16000000000031,15,Thursday,ny_main,-0.2182724399063998,2.541836444612964,False,True,True,True,True,True,False,False,True,True,True,True,True,False,True,False,True,False,True,True,True,2025-11-20 20:15:00+00:00,4060.37,4062.358810373621,14.049285714285686,-0.14155953648226316,True,False,8,3,2,True,True,False,False,True,2025-11-20 20:20:00+00:00|supply|4061.36
22045,15min,m15_2c_1atr,supply,4173.05,4166.34,2025-11-26 14:30:00+00:00,2025-11-26 13:45:00+00:00,2025-11-26 14:00:00+00:00,2025-11-26 14:15:00+00:00,2,1.6884596334818984,1.163199603764256,0.07004470938887371,2025-11-26 15:25:00+00:00,2025-11-26 15:35:00+00:00,4159.87,4174.063428571429,14.19342857142874,0.9166666666666666,True,438987,438988,1,4159.81,0.7938829787233671,1.6000362340720893,0.827847897417306,0.19022887855545326,1.0,tp1,2025,2025-11,2025-11-26,0.02113654206171845,0.9788634579382816,<=0.03R,2025-11-26 15:30:00+00:00,5.363571428571504,4161.211755460046,4159.81,0.19414893617022982,inside,below,13.859999999999673,10,Wednesday,london_ny_overlap,-0.25016082621720515,2.5840990811025795,False,True,True,True,True,False,True,True,True,True,True,True,False,False,True,False,True,False,True,True,True,2025-11-26 15:30:00+00:00,4153.95,4160.533975015381,7.553571428571364,-0.8716373542821163,True,False,7,4,2,True,True,False,False,True,2025-11-26 15:35:00+00:00|supply|4159.87
22072,15min,m15_2c_1atr,demand,4169.5,4162.12,2025-11-28 13:30:00+00:00,2025-11-28 12:45:00+00:00,2025-11-28 13:00:00+00:00,2025-11-28 13:15:00+00:00,2,1.2222853894258092,0.8391131324616377,0.2682926829268894,2025-11-28 14:00:00+00:00,2025-11-28 14:15:00+00:00,4175.84,4161.393428571429,14.446571428571588,0.5,True,439485,439486,2,4175.84,0.8448275862069334,6.144710559104383,0.5150010877519431,3.5593220338982707,1.0,tp1,2025,2025-11,2025-11-28,0.020766172893222086,0.9792338271067779,<=0.03R,2025-11-28 14:10:00+00:00,3.5578571428571713,4172.788701703113,4175.84,0.8620689655172267,missing,missing,,9,Friday,london_ny_overlap,0.8576224885851392,,True,False,True,True,True,False,False,True,True,True,True,True,True,False,False,False,True,False,True,True,True,2025-11-28 14:00:00+00:00,4175.84,4171.5844790083775,8.153571428571402,0.5219211027833363,True,True,4,2,1,True,True,False,False,False,2025-11-28 14:15:00+00:00|demand|4175.84
22110,15min,m15_2c_1atr,demand,4210.59,4205.94,2025-12-03 14:45:00+00:00,2025-12-03 14:00:00+00:00,2025-12-03 14:15:00+00:00,2025-12-03 14:30:00+00:00,2,1.3117010816125743,0.9144542772862249,0.20000000000003912,2025-12-03 16:50:00+00:00,2025-12-03 17:20:00+00:00,4221.93,4204.168571428571,17.76142857142895,2.0833333333333335,True,440323,440324,5,4222.41,0.5735849056603264,0.4256414381082225,1.467787340143171,-0.19987131022280014,-1.0,stop,2025,2025-12,2025-12-03,0.016890533258263934,-1.0168905332582638,<=0.03R,2025-12-03 17:15:00+00:00,8.935714285714312,4219.463216746968,4222.41,0.7333333333333409,above,above,5.270000000000437,12,Wednesday,ny_main,0.27605887723781425,0.5897681854516859,True,False,True,True,True,True,False,False,False,True,False,False,True,False,False,False,True,False,True,True,True,2025-12-03 17:15:00+00:00,4221.75,4220.475263105836,11.036428571428521,0.11550266337642362,True,False,5,4,2,True,True,True,False,False,2025-12-03 17:20:00+00:00|demand|4221.93
22123,15min,m15_2c_1atr,supply,4201.85,4193.37,2025-12-04 14:45:00+00:00,2025-12-04 14:00:00+00:00,2025-12-04 14:15:00+00:00,2025-12-04 14:30:00+00:00,2,1.456084923543651,1.500315935801961,0.2806603773583805,2025-12-04 15:25:00+00:00,2025-12-04 15:35:00+00:00,4190.95,4202.762857142858,11.812857142857865,0.6666666666666666,True,440578,440579,1,4190.92,0.5540372670807373,0.21586648929737795,1.3036642883056866,-3.541903494981051,-1.0,stop,2025,2025-12,2025-12-04,0.025396057564395592,-1.0253960575643957,<=0.03R,2025-12-04 15:30:00+00:00,4.314999999999925,4192.002016119817,4190.92,0.43726708074538595,below,below,8.579999999999927,10,Thursday,london_ny_overlap,-0.24380443101214352,1.9884125144843747,False,True,True,True,True,False,True,True,True,True,False,False,False,False,False,False,True,False,True,True,True,2025-12-04 15:30:00+00:00,4191.79,4193.741074042642,6.359285714285631,-0.30680710543626666,True,False,5,3,2,True,True,True,False,False,2025-12-04 15:35:00+00:00|supply|4190.95
22137,15min,m15_2c_1atr,demand,4229.55,4224.14,2025-12-05 15:00:00+00:00,2025-12-05 14:15:00+00:00,2025-12-05 14:30:00+00:00,2025-12-05 14:45:00+00:00,2,1.0937500000001086,1.4258283132529277,0.19963031423289396,2025-12-05 15:00:00+00:00,2025-12-05 15:30:00+00:00,4233.03,4223.395714285714,9.634285714285397,0.0,True,440853,440854,5,4233.07,0.6649831649830773,2.7319098457890036,3.0951957295374384,-3.5996441281139333,1.0,tp1,2025,2025-12,2025-12-05,0.031138790035588212,0.9688612099644118,0.03-0.05R,2025-12-05 15:25:00+00:00,3.6185714285712884,4228.229259612072,4233.07,0.6717171717170773,above,above,6.650000000000546,10,Friday,london_ny_overlap,1.3266949354714899,1.837741808132871,True,False,False,True,False,False,False,False,False,True,True,False,False,False,False,False,True,False,True,True,True,2025-12-05 15:15:00+00:00,4233.07,4227.54134774336,4.780714285714437,1.156449000342875,True,True,4,3,2,True,True,True,False,False,2025-12-05 15:30:00+00:00|demand|4233.03
22138,15min,m15_2c_1atr,demand,4233.26,4221.64,2025-12-05 15:45:00+00:00,2025-12-05 15:00:00+00:00,2025-12-05 15:15:00+00:00,2025-12-05 15:30:00+00:00,2,1.0939933259176502,2.2619577308119614,0.06110154905335999,2025-12-05 15:45:00+00:00,2025-12-05 15:55:00+00:00,4236.93,4220.710285714286,16.219714285713962,0.0,True,440858,440859,1,4236.91,0.9900662251654966,1.3822684916063666,2.0789515404534735,-3.4729341718191913,1.0,tp1,2025,2025-12,2025-12-05,0.018496010146383076,0.981503989853617,<=0.03R,2025-12-05 15:50:00+00:00,4.557857142856976,4232.70794943691,4236.91,1.0,above,above,6.650000000000546,10,Friday,london_ny_overlap,0.9263235838154905,1.4590189625452288,True,False,True,True,True,True,True,True,True,True,True,True,False,True,False,False,True,False,True,True,True,2025-12-05 15:45:00+00:00,4234.63,4230.19143258549,5.3671428571428805,0.8269888714818652,True,False,6,3,2,True,True,True,False,False,2025-12-05 15:55:00+00:00|demand|4236.93
22179,15min,m15_2c_1atr,demand,4200.34,4193.64,2025-12-10 15:45:00+00:00,2025-12-10 15:00:00+00:00,2025-12-10 15:15:00+00:00,2025-12-10 15:30:00+00:00,2,1.4940983606558103,1.5377049180327682,0.031343283582095836,2025-12-10 15:55:00+00:00,2025-12-10 16:00:00+00:00,4200.81,4192.888428571429,7.921571428571042,0.16666666666666666,True,441685,441686,0,4200.8,0.50391644908601,0.78646011794195,1.1664352311050836,4.159528232133054,-1.0,stop,2025,2025-12,2025-12-10,0.03787127373717521,-1.0378712737371751,0.03-0.05R,2025-12-10 15:55:00+00:00,3.699999999999883,4200.349391335633,4200.8,0.14099216710182086,inside,inside,4.969999999999345,11,Wednesday,london_ny_overlap,0.12448882820732841,1.3432432432431087,True,False,False,True,False,False,True,True,True,True,False,False,False,False,False,False,True,False,True,True,True,2025-12-10 15:45:00+00:00,4200.8,4198.934685446353,4.405714285714241,0.4233852748226717,True,True,5,4,2,True,True,False,False,True,2025-12-10 16:00:00+00:00|demand|4200.81
22191,15min,m15_2c_1atr,supply,4226.03,4218.65,2025-12-11 12:45:00+00:00,2025-12-11 12:00:00+00:00,2025-12-11 12:15:00+00:00,2025-12-11 12:30:00+00:00,2,1.0515695067264383,1.4478699551570342,0.2750677506774682,2025-12-11 12:55:00+00:00,2025-12-11 13:15:00+00:00,4215.26,4226.560714285714,11.300714285714093,0.16666666666666666,True,441928,441929,3,4215.31,0.7311827956988775,0.8902092155995702,1.276910435497091,-10.489602427153958,-1.0,stop,2025,2025-12,2025-12-11,0.02654699450098016,-1.0265469945009802,<=0.03R,2025-12-11 13:10:00+00:00,2.782142857142909,4216.834989207565,4215.31,0.23655913978501722,missing,missing,,8,Thursday,london_ny_overlap,-0.5661065187651906,,False,True,True,True,True,False,False,False,True,True,True,True,False,False,False,False,True,False,True,True,True,2025-12-11 13:00:00+00:00,4215.31,4216.469886039609,5.039999999999834,-0.23013611897002026,True,True,2,1,1,True,True,False,False,False,2025-12-11 13:15:00+00:00|supply|4215.26
22219,15min,m15_2c_1atr,supply,4335.17,4320.81,2025-12-15 17:30:00+00:00,2025-12-15 16:30:00+00:00,2025-12-15 16:45:00+00:00,2025-12-15 17:15:00+00:00,3,1.4674583238181538,1.5303341706629578,0.20752089136494017,2025-12-15 17:30:00+00:00,2025-12-15 17:40:00+00:00,4319.32,4337.019285714286,17.699285714285907,0.0,True,442533,442534,1,4319.33,0.46728971962616295,2.697848985027615,0.8926913919044358,1.379716695588996,1.0,tp1,2025,2025-12,2025-12-15,0.01694983655514732,0.9830501634448526,<=0.03R,2025-12-15 17:35:00+00:00,9.40714285714291,4320.145128086053,4319.33,0.15109034267916568,below,below,3.8499999999994543,12,Monday,ny_main,-0.08771293245819367,0.40926347760054715,False,True,True,True,True,True,True,True,True,True,False,False,False,False,False,False,True,False,True,True,True,2025-12-15 17:30:00+00:00,4323.32,4325.291860306805,10.000714285714432,-0.19717194696999488,True,False,2,2,1,True,True,True,False,False,2025-12-15 17:40:00+00:00|supply|4319.32
22396,15min,m15_2c_1atr,demand,4482.01,4463.16,2026-01-06 18:45:00+00:00,2026-01-06 17:30:00+00:00,2026-01-06 17:45:00+00:00,2026-01-06 18:30:00+00:00,4,1.1643472498343472,1.7488402915838683,0.2944297082227674,2026-01-06 19:40:00+00:00,2026-01-06 19:55:00+00:00,4490.26,4462.419285714285,27.840714285714967,0.9166666666666666,True,446379,446380,2,4490.28,0.758147512864516,0.37175770326086877,1.0419991276906717,-1.3688585576108863,-1.0,stop,2026,2026-01,2026-01-06,0.01077558560176488,-1.0107755856017648,<=0.03R,2026-01-06 19:50:00+00:00,3.7578571428571195,4487.443208948477,4490.28,0.9794168096055074,above,above,4.150000000000546,14,Tuesday,ny_main,0.7495737449405666,1.1043527846418553,True,False,True,True,True,True,False,True,True,True,True,True,False,False,False,False,True,False,True,True,True,2026-01-06 19:45:00+00:00,4489.61,4485.525228424827,9.49214285714288,0.43033186885705627,True,False,8,3,2,True,True,True,False,False,2026-01-06 19:55:00+00:00|demand|4490.26
22419,15min,m15_2c_1atr,supply,4433.94,4430.02,2026-01-08 13:30:00+00:00,2026-01-08 12:45:00+00:00,2026-01-08 13:00:00+00:00,2026-01-08 13:15:00+00:00,2,1.0160052620039066,0.6016224512166963,0.20663265306137069,2026-01-08 14:40:00+00:00,2026-01-08 15:05:00+00:00,4423.85,4435.075714285714,11.225714285713366,1.1666666666666667,True,446873,446874,4,4423.83,0.603715170278578,0.5719012471367293,1.0983710867906156,-5.629931280224421,-1.0,stop,2026,2026-01,2026-01-08,0.026724357342837516,-1.0267243573428375,<=0.03R,2026-01-08 15:00:00+00:00,5.492857142857247,4425.301137223655,4423.83,0.06965944272442966,above,above,15.350000000000364,10,Thursday,london_ny_overlap,-0.2641862305743352,2.794538361508466,False,True,True,True,True,False,False,False,False,True,True,False,True,False,False,False,True,False,True,True,True,2026-01-08 15:00:00+00:00,4420.69,4424.275061586619,7.43500000000001,-0.48218716699654324,True,False,4,3,2,True,True,False,True,False,2026-01-08 15:05:00+00:00|supply|4423.85
22436,15min,m15_2c_1atr,demand,4468.81,4461.21,2026-01-09 15:30:00+00:00,2026-01-09 14:30:00+00:00,2026-01-09 14:45:00+00:00,2026-01-09 15:15:00+00:00,3,1.1147880041364084,1.222566930943415,0.224999999999994,2026-01-09 15:30:00+00:00,2026-01-09 15:35:00+00:00,4487.19,4459.752428571429,27.437571428570664,0.0,True,447155,447156,0,4487.09,0.4758667573079526,4.852470283188476,0.29922473355097995,4.505500799217079,1.0,tp1,2026,2026-01,2026-01-09,0.010933912310023578,0.9890660876899764,<=0.03R,2026-01-09 15:30:00+00:00,6.848571428571371,4473.28906586581,4487.09,0.9510537049626242,above,above,13.300000000000182,10,Friday,london_ny_overlap,2.029756757182509,1.9420108468919912,True,False,True,True,True,True,True,True,True,True,False,False,False,False,False,False,True,False,True,True,True,2026-01-09 15:30:00+00:00,4486.77,4473.662801668892,8.238571428571438,1.590955233531464,True,False,6,3,2,True,True,True,False,False,2026-01-09 15:35:00+00:00|demand|4487.19
22497,15min,m15_2c_1atr,demand,4615.75,4611.35,2026-01-15 13:00:00+00:00,2026-01-15 12:15:00+00:00,2026-01-15 12:30:00+00:00,2026-01-15 12:45:00+00:00,2,1.2854056649064811,0.7393182909264897,0.059090909090756885,2026-01-15 13:45:00+00:00,2026-01-15 14:00:00+00:00,4619.26,4610.8150000000005,8.444999999999709,0.75,True,448240,448241,2,4619.29,0.6088235294115814,0.18235642391948095,1.0728241563055905,-2.4452338661931625,-1.0,stop,2026,2026-01,2026-01-15,0.035523978685614015,-1.035523978685614,0.03-0.05R,2026-01-15 13:55:00+00:00,2.6657142857143947,4618.632439076712,4619.29,0.8499999999999599,missing,missing,,9,Thursday,london_ny_overlap,0.23541942459891912,,True,False,False,True,False,False,False,True,True,True,True,False,True,False,False,False,True,False,True,True,True,2026-01-15 13:45:00+00:00,4619.29,4616.760212830398,5.14428571428568,0.49176645896180315,True,True,4,4,2,True,True,False,False,False,2026-01-15 14:00:00+00:00|demand|4619.26
22567,15min,m15_2c_1atr,supply,4838.08,4829.74,2026-01-22 11:45:00+00:00,2026-01-22 11:00:00+00:00,2026-01-22 11:15:00+00:00,2026-01-22 11:30:00+00:00,2,2.1316395102641748,1.0748412040872775,0.25059952038359706,2026-01-22 12:45:00+00:00,2026-01-22 13:15:00+00:00,4826.32,4838.745428571428,12.42542857142871,1.0,True,449581,449582,5,4826.27,0.9053708439897942,1.2522706891397275,1.7327370139575857,-8.67414748557102,1.0,tp1,2026,2026-01,2026-01-22,0.024144036423003248,0.9758559635769968,<=0.03R,2026-01-22 13:10:00+00:00,3.2435714285715482,4828.297996614908,4826.27,0.005115089514178338,missing,missing,,8,Thursday,london_ny_overlap,-0.6098205815615962,,False,True,True,True,True,False,False,False,False,True,True,True,False,False,True,True,True,False,True,True,True,2026-01-22 13:00:00+00:00,4826.27,4826.717484493568,7.158571428571512,-0.06251030642532363,True,True,10,4,2,True,True,False,False,False,2026-01-22 13:15:00+00:00|supply|4826.32
22600,15min,m15_2c_1atr,demand,5076.05,5067.03,2026-01-26 16:45:00+00:00,2026-01-26 15:45:00+00:00,2026-01-26 16:00:00+00:00,2026-01-26 16:30:00+00:00,3,1.076417805407348,0.7406017242390784,0.2937915742793246,2026-01-26 17:35:00+00:00,2026-01-26 17:50:00+00:00,5085.58,5065.2062857142855,20.373714285714414,0.8333333333333334,True,450187,450188,2,5085.55,0.8085339168490222,0.9605514107813787,1.338489370056624,0.20173052111963263,-1.0,stop,2026,2026-01,2026-01-26,0.014724855556178737,-1.0147248555561788,<=0.03R,2026-01-26 17:45:00+00:00,9.436428571428808,5084.457887998363,5085.55,0.84463894967177,below,below,10.840000000000146,12,Monday,ny_main,0.1189127849740299,1.148739686624769,True,False,True,True,True,True,False,True,True,True,True,True,True,False,False,False,True,False,True,True,True,2026-01-26 17:45:00+00:00,5091.45,5085.904558005987,14.70142857142868,0.37720429460778115,True,False,5,3,2,True,True,False,True,False,2026-01-26 17:50:00+00:00|demand|5085.58
22641,15min,m15_2c_1atr,demand,5519.47,5508.52,2026-01-29 14:15:00+00:00,2026-01-29 13:30:00+00:00,2026-01-29 13:45:00+00:00,2026-01-29 14:00:00+00:00,2,1.0389483933787853,0.5331061343719509,0.13789954337901766,2026-01-29 15:10:00+00:00,2026-01-29 15:45:00+00:00,5526.18,5506.1507142857145,20.029285714285834,0.9166666666666666,True,450990,450991,6,5526.17,0.5918803418803719,1.1822688206554308,1.2321957134196426,-21.852501693948042,1.0,tp1,2026,2026-01,2026-01-29,0.014978067829249937,0.9850219321707501,<=0.03R,2026-01-29 15:40:00+00:00,12.04071428571433,5521.849407713209,5526.17,0.6452991452991754,inside,inside,24.43000000000029,10,Thursday,london_ny_overlap,0.3596624073979759,2.02894939787627,True,False,True,True,True,True,False,False,False,True,False,False,True,False,False,False,True,False,True,True,True,2026-01-29 15:30:00+00:00,5526.17,5523.996690321241,19.51357142857127,0.11137426517306923,True,True,7,4,2,True,True,False,False,True,2026-01-29 15:45:00+00:00|demand|5526.18
22650,15min,m15_2c_1atr,supply,5144.87,5089.54,2026-01-30 15:00:00+00:00,2026-01-30 13:45:00+00:00,2026-01-30 14:00:00+00:00,2026-01-30 14:45:00+00:00,4,1.5512236103116004,1.2051278062137254,0.27164287005240856,2026-01-30 15:00:00+00:00,2026-01-30 15:10:00+00:00,5081.86,5149.969142857143,68.10914285714352,0.0,True,451259,451260,1,5081.62,0.604838709677425,9.96547558120989,0.46234615029658843,5.217067563826076,1.0,tp1,2026,2026-01,2026-01-30,0.00440469498535959,0.9955953050146404,<=0.03R,2026-01-30 15:05:00+00:00,25.447142857143003,5092.270621191605,5081.62,0.38892961876832005,below,below,35.80000000000018,10,Friday,london_ny_overlap,-0.4091076648584461,1.406837702801324,False,True,True,True,True,True,True,True,True,True,True,False,False,False,True,False,True,False,True,True,True,2026-01-30 15:00:00+00:00,5074.75,5096.711215277084,42.599285714285806,-0.5155301294105837,True,False,4,3,2,True,True,True,False,False,2026-01-30 15:10:00+00:00|supply|5081.86
22652,15min,m15_2c_1atr,supply,5113.35,5056.75,2026-01-30 17:15:00+00:00,2026-01-30 16:30:00+00:00,2026-01-30 16:45:00+00:00,2026-01-30 17:00:00+00:00,2,1.065143703534889,1.1285498618509182,0.1538869257950366,2026-01-30 17:15:00+00:00,2026-01-30 17:55:00+00:00,5041.82,5119.436285714286,77.61628571428628,0.0,True,451292,451293,7,5042.17,0.5799717912552778,8.228943115767247,0.20060223001800714,4.840478986368803,1.0,tp1,2026,2026-01,2026-01-30,0.0038651682084392906,0.9961348317915607,<=0.03R,2026-01-30 17:50:00+00:00,30.628571428571377,5049.291537205364,5042.17,0.096473906911145,below,below,35.80000000000018,12,Friday,ny_main,-0.24394011398110954,1.1688432835820974,False,True,True,True,True,True,False,False,False,True,False,False,False,False,False,False,True,False,True,True,True,2026-01-30 17:45:00+00:00,5050.36,5051.920845954042,49.57214285714287,-0.031486352295495554,True,False,4,4,2,True,True,True,False,False,2026-01-30 17:55:00+00:00|supply|5041.82
22678,15min,m15_2c_1atr,demand,4910.09,4884.23,2026-02-03 14:15:00+00:00,2026-02-03 13:15:00+00:00,2026-02-03 13:30:00+00:00,2026-02-03 14:00:00+00:00,3,1.1576227390181053,1.2641944269851566,0.2088167053364433,2026-02-03 14:20:00+00:00,2026-02-03 14:35:00+00:00,4917.01,4881.718428571428,35.29157142857184,0.08333333333333333,True,451804,451805,2,4917.02,0.8051082731815561,2.182107423464102,1.0299909731583,3.6912496306280578,1.0,tp1,2026,2026-02,2026-02-03,0.008500613258527837,0.9914993867414722,<=0.03R,2026-02-03 14:30:00+00:00,13.534285714285684,4912.550250160301,4917.02,0.9367018323154135,inside,inside,43.17000000000007,9,Tuesday,london_ny_overlap,0.32951497654519507,3.1896770107663204,True,False,True,True,True,True,False,True,True,True,True,True,False,False,False,False,True,False,True,True,True,2026-02-03 14:30:00+00:00,4912.32,4911.7228522215655,21.10785714285716,0.028290307935699886,True,False,2,2,1,True,True,False,False,True,2026-02-03 14:35:00+00:00|demand|4917.01
22752,15min,m15_2c_1atr,supply,5043.81,5029.12,2026-02-10 17:45:00+00:00,2026-02-10 17:00:00+00:00,2026-02-10 17:15:00+00:00,2026-02-10 17:30:00+00:00,2,1.516316529270994,0.7812939254644511,0.3253914227365269,2026-02-10 17:55:00+00:00,2026-02-10 18:00:00+00:00,5019.64,5046.186428571429,26.546428571428805,0.16666666666666666,True,453225,453226,0,5019.69,0.5792778649921692,0.5560069958294127,1.317691376294873,-2.0258845688147176,-1.0,stop,2026,2026-02,2026-02-10,0.011300955199784643,-1.0113009551997847,<=0.03R,2026-02-10 17:55:00+00:00,12.060714285714246,5025.949160452641,5019.69,0.21664050235473753,below,below,15.979999999999563,13,Tuesday,ny_main,-0.5231166499080299,1.3249629848978064,False,True,True,True,True,True,True,True,True,True,False,False,True,False,True,False,True,False,True,True,True,2026-02-10 17:45:00+00:00,5019.69,5034.0709717743375,19.436428571428547,-0.7398978532238109,True,True,5,3,2,True,True,True,False,False,2026-02-10 18:00:00+00:00|supply|5019.64
22853,15min,m15_2c_1atr,demand,4995.88,4986.16,2026-02-20 06:45:00+00:00,2026-02-20 05:45:00+00:00,2026-02-20 06:00:00+00:00,2026-02-20 06:30:00+00:00,3,1.3451638689048193,1.0877697841726872,0.04526748971198537,2026-02-20 17:05:00+00:00,2026-02-20 17:40:00+00:00,5036.44,4982.481714285714,53.95828571428592,10.333333333333334,True,455399,455400,6,5036.47,0.514573396926343,3.38706090419053,0.1623476336217261,3.2213773602888995,1.0,tp1,2026,2026-02,2026-02-20,0.005559850466497908,0.9944401495335021,<=0.03R,2026-02-20 17:35:00+00:00,18.074285714285775,5032.149496651046,5036.47,0.9120296767355663,above,above,12.0600000000004,12,Friday,ny_main,0.2373816269575787,0.6672462851723246,True,False,True,True,True,True,False,False,False,True,False,False,False,False,False,False,True,False,True,True,True,2026-02-20 17:30:00+00:00,5045.14,5037.68758661374,18.658571428571513,0.3994096447731696,True,False,8,4,2,True,True,True,False,False,2026-02-20 17:40:00+00:00|demand|5036.44
22854,15min,m15_2c_1atr,demand,5004.82,4998.13,2026-02-20 08:15:00+00:00,2026-02-20 07:30:00+00:00,2026-02-20 07:45:00+00:00,2026-02-20 08:00:00+00:00,2,2.1918872526876307,0.846146896738571,0.34080717488801066,2026-02-20 17:05:00+00:00,2026-02-20 17:40:00+00:00,5036.44,4994.451714285715,41.98828571428476,8.833333333333334,True,455399,455400,6,5036.47,0.514573396926343,4.352642573779185,0.20862961778454045,4.1397260460401615,1.0,tp1,2026,2026-02,2026-02-20,0.007144849924128661,0.9928551500758713,<=0.03R,2026-02-20 17:35:00+00:00,18.074285714285775,5032.149496651046,5036.47,0.9120296767355663,above,above,12.0600000000004,12,Friday,ny_main,0.2373816269575787,0.6672462851723246,True,False,True,True,True,True,False,False,False,True,False,False,True,False,True,True,True,False,True,True,True,2026-02-20 17:30:00+00:00,5045.14,5037.68758661374,18.658571428571513,0.3994096447731696,True,False,4,3,2,True,True,True,False,False,2026-02-20 17:40:00+00:00|demand|5036.44
22896,15min,m15_2c_1atr,supply,5180.92,5170.21,2026-02-25 13:15:00+00:00,2026-02-25 12:30:00+00:00,2026-02-25 12:45:00+00:00,2026-02-25 13:00:00+00:00,2,1.576669957222824,1.2334649555774926,0.1988795518207378,2026-02-25 13:30:00+00:00,2026-02-25 13:40:00+00:00,5167.55,5182.0004285714285,14.450428571428347,0.25,True,456179,456180,1,5167.57,0.5028409090909708,0.05743774282522101,1.0366474548456157,-1.3674334918391315,-1.0,stop,2026,2026-02,2026-02-25,0.02076062993682869,-1.0207606299368286,<=0.03R,2026-02-25 13:35:00+00:00,5.316428571428657,5168.444051212796,5167.57,0.13068181818181232,missing,missing,,8,Wednesday,london_ny_overlap,-0.16816763373825386,,False,True,True,True,True,False,True,True,True,True,False,False,False,False,True,False,True,False,True,True,True,2026-02-25 13:30:00+00:00,5173.73,5175.299046443501,9.257142857142883,-0.16949575778560844,True,False,8,4,2,True,True,False,False,False,2026-02-25 13:40:00+00:00|supply|5167.55
22899,15min,m15_2c_1atr,demand,5181.18,5159.16,2026-02-25 17:15:00+00:00,2026-02-25 16:30:00+00:00,2026-02-25 16:45:00+00:00,2026-02-25 17:00:00+00:00,2,1.7465668822204405,2.239918622393401,0.09218891916442391,2026-02-25 17:25:00+00:00,2026-02-25 17:40:00+00:00,5187.21,5157.304571428571,29.905428571429184,0.16666666666666666,True,456227,456228,2,5187.26,0.7242236024845284,1.0175410102322449,1.3619600836923897,-0.12940794313501935,1.0,tp1,2026,2026-02,2026-02-25,0.010031623498838993,0.989968376501161,<=0.03R,2026-02-25 17:35:00+00:00,9.466428571428423,5185.333652880246,5187.26,0.7242236024845284,inside,above,9.0,12,Wednesday,ny_main,0.1982106668419407,0.950728137025594,True,False,True,True,True,True,False,True,True,True,True,True,False,True,True,False,True,False,True,True,True,2026-02-25 17:30:00+00:00,5191.0,5185.224009741297,11.789285714285857,0.48993555663037186,True,False,7,3,2,True,True,False,False,True,2026-02-25 17:40:00+00:00|demand|5187.21
22901,15min,m15_2c_1atr,demand,5198.75,5189.82,2026-02-25 18:45:00+00:00,2026-02-25 18:00:00+00:00,2026-02-25 18:15:00+00:00,2026-02-25 18:30:00+00:00,2,1.1667970933482303,0.698826159865871,0.23740201567747166,2026-02-25 21:05:00+00:00,2026-02-25 21:15:00+00:00,5206.66,5189.142428571428,17.5175714285715,2.3333333333333335,True,456270,456271,1,5206.96,0.7779133618059637,0.10275396948371204,1.3123965324612659,-0.663904813941923,-1.0,stop,2026,2026-02,2026-02-25,0.017125661580616944,-1.017125661580617,<=0.03R,2026-02-25 21:10:00+00:00,2.9514285714286155,5202.781252764538,5206.96,0.9365466748017118,above,above,9.0,16,Wednesday,ny_main,1.3141931581912156,3.0493707647627812,True,False,True,True,True,True,True,True,True,True,True,True,True,False,False,False,True,False,True,True,True,2026-02-25 21:00:00+00:00,5206.96,5205.705851980085,7.3407142857142516,0.1708482269029169,True,True,4,4,2,True,True,True,False,False,2026-02-25 21:15:00+00:00|demand|5206.66
22902,15min,m15_2c_1atr,supply,5217.64,5207.86,2026-02-25 20:45:00+00:00,2026-02-25 19:00:00+00:00,2026-02-25 19:15:00+00:00,2026-02-25 20:30:00+00:00,6,1.0975056689341742,1.1088435374150443,0.2597137014314717,2026-02-25 21:10:00+00:00,2026-02-25 21:20:00+00:00,5200.79,5218.408714285714,17.618714285714304,0.4166666666666667,True,456271,456272,1,5200.83,0.9765494137352896,3.99064306622019,0.4353325603457399,0.2026254550761604,1.0,tp1,2026,2026-02,2026-02-25,0.017027349166065284,0.9829726508339347,<=0.03R,2026-02-25 21:15:00+00:00,3.3878571428572286,5202.347641039086,5200.83,0.02177554438862707,above,above,9.0,16,Wednesday,ny_main,-0.4597717593759554,2.6565464895635,False,True,True,True,True,True,True,True,True,True,True,True,False,False,False,False,True,False,True,True,True,2026-02-25 21:15:00+00:00,5202.83,5205.066773762288,7.4571428571428315,-0.29995050452138927,True,False,1,1,1,True,True,False,True,False,2026-02-25 21:20:00+00:00|supply|5200.79
22966,15min,m15_2c_1atr,supply,5206.08,5192.27,2026-03-04 14:45:00+00:00,2026-03-04 14:00:00+00:00,2026-03-04 14:15:00+00:00,2026-03-04 14:30:00+00:00,2,2.333706726409533,1.0313116765348627,0.28530050687912056,2026-03-04 15:10:00+00:00,2026-03-04 15:55:00+00:00,5180.4,5207.963285714286,27.563285714286394,0.4166666666666667,True,457586,457587,8,5180.36,0.9004878048780949,3.5289696957131373,0.5296901157336624,2.7645470423906833,1.0,tp1,2026,2026-03,2026-03-04,0.010884043473979093,0.9891159565260209,<=0.03R,2026-03-04 15:50:00+00:00,9.079285714285627,5185.930100320865,5180.36,0.07219512195119822,inside,below,31.800000000000182,10,Wednesday,london_ny_overlap,-0.6090898001110265,3.502478168515513,False,True,True,True,True,True,False,False,False,True,True,True,False,False,True,True,True,False,True,True,True,2026-03-04 15:45:00+00:00,5168.61,5182.775356278102,14.669285714285772,-0.9656473092147263,True,False,3,2,1,True,True,False,False,True,2026-03-04 15:55:00+00:00|supply|5180.4
22969,15min,m15_2c_1atr,supply,5185.1,5163.19,2026-03-04 17:15:00+00:00,2026-03-04 16:30:00+00:00,2026-03-04 16:45:00+00:00,2026-03-04 17:00:00+00:00,2,1.8469643930554194,1.084615112619813,0.2218165221360298,2026-03-04 17:30:00+00:00,2026-03-04 17:40:00+00:00,5152.59,5188.403571428572,35.81357142857178,0.25,True,457607,457608,1,5152.58,0.7702702702702885,1.2174155846746029,1.0423422884381297,2.1994455413949128,1.0,tp1,2026,2026-03,2026-03-04,0.008376712738586646,0.9916232872614134,<=0.03R,2026-03-04 17:35:00+00:00,16.847142857143158,5154.502146626587,5152.58,0.07014157014157966,below,below,31.800000000000182,12,Wednesday,ny_main,-0.11349975736545732,1.8875604171966192,False,True,True,True,True,True,True,True,True,True,True,True,False,False,True,False,True,False,True,True,True,2026-03-04 17:30:00+00:00,5143.75,5156.562746732277,22.675714285714353,-0.5650426959361297,True,False,7,4,2,True,True,True,False,False,2026-03-04 17:40:00+00:00|supply|5152.59
23017,15min,m15_2c_1atr,demand,5176.61,5156.59,2026-03-10 13:15:00+00:00,2026-03-10 12:30:00+00:00,2026-03-10 12:45:00+00:00,2026-03-10 13:00:00+00:00,2,1.8211543929485854,1.9923230025589866,0.2562437562437678,2026-03-10 13:40:00+00:00,2026-03-10 14:25:00+00:00,5177.77,5155.314857142857,22.455142857143073,0.4166666666666667,True,458684,458685,8,5177.76,0.6279461279462498,2.717862913999937,0.744595574669504,-0.07526115557367355,1.0,tp1,2026,2026-03,2026-03-10,0.013359968445026781,0.9866400315549733,<=0.03R,2026-03-10 14:20:00+00:00,6.547857142857083,5174.324513181296,5177.76,0.9747474747475343,inside,inside,15.289999999999964,10,Tuesday,london_ny_overlap,0.5262006704686005,2.335115086724135,True,False,True,True,True,True,False,False,False,True,True,False,False,False,True,False,True,False,True,True,True,2026-03-10 14:15:00+00:00,5179.5,5177.44484618022,10.726428571428446,0.19159721300469867,True,False,6,2,2,True,True,False,False,True,2026-03-10 14:25:00+00:00|demand|5177.77
23131,15min,m15_2c_1atr,supply,4490.96,4472.63,2026-03-23 02:15:00+00:00,2026-03-23 01:30:00+00:00,2026-03-23 01:45:00+00:00,2026-03-23 02:00:00+00:00,2,1.9860712156522746,0.6954094629017344,0.18221494817240363,2026-03-23 14:50:00+00:00,2026-03-23 15:20:00+00:00,4423.58,4496.504857142857,72.92485714285704,12.583333333333334,True,461177,461178,5,4423.43,0.7961891799931737,0.29742944792486475,1.1130635448622288,0.22653455415946133,-1.0,stop,2026,2026-03,2026-03-23,0.004113823622750626,-1.0041138236227507,<=0.03R,2026-03-23 15:15:00+00:00,28.094285714285757,4439.650589114744,4423.43,0.0034025178632311223,inside,inside,193.55000000000018,11,Monday,london_ny_overlap,-0.5720234099624295,6.889301332248547,False,True,True,True,True,True,False,False,False,True,True,True,True,False,True,False,True,False,True,True,True,2026-03-23 15:15:00+00:00,4409.41,4410.612130058711,59.77714285714286,-0.02011019599220518,True,False,3,3,2,True,True,False,False,True,2026-03-23 15:20:00+00:00|supply|4423.58
23183,15min,m15_2c_1atr,demand,4427.82,4416.97,2026-03-26 12:30:00+00:00,2026-03-26 11:45:00+00:00,2026-03-26 12:00:00+00:00,2026-03-26 12:15:00+00:00,2,1.0607036773626641,0.6354850855540881,0.05069124423965065,2026-03-26 12:40:00+00:00,2026-03-26 12:50:00+00:00,4441.06,4414.948714285714,26.11128571428617,0.16666666666666666,True,461975,461976,1,4441.14,0.8082278481012841,1.4782879871319543,1.949731643131865,-0.6127618599510778,1.0,tp1,2026,2026-03,2026-03-26,0.011489284874082708,0.9885107151259173,<=0.03R,2026-03-26 12:45:00+00:00,9.939285714285623,4434.347308280579,4441.14,1.0,missing,missing,,8,Thursday,london_ny_overlap,0.6753696304124621,,True,False,True,True,True,True,True,True,True,True,True,True,True,False,False,False,True,False,True,True,True,2026-03-26 12:45:00+00:00,4443.06,4434.185110451782,17.96928571428563,0.493892171860955,True,False,2,2,1,True,True,False,False,False,2026-03-26 12:50:00+00:00|demand|4441.06
23186,15min,m15_2c_1atr,supply,4469.88,4446.13,2026-03-26 17:45:00+00:00,2026-03-26 16:45:00+00:00,2026-03-26 17:00:00+00:00,2026-03-26 17:30:00+00:00,3,1.3015101674641159,1.2428977272727337,0.20126315789476443,2026-03-26 17:45:00+00:00,2026-03-26 17:50:00+00:00,4443.5,4472.052428571428,28.55242857142821,0.0,True,462035,462036,0,4443.52,0.45895020188439406,3.232999944963456,1.086072238038317,-2.4106530843010883,1.0,tp1,2026,2026-03,2026-03-26,0.010506987146452524,0.9894930128535475,<=0.03R,2026-03-26 17:45:00+00:00,12.059999999999816,4446.962124552552,4443.52,0.567967698519597,inside,inside,17.149999999999636,13,Thursday,ny_main,-0.2870750043575722,1.4220563847429435,False,True,True,True,True,True,True,True,True,True,False,False,False,False,False,False,True,False,True,True,True,2026-03-26 17:45:00+00:00,4438.34,4448.326390150782,19.105714285714125,-0.5226912745287214,True,False,4,3,2,True,True,False,False,True,2026-03-26 17:50:00+00:00|supply|4443.5
23241,15min,m15_2c_1atr,demand,4738.78,4728.19,2026-04-01 14:30:00+00:00,2026-04-01 13:45:00+00:00,2026-04-01 14:00:00+00:00,2026-04-01 14:15:00+00:00,2,1.2065352955848905,0.9245447742579185,0.3493862134089402,2026-04-01 15:15:00+00:00,2026-04-01 15:35:00+00:00,4744.67,4726.389142857142,18.280857142857712,0.75,True,463100,463101,3,4744.65,0.6559220389805026,0.49669443445913375,1.1049810105808913,-8.458574933966577,-1.0,stop,2026,2026-04,2026-04-01,0.016410609068033183,-1.0164106090680332,<=0.03R,2026-04-01 15:30:00+00:00,8.378571428571572,4742.431816930427,4744.65,0.942278860569683,above,above,13.910000000000764,11,Wednesday,london_ny_overlap,0.2671318241604673,1.6601875532822452,True,False,True,True,True,True,False,False,True,True,True,False,True,False,False,False,True,False,True,True,True,2026-04-01 15:30:00+00:00,4747.86,4742.4696822378355,12.603571428571545,0.42768177200508656,True,False,5,4,2,True,True,True,False,False,2026-04-01 15:35:00+00:00|demand|4744.67
23296,15min,m15_2c_1atr,supply,4764.46,4756.47,2026-04-08 20:45:00+00:00,2026-04-08 20:00:00+00:00,2026-04-08 20:15:00+00:00,2026-04-08 20:30:00+00:00,2,1.3557246064782038,0.5351897038419062,0.03504380475591402,2026-04-09 14:45:00+00:00,2026-04-09 15:05:00+00:00,4751.11,4765.401857142857,14.291857142857225,18.0,True,464474,464475,3,4751.01,0.5578034682080831,1.1181192087402048,1.4378817108643327,-1.6191037853723036,1.0,tp1,2026,2026-04,2026-04-09,0.02099097388123095,0.979009026118769,<=0.03R,2026-04-09 15:00:00+00:00,4.743571428571419,4751.362277257247,4751.01,0.1705202312139131,above,above,16.05999999999949,11,Thursday,london_ny_overlap,-0.053182978489146215,3.3856346935701453,False,True,True,True,True,False,False,False,True,True,False,False,True,False,False,False,True,False,True,True,True,2026-04-09 15:00:00+00:00,4742.62,4743.841782174652,8.33714285714268,-0.1465468681042175,True,False,3,3,2,True,True,False,True,False,2026-04-09 15:05:00+00:00|supply|4751.11
23323,15min,m15_2c_1atr,demand,4743.93,4730.86,2026-04-10 12:45:00+00:00,2026-04-10 11:45:00+00:00,2026-04-10 12:00:00+00:00,2026-04-10 12:30:00+00:00,3,1.0737528840798098,1.4558039621291108,0.11859219586840922,2026-04-10 13:05:00+00:00,2026-04-10 13:20:00+00:00,4752.2,4729.779142857143,22.42085714285713,0.3333333333333333,True,464729,464730,2,4752.06,0.8388214904680316,1.9138429778395063,4.093955882915143,-1.429918570718569,1.0,tp1,2026,2026-04,2026-04-10,0.013380398353573847,0.9866196016464261,<=0.03R,2026-04-10 13:15:00+00:00,5.244999999999956,4749.232929574943,4752.06,0.960138648180315,missing,inside,,9,Friday,london_ny_overlap,0.5656950286094596,,True,False,True,True,True,True,False,True,True,True,True,True,False,False,False,False,True,False,True,True,True,2026-04-10 13:15:00+00:00,4758.28,4750.719361831384,9.262142857142928,0.8162947047167344,True,False,14,4,2,True,True,False,False,False,2026-04-10 13:20:00+00:00|demand|4752.2
23338,15min,m15_2c_1atr,supply,4744.5,4721.39,2026-04-13 17:30:00+00:00,2026-04-13 16:45:00+00:00,2026-04-13 17:00:00+00:00,2026-04-13 17:15:00+00:00,2,1.2046530193305645,1.844899355648024,0.15837299870185662,2026-04-13 17:40:00+00:00,2026-04-13 17:50:00+00:00,4715.35,4746.454,31.10399999999936,0.16666666666666666,True,465059,465060,1,4715.36,0.7549824150059439,0.4783950617284084,1.0468106995884825,-3.05812757201652,-1.0,stop,2026,2026-04,2026-04-13,0.00964506172839526,-1.0096450617283952,<=0.03R,2026-04-13 17:45:00+00:00,9.805714285714203,4719.948505613065,4715.36,0.052754982414986114,inside,inside,10.529999999999745,13,Monday,ny_main,-0.4689618195141927,1.0738636363636196,False,True,True,True,True,True,True,True,True,True,True,True,False,False,False,False,True,False,True,True,True,2026-04-13 17:45:00+00:00,4719.15,4722.349100564705,13.422142857142912,-0.23834499444346174,True,False,9,4,2,True,True,False,False,True,2026-04-13 17:50:00+00:00|supply|4715.35
23367,15min,m15_2c_1atr,supply,4829.72,4817.25,2026-04-16 11:15:00+00:00,2026-04-16 10:15:00+00:00,2026-04-16 10:30:00+00:00,2026-04-16 11:00:00+00:00,3,1.9676781569672934,1.5007306799622082,0.2558139534883348,2026-04-16 12:05:00+00:00,2026-04-16 12:30:00+00:00,4812.93,4830.485285714286,17.555285714285674,0.8333333333333334,True,465823,465824,4,4813.17,0.4742063492064176,2.5747231196140015,0.6345667157632305,1.412110312726327,1.0,tp1,2026,2026-04,2026-04-16,0.017088870262924515,0.9829111297370755,<=0.03R,2026-04-16 12:25:00+00:00,3.605000000000018,4814.611488894597,4813.17,0.361111111111056,missing,missing,,8,Thursday,london_ny_overlap,-0.46643242568555693,,False,True,True,True,True,True,False,False,False,True,False,False,False,False,True,False,True,False,True,True,True,2026-04-16 12:15:00+00:00,4813.17,4816.050061334998,8.188571428571388,-0.35171719024744835,True,True,9,4,2,True,True,False,False,False,2026-04-16 12:30:00+00:00|supply|4812.93
23407,15min,m15_2c_1atr,supply,4798.16,4791.91,2026-04-21 15:30:00+00:00,2026-04-21 14:45:00+00:00,2026-04-21 15:00:00+00:00,2026-04-21 15:15:00+00:00,2,1.9928212491027046,0.8973438621679976,0.24160000000003493,2026-04-21 16:40:00+00:00,2026-04-21 17:00:00+00:00,4779.06,4799.849857142857,20.789857142856818,1.1666666666666667,True,466705,466706,3,4779.12,0.8319604612850781,5.317977860082973,0.16883232895158728,2.094290485057992,1.0,tp1,2026,2026-04,2026-04-21,0.014430113585608592,0.9855698864143914,<=0.03R,2026-04-21 16:55:00+00:00,8.204999999999862,4782.224710150395,4779.12,0.14909390444807064,below,below,5.019999999999527,13,Tuesday,ny_main,-0.3857050762212091,0.6118220597196358,False,True,True,True,True,True,False,False,True,True,True,True,True,False,True,False,True,False,True,True,True,2026-04-21 16:45:00+00:00,4779.12,4780.589370359127,12.07571428571425,-0.12167978840520526,True,True,4,4,2,True,True,True,False,False,2026-04-21 17:00:00+00:00|supply|4779.06
23421,15min,m15_2c_1atr,supply,4762.49,4755.14,2026-04-22 13:15:00+00:00,2026-04-22 12:30:00+00:00,2026-04-22 12:45:00+00:00,2026-04-22 13:00:00+00:00,2,1.673414959388984,1.2474239301732788,0.27891156462577205,2026-04-22 13:20:00+00:00,2026-04-22 13:25:00+00:00,4750.45,4763.389428571429,12.939428571428834,0.08333333333333333,True,466938,466939,0,4750.64,0.4950980392156535,5.111508567390771,0.8130189012542126,3.9538067479243035,1.0,tp1,2026,2026-04,2026-04-22,0.02318494965553742,0.9768150503444626,<=0.03R,2026-04-22 13:20:00+00:00,4.272857142856992,4752.342277635161,4750.64,0.11111111111116065,missing,inside,,9,Wednesday,london_ny_overlap,-0.4428600282891182,,False,True,True,True,True,False,True,True,True,True,False,False,False,False,True,False,True,False,True,True,True,2026-04-22 13:15:00+00:00,4754.78,4755.642138069411,6.115714285714213,-0.140970952718493,True,False,5,4,2,True,True,False,False,False,2026-04-22 13:25:00+00:00|supply|4750.45
23426,15min,m15_2c_1atr,supply,4740.22,4734.33,2026-04-22 18:45:00+00:00,2026-04-22 18:00:00+00:00,2026-04-22 18:15:00+00:00,2026-04-22 18:30:00+00:00,2,1.0133684283438091,0.5711712959756432,0.29371816638361076,2026-04-22 19:05:00+00:00,2026-04-22 19:15:00+00:00,4730.25,4741.169285714286,10.919285714286161,0.3333333333333333,True,467008,467009,1,4730.26,0.815270935960568,0.5806240596585229,1.7565251520899658,1.9460979917576229,-1.0,stop,2026,2026-04,2026-04-22,0.027474324589519383,-1.0274743245895195,<=0.03R,2026-04-22 19:10:00+00:00,4.677142857142956,4730.699031544972,4730.26,0.16502463054191055,below,below,11.80999999999949,15,Wednesday,ny_main,-0.0960055227490636,2.5250458155160262,False,True,True,True,True,False,True,True,True,True,True,True,True,False,False,False,True,False,True,True,True,2026-04-22 19:00:00+00:00,4730.26,4734.154273741757,9.892857142857272,-0.3936449991667147,True,True,3,3,2,True,True,True,False,False,2026-04-22 19:15:00+00:00|supply|4730.25
23438,15min,m15_2c_1atr,supply,4741.05,4729.9,2026-04-23 19:00:00+00:00,2026-04-23 18:15:00+00:00,2026-04-23 18:30:00+00:00,2026-04-23 18:45:00+00:00,2,1.2212825464473782,1.0394885796098132,0.24394618834081808,2026-04-23 19:35:00+00:00,2026-04-23 20:05:00+00:00,4725.47,4742.217428571429,16.747428571428827,0.5833333333333334,True,467294,467295,5,4725.41,0.6638655462185535,4.035246349119628,0.8932714617169258,0.16838405896004527,1.0,tp1,2026,2026-04,2026-04-23,0.017913197761703015,0.982086802238297,<=0.03R,2026-04-23 20:00:00+00:00,5.079999999999798,4729.4306054482195,4725.41,0.23277310924366484,above,above,17.399999999999636,16,Thursday,ny_main,-0.7796467417754666,3.4251968503937658,False,True,True,True,True,True,False,False,False,True,True,False,False,False,False,False,True,False,True,True,True,2026-04-23 20:00:00+00:00,4716.12,4725.85018160238,11.159285714285813,-0.8719358793658054,True,False,6,3,2,True,True,False,True,False,2026-04-23 20:05:00+00:00|supply|4725.47
23452,15min,m15_2c_1atr,demand,4676.39,4666.75,2026-04-24 10:30:00+00:00,2026-04-24 09:45:00+00:00,2026-04-24 10:00:00+00:00,2026-04-24 10:15:00+00:00,2,1.4569086844937051,1.1173110356817915,0.17323651452282324,2026-04-24 13:30:00+00:00,2026-04-24 14:05:00+00:00,4689.64,4665.698,23.942000000000007,3.0,True,467498,467499,6,4689.52,0.8850837138508847,2.1213766602622983,0.7263386517417226,0.687912455099797,1.0,tp1,2026,2026-04,2026-04-24,0.012530281513658002,0.987469718486342,<=0.03R,2026-04-24 14:00:00+00:00,4.4207142857142445,4681.453927045775,4689.52,0.8881278538813234,above,above,5.960000000000036,10,Friday,london_ny_overlap,1.8517534554718182,1.3481984165455048,True,False,True,True,True,True,False,False,False,True,True,True,False,False,False,False,True,False,True,True,True,2026-04-24 14:00:00+00:00,4697.24,4685.498098012814,8.772142857142756,1.3385443190343154,True,False,10,4,2,True,True,True,False,False,2026-04-24 14:05:00+00:00|demand|4689.64
23462,15min,m15_2c_1atr,supply,4711.88,4705.43,2026-04-27 12:15:00+00:00,2026-04-27 11:30:00+00:00,2026-04-27 11:45:00+00:00,2026-04-27 12:00:00+00:00,2,1.175252588249878,1.1263564924534906,0.1767441860465674,2026-04-27 12:15:00+00:00,2026-04-27 12:30:00+00:00,4702.47,4712.600571428571,10.130571428570875,0.0,True,467755,467756,2,4702.49,0.6852589641435923,0.2911977888710248,1.0029049270948314,8.87215500465402,-1.0,stop,2026,2026-04,2026-04-27,0.029613334461461978,-1.029613334461462,<=0.03R,2026-04-27 12:25:00+00:00,3.4971428571428596,4705.732633962253,4702.49,0.1713147410358075,missing,missing,,8,Monday,london_ny_overlap,-0.9329427179644862,,False,True,True,True,True,False,False,True,True,True,True,False,False,False,False,False,True,False,True,True,True,2026-04-27 12:15:00+00:00,4702.49,4708.435862570303,5.73071428571432,-1.0375430136387687,True,True,4,4,2,True,True,False,False,False,2026-04-27 12:30:00+00:00|supply|4702.47
23464,15min,m15_2c_1atr,demand,4708.55,4700.16,2026-04-27 15:15:00+00:00,2026-04-27 14:30:00+00:00,2026-04-27 14:45:00+00:00,2026-04-27 15:00:00+00:00,2,1.0486954430685271,1.4122880846460062,0.31346841477950016,2026-04-27 15:15:00+00:00,2026-04-27 15:20:00+00:00,4710.95,4699.37,11.579999999999927,0.0,True,467789,467790,0,4710.94,0.4604966139955414,0.14507772020727994,1.2003454231433268,-11.633851468048455,-1.0,stop,2026,2026-04,2026-04-27,0.025906735751295498,-1.0259067357512954,<=0.03R,2026-04-27 15:15:00+00:00,3.8457142857142963,4706.80969232449,4710.94,0.8013544018058167,above,above,7.359999999999673,11,Monday,london_ny_overlap,1.0766030359794556,1.9138187221395826,True,False,True,True,True,False,True,True,True,True,False,False,False,False,False,False,True,False,True,True,True,2026-04-27 15:15:00+00:00,4707.07,4706.257525702414,6.059999999999816,0.13407166626832914,True,False,3,2,1,True,True,True,False,False,2026-04-27 15:20:00+00:00|demand|4710.95
23484,15min,m15_2c_1atr,supply,4575.7,4570.37,2026-04-29 12:45:00+00:00,2026-04-29 12:00:00+00:00,2026-04-29 12:15:00+00:00,2026-04-29 12:30:00+00:00,2,1.699927867275855,0.5980604311933899,0.14821763602250926,2026-04-29 13:15:00+00:00,2026-04-29 13:45:00+00:00,4566.42,4576.684285714286,10.264285714285506,0.5,True,468322,468323,5,4566.28,0.9237472766885745,5.468475991649391,1.4272790535838487,-6.243006263048136,1.0,tp1,2026,2026-04,2026-04-29,0.02922755741127408,0.970772442588726,<=0.03R,2026-04-29 13:40:00+00:00,5.15499999999981,4568.733363733986,4566.28,0.04575163398693458,inside,inside,18.279999999999745,9,Wednesday,london_ny_overlap,-0.4487611511127381,3.546071774975833,False,True,True,True,True,False,False,False,False,True,True,True,True,False,True,False,True,False,True,True,True,2026-04-29 13:30:00+00:00,4566.28,4567.255587360847,9.41285714285706,-0.10364412696815532,True,True,3,2,2,True,True,False,False,True,2026-04-29 13:45:00+00:00|supply|4566.42
23503,15min,m15_2c_1atr,supply,4624.48,4615.74,2026-04-30 19:15:00+00:00,2026-04-30 18:15:00+00:00,2026-04-30 18:30:00+00:00,2026-04-30 19:00:00+00:00,3,1.019452729866472,0.7934120088185544,0.33638443935933443,2026-04-30 19:50:00+00:00,2026-04-30 20:00:00+00:00,4607.69,4625.575857142857,17.885857142857276,0.5833333333333334,True,468672,468673,1,4607.66,0.8025134649910455,0.0,1.0198001613405954,-0.9443215309781984,-1.0,stop,2026,2026-04,2026-04-30,0.016773028969417052,-1.016773028969417,<=0.03R,2026-04-30 19:55:00+00:00,5.091428571428618,4611.630038416574,4607.66,0.19748653500895452,below,below,20.280000000000655,16,Thursday,ny_main,-0.773857152525884,3.9831649831650755,False,True,True,True,True,True,True,True,True,True,True,True,True,False,False,False,True,False,True,True,True,2026-04-30 19:45:00+00:00,4607.66,4612.797409809477,10.141428571428476,-0.5065765412923351,True,True,1,1,1,True,True,True,False,False,2026-04-30 20:00:00+00:00|supply|4607.69
23545,15min,m15_2c_1atr,supply,4557.42,4552.86,2026-05-05 13:30:00+00:00,2026-05-05 12:45:00+00:00,2026-05-05 13:00:00+00:00,2026-05-05 13:15:00+00:00,2,1.150475812847067,0.6328310864393887,0.1666666666666999,2026-05-05 13:30:00+00:00,2026-05-05 13:40:00+00:00,4550.87,4558.196142857143,7.326142857143168,0.0,True,469424,469425,1,4550.91,0.8306709265176592,1.4905524247800883,1.0960747226175502,-20.306729325506677,1.0,tp1,2026,2026-05,2026-05-05,0.04094924243901314,0.9590507575609869,0.03-0.05R,2026-05-05 13:35:00+00:00,3.922857142857213,4552.2324986100875,4550.91,0.0,inside,inside,9.920000000000073,9,Tuesday,london_ny_overlap,-0.3473230251497931,2.5287691187181087,False,True,False,True,False,False,True,True,True,True,True,True,True,False,False,False,True,False,True,True,True,2026-05-05 13:30:00+00:00,4545.1,4550.803265720464,7.378571428571441,-0.7729498556291416,True,False,2,2,1,True,True,False,False,True,2026-05-05 13:40:00+00:00|supply|4550.87
23547,15min,m15_2c_1atr,demand,4564.99,4559.22,2026-05-05 15:30:00+00:00,2026-05-05 14:45:00+00:00,2026-05-05 15:00:00+00:00,2026-05-05 15:15:00+00:00,2,1.367975830815692,0.6972809667673232,0.10398613518204732,2026-05-05 15:45:00+00:00,2026-05-05 16:05:00+00:00,4574.25,4557.938714285715,16.311285714285077,0.25,True,469453,469454,3,4574.34,0.9030797101449536,0.7546921938360484,1.10659578381319,8.201683321802037,-1.0,stop,2026,2026-05,2026-05-05,0.018392173692185796,-1.0183921736921857,<=0.03R,2026-05-05 16:00:00+00:00,6.194999999999969,4567.441489855201,4574.34,0.9039855072464227,above,above,9.920000000000073,12,Tuesday,ny_main,1.0990331145760628,1.601291364003248,True,False,True,True,True,True,False,False,True,True,True,True,True,False,False,False,True,False,True,True,True,2026-05-05 16:00:00+00:00,4578.8,4566.696883320088,9.139285714285636,1.3242956898692515,True,False,1,1,1,True,True,True,False,False,2026-05-05 16:05:00+00:00|demand|4574.25
23560,15min,m15_2c_1atr,supply,4722.95,4707.63,2026-05-06 14:30:00+00:00,2026-05-06 13:45:00+00:00,2026-05-06 14:00:00+00:00,2026-05-06 14:15:00+00:00,2,1.071171283070483,1.3320084461557358,0.2578328981723168,2026-05-06 14:30:00+00:00,2026-05-06 14:45:00+00:00,4699.67,4724.530714285714,24.860714285713584,0.0,True,469713,469714,2,4699.64,0.8180428134556481,1.5779916678638761,1.372848728630987,-2.1069386582388225,1.0,tp1,2026,2026-05,2026-05-06,0.01206723171958086,0.9879327682804191,<=0.03R,2026-05-06 14:40:00+00:00,7.7128571428571115,4708.7955505617165,4699.64,0.0879204892966783,inside,inside,10.079999999999927,10,Wednesday,london_ny_overlap,-1.1831608433416396,1.3069086867938466,False,True,True,True,True,True,False,True,True,True,True,True,False,False,False,False,True,False,True,True,True,2026-05-06 14:30:00+00:00,4699.64,4704.364499362982,12.210714285714273,-0.3869142502588353,True,True,1,1,1,True,True,False,False,True,2026-05-06 14:45:00+00:00|supply|4699.67
23616,15min,m15_2c_1atr,demand,4698.13,4687.28,2026-05-12 14:45:00+00:00,2026-05-12 14:00:00+00:00,2026-05-12 14:15:00+00:00,2026-05-12 14:30:00+00:00,2,1.5664858133949375,1.3510628835719984,0.245161290322559,2026-05-12 15:20:00+00:00,2026-05-12 15:40:00+00:00,4701.69,4686.023714285714,15.66628571428555,0.5833333333333334,True,470827,470828,3,4701.71,0.7281964436917927,0.6306536329150997,1.4310986285380416,-1.4636526116136321,-1.0,stop,2026,2026-05,2026-05-12,0.019149401809162733,-1.0191494018091627,<=0.03R,2026-05-12 15:35:00+00:00,6.054999999999966,4699.898870040799,4701.71,0.9178662150719541,inside,inside,9.610000000000582,11,Tuesday,london_ny_overlap,0.2958100675806109,1.587118084228016,True,False,True,True,True,True,False,False,True,True,True,True,False,False,True,False,True,False,True,True,True,2026-05-12 15:30:00+00:00,4702.85,4701.172322891587,9.598571428571631,0.1747840416563863,True,False,3,3,2,True,True,False,False,True,2026-05-12 15:40:00+00:00|demand|4701.69
23618,15min,m15_2c_1atr,supply,4687.97,4671.73,2026-05-12 18:15:00+00:00,2026-05-12 17:30:00+00:00,2026-05-12 17:45:00+00:00,2026-05-12 18:00:00+00:00,2,1.387463855983589,1.060348848055268,0.1564039408866906,2026-05-12 19:10:00+00:00,2026-05-12 19:25:00+00:00,4667.52,4689.506285714286,21.98628571428526,0.9166666666666666,True,470872,470873,2,4667.49,0.6531604538088505,0.10597515334238353,1.040648716082738,-1.4054215614928913,-1.0,stop,2026,2026-05,2026-05-12,0.013644869529057357,-1.0136448695290574,<=0.03R,2026-05-12 19:20:00+00:00,7.935714285714247,4668.748305710493,4667.49,0.10210696920585118,below,below,9.610000000000582,15,Tuesday,ny_main,-0.15478199772180903,1.2109810981098903,False,True,True,True,True,True,False,True,True,True,True,False,False,False,False,False,True,False,True,True,True,2026-05-12 19:15:00+00:00,4668.33,4671.109210667717,15.713571428571347,-0.1768669000774532,True,False,2,2,2,True,True,True,False,False,2026-05-12 19:25:00+00:00|supply|4667.52
23754,15min,m15_2c_1atr,demand,4515.95,4503.79,2026-05-26 16:00:00+00:00,2026-05-26 15:15:00+00:00,2026-05-26 15:30:00+00:00,2026-05-26 15:45:00+00:00,2,1.3350369872225394,1.1448554135843858,0.34292763157895745,2026-05-26 16:50:00+00:00,2026-05-26 17:30:00+00:00,4517.74,4502.543142857143,15.19685714285697,0.8333333333333334,True,473579,473580,7,4517.7,0.6175438596493177,0.4783883885766195,1.0127093947996497,-5.197127225554186,-1.0,stop,2026,2026-05,2026-05-26,0.019740923875237584,-1.0197409238752375,<=0.03R,2026-05-26 17:25:00+00:00,6.378571428571441,4516.634459112329,4517.7,0.9263157894736573,below,below,15.760000000000218,13,Tuesday,ny_main,0.1733210798140329,2.47077267637181,True,False,True,True,True,True,False,False,False,True,True,False,False,False,False,False,True,False,True,True,True,2026-05-26 17:15:00+00:00,4517.7,4517.157921981776,11.307142857142805,0.04794120186440487,True,True,4,3,2,True,True,False,True,False,2026-05-26 17:30:00+00:00|demand|4517.74
23768,15min,m15_2c_1atr,supply,4498.74,4492.7,2026-05-27 12:45:00+00:00,2026-05-27 11:45:00+00:00,2026-05-27 12:00:00+00:00,2026-05-27 12:30:00+00:00,3,1.1604716047160362,0.7610476104760899,0.24172185430464324,2026-05-27 12:50:00+00:00,2026-05-27 13:00:00+00:00,4490.17,4499.478999999999,9.308999999999287,0.08333333333333333,True,473801,473802,1,4490.23,0.7770491803280849,13.269953808143647,0.06123106670960926,10.908797937480713,1.0,tp1,2026,2026-05,2026-05-27,0.032226877215600275,0.9677731227843998,0.03-0.05R,2026-05-27 12:55:00+00:00,3.521428571428779,4490.910477561442,4490.23,0.00983606557368641,missing,missing,,9,Wednesday,london_ny_overlap,-0.21027760365499498,,False,True,False,True,False,False,True,True,True,True,True,True,True,False,False,False,True,False,True,True,True,2026-05-27 12:45:00+00:00,4490.23,4490.419100993924,7.421428571428611,-0.02548040341619979,True,True,3,3,2,True,True,False,False,False,2026-05-27 13:00:00+00:00|supply|4490.17
23773,15min,m15_2c_1atr,demand,4441.59,4433.17,2026-05-27 19:45:00+00:00,2026-05-27 18:30:00+00:00,2026-05-27 18:45:00+00:00,2026-05-27 19:30:00+00:00,4,1.2515497553017665,0.6410005437737969,0.1971496437054442,2026-05-27 20:10:00+00:00,2026-05-27 20:20:00+00:00,4446.86,4432.4334285714285,14.426571428571151,0.4166666666666667,True,473889,473890,1,4446.85,0.6479217603913084,1.3849444477452915,1.0446002416176499,4.2553423246787725,1.0,tp1,2026,2026-05,2026-05-27,0.020794961677856737,0.9792050383221432,<=0.03R,2026-05-27 20:15:00+00:00,3.8142857142858184,4446.771042824748,4446.85,0.8533007334964712,below,below,14.139999999999418,16,Wednesday,ny_main,0.023322105871147743,3.70711610486866,True,False,True,True,True,False,True,True,True,True,True,False,True,False,False,False,True,False,True,True,True,2026-05-27 20:15:00+00:00,4449.93,4445.122784867951,10.641428571428671,0.45174528023016697,True,False,2,2,2,True,True,False,True,False,2026-05-27 20:20:00+00:00|demand|4446.86
23803,15min,m15_2c_1atr,demand,4526.92,4517.16,2026-05-29 16:45:00+00:00,2026-05-29 16:00:00+00:00,2026-05-29 16:15:00+00:00,2026-05-29 16:30:00+00:00,2,1.0779686333084693,1.0204630321135293,0.021516393442626198,2026-05-29 17:25:00+00:00,2026-05-29 17:35:00+00:00,4536.41,4515.568,20.841999999999643,0.6666666666666666,True,474408,474409,1,4536.37,0.6197053406997943,2.826504174263548,1.0776317052106525,-2.856731599654591,1.0,tp1,2026,2026-05,2026-05-29,0.014394012090970403,0.9856059879090296,<=0.03R,2026-05-29 17:30:00+00:00,7.756428571428387,4536.217071411562,4536.37,0.9898710865561993,above,above,5.600000000000364,13,Friday,ny_main,0.02487337911531609,0.7219817662768852,True,False,True,True,True,True,True,True,True,True,True,False,False,False,False,False,True,False,True,True,True,2026-05-29 17:30:00+00:00,4540.32,4533.89057634695,11.749285714285763,0.5472182572964495,True,False,5,3,2,True,True,True,False,False,2026-05-29 17:35:00+00:00|demand|4536.41
23838,15min,m15_2c_1atr,supply,4466.1,4458.05,2026-06-03 16:45:00+00:00,2026-06-03 16:00:00+00:00,2026-06-03 16:15:00+00:00,2026-06-03 16:30:00+00:00,2,3.278599014515895,0.7504328139565964,0.2521739130435539,2026-06-03 17:15:00+00:00,2026-06-03 17:35:00+00:00,4449.14,4467.8484285714285,18.708428571428158,0.5,True,475236,475237,3,4449.16,0.45344827586214465,1.354469719530578,1.3095701708168495,-1.4961171053536053,1.0,tp1,2026,2026-06,2026-06-03,0.016035553112043053,0.9839644468879569,<=0.03R,2026-06-03 17:30:00+00:00,8.769285714285681,4449.4598355143125,4449.16,0.2827586206895903,inside,inside,26.099999999999454,13,Wednesday,ny_main,-0.03647224240751858,2.9762971409953063,False,True,True,True,True,True,False,False,True,True,False,False,True,False,True,True,True,False,True,True,True,2026-06-03 17:30:00+00:00,4448.25,4450.4783119524245,12.183571428571538,-0.18289480760944477,True,False,1,1,1,True,True,False,False,True,2026-06-03 17:35:00+00:00|supply|4449.14
23877,15min,m15_2c_1atr,supply,4346.62,4331.1,2026-06-08 17:15:00+00:00,2026-06-08 16:30:00+00:00,2026-06-08 16:45:00+00:00,2026-06-08 17:00:00+00:00,2,1.269309270598352,1.1670426469008113,0.33505154639175105,2026-06-08 17:55:00+00:00,2026-06-08 18:15:00+00:00,4325.44,4348.032857142857,22.59285714285761,0.6666666666666666,True,476072,476073,3,4325.43,0.8413978494623373,0.54928865001579,1.1521340499525818,3.134619032563944,-1.0,stop,2026,2026-06,2026-06-08,0.013278533038254546,-1.0132785330382545,<=0.03R,2026-06-08 18:10:00+00:00,6.976428571428642,4325.936985072858,4325.43,0.061827956989370214,above,above,11.389999999999418,14,Monday,ny_main,-0.07123774976982322,1.632640524214091,False,True,True,True,True,True,False,False,True,True,True,True,False,False,False,False,True,False,True,True,True,2026-06-08 18:00:00+00:00,4325.43,4325.808928861575,12.175000000000052,-0.03112352045785799,True,True,3,3,2,True,True,False,True,False,2026-06-08 18:15:00+00:00|supply|4325.44
23889,15min,m15_2c_1atr,supply,4281.93,4263.23,2026-06-09 19:15:00+00:00,2026-06-09 18:30:00+00:00,2026-06-09 18:45:00+00:00,2026-06-09 19:00:00+00:00,2,1.109301771387765,1.039796647867231,0.05294117647062314,2026-06-09 19:15:00+00:00,2026-06-09 19:20:00+00:00,4254.52,4284.036428571429,29.51642857142815,0.0,True,476361,476362,0,4254.62,0.5009615384615594,5.002298961837323,0.6714904532584757,4.8318853907026105,1.0,tp1,2026,2026-06,2026-06-09,0.01016383128040089,0.9898361687195991,<=0.03R,2026-06-09 19:15:00+00:00,10.478571428571286,4267.930505348594,4254.62,0.14807692307692477,below,below,11.699999999999818,15,Tuesday,ny_main,-1.279802828086668,1.1165644171779119,False,True,True,True,True,True,True,True,True,True,False,False,False,False,False,False,True,False,True,True,True,2026-06-09 19:15:00+00:00,4263.52,4280.388278394238,18.399999999999896,-0.9167542605564007,True,False,1,1,1,True,True,True,False,False,2026-06-09 19:20:00+00:00|supply|4254.52
23913,15min,m15_2c_1atr,supply,4112.62,4104.2,2026-06-11 11:45:00+00:00,2026-06-11 11:00:00+00:00,2026-06-11 11:15:00+00:00,2026-06-11 11:30:00+00:00,2,1.3674623115578026,0.7404522613065377,0.2315914489310928,2026-06-11 19:15:00+00:00,2026-06-11 19:25:00+00:00,4087.85,4114.241857142857,26.391857142857134,7.5,True,476914,476915,1,4087.82,0.8342490842491251,0.6024585505269519,2.3344321571047404,-4.962515494497755,-1.0,stop,2026,2026-06,2026-06-11,0.011367142462772612,-1.0113671424627726,<=0.03R,2026-06-11 19:20:00+00:00,7.929285714285697,4091.422027125872,4087.82,0.022893772893773694,inside,below,7.720000000000255,15,Thursday,ny_main,-0.450485359537046,0.9736059814431475,False,True,True,True,True,True,True,True,True,True,True,True,True,False,False,False,True,False,True,True,True,2026-06-11 19:15:00+00:00,4079.63,4084.903658287206,17.132857142857183,-0.307809622366716,True,False,11,4,2,True,True,False,False,True,2026-06-11 19:25:00+00:00|supply|4087.85
23947,15min,m15_2c_1atr,supply,4359.79,4349.6,2026-06-15 19:30:00+00:00,2026-06-15 18:30:00+00:00,2026-06-15 18:45:00+00:00,2026-06-15 19:15:00+00:00,3,1.4326768066166045,0.9999299081796693,0.3415112855740628,2026-06-16 15:40:00+00:00,2026-06-16 16:05:00+00:00,4347.37,4360.754142857143,13.38414285714316,20.166666666666668,True,477702,477703,4,4347.44,0.9418758256275275,2.542561026374418,0.17109799442836812,0.35190897544001437,1.0,tp1,2026,2026-06,2026-06-16,0.022414584422930678,0.9775854155770693,<=0.03R,2026-06-16 16:00:00+00:00,4.735714285714233,4348.44249793063,4347.44,0.025099075297173992,above,above,3.4700000000002547,12,Tuesday,ny_main,-0.22647015126437442,0.7327300150830182,False,True,True,True,True,False,False,False,False,True,True,True,True,False,False,False,True,False,True,True,True,2026-06-16 16:00:00+00:00,4343.78,4346.072050874618,6.377142857143034,-0.3594165798012508,True,False,4,4,2,True,True,False,True,False,2026-06-16 16:05:00+00:00|supply|4347.37
23963,15min,m15_2c_1atr,demand,4327.36,4321.63,2026-06-16 19:00:00+00:00,2026-06-16 17:45:00+00:00,2026-06-16 18:00:00+00:00,2026-06-16 18:45:00+00:00,4,1.1324194358717308,0.5757554008468742,0.0680628272250345,2026-06-16 20:20:00+00:00,2026-06-16 20:35:00+00:00,4337.35,4320.811571428571,16.538428571428994,1.3333333333333333,True,477756,477757,2,4337.45,0.7108753315649119,0.7443270651037345,1.1851186414324995,-2.0963297601257183,-1.0,stop,2026,2026-06,2026-06-16,0.018139571042333838,-1.0181395710423338,<=0.03R,2026-06-16 20:30:00+00:00,4.0457142857142445,4336.019619337244,4337.45,0.8435013262598887,below,below,3.4700000000002547,16,Tuesday,ny_main,0.3288370282236891,0.857697740113066,True,False,True,True,True,True,False,True,True,True,True,True,True,False,False,False,True,False,True,True,True,2026-06-16 20:30:00+00:00,4338.54,4337.407771926574,9.277857142856972,0.1220355148815182,True,False,7,4,2,True,True,False,True,False,2026-06-16 20:35:00+00:00|demand|4337.35
23977,15min,m15_2c_1atr,demand,4334.41,4324.17,2026-06-17 16:45:00+00:00,2026-06-17 16:00:00+00:00,2026-06-17 16:15:00+00:00,2026-06-17 16:30:00+00:00,2,1.6783625730994416,1.7465886939570794,0.17089843750000364,2026-06-17 17:45:00+00:00,2026-06-17 18:15:00+00:00,4348.17,4322.550714285714,25.61928571428598,1.0,True,478004,478005,5,4348.18,0.674778761061922,1.3368834862129395,1.2353974405442059,-4.739398332729204,1.0,tp1,2026,2026-06,2026-06-17,0.011709928346390711,0.9882900716536093,<=0.03R,2026-06-17 18:10:00+00:00,8.019285714285616,4347.601133272457,4348.18,0.935840707964616,above,above,4.3400000000001455,14,Wednesday,ny_main,0.07093733130486216,0.5411953326801708,True,False,True,True,True,True,False,False,False,True,True,False,False,False,True,False,True,False,True,True,True,2026-06-17 18:00:00+00:00,4348.18,4345.072376666064,9.987857142857072,0.3111401464285829,True,True,14,4,2,True,True,True,False,False,2026-06-17 18:15:00+00:00|demand|4348.17
23980,15min,m15_2c_1atr,demand,4355.38,4331.09,2026-06-17 18:30:00+00:00,2026-06-17 17:45:00+00:00,2026-06-17 18:00:00+00:00,2026-06-17 18:15:00+00:00,2,1.0293275132996627,2.3193288773700704,0.30712227254014196,2026-06-17 18:30:00+00:00,2026-06-17 18:35:00+00:00,4359.03,4329.634714285715,29.39528571428491,0.0,True,478008,478009,0,4359.08,0.5576036866359427,0.7957058226052126,1.4461502573299085,-4.5000413088591635,-1.0,stop,2026,2026-06,2026-06-17,0.010205718118065858,-1.010205718118066,<=0.03R,2026-06-17 18:30:00+00:00,7.406428571428543,4353.685026823224,4359.08,0.6728110599078283,above,above,4.3400000000001455,14,Wednesday,ny_main,0.7216667419699471,0.5859774327322044,True,False,True,True,True,True,True,True,True,True,False,False,False,True,False,False,True,False,True,True,True,2026-06-17 18:30:00+00:00,4358.28,4349.785511810335,10.581428571428594,0.8027732864540467,True,False,7,4,2,True,True,True,False,False,2026-06-17 18:35:00+00:00|demand|4359.03
23991,15min,m15_2c_1atr,supply,4272.76,4263.65,2026-06-18 14:00:00+00:00,2026-06-18 13:15:00+00:00,2026-06-18 13:30:00+00:00,2026-06-18 13:45:00+00:00,2,1.4886999157282204,0.9770933884931446,0.13391877058179766,2026-06-18 15:20:00+00:00,2026-06-18 15:35:00+00:00,4250.22,4274.117285714286,23.897285714285317,1.3333333333333333,True,478248,478249,2,4250.14,0.5599571734475365,0.37870409669957933,1.1126786664355433,0.9821199060264137,-1.0,stop,2026,2026-06,2026-06-18,0.012553726962416741,-1.0125537269624167,<=0.03R,2026-06-18 15:30:00+00:00,6.340714285714122,4252.683924388765,4250.14,0.08886509635974252,below,below,10.88000000000011,11,Thursday,london_ny_overlap,-0.3885878274497128,1.7158950095753684,False,True,True,True,True,True,False,True,True,True,False,False,True,False,False,False,True,False,True,True,True,2026-06-18 15:30:00+00:00,4243.28,4251.707665210136,10.034999999999659,-0.8398271260723936,True,False,5,4,2,True,True,True,False,False,2026-06-18 15:35:00+00:00|supply|4250.22
