risk_pct,entry_timestamp,year,month,net_r,risk_usd,lot,pnl_usd,equity_before,equity_after
0.01,2019-06-12 20:00:00+00:00,2019,2019-06,-1.0470008952551462,50.0,0.0783348254252437,-52.35004476275731,5000.0,4947.6499552372425
0.01,2019-06-21 14:00:00+00:00,2019,2019-06,0.979507996760312,49.476499552372424,0.033795752970521384,48.46262696325679,4947.6499552372425,4996.1125822005
0.01,2019-06-27 16:00:00+00:00,2019,2019-06,-1.0402029290705463,49.961125822004995,0.06695278659022352,-51.969709419711705,4996.1125822005,4944.142872780788
0.01,2019-08-05 19:00:00+00:00,2019,2019-08,0.9653041668043475,50.0,0.05782638865942077,48.26520834021738,5000.0,5048.265208340217
0.01,2019-08-15 15:00:00+00:00,2019,2019-08,-1.0367402638300844,50.48265208340217,0.061824865212885126,-52.33739803978873,5048.265208340217,4995.927810300428
0.01,2019-08-15 18:00:00+00:00,2019,2019-08,-1.0311434079786446,49.95927810300428,0.05186340600934759,-51.51518028328471,4995.927810300428,4944.412630017144
0.01,2019-08-23 16:00:00+00:00,2019,2019-08,0.964395917398529,49.44412630017144,0.0586804252316289,47.683713543222574,4944.412630017144,4992.096343560366
0.01,2019-09-10 16:00:00+00:00,2019,2019-09,-1.0343625742477052,50.0,0.05727095707950861,-51.71812871238526,5000.0,4948.281871287615
0.01,2019-09-11 18:00:00+00:00,2019,2019-09,0.9660600575362834,49.48281871287615,0.055981467335251146,47.80337469281862,4948.281871287615,4996.085245980434
0.01,2019-10-01 17:05:00+00:00,2019,2019-10,0.9800537598662651,50.0,0.03324373355622483,49.00268799331325,5000.0,5049.002687993313
0.01,2019-10-02 17:25:00+00:00,2019,2019-10,0.9687792694349052,50.49002687993313,0.052544517514759435,48.913691354490346,5049.002687993313,5097.916379347804
0.01,2019-10-04 19:15:00+00:00,2019,2019-10,0.9570218165445535,50.97916379347804,0.07303306179737847,48.78817193955668,5097.916379347804,5146.70455128736
0.01,2020-01-08 17:25:00+00:00,2020,2020-01,-1.0445566612208528,50.0,0.07426110203475478,-52.22783306104264,5000.0,4947.7721669389575
0.01,2020-01-10 15:35:00+00:00,2020,2020-01,-0.5159088627923363,49.477721669389574,0.049661469105077405,-25.52599512001051,4947.7721669389575,4922.246171818947
0.01,2020-01-31 19:45:00+00:00,2020,2020-01,-1.0429430289149735,49.22246171818947,0.07045871989434632,-51.33622331501986,4922.246171818947,4870.909948503927
0.01,2020-02-05 16:35:00+00:00,2020,2020-02,0.9574915995303832,50.0,0.07084733411602795,47.87457997651916,5000.0,5047.874579976519
0.01,2020-02-21 18:25:00+00:00,2020,2020-02,-1.0484719785800025,50.47874579976519,0.08156015617172037,-52.925550484916805,5047.874579976519,4994.949029491602
0.01,2020-02-27 11:40:00+00:00,2020,2020-02,0.9516763697448063,49.949490294916025,0.0804580233482302,47.53574959446912,4994.949029491602,5042.484779086071
0.01,2020-02-28 16:10:00+00:00,2020,2020-02,-1.0365923783303428,50.42484779086072,0.061505503587104264,-52.270012898473844,5042.484779086071,4990.214766187598
0.01,2020-03-02 18:20:00+00:00,2020,2020-03,0.9637793645865671,50.0,0.06036772568905487,48.18896822932835,5000.0,5048.188968229329
0.01,2020-03-02 19:30:00+00:00,2020,2020-03,-1.0430230890577947,50.481889682293286,0.07239622785356892,-52.65377651790036,5048.188968229329,4995.5351917114285
0.01,2020-03-03 20:50:00+00:00,2020,2020-03,-1.0207370541533356,49.955351917114285,0.03453089459847129,-50.99127875506842,4995.5351917114285,4944.54391295636
0.01,2020-03-04 21:50:00+00:00,2020,2020-03,0.9544735187634138,49.4454391295636,0.07503589522556145,47.19436227279676,4944.54391295636,4991.738275229157
0.01,2020-03-06 16:05:00+00:00,2020,2020-03,0.9631559555766094,49.91738275229157,0.06130527558749418,48.07822448466675,4991.738275229157,5039.816499713824
0.01,2020-03-06 16:40:00+00:00,2020,2020-03,0.9729660144181258,50.39816499713824,0.045415442196185166,49.035701731252686,5039.816499713824,5088.852201445076
0.01,2020-03-09 10:50:00+00:00,2020,2020-03,-1.02695383193644,50.888522014450764,0.04572135566237757,-52.2601626843221,5088.852201445076,5036.592038760754
0.01,2020-03-09 15:35:00+00:00,2020,2020-03,-1.0374812593703142,50.36592038760754,0.0629259375157505,-52.25369851308005,5036.592038760754,4984.338340247674
0.01,2020-03-10 16:50:00+00:00,2020,2020-03,-1.031702898550725,49.84338340247674,0.052672657581120275,-51.423563129910356,4984.338340247674,4932.914777117763
0.01,2020-03-11 09:05:00+00:00,2020,2020-03,-1.041705558755189,49.32914777117763,0.06857665569047508,-51.38644744189189,4932.914777117763,4881.528329675872
0.01,2020-03-11 15:45:00+00:00,2020,2020-03,-1.0466345406497746,48.815283296758714,0.07588261044109866,-51.09176160999167,4881.528329675872,4830.43656806588
0.01,2020-03-11 16:10:00+00:00,2020,2020-03,0.9622878692646131,48.304365680658805,0.06072201845463136,46.48270512701986,4830.43656806588,4876.9192731929
0.01,2020-03-13 05:55:00+00:00,2020,2020-03,0.9544636468113729,48.769192731928996,0.07402570616551159,46.54842154696365,4876.9192731929,4923.467694739863
0.01,2020-03-13 12:10:00+00:00,2020,2020-03,-1.0415356316382836,49.23467694739863,0.06816644685056815,-51.27967035291567,4923.467694739863,4872.188024386947
0.01,2020-03-16 14:45:00+00:00,2020,2020-03,-1.0165916093861103,48.72188024386947,0.026945813518771008,-49.53025464943259,4872.188024386947,4822.657769737515
0.01,2020-03-17 15:50:00+00:00,2020,2020-03,0.9763949462704017,48.22657769737515,0.03794636525803952,47.08818673963396,4822.657769737515,4869.745956477149
0.01,2020-03-17 16:25:00+00:00,2020,2020-03,0.9827837806817622,48.69745956477149,0.027946204803604106,47.85907342066337,4869.745956477149,4917.6050298978125
0.01,2020-03-18 13:20:00+00:00,2020,2020-03,0.9768938768773728,49.176050298978126,0.03787559576308981,48.03978242608543,4917.6050298978125,4965.644812323898
0.01,2020-03-18 20:05:00+00:00,2020,2020-03,-1.0282117764015208,49.65644812323898,0.0466965537115513,-51.05734473458552,4965.644812323898,4914.587467589312
0.01,2020-03-19 14:25:00+00:00,2020,2020-03,-1.0241287787390987,49.14587467589312,0.0395276645331367,-50.33170461188722,4914.587467589312,4864.255762977425
0.01,2020-03-20 14:15:00+00:00,2020,2020-03,-1.031189662854597,48.642557629774245,0.050571499095265295,-50.1597026026322,4864.255762977425,4814.096060374793
0.01,2020-03-20 14:20:00+00:00,2020,2020-03,0.9728215150064066,48.14096060374793,0.043613279178204574,46.83256222840179,4814.096060374793,4860.9286226031945
0.01,2020-03-20 16:05:00+00:00,2020,2020-03,-1.0208990575520238,48.60928622603195,0.03386294234668811,-49.625174496432585,4860.9286226031945,4811.303448106762
0.01,2020-03-20 16:40:00+00:00,2020,2020-03,0.9753841825790344,48.113034481067615,0.039478055745152764,46.92869280871303,4811.303448106762,4858.232140915475
0.01,2020-03-26 15:05:00+00:00,2020,2020-03,0.963870967741935,48.58232140915475,0.058507741912101036,46.82708915179172,4858.232140915475,4905.059230067266
0.01,2020-03-30 09:20:00+00:00,2020,2020-03,0.9574717997529323,49.05059230067266,0.06953444705334279,46.96455888907238,4905.059230067266,4952.023788956339
0.01,2020-04-01 09:05:00+00:00,2020,2020-04,0.9511593832127824,50.0,0.08140102797869606,47.55796916063912,5000.0,5047.557969160639
0.01,2020-04-01 19:05:00+00:00,2020,2020-04,-1.0459749983580375,50.47557969160639,0.07735382311475311,-52.796194385048985,5047.557969160639,4994.76177477559
0.01,2020-04-03 15:35:00+00:00,2020,2020-04,-1.0365598885793872,49.947617747755906,0.06086931132212587,-51.773697087419684,4994.76177477559,4942.988077688171
0.01,2020-04-06 10:50:00+00:00,2020,2020-04,0.96022049212934,49.42988077688171,0.06554321104699169,47.46358444547196,4942.988077688171,4990.451662133643
0.01,2020-04-07 18:20:00+00:00,2020,2020-04,-1.0240798073615414,49.904516621336434,0.04005637155708732,-51.10620776804905,4990.451662133643,4939.345454365594
0.01,2020-04-09 18:20:00+00:00,2020,2020-04,-1.046716497597438,49.39345454365594,0.07691630668392882,-51.700943744173806,4939.345454365594,4887.6445106214205
0.01,2020-04-14 10:00:00+00:00,2020,2020-04,0.9512342382091353,48.876445106214206,0.07944990264113054,46.492948026980294,4887.6445106214205,4934.137458648401
0.01,2020-04-15 14:30:00+00:00,2020,2020-04,0.9572057385066833,49.34137458648401,0.07038425621645615,47.22984689999032,4934.137458648401,4981.367305548391
0.01,2020-04-20 13:35:00+00:00,2020,2020-04,0.9533374811127894,49.81367305548392,0.07748104865976173,47.48924159569106,4981.367305548391,5028.8565471440825
0.01,2020-04-22 06:15:00+00:00,2020,2020-04,0.9503874503874501,50.288565471440826,0.08316479831319408,47.793621522045,5028.8565471440825,5076.650168666128
0.01,2020-04-22 17:00:00+00:00,2020,2020-04,0.9631566019860349,50.76650168666128,0.062347014247276365,48.896091259242986,5076.650168666128,5125.546259925371
0.01,2020-04-23 10:30:00+00:00,2020,2020-04,0.9548552142227564,51.255462599253704,0.07713056263189426,48.94154572029687,5125.546259925371,5174.487805645667
0.01,2020-04-23 11:10:00+00:00,2020,2020-04,0.9678151054438457,51.74487805645668,0.055513448135603986,50.07947461238856,5174.487805645667,5224.567280258056
0.01,2020-04-27 16:30:00+00:00,2020,2020-04,-1.0457098080188068,52.24567280258056,0.07960465578731171,-54.63381247619991,5224.567280258056,5169.933467781856
0.01,2020-04-28 17:35:00+00:00,2020,2020-04,0.9691235499095759,51.69933467781856,0.05320973089625977,50.10304275093077,5169.933467781856,5220.036510532786
0.01,2020-04-28 19:05:00+00:00,2020,2020-04,-1.0388903292714537,52.20036510532787,0.06766964623454333,-54.230454492364174,5220.036510532786,5165.806056040422
0.01,2020-05-01 17:30:00+00:00,2020,2020-05,0.9513866382702894,50.0,0.08102226954951772,47.56933191351447,5000.0,5047.569331913514
0.01,2020-05-04 04:10:00+00:00,2020,2020-05,0.9533437013996894,50.47569331913515,0.07850030065184238,48.12068429957987,5047.569331913514,5095.690016213094
0.01,2020-05-14 16:15:00+00:00,2020,2020-05,0.9518657742734024,50.95690016213094,0.08175903115772375,48.50412922739923,5095.690016213094,5144.194145440493
0.01,2020-05-15 18:35:00+00:00,2020,2020-05,0.9534481612023669,51.44194145440493,0.07982389886742461,49.04722448838219,5144.194145440493,5193.241369928875
0.01,2020-05-19 17:20:00+00:00,2020,2020-05,0.9500321222071532,51.93241369928876,0.0864984167071209,49.33746119807513,5193.241369928875,5242.578831126951
0.01,2020-05-20 16:00:00+00:00,2020,2020-05,-1.0408679575751678,52.42578831126951,0.07141782975165643,-54.5683232038192,5242.578831126951,5188.010507923132
0.01,2020-05-20 18:10:00+00:00,2020,2020-05,-1.0495061175416687,51.88010507923132,0.08561275267088479,-54.448487659357866,5188.010507923132,5133.562020263774
0.01,2020-05-26 17:55:00+00:00,2020,2020-05,0.9646244293583545,51.33562020263774,0.06053422863036997,49.51959334372665,5133.562020263774,5183.0816136075
0.01,2020-05-29 04:35:00+00:00,2020,2020-05,0.9671423206909501,51.830816136075,0.05676801116418275,50.12777580114952,5183.0816136075,5233.209389408649
0.01,2020-05-29 05:45:00+00:00,2020,2020-05,0.9577787607060998,52.33209389408649,0.07365086196843594,50.12256803503341,5233.209389408649,5283.331957443683
0.01,2020-06-05 17:30:00+00:00,2020,2020-06,-1.0241127096944573,50.0,0.04018784949076237,-51.20563548472287,5000.0,4948.794364515277
0.01,2020-06-05 18:40:00+00:00,2020,2020-06,0.9638074556641332,49.487943645152775,0.05970315314893576,47.696849050684705,4948.794364515277,4996.4912135659615
0.01,2020-06-08 04:05:00+00:00,2020,2020-06,0.9595204132773051,49.96491213565962,0.06741863312957548,47.94235314177235,4996.4912135659615,5044.433566707734
0.01,2020-06-08 18:25:00+00:00,2020,2020-06,0.9571821796309514,50.44433566707734,0.07199721677429692,48.28441916384843,5044.433566707734,5092.717985871583
0.01,2020-06-09 10:20:00+00:00,2020,2020-06,0.9530348436731226,50.927179858715824,0.07972676544505287,48.53537689536424,5092.717985871583,5141.253362766947
0.01,2020-06-12 16:10:00+00:00,2020,2020-06,-1.0459126784582073,51.412533627669475,0.07868290417229873,-53.773020752838434,5141.253362766947,5087.480342014109
0.01,2020-06-16 09:45:00+00:00,2020,2020-06,-1.0430875292379662,50.87480342014109,0.07306898599470377,-53.0668729999822,5087.480342014109,5034.413469014126
0.01,2020-06-23 05:45:00+00:00,2020,2020-06,0.9611794065995009,50.34413469014127,0.06514630609686453,48.38974550723533,5034.413469014126,5082.803214521362
0.01,2020-06-24 14:50:00+00:00,2020,2020-06,-1.0474705004747047,50.82803214521362,0.08042773746925563,-53.240864269291286,5082.803214521362,5029.56235025207
0.01,2020-07-01 16:35:00+00:00,2020,2020-07,0.9657590086417738,50.0,0.05706831893037714,48.28795043208869,5000.0,5048.287950432089
0.01,2020-07-22 16:30:00+00:00,2020,2020-07,0.9503463930201222,50.48287950432089,0.08355523527066924,47.976222446200815,5048.287950432089,5096.26417287829
0.01,2020-07-23 16:20:00+00:00,2020,2020-07,0.9544399366498161,50.9626417287829,0.07739537285520252,48.64078054312682,5096.26417287829,5144.904953421417
0.01,2020-07-24 16:05:00+00:00,2020,2020-07,0.9678106653995305,51.449049534214176,0.05520368901109828,49.792938863881226,5144.904953421417,5194.697892285299
0.01,2020-07-30 19:50:00+00:00,2020,2020-07,0.9668293607543957,51.946978922852985,0.05743714992496557,50.22386442510402,5194.697892285299,5244.921756710402
0.01,2020-07-31 16:50:00+00:00,2020,2020-07,0.9696250867854663,52.44921756710403,0.05310468105903268,50.85607713533305,5244.921756710402,5295.777833845736
0.01,2020-08-04 16:05:00+00:00,2020,2020-08,0.9612374483165989,50.0,0.06460425280566859,48.061872415829946,5000.0,5048.06187241583
0.01,2020-08-05 11:05:00+00:00,2020,2020-08,0.9629034252504018,50.480618724158305,0.06242193486355679,48.6079606782516,5048.06187241583,5096.669833094082
0.01,2020-08-05 16:10:00+00:00,2020,2020-08,0.9665162555606935,50.966698330940815,0.05688519672761493,49.26014242911236,5096.669833094082,5145.929975523194
0.01,2020-08-06 16:20:00+00:00,2020,2020-08,-1.0329836024376444,51.45929975523194,0.05657710282820493,-53.15661284007808,5145.929975523194,5092.773362683116
0.01,2020-08-06 18:50:00+00:00,2020,2020-08,0.9647378849447557,50.92773362683116,0.05986065342173854,49.131914024179004,5092.773362683116,5141.905276707295
0.01,2020-08-06 19:25:00+00:00,2020,2020-08,-1.025841065144095,51.419052767072955,0.04429076974005296,-52.74777585927455,5141.905276707295,5089.15750084802
0.01,2020-08-12 12:00:00+00:00,2020,2020-08,0.9804736533794527,50.8915750084802,0.03312421778937228,49.897848474799034,5089.15750084802,5139.055349322819
0.01,2020-08-13 17:45:00+00:00,2020,2020-08,-1.0464037122969843,51.39055349322819,0.0794904153027515,-53.77526595231073,5139.055349322819,5085.280083370509
0.01,2020-08-14 18:20:00+00:00,2020,2020-08,0.974405226209048,50.85280083370509,0.04338553113250056,49.551234899730076,5085.280083370509,5134.831318270239
0.01,2020-08-18 17:00:00+00:00,2020,2020-08,0.9697898234862544,51.348313182702384,0.051708053497750914,49.797071577769856,5134.831318270239,5184.628389848009
0.01,2020-08-18 17:50:00+00:00,2020,2020-08,0.9794103516908022,51.84628389848009,0.035583225053617724,50.77878714687156,5184.628389848009,5235.4071769948805
0.01,2020-08-18 18:30:00+00:00,2020,2020-08,-1.0140627197299956,52.3540717699488,0.024541354600829044,-53.09031240797367,5235.4071769948805,5182.316864586906
0.01,2020-08-20 17:45:00+00:00,2020,2020-08,-1.0241443140140496,51.82316864586907,0.04170782856629698,-53.07440350285798,5182.316864586906,5129.242461084048
0.01,2020-08-24 17:35:00+00:00,2020,2020-08,0.9744544193854464,51.292424610840484,0.043676492260404695,49.982129843028346,5129.242461084048,5179.224590927076
0.01,2020-08-25 07:20:00+00:00,2020,2020-08,0.9708369787109945,51.79224590927076,0.05034727900191561,50.28182753921329,5179.224590927076,5229.50641846629
0.01,2020-08-27 15:50:00+00:00,2020,2020-08,0.9801049699679785,52.2950641846629,0.03468039574934536,51.254652312182536,5229.50641846629,5280.7610707784725
0.01,2020-08-28 04:45:00+00:00,2020,2020-08,0.9503839338452452,52.807610707784725,0.0873368635450662,50.187504801432745,5280.7610707784725,5330.948575579905
0.01,2020-08-28 13:40:00+00:00,2020,2020-08,0.9728766274023558,53.30948575579905,0.048197768171444846,51.86355271065571,5330.948575579905,5382.81212829056
0.01,2020-08-28 16:20:00+00:00,2020,2020-08,0.9625013392378838,53.828121282905606,0.06728274864832401,51.809638823455884,5382.81212829056,5434.621767114017
0.01,2020-08-31 15:45:00+00:00,2020,2020-08,0.9623952438937036,54.34621767114017,0.06812254202743069,52.30254141031725,5434.621767114017,5486.924308524334
0.01,2020-09-01 17:55:00+00:00,2020,2020-09,-1.0284834592483083,50.0,0.04747243208051377,-51.42417296241541,5000.0,4948.5758270375845
0.01,2020-09-03 15:25:00+00:00,2020,2020-09,0.9620493358633786,49.48575827037585,0.062600579722169,47.60774087871078,4948.5758270375845,4996.183567916295
0.01,2020-09-03 18:05:00+00:00,2020,2020-09,0.9655901292828001,49.96183567916295,0.05730601021713274,48.24265537264897,4996.183567916295,5044.426223288944
0.01,2020-09-04 20:25:00+00:00,2020,2020-09,0.9695011255536997,50.44426223288944,0.05128310734590475,48.9057690125123,5044.426223288944,5093.331992301456
0.01,2020-09-08 16:25:00+00:00,2020,2020-09,-1.0375906202452336,50.93331992301456,0.06382050290183433,-52.84793501006959,5093.331992301456,5040.484057291386
0.01,2020-09-08 18:35:00+00:00,2020,2020-09,0.9729105661691672,50.40484057291386,0.04551461978178767,49.03940197946023,5040.484057291386,5089.523459270847
0.01,2020-09-21 12:35:00+00:00,2020,2020-09,0.9644868347623151,50.89523459270847,0.060248362530053126,49.087783716806875,5089.523459270847,5138.611242987654
0.01,2020-09-22 10:50:00+00:00,2020,2020-09,0.9801179667307309,51.38611242987654,0.034055346563640225,50.364452032967336,5138.611242987654,5188.975695020621
0.01,2020-09-22 16:30:00+00:00,2020,2020-09,0.9555630792670027,51.88975695020621,0.07686070054836038,49.583935933755406,5188.975695020621,5238.559630954376
0.01,2020-09-23 10:15:00+00:00,2020,2020-09,-1.0337658578939748,52.385596309543764,0.05896148668930626,-54.15444091022295,5238.559630954376,5184.405190044154
0.01,2020-09-23 16:00:00+00:00,2020,2020-09,-1.0330022630123208,51.844051900441535,0.05703236788142587,-53.55502293688431,5184.405190044154,5130.850167107269
0.01,2020-09-23 16:20:00+00:00,2020,2020-09,-1.0483759502418781,51.30850167107269,0.08273658412750447,-53.79059919489782,5130.850167107269,5077.059567912371
0.01,2020-09-24 15:55:00+00:00,2020,2020-09,-1.0493455835702707,50.77059567912371,0.08351015573322079,-53.275900351120335,5077.059567912371,5023.783667561251
0.01,2020-10-02 19:30:00+00:00,2020,2020-10,0.9625715151407133,50.0,0.06238080809881123,48.12857575703566,5000.0,5048.128575757036
0.01,2020-10-05 11:30:00+00:00,2020,2020-10,0.9541984732824424,50.48128575757036,0.07707066527873391,48.16916579920834,5048.128575757036,5096.297741556245
0.01,2020-10-20 06:05:00+00:00,2020,2020-10,0.9511423386533897,50.96297741556245,0.08299772972614987,48.47304552377795,5096.297741556245,5144.770787080022
0.01,2020-10-21 19:00:00+00:00,2020,2020-10,0.9546915791063453,51.44770787080022,0.07770048007413366,49.116693468576216,5144.770787080022,5193.887480548598
0.01,2020-10-28 17:40:00+00:00,2020,2020-10,-1.0318316861698902,51.93887480548599,0.05511006542751501,-53.59217676831143,5193.887480548598,5140.295303780287
0.01,2020-10-29 15:55:00+00:00,2020,2020-10,0.9696110210696915,51.402953037802874,0.0520694418940475,49.84086978098145,5140.295303780287,5190.136173561269
0.01,2020-10-30 17:05:00+00:00,2020,2020-10,-1.0439275404760915,51.90136173561269,0.07599663894684636,-54.18126090401808,5190.136173561269,5135.954912657251
0.01,2020-11-03 17:05:00+00:00,2020,2020-11,0.9586809381394618,50.0,0.06886510310089712,47.93404690697309,5000.0,5047.934046906973
0.01,2020-11-06 15:40:00+00:00,2020,2020-11,-1.027902897915255,50.47934046906973,0.04695066279792831,-51.88786035300758,5047.934046906973,4996.0461865539655
0.01,2020-11-06 17:10:00+00:00,2020,2020-11,0.9667674194109926,49.960461865539656,0.05534383584035244,48.30014679032908,4996.0461865539655,5044.346333344294
0.01,2020-11-09 20:55:00+00:00,2020,2020-11,0.9547676998298406,50.44346333344294,0.07605579583735748,48.16178945832222,5044.346333344294,5092.5081228026165
0.01,2020-11-19 16:15:00+00:00,2020,2020-11,-1.0383204686045873,50.925081228026166,0.06504909921282105,-52.8765542044108,5092.5081228026165,5039.631568598205
0.01,2020-11-24 16:00:00+00:00,2020,2020-11,-1.0466521526636152,50.39631568598205,0.07836988710220594,-52.747412299048236,5039.631568598205,4986.884156299157
0.01,2020-11-27 16:55:00+00:00,2020,2020-11,0.9613764690735879,49.86884156299158,0.06420369147908501,47.942730818619026,4986.884156299157,5034.826887117776
0.01,2020-11-27 18:15:00+00:00,2020,2020-11,-1.0483737215516458,50.348268871177766,0.0811844379660581,-52.78380201015951,5034.826887117776,4982.043085107616
0.01,2020-11-30 11:50:00+00:00,2020,2020-11,0.9527665317139007,49.82043085107616,0.0784397246868037,47.46723911047205,4982.043085107616,5029.5103242180885
0.01,2020-12-02 16:05:00+00:00,2020,2020-12,0.9702591700892227,50.0,0.0495680498512956,48.51295850446113,5000.0,5048.5129585044615
0.01,2020-12-03 16:35:00+00:00,2020,2020-12,0.9589201877934275,50.48512958504462,0.06913065475260366,48.411209942466506,5048.5129585044615,5096.924168446928
0.01,2020-12-03 17:15:00+00:00,2020,2020-12,-1.045125384102972,50.96924168446928,0.07666688694829629,-53.269248292918164,5096.924168446928,5043.65492015401
0.01,2020-12-04 18:15:00+00:00,2020,2020-12,-1.0281022923441325,50.4365492015401,0.04724608834969665,-51.85393185203101,5043.65492015401,4991.8009883019795
0.01,2020-12-10 17:05:00+00:00,2020,2020-12,0.9660891049138505,49.9180098830198,0.05642547986841527,48.22524548696734,4991.8009883019795,5040.026233788947
0.01,2020-12-11 16:35:00+00:00,2020,2020-12,0.9591288608629648,50.40026233788947,0.06866387115183185,48.34034620333452,5040.026233788947,5088.366579992282
0.01,2020-12-16 15:45:00+00:00,2020,2020-12,-1.0423173803526444,50.883665799922824,0.07177544797973935,-53.036929239315,5088.366579992282,5035.329650752967
0.01,2020-12-23 17:35:00+00:00,2020,2020-12,0.4378352370939666,50.35329650752967,0.06281039178015944,22.046447514837052,5035.329650752967,5057.376098267804
0.01,2020-12-28 15:00:00+00:00,2020,2020-12,0.960765264180555,50.57376098267804,0.06614160505170438,48.58951283112691,5057.376098267804,5105.965611098931
0.01,2021-01-07 13:05:00+00:00,2021,2021-01,-1.0381062984267535,50.0,0.06351049737792253,-51.90531492133768,5000.0,4948.094685078662
0.01,2021-01-08 16:25:00+00:00,2021,2021-01,0.9628081609521107,49.48094685078662,0.06134291370705396,47.640659439575,4948.094685078662,4995.735344518237
0.01,2021-01-11 16:30:00+00:00,2021,2021-01,0.9662482521416291,49.95735344518237,0.05620493323844364,48.27120544802906,4995.735344518237,5044.006549966266
0.01,2021-01-11 16:50:00+00:00,2021,2021-01,0.9701619778346128,50.44006549966266,0.05016772641341734,48.93503370726014,5044.006549966266,5092.941583673526
0.01,2021-01-14 06:15:00+00:00,2021,2021-01,0.956605294154114,50.92941583673526,0.07366890063793108,48.71934881759732,5092.941583673526,5141.660932491123
0.01,2021-01-14 16:20:00+00:00,2021,2021-01,0.9595842956120102,51.416609324911235,0.06926794943694582,49.33857084180286,5141.660932491123,5190.999503332926
0.01,2021-01-15 19:00:00+00:00,2021,2021-01,-1.0345372014999021,51.90999503332926,0.05976086527750024,-53.70282099165427,5190.999503332926,5137.296682341272
0.01,2021-01-18 13:25:00+00:00,2021,2021-01,-1.042192397331833,51.37296682341272,0.0722516209442835,-53.54051545174122,5137.296682341272,5083.7561668895305
0.01,2021-01-21 16:40:00+00:00,2021,2021-01,-1.0469830189945641,50.837561668895304,0.07961673751756794,-53.22606379442234,5083.7561668895305,5030.530103095108
0.01,2021-01-25 18:55:00+00:00,2021,2021-01,-0.3138688648984189,50.30530103095108,0.06072795281906983,-15.789267732957878,5030.530103095108,5014.7408353621495
0.01,2021-02-02 10:30:00+00:00,2021,2021-02,0.9562317632346807,50.0,0.07294706127553213,47.811588161734036,5000.0,5047.811588161734
0.01,2021-02-02 16:35:00+00:00,2021,2021-02,0.24592748292168662,50.47811588161734,0.05305109393758992,12.413955981395366,5047.811588161734,5060.22554414313
0.01,2021-02-05 17:00:00+00:00,2021,2021-02,0.9614961496149621,50.602255441431296,0.06494605575541133,48.65387376876895,5060.22554414313,5108.879417911899
0.01,2021-02-09 17:05:00+00:00,2021,2021-02,0.9626287971811428,51.088794179118985,0.06364165630129023,49.179544490080275,5108.879417911899,5158.0589624019785
0.01,2021-02-10 18:00:00+00:00,2021,2021-02,-1.0483570129182314,51.58058962401979,0.08314277462595734,-54.0748728627985,5158.0589624019785,5103.98408953918
0.01,2021-02-11 18:45:00+00:00,2021,2021-02,0.9623992837958811,51.0398408953918,0.06397115242036687,49.12070632278079,5103.98408953918,5153.104795861961
0.01,2021-02-16 19:45:00+00:00,2021,2021-02,-1.0395703787450532,51.53104795861961,0.06797010282840268,-53.57015104347169,5153.104795861961,5099.534644818489
0.01,2021-02-18 16:05:00+00:00,2021,2021-02,0.9612824720219768,50.99534644818489,0.06581379176188609,49.020932695328305,5099.534644818489,5148.555577513817
0.01,2021-02-18 18:30:00+00:00,2021,2021-02,0.9526141209919436,51.485555775138174,0.0813229438874411,49.04586745851494,5148.555577513817,5197.6014449723325
0.01,2021-02-18 20:30:00+00:00,2021,2021-02,-1.0376411543287327,51.97601444972332,0.06521457270981575,-53.9324516310178,5197.6014449723325,5143.6689933413145
0.01,2021-02-23 17:10:00+00:00,2021,2021-02,-1.0231140070882954,51.43668993341315,0.039630267190645344,-52.62559794913251,5143.6689933413145,5091.043395392182
0.01,2021-02-24 20:15:00+00:00,2021,2021-02,-1.0340754202635163,50.910433953921824,0.05782648109259578,-52.6452283866997,5091.043395392182,5038.398167005483
0.01,2021-02-25 11:25:00+00:00,2021,2021-02,-1.0411522633744859,50.38398167005483,0.06911382945137871,-52.45739655359619,5038.398167005483,4985.940770451886
0.01,2021-03-02 07:35:00+00:00,2021,2021-03,0.9659919028340085,50.0,0.056680161943319214,48.29959514170042,5000.0,5048.299595141701
0.01,2021-03-02 10:10:00+00:00,2021,2021-03,0.964038016953506,50.48299595141701,0.06051562148470279,48.667527306875925,5048.299595141701,5096.967122448576
0.01,2021-03-02 11:40:00+00:00,2021,2021-03,0.9504366296908193,50.969671224485765,0.08420762298121252,48.443442535049385,5096.967122448576,5145.410564983626
0.01,2021-03-04 19:10:00+00:00,2021,2021-03,-1.0455788514129452,51.45410564983626,0.0781739678666624,-53.799324685836126,5145.410564983626,5091.61124029779
0.01,2021-03-04 21:35:00+00:00,2021,2021-03,-1.0338704214448151,50.916112402977895,0.0574850061806812,-52.640662588398335,5091.61124029779,5038.970577709391
0.01,2021-03-11 18:05:00+00:00,2021,2021-03,0.9693931090771294,50.389705777093916,0.051409074278501866,48.847433548738856,5038.970577709391,5087.81801125813
0.01,2021-03-18 14:05:00+00:00,2021,2021-03,-1.042937760693547,50.878180112581305,0.07281983740657319,-53.062775234778506,5087.81801125813,5034.755236023352
0.01,2021-03-30 16:50:00+00:00,2021,2021-03,-1.0412800754835665,50.34755236023352,0.06927835872810861,-52.425903122076775,5034.755236023352,4982.329332901275
0.01,2021-04-01 16:05:00+00:00,2021,2021-04,0.31864354998853545,50.0,0.05346368288398295,15.932177499426773,5000.0,5015.932177499427
0.01,2021-04-01 17:55:00+00:00,2021,2021-04,0.34125443187576554,50.15932177499427,0.07409996041384606,17.117090855599386,5015.932177499427,5033.0492683550265
0.01,2021-04-09 16:50:00+00:00,2021,2021-04,-1.0333582196241646,50.33049268355027,0.0559645209576761,-52.00942831228055,5033.0492683550265,4981.039840042746
0.01,2021-04-16 17:40:00+00:00,2021,2021-04,-1.0413434657636729,49.81039840042746,0.06864448336476614,-51.86973290137044,4981.039840042746,4929.170107141375
0.01,2021-04-26 17:15:00+00:00,2021,2021-04,0.9641025641025642,49.291701071413755,0.05898152264955469,47.52225539192711,4929.170107141375,4976.692362533303
0.01,2021-04-29 17:55:00+00:00,2021,2021-04,-0.1244183319550107,49.76692362533303,0.042999427944422894,-6.19191762399635,4976.692362533303,4970.500444909307
0.01,2021-05-04 15:35:00+00:00,2021,2021-05,0.951302089372261,50.0,0.0811631843795649,47.56510446861305,5000.0,5047.565104468613
0.01,2021-05-04 18:15:00+00:00,2021,2021-05,-0.25980218434872243,50.47565104468613,0.02276681319068272,-13.11368439783333,5047.565104468613,5034.45142007078
0.01,2021-05-07 17:30:00+00:00,2021,2021-05,0.9584051339948895,50.3445142007078,0.06980244407569418,48.250440878436976,5034.45142007078,5082.701860949217
0.01,2021-05-12 06:10:00+00:00,2021,2021-05,0.9709278179250775,50.82701860949217,0.049255077978020964,49.34936627015154,5082.701860949217,5132.051227219368
0.01,2021-05-19 16:20:00+00:00,2021,2021-05,-1.0448038232595842,51.32051227219368,0.07664517204782308,-53.61986743362837,5132.051227219368,5078.43135978574
0.01,2021-05-20 17:30:00+00:00,2021,2021-05,-1.049885974914481,50.7843135978574,0.08444749980639532,-53.31773859204925,5078.43135978574,5025.113621193691
0.01,2021-06-10 16:30:00+00:00,2021,2021-06,-1.0235128144838936,50.0,0.03918802413982283,-51.17564072419468,5000.0,4948.824359275805
0.01,2021-06-17 11:20:00+00:00,2021,2021-06,0.9631533697120699,49.48824359275805,0.06078250050871278,47.66476857749667,4948.824359275805,4996.489127853302
0.01,2021-06-17 17:25:00+00:00,2021,2021-06,0.9707663395280852,49.964891278533024,0.04868855557175903,48.504234611380255,4996.489127853302,5044.993362464683
0.01,2021-06-17 19:05:00+00:00,2021,2021-06,-1.0313779398141227,50.44993362464683,0.052767166030021906,-52.03294860554749,5044.993362464683,4992.960413859136
0.01,2021-06-22 16:25:00+00:00,2021,2021-06,-1.049105576990531,49.92960413859136,0.08172740067114459,-52.381426158725695,4992.960413859136,4940.57898770041
0.01,2021-06-28 18:05:00+00:00,2021,2021-06,-1.0448459222243571,49.4057898770041,0.07385494034190183,-51.62143808726116,4940.57898770041,4888.957549613148
0.01,2021-08-09 17:35:00+00:00,2021,2021-08,0.954003854915017,50.0,0.07666024180830491,47.700192745750854,5000.0,5047.70019274575
0.01,2021-08-09 20:15:00+00:00,2021,2021-08,0.9623034393623895,50.47700192745751,0.06342697879877279,48.57419256349432,5047.70019274575,5096.274385309245
0.01,2021-08-10 17:20:00+00:00,2021,2021-08,-1.0321844012935062,50.962743853092455,0.054673513306203285,-52.60294925227855,5096.274385309245,5043.671436056967
0.01,2021-08-12 17:00:00+00:00,2021,2021-08,0.9675810858792483,50.43671436056967,0.05450345037960638,48.80161084918147,5043.671436056967,5092.473046906148
0.01,2021-08-27 16:50:00+00:00,2021,2021-08,0.9633367086839626,50.92473046906148,0.06223560761259625,49.05766224068359,5092.473046906148,5141.530709146831
0.01,2021-08-27 18:10:00+00:00,2021,2021-08,0.9630795196821313,51.415307091468314,0.06327592778359103,49.51702925796059,5141.530709146831,5191.047738404792
0.01,2021-08-31 17:05:00+00:00,2021,2021-08,-0.3332873821617613,51.910477384047915,0.038532532548098956,-17.301107114096645,5191.047738404792,5173.746631290695
0.01,2021-09-02 18:05:00+00:00,2021,2021-09,0.9647615531764938,50.0,0.05873074470584372,48.23807765882469,5000.0,5048.238077658824
0.01,2021-09-08 19:10:00+00:00,2021,2021-09,0.9574304190063039,50.48238077658824,0.07163379324078605,48.33336697936466,5048.238077658824,5096.571444638189
0.01,2021-09-20 06:15:00+00:00,2021,2021-09,0.9620918100258145,50.96571444638189,0.06440059951345133,49.03369646097835,5096.571444638189,5145.605141099168
0.01,2021-09-21 15:25:00+00:00,2021,2021-09,0.9587871651457162,51.45605141099168,0.07068832496849123,49.335401661936935,5145.605141099168,5194.940542761105
0.01,2021-09-24 16:35:00+00:00,2021,2021-09,0.9547286955396974,51.94940542761105,0.07839391165483577,49.59758807796597,5194.940542761105,5244.538130839071
0.01,2021-09-24 17:25:00+00:00,2021,2021-09,0.9512104456112639,52.44538130839071,0.08529289279279118,49.88659452460698,5244.538130839071,5294.424725363678
0.01,2021-09-28 16:30:00+00:00,2021,2021-09,-1.025157534082469,52.944247253636775,0.04439822349180113,-54.276193958390806,5294.424725363678,5240.148531405287
0.01,2021-09-29 17:10:00+00:00,2021,2021-09,0.9507839415031976,52.40148531405287,0.08596648555119196,49.82249074751711,5240.148531405287,5289.971022152804
0.01,2021-10-04 16:30:00+00:00,2021,2021-10,-1.0375845652718618,50.0,0.06264094211976971,-51.87922826359309,5000.0,4948.120771736407
0.01,2021-10-28 17:55:00+00:00,2021,2021-10,0.9579865556978227,49.48120771736407,0.06929586548126476,47.40233175292613,4948.120771736407,4995.523103489333
0.01,2021-11-03 20:05:00+00:00,2021,2021-11,0.9563146179609333,50.0,0.07280897006511113,47.81573089804667,5000.0,5047.815730898046
0.01,2021-11-05 15:30:00+00:00,2021,2021-11,0.9831184282452811,50.478157308980464,0.028405021155251398,49.62600667432292,5047.815730898046,5097.441737572369
0.01,2021-12-09 16:40:00+00:00,2021,2021-12,0.951645214027495,50.0,0.08059130995417498,47.58226070137475,5000.0,5047.582260701375
0.01,2021-12-10 15:35:00+00:00,2021,2021-12,0.9660435935579845,50.475822607013754,0.05713258493129443,48.76184505907492,5047.582260701375,5096.3441057604505
0.01,2022-01-26 17:20:00+00:00,2022,2022-01,-1.0401253439315188,50.0,0.06687557321919785,-52.00626719657594,5000.0,4947.993732803424
0.01,2022-02-02 16:05:00+00:00,2022,2022-02,-1.0395681419931049,50.0,0.0659469033218413,-51.97840709965524,5000.0,4948.021592900344
0.01,2022-02-04 16:15:00+00:00,2022,2022-02,0.5601644519491968,49.48021592900344,0.03178561701628233,27.717058038198132,4948.021592900344,4975.738650938542
0.01,2022-02-14 18:20:00+00:00,2022,2022-02,-1.0374298190892073,49.75738650938543,0.06208033251326863,-51.619796484783485,4975.738650938542,4924.118854453759
0.01,2022-02-15 16:35:00+00:00,2022,2022-02,-1.034814323607427,49.24118854453759,0.057143289093461905,-50.95548721734145,4924.118854453759,4873.163367236418
0.01,2022-02-16 21:10:00+00:00,2022,2022-02,0.958478329642518,48.73163367236418,0.06744729431084916,46.708214843038704,4873.163367236418,4919.871582079457
0.01,2022-02-17 08:35:00+00:00,2022,2022-02,0.9542373989409232,49.19871582079457,0.07504870682419701,46.947254616068655,4919.871582079457,4966.8188366955255
0.01,2022-02-17 16:25:00+00:00,2022,2022-02,0.9559212459594478,49.668188366955256,0.07297706195556122,47.47887650828842,4966.8188366955255,5014.297713203814
0.01,2022-02-22 18:00:00+00:00,2022,2022-02,0.9568150037015715,50.14297713203814,0.07218080939464182,47.97755285019889,5014.297713203814,5062.275266054013
0.01,2022-02-25 09:55:00+00:00,2022,2022-02,0.9544764795144168,50.62275266054013,0.0768175305926237,48.31822674276142,5062.275266054013,5110.593492796774
0.01,2022-02-25 16:15:00+00:00,2022,2022-02,0.9713232281851699,51.10593492796774,0.04885177447709616,49.64038169365485,5110.593492796774,5160.233874490428
0.01,2022-02-28 16:40:00+00:00,2022,2022-02,-1.0422620245522238,51.60233874490428,0.07269397689964403,-53.783158051893594,5160.233874490428,5106.450716438535
0.01,2022-02-28 17:40:00+00:00,2022,2022-02,0.9531824768699146,51.064507164385354,0.07969045817650065,48.67379341909033,5106.450716438535,5155.1245098576255
0.01,2022-03-01 15:20:00+00:00,2022,2022-03,0.9703858303249104,50.0,0.049356949458482624,48.519291516245524,5000.0,5048.519291516245
0.01,2022-03-01 15:25:00+00:00,2022,2022-03,-1.0499334221038612,50.48519291516245,0.08402994826092232,-53.00609136299012,5048.519291516245,4995.513200153255
0.01,2022-03-01 17:35:00+00:00,2022,2022-03,0.9572666965121491,49.95513200153255,0.07115826055323808,47.820384184935406,4995.513200153255,5043.33358433819
0.01,2022-03-03 12:05:00+00:00,2022,2022-03,0.9591646248979117,50.433335843381904,0.06864880622713651,48.37387165656781,5043.33358433819,5091.707455994758
0.01,2022-03-04 05:15:00+00:00,2022,2022-03,0.9726327312534203,50.91707455994758,0.04644870877572403,49.52361329667586,5091.707455994758,5141.231069291433
0.01,2022-03-04 16:25:00+00:00,2022,2022-03,0.9503581306290335,51.41231069291433,0.0850734403825732,48.86010748143713,5141.231069291433,5190.09117677287
0.01,2022-03-07 19:10:00+00:00,2022,2022-03,-1.0308542211513032,51.9009117677287,0.053378740321192476,-53.502273977364474,5190.09117677287,5136.588902795505
0.01,2022-03-09 08:25:00+00:00,2022,2022-03,0.9597307714433666,51.365889027955056,0.06894882417604638,49.29742430267367,5136.588902795505,5185.886327098179
0.01,2022-03-09 09:25:00+00:00,2022,2022-03,0.9545582411875433,51.85886327098179,0.07855193190160421,49.50230531393367,5185.886327098179,5235.388632412113
0.01,2022-03-09 18:05:00+00:00,2022,2022-03,-1.0209932821497119,52.353886324121135,0.03663599690787405,-53.45296623135735,5235.388632412113,5181.935666180756
0.01,2022-03-10 11:30:00+00:00,2022,2022-03,0.9639583976933372,51.81935666180756,0.06225508815306616,49.951704017215576,5181.935666180756,5231.887370197972
0.01,2022-03-10 17:55:00+00:00,2022,2022-03,-1.0188974677393232,52.31887370197972,0.0329564742646961,-53.30756792992061,5231.887370197972,5178.579802268051
0.01,2022-03-11 19:45:00+00:00,2022,2022-03,0.9558006398383581,51.78579802268051,0.0762966379354167,49.496898884618005,5178.579802268051,5228.076701152669
0.01,2022-03-15 08:25:00+00:00,2022,2022-03,-1.0480802252901982,52.280767011526684,0.08378903520861866,-54.79443806778525,5228.076701152669,5173.282263084883
0.01,2022-03-15 16:05:00+00:00,2022,2022-03,0.9604802589483983,51.73282263084883,0.06814892514131957,49.688354876609246,5173.282263084883,5222.970617961492
0.01,2022-03-16 14:55:00+00:00,2022,2022-03,-1.047313281514025,52.22970617961492,0.0823719597290311,-54.70086497148585,5222.970617961492,5168.269752990006
0.01,2022-03-16 16:15:00+00:00,2022,2022-03,0.973849698026275,51.68269752990006,0.045050604907452725,50.33117938267648,5168.269752990006,5218.600932372682
0.01,2022-03-18 16:25:00+00:00,2022,2022-03,-1.0255524189623288,52.18600932372682,0.044449292473728946,-53.51948809793869,5218.600932372682,5165.081444274743
0.01,2022-03-22 15:35:00+00:00,2022,2022-03,0.9578270910734014,51.65081444274743,0.07260883644928771,49.472549349268796,5165.081444274743,5214.553993624012
0.01,2022-03-23 16:45:00+00:00,2022,2022-03,0.9558888398764883,52.14553993624012,0.07667334206181539,49.845339674385656,5214.553993624012,5264.399333298397
0.01,2022-03-28 16:00:00+00:00,2022,2022-03,0.9533789183909075,52.643993332983975,0.08181066364685229,50.189673423578405,5264.399333298397,5314.589006721976
0.01,2022-03-29 16:50:00+00:00,2022,2022-03,0.9716327385213904,53.14589006721976,0.05025344533500872,51.6382867071695,5314.589006721976,5366.227293429146
0.01,2022-03-30 18:45:00+00:00,2022,2022-03,-1.0380138660101732,53.66227293429146,0.06799701510418345,-55.70218338741696,5366.227293429146,5310.525110041729
0.01,2022-04-01 17:15:00+00:00,2022,2022-04,-1.0356887937187724,50.0,0.05948132286462087,-51.78443968593862,5000.0,4948.215560314062
0.01,2022-04-06 17:35:00+00:00,2022,2022-04,0.9575894660311829,49.48215560314062,0.06995215470190966,47.38359096208333,4948.215560314062,4995.599151276145
0.01,2022-04-07 07:55:00+00:00,2022,2022-04,0.9527005720978431,49.95599151276145,0.07876299396128737,47.593101693922826,4995.599151276145,5043.192252970068
0.01,2022-04-11 17:50:00+00:00,2022,2022-04,-1.0378412469591853,50.43192252970068,0.06361356116909678,-52.34032936477359,5043.192252970068,4990.851923605294
0.01,2022-04-12 15:30:00+00:00,2022,2022-04,-1.0322798819478605,49.908519236052946,0.053701370304410294,-51.51956034518526,4990.851923605294,4939.332363260109
0.01,2022-04-21 19:00:00+00:00,2022,2022-04,-1.0412525046163528,49.39332363260109,0.06791994370569593,-51.43092194377197,4939.332363260109,4887.901441316337
0.01,2022-04-25 17:15:00+00:00,2022,2022-04,0.9597184125218199,48.87901441316337,0.0656308098310355,46.910090118232304,4887.901441316337,4934.811531434569
0.01,2022-04-29 19:05:00+00:00,2022,2022-04,0.9516708091687385,49.34811531434569,0.0794984827396705,46.96316083215558,4934.811531434569,4981.774692266724
0.01,2022-05-03 16:35:00+00:00,2022,2022-05,-0.3047398248325518,50.0,0.04507985574446129,-15.23699124162759,5000.0,4984.763008758372
0.01,2022-05-05 14:10:00+00:00,2022,2022-05,0.9512817538568599,49.847630087583724,0.08094963707530335,47.41914097532462,4984.763008758372,5032.182149733697
0.01,2022-05-05 18:50:00+00:00,2022,2022-05,0.9579014894853961,50.32182149733697,0.07061579104732212,48.20334776591731,5032.182149733697,5080.385497499614
0.01,2022-05-06 16:30:00+00:00,2022,2022-05,0.9573326831646959,50.80385497499614,0.07225547255576668,48.63619079832314,5080.385497499614,5129.021688297937
0.01,2022-05-09 16:00:00+00:00,2022,2022-05,0.9624113982959837,51.290216882979365,0.06426425112423087,49.36228934925244,5129.021688297937,5178.383977647189
0.01,2022-05-11 17:10:00+00:00,2022,2022-05,0.9705035465973731,51.783839776471886,0.05091465389919318,50.25640015949609,5178.383977647189,5228.640377806685
0.01,2022-05-12 15:10:00+00:00,2022,2022-05,-1.0357489402992697,52.286403778066855,0.06230611757085412,-54.155587305192476,5228.640377806685,5174.484790501493
0.01,2022-05-13 19:05:00+00:00,2022,2022-05,-1.028705387044302,51.74484790501493,0.049511862888732966,-53.23020379167692,5174.484790501493,5121.254586709816
0.01,2022-05-17 15:35:00+00:00,2022,2022-05,0.9606844647470707,51.212545867098164,0.06711495508100519,49.19909721466801,5121.254586709816,5170.453683924484
0.01,2022-05-18 16:05:00+00:00,2022,2022-05,0.9502275312855518,51.70453683924484,0.08578208140754498,49.131074397018494,5170.453683924484,5219.584758321503
0.01,2022-06-02 15:50:00+00:00,2022,2022-06,0.9501897533206819,50.0,0.08301707779886355,47.5094876660341,5000.0,5047.509487666034
0.01,2022-06-22 17:15:00+00:00,2022,2022-06,0.9529327386422213,50.47509487666034,0.07919081608728164,48.09937039404189,5047.509487666034,5095.608858060076
0.01,2022-06-30 17:00:00+00:00,2022,2022-06,0.9577132961478827,50.95608858060076,0.07182550090900404,48.80132355333064,5095.608858060076,5144.410181613407
0.01,2022-07-14 18:35:00+00:00,2022,2022-07,-0.3407605218504029,50.0,0.048680074550056934,-17.038026092520145,5000.0,4982.96197390748
0.01,2022-07-21 16:25:00+00:00,2022,2022-07,-1.0251205186789,49.8296197390748,0.04172486311393048,-51.08136563249272,4982.96197390748,4931.880608274987
0.01,2022-07-28 15:35:00+00:00,2022,2022-07,0.968995910412945,49.31880608274987,0.05096948940387247,47.7897214006337,4931.880608274987,4979.67032967562
0.01,2022-08-01 16:20:00+00:00,2022,2022-08,-1.0361221962295313,50.0,0.060203660382551996,-51.80610981147657,5000.0,4948.193890188523
0.01,2022-08-02 17:35:00+00:00,2022,2022-08,0.953943328362137,49.481938901885236,0.07596578040029753,47.20296548987631,4948.193890188523,4995.396855678399
0.01,2022-08-05 16:55:00+00:00,2022,2022-08,0.9678987434651013,49.95396855678399,0.05345283865258622,48.35038339720641,4995.396855678399,5043.747239075606
0.01,2022-08-10 19:30:00+00:00,2022,2022-08,-1.041332887200582,50.43747239075606,0.06949087856698635,-52.52219874776565,5043.747239075606,4991.22504032784
0.01,2022-08-12 17:05:00+00:00,2022,2022-08,-1.041369528387376,49.91225040327841,0.0688282086645416,-51.97709666321465,4991.22504032784,4939.247943664625
0.01,2022-08-26 17:55:00+00:00,2022,2022-08,0.9812899259615641,49.392479436646255,0.03080456490671915,48.46834248944468,4939.247943664625,4987.71628615407
0.01,2022-09-01 18:50:00+00:00,2022,2022-09,0.9557400889413457,50.0,0.07376651843109065,47.78700444706728,5000.0,5047.787004447067
0.01,2022-09-02 17:00:00+00:00,2022,2022-09,-0.1354061296562467,50.47787004447068,0.06270654143131191,-6.835013016012768,5047.787004447067,5040.951991431055
0.01,2022-09-22 14:10:00+00:00,2022,2022-09,-1.0448679600034183,50.40951991431055,0.07539241077689332,-52.67129223761736,5040.951991431055,4988.280699193438
0.01,2022-09-22 16:45:00+00:00,2022,2022-09,0.976672109841037,49.88280699193438,0.03878868807761986,48.719146349605786,4988.280699193438,5036.999845543043
0.01,2022-09-27 14:55:00+00:00,2022,2022-09,0.9616136874622989,50.369998455430434,0.0644506167744558,48.43647995219676,5036.999845543043,5085.4363254952395
0.01,2022-09-28 15:20:00+00:00,2022,2022-09,0.9702507437314066,50.854363254952396,0.05042931616159064,49.34148377010468,5085.4363254952395,5134.777809265344
0.01,2022-09-29 15:35:00+00:00,2022,2022-09,-1.0301993154821825,51.34777809265344,0.05168892499763801,-52.89844584258258,5134.777809265344,5081.879363422761
0.01,2022-09-29 17:45:00+00:00,2022,2022-09,0.9587069372345455,50.81879363422762,0.06994878784009466,48.72032999902478,5081.879363422761,5130.5996934217865
0.01,2022-09-30 15:55:00+00:00,2022,2022-09,-1.0404063726622028,51.305996934217866,0.06910297439766128,-53.37908616614771,5130.5996934217865,5077.220607255639
0.01,2022-09-30 16:35:00+00:00,2022,2022-09,-1.0383449585509261,50.77220607255639,0.06489527124637498,-52.719064209947646,5077.220607255639,5024.5015430456915
0.01,2022-10-05 10:20:00+00:00,2022,2022-10,0.9529306287123169,50.0,0.07844895214613838,47.64653143561585,5000.0,5047.6465314356155
0.01,2022-10-11 17:35:00+00:00,2022,2022-10,0.9531490529415696,50.476465314356155,0.07882900680465335,48.111595110216555,5047.6465314356155,5095.758126545832
0.01,2022-10-13 16:45:00+00:00,2022,2022-10,-1.0243103388398183,50.95758126545832,0.0412932022340289,-52.19637733247919,5095.758126545832,5043.561749213353
0.01,2022-10-17 17:50:00+00:00,2022,2022-10,0.9517418880411813,50.43561749213353,0.08113092252158441,48.001689816486,5043.561749213353,5091.563439029839
0.01,2022-10-19 12:00:00+00:00,2022,2022-10,0.9532512633289556,50.91563439029839,0.07934138615170779,48.535392805747165,5091.563439029839,5140.098831835587
0.01,2022-10-21 17:45:00+00:00,2022,2022-10,0.973499236525624,51.40098831835587,0.04540551445913043,50.038822884581954,5140.098831835587,5190.137654720169
0.01,2022-11-01 16:35:00+00:00,2022,2022-11,0.9506775958851028,50.0,0.08220400685816198,47.53387979425514,5000.0,5047.533879794255
0.01,2022-11-10 16:40:00+00:00,2022,2022-11,0.9706277274253107,50.47533879794255,0.04941918031576539,48.99276338846959,5047.533879794255,5096.526643182725
0.01,2022-11-15 21:15:00+00:00,2022,2022-11,0.07677781923855284,50.96526643182725,0.0403402269437896,3.913002013547518,5096.526643182725,5100.439645196272
0.01,2022-11-16 15:45:00+00:00,2022,2022-11,-1.0363737139294007,51.00439645196272,0.06184064418951438,-52.85961577764815,5100.439645196272,5047.580029418624
0.01,2022-11-17 15:05:00+00:00,2022,2022-11,-1.0411135909785023,50.475800294186236,0.06917471358692479,-52.55104170179398,5047.580029418624,4995.02898771683
0.01,2022-11-23 21:05:00+00:00,2022,2022-11,0.12804523156232872,49.9502898771683,0.05814451303569937,6.39589643392746,4995.02898771683,5001.424884150757
0.01,2022-12-20 05:05:00+00:00,2022,2022-12,0.9589675452822449,50.0,0.06838742452959179,47.948377264112246,5000.0,5047.948377264112
0.01,2022-12-30 17:40:00+00:00,2022,2022-12,-1.0455798406876042,50.479483772641125,0.07669489427831602,-52.78033060099061,5047.948377264112,4995.1680466631215
0.01,2023-01-04 21:20:00+00:00,2023,2023-01,0.9505905604442143,50.0,0.08234906592630944,47.52952802221071,5000.0,5047.529528022211
0.01,2023-01-05 18:55:00+00:00,2023,2023-01,-1.0462769122281244,50.475295280222106,0.07786136031238333,-52.8111360895936,5047.529528022211,4994.718391932617
0.01,2023-01-12 15:35:00+00:00,2023,2023-01,0.6997630859906975,49.94718391932617,0.028861433159317128,34.95119555593262,4994.718391932617,5029.66958748855
0.01,2023-01-20 11:50:00+00:00,2023,2023-01,0.9583143101018309,50.2966958748855,0.06988841557143338,48.2000434077425,5029.66958748855,5077.869630896293
0.01,2023-01-20 18:05:00+00:00,2023,2023-01,0.9564279193294053,50.77869630896293,0.07375111506405879,48.566162857041164,5077.869630896293,5126.435793753334
0.01,2023-01-23 17:00:00+00:00,2023,2023-01,-1.04579353656941,51.26435793753334,0.07825254166399184,-53.611934187453095,5126.435793753334,5072.823859565881
0.01,2023-01-24 17:15:00+00:00,2023,2023-01,0.9683415494550223,50.728238595658816,0.05353258109381661,49.12226116284432,5072.823859565881,5121.946120728726
0.01,2023-01-27 15:35:00+00:00,2023,2023-01,-1.0447598951339587,51.21946120728726,0.0764192570818682,-53.512038919743304,5121.946120728726,5068.434081808982
0.01,2023-01-27 19:40:00+00:00,2023,2023-01,-1.0495142884089397,50.68434081808982,0.08365330230279658,-53.19393988717371,5068.434081808982,5015.240141921809
0.01,2023-01-31 15:20:00+00:00,2023,2023-01,-1.034105858087149,50.15240141921809,0.057016356184452804,-51.862892104751666,5015.240141921809,4963.3772498170565
0.01,2023-02-07 10:10:00+00:00,2023,2023-02,0.9546240276577359,50.0,0.0756266205704401,47.731201382886795,5000.0,5047.731201382887
0.01,2023-02-10 10:40:00+00:00,2023,2023-02,0.9600563015939438,50.47731201382887,0.06720835091429254,48.4610614864001,5047.731201382887,5096.192262869287
0.01,2023-02-10 17:25:00+00:00,2023,2023-02,0.952986478015581,50.961922628692875,0.07986331566241037,48.56602315882056,5096.192262869287,5144.758286028108
0.01,2023-02-14 15:35:00+00:00,2023,2023-02,-1.0242211739195624,51.44758286028108,0.041537361739998814,-52.693703712481046,5144.758286028108,5092.064582315627
0.01,2023-02-14 17:40:00+00:00,2023,2023-02,0.9722490188045932,50.92064582315628,0.04710326282321266,49.5075479384599,5092.064582315627,5141.572130254087
0.01,2023-02-21 16:50:00+00:00,2023,2023-02,-1.0394292151708602,51.415721302540874,0.06757605128009533,-53.443002840943734,5141.572130254087,5088.129127413144
0.01,2023-02-23 16:35:00+00:00,2023,2023-02,0.95221843003413,50.881291274131435,0.08103959929895742,48.45010329516271,5088.129127413144,5136.579230708307
0.01,2023-02-24 16:45:00+00:00,2023,2023-02,-1.0355269835899168,51.36579230708307,0.06082905534589375,-53.190663967459884,5136.579230708307,5083.388566740847
0.01,2023-03-01 17:20:00+00:00,2023,2023-03,-1.0359928014397108,50.0,0.059988002399518195,-51.79964007198554,5000.0,4948.200359928014
0.01,2023-03-13 16:10:00+00:00,2023,2023-03,0.9674231729829509,49.48200359928014,0.05373222239035839,47.87003692756939,4948.200359928014,4996.070396855584
0.01,2023-03-15 16:10:00+00:00,2023,2023-03,-1.030087253033798,49.96070396855583,0.050106011401620514,-51.46388431060444,4996.070396855584,4944.6065125449795
0.01,2023-03-16 10:15:00+00:00,2023,2023-03,0.9609926443272147,49.4460651254498,0.06429200829893755,47.517304876481674,4944.6065125449795,4992.123817421461
0.01,2023-03-20 13:30:00+00:00,2023,2023-03,0.9635770778409875,49.921238174214615,0.06060924573669813,48.10296080211367,4992.123817421461,5040.226778223575
0.01,2023-03-21 09:55:00+00:00,2023,2023-03,0.9512047772846618,50.402267782235754,0.08197966272641026,47.94287790044344,5040.226778223575,5088.169656124019
0.01,2023-03-21 14:45:00+00:00,2023,2023-03,0.9547404038880141,50.88169656124019,0.07676283452847851,48.57881152538584,5088.169656124019,5136.748467649404
0.01,2023-03-22 17:25:00+00:00,2023,2023-03,-1.0447560793674475,51.367484676494044,0.07663357403624382,-53.66649189758136,5136.748467649404,5083.081975751823
0.01,2023-03-23 15:00:00+00:00,2023,2023-03,0.9517385608898487,50.83081975751823,0.08177228375488477,48.377651244871686,5083.081975751823,5131.459626996695
0.01,2023-03-24 11:20:00+00:00,2023,2023-03,0.9602219991286716,51.314596269966955,0.06803973517128703,49.273404214828346,5131.459626996695,5180.733031211524
0.01,2023-03-24 18:25:00+00:00,2023,2023-03,0.9582072918325095,51.80733031211524,0.07217228788903396,49.64216167544423,5180.733031211524,5230.375192886968
0.01,2023-03-27 12:25:00+00:00,2023,2023-03,0.9698726041547119,52.30375192886968,0.05252586128516023,50.72797609031487,5230.375192886968,5281.103168977283
0.01,2023-03-28 12:15:00+00:00,2023,2023-03,0.9533063547827643,52.811031689772825,0.08219798590928155,50.34509211249438,5281.103168977283,5331.448261089777
0.01,2023-04-05 17:10:00+00:00,2023,2023-04,0.9649128669529332,50.0,0.0584785550784447,48.24564334764666,5000.0,5048.245643347646
0.01,2023-04-13 17:40:00+00:00,2023,2023-04,0.9711292584343807,50.482456433476464,0.04858219844295118,49.02499048018793,5048.245643347646,5097.270633827834
0.01,2023-04-17 19:40:00+00:00,2023,2023-04,0.9623318385650227,50.97270633827834,0.06400160437093193,49.05265820715038,5097.270633827834,5146.323292034985
0.01,2023-04-20 04:30:00+00:00,2023,2023-04,0.9552324713807595,51.463232920349846,0.07679605842001345,49.15935116774944,5146.323292034985,5195.482643202734
0.01,2023-04-21 16:50:00+00:00,2023,2023-04,-0.2864790726484399,51.95482643202734,0.026817964857401528,-14.883970495857847,5195.482643202734,5180.598672706876
0.01,2023-04-26 17:25:00+00:00,2023,2023-04,-1.0350953423467093,51.805986727068756,0.060604961326518415,-53.62413556686431,5180.598672706876,5126.974537140011
0.01,2023-04-27 15:35:00+00:00,2023,2023-04,0.9664745605772763,51.26974537140011,0.057294691422244734,49.55090462873277,5126.974537140011,5176.525441768744
0.01,2023-04-27 16:35:00+00:00,2023,2023-04,-1.0391367550039141,51.76525441768744,0.06753080266201048,-53.791178497547754,5176.525441768744,5122.734263271196
0.01,2023-04-27 17:55:00+00:00,2023,2023-04,0.9682630839214741,51.22734263271196,0.05419326246867577,49.601544758651684,5122.734263271196,5172.335808029848
0.01,2023-04-28 16:30:00+00:00,2023,2023-04,0.9768928598937071,51.723358080298475,0.03983929606431386,50.52817919836906,5172.335808029848,5222.8639872282165
0.01,2023-05-04 10:55:00+00:00,2023,2023-05,0.9536014140521432,50.0,0.07733097657976139,47.68007070260716,5000.0,5047.680070702607
0.01,2023-05-04 18:45:00+00:00,2023,2023-05,-1.0339147286821693,50.47680070702607,0.05706356669075729,-52.18870770774879,5047.680070702607,4995.491362994858
0.01,2023-05-04 19:20:00+00:00,2023,2023-05,0.9702013537099309,49.95491362994858,0.0496196267236597,48.46632482823879,4995.491362994858,5043.957687823096
0.01,2023-05-10 15:30:00+00:00,2023,2023-05,0.950353436251448,50.439576878230966,0.0834717222978361,47.93542520929588,5043.957687823096,5091.893113032393
0.01,2023-05-17 18:25:00+00:00,2023,2023-05,-1.0424722918857694,50.91893113032393,0.07208812351595027,-53.081574835802435,5091.893113032393,5038.81153819659
0.01,2023-05-22 15:35:00+00:00,2023,2023-05,-1.0380276334136145,50.3881153819659,0.0638713593382768,-52.304256162114214,5038.81153819659,4986.507282034476
0.01,2023-05-24 17:40:00+00:00,2023,2023-05,-1.044557606619988,49.86507282034476,0.07406227662686594,-52.08694111915073,4986.507282034476,4934.420340915325
0.01,2023-06-01 17:10:00+00:00,2023,2023-06,0.9546818015062895,50.0,0.07553033082285095,47.73409007531447,5000.0,5047.734090075314
0.01,2023-06-02 16:35:00+00:00,2023,2023-06,-1.0438065835036918,50.47734090075314,0.07370799497377194,-52.6885807499663,5047.734090075314,4995.045509325348
0.01,2023-06-16 18:20:00+00:00,2023,2023-06,-1.0371582765637446,49.95045509325348,0.06186909416133405,-51.8065279180935,4995.045509325348,4943.238981407254
0.01,2023-06-21 18:30:00+00:00,2023,2023-06,-1.0431061025925237,49.43238981407254,0.07102792222396778,-51.563227480791575,4943.238981407254,4891.675753926463
0.01,2023-06-22 16:50:00+00:00,2023,2023-06,-1.0397923219767307,48.91675753926463,0.06488371220200291,-50.863268905324716,4891.675753926463,4840.812485021138
0.01,2023-06-30 17:05:00+00:00,2023,2023-06,0.956371795404495,48.40812485021138,0.07039865250165911,46.296165275161606,4840.812485021138,4887.1086502963
0.01,2023-07-14 17:05:00+00:00,2023,2023-07,0.10497713369364352,50.0,0.05196887806616296,5.248856684682176,5000.0,5005.248856684682
0.01,2023-07-20 16:25:00+00:00,2023,2023-07,-1.0458375169162264,50.052488566846826,0.07647605971273566,-52.346770358228895,5005.248856684682,4952.902086326453
0.01,2023-07-25 16:05:00+00:00,2023,2023-07,-1.0454338936846883,49.529020863264535,0.07500987560694236,-51.7793171314728,4952.902086326453,4901.122769194981
0.01,2023-07-25 17:15:00+00:00,2023,2023-07,0.9576065891472857,49.011227691949806,0.06925843706469188,46.93347458000905,4901.122769194981,4948.0562437749895
0.01,2023-08-03 17:05:00+00:00,2023,2023-08,-1.0494408475573873,50.0,0.08240141259564555,-52.472042377869364,5000.0,4947.527957622131
0.01,2023-08-04 17:50:00+00:00,2023,2023-08,0.9570244551314853,49.47527957622131,0.07087423657700691,47.349052478911105,4947.527957622131,4994.877010101042
0.01,2023-10-02 18:40:00+00:00,2023,2023-10,-1.0488269896998297,50.0,0.08137831616638289,-52.441349484991484,5000.0,4947.558650515009
0.01,2023-10-16 15:45:00+00:00,2023,2023-10,-1.0355149670218164,49.47558650515009,0.058570794103847905,-51.232710328265526,4947.558650515009,4896.325940186743
0.01,2023-10-24 14:50:00+00:00,2023,2023-10,0.9703891708967852,48.963259401867425,0.048328090216168997,47.513416695382354,4896.325940186743,4943.839356882125
0.01,2023-10-25 20:10:00+00:00,2023,2023-10,0.3151232060655372,49.43839356882125,0.02928418248897827,15.579185084136785,4943.839356882125,4959.418541966262
0.01,2023-10-27 15:55:00+00:00,2023,2023-10,-1.0391776426252746,49.594185419662615,0.06476610908877156,-51.53716869232576,4959.418541966262,4907.881373273936
0.01,2023-10-27 17:10:00+00:00,2023,2023-10,0.9669998114274932,49.07881373273936,0.053987003603177736,47.45920362464403,4907.881373273936,4955.34057689858
0.01,2023-10-30 16:05:00+00:00,2023,2023-10,-1.0486032355868264,49.553405768985805,0.08028186182398722,-51.961861623705424,4955.34057689858,4903.378715274875
0.01,2023-11-03 15:40:00+00:00,2023,2023-11,-1.0289423633506989,50.0,0.04823727225116474,-51.447118167534946,5000.0,4948.552881832465
0.01,2023-11-15 17:50:00+00:00,2023,2023-11,0.964050329538646,49.485528818324646,0.059299615120820236,47.70654036470004,4948.552881832465,4996.259422197165
0.01,2023-11-21 16:30:00+00:00,2023,2023-11,-1.0374191479125463,49.96259422197165,0.06231859010954968,-51.83215192525814,4996.259422197165,4944.427270271906
0.01,2023-11-30 17:10:00+00:00,2023,2023-11,-1.0481960892316187,49.44427270271906,0.079434019305758,-51.8272932818918,4944.427270271906,4892.5999769900145
0.01,2023-12-04 12:35:00+00:00,2023,2023-12,-1.027354791647671,50.0,0.04559131941278529,-51.36773958238356,5000.0,4948.632260417617
0.01,2023-12-08 17:20:00+00:00,2023,2023-12,-1.0269075533346146,49.486322604176166,0.04438519549352717,-50.81787846898198,4948.632260417617,4897.814381948635
0.01,2023-12-21 16:50:00+00:00,2023,2023-12,0.9681485189061291,48.97814381948635,0.05200088072930873,47.41811739760709,4897.814381948635,4945.232499346242
0.01,2023-12-26 16:40:00+00:00,2023,2023-12,-1.0397230734309397,49.45232499346242,0.06547994456819997,-51.416723330508425,4945.232499346242,4893.815776015733
0.01,2024-01-25 15:35:00+00:00,2024,2024-01,0.9537821599137266,50.0,0.07702973347712234,47.68910799568633,5000.0,5047.689107995687
0.01,2024-02-07 18:00:00+00:00,2024,2024-02,0.955093661791122,50.0,0.07484389701479678,47.754683089556096,5000.0,5047.754683089556
0.01,2024-03-04 19:05:00+00:00,2024,2024-03,0.9679418679204949,50.0,0.053430220132508546,48.397093396024744,5000.0,5048.3970933960245
0.01,2024-03-08 15:35:00+00:00,2024,2024-03,0.19001331385804848,50.483970933960244,0.022839587175893298,9.592626613875185,5048.3970933960245,5057.989720009899
0.01,2024-03-08 16:45:00+00:00,2024,2024-03,0.9518602572037698,50.579897200099,0.08116344139575114,48.144993958226465,5057.989720009899,5106.134713968126
0.01,2024-03-12 14:55:00+00:00,2024,2024-03,0.967296851153953,51.06134713968126,0.055662227859622396,49.39148030389259,5106.134713968126,5155.526194272018
0.01,2024-03-15 16:50:00+00:00,2024,2024-03,-1.0389004149377616,51.55526194272018,0.06685070272656028,-53.56078302451699,5155.526194272018,5101.965411247501
0.01,2024-03-21 11:10:00+00:00,2024,2024-03,-1.0287521564117317,51.01965411247501,0.04889750250381088,-52.48657918758934,5101.965411247501,5049.478832059912
0.01,2024-03-21 11:25:00+00:00,2024,2024-03,-1.0369120438726012,50.49478832059912,0.062128861394255386,-52.35865416242678,5049.478832059912,4997.120177897485
0.01,2024-03-26 19:45:00+00:00,2024,2024-03,-1.0457297156047205,49.971201778974844,0.07617229485928755,-52.256370624753465,4997.120177897485,4944.863807272731
0.01,2024-04-03 17:20:00+00:00,2024,2024-04,0.9517751343406949,50.0,0.0803747760988417,47.58875671703475,5000.0,5047.588756717035
0.01,2024-04-09 06:10:00+00:00,2024,2024-04,0.9599839935974406,50.475887567170346,0.06732811466875863,48.45604412710759,5047.588756717035,5096.044800844143
0.01,2024-04-10 17:10:00+00:00,2024,2024-04,-0.19782011938922853,50.960448008441425,0.022204850020173878,-10.081001909158456,5096.044800844143,5085.963798934984
0.01,2024-04-11 13:20:00+00:00,2024,2024-04,0.9508737455260042,50.85963798934984,0.08328478394400338,48.36109447102974,5085.963798934984,5134.324893406014
0.01,2024-04-12 16:50:00+00:00,2024,2024-04,0.9675625579240031,51.34324893406014,0.05551478877640211,49.677805270768076,5134.324893406014,5184.002698676782
0.01,2024-04-15 10:10:00+00:00,2024,2024-04,0.9604273842500997,51.84002698676782,0.06838151561372764,49.78858151835599,5184.002698676782,5233.791280195138
0.01,2024-04-15 12:25:00+00:00,2024,2024-04,-1.038190845108841,52.33791280195138,0.06662763737131175,-54.33674192309074,5233.791280195138,5179.454538272047
0.01,2024-04-16 11:20:00+00:00,2024,2024-04,0.9549491569056533,51.79454538272047,0.07777959790599859,49.461157445540515,5179.454538272047,5228.915695717587
0.01,2024-04-17 18:50:00+00:00,2024,2024-04,-1.0302672162808792,52.28915695717588,0.05275490742558964,-53.87180417994356,5228.915695717587,5175.0438915376435
0.01,2024-04-18 18:55:00+00:00,2024,2024-04,0.977711028795229,51.750438915376435,0.038448801427303,50.59697487255735,5175.0438915376435,5225.640866410201
0.01,2024-04-19 06:00:00+00:00,2024,2024-04,0.9805999242473233,52.25640866410201,0.033792609554880185,51.242630377455605,5225.640866410201,5276.883496787656
0.01,2024-04-19 12:15:00+00:00,2024,2024-04,0.9529717382541332,52.768834967876565,0.08272088609645825,50.28720838498282,5276.883496787656,5327.170705172639
0.01,2024-04-19 20:30:00+00:00,2024,2024-04,0.9749710975769633,53.27170705172639,0.04444441192354191,51.93837469402013,5327.170705172639,5379.109079866659
0.01,2024-04-22 18:05:00+00:00,2024,2024-04,0.963454108802337,53.791090798666595,0.06552811172438952,51.82524744693491,5379.109079866659,5430.934327313594
0.01,2024-04-22 20:15:00+00:00,2024,2024-04,0.9595149505504021,54.30934327313594,0.0732905482662697,52.11062682514785,5430.934327313594,5483.044954138742
0.01,2024-04-23 14:05:00+00:00,2024,2024-04,-1.0348987934988547,54.830449541387416,0.06378388453314165,-56.74396607738167,5483.044954138742,5426.30098806136
0.01,2024-04-23 18:05:00+00:00,2024,2024-04,-1.0187813581605,54.2630098806136,0.03397110078115186,-55.28214290404816,5426.30098806136,5371.018845157312
0.01,2024-04-23 18:15:00+00:00,2024,2024-04,0.9685624036287983,53.710188451573124,0.05628397418539111,52.02166922601139,5371.018845157312,5423.040514383323
0.01,2024-04-24 16:20:00+00:00,2024,2024-04,-1.0310182860181372,54.23040514383323,0.05607114058769588,-55.912539361464106,5423.040514383323,5367.127975021859
0.01,2024-04-24 20:30:00+00:00,2024,2024-04,0.9692618451675241,53.671279750218595,0.05499187023397816,52.021523643199245,5367.127975021859,5419.149498665059
0.01,2024-04-25 16:45:00+00:00,2024,2024-04,0.9770348741839174,54.19149498665059,0.04148381668433459,52.94698048612055,5419.149498665059,5472.09647915118
0.01,2024-04-26 17:05:00+00:00,2024,2024-04,-1.026662603793708,54.7209647915118,0.04863344678151753,-56.179968194957326,5472.09647915118,5415.916510956223
0.01,2024-04-26 18:05:00+00:00,2024,2024-04,-1.0301758822853204,54.15916510956223,0.054476686367246244,-55.79346570057962,5415.916510956223,5360.123045255643
0.01,2024-04-26 19:25:00+00:00,2024,2024-04,0.9683047573049988,53.60123045255643,0.05663013359814897,51.902326444611965,5360.123045255643,5412.025371700255
0.01,2024-04-29 17:35:00+00:00,2024,2024-04,-1.0224203277638397,54.120253717002555,0.04044646089991196,-55.333647543999916,5412.025371700255,5356.691724156255
0.01,2024-04-30 18:35:00+00:00,2024,2024-04,0.9700854700854702,53.56691724156255,0.05341430494172883,51.964488093310685,5356.691724156255,5408.656212249566
0.01,2024-05-03 17:15:00+00:00,2024,2024-05,-1.0147077362692778,50.0,0.02451289378212953,-50.73538681346389,5000.0,4949.264613186536
0.01,2024-05-06 19:30:00+00:00,2024,2024-05,0.9520755836509237,49.49264613186536,0.0790635393147006,47.120739952424344,4949.264613186536,4996.38535313896
0.01,2024-05-09 16:35:00+00:00,2024,2024-05,0.9687736985323626,49.9638535313896,0.05200621176186828,48.40366717853355,4996.38535313896,5044.789020317494
0.01,2024-05-13 17:10:00+00:00,2024,2024-05,0.9607491308736115,50.44789020317494,0.06600411786890788,48.4677666671077,5044.789020317494,5093.256786984602
0.01,2024-05-14 15:40:00+00:00,2024,2024-05,0.9597415792803324,50.93256786984602,0.06834882485457607,48.88210312420873,5093.256786984602,5142.13889010881
0.01,2024-05-15 15:35:00+00:00,2024,2024-05,-1.020607630711258,51.42138890108811,0.03532243310445321,-52.48106189422171,5142.13889010881,5089.657828214588
0.01,2024-05-16 08:50:00+00:00,2024,2024-05,0.953654661016951,50.89657828214588,0.07862730578544484,48.53775910858254,5089.657828214588,5138.195587323171
0.01,2024-05-16 17:00:00+00:00,2024,2024-05,-1.0474233322794813,51.38195587323171,0.08122345221819717,-53.81865943977762,5138.195587323171,5084.376927883393
0.01,2024-05-17 18:55:00+00:00,2024,2024-05,0.9702591700892234,50.84376927883393,0.050404529804819104,49.33163338468936,5084.376927883393,5133.708561268083
0.01,2024-05-20 20:05:00+00:00,2024,2024-05,0.967005514792526,51.33708561268083,0.05646135706141398,49.64324490083841,5133.708561268083,5183.351806168921
0.01,2024-05-21 15:45:00+00:00,2024,2024-05,-1.0386889957442118,51.83351806168921,0.06684622532320726,-53.838904821385434,5183.351806168921,5129.512901347535
0.01,2024-05-23 04:15:00+00:00,2024,2024-05,0.9651214934644313,51.29512901347535,0.05963658308464459,49.50603152093601,5129.512901347535,5179.018932868471
0.01,2024-05-23 16:05:00+00:00,2024,2024-05,-1.0445434298440972,51.79018932868471,0.07689708883249255,-54.09710199365949,5179.018932868471,5124.921830874811
0.01,2024-05-28 18:05:00+00:00,2024,2024-05,0.9716862840270195,51.24921830874811,0.04836852703437221,49.798162497716945,5124.921830874811,5174.719993372529
0.01,2024-06-03 17:25:00+00:00,2024,2024-06,0.9647355163727955,50.0,0.0587741393786741,48.23677581863978,5000.0,5048.23677581864
0.01,2024-06-06 07:50:00+00:00,2024,2024-06,0.9529559353928176,50.4823677581864,0.07916319234465544,48.107471987846736,5048.23677581864,5096.344247806487
0.01,2024-06-06 15:40:00+00:00,2024,2024-06,-1.0485919892634832,50.96344247806487,0.0825471683241423,-53.439857527789144,5096.344247806487,5042.904390278698
0.01,2024-06-07 17:40:00+00:00,2024,2024-06,-1.019625251156488,50.42904390278698,0.032989421739125134,-51.418726554960735,5042.904390278698,4991.485663723737
0.01,2024-06-07 20:55:00+00:00,2024,2024-06,0.9617639561560031,49.91485663723737,0.06361822156160764,48.00630999038914,4991.485663723737,5039.491973714126
0.01,2024-06-10 10:30:00+00:00,2024,2024-06,0.9637105135826363,50.394919737141265,0.06096019184350405,48.56611398183614,5039.491973714126,5088.058087695962
0.01,2024-06-11 10:05:00+00:00,2024,2024-06,0.953809607601616,50.88058087695962,0.07833979987214922,48.53038688079514,5088.058087695962,5136.588474576757
0.01,2024-06-13 05:50:00+00:00,2024,2024-06,-1.0436908353271614,51.36588474576757,0.07480728039537626,-53.610103157628856,5136.588474576757,5082.978371419128
0.01,2024-06-13 17:25:00+00:00,2024,2024-06,-1.0429474200871232,50.82978371419128,0.07276693580369949,-53.012791788302266,5082.978371419128,5029.965579630826
0.01,2024-06-14 15:25:00+00:00,2024,2024-06,0.9623230529091983,50.299655796308265,0.06317124900410144,48.40451832618522,5029.965579630826,5078.370097957011
0.01,2024-06-20 15:40:00+00:00,2024,2024-06,-1.0402599643411754,50.78370097957011,0.06815166635168031,-52.82825097012052,5078.370097957011,5025.541846986891
0.01,2024-06-20 16:50:00+00:00,2024,2024-06,0.9710879202577302,50.255418469868914,0.04843295554273298,48.802429803586925,5025.541846986891,5074.344276790478
0.01,2024-06-25 17:10:00+00:00,2024,2024-06,-1.0489773071810051,50.74344276790478,0.08284257279551423,-53.22871995177021,5074.344276790478,5021.115556838708
0.01,2024-06-27 17:20:00+00:00,2024,2024-06,0.9531459170013383,50.21115556838708,0.07841992168199728,47.85855791792716,5021.115556838708,5068.974114756635
0.01,2024-07-01 11:30:00+00:00,2024,2024-07,0.9534966118960085,50.0,0.07750564683998579,47.674830594800426,5000.0,5047.6748305948
0.01,2024-07-05 15:35:00+00:00,2024,2024-07,0.9736940999624204,50.47674830594801,0.04426120983861109,49.14891201078967,5047.6748305948,5096.82374260559
0.01,2024-07-09 17:05:00+00:00,2024,2024-07,0.96292045554869,50.96823742605591,0.06299596750814539,49.078358400811545,5096.82374260559,5145.902101006402
0.01,2024-07-09 17:30:00+00:00,2024,2024-07,-1.041899441340783,51.45902101006402,0.07187014107550987,-53.61512524232931,5145.902101006402,5092.286975764072
0.01,2024-07-09 19:55:00+00:00,2024,2024-07,0.961462232988328,50.92286975764072,0.06541512300952246,48.96041606735504,5092.286975764072,5141.247391831427
0.01,2024-07-17 06:40:00+00:00,2024,2024-07,-1.039238401315422,51.41247391831428,0.06724477614084916,-53.42981720253975,5141.247391831427,5087.817574628887
0.01,2024-07-19 17:05:00+00:00,2024,2024-07,-1.0444303395747396,50.878175746288875,0.07535115417836313,-53.138710371639775,5087.817574628887,5034.678864257247
0.01,2024-07-19 18:05:00+00:00,2024,2024-07,0.9649573647938331,50.34678864257248,0.05880947160678846,48.58250449436882,5034.678864257247,5083.261368751616
0.01,2024-07-24 05:20:00+00:00,2024,2024-07,0.9660518275432857,50.83261368751616,0.05752247786297794,49.10693935162682,5083.261368751616,5132.368308103243
0.01,2024-07-24 17:55:00+00:00,2024,2024-07,-1.0225881745528078,51.323683081032435,0.03864361040424497,-52.482991393159786,5132.368308103243,5079.885316710083
0.01,2024-07-25 17:25:00+00:00,2024,2024-07,0.964563540945985,50.79885316710084,0.06000438267489636,48.99872168685395,5079.885316710083,5128.884038396937
0.01,2024-07-25 20:05:00+00:00,2024,2024-07,-1.0426049908703583,51.28884038396937,0.07283868587700938,-53.47400096027965,5128.884038396937,5075.410037436658
0.01,2024-07-26 11:00:00+00:00,2024,2024-07,0.9549762017066153,50.75410037436658,0.07617141259392271,48.4689579965489,5075.410037436658,5123.878995433207
0.01,2024-07-26 16:15:00+00:00,2024,2024-07,0.9513257926942295,51.23878995433207,0.08313358281113313,48.74478246999808,5123.878995433207,5172.623777903205
0.01,2024-07-26 16:55:00+00:00,2024,2024-07,0.9551913967481757,51.726237779032054,0.0772593488783392,49.40845731268188,5172.623777903205,5222.032235215887
0.01,2024-07-29 12:30:00+00:00,2024,2024-07,-1.0490677134445532,52.220322352158874,0.08541106043859764,-54.7826541653168,5222.032235215887,5167.249581050571
0.01,2024-07-29 17:30:00+00:00,2024,2024-07,0.9520482257843539,51.67249581050571,0.08259292840880966,49.194707958241416,5167.249581050571,5216.444289008812
0.01,2024-08-01 17:50:00+00:00,2024,2024-08,0.9670743179680145,50.0,0.05487613671997592,48.35371589840072,5000.0,5048.353715898401
0.01,2024-08-02 04:45:00+00:00,2024,2024-08,0.9715912934078279,50.48353715898401,0.047805733162819795,49.04936516409941,5048.353715898401,5097.4030810625
0.01,2024-08-02 05:20:00+00:00,2024,2024-08,0.9818115678428521,50.974030810625,0.03090459003918065,50.046893109449584,5097.4030810625,5147.449974171949
0.01,2024-08-02 07:00:00+00:00,2024,2024-08,0.9552401048660382,51.47449974171949,0.07679977368375025,49.17050653120698,5147.449974171949,5196.620480703156
0.01,2024-08-05 05:05:00+00:00,2024,2024-08,-1.042889528827889,51.966204807031566,0.07429353463823896,-54.19501084617873,5196.620480703156,5142.4254698569775
0.01,2024-08-05 16:40:00+00:00,2024,2024-08,-0.02429660794108759,51.424254698569776,0.01893083265264244,-1.2494349550737813,5142.4254698569775,5141.176034901904
0.01,2024-08-06 17:05:00+00:00,2024,2024-08,-1.0261135566664181,51.41176034901904,0.044751463906480486,-52.75430426621346,5141.176034901904,5088.42173063569
0.01,2024-08-07 17:45:00+00:00,2024,2024-08,0.9565846599131684,50.8842173063569,0.07363851998025756,48.67506170694918,5088.42173063569,5137.09679234264
0.01,2024-08-07 20:10:00+00:00,2024,2024-08,0.9546592970031971,51.3709679234264,0.07763985997581228,49.04177212415203,5137.09679234264,5186.138564466792
0.01,2024-08-08 18:25:00+00:00,2024,2024-08,0.9594296974614583,51.86138564466792,0.07013440352240528,49.75735353899576,5186.138564466792,5235.895918005787
0.01,2024-08-08 20:15:00+00:00,2024,2024-08,0.970415868364701,52.35895918005787,0.05163314468900277,50.80996483938779,5235.895918005787,5286.705882845175
0.01,2024-08-13 08:35:00+00:00,2024,2024-08,0.9605722654049796,52.86705882845175,0.0694809454769175,50.782630464144226,5286.705882845175,5337.488513309319
0.01,2024-08-13 17:35:00+00:00,2024,2024-08,-1.031447011785143,53.374885133093194,0.05594935472703471,-55.053365774904236,5337.488513309319,5282.435147534416
0.01,2024-08-14 15:40:00+00:00,2024,2024-08,-1.0383239652529384,52.82435147534416,0.06748128701500297,-54.84879008579425,5282.435147534416,5227.586357448621
0.01,2024-08-15 17:35:00+00:00,2024,2024-08,0.974701538387404,52.27586357448621,0.04408329759681473,50.95336464658177,5227.586357448621,5278.539722095203
0.01,2024-08-20 19:15:00+00:00,2024,2024-08,0.9654298225397553,52.78539722095203,0.06082668497459407,50.96059667171421,5278.539722095203,5329.500318766917
0.01,2024-08-20 20:35:00+00:00,2024,2024-08,0.9524068534131073,53.295003187669174,0.08454922996865508,50.75852628860952,5329.500318766917,5380.258845055527
0.01,2024-08-21 10:35:00+00:00,2024,2024-08,0.9618860938691056,53.80258845055527,0.0683542268601202,51.75196164475167,5380.258845055527,5432.010806700278
0.01,2024-08-22 20:35:00+00:00,2024,2024-08,0.9551176558592833,54.320108067002785,0.08126712613413789,51.88209428297865,5432.010806700278,5483.892900983257
0.01,2024-08-27 17:05:00+00:00,2024,2024-08,0.9682798622439716,54.838929009832576,0.05798327941949853,53.09943062724762,5483.892900983257,5536.992331610505
0.01,2024-08-28 16:05:00+00:00,2024,2024-08,0.9562964350377723,55.36992331610505,0.08066210135329877,52.95006027550609,5536.992331610505,5589.942391886011
0.01,2024-08-30 18:45:00+00:00,2024,2024-08,0.9628601241532994,55.899423918860116,0.0692032554749518,53.823326254611565,5589.942391886011,5643.765718140623
0.01,2024-09-04 17:25:00+00:00,2024,2024-09,0.9586955666574866,50.0,0.0688407222375225,47.93477833287433,5000.0,5047.934778332874
0.01,2024-09-10 17:40:00+00:00,2024,2024-09,0.9545710206377405,50.47934778332874,0.07644084162230542,48.18612253465958,5047.934778332874,5096.120900867533
0.01,2024-09-11 16:05:00+00:00,2024,2024-09,0.9696105813061676,50.96120900867533,0.0516227172569513,49.412527490966795,5096.120900867533,5145.5334283585
0.01,2024-09-12 18:25:00+00:00,2024,2024-09,0.9704483408854238,51.455334283584996,0.05068634994583572,49.934743785209925,5145.5334283585,5195.46817214371
0.01,2024-09-19 16:10:00+00:00,2024,2024-09,-1.0336846157547768,51.954681721437105,0.05833578301494451,-53.704755211885434,5195.46817214371,5141.763416931824
0.01,2024-09-24 10:50:00+00:00,2024,2024-09,0.963744345844412,51.41763416931825,0.0621393320647115,49.5534542073769,5141.763416931824,5191.316871139201
0.01,2024-09-24 17:40:00+00:00,2024,2024-09,0.9643166641178562,51.91316871139201,0.061747834527833306,50.06073367555701,5191.316871139201,5241.377604814758
0.01,2024-09-25 20:10:00+00:00,2024,2024-09,-1.0473591628704157,52.41377604814758,0.08274241855059053,-54.8960486046653,5241.377604814758,5186.481556210093
0.01,2024-09-26 15:50:00+00:00,2024,2024-09,-1.032934460423757,51.86481556210093,0.056937990517182305,-53.572955277616394,5186.481556210093,5132.9086009324765
0.01,2024-09-26 19:50:00+00:00,2024,2024-09,0.9597600935098758,51.32908600932477,0.06884925404129244,49.263608388086,5132.9086009324765,5182.172209320563
0.01,2024-09-30 14:50:00+00:00,2024,2024-09,-1.0414372817143198,51.82172209320563,0.07157837657657846,-53.969073390502984,5182.172209320563,5128.20313593006
0.01,2024-09-30 20:50:00+00:00,2024,2024-09,-1.0480747218533957,51.2820313593006,0.08217897978918312,-53.74740075297609,5128.20313593006,5074.455735177084
0.01,2024-10-01 18:45:00+00:00,2024,2024-10,-1.024208329971065,50.0,0.040347216618441366,-51.21041649855324,5000.0,4948.789583501447
0.01,2024-10-02 16:05:00+00:00,2024,2024-10,0.9672443106487185,49.48789583501447,0.05403367142067694,47.866885692394156,4948.789583501447,4996.656469193841
0.01,2024-10-02 19:20:00+00:00,2024,2024-10,0.9719858061417785,49.96656469193841,0.046659100990310946,48.566791662229086,4996.656469193841,5045.22326085607
0.01,2024-10-04 17:40:00+00:00,2024,2024-10,-0.09165587716794757,50.4522326085607,0.02583376332301409,-4.624243634818958,5045.22326085607,5040.5990172212505
0.01,2024-10-09 10:20:00+00:00,2024,2024-10,0.9618577110994057,50.405990172212505,0.06408666131563504,48.483390332743454,5040.5990172212505,5089.082407553994
0.01,2024-10-11 16:05:00+00:00,2024,2024-10,0.9586597897555009,50.89082407553994,0.07012791222662126,48.7869867087413,5089.082407553994,5137.869394262735
0.01,2024-10-11 17:25:00+00:00,2024,2024-10,0.9559462124231688,51.37869394262735,0.07544753563078428,49.11526787370382,5137.869394262735,5186.984662136439
0.01,2024-10-15 16:25:00+00:00,2024,2024-10,0.9537251272558981,51.86984662136439,0.08000901838865745,49.469576069704665,5186.984662136439,5236.454238206144
0.01,2024-10-17 18:30:00+00:00,2024,2024-10,-1.0423003323597546,52.36454238206144,0.0738345848875886,-54.57957992868909,5236.454238206144,5181.874658277455
0.01,2024-10-23 18:55:00+00:00,2024,2024-10,0.9774873768505907,51.81874658277455,0.03888586379642469,50.65217066888181,5181.874658277455,5232.5268289463365
0.01,2024-10-24 17:45:00+00:00,2024,2024-10,0.9628121126261725,52.32526828946337,0.06486220613179577,50.3794021055095,5232.5268289463365,5282.906231051846
0.01,2024-11-04 13:35:00+00:00,2024,2024-11,0.9581013946250057,50.0,0.0698310089583239,47.90506973125028,5000.0,5047.9050697312505
0.01,2024-11-05 05:50:00+00:00,2024,2024-11,0.9688029236117305,50.47905069731251,0.052493293353712986,48.90425189670112,5047.9050697312505,5096.809321627951
0.01,2024-11-05 18:20:00+00:00,2024,2024-11,0.9579099272443014,50.96809321627951,0.07150835838974794,48.822842464587076,5096.809321627951,5145.632164092538
0.01,2024-11-05 18:50:00+00:00,2024,2024-11,-1.0438011012848323,51.45632164092538,0.07512811853130276,-53.71016519686446,5145.632164092538,5091.921998895674
0.01,2024-11-06 05:25:00+00:00,2024,2024-11,0.9665695591957604,50.91921998895674,0.05674173232129587,49.21696801931787,5091.921998895674,5141.138966914992
0.01,2024-11-07 11:05:00+00:00,2024,2024-11,0.9500808215270522,51.41138966914992,0.08554714454788527,48.84497533271336,5141.138966914992,5189.983942247705
0.01,2024-11-08 14:05:00+00:00,2024,2024-11,-1.0480846289469463,51.89983942247705,0.08318615070119695,-54.39542394351296,5189.983942247705,5135.588518304192
0.01,2024-11-12 14:00:00+00:00,2024,2024-11,0.9662151291869108,51.35588518304192,0.05783506488003057,49.620833236641005,5135.588518304192,5185.209351540833
0.01,2024-11-12 15:50:00+00:00,2024,2024-11,-1.0336813742000686,51.852093515408335,0.05821499215831379,-53.59854328015775,5185.209351540833,5131.610808260675
0.01,2024-11-13 15:35:00+00:00,2024,2024-11,-1.0423131170662896,51.31610808260675,0.07237814962285712,-53.487452571292465,5131.610808260675,5078.123355689383
0.01,2024-11-14 16:50:00+00:00,2024,2024-11,0.9540682414698156,50.78123355689383,0.07774904525333813,48.44876219929369,5078.123355689383,5126.572117888677
0.01,2024-11-15 08:50:00+00:00,2024,2024-11,0.960418433700878,51.26572117888677,0.06763925139048028,49.23654363717236,5126.572117888677,5175.808661525849
0.01,2024-11-15 18:20:00+00:00,2024,2024-11,0.9563200698878896,51.75808661525849,0.07535965353636821,49.49729700916745,5175.808661525849,5225.3059585350165
0.01,2024-11-19 16:45:00+00:00,2024,2024-11,-1.0405444540978859,52.253059585350165,0.07061905919441078,-54.37163136118249,5225.3059585350165,5170.934327173834
0.01,2024-11-19 19:45:00+00:00,2024,2024-11,-1.0413956238911906,51.70934327173835,0.0713513508579114,-53.84988379747569,5170.934327173834,5117.084443376359
0.01,2024-11-21 15:10:00+00:00,2024,2024-11,0.9567019236716766,51.17084443376359,0.07385330426926187,48.955245305685736,5117.084443376359,5166.0396886820445
0.01,2024-11-22 16:40:00+00:00,2024,2024-11,0.9507423826613195,51.66039688682044,0.08482226871384538,49.11572882540508,5166.0396886820445,5215.15541750745
0.01,2024-11-25 11:40:00+00:00,2024,2024-11,0.9543845168017037,52.1515541750745,0.07929727810793837,49.77263583183635,5215.15541750745,5264.928053339286
0.01,2024-11-25 15:35:00+00:00,2024,2024-11,0.9570999570999595,52.64928053339286,0.07528854645129401,50.39062413985404,5264.928053339286,5315.31867747914
0.01,2024-11-26 05:10:00+00:00,2024,2024-11,-1.0341252559394196,53.1531867747914,0.06046220342285088,-54.96705287747693,5315.31867747914,5260.351624601663
0.01,2024-11-26 17:20:00+00:00,2024,2024-11,0.9775227983045767,52.60351624601663,0.039412661485006495,51.42113640146644,5260.351624601663,5311.77276100313
0.01,2024-11-27 16:30:00+00:00,2024,2024-11,-1.0460849719101117,53.117727610031295,0.08159763282790854,-55.56565659486856,5311.77276100313,5256.207104408261
0.01,2024-12-02 18:35:00+00:00,2024,2024-12,-1.0333508028014673,50.0,0.05558467133577897,-51.66754014007336,5000.0,4948.3324598599265
0.01,2024-12-06 11:20:00+00:00,2024,2024-12,0.9580453110640528,49.48332459859927,0.06920191636835787,47.40726710754853,4948.3324598599265,4995.739726967475
0.01,2024-12-06 14:15:00+00:00,2024,2024-12,-1.0474426170251234,49.95739726967475,0.07900365554123737,-52.32750693591188,4995.739726967475,4943.412220031563
0.01,2024-12-06 16:30:00+00:00,2024,2024-12,-1.0200611387084444,49.434122200315635,0.033056826079690724,-50.425826982706354,4943.412220031563,4892.986393048857
0.01,2024-12-11 07:40:00+00:00,2024,2024-12,0.9677082051912907,48.92986393048857,0.052667770868713375,47.34983080442717,4892.986393048857,4940.3362238532845
0.01,2024-12-16 18:55:00+00:00,2024,2024-12,-1.0306484332812798,49.40336223853285,0.05047118838128564,-50.91749788997142,4940.3362238532845,4889.418725963313
0.01,2024-12-17 17:40:00+00:00,2024,2024-12,-1.0404811473513775,48.89418725963313,0.06597642663610197,-50.87348005871618,4889.418725963313,4838.545245904596
0.01,2024-12-19 16:45:00+00:00,2024,2024-12,-1.0267720550739419,48.385452459045965,0.043179266600372454,-49.68083045705714,4838.545245904596,4788.86441544754
0.01,2024-12-19 19:05:00+00:00,2024,2024-12,0.955248689425905,47.8886441544754,0.07143598625097496,45.74556456694615,4788.86441544754,4834.609980014486
0.01,2025-01-02 18:10:00+00:00,2025,2025-01,0.9522379912663739,50.0,0.07960334788937684,47.611899563318694,5000.0,5047.611899563319
0.01,2025-01-02 20:00:00+00:00,2025,2025-01,0.9570200573065903,50.476118995633186,0.072315356727268,48.30665829381515,5047.611899563319,5095.918557857134
0.01,2025-01-06 11:00:00+00:00,2025,2025-01,0.9551368326603852,50.95918557857134,0.07620634900339782,48.67299510846941,5095.918557857134,5144.591552965603
0.01,2025-01-09 17:00:00+00:00,2025,2025-01,0.951479864143616,51.445915529656034,0.08320542702516558,48.94975271890107,5144.591552965603,5193.541305684505
0.01,2025-01-14 15:35:00+00:00,2025,2025-01,-1.039277297721915,51.93541305684505,0.06799608936481082,-53.97529573778938,5193.541305684505,5139.566009946715
0.01,2025-01-16 09:10:00+00:00,2025,2025-01,0.9502110104793973,51.39566009946715,0.08529793273656104,48.83672211737032,5139.566009946715,5188.402732064085
0.01,2025-01-21 14:55:00+00:00,2025,2025-01,-1.037434489643126,51.884027320640854,0.06474173611260668,-53.826279404019054,5188.402732064085,5134.576452660066
0.01,2025-01-24 05:50:00+00:00,2025,2025-01,0.9558526740665996,51.34576452660066,0.07555927339518227,49.078986324745195,5134.576452660066,5183.655438984812
0.01,2025-01-27 17:25:00+00:00,2025,2025-01,0.9739905870696066,51.83655438984812,0.04494127826714511,50.48831604183376,5183.655438984812,5234.1437550266455
0.01,2025-01-29 16:35:00+00:00,2025,2025-01,-1.0413198748598091,52.341437550266456,0.07209138831865086,-54.504179199825984,5234.1437550266455,5179.63957582682
0.01,2025-02-03 17:35:00+00:00,2025,2025-02,-1.01825959933222,50.0,0.030432665553700302,-50.912979966611005,5000.0,4949.087020033389
0.01,2025-02-03 18:10:00+00:00,2025,2025-02,-1.0299683192054114,49.490870200333895,0.04943860653057296,-50.974028396251086,4949.087020033389,4898.112991637138
0.01,2025-02-05 16:10:00+00:00,2025,2025-02,0.9692789326623462,48.98112991637139,0.050158419681173814,47.47637732593617,4898.112991637138,4945.589368963075
0.01,2025-02-11 12:00:00+00:00,2025,2025-02,0.9687271969144162,49.45589368963075,0.05155414749257952,47.909269264853364,4945.589368963075,4993.4986382279285
0.01,2025-02-12 08:40:00+00:00,2025,2025-02,0.9663315857823107,49.934986382279284,0.05604106018244185,48.25375457680603,4993.4986382279285,5041.752392804735
0.01,2025-02-12 20:05:00+00:00,2025,2025-02,-1.0346186182225798,50.41752392804735,0.058179500419761936,-52.16290894064021,5041.752392804735,4989.589483864094
0.01,2025-02-14 16:15:00+00:00,2025,2025-02,-1.0418251707861161,49.89589483864094,0.06956347743840817,-51.98279916179319,4989.589483864094,4937.606684702301
0.01,2025-02-20 16:35:00+00:00,2025,2025-02,0.9729151082105907,49.37606684702301,0.044578180917941905,48.03872141948475,4937.606684702301,4985.6454061217855
0.01,2025-02-20 17:10:00+00:00,2025,2025-02,0.9772127998958293,49.85645406121785,0.03786963317257883,48.720365066040486,4985.6454061217855,5034.365771187826
0.01,2025-02-21 11:25:00+00:00,2025,2025-02,0.9654866383985805,50.34365771187826,0.057917628764938126,48.60612884893011,5034.365771187826,5082.971900036756
0.01,2025-02-24 13:35:00+00:00,2025,2025-02,0.9555602581737388,50.82971900036756,0.075295319649258,48.570859410889824,5082.971900036756,5131.542759447646
0.01,2025-02-24 18:45:00+00:00,2025,2025-02,0.9699918549320529,51.31542759447646,0.05132935984929287,49.775546798997674,5131.542759447646,5181.318306246643
0.01,2025-02-28 20:25:00+00:00,2025,2025-02,-1.0384291622442638,51.813183062466436,0.06637124060997564,-53.8043202807657,5181.318306246643,5127.5139859658775
0.01,2025-03-03 11:55:00+00:00,2025,2025-03,0.9714794040553574,50.0,0.047534326574404304,48.57397020276787,5000.0,5048.573970202768
0.01,2025-03-04 17:10:00+00:00,2025,2025-03,-1.0192819759434393,50.48573970202768,0.03244882728070777,-51.459204520448914,5048.573970202768,4997.114765682319
0.01,2025-03-05 05:40:00+00:00,2025,2025-03,0.9665535859333949,49.971147656823184,0.055711856530452276,48.299791960909616,4997.114765682319,5045.414557643228
0.01,2025-03-06 13:00:00+00:00,2025,2025-03,-1.044568954539663,50.45414557643228,0.07495628401778495,-52.70283409696583,5045.414557643228,4992.711723546263
0.01,2025-03-06 13:05:00+00:00,2025,2025-03,0.9739873652917123,49.92711723546263,0.04329119542279824,48.628381372778684,4992.711723546263,5041.340104919042
0.01,2025-03-06 17:25:00+00:00,2025,2025-03,0.9756555609654312,50.41340104919042,0.04090953227890943,49.186115080823136,5041.340104919042,5090.526219999865
0.01,2025-03-06 17:45:00+00:00,2025,2025-03,-1.0363158440839755,50.90526219999865,0.06162225217030139,-52.75392976510769,5090.526219999865,5037.772290234758
0.01,2025-03-07 18:20:00+00:00,2025,2025-03,-1.019215811868052,50.37772290234758,0.03226829485441234,-51.345771747979946,5037.772290234758,4986.426518486778
0.01,2025-03-10 16:05:00+00:00,2025,2025-03,-1.0422594731652335,49.86426518486778,0.07024125254946705,-51.971502761351786,4986.426518486778,4934.455015725426
0.01,2025-03-14 16:10:00+00:00,2025,2025-03,-1.0290335960182502,49.34455015725426,0.04775499116560026,-50.777199892222264,4934.455015725426,4883.677815833204
0.01,2025-03-18 09:15:00+00:00,2025,2025-03,0.96287916283674,48.83677815833204,0.06042873631978988,47.023916068738345,4883.677815833204,4930.7017319019415
0.01,2025-03-18 15:50:00+00:00,2025,2025-03,-1.0349464154962407,49.307017319019415,0.05743678380369284,-51.030120833130205,4930.7017319019415,4879.671611068811
0.01,2025-03-24 10:10:00+00:00,2025,2025-03,0.9545857572284332,48.796716110688116,0.07386886373020053,46.5806501987821,4879.671611068811,4926.252261267593
0.01,2025-03-26 16:40:00+00:00,2025,2025-03,-1.0488156396011046,49.26252261267593,0.08015938499005526,-51.66730416237758,4926.252261267593,4874.584957105216
0.01,2025-03-27 16:00:00+00:00,2025,2025-03,0.957186544342507,48.74584957105216,0.06956594230323551,46.658871301955095,4874.584957105216,4921.243828407171
0.01,2025-03-28 10:55:00+00:00,2025,2025-03,0.9650512581547076,49.212438284071716,0.05733042670558023,47.49252548290431,4921.243828407171,4968.736353890075
0.01,2025-03-31 14:40:00+00:00,2025,2025-03,0.9521083719127,49.687363538900755,0.07932029117478337,47.307754803657254,4968.736353890075,5016.044108693733
0.01,2025-04-02 09:20:00+00:00,2025,2025-04,0.956613363084173,50.0,0.07231106152637838,47.83066815420865,5000.0,5047.830668154209
0.01,2025-04-03 04:50:00+00:00,2025,2025-04,0.9801230477993369,50.478306681542094,0.03344516296931425,49.47495179246267,5047.830668154209,5097.305619946672
0.01,2025-04-04 05:00:00+00:00,2025,2025-04,0.953444033076907,50.97305619946672,0.07910333061304456,48.599956281075386,5097.305619946672,5145.905576227748
0.01,2025-04-04 14:35:00+00:00,2025,2025-04,0.9827137730071451,51.45905576227748,0.029651097291490118,50.56952284353277,5145.905576227748,5196.47509907128
0.01,2025-04-04 16:15:00+00:00,2025,2025-04,-1.009969143128412,51.9647509907128,0.017268134675290005,-52.4827950309715,5196.47509907128,5143.992304040308
0.01,2025-04-04 20:10:00+00:00,2025,2025-04,0.9877415212188428,51.43992304040308,0.021019173503171236,50.80934783530794,5143.992304040308,5194.801651875616
0.01,2025-04-04 20:45:00+00:00,2025,2025-04,-1.0214813981321413,51.94801651875616,0.03719720083381528,-53.06393254377062,5194.801651875616,5141.737719331845
0.01,2025-04-07 18:20:00+00:00,2025,2025-04,-1.0127878016551068,51.41737719331845,0.02191717403913226,-52.074892414492425,5141.737719331845,5089.6628269173525
0.01,2025-04-08 04:05:00+00:00,2025,2025-04,0.9767209843698038,50.896628269173526,0.03949411350007921,49.71180486417115,5089.6628269173525,5139.374631781524
0.01,2025-04-08 07:50:00+00:00,2025,2025-04,0.9803626366433201,51.39374631781524,0.033641255690132287,50.384508647111275,5139.374631781524,5189.759140428635
0.01,2025-04-08 10:05:00+00:00,2025,2025-04,0.9875324305229848,51.89759140428635,0.02156789421742293,51.250554577763666,5189.759140428635,5241.009695006399
0.01,2025-04-08 12:35:00+00:00,2025,2025-04,0.9745568654058174,52.41009695006399,0.04444923835982127,51.07661979926935,5241.009695006399,5292.086314805669
0.01,2025-04-08 18:45:00+00:00,2025,2025-04,0.9774062358788971,52.92086314805669,0.03985604996841205,51.72518164900433,5292.086314805669,5343.811496454673
0.01,2025-04-09 08:15:00+00:00,2025,2025-04,0.9769676230586996,53.438114964546735,0.04102689356319967,52.20730815765074,5343.811496454673,5396.018804612324
0.01,2025-04-09 16:10:00+00:00,2025,2025-04,0.9812120886789412,53.96018804612324,0.03379330759594085,52.94638881824502,5396.018804612324,5448.965193430569
0.01,2025-04-11 10:05:00+00:00,2025,2025-04,0.9834265916391098,54.4896519343057,0.030102641765000472,53.58657268135568,5448.965193430569,5502.551766111925
0.01,2025-04-11 12:40:00+00:00,2025,2025-04,0.9850619927301698,55.025517661119245,0.027399052761598874,54.20354607827127,5502.551766111925,5556.755312190196
0.01,2025-04-14 10:45:00+00:00,2025,2025-04,0.9704919414897362,55.56755312190196,0.054656353626442625,53.927862513108686,5556.755312190196,5610.683174703304
0.01,2025-04-15 13:25:00+00:00,2025,2025-04,0.9520120655378042,56.10683174703304,0.08974836549193578,53.41438078227497,5610.683174703304,5664.097555485579
0.01,2025-04-15 17:05:00+00:00,2025,2025-04,0.9675364828097941,56.640975554855785,0.061292176119836485,54.80221027126069,5664.097555485579,5718.899765756839
0.01,2025-04-15 18:25:00+00:00,2025,2025-04,0.9713564754825076,57.18899765756839,0.054603148551179294,55.550903201033016,5718.899765756839,5774.450668957872
0.01,2025-04-16 07:45:00+00:00,2025,2025-04,0.9767302705937112,57.74450668957872,0.04478996817887091,56.40080764421259,5774.450668957872,5830.851476602084
0.01,2025-04-16 10:30:00+00:00,2025,2025-04,0.9733245261927753,58.30851476602084,0.05184690861263884,56.75310750764168,5830.851476602084,5887.604584109726
0.01,2025-04-16 16:50:00+00:00,2025,2025-04,0.9768760667290649,58.87604584109726,0.04538152517620155,57.51460008581121,5887.604584109726,5945.119184195537
0.01,2025-04-17 15:00:00+00:00,2025,2025-04,0.9552038226071383,59.45119184195537,0.08877287119897616,56.78800570598609,5945.119184195537,6001.907189901523
0.01,2025-04-17 15:25:00+00:00,2025,2025-04,0.9785379214487924,60.01907189901524,0.04293780118890816,58.730937863348,6001.907189901523,6060.638127764872
0.01,2025-04-21 06:05:00+00:00,2025,2025-04,-1.0315912988536864,60.606381277648715,0.06382114344608888,-62.52101558103138,6060.638127764872,5998.117112183841
0.01,2025-04-21 11:25:00+00:00,2025,2025-04,0.9697924308462426,59.98117112183841,0.06039617915287636,58.16928574725212,5998.117112183841,6056.286397931092
0.01,2025-04-21 19:50:00+00:00,2025,2025-04,-1.0224442900657298,60.562863979310926,0.04530968287876645,-61.92215446567392,6056.286397931092,5994.364243465418
0.01,2025-04-22 13:25:00+00:00,2025,2025-04,0.9815064331193363,59.94364243465419,0.036952392014529024,58.835070674218315,5994.364243465418,6053.199314139637
0.01,2025-04-22 16:15:00+00:00,2025,2025-04,-1.0112342119200337,60.53199314139637,0.022667641296415988,-61.21202238028884,6053.199314139637,5991.987291759348
0.01,2025-04-22 18:50:00+00:00,2025,2025-04,0.9764190668687899,59.91987291759349,0.04709888388334603,58.506906401093104,5991.987291759348,6050.494198160442
0.01,2025-04-24 19:50:00+00:00,2025,2025-04,0.9682477282005539,60.50494198160442,0.06403897876698732,58.5837726185948,6050.494198160442,6109.077970779036
0.01,2025-04-24 20:45:00+00:00,2025,2025-04,-1.025396978968882,61.09077970779036,0.05171737491437847,-62.642300955221714,6109.077970779036,6046.435669823814
0.01,2025-04-25 05:25:00+00:00,2025,2025-04,0.9731485270049095,60.46435669823814,0.05411856803494194,58.84079965718988,6046.435669823814,6105.276469481004
0.01,2025-04-25 13:50:00+00:00,2025,2025-04,0.9688339442869649,61.05276469481004,0.06342579553044242,59.14999082889676,6105.276469481004,6164.426460309901
0.01,2025-04-28 15:05:00+00:00,2025,2025-04,0.9652127818178805,61.64426460309901,0.0714810827474771,59.4998321206747,6164.426460309901,6223.926292430576
0.01,2025-04-28 16:45:00+00:00,2025,2025-04,-1.0265937238811638,62.23926292430576,0.05517245909253804,-63.8944366970819,6223.926292430576,6160.031855733494
0.01,2025-04-30 17:35:00+00:00,2025,2025-04,0.9883312588904696,61.600318557334944,0.023959938983671453,60.8815203878248,6160.031855733494,6220.913376121319
0.01,2025-05-01 09:25:00+00:00,2025,2025-05,0.980818939926747,50.0,0.03196843345542172,49.04094699633735,5000.0,5049.040946996337
0.01,2025-05-05 05:50:00+00:00,2025,2025-05,-1.025747599955861,50.49040946996337,0.04333356215467453,-51.7904163346036,5049.040946996337,4997.250530661733
0.01,2025-05-05 18:25:00+00:00,2025,2025-05,-1.0276432181971342,49.972505306617336,0.046046695601609,-51.35390617466561,4997.250530661733,4945.896624487067
0.01,2025-05-06 04:05:00+00:00,2025,2025-05,0.9889349056305522,49.45896624487067,0.01824227096382757,48.91169811595584,4945.896624487067,4994.808322603023
0.01,2025-05-06 18:00:00+00:00,2025,2025-05,0.9787477356218316,49.948083226030235,0.035383662330078516,48.88657335612788,4994.808322603023,5043.694895959151
0.01,2025-05-08 16:30:00+00:00,2025,2025-05,-1.0244268416093796,50.43694895959151,0.041067178783210034,-51.66896432308781,5043.694895959151,4992.025931636063
0.01,2025-05-09 09:00:00+00:00,2025,2025-05,0.968256847451479,49.920259316360635,0.05282088022469882,48.335632909619676,4992.025931636063,5040.361564545683
0.01,2025-05-09 12:05:00+00:00,2025,2025-05,0.9531229072726458,50.40361564545683,0.07875916548019991,48.04084068105083,5040.361564545683,5088.402405226734
0.01,2025-05-13 05:40:00+00:00,2025,2025-05,0.9843933471068238,50.88402405226734,0.026470976706392143,50.089894751075576,5088.402405226734,5138.49229997781
0.01,2025-05-13 07:40:00+00:00,2025,2025-05,0.9829582802470238,51.3849229997781,0.029189581909682707,50.509235542487616,5138.49229997781,5189.001535520298
0.01,2025-05-13 15:45:00+00:00,2025,2025-05,-1.0230167254871865,51.890015355202976,0.03981127463188641,-53.08435359415957,5189.001535520298,5135.917181926138
0.01,2025-05-13 20:05:00+00:00,2025,2025-05,-1.0294658266567507,51.359171819261384,0.050444681802021066,-52.872512273322016,5135.917181926138,5083.044669652816
0.01,2025-05-15 10:55:00+00:00,2025,2025-05,0.9874729325864814,50.83044669652816,0.021225214414222492,50.19369026410149,5083.044669652816,5133.238359916918
0.01,2025-05-16 15:40:00+00:00,2025,2025-05,0.9886012668877658,51.332383599169184,0.01950413802205853,50.74725945850743,5133.238359916918,5183.985619375426
0.01,2025-05-19 10:05:00+00:00,2025,2025-05,0.975420485269848,51.83985619375426,0.042473283630778035,50.56565768483092,5183.985619375426,5234.551277060256
0.01,2025-05-20 09:20:00+00:00,2025,2025-05,-1.0329603063738952,52.34551277060257,0.057510804607257056,-54.070836908820276,5234.551277060256,5180.480440151436
0.01,2025-05-23 13:35:00+00:00,2025,2025-05,-1.0382242123081968,51.80480440151436,0.06600659473426973,-53.78500224354246,5180.480440151436,5126.695437907893
0.01,2025-05-28 09:50:00+00:00,2025,2025-05,0.9709422997094236,51.26695437907893,0.04965665983859774,49.777254583921,5126.695437907893,5176.472692491814
0.01,2025-05-28 16:55:00+00:00,2025,2025-05,-1.0248265099838036,51.76472692491814,0.04283791699367835,-53.04986443472849,5176.472692491814,5123.422828057086
0.01,2025-05-29 14:45:00+00:00,2025,2025-05,0.9539564559626366,51.23422828057086,0.07863351486855982,48.87522283451406,5123.422828057086,5172.2980508916
0.01,2025-05-30 09:45:00+00:00,2025,2025-05,0.9693318729463307,51.722980508916,0.05287489792806316,50.1367335710741,5172.2980508916,5222.434784462674
0.01,2025-05-30 16:45:00+00:00,2025,2025-05,0.9829234972677593,52.224347844626735,0.029726973955275193,51.332538625968475,5222.434784462674,5273.767323088642
0.01,2025-05-30 19:45:00+00:00,2025,2025-05,0.9800804370921234,52.73767323088642,0.035017046651255906,51.687161831348746,5273.767323088642,5325.454484919991
0.01,2025-06-02 13:35:00+00:00,2025,2025-06,-1.0449486301369857,50.0,0.07491438356164269,-52.24743150684928,5000.0,4947.752568493151
0.01,2025-06-03 06:00:00+00:00,2025,2025-06,0.9603586597451624,49.47752568493151,0.06537851435479455,47.51617025428767,4947.752568493151,4995.268738747438
0.01,2025-06-03 09:10:00+00:00,2025,2025-06,0.9773257320549364,49.952687387474384,0.037754687279986446,48.82004676907479,4995.268738747438,5044.088785516513
0.01,2025-06-03 17:50:00+00:00,2025,2025-06,0.9787195233173226,50.44088785516513,0.035780204595179645,49.367481717309744,5044.088785516513,5093.4562672338225
0.01,2025-06-05 09:50:00+00:00,2025,2025-06,0.9519637669556467,50.934562672338224,0.081556817418022,48.48785814979757,5093.4562672338225,5141.94412538362
0.01,2025-06-05 16:35:00+00:00,2025,2025-06,-1.019322426896818,51.419441253836204,0.03311827982341571,-52.41298964853868,5141.94412538362,5089.531135735082
0.01,2025-06-06 17:00:00+00:00,2025,2025-06,0.9818588619459392,50.89531135735082,0.030776628987937,49.97201248771271,5089.531135735082,5139.503148222795
0.01,2025-06-09 06:45:00+00:00,2025,2025-06,0.9786620061778568,51.39503148222795,0.036555562141887835,50.298364617971316,5139.503148222795,5189.801512840766
0.01,2025-06-09 16:40:00+00:00,2025,2025-06,-1.0349022736338245,51.898015128407664,0.06037862416880147,-53.70937385347171,5189.801512840766,5136.092138987295
0.01,2025-06-09 17:50:00+00:00,2025,2025-06,0.9727965179542977,51.36092138987295,0.046573196762671305,49.963725486992814,5136.092138987295,5186.055864474288
0.01,2025-06-10 06:35:00+00:00,2025,2025-06,0.9538187495876669,51.86055864474288,0.07983284817654523,49.465573199446524,5186.055864474288,5235.521437673734
0.01,2025-06-11 15:15:00+00:00,2025,2025-06,0.9576979634590969,52.355214376737344,0.07382440638905209,50.140482185065785,5235.521437673734,5285.6619198588
0.01,2025-06-12 15:15:00+00:00,2025,2025-06,-1.0307895315592708,52.856619198588,0.05424768483104263,-54.484049743519286,5285.6619198588,5231.177870115281
0.01,2025-06-13 13:30:00+00:00,2025,2025-06,-1.034322137778866,52.31177870115281,0.05984840253461737,-54.107230777191326,5231.177870115281,5177.07063933809
0.01,2025-06-16 14:10:00+00:00,2025,2025-06,0.9544843729680504,51.7707063933809,0.07854587211272296,49.41433022999921,5177.07063933809,5226.484969568089
0.01,2025-06-16 19:05:00+00:00,2025,2025-06,0.978263119759859,52.26484969568089,0.03786915928679942,51.1287749170769,5226.484969568089,5277.613744485166
0.01,2025-06-17 16:40:00+00:00,2025,2025-06,-1.0269230769230764,52.776137444851656,0.04736320027101989,-54.19703345298225,5277.613744485166,5223.416711032183
0.01,2025-06-18 14:45:00+00:00,2025,2025-06,-1.0424216714138521,52.234167110321835,0.07386202245767697,-54.450027784052146,5223.416711032183,5168.966683248131
0.01,2025-06-19 05:05:00+00:00,2025,2025-06,0.9736888265216619,51.68966683248131,0.04533385970223046,50.329651041414394,5168.966683248131,5219.2963342895455
0.01,2025-06-20 16:05:00+00:00,2025,2025-06,0.9575628978478332,52.19296334289545,0.0738306039002251,49.9780452258887,5219.2963342895455,5269.274379515434
0.01,2025-06-20 20:55:00+00:00,2025,2025-06,-1.0487850206755576,52.69274379515434,0.08568721984994883,-55.26336039065281,5269.274379515434,5214.011019124781
0.01,2025-06-23 16:05:00+00:00,2025,2025-06,0.9675168989466192,52.140110191247814,0.05645574894255718,50.4464377229711,5214.011019124781,5264.457456847753
0.01,2025-06-26 08:25:00+00:00,2025,2025-06,0.9540893290483379,52.64457456847753,0.0805649246801205,50.227626828073916,5264.457456847753,5314.685083675827
0.01,2025-06-26 16:20:00+00:00,2025,2025-06,-1.0235944451934746,53.14685083675827,0.04179901530912229,-54.400821296031936,5314.685083675827,5260.284262379795
0.01,2025-06-27 05:30:00+00:00,2025,2025-06,0.9637487268898128,52.602842623797955,0.06356400047758307,50.69592260947046,5260.284262379795,5310.980184989266
0.01,2025-06-27 18:00:00+00:00,2025,2025-06,-1.0175311177339772,53.109801849892655,0.031035806301955796,-54.040876038951325,5310.980184989266,5256.939308950315
0.01,2025-06-30 16:30:00+00:00,2025,2025-06,0.9547228390935938,52.569393089503144,0.0793397623221851,50.189200219837595,5256.939308950315,5307.128509170152
0.01,2025-07-01 06:45:00+00:00,2025,2025-07,0.9507908611599294,50.0,0.08201523140011768,47.53954305799647,5000.0,5047.5395430579965
0.01,2025-07-03 09:40:00+00:00,2025,2025-07,0.9621403331650681,50.475395430579965,0.06369938847877347,48.56441377621676,5047.5395430579965,5096.103956834213
0.01,2025-07-03 10:45:00+00:00,2025,2025-07,0.956848723955122,50.96103956834213,0.0733011295315827,48.76200568239465,5096.103956834213,5144.865962516607
0.01,2025-07-04 04:20:00+00:00,2025,2025-07,0.9549935705100732,51.44865962516607,0.07718401572570942,49.133139153394794,5144.865962516607,5193.999101670002
0.01,2025-07-07 06:45:00+00:00,2025,2025-07,0.9668256927111306,51.93999101670003,0.05743577408563742,50.21691779413091,5193.999101670002,5244.216019464133
0.01,2025-07-07 16:05:00+00:00,2025,2025-07,0.9709575703933182,52.44216019464133,0.050768258195840035,50.91911244876613,5244.216019464133,5295.135131912899
0.01,2025-07-09 16:45:00+00:00,2025,2025-07,0.965545529122232,52.95135131912899,0.060813693065446386,51.1269405271656,5295.135131912899,5346.262072440065
0.01,2025-07-10 17:15:00+00:00,2025,2025-07,0.9634439299516064,53.46262072440065,0.06514611027239635,51.508237416228766,5346.262072440065,5397.770309856293
0.01,2025-07-15 15:25:00+00:00,2025,2025-07,-1.038748247103108,53.977703098562934,0.06971804592404375,-56.06924447628425,5397.770309856293,5341.701065380009
0.01,2025-07-15 16:10:00+00:00,2025,2025-07,0.9622315744037986,53.41701065380009,0.06724921308165147,51.399534261350546,5341.701065380009,5393.10059964136
0.01,2025-07-16 15:40:00+00:00,2025,2025-07,0.9500748876684973,53.931005996413596,0.08975038441739634,51.238494463891705,5393.10059964136,5444.339094105251
0.01,2025-07-17 10:15:00+00:00,2025,2025-07,0.952861952861954,54.44339094105251,0.08554517095114664,51.87703581251811,5444.339094105251,5496.21612991777
0.01,2025-07-23 15:45:00+00:00,2025,2025-07,-1.046717536873484,54.962161299177694,0.08558989323802357,-57.52985809631841,5496.21612991777,5438.686271821452
0.01,2025-07-24 10:10:00+00:00,2025,2025-07,0.9576945546848246,54.386862718214516,0.07669534821964598,52.08600227162514,5438.686271821452,5490.772274093077
0.01,2025-07-25 09:10:00+00:00,2025,2025-07,0.9546357902013284,54.907722740930765,0.08302818179956255,52.41687728694389,5490.772274093077,5543.189151380021
0.01,2025-07-28 05:30:00+00:00,2025,2025-07,0.9557410217501259,55.43189151380021,0.08177862936195547,52.978532632941544,5543.189151380021,5596.167684012962
0.01,2025-07-29 10:25:00+00:00,2025,2025-07,0.9638217965062194,55.96167684012962,0.06748643108584665,53.93708390755422,5596.167684012962,5650.104767920517
0.01,2025-07-29 11:40:00+00:00,2025,2025-07,0.9532221058962398,56.501047679205165,0.0881000008363121,53.8580476541158,5650.104767920517,5703.962815574632
0.01,2025-07-29 19:15:00+00:00,2025,2025-07,0.9723974763406945,57.03962815574632,0.052481256189565915,55.46519047005935,5703.962815574632,5759.428006044692
0.01,2025-07-30 14:35:00+00:00,2025,2025-07,0.9504167355323129,57.59428006044692,0.09519041400210591,54.73856764038374,5759.428006044692,5814.1665736850755
0.01,2025-07-30 14:55:00+00:00,2025,2025-07,-1.0487453865973402,58.141665736850754,0.09447126579187073,-60.97580371060687,5814.1665736850755,5753.190769974469
0.01,2025-07-31 06:25:00+00:00,2025,2025-07,0.9569628035659384,57.53190769974469,0.08253373376334046,55.05589568684448,5753.190769974469,5808.246665661313
0.01,2025-07-31 16:50:00+00:00,2025,2025-07,0.9604109718163807,58.082466656613136,0.0766476136480929,55.783038247170346,5808.246665661313,5864.0297039084835
0.01,2025-08-01 17:30:00+00:00,2025,2025-08,-1.0300682979911513,50.0,0.05011382998525229,-51.50341489955756,5000.0,4948.496585100443
0.01,2025-08-04 17:50:00+00:00,2025,2025-08,0.9757640107099987,49.484965851004425,0.03997723674603405,48.2856487486234,4948.496585100443,4996.782233849066
0.01,2025-08-05 16:55:00+00:00,2025,2025-08,-1.0345997956964432,49.96782233849066,0.057629214810264895,-51.69669878279861,4996.782233849066,4945.085535066268
0.01,2025-08-06 06:35:00+00:00,2025,2025-08,0.9554830093485712,49.45085535066268,0.07338010884502018,47.24945208531207,4945.085535066268,4992.33498715158
0.01,2025-08-06 13:35:00+00:00,2025,2025-08,-1.049948861879507,49.9233498715158,0.083120483576488,-52.41696437881045,4992.33498715158,4939.91802277277
0.01,2025-08-07 17:00:00+00:00,2025,2025-08,-1.0227859638462704,49.399180227727705,0.03752026449014665,-50.5247881624321,4939.91802277277,4889.393234610338
0.01,2025-08-08 15:50:00+00:00,2025,2025-08,-1.022261090793448,48.893932346103384,0.0362810755735104,-49.98236461330869,4889.393234610338,4839.410869997029
0.01,2025-08-08 17:05:00+00:00,2025,2025-08,-1.0294678940278386,48.394108699970296,0.0475357488914142,-49.82018116671272,4839.410869997029,4789.590688830316
0.01,2025-08-12 12:05:00+00:00,2025,2025-08,-1.048101149846536,47.89590688830316,0.07679493980900026,-50.19975508257317,4789.590688830316,4739.390933747743
0.01,2025-08-13 05:20:00+00:00,2025,2025-08,0.9583506872136608,47.393909337477425,0.06579745847213327,45.41998558331343,4739.390933747743,4784.810919331056
0.01,2025-08-13 15:50:00+00:00,2025,2025-08,0.9618743305313993,47.848109193310556,0.06080803986005575,46.02386799750888,4784.810919331056,4830.834787328565
0.01,2025-08-14 04:25:00+00:00,2025,2025-08,0.9592122130287837,48.30834787328565,0.06567968673289949,46.33795727129866,4830.834787328565,4877.172744599863
0.01,2025-08-19 16:35:00+00:00,2025,2025-08,-1.0447379633574776,48.771727445998636,0.07273159184533234,-50.95367520135861,4877.172744599863,4826.219069398505
0.01,2025-08-19 17:00:00+00:00,2025,2025-08,0.9554282075772054,48.26219069398505,0.07170441151605442,46.11105834850341,4826.219069398505,4872.330127747008
0.01,2025-08-21 18:30:00+00:00,2025,2025-08,-1.0401621787025697,48.723301277470085,0.06522779776282983,-50.680135210354976,4872.330127747008,4821.649992536653
0.01,2025-08-26 16:30:00+00:00,2025,2025-08,0.9576279736082793,48.216499925366534,0.06810102691180103,46.173469118012505,4821.649992536653,4867.823461654666
0.01,2025-08-27 08:25:00+00:00,2025,2025-08,0.9535819278972627,48.67823461654666,0.0753183268088275,46.41868481228183,4867.823461654666,4914.242146466948
0.01,2025-08-27 17:15:00+00:00,2025,2025-08,0.9525477347192404,49.14242146466948,0.0777306406626797,46.81050224478909,4914.242146466948,4961.052648711737
0.01,2025-09-03 11:35:00+00:00,2025,2025-09,-1.0369010174137667,50.0,0.061501695689611086,-51.84505087068834,5000.0,4948.154949129312
0.01,2025-09-04 15:50:00+00:00,2025,2025-09,0.9714250724578511,49.481549491293116,0.047131056379565196,48.06761779990616,4948.154949129312,4996.2225669292175
0.01,2025-09-05 06:05:00+00:00,2025,2025-09,-1.0430469006231557,49.962225669292174,0.07169063210992353,-52.11294463258987,4996.2225669292175,4944.109622296628
0.01,2025-09-05 18:00:00+00:00,2025,2025-09,0.9817404006677793,49.44109622296628,0.03009248691923779,48.53832161538915,4944.109622296628,4992.647943912018
0.01,2025-09-08 16:35:00+00:00,2025,2025-09,0.9720670391061459,49.92647943912018,0.04648647992469188,48.531885041379425,4992.647943912018,5041.179828953397
0.01,2025-09-09 06:05:00+00:00,2025,2025-09,0.9657394567256702,50.41179828953398,0.05757118656117877,48.68466269269861,5041.179828953397,5089.864491646096
0.01,2025-09-09 09:40:00+00:00,2025,2025-09,0.9697140137584909,50.89864491646097,0.05138385532171319,49.35712925680957,5089.864491646096,5139.221620902906
0.01,2025-09-09 16:05:00+00:00,2025,2025-09,0.9743442512797329,51.39221620902906,0.04395019284121622,50.07371042379257,5139.221620902906,5189.295331326698
0.01,2025-09-09 18:45:00+00:00,2025,2025-09,-1.0209365622164839,51.89295331326698,0.03621533485467676,-52.97941335890729,5189.295331326698,5136.3159179677905
0.01,2025-09-10 10:05:00+00:00,2025,2025-09,0.959549263218726,51.36315917967791,0.06925592107439416,49.28548154744608,5136.3159179677905,5185.601399515236
0.01,2025-09-11 04:40:00+00:00,2025,2025-09,0.9520843315764252,51.85601399515236,0.08282385241199909,49.371298422792385,5185.601399515236,5234.972697938028
0.01,2025-09-11 07:40:00+00:00,2025,2025-09,0.9597338599888802,52.349726979380286,0.07026404786985421,50.24180554328466,5234.972697938028,5285.214503481313
0.01,2025-09-11 15:15:00+00:00,2025,2025-09,0.9522358185870909,52.852145034813134,0.08414798145013992,50.32770559130894,5285.214503481313,5335.5422090726215
0.01,2025-09-15 13:00:00+00:00,2025,2025-09,0.9608712664666772,53.355422090726215,0.0695910031181996,51.26769199718022,5335.5422090726215,5386.8099010698015
0.01,2025-09-16 07:45:00+00:00,2025,2025-09,0.9633635729239354,53.86809901069802,0.06578448937105566,51.89456432956635,5386.8099010698015,5438.704465399368
0.01,2025-09-16 17:20:00+00:00,2025,2025-09,-1.0279337040091514,54.387044653993684,0.05064105357657184,-55.90627626129084,5438.704465399368,5382.798189138077
0.01,2025-09-19 05:10:00+00:00,2025,2025-09,0.955166524338174,53.82798189138077,0.08044318386841445,51.41468637532834,5382.798189138077,5434.212875513405
0.01,2025-09-22 16:55:00+00:00,2025,2025-09,0.9602573807721424,54.342128755134055,0.07198995103821676,52.18243022398755,5434.212875513405,5486.395305737393
0.01,2025-09-23 18:30:00+00:00,2025,2025-09,-1.0226674150511639,54.86395305737393,0.04145413317663553,-56.107577052672994,5486.395305737393,5430.28772868472
0.01,2025-09-23 20:50:00+00:00,2025,2025-09,-1.018646114504901,54.3028772868472,0.03375125559453802,-55.31541495468334,5430.28772868472,5374.972313730036
0.01,2025-09-25 04:25:00+00:00,2025,2025-09,-1.0413410240762253,53.749723137300364,0.07406895327698598,-55.97179173560994,5374.972313730036,5319.000521994426
0.01,2025-09-25 06:00:00+00:00,2025,2025-09,0.9714250724578524,53.19000521994426,0.05066335150421212,51.6701046748179,5319.000521994426,5370.670626669244
0.01,2025-09-25 14:30:00+00:00,2025,2025-09,-1.0280639858878249,53.706706266692436,0.05024080822500037,-55.21393051344245,5370.670626669244,5315.456696155801
0.01,2025-09-29 04:50:00+00:00,2025,2025-09,0.9774079373446796,53.15456696155801,0.04002904357373147,51.95369565434607,5315.456696155801,5367.410391810147
0.01,2025-09-29 16:50:00+00:00,2025,2025-09,-1.0280123254231872,53.67410391810147,0.05011788219172749,-55.1776403838533,5367.410391810147,5312.232751426294
0.01,2025-10-01 10:15:00+00:00,2025,2025-10,0.9661699556987502,50.0,0.05638340716874971,48.30849778493751,5000.0,5048.308497784938
0.01,2025-10-01 15:25:00+00:00,2025,2025-10,0.9677488712104928,50.48308497784938,0.05427121584374183,48.85494850253713,5048.308497784938,5097.1634462874745
0.01,2025-10-01 16:30:00+00:00,2025,2025-10,-1.0226911731336519,50.971634462874746,0.03855353941674343,-52.128240645377055,5097.1634462874745,5045.035205642097
0.01,2025-10-01 17:30:00+00:00,2025,2025-10,-1.0279389069235267,50.45035205642097,0.04698425634545015,-51.85987974678447,5045.035205642097,4993.175325895312
0.01,2025-10-02 10:10:00+00:00,2025,2025-10,0.9708608536382306,49.93175325895312,0.0484989555437463,48.47678459264073,4993.175325895312,5041.652110487953
0.01,2025-10-02 16:20:00+00:00,2025,2025-10,-1.0309734513274336,50.41652110487953,0.05205245541801707,-51.97809476742004,5041.652110487953,4989.674015720533
0.01,2025-10-03 09:40:00+00:00,2025,2025-10,0.9618992325416861,49.89674015720533,0.06337013645525315,47.995636063547735,4989.674015720533,5037.669651784081
0.01,2025-10-03 14:50:00+00:00,2025,2025-10,0.9510192657554708,50.37669651784081,0.08224958614192195,47.90920893358315,5037.669651784081,5085.578860717664
0.01,2025-10-03 17:05:00+00:00,2025,2025-10,-1.0190515935297162,50.855788607176635,0.03229612710590352,-51.824672420353735,5085.578860717664,5033.75418829731
0.01,2025-10-06 12:25:00+00:00,2025,2025-10,0.9704566556934239,50.3375418829731,0.04957131104651234,48.85040255157773,5033.75418829731,5082.604590848888
0.01,2025-10-07 17:05:00+00:00,2025,2025-10,-1.0280767430978008,50.82604590848888,0.047567661121655724,-52.253075742138556,5082.604590848888,5030.3515151067495
0.01,2025-10-07 19:50:00+00:00,2025,2025-10,-1.0193609057216084,50.303515151067494,0.03246405381017723,-51.27743676537281,5030.3515151067495,4979.074078341377
0.01,2025-10-07 20:00:00+00:00,2025,2025-10,0.9795572688511179,49.79074078341377,0.033928624251300235,48.77288205587476,4979.074078341377,5027.846960397252
0.01,2025-10-08 16:55:00+00:00,2025,2025-10,0.9813482547295497,50.27846960397252,0.03125937358804588,49.340688396331146,5027.846960397252,5077.187648793582
0.01,2025-10-09 19:15:00+00:00,2025,2025-10,0.9741188070002451,50.77187648793583,0.04380122447813277,49.45783975359184,5077.187648793582,5126.645488547174
0.01,2025-10-10 07:50:00+00:00,2025,2025-10,0.9850495500626492,51.26645488547174,0.025548552241023436,50.49999831824104,5126.645488547174,5177.145486865415
0.01,2025-10-10 18:45:00+00:00,2025,2025-10,0.9808825002048304,51.771454868654146,0.03299135926157108,50.781714090807014,5177.145486865415,5227.927200956222
0.01,2025-10-13 04:10:00+00:00,2025,2025-10,0.988608006943691,52.27927200956222,0.019852170124060764,51.683706905840396,5227.927200956222,5279.610907862062
0.01,2025-10-13 15:50:00+00:00,2025,2025-10,-1.0329623758024777,52.796109078620624,0.05800950627860322,-54.536394266978725,5279.610907862062,5225.074513595084
0.01,2025-10-14 09:55:00+00:00,2025,2025-10,0.9859982264420161,52.25074513595084,0.02438677005431716,51.51914203432132,5225.074513595084,5276.5936556294055
0.01,2025-10-15 05:55:00+00:00,2025,2025-10,0.9817697255909652,52.76593655629406,0.03206458342903206,51.8039990534231,5276.5936556294055,5328.397654682829
0.01,2025-10-16 04:15:00+00:00,2025,2025-10,0.9810397443074083,53.28397654682829,0.03367592732153081,52.273698727182364,5328.397654682829,5380.671353410011
0.01,2025-10-16 15:10:00+00:00,2025,2025-10,0.9585668060926474,53.80671353410011,0.074312799845858,51.57732953872437,5380.671353410011,5432.248682948735
0.01,2025-10-17 05:05:00+00:00,2025,2025-10,0.9923173729805664,54.32248682948735,0.013911313502634692,53.90514742440831,5432.248682948735,5486.153830373143
0.01,2025-10-17 16:30:00+00:00,2025,2025-10,-1.0114817467564063,54.861538303731436,0.020996876315677596,-55.49144459320177,5486.153830373143,5430.662385779941
0.01,2025-10-21 10:05:00+00:00,2025,2025-10,0.9679384418082687,54.306623857799416,0.05803849936711004,52.56546887678612,5430.662385779941,5483.227854656728
0.01,2025-10-21 16:45:00+00:00,2025,2025-10,0.9902390503060757,54.83227854656728,0.01784050374987611,54.29706343407099,5483.227854656728,5537.524918090799
0.01,2025-10-21 18:45:00+00:00,2025,2025-10,-1.0062633842556414,55.375249180907986,0.011561215462397528,-55.72208564477991,5537.524918090799,5481.802832446018
0.01,2025-10-23 07:50:00+00:00,2025,2025-10,0.9793873124000038,54.81802832446019,0.03766489642332801,53.688081431760345,5481.802832446018,5535.490913877778
0.01,2025-10-24 08:25:00+00:00,2025,2025-10,0.9760806424056034,55.354909138777785,0.04413512887652511,54.03085527248203,5535.490913877778,5589.52176915026
0.01,2025-10-27 13:50:00+00:00,2025,2025-10,-1.0132376023550325,55.8952176915026,0.024663955511603084,-56.63513635685069,5589.52176915026,5532.886632793409
0.01,2025-10-28 15:05:00+00:00,2025,2025-10,0.9891304347826086,55.328866327934094,0.020046690698526912,54.727465606978285,5532.886632793409,5587.614098400388
0.01,2025-10-28 15:50:00+00:00,2025,2025-10,0.9886475440853705,55.87614098400388,0.021144380906684336,55.241809556803354,5587.614098400388,5642.855907957191
0.01,2025-10-29 18:20:00+00:00,2025,2025-10,-1.025012208339785,56.42855907957192,0.047046762533737206,-57.83996195558404,5642.855907957191,5585.0159460016075
0.01,2025-10-29 20:05:00+00:00,2025,2025-10,0.9845075617853188,55.85015946001607,0.028841838157146332,54.984904315301684,5585.0159460016075,5640.000850316909
0.01,2025-10-30 14:30:00+00:00,2025,2025-10,-1.017499562510937,56.40000850316909,0.03289918248061966,-57.38698397758768,5640.000850316909,5582.613866339321
0.01,2025-10-30 15:05:00+00:00,2025,2025-10,0.985356771795748,55.826138663393216,0.027249162940342696,55.00866377518293,5582.613866339321,5637.622530114504
0.01,2025-10-31 09:45:00+00:00,2025,2025-10,0.989132628506668,56.37622530114504,0.020422046124644173,55.76356391740572,5637.622530114504,5693.38609403191
0.01,2025-11-03 13:40:00+00:00,2025,2025-11,0.9738151348520553,50.0,0.04364144191324127,48.690756742602765,5000.0,5048.690756742602
0.01,2025-11-03 16:50:00+00:00,2025,2025-11,-1.0154220123522977,50.48690756742602,0.025953657071138427,-51.26551727956018,5048.690756742602,4997.425239463042
0.01,2025-11-04 06:55:00+00:00,2025,2025-11,-1.0214054186288297,49.97425239463042,0.03565732643899546,-51.04397218780028,4997.425239463042,4946.381267275242
0.01,2025-11-04 17:50:00+00:00,2025,2025-11,-1.0179865357932059,49.46381267275242,0.029656087903562972,-50.35349530985931,4946.381267275242,4896.027771965382
0.01,2025-11-05 16:45:00+00:00,2025,2025-11,0.9719258843346439,48.960277719653824,0.04581721665698404,47.5857612199443,4896.027771965382,4943.613533185327
0.01,2025-11-05 19:45:00+00:00,2025,2025-11,-1.0380669252800636,49.436135331853265,0.06272938899375917,-51.318017001666036,4943.613533185327,4892.295516183661
0.01,2025-11-10 16:55:00+00:00,2025,2025-11,0.9663018710484926,48.92295516183661,0.05495373505774617,47.274343110104226,4892.295516183661,4939.569859293765
0.01,2025-11-10 17:45:00+00:00,2025,2025-11,0.9787660013347089,49.395698592937656,0.034962273266451974,48.3468303949441,4939.569859293765,4987.916689688709
0.01,2025-11-11 18:05:00+00:00,2025,2025-11,0.9829394513002568,49.87916689688709,0.02836553186489856,49.02820094094013,4987.916689688709,5036.944890629649
0.01,2025-11-13 17:10:00+00:00,2025,2025-11,-1.0153973619186571,50.3694489062965,0.025851887815118553,-51.145005540750056,5036.944890629649,4985.799885088899
0.01,2025-11-14 10:10:00+00:00,2025,2025-11,-1.0254446760044578,49.85799885088899,0.042287354233049836,-51.12661947788049,4985.799885088899,4934.673265611018
0.01,2025-11-14 10:50:00+00:00,2025,2025-11,0.9847368191531115,49.346732656110184,0.02510627015777555,48.593544551376915,4934.673265611018,4983.266810162395
0.01,2025-11-14 19:35:00+00:00,2025,2025-11,-1.0121254113978868,49.83266810162395,0.020141386726217937,-50.43690970341049,4983.266810162395,4932.829900458984
0.01,2025-11-17 17:05:00+00:00,2025,2025-11,0.9866406264910015,49.328299004589844,0.02196650569886251,48.66930383362397,4932.829900458984,4981.499204292609
0.01,2025-11-18 10:05:00+00:00,2025,2025-11,0.9829214141069119,49.814992042926086,0.028358987345620416,48.96422242255748,4981.499204292609,5030.463426715166
0.01,2025-11-19 06:20:00+00:00,2025,2025-11,0.9797148487307292,50.30463426715166,0.03401457052181721,49.284197151497146,5030.463426715166,5079.747623866663
0.01,2025-11-19 07:10:00+00:00,2025,2025-11,0.9779017152478163,50.79747623866663,0.037417903153811334,49.674939144052296,5079.747623866663,5129.422563010716
0.01,2025-11-19 16:15:00+00:00,2025,2025-11,-1.0172126914911928,51.29422563010716,0.029430389368355556,-52.17713731115782,5129.422563010716,5077.245425699558
0.01,2025-11-19 20:40:00+00:00,2025,2025-11,0.9890928922014179,50.77245425699558,0.0184593543926542,50.21867362521595,5077.245425699558,5127.464099324774
0.01,2025-11-20 17:15:00+00:00,2025,2025-11,-1.013575274899317,51.27464099324774,0.023202244894904037,-51.970708340094866,5127.464099324774,5075.4933909846795
0.01,2025-11-20 19:25:00+00:00,2025,2025-11,0.9863631050560412,50.7549339098468,0.0230713233872051,50.06279420823064,5075.4933909846795,5125.556185192911
0.01,2025-11-20 20:20:00+00:00,2025,2025-11,-1.0131585543134993,51.25556185192911,0.022481636483251133,-51.93001094642664,5125.556185192911,5073.626174246484
0.01,2025-11-24 14:10:00+00:00,2025,2025-11,-1.032795077615017,50.73626174246484,0.055463321391331685,-52.40016138420479,5073.626174246484,5021.226012862279
0.01,2025-11-24 16:05:00+00:00,2025,2025-11,0.979148669983021,50.212260128622795,0.034899746894677,49.165267721782485,5021.226012862279,5070.391280584062
0.01,2025-11-25 12:45:00+00:00,2025,2025-11,-1.028965916771266,50.703912805840616,0.048956177277050074,-52.17259812415212,5070.391280584062,5018.218682459909
0.01,2025-11-26 15:10:00+00:00,2025,2025-11,-1.0254820351652083,50.18218682459909,0.042624808311049436,-51.46093107393058,5018.218682459909,4966.757751385979
0.01,2025-11-26 15:35:00+00:00,2025,2025-11,0.9788634579382816,49.66757751385979,0.03499336137417863,48.617776672634434,4966.757751385979,5015.375528058613
0.01,2025-11-26 16:35:00+00:00,2025,2025-11,-1.0192491017085876,50.15375528058613,0.03218049121545392,-51.11917001704975,5015.375528058613,4964.2563580415635
0.01,2025-11-28 11:50:00+00:00,2025,2025-11,0.955242966751913,49.64256358041564,0.07406179562296449,47.4207097117267,4964.2563580415635,5011.67706775329
0.01,2025-11-28 14:15:00+00:00,2025,2025-11,0.9792338271067779,50.116770677532905,0.03469111749132038,49.07603715279329,5011.67706775329,5060.7531049060835
0.01,2025-12-01 05:35:00+00:00,2025,2025-12,-1.014812097957341,50.0,0.02468682992890164,-50.740604897867044,5000.0,4949.259395102133
0.01,2025-12-01 08:45:00+00:00,2025,2025-12,0.9855759324129405,49.49259395102133,0.023796150673614187,48.7787094308129,4949.259395102133,4998.038104532946
0.01,2025-12-01 11:30:00+00:00,2025,2025-12,0.9732327223595991,49.98038104532946,0.0445946245337787,48.6425423093161,4998.038104532946,5046.680646842262
0.01,2025-12-01 19:05:00+00:00,2025,2025-12,-1.019774011299436,50.46680646842262,0.03326437337843447,-51.46473766977566,5046.680646842262,4995.215909172486
0.01,2025-12-02 05:30:00+00:00,2025,2025-12,0.955140666054296,49.952159091724866,0.0746940195334873,47.71133850572025,4995.215909172486,5042.927247678206
0.01,2025-12-03 17:20:00+00:00,2025,2025-12,-1.0168905332582638,50.42927247678206,0.02839257679863805,-51.2810497807412,5042.927247678206,4991.646197897465
0.01,2025-12-04 15:35:00+00:00,2025,2025-12,-1.0253960575643957,49.91646197897465,0.042256044727633474,-51.18414332080366,4991.646197897465,4940.462054576661
0.01,2025-12-05 05:20:00+00:00,2025,2025-12,0.961994389647997,49.40462054576661,0.06258842526836561,47.52696778771564,4940.462054576661,4987.989022364377
0.01,2025-12-05 13:15:00+00:00,2025,2025-12,0.9570955747149967,49.87989022364377,0.07133560077748295,47.73982220031928,4987.989022364377,5035.728844564696
0.01,2025-12-05 15:30:00+00:00,2025,2025-12,0.9688612099644118,50.357288445646965,0.05226883438901844,48.789223413976416,5035.728844564696,5084.518067978673
0.01,2025-12-05 15:55:00+00:00,2025,2025-12,0.981503989853617,50.84518067978673,0.03134776592493387,49.90474770203872,5084.518067978673,5134.422815680711
0.01,2025-12-08 15:50:00+00:00,2025,2025-12,-1.0470430107526831,51.34422815680711,0.0805129025756296,-53.75961523407601,5134.422815680711,5080.6632004466355
0.01,2025-12-08 16:35:00+00:00,2025,2025-12,0.9683539534953818,50.80663200446636,0.05359430130521219,49.198802965309994,5080.6632004466355,5129.862003411946
0.01,2025-12-08 19:00:00+00:00,2025,2025-12,-1.0290605150630336,51.29862003411946,0.04969214400714565,-52.789384354333826,5129.862003411946,5077.072619057612
0.01,2025-12-10 08:05:00+00:00,2025,2025-12,0.9690411605142122,50.77072619057613,0.052393425423697716,49.198923427865196,5077.072619057612,5126.271542485478
0.01,2025-12-10 08:35:00+00:00,2025,2025-12,0.9680165704625407,51.262715424854775,0.05465191488965569,49.62315797816511,5126.271542485478,5175.894700463643
0.01,2025-12-10 16:00:00+00:00,2025,2025-12,-1.0378712737371751,51.75894700463643,0.06533924167868438,-53.71912425499696,5175.894700463643,5122.175576208646
0.01,2025-12-10 21:35:00+00:00,2025,2025-12,-1.015325334968036,51.22175576208646,0.026166352156829942,-52.006746326791365,5122.175576208646,5070.168829881854
0.01,2025-12-11 13:15:00+00:00,2025,2025-12,-1.0265469945009802,50.701688298818546,0.04486591468197154,-52.04766573927769,5070.168829881854,5018.121164142577
0.01,2025-12-15 12:20:00+00:00,2025,2025-12,-1.0466159071233565,50.18121164142577,0.07797475670713995,-52.520454342639965,5018.121164142577,4965.600709799937
0.01,2025-12-15 17:40:00+00:00,2025,2025-12,0.9830501634448526,49.65600709799937,0.02805537347641082,48.81434589370704,4965.600709799937,5014.415055693645
0.01,2025-12-17 18:05:00+00:00,2025,2025-12,0.9792563910071518,50.144150556936445,0.034672355081053416,49.10397990450485,5014.415055693645,5063.5190355981495
0.01,2025-12-17 21:05:00+00:00,2025,2025-12,0.9662124113075758,50.63519035598149,0.0570280328370168,48.924349370870985,5063.5190355981495,5112.44338496902
0.01,2025-12-19 16:25:00+00:00,2025,2025-12,-1.028947549796679,51.124433849690206,0.049330903156364264,-52.60436094438113,5112.44338496902,5059.839024024639
0.01,2025-12-23 15:35:00+00:00,2025,2025-12,-1.0324439569267858,50.59839024024639,0.05472039978397507,-52.240002233765644,5059.839024024639,5007.599021790873
0.01,2025-12-24 18:05:00+00:00,2025,2025-12,0.990151017728168,50.07599021790873,0.016439917996687023,49.58279267800812,5007.599021790873,5057.181814468881
0.01,2025-12-24 18:40:00+00:00,2025,2025-12,0.988853621511449,50.57181814468881,0.018789754196495877,50.00812551879394,5057.181814468881,5107.189939987676
0.01,2025-12-26 05:55:00+00:00,2025,2025-12,0.9767256284080326,51.071899399876756,0.03962221215134373,49.883233035336445,5107.189939987676,5157.073173023012
0.01,2025-12-29 10:50:00+00:00,2025,2025-12,0.988503230044892,51.57073173023012,0.019763227970634772,50.97783489111108,5157.073173023012,5208.051007914123
0.01,2025-12-30 11:15:00+00:00,2025,2025-12,0.9864802224969097,52.080510079141234,0.023470563617248003,51.37639317062379,5208.051007914123,5259.427401084747
0.01,2025-12-31 09:50:00+00:00,2025,2025-12,0.9805080891430051,52.59427401084747,0.03417209668692662,51.56911111023967,5259.427401084747,5310.996512194986
0.01,2025-12-31 16:25:00+00:00,2025,2025-12,-1.0195574430040233,53.10996512194986,0.034623170527273456,-54.14866023776806,5310.996512194986,5256.847851957218
0.01,2026-01-02 08:20:00+00:00,2026,2026-01,0.9557727138705177,50.0,0.07371214354913727,47.78863569352588,5000.0,5047.788635693526
0.01,2026-01-02 17:45:00+00:00,2026,2026-01,-1.0127729456845689,50.47788635693526,0.021491710023632458,-51.12263765764423,5047.788635693526,4996.665998035882
0.01,2026-01-06 12:20:00+00:00,2026,2026-01,0.9843563766388558,49.96665998035882,0.02605532031156975,49.18500037101173,4996.665998035882,5045.850998406893
0.01,2026-01-06 19:55:00+00:00,2026,2026-01,-1.0107755856017648,50.45850998406893,0.018123999789028088,-51.00222997773977,5045.850998406893,4994.848768429153
0.01,2026-01-07 13:35:00+00:00,2026,2026-01,0.9764745420937654,49.948487684291536,0.039168701483229325,48.77342663979466,4994.848768429153,5043.622195068948
0.01,2026-01-07 20:50:00+00:00,2026,2026-01,0.979494190020506,50.43622195068948,0.03447451944681415,49.401986367285055,5043.622195068948,5093.0241814362325
0.01,2026-01-08 06:40:00+00:00,2026,2026-01,0.9744307804699843,50.930241814362326,0.043408217788940384,49.62799528069411,5093.0241814362325,5142.652176716927
0.01,2026-01-08 11:20:00+00:00,2026,2026-01,0.9738223158524563,51.42652176716927,0.044874241454258015,50.08029452354153,5142.652176716927,5192.732471240469
0.01,2026-01-08 13:10:00+00:00,2026,2026-01,0.9536423841059632,51.92732471240469,0.08024089911408598,49.52009773898211,5192.732471240469,5242.252568979451
0.01,2026-01-08 15:05:00+00:00,2026,2026-01,-1.0267243573428375,52.42252568979451,0.046698610311604945,-53.82348399914266,5242.252568979451,5188.429084980308
0.01,2026-01-08 19:10:00+00:00,2026,2026-01,0.9623000556522973,51.88429084980309,0.06520116258525332,49.92825597224549,5188.429084980308,5238.357340952553
0.01,2026-01-09 05:40:00+00:00,2026,2026-01,0.976528707625935,52.38357340952553,0.04098367223644232,51.154063242432265,5238.357340952553,5289.5114041949855
0.01,2026-01-09 15:35:00+00:00,2026,2026-01,0.9890660876899764,52.89511404194985,0.019278351285445885,52.316763503386476,5289.5114041949855,5341.8281676983715
0.01,2026-01-12 08:35:00+00:00,2026,2026-01,0.9760571891140026,53.41828167698372,0.04263279386823189,52.13929786093676,5341.8281676983715,5393.967465559308
0.01,2026-01-12 19:25:00+00:00,2026,2026-01,-1.0152046106171622,53.93967465559308,0.027337724998489975,-54.759806405547785,5393.967465559308,5339.207659153761
0.01,2026-01-12 21:50:00+00:00,2026,2026-01,0.9622939634431031,53.39207659153761,0.06710678639363844,51.37887299972846,5339.207659153761,5390.586532153489
0.01,2026-01-15 16:10:00+00:00,2026,2026-01,0.9811773985372148,53.9058653215349,0.033821620648461004,52.89121670208107,5390.586532153489,5443.47774885557
0.01,2026-01-16 17:00:00+00:00,2026,2026-01,-1.0319313931210663,54.4347774885557,0.0579392759814946,-56.17295576800055,5443.47774885557,5387.304793087569
0.01,2026-01-20 05:20:00+00:00,2026,2026-01,0.9630756246373514,53.87304793087569,0.0663076214576538,51.88381928714608,5387.304793087569,5439.188612374715
0.01,2026-01-20 10:05:00+00:00,2026,2026-01,0.9809836006193907,54.391886123747156,0.03447792765312647,53.35754829415336,5439.188612374715,5492.546160668869
0.01,2026-01-21 09:30:00+00:00,2026,2026-01,0.9872981310107062,54.925461606688685,0.0232552005834882,54.22780558918404,5492.546160668869,5546.7739662580525
0.01,2026-01-23 08:30:00+00:00,2026,2026-01,0.9679829242262568,55.46773966258053,0.05919716079250351,53.691824838805424,5546.7739662580525,5600.465791096858
0.01,2026-01-23 17:00:00+00:00,2026,2026-01,-1.0168705865340575,56.00465791096858,0.03149438091990951,-56.94948933856586,5600.465791096858,5543.516301758292
0.01,2026-01-23 20:50:00+00:00,2026,2026-01,-1.0116780852389,55.435163017582916,0.02157921863172165,-56.082539576534565,5543.516301758292,5487.433762181758
0.01,2026-01-26 16:05:00+00:00,2026,2026-01,-1.016079509345258,54.874337621817574,0.029411747486828333,-55.75669004642243,5487.433762181758,5431.677072135335
0.01,2026-01-26 17:50:00+00:00,2026,2026-01,-1.0147248555561788,54.31677072135335,0.026660220105000215,-55.11657732450336,5431.677072135335,5376.560494810832
0.01,2026-01-27 05:00:00+00:00,2026,2026-01,0.9823162362214003,53.76560494810832,0.03169260857719534,52.81482669079246,5376.560494810832,5429.375321501625
0.01,2026-01-28 15:20:00+00:00,2026,2026-01,-1.015638497512735,54.29375321501625,0.028302424153669296,-55.142825939626334,5429.375321501625,5374.232495561999
0.01,2026-01-29 15:45:00+00:00,2026,2026-01,0.9850219321707501,53.74232495561999,0.026831872949562262,52.93736876713312,5374.232495561999,5427.169864329132
0.01,2026-01-30 12:40:00+00:00,2026,2026-01,-1.0027021010765942,54.27169864329132,0.004888253844421247,-54.418346258623956,5427.169864329132,5372.751518070508
0.01,2026-01-30 15:10:00+00:00,2026,2026-01,0.9955953050146404,53.727515180705076,0.007888443889742762,53.49086186401279,5372.751518070508,5426.242379934521
0.01,2026-01-30 17:55:00+00:00,2026,2026-01,0.9961348317915607,54.26242379934521,0.0069911131794029545,54.05269040396312,5426.242379934521,5480.295070338484
0.01,2026-02-02 15:55:00+00:00,2026,2026-02,0.9953380677844944,50.0,0.007769887025842685,49.76690338922472,5000.0,5049.766903389224
0.01,2026-02-02 17:40:00+00:00,2026,2026-02,-1.0035994220356617,50.497669033892244,0.006058747422338105,-50.679431456562384,5049.766903389224,4999.087471932662
0.01,2026-02-03 05:00:00+00:00,2026,2026-02,0.9957732956821197,49.99087471932662,0.007043221534359769,49.77957807329583,4999.087471932662,5048.867050005958
0.01,2026-02-03 05:50:00+00:00,2026,2026-02,0.9918734738577395,50.488670500059584,0.013676583356890431,50.07837299935287,5048.867050005958,5098.945423005311
0.01,2026-02-03 07:35:00+00:00,2026,2026-02,0.9882192564667867,50.989454230053106,0.02002312277275924,50.38876054687033,5098.945423005311,5149.334183552181
0.01,2026-02-03 14:35:00+00:00,2026,2026-02,0.9914993867414722,51.493341835521804,0.014590832811098093,51.055616851188866,5149.334183552181,5200.389800403369
0.01,2026-02-03 19:25:00+00:00,2026,2026-02,0.993134338117501,52.003898004033694,0.011901372675588774,51.64685682376603,5200.389800403369,5252.036657227135
0.01,2026-02-04 09:10:00+00:00,2026,2026-02,-1.0124498301487452,52.52036657227135,0.021795654772487315,-53.174236215445966,5252.036657227135,5198.862421011689
0.01,2026-02-09 15:55:00+00:00,2026,2026-02,0.9891320098536445,51.98862421011689,0.01883372852127097,51.423612354478756,5198.862421011689,5250.286033366167
0.01,2026-02-09 16:20:00+00:00,2026,2026-02,0.9865650730284248,52.50286033366167,0.023512403146051904,51.79748823928011,5250.286033366167,5302.0835216054475
0.01,2026-02-10 08:35:00+00:00,2026,2026-02,0.9891267203081796,53.02083521605448,0.01921701235993602,52.444324845256396,5302.0835216054475,5354.527846450704
0.01,2026-02-10 18:00:00+00:00,2026,2026-02,-1.0113009551997847,53.545278464507035,0.02017042643624625,-54.15039125759443,5354.527846450704,5300.377455193109
0.01,2026-02-11 08:20:00+00:00,2026,2026-02,0.9814850734425418,53.003774551931095,0.03271203310323589,52.02241355883402,5300.377455193109,5352.399868751943
0.01,2026-02-11 15:00:00+00:00,2026,2026-02,-1.0077543996986862,53.52399868751944,0.013834882643166183,-53.93904516681442,5352.399868751943,5298.460823585129
0.01,2026-02-11 16:05:00+00:00,2026,2026-02,-0.30196936542669744,52.98460823585129,0.009275204942818754,-15.999728526362182,5298.460823585129,5282.461095058767
0.01,2026-02-12 15:30:00+00:00,2026,2026-02,-1.0154251841840438,52.82461095058767,0.027160978445442404,-53.63944030395094,5282.461095058767,5228.821654754815
0.01,2026-02-12 19:25:00+00:00,2026,2026-02,0.487351286346263,52.28821654754815,0.00524012535373214,25.482729595199547,5228.821654754815,5254.304384350015
0.01,2026-02-13 16:50:00+00:00,2026,2026-02,0.9915208385486906,52.54304384350016,0.014850698396408908,52.09752289160789,5254.304384350015,5306.401907241623
0.01,2026-02-17 13:40:00+00:00,2026,2026-02,-1.0146232425995947,53.06401907241623,0.02586560080684881,-53.83998709662169,5306.401907241623,5252.561920145002
0.01,2026-02-19 12:45:00+00:00,2026,2026-02,0.9833800275416682,52.52561920145002,0.029099144816164105,51.6526448569651,5252.561920145002,5304.214565001967
0.01,2026-02-19 14:10:00+00:00,2026,2026-02,-1.020712918943443,53.04214565001967,0.036621922114504914,-54.140803313454825,5304.214565001967,5250.073761688512
0.01,2026-02-19 21:50:00+00:00,2026,2026-02,0.9748252754234744,52.50073761688512,0.04405638698565067,51.1790460073156,5250.073761688512,5301.252807695827
0.01,2026-02-20 12:05:00+00:00,2026,2026-02,0.9822814714816069,53.01252807695827,0.031310133018789904,52.07322408639457,5301.252807695827,5353.326031782221
0.01,2026-02-20 17:40:00+00:00,2026,2026-02,0.9928551500758713,53.53326031782222,0.012749570364005066,53.150773206902066,5353.326031782221,5406.476804989124
0.01,2026-02-24 18:40:00+00:00,2026,2026-02,0.9865626659670725,54.064768049891235,0.024216211589971125,53.338281702192106,5406.476804989124,5459.815086691316
0.01,2026-02-25 13:40:00+00:00,2026,2026-02,-1.0207606299368286,54.59815086691316,0.037783066846104225,-55.73164287229628,5459.815086691316,5404.0834438190195
0.01,2026-02-25 17:40:00+00:00,2026,2026-02,0.989968376501161,54.040834438190195,0.018070576821567208,53.49871713354318,5404.0834438190195,5457.582160952563
0.01,2026-02-25 21:20:00+00:00,2026,2026-02,0.9829726508339347,54.57582160952563,0.030976052352342805,53.64654003895535,5457.582160952563,5511.228700991518
0.01,2026-02-26 07:50:00+00:00,2026,2026-02,0.978824454729708,55.11228700991518,0.03890109095092617,53.94525428138739,5511.228700991518,5565.173955272905
0.01,2026-02-27 05:00:00+00:00,2026,2026-02,0.9719708496836729,55.651739552729055,0.051995699109617634,54.09186857944052,5565.173955272905,5619.265823852345
0.01,2026-03-02 06:55:00+00:00,2026,2026-03,0.9837483941865688,50.0,0.02708600968905207,49.18741970932844,5000.0,5049.187419709328
0.01,2026-03-03 20:05:00+00:00,2026,2026-03,0.9962299108104615,50.49187419709329,0.006345295635666645,50.30151532802329,5049.187419709328,5099.488935037351
0.01,2026-03-04 08:35:00+00:00,2026,2026-03,0.9938921351059715,50.99488935037351,0.010382329814600508,50.6834194559355,5099.488935037351,5150.172354493287
0.01,2026-03-04 10:25:00+00:00,2026,2026-03,0.9920549945709128,51.501723544932865,0.013639382439061288,51.09254207176103,5150.172354493287,5201.264896565048
0.01,2026-03-04 11:20:00+00:00,2026,2026-03,0.9897245192542935,52.01264896565048,0.017815165765991174,51.47819399267075,5201.264896565048,5252.7430905577185
0.01,2026-03-04 15:05:00+00:00,2026,2026-03,0.9844725089467924,52.527430905577184,0.027187307114477623,51.71181169214285,5252.7430905577185,5304.454902249861
0.01,2026-03-04 15:55:00+00:00,2026,2026-03,0.9891159565260209,53.044549022498614,0.01924463925394967,52.467209844880124,5304.454902249861,5356.922112094741
0.01,2026-03-04 16:35:00+00:00,2026,2026-03,-1.0121545362465638,53.56922112094742,0.021703634660491654,-54.22033016076217,5356.922112094741,5302.701781933979
0.01,2026-03-04 17:40:00+00:00,2026,2026-03,0.9916232872614134,53.02701781933979,0.014806403188550825,52.582825723683264,5302.701781933979,5355.2846076576625
0.01,2026-03-05 08:35:00+00:00,2026,2026-03,0.9845971042555998,53.55284607657663,0.02749563016444752,52.727977171643204,5355.2846076576625,5408.0125848293055
0.01,2026-03-09 11:45:00+00:00,2026,2026-03,0.9910015682980967,54.08012584829306,0.016221210629206714,53.59348952941686,5408.0125848293055,5461.606074358722
0.01,2026-03-09 12:10:00+00:00,2026,2026-03,-1.0128953024255452,54.61606074358723,0.023476354019349954,-55.32035136416773,5461.606074358722,5406.285722994555
0.01,2026-03-09 15:35:00+00:00,2026,2026-03,-1.0105292185815637,54.06285722994555,0.018974654697265537,-54.63209687086352,5406.285722994555,5351.6536261236915
0.01,2026-03-09 17:00:00+00:00,2026,2026-03,0.9915969076620197,53.516536261236915,0.014990146527068166,53.06683186542487,5351.6536261236915,5404.720457989117
0.01,2026-03-10 14:25:00+00:00,2026,2026-03,0.9866400315549733,54.04720457989117,0.024068964924308434,53.325135632161924,5404.720457989117,5458.045593621278
0.01,2026-03-12 08:25:00+00:00,2026,2026-03,0.9851194694027948,54.580455936212786,0.02707287148560752,53.76826979164456,5458.045593621278,5511.813863412923
0.01,2026-03-13 04:20:00+00:00,2026,2026-03,0.9833421910571365,55.11813863412923,0.030604914088452888,54.19999121147564,5511.813863412923,5566.013854624398
0.01,2026-03-13 07:45:00+00:00,2026,2026-03,0.9822801258954871,55.66013854624398,0.03287635492263963,54.67384789856479,5566.013854624398,5620.687702522962
0.01,2026-03-16 17:20:00+00:00,2026,2026-03,-1.0116455106556421,56.20687702522962,0.021818592843922482,-56.8614348105473,5620.687702522962,5563.826267712415
0.01,2026-03-17 19:30:00+00:00,2026,2026-03,0.9808540899310749,55.638262677124146,0.03550817245358166,54.573017503516695,5563.826267712415,5618.399285215932
0.01,2026-03-19 16:35:00+00:00,2026,2026-03,0.9953589929456693,56.18399285215932,0.008691676905577834,55.923242544991986,5618.399285215932,5674.322527760924
0.01,2026-03-20 14:30:00+00:00,2026,2026-03,0.9874350812531414,56.743225277609234,0.02376580050159522,56.03025126256138,5674.322527760924,5730.352779023485
0.01,2026-03-23 15:20:00+00:00,2026,2026-03,-1.0041138236227507,57.30352779023485,0.00785788687634717,-57.53926439652527,5730.352779023485,5672.81351462696
0.01,2026-03-24 06:00:00+00:00,2026,2026-03,0.9930583101943674,56.7281351462696,0.013126303914580176,56.334346028832194,5672.81351462696,5729.147860655792
0.01,2026-03-24 08:05:00+00:00,2026,2026-03,0.9895929350896492,57.291478606557924,0.01987453788894742,56.6952424698895,5729.147860655792,5785.843103125681
0.01,2026-03-24 20:45:00+00:00,2026,2026-03,-1.0113943418953673,57.85843103125681,0.021975291489988846,-58.51768977595648,5785.843103125681,5727.325413349725
0.01,2026-03-25 16:15:00+00:00,2026,2026-03,0.9846880741972175,57.27325413349725,0.029232127259200498,56.39629031572123,5727.325413349725,5783.7217036654465
0.01,2026-03-26 12:50:00+00:00,2026,2026-03,0.9885107151259173,57.837217036654465,0.022150275428609097,57.17270877379619,5783.7217036654465,5840.894412439243
0.01,2026-03-26 14:35:00+00:00,2026,2026-03,-1.012950571983596,58.40894412439243,0.025214307845625953,-59.16537335976121,5840.894412439243,5781.7290390794815
0.01,2026-03-26 17:50:00+00:00,2026,2026-03,0.9894930128535475,57.81729039079482,0.020249517565959805,57.209804863816025,5781.7290390794815,5838.938843943298
0.01,2026-03-27 15:55:00+00:00,2026,2026-03,-1.0144273377439763,58.38938843943298,0.02808011425599739,-59.231791867112904,5838.938843943298,5779.7070520761845
0.01,2026-03-30 14:40:00+00:00,2026,2026-03,0.9804405532529216,57.79707052076185,0.037682624099599264,56.66659179777387,5779.7070520761845,5836.373643873958
0.01,2026-03-31 05:50:00+00:00,2026,2026-03,-1.0059426618031169,58.36373643873958,0.011561198240722447,-58.71057238596126,5836.373643873958,5777.663071487997
0.01,2026-04-01 15:35:00+00:00,2026,2026-04,-1.0164106090680332,50.0,0.02735101511338864,-50.82053045340166,5000.0,4949.179469546599
0.01,2026-04-02 15:15:00+00:00,2026,2026-04,0.9908926108716205,49.49179469546599,0.015024701098449144,49.04105366251252,4949.179469546599,4998.220523209111
0.01,2026-04-06 04:25:00+00:00,2026,2026-04,0.9911794354838708,49.98220523209111,0.014695708863602287,49.54133396618304,4998.220523209111,5047.761857175294
0.01,2026-04-06 06:50:00+00:00,2026,2026-04,0.9795735740409302,50.47761857175294,0.034369244611536065,49.44654123340686,5047.761857175294,5097.2083984087
0.01,2026-04-07 09:00:00+00:00,2026,2026-04,0.9878974394439737,50.97208398408701,0.02056309110280902,50.355191251002736,5097.2083984087,5147.563589659703
0.01,2026-04-07 09:35:00+00:00,2026,2026-04,0.986370451138067,51.47563589659703,0.023386323155058005,50.77404620194529,5147.563589659703,5198.337635861649
0.01,2026-04-07 18:20:00+00:00,2026,2026-04,0.9933256419302244,51.98337635861649,0.011565188916443727,51.63642069112318,5198.337635861649,5249.974056552772
0.01,2026-04-09 11:25:00+00:00,2026,2026-04,0.9863851195840331,52.499740565527716,0.023825922988964875,51.78496287585877,5249.974056552772,5301.75901942863
0.01,2026-04-09 15:05:00+00:00,2026,2026-04,0.979009026118769,53.017590194286306,0.037096361700469,51.904699343272235,5301.75901942863,5353.6637187719025
0.01,2026-04-09 17:20:00+00:00,2026,2026-04,-1.0092705408698417,53.53663718771902,0.016543786102754414,-54.03295077080166,5353.6637187719025,5299.6307680011005
0.01,2026-04-10 06:30:00+00:00,2026,2026-04,0.9864133071951242,52.99630768001101,0.024001485074699572,52.276263127770015,5299.6307680011005,5351.907031128871
0.01,2026-04-10 13:20:00+00:00,2026,2026-04,0.9866196016464261,53.51907031128871,0.02387021600926568,52.802963831010736,5351.907031128871,5404.709994959881
0.01,2026-04-10 15:25:00+00:00,2026,2026-04,-1.030334108538332,54.04709994959882,0.05464901986844026,-55.686570545652025,5404.709994959881,5349.023424414229
0.01,2026-04-10 18:30:00+00:00,2026,2026-04,0.9835775841844311,53.49023424414229,0.029281295627649664,52.6117953753128,5349.023424414229,5401.635219789542
0.01,2026-04-13 11:55:00+00:00,2026,2026-04,0.9811642299757826,54.01635219789542,0.03391465291822304,52.99891261034873,5401.635219789542,5454.634132399891
0.01,2026-04-13 17:50:00+00:00,2026,2026-04,-1.0096450617283952,54.54634132399892,0.017536760970936226,-55.072444153127,5454.634132399891,5399.561688246764
0.01,2026-04-14 09:05:00+00:00,2026,2026-04,0.9660715728249452,53.99561688246764,0.0610662118389654,52.16363052729867,5399.561688246764,5451.7253187740625
0.01,2026-04-14 09:40:00+00:00,2026,2026-04,0.9674352970366135,54.51725318774063,0.05917793854795041,52.74191503130212,5451.7253187740625,5504.467233805364
0.01,2026-04-16 12:30:00+00:00,2026,2026-04,0.9829111297370755,55.044672338053644,0.03135504214167295,54.10402107380346,5504.467233805364,5558.571254879168
0.01,2026-04-21 17:00:00+00:00,2026,2026-04,0.9855698864143914,55.58571254879168,0.02673693819386843,54.78360440297563,5558.571254879168,5613.3548592821435
0.01,2026-04-21 20:55:00+00:00,2026,2026-04,0.9864582527276942,56.133548592821434,0.02533821095138954,55.37340226427975,5613.3548592821435,5668.728261546423
0.01,2026-04-22 12:50:00+00:00,2026,2026-04,0.9719202535199966,56.68728261546423,0.053058817482751416,55.095518090981685,5668.728261546423,5723.823779637404
0.01,2026-04-22 13:25:00+00:00,2026,2026-04,0.9768150503444626,57.238237796374044,0.044235522056020375,55.91117213469343,5723.823779637404,5779.734951772098
0.01,2026-04-22 16:05:00+00:00,2026,2026-04,0.9846319348394035,57.79734951772098,0.029607781116603542,56.90911608422287,5779.734951772098,5836.64406785632
0.01,2026-04-22 16:25:00+00:00,2026,2026-04,0.9757477768795453,58.36644067856321,0.04718386473610996,56.950924736479905,5836.64406785632,5893.5949925928
0.01,2026-04-22 16:55:00+00:00,2026,2026-04,-1.017394473527268,58.935949925928,0.0341719940263647,-59.96110974671895,5893.5949925928,5833.633882846081
0.01,2026-04-22 19:15:00+00:00,2026,2026-04,-1.0274743245895195,58.33633882846081,0.05342505027791051,-59.93909033679813,5833.633882846081,5773.694792509283
0.01,2026-04-23 20:05:00+00:00,2026,2026-04,0.982086802238297,57.73694792509283,0.034475112211311214,56.70269455875349,5773.694792509283,5830.397487068036
0.01,2026-04-24 04:30:00+00:00,2026,2026-04,0.9847760999267808,58.303974870680356,0.029587129576757232,57.416360983377636,5830.397487068036,5887.8138480514135
0.01,2026-04-24 08:15:00+00:00,2026,2026-04,0.9799944746644309,58.87813848051414,0.03926293636943578,57.70025038943107,5887.8138480514135,5945.5140984408445
0.01,2026-04-24 14:05:00+00:00,2026,2026-04,0.987469718486342,59.455140984408445,0.024832988465628782,58.71015133043958,5945.5140984408445,6004.224249771284
0.01,2026-04-27 12:30:00+00:00,2026,2026-04,-1.029613334461462,60.04224249771284,0.05926836696336589,-61.820293506613815,6004.224249771284,5942.40395626467
0.01,2026-04-27 15:20:00+00:00,2026,2026-04,-1.0259067357512954,59.424039562646705,0.05131609634080059,-60.96352245287072,5942.40395626467,5881.440433811799
0.01,2026-04-28 04:00:00+00:00,2026,2026-04,0.9736736535954256,58.814404338117996,0.05161227940613336,57.266035955933994,5881.440433811799,5938.706469767733
0.01,2026-04-28 16:05:00+00:00,2026,2026-04,0.9865081914551875,59.38706469767733,0.026707963564648534,58.58582579073788,5938.706469767733,5997.292295558471
0.01,2026-04-29 05:40:00+00:00,2026,2026-04,-1.0297307245802294,59.97292295558471,0.05943461515546007,-61.75596141024852,5997.292295558471,5935.5363341482225
0.01,2026-04-29 17:35:00+00:00,2026,2026-04,0.9891342591634414,59.355363341482224,0.021497999844277145,58.71042334615391,5935.5363341482225,5994.246757494377
0.01,2026-04-29 19:00:00+00:00,2026,2026-04,0.9766420110116235,59.94246757494377,0.046671183251721635,58.54233207739212,5994.246757494377,6052.789089571769
0.01,2026-04-30 20:45:00+00:00,2026,2026-04,0.9778043186454292,60.52789089571769,0.04478192597951937,59.18443311633211,6052.789089571769,6111.973522688101
0.01,2026-05-01 05:45:00+00:00,2026,2026-05,0.9854438583479475,50.0,0.024260236086754258,49.272192917397376,5000.0,5049.272192917398
0.01,2026-05-04 05:40:00+00:00,2026,2026-05,-1.0212005572717913,50.492721929173975,0.03568246143560288,-51.56319577224206,5049.272192917398,4997.708997145156
0.01,2026-05-05 04:05:00+00:00,2026,2026-05,0.9860951094513528,49.97708997145156,0.023164198866430893,49.28216400545863,4997.708997145156,5046.991161150615
0.01,2026-05-05 09:35:00+00:00,2026,2026-05,0.9792651981160949,50.46991161150615,0.034882787278759445,49.42342799314337,5046.991161150615,5096.414589143758
0.01,2026-05-05 13:40:00+00:00,2026,2026-05,0.9590507575609869,50.96414589143758,0.06956477219352376,48.87720272563187,5096.414589143758,5145.29179186939
0.01,2026-05-05 16:05:00+00:00,2026,2026-05,-1.0183921736921857,51.452917918693906,0.031544366777679904,-52.3992489220243,5145.29179186939,5092.892542947366
0.01,2026-05-06 14:45:00+00:00,2026,2026-05,0.9879327682804191,50.92892542947366,0.02048570481289043,50.31435428508694,5092.892542947366,5143.206897232452
0.01,2026-05-06 16:00:00+00:00,2026,2026-05,0.9887208353027114,51.43206897232452,0.019337025888705138,50.851958195663364,5143.206897232452,5194.058855428116
0.01,2026-05-06 19:30:00+00:00,2026,2026-05,0.9722955145118728,51.940588554281156,0.04796624272822902,50.501601272434286,5194.058855428116,5244.56045670055
0.01,2026-05-07 07:45:00+00:00,2026,2026-05,0.976405554806527,52.4456045670055,0.041247498086492335,51.20817962441073,5244.56045670055,5295.768636324961
0.01,2026-05-07 12:50:00+00:00,2026,2026-05,0.9679756004574918,52.957686363249614,0.0565312702314515,51.26174825630607,5295.768636324961,5347.030384581268
0.01,2026-05-07 19:55:00+00:00,2026,2026-05,-1.0167488156194664,53.47030384581268,0.029852142007678644,-54.36586810604304,5347.030384581268,5292.664516475224
0.01,2026-05-12 15:40:00+00:00,2026,2026-05,-1.0191494018091627,52.926645164752244,0.033783786489027356,-53.94015875942306,5292.664516475224,5238.7243577158015
0.01,2026-05-12 19:25:00+00:00,2026,2026-05,-1.0136448695290574,52.38724357715802,0.02382723678657564,-53.10206068075529,5238.7243577158015,5185.622297035046
0.01,2026-05-12 19:40:00+00:00,2026,2026-05,0.9908935587105279,51.856222970350466,0.01574085499910909,51.38399732037719,5185.622297035046,5237.006294355424
0.01,2026-05-13 14:15:00+00:00,2026,2026-05,-1.0217060994139355,52.37006294355424,0.037891659752228184,-53.50681273612109,5237.006294355424,5183.499481619303
0.01,2026-05-13 16:05:00+00:00,2026,2026-05,-1.0263392241217122,51.83499481619303,0.0455097848603833,-53.20028836200453,5183.499481619303,5130.299193257299
0.01,2026-05-13 16:55:00+00:00,2026,2026-05,0.9832647986994358,51.302991932572986,0.028618863243760943,50.44442603526016,5130.299193257299,5180.743619292559
0.01,2026-05-14 16:50:00+00:00,2026,2026-05,-1.0175251193377182,51.80743619292559,0.030264383395408177,-52.71536769478783,5180.743619292559,5128.028251597771
0.01,2026-05-15 12:40:00+00:00,2026,2026-05,-1.0173987969974643,51.28028251597771,0.029740507515603812,-52.172497741445824,5128.028251597771,5075.855753856325
0.01,2026-05-19 05:35:00+00:00,2026,2026-05,0.9835922117698531,50.758557538563245,0.027761188765349058,49.925721875602775,5075.855753856325,5125.7814757319275
0.01,2026-05-22 05:50:00+00:00,2026,2026-05,-1.0265701705551904,51.257814757319274,0.045397629346277495,-52.6197436377076,5125.7814757319275,5073.16173209422
0.01,2026-05-22 15:30:00+00:00,2026,2026-05,0.9814881744695478,50.7316173209422,0.03130449495743152,49.792482472219255,5073.16173209422,5122.954214566439
0.01,2026-05-25 08:40:00+00:00,2026,2026-05,0.9752428557955292,51.22954214566439,0.042276572080974274,49.96124498323516,5122.954214566439,5172.915459549674
0.01,2026-05-25 10:35:00+00:00,2026,2026-05,0.9619806282248529,51.72915459549674,0.06555699867267513,49.762444635316484,5172.915459549674,5222.67790418499
0.01,2026-05-26 17:30:00+00:00,2026,2026-05,-1.0197409238752375,52.22677904184991,0.03436682897713376,-53.25778391116392,5222.67790418499,5169.420120273827
0.01,2026-05-27 08:15:00+00:00,2026,2026-05,0.9764473654695948,51.69420120273827,0.04058448760897768,50.47666657446894,5169.420120273827,5219.896786848296
0.01,2026-05-27 12:05:00+00:00,2026,2026-05,0.9733130003812427,52.19896786848296,0.046434461186857616,50.80593403287723,5219.896786848296,5270.702720881173
0.01,2026-05-27 13:00:00+00:00,2026,2026-05,0.9677731227843998,52.70702720881173,0.056619429808589285,51.008444314554055,5270.702720881173,5321.7111651957275
0.01,2026-05-27 15:40:00+00:00,2026,2026-05,-1.0102646319885036,53.217111651957275,0.018208468886615023,-53.763365718555725,5321.7111651957275,5267.947799477171
0.01,2026-05-27 20:20:00+00:00,2026,2026-05,0.9792050383221432,52.679477994771716,0.03651559087035917,51.58401026866094,5267.947799477171,5319.531809745832
0.01,2026-05-28 04:05:00+00:00,2026,2026-05,0.9827860386576391,53.19531809745832,0.030523404977474602,52.27961594813408,5319.531809745832,5371.811425693966
0.01,2026-05-28 09:35:00+00:00,2026,2026-05,0.9816015419660066,53.718114256939664,0.032944349027385626,52.7297837861181,5371.811425693966,5424.541209480084
0.01,2026-05-28 12:35:00+00:00,2026,2026-05,0.9622315744038008,54.24541209480084,0.06829212702125499,52.19664828416319,5424.541209480084,5476.737857764248
0.01,2026-05-28 13:30:00+00:00,2026,2026-05,-1.0250887064979737,54.767378577642475,0.04580142289326293,-56.14142126444036,5476.737857764248,5420.596436499807
0.01,2026-05-29 09:25:00+00:00,2026,2026-05,0.9825314434018769,54.205964364998074,0.03156333188219369,53.25906440853226,5420.596436499807,5473.855500908339
0.01,2026-05-29 15:05:00+00:00,2026,2026-05,0.9762808349146113,54.73855500908339,0.04327842742653605,53.44020218628731,5473.855500908339,5527.295703094626
0.01,2026-05-29 16:00:00+00:00,2026,2026-05,0.9708195536781274,55.272957030946266,0.05376298518975661,53.66006747525357,5527.295703094626,5580.95577056988
0.01,2026-05-29 17:35:00+00:00,2026,2026-05,0.9856059879090296,55.8095577056988,0.026777448280251297,55.00623425729126,5580.95577056988,5635.962004827171
0.01,2026-05-29 19:10:00+00:00,2026,2026-05,0.9907986750092012,56.35962004827171,0.01728610601406969,55.84103686784962,5635.962004827171,5691.8030416950205
0.01,2026-06-02 16:10:00+00:00,2026,2026-06,0.9840567276813162,50.0,0.026572120531139536,49.20283638406581,5000.0,5049.202836384065
0.01,2026-06-03 12:20:00+00:00,2026,2026-06,0.9650134115255825,50.49202836384065,0.05888479392014368,48.725484546236345,5049.202836384065,5097.928320930302
0.01,2026-06-03 17:35:00+00:00,2026,2026-06,0.9839644468879569,50.97928320930302,0.027249366783888777,50.16180220578636,5097.928320930302,5148.090123136089
0.01,2026-06-04 13:40:00+00:00,2026,2026-06,0.9707055771001303,51.48090123136089,0.05027010973126369,49.97279793942298,5148.090123136089,5198.062921075511
0.01,2026-06-05 08:40:00+00:00,2026,2026-06,-1.0403675368113534,51.98062921075512,0.06994433210474885,-54.07895917389759,5198.062921075511,5143.983961901614
0.01,2026-06-05 15:05:00+00:00,2026,2026-06,0.9817052453675063,51.43983961901614,0.031369308138824395,50.49876037485141,5143.983961901614,5194.482722276465
0.01,2026-06-08 18:15:00+00:00,2026,2026-06,-1.0132785330382545,51.94482722276465,0.022991703481463486,-52.63457832720856,5194.482722276465,5141.848143949257
0.01,2026-06-09 19:20:00+00:00,2026,2026-06,0.9898361687195991,51.418481439492574,0.017420292334847574,50.895872669447144,5141.848143949257,5192.744016618704
0.01,2026-06-10 04:05:00+00:00,2026,2026-06,0.9911651114458084,51.92744016618705,0.015292438225757128,51.46866701941433,5192.744016618704,5244.2126836381185
0.01,2026-06-10 04:45:00+00:00,2026,2026-06,0.9917035398230091,52.442126836381185,0.014502800563158207,52.00704281948644,5244.2126836381185,5296.219726457605
0.01,2026-06-10 16:05:00+00:00,2026,2026-06,0.9855908769666738,52.962197264576055,0.025437960550019036,52.19905844807548,5296.219726457605,5348.418784905681
0.01,2026-06-11 06:05:00+00:00,2026,2026-06,0.9907093212053107,53.48418784905681,0.016563480330013695,52.9872834391564,5348.418784905681,5401.406068344837
0.01,2026-06-11 15:45:00+00:00,2026,2026-06,0.9831880298772726,54.01406068344837,0.030269425813910577,53.105977909031054,5401.406068344837,5454.512046253868
0.01,2026-06-11 19:25:00+00:00,2026,2026-06,-1.0113671424627726,54.545120462538684,0.02066740516489236,-55.16514261748545,5454.512046253868,5399.346903636382
0.01,2026-06-12 04:50:00+00:00,2026,2026-06,0.990864560585364,53.99346903636382,0.01644180217225761,53.500214971196094,5399.346903636382,5452.8471186075785
0.01,2026-06-12 07:35:00+00:00,2026,2026-06,-1.021439291074108,54.528471186075784,0.03896839218614611,-55.69752295166017,5452.8471186075785,5397.149595655918
0.01,2026-06-12 16:40:00+00:00,2026,2026-06,-1.0145484776057365,53.97149595655918,0.02617343667573682,-54.75669905683128,5397.149595655918,5342.392896599087
0.01,2026-06-15 04:15:00+00:00,2026,2026-06,0.9806505113793427,53.423928965990875,0.03445752351994144,52.39020326039263,5342.392896599087,5394.78309985948
0.01,2026-06-16 04:10:00+00:00,2026,2026-06,0.9766336942129449,53.9478309985948,0.042018717188718004,52.68726948293327,5394.78309985948,5447.4703693424135
0.01,2026-06-16 16:05:00+00:00,2026,2026-06,0.9775854155770693,54.47470369342414,0.04070092816167963,53.25367584857375,5447.4703693424135,5500.724045190987
0.01,2026-06-16 17:05:00+00:00,2026,2026-06,-1.0221322878462122,55.00724045190987,0.04058120264358259,-56.224676531217355,5500.724045190987,5444.49936865977
0.01,2026-06-16 20:35:00+00:00,2026,2026-06,-1.0181395710423338,54.4449936865977,0.03292029436258188,-55.43260251747515,5444.49936865977,5389.066766142295
0.01,2026-06-17 09:15:00+00:00,2026,2026-06,-1.0337930257631602,53.89066766142295,0.06070429068921222,-55.71179638209932,5389.066766142295,5333.354969760196
0.01,2026-06-17 15:25:00+00:00,2026,2026-06,0.9634464751958253,53.33354969760196,0.0649843077255327,51.38402046583598,5333.354969760196,5384.738990226032
0.01,2026-06-17 18:15:00+00:00,2026,2026-06,0.9882900716536093,53.84738990226032,0.02101830257985437,53.21684082486468,5384.738990226032,5437.955831050896
0.01,2026-06-17 18:35:00+00:00,2026,2026-06,-1.010205718118066,54.37955831050897,0.01849941478339934,-54.93454075401095,5437.955831050896,5383.021290296885
0.01,2026-06-18 15:35:00+00:00,2026,2026-06,-1.0125537269624167,53.83021290296885,0.022525659837087788,-54.50598269808149,5383.021290296885,5328.515307598804
