risk_pct,entry_timestamp,year,month,net_r,risk_usd,lot,pnl_usd,equity_before,equity_after
0.03,2019-06-12 20:00:00+00:00,2019,2019-06,-1.0470008952551462,150.0,0.23500447627573107,-157.05013428827192,5000.0,4842.949865711728
0.03,2019-06-21 14:00:00+00:00,2019,2019-06,0.979507996760312,145.28849597135184,0.09924174433781166,142.3112436412175,4842.949865711728,4985.261109352946
0.03,2019-06-27 16:00:00+00:00,2019,2019-06,-1.0402029290705463,149.55783328058837,0.20042209877746942,-155.57049624391246,4985.261109352946,4829.690613109034
0.03,2019-08-05 19:00:00+00:00,2019,2019-08,0.9653041668043475,150.0,0.1734791659782623,144.79562502065212,5000.0,5144.795625020653
0.03,2019-08-15 15:00:00+00:00,2019,2019-08,-1.0367402638300844,154.34386875061958,0.18902114861512254,-160.01450320907327,5144.795625020653,4984.781121811579
0.03,2019-08-15 18:00:00+00:00,2019,2019-08,-1.0311434079786446,149.54343365434738,0.1552430721608237,-154.20072581917208,4984.781121811579,4830.580395992407
0.03,2019-08-23 16:00:00+00:00,2019,2019-08,0.964395917398529,144.9174118797722,0.17198838343196,139.7577603768134,4830.580395992407,4970.33815636922
0.03,2019-09-10 16:00:00+00:00,2019,2019-09,-1.0343625742477052,150.0,0.17181287123852584,-155.15438613715577,5000.0,4844.845613862844
0.03,2019-09-11 18:00:00+00:00,2019,2019-09,0.9660600575362834,145.34536841588533,0.16443378138009454,140.4123549744825,4844.845613862844,4985.257968837327
0.03,2019-10-01 17:05:00+00:00,2019,2019-10,0.9800537598662651,150.0,0.09973120066867448,147.00806397993975,5000.0,5147.00806397994
0.03,2019-10-02 17:25:00+00:00,2019,2019-10,0.9687792694349052,154.4102419193982,0.16069335198188758,149.58944135994156,5147.00806397994,5296.5975053398815
0.03,2019-10-04 19:15:00+00:00,2019,2019-10,0.9570218165445535,158.89792516019645,0.2276381392741576,152.0687809819717,5296.5975053398815,5448.6662863218535
0.03,2020-01-08 17:25:00+00:00,2020,2020-01,-1.0445566612208528,150.0,0.22278330610426433,-156.6834991831279,5000.0,4843.316500816872
0.03,2020-01-10 15:35:00+00:00,2020,2020-01,-0.5159088627923363,145.29949502450614,0.1458390996933688,-74.96129724239368,4843.316500816872,4768.355203574478
0.03,2020-01-31 19:45:00+00:00,2020,2020-01,-1.0429430289149735,143.05065610723432,0.20476761538396343,-149.1936845687532,4768.355203574478,4619.161519005725
0.03,2020-02-05 16:35:00+00:00,2020,2020-02,0.9574915995303832,150.0,0.21254200234808387,143.62373992955747,5000.0,5143.623739929558
0.03,2020-02-21 18:25:00+00:00,2020,2020-02,-1.0484719785800025,154.30871219788673,0.24932161974545805,-161.78836079025047,5143.623739929558,4981.835379139307
0.03,2020-02-27 11:40:00+00:00,2020,2020-02,0.9516763697448063,149.45506137417922,0.24074037085377042,142.2328502485661,4981.835379139307,5124.0682293878735
0.03,2020-02-28 16:10:00+00:00,2020,2020-02,-1.0365923783303428,153.7220468816362,0.18750184324025104,-159.34710217884373,5124.0682293878735,4964.72112720903
0.03,2020-03-02 18:20:00+00:00,2020,2020-03,0.9637793645865671,150.0,0.1811031770671646,144.56690468798507,5000.0,5144.566904687985
0.03,2020-03-02 19:30:00+00:00,2020,2020-03,-1.0430230890577947,154.33700714063954,0.22133516010417398,-160.97706194376477,5144.566904687985,4983.58984274422
0.03,2020-03-03 20:50:00+00:00,2020,2020-03,-1.0207370541533356,149.50769528232658,0.10334497244700037,-152.60804445573658,4983.58984274422,4830.981798288483
0.03,2020-03-04 21:50:00+00:00,2020,2020-03,0.9544735187634138,144.9294539486545,0.2199376021940702,138.3313258828324,4830.981798288483,4969.313124171315
0.03,2020-03-06 16:05:00+00:00,2020,2020-03,0.9631559555766094,149.07939372513945,0.18308959350070617,143.58670592011828,4969.313124171315,5112.899830091434
0.03,2020-03-06 16:40:00+00:00,2020,2020-03,0.9729660144181258,153.386994902743,0.13822206028825915,149.24033309409523,5112.899830091434,5262.140163185529
0.03,2020-03-09 10:50:00+00:00,2020,2020-03,-1.02695383193644,157.86420489556585,0.14183484158449308,-162.11925014310066,5262.140163185529,5100.020913042428
0.03,2020-03-09 15:35:00+00:00,2020,2020-03,-1.0374812593703142,153.00062739127284,0.19115520663577,-158.73528359034594,5100.020913042428,4941.2856294520825
0.03,2020-03-10 16:50:00+00:00,2020,2020-03,-1.031702898550725,148.23856888356246,0.1566530770206745,-152.93816119418273,4941.2856294520825,4788.3474682579
0.03,2020-03-11 09:05:00+00:00,2020,2020-03,-1.041705558755189,143.650424047737,0.1997007066776907,-149.64144524806773,4788.3474682579,4638.706023009832
0.03,2020-03-11 15:45:00+00:00,2020,2020-03,-1.0466345406497746,139.16118069029497,0.21632392459240654,-145.65089842806717,4638.706023009832,4493.055124581765
0.03,2020-03-11 16:10:00+00:00,2020,2020-03,0.9622878692646131,134.79165373745295,0.16944268225952758,129.7083732696671,4493.055124581765,4622.7634978514325
0.03,2020-03-13 05:55:00+00:00,2020,2020-03,0.9544636468113729,138.68290493554298,0.21050379134565633,132.36779119517328,4622.7634978514325,4755.131289046606
0.03,2020-03-13 12:10:00+00:00,2020,2020-03,-1.0415356316382836,142.65393867139818,0.19750738161351666,-148.57916011980367,4755.131289046606,4606.552128926803
0.03,2020-03-16 14:45:00+00:00,2020,2020-03,-1.0165916093861103,138.1965638678041,0.07643011353990865,-140.48946727400133,4606.552128926803,4466.062661652802
0.03,2020-03-17 15:50:00+00:00,2020,2020-03,0.9763949462704017,133.98187984958403,0.105421649088067,130.81923037694202,4466.062661652802,4596.8818920297435
0.03,2020-03-17 16:25:00+00:00,2020,2020-03,0.9827837806817622,137.9064567608923,0.07914092683322001,135.5322289558957,4596.8818920297435,4732.414120985639
0.03,2020-03-18 13:20:00+00:00,2020,2020-03,0.9768938768773728,141.97242362956916,0.10934774334675351,138.69199132916657,4732.414120985639,4871.106112314806
0.03,2020-03-18 20:05:00+00:00,2020,2020-03,-1.0282117764015208,146.13318336944417,0.1374225564687069,-150.25586006350537,4871.106112314806,4720.8502522513
0.03,2020-03-19 14:25:00+00:00,2020,2020-03,-1.0241287787390987,141.625507567539,0.11390835119699007,-145.04275810344868,4720.8502522513,4575.807494147852
0.03,2020-03-20 14:15:00+00:00,2020,2020-03,-1.031189662854597,137.27422482443555,0.14271789303000937,-141.55576161533583,4575.807494147852,4434.251732532516
0.03,2020-03-20 14:20:00+00:00,2020,2020-03,0.9728215150064066,133.02755197597548,0.12051624417045081,129.41206465086196,4434.251732532516,4563.663797183378
0.03,2020-03-20 16:05:00+00:00,2020,2020-03,-1.0208990575520238,136.90991391550133,0.09537627234542324,-139.77120208586402,4563.663797183378,4423.892595097514
0.03,2020-03-20 16:40:00+00:00,2020,2020-03,0.9753841825790344,132.7167778529254,0.10889773241088208,129.44984588059893,4423.892595097514,4553.342440978113
0.03,2020-03-26 15:05:00+00:00,2020,2020-03,0.963870967741935,136.60027322934337,0.16450785593211437,131.66503755137992,4553.342440978113,4685.007478529493
0.03,2020-03-30 09:20:00+00:00,2020,2020-03,0.9574717997529323,140.55022435588478,0.19924493620591197,134.57287626970742,4685.007478529493,4819.5803547992
0.03,2020-04-01 09:05:00+00:00,2020,2020-04,0.9511593832127824,150.0,0.24420308393608817,142.67390748191735,5000.0,5142.673907481917
0.03,2020-04-01 19:05:00+00:00,2020,2020-04,-1.0459749983580375,154.28021722445752,0.23643442445240329,-161.37324995802962,5142.673907481917,4981.300657523888
0.03,2020-04-03 15:35:00+00:00,2020,2020-04,-1.0365598885793872,149.43901972571663,0.18211579701950129,-154.90249363630167,4981.300657523888,4826.398163887586
0.03,2020-04-06 10:50:00+00:00,2020,2020-04,0.96022049212934,144.79194491662756,0.1919917437473051,139.0321926042084,4826.398163887586,4965.430356491795
0.03,2020-04-07 18:20:00+00:00,2020,2020-04,-1.0240798073615414,148.96291069475384,0.119566606451472,-152.549908888298,4965.430356491795,4812.880447603497
0.03,2020-04-09 18:20:00+00:00,2020,2020-04,-1.046716497597438,144.3864134281049,0.22484091786722496,-151.13164096412163,4812.880447603497,4661.748806639375
0.03,2020-04-14 10:00:00+00:00,2020,2020-04,0.9512342382091353,139.85246419918124,0.22733373183342348,133.03245224417853,4661.748806639375,4794.781258883554
0.03,2020-04-15 14:30:00+00:00,2020,2020-04,0.9572057385066833,143.8434377665066,0.2051891229959167,137.6877640766291,4794.781258883554,4932.469022960183
0.03,2020-04-20 13:35:00+00:00,2020,2020-04,0.9533374811127894,147.97407068880548,0.23016142894446073,141.06922782047167,4932.469022960183,5073.538250780654
0.03,2020-04-22 06:15:00+00:00,2020,2020-04,0.9503874503874501,152.20614752341962,0.25171116817802486,144.65481247807887,5073.538250780654,5218.193063258734
0.03,2020-04-22 17:00:00+00:00,2020,2020-04,0.9631566019860349,156.545791897762,0.19225596394335318,150.7781129794614,5218.193063258734,5368.971176238195
0.03,2020-04-23 10:30:00+00:00,2020,2020-04,0.9548552142227564,161.06913528714583,0.24238105359546866,153.79770367928177,5368.971176238195,5522.768879917477
0.03,2020-04-23 11:10:00+00:00,2020,2020-04,0.9678151054438457,165.6830663975243,0.17774973405815428,160.35057437577967,5522.768879917477,5683.119454293256
0.03,2020-04-27 16:30:00+00:00,2020,2020-04,-1.0457098080188068,170.4935836287977,0.2597742992036906,-178.28681260490842,5683.119454293256,5504.832641688347
0.03,2020-04-28 17:35:00+00:00,2020,2020-04,0.9691235499095759,165.1449792506504,0.1699696903172273,160.0458885411336,5504.832641688347,5664.878530229481
0.03,2020-04-28 19:05:00+00:00,2020,2020-04,-1.0388903292714537,169.94635590688443,0.2203089913234129,-176.55562564658683,5664.878530229481,5488.322904582894
0.03,2020-05-01 17:30:00+00:00,2020,2020-05,0.9513866382702894,150.0,0.24306680864855315,142.7079957405434,5000.0,5142.707995740543
0.03,2020-05-04 04:10:00+00:00,2020,2020-05,0.9533437013996894,154.28123987221628,0.2399397198634755,147.083048276312,5142.707995740543,5289.791044016855
0.03,2020-05-14 16:15:00+00:00,2020,2020-05,0.9518657742734024,158.69373132050566,0.2546199961592421,151.0551314357284,5289.791044016855,5440.846175452583
0.03,2020-05-15 18:35:00+00:00,2020,2020-05,0.9534481612023669,163.2253852635775,0.25328139408238726,155.62694344110588,5440.846175452583,5596.473118893689
0.03,2020-05-19 17:20:00+00:00,2020,2020-05,0.9500321222071532,167.89419356681069,0.2796438848758324,159.50487702053573,5596.473118893689,5755.977995914225
0.03,2020-05-20 16:00:00+00:00,2020,2020-05,-1.0408679575751678,172.67933987742674,0.23523506454062224,-179.7363918136454,5755.977995914225,5576.24160410058
0.03,2020-05-20 18:10:00+00:00,2020,2020-05,-1.0495061175416687,167.2872481230174,0.276058072293346,-175.56899029181778,5576.24160410058,5400.672613808762
0.03,2020-05-26 17:55:00+00:00,2020,2020-05,0.9646244293583545,162.02017841426286,0.1910518755621925,156.2886221473971,5400.672613808762,5556.96123595616
0.03,2020-05-29 04:35:00+00:00,2020,2020-05,0.9671423206909501,166.70883707868478,0.1825888502238692,161.2311715719687,5556.96123595616,5718.192407528129
0.03,2020-05-29 05:45:00+00:00,2020,2020-05,0.9577787607060998,171.54577222584385,0.2414291699668083,164.30289712683958,5718.192407528129,5882.495304654968
0.03,2020-06-05 17:30:00+00:00,2020,2020-06,-1.0241127096944573,150.0,0.12056354847228712,-153.6169064541686,5000.0,4846.383093545832
0.03,2020-06-05 18:40:00+00:00,2020,2020-06,0.9638074556641332,145.39149280637494,0.17540293498175313,140.12940475692236,4846.383093545832,4986.5124983027545
0.03,2020-06-08 04:05:00+00:00,2020,2020-06,0.9595204132773051,149.59537494908264,0.20185196511884837,143.5398159955172,4986.5124983027545,5130.052314298272
0.03,2020-06-08 18:25:00+00:00,2020,2020-06,0.9571821796309514,153.90156942894816,0.2196576584774453,147.3118396746248,5130.052314298272,5277.364153972897
0.03,2020-06-09 10:20:00+00:00,2020,2020-06,0.9530348436731226,158.3209246191869,0.24785223248519572,150.88535764463103,5277.364153972897,5428.249511617528
0.03,2020-06-12 16:10:00+00:00,2020,2020-06,-1.0459126784582073,162.84748534852582,0.24922547441781664,-170.32424958106031,5428.249511617528,5257.925262036468
0.03,2020-06-16 09:45:00+00:00,2020,2020-06,-1.0430875292379662,157.73775786109402,0.22655100845903747,-164.53428811486515,5257.925262036468,5093.390973921602
0.03,2020-06-23 05:45:00+00:00,2020,2020-06,0.9611794065995009,152.80172921764807,0.19772846002838265,146.8698754167966,5093.390973921602,5240.260849338399
0.03,2020-06-24 14:50:00+00:00,2020,2020-06,-1.0474705004747047,157.20782548015197,0.2487578051360949,-164.67055963423482,5240.260849338399,5075.590289704164
0.03,2020-07-01 16:35:00+00:00,2020,2020-07,0.9657590086417738,150.0,0.17120495679113143,144.86385129626606,5000.0,5144.863851296266
0.03,2020-07-22 16:30:00+00:00,2020,2020-07,0.9503463930201222,154.34591553888797,0.2554610476372452,146.6820841097706,5144.863851296266,5291.545935406037
0.03,2020-07-23 16:20:00+00:00,2020,2020-07,0.9544399366498161,158.7463780621811,0.2410831680375073,151.51388302105588,5291.545935406037,5443.059818427093
0.03,2020-07-24 16:05:00+00:00,2020,2020-07,0.9678106653995305,163.29179455281277,0.17520847374572032,158.03554034044117,5443.059818427093,5601.095358767534
0.03,2020-07-30 19:50:00+00:00,2020,2020-07,0.9668293607543957,168.032860763026,0.18579191352590652,162.4591033572488,5601.095358767534,5763.554462124783
0.03,2020-07-31 16:50:00+00:00,2020,2020-07,0.9696250867854663,172.90663386374348,0.17506746659427866,167.65460986591512,5763.554462124783,5931.209071990698
0.03,2020-08-04 16:05:00+00:00,2020,2020-08,0.9612374483165989,150.0,0.19381275841700576,144.18561724748983,5000.0,5144.18561724749
0.03,2020-08-05 11:05:00+00:00,2020,2020-08,0.9629034252504018,154.3255685174247,0.19083166627602932,148.60061852914382,5144.18561724749,5292.7862357766335
0.03,2020-08-05 16:10:00+00:00,2020,2020-08,0.9665162555606935,158.783587073299,0.17722230169062347,153.4669180225803,5292.7862357766335,5446.253153799214
0.03,2020-08-06 16:20:00+00:00,2020,2020-08,-1.0329836024376444,163.3875946139764,0.17963704879968087,-168.77670607796682,5446.253153799214,5277.476447721247
0.03,2020-08-06 18:50:00+00:00,2020,2020-08,0.9647378849447557,158.3242934316374,0.18609498170088873,152.7414439806107,5277.476447721247,5430.217891701857
0.03,2020-08-06 19:25:00+00:00,2020,2020-08,-1.025841065144095,162.9065367510557,0.1403226142860977,-167.11621517963866,5430.217891701857,5263.101676522218
0.03,2020-08-12 12:00:00+00:00,2020,2020-08,0.9804736533794527,157.89305029566654,0.1027691476349566,154.80997586661783,5263.101676522218,5417.911652388836
0.03,2020-08-13 17:45:00+00:00,2020,2020-08,-1.0464037122969843,162.5373495716651,0.2514112135679306,-170.079685978703,5417.911652388836,5247.831966410133
0.03,2020-08-14 18:20:00+00:00,2020,2020-08,0.974405226209048,157.434958992304,0.13431707207319413,153.40544683010816,5247.831966410133,5401.237413240241
0.03,2020-08-18 17:00:00+00:00,2020,2020-08,0.9697898234862544,162.0371223972072,0.16317233564663416,157.14195232780818,5401.237413240241,5558.379365568049
0.03,2020-08-18 17:50:00+00:00,2020,2020-08,0.9794103516908022,166.75138096704148,0.11444507630614835,163.31802867785703,5558.379365568049,5721.697394245906
0.03,2020-08-18 18:30:00+00:00,2020,2020-08,-1.0140627197299956,171.65092182737718,0.08046262683512703,-174.06480063243097,5721.697394245906,5547.632593613475
0.03,2020-08-20 17:45:00+00:00,2020,2020-08,-1.0241443140140496,166.42897780840426,0.13394378337477983,-170.44729130964765,5547.632593613475,5377.1853023038275
0.03,2020-08-24 17:35:00+00:00,2020,2020-08,0.9744544193854464,161.3155590691148,0.1373633206193954,157.19465945053295,5377.1853023038275,5534.37996175436
0.03,2020-08-25 07:20:00+00:00,2020,2020-08,0.9708369787109945,166.0313988526308,0.16139924064608752,161.18942163324814,5534.37996175436,5695.5693833876085
0.03,2020-08-27 15:50:00+00:00,2020,2020-08,0.9801049699679785,170.86708150162823,0.11331352393195868,167.46767578366948,5695.5693833876085,5863.037059171278
0.03,2020-08-28 04:45:00+00:00,2020,2020-08,0.9503839338452452,175.89111177513834,0.29090083459562127,167.1640867372697,5863.037059171278,6030.201145908548
0.03,2020-08-28 13:40:00+00:00,2020,2020-08,0.9728766274023558,180.90603437725642,0.16355939251921872,175.99925260167987,6030.201145908548,6206.200398510227
0.03,2020-08-28 16:20:00+00:00,2020,2020-08,0.9625013392378838,186.1860119553068,0.23272420336544491,179.20428585434345,6206.200398510227,6385.404684364571
0.03,2020-08-31 15:45:00+00:00,2020,2020-08,0.9623952438937036,191.5621405309371,0.2401215857955321,184.35849295707115,6385.404684364571,6569.763177321643
0.03,2020-09-01 17:55:00+00:00,2020,2020-09,-1.0284834592483083,150.0,0.1424172962415413,-154.27251888724624,5000.0,4845.727481112754
0.03,2020-09-03 15:25:00+00:00,2020,2020-09,0.9620493358633786,145.3718244333826,0.18389857613330668,139.8548671493834,4845.727481112754,4985.582348262137
0.03,2020-09-03 18:05:00+00:00,2020,2020-09,0.9655901292828001,149.5674704478641,0.171553244053654,144.4208731262545,4985.582348262137,5130.0032213883915
0.03,2020-09-04 20:25:00+00:00,2020,2020-09,0.9695011255536997,153.90009664165174,0.15645932415824057,149.2063169169045,5130.0032213883915,5279.209538305296
0.03,2020-09-08 16:25:00+00:00,2020,2020-09,-1.0375906202452336,158.37628614915886,0.19844876094944927,-164.32974897764234,5279.209538305296,5114.879789327653
0.03,2020-09-08 18:35:00+00:00,2020,2020-09,0.9729105661691672,153.44639367982958,0.13855919760565583,149.2896177516599,5114.879789327653,5264.169407079313
0.03,2020-09-21 12:35:00+00:00,2020,2020-09,0.9644868347623151,157.92508221237938,0.18694731799277353,152.31666267259618,5264.169407079313,5416.486069751909
0.03,2020-09-22 10:50:00+00:00,2020,2020-09,0.9801179667307309,162.49458209255727,0.10769075624133997,159.26385940531708,5416.486069751909,5575.749929157226
0.03,2020-09-22 16:30:00+00:00,2020,2020-09,0.9555630792670027,167.27249787471678,0.24776915762897517,159.83942314584752,5575.749929157226,5735.589352303074
0.03,2020-09-23 10:15:00+00:00,2020,2020-09,-1.0337658578939748,172.0676805690922,0.1936670950080608,-177.877693419334,5735.589352303074,5557.71165888374
0.03,2020-09-23 16:00:00+00:00,2020,2020-09,-1.0330022630123208,166.73134976651218,0.18341706191312232,-172.23386162390585,5557.71165888374,5385.477797259834
0.03,2020-09-23 16:20:00+00:00,2020,2020-09,-1.0483759502418781,161.564333917795,0.2605276059489812,-169.38016209626446,5385.477797259834,5216.09763516357
0.03,2020-09-24 15:55:00+00:00,2020,2020-09,-1.0493455835702707,156.4829290549071,0.2573913817666553,-164.20467050790674,5216.09763516357,5051.8929646556635
0.03,2020-10-02 19:30:00+00:00,2020,2020-10,0.9625715151407133,150.0,0.18714242429643368,144.385727271107,5000.0,5144.385727271107
0.03,2020-10-05 11:30:00+00:00,2020,2020-10,0.9541984732824424,154.3315718181332,0.23562072033302942,147.2629502081423,5144.385727271107,5291.648677479249
0.03,2020-10-20 06:05:00+00:00,2020,2020-10,0.9511423386533897,158.74946032437748,0.25853757904951913,150.9933329528919,5291.648677479249,5442.642010432141
0.03,2020-10-21 19:00:00+00:00,2020,2020-10,0.9546915791063453,163.27926031296423,0.2465975149821466,155.88133486349983,5442.642010432141,5598.523345295641
0.03,2020-10-28 17:40:00+00:00,2020,2020-10,-1.0318316861698902,167.95570035886922,0.17821043814225504,-173.30201350313686,5598.523345295641,5425.221331792504
0.03,2020-10-29 15:55:00+00:00,2020,2020-10,0.9696110210696915,162.75663995377514,0.16486693674410222,157.81063185145206,5425.221331792504,5583.031963643956
0.03,2020-10-30 17:05:00+00:00,2020,2020-10,-1.0439275404760915,167.4909589093187,0.24524886256228226,-174.84842478618717,5583.031963643956,5408.183538857769
0.03,2020-11-03 17:05:00+00:00,2020,2020-11,0.9586809381394618,150.0,0.20659530930269135,143.80214072091925,5000.0,5143.802140720919
0.03,2020-11-06 15:40:00+00:00,2020,2020-11,-1.027902897915255,154.31406422162758,0.14352698602880556,-158.61987380249175,5143.802140720919,4985.182266918428
0.03,2020-11-06 17:10:00+00:00,2020,2020-11,0.9667674194109926,149.55546800755283,0.16567047143625682,144.58535386446513,4985.182266918428,5129.767620782893
0.03,2020-11-09 20:55:00+00:00,2020,2020-11,0.9547676998298406,153.89302862348677,0.23203118882641657,146.93209295869428,5129.767620782893,5276.699713741587
0.03,2020-11-19 16:15:00+00:00,2020,2020-11,-1.0383204686045873,158.3009914122476,0.20220560571626894,-164.36715958373568,5276.699713741587,5112.3325541578515
0.03,2020-11-24 16:00:00+00:00,2020,2020-11,-1.0466521526636152,153.36997662473553,0.2385013187837417,-160.52501618824778,5112.3325541578515,4951.807537969604
0.03,2020-11-27 16:55:00+00:00,2020,2020-11,0.9613764690735879,148.55422613908812,0.19125629158440957,142.8165373915558,4951.807537969604,5094.62407536116
0.03,2020-11-27 18:15:00+00:00,2020,2020-11,-1.0483737215516458,152.8387222608348,0.2464459264318311,-160.23210005378974,5094.62407536116,4934.391975307371
0.03,2020-11-30 11:50:00+00:00,2020,2020-11,0.9527665317139007,148.0317592592211,0.23306844687686376,141.0397058529152,4934.391975307371,5075.431681160286
0.03,2020-12-02 16:05:00+00:00,2020,2020-12,0.9702591700892227,150.0,0.1487041495538868,145.5388755133834,5000.0,5145.538875513384
0.03,2020-12-03 16:35:00+00:00,2020,2020-12,0.9589201877934275,154.3661662654015,0.21137777070770797,148.02483314417023,5145.538875513384,5293.563708657553
0.03,2020-12-03 17:15:00+00:00,2020,2020-12,-1.045125384102972,158.8069112597266,0.23887409562672515,-165.97313412852836,5293.563708657553,5127.590574529025
0.03,2020-12-04 18:15:00+00:00,2020,2020-12,-1.0281022923441325,153.82771723587072,0.14409704934643264,-158.15062871626372,5127.590574529025,4969.439945812761
0.03,2020-12-10 17:05:00+00:00,2020,2020-12,0.9660891049138505,149.08319837438282,0.16851815663937697,144.0276536752015,4969.439945812761,5113.467599487963
0.03,2020-12-11 16:35:00+00:00,2020,2020-12,0.9591288608629648,153.40402798463887,0.2089932457313939,147.13423061269705,5113.467599487963,5260.60183010066
0.03,2020-12-16 15:45:00+00:00,2020,2020-12,-1.0423173803526444,157.8180549030198,0.2226148885281871,-164.49650155886542,5260.60183010066,5096.105328541795
0.03,2020-12-23 17:35:00+00:00,2020,2020-12,0.4378352370939666,152.88315985625383,0.1907055115194712,66.9376345433377,5096.105328541795,5163.042963085132
0.03,2020-12-28 15:00:00+00:00,2020,2020-12,0.960765264180555,154.89128889255397,0.20257062668109002,148.8141700921213,5163.042963085132,5311.857133177254
0.03,2021-01-07 13:05:00+00:00,2021,2021-01,-1.0381062984267535,150.0,0.19053149213376758,-155.71594476401302,5000.0,4844.284055235987
0.03,2021-01-08 16:25:00+00:00,2021,2021-01,0.9628081609521107,145.3285216570796,0.1801678328845931,139.9234866705418,4844.284055235987,4984.207541906529
0.03,2021-01-11 16:30:00+00:00,2021,2021-01,0.9662482521416291,149.52622625719584,0.16822571622821944,144.47945477034926,4984.207541906529,5128.686996676878
0.03,2021-01-11 16:50:00+00:00,2021,2021-01,0.9701619778346128,153.86060990030634,0.15302987628617815,149.26971361172102,5128.686996676878,5277.956710288599
0.03,2021-01-14 06:15:00+00:00,2021,2021-01,0.956605294154114,158.338701308658,0.2290353789102937,151.46763994134918,5277.956710288599,5429.424350229949
0.03,2021-01-14 16:20:00+00:00,2021,2021-01,0.9595842956120102,162.88273050689847,0.2194340095358475,156.29971022082304,5429.424350229949,5585.7240604507715
0.03,2021-01-15 19:00:00+00:00,2021,2021-01,-1.0345372014999021,167.57172181352314,0.19291527739863934,-173.35918013548235,5585.7240604507715,5412.364880315289
0.03,2021-01-18 13:25:00+00:00,2021,2021-01,-1.042192397331833,162.37094640945867,0.22836064953512156,-169.2217658955123,5412.364880315289,5243.143114419777
0.03,2021-01-21 16:40:00+00:00,2021,2021-01,-1.0469830189945641,157.2942934325933,0.246338692536003,-164.68445420867337,5243.143114419777,5078.458660211103
0.03,2021-01-25 18:55:00+00:00,2021,2021-01,-0.3138688648984189,152.35375980633307,0.1839196217439268,-47.81910165342012,5078.458660211103,5030.639558557683
0.03,2021-02-02 10:30:00+00:00,2021,2021-02,0.9562317632346807,150.0,0.2188411838265964,143.43476448520212,5000.0,5143.434764485202
0.03,2021-02-02 16:35:00+00:00,2021,2021-02,0.24592748292168662,154.30304293455606,0.16216820066689905,37.94735895605231,5143.434764485202,5181.382123441254
0.03,2021-02-05 17:00:00+00:00,2021,2021-02,0.9614961496149621,155.44146370323762,0.19950316206869195,149.45636884117687,5181.382123441254,5330.838492282432
0.03,2021-02-09 17:05:00+00:00,2021,2021-02,0.9626287971811428,159.92515476847294,0.1992198464896577,153.9485593737832,5330.838492282432,5484.787051656215
0.03,2021-02-10 18:00:00+00:00,2021,2021-02,-1.0483570129182314,164.54361154968646,0.2652279183106882,-172.50044909900708,5484.787051656215,5312.286602557208
0.03,2021-02-11 18:45:00+00:00,2021,2021-02,0.9623992837958811,159.36859807671624,0.19974578093769627,153.37622464858535,5312.286602557208,5465.662827205794
0.03,2021-02-16 19:45:00+00:00,2021,2021-02,-1.0395703787450532,163.96988481617382,0.21627834816529176,-170.45823526113256,5465.662827205794,5295.204591944662
0.03,2021-02-18 16:05:00+00:00,2021,2021-02,0.9612824720219768,158.85613775833986,0.20501723193797422,152.70562080020062,5295.204591944662,5447.910212744862
0.03,2021-02-18 18:30:00+00:00,2021,2021-02,0.9526141209919436,163.43730638234587,0.2581540141878824,155.6926859567094,5447.910212744862,5603.602898701572
0.03,2021-02-18 20:30:00+00:00,2021,2021-02,-1.0376411543287327,168.10808696104715,0.21092608150695932,-174.43586940625593,5603.602898701572,5429.167029295316
0.03,2021-02-23 17:10:00+00:00,2021,2021-02,-1.0231140070882954,162.87501087885946,0.12548980519867117,-166.6397050348196,5429.167029295316,5262.527324260496
0.03,2021-02-24 20:15:00+00:00,2021,2021-02,-1.0340754202635163,157.87581972781487,0.17932283022241402,-163.2555046344873,5262.527324260496,5099.271819626009
0.03,2021-02-25 11:25:00+00:00,2021,2021-02,-1.0411522633744859,152.97815458878028,0.209846576939343,-159.27355189696058,5099.271819626009,4939.998267729049
0.03,2021-03-02 07:35:00+00:00,2021,2021-03,0.9659919028340085,150.0,0.17004048582995765,144.89878542510127,5000.0,5144.898785425101
0.03,2021-03-02 10:10:00+00:00,2021,2021-03,0.964038016953506,154.34696356275302,0.18502076289738503,148.79634067583146,5144.898785425101,5293.695126100933
0.03,2021-03-02 11:40:00+00:00,2021,2021-03,0.9504366296908193,158.81085378302797,0.2623733718388451,150.9396526278626,5293.695126100933,5444.634778728795
0.03,2021-03-04 19:10:00+00:00,2021,2021-03,-1.0455788514129452,163.33904336186384,0.24816019957743365,-170.78384934918685,5444.634778728795,5273.850929379608
0.03,2021-03-04 21:35:00+00:00,2021,2021-03,-1.0338704214448151,158.21552788138823,0.17862755361521682,-163.57435448984475,5273.850929379608,5110.276574889763
0.03,2021-03-11 18:05:00+00:00,2021,2021-03,0.9693931090771294,153.3082972466929,0.15640967771335174,148.61600691529233,5110.276574889763,5258.892581805055
0.03,2021-03-18 14:05:00+00:00,2021,2021-03,-1.042937760693547,157.76677745415165,0.22580507119061474,-164.5409295898701,5258.892581805055,5094.351652215185
0.03,2021-03-30 16:50:00+00:00,2021,2021-03,-1.0412800754835665,152.83054956645555,0.21029522074327475,-159.13940618875378,5094.351652215185,4935.212246026431
0.03,2021-04-01 16:05:00+00:00,2021,2021-04,0.31864354998853545,150.0,0.16039104865194884,47.796532498280314,5000.0,5047.796532498281
0.03,2021-04-01 17:55:00+00:00,2021,2021-04,0.34125443187576554,151.4338959749484,0.2237120698600084,51.677488137664795,5047.796532498281,5099.474020635946
0.03,2021-04-09 16:50:00+00:00,2021,2021-04,-1.0333582196241646,152.98422061907837,0.17010937434809595,-158.08750184952123,5099.474020635946,4941.386518786425
0.03,2021-04-16 17:40:00+00:00,2021,2021-04,-1.0413434657636729,148.24159556359274,0.20429404436452175,-154.37041689452838,4941.386518786425,4787.016101891896
0.03,2021-04-26 17:15:00+00:00,2021,2021-04,0.9641025641025642,143.6104830567569,0.17184160365765716,138.45523494702718,4787.016101891896,4925.471336838923
0.03,2021-04-29 17:55:00+00:00,2021,2021-04,-0.1244183319550107,147.76414010516768,0.12767060996286866,-18.384567834651463,4925.471336838923,4907.086769004271
0.03,2021-05-04 15:35:00+00:00,2021,2021-05,0.951302089372261,150.0,0.24348955313869475,142.69531340583916,5000.0,5142.695313405839
0.03,2021-05-04 18:15:00+00:00,2021,2021-05,-0.25980218434872243,154.28085940217517,0.06958768103451907,-40.08250427588324,5142.695313405839,5102.612809129956
0.03,2021-05-07 17:30:00+00:00,2021,2021-05,0.9584051339948895,153.07838427389868,0.2122424960717212,146.71110939174704,5102.612809129956,5249.3239185217035
0.03,2021-05-12 06:10:00+00:00,2021,2021-05,0.9709278179250775,157.4797175556511,0.1526093007295084,152.90143853376583,5249.3239185217035,5402.225357055469
0.03,2021-05-19 16:20:00+00:00,2021,2021-05,-1.0448038232595842,162.06676071166407,0.2420403501059579,-169.3279712148428,5402.225357055469,5232.897385840627
0.03,2021-05-20 17:30:00+00:00,2021,2021-05,-1.049885974914481,156.98692157521882,0.2610481877200997,-164.8183672068218,5232.897385840627,5068.079018633805
0.03,2021-06-10 16:30:00+00:00,2021,2021-06,-1.0235128144838936,150.0,0.11756407241946848,-153.52692217258405,5000.0,4846.473077827416
0.03,2021-06-17 11:20:00+00:00,2021,2021-06,0.9631533697120699,145.39419233482246,0.17857620169911365,140.03690628384905,4846.473077827416,4986.509984111265
0.03,2021-06-17 17:25:00+00:00,2021,2021-06,0.9707663395280852,149.59529952333796,0.14577393981532194,145.2220813288783,4986.509984111265,5131.732065440144
0.03,2021-06-17 19:05:00+00:00,2021,2021-06,-1.0313779398141227,153.9519619632043,0.16102317989158477,-158.78265735995183,5131.732065440144,4972.949408080192
0.03,2021-06-22 16:25:00+00:00,2021,2021-06,-1.049105576990531,149.18848224240577,0.24419955002849789,-156.5144687432607,4972.949408080192,4816.434939336932
0.03,2021-06-28 18:05:00+00:00,2021,2021-06,-1.0448459222243571,144.49304818010796,0.21599746668818012,-150.97297218075337,4816.434939336932,4665.461967156179
0.03,2021-08-09 17:35:00+00:00,2021,2021-08,0.954003854915017,150.0,0.22998072542491474,143.10057823725256,5000.0,5143.100578237252
0.03,2021-08-09 20:15:00+00:00,2021,2021-08,0.9623034393623895,154.29301734711757,0.19387720281285017,148.47670126273206,5143.100578237252,5291.577279499984
0.03,2021-08-10 17:20:00+00:00,2021,2021-08,-1.0321844012935062,158.74731838499952,0.17030624663902777,-163.85650578417034,5291.577279499984,5127.720773715813
0.03,2021-08-12 17:00:00+00:00,2021,2021-08,0.9675810858792483,153.83162321147438,0.16623513939828735,148.84456902952576,5127.720773715813,5276.565342745339
0.03,2021-08-27 16:50:00+00:00,2021,2021-08,0.9633367086839626,158.29696028236017,0.19345625230917918,152.4932727130848,5276.565342745339,5429.058615458423
0.03,2021-08-27 18:10:00+00:00,2021,2021-08,0.9630795196821313,162.87175846375268,0.2004434517565882,156.85845491105505,5429.058615458423,5585.917070369478
0.03,2021-08-31 17:05:00+00:00,2021,2021-08,-0.3332873821617613,167.57751211108433,0.12439080249595426,-55.85147032068414,5585.917070369478,5530.065600048794
0.03,2021-09-02 18:05:00+00:00,2021,2021-09,0.9647615531764938,150.0,0.17619223411753115,144.71423297647408,5000.0,5144.714232976474
0.03,2021-09-08 19:10:00+00:00,2021,2021-09,0.9574304190063039,154.3414269892942,0.2190083292301132,147.7711771123908,5144.714232976474,5292.485410088864
0.03,2021-09-20 06:15:00+00:00,2021,2021-09,0.9620918100258145,158.7745623026659,0.20062854236125421,152.75570603182828,5292.485410088864,5445.241116120693
0.03,2021-09-21 15:25:00+00:00,2021,2021-09,0.9587871651457162,163.35723348362077,0.2244138228604381,156.62481879780762,5445.241116120693,5601.8659349185
0.03,2021-09-24 16:35:00+00:00,2021,2021-09,0.9547286955396974,168.055978047555,0.25360377828549274,160.4478646989902,5601.8659349185,5762.31379961749
0.03,2021-09-24 17:25:00+00:00,2021,2021-09,0.9512104456112639,172.86941398852468,0.28114072253140243,164.43519231258261,5762.31379961749,5926.748991930072
0.03,2021-09-28 16:30:00+00:00,2021,2021-09,-1.025157534082469,177.80246975790217,0.1491023897627197,-182.27554145078378,5926.748991930072,5744.473450479289
0.03,2021-09-29 17:10:00+00:00,2021,2021-09,0.9507839415031976,172.33420351437866,0.2827203413721171,163.85259327321515,5744.473450479289,5908.326043752504
0.03,2021-10-04 16:30:00+00:00,2021,2021-10,-1.0375845652718618,150.0,0.18792282635930913,-155.63768479077928,5000.0,4844.3623152092205
0.03,2021-10-28 17:55:00+00:00,2021,2021-10,0.9579865556978227,145.33086945627662,0.20352834630960942,139.22501906698832,4844.3623152092205,4983.587334276209
0.03,2021-11-03 20:05:00+00:00,2021,2021-11,0.9563146179609333,150.0,0.21842691019533336,143.44719269414,5000.0,5143.44719269414
0.03,2021-11-05 15:30:00+00:00,2021,2021-11,0.9831184282452811,154.3034157808242,0.08682947285007361,151.69853159532198,5143.44719269414,5295.145724289461
0.03,2021-12-09 16:40:00+00:00,2021,2021-12,0.951645214027495,150.0,0.2417739298625249,142.74678210412426,5000.0,5142.746782104125
0.03,2021-12-10 15:35:00+00:00,2021,2021-12,0.9660435935579845,154.28240346312373,0.17462919996149492,149.0435274642789,5142.746782104125,5291.790309568403
0.03,2022-01-26 17:20:00+00:00,2022,2022-01,-1.0401253439315188,150.0,0.20062671965759352,-156.01880158972781,5000.0,4843.981198410273
0.03,2022-02-02 16:05:00+00:00,2022,2022-02,-1.0395681419931049,150.0,0.19784070996552394,-155.93522129896573,5000.0,4844.064778701034
0.03,2022-02-04 16:15:00+00:00,2022,2022-02,0.5601644519491968,145.321943361031,0.09335342518236735,81.40418675902416,4844.064778701034,4925.468965460058
0.03,2022-02-14 18:20:00+00:00,2022,2022-02,-1.0374298190892073,147.76406896380172,0.18435941230667482,-153.29485133300196,4925.468965460058,4772.174114127056
0.03,2022-02-15 16:35:00+00:00,2022,2022-02,-1.034814323607427,143.16522342381168,0.16614001392020541,-148.14942384141784,4772.174114127056,4624.024690285638
0.03,2022-02-16 21:10:00+00:00,2022,2022-02,0.958478329642518,138.72074070856914,0.19199722891489795,132.9608238411222,4624.024690285638,4756.98551412676
0.03,2022-02-17 08:35:00+00:00,2022,2022-02,0.9542373989409232,142.7095654238028,0.21769203032679005,136.17880451399907,4756.98551412676,4893.164318640759
0.03,2022-02-17 16:25:00+00:00,2022,2022-02,0.9559212459594478,146.79492955922277,0.21568458648137218,140.3243919647816,4893.164318640759,5033.48871060554
0.03,2022-02-22 18:00:00+00:00,2022,2022-02,0.9568150037015715,151.0046613181662,0.21737119133568214,144.48352557809574,5033.48871060554,5177.972236183636
0.03,2022-02-25 09:55:00+00:00,2022,2022-02,0.9544764795144168,155.33916708550908,0.23571952516768688,148.26758133047846,5177.972236183636,5326.239817514114
0.03,2022-02-25 16:15:00+00:00,2022,2022-02,0.9713232281851699,159.78719452542342,0.1527393638779144,155.205013609086,5326.239817514114,5481.4448311232
0.03,2022-02-28 16:40:00+00:00,2022,2022-02,-1.0422620245522238,164.44334493369598,0.23165695603458963,-171.39305361473365,5481.4448311232,5310.051777508466
0.03,2022-02-28 17:40:00+00:00,2022,2022-02,0.9531824768699146,159.301553325254,0.2486034719154534,151.8434491677904,5310.051777508466,5461.895226676257
0.03,2022-03-01 15:20:00+00:00,2022,2022-03,0.9703858303249104,150.0,0.14807084837544787,145.55787454873658,5000.0,5145.557874548736
0.03,2022-03-01 15:25:00+00:00,2022,2022-03,-1.0499334221038612,154.3667362364621,0.25693531330968894,-162.07479563575276,5145.557874548736,4983.483078912984
0.03,2022-03-01 17:35:00+00:00,2022,2022-03,0.9572666965121491,149.5044923673895,0.2129606948377581,143.11567152225678,4983.483078912984,5126.598750435241
0.03,2022-03-03 12:05:00+00:00,2022,2022-03,0.9591646248979117,153.7979625130572,0.20934658297192024,147.51756502389958,5126.598750435241,5274.11631545914
0.03,2022-03-04 05:15:00+00:00,2022,2022-03,0.9726327312534203,158.2234894637742,0.14433815860589094,153.89334470559749,5274.11631545914,5428.009660164738
0.03,2022-03-04 16:25:00+00:00,2022,2022-03,0.9503581306290335,162.84028980494213,0.269456546494242,154.75659341011487,5428.009660164738,5582.766253574853
0.03,2022-03-07 19:10:00+00:00,2022,2022-03,-1.0308542211513032,167.48298760724558,0.17225190462383075,-172.6505447459605,5582.766253574853,5410.115708828893
0.03,2022-03-09 08:25:00+00:00,2022,2022-03,0.9597307714433666,162.30347126486677,0.21786118599666351,155.76763568496688,5410.115708828893,5565.88334451386
0.03,2022-03-09 09:25:00+00:00,2022,2022-03,0.9545582411875433,166.97650033541578,0.25292352851966887,159.38879447982572,5565.88334451386,5725.272138993685
0.03,2022-03-09 18:05:00+00:00,2022,2022-03,-1.0209932821497119,171.75816416981056,0.12019225339777936,-175.36393177174392,5725.272138993685,5549.908207221941
0.03,2022-03-10 11:30:00+00:00,2022,2022-03,0.9639583976933372,166.49724621665823,0.200027584443177,160.49641868336292,5549.908207221941,5710.404625905304
0.03,2022-03-10 17:55:00+00:00,2022,2022-03,-1.0188974677393232,171.3121387771591,0.10791218719652702,-174.54950439305495,5710.404625905304,5535.855121512249
0.03,2022-03-11 19:45:00+00:00,2022,2022-03,0.9558006398383581,166.07565364536745,0.24468125431839,158.73521601581575,5535.855121512249,5694.590337528065
0.03,2022-03-15 08:25:00+00:00,2022,2022-03,-1.0480802252901982,170.83771012584194,0.2737971863637346,-179.051625716754,5694.590337528065,5515.538711811311
0.03,2022-03-15 16:05:00+00:00,2022,2022-03,0.9604802589483983,165.46616135433933,0.21797266165086793,158.92698150481328,5515.538711811311,5674.465693316124
0.03,2022-03-16 14:55:00+00:00,2022,2022-03,-1.047313281514025,170.23397079948373,0.2684775927895429,-178.28829858317,5674.465693316124,5496.177394732954
0.03,2022-03-16 16:15:00+00:00,2022,2022-03,0.973849698026275,164.8853218419886,0.14372669857342832,160.57352088478575,5496.177394732954,5656.750915617739
0.03,2022-03-18 16:25:00+00:00,2022,2022-03,-1.0255524189623288,169.70252746853217,0.1445436693614019,-174.03883754937422,5656.750915617739,5482.712078068365
0.03,2022-03-22 15:35:00+00:00,2022,2022-03,0.9578270910734014,164.48136234205094,0.23122191713913937,157.54470482787676,5482.712078068365,5640.256782896242
0.03,2022-03-23 16:45:00+00:00,2022,2022-03,0.9558888398764883,169.20770348688725,0.24879827008805908,161.74375538424547,5640.256782896242,5802.0005382804875
0.03,2022-03-28 16:00:00+00:00,2022,2022-03,0.9533789183909075,174.0600161484146,0.2704955405911733,165.9451499306794,5802.0005382804875,5967.945688211167
0.03,2022-03-29 16:50:00+00:00,2022,2022-03,0.9716327385213904,179.038370646335,0.16929427582762666,173.95954237150622,5967.945688211167,6141.9052305826735
0.03,2022-03-30 18:45:00+00:00,2022,2022-03,-1.0380138660101732,184.2571569174802,0.23347756248255214,-191.26148379195675,6141.9052305826735,5950.643746790717
0.03,2022-04-01 17:15:00+00:00,2022,2022-04,-1.0356887937187724,150.0,0.1784439685938626,-155.35331905781587,5000.0,4844.6466809421845
0.03,2022-04-06 17:35:00+00:00,2022,2022-04,0.9575894660311829,145.33940042826552,0.20546405262901563,139.17547884939506,4844.6466809421845,4983.82215979158
0.03,2022-04-07 07:55:00+00:00,2022,2022-04,0.9527005720978431,149.5146647937474,0.2357319369242336,142.4427066860204,4983.82215979158,5126.264866477601
0.03,2022-04-11 17:50:00+00:00,2022,2022-04,-1.0378412469591853,153.78794599432803,0.19398425479057382,-159.60747363804526,5126.264866477601,4966.6573928395555
0.03,2022-04-12 15:30:00+00:00,2022,2022-04,-1.0322798819478605,148.99972178518667,0.16032311431632895,-153.80941521467653,4966.6573928395555,4812.847977624879
0.03,2022-04-21 19:00:00+00:00,2022,2022-04,-1.0412525046163528,144.38543932874634,0.1985420334147739,-150.34170033118957,4812.847977624879,4662.506277293689
0.03,2022-04-25 17:15:00+00:00,2022,2022-04,0.9597184125218199,139.87518831881067,0.18781315447636945,134.2407936845196,4662.506277293689,4796.747070978208
0.03,2022-04-29 19:05:00+00:00,2022,2022-04,0.9516708091687385,143.90241212934623,0.23182290456260082,136.9477249924682,4796.747070978208,4933.694795970677
0.03,2022-05-03 16:35:00+00:00,2022,2022-05,-0.3047398248325518,150.0,0.1352395672333839,-45.71097372488277,5000.0,4954.289026275117
0.03,2022-05-05 14:10:00+00:00,2022,2022-05,0.9512817538568599,148.62867078825352,0.24136427224632911,141.38774262086363,4954.289026275117,5095.676768895981
0.03,2022-05-05 18:50:00+00:00,2022,2022-05,0.9579014894853961,152.87030306687942,0.21452040203439052,146.4346910058477,5095.676768895981,5242.111459901828
0.03,2022-05-06 16:30:00+00:00,2022,2022-05,0.9573326831646959,157.26334379705483,0.22366683054560976,150.55333888068654,5242.111459901828,5392.6647987825145
0.03,2022-05-09 16:00:00+00:00,2022,2022-05,0.9624113982959837,161.77994396347543,0.2027027292447054,155.69886208613428,5392.6647987825145,5548.363660868648
0.03,2022-05-11 17:10:00+00:00,2022,2022-05,0.9705035465973731,166.45090982605944,0.16365705018363993,161.54119832055025,5548.363660868648,5709.904859189199
0.03,2022-05-12 15:10:00+00:00,2022,2022-05,-1.0357489402992697,171.29714577567594,0.20412304792566482,-177.42083721344588,5709.904859189199,5532.4840219757525
0.03,2022-05-13 19:05:00+00:00,2022,2022-05,-1.028705387044302,165.97452065927257,0.15881209516723013,-170.73888351428948,5532.4840219757525,5361.745138461463
0.03,2022-05-17 15:35:00+00:00,2022,2022-05,0.9606844647470707,160.8523541538439,0.21079988000840386,154.52835775359176,5361.745138461463,5516.273496215055
0.03,2022-05-18 16:05:00+00:00,2022,2022-05,0.9502275312855518,165.48820488645165,0.2745585500107038,157.25144838613056,5516.273496215055,5673.524944601186
0.03,2022-06-02 15:50:00+00:00,2022,2022-06,0.9501897533206819,150.0,0.24905123339659066,142.52846299810227,5000.0,5142.528462998102
0.03,2022-06-22 17:15:00+00:00,2022,2022-06,0.9529327386422213,154.27585388994308,0.24204473120774772,147.01451195371064,5142.528462998102,5289.542974951813
0.03,2022-06-30 17:00:00+00:00,2022,2022-06,0.9577132961478827,158.6862892485544,0.22367733729483488,151.97596912970937,5289.542974951813,5441.518944081523
0.03,2022-07-14 18:35:00+00:00,2022,2022-07,-0.3407605218504029,150.0,0.1460402236501708,-51.11407827756044,5000.0,4948.88592172244
0.03,2022-07-21 16:25:00+00:00,2022,2022-07,-1.0251205186789,148.4665776516732,0.12431858123637396,-152.1961350887644,4948.88592172244,4796.689786633676
0.03,2022-07-28 15:35:00+00:00,2022,2022-07,0.968995910412945,143.90069359901028,0.1487169998661026,139.4391836030272,4796.689786633676,4936.128970236703
0.03,2022-08-01 16:20:00+00:00,2022,2022-08,-1.0361221962295313,150.0,0.180610981147656,-155.4183294344297,5000.0,4844.581670565571
0.03,2022-08-02 17:35:00+00:00,2022,2022-08,0.953943328362137,145.33745011696712,0.2231253072240481,138.64369090024567,4844.581670565571,4983.225361465817
0.03,2022-08-05 16:55:00+00:00,2022,2022-08,0.9678987434651013,149.4967608439745,0.15996779569962752,144.69772697298566,4983.225361465817,5127.923088438803
0.03,2022-08-10 19:30:00+00:00,2022,2022-08,-1.041332887200582,153.83769265316408,0.21195186658770127,-160.19624865079513,5127.923088438803,4967.726839788007
0.03,2022-08-12 17:05:00+00:00,2022,2022-08,-1.041369528387376,149.0318051936402,0.20551251651933988,-155.1971806892204,4967.726839788007,4812.529659098786
0.03,2022-08-26 17:55:00+00:00,2022,2022-08,0.9812899259615641,144.37588977296357,0.090042786233907,141.67460618594637,4812.529659098786,4954.204265284733
0.03,2022-09-01 18:50:00+00:00,2022,2022-09,0.9557400889413457,150.0,0.22129955529327194,143.36101334120184,5000.0,5143.361013341202
0.03,2022-09-02 17:00:00+00:00,2022,2022-09,-0.1354061296562467,154.30083040023607,0.19168145180955595,-20.8932782472409,5143.361013341202,5122.467735093961
0.03,2022-09-22 14:10:00+00:00,2022,2022-09,-1.0448679600034183,153.67403205281883,0.2298346774569961,-160.56907237652874,5122.467735093961,4961.898662717433
0.03,2022-09-22 16:45:00+00:00,2022,2022-09,0.976672109841037,148.85695988152298,0.11575062698377757,145.38444107200965,4961.898662717433,5107.283103789442
0.03,2022-09-27 14:55:00+00:00,2022,2022-09,0.9616136874622989,153.21849311368325,0.19604976544058156,147.3370001504658,5107.283103789442,5254.6201039399075
0.03,2022-09-28 15:20:00+00:00,2022,2022-09,0.9702507437314066,157.6386031181972,0.15632104006621125,152.94897191621087,5254.6201039399075,5407.569075856119
0.03,2022-09-29 15:35:00+00:00,2022,2022-09,-1.0301993154821825,162.22707227568355,0.16330488451347297,-167.12621881108774,5407.569075856119,5240.442857045031
0.03,2022-09-29 17:45:00+00:00,2022,2022-09,0.9587069372345455,157.21328571135092,0.21639393581473806,150.72146763690878,5240.442857045031,5391.164324681939
0.03,2022-09-30 15:55:00+00:00,2022,2022-09,-1.0404063726622028,161.73492974045817,0.217837394786271,-168.2700515840463,5391.164324681939,5222.894273097893
0.03,2022-09-30 16:35:00+00:00,2022,2022-09,-1.0383449585509261,156.6868281929368,0.2002716644178076,-162.69497812547104,5222.894273097893,5060.199294972423
0.03,2022-10-05 10:20:00+00:00,2022,2022-10,0.9529306287123169,150.0,0.23534685643841513,142.93959430684754,5000.0,5142.9395943068475
0.03,2022-10-11 17:35:00+00:00,2022,2022-10,0.9531490529415696,154.2881878292054,0.24095159065757582,147.05964010947815,5142.9395943068475,5289.999234416326
0.03,2022-10-13 16:45:00+00:00,2022,2022-10,-1.0243103388398183,158.69997703248976,0.12860167385104007,-162.55802724802095,5289.999234416326,5127.441207168305
0.03,2022-10-17 17:50:00+00:00,2022,2022-10,0.9517418880411813,153.82323621504912,0.24744063183778828,146.40001725991547,5127.441207168305,5273.84122442822
0.03,2022-10-19 12:00:00+00:00,2022,2022-10,0.9532512633289556,158.2152367328466,0.2465454146456934,150.8188742934758,5273.84122442822,5424.660098721695
0.03,2022-10-21 17:45:00+00:00,2022,2022-10,0.973499236525624,162.73980296165084,0.14375763420510881,158.42707393549756,5424.660098721695,5583.087172657193
0.03,2022-11-01 16:35:00+00:00,2022,2022-11,0.9506775958851028,150.0,0.24661202057448595,142.60163938276543,5000.0,5142.601639382766
0.03,2022-11-10 16:40:00+00:00,2022,2022-11,0.9706277274253107,154.27804918148297,0.15104989709499494,149.74655226863314,5142.601639382766,5292.348191651399
0.03,2022-11-15 21:15:00+00:00,2022,2022-11,0.07677781923855284,158.77044574954198,0.12567060396064972,12.190048584182794,5292.348191651399,5304.538240235582
0.03,2022-11-16 15:45:00+00:00,2022,2022-11,-1.0363737139294007,159.13614720706744,0.19294575647789558,-164.9245199014043,5304.538240235582,5139.613720334178
0.03,2022-11-17 15:05:00+00:00,2022,2022-11,-1.0411135909785023,154.18841161002533,0.21130797628531833,-160.52765089858485,5139.613720334178,4979.086069435592
0.03,2022-11-23 21:05:00+00:00,2022,2022-11,0.12804523156232872,149.37258208306775,0.17387678965352532,19.126446861889367,4979.086069435592,4998.212516297482
0.03,2022-12-20 05:05:00+00:00,2022,2022-12,0.9589675452822449,150.0,0.2051622735887754,143.84513179233673,5000.0,5143.845131792336
0.03,2022-12-30 17:40:00+00:00,2022,2022-12,-1.0455798406876042,154.31535395377009,0.23445564162880278,-161.34902320263419,5143.845131792336,4982.496108589702
0.03,2023-01-04 21:20:00+00:00,2023,2023-01,0.9505905604442143,150.0,0.24704719777892833,142.58858406663214,5000.0,5142.588584066632
0.03,2023-01-05 18:55:00+00:00,2023,2023-01,-1.0462769122281244,154.27765752199898,0.23798312053020607,-161.41715113790517,5142.588584066632,4981.171432928727
0.03,2023-01-12 15:35:00+00:00,2023,2023-01,0.6997630859906975,149.4351429878618,0.08634946062150997,104.56919681264732,4981.171432928727,5085.7406297413745
0.03,2023-01-20 11:50:00+00:00,2023,2023-01,0.9583143101018309,152.57221889224124,0.21200260679391852,146.2121406884237,5085.7406297413745,5231.952770429798
0.03,2023-01-20 18:05:00+00:00,2023,2023-01,0.9564279193294053,156.95858311289393,0.2279670681779088,150.11957106755668,5231.952770429798,5382.0723414973545
0.03,2023-01-23 17:00:00+00:00,2023,2023-01,-1.04579353656941,161.46217024492063,0.24646412658956904,-168.8560940426077,5382.0723414973545,5213.216247454747
0.03,2023-01-24 17:15:00+00:00,2023,2023-01,0.9683415494550223,156.39648742364238,0.16504234875032078,151.44521696113276,5213.216247454747,5364.66146441588
0.03,2023-01-27 15:35:00+00:00,2023,2023-01,-1.0447598951339587,160.93984393247638,0.24012168457644434,-168.1434944697697,5364.66146441588,5196.5179699461105
0.03,2023-01-27 19:40:00+00:00,2023,2023-01,-1.0495142884089397,155.8955390983833,0.25730188948614985,-163.61459578296777,5196.5179699461105,5032.903374163143
0.03,2023-01-31 15:20:00+00:00,2023,2023-01,-1.034105858087149,150.98710122489427,0.17165148824554172,-156.13664587226052,5032.903374163143,4876.766728290882
0.03,2023-02-07 10:10:00+00:00,2023,2023-02,0.9546240276577359,150.0,0.2268798617113203,143.1936041486604,5000.0,5143.193604148661
0.03,2023-02-10 10:40:00+00:00,2023,2023-02,0.9600563015939438,154.29580812445982,0.20543817416807117,148.13266289941768,5143.193604148661,5291.326267048078
0.03,2023-02-10 17:25:00+00:00,2023,2023-02,0.952986478015581,158.73978801144233,0.24876388378259834,151.27687149796438,5291.326267048078,5442.603138546043
0.03,2023-02-14 15:35:00+00:00,2023,2023-02,-1.0242211739195624,163.2780941563813,0.13182623719387973,-167.2328812721977,5442.603138546043,5275.370257273845
0.03,2023-02-14 17:40:00+00:00,2023,2023-02,0.9722490188045932,158.26110771821533,0.1463967008084148,153.8692066939629,5275.370257273845,5429.239463967808
0.03,2023-02-21 16:50:00+00:00,2023,2023-02,-1.0394292151708602,162.87718391903422,0.21407065103891187,-169.2993034502016,5429.239463967808,5259.940160517606
0.03,2023-02-23 16:35:00+00:00,2023,2023-02,0.95221843003413,157.79820481552818,0.25132819879606155,150.25835885164634,5259.940160517606,5410.198519369253
0.03,2023-02-24 16:45:00+00:00,2023,2023-02,-1.0355269835899168,162.30595558107757,0.19220803401582334,-168.07219660155226,5410.198519369253,5242.1263227677
0.03,2023-03-01 17:20:00+00:00,2023,2023-03,-1.0359928014397108,150.0,0.1799640071985546,-155.39892021595662,5000.0,4844.601079784044
0.03,2023-03-13 16:10:00+00:00,2023,2023-03,0.9674231729829509,145.3380323935213,0.15782173134273422,140.60338045323928,4844.601079784044,4985.204460237283
0.03,2023-03-15 16:10:00+00:00,2023,2023-03,-1.030087253033798,149.55613380711847,0.14999110802037752,-154.05586704772978,4985.204460237283,4831.148593189553
0.03,2023-03-16 10:15:00+00:00,2023,2023-03,0.9609926443272147,144.9344577956866,0.18845033148262133,139.28094785120794,4831.148593189553,4970.429541040761
0.03,2023-03-20 13:30:00+00:00,2023,2023-03,0.9635770778409875,149.11288623122283,0.18103756827018402,143.6817591831173,4970.429541040761,5114.111300223879
0.03,2023-03-21 09:55:00+00:00,2023,2023-03,0.9512047772846618,153.42333900671636,0.2495441998854519,145.9370130101528,5114.111300223879,5260.048313234031
0.03,2023-03-21 14:45:00+00:00,2023,2023-03,0.9547404038880141,157.80144939702095,0.2380676621865052,150.65941953142578,5260.048313234031,5410.707732765457
0.03,2023-03-22 17:25:00+00:00,2023,2023-03,-1.0447560793674475,162.3212319829637,0.24216206472171314,-169.58609392461508,5410.707732765457,5241.121638840842
0.03,2023-03-23 15:00:00+00:00,2023,2023-03,0.9517385608898487,157.23364916522524,0.2529440728418138,149.64532697997083,5241.121638840842,5390.766965820812
0.03,2023-03-24 11:20:00+00:00,2023,2023-03,0.9602219991286716,161.72300897462438,0.21443393306354866,155.2899909827179,5390.766965820812,5546.056956803531
0.03,2023-03-24 18:25:00+00:00,2023,2023-03,0.9582072918325095,166.3817087041059,0.23178473987597062,159.4281665078268,5546.056956803531,5705.485123311358
0.03,2023-03-27 12:25:00+00:00,2023,2023-03,0.9698726041547119,171.16455369934073,0.17189140879940354,166.0078114353586,5705.485123311358,5871.492934746716
0.03,2023-03-28 12:15:00+00:00,2023,2023-03,0.9533063547827643,176.14478804240147,0.2741614079905695,167.9199458026844,5871.492934746716,6039.4128805494
0.03,2023-04-05 17:10:00+00:00,2023,2023-04,0.9649128669529332,150.0,0.17543566523533408,144.73693004293997,5000.0,5144.73693004294
0.03,2023-04-13 17:40:00+00:00,2023,2023-04,0.9711292584343807,154.3421079012882,0.14853237033036742,149.88613679137717,5144.73693004294,5294.623066834317
0.03,2023-04-17 19:40:00+00:00,2023,2023-04,0.9623318385650227,158.83869200502951,0.1994387164188695,152.85553051246342,5294.623066834317,5447.478597346781
0.03,2023-04-20 04:30:00+00:00,2023,2023-04,0.9552324713807595,163.42435792040342,0.24387015400942233,156.10825330012077,5447.478597346781,5603.586850646901
0.03,2023-04-21 16:50:00+00:00,2023,2023-04,-0.2864790726484399,168.10760551940703,0.08677353321504412,-48.159310934349485,5603.586850646901,5555.427539712552
0.03,2023-04-26 17:25:00+00:00,2023,2023-04,-1.0350953423467093,166.66282619137655,0.1949696313885486,-172.51191513303303,5555.427539712552,5382.915624579519
0.03,2023-04-27 15:35:00+00:00,2023,2023-04,0.9664745605772763,161.48746873738557,0.18046461168947345,156.07353038670138,5382.915624579519,5538.989154966221
0.03,2023-04-27 16:35:00+00:00,2023,2023-04,-1.0391367550039141,166.16967464898661,0.21677806152725004,-172.67301649480413,5538.989154966221,5366.316138471417
0.03,2023-04-27 17:55:00+00:00,2023,2023-04,0.9682630839214741,160.9894841541425,0.1703103249375067,155.88017440601732,5366.316138471417,5522.196312877434
0.03,2023-04-28 16:30:00+00:00,2023,2023-04,0.9768928598937071,165.66588938632302,0.12760216389611315,161.83782446943962,5522.196312877434,5684.034137346874
0.03,2023-05-04 10:55:00+00:00,2023,2023-05,0.9536014140521432,150.0,0.23199292973928418,143.04021210782147,5000.0,5143.040212107821
0.03,2023-05-04 18:45:00+00:00,2023,2023-05,-1.0339147286821693,154.29120636323464,0.17442481339512297,-159.52395076508833,5143.040212107821,4983.516261342733
0.03,2023-05-04 19:20:00+00:00,2023,2023-05,0.9702013537099309,149.50548784028197,0.14850203835255982,145.05042668970518,4983.516261342733,5128.566688032438
0.03,2023-05-10 15:30:00+00:00,2023,2023-05,0.950353436251448,153.85700064097313,0.2546157130161026,146.21852925049004,5128.566688032438,5274.785217282928
0.03,2023-05-17 18:25:00+00:00,2023,2023-05,-1.0424722918857694,158.24355651848782,0.22403221738318208,-164.96452303998328,5274.785217282928,5109.820694242945
0.03,2023-05-22 15:35:00+00:00,2023,2023-05,-1.0380276334136145,153.29462082728836,0.19431438816997132,-159.12405247238752,5109.820694242945,4950.696641770558
0.03,2023-05-24 17:40:00+00:00,2023,2023-05,-1.044557606619988,148.52089925311674,0.2205911934589083,-155.13863505688397,4950.696641770558,4795.558006713674
0.03,2023-06-01 17:10:00+00:00,2023,2023-06,0.9546818015062895,150.0,0.22659099246855285,143.2022702259434,5000.0,5143.202270225944
0.03,2023-06-02 16:35:00+00:00,2023,2023-06,-1.0438065835036918,154.2960681067783,0.22530611972702982,-161.05525169858922,5143.202270225944,4982.147018527355
0.03,2023-06-16 18:20:00+00:00,2023,2023-06,-1.0371582765637446,149.46441055582065,0.1851279967956754,-155.0182504596909,4982.147018527355,4827.128768067664
0.03,2023-06-21 18:30:00+00:00,2023,2023-06,-1.0431061025925237,144.8138630420299,0.20807870790364716,-151.05622427913931,4827.128768067664,4676.072543788525
0.03,2023-06-22 16:50:00+00:00,2023,2023-06,-1.0397923219767307,140.28217631365575,0.18607178424898319,-145.86432984112525,4676.072543788525,4530.2082139474
0.03,2023-06-30 17:05:00+00:00,2023,2023-06,0.956371795404495,135.90624641842197,0.19764485081833455,129.97690089387194,4530.2082139474,4660.185114841272
0.03,2023-07-14 17:05:00+00:00,2023,2023-07,0.10497713369364352,150.0,0.15590663419848888,15.746570054046527,5000.0,5015.746570054047
0.03,2023-07-20 16:25:00+00:00,2023,2023-07,-1.0458375169162264,150.4723971016214,0.22990936825235692,-157.3696781491921,5015.746570054047,4858.376891904855
0.03,2023-07-25 16:05:00+00:00,2023,2023-07,-1.0454338936846883,145.75130675714564,0.22073497918695167,-152.3733561327542,4858.376891904855,4706.003535772101
0.03,2023-07-25 17:15:00+00:00,2023,2023-07,0.9576065891472857,141.18010607316302,0.19950354136631282,135.19499983217364,4706.003535772101,4841.198535604274
0.03,2023-08-03 17:05:00+00:00,2023,2023-08,-1.0494408475573873,150.0,0.24720423778693668,-157.4161271336081,5000.0,4842.583872866392
0.03,2023-08-04 17:50:00+00:00,2023,2023-08,0.9570244551314853,145.27751618599174,0.20811268050791523,139.0341357707543,4842.583872866392,4981.618008637146
0.03,2023-10-02 18:40:00+00:00,2023,2023-10,-1.0488269896998297,150.0,0.24413494849914869,-157.32404845497445,5000.0,4842.675951545026
0.03,2023-10-16 15:45:00+00:00,2023,2023-10,-1.0355149670218164,145.28027854635076,0.17198747671646564,-150.4399028478447,4842.675951545026,4692.236048697181
0.03,2023-10-24 14:50:00+00:00,2023,2023-10,0.9703891708967852,140.76708146091542,0.13894099974991592,136.59885146841793,4692.236048697181,4828.834900165599
0.03,2023-10-25 20:10:00+00:00,2023,2023-10,0.3151232060655372,144.86504700496795,0.08580890612601359,45.650338059040244,4828.834900165599,4874.485238224639
0.03,2023-10-27 15:55:00+00:00,2023,2023-10,-1.0391776426252746,146.23455714673918,0.1909708406453415,-151.96368236609942,4874.485238224639,4722.52155585854
0.03,2023-10-27 17:10:00+00:00,2023,2023-10,0.9669998114274932,141.67564667575618,0.1558441018810597,137.00032361932438,4722.52155585854,4859.521879477864
0.03,2023-10-30 16:05:00+00:00,2023,2023-10,-1.0486032355868264,145.7856563843359,0.23618848674759974,-152.87131098676392,4859.521879477864,4706.6505684911
0.03,2023-11-03 15:40:00+00:00,2023,2023-11,-1.0289423633506989,150.0,0.14471181675349423,-154.34135450260484,5000.0,4845.658645497395
0.03,2023-11-15 17:50:00+00:00,2023,2023-11,0.964050329538646,145.36975936492183,0.17419983147384224,140.14376442070656,4845.658645497395,4985.802409918101
0.03,2023-11-21 16:30:00+00:00,2023,2023-11,-1.0374191479125463,149.57407229754304,0.18656447783945546,-155.1710066327267,4985.802409918101,4830.631403285374
0.03,2023-11-30 17:10:00+00:00,2023,2023-11,-1.0481960892316187,144.91894209856122,0.23281754215780168,-151.90346836329525,4830.631403285374,4678.727934922079
0.03,2023-12-04 12:35:00+00:00,2023,2023-12,-1.027354791647671,150.0,0.13677395823835586,-154.10321874715066,5000.0,4845.896781252849
0.03,2023-12-08 17:20:00+00:00,2023,2023-12,-1.0269075533346146,145.37690343758547,0.13039122609559836,-149.2886402204534,4845.896781252849,4696.608141032396
0.03,2023-12-21 16:50:00+00:00,2023,2023-12,0.9681485189061291,140.89824423097187,0.14959392540941377,136.41042646868945,4696.608141032396,4833.018567501085
0.03,2023-12-26 16:40:00+00:00,2023,2023-12,-1.0397230734309397,144.99055702503256,0.1919823514499403,-150.75002756853078,4833.018567501085,4682.268539932555
0.03,2024-01-25 15:35:00+00:00,2024,2024-01,0.9537821599137266,150.0,0.23108920043136702,143.06732398705898,5000.0,5143.067323987059
0.03,2024-02-07 18:00:00+00:00,2024,2024-02,0.955093661791122,150.0,0.22453169104439036,143.2640492686683,5000.0,5143.264049268669
0.03,2024-03-04 19:05:00+00:00,2024,2024-03,0.9679418679204949,150.0,0.16029066039752563,145.19128018807422,5000.0,5145.191280188074
0.03,2024-03-08 15:35:00+00:00,2024,2024-03,0.19001331385804848,154.35573840564223,0.06983248897014792,29.329645367462124,5145.191280188074,5174.520925555536
0.03,2024-03-08 16:45:00+00:00,2024,2024-03,0.9518602572037698,155.23562776666608,0.249100106449955,147.76262457316744,5174.520925555536,5322.283550128704
0.03,2024-03-12 14:55:00+00:00,2024,2024-03,0.967296851153953,159.6685065038611,0.17405543114072639,154.4468435696393,5322.283550128704,5476.730393698343
0.03,2024-03-15 16:50:00+00:00,2024,2024-03,-1.0389004149377616,164.30191181095026,0.21304708481711643,-170.69332435546374,5476.730393698343,5306.037069342879
0.03,2024-03-21 11:10:00+00:00,2024,2024-03,-1.0287521564117317,159.18111208028634,0.15256000774419234,-163.75791231261212,5306.037069342879,5142.279157030266
0.03,2024-03-21 11:25:00+00:00,2024,2024-03,-1.0369120438726012,154.26837471090798,0.18981203384946352,-159.96273572639188,5142.279157030266,4982.316421303874
0.03,2024-03-26 19:45:00+00:00,2024,2024-03,-1.0457297156047205,149.46949263911623,0.2278399129989553,-156.30469002908487,4982.316421303874,4826.01173127479
0.03,2024-04-03 17:20:00+00:00,2024,2024-04,0.9517751343406949,150.0,0.24112432829652508,142.76627015110424,5000.0,5142.766270151104
0.03,2024-04-09 06:10:00+00:00,2024,2024-04,0.9599839935974406,154.28298810453313,0.2057929679932333,148.10919906473615,5142.766270151104,5290.875469215841
0.03,2024-04-10 17:10:00+00:00,2024,2024-04,-0.19782011938922853,158.72626407647522,0.06916134032999131,-31.399248509814544,5290.875469215841,5259.476220706027
0.03,2024-04-11 13:20:00+00:00,2024,2024-04,0.9508737455260042,157.7842866211808,0.2583783672183337,150.03293560463078,5259.476220706027,5409.509156310657
0.03,2024-04-12 16:50:00+00:00,2024,2024-04,0.9675625579240031,162.28527468931972,0.17547063991740158,157.02115549179769,5409.509156310657,5566.530311802455
0.03,2024-04-15 10:10:00+00:00,2024,2024-04,0.9604273842500997,166.99590935407363,0.2202821650891317,160.38744440139968,5566.530311802455,5726.917756203855
0.03,2024-04-15 12:25:00+00:00,2024,2024-04,-1.038190845108841,171.80753268611565,0.21871582897825273,-178.36900755546324,5726.917756203855,5548.548748648392
0.03,2024-04-16 11:20:00+00:00,2024,2024-04,0.9549491569056533,166.45646245945176,0.24996679907669225,158.95745848715097,5548.548748648392,5707.506207135542
0.03,2024-04-17 18:50:00+00:00,2024,2024-04,-1.0302672162808792,171.22518621406627,0.1727503247958328,-176.40769595794123,5707.506207135542,5531.098511177601
0.03,2024-04-18 18:55:00+00:00,2024,2024-04,0.977711028795229,165.93295533532802,0.12328249544638972,162.23448047193634,5531.098511177601,5693.332991649537
0.03,2024-04-19 06:00:00+00:00,2024,2024-04,0.9805999242473233,170.7999897494861,0.11045109132321397,167.48645700978966,5693.332991649537,5860.819448659327
0.03,2024-04-19 12:15:00+00:00,2024,2024-04,0.9529717382541332,175.8245834597798,0.27562415107681754,167.55585892747527,5860.819448659327,6028.375307586802
0.03,2024-04-19 20:30:00+00:00,2024,2024-04,0.9749710975769633,180.85125922760403,0.15088361734303407,176.32475070731303,6028.375307586802,6204.700058294115
0.03,2024-04-22 18:05:00+00:00,2024,2024-04,0.963454108802337,186.14100174882344,0.22675629324455057,179.33831295148693,6204.700058294115,6384.038371245601
0.03,2024-04-22 20:15:00+00:00,2024,2024-04,0.9595149505504021,191.52115113736804,0.25845810914800804,183.7674078629278,6384.038371245601,6567.805779108529
0.03,2024-04-23 14:05:00+00:00,2024,2024-04,-1.0348987934988547,197.03417337325587,0.2292084976256928,-203.91042830202667,6567.805779108529,6363.895350806502
0.03,2024-04-23 18:05:00+00:00,2024,2024-04,-1.0187813581605,190.91686052419507,0.11952259787943789,-194.50253846057822,6363.895350806502,6169.3928123459245
0.03,2024-04-23 18:15:00+00:00,2024,2024-04,0.9685624036287983,185.08178437037773,0.19395088108992392,179.26325793768,6169.3928123459245,6348.656070283605
0.03,2024-04-24 16:20:00+00:00,2024,2024-04,-1.0310182860181372,190.45968210850813,0.1969244298188396,-196.36741500307332,6348.656070283605,6152.288655280532
0.03,2024-04-24 20:30:00+00:00,2024,2024-04,0.9692618451675241,184.56865965841595,0.1891100012600976,178.89535962061302,6152.288655280532,6331.184014901145
0.03,2024-04-25 16:45:00+00:00,2024,2024-04,0.9770348741839174,189.93552044703435,0.14539643746697548,185.57362732302508,6331.184014901145,6516.75764222417
0.03,2024-04-26 17:05:00+00:00,2024,2024-04,-1.026662603793708,195.50272926672508,0.17375372703424194,-200.71534107775236,6516.75764222417,6316.042301146417
0.03,2024-04-26 18:05:00+00:00,2024,2024-04,-1.0301758822853204,189.4812690343925,0.1905921489884991,-195.19903350404746,6316.042301146417,6120.84326764237
0.03,2024-04-26 19:25:00+00:00,2024,2024-04,0.9683047573049988,183.62529802927108,0.19400161286598955,177.8052496432914,6120.84326764237,6298.648517285661
0.03,2024-04-29 17:35:00+00:00,2024,2024-04,-1.0224203277638397,188.95945551856983,0.1412177642267672,-193.19598844537285,6298.648517285661,6105.452528840288
0.03,2024-04-30 18:35:00+00:00,2024,2024-04,0.9700854700854702,183.16357586520866,0.1826417423157344,177.68432359573663,6105.452528840288,6283.136852436025
0.03,2024-05-03 17:15:00+00:00,2024,2024-05,-1.0147077362692778,150.0,0.07353868134638859,-152.20616044039167,5000.0,4847.793839559608
0.03,2024-05-06 19:30:00+00:00,2024,2024-05,0.9520755836509237,145.43381518678825,0.23232769034154208,138.463984476542,4847.793839559608,4986.257824036151
0.03,2024-05-09 16:35:00+00:00,2024,2024-05,0.9687736985323626,149.58773472108453,0.15570239000871824,144.91666302082297,4986.257824036151,5131.174487056974
0.03,2024-05-13 17:10:00+00:00,2024,2024-05,0.9607491308736115,153.9352346117092,0.2014030582561369,147.8931428640251,5131.174487056974,5279.067629920999
0.03,2024-05-14 15:40:00+00:00,2024,2024-05,0.9597415792803324,158.37202889762997,0.21252692565293776,151.99622112804184,5279.067629920999,5431.063851049041
0.03,2024-05-15 15:35:00+00:00,2024,2024-05,-1.020607630711258,162.93191553147122,0.11192135821168048,-166.28955627782165,5431.063851049041,5264.7742947712195
0.03,2024-05-16 08:50:00+00:00,2024,2024-05,0.953654661016951,157.94322884313658,0.24399774936041538,150.62329636232414,5264.7742947712195,5415.397591133544
0.03,2024-05-16 17:00:00+00:00,2024,2024-05,-1.0474233322794813,162.4619277340063,0.25681619938982886,-170.16641371570117,5415.397591133544,5245.231177417842
0.03,2024-05-17 18:55:00+00:00,2024,2024-05,0.9702591700892234,157.35693532253526,0.15599752829028699,152.67700947382667,5245.231177417842,5397.908186891669
0.03,2024-05-20 20:05:00+00:00,2024,2024-05,0.967005514792526,161.93724560675008,0.1781012018236995,156.5942095520391,5397.908186891669,5554.502396443709
0.03,2024-05-21 15:45:00+00:00,2024,2024-05,-1.0386889957442118,166.63507189331125,0.21489811957722468,-173.082015480628,5554.502396443709,5381.420380963081
0.03,2024-05-23 04:15:00+00:00,2024,2024-05,0.9651214934644313,161.4426114288924,0.18769590592806318,155.8117342510505,5381.420380963081,5537.232115214131
0.03,2024-05-23 16:05:00+00:00,2024,2024-05,-1.0445434298440972,166.11696345642392,0.2466473102545223,-173.51638276405959,5537.232115214131,5363.715732450071
0.03,2024-05-28 18:05:00+00:00,2024,2024-05,0.9716862840270195,160.91147197350213,0.15186672380839839,156.35547025925018,5363.715732450071,5520.071202709321
0.03,2024-06-03 17:25:00+00:00,2024,2024-06,0.9647355163727955,150.0,0.1763224181360223,144.71032745591933,5000.0,5144.7103274559195
0.03,2024-06-06 07:50:00+00:00,2024,2024-06,0.9529559353928176,154.3413098236776,0.24202808503007486,147.08046727277537,5144.7103274559195,5291.790794728695
0.03,2024-06-06 15:40:00+00:00,2024,2024-06,-1.0485919892634832,158.75372384186085,0.2571386414820557,-166.46788308632253,5291.790794728695,5125.322911642373
0.03,2024-06-07 17:40:00+00:00,2024,2024-06,-1.019625251156488,153.75968734927116,0.10058574939908388,-156.7772598312437,5125.322911642373,4968.545651811129
0.03,2024-06-07 20:55:00+00:00,2024,2024-06,0.9617639561560031,149.05636955433386,0.1899775293835506,143.35704367282733,4968.545651811129,5111.9026954839555
0.03,2024-06-10 10:30:00+00:00,2024,2024-06,0.9637105135826363,153.35708086451865,0.18550832343464985,147.79183116147914,5111.9026954839555,5259.694526645435
0.03,2024-06-11 10:05:00+00:00,2024,2024-06,0.953809607601616,157.79083579936304,0.24294735408138504,150.5024151769215,5259.694526645435,5410.196941822356
0.03,2024-06-13 05:50:00+00:00,2024,2024-06,-1.0436908353271614,162.30590825467067,0.2363760236726733,-169.39718896485087,5410.196941822356,5240.799752857505
0.03,2024-06-13 17:25:00+00:00,2024,2024-06,-1.0429474200871232,157.22399258572514,0.2250788285784625,-163.97635744307902,5240.799752857505,5076.823395414426
0.03,2024-06-14 15:25:00+00:00,2024,2024-06,0.9623230529091983,152.30470186243278,0.19127920645837354,146.56632566868157,5076.823395414426,5223.389721083107
0.03,2024-06-20 15:40:00+00:00,2024,2024-06,-1.0402599643411754,156.7016916324932,0.21029348391086825,-163.01049614981926,5223.389721083107,5060.379224933288
0.03,2024-06-20 16:50:00+00:00,2024,2024-06,0.9710879202577302,151.81137674799865,0.14630608767739675,147.42219411767675,5060.379224933288,5207.801419050965
0.03,2024-06-25 17:10:00+00:00,2024,2024-06,-1.0489773071810051,156.23404257152893,0.2550640898385336,-163.88596526668493,5207.801419050965,5043.91545378428
0.03,2024-06-27 17:20:00+00:00,2024,2024-06,0.9531459170013383,151.3174636135284,0.23632803330984062,144.22762261423316,5043.91545378428,5188.143076398513
0.03,2024-07-01 11:30:00+00:00,2024,2024-07,0.9534966118960085,150.0,0.23251694051995736,143.02449178440128,5000.0,5143.024491784401
0.03,2024-07-05 15:35:00+00:00,2024,2024-07,0.9736940999624204,154.29073475353204,0.13529188817170398,150.2319781083809,5143.024491784401,5293.256469892782
0.03,2024-07-09 17:05:00+00:00,2024,2024-07,0.96292045554869,158.79769409678346,0.19627153856757362,152.90954793975624,5293.256469892782,5446.166017832538
0.03,2024-07-09 17:30:00+00:00,2024,2024-07,-1.041899441340783,163.38498053497614,0.22819131359634,-170.23071994286633,5446.166017832538,5275.935297889672
0.03,2024-07-09 19:55:00+00:00,2024,2024-07,0.961462232988328,158.27805893669017,0.20332276527872822,152.17837597832832,5275.935297889672,5428.113673868001
0.03,2024-07-17 06:40:00+00:00,2024,2024-07,-1.039238401315422,162.84341021604,0.2129905027209615,-169.23312529766886,5428.113673868001,5258.8805485703315
0.03,2024-07-19 17:05:00+00:00,2024,2024-07,-1.0444303395747396,157.76641645710993,0.23365384855597257,-164.7760319137891,5258.8805485703315,5094.104516656543
0.03,2024-07-19 18:05:00+00:00,2024,2024-07,0.9649573647938331,152.82313549969626,0.17851084627928232,147.4678101113178,5094.104516656543,5241.57232676786
0.03,2024-07-24 05:20:00+00:00,2024,2024-07,0.9660518275432857,157.2471698030358,0.17794180129345694,151.9089157642321,5241.57232676786,5393.481242532092
0.03,2024-07-24 17:55:00+00:00,2024,2024-07,-1.0225881745528078,161.80443727596275,0.1218288957536096,-165.45930414857105,5393.481242532092,5228.021938383521
0.03,2024-07-25 17:25:00+00:00,2024,2024-07,0.964563540945985,156.84065815150564,0.18526258535301998,151.28278059091502,5228.021938383521,5379.304718974436
0.03,2024-07-25 20:05:00+00:00,2024,2024-07,-1.0426049908703583,161.37914156923307,0.2291852284407814,-168.2546984224565,5379.304718974436,5211.050020551979
0.03,2024-07-26 11:00:00+00:00,2024,2024-07,0.9549762017066153,156.33150061655937,0.23462126502207045,149.29286266589725,5211.050020551979,5360.342883217876
0.03,2024-07-26 16:15:00+00:00,2024,2024-07,0.9513257926942295,160.81028649653626,0.2609104407277588,152.9829732747035,5360.342883217876,5513.32585649258
0.03,2024-07-26 16:55:00+00:00,2024,2024-07,0.9551913967481757,165.3997756947774,0.24704443090160075,157.98844276772937,5513.32585649258,5671.31429926031
0.03,2024-07-29 12:30:00+00:00,2024,2024-07,-1.0490677134445532,170.13942897780927,0.278278424890102,-178.48778172451233,5671.31429926031,5492.826517535797
0.03,2024-07-29 17:30:00+00:00,2024,2024-07,0.9520482257843539,164.7847955260739,0.2633907769745903,156.8830722168362,5492.826517535797,5649.709589752633
0.03,2024-08-01 17:50:00+00:00,2024,2024-08,0.9670743179680145,150.0,0.16462841015992774,145.06114769520218,5000.0,5145.061147695202
0.03,2024-08-02 04:45:00+00:00,2024,2024-08,0.9715912934078279,154.35183443085606,0.14616453254365722,149.96689845454634,5145.061147695202,5295.028046149748
0.03,2024-08-02 05:20:00+00:00,2024,2024-08,0.9818115678428521,158.85084138449244,0.09630825838759008,155.96159363286472,5295.028046149748,5450.989639782612
0.03,2024-08-02 07:00:00+00:00,2024,2024-08,0.9552401048660382,163.52968919347836,0.24398572465298185,156.2101174538889,5450.989639782612,5607.199757236502
0.03,2024-08-05 05:05:00+00:00,2024,2024-08,-1.042889528827889,168.21599271709505,0.2404901556317276,-175.43069738604686,5607.199757236502,5431.769059850455
0.03,2024-08-05 16:40:00+00:00,2024,2024-08,-0.02429660794108759,162.95307179551364,0.0599879833062645,-3.959206898211493,5431.769059850455,5427.809852952244
0.03,2024-08-06 17:05:00+00:00,2024,2024-08,-1.0261135566664181,162.8342955885673,0.14173942016961077,-167.08647819365564,5427.809852952244,5260.723374758589
0.03,2024-08-07 17:45:00+00:00,2024,2024-08,0.9565846599131684,157.82170124275765,0.22839609441788852,150.969818410221,5260.723374758589,5411.69319316881
0.03,2024-08-07 20:10:00+00:00,2024,2024-08,0.9546592970031971,162.35079579506427,0.24536997378128728,154.98969658162565,5411.69319316881,5566.682889750436
0.03,2024-08-08 18:25:00+00:00,2024,2024-08,0.9594296974614583,167.00048669251305,0.22584200897329845,160.2252264233141,5566.682889750436,5726.9081161737495
0.03,2024-08-08 20:15:00+00:00,2024,2024-08,0.970415868364701,171.80724348521247,0.16942560357214684,166.72447537804806,5726.9081161737495,5893.632591551797
0.03,2024-08-13 08:35:00+00:00,2024,2024-08,0.9605722654049796,176.80897774655392,0.2323725816202664,169.83780029794593,5893.632591551797,6063.4703918497435
0.03,2024-08-13 17:35:00+00:00,2024,2024-08,-1.031447011785143,181.9041117554923,0.19067802487136518,-187.62445250163324,6063.4703918497435,5875.84593934811
0.03,2024-08-14 15:40:00+00:00,2024,2024-08,-1.0383239652529384,176.27537818044328,0.22518571561119552,-183.03094964877917,5875.84593934811,5692.814989699331
0.03,2024-08-15 17:35:00+00:00,2024,2024-08,0.974701538387404,170.78444969097993,0.1440194614845193,166.46386584644435,5692.814989699331,5859.2788555457755
0.03,2024-08-20 19:15:00+00:00,2024,2024-08,0.9654298225397553,175.77836566637325,0.20255630982527725,169.70167637161495,5859.2788555457755,6028.98053191739
0.03,2024-08-20 20:35:00+00:00,2024,2024-08,0.9524068534131073,180.8694159575217,0.28693815422506663,172.26127133076972,6028.98053191739,6201.24180324816
0.03,2024-08-21 10:35:00+00:00,2024,2024-08,0.9618860938691056,186.0372540974448,0.2363535479839786,178.94664765792544,6201.24180324816,6380.188450906086
0.03,2024-08-22 20:35:00+00:00,2024,2024-08,0.9551176558592833,191.40565352718255,0.2863578137361926,182.81491911509676,6380.188450906086,6563.0033700211825
0.03,2024-08-27 17:05:00+00:00,2024,2024-08,0.9682798622439716,196.89010110063546,0.20817937099035108,190.64471997092494,6563.0033700211825,6753.648089992107
0.03,2024-08-28 16:05:00+00:00,2024,2024-08,0.9562964350377723,202.6094426997632,0.29515849803299504,193.75468775877334,6753.648089992107,6947.40277775088
0.03,2024-08-30 18:45:00+00:00,2024,2024-08,0.9628601241532994,208.4220833325264,0.258025676622691,200.68131303384567,6947.40277775088,7148.084090784726
0.03,2024-09-04 17:25:00+00:00,2024,2024-09,0.9586955666574866,150.0,0.20652216671256748,143.80433499862298,5000.0,5143.804334998623
0.03,2024-09-10 17:40:00+00:00,2024,2024-09,0.9545710206377405,154.3141300499587,0.23367778097815353,147.3037966206141,5143.804334998623,5291.108131619237
0.03,2024-09-11 16:05:00+00:00,2024,2024-09,0.9696105813061676,158.7332439485771,0.16079370036611831,153.90943293759355,5291.108131619237,5445.017564556831
0.03,2024-09-12 18:25:00+00:00,2024,2024-09,0.9704483408854238,163.3505269367049,0.16090930294066355,158.523247848485,5445.017564556831,5603.540812405316
0.03,2024-09-19 16:10:00+00:00,2024,2024-09,-1.0336846157547768,168.10622437215946,0.18875311913208298,-173.76881794612194,5603.540812405316,5429.771994459194
0.03,2024-09-24 10:50:00+00:00,2024,2024-09,0.963744345844412,162.8931598337758,0.1968599355748096,156.9873617665315,5429.771994459194,5586.759356225725
0.03,2024-09-24 17:40:00+00:00,2024,2024-09,0.9643166641178562,167.60278068677175,0.199354210600912,161.6221543687444,5586.759356225725,5748.38151059447
0.03,2024-09-25 20:10:00+00:00,2024,2024-09,-1.0473591628704157,172.45144531783407,0.2722385362015298,-180.61860140387998,5748.38151059447,5567.762909190589
0.03,2024-09-26 15:50:00+00:00,2024,2024-09,-1.032934460423757,167.03288727571768,0.1833712671815996,-172.53402529116565,5567.762909190589,5395.228883899424
0.03,2024-09-26 19:50:00+00:00,2024,2024-09,0.9597600935098758,161.8568665169827,0.21710350578093018,155.3437613435548,5395.228883899424,5550.572645242978
0.03,2024-09-30 14:50:00+00:00,2024,2024-09,-1.0414372817143198,166.51717935728934,0.23000064237673076,-173.41719862859125,5550.572645242978,5377.155446614387
0.03,2024-09-30 20:50:00+00:00,2024,2024-09,-1.0480747218533957,161.3146633984316,0.2585052524584585,-169.06982097218534,5377.155446614387,5208.085625642202
0.03,2024-10-01 18:45:00+00:00,2024,2024-10,-1.024208329971065,150.0,0.12104164985532409,-153.63124949565974,5000.0,4846.36875050434
0.03,2024-10-02 16:05:00+00:00,2024,2024-10,0.9672443106487185,145.3910625151302,0.1587461492732781,140.62867803693183,4846.36875050434,4986.997428541272
0.03,2024-10-02 19:20:00+00:00,2024,2024-10,0.9719858061417785,149.60992285623814,0.13970671273360732,145.41872147422993,4986.997428541272,5132.416150015501
0.03,2024-10-04 17:40:00+00:00,2024,2024-10,-0.09165587716794757,153.97248450046504,0.0788406878582126,-14.112483126618335,5132.416150015501,5118.3036668888835
0.03,2024-10-09 10:20:00+00:00,2024,2024-10,0.9618577110994057,153.5491100066665,0.19522381714344741,147.6923954923631,5118.3036668888835,5265.996062381247
0.03,2024-10-11 16:05:00+00:00,2024,2024-10,0.9586597897555009,157.97988187143739,0.21769738436554517,151.44896034047105,5265.996062381247,5417.445022721718
0.03,2024-10-11 17:25:00+00:00,2024,2024-10,0.9559462124231688,162.52335068165152,0.23865897224014393,155.3635815144472,5417.445022721718,5572.808604236165
0.03,2024-10-15 16:25:00+00:00,2024,2024-10,0.9537251272558981,167.18425812708495,0.25788100898826494,159.447827857437,5572.808604236165,5732.256432093602
0.03,2024-10-17 18:30:00+00:00,2024,2024-10,-1.0423003323597546,171.96769296280803,0.24247635224890074,-179.24198353027504,5732.256432093602,5553.014448563326
0.03,2024-10-23 18:55:00+00:00,2024,2024-10,0.9774873768505907,166.59043345689977,0.12501292162373065,162.84004580818785,5553.014448563326,5715.854494371514
0.03,2024-10-24 17:45:00+00:00,2024,2024-10,0.9628121126261725,171.4756348311454,0.21256055318187383,165.0988182356892,5715.854494371514,5880.953312607204
0.03,2024-11-04 13:35:00+00:00,2024,2024-11,0.9581013946250057,150.0,0.2094930268749717,143.71520919375084,5000.0,5143.7152091937505
0.03,2024-11-05 05:50:00+00:00,2024,2024-11,0.9688029236117305,154.3114562758125,0.1604688763007213,149.49738998679086,5143.7152091937505,5293.2125991805415
0.03,2024-11-05 18:20:00+00:00,2024,2024-11,0.9579099272443014,158.79637797541625,0.22279170341089002,152.11262687308957,5293.2125991805415,5445.325226053631
0.03,2024-11-05 18:50:00+00:00,2024,2024-11,-1.0438011012848323,163.35975678160892,0.23851124175522764,-170.51509403426573,5445.325226053631,5274.8101320193655
0.03,2024-11-06 05:25:00+00:00,2024,2024-11,0.9665695591957604,158.24430396058096,0.17633922787207706,152.95412712441865,5274.8101320193655,5427.764259143784
0.03,2024-11-07 11:05:00+00:00,2024,2024-11,0.9500808215270522,162.83292777431353,0.2709495327612857,154.70444179147495,5427.764259143784,5582.468700935259
0.03,2024-11-08 14:05:00+00:00,2024,2024-11,-1.0480846289469463,167.47406102805778,0.2684309360924137,-175.5269891108302,5582.468700935259,5406.941711824429
0.03,2024-11-12 14:00:00+00:00,2024,2024-11,0.9662151291869108,162.20825135473288,0.18267282722789213,156.72806653789613,5406.941711824429,5563.669778362325
0.03,2024-11-12 15:50:00+00:00,2024,2024-11,-1.0336813742000686,166.91009335086974,0.18739204373063367,-172.53185466278876,5563.669778362325,5391.137923699536
0.03,2024-11-13 15:35:00+00:00,2024,2024-11,-1.0423131170662896,161.7341377109861,0.22811585008601237,-168.57761321356645,5391.137923699536,5222.56031048597
0.03,2024-11-14 16:50:00+00:00,2024,2024-11,0.9540682414698156,156.6768093145791,0.23988137909056634,149.48036794186208,5222.56031048597,5372.040678427832
0.03,2024-11-15 08:50:00+00:00,2024,2024-11,0.960418433700878,161.16122035283496,0.21263378427477145,154.7822068245918,5372.040678427832,5526.8228852524235
0.03,2024-11-15 18:20:00+00:00,2024,2024-11,0.9563200698878896,165.8046865575727,0.24141123736983808,158.56234943647755,5526.8228852524235,5685.385234688901
0.03,2024-11-19 16:45:00+00:00,2024,2024-11,-1.0405444540978859,170.56155704066703,0.23051084067664204,-177.4768822609663,5685.385234688901,5507.908352427934
0.03,2024-11-19 19:45:00+00:00,2024,2024-11,-1.0413956238911906,165.237250572838,0.2280033025842534,-172.07734965036562,5507.908352427934,5335.831002777569
0.03,2024-11-21 15:10:00+00:00,2024,2024-11,0.9567019236716766,160.07493008332705,0.23103121803329726,153.14399354232813,5335.831002777569,5488.9749963198965
0.03,2024-11-22 16:40:00+00:00,2024,2024-11,0.9507423826613195,164.6692498895969,0.2703738299503105,156.55803499108757,5488.9749963198965,5645.533031310984
0.03,2024-11-25 11:40:00+00:00,2024,2024-11,0.9543845168017037,169.36599093932952,0.25752371713519306,161.64027942527372,5645.533031310984,5807.173310736258
0.03,2024-11-25 15:35:00+00:00,2024,2024-11,0.9570999570999595,174.21519932208773,0.2491279841585556,166.74135979733106,5807.173310736258,5973.914670533589
0.03,2024-11-26 05:10:00+00:00,2024,2024-11,-1.0341252559394196,179.21744011600765,0.20386136709221186,-185.33328112877402,5973.914670533589,5788.581389404815
0.03,2024-11-26 17:20:00+00:00,2024,2024-11,0.9775227983045767,173.65744168214445,0.13011111142002596,169.75410833954368,5788.581389404815,5958.335497744359
0.03,2024-11-27 16:30:00+00:00,2024,2024-11,-1.0460849719101117,178.75006493233076,0.2745897240445701,-186.98775665366787,5958.335497744359,5771.347741090691
0.03,2024-12-02 18:35:00+00:00,2024,2024-12,-1.0333508028014673,150.0,0.16675401400733691,-155.0026204202201,5000.0,4844.99737957978
0.03,2024-12-06 11:20:00+00:00,2024,2024-12,0.9580453110640528,145.34992138739338,0.20327035795574894,139.25181064872092,4844.99737957978,4984.2491902285
0.03,2024-12-06 14:15:00+00:00,2024,2024-12,-1.0474426170251234,149.527475706855,0.23646582548979178,-156.62145047154877,4984.2491902285,4827.627739756951
0.03,2024-12-06 16:30:00+00:00,2024,2024-12,-1.0200611387084444,144.82883219270852,0.09684770971999801,-147.73426348430846,4827.627739756951,4679.893476272643
0.03,2024-12-11 07:40:00+00:00,2024,2024-12,0.9677082051912907,140.39680428817928,0.15112215986241323,135.86313949230689,4679.893476272643,4815.75661576495
0.03,2024-12-16 18:55:00+00:00,2024,2024-12,-1.0306484332812798,144.47269847294848,0.14759539533715357,-148.90056033306308,4815.75661576495,4666.8560554318865
0.03,2024-12-17 17:40:00+00:00,2024,2024-12,-1.0404811473513775,140.0056816629566,0.1889196876476071,-145.67327229238478,4666.8560554318865,4521.182783139502
0.03,2024-12-19 16:45:00+00:00,2024,2024-12,-1.0267720550739419,135.63548349418505,0.12104135446956843,-139.2667241282721,4521.182783139502,4381.91605901123
0.03,2024-12-19 19:05:00+00:00,2024,2024-12,0.955248689425905,131.4574817703369,0.19609648646642602,125.57458717634412,4381.91605901123,4507.4906461875735
0.03,2025-01-02 18:10:00+00:00,2025,2025-01,0.9522379912663739,150.0,0.23881004366813052,142.83569868995608,5000.0,5142.835698689956
0.03,2025-01-02 20:00:00+00:00,2025,2025-01,0.9570200573065903,154.28507096069868,0.22103878361131557,147.6539074523592,5142.835698689956,5290.489606142315
0.03,2025-01-06 11:00:00+00:00,2025,2025-01,0.9551368326603852,158.71468818426945,0.2373481205088558,151.5942445690038,5290.489606142315,5442.0838507113185
0.03,2025-01-09 17:00:00+00:00,2025,2025-01,0.951479864143616,163.26251552133954,0.26405064777834664,155.34099608798914,5442.0838507113185,5597.4248467993075
0.03,2025-01-14 15:35:00+00:00,2025,2025-01,-1.039277297721915,167.9227454039792,0.21985172218377974,-174.5182970694926,5597.4248467993075,5422.906549729815
0.03,2025-01-16 09:10:00+00:00,2025,2025-01,0.9502110104793973,162.68719649189444,0.2700010373757058,154.58716537062327,5422.906549729815,5577.493715100439
0.03,2025-01-21 14:55:00+00:00,2025,2025-01,-1.037434489643126,167.32481145301315,0.20879063071252815,-173.588530374389,5577.493715100439,5403.90518472605
0.03,2025-01-24 05:50:00+00:00,2025,2025-01,0.9558526740665996,162.1171555417815,0.2385679635032933,154.9601166366827,5403.90518472605,5558.865301362733
0.03,2025-01-27 17:25:00+00:00,2025,2025-01,0.9739905870696066,166.76595904088197,0.14458282304757872,162.4284743494546,5558.865301362733,5721.293775712187
0.03,2025-01-29 16:35:00+00:00,2025,2025-01,-1.0413198748598091,171.63881327136562,0.23640314284863262,-178.7309075568246,5721.293775712187,5542.562868155363
0.03,2025-02-03 17:35:00+00:00,2025,2025-02,-1.01825959933222,150.0,0.0912979966611009,-152.738939899833,5000.0,4847.261060100167
0.03,2025-02-03 18:10:00+00:00,2025,2025-02,-1.0299683192054114,145.41783180300501,0.14526426672104262,-149.7757598046363,4847.261060100167,4697.485300295531
0.03,2025-02-05 16:10:00+00:00,2025,2025-02,0.9692789326623462,140.9245590088659,0.14431176222801786,136.59520614202538,4697.485300295531,4834.080506437556
0.03,2025-02-11 12:00:00+00:00,2025,2025-02,0.9687271969144162,145.02241519312668,0.1511752477776806,140.48715775979625,4834.080506437556,4974.567664197352
0.03,2025-02-12 08:40:00+00:00,2025,2025-02,0.9663315857823107,149.23702992592055,0.16748580467211976,144.21245578575696,4974.567664197352,5118.780119983109
0.03,2025-02-12 20:05:00+00:00,2025,2025-02,-1.0346186182225798,153.56340359949328,0.17720509473902699,-158.87955644166408,5118.780119983109,4959.900563541445
0.03,2025-02-14 16:15:00+00:00,2025,2025-02,-1.0418251707861161,148.79701690624336,0.20744868815227432,-155.0204775508116,4959.900563541445,4804.880085990633
0.03,2025-02-20 16:35:00+00:00,2025,2025-02,0.9729151082105907,144.146402579719,0.13013965719014384,140.24221286401468,4804.880085990633,4945.122298854648
0.03,2025-02-20 17:10:00+00:00,2025,2025-02,0.9772127998958293,148.35366896563943,0.11268549136359746,144.97310422473151,4945.122298854648,5090.095403079379
0.03,2025-02-21 11:25:00+00:00,2025,2025-02,0.9654866383985805,152.70286209238137,0.17567630323220154,147.4325729954153,5090.095403079379,5237.527976074794
0.03,2025-02-24 13:35:00+00:00,2025,2025-02,0.9555602581737388,157.12583928224382,0.2327543910645844,150.1432075503063,5237.527976074794,5387.671183625101
0.03,2025-02-24 18:45:00+00:00,2025,2025-02,0.9699918549320529,161.630135508753,0.16167401845662033,156.77991495505438,5387.671183625101,5544.451098580155
0.03,2025-02-28 20:25:00+00:00,2025,2025-02,-1.0384291622442638,166.33353295740466,0.21306861082272402,-172.72559128208636,5544.451098580155,5371.725507298069
0.03,2025-03-03 11:55:00+00:00,2025,2025-03,0.9714794040553574,150.0,0.14260297972321292,145.7219106083036,5000.0,5145.721910608304
0.03,2025-03-04 17:10:00+00:00,2025,2025-03,-1.0192819759434393,154.3716573182491,0.09921968609197751,-157.34824790100845,5145.721910608304,4988.373662707296
0.03,2025-03-05 05:40:00+00:00,2025,2025-03,0.9665535859333949,149.65120988121888,0.1668432110418554,144.6459135499632,4988.373662707296,5133.019576257259
0.03,2025-03-06 13:00:00+00:00,2025,2025-03,-1.044568954539663,153.99058728771777,0.22877331614540994,-160.85378677208007,5133.019576257259,4972.16578948518
0.03,2025-03-06 13:05:00+00:00,2025,2025-03,0.9739873652917123,149.16497368455538,0.12933913239092315,145.2847997128277,4972.16578948518,5117.450589198007
0.03,2025-03-06 17:25:00+00:00,2025,2025-03,0.9756555609654312,153.5235176759402,0.12458146388114906,149.78607375950574,5117.450589198007,5267.236662957513
0.03,2025-03-06 17:45:00+00:00,2025,2025-03,-1.0363158440839755,158.01709988872537,0.19128414540536434,-163.75562425088629,5267.236662957513,5103.481038706626
0.03,2025-03-07 18:20:00+00:00,2025,2025-03,-1.019215811868052,153.1044311611988,0.0980675315119576,-156.0464571065575,5103.481038706626,4947.434581600069
0.03,2025-03-10 16:05:00+00:00,2025,2025-03,-1.0422594731652335,148.42303744800205,0.20907597893787674,-154.69531681613833,4947.434581600069,4792.739264783931
0.03,2025-03-14 16:10:00+00:00,2025,2025-03,-1.0290335960182502,143.78217794351792,0.13915045563454242,-147.95669161255418,4792.739264783931,4644.7825731713765
0.03,2025-03-18 09:15:00+00:00,2025,2025-03,0.96287916283674,139.34347719514128,0.17241821755744244,134.170930668418,4644.7825731713765,4778.953503839794
0.03,2025-03-18 15:50:00+00:00,2025,2025-03,-1.0349464154962407,143.36860511519382,0.16700729478240042,-148.37882395866583,4778.953503839794,4630.574679881129
0.03,2025-03-24 10:10:00+00:00,2025,2025-03,0.9545857572284332,138.91724039643387,0.2102940426839919,132.6084191159141,4630.574679881129,4763.183098997043
0.03,2025-03-26 16:40:00+00:00,2025,2025-03,-1.0488156396011046,142.8954929699113,0.23251782951471253,-149.87102785535265,4763.183098997043,4613.3120711416905
0.03,2025-03-27 16:00:00+00:00,2025,2025-03,0.957186544342507,138.3993621342507,0.1975118317920019,132.47400718049064,4613.3120711416905,4745.786078322181
0.03,2025-03-28 10:55:00+00:00,2025,2025-03,0.9650512581547076,142.37358234966544,0.16585925250426453,137.3978047745375,4745.786078322181,4883.183883096719
0.03,2025-03-31 14:40:00+00:00,2025,2025-03,0.9521083719127,146.49551649290157,0.23386362641116512,139.47960770056662,4883.183883096719,5022.663490797286
0.03,2025-04-02 09:20:00+00:00,2025,2025-04,0.956613363084173,150.0,0.21693318457913516,143.49200446262594,5000.0,5143.492004462626
0.03,2025-04-03 04:50:00+00:00,2025,2025-04,0.9801230477993369,154.30476013387877,0.10223694471719669,151.23765179236287,5143.492004462626,5294.729656254989
0.03,2025-04-04 05:00:00+00:00,2025,2025-04,0.953444033076907,158.84188968764965,0.24650125874332718,151.44685192534985,5294.729656254989,5446.176508180339
0.03,2025-04-04 14:35:00+00:00,2025,2025-04,0.9827137730071451,163.38529524541016,0.09414384336355891,160.5609799445034,5446.176508180339,5606.7374881248425
0.03,2025-04-04 16:15:00+00:00,2025,2025-04,-1.009969143128412,168.20212464374526,0.05589436850254918,-169.87895569882173,5606.7374881248425,5436.858532426021
0.03,2025-04-04 20:10:00+00:00,2025,2025-04,0.9877415212188428,163.10575597278063,0.0666476149558975,161.1063275241037,5436.858532426021,5597.964859950125
0.03,2025-04-04 20:45:00+00:00,2025,2025-04,-1.0214813981321413,167.93894579850374,0.1202521118863257,-171.5465091550935,5597.964859950125,5426.418350795032
0.03,2025-04-07 18:20:00+00:00,2025,2025-04,-1.0127878016551068,162.79255052385096,0.06939196156759857,-164.87430937087893,5426.418350795032,5261.544041424153
0.03,2025-04-08 04:05:00+00:00,2025,2025-04,0.9767209843698038,157.84632124272457,0.12248356597927852,154.17181426334622,5261.544041424153,5415.715855687499
0.03,2025-04-08 07:50:00+00:00,2025,2025-04,0.9803626366433201,162.47147567062498,0.10635038009466814,159.28096426778495,5415.715855687499,5574.996819955284
0.03,2025-04-08 10:05:00+00:00,2025,2025-04,0.9875324305229848,167.2499045986585,0.06950666018693141,165.16470479305056,5574.996819955284,5740.161524748335
0.03,2025-04-08 12:35:00+00:00,2025,2025-04,0.9745568654058174,172.20484574245003,0.14604770226652042,167.82341467445443,5740.161524748335,5907.9849394227895
0.03,2025-04-08 18:45:00+00:00,2025,2025-04,0.9774062358788971,177.23954818268368,0.13348361815234708,173.23503963811328,5907.9849394227895,6081.219979060903
0.03,2025-04-09 08:15:00+00:00,2025,2025-04,0.9769676230586996,182.43659937182707,0.1400649508206981,178.23465084720613,6081.219979060903,6259.454629908109
0.03,2025-04-09 16:10:00+00:00,2025,2025-04,0.9812120886789412,187.78363889724326,0.11760207850490503,184.25557654209612,6259.454629908109,6443.710206450205
0.03,2025-04-11 10:05:00+00:00,2025,2025-04,0.9834265916391098,193.31130619350614,0.10679424061073478,190.10747897518408,6443.710206450205,6633.817685425389
0.03,2025-04-11 12:40:00+00:00,2025,2025-04,0.9850619927301698,199.01453056276165,0.09909601681161222,196.04165005841327,6633.817685425389,6829.859335483802
0.03,2025-04-14 10:45:00+00:00,2025,2025-04,0.9704919414897362,204.89578006451407,0.20153588888832796,198.84970339786423,6829.859335483802,7028.709038881667
0.03,2025-04-15 13:25:00+00:00,2025,2025-04,0.9520120655378042,210.86127116645,0.33729322871169726,200.74247430509908,7028.709038881667,7229.451513186766
0.03,2025-04-15 17:05:00+00:00,2025,2025-04,0.9675364828097941,216.88354539560297,0.2346934234740988,209.84274269138,7229.451513186766,7439.294255878146
0.03,2025-04-15 18:25:00+00:00,2025,2025-04,0.9713564754825076,223.17882767634438,0.21308760741108648,216.7861994540118,7439.294255878146,7656.080455332158
0.03,2025-04-16 07:45:00+00:00,2025,2025-04,0.9767302705937112,229.68241365996474,0.17815492050835527,224.33776604471407,7656.080455332158,7880.418221376872
0.03,2025-04-16 10:30:00+00:00,2025,2025-04,0.9733245261927753,236.41254664130614,0.2102138898543152,230.10612994567668,7880.418221376872,8110.524351322549
0.03,2025-04-16 16:50:00+00:00,2025,2025-04,0.9768760667290649,243.31573053967645,0.18754722389227646,237.68931382290816,8110.524351322549,8348.213665145457
0.03,2025-04-17 15:00:00+00:00,2025,2025-04,0.9552038226071383,250.4464099543637,0.373968060257368,239.22736814664268,8348.213665145457,8587.4410332921
0.03,2025-04-17 15:25:00+00:00,2025,2025-04,0.9785379214487924,257.623230998763,0.18430433401037885,252.09410097845165,8587.4410332921,8839.53513427055
0.03,2025-04-21 06:05:00+00:00,2025,2025-04,-1.0315912988536864,265.18605402811653,0.27925239615440217,-273.5636259127486,8839.53513427055,8565.971508357803
0.03,2025-04-21 11:25:00+00:00,2025,2025-04,0.9697924308462426,256.97914525073406,0.258757176707834,249.21642994949903,8565.971508357803,8815.187938307303
0.03,2025-04-21 19:50:00+00:00,2025,2025-04,-1.0224442900657298,264.45563814921906,0.19785063507129175,-270.3911572013578,8815.187938307303,8544.796781105944
0.03,2025-04-22 13:25:00+00:00,2025,2025-04,0.9815064331193363,256.3439034331783,0.15802377075306306,251.6031903105864,8544.796781105944,8796.399971416531
0.03,2025-04-22 16:15:00+00:00,2025,2025-04,-1.0112342119200337,263.89199914249593,0.09882062141227262,-266.8566177848641,8796.399971416531,8529.543353631667
0.03,2025-04-22 18:50:00+00:00,2025,2025-04,0.9764190668687899,255.88630060895,0.20113459146174612,249.8522628650976,8529.543353631667,8779.395616496764
0.03,2025-04-24 19:50:00+00:00,2025,2025-04,0.9682477282005539,263.3818684949029,0.27876575584987073,255.0188958194068,8779.395616496764,9034.41451231617
0.03,2025-04-24 20:45:00+00:00,2025,2025-04,-1.025396978968882,271.0324353694851,0.22944683536545596,-277.9158404304487,9034.41451231617,8756.498671885722
0.03,2025-04-25 05:25:00+00:00,2025,2025-04,0.9731485270049095,262.69496015657165,0.2351248876196849,255.6412135279811,8756.498671885722,9012.139885413702
0.03,2025-04-25 13:50:00+00:00,2025,2025-04,0.9688339442869649,270.36419656241105,0.2808728537624693,261.938010949537,9012.139885413702,9274.07789636324
0.03,2025-04-28 15:05:00+00:00,2025,2025-04,0.9652127818178805,278.22233689089717,0.32261937121876005,268.54375575433437,9274.07789636324,9542.621652117574
0.03,2025-04-28 16:45:00+00:00,2025,2025-04,-1.0265937238811638,286.2786495635272,0.2537738453188296,-293.8918649230921,9542.621652117574,9248.729787194481
0.03,2025-04-30 17:35:00+00:00,2025,2025-04,0.9883312588904696,277.4618936158344,0.10792103347877473,274.22426261147115,9248.729787194481,9522.954049805952
0.03,2025-05-01 09:25:00+00:00,2025,2025-05,0.980818939926747,150.0,0.09590530036626516,147.12284098901205,5000.0,5147.122840989012
0.03,2025-05-05 05:50:00+00:00,2025,2025-05,-1.025747599955861,154.41368522967034,0.13252605983346016,-158.38946702467413,5147.122840989012,4988.733373964337
0.03,2025-05-05 18:25:00+00:00,2025,2025-05,-1.0276432181971342,149.6620012189301,0.13790464518382164,-153.79914057444475,4988.733373964337,4834.934233389892
0.03,2025-05-06 04:05:00+00:00,2025,2025-05,0.9889349056305522,145.04802700169677,0.05349900356253289,143.44305689482078,4834.934233389892,4978.377290284713
0.03,2025-05-06 18:00:00+00:00,2025,2025-05,0.9787477356218316,149.35131870854138,0.10580179034740059,146.17726499811937,4978.377290284713,5124.554555282833
0.03,2025-05-08 16:30:00+00:00,2025,2025-05,-1.0244268416093796,153.73663665848497,0.12517668244051805,-157.49193713170052,5124.554555282833,4967.0626181511325
0.03,2025-05-09 09:00:00+00:00,2025,2025-05,0.968256847451479,149.01187854453397,0.15767022640602774,144.28177175235314,4967.0626181511325,5111.3443899034855
0.03,2025-05-09 12:05:00+00:00,2025,2025-05,0.9531229072726458,153.34033169710457,0.23960496492694705,146.15218274929614,5111.3443899034855,5257.496572652782
0.03,2025-05-13 05:40:00+00:00,2025,2025-05,0.9843933471068238,157.72489717958345,0.08205192409645537,155.26333945668978,5257.496572652782,5412.759912109472
0.03,2025-05-13 07:40:00+00:00,2025,2025-05,0.9829582802470238,162.38279736328414,0.09224273751231388,159.61551523791474,5412.759912109472,5572.375427347387
0.03,2025-05-13 15:45:00+00:00,2025,2025-05,-1.0230167254871865,167.1712628204216,0.1282578355227976,-171.01899788610552,5572.375427347387,5401.356429461282
0.03,2025-05-13 20:05:00+00:00,2025,2025-05,-1.0294658266567507,162.04069288383843,0.15915543226183204,-166.8153558516934,5401.356429461282,5234.541073609588
0.03,2025-05-15 10:55:00+00:00,2025,2025-05,0.9874729325864814,157.03623220828763,0.0655734489079396,155.06902874104944,5234.541073609588,5389.610102350638
0.03,2025-05-16 15:40:00+00:00,2025,2025-05,0.9886012668877658,161.68830307051914,0.061434727135696005,159.84526125644825,5389.610102350638,5549.455363607086
0.03,2025-05-19 10:05:00+00:00,2025,2025-05,0.975420485269848,166.48366090821258,0.13640291985410108,162.39157331258954,5549.455363607086,5711.8469369196755
0.03,2025-05-20 09:20:00+00:00,2025,2025-05,-1.0329603063738952,171.35540810759025,0.18826422500166812,-177.00333485764028,5711.8469369196755,5534.843602062036
0.03,2025-05-23 13:35:00+00:00,2025,2025-05,-1.0382242123081968,166.04530806186105,0.21156503693788387,-172.39225916999757,5534.843602062036,5362.451342892038
0.03,2025-05-28 09:50:00+00:00,2025,2025-05,0.9709422997094236,160.87354028676114,0.1558205039445561,156.19892516842447,5362.451342892038,5518.650268060463
0.03,2025-05-28 16:55:00+00:00,2025,2025-05,-1.0248265099838036,165.55950804181387,0.13700882597712383,-169.6697728211276,5518.650268060463,5348.980495239335
0.03,2025-05-29 14:45:00+00:00,2025,2025-05,0.9539564559626366,160.46941485718006,0.24628601898755031,153.08083428755353,5348.980495239335,5502.061329526889
0.03,2025-05-30 09:45:00+00:00,2025,2025-05,0.9693318729463307,165.06183988580665,0.16873791591101103,159.9997024084763,5502.061329526889,5662.061031935365
0.03,2025-05-30 16:45:00+00:00,2025,2025-05,0.9829234972677593,169.86183095806092,0.0966882006819577,166.96118493760218,5662.061031935365,5829.022216872967
0.03,2025-05-30 19:45:00+00:00,2025,2025-05,0.9800804370921234,174.870666506189,0.11611157474041085,171.38731926397665,5829.022216872967,6000.409536136944
0.03,2025-06-02 13:35:00+00:00,2025,2025-06,-1.0449486301369857,150.0,0.2247431506849281,-156.74229452054786,5000.0,4843.257705479452
0.03,2025-06-03 06:00:00+00:00,2025,2025-06,0.9603586597451624,145.29773116438355,0.19199322664477494,139.53793436504031,4843.257705479452,4982.795639844492
0.03,2025-06-03 09:10:00+00:00,2025,2025-06,0.9773257320549364,149.48386919533476,0.11298124345332865,146.0944318917349,4982.795639844492,5128.890071736227
0.03,2025-06-03 17:50:00+00:00,2025,2025-06,0.9787195233173226,153.8667021520868,0.1091452255795986,150.59234538469883,5128.890071736227,5279.482417120926
0.03,2025-06-05 09:50:00+00:00,2025,2025-06,0.9519637669556467,158.38447251362777,0.25360644774238666,150.77627908135617,5279.482417120926,5430.2586962022815
0.03,2025-06-05 16:35:00+00:00,2025,2025-06,-1.019322426896818,162.90776088606844,0.10492577668817812,-166.0555341867138,5430.2586962022815,5264.203162015568
0.03,2025-06-06 17:00:00+00:00,2025,2025-06,0.9818588619459392,157.92609486046703,0.09549863630674782,155.0611357712646,5264.203162015568,5419.264297786832
0.03,2025-06-09 06:45:00+00:00,2025,2025-06,0.9786620061778568,162.57792893360494,0.1156362281067366,159.10884209040285,5419.264297786832,5578.373139877234
0.03,2025-06-09 16:40:00+00:00,2025,2025-06,-1.0349022736338245,167.351194196317,0.19469790575957155,-173.19213136910417,5578.373139877234,5405.18100850813
0.03,2025-06-09 17:50:00+00:00,2025,2025-06,0.9727965179542977,162.15543025524389,0.1470397445187223,157.74423791968223,5405.18100850813,5562.9252464278115
0.03,2025-06-10 06:35:00+00:00,2025,2025-06,0.9538187495876669,166.88775739283435,0.2569028438303726,159.18067207792316,5562.9252464278115,5722.105918505735
0.03,2025-06-11 15:15:00+00:00,2025,2025-06,0.9576979634590969,171.66317755517204,0.24205673365554795,164.4014755455056,5722.105918505735,5886.50739405124
0.03,2025-06-12 15:15:00+00:00,2025,2025-06,-1.0307895315592708,176.5952218215372,0.181242805183021,-182.03250597702782,5886.50739405124,5704.474888074213
0.03,2025-06-13 13:30:00+00:00,2025,2025-06,-1.034322137778866,171.13424664222637,0.19578977306456502,-177.00793983416332,5704.474888074213,5527.4669482400495
0.03,2025-06-16 14:10:00+00:00,2025,2025-06,0.9544843729680504,165.8240084472015,0.2515861240475223,158.27642472577583,5527.4669482400495,5685.743372965825
0.03,2025-06-16 19:05:00+00:00,2025,2025-06,0.978263119759859,170.57230118897473,0.12359032277433317,166.86459150574473,5685.743372965825,5852.60796447157
0.03,2025-06-17 16:40:00+00:00,2025,2025-06,-1.0269230769230764,175.5782389341471,0.15757021442807798,-180.30534536698943,5852.60796447157,5672.302619104581
0.03,2025-06-18 14:45:00+00:00,2025,2025-06,-1.0424216714138521,170.16907857313743,0.2406285578675867,-177.38793530916504,5672.302619104581,5494.914683795416
0.03,2025-06-19 05:05:00+00:00,2025,2025-06,0.9736888265216619,164.84744051386247,0.14457765349400842,160.5101109090422,5494.914683795416,5655.424794704458
0.03,2025-06-20 16:05:00+00:00,2025,2025-06,0.9575628978478332,169.66274384113373,0.23999983972677016,162.46274864933062,5655.424794704458,5817.887543353789
0.03,2025-06-20 20:55:00+00:00,2025,2025-06,-1.0487850206755576,174.53662630061365,0.28382576409058363,-183.05139922333115,5817.887543353789,5634.836144130458
0.03,2025-06-23 16:05:00+00:00,2025,2025-06,0.9675168989466192,169.04508432391373,0.18303695188903255,163.55397576724275,5634.836144130458,5798.390119897701
0.03,2025-06-26 08:25:00+00:00,2025,2025-06,0.9540893290483379,173.95170359693103,0.2662079808439924,165.96546417161127,5798.390119897701,5964.3555840693125
0.03,2025-06-26 16:20:00+00:00,2025,2025-06,-1.0235944451934746,178.93066752207937,0.14072566094271827,-183.1524373503609,5964.3555840693125,5781.203146718952
0.03,2025-06-27 05:30:00+00:00,2025,2025-06,0.9637487268898128,173.43609440156854,0.2095759741771819,167.14881517625307,5781.203146718952,5948.351961895205
0.03,2025-06-27 18:00:00+00:00,2025,2025-06,-1.0175311177339772,178.45055885685613,0.10428125856711973,-181.57899661386972,5948.351961895205,5766.772965281335
0.03,2025-06-30 16:30:00+00:00,2025,2025-06,0.9547228390935938,173.00318895844003,0.26110310745975635,165.17009573464733,5766.772965281335,5931.9430610159825
0.03,2025-07-01 06:45:00+00:00,2025,2025-07,0.9507908611599294,150.0,0.24604569420035308,142.6186291739894,5000.0,5142.61862917399
0.03,2025-07-03 09:40:00+00:00,2025,2025-07,0.9621403331650681,154.2785588752197,0.19469782795964174,148.43762403643044,5142.61862917399,5291.05625321042
0.03,2025-07-03 10:45:00+00:00,2025,2025-07,0.956848723955122,158.7316875963126,0.22831582895126068,151.8822127277748,5291.05625321042,5442.938465938195
0.03,2025-07-04 04:20:00+00:00,2025,2025-07,0.9549935705100732,163.28815397814583,0.24496722628525788,155.93913718958808,5442.938465938195,5598.877603127783
0.03,2025-07-07 06:45:00+00:00,2025,2025-07,0.9668256927111306,167.96632809383348,0.18573888607892963,162.3941615114656,5598.877603127783,5761.271764639248
0.03,2025-07-07 16:05:00+00:00,2025,2025-07,0.9709575703933182,172.83815293917743,0.16732132966949878,167.81851304909247,5761.271764639248,5929.090277688341
0.03,2025-07-09 16:45:00+00:00,2025,2025-07,0.965545529122232,177.87270833065023,0.2042836683042703,171.74419828152213,5929.090277688341,6100.834475969863
0.03,2025-07-10 17:15:00+00:00,2025,2025-07,0.9634439299516064,183.02503427909588,0.22302253245720907,176.33435830537962,6100.834475969863,6277.168834275242
0.03,2025-07-15 15:25:00+00:00,2025,2025-07,-1.038748247103108,188.31506502825727,0.24322928909842517,-195.61194370121004,6277.168834275242,6081.556890574032
0.03,2025-07-15 16:10:00+00:00,2025,2025-07,0.9622315744037986,182.44670671722096,0.22969082893071102,175.55598184929963,6081.556890574032,6257.112872423331
0.03,2025-07-16 15:40:00+00:00,2025,2025-07,0.9500748876684973,187.71338617269993,0.31238706302662583,178.34177428190114,6257.112872423331,6435.454646705232
0.03,2025-07-17 10:15:00+00:00,2025,2025-07,0.952861952861954,193.06363940115696,0.3033547644911483,183.9629964664225,6435.454646705232,6619.417643171655
0.03,2025-07-23 15:45:00+00:00,2025,2025-07,-1.046717536873484,198.58252929514964,0.3092428878258621,-207.8598159299255,6619.417643171655,6411.55782724173
0.03,2025-07-24 10:10:00+00:00,2025,2025-07,0.9576945546848246,192.34673481725187,0.2712438090454602,184.20942054588807,6411.55782724173,6595.767247787618
0.03,2025-07-25 09:10:00+00:00,2025,2025-07,0.9546357902013284,197.87301743362852,0.2992117692118444,188.89666435727318,6595.767247787618,6784.663912144891
0.03,2025-07-28 05:30:00+00:00,2025,2025-07,0.9557410217501259,203.5399173643467,0.3002822925203264,194.5314485887369,6784.663912144891,6979.195360733627
0.03,2025-07-29 10:25:00+00:00,2025,2025-07,0.9638217965062194,209.3758608220088,0.2524947499834708,201.80101832250466,6979.195360733627,7180.996379056132
0.03,2025-07-29 11:40:00+00:00,2025,2025-07,0.9532221058962398,215.42989137168396,0.33591188817897294,205.35253472631476,7180.996379056132,7386.348913782447
0.03,2025-07-29 19:15:00+00:00,2025,2025-07,0.9723974763406945,221.59046741347342,0.20388187064856567,215.47401129401646,7386.348913782447,7601.822925076463
0.03,2025-07-30 14:35:00+00:00,2025,2025-07,0.9504167355323129,228.0546877522939,0.376923196530593,216.7469918563761,7601.822925076463,7818.56991693284
0.03,2025-07-30 14:55:00+00:00,2025,2025-07,-1.0487453865973402,234.5570975079852,0.3811192132392258,-245.99067390516194,7818.56991693284,7572.579243027678
0.03,2025-07-31 06:25:00+00:00,2025,2025-07,0.9569628035659384,227.17737729083032,0.3259025803946797,217.40029987898993,7572.579243027678,7789.979542906668
0.03,2025-07-31 16:50:00+00:00,2025,2025-07,0.9604109718163807,233.69938628720004,0.3083977196739501,224.44745469698154,7789.979542906668,8014.426997603649
0.03,2025-08-01 17:30:00+00:00,2025,2025-08,-1.0300682979911513,150.0,0.15034148995575689,-154.5102446986727,5000.0,4845.489755301327
0.03,2025-08-04 17:50:00+00:00,2025,2025-08,0.9757640107099987,145.3646926590398,0.11743523781429381,141.84163552461098,4845.489755301327,4987.331390825938
0.03,2025-08-05 16:55:00+00:00,2025,2025-08,-1.0345997956964432,149.61994172477813,0.1725606471930353,-154.7967611405692,4987.331390825938,4832.534629685369
0.03,2025-08-06 06:35:00+00:00,2025,2025-08,0.9554830093485712,144.97603889056106,0.21512989893240922,138.5221419225888,4832.534629685369,4971.056771607958
0.03,2025-08-06 13:35:00+00:00,2025,2025-08,-1.049948861879507,149.13170314823873,0.24829862808023323,-156.58066199064575,4971.056771607958,4814.4761096173115
0.03,2025-08-07 17:00:00+00:00,2025,2025-08,-1.0227859638462704,144.43428328851934,0.10970247857247266,-147.72535764569352,4814.4761096173115,4666.750751971618
0.03,2025-08-08 15:50:00+00:00,2025,2025-08,-1.022261090793448,140.00252255914853,0.10388696220003196,-143.11913142514948,4666.750751971618,4523.631620546469
0.03,2025-08-08 17:05:00+00:00,2025,2025-08,-1.0294678940278386,135.70894861639408,0.1333018972152431,-139.70800553285136,4523.631620546469,4383.923615013618
0.03,2025-08-12 12:05:00+00:00,2025,2025-08,-1.048101149846536,131.51770845040852,0.21087176672153798,-137.84386145205465,4383.923615013618,4246.079753561563
0.03,2025-08-13 05:20:00+00:00,2025,2025-08,0.9583506872136608,127.38239260684688,0.17684630377182747,122.07700349369205,4246.079753561563,4368.156757055255
0.03,2025-08-13 15:50:00+00:00,2025,2025-08,0.9618743305313993,131.04470271165766,0.16653890070652339,126.04853569046196,4368.156757055255,4494.205292745717
0.03,2025-08-14 04:25:00+00:00,2025,2025-08,0.9592122130287837,134.82615878237152,0.18330868808542508,129.32689813980878,4494.205292745717,4623.532190885526
0.03,2025-08-19 16:35:00+00:00,2025,2025-08,-1.0447379633574776,138.70596572656578,0.2068474137379547,-144.9113881387044,4623.532190885526,4478.620802746821
0.03,2025-08-19 17:00:00+00:00,2025,2025-08,0.9554282075772054,134.35862408240462,0.19962015676044115,128.37001937959138,4478.620802746821,4606.990822126412
0.03,2025-08-21 18:30:00+00:00,2025,2025-08,-1.0401621787025697,138.20972466379237,0.18502678867933933,-143.76052832417255,4606.990822126412,4463.230293802239
0.03,2025-08-26 16:30:00+00:00,2025,2025-08,0.9576279736082793,133.8969088140672,0.18911611180131593,128.22342546002773,4463.230293802239,4591.453719262267
0.03,2025-08-27 08:25:00+00:00,2025,2025-08,0.9535819278972627,137.74361157786802,0.2131264297970972,131.3498186839551,4591.453719262267,4722.803537946223
0.03,2025-08-27 17:15:00+00:00,2025,2025-08,0.9525477347192404,141.68410613838668,0.22410772635153417,134.96087434784064,4722.803537946223,4857.764412294063
0.03,2025-09-03 11:35:00+00:00,2025,2025-09,-1.0369010174137667,150.0,0.18450508706883326,-155.53515261206502,5000.0,4844.464847387935
0.03,2025-09-04 15:50:00+00:00,2025,2025-09,0.9714250724578511,145.33394542163805,0.1384302319945977,141.1810384618001,4844.464847387935,4985.645885849735
0.03,2025-09-05 06:05:00+00:00,2025,2025-09,-1.0430469006231557,149.56937657549204,0.21461660299041932,-156.0078746652046,4985.645885849735,4829.638011184531
0.03,2025-09-05 18:00:00+00:00,2025,2025-09,0.9817404006677793,144.88914033553593,0.0881872550038927,142.24352268541915,4829.638011184531,4971.8815338699505
0.03,2025-09-08 16:35:00+00:00,2025,2025-09,0.9720670391061459,149.1564460160985,0.13887937245446483,144.99006484246456,4971.8815338699505,5116.871598712415
0.03,2025-09-09 06:05:00+00:00,2025,2025-09,0.9657394567256702,153.50614796137245,0.17530680083687572,148.24694393626618,5116.871598712415,5265.118542648681
0.03,2025-09-09 09:40:00+00:00,2025,2025-09,0.9697140137584909,157.95355627946043,0.15945930774257258,153.16977704718326,5265.118542648681,5418.288319695864
0.03,2025-09-09 16:05:00+00:00,2025,2025-09,0.9743442512797329,162.5486495908759,0.13901024362407524,158.37834228215362,5418.288319695864,5576.666661978017
0.03,2025-09-09 18:45:00+00:00,2025,2025-09,-1.0209365622164839,167.29999985934052,0.11675622852909374,-170.80268671521335,5576.666661978017,5405.863975262804
0.03,2025-09-10 10:05:00+00:00,2025,2025-09,0.959549263218726,162.17591925788412,0.2186711807387268,155.6157838357223,5405.863975262804,5561.479759098526
0.03,2025-09-11 04:40:00+00:00,2025,2025-09,0.9520843315764252,166.84439277295579,0.26648202008138744,158.84993217051417,5561.479759098526,5720.32969126904
0.03,2025-09-11 07:40:00+00:00,2025,2025-09,0.9597338599888802,171.60989073807121,0.23033559625840536,164.69982285031907,5720.32969126904,5885.029514119359
0.03,2025-09-11 15:15:00+00:00,2025,2025-09,0.9522358185870909,176.55088542358078,0.28109361733272137,168.11807690359916,5885.029514119359,6053.147591022958
0.03,2025-09-15 13:00:00+00:00,2025,2025-09,0.9608712664666772,181.59442773068875,0.23685199912701183,174.4888677568784,6053.147591022958,6227.636458779837
0.03,2025-09-16 07:45:00+00:00,2025,2025-09,0.9633635729239354,186.8290937633951,0.22815834897832915,179.98434329404523,6227.636458779837,6407.620802073882
0.03,2025-09-16 17:20:00+00:00,2025,2025-09,-1.0279337040091514,192.22862406221645,0.1789885828880126,-197.59828154885685,6407.620802073882,6210.022520525025
0.03,2025-09-19 05:10:00+00:00,2025,2025-09,0.955166524338174,186.30067561575075,0.27841689353335036,177.94816880975023,6210.022520525025,6387.970689334776
0.03,2025-09-22 16:55:00+00:00,2025,2025-09,0.9602573807721424,191.63912068004328,0.25387468674494684,184.02288007769488,6387.970689334776,6571.993569412471
0.03,2025-09-23 18:30:00+00:00,2025,2025-09,-1.0226674150511639,197.1598070823741,0.14897010595145238,-201.62891026091768,6571.993569412471,6370.364659151553
0.03,2025-09-23 20:50:00+00:00,2025,2025-09,-1.018646114504901,191.11093977454658,0.11878254887251447,-194.67441624072202,6370.364659151553,6175.69024291083
0.03,2025-09-25 04:25:00+00:00,2025,2025-09,-1.0413410240762253,185.2707072873249,0.2553093590194864,-192.9299880579095,6175.69024291083,5982.760254852921
0.03,2025-09-25 06:00:00+00:00,2025,2025-09,0.9714250724578524,179.48280764558763,0.17095694078446314,174.35409942205374,5982.760254852921,6157.114354274975
0.03,2025-09-25 14:30:00+00:00,2025,2025-09,-1.0280639858878249,184.71343062824926,0.17279317034809674,-189.89722573869216,6157.114354274975,5967.217128536283
0.03,2025-09-29 04:50:00+00:00,2025,2025-09,0.9774079373446796,179.01651385608847,0.13481174324579298,174.97216155871467,5967.217128536283,6142.189290094998
0.03,2025-09-29 16:50:00+00:00,2025,2025-09,-1.0280123254231872,184.26567870284993,0.17205700520495615,-189.42738885899863,6142.189290094998,5952.761901235999
0.03,2025-10-01 10:15:00+00:00,2025,2025-10,0.9661699556987502,150.0,0.16915022150624914,144.92549335481252,5000.0,5144.925493354813
0.03,2025-10-01 15:25:00+00:00,2025,2025-10,0.9677488712104928,154.34776480064437,0.16592965469860474,149.36987515968622,5144.925493354813,5294.2953685144985
0.03,2025-10-01 16:30:00+00:00,2025,2025-10,-1.0226911731336519,158.82886105543494,0.12013377282765325,-162.43287424026457,5294.2953685144985,5131.8624942742335
0.03,2025-10-01 17:30:00+00:00,2025,2025-10,-1.0279389069235267,153.955874828227,0.1433786285718659,-158.25723368538297,5131.8624942742335,4973.605260588851
0.03,2025-10-02 10:10:00+00:00,2025,2025-10,0.9708608536382306,149.20815781766552,0.14492661163396453,144.86035946864658,4973.605260588851,5118.465620057497
0.03,2025-10-02 16:20:00+00:00,2025,2025-10,-1.0309734513274336,153.5539686017249,0.15853654575399284,-158.3100649743447,5118.465620057497,4960.155555083153
0.03,2025-10-03 09:40:00+00:00,2025,2025-10,0.9618992325416861,148.80466665249457,0.18898573336128724,143.13509465165595,4960.155555083153,5103.2906497348085
0.03,2025-10-03 14:50:00+00:00,2025,2025-10,0.9510192657554708,153.09871949204424,0.24996292308725118,145.5998317994267,5103.2906497348085,5248.890481534235
0.03,2025-10-03 17:05:00+00:00,2025,2025-10,-1.0190515935297162,157.46671444602703,0.09999972793618703,-160.46670628411263,5248.890481534235,5088.423775250122
0.03,2025-10-06 12:25:00+00:00,2025,2025-10,0.9704566556934239,152.65271325750365,0.15032905556998225,148.14284159040417,5088.423775250122,5236.566616840526
0.03,2025-10-07 17:05:00+00:00,2025,2025-10,-1.0280767430978008,157.09699850521577,0.1470257356155513,-161.5077705736823,5236.566616840526,5075.058846266844
0.03,2025-10-07 19:50:00+00:00,2025,2025-10,-1.0193609057216084,152.2517653880053,0.09825773585418701,-155.19949746363093,5075.058846266844,4919.859348803213
0.03,2025-10-07 20:00:00+00:00,2025,2025-10,0.9795572688511179,147.59578046409638,0.10057536195789825,144.57851960535945,4919.859348803213,5064.437868408572
0.03,2025-10-08 16:55:00+00:00,2025,2025-10,0.9813482547295497,151.93313605225717,0.09446060505957928,149.0993179004698,5064.437868408572,5213.537186309042
0.03,2025-10-09 19:15:00+00:00,2025,2025-10,0.9741188070002451,156.40611558927125,0.13493256213026322,152.35813872536335,5213.537186309042,5365.895325034406
0.03,2025-10-10 07:50:00+00:00,2025,2025-10,0.9850495500626492,160.97685975103215,0.08022254942599205,158.5701832682524,5365.895325034406,5524.465508302658
0.03,2025-10-10 18:45:00+00:00,2025,2025-10,0.9808825002048304,165.73396524907974,0.10561396822339808,162.56554620237782,5524.465508302658,5687.031054505036
0.03,2025-10-13 04:10:00+00:00,2025,2025-10,0.988608006943691,170.61093163515108,0.06478661828393509,168.66733308663302,5687.031054505036,5855.698387591669
0.03,2025-10-13 15:50:00+00:00,2025,2025-10,-1.0329623758024777,175.67095162775007,0.1930177308377592,-181.46148355288287,5855.698387591669,5674.236904038787
0.03,2025-10-14 09:55:00+00:00,2025,2025-10,0.9859982264420161,170.22710712116358,0.07944938024470698,167.84362571382238,5674.236904038787,5842.080529752609
0.03,2025-10-15 05:55:00+00:00,2025,2025-10,0.9817697255909652,175.26241589257828,0.10650273117706949,172.0673339572662,5842.080529752609,6014.147863709875
0.03,2025-10-16 04:15:00+00:00,2025,2025-10,0.9810397443074083,180.42443591129626,0.11402978126899344,177.00354247322645,6014.147863709875,6191.151406183102
0.03,2025-10-16 15:10:00+00:00,2025,2025-10,0.9585668060926474,185.73454218549307,0.2565191767221628,178.03896688382818,6191.151406183102,6369.19037306693
0.03,2025-10-17 05:05:00+00:00,2025,2025-10,0.9923173729805664,191.0757111920079,0.04893211405203982,189.6077477704467,6369.19037306693,6558.798120837377
0.03,2025-10-17 16:30:00+00:00,2025,2025-10,-1.0114817467564063,196.7639436251213,0.07530645904984823,-199.02313739661676,6558.798120837377,6359.77498344076
0.03,2025-10-21 10:05:00+00:00,2025,2025-10,0.9679384418082687,190.79324950322277,0.20390429571790308,184.67612063168568,6359.77498344076,6544.451104072446
0.03,2025-10-21 16:45:00+00:00,2025,2025-10,0.9902390503060757,196.33353312217335,0.06388005800119793,194.4171313821374,6544.451104072446,6738.868235454583
0.03,2025-10-21 18:45:00+00:00,2025,2025-10,-1.0062633842556414,202.16604706363748,0.04220812120678908,-203.43229069984113,6738.868235454583,6535.435944754741
0.03,2025-10-23 07:50:00+00:00,2025,2025-10,0.9793873124000038,196.06307834264223,0.1347128994590154,192.02169135887175,6535.435944754741,6727.457636113613
0.03,2025-10-24 08:25:00+00:00,2025,2025-10,0.9760806424056034,201.82372908340838,0.16091646489935496,196.9962351364277,6727.457636113613,6924.453871250041
0.03,2025-10-27 13:50:00+00:00,2025,2025-10,-1.0132376023550325,207.7336161375012,0.09166316687337386,-210.4835111437024,6924.453871250041,6713.970360106338
0.03,2025-10-28 15:05:00+00:00,2025,2025-10,0.9891304347826086,201.41911080319014,0.07297793869680826,199.2297726422859,6713.970360106338,6913.200132748624
0.03,2025-10-28 15:50:00+00:00,2025,2025-10,0.9886475440853705,207.39600398245872,0.07848179973603998,205.04154999037752,6913.200132748624,7118.241682739002
0.03,2025-10-29 18:20:00+00:00,2025,2025-10,-1.025012208339785,213.54725048217003,0.17804294398160925,-218.88853880161832,7118.241682739002,6899.353143937384
0.03,2025-10-29 20:05:00+00:00,2025,2025-10,0.9845075617853188,206.9805943181215,0.10688780230371618,203.77396024901,6899.353143937384,7103.127104186394
0.03,2025-10-30 14:30:00+00:00,2025,2025-10,-1.017499562510937,213.0938131255918,0.1243016167828412,-216.82286162907704,7103.127104186394,6886.304242557317
0.03,2025-10-30 15:05:00+00:00,2025,2025-10,0.985356771795748,206.5891272767195,0.1008377245076753,203.56399554148922,6886.304242557317,7089.868238098806
0.03,2025-10-31 09:45:00+00:00,2025,2025-10,0.989132628506668,212.69604714296418,0.07704823198219485,210.38460018349835,7089.868238098806,7300.252838282304
0.03,2025-11-03 13:40:00+00:00,2025,2025-11,0.9738151348520553,150.0,0.13092432573972382,146.0722702278083,5000.0,5146.072270227808
0.03,2025-11-03 16:50:00+00:00,2025,2025-11,-1.0154220123522977,154.38216810683423,0.07936279011726956,-156.76305181035232,5146.072270227808,4989.309218417456
0.03,2025-11-04 06:55:00+00:00,2025,2025-11,-1.0214054186288297,149.67927655252367,0.10679825248890523,-152.88322412719083,4989.309218417456,4836.4259942902645
0.03,2025-11-04 17:50:00+00:00,2025,2025-11,-1.0179865357932059,145.09277982870793,0.0869905492574929,-147.70249630643272,4836.4259942902645,4688.723497983832
0.03,2025-11-05 16:45:00+00:00,2025,2025-11,0.9719258843346439,140.66170493951495,0.13163176580527136,136.7127519653568,4688.723497983832,4825.436249949189
0.03,2025-11-05 19:45:00+00:00,2025,2025-11,-1.0380669252800636,144.76308749847567,0.18368952117052653,-150.27377313359145,4825.436249949189,4675.162476815598
0.03,2025-11-10 16:55:00+00:00,2025,2025-11,0.9663018710484926,140.25487430446793,0.1575442280129808,135.5285474640785,4675.162476815598,4810.691024279677
0.03,2025-11-10 17:45:00+00:00,2025,2025-11,0.9787660013347089,144.3207307283903,0.10215020678868249,141.25622452472982,4810.691024279677,4951.947248804407
0.03,2025-11-11 18:05:00+00:00,2025,2025-11,0.9829394513002568,148.5584174641322,0.0844829371967865,146.0239293482286,4951.947248804407,5097.971178152635
0.03,2025-11-13 17:10:00+00:00,2025,2025-11,-1.0153973619186571,152.93913534457903,0.07849530728089908,-155.293994563006,5097.971178152635,4942.677183589629
0.03,2025-11-14 10:10:00+00:00,2025,2025-11,-1.0254446760044578,148.28031550768887,0.12576481953106364,-152.0532600936208,4942.677183589629,4790.6239234960085
0.03,2025-11-14 10:50:00+00:00,2025,2025-11,0.9847368191531115,143.71871770488025,0.07312015931374995,141.52511292546774,4790.6239234960085,4932.149036421476
0.03,2025-11-14 19:35:00+00:00,2025,2025-11,-1.0121254113978868,147.9644710926443,0.05980433614230108,-149.75860117691332,4932.149036421476,4782.3904352445625
0.03,2025-11-17 17:05:00+00:00,2025,2025-11,0.9866406264910015,143.47171305733687,0.06388974009029408,141.55502085462805,4782.3904352445625,4923.945456099191
0.03,2025-11-18 10:05:00+00:00,2025,2025-11,0.9829214141069119,147.7183636829757,0.08409402540487079,145.19554292082958,4923.945456099191,5069.14099902002
0.03,2025-11-19 06:20:00+00:00,2025,2025-11,0.9797148487307292,152.07422997060058,0.10282829197038373,148.98938121148907,5069.14099902002,5218.130380231509
0.03,2025-11-19 07:10:00+00:00,2025,2025-11,0.9779017152478163,156.54391140694526,0.1153117310163764,153.08455947645396,5218.130380231509,5371.214939707963
0.03,2025-11-19 16:15:00+00:00,2025,2025-11,-1.0172126914911928,161.13644819123888,0.09245306569007865,-163.91004016194125,5371.214939707963,5207.304899546021
0.03,2025-11-19 20:40:00+00:00,2025,2025-11,0.9890928922014179,156.21914698638062,0.05679663587943283,154.51524790999764,5207.304899546021,5361.820147456019
0.03,2025-11-20 17:15:00+00:00,2025,2025-11,-1.013575274899317,160.85460442368057,0.0727881824624113,-163.03824989755293,5361.820147456019,5198.781897558466
0.03,2025-11-20 19:25:00+00:00,2025,2025-11,0.9863631050560412,155.96345692675396,0.07089524257355959,153.83659964954717,5198.781897558466,5352.618497208013
0.03,2025-11-20 20:20:00+00:00,2025,2025-11,-1.0131585543134993,160.57855491624036,0.07043272121495285,-162.69153655268894,5352.618497208013,5189.9269606553235
0.03,2025-11-24 14:10:00+00:00,2025,2025-11,-1.032795077615017,155.69780881965968,0.17020405749096043,-160.8039305443885,5189.9269606553235,5029.123030110935
0.03,2025-11-24 16:05:00+00:00,2025,2025-11,0.979148669983021,150.87369090332805,0.1048639039968325,147.72777378342306,5029.123030110935,5176.850803894358
0.03,2025-11-25 12:45:00+00:00,2025,2025-11,-1.028965916771266,155.30552411683075,0.1499522295228649,-159.8040910025167,5176.850803894358,5017.046712891842
0.03,2025-11-26 15:10:00+00:00,2025,2025-11,-1.0254820351652083,150.51140138675524,0.12784456076340225,-154.34673820965733,5017.046712891842,4862.699974682185
0.03,2025-11-26 15:35:00+00:00,2025,2025-11,0.9788634579382816,145.88099924046554,0.10278066254838725,142.79757936401393,4862.699974682185,5005.497554046198
0.03,2025-11-26 16:35:00+00:00,2025,2025-11,-1.0192491017085876,150.16492662138594,0.09635133151992199,-153.0554665669836,5005.497554046198,4852.442087479215
0.03,2025-11-28 11:50:00+00:00,2025,2025-11,0.955242966751913,145.57326262437644,0.2171809118437238,139.05783526906473,4852.442087479215,4991.4999227482795
0.03,2025-11-28 14:15:00+00:00,2025,2025-11,0.9792338271067779,149.74499768244837,0.10365435039229545,146.6353671706795,4991.4999227482795,5138.135289918959
0.03,2025-12-01 05:35:00+00:00,2025,2025-12,-1.014812097957341,150.0,0.07406048978670492,-152.22181469360115,5000.0,4847.778185306399
0.03,2025-12-01 08:45:00+00:00,2025,2025-12,0.9855759324129405,145.43334555919196,0.06992468019193232,143.335605153434,4847.778185306399,4991.113790459833
0.03,2025-12-01 11:30:00+00:00,2025,2025-12,0.9732327223595991,149.733413713795,0.13359852856407176,145.72545785687282,4991.113790459833,5136.839248316705
0.03,2025-12-01 19:05:00+00:00,2025,2025-12,-1.019774011299436,154.10517744950116,0.10157591733960039,-157.1524549696892,5136.839248316705,4979.686793347017
0.03,2025-12-02 05:30:00+00:00,2025,2025-12,0.955140666054296,149.3906038004105,0.2233854328077656,142.68904081617754,4979.686793347017,5122.375834163194
0.03,2025-12-03 17:20:00+00:00,2025,2025-12,-1.0168905332582638,153.6712750248958,0.0865196593882609,-156.26686480654362,5122.375834163194,4966.10896935665
0.03,2025-12-04 15:35:00+00:00,2025,2025-12,-1.0253960575643957,148.9832690806995,0.12611958925684275,-152.7668567584048,4966.10896935665,4813.342112598245
0.03,2025-12-05 05:20:00+00:00,2025,2025-12,0.961994389647997,144.40026337794734,0.1829340048222959,138.91224323327847,4813.342112598245,4952.254355831524
0.03,2025-12-05 13:15:00+00:00,2025,2025-12,0.9570955747149967,148.56763067494572,0.21247362700210556,142.19342186488254,4952.254355831524,5094.447777696406
0.03,2025-12-05 15:30:00+00:00,2025,2025-12,0.9688612099644118,152.83343333089218,0.15863493969695736,148.07438513998346,5094.447777696406,5242.52216283639
0.03,2025-12-05 15:55:00+00:00,2025,2025-12,0.981503989853617,157.2756648850917,0.09696574311646002,154.36669259159788,5242.52216283639,5396.888855427987
0.03,2025-12-08 15:50:00+00:00,2025,2025-12,-1.0470430107526831,161.90666566283963,0.25388590045693404,-169.52324267654765,5396.888855427987,5227.36561275144
0.03,2025-12-08 16:35:00+00:00,2025,2025-12,0.9683539534953818,156.82096838254319,0.16542545527777408,151.85820472420997,5227.36561275144,5379.223817475649
0.03,2025-12-08 19:00:00+00:00,2025,2025-12,-1.0290605150630336,161.3767145242695,0.15632301477518062,-166.0664049675249,5379.223817475649,5213.157412508124
0.03,2025-12-10 08:05:00+00:00,2025,2025-12,0.9690411605142122,156.39472237524373,0.16139330354798415,151.55292326880422,5213.157412508124,5364.710335776928
0.03,2025-12-10 08:35:00+00:00,2025,2025-12,0.9680165704625407,160.94131007330785,0.171581835013201,155.79385502291183,5364.710335776928,5520.50419079984
0.03,2025-12-10 16:00:00+00:00,2025,2025-12,-1.0378712737371751,165.6151257239952,0.20906852537700366,-171.8871814853053,5520.50419079984,5348.617009314535
0.03,2025-12-10 21:35:00+00:00,2025,2025-12,-1.015325334968036,160.45851027943604,0.08196934728347967,-162.91759069794045,5348.617009314535,5185.699418616594
0.03,2025-12-11 13:15:00+00:00,2025,2025-12,-1.0265469945009802,155.5709825584978,0.13766473394975073,-159.70092457699033,5185.699418616594,5025.998494039603
0.03,2025-12-15 12:20:00+00:00,2025,2025-12,-1.0466159071233565,150.77995482118808,0.23429147900027963,-157.80869919119647,5025.998494039603,4868.189794848407
0.03,2025-12-15 17:40:00+00:00,2025,2025-12,0.9830501634448526,146.04569384545218,0.08251502134211665,143.57024320518866,4868.189794848407,5011.760038053595
0.03,2025-12-17 18:05:00+00:00,2025,2025-12,0.9792563910071518,150.35280114160784,0.10396199059536596,147.23394142374687,5011.760038053595,5158.993979477342
0.03,2025-12-17 21:05:00+00:00,2025,2025-12,0.9662124113075758,154.76981938432024,0.17430996664527282,149.54052038496206,5158.993979477342,5308.534499862304
0.03,2025-12-19 16:25:00+00:00,2025,2025-12,-1.028947549796679,159.25603499586913,0.15366906678215242,-163.86610699933368,5308.534499862304,5144.66839286297
0.03,2025-12-23 15:35:00+00:00,2025,2025-12,-1.0324439569267858,154.3400517858891,0.16691339974064245,-159.3474537781084,5144.66839286297,4985.3209390848615
0.03,2025-12-24 18:05:00+00:00,2025,2025-12,0.990151017728168,149.55962817254584,0.049100337548439156,148.08661804609267,4985.3209390848615,5133.407557130954
0.03,2025-12-24 18:40:00+00:00,2025,2025-12,0.988853621511449,154.00222671392862,0.057218903567769985,152.28565960689554,5133.407557130954,5285.69321673785
0.03,2025-12-26 05:55:00+00:00,2025,2025-12,0.9767256284080326,158.5707965021355,0.12302118804749856,154.88016086071053,5285.69321673785,5440.573377598561
0.03,2025-12-29 10:50:00+00:00,2025,2025-12,0.988503230044892,163.21720132795681,0.06254902054613544,161.34073071157275,5440.573377598561,5601.914108310134
0.03,2025-12-30 11:15:00+00:00,2025,2025-12,0.9864802224969097,168.057423249304,0.07573663233577538,165.78532427923074,5601.914108310134,5767.699432589365
0.03,2025-12-31 09:50:00+00:00,2025,2025-12,0.9805080891430051,173.03098297768094,0.11242348318997153,169.6582784819818,5767.699432589365,5937.357711071347
0.03,2025-12-31 16:25:00+00:00,2025,2025-12,-1.0195574430040233,178.1207313321404,0.11611953502877653,-181.6043173830037,5937.357711071347,5755.753393688343
0.03,2026-01-02 08:20:00+00:00,2026,2026-01,0.9557727138705177,150.0,0.22113643064741184,143.36590708057764,5000.0,5143.365907080578
0.03,2026-01-02 17:45:00+00:00,2026,2026-01,-1.0127729456845689,154.30097721241734,0.0656959333670035,-156.27185521342744,5143.365907080578,4987.0940518671505
0.03,2026-01-06 12:20:00+00:00,2026,2026-01,0.9843563766388558,149.6128215560145,0.07801622101401245,147.27233492559412,4987.0940518671505,5134.366386792744
0.03,2026-01-06 19:55:00+00:00,2026,2026-01,-1.0107755856017648,154.03099160378233,0.055325804511709466,-155.6907657391336,5134.366386792744,4978.6756210536105
0.03,2026-01-07 13:35:00+00:00,2026,2026-01,0.9764745420937654,149.3602686316083,0.11712562375189331,145.84649991905152,4978.6756210536105,5124.522120972662
0.03,2026-01-07 20:50:00+00:00,2026,2026-01,0.979494190020506,153.73566362917987,0.10508247684837917,150.5831893237285,5124.522120972662,5275.105310296391
0.03,2026-01-08 06:40:00+00:00,2026,2026-01,0.9744307804699843,158.25315930889172,0.1348803257229196,154.20674953720413,5275.105310296391,5429.3120598335945
0.03,2026-01-08 11:20:00+00:00,2026,2026-01,0.9738223158524563,162.87936179500784,0.14212681624077397,158.61555730778463,5429.3120598335945,5587.927617141379
0.03,2026-01-08 13:10:00+00:00,2026,2026-01,0.9536423841059632,167.63782851424136,0.2590430021191201,159.86653845066775,5587.927617141379,5747.794155592047
0.03,2026-01-08 15:05:00+00:00,2026,2026-01,-1.0267243573428375,172.4338246677614,0.15360610494711488,-177.04200781617484,5747.794155592047,5570.752147775872
0.03,2026-01-08 19:10:00+00:00,2026,2026-01,0.9623000556522973,167.12256443327615,0.21001704594599596,160.8220530548963,5570.752147775872,5731.574200830768
0.03,2026-01-09 05:40:00+00:00,2026,2026-01,0.976528707625935,171.94722602492303,0.1345274538313468,167.91140240998263,5731.574200830768,5899.485603240751
0.03,2026-01-09 15:35:00+00:00,2026,2026-01,0.9890660876899764,176.9845680972225,0.06450445826008092,175.04943434942007,5899.485603240751,6074.535037590171
0.03,2026-01-12 08:35:00+00:00,2026,2026-01,0.9760571891140026,182.2360511277051,0.14544144362538605,177.87280781894353,6074.535037590171,6252.407845409114
0.03,2026-01-12 19:25:00+00:00,2026,2026-01,-1.0152046106171622,187.5722353622734,0.09506542670913493,-190.42419816354746,6252.407845409114,6061.983647245566
0.03,2026-01-12 21:50:00+00:00,2026,2026-01,0.9622939634431031,181.85950941736698,0.22857337701035219,175.00230810705642,6061.983647245566,6236.985955352623
0.03,2026-01-15 16:10:00+00:00,2026,2026-01,0.9811773985372148,187.10957866057868,0.11739630096659164,183.58768963158093,6236.985955352623,6420.573644984204
0.03,2026-01-16 17:00:00+00:00,2026,2026-01,-1.0319313931210663,192.61720934952612,0.20501786112074769,-198.76774518314858,6420.573644984204,6221.805899801056
0.03,2026-01-20 05:20:00+00:00,2026,2026-01,0.9630756246373514,186.65417699403167,0.22973629647779586,179.7620880996978,6221.805899801056,6401.567987900753
0.03,2026-01-20 10:05:00+00:00,2026,2026-01,0.9809836006193907,192.04703963702258,0.12173477352004386,188.39499643142125,6401.567987900753,6589.9629843321745
0.03,2026-01-21 09:30:00+00:00,2026,2026-01,0.9872981310107062,197.69888952996524,0.08370484647128285,195.18774413582676,6589.9629843321745,6785.150728468001
0.03,2026-01-23 08:30:00+00:00,2026,2026-01,0.9679829242262568,203.55452185404002,0.2172406850096293,197.03730130375115,6785.150728468001,6982.188029771753
0.03,2026-01-23 17:00:00+00:00,2026,2026-01,-1.0168705865340575,209.46564089315257,0.11779360735332502,-212.99944911375232,6982.188029771753,6769.188580658
0.03,2026-01-23 20:50:00+00:00,2026,2026-01,-1.0116780852389,203.07565741974,0.07905116124311255,-205.44719225703338,6769.188580658,6563.741388400967
0.03,2026-01-26 16:05:00+00:00,2026,2026-01,-1.016079509345258,196.912241652029,0.10554174099464905,-200.0784938818685,6563.741388400967,6363.662894519098
0.03,2026-01-26 17:50:00+00:00,2026,2026-01,-1.0147248555561788,190.90988683557293,0.093704016930008,-193.7210073434732,6363.662894519098,6169.941887175624
0.03,2026-01-27 05:00:00+00:00,2026,2026-01,0.9823162362214003,185.09825661526872,0.10910779486050155,181.82502276945368,6169.941887175624,6351.766909945078
0.03,2026-01-28 15:20:00+00:00,2026,2026-01,-1.015638497512735,190.55300729835233,0.09933209102264849,-193.5329700290318,6351.766909945078,6158.2339399160455
0.03,2026-01-29 15:45:00+00:00,2026,2026-01,0.9850219321707501,184.74701819748137,0.09223844566045161,181.97986482766783,6158.2339399160455,6340.213804743713
0.03,2026-01-30 12:40:00+00:00,2026,2026-01,-1.0027021010765942,190.2064141423114,0.017131898547635856,-190.72037109874046,6340.213804743713,6149.493433644972
0.03,2026-01-30 15:10:00+00:00,2026,2026-01,0.9955953050146404,184.48480300934915,0.027086642889677732,183.67220372265882,6149.493433644972,6333.1656373676315
0.03,2026-01-30 17:55:00+00:00,2026,2026-01,0.9961348317915607,189.99496912102893,0.024478750480333523,189.26060660661892,6333.1656373676315,6522.426243974251
0.03,2026-02-02 15:55:00+00:00,2026,2026-02,0.9953380677844944,150.0,0.023309661077528056,149.30071016767417,5000.0,5149.300710167674
0.03,2026-02-02 17:40:00+00:00,2026,2026-02,-1.0035994220356617,154.47902130503022,0.01853450644442596,-155.035056498363,5149.300710167674,4994.265653669311
0.03,2026-02-03 05:00:00+00:00,2026,2026-02,0.9957732956821197,149.82796961007932,0.021109284203005563,149.19469108398917,4994.265653669311,5143.4603447533
0.03,2026-02-03 05:50:00+00:00,2026,2026-02,0.9918734738577395,154.303810342599,0.041798464953318126,153.04985639399948,5143.4603447533,5296.510201147299
0.03,2026-02-03 07:35:00+00:00,2026,2026-02,0.9882192564667867,158.89530603441898,0.06239682830076468,157.02340118539604,5296.510201147299,5453.533602332695
0.03,2026-02-03 14:35:00+00:00,2026,2026-02,0.9914993867414722,163.60600806998085,0.04635838004581638,162.21525666860637,5453.533602332695,5615.748859001302
0.03,2026-02-03 19:25:00+00:00,2026,2026-02,0.993134338117501,168.47246577003904,0.038555832882932836,167.31579078355105,5615.748859001302,5783.064649784853
0.03,2026-02-04 09:10:00+00:00,2026,2026-02,-1.0124498301487452,173.49193949354557,0.07199817262903471,-175.6518846724166,5783.064649784853,5607.412765112436
0.03,2026-02-09 15:55:00+00:00,2026,2026-02,0.9891320098536445,168.22238295337309,0.06094130667778997,166.39414375303937,5607.412765112436,5773.806908865476
0.03,2026-02-09 16:20:00+00:00,2026,2026-02,0.9865650730284248,173.21420726596426,0.07757067416858403,170.88708704090675,5773.806908865476,5944.693995906382
0.03,2026-02-10 08:35:00+00:00,2026,2026-02,0.9891267203081796,178.34081987719145,0.06463832049977547,176.4016702621982,5944.693995906382,6121.0956661685805
0.03,2026-02-10 18:00:00+00:00,2026,2026-02,-1.0113009551997847,183.6328699850574,0.06917422789696706,-185.70809682196642,6121.0956661685805,5935.387569346614
0.03,2026-02-11 08:20:00+00:00,2026,2026-02,0.9814850734425418,178.0616270803984,0.10989326493650294,174.7648291323033,5935.387569346614,6110.152398478917
0.03,2026-02-11 15:00:00+00:00,2026,2026-02,-1.0077543996986862,183.3045719543675,0.04738056391769215,-184.72598887189824,6110.152398478917,5925.426409607019
0.03,2026-02-11 16:05:00+00:00,2026,2026-02,-0.30196936542669744,177.76279228821056,0.031118213092028602,-53.67891758374877,5925.426409607019,5871.747492023271
0.03,2026-02-12 15:30:00+00:00,2026,2026-02,-1.0154251841840438,176.15242476069812,0.09057278654665624,-178.8696083570978,5871.747492023271,5692.877883666173
0.03,2026-02-12 19:25:00+00:00,2026,2026-02,0.487351286346263,170.78633650998518,0.017115554346803726,83.23294078850702,5692.877883666173,5776.11082445468
0.03,2026-02-13 16:50:00+00:00,2026,2026-02,0.9915208385486906,173.2833247336404,0.04897657624120719,171.81402744640417,5776.11082445468,5947.924851901084
0.03,2026-02-17 13:40:00+00:00,2026,2026-02,-1.0146232425995947,178.4377455570325,0.0869779480735081,-181.04708399923774,5947.924851901084,5766.877767901847
0.03,2026-02-19 12:45:00+00:00,2026,2026-02,0.9833800275416682,173.00633303705538,0.09584534967309463,170.13097254686255,5766.877767901847,5937.008740448709
0.03,2026-02-19 14:10:00+00:00,2026,2026-02,-1.020712918943443,178.11026221346128,0.12297278080742587,-181.79944563768407,5937.008740448709,5755.209294811026
0.03,2026-02-19 21:50:00+00:00,2026,2026-02,0.9748252754234744,172.65627884433076,0.1448858088771277,168.30970457801692,5755.209294811026,5923.518999389043
0.03,2026-02-20 12:05:00+00:00,2026,2026-02,0.9822814714816069,177.70556998167126,0.10495604031991779,174.55688877207373,5923.518999389043,6098.075888161116
0.03,2026-02-20 17:40:00+00:00,2026,2026-02,0.9928551500758713,182.9422766448335,0.043569837046858774,181.63518153342773,6098.075888161116,6279.711069694544
0.03,2026-02-24 18:40:00+00:00,2026,2026-02,0.9865626659670725,188.3913320908363,0.08438257527375792,185.85985483262357,6279.711069694544,6465.570924527167
0.03,2026-02-25 13:40:00+00:00,2026,2026-02,-1.0207606299368286,193.967127735815,0.13422932529442785,-197.99400749464783,6465.570924527167,6267.576917032519
0.03,2026-02-25 17:40:00+00:00,2026,2026-02,0.989968376501161,188.02730751097556,0.06287397188168425,186.14108835452504,6267.576917032519,6453.718005387044
0.03,2026-02-25 21:20:00+00:00,2026,2026-02,0.9829726508339347,193.61154016161132,0.1098897098970476,190.31484886469988,6453.718005387044,6644.0328542517445
0.03,2026-02-26 07:50:00+00:00,2026,2026-02,0.978824454729708,199.32098562755232,0.14069101848251525,195.10025507307688,6644.0328542517445,6839.133109324822
0.03,2026-02-27 05:00:00+00:00,2026,2026-02,0.9719708496836729,205.17399327974465,0.19169508995463497,199.4231405811056,6839.133109324822,7038.556249905927
0.03,2026-03-02 06:55:00+00:00,2026,2026-03,0.9837483941865688,150.0,0.0812580290671562,147.56225912798533,5000.0,5147.562259127985
0.03,2026-03-03 20:05:00+00:00,2026,2026-03,0.9962299108104615,154.42686777383955,0.019406768825614797,153.8446647090711,5147.562259127985,5301.406923837057
0.03,2026-03-04 08:35:00+00:00,2026,2026-03,0.9938921351059715,159.0422077151117,0.03238027723906409,158.07079939793977,5301.406923837057,5459.477723234996
0.03,2026-03-04 10:25:00+00:00,2026,2026-03,0.9920549945709128,163.78433169704988,0.04337558015108256,162.4830642925174,5459.477723234996,5621.960787527513
0.03,2026-03-04 11:20:00+00:00,2026,2026-03,0.9897245192542935,168.6588236258254,0.0577683498253562,166.92577313106472,5621.960787527513,5788.886560658578
0.03,2026-03-04 15:05:00+00:00,2026,2026-03,0.9844725089467924,173.66659681975733,0.08988688427865962,170.96999029139752,5788.886560658578,5959.856550949975
0.03,2026-03-04 15:55:00+00:00,2026,2026-03,0.9891159565260209,178.79569652849924,0.06486733779921862,176.84967639452267,5959.856550949975,6136.706227344497
0.03,2026-03-04 16:35:00+00:00,2026,2026-03,-1.0121545362465638,184.1011868203349,0.07458881827477284,-186.33885136857808,6136.706227344497,5950.3673759759195
0.03,2026-03-04 17:40:00+00:00,2026,2026-03,0.9916232872614134,178.51102127927757,0.049844518197607886,177.01568573334933,5950.3673759759195,6127.383061709269
0.03,2026-03-05 08:35:00+00:00,2026,2026-03,0.9845971042555998,183.82149185127807,0.09437944248551208,180.99010857671271,6127.383061709269,6308.373170285981
0.03,2026-03-09 11:45:00+00:00,2026,2026-03,0.9910015682980967,189.25119510857942,0.056765465122937724,187.5482311548913,6308.373170285981,6495.921401440873
0.03,2026-03-09 12:10:00+00:00,2026,2026-03,-1.0128953024255452,194.87764204322616,0.08376687100415077,-197.39064817335068,6495.921401440873,6298.5307532675215
0.03,2026-03-09 15:35:00+00:00,2026,2026-03,-1.0105292185815637,188.95592259802564,0.06631860704385456,-190.9454808093413,6298.5307532675215,6107.58527245818
0.03,2026-03-09 17:00:00+00:00,2026,2026-03,0.9915969076620197,183.2275581737454,0.051322603006554675,181.68788008354875,6107.58527245818,6289.273152541728
0.03,2026-03-10 14:25:00+00:00,2026,2026-03,0.9866400315549733,188.67819457625185,0.0840244908601116,186.1574598504485,6289.273152541728,6475.430612392177
0.03,2026-03-12 08:25:00+00:00,2026,2026-03,0.9851194694027948,194.2629183717653,0.09635784335778112,191.37218307103186,6475.430612392177,6666.802795463209
0.03,2026-03-13 04:20:00+00:00,2026,2026-03,0.9833421910571365,200.00408386389626,0.11105432722657424,196.67245404709902,6666.802795463209,6863.475249510308
0.03,2026-03-13 07:45:00+00:00,2026,2026-03,0.9822801258954871,205.90425748530922,0.1216199173407629,202.25565996508632,6863.475249510308,7065.730909475394
0.03,2026-03-16 17:20:00+00:00,2026,2026-03,-1.0116455106556421,211.9719272842618,0.08228404459619515,-214.44044862214767,7065.730909475394,6851.290460853246
0.03,2026-03-17 19:30:00+00:00,2026,2026-03,0.9808540899310749,205.53871382559737,0.13117419101958053,201.60348809500996,6851.290460853246,7052.893948948256
0.03,2026-03-19 16:35:00+00:00,2026,2026-03,0.9953589929456693,211.5868184684477,0.03273253057051491,210.60484255133224,7052.893948948256,7263.498791499589
0.03,2026-03-20 14:30:00+00:00,2026,2026-03,0.9874350812531414,217.90496374498767,0.09126527213309843,215.16700558099473,7263.498791499589,7478.665797080584
0.03,2026-03-23 15:20:00+00:00,2026,2026-03,-1.0041138236227507,224.3599739124175,0.030765912022687244,-225.28295127309815,7478.665797080584,7253.382845807486
0.03,2026-03-24 06:00:00+00:00,2026,2026-03,0.9930583101943674,217.60148537422458,0.05035073375709184,216.09096336151183,7253.382845807486,7469.473809168998
0.03,2026-03-24 08:05:00+00:00,2026,2026-03,0.9895929350896492,224.08421427506994,0.07773529877818701,221.75215531172432,7469.473809168998,7691.225964480722
0.03,2026-03-24 20:45:00+00:00,2026,2026-03,-1.0113943418953673,230.73677893442164,0.08763645823381896,-233.3658726814362,7691.225964480722,7457.860091799285
0.03,2026-03-25 16:15:00+00:00,2026,2026-03,0.9846880741972175,223.73580275397856,0.1141942003731632,220.30997674278365,7457.860091799285,7678.170068542069
0.03,2026-03-26 12:50:00+00:00,2026,2026-03,0.9885107151259173,230.34510205626208,0.08821668322913499,227.698601559388,7678.170068542069,7905.868670101458
0.03,2026-03-26 14:35:00+00:00,2026,2026-03,-1.012950571983596,237.1760601030437,0.102385521305005,-240.2476257421939,7905.868670101458,7665.621044359264
0.03,2026-03-26 17:50:00+00:00,2026,2026-03,0.9894930128535475,229.9686313307779,0.08054258178265876,227.55235387729815,7665.621044359264,7893.173398236561
0.03,2026-03-27 15:55:00+00:00,2026,2026-03,-1.0144273377439763,236.79520194709684,0.1138774784881276,-240.2115263017407,7893.173398236561,7652.961871934821
0.03,2026-03-30 14:40:00+00:00,2026,2026-03,0.9804405532529216,229.58885615804462,0.14968770019153077,225.0982251522987,7652.961871934821,7878.06009708712
0.03,2026-03-31 05:50:00+00:00,2026,2026-03,-1.0059426618031169,236.3418029126136,0.0468166468216182,-237.74630231726215,7878.06009708712,7640.313794769858
0.03,2026-04-01 15:35:00+00:00,2026,2026-04,-1.0164106090680332,150.0,0.08205304534016593,-152.46159136020498,5000.0,4847.538408639795
0.03,2026-04-02 15:15:00+00:00,2026,2026-04,0.9908926108716205,145.42615225919386,0.04414841860224786,144.10169970112642,4847.538408639795,4991.640108340922
0.03,2026-04-06 04:25:00+00:00,2026,2026-04,0.9911794354838708,149.74920325022765,0.044029083616919096,148.42833074172006,4991.640108340922,5140.068439082642
0.03,2026-04-06 06:50:00+00:00,2026,2026-04,0.9795735740409302,154.20205317247925,0.10499322739547345,151.05225635061507,5140.068439082642,5291.1206954332565
0.03,2026-04-07 09:00:00+00:00,2026,2026-04,0.9878974394439737,158.7336208629977,0.06403610862572491,156.81253760422595,5291.1206954332565,5447.933233037483
0.03,2026-04-07 09:35:00+00:00,2026,2026-04,0.986370451138067,163.43799699112446,0.07425287219623283,161.21041082523746,5447.933233037483,5609.143643862721
0.03,2026-04-07 18:20:00+00:00,2026,2026-04,0.9933256419302244,168.27430931588162,0.03743743314394542,167.15118632156327,5609.143643862721,5776.294830184284
0.03,2026-04-09 11:25:00+00:00,2026,2026-04,0.9863851195840331,173.28884490552852,0.07864356336032685,170.92953800471872,5776.294830184284,5947.224368189003
0.03,2026-04-09 15:05:00+00:00,2026,2026-04,0.979009026118769,178.41673104567008,0.12483803137847559,174.6715901043158,5947.224368189003,6121.895958293319
0.03,2026-04-09 17:20:00+00:00,2026,2026-04,-1.0092705408698417,183.65687874879958,0.056753286682276506,-185.3594773492679,6121.895958293319,5936.536480944052
0.03,2026-04-10 06:30:00+00:00,2026,2026-04,0.9864133071951242,178.09609442832155,0.08065789749152497,175.6763575035758,5936.536480944052,6112.212838447627
0.03,2026-04-10 13:20:00+00:00,2026,2026-04,0.9866196016464261,183.3663851534288,0.08178384260025756,180.91286987542108,6112.212838447627,6293.1257083230485
0.03,2026-04-10 15:25:00+00:00,2026,2026-04,-1.030334108538332,188.79377124969145,0.1908963582816387,-194.5206619981406,6293.1257083230485,6098.605046324908
0.03,2026-04-10 18:30:00+00:00,2026,2026-04,0.9835775841844311,182.95815138974723,0.10015382796567474,179.953536550777,6098.605046324908,6278.558582875685
0.03,2026-04-13 11:55:00+00:00,2026,2026-04,0.9811642299757826,188.35675748627054,0.11826148555062305,184.80891291975186,6278.558582875685,6463.367495795436
0.03,2026-04-13 17:50:00+00:00,2026,2026-04,-1.0096450617283952,193.9010248738631,0.06233957847025048,-195.7712122279706,6463.367495795436,6267.596283567465
0.03,2026-04-14 09:05:00+00:00,2026,2026-04,0.9660715728249452,188.02788850702396,0.21264968406966278,181.64839798493406,6267.596283567465,6449.2446815524
0.03,2026-04-14 09:40:00+00:00,2026,2026-04,0.9674352970366135,193.477340446572,0.21001773739295437,187.17680832478337,6449.2446815524,6636.421489877183
0.03,2026-04-16 12:30:00+00:00,2026,2026-04,0.9829111297370755,199.0926446963155,0.1134089458505954,195.69037632079764,6636.421489877183,6832.111866197981
0.03,2026-04-21 17:00:00+00:00,2026,2026-04,0.9855698864143914,204.96335598593942,0.09858815025882116,202.00571147817476,6832.111866197981,7034.117577676156
0.03,2026-04-21 20:55:00+00:00,2026,2026-04,0.9864582527276942,211.02352733028465,0.09525424252057453,208.16590005466742,7034.117577676156,7242.2834777308235
0.03,2026-04-22 12:50:00+00:00,2026,2026-04,0.9719202535199966,217.2685043319247,0.20336148399099924,211.16765981219473,7242.2834777308235,7453.451137543018
0.03,2026-04-22 13:25:00+00:00,2026,2026-04,0.9768150503444626,223.60353412629055,0.172807889383943,218.41929744477227,7453.451137543018,7671.870434987791
0.03,2026-04-22 16:05:00+00:00,2026,2026-04,0.9846319348394035,230.15611304963372,0.11790180474854613,226.61905890717733,7671.870434987791,7898.489493894968
0.03,2026-04-22 16:25:00+00:00,2026,2026-04,0.9757477768795453,236.95468481684904,0.19155592952050812,231.2080069312338,7898.489493894968,8129.6975008262025
0.03,2026-04-22 16:55:00+00:00,2026,2026-04,-1.017394473527268,243.89092502478607,0.14141180796281738,-248.1332792636706,8129.6975008262025,7881.564221562532
0.03,2026-04-22 19:15:00+00:00,2026,2026-04,-1.0274743245895195,236.44692664687597,0.21654065369635167,-242.94314625776653,7881.564221562532,7638.621075304765
0.03,2026-04-23 20:05:00+00:00,2026,2026-04,0.982086802238297,229.15863225914296,0.1368321299486468,225.05366836068356,7638.621075304765,7863.674743665449
0.03,2026-04-24 04:30:00+00:00,2026,2026-04,0.9847760999267808,235.91024230996345,0.11971579850585984,232.31876835478764,7863.674743665449,8095.993512020236
0.03,2026-04-24 08:15:00+00:00,2026,2026-04,0.9799944746644309,242.87980536060707,0.16196460332132412,238.02086726096735,8095.993512020236,8334.014379281203
0.03,2026-04-24 14:05:00+00:00,2026,2026-04,0.987469718486342,250.0204313784361,0.10442754631126723,246.88760498909807,8334.014379281203,8580.901984270302
0.03,2026-04-27 12:30:00+00:00,2026,2026-04,-1.029613334461462,257.42705952810906,0.2541091204412192,-265.0503331413456,8580.901984270302,8315.851651128956
0.03,2026-04-27 15:20:00+00:00,2026,2026-04,-1.0259067357512954,249.47554953386867,0.21543657127277221,-255.93864667205182,8315.851651128956,8059.913004456905
0.03,2026-04-28 04:00:00+00:00,2026,2026-04,0.9736736535954256,241.79739013370713,0.2121880617460669,235.43174828132513,8059.913004456905,8295.34475273823
0.03,2026-04-28 16:05:00+00:00,2026,2026-04,0.9865081914551875,248.8603425821469,0.11191920321715922,245.50276648563212,8295.34475273823,8540.847519223862
0.03,2026-04-29 05:40:00+00:00,2026,2026-04,-1.0297307245802294,256.22542557671585,0.2539255852757796,-263.84319313498924,8540.847519223862,8277.004326088872
0.03,2026-04-29 17:35:00+00:00,2026,2026-04,0.9891342591634414,248.31012978266617,0.08993578391035571,245.6120562653555,8277.004326088872,8522.616382354228
0.03,2026-04-29 19:00:00+00:00,2026,2026-04,0.9766420110116235,255.67849147062685,0.1990711796111868,249.70635608229125,8522.616382354228,8772.32273843652
0.03,2026-04-30 20:45:00+00:00,2026,2026-04,0.9778043186454292,263.1696821530956,0.19470768024179355,257.3284517458418,8772.32273843652,9029.651190182361
0.03,2026-05-01 05:45:00+00:00,2026,2026-05,0.9854438583479475,150.0,0.07278070826026278,147.81657875219213,5000.0,5147.816578752192
0.03,2026-05-04 05:40:00+00:00,2026,2026-05,-1.0212005572717913,154.43449736256576,0.1091365802025127,-157.70859476864115,5147.816578752192,4990.107983983551
0.03,2026-05-05 04:05:00+00:00,2026,2026-05,0.9860951094513528,149.70323951950652,0.06938690534322173,147.62163235920988,4990.107983983551,5137.729616342761
0.03,2026-05-05 09:35:00+00:00,2026,2026-05,0.9792651981160949,154.13188849028282,0.10652980572793909,150.93599431844464,5137.729616342761,5288.665610661205
0.03,2026-05-05 13:40:00+00:00,2026,2026-05,0.9590507575609869,158.65996831983617,0.21656685026983719,152.16296281174107,5288.665610661205,5440.828573472946
0.03,2026-05-05 16:05:00+00:00,2026,2026-05,-1.0183921736921857,163.22485720418837,0.10006866415272188,-166.22691712877,5440.828573472946,5274.601656344176
0.03,2026-05-06 14:45:00+00:00,2026,2026-05,0.9879327682804191,158.23804969032528,0.06364984041559019,156.32855447785758,5274.601656344176,5430.930210822034
0.03,2026-05-06 16:00:00+00:00,2026,2026-05,0.9887208353027114,162.927906324661,0.06125635630734191,161.09021563544073,5430.930210822034,5592.020426457474
0.03,2026-05-06 19:30:00+00:00,2026,2026-05,0.9722955145118728,167.76061279372422,0.15492404875410223,163.11289133110117,5592.020426457474,5755.133317788575
0.03,2026-05-07 07:45:00+00:00,2026,2026-05,0.976405554806527,172.65399953365724,0.13578917764769313,168.58032420422646,5755.133317788575,5923.713641992802
0.03,2026-05-07 12:50:00+00:00,2026,2026-05,0.9679756004574918,177.71140925978406,0.189703372446584,172.02030808638654,5923.713641992802,6095.733950079189
0.03,2026-05-07 19:55:00+00:00,2026,2026-05,-1.0167488156194664,182.87201850237565,0.10209632399519765,-185.9349082222316,6095.733950079189,5909.799041856957
0.03,2026-05-12 15:40:00+00:00,2026,2026-05,-1.0191494018091627,177.2939712557087,0.11316911646392379,-180.6890447496264,5909.799041856957,5729.109997107331
0.03,2026-05-12 19:25:00+00:00,2026,2026-05,-1.0136448695290574,171.8732999132199,0.0781729584281477,-174.21848866606436,5729.109997107331,5554.8915084412665
0.03,2026-05-12 19:40:00+00:00,2026,2026-05,0.9908935587105279,166.64674525323798,0.050585293391007674,165.12918645150776,5554.8915084412665,5720.020694892774
0.03,2026-05-13 14:15:00+00:00,2026,2026-05,-1.0217060994139355,171.60062084678322,0.1241593378531107,-175.32540098237655,5720.020694892774,5544.695293910398
0.03,2026-05-13 16:05:00+00:00,2026,2026-05,-1.0263392241217122,166.34085881731193,0.14604297203290892,-170.72214797829918,5544.695293910398,5373.973145932098
0.03,2026-05-13 16:55:00+00:00,2026,2026-05,0.9832647986994358,161.21919437796294,0.08993452238099973,158.52115870653293,5373.973145932098,5532.494304638632
0.03,2026-05-14 16:50:00+00:00,2026,2026-05,-1.0175251193377182,165.97482913915894,0.09695762292403863,-168.8835578268801,5532.494304638632,5363.610746811752
0.03,2026-05-15 12:40:00+00:00,2026,2026-05,-1.0173987969974643,160.90832240435253,0.09332037455719558,-163.7079336410684,5363.610746811752,5199.902813170684
0.03,2026-05-19 05:35:00+00:00,2026,2026-05,0.9835922117698531,155.9970843951205,0.08531890417584964,153.43751726984502,5199.902813170684,5353.340330440528
0.03,2026-05-22 05:50:00+00:00,2026,2026-05,-1.0265701705551904,160.60020991321585,0.14223916561978378,-164.8673848818094,5353.340330440528,5188.4729455587185
0.03,2026-05-22 15:30:00+00:00,2026,2026-05,0.9814881744695478,155.65418836676156,0.09604810593765407,152.77274518863194,5188.4729455587185,5341.245690747351
0.03,2026-05-25 08:40:00+00:00,2026,2026-05,0.9752428557955292,160.2373707224205,0.13223398979734047,156.2703510285003,5341.245690747351,5497.516041775851
0.03,2026-05-25 10:35:00+00:00,2026,2026-05,0.9619806282248529,164.9254812532755,0.2090121062321116,158.65511806631216,5497.516041775851,5656.1711598421625
0.03,2026-05-26 17:30:00+00:00,2026,2026-05,-1.0197409238752375,169.68513479526487,0.11165804429175841,-173.03487612401761,5656.1711598421625,5483.136283718145
0.03,2026-05-27 08:15:00+00:00,2026,2026-05,0.9764473654695948,164.49408851154433,0.12914230497081794,160.6198193624198,5483.136283718145,5643.756103080565
0.03,2026-05-27 12:05:00+00:00,2026,2026-05,0.9733130003812427,169.31268309241693,0.1506149169712701,164.79423558327883,5643.756103080565,5808.550338663844
0.03,2026-05-27 13:00:00+00:00,2026,2026-05,0.9677731227843998,174.2565101599153,0.1871914385647531,168.64076700297272,5808.550338663844,5977.191105666817
0.03,2026-05-27 15:40:00+00:00,2026,2026-05,-1.0102646319885036,179.3157331700045,0.061353667024627086,-181.1563431807433,5977.191105666817,5796.034762486073
0.03,2026-05-27 20:20:00+00:00,2026,2026-05,0.9792050383221432,173.8810428745822,0.12052832076942337,170.26519325149948,5796.034762486073,5966.299955737572
0.03,2026-05-28 04:05:00+00:00,2026,2026-05,0.9827860386576391,178.98899867212717,0.10270365679499605,175.9078889682773,5966.299955737572,6142.207844705849
0.03,2026-05-28 09:35:00+00:00,2026,2026-05,0.9816015419660066,184.26623534117547,0.11300715326688583,180.8760207431689,6142.207844705849,6323.083865449018
0.03,2026-05-28 12:35:00+00:00,2026,2026-05,0.9622315744038008,189.69251596347053,0.23881292251073885,182.52812828814837,6323.083865449018,6505.611993737167
0.03,2026-05-28 13:30:00+00:00,2026,2026-05,-1.0250887064979737,195.168359812115,0.1632173899005697,-200.06488150913208,6505.611993737167,6305.547112228035
0.03,2026-05-29 09:25:00+00:00,2026,2026-05,0.9825314434018769,189.16641336684106,0.11014880661208687,185.86194916847845,6305.547112228035,6491.409061396514
0.03,2026-05-29 15:05:00+00:00,2026,2026-05,0.9762808349146113,194.7422718418954,0.15397080316405223,190.1231477469738,6491.409061396514,6681.532209143487
0.03,2026-05-29 16:00:00+00:00,2026,2026-05,0.9708195536781274,200.44596627430462,0.1949700919767744,194.5968635150014,6681.532209143487,6876.129072658488
0.03,2026-05-29 17:35:00+00:00,2026,2026-05,0.9856059879090296,206.28387217975464,0.09897508501091938,203.31461962942706,6876.129072658488,7079.443692287916
0.03,2026-05-29 19:10:00+00:00,2026,2026-05,0.9907986750092012,212.38331076863747,0.06514026216680212,210.4291029036334,7079.443692287916,7289.872795191549
0.03,2026-06-02 16:10:00+00:00,2026,2026-06,0.9840567276813162,150.0,0.0797163615934186,147.60850915219743,5000.0,5147.608509152197
0.03,2026-06-03 12:20:00+00:00,2026,2026-06,0.9650134115255825,154.4282552745659,0.18009726053711786,149.02533745845238,5147.608509152197,5296.63384661065
0.03,2026-06-03 17:35:00+00:00,2026,2026-06,0.9839644468879569,158.8990153983195,0.08493445336236999,156.3509817974484,5296.63384661065,5452.984828408098
0.03,2026-06-04 13:40:00+00:00,2026,2026-06,0.9707055771001303,163.58954485224294,0.15974204362996045,158.79728354334412,5452.984828408098,5611.782111951442
0.03,2026-06-05 08:40:00+00:00,2026,2026-06,-1.0403675368113534,168.35346335854325,0.22653382098149397,-175.1494779879881,5611.782111951442,5436.632633963454
0.03,2026-06-05 15:05:00+00:00,2026,2026-06,0.9817052453675063,163.09897901890363,0.09946186006536968,160.11512321694255,5436.632633963454,5596.747757180397
0.03,2026-06-08 18:15:00+00:00,2026,2026-06,-1.0132785330382545,167.9024327154119,0.07431660000049693,-170.1319307154268,5596.747757180397,5426.615826464969
0.03,2026-06-09 19:20:00+00:00,2026,2026-06,0.9898361687195991,162.79847479394908,0.055155207683743185,161.14381856343678,5426.615826464969,5587.759645028406
0.03,2026-06-10 04:05:00+00:00,2026,2026-06,0.9911651114458084,167.6327893508522,0.04936723373143505,166.15177233890915,5587.759645028406,5753.911417367315
0.03,2026-06-10 04:45:00+00:00,2026,2026-06,0.9917035398230091,172.61734252101945,0.047737096936121624,171.1852296129358,5753.911417367315,5925.096646980251
0.03,2026-06-10 16:05:00+00:00,2026,2026-06,0.9855908769666738,177.75289940940752,0.08537544657068723,175.19163601228692,5925.096646980251,6100.2882829925375
0.03,2026-06-11 06:05:00+00:00,2026,2026-06,0.9907093212053107,183.0086484897761,0.05667581899229032,181.3083739200074,6100.2882829925375,6281.596656912545
0.03,2026-06-11 15:45:00+00:00,2026,2026-06,0.9831880298772726,188.44789970737634,0.10560601531903785,185.2797192478052,6281.596656912545,6466.87637616035
0.03,2026-06-11 19:25:00+00:00,2026,2026-06,-1.0113671424627726,194.00629128481052,0.07350990505695339,-196.21158843651912,6466.87637616035,6270.664787723831
0.03,2026-06-12 04:50:00+00:00,2026,2026-06,0.990864560585364,188.11994363171493,0.05728527825774258,186.40138528398265,6270.664787723831,6457.066173007814
0.03,2026-06-12 07:35:00+00:00,2026,2026-06,-1.021439291074108,193.7119851902344,0.13843492116789036,-197.86503282527113,6457.066173007814,6259.201140182542
0.03,2026-06-12 16:40:00+00:00,2026,2026-06,-1.0145484776057365,187.77603420547626,0.09106184761774669,-190.50788963400865,6259.201140182542,6068.693250548534
0.03,2026-06-15 04:15:00+00:00,2026,2026-06,0.9806505113793427,182.060797516456,0.11742611099374849,178.53801418664355,6068.693250548534,6247.231264735177
0.03,2026-06-16 04:10:00+00:00,2026,2026-06,0.9766336942129449,187.4169379420553,0.14597471605425358,183.03769646042772,6247.231264735177,6430.268961195605
0.03,2026-06-16 16:05:00+00:00,2026,2026-06,0.9775854155770693,192.90806883586814,0.14413180649286964,188.58411464108204,6430.268961195605,6618.853075836687
0.03,2026-06-16 17:05:00+00:00,2026,2026-06,-1.0221322878462122,198.5655922751006,0.14649036148620465,-202.96030311968676,6618.853075836687,6415.892772717
0.03,2026-06-16 20:35:00+00:00,2026,2026-06,-1.0181395710423338,192.47678318151,0.11638154275069626,-195.96822946403088,6415.892772717,6219.92454325297
0.03,2026-06-17 09:15:00+00:00,2026,2026-06,-1.0337930257631602,186.59773629758908,0.21019007033505965,-192.9034384076409,6219.92454325297,6027.021104845328
0.03,2026-06-17 15:25:00+00:00,2026,2026-06,0.9634464751958253,180.81063314535984,0.22030886545124853,174.2013671818224,6027.021104845328,6201.222472027151
0.03,2026-06-17 18:15:00+00:00,2026,2026-06,0.9882900716536093,186.0366741608145,0.0726158708074658,183.85819803659052,6201.222472027151,6385.080670063741
0.03,2026-06-17 18:35:00+00:00,2026,2026-06,-1.010205718118066,191.55242010191222,0.06516433347978161,-193.50735010630567,6385.080670063741,6191.573319957436
0.03,2026-06-18 15:35:00+00:00,2026,2026-06,-1.0125537269624167,185.74719959872309,0.0777273209265298,-188.079019226519,6191.573319957436,6003.4943007309175
