zone_id,zone_tf,spec_name,direction,upper,lower,created_timestamp,base_timestamp,impulse_start_timestamp,impulse_end_timestamp,impulse_candles,impulse_atr,zone_width_atr,base_body_ratio,touch_timestamp,entry_timestamp,entry_price,stop_price,risk_units,touch_delay_hours,confirmed,confirm_i,entry_i,bars_to_confirm,confirm_close,confirm_body_ratio,mfe_24h_r,mae_24h_r,close_24h_r,bracket_1r_outcome_r,first_event_24h,year,month,date,cost_r,net_1r_after_cost,cost_bucket,entry_context_timestamp,entry_atr,entry_ema8,entry_close,entry_close_location,orb30_state,orb15_state,orb30_width,entry_ny_hour,entry_weekday,entry_session,entry_ema8_distance_atr,orb30_width_atr,dir_demand,dir_supply,cost_le_0p03,cost_le_0p05,risk_ge_10,risk_ge_15,fast_confirm_1,fast_confirm_2,fast_confirm_3,body_ge_45,body_ge_60,body_ge_70,tight_zone,wide_zone,impulse_ge_1p5,impulse_ge_2,base_body_low,base_body_high,ny_main_or_overlap,avoid_after_hours,ema8_aligned,closed_m15_timestamp,closed_m15_close,closed_m15_ema8,closed_m15_atr,closed_m15_ema8_distance_atr,closed_m15_ema8_aligned,m15_boundary_entry,same_dir_intraday_overlap_24h,same_dir_intraday_distinct_specs_24h,same_dir_intraday_distinct_tfs_24h,intraday_stack_24h,xau_sdr_002_clean,orb_continuation,orb_reversal,orb_inside,trade_key
39,15min,m15_2c_1atr,supply,1338.4,1336.55,2019-06-12 13:15:00+00:00,2019-06-12 11:00:00+00:00,2019-06-12 12:00:00+00:00,2019-06-12 13:00:00+00:00,2,1.3546762589928576,0.9316546762590783,0.13513513513512518,2019-06-12 19:00:00+00:00,2019-06-12 20:00:00+00:00,1332.54,1338.9228571428573,6.382857142857347,5.75,True,273,274,0,1332.56,0.6315789473684525,0.11750223813786553,1.0199194270366714,-7.893017009847571,-1.0,stop,2019,2019-06,2019-06-12,0.04700089525514621,-1.0470008952551462,0.03-0.05R,2019-06-12 19:00:00+00:00,2.609999999999997,1334.0254408119517,1332.56,0.019736842105245442,missing,below,,16,Wednesday,ny_main,-0.5691344107094932,,False,True,False,True,False,False,True,True,True,True,True,False,True,False,False,False,True,False,True,True,True,2019-06-12 19:00:00+00:00,1332.56,1334.0254408119517,2.609999999999997,-0.561471575460458,True,True,1,1,1,True,True,False,False,False,2019-06-12 20:00:00+00:00|supply|1332.54
59,15min,m15_2c_1atr,demand,1384.98,1381.45,2019-06-20 19:15:00+00:00,2019-06-20 16:00:00+00:00,2019-06-20 17:00:00+00:00,2019-06-20 19:00:00+00:00,3,1.2723178381856064,0.7949171626186309,0.27762039660057386,2019-06-21 10:00:00+00:00,2019-06-21 14:00:00+00:00,1394.75,1380.1101428571428,14.639857142857181,14.75,True,428,429,3,1394.76,0.46208530805687015,3.025302744952614,0.8832053396305605,-0.09631241522653955,1.0,tp1,2019,2019-06,2019-06-21,0.020492003239688077,0.979507996760312,<=0.03R,2019-06-21 13:00:00+00:00,6.612857142857122,1392.8834356644443,1394.76,0.5624012638230627,missing,missing,,10,Friday,london_ny_overlap,0.28226291529250586,,True,False,True,True,True,False,False,False,True,True,False,False,True,False,False,False,True,False,True,True,True,2019-06-21 13:00:00+00:00,1394.76,1392.8834356644443,6.612857142857122,0.28377512095247426,True,True,3,3,2,True,True,False,False,False,2019-06-21 14:00:00+00:00|demand|1394.75
76,15min,m15_2c_1atr,supply,1407.81,1406.07,2019-06-27 10:15:00+00:00,2019-06-27 08:00:00+00:00,2019-06-27 09:00:00+00:00,2019-06-27 10:00:00+00:00,2,1.3585726718885462,0.5300261096605794,0.1666666666666449,2019-06-27 13:00:00+00:00,2019-06-27 16:00:00+00:00,1401.08,1408.5421428571428,7.462142857142908,2.75,True,522,523,2,1401.07,0.47716894977169727,0.13803005647553862,1.1310424045180432,-1.644299798985341,-1.0,stop,2019,2019-06,2019-06-27,0.040202929070546296,-1.0402029290705463,0.03-0.05R,2019-06-27 15:00:00+00:00,3.6228571428571286,1404.258278101803,1401.07,0.27283105022829623,missing,below,,12,Thursday,ny_main,-0.8772849650087226,,False,True,False,True,False,False,False,True,True,True,False,False,True,False,False,False,True,False,True,True,True,2019-06-27 15:00:00+00:00,1401.07,1404.258278101803,3.6228571428571286,-0.8800452173746506,True,True,5,2,2,True,True,False,False,False,2019-06-27 16:00:00+00:00|supply|1401.08
159,15min,m15_2c_1atr,demand,1459.0,1455.94,2019-08-05 15:15:00+00:00,2019-08-05 12:00:00+00:00,2019-08-05 13:00:00+00:00,2019-08-05 15:00:00+00:00,3,1.1902424942263565,0.618360277136252,0.16013071895425418,2019-08-05 18:00:00+00:00,2019-08-05 19:00:00+00:00,1463.59,1454.9434285714287,8.646571428571178,2.75,True,1142,1143,0,1463.48,0.20322817314746924,8.263390939431233,0.8269173578297012,4.253709149786989,1.0,tp1,2019,2019-08,2019-08-05,0.03469583319565246,0.9653041668043475,0.03-0.05R,2019-08-05 18:00:00+00:00,5.1778571428570945,1461.3303342175957,1463.48,0.7696258253851871,missing,above,,15,Monday,ny_main,0.4364094489399844,,True,False,False,True,False,False,True,True,True,False,False,False,True,False,False,False,True,False,True,True,True,2019-08-05 18:00:00+00:00,1463.48,1461.3303342175957,5.1778571428570945,0.4151651393800642,True,True,3,3,2,True,False,False,False,False,2019-08-05 19:00:00+00:00|demand|1463.59
177,15min,m15_2c_1atr,supply,1522.17,1520.18,2019-08-15 09:15:00+00:00,2019-08-15 07:00:00+00:00,2019-08-15 08:00:00+00:00,2019-08-15 09:00:00+00:00,2,1.2325581395348613,0.35599284436493905,0.1306532663316531,2019-08-15 12:00:00+00:00,2019-08-15 15:00:00+00:00,1515.09,1523.2554285714286,8.16542857142872,2.75,True,1322,1323,2,1515.08,0.4986175115207386,0.7507260575947092,1.458588474054359,-1.4096014556142356,-1.0,stop,2019,2019-08,2019-08-15,0.03674026383008436,-1.0367402638300844,0.03-0.05R,2019-08-15 14:00:00+00:00,5.275714285714279,1517.0957361958715,1515.08,0.4147465437787966,missing,below,,11,Thursday,london_ny_overlap,-0.3801828695126201,,False,True,False,True,False,False,False,True,True,True,False,False,True,False,False,False,True,False,True,True,True,2019-08-15 14:00:00+00:00,1515.08,1517.0957361958715,5.275714285714279,-0.3820783474438396,True,True,3,3,2,True,True,False,False,False,2019-08-15 15:00:00+00:00|supply|1515.09
178,15min,m15_2c_1atr,demand,1515.22,1510.21,2019-08-15 12:15:00+00:00,2019-08-15 10:00:00+00:00,2019-08-15 11:00:00+00:00,2019-08-15 12:00:00+00:00,2,1.1767540751240426,0.9941885187810083,0.2954091816367307,2019-08-15 14:00:00+00:00,2019-08-15 18:00:00+00:00,1518.68,1509.047142857143,9.63285714285712,1.75,True,1325,1326,3,1518.77,0.513888888888892,0.9695981017351266,1.2768797271244237,1.4139107222304532,-1.0,stop,2019,2019-08,2019-08-15,0.031143407978644594,-1.0311434079786446,0.03-0.05R,2019-08-15 17:00:00+00:00,6.062857142857134,1516.3746467972346,1518.77,0.7708333333333222,missing,inside,,14,Thursday,ny_main,0.3802420456964689,,True,False,False,True,False,False,False,False,True,True,False,False,True,False,False,False,True,False,True,True,True,2019-08-15 17:00:00+00:00,1518.77,1516.3746467972346,6.062857142857134,0.39508653203010297,True,True,9,4,2,True,True,False,False,False,2019-08-15 18:00:00+00:00|demand|1518.68
199,15min,m15_2c_1atr,demand,1495.9,1494.49,2019-08-23 12:15:00+00:00,2019-08-23 08:00:00+00:00,2019-08-23 09:00:00+00:00,2019-08-23 12:00:00+00:00,4,1.0396624472573666,0.832911392405102,0.1702127659574434,2019-08-23 13:00:00+00:00,2019-08-23 16:00:00+00:00,1502.38,1493.954,8.426000000000158,0.75,True,1461,1462,2,1502.3,0.698154180238875,6.488250652741375,1.1037265606456215,-1.117968193686197,1.0,tp1,2019,2019-08,2019-08-23,0.035604082601470965,0.964395917398529,0.03-0.05R,2019-08-23 15:00:00+00:00,2.3514285714285927,1497.2751463956201,1502.3,0.7144408251900002,missing,above,,12,Friday,ny_main,2.1709583979744504,,True,False,False,True,False,False,False,True,True,True,True,False,True,False,False,False,True,False,True,True,True,2019-08-23 15:00:00+00:00,1502.3,1497.2751463956201,2.3514285714285927,2.136936526771469,True,True,5,2,2,True,True,False,False,False,2019-08-23 16:00:00+00:00|demand|1502.38
237,15min,m15_2c_1atr,demand,1490.75,1487.76,2019-09-10 10:15:00+00:00,2019-09-10 08:00:00+00:00,2019-09-10 09:00:00+00:00,2019-09-10 10:00:00+00:00,2,1.4437593025727857,0.8900701679778811,0.33110367892976794,2019-09-10 15:00:00+00:00,2019-09-10 16:00:00+00:00,1495.62,1486.8895714285713,8.730428571428547,4.75,True,1733,1734,0,1495.63,0.4546568627450979,0.6116538216091686,1.0022417488914006,1.161455009572446,-1.0,stop,2019,2019-09,2019-09-10,0.03436257424770517,-1.0343625742477052,0.03-0.05R,2019-09-10 15:00:00+00:00,3.9642857142857144,1493.7876945510275,1495.63,0.8357843137255019,missing,inside,,12,Tuesday,ny_main,0.4622031763173672,,True,False,False,True,False,False,True,True,True,True,False,False,True,False,False,False,True,False,True,True,True,2019-09-10 15:00:00+00:00,1495.63,1493.7876945510275,3.9642857142857144,0.46472569883994475,True,True,3,3,2,True,True,False,False,False,2019-09-10 16:00:00+00:00|demand|1495.62
241,15min,m15_2c_1atr,demand,1487.93,1486.36,2019-09-11 04:15:00+00:00,2019-09-11 02:00:00+00:00,2019-09-11 03:00:00+00:00,2019-09-11 04:00:00+00:00,2,1.1399107280283125,0.33830998922583166,0.34394904458592823,2019-09-11 16:00:00+00:00,2019-09-11 18:00:00+00:00,1494.54,1485.700857142857,8.83914285714286,11.75,True,1758,1759,1,1494.55,0.5977528089887252,3.355528978246121,1.255777871157503,0.04412192520284286,1.0,tp1,2019,2019-09,2019-09-11,0.03393994246371657,0.9660600575362834,0.03-0.05R,2019-09-11 17:00:00+00:00,3.3342857142857025,1492.526224864955,1494.55,0.9573033707865051,missing,above,,14,Wednesday,ny_main,0.6039599805190239,,True,False,False,True,False,False,True,True,True,True,False,False,True,False,False,False,True,False,True,True,True,2019-09-11 17:00:00+00:00,1494.55,1492.526224864955,3.3342857142857025,0.606959123620992,True,True,1,1,1,True,True,False,False,False,2019-09-11 18:00:00+00:00|demand|1494.54
305,15min,m15_2c_1atr,demand,1462.3,1459.83,2019-10-01 12:15:00+00:00,2019-10-01 11:30:00+00:00,2019-10-01 11:45:00+00:00,2019-10-01 12:00:00+00:00,2,1.622003687768905,1.0626920712968857,0.2348178137652422,2019-10-01 16:45:00+00:00,2019-10-01 17:05:00+00:00,1474.32,1459.2795714285714,15.040428571428492,4.5,True,2631,2632,3,1474.34,0.8347176079734206,1.5730934718805643,0.10903944606440896,1.5125898768082295,1.0,tp1,2019,2019-10,2019-10-01,0.019946240133734895,0.9800537598662651,<=0.03R,2019-10-01 17:00:00+00:00,2.543571428571389,1466.3654667069702,1474.34,0.8347176079734206,above,above,3.7000000000000455,13,Tuesday,ny_main,3.1273087925419234,1.454647570907089,True,False,True,True,True,True,False,False,True,True,True,True,False,False,True,False,True,False,True,True,True,2019-10-01 17:00:00+00:00,1476.73,1467.4984656379393,3.432142857142854,2.6897290545026165,True,False,3,3,2,True,True,True,False,False,2019-10-01 17:05:00+00:00|demand|1474.32
324,15min,m15_2c_1atr,demand,1490.67,1484.08,2019-10-02 16:00:00+00:00,2019-10-02 15:15:00+00:00,2019-10-02 15:30:00+00:00,2019-10-02 15:45:00+00:00,2,2.9529914529914687,2.81623931623936,0.13353566009106066,2019-10-02 17:10:00+00:00,2019-10-02 17:25:00+00:00,1493.24,1483.6309999999999,9.609000000000151,1.1666666666666667,True,2911,2912,2,1493.13,0.6717557251908927,2.7380580705588025,0.08013320845040792,1.7462795296076292,1.0,tp1,2019,2019-10,2019-10-02,0.03122073056509473,0.9687792694349052,0.03-0.05R,2019-10-02 17:20:00+00:00,2.430714285714284,1493.0334582801668,1493.13,0.9618320610687388,above,above,2.0,13,Wednesday,ny_main,0.08497161556465939,0.8228034087569798,True,False,False,True,False,False,False,True,True,True,True,False,False,True,True,True,True,False,True,True,True,2019-10-02 17:15:00+00:00,1493.18,1492.0942752319813,3.458571428571434,0.3139228986423436,True,False,3,3,2,True,True,True,False,False,2019-10-02 17:25:00+00:00|demand|1493.24
344,15min,m15_2c_1atr,demand,1503.55,1498.88,2019-10-04 17:30:00+00:00,2019-10-04 16:45:00+00:00,2019-10-04 17:00:00+00:00,2019-10-04 17:15:00+00:00,2,1.488392725122001,0.9667307407954746,0.794432548179857,2019-10-04 18:35:00+00:00,2019-10-04 19:15:00+00:00,1505.56,1498.5797142857143,6.980285714285628,1.0833333333333333,True,3485,3486,7,1505.55,0.9155844155843427,1.0543981007736385,1.1833326511399584,-0.8423723957267341,1.0,tp1,2019,2019-10,2019-10-04,0.042978183455446475,0.9570218165445535,0.03-0.05R,2019-10-04 19:10:00+00:00,1.51285714285718,1504.5144833650236,1505.55,0.9220779220778434,below,below,0.8299999999999272,15,Friday,ny_main,0.6910874829871937,0.548630783758201,True,False,False,True,False,False,False,False,False,True,True,True,True,False,False,False,False,True,True,True,True,2019-10-04 19:00:00+00:00,1505.55,1504.8973736895111,4.072857142857158,0.16023795767876794,True,True,1,1,1,True,False,False,True,False,2019-10-04 19:15:00+00:00|demand|1505.56
1249,15min,m15_2c_1atr,demand,1572.44,1568.13,2020-01-08 16:00:00+00:00,2020-01-08 15:15:00+00:00,2020-01-08 15:30:00+00:00,2020-01-08 15:45:00+00:00,2,2.21333333333332,1.2770370370370085,0.7285382830626774,2020-01-08 16:40:00+00:00,2020-01-08 17:25:00+00:00,1574.49,1567.757,6.732999999999947,0.6666666666666666,True,21550,21551,8,1574.52,0.6919831223628473,0.011881776325549959,1.2282786276548414,-3.6640427743948116,-1.0,stop,2020,2020-01,2020-01-08,0.04455666122085287,-1.0445566612208528,0.03-0.05R,2020-01-08 17:20:00+00:00,1.9985714285714298,1573.2540499354343,1574.52,0.7974683544303628,below,below,2.130000000000109,12,Wednesday,ny_main,0.6184167585389556,1.0657612580415121,True,False,False,True,False,False,False,False,False,True,True,False,False,False,True,True,False,True,True,True,True,2020-01-08 17:15:00+00:00,1573.97,1574.0438537347352,3.544285714285723,-0.020837410042167083,False,False,7,4,2,True,False,False,True,False,2020-01-08 17:25:00+00:00|demand|1574.49
1272,15min,m15_2c_1atr,demand,1547.31,1546.25,2020-01-10 09:15:00+00:00,2020-01-10 08:15:00+00:00,2020-01-10 08:30:00+00:00,2020-01-10 09:00:00+00:00,3,1.9710526315788242,0.9763157894736311,0.028301886792428548,2020-01-10 15:25:00+00:00,2020-01-10 15:35:00+00:00,1555.92,1545.9569999999999,9.963000000000193,6.166666666666667,True,22080,22081,1,1555.91,0.9707057256990651,0.7286961758506324,0.9384723476864354,-0.4857974505671035,-0.4857974505671035,time,2020,2020-01,2020-01-10,0.03011141222523278,-0.5159088627923363,0.03-0.05R,2020-01-10 15:30:00+00:00,1.3935714285714766,1550.475671527974,1555.91,0.9707057256990651,above,above,1.2200000000000273,10,Friday,london_ny_overlap,3.9067451875120955,0.8754484879548843,True,False,False,True,False,False,True,True,True,True,True,True,True,False,True,False,True,False,True,True,True,2020-01-10 15:30:00+00:00,1554.53,1550.4037601545676,1.6971428571428564,2.431286104210974,True,False,7,4,2,True,True,True,False,False,2020-01-10 15:35:00+00:00|demand|1555.92
1488,15min,m15_2c_1atr,supply,1588.51,1585.82,2020-01-31 19:00:00+00:00,2020-01-31 18:15:00+00:00,2020-01-31 18:30:00+00:00,2020-01-31 18:45:00+00:00,2,2.0146947048391395,0.9541423866227702,0.6059479553903628,2020-01-31 19:35:00+00:00,2020-01-31 19:45:00+00:00,1581.89,1588.876,6.985999999999876,0.5833333333333334,True,26204,26205,1,1581.82,0.7936893203883223,0.008588605783019449,1.0062983109075432,0.687088462639603,-1.0,stop,2020,2020-01,2020-01-31,0.04294302891497356,-1.0429430289149735,0.03-0.05R,2020-01-31 19:40:00+00:00,1.8014285714285734,1583.4866310340449,1581.82,0.06310679611650083,above,above,2.160000000000082,14,Friday,ny_main,-0.8863138174713261,1.1990483743061504,False,True,False,True,False,False,True,True,True,True,True,True,True,False,True,True,False,False,True,True,True,2020-01-31 19:30:00+00:00,1581.82,1583.5871763657594,3.0135714285714323,-0.5864059995409557,True,True,3,2,1,True,False,False,True,False,2020-01-31 19:45:00+00:00|supply|1581.89
1528,15min,m15_2c_1atr,demand,1554.41,1549.72,2020-02-05 16:15:00+00:00,2020-02-05 15:15:00+00:00,2020-02-05 15:30:00+00:00,2020-02-05 16:00:00+00:00,3,1.71938418474459,2.2974107767670207,0.06823027718553518,2020-02-05 16:30:00+00:00,2020-02-05 16:35:00+00:00,1556.5,1549.4425714285715,7.057428571428545,0.25,True,26994,26995,0,1556.49,0.6305970149253786,1.6691631917736147,0.5611108861989466,0.9507712238371003,1.0,tp1,2020,2020-02,2020-02-05,0.04250840046961677,0.9574915995303832,0.03-0.05R,2020-02-05 16:30:00+00:00,1.3357142857142565,1555.2033024082127,1556.49,0.981343283582107,above,above,2.8199999999999363,11,Wednesday,london_ny_overlap,0.9707896409102833,2.1112299465240625,True,False,False,True,False,False,True,True,True,True,True,False,False,True,True,False,True,False,True,True,True,2020-02-05 16:30:00+00:00,1555.85,1554.6978876658918,2.1928571428571297,0.5253932468245422,True,False,14,4,2,True,True,True,False,False,2020-02-05 16:35:00+00:00|demand|1556.5
1688,15min,m15_2c_1atr,supply,1647.78,1643.65,2020-02-21 18:15:00+00:00,2020-02-21 17:30:00+00:00,2020-02-21 17:45:00+00:00,2020-02-21 18:00:00+00:00,2,1.0565083950171121,1.0438707347896456,0.4479418886198455,2020-02-21 18:15:00+00:00,2020-02-21 18:25:00+00:00,1642.0,1648.1891428571428,6.18914285714277,0.0,True,30280,30281,1,1641.91,0.7665369649805065,0.5897424060567121,1.0437632720893937,-5.184885975440924,-1.0,stop,2020,2020-02,2020-02-21,0.04847197858000253,-1.0484719785800025,0.03-0.05R,2020-02-21 18:20:00+00:00,2.107857142857142,1643.4182242774687,1641.91,0.12062256809344477,above,above,1.9400000000000546,13,Friday,ny_main,-0.6728275121843831,0.9203659776347263,False,True,False,True,False,False,True,True,True,True,True,True,False,False,False,False,False,False,True,True,True,2020-02-21 18:15:00+00:00,1641.89,1643.1187438685272,3.9771428571428618,-0.3089514037244835,True,False,0,0,0,False,False,False,True,False,2020-02-21 18:25:00+00:00|supply|1642.0
1744,15min,m15_2c_1atr,demand,1645.99,1641.36,2020-02-27 10:15:00+00:00,2020-02-27 09:30:00+00:00,2020-02-27 09:45:00+00:00,2020-02-27 10:00:00+00:00,2,1.8611925708700057,1.58406647116328,0.36069114470843056,2020-02-27 10:55:00+00:00,2020-02-27 11:40:00+00:00,1647.25,1641.041857142857,6.208142857143002,0.6666666666666666,True,31303,31304,8,1647.2,0.7975460122699827,2.1117426421519467,1.3482292841198855,-2.925190418114403,1.0,tp1,2020,2020-02,2020-02-27,0.04832363025519366,0.9516763697448063,0.03-0.05R,2020-02-27 11:35:00+00:00,1.710000000000004,1645.9953472169375,1647.2,0.7975460122699827,missing,missing,,6,Thursday,asia_late,0.7337150778143322,,True,False,False,True,False,False,False,False,False,True,True,True,False,False,True,False,False,False,False,True,True,2020-02-27 11:30:00+00:00,1646.51,1646.6166306838877,3.212857142857144,-0.033188741094442295,False,False,8,4,2,True,False,False,False,False,2020-02-27 11:40:00+00:00|demand|1647.25
1763,15min,m15_2c_1atr,demand,1625.71,1620.19,2020-02-28 16:00:00+00:00,2020-02-28 15:15:00+00:00,2020-02-28 15:30:00+00:00,2020-02-28 15:45:00+00:00,2,1.5598545454545722,1.1240727272727309,0.03985507246377319,2020-02-28 16:05:00+00:00,2020-02-28 16:10:00+00:00,1627.76,1619.5615714285716,8.198428571428394,0.08333333333333333,True,31633,31634,0,1627.72,0.3223684210526414,0.09026119988151346,1.4722333548241193,-3.4506612765513256,-1.0,stop,2020,2020-02,2020-02-28,0.03659237833034284,-1.0365923783303428,0.03-0.05R,2020-02-28 16:05:00+00:00,3.2357142857142662,1626.0132338017652,1627.72,0.8519736842105096,inside,inside,11.769999999999982,11,Friday,london_ny_overlap,0.5398394431630789,3.637527593819001,True,False,False,True,False,False,True,True,True,False,False,False,False,False,True,False,True,False,True,True,True,2020-02-28 16:00:00+00:00,1627.97,1624.8755538250498,4.77214285714282,0.6484395517033921,True,False,5,3,2,True,False,False,False,True,2020-02-28 16:10:00+00:00|demand|1627.76
1782,15min,m15_2c_1atr,supply,1601.56,1596.88,2020-03-02 17:45:00+00:00,2020-03-02 17:00:00+00:00,2020-03-02 17:15:00+00:00,2020-03-02 17:30:00+00:00,2,1.249261083743831,0.9221674876847004,0.08974358974360842,2020-03-02 18:05:00+00:00,2020-03-02 18:20:00+00:00,1593.87,1602.1525714285713,8.282571428571373,0.3333333333333333,True,31935,31936,2,1593.8,0.6675603217158169,1.19286625961571,1.2725516575252998,-5.946220980371905,1.0,tp1,2020,2020-03,2020-03-02,0.03622063541343292,0.9637793645865671,0.03-0.05R,2020-03-02 18:15:00+00:00,2.900000000000026,1594.9825029259775,1593.8,0.15549597855225855,below,below,6.440000000000055,13,Monday,ny_main,-0.3836216986129797,2.2206896551724125,False,True,False,True,False,False,False,True,True,True,True,False,True,False,False,False,True,False,True,True,True,2020-03-02 18:15:00+00:00,1593.65,1595.554466159452,5.203571428571389,-0.36599212398526565,True,False,4,2,2,True,True,True,False,False,2020-03-02 18:20:00+00:00|supply|1593.87
1783,15min,m15_2c_1atr,demand,1596.95,1591.44,2020-03-02 19:15:00+00:00,2020-03-02 18:15:00+00:00,2020-03-02 18:30:00+00:00,2020-03-02 19:00:00+00:00,3,1.4875391732577579,1.1511714669452382,0.4791288566242971,2020-03-02 19:20:00+00:00,2020-03-02 19:30:00+00:00,1598.03,1591.057,6.972999999999956,0.08333333333333333,True,31949,31950,1,1598.05,0.5161290322580487,0.4961996271332365,1.0942205650365595,6.384626416176719,-1.0,stop,2020,2020-03,2020-03-02,0.04302308905779462,-1.0430230890577947,0.03-0.05R,2020-03-02 19:25:00+00:00,1.9235714285714656,1597.863081367647,1598.05,0.7741935483870731,below,below,6.440000000000055,14,Monday,ny_main,0.08677537515561827,3.3479391013738966,True,False,False,True,False,False,True,True,True,True,False,False,False,False,False,False,False,False,True,True,True,2020-03-02 19:15:00+00:00,1598.05,1597.0417182211315,4.781428571428559,0.21087458775258366,True,True,7,3,2,True,False,False,True,False,2020-03-02 19:30:00+00:00|demand|1598.03
1796,15min,m15_2c_1atr,demand,1640.19,1631.03,2020-03-03 19:30:00+00:00,2020-03-03 18:15:00+00:00,2020-03-03 18:30:00+00:00,2020-03-03 19:15:00+00:00,4,1.3068269643623684,1.1012451696006922,0.29912663755458346,2020-03-03 20:40:00+00:00,2020-03-03 20:50:00+00:00,1644.99,1630.5231428571428,14.46685714285718,1.1666666666666667,True,32241,32242,1,1644.89,0.8743455497382726,0.12373108978156687,1.040308883359002,-0.30137852036180457,-1.0,stop,2020,2020-03,2020-03-03,0.02073705415333565,-1.0207370541533356,<=0.03R,2020-03-03 20:45:00+00:00,2.5628571428571343,1643.5103057664378,1644.89,0.9528795811518745,above,above,2.8599999999999,15,Tuesday,ny_main,0.5773611836641878,1.115942028985472,True,False,True,True,True,False,True,True,True,True,True,True,False,False,False,False,True,False,True,True,True,2020-03-03 20:45:00+00:00,1644.75,1642.3842179128876,7.146428571428585,0.3310439702106291,True,False,0,0,0,False,False,True,False,False,2020-03-03 20:50:00+00:00|demand|1644.99
1809,15min,m15_2c_1atr,demand,1640.07,1633.98,2020-03-04 21:45:00+00:00,2020-03-04 20:45:00+00:00,2020-03-04 21:00:00+00:00,2020-03-04 21:30:00+00:00,3,1.0124602980698862,2.0830686537991383,0.6239737274220042,2020-03-04 21:45:00+00:00,2020-03-04 21:50:00+00:00,1640.26,1633.6704285714286,6.589571428571389,0.0,True,32529,32530,0,1640.29,0.6829268292682792,5.214299650963659,0.9439157109718918,5.108071194744986,1.0,tp1,2020,2020-03,2020-03-04,0.045526481236586216,0.9544735187634138,0.03-0.05R,2020-03-04 21:45:00+00:00,1.6414285714285402,1638.838410861115,1640.29,0.8048780487805115,below,below,5.569999999999936,16,Wednesday,ny_main,0.8660682308263161,3.3933855526545083,True,False,False,True,False,False,True,True,True,True,True,False,False,True,False,False,False,False,True,True,True,2020-03-04 21:45:00+00:00,1640.26,1639.6884265461724,2.8464285714285813,0.20080372280014877,True,False,10,4,2,True,False,False,True,False,2020-03-04 21:50:00+00:00|demand|1640.26
1826,15min,m15_2c_1atr,demand,1673.03,1668.84,2020-03-06 10:45:00+00:00,2020-03-06 09:30:00+00:00,2020-03-06 09:45:00+00:00,2020-03-06 10:30:00+00:00,4,1.482504604051579,1.080294659300208,0.27207637231500187,2020-03-06 15:30:00+00:00,2020-03-06 16:05:00+00:00,1676.02,1667.8775714285714,8.142428571428582,4.75,True,33012,33013,6,1676.02,0.7873015873016271,1.377967261434814,1.9109777707598554,-0.5305542396968177,1.0,tp1,2020,2020-03,2020-03-06,0.036844044423390655,0.9631559555766094,0.03-0.05R,2020-03-06 16:00:00+00:00,4.5078571428571035,1675.7133271761213,1676.02,0.9714285714285962,below,below,4.190000000000055,11,Friday,london_ny_overlap,0.06803073259865997,0.9294881952147247,True,False,False,True,False,False,False,False,False,True,True,True,False,False,False,False,True,False,True,True,True,2020-03-06 16:00:00+00:00,1686.47,1682.1142536193952,5.691428571428593,0.7653168841424142,True,False,8,4,2,True,True,False,True,False,2020-03-06 16:05:00+00:00|demand|1676.02
1830,15min,m15_2c_1atr,supply,1688.45,1685.4,2020-03-06 15:45:00+00:00,2020-03-06 15:00:00+00:00,2020-03-06 15:15:00+00:00,2020-03-06 15:30:00+00:00,2,2.768092348675458,0.6319372502589776,0.13442622950822555,2020-03-06 16:10:00+00:00,2020-03-06 16:40:00+00:00,1678.2,1689.297142857143,11.097142857142899,0.4166666666666667,True,33019,33020,5,1678.19,0.8654618473895441,3.2116374871266706,1.0615345005149266,0.4271369721936141,1.0,tp1,2020,2020-03,2020-03-06,0.027033985581874254,0.9729660144181258,<=0.03R,2020-03-06 16:35:00+00:00,4.936428571428548,1680.803546977328,1678.19,0.12449799196789477,below,below,4.190000000000055,11,Friday,london_ny_overlap,-0.5274151017594109,0.8487917812183626,False,True,True,True,True,False,False,False,False,True,True,True,True,False,True,True,True,False,True,True,True,2020-03-06 16:30:00+00:00,1679.27,1681.5229435475353,5.93785714285715,-0.37942030152164674,True,False,3,3,2,True,True,True,False,False,2020-03-06 16:40:00+00:00|supply|1678.2
1841,15min,m15_2c_1atr,demand,1670.57,1665.83,2020-03-09 09:30:00+00:00,2020-03-09 08:15:00+00:00,2020-03-09 08:30:00+00:00,2020-03-09 09:15:00+00:00,4,1.4539987973542015,0.5700541190619393,0.3206751054852276,2020-03-09 10:35:00+00:00,2020-03-09 10:50:00+00:00,1676.24,1665.109857142857,11.130142857143028,1.0833333333333333,True,33237,33238,2,1676.27,0.7583081570996556,0.25965524765437986,1.2982762382718585,-1.4599992298904938,-1.0,stop,2020,2020-03,2020-03-09,0.02695383193643988,-1.02695383193644,<=0.03R,2020-03-09 10:45:00+00:00,3.8978571428571707,1675.6584962947252,1676.27,0.9637462235649209,missing,missing,,6,Monday,asia_late,0.14918548421930575,,True,False,True,True,True,False,False,True,True,True,True,True,True,False,False,False,True,False,False,True,True,2020-03-09 10:45:00+00:00,1675.43,1675.7121396923408,7.070000000000001,-0.039906604291471914,False,False,2,2,1,True,False,False,False,False,2020-03-09 10:50:00+00:00|demand|1676.24
1844,15min,m15_2c_1atr,demand,1680.55,1676.09,2020-03-09 15:30:00+00:00,2020-03-09 14:45:00+00:00,2020-03-09 15:00:00+00:00,2020-03-09 15:15:00+00:00,2,1.2489965039492155,0.8084941085070608,0.14125560538118923,2020-03-09 15:30:00+00:00,2020-03-09 15:35:00+00:00,1683.38,1675.376,8.004000000000133,0.0,True,33294,33295,0,1683.39,0.13451776649745703,0.1699150424787453,1.606696651674152,-3.357071464267825,-1.0,stop,2020,2020-03,2020-03-09,0.03748125937031422,-1.0374812593703142,0.03-0.05R,2020-03-09 15:30:00+00:00,3.452857142857153,1681.6924608974036,1683.39,0.6928934010152434,above,above,4.580000000000155,11,Monday,london_ny_overlap,0.4887370177151546,1.3264377327265613,True,False,False,True,False,False,True,True,True,False,False,False,True,False,False,False,True,False,True,True,True,2020-03-09 15:30:00+00:00,1680.65,1679.7327616462414,5.443571428571447,0.1684993695397065,True,False,1,1,1,True,False,True,False,False,2020-03-09 15:35:00+00:00|demand|1683.38
1854,15min,m15_2c_1atr,demand,1656.05,1649.98,2020-03-10 16:45:00+00:00,2020-03-10 16:00:00+00:00,2020-03-10 16:15:00+00:00,2020-03-10 16:30:00+00:00,2,1.5353118552610938,1.3486748135216542,0.5551894563426941,2020-03-10 16:45:00+00:00,2020-03-10 16:50:00+00:00,1658.82,1649.357142857143,9.462857142857047,0.0,True,33585,33586,0,1658.8,0.4513274336282972,0.3170289855072496,1.333635265700485,-1.1000905797101408,-1.0,stop,2020,2020-03,2020-03-10,0.03170289855072496,-1.031702898550725,0.03-0.05R,2020-03-10 16:45:00+00:00,3.115000000000009,1655.9131271928975,1658.8,0.8731563421828759,below,below,4.119999999999891,12,Tuesday,ny_main,0.9331854918466892,1.3226324237559803,True,False,False,True,False,False,True,True,True,True,False,False,False,False,True,False,False,False,True,True,True,2020-03-10 16:45:00+00:00,1658.54,1657.3323845900456,4.637142857142846,0.2604223003598343,True,False,4,4,2,True,False,False,True,False,2020-03-10 16:50:00+00:00|demand|1658.82
1861,15min,m15_2c_1atr,demand,1662.3,1659.02,2020-03-11 09:00:00+00:00,2020-03-11 08:15:00+00:00,2020-03-11 08:30:00+00:00,2020-03-11 08:45:00+00:00,2,1.667472793228479,1.388149939540509,0.9390243902438881,2020-03-11 09:00:00+00:00,2020-03-11 09:05:00+00:00,1665.84,1658.6467142857143,7.193285714285594,0.0,True,33768,33769,0,1665.88,0.6359447004608918,0.11121482334719614,1.0162254483347661,-3.4295871149683594,-1.0,stop,2020,2020-03,2020-03-11,0.04170555875518907,-1.041705558755189,0.03-0.05R,2020-03-11 09:00:00+00:00,1.8228571428571416,1663.1825742966719,1665.88,0.9585253456221567,missing,missing,,5,Wednesday,asia_late,1.4578354171862324,,True,False,False,True,False,False,True,True,True,True,True,False,False,False,True,False,False,True,False,True,True,2020-03-11 09:00:00+00:00,1664.01,1662.3876953214058,2.547142857142847,0.6369115395490509,True,False,7,4,2,True,False,False,False,False,2020-03-11 09:05:00+00:00|demand|1665.84
1864,15min,m15_2c_1atr,demand,1659.83,1656.46,2020-03-11 12:00:00+00:00,2020-03-11 11:00:00+00:00,2020-03-11 11:15:00+00:00,2020-03-11 11:45:00+00:00,3,1.204718945176975,1.0913717325930765,0.1068249258159975,2020-03-11 15:30:00+00:00,2020-03-11 15:45:00+00:00,1662.46,1656.027,6.432999999999993,3.5,True,33848,33849,2,1662.52,0.6978723404255047,0.10881392818281459,1.0601585574382006,-12.61153427638741,-1.0,stop,2020,2020-03,2020-03-11,0.04663454064977465,-1.0466345406497746,0.03-0.05R,2020-03-11 15:40:00+00:00,2.189285714285753,1662.391504865805,1662.52,0.9574468085106753,below,below,3.8099999999999454,11,Wednesday,london_ny_overlap,0.031286521328882134,1.7402936378466,True,False,False,True,False,False,False,True,True,True,True,False,False,False,False,False,True,False,True,True,True,2020-03-11 15:30:00+00:00,1662.52,1664.173405088075,3.262857142857115,-0.5067353597427903,False,True,11,4,2,True,False,False,True,False,2020-03-11 15:45:00+00:00|demand|1662.46
1867,15min,m15_2c_1atr,supply,1665.83,1663.05,2020-03-11 15:30:00+00:00,2020-03-11 14:45:00+00:00,2020-03-11 15:00:00+00:00,2020-03-11 15:15:00+00:00,2,1.4997758852532523,0.8722545943523063,0.12949640287766312,2020-03-11 15:55:00+00:00,2020-03-11 16:10:00+00:00,1658.34,1666.2949999999998,7.954999999999927,0.4166666666666667,True,33853,33854,2,1658.32,0.9463869463869947,10.72910119421756,0.2539283469516028,10.374607165304932,1.0,tp1,2020,2020-03,2020-03-11,0.037712130735386894,0.9622878692646131,0.03-0.05R,2020-03-11 16:05:00+00:00,2.3314285714285785,1661.4536967989227,1658.32,0.023310023310002308,below,below,3.8099999999999454,12,Wednesday,ny_main,-1.335531715224225,1.63419117647056,False,True,False,True,False,False,False,True,True,True,True,True,True,False,False,False,True,False,True,True,True,2020-03-11 16:00:00+00:00,1657.62,1662.4745290038973,3.451428571428567,-1.4065274431821866,True,False,4,3,2,True,True,True,False,False,2020-03-11 16:10:00+00:00|supply|1658.34
1889,15min,m15_2c_1atr,demand,1559.35,1553.82,2020-03-13 04:30:00+00:00,2020-03-13 03:45:00+00:00,2020-03-13 04:00:00+00:00,2020-03-13 04:15:00+00:00,2,1.218255268042368,0.8452887869854754,0.009041591320064154,2020-03-13 05:30:00+00:00,2020-03-13 05:55:00+00:00,1559.91,1553.321857142857,6.5881428571431115,1.0,True,34282,34283,4,1559.93,0.6193029490617055,5.774009584317919,2.417980354316112,-1.9838671205845482,1.0,tp1,2020,2020-03,2020-03-13,0.045536353188627164,0.9544636468113729,0.03-0.05R,2020-03-13 05:50:00+00:00,2.6235714285714624,1559.9275143032205,1559.93,0.8284182305630376,missing,missing,,1,Friday,post_close,-0.0066757485729899875,,True,False,False,True,False,False,False,False,False,True,True,False,True,False,False,False,True,False,False,True,False,2020-03-13 05:45:00+00:00,1560.1,1561.8248855145143,6.467142857142903,-0.2667152330815308,False,False,0,0,0,False,False,False,False,False,2020-03-13 05:55:00+00:00|demand|1559.91
1892,15min,m15_2c_1atr,demand,1584.21,1578.92,2020-03-13 11:15:00+00:00,2020-03-13 10:30:00+00:00,2020-03-13 10:45:00+00:00,2020-03-13 11:00:00+00:00,2,1.2023398032437858,0.9845785695293763,0.5463137996219508,2020-03-13 11:50:00+00:00,2020-03-13 12:10:00+00:00,1585.67,1578.4472857142857,7.222714285714346,0.5833333333333334,True,34357,34358,3,1585.59,0.6036036036035728,0.5565774639529982,1.1643822069265626,-14.644079194604199,-1.0,stop,2020,2020-03,2020-03-13,0.04153563163828364,-1.0415356316382836,0.03-0.05R,2020-03-13 12:05:00+00:00,2.279999999999989,1584.3107569345625,1585.59,0.6666666666666439,missing,missing,,8,Friday,london_ny_overlap,0.5961592392270062,,True,False,False,True,False,False,False,False,True,True,True,False,True,False,False,False,False,False,True,True,True,2020-03-13 12:00:00+00:00,1584.57,1584.8947805484327,5.0078571428571355,-0.06485419595005261,False,False,1,1,1,True,False,False,False,False,2020-03-13 12:10:00+00:00|demand|1585.67
1912,15min,m15_2c_1atr,supply,1479.9,1465.26,2020-03-16 13:45:00+00:00,2020-03-16 13:00:00+00:00,2020-03-16 13:15:00+00:00,2020-03-16 13:30:00+00:00,2,1.3510512638790582,1.2104890148830705,0.12909836065574365,2020-03-16 14:00:00+00:00,2020-03-16 14:45:00+00:00,1463.08,1481.1614285714286,18.08142857142866,0.25,True,34664,34665,8,1463.18,0.3964912280701707,0.6559216243975579,1.385399383740226,-1.6243185589002118,-1.0,stop,2020,2020-03,2020-03-16,0.01659160938611037,-1.0165916093861103,<=0.03R,2020-03-16 14:40:00+00:00,6.940714285714258,1468.5269602283283,1463.18,0.600000000000008,below,below,16.660000000000082,10,Monday,london_ny_overlap,-0.7847838138993312,2.400329319748915,False,True,True,True,True,True,False,False,False,False,False,False,False,False,False,False,True,False,True,True,True,2020-03-16 14:30:00+00:00,1463.18,1475.5468034423143,13.587142857142842,-0.9101842508274592,True,True,0,0,0,False,False,True,False,False,2020-03-16 14:45:00+00:00|supply|1463.08
1927,15min,m15_2c_1atr,demand,1487.5,1480.8,2020-03-17 15:30:00+00:00,2020-03-17 14:30:00+00:00,2020-03-17 14:45:00+00:00,2020-03-17 15:15:00+00:00,3,1.5328467153284795,1.122412348929047,0.31194029850744837,2020-03-17 15:45:00+00:00,2020-03-17 15:50:00+00:00,1492.47,1479.760857142857,12.709142857142979,0.25,True,34953,34954,0,1492.45,0.5610389610389495,4.84297019018924,0.4036464187761389,0.7640169057146666,1.0,tp1,2020,2020-03,2020-03-17,0.02360505372959826,0.9763949462704017,<=0.03R,2020-03-17 15:45:00+00:00,5.232142857142857,1489.1620467584173,1492.45,0.6493506493506456,above,above,7.259999999999991,11,Tuesday,london_ny_overlap,0.6322367970260467,1.3875767918088722,True,False,True,True,True,False,True,True,True,True,False,False,False,False,True,False,True,False,True,True,True,2020-03-17 15:45:00+00:00,1493.28,1485.9568299330822,6.925000000000019,1.0574974825874024,True,False,1,1,1,True,True,True,False,False,2020-03-17 15:50:00+00:00|demand|1492.47
1928,15min,m15_2c_1atr,demand,1503.8,1488.23,2020-03-17 16:15:00+00:00,2020-03-17 15:30:00+00:00,2020-03-17 15:45:00+00:00,2020-03-17 16:00:00+00:00,2,1.7760044028618511,1.9994496422674661,0.14515093127809892,2020-03-17 16:15:00+00:00,2020-03-17 16:25:00+00:00,1504.29,1486.8645714285715,17.425428571428483,0.0,True,34960,34961,1,1504.26,0.34536891679748893,2.853875288986554,1.078883077276233,-0.5887947006837323,1.0,tp1,2020,2020-03,2020-03-17,0.017216219318237802,0.9827837806817622,<=0.03R,2020-03-17 16:20:00+00:00,6.390000000000002,1499.5116945674467,1504.26,0.6279434850863306,above,above,7.259999999999991,12,Tuesday,ny_main,0.7477786279426014,1.1361502347417822,True,False,True,True,True,True,True,True,True,False,False,False,False,False,True,False,True,False,True,True,True,2020-03-17 16:15:00+00:00,1510.73,1494.2279588484078,8.1942857142857,2.0138474208707473,True,False,4,1,1,True,False,True,False,False,2020-03-17 16:25:00+00:00|demand|1504.29
1936,15min,m15_2c_1atr,demand,1495.4,1489.78,2020-03-18 12:15:00+00:00,2020-03-18 11:30:00+00:00,2020-03-18 11:45:00+00:00,2020-03-18 12:00:00+00:00,2,1.9412892757043978,0.5803215813541936,0.007117437722453763,2020-03-18 12:55:00+00:00,2020-03-18 13:20:00+00:00,1501.69,1488.7064285714284,12.983571428571622,0.6666666666666666,True,35199,35200,4,1501.77,0.8828282828282932,1.6289816801452037,1.2477306486218698,-2.4438576222698667,1.0,tp1,2020,2020-03,2020-03-18,0.02310612312262715,0.9768938768773728,<=0.03R,2020-03-18 13:15:00+00:00,6.032857142857146,1500.3736706716945,1501.77,0.9797979797979974,missing,above,,9,Wednesday,london_ny_overlap,0.2181933530224649,,True,False,True,True,True,False,False,False,False,True,True,True,True,False,True,False,True,False,True,True,True,2020-03-18 13:15:00+00:00,1506.16,1501.3903790566642,9.870000000000053,0.48324426984152674,True,False,3,3,2,True,True,False,False,False,2020-03-18 13:20:00+00:00|demand|1501.69
1941,15min,m15_2c_1atr,supply,1494.1,1487.31,2020-03-18 19:30:00+00:00,2020-03-18 18:30:00+00:00,2020-03-18 18:45:00+00:00,2020-03-18 19:15:00+00:00,3,1.4481980166089055,0.76642747722325,0.11192930780559572,2020-03-18 19:40:00+00:00,2020-03-18 20:05:00+00:00,1484.69,1495.3238571428572,10.633857142857096,0.16666666666666666,True,35280,35281,4,1484.44,0.7728155339805725,0.203124790090958,1.2873973964560743,1.344761341805824,-1.0,stop,2020,2020-03,2020-03-18,0.028211776401520873,-1.0282117764015208,<=0.03R,2020-03-18 20:00:00+00:00,6.060714285714296,1486.1128952395268,1484.44,0.07766990291263765,below,below,10.690000000000055,16,Wednesday,ny_main,-0.23477352213758523,1.7638185032410196,False,True,True,True,True,False,False,False,False,True,True,True,True,False,False,False,True,False,True,True,True,2020-03-18 20:00:00+00:00,1486.04,1487.1227525870095,9.101428571428544,-0.11896512492648853,True,False,0,0,0,False,False,True,False,False,2020-03-18 20:05:00+00:00|supply|1484.69
1952,15min,m15_2c_1atr,supply,1481.48,1471.14,2020-03-19 14:15:00+00:00,2020-03-19 13:30:00+00:00,2020-03-19 13:45:00+00:00,2020-03-19 14:00:00+00:00,2,2.123281596452307,1.6048780487804784,0.32591876208898884,2020-03-19 14:20:00+00:00,2020-03-19 14:25:00+00:00,1469.98,1482.4132857142858,12.43328571428583,0.08333333333333333,True,35488,35489,0,1469.96,0.06643356643358256,0.32171704985464983,1.1075109441246307,-2.0694449231900367,-1.0,stop,2020,2020-03,2020-03-19,0.024128778739098737,-1.0241287787390987,<=0.03R,2020-03-19 14:20:00+00:00,4.906428571428592,1471.5888002974893,1469.96,0.4825174825174992,below,below,9.529999999999973,10,Thursday,london_ny_overlap,-0.3278964065344366,1.9423496869995498,False,True,True,True,True,False,True,True,True,False,False,False,False,False,True,True,True,False,True,True,True,2020-03-19 14:15:00+00:00,1467.47,1472.8523207361704,6.543571428571421,-0.8225356435584092,True,False,6,3,2,True,False,True,False,False,2020-03-19 14:25:00+00:00|supply|1469.98
1964,15min,m15_2c_1atr,demand,1487.95,1482.71,2020-03-20 08:15:00+00:00,2020-03-20 07:30:00+00:00,2020-03-20 07:45:00+00:00,2020-03-20 08:00:00+00:00,2,1.8688915375447153,1.4572904251092687,0.3568702290076555,2020-03-20 15:40:00+00:00,2020-03-20 16:05:00+00:00,1496.23,1481.8752857142858,14.35471428571418,7.416666666666667,True,35784,35785,4,1496.24,0.7476851851851808,0.290496899973137,1.095110615726053,2.8450583680821784,-1.0,stop,2020,2020-03,2020-03-20,0.020899057552023877,-1.0208990575520238,<=0.03R,2020-03-20 16:00:00+00:00,4.146428571428568,1492.5230739840274,1496.24,0.8032407407407377,below,below,10.340000000000146,12,Friday,ny_main,0.8940045516557558,2.493712316968168,True,False,True,True,True,False,False,False,False,True,True,True,False,False,True,False,False,False,True,True,True,2020-03-20 16:00:00+00:00,1497.19,1495.2227778790354,6.56642857142856,0.29958783523881805,True,False,5,4,2,True,False,False,True,False,2020-03-20 16:05:00+00:00|demand|1496.23
1965,15min,m15_2c_1atr,demand,1500.24,1495.95,2020-03-20 09:45:00+00:00,2020-03-20 09:00:00+00:00,2020-03-20 09:15:00+00:00,2020-03-20 09:30:00+00:00,2,1.7053497942387126,0.8238683127571987,0.3473193473193524,2020-03-20 14:00:00+00:00,2020-03-20 14:15:00+00:00,1504.79,1495.1714285714286,9.618571428571386,4.25,True,35762,35763,2,1504.9,0.5108514190317476,0.0010396554284856179,1.5178969255903731,1.3713055101737828,-1.0,stop,2020,2020-03,2020-03-20,0.0311896628545969,-1.031189662854597,0.03-0.05R,2020-03-20 14:10:00+00:00,3.692142857142877,1503.801653373076,1504.9,0.5292153589315639,inside,below,10.340000000000146,10,Friday,london_ny_overlap,0.26768916186756275,2.800541690849318,True,False,False,True,False,False,False,True,True,True,False,False,True,False,True,False,True,False,True,True,True,2020-03-20 14:00:00+00:00,1504.9,1505.6286852163353,5.679285714285697,-0.12830578579666135,False,True,1,1,1,True,False,False,False,True,2020-03-20 14:15:00+00:00|demand|1504.79
1968,15min,m15_2c_1atr,supply,1511.36,1507.71,2020-03-20 13:45:00+00:00,2020-03-20 13:00:00+00:00,2020-03-20 13:15:00+00:00,2020-03-20 13:30:00+00:00,2,1.4526449968132782,0.6513702995538332,0.10136986301373481,2020-03-20 14:10:00+00:00,2020-03-20 14:20:00+00:00,1501.12,1512.1581428571428,11.03814285714293,0.4166666666666667,True,35763,35764,1,1501.13,0.82805429864253,1.9740639600346686,1.3489588051820314,-1.5781640286280003,1.0,tp1,2020,2020-03,2020-03-20,0.027178484993593464,0.9728215150064066,<=0.03R,2020-03-20 14:15:00+00:00,3.8928571428571592,1503.2079526235036,1501.13,0.16968325791855798,below,below,10.340000000000146,10,Friday,london_ny_overlap,-0.536354802367927,2.656146788990852,False,True,True,True,True,False,True,True,True,True,True,True,True,False,False,False,True,False,True,True,True,2020-03-20 14:15:00+00:00,1498.2,1503.977866279372,5.763571428571416,-1.0024802071038128,True,False,1,1,1,True,True,True,False,False,2020-03-20 14:20:00+00:00|supply|1501.12
1969,15min,m15_2c_1atr,supply,1507.72,1499.89,2020-03-20 14:45:00+00:00,2020-03-20 14:00:00+00:00,2020-03-20 14:15:00+00:00,2020-03-20 14:30:00+00:00,2,1.5643361128928903,1.4062860808210293,0.19157088122605542,2020-03-20 16:15:00+00:00,2020-03-20 16:40:00+00:00,1496.4,1508.5872857142858,12.187285714285736,1.5,True,35791,35792,4,1496.49,0.7677053824362768,1.400640011252956,1.6090539320837765,-3.3699054049301855,1.0,tp1,2020,2020-03,2020-03-20,0.0246158174209656,0.9753841825790344,<=0.03R,2020-03-20 16:35:00+00:00,4.31571428571434,1496.6304535776894,1496.49,0.10198300283283364,below,below,10.340000000000146,12,Friday,ny_main,-0.053398710487431375,2.3958953988745484,False,True,True,True,True,False,False,False,False,True,True,True,False,False,True,False,True,False,True,True,True,2020-03-20 16:30:00+00:00,1495.22,1495.4515569885523,6.999285714285731,-0.03308294560395531,True,False,4,4,2,True,True,True,False,False,2020-03-20 16:40:00+00:00|supply|1496.4
2010,15min,m15_2c_1atr,demand,1624.13,1619.08,2020-03-26 15:00:00+00:00,2020-03-26 14:15:00+00:00,2020-03-26 14:30:00+00:00,2020-03-26 14:45:00+00:00,2,1.517936316001599,0.9498857987371019,0.01386138613864578,2020-03-26 15:00:00+00:00,2020-03-26 15:05:00+00:00,1626.34,1618.0364285714286,8.303571428571331,0.0,True,36866,36867,0,1626.48,0.19964028776976814,2.128000000000034,1.3524301075268998,-1.0031827956989277,1.0,tp1,2020,2020-03,2020-03-26,0.036129032258064936,0.963870967741935,0.03-0.05R,2020-03-26 15:00:00+00:00,5.098571428571437,1624.8058004712796,1626.48,0.5341726618705137,above,above,6.839999999999918,11,Thursday,london_ny_overlap,0.3009077248821108,1.3415522555337447,True,False,False,True,False,False,True,True,True,False,False,False,True,False,True,False,True,False,True,True,True,2020-03-26 15:00:00+00:00,1629.59,1622.5550275265944,5.768571428571444,1.2195346041069537,True,False,0,0,0,False,False,True,False,False,2020-03-26 15:05:00+00:00|demand|1626.34
2028,15min,m15_2c_1atr,demand,1615.93,1610.62,2020-03-30 09:00:00+00:00,2020-03-30 08:00:00+00:00,2020-03-30 08:15:00+00:00,2020-03-30 08:45:00+00:00,3,1.8308144416456948,1.5604534005038406,0.3032015065913512,2020-03-30 09:10:00+00:00,2020-03-30 09:20:00+00:00,1617.17,1610.115857142857,7.054142857143006,0.16666666666666666,True,37336,37337,1,1617.25,0.5730337078651305,1.4289475283014643,0.9540492922092212,-0.20413536118593267,1.0,tp1,2020,2020-03,2020-03-30,0.042528200247067695,0.9574717997529323,0.03-0.05R,2020-03-30 09:15:00+00:00,2.781428571428575,1616.5810163025615,1617.25,0.8876404494381821,missing,missing,,5,Monday,asia_late,0.21175582342425497,,True,False,False,True,False,False,True,True,True,True,False,False,False,False,True,False,True,False,False,True,True,2020-03-30 09:15:00+00:00,1615.7,1616.1009862058547,3.654999999999989,-0.10970894825025441,False,False,1,1,1,True,False,False,False,False,2020-03-30 09:20:00+00:00|demand|1617.17
2049,15min,m15_2c_1atr,demand,1586.56,1583.64,2020-04-01 09:00:00+00:00,2020-04-01 08:15:00+00:00,2020-04-01 08:30:00+00:00,2020-04-01 08:45:00+00:00,2,1.654681381274448,1.4553221787112125,0.5753424657533991,2020-04-01 09:00:00+00:00,2020-04-01 09:05:00+00:00,1589.48,1583.3375714285714,6.142428571428582,0.0,True,37883,37884,0,1589.46,0.5428571428571779,1.7761704304951613,1.4456822569016596,1.2893922831825573,1.0,tp1,2020,2020-04,2020-04-01,0.04884061678721763,0.9511593832127824,0.03-0.05R,2020-04-01 09:00:00+00:00,1.5464285714285617,1587.3278922558286,1589.46,0.9746031746031966,missing,missing,,5,Wednesday,asia_late,1.3916632063926109,,True,False,False,True,False,False,True,True,True,True,False,False,False,False,True,False,False,False,False,True,True,2020-04-01 09:00:00+00:00,1588.84,1586.7562037624907,2.0749999999999806,1.004239150606855,True,False,2,2,1,True,False,False,False,False,2020-04-01 09:05:00+00:00|demand|1589.48
2057,15min,m15_2c_1atr,demand,1591.21,1585.38,2020-04-01 19:00:00+00:00,2020-04-01 18:15:00+00:00,2020-04-01 18:30:00+00:00,2020-04-01 18:45:00+00:00,2,1.0481657100074886,1.0184676815572637,0.12006861063465767,2020-04-01 19:00:00+00:00,2020-04-01 19:05:00+00:00,1591.28,1584.7547142857145,6.525285714285474,0.0,True,38003,38004,0,1591.41,0.557603686635838,0.449022483963509,2.0520174267137197,3.274952383037554,-1.0,stop,2020,2020-04,2020-04-01,0.045974998358037464,-1.0459749983580375,0.03-0.05R,2020-04-01 19:00:00+00:00,3.182857142857139,1589.7120566627718,1591.41,0.29032258064520183,below,below,2.9899999999997817,15,Wednesday,ny_main,0.49262133575390576,0.9394075403949057,True,False,False,True,False,False,True,True,True,True,False,False,False,False,False,False,True,False,True,True,True,2020-04-01 19:00:00+00:00,1593.34,1588.5338744978023,5.643571428571412,0.851610644611647,True,False,6,3,2,True,True,False,True,False,2020-04-01 19:05:00+00:00|demand|1591.28
2076,15min,m15_2c_1atr,demand,1612.54,1609.83,2020-04-03 15:00:00+00:00,2020-04-03 14:15:00+00:00,2020-04-03 14:30:00+00:00,2020-04-03 14:45:00+00:00,2,1.954644054427122,0.7481759021889303,0.21033210332109079,2020-04-03 15:30:00+00:00,2020-04-03 15:35:00+00:00,1617.35,1609.1442857142856,8.205714285714294,0.5,True,38512,38513,0,1617.35,0.011351909184716133,0.29491643454039856,1.3990250696378839,2.818767409470763,-1.0,stop,2020,2020-04,2020-04-03,0.03655988857938715,-1.0365598885793872,0.03-0.05R,2020-04-03 15:30:00+00:00,3.289999999999996,1615.9655886472547,1617.35,0.6429308565531459,above,above,2.839999999999918,11,Friday,london_ny_overlap,0.4207937242386772,0.8632218844984564,True,False,False,True,False,False,True,True,True,False,False,False,True,False,True,False,True,False,True,True,True,2020-04-03 15:30:00+00:00,1615.55,1614.7098056824527,4.112142857142852,0.20432031345598803,True,False,7,3,2,True,False,True,False,False,2020-04-03 15:35:00+00:00|demand|1617.35
2084,15min,m15_2c_1atr,demand,1628.79,1623.84,2020-04-06 10:45:00+00:00,2020-04-06 09:45:00+00:00,2020-04-06 10:00:00+00:00,2020-04-06 10:30:00+00:00,3,1.2252883031301554,1.4271004942339587,0.8222222222222018,2020-04-06 10:45:00+00:00,2020-04-06 10:50:00+00:00,1630.77,1623.2284285714286,7.5415714285713875,0.0,True,38730,38731,0,1630.81,0.6688524590163915,5.733553067757794,0.34342975128335373,3.3998219393457534,1.0,tp1,2020,2020-04,2020-04-06,0.03977950787065999,0.96022049212934,0.03-0.05R,2020-04-06 10:45:00+00:00,3.119999999999988,1628.056134614623,1630.81,0.754098360655734,missing,missing,,6,Monday,asia_late,0.8698286491592816,,True,False,False,True,False,False,True,True,True,True,True,False,False,False,False,False,False,True,False,True,True,2020-04-06 10:45:00+00:00,1631.34,1626.4152535586459,3.6157142857142617,1.3620397111607487,True,False,0,0,0,False,False,False,False,False,2020-04-06 10:50:00+00:00|demand|1630.77
2098,15min,m15_2c_1atr,demand,1650.96,1642.28,2020-04-07 17:30:00+00:00,2020-04-07 16:30:00+00:00,2020-04-07 16:45:00+00:00,2020-04-07 17:15:00+00:00,3,1.420920502092058,1.4527196652719836,0.2546082949308779,2020-04-07 17:35:00+00:00,2020-04-07 18:20:00+00:00,1654.06,1641.6014285714286,12.458571428571304,0.08333333333333333,True,39092,39093,8,1653.91,0.8446115288220828,0.31223483545466085,1.0932232542139684,-0.22715284944386754,-1.0,stop,2020,2020-04,2020-04-07,0.024079807361541347,-1.0240798073615414,<=0.03R,2020-04-07 18:15:00+00:00,3.3992857142857082,1651.6905988060205,1653.91,0.934837092731832,inside,above,5.970000000000027,14,Tuesday,ny_main,0.6970291388046322,1.7562513133011248,True,False,True,True,True,False,False,False,False,True,True,True,False,False,False,False,True,False,True,True,True,2020-04-07 18:15:00+00:00,1656.85,1652.730548623289,6.359285714285696,0.6477852327749404,True,False,4,3,2,True,True,False,False,True,2020-04-07 18:20:00+00:00|demand|1654.06
2123,15min,m15_2c_1atr,supply,1685.2,1681.62,2020-04-09 17:30:00+00:00,2020-04-09 16:45:00+00:00,2020-04-09 17:00:00+00:00,2020-04-09 17:15:00+00:00,2,1.5825784836828054,0.6219133887579309,0.16201117318433023,2020-04-09 17:55:00+00:00,2020-04-09 18:20:00+00:00,1679.63,1686.0517142857143,6.421714285714188,0.4166666666666667,True,39644,39645,4,1679.28,0.42903225806447376,0.4469211603488417,1.0246485139704615,-5.04538174052328,-1.0,stop,2020,2020-04,2020-04-09,0.04671649759743798,-1.046716497597438,0.03-0.05R,2020-04-09 18:15:00+00:00,4.255714285714264,1679.2820538645224,1679.28,0.2193548387096883,above,above,3.1900000000000546,14,Thursday,ny_main,0.08175974986049687,0.7495803961060925,False,True,False,True,False,False,False,False,False,False,False,False,True,False,True,False,True,False,True,True,False,2020-04-09 18:15:00+00:00,1677.68,1678.1894123971654,6.54071428571433,-0.07788329758997749,True,False,0,0,0,False,False,False,True,False,2020-04-09 18:20:00+00:00|supply|1679.63
2136,15min,m15_2c_1atr,demand,1710.82,1705.95,2020-04-13 20:15:00+00:00,2020-04-13 18:45:00+00:00,2020-04-13 19:00:00+00:00,2020-04-13 20:00:00+00:00,5,1.0501458535907973,0.9470759827753671,0.008213552361435707,2020-04-14 09:25:00+00:00,2020-04-14 10:00:00+00:00,1711.57,1705.4181428571428,6.151857142857125,13.166666666666666,True,40095,40096,6,1711.5,0.608510638297923,5.890904024336456,0.6583377841766659,-0.029259457074492203,1.0,tp1,2020,2020-04,2020-04-14,0.04876576179086469,0.9512342382091353,0.03-0.05R,2020-04-14 09:55:00+00:00,2.6678571428571525,1711.2020480035021,1711.5,0.842553191489402,missing,missing,,6,Tuesday,asia_late,0.13792042706745644,,True,False,False,True,False,False,False,False,False,True,True,False,True,False,False,False,True,False,False,True,True,2020-04-14 09:45:00+00:00,1711.5,1712.5227594087298,3.493571428571402,-0.29275468661250603,False,True,0,0,0,False,False,False,False,False,2020-04-14 10:00:00+00:00|demand|1711.57
2156,15min,m15_2c_1atr,supply,1727.57,1724.76,2020-04-15 09:45:00+00:00,2020-04-15 09:00:00+00:00,2020-04-15 09:15:00+00:00,2020-04-15 09:30:00+00:00,2,2.8284720363929394,1.0527160824190482,0.01067615658362039,2020-04-15 14:00:00+00:00,2020-04-15 14:30:00+00:00,1721.14,1728.1502857142857,7.010285714285601,4.25,True,40425,40426,5,1721.14,0.9787234042552188,1.6903733289860265,1.6033583306162646,-1.316636778611012,1.0,tp1,2020,2020-04,2020-04-15,0.04279426149331663,0.9572057385066833,0.03-0.05R,2020-04-15 14:25:00+00:00,2.7542857142857105,1721.474370117167,1721.14,0.021276595744781208,above,above,5.670000000000073,10,Wednesday,london_ny_overlap,-0.12139993880538348,2.058609958506253,False,True,False,True,False,False,False,False,False,True,True,True,False,False,True,True,True,False,True,True,True,2020-04-15 14:15:00+00:00,1721.14,1719.3693648501862,4.087142857142859,0.43322076367343887,False,True,8,4,2,True,False,False,True,False,2020-04-15 14:30:00+00:00|supply|1721.14
2191,15min,m15_2c_1atr,demand,1675.63,1673.7,2020-04-20 12:00:00+00:00,2020-04-20 10:45:00+00:00,2020-04-20 11:00:00+00:00,2020-04-20 11:45:00+00:00,4,1.1521012836292872,0.4751186917531358,0.23316062176155608,2020-04-20 13:20:00+00:00,2020-04-20 13:35:00+00:00,1679.61,1673.1808571428571,6.429142857142779,1.3333333333333333,True,41241,41242,2,1679.8,0.6378378378378252,3.5541285219092282,1.4760910141320966,-2.1838058839214503,1.0,tp1,2020,2020-04,2020-04-20,0.0466625188872106,0.9533374811127894,0.03-0.05R,2020-04-20 13:30:00+00:00,2.509285714285706,1678.9175554228689,1679.8,0.9243243243242758,inside,inside,6.3599999999999,9,Monday,london_ny_overlap,0.27595286307527517,2.5345858240819497,True,False,False,True,False,False,False,True,True,True,True,False,True,False,False,False,True,False,True,True,True,2020-04-20 13:30:00+00:00,1681.81,1679.8591623052237,3.6907142857142747,0.5285799831017619,True,False,6,4,2,True,True,False,False,True,2020-04-20 13:35:00+00:00|demand|1679.61
2212,15min,m15_2c_1atr,demand,1683.23,1680.04,2020-04-22 00:00:00+00:00,2020-04-21 23:15:00+00:00,2020-04-21 23:30:00+00:00,2020-04-21 23:45:00+00:00,2,1.7658303464754797,0.7622461170848408,0.8683385579937098,2020-04-22 05:45:00+00:00,2020-04-22 06:15:00+00:00,1685.73,1679.683142857143,6.046857142857107,5.75,True,41705,41706,5,1685.73,0.9218750000000694,5.563220563220575,0.9029484029484144,4.532933282933324,1.0,tp1,2020,2020-04,2020-04-22,0.049612549612549905,0.9503874503874501,0.03-0.05R,2020-04-22 06:10:00+00:00,1.8278571428571209,1685.2745433534876,1685.73,0.9375000000000555,missing,missing,,2,Wednesday,post_close,0.24917518761913687,,True,False,False,True,False,False,False,False,False,True,True,True,True,False,True,False,False,True,False,True,True,2020-04-22 06:00:00+00:00,1685.73,1686.129724968102,3.5014285714285376,-0.11416053760562114,False,True,2,2,2,True,False,False,False,False,2020-04-22 06:15:00+00:00|demand|1685.73
2220,15min,m15_2c_1atr,demand,1707.33,1701.1,2020-04-22 16:45:00+00:00,2020-04-22 16:00:00+00:00,2020-04-22 16:15:00+00:00,2020-04-22 16:30:00+00:00,2,1.075975359342913,1.2792607802874727,0.3242375601926125,2020-04-22 16:45:00+00:00,2020-04-22 17:00:00+00:00,1708.51,1700.3674285714285,8.1425714285715,0.0,True,41834,41835,2,1708.54,0.7059999999999945,3.588546966560202,0.5035264395241782,3.2274816660233374,1.0,tp1,2020,2020-04,2020-04-22,0.03684339801396508,0.9631566019860349,0.03-0.05R,2020-04-22 16:55:00+00:00,3.8707142857142895,1706.5758622264373,1708.54,0.82199999999998,above,above,3.9699999999998,13,Wednesday,ny_main,0.4996849756390131,1.0256504890200617,True,False,False,True,False,False,False,True,True,True,True,True,False,False,False,False,True,False,True,True,True,2020-04-22 16:45:00+00:00,1708.54,1705.0047063507002,5.141428571428589,0.687609212144994,True,True,1,1,1,True,True,True,False,False,2020-04-22 17:00:00+00:00|demand|1708.51
2227,15min,m15_2c_1atr,demand,1711.25,1708.16,2020-04-23 08:00:00+00:00,2020-04-23 06:15:00+00:00,2020-04-23 06:30:00+00:00,2020-04-23 07:45:00+00:00,6,1.2748678519942316,1.0394041326285248,0.07766990291262636,2020-04-23 10:20:00+00:00,2020-04-23 10:30:00+00:00,1714.27,1707.6247142857144,6.645285714285592,2.3333333333333335,True,42032,42033,1,1714.26,0.7259887005649612,3.67177590988249,0.10533783348024181,2.1293290624933348,1.0,tp1,2020,2020-04,2020-04-23,0.04514478577724356,0.9548552142227564,0.03-0.05R,2020-04-23 10:25:00+00:00,2.816428571428576,1714.146444384495,1714.26,0.9322033898305052,missing,missing,,6,Thursday,asia_late,0.04386960733121396,,True,False,False,True,False,False,True,True,True,True,True,True,False,False,False,False,True,False,False,True,True,2020-04-23 10:15:00+00:00,1714.26,1714.5820922670405,3.1642857142856946,-0.10178988123175783,False,True,3,2,2,True,False,False,False,False,2020-04-23 10:30:00+00:00|demand|1714.27
2229,15min,m15_2c_1atr,demand,1719.42,1711.87,2020-04-23 10:45:00+00:00,2020-04-23 10:00:00+00:00,2020-04-23 10:15:00+00:00,2020-04-23 10:30:00+00:00,2,1.3945193562418978,2.298825576337604,0.4119205298013314,2020-04-23 10:45:00+00:00,2020-04-23 11:10:00+00:00,1720.65,1711.328857142857,9.321142857143059,0.0,True,42040,42041,4,1720.71,0.470588235294145,1.933239333006332,0.0933361942128601,1.0331351152525396,1.0,tp1,2020,2020-04,2020-04-23,0.03218489455615428,0.9678151054438457,0.03-0.05R,2020-04-23 11:05:00+00:00,2.90428571428572,1717.7996453665817,1720.71,0.6624040920716346,missing,missing,,7,Thursday,asia_late,0.981430518147019,,True,False,False,True,False,False,False,False,False,True,False,False,False,True,False,False,False,False,False,True,True,2020-04-23 11:00:00+00:00,1721.09,1716.879365771735,3.465714285714268,1.2149398020550373,True,False,4,3,2,True,False,False,False,False,2020-04-23 11:10:00+00:00|demand|1720.65
2255,15min,m15_2c_1atr,demand,1717.19,1714.55,2020-04-27 15:30:00+00:00,2020-04-27 14:45:00+00:00,2020-04-27 15:00:00+00:00,2020-04-27 15:15:00+00:00,2,1.5910588235294458,0.8696470588235531,0.46969696969695535,2020-04-27 16:20:00+00:00,2020-04-27 16:30:00+00:00,1720.6,1714.0368571428571,6.563142857142793,0.8333333333333334,True,42655,42656,1,1720.55,0.6856368563685461,0.19959949501548255,1.0467546036306583,-2.855339340908131,-1.0,stop,2020,2020-04,2020-04-27,0.045709808018806766,-1.0457098080188068,0.03-0.05R,2020-04-27 16:25:00+00:00,2.3692857142857195,1719.7459323375256,1720.55,0.8834688346883314,above,above,2.5799999999999272,12,Monday,ny_main,0.36047474448720745,1.0889357853481731,True,False,False,True,False,False,True,True,True,True,True,False,True,False,True,False,False,False,True,True,True,2020-04-27 16:15:00+00:00,1720.55,1719.2974369163535,3.1392857142857014,0.39899620411946696,True,True,2,2,2,True,False,True,False,False,2020-04-27 16:30:00+00:00|demand|1720.6
2263,15min,m15_2c_1atr,demand,1694.92,1692.98,2020-04-28 09:30:00+00:00,2020-04-28 08:30:00+00:00,2020-04-28 08:45:00+00:00,2020-04-28 09:15:00+00:00,3,1.0670375521557809,0.7554937413073964,0.14432989690719836,2020-04-28 17:00:00+00:00,2020-04-28 17:35:00+00:00,1701.91,1692.1938571428573,9.716142857142813,7.5,True,42944,42945,6,1701.86,0.5214899713466853,1.1547792333818614,0.4178612912237563,0.12556423036772718,1.0,tp1,2020,2020-04,2020-04-28,0.03087645009042403,0.9691235499095759,0.03-0.05R,2020-04-28 17:30:00+00:00,3.8878571428571798,1700.7134726142683,1701.86,0.6905444126074064,below,below,4.960000000000036,13,Tuesday,ny_main,0.3077601212611541,1.2757670402351617,True,False,False,True,False,False,False,False,False,True,False,False,True,False,False,False,True,False,True,True,True,2020-04-28 17:30:00+00:00,1700.84,1703.3389567182824,4.994999999999989,-0.5002916352917816,False,False,3,3,2,True,False,False,True,False,2020-04-28 17:35:00+00:00|demand|1701.91
2266,15min,m15_2c_1atr,demand,1703.66,1698.57,2020-04-28 18:45:00+00:00,2020-04-28 17:45:00+00:00,2020-04-28 18:00:00+00:00,2020-04-28 18:30:00+00:00,3,1.2577502214348752,0.9016829052258845,0.3163064833005607,2020-04-28 18:55:00+00:00,2020-04-28 19:05:00+00:00,1705.74,1698.0259999999998,7.714000000000169,0.16666666666666666,True,42962,42963,1,1705.76,0.5638297872339808,0.9579984443868211,1.022815659839244,-0.7479906663209561,-1.0,stop,2020,2020-04,2020-04-28,0.038890329271453646,-1.0388903292714537,0.03-0.05R,2020-04-28 19:00:00+00:00,2.867857142857198,1704.6267117654081,1705.76,0.9361702127659386,below,below,4.960000000000036,15,Tuesday,ny_main,0.3881951502935537,1.7295143212951227,True,False,False,True,False,False,True,True,True,True,False,False,True,False,False,False,True,False,True,True,True,2020-04-28 19:00:00+00:00,1707.51,1704.4921602566403,5.527857142857199,0.5459330198608993,True,False,3,3,2,True,True,False,True,False,2020-04-28 19:05:00+00:00|demand|1705.74
2306,15min,m15_2c_1atr,demand,1681.65,1677.34,2020-05-01 17:00:00+00:00,2020-05-01 16:15:00+00:00,2020-05-01 16:30:00+00:00,2020-05-01 16:45:00+00:00,2,1.5714506889611193,0.934200340610027,0.10440835266821982,2020-05-01 17:05:00+00:00,2020-05-01 17:30:00+00:00,1682.85,1676.6788571428572,6.1711428571427405,0.08333333333333333,True,43771,43772,4,1682.83,0.65270935960585,4.965044677994461,0.34191397749894853,3.694615491458037,1.0,tp1,2020,2020-05,2020-05-01,0.048613361729710626,0.9513866382702894,0.03-0.05R,2020-05-01 17:25:00+00:00,3.254285714285743,1681.652428601486,1682.83,0.6773399014778037,above,above,5.279999999999973,13,Friday,ny_main,0.36799823483745536,1.6224758560140247,True,False,False,True,False,False,False,False,False,True,True,False,True,False,True,False,True,False,True,True,True,2020-05-01 17:15:00+00:00,1682.83,1681.3609650775818,5.140714285714337,0.2857647480040801,True,True,1,1,1,True,True,True,False,False,2020-05-01 17:30:00+00:00|demand|1682.85
2310,15min,m15_2c_1atr,demand,1695.69,1691.6,2020-05-04 02:30:00+00:00,2020-05-04 01:45:00+00:00,2020-05-04 02:00:00+00:00,2020-05-04 02:15:00+00:00,2,1.1819834376893685,1.156534033528616,0.6723716381417854,2020-05-04 03:50:00+00:00,2020-05-04 04:10:00+00:00,1697.67,1691.24,6.430000000000064,1.3333333333333333,True,43886,43887,3,1697.64,0.6887417218544353,2.4603421461897015,0.33903576982893346,0.2083981337480412,1.0,tp1,2020,2020-05,2020-05-04,0.04665629860031058,0.9533437013996894,0.03-0.05R,2020-05-04 04:05:00+00:00,1.8192857142856675,1696.8352870354347,1697.64,0.6887417218544353,missing,missing,,0,Monday,post_close,0.4588135651321348,,True,False,False,True,False,False,False,False,True,True,True,False,False,False,False,False,False,True,False,True,True,2020-05-04 04:00:00+00:00,1696.58,1696.821035639994,2.8521428571428293,-0.08451036714044981,False,False,1,1,1,True,False,False,False,False,2020-05-04 04:10:00+00:00|demand|1697.67
2418,15min,m15_2c_1atr,demand,1716.36,1711.22,2020-05-14 15:45:00+00:00,2020-05-14 15:00:00+00:00,2020-05-14 15:15:00+00:00,2020-05-14 15:30:00+00:00,2,1.050610820244302,2.093077370564237,0.3968871595330767,2020-05-14 16:00:00+00:00,2020-05-14 16:15:00+00:00,1716.98,1710.7474285714286,6.232571428571418,0.25,True,46239,46240,2,1716.94,0.6941176470588424,4.514990373154841,0.49899147336574967,3.537865590904922,1.0,tp1,2020,2020-05,2020-05-14,0.048134225726597674,0.9518657742734024,0.03-0.05R,2020-05-14 16:10:00+00:00,2.4107142857142696,1716.5209310686228,1716.94,0.8529411764705922,below,below,1.5499999999999545,12,Thursday,ny_main,0.19042859375649432,0.6429629629629484,True,False,False,True,False,False,False,True,True,True,True,False,False,True,False,False,False,False,True,True,True,2020-05-14 16:00:00+00:00,1716.94,1716.2389647195932,2.6557142857142577,0.2639724025200509,True,True,14,4,2,True,False,False,True,False,2020-05-14 16:15:00+00:00|demand|1716.98
2431,15min,m15_2c_1atr,demand,1743.13,1738.83,2020-05-15 18:15:00+00:00,2020-05-15 17:30:00+00:00,2020-05-15 17:45:00+00:00,2020-05-15 18:00:00+00:00,2,1.0110864745011021,0.9534368070953894,0.19534883720927504,2020-05-15 18:25:00+00:00,2020-05-15 18:35:00+00:00,1744.8,1738.3555714285715,6.444428571428489,0.16666666666666666,True,46543,46544,1,1744.8,0.7735849056603571,3.1825940457981816,1.6075901664782477,-2.046729179135944,1.0,tp1,2020,2020-05,2020-05-15,0.046551838797633104,0.9534481612023669,0.03-0.05R,2020-05-15 18:30:00+00:00,2.357857142857142,1743.5988574386845,1744.8,0.9811320754717143,above,above,6.269999999999982,14,Friday,ny_main,0.5094212619938353,2.659194183580726,True,False,False,True,False,False,True,True,True,True,True,True,True,False,False,False,True,False,True,True,True,2020-05-15 18:30:00+00:00,1745.5,1742.4944591250216,4.559285714285693,0.659213101201584,True,False,0,0,0,False,False,True,False,False,2020-05-15 18:35:00+00:00|demand|1744.8
2458,15min,m15_2c_1atr,demand,1737.9,1734.0,2020-05-19 16:45:00+00:00,2020-05-19 16:00:00+00:00,2020-05-19 16:15:00+00:00,2020-05-19 16:30:00+00:00,2,1.5870577281192093,1.2709497206704128,0.10256410256412349,2020-05-19 16:55:00+00:00,2020-05-19 17:20:00+00:00,1739.46,1733.4561428571428,6.003857142857214,0.16666666666666666,True,47080,47081,4,1739.48,0.8489208633094066,2.3235063173673867,0.32479120565351216,1.6556023508696684,1.0,tp1,2020,2020-05,2020-05-19,0.04996787779284686,0.9500321222071532,0.03-0.05R,2020-05-19 17:15:00+00:00,2.574285714285728,1738.0317196204358,1739.48,0.9208633093525074,above,above,2.1100000000001273,13,Tuesday,ny_main,0.5548258966120944,0.8196448390677477,True,False,False,True,False,False,False,False,False,True,True,True,False,False,True,False,True,False,True,True,True,2020-05-19 17:15:00+00:00,1743.66,1738.4603124370535,3.9192857142857065,1.3266926532030627,True,False,8,3,2,True,True,True,False,False,2020-05-19 17:20:00+00:00|demand|1739.46
2460,15min,m15_2c_1atr,demand,1742.59,1740.49,2020-05-19 21:30:00+00:00,2020-05-19 20:30:00+00:00,2020-05-19 20:45:00+00:00,2020-05-19 21:15:00+00:00,3,1.7550111358574947,0.9354120267260223,0.24285714285714904,2020-05-20 15:50:00+00:00,2020-05-20 16:00:00+00:00,1747.34,1739.9992857142856,7.340714285714284,18.333333333333332,True,47340,47341,1,1747.35,0.9658792650918344,0.88955920988615,1.3009633161428373,-2.8103532159190268,-1.0,stop,2020,2020-05,2020-05-20,0.040867957575167854,-1.0408679575751678,0.03-0.05R,2020-05-20 15:55:00+00:00,2.339999999999983,1746.903517779332,1747.35,0.9658792650918344,below,below,3.5499999999999545,12,Wednesday,ny_main,0.18653086353325465,1.5170940170940086,True,False,False,True,False,False,True,True,True,True,True,True,True,False,True,False,True,False,True,True,True,2020-05-20 15:45:00+00:00,1747.35,1748.5820960313245,3.297142857142863,-0.3736859713722617,False,True,3,2,2,True,False,False,True,False,2020-05-20 16:00:00+00:00|demand|1747.34
2472,15min,m15_2c_1atr,supply,1751.58,1747.83,2020-05-20 17:45:00+00:00,2020-05-20 17:00:00+00:00,2020-05-20 17:15:00+00:00,2020-05-20 17:30:00+00:00,2,1.1473741595493303,0.954025077230598,0.0693333333333309,2020-05-20 18:00:00+00:00,2020-05-20 18:10:00+00:00,1746.0,1752.059857142857,6.059857142857027,0.25,True,47366,47367,1,1746.03,0.7539682539682955,0.282184869987517,1.298710483509755,3.6568518824112672,-1.0,stop,2020,2020-05,2020-05-20,0.049506117541668594,-1.0495061175416687,0.03-0.05R,2020-05-20 18:05:00+00:00,2.4021428571428975,1746.7889700600674,1746.03,0.04761904761900465,below,below,3.5499999999999545,14,Wednesday,ny_main,-0.32844427121449893,1.4778471602735215,False,True,False,True,False,False,True,True,True,True,True,True,True,False,False,False,True,False,True,True,True,2020-05-20 18:00:00+00:00,1745.93,1747.4638425650337,4.165714285714297,-0.36820637706568704,True,False,9,3,2,True,True,True,False,False,2020-05-20 18:10:00+00:00|supply|1746.0
2525,15min,m15_2c_1atr,supply,1721.34,1714.34,2020-05-26 17:45:00+00:00,2020-05-26 17:00:00+00:00,2020-05-26 17:15:00+00:00,2020-05-26 17:30:00+00:00,2,1.0050890585241892,1.7811704834605677,0.1699999999999753,2020-05-26 17:45:00+00:00,2020-05-26 17:55:00+00:00,1713.51,1721.9904285714285,8.480428571428547,0.0,True,48419,48420,1,1713.51,0.7369727047146104,2.33714603372471,0.2947964220137131,1.4834155955729957,1.0,tp1,2020,2020-05,2020-05-26,0.03537557064164557,0.9646244293583545,0.03-0.05R,2020-05-26 17:50:00+00:00,3.524285714285741,1716.6596928790623,1713.51,0.1017369727047299,below,below,5.0499999999999545,13,Tuesday,ny_main,-0.893710991221558,1.4329144710174062,False,True,False,True,False,False,True,True,True,True,True,True,False,False,False,False,True,False,True,True,True,2020-05-26 17:45:00+00:00,1712.19,1718.8000133567882,4.342142857142838,-1.5222929263864882,True,False,0,0,0,False,False,True,False,False,2020-05-26 17:55:00+00:00|supply|1713.51
2553,15min,m15_2c_1atr,demand,1714.26,1711.08,2020-05-28 22:00:00+00:00,2020-05-28 21:15:00+00:00,2020-05-28 21:30:00+00:00,2020-05-28 21:45:00+00:00,2,1.3423597678916912,1.2301740812379338,0.433962264150969,2020-05-29 04:10:00+00:00,2020-05-29 04:35:00+00:00,1719.83,1710.6997142857142,9.13028571428572,6.166666666666667,True,49087,49088,4,1719.59,0.8523316062176293,2.291275503817756,0.32419576918262993,2.208036049568164,1.0,tp1,2020,2020-05,2020-05-29,0.032857679309049925,0.9671423206909501,0.03-0.05R,2020-05-29 04:30:00+00:00,1.8314285714285785,1717.4499887079567,1719.59,0.8834196891191561,missing,missing,,0,Friday,post_close,1.2995381469814964,,True,False,False,True,False,False,False,False,False,True,True,True,False,False,False,False,False,False,False,True,True,2020-05-29 04:30:00+00:00,1720.91,1718.8085094409973,2.3107142857142304,0.9094549559826609,True,False,4,3,2,True,False,False,False,False,2020-05-29 04:35:00+00:00|demand|1719.83
2557,15min,m15_2c_1atr,demand,1719.11,1713.32,2020-05-29 04:45:00+00:00,2020-05-29 04:00:00+00:00,2020-05-29 04:15:00+00:00,2020-05-29 04:30:00+00:00,2,3.0163833075735,2.5057187017001987,0.8428324697754598,2020-05-29 05:30:00+00:00,2020-05-29 05:45:00+00:00,1720.23,1713.1245714285715,7.105428571428547,0.75,True,49101,49102,2,1720.19,0.8888888888887485,2.88793276770277,0.47287788009169995,2.5754955969279045,1.0,tp1,2020,2020-05,2020-05-29,0.04222123929390018,0.9577787607060998,0.03-0.05R,2020-05-29 05:40:00+00:00,1.0057142857142318,1719.7799975589621,1720.19,0.9666666666667003,missing,missing,,1,Friday,post_close,0.4474456089865678,,True,False,False,True,False,False,False,True,True,True,True,True,False,True,True,True,False,True,False,True,True,2020-05-29 05:30:00+00:00,1720.19,1719.6270433116651,2.37714285714279,0.23682072225627768,True,True,7,3,2,True,False,False,False,False,2020-05-29 05:45:00+00:00|demand|1720.23
2624,15min,m15_2c_1atr,supply,1687.27,1679.71,2020-06-05 17:00:00+00:00,2020-06-05 16:15:00+00:00,2020-06-05 16:30:00+00:00,2020-06-05 16:45:00+00:00,2,1.096973158195338,1.2089091947458515,0.3253968253968025,2020-06-05 17:00:00+00:00,2020-06-05 17:30:00+00:00,1675.53,1687.9715714285715,12.441571428571478,0.0,True,50622,50623,5,1675.6,0.9780701754386162,0.38660711210112964,1.020771377065368,-1.296460024572003,-1.0,stop,2020,2020-06,2020-06-05,0.024112709694457425,-1.0241127096944573,<=0.03R,2020-06-05 17:25:00+00:00,3.6757142857143044,1680.0245163069308,1675.6,0.010964912280691913,below,below,6.269999999999982,13,Friday,ny_main,-1.2227599746799602,1.7057909055577012,False,True,True,True,True,False,False,False,False,True,True,True,False,False,False,False,True,False,True,True,True,2020-06-05 17:15:00+00:00,1675.6,1683.7747232721283,6.490714285714278,-1.2594489469549663,True,True,0,0,0,False,False,True,False,False,2020-06-05 17:30:00+00:00|supply|1675.53
2625,15min,m15_2c_1atr,demand,1676.69,1671.42,2020-06-05 18:15:00+00:00,2020-06-05 17:30:00+00:00,2020-06-05 17:45:00+00:00,2020-06-05 18:00:00+00:00,2,1.02322308233638,0.7417311752287093,0.27893738140418073,2020-06-05 18:25:00+00:00,2020-06-05 18:40:00+00:00,1679.17,1670.881,8.288999999999987,0.16666666666666666,True,50636,50637,2,1679.16,0.6342592592593568,2.2017131137652344,0.26179273736277914,2.1377729521052062,1.0,tp1,2020,2020-06,2020-06-05,0.03619254433586687,0.9638074556641332,0.03-0.05R,2020-06-05 18:35:00+00:00,2.771428571428552,1678.1171624029846,1679.16,0.7962962962963626,below,below,6.269999999999982,14,Friday,ny_main,0.37988985459321295,2.262371134020628,True,False,False,True,False,False,False,True,True,True,True,False,True,False,False,False,True,False,True,True,True,2020-06-05 18:30:00+00:00,1677.66,1679.3397570498173,7.230000000000002,-0.23233154216005888,False,False,0,0,0,False,False,False,True,False,2020-06-05 18:40:00+00:00|demand|1679.17
2629,15min,m15_2c_1atr,demand,1680.69,1677.36,2020-06-08 03:15:00+00:00,2020-06-08 01:45:00+00:00,2020-06-08 02:00:00+00:00,2020-06-08 03:00:00+00:00,5,1.6588868940754382,1.394973070018034,0.4264264264264285,2020-06-08 03:55:00+00:00,2020-06-08 04:05:00+00:00,1684.42,1677.008857142857,7.411142857142977,0.6666666666666666,True,50737,50738,1,1684.42,0.6390532544378734,2.745865299356125,0.014842515131671978,1.7055399205828612,1.0,tp1,2020,2020-06,2020-06-08,0.0404795867226949,0.9595204132773051,0.03-0.05R,2020-06-08 04:00:00+00:00,1.7078571428571325,1682.7747359784196,1684.42,0.7899408284023629,missing,missing,,0,Monday,post_close,0.9633499080772466,,True,False,False,True,False,False,True,True,True,True,True,False,False,False,True,False,False,False,False,True,True,2020-06-08 04:00:00+00:00,1686.39,1683.0670631207474,2.6249999999999836,1.2658807159057852,True,False,2,2,2,True,False,False,False,False,2020-06-08 04:05:00+00:00|demand|1684.42
2636,15min,m15_2c_1atr,demand,1691.2,1686.11,2020-06-08 17:30:00+00:00,2020-06-08 16:30:00+00:00,2020-06-08 16:45:00+00:00,2020-06-08 17:15:00+00:00,3,2.119042749028388,1.4575577827777029,0.48919449901762485,2020-06-08 18:05:00+00:00,2020-06-08 18:25:00+00:00,1692.77,1685.7635714285714,7.006428571428614,0.5833333333333334,True,50909,50910,3,1692.8,0.7213930348258966,4.006320725863969,0.3411153022734021,3.41400754409215,1.0,tp1,2020,2020-06,2020-06-08,0.04281782036904857,0.9571821796309514,0.03-0.05R,2020-06-08 18:20:00+00:00,1.8300000000000085,1692.2267199932885,1692.8,0.9054726368158929,below,below,3.240000000000009,14,Monday,ny_main,0.29687432060736696,1.7704918032786852,True,False,False,True,False,False,False,False,True,True,True,True,False,False,True,True,False,False,True,True,True,2020-06-08 18:15:00+00:00,1691.82,1692.0058495449136,3.677142857142891,-0.050541834281116735,False,False,3,3,2,True,False,False,True,False,2020-06-08 18:25:00+00:00|demand|1692.77
2642,15min,m15_2c_1atr,demand,1697.37,1692.54,2020-06-09 10:15:00+00:00,2020-06-09 09:15:00+00:00,2020-06-09 09:30:00+00:00,2020-06-09 10:00:00+00:00,3,1.3572319201994703,2.107855361595998,0.6335403726708057,2020-06-09 10:15:00+00:00,2020-06-09 10:20:00+00:00,1698.56,1692.1722857142856,6.38771428571431,0.0,True,51088,51089,0,1698.54,0.629166666666639,3.487945609876084,0.322494073444549,3.3439191304736844,1.0,tp1,2020,2020-06,2020-06-09,0.04696515632687731,0.9530348436731226,0.03-0.05R,2020-06-09 10:15:00+00:00,1.7564285714285819,1696.6901683821632,1698.54,0.7124999999999881,missing,missing,,6,Tuesday,asia_late,1.0645645648521664,,True,False,False,True,False,False,True,True,True,True,True,False,False,True,False,False,False,False,False,True,True,2020-06-09 10:15:00+00:00,1698.68,1696.76620905915,2.4178571428571365,0.7915235796721051,True,False,7,4,2,True,False,False,False,False,2020-06-09 10:20:00+00:00|demand|1698.56
2677,15min,m15_2c_1atr,demand,1737.18,1732.78,2020-06-12 15:45:00+00:00,2020-06-12 15:00:00+00:00,2020-06-12 15:15:00+00:00,2020-06-12 15:30:00+00:00,2,1.27976817702846,1.6227608008430245,0.17499999999999225,2020-06-12 16:00:00+00:00,2020-06-12 16:10:00+00:00,1738.89,1732.355857142857,6.534142857143024,0.25,True,51986,51987,1,1738.93,0.9349593495935501,0.633594962723242,1.0514003366929665,-3.899516823717081,-1.0,stop,2020,2020-06,2020-06-12,0.04591267845820735,-1.0459126784582073,0.03-0.05R,2020-06-12 16:05:00+00:00,2.1828571428571553,1738.1043066013935,1738.93,0.9349593495935501,above,above,5.769999999999982,12,Friday,ny_main,0.35993807527786964,2.6433246073298196,True,False,False,True,False,False,True,True,True,True,True,True,False,False,False,False,True,False,True,True,True,2020-06-12 16:00:00+00:00,1737.88,1737.217707672636,2.7471428571428596,0.24108405052258386,True,False,5,2,2,True,True,True,False,False,2020-06-12 16:10:00+00:00|demand|1738.89
2692,15min,m15_2c_1atr,demand,1722.19,1719.63,2020-06-15 21:15:00+00:00,2020-06-15 20:00:00+00:00,2020-06-15 20:15:00+00:00,2020-06-15 21:00:00+00:00,4,2.2393442622950794,0.8393442622950721,0.15234375000004233,2020-06-16 09:10:00+00:00,2020-06-16 09:45:00+00:00,1726.22,1719.2574285714286,6.962571428571437,11.916666666666666,True,52461,52462,6,1726.16,0.8285024154589326,0.9464893922606462,1.3414584102753364,-0.2111288932660384,-1.0,stop,2020,2020-06,2020-06-16,0.043087529237966216,-1.0430875292379662,0.03-0.05R,2020-06-16 09:40:00+00:00,1.8235714285714104,1724.3075867994776,1726.16,0.8840579710144911,missing,missing,,5,Tuesday,asia_late,1.0487185588450678,,True,False,False,True,False,False,False,False,False,True,True,True,True,False,True,True,True,False,False,True,True,2020-06-16 09:30:00+00:00,1726.16,1725.7702096685066,2.2178571428571234,0.1757508741033449,True,True,5,4,2,True,False,False,False,False,2020-06-16 09:45:00+00:00|demand|1726.22
2754,15min,m15_2c_1atr,demand,1748.26,1745.31,2020-06-22 15:45:00+00:00,2020-06-22 15:00:00+00:00,2020-06-22 15:15:00+00:00,2020-06-22 15:30:00+00:00,2,3.4694796061884725,1.1617440225035431,0.6915254237287906,2020-06-23 05:35:00+00:00,2020-06-23 05:45:00+00:00,1752.57,1744.8421428571428,7.727857142857147,13.833333333333334,True,53793,53794,1,1752.58,0.7486486486486805,2.7368518347351984,0.6741843053886725,2.018670856825971,1.0,tp1,2020,2020-06,2020-06-23,0.0388205934004991,0.9611794065995009,0.03-0.05R,2020-06-23 05:40:00+00:00,2.5585714285714403,1752.0821143689802,1752.58,0.8594594594594575,missing,missing,,1,Tuesday,post_close,0.19068673462523394,,True,False,False,True,False,False,True,True,True,True,True,True,False,False,True,True,False,True,False,True,True,2020-06-23 05:30:00+00:00,1752.58,1753.990828184398,3.043571428571405,-0.46354364190501623,False,True,5,4,2,True,False,False,False,False,2020-06-23 05:45:00+00:00|demand|1752.57
2774,15min,m15_2c_1atr,demand,1773.46,1770.53,2020-06-24 12:00:00+00:00,2020-06-24 11:15:00+00:00,2020-06-24 11:30:00+00:00,2020-06-24 11:45:00+00:00,2,1.6949248653245994,1.16302806918061,0.122866894197993,2020-06-24 14:20:00+00:00,2020-06-24 14:50:00+00:00,1776.53,1770.2102857142856,6.319714285714326,2.3333333333333335,True,54178,54179,5,1776.53,0.5978647686832599,0.35286405352864114,1.2801211628011904,-2.151996021519932,-1.0,stop,2020,2020-06,2020-06-24,0.0474705004747047,-1.0474705004747047,0.03-0.05R,2020-06-24 14:45:00+00:00,1.573571428571459,1775.4974958606308,1776.53,0.8612099644127843,inside,below,3.1800000000000637,10,Wednesday,london_ny_overlap,0.6561533341428982,2.0208806173399925,True,False,False,True,False,False,False,False,False,True,False,False,False,False,True,False,True,False,True,True,True,2020-06-24 14:45:00+00:00,1777.92,1776.1913924564615,2.4064285714285916,0.7183290474781897,True,False,4,4,2,True,True,False,False,True,2020-06-24 14:50:00+00:00|demand|1776.53
2833,15min,m15_2c_1atr,supply,1780.39,1776.78,2020-07-01 16:15:00+00:00,2020-07-01 15:30:00+00:00,2020-07-01 15:45:00+00:00,2020-07-01 16:00:00+00:00,2,1.4672379932154762,0.9023388680593109,0.34349030470913167,2020-07-01 16:25:00+00:00,2020-07-01 16:35:00+00:00,1772.15,1780.9114285714286,8.761428571428496,0.16666666666666666,True,55579,55580,1,1772.16,0.8756660746003092,1.6789499429316996,0.7327572150660249,-0.3869232023479425,1.0,tp1,2020,2020-07,2020-07-01,0.03424099135822628,0.9657590086417738,0.03-0.05R,2020-07-01 16:30:00+00:00,2.650000000000042,1775.6359263622032,1772.16,0.10479573712258154,below,below,3.5499999999999545,12,Wednesday,ny_main,-1.3154439102653168,1.3396226415093955,False,True,False,True,False,False,True,True,True,True,True,True,True,False,False,False,True,False,True,True,True,2020-07-01 16:30:00+00:00,1771.79,1777.156166815495,4.584285714285719,-1.1705567998898474,True,False,0,0,0,False,False,True,False,False,2020-07-01 16:35:00+00:00|supply|1772.15
3023,15min,m15_2c_1atr,demand,1849.99,1846.44,2020-07-22 12:30:00+00:00,2020-07-22 11:45:00+00:00,2020-07-22 12:00:00+00:00,2020-07-22 12:15:00+00:00,2,1.2954636692091905,0.9975913287836096,0.9718309859155182,2020-07-22 16:05:00+00:00,2020-07-22 16:30:00+00:00,1851.91,1845.8681428571429,6.041857142857225,3.5833333333333335,True,59669,59670,4,1851.9,0.8735955056180267,6.077601494337046,0.4518478235168909,5.4056226798760045,1.0,tp1,2020,2020-07,2020-07-22,0.04965360697987779,0.9503463930201222,0.03-0.05R,2020-07-22 16:25:00+00:00,3.0564285714285524,1851.261250975029,1851.9,0.9438202247191514,below,below,4.229999999999791,12,Wednesday,ny_main,0.21225721779842494,1.3839682168730414,True,False,False,True,False,False,False,False,False,True,True,True,True,False,False,False,False,True,True,True,True,2020-07-22 16:15:00+00:00,1851.9,1854.4560793114317,3.6992857142856956,-0.6909656373825646,False,True,3,3,2,True,False,False,True,False,2020-07-22 16:30:00+00:00|demand|1851.91
3034,15min,m15_2c_1atr,demand,1871.03,1867.93,2020-07-23 09:15:00+00:00,2020-07-23 08:30:00+00:00,2020-07-23 08:45:00+00:00,2020-07-23 09:00:00+00:00,2,2.0549102428721624,1.5276311158042575,0.5193548387097338,2020-07-23 16:00:00+00:00,2020-07-23 16:20:00+00:00,1873.93,1867.3452857142859,6.584714285714199,6.75,True,59943,59944,3,1873.92,0.49657534246575663,4.95086021738664,0.6256915366758772,4.2553099169071755,1.0,tp1,2020,2020-07,2020-07-23,0.04556006335018392,0.9544399366498161,0.03-0.05R,2020-07-23 16:15:00+00:00,2.988571428571439,1873.7618350482987,1873.92,0.6369863013698908,below,below,3.6200000000001182,12,Thursday,ny_main,0.05626934330350357,1.211281070745733,True,False,False,True,False,False,False,False,True,True,False,False,False,False,True,True,False,False,True,True,True,2020-07-23 16:15:00+00:00,1875.36,1875.8118300454514,3.933571428571424,-0.11486509236101737,False,False,7,3,2,True,False,False,True,False,2020-07-23 16:20:00+00:00|demand|1873.93
3049,15min,m15_2c_1atr,demand,1895.21,1891.97,2020-07-24 16:00:00+00:00,2020-07-24 15:15:00+00:00,2020-07-24 15:30:00+00:00,2020-07-24 15:45:00+00:00,2,1.1789473684210474,1.015901455767078,0.2901234567901395,2020-07-24 16:00:00+00:00,2020-07-24 16:05:00+00:00,1900.77,1891.450142857143,9.319857142857018,0.0,True,60216,60217,0,1900.79,0.5651558073654448,4.765094498689507,0.3658854366253452,4.030104691978773,1.0,tp1,2020,2020-07,2020-07-24,0.03218933460046947,0.9678106653995305,0.03-0.05R,2020-07-24 16:00:00+00:00,2.3528571428571468,1896.6133273692824,1900.79,0.8271954674220912,above,above,5.25,12,Friday,ny_main,1.766648962660784,2.23132969034608,True,False,False,True,False,False,True,True,True,True,False,False,False,False,False,False,True,False,True,True,True,2020-07-24 16:00:00+00:00,1902.46,1895.9455308738554,3.6942857142857,1.7633907147336583,True,False,1,1,1,True,True,True,False,False,2020-07-24 16:05:00+00:00|demand|1900.77
3096,15min,m15_2c_1atr,demand,1946.33,1939.52,2020-07-30 18:45:00+00:00,2020-07-30 18:00:00+00:00,2020-07-30 18:15:00+00:00,2020-07-30 18:30:00+00:00,2,1.3558349878667528,1.051621442753137,0.6916299559471475,2020-07-30 19:40:00+00:00,2020-07-30 19:50:00+00:00,1948.19,1939.145857142857,9.044142857143015,0.9166666666666666,True,61365,61366,1,1948.2,0.9550561797753211,3.8809647917356944,0.03869907911988678,2.53976527823844,1.0,tp1,2020,2020-07,2020-07-30,0.03317063924560431,0.9668293607543957,0.03-0.05R,2020-07-30 19:45:00+00:00,1.9128571428571408,1947.4677176931934,1948.2,0.9662921348314908,below,below,4.0,15,Thursday,ny_main,0.3775934389579043,2.0911127707244233,True,False,False,True,False,False,True,True,True,True,True,True,False,False,False,False,False,True,True,True,True,2020-07-30 19:45:00+00:00,1949.64,1947.8257864485336,5.4599999999999875,0.3322735442246412,True,False,0,0,0,False,False,False,True,False,2020-07-30 19:50:00+00:00|demand|1948.19
3101,15min,m15_2c_1atr,demand,1961.45,1959.02,2020-07-31 05:00:00+00:00,2020-07-31 04:15:00+00:00,2020-07-31 04:30:00+00:00,2020-07-31 04:45:00+00:00,2,1.929606625258849,1.0062111801242584,0.213991769547312,2020-07-31 16:30:00+00:00,2020-07-31 16:50:00+00:00,1968.1,1958.2234285714285,9.876571428571424,11.5,True,61605,61606,3,1968.1,0.7472766884530997,1.8832446193011023,0.7715227956491446,0.49207359407545864,1.0,tp1,2020,2020-07,2020-07-31,0.030374913214533686,0.9696250867854663,0.03-0.05R,2020-07-31 16:45:00+00:00,3.9250000000000034,1966.1698990579926,1968.1,0.8671023965141377,below,below,2.6299999999998818,12,Friday,ny_main,0.49174546293181026,0.6700636942674852,True,False,False,True,False,False,False,False,True,True,True,True,False,False,True,False,True,False,True,True,True,2020-07-31 16:45:00+00:00,1967.25,1969.4141752185233,4.0414285714285825,-0.535497579698227,False,False,3,3,2,True,False,False,True,False,2020-07-31 16:50:00+00:00|demand|1968.1
3135,15min,m15_2c_1atr,demand,1971.82,1967.59,2020-08-04 15:30:00+00:00,2020-08-04 14:30:00+00:00,2020-08-04 14:45:00+00:00,2020-08-04 15:15:00+00:00,3,1.5054161162483108,1.5645970937912732,0.13711583924348103,2020-08-04 15:50:00+00:00,2020-08-04 16:05:00+00:00,1974.93,1967.1905714285713,7.739428571428789,0.3333333333333333,True,62148,62149,2,1974.92,0.8159509202454261,9.454186355581522,0.4586901949202411,9.407671293561453,1.0,tp1,2020,2020-08,2020-08-04,0.038762551683401154,0.9612374483165989,0.03-0.05R,2020-08-04 16:00:00+00:00,1.9371428571428655,1973.8766217592465,1974.92,1.0,inside,inside,1.6400000000001,12,Tuesday,ny_main,0.5437793278226244,0.8466076696165672,True,False,False,True,False,False,False,True,True,True,True,True,False,False,True,False,True,False,True,True,True,2020-08-04 16:00:00+00:00,1975.89,1973.9769078909374,2.9550000000000085,0.6474084971447512,True,False,9,3,2,True,True,False,False,True,2020-08-04 16:05:00+00:00|demand|1974.93
3146,15min,m15_2c_1atr,demand,2033.56,2027.49,2020-08-05 10:45:00+00:00,2020-08-05 10:00:00+00:00,2020-08-05 10:15:00+00:00,2020-08-05 10:30:00+00:00,2,1.6544142906217374,1.4596358639642462,0.1894563426688428,2020-08-05 10:55:00+00:00,2020-08-05 11:05:00+00:00,2034.92,2026.833,8.086999999999989,0.16666666666666666,True,62364,62365,1,2034.9,0.7061611374407961,2.5547174477556425,0.7641894398417302,1.7793990354890432,1.0,tp1,2020,2020-08,2020-08-05,0.03709657474959817,0.9629034252504018,0.03-0.05R,2020-08-05 11:00:00+00:00,3.261428571428561,2034.5584123217716,2034.9,0.8199052132701897,missing,missing,,7,Wednesday,asia_late,0.11086788206743006,,True,False,False,True,False,False,True,True,True,True,True,True,False,False,True,False,True,False,False,True,True,2020-08-05 11:00:00+00:00,2032.72,2032.0098496503113,4.51285714285718,0.15736158429317443,True,False,0,0,0,False,False,False,False,False,2020-08-05 11:05:00+00:00|demand|2034.92
3148,15min,m15_2c_1atr,demand,2033.52,2028.85,2020-08-05 12:00:00+00:00,2020-08-05 11:15:00+00:00,2020-08-05 11:30:00+00:00,2020-08-05 11:45:00+00:00,2,1.3474030833707535,0.9785960185601018,0.3190578158458214,2020-08-05 15:55:00+00:00,2020-08-05 16:10:00+00:00,2037.17,2028.2104285714286,8.959571428571508,3.9166666666666665,True,62425,62426,2,2037.16,0.47719298245620023,3.62740564759153,0.9408932187445178,3.014653124352196,1.0,tp1,2020,2020-08,2020-08-05,0.03348374443930643,0.9665162555606935,0.03-0.05R,2020-08-05 16:05:00+00:00,3.441428571428592,2036.8498784454337,2037.16,0.8421052631579535,below,below,2.4600000000000364,12,Wednesday,ny_main,0.09301996189144356,0.7148194271482006,True,False,False,True,False,False,False,True,True,True,False,False,True,False,False,False,True,False,True,True,True,2020-08-05 16:00:00+00:00,2037.72,2038.5210342262967,3.789999999999996,-0.21135467712313447,False,False,1,1,1,True,False,False,True,False,2020-08-05 16:10:00+00:00|demand|2037.17
3163,15min,m15_2c_1atr,demand,2051.91,2048.3,2020-08-06 14:45:00+00:00,2020-08-06 14:00:00+00:00,2020-08-06 14:15:00+00:00,2020-08-06 14:30:00+00:00,2,1.7270408163265225,0.9209183673468534,0.0941828254848134,2020-08-06 18:10:00+00:00,2020-08-06 18:50:00+00:00,2056.17,2047.6622857142859,8.5077142857142,3.4166666666666665,True,62733,62734,7,2056.17,0.8333333333333334,2.2414951136783303,1.6996339456627811,-3.4098465258421258,1.0,tp1,2020,2020-08,2020-08-06,0.035262115055244334,0.9647378849447557,0.03-0.05R,2020-08-06 18:45:00+00:00,3.5735714285713778,2054.5528311697162,2056.17,0.8409090909090831,above,above,3.980000000000018,14,Thursday,ny_main,0.4525357510288656,1.113731760943455,True,False,False,True,False,False,False,False,False,True,True,True,True,False,True,False,True,False,True,True,True,2020-08-06 18:45:00+00:00,2057.91,2056.587872940186,6.622857142857096,0.19963091929888335,True,False,5,4,2,True,True,True,False,False,2020-08-06 18:50:00+00:00|demand|2056.17
3164,15min,m15_2c_1atr,supply,2064.91,2059.9,2020-08-06 16:00:00+00:00,2020-08-06 15:15:00+00:00,2020-08-06 15:30:00+00:00,2020-08-06 15:45:00+00:00,2,1.5312115350800726,1.2333391946544192,0.21756487025942958,2020-08-06 16:05:00+00:00,2020-08-06 16:20:00+00:00,2056.64,2065.7354285714287,9.095428571428783,0.08333333333333333,True,62703,62704,2,2056.64,0.7179487179487702,0.04947540365644677,1.1489288182446473,3.3951121442481957,-1.0,stop,2020,2020-08,2020-08-06,0.03298360243764451,-1.0329836024376444,0.03-0.05R,2020-08-06 16:15:00+00:00,3.8585714285714596,2057.9102134499803,2056.64,0.23290598290592499,above,above,3.980000000000018,12,Thursday,ny_main,-0.3291926749301462,1.0314698259903703,False,True,False,True,False,False,False,True,True,True,True,True,False,False,True,False,True,False,True,True,True,2020-08-06 16:15:00+00:00,2061.97,2058.170735266689,4.7099999999999715,0.8066379476243769,False,False,0,0,0,False,False,False,True,False,2020-08-06 16:20:00+00:00|supply|2056.64
3166,15min,m15_2c_1atr,supply,2067.91,2062.25,2020-08-06 17:30:00+00:00,2020-08-06 16:45:00+00:00,2020-08-06 17:00:00+00:00,2020-08-06 17:15:00+00:00,2,1.115139137094775,1.0114883839673117,0.8038869257951058,2020-08-06 19:05:00+00:00,2020-08-06 19:25:00+00:00,2056.9,2068.5094285714285,11.609428571428452,1.5833333333333333,True,62740,62741,3,2056.88,0.7137096774193422,0.2876971919376032,1.5797504491423122,3.3446951984840383,-1.0,stop,2020,2020-08,2020-08-06,0.025841065144094965,-1.025841065144095,<=0.03R,2020-08-06 19:20:00+00:00,3.0678571428570973,2057.821109009906,2056.88,0.09274193548387762,above,above,3.980000000000018,15,Thursday,ny_main,-0.30024507889838525,1.2973224679860555,False,True,True,True,True,False,False,False,True,True,True,True,False,False,False,False,False,True,True,True,True,2020-08-06 19:15:00+00:00,2057.45,2057.268960173693,6.34071428571422,0.028551960891031104,False,False,2,2,1,True,False,False,True,False,2020-08-06 19:25:00+00:00|supply|2056.9
3226,15min,m15_2c_1atr,demand,1921.87,1916.71,2020-08-12 11:00:00+00:00,2020-08-12 10:15:00+00:00,2020-08-12 10:30:00+00:00,2020-08-12 10:45:00+00:00,2,1.6893491124260234,0.5088757396449559,0.3914728682170618,2020-08-12 11:45:00+00:00,2020-08-12 12:00:00+00:00,1930.68,1915.316142857143,15.363857142857114,0.75,True,63755,63756,2,1930.66,0.8913202042304883,1.20933173403256,1.0999841929575056,-0.003905269324120714,1.0,tp1,2020,2020-08,2020-08-12,0.019526346620547332,0.9804736533794527,<=0.03R,2020-08-12 11:55:00+00:00,6.867142857142848,1929.7232574975687,1930.66,0.9642596644784823,missing,missing,,8,Wednesday,london_ny_overlap,0.13932177068898036,,True,False,True,True,True,True,False,True,True,True,True,True,True,False,True,False,False,False,True,True,True,2020-08-12 11:45:00+00:00,1930.66,1928.593469874808,10.517857142857142,0.196478246198221,True,True,7,4,2,True,False,False,False,False,2020-08-12 12:00:00+00:00|demand|1930.68
3230,15min,m15_2c_1atr,supply,1949.26,1944.83,2020-08-12 20:30:00+00:00,2020-08-12 19:30:00+00:00,2020-08-12 19:45:00+00:00,2020-08-12 20:15:00+00:00,3,1.7083238829666654,0.7033340893626805,0.9367945823927323,2020-08-13 17:25:00+00:00,2020-08-13 17:45:00+00:00,1943.64,1950.105,6.464999999999918,20.916666666666668,True,64100,64101,3,1943.58,0.7055016181229907,0.392884764114497,1.231245166279955,0.4361948955916782,-1.0,stop,2020,2020-08,2020-08-13,0.04640371229698435,-1.0464037122969843,0.03-0.05R,2020-08-13 17:40:00+00:00,4.308571428571424,1944.054464595198,1943.58,0.12297734627831441,above,above,3.990000000000009,13,Thursday,ny_main,-0.09619536360692625,0.9260610079575627,False,True,False,True,False,False,False,False,True,True,True,True,True,False,True,False,False,True,True,True,True,2020-08-13 17:30:00+00:00,1943.58,1939.2294457498326,6.77500000000001,0.6421482288069815,False,True,4,4,2,True,False,False,True,False,2020-08-13 17:45:00+00:00|supply|1943.64
3257,15min,m15_2c_1atr,supply,1956.35,1948.34,2020-08-14 17:15:00+00:00,2020-08-14 16:15:00+00:00,2020-08-14 16:30:00+00:00,2020-08-14 17:00:00+00:00,3,1.4983645165511028,1.467224911683891,0.29088639201000716,2020-08-14 17:50:00+00:00,2020-08-14 18:20:00+00:00,1945.23,1956.9511428571427,11.721142857142695,0.5833333333333334,True,64383,64384,5,1945.23,0.7521613832852678,1.3514040561622582,1.0041682917316817,-3.5653519890796095,1.0,tp1,2020,2020-08,2020-08-14,0.025594773790951993,0.974405226209048,<=0.03R,2020-08-14 18:15:00+00:00,3.081428571428595,1946.8360623639956,1945.23,0.21613832853025766,inside,inside,6.220000000000027,14,Friday,ny_main,-0.5212070722284956,2.0185442744552553,False,True,True,True,True,False,False,False,False,True,True,True,False,False,False,False,True,False,True,True,True,2020-08-14 18:15:00+00:00,1945.52,1946.9389453720823,5.706428571428595,-0.2486573439623606,True,False,5,2,2,True,True,False,False,True,2020-08-14 18:20:00+00:00|supply|1945.23
3270,15min,m15_2c_1atr,demand,1984.52,1981.89,2020-08-18 04:15:00+00:00,2020-08-18 03:00:00+00:00,2020-08-18 03:15:00+00:00,2020-08-18 04:00:00+00:00,4,2.4491725768322,0.9671657473075552,0.46387832699622894,2020-08-18 17:25:00+00:00,2020-08-18 17:50:00+00:00,1995.19,1980.6195714285716,14.570428571428465,13.166666666666666,True,64929,64930,4,1995.14,0.8622222222222464,1.0246781641877347,1.015069661643451,-2.0850450521114423,1.0,tp1,2020,2020-08,2020-08-18,0.02058964830919784,0.9794103516908022,<=0.03R,2020-08-18 17:45:00+00:00,6.227142857142829,1993.3355706092007,1995.14,0.868888888888907,below,below,4.25,13,Tuesday,ny_main,0.29779779159430675,0.6824959853177365,True,False,True,True,True,False,False,False,False,True,True,True,True,False,True,True,False,False,True,True,True,2020-08-18 17:45:00+00:00,1992.48,1997.855087918908,8.036428571428587,-0.6688403774305676,False,False,7,4,2,True,False,False,True,False,2020-08-18 17:50:00+00:00|demand|1995.19
3280,15min,m15_2c_1atr,supply,2014.33,2009.09,2020-08-18 16:15:00+00:00,2020-08-18 15:30:00+00:00,2020-08-18 15:45:00+00:00,2020-08-18 16:00:00+00:00,2,1.1675257731958657,1.350515463917524,0.3473282442747964,2020-08-18 16:15:00+00:00,2020-08-18 17:00:00+00:00,2005.05,2014.9804285714285,9.930428571428592,0.0,True,64919,64920,8,2005.06,0.86201022146505,4.42679786514752,0.5105519830822937,3.8366924172456778,1.0,tp1,2020,2020-08,2020-08-18,0.030210176513745565,0.9697898234862544,0.03-0.05R,2020-08-18 16:55:00+00:00,3.089999999999967,2010.6901220617572,2005.06,0.12095400340715878,inside,inside,4.25,13,Tuesday,ny_main,-1.825282220633421,1.3754045307443512,False,True,False,True,False,False,False,False,False,True,True,True,False,False,False,False,True,False,True,True,True,2020-08-18 16:45:00+00:00,2005.06,2009.970125712601,4.744285714285736,-1.0349557358689265,True,True,1,1,1,True,True,False,False,True,2020-08-18 17:00:00+00:00|supply|2005.05
3283,15min,m15_2c_1atr,demand,1998.77,1980.44,2020-08-18 18:00:00+00:00,2020-08-18 17:15:00+00:00,2020-08-18 17:30:00+00:00,2020-08-18 17:45:00+00:00,2,1.2468225046662471,2.2808639232068124,0.8390616475722827,2020-08-18 18:00:00+00:00,2020-08-18 18:30:00+00:00,2000.7,1979.367,21.333000000000084,0.0,True,64937,64938,5,2000.68,0.9873015873015992,0.44156939952185853,1.2806450100782745,-1.9453428959827421,-1.0,stop,2020,2020-08,2020-08-18,0.014062719729995725,-1.0140627197299956,<=0.03R,2020-08-18 18:25:00+00:00,5.5399999999999965,1997.1234183189815,2000.68,0.9873015873015992,below,below,4.25,14,Tuesday,ny_main,0.6455923611946799,0.7671480144404337,True,False,True,True,True,True,False,False,False,True,True,True,False,True,False,False,False,True,True,True,True,2020-08-18 18:15:00+00:00,2000.68,1998.431843308969,8.326428571428599,0.2700025192968507,True,True,18,4,2,True,False,False,True,False,2020-08-18 18:30:00+00:00|demand|2000.7
3313,15min,m15_2c_1atr,supply,1947.55,1937.5,2020-08-20 16:15:00+00:00,2020-08-20 15:30:00+00:00,2020-08-20 15:45:00+00:00,2020-08-20 16:00:00+00:00,2,1.5297348937186679,1.6802006209696603,0.4467661691542318,2020-08-20 17:20:00+00:00,2020-08-20 17:45:00+00:00,1936.05,1948.4752857142857,12.425285714285792,1.0833333333333333,True,65480,65481,4,1936.05,0.918032786885229,0.09738206652333607,1.0027938420501938,-0.16176690389413118,-1.0,stop,2020,2020-08,2020-08-20,0.02414431401404954,-1.0241443140140496,<=0.03R,2020-08-20 17:40:00+00:00,4.466428571428602,1936.6874327351495,1936.05,0.0819672131147709,above,above,6.930000000000064,13,Thursday,ny_main,-0.14271642878768226,1.55157524388294,False,True,True,True,True,False,False,False,False,True,True,True,False,False,True,False,False,False,True,True,True,2020-08-20 17:30:00+00:00,1936.05,1934.6482492113723,7.236428571428584,0.19370754161274006,False,True,14,3,2,True,False,False,True,False,2020-08-20 17:45:00+00:00|supply|1936.05
3336,15min,m15_2c_1atr,supply,1948.28,1941.88,2020-08-24 17:00:00+00:00,2020-08-24 16:15:00+00:00,2020-08-24 16:30:00+00:00,2020-08-24 16:45:00+00:00,2,1.7495198902606588,1.2290809327846126,0.2812499999999989,2020-08-24 17:00:00+00:00,2020-08-24 17:35:00+00:00,1937.36,1949.1037142857142,11.743714285714304,0.0,True,66030,66031,6,1937.32,0.713669064748202,1.9670097073206227,0.1583825998102434,1.9133639880300508,1.0,tp1,2020,2020-08,2020-08-24,0.02554558061455364,0.9744544193854464,<=0.03R,2020-08-24 17:30:00+00:00,4.07428571428576,1941.886721793982,1937.32,0.19856115107911837,below,below,2.8899999999998727,13,Monday,ny_main,-1.1110467236281096,0.7093267882187546,False,True,True,True,True,False,False,False,False,True,True,True,False,False,True,False,True,False,True,True,True,2020-08-24 17:30:00+00:00,1935.84,1942.8624401007696,6.3192857142857,-1.1112711813131686,True,False,0,0,0,False,False,True,False,False,2020-08-24 17:35:00+00:00|supply|1937.36
3337,15min,m15_2c_1atr,supply,1946.17,1937.49,2020-08-24 17:45:00+00:00,2020-08-24 17:00:00+00:00,2020-08-24 17:15:00+00:00,2020-08-24 17:30:00+00:00,2,1.6141064767717979,1.3735729625862005,0.9055299539170325,2020-08-25 06:45:00+00:00,2020-08-25 07:20:00+00:00,1936.03,1946.317,10.287000000000035,13.0,True,66183,66184,6,1936.03,0.7051282051279659,2.11626324487216,0.05249343832020626,1.3959366190337175,1.0,tp1,2020,2020-08,2020-08-25,0.029163021289005442,0.9708369787109945,<=0.03R,2020-08-25 07:15:00+00:00,0.7507142857143175,1936.3247481332255,1936.03,0.23076923076925318,missing,missing,,3,Tuesday,asia_late,-0.392623583744755,,False,True,True,True,True,False,False,False,False,True,True,True,False,False,True,False,False,True,False,True,True,2020-08-25 07:15:00+00:00,1935.7,1935.4298028030676,1.8171428571428936,0.1486934259848556,False,False,3,3,2,True,False,False,False,False,2020-08-25 07:20:00+00:00|supply|1936.03
3360,15min,m15_2c_1atr,demand,1935.18,1927.27,2020-08-26 18:00:00+00:00,2020-08-26 17:00:00+00:00,2020-08-26 17:15:00+00:00,2020-08-26 17:45:00+00:00,3,1.0135149292823584,1.1601885804086025,0.452591656131494,2020-08-27 15:30:00+00:00,2020-08-27 15:50:00+00:00,1941.68,1926.6008571428572,15.07914285714287,21.5,True,66837,66838,3,1941.68,0.7664041994750956,2.3224131724046426,1.0710157833904972,1.0305625556587117,1.0,tp1,2020,2020-08,2020-08-27,0.019895030032021508,0.9801049699679785,<=0.03R,2020-08-27 15:45:00+00:00,3.253571428571409,1938.432737054375,1941.68,0.8215223097112967,inside,below,2.8099999999999454,11,Thursday,london_ny_overlap,0.998061059028593,0.8636663007683748,True,False,True,True,True,True,False,False,True,True,True,True,False,False,False,False,False,False,True,True,True,2020-08-27 15:45:00+00:00,1939.81,1939.7315257048738,3.847857142857135,0.0203942849780284,True,False,1,1,1,True,False,False,False,True,2020-08-27 15:50:00+00:00|demand|1941.68
3376,15min,m15_2c_1atr,demand,1929.19,1926.61,2020-08-28 04:15:00+00:00,2020-08-28 03:30:00+00:00,2020-08-28 03:45:00+00:00,2020-08-28 04:00:00+00:00,2,1.3244318181817702,1.0261363636364105,0.18604651162790287,2020-08-28 04:30:00+00:00,2020-08-28 04:45:00+00:00,1932.3,1926.2535714285714,6.046428571428578,0.25,True,66980,66981,2,1932.3,0.8609467455621173,7.333254577672786,0.1455404607205946,6.321086828115768,1.0,tp1,2020,2020-08,2020-08-28,0.04961606615475482,0.9503839338452452,0.03-0.05R,2020-08-28 04:40:00+00:00,1.5664285714285273,1930.1452443288922,1932.3,0.9792899408284205,missing,missing,,0,Friday,post_close,1.3755850157551006,,True,False,False,True,False,False,False,True,True,True,True,True,False,False,False,False,True,False,False,True,True,2020-08-28 04:30:00+00:00,1932.3,1929.7007605535682,2.58500000000002,1.0055084899155584,True,True,0,0,0,False,False,False,False,False,2020-08-28 04:45:00+00:00|demand|1932.3
3381,15min,m15_2c_1atr,demand,1949.35,1945.87,2020-08-28 11:45:00+00:00,2020-08-28 11:00:00+00:00,2020-08-28 11:15:00+00:00,2020-08-28 11:30:00+00:00,2,1.2876754118365294,0.7431360585723047,0.16091954022986854,2020-08-28 13:10:00+00:00,2020-08-28 13:40:00+00:00,1956.33,1945.2694285714285,11.060571428571393,1.4166666666666667,True,67087,67088,5,1956.32,0.5670926517571615,1.8362523248605298,0.4999741682165728,1.1138665013432711,1.0,tp1,2020,2020-08,2020-08-28,0.02712337259764423,0.9728766274023558,<=0.03R,2020-08-28 13:35:00+00:00,3.1321428571428993,1953.7469312368205,1956.32,0.5910543130990282,inside,inside,8.61999999999989,9,Friday,london_ny_overlap,0.8246969825430213,2.752109464082026,True,False,True,True,True,False,False,False,False,True,False,False,True,False,False,False,True,False,True,True,True,2020-08-28 13:30:00+00:00,1956.15,1954.2711525580776,5.156428571428576,0.364369915319507,True,False,4,4,2,True,True,False,False,True,2020-08-28 13:40:00+00:00|demand|1956.33
3383,15min,m15_2c_1atr,demand,1952.81,1950.43,2020-08-28 14:00:00+00:00,2020-08-28 13:15:00+00:00,2020-08-28 13:30:00+00:00,2020-08-28 13:45:00+00:00,2,1.21542141550581,0.46883354439282926,0.15966386554627227,2020-08-28 15:35:00+00:00,2020-08-28 16:20:00+00:00,1957.59,1949.5897142857143,8.00028571428561,1.5833333333333333,True,67119,67120,8,1957.61,0.6465324384787476,2.381164958394397,0.6162279918574213,1.6861897789364897,1.0,tp1,2020,2020-08,2020-08-28,0.03749866076211612,0.9625013392378838,0.03-0.05R,2020-08-28 16:15:00+00:00,4.192142857142828,1955.6191420261055,1957.61,0.7785234899328739,above,above,8.61999999999989,12,Friday,ny_main,0.47013139605593013,2.0562276367353776,True,False,False,True,False,False,False,False,False,True,True,False,True,False,False,False,True,False,True,True,True,2020-08-28 16:15:00+00:00,1958.95,1957.4338296162139,5.374999999999951,0.2820782109369654,True,False,3,3,2,True,True,True,False,False,2020-08-28 16:20:00+00:00|demand|1957.59
3390,15min,m15_2c_1atr,demand,1960.69,1957.42,2020-08-31 12:30:00+00:00,2020-08-31 11:15:00+00:00,2020-08-31 11:30:00+00:00,2020-08-31 12:15:00+00:00,4,2.0224801916344,0.8435599778883317,0.1804281345565509,2020-08-31 15:25:00+00:00,2020-08-31 15:45:00+00:00,1964.95,1956.9722857142858,7.977714285714228,2.9166666666666665,True,67388,67389,3,1964.95,0.5958549222798202,3.4420886755963336,0.3622591504906677,2.188596805386454,1.0,tp1,2020,2020-08,2020-08-31,0.037604756106296384,0.9623952438937036,0.03-0.05R,2020-08-31 15:40:00+00:00,2.208571428571385,1964.1468513967977,1964.95,0.8290155440414941,inside,inside,3.3099999999999454,11,Monday,london_ny_overlap,0.3636507259001506,1.4987063389392028,True,False,False,True,False,False,False,False,True,True,False,False,True,False,True,True,True,False,True,True,True,2020-08-31 15:30:00+00:00,1964.95,1964.8283972076308,3.1807142857142674,0.038231284373888216,True,True,2,2,2,True,True,False,False,True,2020-08-31 15:45:00+00:00|demand|1964.95
3397,15min,m15_2c_1atr,demand,1967.18,1965.18,2020-09-01 03:00:00+00:00,2020-09-01 01:45:00+00:00,2020-09-01 02:00:00+00:00,2020-09-01 02:45:00+00:00,4,1.022900763358766,1.0178117048345976,0.5649999999999409,2020-09-01 17:40:00+00:00,2020-09-01 17:55:00+00:00,1974.74,1964.2075714285716,10.532428571428454,14.666666666666666,True,67690,67691,2,1974.76,0.7685950413223049,0.4386452724239369,1.1032593215511513,-2.917655675668378,-1.0,stop,2020,2020-09,2020-09-01,0.028483459248308262,-1.0284834592483083,<=0.03R,2020-09-01 17:50:00+00:00,4.874999999999951,1972.319414762404,1974.76,0.8691460055096355,below,below,6.289999999999964,13,Tuesday,ny_main,0.49653030514790547,1.2902564102564158,True,False,True,True,True,False,False,True,True,True,True,True,False,False,False,False,False,False,True,True,True,2020-09-01 17:45:00+00:00,1977.05,1977.8574755155464,6.078571428571406,-0.132839685283789,False,False,3,3,2,True,False,False,True,False,2020-09-01 17:55:00+00:00|demand|1974.74
3433,15min,m15_2c_1atr,demand,1931.51,1927.3,2020-09-03 15:00:00+00:00,2020-09-03 14:15:00+00:00,2020-09-03 14:30:00+00:00,2020-09-03 14:45:00+00:00,2,2.228906823184144,1.441428222059192,0.23990498812351121,2020-09-03 15:15:00+00:00,2020-09-03 15:25:00+00:00,1934.7,1926.7949999999998,7.9050000000002,0.25,True,68212,68213,1,1934.62,0.8140043763675824,1.4180898165717588,1.6356736242883918,-1.0385831752055443,1.0,tp1,2020,2020-09,2020-09-03,0.03795066413662143,0.9620493358633786,0.03-0.05R,2020-09-03 15:20:00+00:00,2.5650000000000057,1932.975670602736,1934.62,0.9234135667395752,above,above,3.0799999999999272,11,Thursday,london_ny_overlap,0.6722531763212463,1.2007797270954854,True,False,False,True,False,False,True,True,True,True,True,True,False,False,True,True,True,False,True,True,True,2020-09-03 15:15:00+00:00,1933.73,1932.4608019011876,3.2371428571428527,0.39207355214860024,True,False,3,3,2,True,True,True,False,False,2020-09-03 15:25:00+00:00|demand|1934.7
3435,15min,m15_2c_1atr,supply,1945.91,1938.85,2020-09-03 17:30:00+00:00,2020-09-03 16:45:00+00:00,2020-09-03 17:00:00+00:00,2020-09-03 17:15:00+00:00,2,1.1923866904012033,1.3534164042174701,0.4999999999999839,2020-09-03 17:40:00+00:00,2020-09-03 18:05:00+00:00,1937.96,1946.6784285714286,8.718428571428603,0.16666666666666666,True,68244,68245,4,1937.96,0.7474949899799622,1.8569860230382271,1.1699356043848015,1.9453046912123715,1.0,tp1,2020,2020-09,2020-09-03,0.03440987071719989,0.9655901292828001,0.03-0.05R,2020-09-03 18:00:00+00:00,3.930714285714284,1939.3833718924684,1937.96,0.1042084168336635,above,above,3.0799999999999272,14,Thursday,ny_main,-0.36211532790400053,0.7835725967653826,False,True,False,True,False,False,False,False,False,True,True,True,False,False,False,False,False,False,True,True,True,2020-09-03 18:00:00+00:00,1935.13,1938.2963943250616,5.414285714285727,-0.5848221708556748,True,False,7,2,1,True,False,False,True,False,2020-09-03 18:05:00+00:00|supply|1937.96
3443,15min,m15_2c_1atr,demand,1923.94,1917.27,2020-09-04 19:45:00+00:00,2020-09-04 18:45:00+00:00,2020-09-04 19:00:00+00:00,2020-09-04 19:30:00+00:00,3,1.0361676646706692,1.1183233532934254,0.2023988005997184,2020-09-04 20:15:00+00:00,2020-09-04 20:25:00+00:00,1926.69,1916.8535714285715,9.836428571428542,0.5,True,68548,68549,1,1926.69,0.8344594594595225,1.487328443831232,0.24297436642220246,0.453416600101668,1.0,tp1,2020,2020-09,2020-09-04,0.030498874446300287,0.9695011255536997,0.03-0.05R,2020-09-04 20:20:00+00:00,2.10642857142854,1925.5161165935303,1926.69,0.9459459459459916,below,below,2.6900000000000546,16,Friday,ny_main,0.5572861203993296,1.277043065445959,True,False,False,True,False,False,True,True,True,True,True,True,False,False,False,False,True,False,True,True,True,2020-09-04 20:15:00+00:00,1927.2,1925.250327947532,5.322857142857141,0.3662829942908273,True,False,0,0,0,False,False,False,True,False,2020-09-04 20:25:00+00:00|demand|1926.69
3468,15min,m15_2c_1atr,supply,1920.67,1913.85,2020-09-08 16:15:00+00:00,2020-09-08 15:15:00+00:00,2020-09-08 15:30:00+00:00,2020-09-08 16:00:00+00:00,3,1.0823360459550062,1.1426519865964826,0.33577712609969335,2020-09-08 16:15:00+00:00,2020-09-08 16:25:00+00:00,1913.36,1921.3407142857143,7.9807142857143845,0.0,True,69004,69005,1,1913.35,0.369426751592371,0.8708493690145551,1.22670724066948,-4.03347355231357,-1.0,stop,2020,2020-09,2020-09-08,0.03759062024523358,-1.0375906202452336,0.03-0.05R,2020-09-08 16:20:00+00:00,3.305000000000015,1913.8609065056667,1913.35,0.17834394904456294,inside,inside,8.779999999999973,12,Tuesday,ny_main,-0.1515602135149047,2.6565809379727483,False,True,False,True,False,False,True,True,True,False,False,False,False,False,False,False,True,False,True,True,True,2020-09-08 16:15:00+00:00,1911.35,1914.3491682772813,6.15428571428572,-0.4873300357699483,True,False,0,0,0,False,False,False,False,True,2020-09-08 16:25:00+00:00|supply|1913.36
3470,15min,m15_2c_1atr,demand,1926.64,1917.21,2020-09-08 18:30:00+00:00,2020-09-08 17:30:00+00:00,2020-09-08 17:45:00+00:00,2020-09-08 18:15:00+00:00,3,1.2652439024390123,1.437500000000004,0.30752916224812765,2020-09-08 18:30:00+00:00,2020-09-08 18:35:00+00:00,1927.53,1916.4555714285714,11.074428571428598,0.0,True,69030,69031,0,1927.54,0.3039215686274772,1.9341855755214736,0.6763328646431281,1.8511113117735796,1.0,tp1,2020,2020-09,2020-09-08,0.02708943383083287,0.9729105661691672,<=0.03R,2020-09-08 18:30:00+00:00,4.007857142857184,1925.4345760904182,1927.54,0.45098039215683217,above,above,8.779999999999973,14,Tuesday,ny_main,0.5228289918756809,2.1906968454820595,True,False,True,True,True,False,True,True,True,False,False,False,False,False,False,False,True,False,True,True,True,2020-09-08 18:30:00+00:00,1928.5,1923.295096276486,6.450714285714314,0.8068724629520074,True,False,7,4,2,True,False,True,False,False,2020-09-08 18:35:00+00:00|demand|1927.53
3594,15min,m15_2c_1atr,supply,1939.24,1934.89,2020-09-21 12:30:00+00:00,2020-09-21 11:45:00+00:00,2020-09-21 12:00:00+00:00,2020-09-21 12:15:00+00:00,2,1.1537009855315643,1.2769972740616078,0.2942528735632183,2020-09-21 12:30:00+00:00,2020-09-21 12:35:00+00:00,1931.24,1939.6875714285713,8.447571428571337,0.0,True,71442,71443,0,1931.24,0.884705882352939,5.805218744186892,0.39064481761452885,3.0233541339015724,1.0,tp1,2020,2020-09,2020-09-21,0.03551316523768493,0.9644868347623151,0.03-0.05R,2020-09-21 12:30:00+00:00,2.217142857142887,1935.9598878607271,1931.24,0.10117647058825027,missing,missing,,8,Monday,london_ny_overlap,-2.1288154011011176,,False,True,False,True,False,False,True,True,True,True,True,True,False,False,False,False,True,False,True,True,True,2020-09-21 12:30:00+00:00,1930.83,1939.0954292771526,3.542142857142884,-2.333454524705304,True,False,0,0,0,False,False,False,False,False,2020-09-21 12:35:00+00:00|supply|1931.24
3597,15min,m15_2c_1atr,demand,1897.3,1886.25,2020-09-21 19:15:00+00:00,2020-09-21 18:15:00+00:00,2020-09-21 18:30:00+00:00,2020-09-21 19:00:00+00:00,3,1.2359550561797816,1.30691898285038,0.405429864253397,2020-09-22 10:35:00+00:00,2020-09-22 10:50:00+00:00,1900.72,1885.631,15.088999999999942,15.333333333333334,True,71697,71698,2,1900.79,0.8669833729215753,1.1226721452713977,1.2260587182715934,-1.4109616276757933,1.0,tp1,2020,2020-09,2020-09-22,0.01988203326926908,0.9801179667307309,<=0.03R,2020-09-22 10:45:00+00:00,3.1242857142857474,1900.6740847591147,1900.79,1.0,missing,missing,,6,Tuesday,asia_late,0.014696236222997162,,True,False,True,True,True,True,False,True,True,True,True,True,False,False,False,False,False,False,False,True,True,2020-09-22 10:45:00+00:00,1900.03,1903.2915492338868,4.427142857142842,-0.7367165097517926,False,False,1,1,1,True,False,False,False,False,2020-09-22 10:50:00+00:00|demand|1900.72
3601,15min,m15_2c_1atr,supply,1919.43,1916.93,2020-09-22 04:30:00+00:00,2020-09-22 03:45:00+00:00,2020-09-22 04:00:00+00:00,2020-09-22 04:15:00+00:00,2,2.3473989729850406,0.7814244250948879,0.2319999999999709,2020-09-22 16:10:00+00:00,2020-09-22 16:30:00+00:00,1913.2,1919.951142857143,6.751142857142895,11.666666666666666,True,71765,71766,3,1913.19,0.7972972972971769,6.923272250200987,0.5924922764399645,6.702568877227098,1.0,tp1,2020,2020-09,2020-09-22,0.044436920732997334,0.9555630792670027,0.03-0.05R,2020-09-22 16:25:00+00:00,2.557857142857204,1913.8495068235072,1913.19,0.027027027027002114,above,above,3.2200000000000273,12,Tuesday,ny_main,-0.2539261527255046,1.2588662384808518,False,True,False,True,False,False,False,False,True,True,True,True,True,False,True,True,True,False,True,True,True,2020-09-22 16:15:00+00:00,1913.19,1910.9028173848394,3.650000000000026,0.6266253740166108,False,True,3,3,2,True,False,False,True,False,2020-09-22 16:30:00+00:00|supply|1913.2
3619,15min,m15_2c_1atr,demand,1880.18,1874.53,2020-09-23 10:00:00+00:00,2020-09-23 09:15:00+00:00,2020-09-23 09:30:00+00:00,2020-09-23 09:45:00+00:00,2,1.256358381502855,1.1430635838150502,0.4212389380530696,2020-09-23 10:05:00+00:00,2020-09-23 10:15:00+00:00,1882.72,1873.8352857142856,8.88471428571438,0.08333333333333333,True,71966,71967,1,1882.76,0.7910052910052991,0.0,1.073754281028396,-3.0029102953708366,-1.0,stop,2020,2020-09,2020-09-23,0.03376585789397484,-1.0337658578939748,0.03-0.05R,2020-09-23 10:10:00+00:00,3.624285714285666,1880.6465281801206,1882.76,0.8677248677248668,missing,missing,,6,Wednesday,asia_late,0.5721049562142649,,True,False,False,True,False,False,True,True,True,True,True,True,False,False,False,False,False,False,False,True,True,2020-09-23 10:00:00+00:00,1882.76,1882.2415656134533,5.090714285714268,0.10183922283785106,True,True,0,0,0,False,False,False,False,False,2020-09-23 10:15:00+00:00|demand|1882.72
3621,15min,m15_2c_1atr,demand,1878.29,1873.18,2020-09-23 12:00:00+00:00,2020-09-23 11:00:00+00:00,2020-09-23 11:15:00+00:00,2020-09-23 11:45:00+00:00,3,1.016427104722808,1.0492813141683635,0.20352250489236476,2020-09-23 15:45:00+00:00,2020-09-23 16:00:00+00:00,1881.68,1872.5897142857143,9.090285714285756,3.75,True,72035,72036,2,1881.7,0.49218750000000694,0.6952476741262157,1.139678149358822,-2.082442796077443,-1.0,stop,2020,2020-09,2020-09-23,0.0330022630123207,-1.0330022630123208,0.03-0.05R,2020-09-23 15:55:00+00:00,2.9035714285714027,1881.6542779917345,1881.7,0.8554687500000395,below,below,7.059999999999945,12,Wednesday,ny_main,0.00885874823414642,2.431488314883152,True,False,False,True,False,False,False,True,True,True,False,False,False,False,False,False,True,False,True,True,True,2020-09-23 15:45:00+00:00,1881.7,1884.2733598677883,3.8414285714285206,-0.6698965814249805,False,True,4,4,2,True,False,False,True,False,2020-09-23 16:00:00+00:00|demand|1881.68
3623,15min,m15_2c_1atr,demand,1884.61,1879.09,2020-09-23 16:15:00+00:00,2020-09-23 15:30:00+00:00,2020-09-23 15:45:00+00:00,2020-09-23 16:00:00+00:00,2,1.704074585635366,1.3342541436464186,0.8586956521739175,2020-09-23 16:15:00+00:00,2020-09-23 16:20:00+00:00,1884.67,1878.4685714285713,6.201428571428778,0.0,True,72039,72040,0,1884.65,0.609289617486368,0.5369730476848357,1.1577977424556272,-4.392536281962537,-1.0,stop,2020,2020-09,2020-09-23,0.048375950241878136,-1.0483759502418781,0.03-0.05R,2020-09-23 16:15:00+00:00,3.121428571428542,1883.396750717597,1884.65,0.12295081967214846,below,below,7.059999999999945,12,Wednesday,ny_main,0.4079059485959899,2.2617848970251755,True,False,False,True,False,False,True,True,True,True,True,False,False,False,True,False,False,True,True,True,True,2020-09-23 16:15:00+00:00,1884.38,1884.728575722489,4.332142857142815,-0.08046265646900387,False,False,4,3,2,True,False,False,True,False,2020-09-23 16:20:00+00:00|demand|1884.67
3638,15min,m15_2c_1atr,supply,1859.54,1855.59,2020-09-24 15:45:00+00:00,2020-09-24 15:00:00+00:00,2020-09-24 15:15:00+00:00,2020-09-24 15:30:00+00:00,2,1.3973534971644637,1.0453686200378263,0.0632911392405056,2020-09-24 15:50:00+00:00,2020-09-24 15:55:00+00:00,1854.03,1860.1095714285714,6.079571428571398,0.08333333333333333,True,72310,72311,0,1854.07,0.44691358024690514,0.5214183330592057,1.1267241581878702,-1.516554268392991,-1.0,stop,2020,2020-09,2020-09-24,0.049345583570270704,-1.0493455835702707,0.03-0.05R,2020-09-24 15:50:00+00:00,2.7435714285714345,1855.2208603328072,1854.07,0.5703703703703633,inside,inside,3.0900000000001455,11,Thursday,london_ny_overlap,-0.4340547945665511,1.1262692007290274,False,True,False,True,False,False,True,True,True,False,False,False,False,False,False,False,True,False,True,True,True,2020-09-24 15:45:00+00:00,1855.49,1856.161728651104,3.8064285714285524,-0.17647215454039222,True,False,8,4,2,True,False,False,False,True,2020-09-24 15:55:00+00:00|supply|1854.03
3727,15min,m15_2c_1atr,supply,1909.79,1904.85,2020-10-02 19:00:00+00:00,2020-10-02 18:15:00+00:00,2020-10-02 18:30:00+00:00,2020-10-02 18:45:00+00:00,2,1.3522727272727533,0.9356060606060758,0.032388663967627546,2020-10-02 19:20:00+00:00,2020-10-02 19:30:00+00:00,1902.21,1910.2252857142857,8.01528571428571,0.3333333333333333,True,74008,74009,1,1902.23,0.552083333333284,1.8963765662038672,1.038016646764211,-1.5133584044771458,1.0,tp1,2020,2020-10,2020-10-02,0.03742848485928674,0.9625715151407133,0.03-0.05R,2020-10-02 19:25:00+00:00,2.2928571428571365,1902.732717504619,1902.23,0.2447916666666716,below,below,3.480000000000018,15,Friday,ny_main,-0.22797648176523888,1.5177570093458066,False,True,False,True,False,False,True,True,True,True,False,False,True,False,False,False,True,False,True,True,True,2020-10-02 19:15:00+00:00,1902.23,1903.5650930037054,5.2099999999999715,-0.2562558548378947,True,True,10,3,2,True,True,True,False,False,2020-10-02 19:30:00+00:00|supply|1902.21
3734,15min,m15_2c_1atr,demand,1893.37,1887.19,2020-10-05 10:45:00+00:00,2020-10-05 10:00:00+00:00,2020-10-05 10:15:00+00:00,2020-10-05 10:30:00+00:00,2,1.0435940099833592,2.8792013311147153,0.834951456310715,2020-10-05 10:45:00+00:00,2020-10-05 11:30:00+00:00,1893.5,1886.95,6.5499999999999545,0.0,True,74188,74189,8,1893.5,0.7611940298509083,3.864122137404599,0.09465648854960232,2.964885496183238,1.0,tp1,2020,2020-10,2020-10-05,0.04580152671755757,0.9541984732824424,0.03-0.05R,2020-10-05 11:25:00+00:00,1.2078571428571487,1892.5567894158216,1893.5,0.8507462686568177,missing,missing,,7,Monday,asia_late,0.7808958118567102,,True,False,False,True,False,False,False,False,False,True,True,True,False,True,False,False,False,True,False,True,True,2020-10-05 11:15:00+00:00,1893.5,1892.0944022131382,2.2378571428571377,0.628099872839614,True,True,3,3,2,True,False,False,False,False,2020-10-05 11:30:00+00:00|demand|1893.5
3884,15min,m15_2c_1atr,demand,1901.38,1896.42,2020-10-20 05:30:00+00:00,2020-10-20 04:45:00+00:00,2020-10-20 05:00:00+00:00,2020-10-20 05:15:00+00:00,2,1.621951219512198,2.4906743185078994,0.9576612903225736,2020-10-20 05:30:00+00:00,2020-10-20 06:05:00+00:00,1902.3,1896.1597142857142,6.14028571428571,0.0,True,77159,77160,6,1902.27,0.7398843930635602,2.9558885114699343,0.7735796379879954,2.5063980270811217,1.0,tp1,2020,2020-10,2020-10-20,0.04885766134661024,0.9511423386533897,0.03-0.05R,2020-10-20 06:00:00+00:00,1.4642857142857306,1900.563108075447,1902.27,0.8901734104045939,missing,missing,,2,Tuesday,post_close,1.1861700948166645,,True,False,False,True,False,False,False,False,False,True,True,True,False,True,True,False,False,True,False,True,True,2020-10-20 06:00:00+00:00,1903.86,1901.1296733290785,2.2885714285714585,1.1930266352340482,True,False,7,4,2,True,False,False,False,False,2020-10-20 06:05:00+00:00|demand|1902.3
3906,15min,m15_2c_1atr,supply,1931.38,1926.02,2020-10-21 18:15:00+00:00,2020-10-21 17:30:00+00:00,2020-10-21 17:45:00+00:00,2020-10-21 18:00:00+00:00,2,1.9718309859154748,1.4478101485626387,0.4664179104477501,2020-10-21 18:35:00+00:00,2020-10-21 19:00:00+00:00,1925.18,1931.8012857142858,6.621285714285705,0.3333333333333333,True,77590,77591,4,1925.17,0.819852941176469,4.625989773242164,0.6328076118146849,3.8089279164599117,1.0,tp1,2020,2020-10,2020-10-21,0.04530842089365473,0.9546915791063453,0.03-0.05R,2020-10-21 18:55:00+00:00,2.0800000000000085,1925.9090529761552,1925.17,0.1654411764706033,above,above,1.9100000000000819,15,Wednesday,ny_main,-0.3505062385361125,0.9182692307692664,False,True,False,True,False,False,False,False,False,True,True,True,False,False,True,False,False,False,True,True,True,2020-10-21 18:45:00+00:00,1925.17,1925.425894254879,3.769999999999982,-0.06787646018009777,True,True,0,0,0,False,False,False,True,False,2020-10-21 19:00:00+00:00|supply|1925.18
3971,15min,m15_2c_1atr,demand,1877.33,1870.53,2020-10-28 17:30:00+00:00,2020-10-28 16:45:00+00:00,2020-10-28 17:00:00+00:00,2020-10-28 17:15:00+00:00,2,1.0122236671001248,1.2379713914174229,0.695588235294125,2020-10-28 17:30:00+00:00,2020-10-28 17:40:00+00:00,1879.41,1869.9854285714287,9.424571428571426,0.0,True,78966,78967,1,1879.41,0.8287671232876755,0.5888861941429651,1.0737888801309776,-1.0536288122233746,-1.0,stop,2020,2020-10,2020-10-28,0.031831686169890266,-1.0318316861698902,0.03-0.05R,2020-10-28 17:35:00+00:00,2.7978571428571155,1876.9689903617893,1879.41,0.8732876712329173,below,below,4.839999999999918,13,Wednesday,ny_main,0.8724568530750766,1.7298953280571743,True,False,False,True,False,False,True,True,True,True,True,True,False,False,False,False,False,True,True,True,True,2020-10-28 17:30:00+00:00,1877.62,1877.107066379403,5.289285714285678,0.09697597148354095,True,False,0,0,0,False,False,False,True,False,2020-10-28 17:40:00+00:00|demand|1879.41
3986,15min,m15_2c_1atr,demand,1864.16,1859.93,2020-10-29 15:45:00+00:00,2020-10-29 15:00:00+00:00,2020-10-29 15:15:00+00:00,2020-10-29 15:30:00+00:00,2,1.062949324916749,1.038400841662288,0.42316784869980695,2020-10-29 15:45:00+00:00,2020-10-29 15:55:00+00:00,1869.08,1859.208,9.871999999999844,0.0,True,79221,79222,1,1869.07,0.7318255250403769,2.098865478119971,0.47710696920584594,1.176053484602949,1.0,tp1,2020,2020-10,2020-10-29,0.03038897893030842,0.9696110210696915,0.03-0.05R,2020-10-29 15:50:00+00:00,3.381428571428582,1866.2413594765665,1869.07,0.9886914378028816,below,below,2.259999999999991,11,Thursday,london_ny_overlap,0.8394796647247241,0.6683565694972492,True,False,False,True,False,False,True,True,True,True,True,True,False,False,False,False,False,False,True,True,True,2020-10-29 15:45:00+00:00,1871.61,1868.3455255492318,4.641428571428572,0.7033339844683605,True,False,0,0,0,False,False,False,True,False,2020-10-29 15:55:00+00:00|demand|1869.08
4000,15min,m15_2c_1atr,demand,1880.52,1877.94,2020-10-30 14:45:00+00:00,2020-10-30 14:00:00+00:00,2020-10-30 14:15:00+00:00,2020-10-30 14:30:00+00:00,2,1.3436640839789922,0.9027743064233792,0.2868217054263682,2020-10-30 16:30:00+00:00,2020-10-30 17:05:00+00:00,1884.25,1877.4205714285715,6.82942857142848,1.75,True,79496,79497,6,1884.26,0.8430335097001945,0.0014642513492017168,1.2021503576957082,1.2607204116638102,-1.0,stop,2020,2020-10,2020-10-30,0.04392754047609146,-1.0439275404760915,0.03-0.05R,2020-10-30 17:00:00+00:00,2.501428571428554,1881.3397528625658,1884.26,0.8536155202821958,above,above,3.3900000000001,13,Friday,ny_main,1.1634340355248272,1.3552255853798325,True,False,False,True,False,False,False,False,False,True,True,True,True,False,False,False,True,False,True,True,True,2020-10-30 17:00:00+00:00,1883.13,1882.1740243676072,4.2592857142856575,0.22444505875399415,True,False,2,2,2,True,True,True,False,False,2020-10-30 17:05:00+00:00|demand|1884.25
4024,15min,m15_2c_1atr,demand,1901.11,1899.96,2020-11-03 15:30:00+00:00,2020-11-03 14:45:00+00:00,2020-11-03 15:00:00+00:00,2020-11-03 15:15:00+00:00,2,2.5962974991880676,0.5228970444949045,0.3391304347827359,2020-11-03 16:55:00+00:00,2020-11-03 17:05:00+00:00,1906.75,1899.4894285714286,7.2605714285714384,1.4166666666666667,True,80036,80037,1,1906.76,0.9261447562776955,1.3318510939713604,3.452896269478973,-1.0811821186840722,1.0,tp1,2020,2020-11,2020-11-03,0.04131906186053827,0.9586809381394618,0.03-0.05R,2020-11-03 17:00:00+00:00,2.3242857142856956,1904.1418972184788,1906.76,0.9261447562776955,above,above,3.089999999999918,12,Tuesday,ny_main,1.1221093712752688,1.3294406883835035,True,False,False,True,False,False,True,True,True,True,True,True,True,False,True,True,True,False,True,True,True,2020-11-03 17:00:00+00:00,1905.88,1904.1682781708312,3.218571428571376,0.5318265780817911,True,False,1,1,1,True,True,True,False,False,2020-11-03 17:05:00+00:00|demand|1906.75
4059,15min,m15_2c_1atr,demand,1942.4,1939.33,2020-11-06 09:45:00+00:00,2020-11-06 09:00:00+00:00,2020-11-06 09:15:00+00:00,2020-11-06 09:30:00+00:00,2,2.143227815256873,1.1152049818370933,0.4625407166123769,2020-11-06 16:55:00+00:00,2020-11-06 17:10:00+00:00,1947.48,1938.4527142857141,9.027285714285881,7.166666666666667,True,80865,80866,2,1947.48,0.6826196473551682,1.9972780933993366,1.4001993954835192,-10.225665047237545,1.0,tp1,2020,2020-11,2020-11-06,0.03323258058900731,0.9667674194109926,0.03-0.05R,2020-11-06 17:05:00+00:00,4.109285714285728,1947.1929576408681,1947.48,0.9748110831234488,below,below,6.220000000000027,12,Friday,ny_main,0.06985212980786064,1.513645054754043,True,False,False,True,False,False,False,True,True,True,True,False,False,False,True,True,False,False,True,True,True,2020-11-06 17:00:00+00:00,1943.55,1949.39963767567,5.681428571428569,-1.0296068325292957,False,False,4,4,2,True,False,False,True,False,2020-11-06 17:10:00+00:00|demand|1947.48
4062,15min,m15_2c_1atr,demand,1951.67,1948.03,2020-11-06 15:30:00+00:00,2020-11-06 14:45:00+00:00,2020-11-06 15:00:00+00:00,2020-11-06 15:15:00+00:00,2,1.4593939393938984,1.0294949494949779,0.12637362637357044,2020-11-06 15:30:00+00:00,2020-11-06 15:40:00+00:00,1958.21,1947.4584285714286,10.751571428571424,0.0,True,80847,80848,1,1958.16,0.767912772585671,0.1990406717954733,1.2574905993808203,-8.067657883897375,-1.0,stop,2020,2020-11,2020-11-06,0.027902897915254923,-1.027902897915255,<=0.03R,2020-11-06 15:35:00+00:00,2.7628571428571314,1954.622018575946,1958.16,0.7943925233644983,above,above,6.220000000000027,10,Friday,london_ny_overlap,1.2986489125325054,2.2512926577042593,True,False,True,True,True,False,True,True,True,True,True,True,False,False,False,False,True,False,True,True,True,2020-11-06 15:30:00+00:00,1958.43,1954.1809947045515,4.062142857142866,1.0460009519303648,True,False,5,4,2,True,True,True,False,False,2020-11-06 15:40:00+00:00|demand|1958.21
4075,15min,m15_2c_1atr,demand,1856.15,1853.71,2020-11-09 19:30:00+00:00,2020-11-09 18:30:00+00:00,2020-11-09 18:45:00+00:00,2020-11-09 19:15:00+00:00,3,1.1903381642512119,0.30004391743522757,0.6639344262295418,2020-11-09 20:25:00+00:00,2020-11-09 20:55:00+00:00,1859.94,1853.3075714285715,6.632428571428591,0.9166666666666666,True,81186,81187,5,1859.94,0.9488188976378411,4.591078467271194,0.05427876020421057,2.6159346931742093,1.0,tp1,2020,2020-11,2020-11-09,0.04523230017015947,0.9547676998298406,0.03-0.05R,2020-11-09 20:50:00+00:00,2.114285714285724,1858.4097821841142,1859.94,0.9881889763779633,below,below,38.180000000000064,15,Monday,ny_main,0.7237516696757423,18.058108108108055,True,False,False,True,False,False,False,False,False,True,True,True,True,False,False,False,False,True,True,True,True,2020-11-09 20:45:00+00:00,1861.14,1860.3470988651575,5.718571428571457,0.13865370831622115,True,False,0,0,0,False,False,False,True,False,2020-11-09 20:55:00+00:00|demand|1859.94
4182,15min,m15_2c_1atr,supply,1865.0,1861.63,2020-11-19 15:30:00+00:00,2020-11-19 14:45:00+00:00,2020-11-19 15:00:00+00:00,2020-11-19 15:15:00+00:00,2,1.2271203918535223,1.216292858984236,0.2818991097923075,2020-11-19 15:55:00+00:00,2020-11-19 16:15:00+00:00,1857.7,1865.5287142857144,7.828714285714341,0.4166666666666667,True,83338,83339,3,1857.72,0.9720670391061084,0.24397365011588254,1.1726063393003776,-2.62239740150725,-1.0,stop,2020,2020-11,2020-11-19,0.03832046860458724,-1.0383204686045873,0.03-0.05R,2020-11-19 16:10:00+00:00,2.61285714285717,1859.2402812477878,1857.72,0.027932960893891648,below,below,3.5299999999999727,11,Thursday,london_ny_overlap,-0.5895007509302574,1.3510114816839558,False,True,False,True,False,False,False,False,True,True,True,True,False,False,False,False,True,False,True,True,True,2020-11-19 16:00:00+00:00,1857.72,1859.539840291036,3.495714285714306,-0.520591828248931,True,True,6,3,2,True,True,True,False,False,2020-11-19 16:15:00+00:00|supply|1857.7
4225,15min,m15_2c_1atr,supply,1811.69,1809.39,2020-11-24 15:30:00+00:00,2020-11-24 14:45:00+00:00,2020-11-24 15:00:00+00:00,2020-11-24 15:15:00+00:00,2,1.224742941080493,0.5255426799412335,0.3043478260869823,2020-11-24 15:45:00+00:00,2020-11-24 16:00:00+00:00,1805.83,1812.2605714285714,6.430571428571511,0.25,True,84163,84164,2,1805.82,0.7479838709677438,0.872395254809588,1.2798240547385122,-0.9921357799795661,-1.0,stop,2020,2020-11,2020-11-24,0.046652152663615165,-1.0466521526636152,0.03-0.05R,2020-11-24 15:55:00+00:00,2.7857142857142856,1807.8378303874956,1805.82,0.09475806451613383,below,below,5.740000000000009,11,Tuesday,london_ny_overlap,-0.7207596262805032,2.060512820512824,False,True,False,True,False,False,False,True,True,True,True,True,True,False,False,False,True,False,True,True,True,2020-11-24 15:45:00+00:00,1805.82,1808.5541177774296,4.309285714285709,-0.6344712230070526,True,True,2,2,2,True,True,True,False,False,2020-11-24 16:00:00+00:00|supply|1805.83
4264,15min,m15_2c_1atr,demand,1779.86,1774.86,2020-11-27 16:45:00+00:00,2020-11-27 16:00:00+00:00,2020-11-27 16:15:00+00:00,2020-11-27 16:30:00+00:00,2,1.0700636942675086,0.9692605926336161,0.5680000000000291,2020-11-27 16:45:00+00:00,2020-11-27 16:55:00+00:00,1781.92,1774.1527142857142,7.76728571428589,0.0,True,84954,84955,1,1781.92,0.8669201520912834,1.037685530889598,1.2411027937687218,-0.16994353607623433,1.0,tp1,2020,2020-11,2020-11-27,0.0386235309264121,0.9613764690735879,0.03-0.05R,2020-11-27 16:50:00+00:00,3.416428571428566,1780.491270418921,1781.92,0.94296577946773,below,below,3.130000000000109,11,Friday,london_ny_overlap,0.4181938978696923,0.9161614049759899,True,False,False,True,False,False,True,True,True,True,True,True,True,False,False,False,False,False,True,True,True,2020-11-27 16:45:00+00:00,1778.97,1784.2264573417092,5.411428571428587,-0.9713622331563899,False,False,0,0,0,False,False,False,True,False,2020-11-27 16:55:00+00:00|demand|1781.92
4265,15min,m15_2c_1atr,demand,1783.89,1778.88,2020-11-27 17:45:00+00:00,2020-11-27 16:45:00+00:00,2020-11-27 17:00:00+00:00,2020-11-27 17:30:00+00:00,3,1.0469748214956411,0.8786170612551639,0.5009980039920151,2020-11-27 17:45:00+00:00,2020-11-27 18:15:00+00:00,1784.72,1778.5182857142859,6.201714285714161,0.0,True,84970,84971,5,1784.67,0.658682634730592,0.8481525845388528,1.1416198286188264,-1.201280751865875,-1.0,stop,2020,2020-11,2020-11-27,0.04837372155164568,-1.0483737215516458,0.03-0.05R,2020-11-27 18:10:00+00:00,1.750714285714285,1783.1961555099194,1784.67,0.7844311377246201,below,below,3.130000000000109,13,Friday,ny_main,0.8704130094299588,1.787841697266485,True,False,False,True,False,False,False,False,False,True,True,False,True,False,False,False,False,False,True,True,True,2020-11-27 18:00:00+00:00,1784.67,1783.5996556849752,5.786428571428571,0.18497494643066,True,True,1,1,1,True,False,False,True,False,2020-11-27 18:15:00+00:00|demand|1784.72
4270,15min,m15_2c_1atr,supply,1779.76,1777.12,2020-11-30 11:15:00+00:00,2020-11-30 10:30:00+00:00,2020-11-30 10:45:00+00:00,2020-11-30 11:00:00+00:00,2,1.64043478260871,0.8034782608695877,0.5378787878787951,2020-11-30 11:30:00+00:00,2020-11-30 11:50:00+00:00,1773.76,1780.1114285714286,6.351428571428642,0.25,True,85131,85132,3,1773.76,0.9811320754717157,1.4358974358974028,1.0218173639226171,-3.912505623031881,1.0,tp1,2020,2020-11,2020-11-30,0.04723346828609934,0.9527665317139007,0.03-0.05R,2020-11-30 11:45:00+00:00,1.7300000000000182,1775.9168300177982,1773.76,0.018867924528284348,missing,missing,,6,Monday,asia_late,-1.2467225536405975,,False,True,False,True,False,False,False,False,True,True,True,True,True,False,True,False,False,False,False,True,True,2020-11-30 11:45:00+00:00,1774.05,1776.1232235539542,3.267857142857175,-0.6344290656909031,True,False,1,1,1,True,False,False,False,False,2020-11-30 11:50:00+00:00|supply|1773.76
4293,15min,m15_2c_1atr,demand,1812.98,1810.71,2020-12-02 09:45:00+00:00,2020-12-02 09:00:00+00:00,2020-12-02 09:15:00+00:00,2020-12-02 09:30:00+00:00,2,1.5060606060605835,1.2037878787878857,0.2687224669604107,2020-12-02 15:50:00+00:00,2020-12-02 16:05:00+00:00,1820.23,1810.142857142857,10.087142857142908,6.083333333333333,True,85734,85735,2,1820.13,0.8372093023256367,2.350516923948441,0.6314969551055177,1.2491148562526402,1.0,tp1,2020,2020-12,2020-12-02,0.02974082991077736,0.9702591700892227,<=0.03R,2020-12-02 16:00:00+00:00,2.807857142857139,1818.3579293303073,1820.13,0.862403100775227,below,below,4.430000000000064,11,Wednesday,london_ny_overlap,0.6667257536427752,1.5777155939964636,True,False,True,True,True,False,False,True,True,True,True,True,False,False,True,False,True,False,True,True,True,2020-12-02 16:00:00+00:00,1819.3,1820.4424122240505,3.80142857142859,-0.30052181767582414,False,False,6,4,2,True,False,False,True,False,2020-12-02 16:05:00+00:00|demand|1820.23
4305,15min,m15_2c_1atr,demand,1829.98,1828.49,2020-12-03 05:30:00+00:00,2020-12-03 04:45:00+00:00,2020-12-03 05:00:00+00:00,2020-12-03 05:15:00+00:00,2,2.4119850187265865,0.6510611735330883,0.21476510067109691,2020-12-03 17:00:00+00:00,2020-12-03 17:15:00+00:00,1834.58,1827.931857142857,6.64814285714283,11.5,True,86024,86025,2,1834.64,0.6026058631922393,0.4316995079184501,1.05743816747964,-0.3594988933536579,-1.0,stop,2020,2020-12,2020-12-03,0.04512538410297202,-1.045125384102972,0.03-0.05R,2020-12-03 17:10:00+00:00,2.7728571428571223,1834.2747837178877,1834.64,0.648208469055391,below,below,2.1499999999998636,12,Thursday,ny_main,0.1100728477478568,0.7753735188046964,True,False,False,True,False,False,False,True,True,True,True,False,True,False,True,True,True,False,True,True,True,2020-12-03 17:00:00+00:00,1834.64,1836.570272194748,4.138571428571432,-0.4664102645231339,False,True,3,2,1,True,False,False,True,False,2020-12-03 17:15:00+00:00|demand|1834.58
4311,15min,m15_2c_1atr,supply,1843.94,1841.78,2020-12-03 15:15:00+00:00,2020-12-03 14:30:00+00:00,2020-12-03 14:45:00+00:00,2020-12-03 15:00:00+00:00,2,1.8758815232722361,0.8530324400564597,0.06481481481485868,2020-12-03 16:15:00+00:00,2020-12-03 16:35:00+00:00,1837.21,1844.5128571428572,7.302857142857192,1.0,True,86016,86017,3,1837.21,0.7369668246445213,1.8431142410015575,1.0393192488262728,0.30535993740219136,1.0,tp1,2020,2020-12,2020-12-03,0.04107981220657249,0.9589201877934275,0.03-0.05R,2020-12-03 16:30:00+00:00,2.7399999999999767,1839.3608784274184,1837.21,0.06635071090046704,below,below,2.1499999999998636,11,Thursday,london_ny_overlap,-0.784992126795014,0.7846715328466722,False,True,False,True,False,False,False,False,True,True,True,True,True,False,True,False,True,False,True,True,True,2020-12-03 16:30:00+00:00,1835.71,1838.7222866892773,3.6899999999999897,-0.8163378561727094,True,False,2,2,2,True,True,True,False,False,2020-12-03 16:35:00+00:00|supply|1837.21
4316,15min,m15_2c_1atr,demand,1831.82,1823.75,2020-12-03 19:00:00+00:00,2020-12-03 18:00:00+00:00,2020-12-03 18:15:00+00:00,2020-12-03 18:45:00+00:00,3,1.3727041537157008,1.5962136196665553,0.4560099132589672,2020-12-04 17:50:00+00:00,2020-12-04 18:15:00+00:00,1833.88,1823.2047142857143,10.675285714285792,22.833333333333332,True,86312,86313,4,1833.88,0.5521472392638225,0.7999785887296333,1.1062935752806966,2.9348160638055574,-1.0,stop,2020,2020-12,2020-12-04,0.02810229234413244,-1.0281022923441325,<=0.03R,2020-12-04 18:10:00+00:00,2.7735714285714397,1833.5288005182945,1833.88,0.9386503067485261,below,below,1.9500000000000455,13,Friday,ny_main,0.12662355765848227,0.7030646407417082,True,False,True,True,True,False,False,False,False,True,False,False,False,False,False,False,False,False,True,True,True,2020-12-04 18:00:00+00:00,1833.88,1836.5062942188,5.355714285714304,-0.49037235347021696,False,True,2,2,1,True,False,False,True,False,2020-12-04 18:15:00+00:00|demand|1833.88
4377,15min,m15_2c_1atr,supply,1851.13,1847.73,2020-12-09 19:00:00+00:00,2020-12-09 18:15:00+00:00,2020-12-09 18:30:00+00:00,2020-12-09 18:45:00+00:00,2,1.3390804597701012,0.6513409961685923,0.5147058823529274,2020-12-10 16:35:00+00:00,2020-12-10 17:05:00+00:00,1842.89,1851.7367142857145,8.84671428571437,21.583333333333332,True,87402,87403,5,1842.9,0.7585139318885195,2.1250827587320558,0.5414439582088496,-0.29389442407995203,1.0,tp1,2020,2020-12,2020-12-10,0.0339108950861495,0.9660891049138505,0.03-0.05R,2020-12-10 17:00:00+00:00,2.946428571428555,1845.9019578985913,1842.9,0.020123839009304707,above,above,5.379999999999882,12,Thursday,ny_main,-1.0222402564915518,1.8259393939393638,False,True,False,True,False,False,False,False,False,True,True,True,True,False,False,False,False,False,True,True,True,2020-12-10 17:00:00+00:00,1844.73,1844.1574217548161,4.382142857142834,0.13066170224245016,False,False,2,2,2,True,False,False,True,False,2020-12-10 17:05:00+00:00|supply|1842.89
4404,15min,m15_2c_1atr,demand,1836.27,1831.72,2020-12-11 15:45:00+00:00,2020-12-11 15:00:00+00:00,2020-12-11 15:15:00+00:00,2020-12-11 15:30:00+00:00,2,1.1138545953360675,1.2482853223593902,0.20000000000002,2020-12-11 16:25:00+00:00,2020-12-11 16:35:00+00:00,1838.56,1831.219857142857,7.340142857142837,0.6666666666666666,True,87672,87673,1,1838.55,0.7096774193547764,1.2424826297658862,1.2016114906288262,-1.4849847219789272,1.0,tp1,2020,2020-12,2020-12-11,0.0408711391370352,0.9591288608629648,0.03-0.05R,2020-12-11 16:30:00+00:00,2.4407142857142907,1838.3934469095088,1838.55,0.9384164222873809,above,above,3.839999999999918,11,Friday,london_ny_overlap,0.06823948688544007,1.573309920983282,True,False,False,True,False,False,True,True,True,True,True,True,False,False,False,False,True,False,True,True,True,2020-12-11 16:30:00+00:00,1836.67,1836.652705003518,4.076428571428567,0.004242683559672258,True,False,14,4,2,True,True,True,False,False,2020-12-11 16:35:00+00:00|demand|1838.56
4433,15min,m15_2c_1atr,demand,1849.62,1848.09,2020-12-15 20:15:00+00:00,2020-12-15 19:00:00+00:00,2020-12-15 19:15:00+00:00,2020-12-15 20:00:00+00:00,4,1.4321428571428605,0.5464285714285643,0.4705882352941439,2020-12-16 15:20:00+00:00,2020-12-16 15:45:00+00:00,1854.67,1847.5807142857143,7.089285714285779,19.083333333333332,True,88490,88491,4,1854.72,0.6400966183574944,0.5642317380352593,1.3964735516372797,5.552040302266938,-1.0,stop,2020,2020-12,2020-12-16,0.04231738035264445,-1.0423173803526444,0.03-0.05R,2020-12-16 15:40:00+00:00,2.5435714285713726,1854.688399806809,1854.72,0.9541062801932246,below,below,6.579999999999927,10,Wednesday,london_ny_overlap,-0.007233847102640231,2.5869137882617523,True,False,False,True,False,False,False,False,False,True,True,False,True,False,False,False,False,False,True,True,False,2020-12-16 15:30:00+00:00,1854.72,1857.6582303553962,3.5171428571428414,-0.8354026193246668,False,True,1,1,1,True,False,False,True,False,2020-12-16 15:45:00+00:00|demand|1854.67
4514,15min,m15_2c_1atr,demand,1870.66,1867.15,2020-12-23 17:00:00+00:00,2020-12-23 16:15:00+00:00,2020-12-23 16:30:00+00:00,2020-12-23 16:45:00+00:00,2,2.4566988819404845,0.9312109152927739,0.2905982905982862,2020-12-23 17:20:00+00:00,2020-12-23 17:35:00+00:00,1874.62,1866.603285714286,8.016714285713988,0.3333333333333333,True,89892,89893,2,1874.62,0.5049833887043145,0.7359623643459589,0.6349234634781038,0.4752570522302012,0.4752570522302012,time,2020,2020-12,2020-12-23,0.03742181513623462,0.4378352370939666,0.03-0.05R,2020-12-23 17:30:00+00:00,2.8457142857143123,1873.4706541643466,1874.62,0.7142857142856711,above,above,7.940000000000055,12,Wednesday,ny_main,0.4038865888339946,2.790160642570274,True,False,False,True,False,False,False,True,True,True,False,False,True,False,True,True,True,False,True,True,True,2020-12-23 17:30:00+00:00,1875.79,1872.3036611957505,3.7821428571428766,0.9217892966854152,True,False,5,4,2,True,True,True,False,False,2020-12-23 17:35:00+00:00|demand|1874.62
4536,15min,m15_2c_1atr,demand,1875.59,1869.16,2020-12-28 14:30:00+00:00,2020-12-28 13:45:00+00:00,2020-12-28 14:00:00+00:00,2020-12-28 14:15:00+00:00,2,1.191356649587859,2.005346402316719,0.16329704510108572,2020-12-28 14:40:00+00:00,2020-12-28 15:00:00+00:00,1876.44,1868.7937142857143,7.646285714285796,0.16666666666666666,True,90373,90374,3,1876.44,0.9041095890411855,2.619572528211612,0.6944548240041705,0.41981167326806695,1.0,tp1,2020,2020-12,2020-12-28,0.03923473581944506,0.960765264180555,0.03-0.05R,2020-12-28 14:55:00+00:00,1.8807142857142805,1875.8017617391608,1876.44,0.972602739726053,inside,above,5.920000000000073,10,Monday,london_ny_overlap,0.3393595006361205,3.147740220281096,True,False,False,True,False,False,False,False,True,True,True,True,False,True,False,False,True,False,True,True,True,2020-12-28 14:45:00+00:00,1876.44,1876.522184280742,3.1678571428571525,-0.025943177686317303,False,True,0,0,0,False,False,False,False,True,2020-12-28 15:00:00+00:00|demand|1876.44
4626,15min,m15_2c_1atr,demand,1912.57,1908.56,2021-01-06 21:45:00+00:00,2021-01-06 21:00:00+00:00,2021-01-06 21:15:00+00:00,2021-01-06 21:30:00+00:00,2,2.0275697753573763,0.9554118447923701,0.27680798004985097,2021-01-07 12:20:00+00:00,2021-01-07 13:05:00+00:00,1915.95,1908.0772857142856,7.872714285714437,14.583333333333334,True,92282,92283,8,1916.15,0.6847290640394045,0.6579687528352854,1.1609718920684364,-2.7538151663067287,-1.0,stop,2021,2021-01,2021-01-07,0.03810629842675352,-1.0381062984267535,0.03-0.05R,2021-01-07 13:00:00+00:00,2.5000000000000164,1913.7560413268445,1916.15,0.7980295566502481,missing,missing,,8,Thursday,london_ny_overlap,0.8775834692622027,,True,False,False,True,False,False,False,False,False,True,True,False,True,False,True,True,True,False,True,True,True,2021-01-07 13:00:00+00:00,1916.08,1915.4863507648647,4.034285714285683,0.14715101437487793,True,False,0,0,0,False,False,False,False,False,2021-01-07 13:05:00+00:00|demand|1915.95
4647,15min,m15_2c_1atr,supply,1894.1,1892.16,2021-01-08 14:30:00+00:00,2021-01-08 13:45:00+00:00,2021-01-08 14:00:00+00:00,2021-01-08 14:15:00+00:00,2,1.4463937621832483,0.6617933723196334,0.025773195876267516,2021-01-08 16:00:00+00:00,2021-01-08 16:25:00+00:00,1886.93,1894.9962857142857,8.066285714285641,1.5,True,92598,92599,4,1886.92,0.20463320463320056,8.686773873618687,0.0657055823179343,4.795267781241196,1.0,tp1,2021,2021-01,2021-01-08,0.03719183904788926,0.9628081609521107,0.03-0.05R,2021-01-08 16:20:00+00:00,4.5692857142857,1887.11776262518,1886.92,0.18146718146719773,below,below,4.769999999999982,11,Friday,london_ny_overlap,-0.041092336290730225,1.0439268407065805,False,True,False,True,False,False,False,False,False,False,False,False,True,False,False,False,True,False,True,True,True,2021-01-08 16:15:00+00:00,1885.83,1887.0219663027892,4.94285714285713,-0.2411492520093959,True,False,2,2,2,True,False,True,False,False,2021-01-08 16:25:00+00:00|supply|1886.93
4655,15min,m15_2c_1atr,demand,1832.73,1827.07,2021-01-11 07:00:00+00:00,2021-01-11 06:00:00+00:00,2021-01-11 06:15:00+00:00,2021-01-11 06:45:00+00:00,3,1.4084648975478644,1.3308700033591012,0.47703180212014246,2021-01-11 15:50:00+00:00,2021-01-11 16:30:00+00:00,1835.27,1826.3815714285713,8.888428571428676,8.833333333333334,True,92875,92876,7,1835.29,0.736486486486499,3.2097912213310638,0.14850769057682453,1.1261833202076392,1.0,tp1,2021,2021-01,2021-01-11,0.03375174785837084,0.9662482521416291,0.03-0.05R,2021-01-11 16:25:00+00:00,3.257857142857136,1834.6255733903463,1835.29,0.9932432432432494,below,below,6.2000000000000455,11,Monday,london_ny_overlap,0.19780689618837335,1.9030914273185886,True,False,False,True,False,False,False,False,False,True,True,True,False,False,False,False,False,False,True,True,True,2021-01-11 16:15:00+00:00,1835.29,1838.349364142253,3.9007142857142947,-0.7843086978857998,False,True,7,4,2,True,False,False,True,False,2021-01-11 16:30:00+00:00|demand|1835.27
4658,15min,m15_2c_1atr,demand,1838.1,1831.86,2021-01-11 16:45:00+00:00,2021-01-11 15:45:00+00:00,2021-01-11 16:00:00+00:00,2021-01-11 16:30:00+00:00,3,1.0954875781645852,1.476423863444319,0.5128205128205193,2021-01-11 16:45:00+00:00,2021-01-11 16:50:00+00:00,1841.21,1831.155714285714,10.054285714285925,0.0,True,92879,92880,0,1841.31,0.46038543897212636,2.2468030690536533,0.4485649332196544,0.2536231884057873,1.0,tp1,2021,2021-01,2021-01-11,0.02983802216538727,0.9701619778346128,<=0.03R,2021-01-11 16:45:00+00:00,3.4885714285714227,1838.0247708749005,1841.31,0.8693790149892682,below,below,6.2000000000000455,11,Monday,london_ny_overlap,0.9130468417566344,1.7772317772317934,True,False,True,True,True,False,True,True,True,True,False,False,False,False,False,False,False,False,True,True,True,2021-01-11 16:45:00+00:00,1842.23,1839.3380104070418,4.514285714285718,0.6406306060350494,True,False,7,4,2,True,False,False,True,False,2021-01-11 16:50:00+00:00|demand|1841.21
4689,15min,m15_2c_1atr,demand,1840.17,1834.09,2021-01-14 06:00:00+00:00,2021-01-14 05:00:00+00:00,2021-01-14 05:15:00+00:00,2021-01-14 05:45:00+00:00,3,1.1008862907788195,1.605129172166733,0.7976973684210173,2021-01-14 06:00:00+00:00,2021-01-14 06:15:00+00:00,1840.66,1833.7467142857142,6.913285714285848,0.0,True,93580,93581,2,1840.66,0.4846625766872689,2.4387824685387764,0.655260058272874,1.7733969789018715,1.0,tp1,2021,2021-01,2021-01-14,0.04339470584588596,0.956605294154114,0.03-0.05R,2021-01-14 06:10:00+00:00,1.892857142857159,1839.3256437878806,1840.66,0.7668711656442274,missing,missing,,1,Thursday,post_close,0.7049429045159423,,True,False,False,True,False,False,False,True,True,True,False,False,False,False,False,False,False,True,False,True,True,2021-01-14 06:00:00+00:00,1840.66,1840.1681047331917,3.8357142857143054,0.12824085168187624,True,True,0,0,0,False,False,False,False,False,2021-01-14 06:15:00+00:00|demand|1840.66
4697,15min,m15_2c_1atr,demand,1843.74,1837.51,2021-01-14 16:15:00+00:00,2021-01-14 15:30:00+00:00,2021-01-14 15:45:00+00:00,2021-01-14 16:00:00+00:00,2,1.6272371939929544,1.7942810121374124,0.10593900481538564,2021-01-14 16:15:00+00:00,2021-01-14 16:20:00+00:00,1844.39,1836.9671428571428,7.4228571428573105,0.0,True,93701,93702,0,1844.39,0.2056074766354455,1.7688606620476732,1.0319476520400186,-1.877983063895269,1.0,tp1,2021,2021-01,2021-01-14,0.040415704387989845,0.9595842956120102,0.03-0.05R,2021-01-14 16:15:00+00:00,2.5985714285714363,1843.5808928433087,1844.39,0.584112149532745,inside,above,2.910000000000082,11,Thursday,london_ny_overlap,0.3113661405629444,1.1198460692688572,True,False,False,True,False,False,True,True,True,False,False,False,False,False,True,False,True,False,True,True,True,2021-01-14 16:15:00+00:00,1849.37,1843.8386216111096,3.8214285714285876,1.4474635036348358,True,False,6,3,2,True,False,False,False,True,2021-01-14 16:20:00+00:00|demand|1844.39
4710,15min,m15_2c_1atr,demand,1829.92,1823.27,2021-01-15 18:45:00+00:00,2021-01-15 18:00:00+00:00,2021-01-15 18:15:00+00:00,2021-01-15 18:30:00+00:00,2,1.1733143399809975,1.105175688509037,0.5714285714285567,2021-01-15 18:50:00+00:00,2021-01-15 19:00:00+00:00,1831.36,1822.6737142857144,8.686285714285532,0.08333333333333333,True,94009,94010,1,1831.39,0.6403508771930061,0.14505624629958755,3.2695217419907117,0.7149200710479766,-1.0,stop,2021,2021-01,2021-01-15,0.03453720149990205,-1.0345372014999021,0.03-0.05R,2021-01-15 18:55:00+00:00,3.240000000000009,1830.2282192249302,1831.39,0.8464912280702135,below,below,4.199999999999818,14,Friday,ny_main,0.3493150540338658,1.2962962962962365,True,False,False,True,False,False,True,True,True,True,True,False,False,False,False,False,False,False,True,True,True,2021-01-15 18:45:00+00:00,1831.39,1832.3964138312724,6.086428571428574,-0.16535375704509278,False,True,0,0,0,False,False,False,True,False,2021-01-15 19:00:00+00:00|demand|1831.36
4717,15min,m15_2c_1atr,supply,1840.78,1838.04,2021-01-18 10:00:00+00:00,2021-01-18 08:45:00+00:00,2021-01-18 09:00:00+00:00,2021-01-18 09:45:00+00:00,4,1.144969003338128,0.9146399618502691,0.054744525547395284,2021-01-18 13:15:00+00:00,2021-01-18 13:25:00+00:00,1833.96,1841.0702857142858,7.110285714285737,3.25,True,94218,94219,1,1833.94,0.7798507462686076,0.611789761311598,1.0927830908944727,-1.068874065739757,-1.0,stop,2021,2021-01,2021-01-18,0.04219239733183302,-1.042192397331833,0.03-0.05R,2021-01-18 13:20:00+00:00,1.395714285714283,1834.5020907684645,1833.94,0.059701492537342554,missing,missing,,8,Monday,london_ny_overlap,-0.3883966611311708,,False,True,False,True,False,False,True,True,True,True,True,True,True,False,False,False,True,False,True,True,True,2021-01-18 13:15:00+00:00,1833.56,1833.9221768414343,2.632857142857152,-0.13756038470105403,True,False,2,2,1,True,True,False,False,False,2021-01-18 13:25:00+00:00|supply|1833.96
4762,15min,m15_2c_1atr,supply,1870.68,1866.44,2021-01-21 16:00:00+00:00,2021-01-21 15:15:00+00:00,2021-01-21 15:30:00+00:00,2021-01-21 15:45:00+00:00,2,2.5217200526546883,1.3023255813953538,0.27830188679241363,2021-01-21 16:20:00+00:00,2021-01-21 16:40:00+00:00,1864.88,1871.2652857142857,6.385285714285601,0.3333333333333333,True,95039,95040,3,1864.87,0.7151515151515636,0.6452334608587006,1.0367586191467002,1.9341342819429155,-1.0,stop,2021,2021-01,2021-01-21,0.046983018994564224,-1.0469830189945641,0.03-0.05R,2021-01-21 16:35:00+00:00,3.0300000000000216,1865.6263028971528,1864.87,0.11818181818178122,below,below,1.7199999999998,11,Thursday,london_ny_overlap,-0.24630458651902318,0.5676567656764976,False,True,False,True,False,False,False,False,True,True,True,True,False,False,True,True,True,False,True,True,True,2021-01-21 16:30:00+00:00,1865.06,1866.4057850849217,3.702857142857153,-0.3634450460822677,True,False,6,3,2,True,True,True,False,False,2021-01-21 16:40:00+00:00|supply|1864.88
4796,15min,m15_2c_1atr,demand,1854.16,1847.18,2021-01-25 18:45:00+00:00,2021-01-25 18:00:00+00:00,2021-01-25 18:15:00+00:00,2021-01-25 18:30:00+00:00,2,1.3832083958020716,1.4650674662668595,0.6045845272206327,2021-01-25 18:45:00+00:00,2021-01-25 18:55:00+00:00,1854.96,1846.6762857142858,8.283714285714268,0.0,True,95618,95619,1,1854.94,0.5521472392638225,0.8148518607939865,0.7943296657813884,-0.2776532266409084,-0.2776532266409084,time,2021,2021-01,2021-01-25,0.03621563825751051,-0.3138688648984189,0.03-0.05R,2021-01-25 18:50:00+00:00,2.576428571428583,1853.4354892862432,1854.94,0.711656441717794,below,below,2.7799999999999727,13,Monday,ny_main,0.5917147211698325,1.079013030219003,True,False,False,True,False,False,True,True,True,True,False,False,False,False,False,False,False,False,True,True,True,2021-01-25 18:45:00+00:00,1855.28,1854.2773256576402,4.642142857142891,0.2159938574094022,True,False,8,4,2,True,False,False,True,False,2021-01-25 18:55:00+00:00|demand|1854.96
4868,15min,m15_2c_1atr,supply,1853.09,1847.43,2021-02-02 10:15:00+00:00,2021-02-02 09:30:00+00:00,2021-02-02 09:45:00+00:00,2021-02-02 10:00:00+00:00,2,1.0069761847486158,1.9061823430357867,0.5512367491166027,2021-02-02 10:15:00+00:00,2021-02-02 10:30:00+00:00,1846.79,1853.6442857142856,6.854285714285652,0.0,True,97173,97174,2,1846.88,0.7242990654205826,2.509378907878312,0.9789495623176465,1.4049604001667317,1.0,tp1,2021,2021-02,2021-02-02,0.04376823676531928,0.9562317632346807,0.03-0.05R,2021-02-02 10:25:00+00:00,2.7728571428571223,1848.087346975651,1846.88,0.21962616822432487,missing,missing,,5,Tuesday,asia_late,-0.46787371610287165,,False,True,False,True,False,False,False,True,True,True,True,True,False,False,False,False,False,False,False,True,True,2021-02-02 10:15:00+00:00,1846.88,1849.8375018550046,3.15285714285715,-0.9380386490725516,True,True,0,0,0,False,False,False,False,False,2021-02-02 10:30:00+00:00|supply|1846.79
4870,15min,m15_2c_1atr,supply,1844.51,1840.39,2021-02-02 15:45:00+00:00,2021-02-02 15:00:00+00:00,2021-02-02 15:15:00+00:00,2021-02-02 15:30:00+00:00,2,2.6520947176684966,0.9551250206987643,0.24514563106796544,2021-02-02 16:25:00+00:00,2021-02-02 16:35:00+00:00,1835.61,1845.125,9.5150000000001,0.6666666666666666,True,97246,97247,1,1835.62,0.7597042513863337,0.6326852338412946,0.978455070940628,0.27745664739882764,0.27745664739882764,time,2021,2021-02,2021-02-02,0.031529164477141026,0.24592748292168662,0.03-0.05R,2021-02-02 16:30:00+00:00,3.180714285714219,1836.886499711434,1835.62,0.18484288354898057,below,below,7.980000000000018,11,Tuesday,london_ny_overlap,-0.4013248587486583,2.508870424433025,False,True,False,True,False,False,True,True,True,True,True,True,True,False,True,True,True,False,True,True,True,2021-02-02 16:30:00+00:00,1835.62,1838.180213041707,5.385714285714276,-0.4753711218023856,True,False,0,0,0,False,False,True,False,False,2021-02-02 16:35:00+00:00|supply|1835.61
4912,15min,m15_2c_1atr,demand,1800.52,1795.62,2021-02-05 16:45:00+00:00,2021-02-05 16:00:00+00:00,2021-02-05 16:15:00+00:00,2021-02-05 16:30:00+00:00,2,1.0736265506685911,1.1052038021588666,0.18367346938777027,2021-02-05 16:55:00+00:00,2021-02-05 17:00:00+00:00,1802.75,1794.9585714285713,7.791428571428696,0.16666666666666666,True,98079,98080,0,1802.76,0.17999999999996621,4.667950128346079,0.05005500550056209,4.180234690135605,1.0,tp1,2021,2021-02,2021-02-05,0.03850385038503788,0.9614961496149621,0.03-0.05R,2021-02-05 16:55:00+00:00,3.4464285714285876,1801.8825297577318,1802.76,0.7457142857142571,inside,inside,3.6400000000001,12,Friday,ny_main,0.25170121019179503,1.0561658031088323,True,False,False,True,False,False,True,True,True,False,False,False,False,False,False,False,True,False,True,True,True,2021-02-05 16:45:00+00:00,1802.76,1801.9023724141252,4.610714285714299,0.18600753218042596,True,True,7,3,2,True,False,False,False,True,2021-02-05 17:00:00+00:00|demand|1802.75
4932,15min,m15_2c_1atr,demand,1833.49,1832.38,2021-02-09 03:15:00+00:00,2021-02-09 02:30:00+00:00,2021-02-09 02:45:00+00:00,2021-02-09 03:00:00+00:00,2,1.484407484407551,0.6461538461537708,0.11711711711702115,2021-02-09 16:40:00+00:00,2021-02-09 17:05:00+00:00,1839.76,1831.7324285714287,8.027571428571264,13.416666666666666,True,98632,98633,4,1839.72,0.8534201954397956,1.9457939601018468,0.71129856031892,-0.15695905183919914,1.0,tp1,2021,2021-02,2021-02-09,0.0373712028188572,0.9626287971811428,0.03-0.05R,2021-02-09 17:00:00+00:00,3.184285714285693,1839.4118764876732,1839.72,0.8957654723127222,below,below,2.730000000000018,12,Tuesday,ny_main,0.10932546371859007,0.8573351278600384,True,False,False,True,False,False,False,False,False,True,True,True,True,False,False,False,True,False,True,True,True,2021-02-09 17:00:00+00:00,1842.5,1841.09575845277,3.9992857142856826,0.3511230873588064,True,False,4,2,1,True,True,False,True,False,2021-02-09 17:05:00+00:00|demand|1839.76
4949,15min,m15_2c_1atr,demand,1837.46,1835.66,2021-02-10 04:15:00+00:00,2021-02-10 03:30:00+00:00,2021-02-10 03:45:00+00:00,2021-02-10 04:00:00+00:00,2,1.7606707317073074,0.9603658536585202,0.11111111111113918,2021-02-10 17:25:00+00:00,2021-02-10 18:00:00+00:00,1841.17,1834.966142857143,6.203857142857032,13.166666666666666,True,98919,98920,6,1841.18,0.8411764705882503,0.014507103875456243,1.0106615699910344,-2.3694936329933487,-1.0,stop,2021,2021-02,2021-02-10,0.048357012918231454,-1.0483570129182314,0.03-0.05R,2021-02-10 17:55:00+00:00,3.588571428571413,1840.1555355367173,1841.18,0.994117647058829,inside,inside,2.230000000000018,13,Wednesday,ny_main,0.2826931227300865,0.6214171974522371,True,False,False,True,False,False,False,False,False,True,True,True,True,False,True,False,True,False,True,True,True,2021-02-10 17:45:00+00:00,1841.18,1842.290778888181,5.533571428571447,-0.20073453510433184,False,True,5,3,2,True,False,False,False,True,2021-02-10 18:00:00+00:00|demand|1841.17
4964,15min,m15_2c_1atr,supply,1843.08,1841.95,2021-02-11 13:15:00+00:00,2021-02-11 12:15:00+00:00,2021-02-11 12:30:00+00:00,2021-02-11 13:00:00+00:00,3,1.1023622047244677,0.6556154164939255,0.053097345132700625,2021-02-11 13:45:00+00:00,2021-02-11 18:45:00+00:00,1835.4,1843.3785714285714,7.978571428571286,0.5,True,99150,99151,5,1835.73,0.36363636363636365,3.1145926589078616,0.011280214861225395,1.7897940913160821,1.0,tp1,2021,2021-02,2021-02-11,0.037600716204118846,0.9623992837958811,0.03-0.05R,2021-02-11 18:40:00+00:00,1.499285714285715,1840.6837240856469,1835.73,0.36363636363636365,missing,missing,,13,Thursday,ny_main,-3.5241608956195765,,False,True,False,True,False,False,False,False,False,False,False,False,True,False,False,False,True,False,True,True,True,2021-02-11 18:30:00+00:00,1835.73,1840.41010763929,1.957142857142831,-2.3912958740897476,True,True,4,3,2,True,False,False,False,False,2021-02-11 18:45:00+00:00|supply|1835.4
5016,15min,m15_2c_1atr,demand,1796.11,1789.99,2021-02-16 17:30:00+00:00,2021-02-16 16:45:00+00:00,2021-02-16 17:00:00+00:00,2021-02-16 17:15:00+00:00,2,2.5265602908503184,0.8652797414663552,0.7287581699346595,2021-02-16 19:00:00+00:00,2021-02-16 19:45:00+00:00,1797.19,1789.6085714285714,7.58142857142866,1.5,True,99942,99943,8,1797.19,0.6492146596858408,0.46693046919162345,1.3704541172036904,-3.211795741473506,-1.0,stop,2021,2021-02,2021-02-16,0.03957037874505324,-1.0395703787450532,0.03-0.05R,2021-02-16 19:40:00+00:00,1.9571428571428637,1796.5805434637343,1797.19,0.8429319371728055,below,below,3.3999999999998636,14,Tuesday,ny_main,0.31140114991679274,1.7372262773721872,True,False,False,True,False,False,False,False,False,True,True,False,True,False,True,True,False,True,True,True,True,2021-02-16 19:30:00+00:00,1797.19,1799.5948861634326,6.195714285714319,-0.38815317371519625,False,True,2,2,2,True,False,False,True,False,2021-02-16 19:45:00+00:00|demand|1797.19
5048,15min,m15_2c_1atr,supply,1789.63,1782.51,2021-02-18 15:45:00+00:00,2021-02-18 15:00:00+00:00,2021-02-18 15:15:00+00:00,2021-02-18 15:30:00+00:00,2,1.3073657927589837,2.488888888888947,0.32022471910114636,2021-02-18 15:45:00+00:00,2021-02-18 16:05:00+00:00,1782.4,1790.1484285714287,7.748428571428576,0.0,True,100450,100451,3,1782.48,0.8834951456310117,2.8083113626726126,1.1873375246593538,-0.14970777484833747,1.0,tp1,2021,2021-02,2021-02-18,0.03871752797802317,0.9612824720219768,0.03-0.05R,2021-02-18 16:00:00+00:00,2.452857142857153,1784.1165239516242,1782.48,0.10436893203884741,inside,below,5.630000000000109,11,Thursday,london_ny_overlap,-0.6998059208718072,2.295282469423448,False,True,False,True,False,False,False,False,True,True,True,True,False,True,False,False,True,False,True,True,True,2021-02-18 16:00:00+00:00,1780.95,1783.614388853553,3.392857142857127,-0.7852935568366668,True,False,11,3,2,True,True,False,False,True,2021-02-18 16:05:00+00:00|supply|1782.4
5049,15min,m15_2c_1atr,supply,1782.87,1778.95,2021-02-18 17:00:00+00:00,2021-02-18 16:15:00+00:00,2021-02-18 16:30:00+00:00,2021-02-18 16:45:00+00:00,2,1.3686354378818752,0.9314324507806854,0.16326530612248094,2021-02-18 17:50:00+00:00,2021-02-18 18:30:00+00:00,1777.08,1783.4109999999998,6.330999999999904,0.8333333333333334,True,100479,100480,7,1777.09,0.6190476190476247,2.596746169641459,1.124624861791222,-0.7171063023219132,1.0,tp1,2021,2021-02,2021-02-18,0.04738587900805632,0.9526141209919436,0.03-0.05R,2021-02-18 18:25:00+00:00,2.825000000000029,1777.8037114874,1777.09,0.15873015873012628,below,below,5.630000000000109,13,Thursday,ny_main,-0.2561810574867668,1.992920353982319,False,True,False,True,False,False,False,False,False,True,True,False,True,False,False,False,True,False,True,True,True,2021-02-18 18:15:00+00:00,1777.09,1777.4399334951577,5.014285714285718,-0.06978730672661808,True,True,10,4,2,True,True,True,False,False,2021-02-18 18:30:00+00:00|supply|1777.08
5050,15min,m15_2c_1atr,demand,1773.45,1768.43,2021-02-18 18:00:00+00:00,2021-02-18 17:15:00+00:00,2021-02-18 17:30:00+00:00,2021-02-18 17:45:00+00:00,2,1.2437265647534073,1.013556388808766,0.013944223107602382,2021-02-18 20:10:00+00:00,2021-02-18 20:30:00+00:00,1776.16,1768.19,7.970000000000027,2.1666666666666665,True,100503,100504,3,1776.14,0.7597402597403249,0.13425345043913836,1.0401505646173352,0.5018820577164349,-1.0,stop,2021,2021-02,2021-02-18,0.03764115432873262,-1.0376411543287327,0.03-0.05R,2021-02-18 20:25:00+00:00,1.3028571428571272,1775.236189437368,1776.14,0.8051948051948301,below,below,5.630000000000109,15,Thursday,ny_main,0.7090651248272555,4.3212719298246975,True,False,False,True,False,False,False,False,True,True,True,True,False,False,False,False,True,False,True,True,True,2021-02-18 20:15:00+00:00,1776.14,1775.9527882073253,3.6042857142857168,0.05194144069455851,True,True,2,2,1,True,True,False,True,False,2021-02-18 20:30:00+00:00|demand|1776.16
5081,15min,m15_2c_1atr,demand,1798.36,1793.86,2021-02-22 16:45:00+00:00,2021-02-22 16:00:00+00:00,2021-02-22 16:15:00+00:00,2021-02-22 16:30:00+00:00,2,2.6988546255505965,1.1101321585902995,0.6111111111111112,2021-02-23 16:40:00+00:00,2021-02-23 17:10:00+00:00,1806.1,1793.120857142857,12.97914285714296,23.916666666666668,True,101291,101292,5,1806.2,0.722841225626765,0.5932595152662501,1.2265833094855265,-0.9083804785700034,-1.0,stop,2021,2021-02,2021-02-23,0.02311400708829532,-1.0231140070882954,<=0.03R,2021-02-23 17:05:00+00:00,3.4992857142856986,1802.8082939055544,1806.2,0.9832869080780092,below,below,4.079999999999927,12,Tuesday,ny_main,0.9406794309499454,1.1659522351500151,True,False,True,True,True,False,False,False,False,True,True,True,False,False,True,True,False,False,True,True,True,2021-02-23 17:00:00+00:00,1804.67,1805.5236209396905,4.174999999999987,-0.20446010531508382,False,False,0,0,0,False,False,False,True,False,2021-02-23 17:10:00+00:00|demand|1806.1
5107,15min,m15_2c_1atr,demand,1795.66,1790.6,2021-02-24 19:00:00+00:00,2021-02-24 18:00:00+00:00,2021-02-24 18:15:00+00:00,2021-02-24 18:45:00+00:00,3,1.2877164056059185,0.834295136026404,0.14426877470355598,2021-02-24 20:00:00+00:00,2021-02-24 20:15:00+00:00,1799.08,1790.2759999999998,8.804000000000087,1.0,True,101604,101605,2,1799.1,0.816326530612278,0.7473875511131406,1.0904134484325094,-2.568150840526996,-1.0,stop,2021,2021-02,2021-02-24,0.034075420263516246,-1.0340754202635163,0.03-0.05R,2021-02-24 20:10:00+00:00,1.6621428571428234,1798.5764318529727,1799.1,1.0,below,below,2.119999999999891,15,Wednesday,ny_main,0.3029632169480309,1.2754619681993586,True,False,False,True,False,False,False,True,True,True,True,True,True,False,False,False,True,False,True,True,True,2021-02-24 20:00:00+00:00,1799.1,1798.5193659642537,4.699285714285712,0.12355793434332586,True,True,3,3,2,True,True,False,True,False,2021-02-24 20:15:00+00:00|demand|1799.08
5118,15min,m15_2c_1atr,supply,1794.74,1791.86,2021-02-25 10:30:00+00:00,2021-02-25 09:45:00+00:00,2021-02-25 10:00:00+00:00,2021-02-25 10:15:00+00:00,2,1.5437837837838326,0.871783783783821,0.5034722222222189,2021-02-25 11:10:00+00:00,2021-02-25 11:25:00+00:00,1787.88,1795.17,7.289999999999964,0.6666666666666666,True,101774,101775,2,1787.88,0.7338308457711024,0.06172839506173494,1.0041152263374449,3.42935528120715,-1.0,stop,2021,2021-02,2021-02-25,0.0411522633744858,-1.0411522633744859,0.03-0.05R,2021-02-25 11:20:00+00:00,2.2057142857142935,1789.7704597883203,1787.88,0.1592039800995281,missing,missing,,6,Thursday,asia_late,-0.8570737382280605,,False,True,False,True,False,False,False,True,True,True,True,True,True,False,True,False,False,False,False,True,True,2021-02-25 11:15:00+00:00,1789.87,1791.4096125537908,3.7714285714285682,-0.4082306013839519,True,False,1,1,1,True,False,False,False,False,2021-02-25 11:25:00+00:00|supply|1787.88
5163,15min,m15_2c_1atr,demand,1712.77,1707.24,2021-03-02 06:00:00+00:00,2021-03-02 05:15:00+00:00,2021-03-02 05:30:00+00:00,2021-03-02 05:45:00+00:00,2,1.0174966352624832,1.302489905787336,0.670886075949377,2021-03-02 07:30:00+00:00,2021-03-02 07:35:00+00:00,1715.74,1706.9185714285713,8.821428571428669,1.5,True,102553,102554,0,1715.65,0.4950690335305542,2.812469635627493,0.5622672064777307,1.7842914979756899,1.0,tp1,2021,2021-03,2021-03-02,0.03400809716599153,0.9659919028340085,0.03-0.05R,2021-03-02 07:30:00+00:00,1.364285714285724,1714.5620162746143,1715.65,0.7061143984220984,missing,missing,,2,Tuesday,post_close,0.8634435683455547,,True,False,False,True,False,False,True,True,True,True,False,False,False,False,False,False,False,True,False,True,True,2021-03-02 07:30:00+00:00,1713.0,1713.9032747646997,3.031428571428608,-0.29796999778030814,False,False,2,2,2,True,False,False,False,False,2021-03-02 07:35:00+00:00|demand|1715.74
5164,15min,m15_2c_1atr,demand,1717.14,1710.78,2021-03-02 08:15:00+00:00,2021-03-02 07:30:00+00:00,2021-03-02 07:45:00+00:00,2021-03-02 08:00:00+00:00,2,1.578281726995205,1.9415612734409216,0.02201257861636749,2021-03-02 09:40:00+00:00,2021-03-02 10:10:00+00:00,1718.8,1710.4578571428572,8.34214285714279,1.4166666666666667,True,102584,102585,5,1718.8,0.7962962962960897,2.6072437708708147,0.38838941690213624,0.8942546450894885,1.0,tp1,2021,2021-03,2021-03-02,0.035961983046494,0.964038016953506,0.03-0.05R,2021-03-02 10:05:00+00:00,1.6564285714285754,1718.554566232954,1718.8,0.9259259259257934,missing,missing,,5,Tuesday,asia_late,0.1481704501356066,,True,False,False,True,False,False,False,False,False,True,True,True,False,False,True,False,True,False,False,True,True,2021-03-02 10:00:00+00:00,1718.59,1718.8055359973068,3.3335714285714664,-0.06465618089343861,False,False,6,4,2,True,False,False,False,False,2021-03-02 10:10:00+00:00|demand|1718.8
5166,15min,m15_2c_1atr,demand,1720.94,1717.06,2021-03-02 11:00:00+00:00,2021-03-02 09:30:00+00:00,2021-03-02 09:45:00+00:00,2021-03-02 10:45:00+00:00,5,1.3760195758564138,1.1076672104404783,0.9664948453607975,2021-03-02 11:25:00+00:00,2021-03-02 11:40:00+00:00,1722.81,1716.7571428571428,6.052857142857192,0.4166666666666667,True,102602,102603,2,1722.81,0.9347826086957086,2.9308472976162157,0.40476752419164924,0.2610337502950435,1.0,tp1,2021,2021-03,2021-03-02,0.04956337030918062,0.9504366296908193,0.03-0.05R,2021-03-02 11:35:00+00:00,1.5364285714285384,1721.9445194435036,1722.81,1.0,missing,missing,,6,Tuesday,asia_late,0.5633067313318818,,True,False,False,True,False,False,False,True,True,True,True,True,False,False,False,False,False,True,False,True,True,2021-03-02 11:30:00+00:00,1724.93,1721.6116007318728,3.0985714285714203,1.0709448998105404,True,False,4,2,1,True,False,False,False,False,2021-03-02 11:40:00+00:00|demand|1722.81
5202,15min,m15_2c_1atr,demand,1716.3,1711.4,2021-03-04 17:45:00+00:00,2021-03-04 17:00:00+00:00,2021-03-04 17:15:00+00:00,2021-03-04 17:30:00+00:00,2,1.5733542319749385,1.075235109717839,0.5571428571428764,2021-03-04 18:35:00+00:00,2021-03-04 19:10:00+00:00,1717.57,1710.988,6.58199999999988,0.8333333333333334,True,103244,103245,6,1717.57,0.794676806083586,0.0,1.0528714676390099,-2.1923427529626403,-1.0,stop,2021,2021-03,2021-03-04,0.04557885141294522,-1.0455788514129452,0.03-0.05R,2021-03-04 19:05:00+00:00,1.7428571428571331,1716.4808307289597,1717.57,0.859315589353573,inside,inside,5.129999999999882,14,Thursday,ny_main,0.6249331883017526,2.9434426229507684,True,False,False,True,False,False,False,False,False,True,True,True,False,False,True,False,False,False,True,True,True,2021-03-04 19:00:00+00:00,1713.99,1716.0738476168522,4.4557142857143095,-0.4676798114127925,False,False,13,3,2,True,False,False,False,True,2021-03-04 19:10:00+00:00|demand|1717.57
5204,15min,m15_2c_1atr,supply,1703.73,1698.32,2021-03-04 21:00:00+00:00,2021-03-04 20:15:00+00:00,2021-03-04 20:30:00+00:00,2021-03-04 20:45:00+00:00,2,1.990146599375132,0.9101177601538202,0.26987060998151835,2021-03-04 21:25:00+00:00,2021-03-04 21:35:00+00:00,1695.52,1704.3772857142858,8.857285714285808,0.4166666666666667,True,103273,103274,1,1695.52,0.5411392405063655,0.9257915194916164,1.127885034112342,-0.31838196158125426,-1.0,stop,2021,2021-03,2021-03-04,0.033870421444815044,-1.0338704214448151,0.03-0.05R,2021-03-04 21:30:00+00:00,3.3528571428571468,1696.561430036514,1695.52,0.25949367088606773,below,below,5.129999999999882,16,Thursday,ny_main,-0.31060972541957815,1.530038346825698,False,True,False,True,False,False,True,True,True,True,False,False,True,False,True,False,True,False,True,True,True,2021-03-04 21:30:00+00:00,1697.05,1699.448218876989,6.257142857142867,-0.3832769894731191,True,False,0,0,0,False,False,True,False,False,2021-03-04 21:35:00+00:00|supply|1695.52
5271,15min,m15_2c_1atr,supply,1732.52,1727.39,2021-03-11 16:30:00+00:00,2021-03-11 15:45:00+00:00,2021-03-11 16:00:00+00:00,2021-03-11 16:15:00+00:00,2,1.719838650531747,1.3168316831682982,0.15204678362572918,2021-03-11 17:55:00+00:00,2021-03-11 18:05:00+00:00,1723.21,1733.0117142857143,9.801714285714297,1.4166666666666667,True,104611,104612,1,1723.26,0.819852941176469,2.449571503527076,0.521337375386219,0.4448201480790657,1.0,tp1,2021,2021-03,2021-03-11,0.030606890922870597,0.9693931090771294,0.03-0.05R,2021-03-11 18:00:00+00:00,2.4785714285714318,1724.2046873940953,1723.26,0.007352941176463827,below,below,3.509999999999991,13,Thursday,ny_main,-0.40131479877044085,1.4161383285302538,False,True,False,True,False,False,True,True,True,True,True,True,False,False,True,False,True,False,True,True,True,2021-03-11 18:00:00+00:00,1722.09,1724.3564106697258,4.992857142857117,-0.45393060623981635,True,False,10,4,2,True,True,True,False,False,2021-03-11 18:05:00+00:00|supply|1723.21
5323,15min,m15_2c_1atr,demand,1728.04,1726.61,2021-03-17 20:00:00+00:00,2021-03-17 18:30:00+00:00,2021-03-17 18:45:00+00:00,2021-03-17 19:45:00+00:00,5,1.1637778563849097,0.7081712062257015,0.216783216783328,2021-03-18 13:35:00+00:00,2021-03-18 14:05:00+00:00,1733.22,1726.2331428571429,6.986857142857161,17.583333333333332,True,105955,105956,5,1733.22,0.7318007662835844,0.0,1.6259098715956628,0.6268913061257686,-1.0,stop,2021,2021-03,2021-03-18,0.042937760693546954,-1.042937760693547,0.03-0.05R,2021-03-18 14:00:00+00:00,1.9121428571428396,1731.9997735857164,1733.22,0.8927203065134163,inside,below,3.6799999999998363,10,Thursday,london_ny_overlap,0.6381460515491512,1.9245423982068801,True,False,False,True,False,False,False,False,False,True,True,True,True,False,False,False,True,False,True,True,True,2021-03-18 14:00:00+00:00,1729.89,1732.5252697180385,2.9271428571428424,-0.9002873609697023,False,False,5,4,2,True,False,False,False,True,2021-03-18 14:05:00+00:00|demand|1733.22
5445,15min,m15_2c_1atr,demand,1684.51,1678.77,2021-03-30 16:15:00+00:00,2021-03-30 15:30:00+00:00,2021-03-30 15:45:00+00:00,2021-03-30 16:00:00+00:00,2,1.9719136449381744,1.6843429050513532,0.832752613240412,2021-03-30 16:30:00+00:00,2021-03-30 16:50:00+00:00,1685.59,1678.3225714285713,7.267428571428582,0.25,True,108184,108185,3,1685.62,0.4648437499999424,0.39904072967448906,1.0595219374115161,2.5414766472715837,-1.0,stop,2021,2021-03,2021-03-30,0.04128007548356654,-1.0412800754835665,0.03-0.05R,2021-03-30 16:45:00+00:00,2.4335714285714567,1685.0659961770627,1685.62,0.664062499999943,below,below,2.019999999999982,12,Tuesday,ny_main,0.21532296803992848,0.8300557675374058,True,False,False,True,False,False,False,False,True,True,False,False,False,False,True,False,False,True,True,True,True,2021-03-30 16:45:00+00:00,1688.22,1686.4063319878087,3.9650000000000154,0.4574194229990723,True,False,1,1,1,True,False,False,True,False,2021-03-30 16:50:00+00:00|demand|1685.59
5471,15min,m15_2c_1atr,demand,1718.94,1715.58,2021-04-01 16:00:00+00:00,2021-04-01 15:15:00+00:00,2021-04-01 15:30:00+00:00,2021-04-01 15:45:00+00:00,2,1.162599049128304,1.4909667194929055,0.07440476190475909,2021-04-01 16:00:00+00:00,2021-04-01 16:05:00+00:00,1724.48,1715.127857142857,9.352142857143008,0.0,True,108691,108692,0,1724.5,0.9198036006546617,0.6383563736347593,0.341098296799817,0.3507217597189252,0.3507217597189252,time,2021,2021-04,2021-04-01,0.032078209730389766,0.31864354998853545,0.03-0.05R,2021-04-01 16:00:00+00:00,2.235000000000046,1719.4205426195467,1724.5,0.9198036006546617,above,above,2.0299999999999727,12,Thursday,ny_main,2.263739320113285,0.9082774049216693,True,False,False,True,False,False,True,True,True,True,True,True,False,False,False,False,True,False,True,True,True,2021-04-01 16:00:00+00:00,1723.3,1718.0218238873265,2.58500000000002,2.0418476257924265,True,False,1,1,1,True,True,True,False,False,2021-04-01 16:05:00+00:00|demand|1724.48
5472,15min,m15_2c_1atr,demand,1726.96,1721.5,2021-04-01 17:45:00+00:00,2021-04-01 17:00:00+00:00,2021-04-01 17:15:00+00:00,2021-04-01 17:30:00+00:00,2,1.3348700754400402,1.6018440905280749,0.24908424908427074,2021-04-01 17:45:00+00:00,2021-04-01 17:55:00+00:00,1727.8,1721.0308571428573,6.769142857142697,0.0,True,108713,108714,1,1727.8,0.6284153005463985,0.8494428499071618,0.961717035286194,0.38557318926222617,0.38557318926222617,time,2021,2021-04,2021-04-01,0.044318757386460614,0.34125443187576554,0.03-0.05R,2021-04-01 17:50:00+00:00,2.339285714285682,1726.4243650852552,1727.8,0.6284153005463985,above,above,2.0299999999999727,13,Thursday,ny_main,0.5880576734786802,0.8677862595419851,True,False,False,True,False,False,True,True,True,True,True,False,False,False,False,False,True,False,True,True,True,2021-04-01 17:45:00+00:00,1728.71,1724.9794047608589,3.448571428571459,1.0817798953598978,True,False,0,0,0,False,False,True,False,False,2021-04-01 17:55:00+00:00|demand|1727.8
5540,15min,m15_2c_1atr,demand,1738.3,1731.65,2021-04-09 16:45:00+00:00,2021-04-09 16:00:00+00:00,2021-04-09 16:15:00+00:00,2021-04-09 16:30:00+00:00,2,1.6959324294287135,2.0693487441653375,0.8060150375939864,2021-04-09 16:45:00+00:00,2021-04-09 16:50:00+00:00,1740.1,1731.1067142857144,8.993285714285548,0.0,True,110080,110081,0,1740.07,0.8009049773755442,0.746112178927154,1.069686909281535,-0.7583435261226699,-1.0,stop,2021,2021-04,2021-04-09,0.03335821962416467,-1.0333582196241646,0.03-0.05R,2021-04-09 16:45:00+00:00,2.607142857142873,1737.3384458733913,1740.07,0.8190045248868396,below,below,2.490000000000009,12,Friday,ny_main,1.059226240343035,0.9550684931506825,True,False,False,True,False,False,True,True,True,True,True,True,False,True,True,False,False,True,True,True,True,2021-04-09 16:45:00+00:00,1739.73,1739.290798267536,3.3728571428571286,0.1302165238139691,True,False,0,0,0,False,False,False,True,False,2021-04-09 16:50:00+00:00|demand|1740.1
5605,15min,m15_2c_1atr,supply,1783.78,1779.84,2021-04-16 16:15:00+00:00,2021-04-16 15:30:00+00:00,2021-04-16 15:45:00+00:00,2021-04-16 16:00:00+00:00,2,1.583539464807726,1.2403867776028947,0.07106598984770783,2021-04-16 17:25:00+00:00,2021-04-16 17:40:00+00:00,1776.97,1784.2262857142857,7.256285714285696,1.1666666666666667,True,111470,111471,2,1776.96,0.898809523809606,0.5305744773004887,1.0721738788045823,0.4906091270622452,-1.0,stop,2021,2021-04,2021-04-16,0.04134346576367298,-1.0413434657636729,0.03-0.05R,2021-04-16 17:35:00+00:00,2.2757142857142947,1777.6590813225268,1776.96,0.029761904761880592,above,above,3.2799999999999727,13,Friday,ny_main,-0.302797819063886,1.4413057124921356,False,True,False,True,False,False,False,True,True,True,True,True,False,False,True,False,True,False,True,True,True,2021-04-16 17:30:00+00:00,1775.98,1776.8145458731003,3.7614285714285773,-0.2218693927725813,True,False,3,3,2,True,True,False,True,False,2021-04-16 17:40:00+00:00|supply|1776.97
5688,15min,m15_2c_1atr,demand,1772.88,1768.55,2021-04-26 16:00:00+00:00,2021-04-26 15:15:00+00:00,2021-04-26 15:30:00+00:00,2021-04-26 15:45:00+00:00,2,2.046378322042759,1.5794684731631483,0.27713625866050867,2021-04-26 17:00:00+00:00,2021-04-26 17:15:00+00:00,1776.42,1768.0628571428572,8.35714285714289,1.0,True,113121,113122,2,1776.44,0.7983870967741951,1.091282051282034,0.3254700854700875,0.3494017094016895,1.0,tp1,2021,2021-04,2021-04-26,0.035897435897435756,0.9641025641025642,0.03-0.05R,2021-04-26 17:10:00+00:00,2.5928571428571883,1775.881906110053,1776.44,0.8346774193548986,below,below,2.9600000000000364,13,Monday,ny_main,0.20752932394651677,1.1415977961432446,True,False,False,True,False,False,False,True,True,True,True,True,False,False,True,True,True,False,True,True,True,2021-04-26 17:00:00+00:00,1776.44,1776.6428453937347,3.546428571428578,-0.0571970898748132,False,True,2,2,2,True,False,False,True,False,2021-04-26 17:15:00+00:00|demand|1776.42
5725,15min,m15_2c_1atr,demand,1768.21,1757.27,2021-04-29 17:30:00+00:00,2021-04-29 16:45:00+00:00,2021-04-29 17:00:00+00:00,2021-04-29 17:15:00+00:00,2,1.0216034565530907,2.450952152344396,0.9652650822669214,2021-04-29 17:30:00+00:00,2021-04-29 17:55:00+00:00,1768.31,1756.7361428571428,11.57385714285715,0.0,True,113957,113958,4,1768.3,0.586497890295332,0.5693866719330632,0.3516545910117572,-0.09849784613104785,-0.09849784613104785,time,2021,2021-04,2021-04-29,0.025920485823962853,-0.1244183319550107,<=0.03R,2021-04-29 17:50:00+00:00,2.801428571428541,1765.3797247997254,1768.3,0.6540084388185763,below,below,3.2899999999999636,13,Thursday,ny_main,1.0459931872474237,1.1744008159102497,True,False,True,True,True,False,False,False,False,True,False,False,False,True,False,False,False,True,True,True,True,2021-04-29 17:45:00+00:00,1768.63,1767.0643420002386,4.8335714285714175,0.3239132850105014,True,False,1,1,1,True,False,False,True,False,2021-04-29 17:55:00+00:00|demand|1768.31
5768,15min,m15_2c_1atr,demand,1786.01,1780.7,2021-05-04 15:30:00+00:00,2021-05-04 14:45:00+00:00,2021-05-04 15:00:00+00:00,2021-05-04 15:15:00+00:00,2,1.0966057441253367,2.156657963446437,0.24293785310734028,2021-05-04 15:30:00+00:00,2021-05-04 15:35:00+00:00,1786.47,1780.3095714285714,6.160428571428611,0.0,True,114757,114758,0,1786.44,0.1940298507462737,2.0290796094891226,1.6313800060292474,-0.7369617141664435,1.0,tp1,2021,2021-05,2021-05-04,0.04869791062773895,0.951302089372261,0.03-0.05R,2021-05-04 15:30:00+00:00,1.9185714285714053,1784.931292075607,1786.44,0.41791044776117886,above,above,2.2200000000000273,11,Tuesday,london_ny_overlap,0.8020071087678027,1.1571109456441087,True,False,False,True,False,False,True,True,True,False,False,False,False,True,False,False,True,False,True,True,True,2021-05-04 15:30:00+00:00,1787.17,1785.0546586060477,2.445000000000001,0.8651703042749889,True,False,11,4,2,True,False,True,False,False,2021-05-04 15:35:00+00:00|demand|1786.47
5769,15min,m15_2c_1atr,supply,1798.97,1794.88,2021-05-04 17:45:00+00:00,2021-05-04 17:00:00+00:00,2021-05-04 17:15:00+00:00,2021-05-04 17:30:00+00:00,2,1.2676587717459455,1.2001676797316874,0.37652811735941183,2021-05-04 18:00:00+00:00,2021-05-04 18:15:00+00:00,1777.57,1799.7407142857144,22.17071428571444,0.25,True,114789,114790,2,1777.58,0.9305631492618927,0.3265569122716564,0.34910918521859396,-0.24627082058055988,-0.24627082058055988,time,2021,2021-05,2021-05-04,0.01353136376816254,-0.25980218434872243,<=0.03R,2021-05-04 18:10:00+00:00,3.2685714285713954,1790.3427076490127,1777.58,0.06342263531983908,below,below,2.2200000000000273,14,Tuesday,ny_main,-3.9077339835266747,0.6791958041958195,False,True,True,True,True,True,False,True,True,True,True,True,False,False,False,False,False,False,True,True,True,2021-05-04 18:00:00+00:00,1777.58,1789.2352712016716,4.480714285714271,-2.6012083026208175,True,True,0,0,0,False,False,True,False,False,2021-05-04 18:15:00+00:00|supply|1777.57
5804,15min,m15_2c_1atr,supply,1843.23,1837.21,2021-05-07 16:30:00+00:00,2021-05-07 15:45:00+00:00,2021-05-07 16:00:00+00:00,2021-05-07 16:15:00+00:00,2,1.5452300092620948,1.3010188329731411,0.1245847176079738,2021-05-07 16:50:00+00:00,2021-05-07 17:30:00+00:00,1836.77,1843.9824285714285,7.212428571428518,0.3333333333333333,True,115608,115609,7,1836.75,0.7165898617511426,1.1189018955374646,1.0232337037257342,-0.4090161823835932,1.0,tp1,2021,2021-05,2021-05-07,0.04159486600511053,0.9584051339948895,0.03-0.05R,2021-05-07 17:25:00+00:00,4.113571428571423,1837.258359673361,1836.75,0.0714285714285602,above,above,0.7300000000000182,13,Friday,ny_main,-0.11871914268194583,0.17746136482028596,False,True,False,True,False,False,False,False,False,True,True,True,False,False,True,False,True,False,True,True,True,2021-05-07 17:15:00+00:00,1836.75,1833.9181293434765,6.16499999999998,0.45934641630551754,False,True,0,0,0,False,False,False,True,False,2021-05-07 17:30:00+00:00|supply|1836.77
5834,15min,m15_2c_1atr,demand,1826.14,1818.1,2021-05-11 17:00:00+00:00,2021-05-11 16:15:00+00:00,2021-05-11 16:30:00+00:00,2021-05-11 16:45:00+00:00,2,2.0161812297734647,2.023732470334464,0.5335820895522216,2021-05-12 06:00:00+00:00,2021-05-12 06:10:00+00:00,1828.17,1817.850857142857,10.319142857143106,13.0,True,116300,116301,1,1828.17,0.7720207253885802,1.4972173768584893,1.1037738461112325,-1.057258354791355,1.0,tp1,2021,2021-05,2021-05-12,0.029072182074922463,0.9709278179250775,<=0.03R,2021-05-12 06:05:00+00:00,1.2585714285713883,1827.863288212524,1828.17,0.8445595854922566,missing,missing,,2,Wednesday,post_close,0.24369835554292776,,True,False,True,True,True,False,True,True,True,True,True,True,False,True,True,True,False,False,False,True,True,2021-05-12 06:00:00+00:00,1828.07,1829.4198801572618,2.201428571428502,-0.6131837184187704,False,False,2,2,2,True,False,False,False,False,2021-05-12 06:10:00+00:00|demand|1828.17
5904,15min,m15_2c_1atr,supply,1873.69,1871.17,2021-05-19 11:00:00+00:00,2021-05-19 09:45:00+00:00,2021-05-19 10:00:00+00:00,2021-05-19 10:45:00+00:00,4,2.231565735801638,1.1069971760275923,0.690476190476199,2021-05-19 15:55:00+00:00,2021-05-19 16:20:00+00:00,1867.74,1874.4358571428572,6.695857142857221,4.916666666666667,True,117802,117803,4,1867.73,0.9253731343283692,0.03434959783235068,2.1759723496404675,-1.6129376373450277,-1.0,stop,2021,2021-05,2021-05-19,0.04480382325958429,-1.0448038232595842,0.03-0.05R,2021-05-19 16:15:00+00:00,3.649285714285741,1868.2004166609977,1867.73,0.0,above,above,5.129999999999882,12,Wednesday,ny_main,-0.12616624102500437,1.405754550792676,False,True,False,True,False,False,False,False,False,True,True,True,False,False,True,True,False,True,True,True,True,2021-05-19 16:15:00+00:00,1869.79,1866.1283862778187,4.567857142857146,0.8016042550514179,False,False,7,4,2,True,False,False,True,False,2021-05-19 16:20:00+00:00|supply|1867.74
5911,15min,m15_2c_1atr,supply,1882.44,1879.6,2021-05-19 21:15:00+00:00,2021-05-19 19:45:00+00:00,2021-05-19 20:00:00+00:00,2021-05-19 21:00:00+00:00,5,4.0355351170568525,0.8311036789298099,0.43309859154928,2021-05-20 17:10:00+00:00,2021-05-20 17:30:00+00:00,1876.9,1882.9137142857144,6.013714285714286,19.916666666666668,True,118092,118093,3,1876.88,0.8426395939085439,0.15298365640442105,1.1540288863549693,0.10808627898139102,-1.0,stop,2021,2021-05,2021-05-20,0.04988597491448118,-1.049885974914481,0.03-0.05R,2021-05-20 17:25:00+00:00,2.3528571428571143,1877.2447835618252,1876.88,0.03553299492394048,above,above,3.6200000000001182,13,Thursday,ny_main,-0.14653824728451137,1.538554948391083,False,True,False,True,False,False,False,False,True,True,True,True,True,False,True,True,False,False,True,True,True,2021-05-20 17:15:00+00:00,1876.88,1874.860115405926,2.9692857142857423,0.6802594254759714,False,True,1,1,1,True,False,False,True,False,2021-05-20 17:30:00+00:00|supply|1876.9
6110,15min,m15_2c_1atr,supply,1898.97,1893.69,2021-06-09 17:15:00+00:00,2021-06-09 16:30:00+00:00,2021-06-09 16:45:00+00:00,2021-06-09 17:00:00+00:00,2,2.56982718355913,1.7262961233068597,0.6666666666666666,2021-06-10 16:10:00+00:00,2021-06-10 16:30:00+00:00,1887.04,1899.799,12.759000000000015,22.916666666666668,True,122173,122174,3,1887.07,0.7898989898990355,0.16615722235284022,1.0063484599106616,0.4616349243671029,-1.0,stop,2021,2021-06,2021-06-10,0.023512814483893696,-1.0235128144838936,<=0.03R,2021-06-10 16:25:00+00:00,3.999285714285731,1889.265683646787,1887.07,0.086868686868657,above,above,1.75,12,Thursday,ny_main,-0.5565202903200309,0.4375781389533827,False,True,True,True,True,False,False,False,True,True,True,True,False,False,True,True,False,True,True,True,True,2021-06-10 16:15:00+00:00,1887.07,1884.9288358419308,4.148571428571423,0.5161208370001424,False,True,1,1,1,True,False,False,True,False,2021-06-10 16:30:00+00:00|supply|1887.04
6187,15min,m15_2c_1atr,supply,1815.58,1811.5,2021-06-17 10:30:00+00:00,2021-06-17 09:45:00+00:00,2021-06-17 10:00:00+00:00,2021-06-17 10:15:00+00:00,2,2.1938859818232412,1.573120352519961,0.8651960784313812,2021-06-17 11:00:00+00:00,2021-06-17 11:20:00+00:00,1807.8,1815.941857142857,8.141857142857134,0.5,True,123491,123492,3,1807.8,0.9961389961389999,4.99149018300492,0.09088835471022878,1.8165388731949512,1.0,tp1,2021,2021-06,2021-06-17,0.036846630287930136,0.9631533697120699,0.03-0.05R,2021-06-17 11:15:00+00:00,1.822142857142889,1809.4908838327042,1807.8,0.0,missing,missing,,7,Thursday,asia_late,-0.9279644711038342,,False,True,False,True,False,False,False,False,True,True,True,True,False,False,True,True,False,True,False,True,True,2021-06-17 11:15:00+00:00,1807.65,1810.4835332159676,3.4107142857142856,-0.8307741366187328,True,False,1,1,1,True,False,False,False,False,2021-06-17 11:20:00+00:00|supply|1807.8
6193,15min,m15_2c_1atr,supply,1790.51,1781.42,2021-06-17 17:15:00+00:00,2021-06-17 16:30:00+00:00,2021-06-17 16:45:00+00:00,2021-06-17 17:00:00+00:00,2,1.203836930455629,1.4532374100719267,0.21562156215622155,2021-06-17 17:20:00+00:00,2021-06-17 17:25:00+00:00,1780.94,1791.202142857143,10.262142857142862,0.08333333333333333,True,123564,123565,0,1780.97,0.09002433090021396,1.34279947100995,1.2034523560938166,0.4794320317394096,1.0,tp1,2021,2021-06,2021-06-17,0.02923366047191479,0.9707663395280852,<=0.03R,2021-06-17 17:20:00+00:00,3.581428571428595,1781.2102803915063,1780.97,0.5255474452554781,below,below,6.009999999999991,13,Thursday,ny_main,-0.07546720145767527,1.6781013163143064,False,True,True,True,True,False,True,True,True,False,False,False,False,False,False,False,True,False,True,True,True,2021-06-17 17:15:00+00:00,1780.21,1783.2535131282827,6.399285714285725,-0.47560200687529736,True,False,0,0,0,False,False,True,False,False,2021-06-17 17:25:00+00:00|supply|1780.94
6194,15min,m15_2c_1atr,supply,1782.81,1777.48,2021-06-17 18:30:00+00:00,2021-06-17 17:30:00+00:00,2021-06-17 17:45:00+00:00,2021-06-17 18:15:00+00:00,3,1.2741952395931742,0.7824263395197553,0.08255159474672806,2021-06-17 18:50:00+00:00,2021-06-17 19:05:00+00:00,1773.86,1783.4208571428571,9.56085714285723,0.3333333333333333,True,123584,123585,2,1773.89,0.8048780487804994,0.4560260586319072,1.0794011296058406,0.09727161342376348,-1.0,stop,2021,2021-06,2021-06-17,0.03137793981412277,-1.0313779398141227,0.03-0.05R,2021-06-17 19:00:00+00:00,3.115714285714278,1774.645867476644,1773.89,0.08013937282230904,below,below,6.009999999999991,15,Thursday,ny_main,-0.25222706724022054,1.928931682714353,False,True,False,True,False,False,False,True,True,True,True,True,True,False,False,False,True,False,True,True,True,2021-06-17 19:00:00+00:00,1773.83,1776.0730376889762,6.147142857142837,-0.36489109511582984,True,False,3,3,2,True,True,True,False,False,2021-06-17 19:05:00+00:00|supply|1773.86
6233,15min,m15_2c_1atr,supply,1783.33,1780.12,2021-06-22 15:45:00+00:00,2021-06-22 15:00:00+00:00,2021-06-22 15:15:00+00:00,2021-06-22 15:30:00+00:00,2,2.571428571428563,1.1758241758241883,0.29595015576317985,2021-06-22 16:05:00+00:00,2021-06-22 16:25:00+00:00,1777.68,1783.7892857142856,6.109285714285534,0.3333333333333333,True,124380,124381,3,1777.63,0.7289156626504514,0.6891149304337922,1.0181222962703491,-2.404536419969644,-1.0,stop,2021,2021-06,2021-06-22,0.049105576990531086,-1.049105576990531,0.03-0.05R,2021-06-22 16:20:00+00:00,2.2535714285714414,1777.8251966110981,1777.63,0.2048192771085113,below,below,4.189999999999827,12,Tuesday,ny_main,-0.06442955801499198,1.8592709984151266,False,True,False,True,False,False,False,False,True,True,True,True,False,False,True,True,True,False,True,True,True,2021-06-22 16:15:00+00:00,1777.05,1778.3506617327278,3.232142857142857,-0.402414679738989,True,False,8,3,2,True,True,True,False,False,2021-06-22 16:25:00+00:00|supply|1777.68
6294,15min,m15_2c_1atr,demand,1777.75,1774.86,2021-06-28 16:15:00+00:00,2021-06-28 15:15:00+00:00,2021-06-28 15:30:00+00:00,2021-06-28 16:00:00+00:00,3,1.9285484390086678,1.302220791760579,0.07958477508650873,2021-06-28 17:55:00+00:00,2021-06-28 18:05:00+00:00,1781.2,1774.5104285714285,6.689571428571526,1.6666666666666667,True,125504,125505,1,1781.19,0.9824046920821279,0.19134260149058618,1.0135178422704663,-2.8746236145812922,-1.0,stop,2021,2021-06,2021-06-28,0.04484592222435709,-1.0448459222243571,0.03-0.05R,2021-06-28 18:00:00+00:00,1.7285714285714155,1780.1428086397013,1781.19,0.9853372434017732,above,above,2.5299999999999727,14,Monday,ny_main,0.6115983076108242,1.463636363636359,True,False,False,True,False,False,True,True,True,True,True,True,False,False,True,False,True,False,True,True,True,2021-06-28 18:00:00+00:00,1781.42,1779.8234283284037,3.016428571428573,0.5292920530984964,True,False,7,4,2,True,True,True,False,False,2021-06-28 18:05:00+00:00|demand|1781.2
6700,15min,m15_2c_1atr,demand,1725.04,1718.49,2021-08-09 04:30:00+00:00,2021-08-09 03:30:00+00:00,2021-08-09 03:45:00+00:00,2021-08-09 04:15:00+00:00,3,1.2545072249809983,0.4102357625374638,0.29160305343512904,2021-08-09 19:30:00+00:00,2021-08-09 20:15:00+00:00,1726.18,1718.2217142857144,7.958285714285694,15.0,True,133762,133763,8,1726.23,0.6222222222222035,1.5229410497594502,1.0617864579593679,0.5742442737129252,1.0,tp1,2021,2021-08,2021-08-09,0.037696560637610496,0.9623034393623895,0.03-0.05R,2021-08-09 20:10:00+00:00,1.3992857142857247,1725.9845442779288,1726.23,0.6222222222222035,below,below,4.039999999999964,16,Monday,ny_main,0.1396824966308422,2.887187340479789,True,False,False,True,False,False,False,False,False,True,True,False,True,False,False,False,True,False,True,True,True,2021-08-09 20:00:00+00:00,1726.23,1727.8785504010425,3.958571428571434,-0.4164508411150262,False,True,2,2,1,True,False,False,True,False,2021-08-09 20:15:00+00:00|demand|1726.18
6710,15min,m15_2c_1atr,supply,1744.18,1741.05,2021-08-09 17:15:00+00:00,2021-08-09 16:15:00+00:00,2021-08-09 16:30:00+00:00,2021-08-09 17:00:00+00:00,3,1.2053557527634955,0.6822357153978104,0.3194888178913627,2021-08-09 17:25:00+00:00,2021-08-09 17:35:00+00:00,1738.33,1744.8522857142857,6.522285714285772,0.16666666666666666,True,133730,133731,1,1738.43,0.6584507042253327,3.158401962502148,0.061328193446657873,1.4396793411599467,1.0,tp1,2021,2021-08,2021-08-09,0.045996145084982946,0.954003854915017,0.03-0.05R,2021-08-09 17:30:00+00:00,3.3785714285713766,1738.8621405983954,1738.43,0.10211267605632816,below,below,4.039999999999964,13,Monday,ny_main,-0.15750461686124145,1.1957716701902825,False,True,False,True,False,False,True,True,True,True,True,False,True,False,False,False,True,False,True,True,True,2021-08-09 17:30:00+00:00,1736.04,1739.3779019355688,4.751428571428586,-0.7025049172874951,True,False,3,2,1,True,True,True,False,False,2021-08-09 17:35:00+00:00|supply|1738.33
6725,15min,m15_2c_1atr,supply,1728.49,1720.95,2021-08-10 17:15:00+00:00,2021-08-10 16:30:00+00:00,2021-08-10 16:45:00+00:00,2021-08-10 17:00:00+00:00,2,1.9229334990676923,2.1868655479593646,0.0013262599469484023,2021-08-10 17:15:00+00:00,2021-08-10 17:20:00+00:00,1719.79,1729.1112857142857,9.32128571428575,0.0,True,134003,134004,0,1719.79,0.5033783783783753,0.0,1.2144247421416305,-3.0950665910588695,-1.0,stop,2021,2021-08,2021-08-10,0.03218440129350629,-1.0321844012935062,0.03-0.05R,2021-08-10 17:15:00+00:00,2.9714285714285813,1721.442901124212,1719.79,0.5743243243243327,below,below,3.0,13,Tuesday,ny_main,-0.556264801417539,1.0096153846153813,False,True,False,True,False,False,True,True,True,True,False,False,False,True,True,False,True,False,True,True,True,2021-08-10 17:15:00+00:00,1723.9,1724.3536737562497,3.8192857142857486,-0.11878497451831575,True,False,1,1,1,True,True,True,False,False,2021-08-10 17:20:00+00:00|supply|1719.79
6739,15min,m15_2c_1atr,demand,1742.21,1738.86,2021-08-11 18:00:00+00:00,2021-08-11 16:45:00+00:00,2021-08-11 17:00:00+00:00,2021-08-11 17:45:00+00:00,4,1.3602964872704197,0.7557202707057945,0.6477611940298461,2021-08-12 16:35:00+00:00,2021-08-12 17:00:00+00:00,1747.63,1738.3761428571427,9.253857142857441,22.583333333333332,True,134551,134552,4,1747.62,0.6680851063829775,2.9058153356900296,0.2247711379038951,2.8085585933277644,1.0,tp1,2021,2021-08,2021-08-12,0.032418914120751686,0.9675810858792483,0.03-0.05R,2021-08-12 16:55:00+00:00,2.3299999999999597,1747.2038257548481,1747.62,0.8382978723403728,below,below,2.5499999999999545,13,Thursday,ny_main,0.18290740135277975,1.0944206008583686,True,False,False,True,False,False,False,False,False,True,True,False,True,False,False,False,False,False,True,True,True,2021-08-12 16:45:00+00:00,1747.62,1748.5531748615185,3.014285714285685,-0.30958407728106746,False,True,3,3,2,True,False,False,True,False,2021-08-12 17:00:00+00:00|demand|1747.63
6891,15min,m15_2c_1atr,demand,1788.66,1784.82,2021-08-26 17:30:00+00:00,2021-08-26 16:45:00+00:00,2021-08-26 17:00:00+00:00,2021-08-26 17:15:00+00:00,2,1.4943502824858534,1.0847457627118968,0.361979166666679,2021-08-27 16:30:00+00:00,2021-08-27 16:50:00+00:00,1792.42,1784.2374285714286,8.182571428571464,23.0,True,137585,137586,3,1792.42,0.7269230769230653,3.7579873598938347,0.9666887810328632,2.367226509305469,1.0,tp1,2021,2021-08,2021-08-27,0.03666329131603741,0.9633367086839626,0.03-0.05R,2021-08-27 16:45:00+00:00,2.81857142857148,1791.348065687408,1792.42,0.8576923076923072,below,below,1.900000000000091,12,Friday,ny_main,0.38031121075235713,0.6741003547896803,True,False,False,True,False,False,False,False,True,True,True,True,False,False,False,False,False,False,True,True,True,2021-08-27 16:45:00+00:00,1792.26,1792.9940412836058,3.1807142857143162,-0.23077875523201816,False,False,2,2,1,True,False,False,True,False,2021-08-27 16:50:00+00:00|demand|1792.42
6911,15min,m15_2c_1atr,demand,1806.27,1799.14,2021-08-27 18:00:00+00:00,2021-08-27 17:15:00+00:00,2021-08-27 17:30:00+00:00,2021-08-27 17:45:00+00:00,2,1.1123443421764803,1.3511099079588278,0.05750350631134099,2021-08-27 18:05:00+00:00,2021-08-27 18:10:00+00:00,1806.62,1798.4944285714287,8.12557142857122,0.08333333333333333,True,137601,137602,0,1806.6,0.27397260273978147,2.0367798308691123,0.01476819212713405,0.48611965751861014,1.0,tp1,2021,2021-08,2021-08-27,0.0369204803178687,0.9630795196821313,0.03-0.05R,2021-08-27 18:05:00+00:00,4.393571428571412,1805.8784418355644,1806.6,0.4611872146118565,above,above,1.900000000000091,14,Friday,ny_main,0.16878254433581993,0.4324500081287819,True,False,False,True,False,False,True,True,True,False,False,False,False,False,False,False,True,False,True,True,True,2021-08-27 18:00:00+00:00,1807.53,1802.3849499882058,5.380714285714297,0.9562020465301794,True,False,4,3,2,True,False,True,False,False,2021-08-27 18:10:00+00:00|demand|1806.62
6929,15min,m15_2c_1atr,demand,1810.54,1801.64,2021-08-31 16:45:00+00:00,2021-08-31 16:00:00+00:00,2021-08-31 16:15:00+00:00,2021-08-31 16:30:00+00:00,2,3.2102874432678474,2.6928895612707877,0.6775280898876478,2021-08-31 16:55:00+00:00,2021-08-31 17:05:00+00:00,1814.46,1800.988142857143,13.471857142857061,0.16666666666666666,True,138140,138141,1,1814.55,0.7261261261261271,0.4141967911943388,0.7608453601688221,-0.3110187374738933,-0.3110187374738933,time,2021,2021-08,2021-08-31,0.022268644687867965,-0.3332873821617613,<=0.03R,2021-08-31 17:00:00+00:00,3.109999999999965,1812.2172615340176,1814.55,0.7711711711711726,inside,inside,2.6399999999998727,13,Tuesday,ny_main,0.7211377704123824,0.8488745980707082,True,False,True,True,True,False,True,True,True,True,True,True,False,True,True,True,False,True,True,True,True,2021-08-31 17:00:00+00:00,1810.89,1810.8310097765338,3.840714285714252,0.015359180370607243,True,False,5,4,2,True,False,False,False,True,2021-08-31 17:05:00+00:00|demand|1814.46
6958,15min,m15_2c_1atr,demand,1812.87,1804.94,2021-09-02 17:45:00+00:00,2021-09-02 17:00:00+00:00,2021-09-02 17:15:00+00:00,2021-09-02 17:30:00+00:00,2,2.224153297682701,2.473707664884116,0.8385876418663591,2021-09-02 17:45:00+00:00,2021-09-02 18:05:00+00:00,1812.96,1804.4465714285716,8.513428571428449,0.0,True,138704,138705,3,1813.03,0.4615384615385,2.4702151223277835,0.7012450917877772,1.9428130348693058,1.0,tp1,2021,2021-09,2021-09-02,0.03523844682350623,0.9647615531764938,0.03-0.05R,2021-09-02 18:00:00+00:00,2.5285714285713703,1811.5299656056836,1813.03,0.5384615384615,below,below,1.6100000000001273,14,Thursday,ny_main,0.5655503254358806,0.6367231638418729,True,False,False,True,False,False,False,False,True,True,False,False,False,True,True,True,False,True,True,True,True,2021-09-02 18:00:00+00:00,1812.57,1811.5862604289666,3.2414285714285307,0.30348951067577196,True,False,10,4,2,True,False,False,True,False,2021-09-02 18:05:00+00:00|demand|1812.96
7008,15min,m15_2c_1atr,demand,1790.52,1785.22,2021-09-08 18:15:00+00:00,2021-09-08 17:15:00+00:00,2021-09-08 17:30:00+00:00,2021-09-08 18:00:00+00:00,3,1.8672694978201019,1.1981269174874656,0.7584905660377389,2021-09-08 19:00:00+00:00,2021-09-08 19:10:00+00:00,1791.97,1784.9227142857144,7.0472857142856355,0.75,True,139773,139774,1,1791.99,0.7551020408162444,1.269992499645274,1.064239524842403,0.7194259187934554,1.0,tp1,2021,2021-09,2021-09-08,0.04256958099369612,0.9574304190063039,0.03-0.05R,2021-09-08 19:05:00+00:00,1.6664285714285825,1791.8064194880103,1791.99,0.9047619047618385,below,below,1.2200000000000273,15,Wednesday,ny_main,0.098162330383887,0.7321045863694928,True,False,False,True,False,False,True,True,True,True,True,True,False,False,True,False,False,True,True,True,True,2021-09-08 19:00:00+00:00,1792.17,1791.5533008557452,4.109285714285761,0.15007453536534382,True,False,3,3,2,True,False,False,True,False,2021-09-08 19:10:00+00:00|demand|1791.97
7111,15min,m15_2c_1atr,demand,1749.27,1742.07,2021-09-20 06:00:00+00:00,2021-09-20 05:15:00+00:00,2021-09-20 05:30:00+00:00,2021-09-20 05:45:00+00:00,2,2.022703818369479,3.467492260061949,0.577777777777754,2021-09-20 06:00:00+00:00,2021-09-20 06:15:00+00:00,1749.63,1741.7161428571428,7.913857142857296,0.0,True,141826,141827,2,1749.63,0.822429906542207,2.196147805837804,0.5901041572648316,1.5921439789157834,1.0,tp1,2021,2021-09,2021-09-20,0.037908189974185595,0.9620918100258145,0.03-0.05R,2021-09-20 06:10:00+00:00,1.787142857142872,1748.44703557945,1749.63,0.8317757009347224,missing,missing,,2,Monday,post_close,0.6619305310832434,,True,False,False,True,False,False,False,True,True,True,True,True,False,True,True,True,False,False,False,True,True,2021-09-20 06:00:00+00:00,1749.63,1749.3740860516464,2.096428571428565,0.1220713893339803,True,True,1,1,1,True,False,False,False,False,2021-09-20 06:15:00+00:00|demand|1749.63
7133,15min,m15_2c_1atr,demand,1767.27,1765.42,2021-09-21 15:15:00+00:00,2021-09-21 14:15:00+00:00,2021-09-21 14:30:00+00:00,2021-09-21 15:00:00+00:00,3,1.299787384833417,0.9177888022678639,0.22702702702707753,2021-09-21 15:15:00+00:00,2021-09-21 15:25:00+00:00,1772.35,1765.0707142857143,7.2792857142856064,0.0,True,142212,142213,1,1772.3,0.9549549549549154,1.2885879697772886,0.3681679913649128,0.19919536846237795,1.0,tp1,2021,2021-09,2021-09-21,0.0412128348542838,0.9587871651457162,0.03-0.05R,2021-09-21 15:20:00+00:00,1.7028571428572181,1768.80489007403,1772.3,0.981981981981958,above,above,2.1000000000001364,11,Tuesday,london_ny_overlap,2.0818598558547046,1.2332214765100926,True,False,False,True,False,False,True,True,True,True,True,True,True,False,False,False,True,False,True,True,True,2021-09-21 15:15:00+00:00,1773.06,1768.5624944222545,2.2671428571428414,1.9837768773924462,True,False,2,2,2,True,True,True,False,False,2021-09-21 15:25:00+00:00|demand|1772.35
7162,15min,m15_2c_1atr,demand,1742.87,1738.64,2021-09-24 01:15:00+00:00,2021-09-23 23:30:00+00:00,2021-09-23 23:45:00+00:00,2021-09-24 01:00:00+00:00,2,2.358021160995132,1.6934515298827046,0.6761229314420901,2021-09-24 16:05:00+00:00,2021-09-24 16:35:00+00:00,1744.81,1738.1832857142858,6.626714285714115,14.833333333333334,True,143054,143055,5,1744.81,0.5634328358208788,2.4220147886261794,0.6564339146743732,1.0231314808028333,1.0,tp1,2021,2021-09,2021-09-24,0.04527130446030254,0.9547286955396974,0.03-0.05R,2021-09-24 16:30:00+00:00,2.192857142857162,1744.464279017324,1744.81,0.9664179104477076,below,below,2.3999999999998636,12,Friday,ny_main,0.1576577771160247,1.0944625407165405,True,False,False,True,False,False,False,False,False,True,False,False,False,False,True,True,False,True,True,True,True,2021-09-24 16:30:00+00:00,1741.39,1745.7713038213744,2.7800000000000216,-1.5760085688396752,False,False,2,2,1,True,False,False,True,False,2021-09-24 16:35:00+00:00|demand|1744.81
7172,15min,m15_2c_1atr,demand,1744.9,1740.84,2021-09-24 17:15:00+00:00,2021-09-24 16:30:00+00:00,2021-09-24 16:45:00+00:00,2021-09-24 17:00:00+00:00,2,1.2169853268118582,1.26367274344157,0.4704433497536387,2021-09-24 17:15:00+00:00,2021-09-24 17:25:00+00:00,1746.49,1740.3411428571428,6.148857142857196,0.0,True,143064,143065,1,1746.56,0.833333333333304,2.3370196552204443,0.26508991217881755,1.0440964639189656,1.0,tp1,2021,2021-09,2021-09-24,0.04878955438873616,0.9512104456112639,0.03-0.05R,2021-09-24 17:20:00+00:00,2.535000000000017,1744.9002478483624,1746.56,0.9961240310077554,below,below,2.3999999999998636,13,Friday,ny_main,0.6271211643540945,0.9467455621301173,True,False,False,True,False,False,True,True,True,True,True,True,False,False,False,False,False,False,True,True,True,2021-09-24 17:15:00+00:00,1746.56,1745.4831511807015,3.3614285714286,0.32035451487841354,True,False,4,3,2,True,False,False,True,False,2021-09-24 17:25:00+00:00|demand|1746.49
7203,15min,m15_2c_1atr,demand,1736.37,1729.15,2021-09-28 16:15:00+00:00,2021-09-28 15:30:00+00:00,2021-09-28 15:45:00+00:00,2021-09-28 16:00:00+00:00,2,1.5196116504854966,1.9627184466019132,0.5540166204986303,2021-09-28 16:15:00+00:00,2021-09-28 16:30:00+00:00,1740.41,1728.485142857143,11.924857142857036,0.0,True,143605,143606,2,1740.43,0.8866328257191435,0.4301938328102103,1.0859668878932498,-1.0666794450966888,-1.0,stop,2021,2021-09,2021-09-28,0.025157534082469016,-1.025157534082469,<=0.03R,2021-09-28 16:25:00+00:00,3.2514285714285216,1735.4119272593102,1740.43,0.935702199661609,inside,above,3.5800000000001546,12,Tuesday,ny_main,1.5371928464336329,1.1010544815466374,True,False,True,True,True,False,False,True,True,True,True,True,False,False,True,False,False,False,True,True,True,2021-09-28 16:15:00+00:00,1740.43,1735.2024763474258,4.064285714285672,1.2862096860464118,True,True,3,2,1,True,False,False,False,True,2021-09-28 16:30:00+00:00|demand|1740.41
7217,15min,m15_2c_1atr,supply,1739.78,1737.01,2021-09-29 16:30:00+00:00,2021-09-29 15:30:00+00:00,2021-09-29 15:45:00+00:00,2021-09-29 16:15:00+00:00,3,1.3079287031345983,1.1917639827904136,0.039711191335704214,2021-09-29 16:30:00+00:00,2021-09-29 17:10:00+00:00,1734.21,1740.3055714285713,6.0955714285712475,0.0,True,143889,143890,7,1734.23,0.6050955414012791,2.065433921582499,1.0417399048489695,-4.409758841313478,1.0,tp1,2021,2021-09,2021-09-29,0.04921605849680242,0.9507839415031976,0.03-0.05R,2021-09-29 17:05:00+00:00,2.4771428571428293,1737.1115674096966,1734.23,0.2823779193205905,below,below,3.25,13,Wednesday,ny_main,-1.171336324560329,1.3119953863898648,False,True,False,True,False,False,False,False,False,True,True,False,False,False,False,False,True,False,True,True,True,2021-09-29 17:00:00+00:00,1731.43,1737.276873601749,3.1242857142856986,-1.8714273073727836,True,False,3,1,1,True,True,True,False,False,2021-09-29 17:10:00+00:00|supply|1734.21
7256,15min,m15_2c_1atr,supply,1758.3,1751.68,2021-10-04 16:15:00+00:00,2021-10-04 15:30:00+00:00,2021-10-04 15:45:00+00:00,2021-10-04 16:00:00+00:00,2,2.3308510638298037,2.4648936170212568,0.7432024169184522,2021-10-04 16:15:00+00:00,2021-10-04 16:30:00+00:00,1750.73,1758.712,7.981999999999971,0.0,True,144702,144703,2,1750.73,0.9554140127388923,0.28063142069656943,1.3718366324229623,-0.2818842395389637,-1.0,stop,2021,2021-10,2021-10-04,0.037584565271861825,-1.0375845652718618,0.03-0.05R,2021-10-04 16:25:00+00:00,1.948571428571459,1752.3317746632517,1750.73,0.044585987261107754,inside,inside,2.8799999999998818,12,Monday,ny_main,-0.8220251204370855,1.4780058651025556,False,True,False,True,False,False,False,True,True,True,True,True,False,True,True,True,False,True,True,True,True,2021-10-04 16:15:00+00:00,1750.73,1752.4623154759972,2.752142857142839,-0.6294424257451626,True,True,2,2,1,True,False,False,False,True,2021-10-04 16:30:00+00:00|supply|1750.73
7513,15min,m15_2c_1atr,supply,1804.33,1799.59,2021-10-28 17:45:00+00:00,2021-10-28 16:45:00+00:00,2021-10-28 17:00:00+00:00,2021-10-28 17:30:00+00:00,3,1.3080407701019097,0.9394110985277498,0.1476793248944761,2021-10-28 17:50:00+00:00,2021-10-28 17:55:00+00:00,1797.81,1804.9505714285713,7.14057142857132,0.08333333333333333,True,149687,149688,0,1797.81,0.4838709677419142,3.625760243277886,0.9214948783611112,2.760283290653056,1.0,tp1,2021,2021-10,2021-10-28,0.042013444302177336,0.9579865556978227,0.03-0.05R,2021-10-28 17:50:00+00:00,3.177857142857176,1798.606772326084,1797.81,0.0032258064516098276,inside,inside,2.369999999999891,13,Thursday,ny_main,-0.25072628827098287,0.7457855697909221,False,True,False,True,False,False,True,True,True,True,False,False,True,False,False,False,True,False,True,True,True,2021-10-28 17:45:00+00:00,1798.77,1800.2985086551432,5.207857142857132,-0.29350049611857665,True,False,7,4,2,True,True,False,False,True,2021-10-28 17:55:00+00:00|supply|1797.81
7565,15min,m15_2c_1atr,demand,1762.73,1761.98,2021-11-03 19:45:00+00:00,2021-11-03 18:45:00+00:00,2021-11-03 19:00:00+00:00,2021-11-03 19:30:00+00:00,3,1.607912607026914,0.3100088573959266,0.21333333333344248,2021-11-03 20:00:00+00:00,2021-11-03 20:05:00+00:00,1768.45,1761.5827142857142,6.867285714285799,0.25,True,150829,150830,0,1768.45,0.41339491916861604,4.4355224563665745,0.8460402321565833,3.4686193339018847,1.0,tp1,2021,2021-11,2021-11-03,0.04368538203906667,0.9563146179609333,0.03-0.05R,2021-11-03 20:00:00+00:00,1.5821428571428149,1765.4264438491573,1768.45,0.7863741339491986,below,below,2.3899999999998727,16,Wednesday,ny_main,1.9110512917291036,1.510609480812601,True,False,False,True,False,False,True,True,True,False,False,False,True,False,True,False,True,False,True,True,True,2021-11-03 20:00:00+00:00,1766.14,1764.4783698272724,2.655714285714274,0.6256810763363978,True,False,1,1,1,True,False,False,True,False,2021-11-03 20:05:00+00:00|demand|1768.45
7589,15min,m15_2c_1atr,demand,1797.41,1784.98,2021-11-05 15:15:00+00:00,2021-11-05 14:30:00+00:00,2021-11-05 14:45:00+00:00,2021-11-05 15:00:00+00:00,2,1.4916286149163136,3.7838660578386794,0.18905872888172945,2021-11-05 15:15:00+00:00,2021-11-05 15:30:00+00:00,1801.85,1784.0791428571429,17.77085714285704,0.0,True,151326,151327,2,1801.72,0.7356725146198827,1.366281874015261,0.3410077494453187,1.1682047654265473,1.0,tp1,2021,2021-11,2021-11-05,0.0168815717547189,0.9831184282452811,<=0.03R,2021-11-05 15:25:00+00:00,4.384999999999991,1796.093178185115,1801.72,0.7707602339181232,above,above,3.259999999999991,11,Friday,london_ny_overlap,1.3128441995176574,0.7434435575826677,True,False,True,True,True,True,False,True,True,True,True,True,False,True,False,False,True,False,True,True,True,2021-11-05 15:15:00+00:00,1801.72,1795.112573646004,3.804999999999999,1.736511525360332,True,True,17,4,2,True,True,True,False,False,2021-11-05 15:30:00+00:00|demand|1801.85
7920,15min,m15_2c_1atr,supply,1783.38,1782.29,2021-12-09 13:45:00+00:00,2021-12-09 13:00:00+00:00,2021-12-09 13:15:00+00:00,2021-12-09 13:30:00+00:00,2,1.1399919775370648,0.6121139189731938,0.26605504587149076,2021-12-09 16:20:00+00:00,2021-12-09 16:40:00+00:00,1777.55,1783.754142857143,6.204142857143097,2.5833333333333335,True,157865,157866,3,1777.57,0.7699530516432,1.1975868659190503,1.2411061732943018,-1.0960418153767721,1.0,tp1,2021,2021-12,2021-12-09,0.04835478597250498,0.951645214027495,0.03-0.05R,2021-12-09 16:35:00+00:00,1.9921428571428805,1778.6445573088185,1777.57,0.11737089201877333,inside,below,4.970000000000027,11,Thursday,london_ny_overlap,-0.549437157528151,2.4948010039440502,False,True,False,True,False,False,False,False,True,True,True,True,True,False,False,False,True,False,True,True,True,2021-12-09 16:30:00+00:00,1777.16,1778.2069805700971,3.242142857142897,-0.3229285741652015,True,False,7,4,2,True,True,False,False,True,2021-12-09 16:40:00+00:00|supply|1777.55
7937,15min,m15_2c_1atr,demand,1772.92,1772.11,2021-12-10 15:15:00+00:00,2021-12-10 14:30:00+00:00,2021-12-10 14:45:00+00:00,2021-12-10 15:00:00+00:00,2,2.204164550533144,0.5759268664297678,0.08641975308660342,2021-12-10 15:25:00+00:00,2021-12-10 15:35:00+00:00,1780.52,1771.6851428571429,8.834857142857118,0.16666666666666666,True,158128,158129,1,1780.52,0.7457420924574247,1.2484638768514331,0.4787853308324205,0.5353793415691129,1.0,tp1,2021,2021-12,2021-12-10,0.03395640644201549,0.9660435935579845,0.03-0.05R,2021-12-10 15:30:00+00:00,1.8442857142856772,1775.831563714881,1780.52,0.746958637469589,above,above,1.8999999999998636,10,Friday,london_ny_overlap,2.542142060095556,1.030209140201341,True,False,False,True,False,False,True,True,True,True,True,True,True,False,True,True,True,False,True,True,True,2021-12-10 15:30:00+00:00,1778.11,1774.4141223658462,2.1750000000000034,1.6992540846683666,True,False,2,1,1,True,True,True,False,False,2021-12-10 15:35:00+00:00|demand|1780.52
8409,15min,m15_2c_1atr,demand,1837.45,1831.21,2022-01-26 17:15:00+00:00,2022-01-26 16:30:00+00:00,2022-01-26 16:45:00+00:00,2022-01-26 17:00:00+00:00,2,1.1684009343809203,1.8551709492461212,0.5096153846153941,2022-01-26 17:15:00+00:00,2022-01-26 17:20:00+00:00,1838.13,1830.6534285714285,7.47657142857156,0.0,True,166952,166953,0,1838.14,0.7509293680298658,0.0013375114643827404,1.2010852950167956,-5.454371751757803,-1.0,stop,2022,2022-01,2022-01-26,0.0401253439315187,-1.0401253439315188,0.03-0.05R,2022-01-26 17:15:00+00:00,2.7914285714285825,1836.4457794485033,1838.14,0.8252788104089851,below,below,2.6799999999998363,12,Wednesday,ny_main,0.603354342910814,0.9600818833162119,True,False,False,True,False,False,True,True,True,True,True,True,False,False,False,False,False,False,True,True,True,2022-01-26 17:15:00+00:00,1835.96,1837.9429635420897,3.408571428571414,-0.581757954510809,False,False,0,0,0,False,False,False,True,False,2022-01-26 17:20:00+00:00|demand|1838.13
8480,15min,m15_2c_1atr,supply,1808.05,1802.94,2022-02-02 16:00:00+00:00,2022-02-02 15:15:00+00:00,2022-02-02 15:30:00+00:00,2022-02-02 15:45:00+00:00,2,1.1212012870933086,2.55774043618155,0.06653620352253467,2022-02-02 16:00:00+00:00,2022-02-02 16:05:00+00:00,1800.9,1808.481857142857,7.581857142856961,0.0,True,168317,168318,0,1800.89,0.14035087719295622,0.04484389425887128,1.2978350573738262,0.8243362915230164,-1.0,stop,2022,2022-02,2022-02-02,0.03956814199310479,-1.0395681419931049,0.03-0.05R,2022-02-02 16:00:00+00:00,2.096428571428565,1802.688863241352,1800.89,0.10087719298246532,below,below,2.1200000000001182,11,Wednesday,london_ny_overlap,-0.8532908135920594,1.0112436115843866,False,True,False,True,False,False,True,True,True,False,False,False,False,True,False,False,True,False,True,True,True,2022-02-02 16:00:00+00:00,1802.63,1802.6858317707374,2.132857142857152,-0.026176985610260734,True,False,5,4,2,True,False,True,False,False,2022-02-02 16:05:00+00:00|supply|1800.9
8492,15min,m15_2c_1atr,demand,1796.29,1788.67,2022-02-03 17:30:00+00:00,2022-02-03 16:45:00+00:00,2022-02-03 17:00:00+00:00,2022-02-03 17:15:00+00:00,2,2.0367936925098387,2.002628120893516,0.5774278215223001,2022-02-04 15:50:00+00:00,2022-02-04 16:15:00+00:00,1803.42,1787.853142857143,15.566857142857089,22.333333333333332,True,168871,168872,4,1803.4,0.8524390243902403,0.8800748843697146,0.29421481535864835,0.5794361647456142,0.5794361647456142,time,2022,2022-02,2022-02-04,0.019271712796417362,0.5601644519491968,<=0.03R,2022-02-04 16:10:00+00:00,3.9378571428571667,1799.931290825872,1803.4,0.895121951219525,below,below,1.599999999999909,11,Friday,london_ny_overlap,0.8859410200941623,0.4063123526210519,True,False,True,True,True,True,False,False,False,True,True,True,False,True,True,True,False,False,True,True,True,2022-02-04 16:00:00+00:00,1803.4,1805.3074782535004,3.787857142857141,-0.503577136507732,False,True,3,3,2,True,False,False,True,False,2022-02-04 16:15:00+00:00|demand|1803.42
8591,15min,m15_2c_1atr,supply,1870.9,1866.22,2022-02-14 18:15:00+00:00,2022-02-14 17:30:00+00:00,2022-02-14 17:45:00+00:00,2022-02-14 18:00:00+00:00,2,1.0793706293706398,1.1454545454545508,0.7670940170939892,2022-02-14 18:15:00+00:00,2022-02-14 18:20:00+00:00,1863.35,1871.365,8.0150000000001,0.0,True,170552,170553,0,1863.35,0.7974276527331505,0.3792888334372958,1.0617592014971784,1.583281347473446,-1.0,stop,2022,2022-02,2022-02-14,0.03742981908920727,-1.0374298190892073,0.03-0.05R,2022-02-14 18:15:00+00:00,2.2042857142857395,1866.685482330044,1863.35,0.03536977491958312,above,above,2.269999999999982,13,Monday,ny_main,-1.5131805774664708,1.0298120544393838,False,True,False,True,False,False,True,True,True,True,True,True,False,False,False,False,False,True,True,True,True,2022-02-14 18:15:00+00:00,1863.78,1865.3151114220507,3.9742857142857377,-0.3862609616949988,True,False,0,0,0,False,False,False,True,False,2022-02-14 18:20:00+00:00|supply|1863.35
8600,15min,m15_2c_1atr,supply,1856.13,1854.5,2022-02-15 14:15:00+00:00,2022-02-15 13:00:00+00:00,2022-02-15 13:15:00+00:00,2022-02-15 14:00:00+00:00,4,1.0458254865034347,0.47750575434194487,0.1533742331288241,2022-02-15 16:05:00+00:00,2022-02-15 16:35:00+00:00,1848.14,1856.757142857143,8.61714285714288,1.8333333333333333,True,170807,170808,5,1848.24,0.9146141215106751,0.190318302387279,1.0014920424403018,-1.501657824933663,-1.0,stop,2022,2022-02,2022-02-15,0.03481432360742696,-1.034814323607427,0.03-0.05R,2022-02-15 16:30:00+00:00,3.0049999999999955,1852.1923638169087,1848.24,0.00821018062396637,inside,below,8.680000000000064,11,Tuesday,london_ny_overlap,-1.3485403716833997,2.8885191347754,False,True,False,True,False,False,False,False,False,True,True,True,True,False,False,False,True,False,True,True,True,2022-02-15 16:30:00+00:00,1850.41,1851.8184463754715,4.312142857142898,-0.326623310528395,True,False,3,3,2,True,True,False,False,True,2022-02-15 16:35:00+00:00|supply|1848.14
8614,15min,m15_2c_1atr,demand,1865.98,1864.19,2022-02-16 19:30:00+00:00,2022-02-16 18:30:00+00:00,2022-02-16 18:45:00+00:00,2022-02-16 19:15:00+00:00,3,1.8624813153960476,0.7491778774289873,0.0055865921787659825,2022-02-16 20:50:00+00:00,2022-02-16 21:10:00+00:00,1871.1,1863.874857142857,7.225142857142828,1.3333333333333333,True,171138,171139,3,1871.1,0.8800000000000021,4.153551091426779,0.6505061689338592,3.819993672888361,1.0,tp1,2022,2022-02,2022-02-16,0.04152167035748198,0.958478329642518,0.03-0.05R,2022-02-16 21:05:00+00:00,1.5357142857143182,1868.5675549288374,1871.1,0.8800000000000021,above,above,2.6400000000001,16,Wednesday,ny_main,1.6490339998267456,1.719069767441889,True,False,False,True,False,False,False,False,True,True,True,True,True,False,True,False,True,False,True,True,True,2022-02-16 21:00:00+00:00,1871.19,1868.368101216369,2.4350000000000267,1.1588906708956808,True,False,1,1,1,True,True,True,False,False,2022-02-16 21:10:00+00:00|demand|1871.1
8622,15min,m15_2c_1atr,demand,1875.05,1870.57,2022-02-17 08:15:00+00:00,2022-02-17 07:00:00+00:00,2022-02-17 07:15:00+00:00,2022-02-17 08:00:00+00:00,4,1.043721973094194,1.7578475336322799,0.044642857142867115,2022-02-17 08:25:00+00:00,2022-02-17 08:35:00+00:00,1876.82,1870.2644285714284,6.555571428571511,0.16666666666666666,True,171263,171264,1,1876.79,0.7252475247524975,3.9142278105863784,0.44999891041426177,2.27745211270673,1.0,tp1,2022,2022-02,2022-02-17,0.04576260105907676,0.9542373989409232,0.03-0.05R,2022-02-17 08:30:00+00:00,1.5249999999999773,1875.6506613261874,1876.79,0.9603960396039398,missing,missing,,3,Thursday,asia_late,0.7667794582377098,,True,False,False,True,False,False,True,True,True,True,True,True,False,False,False,False,True,False,False,True,True,2022-02-17 08:30:00+00:00,1875.24,1874.4568532633637,2.9235714285714494,0.26787330351597555,True,False,2,2,1,True,False,False,False,False,2022-02-17 08:35:00+00:00|demand|1876.82
8626,15min,m15_2c_1atr,demand,1886.92,1885.69,2022-02-17 15:30:00+00:00,2022-02-17 14:45:00+00:00,2022-02-17 15:00:00+00:00,2022-02-17 15:15:00+00:00,2,2.4252607184240946,0.49884125144844,0.11382113821127691,2022-02-17 16:10:00+00:00,2022-02-17 16:25:00+00:00,1891.88,1885.074,6.80600000000004,0.6666666666666666,True,171357,171358,2,1891.87,0.7372093023255533,1.5574493094328308,0.7801939465177993,0.3423449897149447,1.0,tp1,2022,2022-02,2022-02-17,0.04407875404055219,0.9559212459594478,0.03-0.05R,2022-02-17 16:20:00+00:00,3.0107142857142435,1891.7365158335342,1891.87,0.9255813953487984,above,above,4.7199999999998,11,Thursday,london_ny_overlap,0.04765784888547032,1.5677342823249851,True,False,False,True,False,False,False,True,True,True,True,True,True,False,True,True,True,False,True,True,True,2022-02-17 16:15:00+00:00,1892.74,1891.3906106608977,3.6835714285713914,0.3663263670241035,True,False,2,2,1,True,True,True,False,False,2022-02-17 16:25:00+00:00|demand|1891.88
8663,15min,m15_2c_1atr,demand,1895.01,1891.41,2022-02-22 14:45:00+00:00,2022-02-22 13:45:00+00:00,2022-02-22 14:00:00+00:00,2022-02-22 14:30:00+00:00,3,1.5708061002178202,1.0980392156862446,0.2888888888888861,2022-02-22 17:45:00+00:00,2022-02-22 18:00:00+00:00,1897.89,1890.943142857143,6.946857142857198,3.0,True,172175,172176,2,1897.92,0.8576923076922697,1.1256889035123616,1.1847083984535591,1.7230813523072703,1.0,tp1,2022,2022-02,2022-02-22,0.04318499629842855,0.9568150037015715,0.03-0.05R,2022-02-22 17:55:00+00:00,2.3614285714285352,1897.4580107033307,1897.92,0.8923076923077085,above,above,3.8599999999999,13,Tuesday,ny_main,0.18293557632702037,1.6346037507561835,True,False,False,True,False,False,False,True,True,True,True,True,False,False,True,False,True,False,True,True,True,2022-02-22 17:45:00+00:00,1897.92,1899.3568795368938,3.379285714285743,-0.42520214577280513,False,True,4,3,2,True,False,True,False,False,2022-02-22 18:00:00+00:00|demand|1897.89
8689,15min,m15_2c_1atr,demand,1888.49,1880.55,2022-02-24 22:45:00+00:00,2022-02-24 22:00:00+00:00,2022-02-24 22:15:00+00:00,2022-02-24 22:30:00+00:00,2,1.2014420117822997,0.9774026202409358,0.2858942065491141,2022-02-25 15:45:00+00:00,2022-02-25 16:15:00+00:00,1890.27,1879.8085714285714,10.461428571428542,17.0,True,172982,172983,5,1890.08,0.6528384279476106,3.7757749556192923,0.7035368018571548,2.448996312986499,1.0,tp1,2022,2022-02,2022-02-25,0.028676771814830068,0.9713232281851699,<=0.03R,2022-02-25 16:10:00+00:00,3.5985714285714363,1889.1514565764091,1890.08,1.0,below,below,6.279999999999973,11,Friday,london_ny_overlap,0.3108298517322682,1.7451369591107468,True,False,True,True,True,False,False,False,False,True,True,False,True,False,False,False,True,False,True,True,True,2022-02-25 16:00:00+00:00,1890.08,1893.6328657108998,6.2592857142857055,-0.5676151997329407,False,True,3,3,2,True,False,False,True,False,2022-02-25 16:15:00+00:00|demand|1890.27
8695,15min,m15_2c_1atr,supply,1919.94,1915.82,2022-02-25 09:45:00+00:00,2022-02-25 08:45:00+00:00,2022-02-25 09:00:00+00:00,2022-02-25 09:30:00+00:00,3,1.4781463928383407,1.5186940494997887,0.5995145631067855,2022-02-25 09:45:00+00:00,2022-02-25 09:55:00+00:00,1913.76,1920.3500000000001,6.5900000000001455,0.0,True,172906,172907,1,1913.71,0.9333333333333902,4.681335356600793,2.4294385432472896,2.0227617602427364,1.0,tp1,2022,2022-02,2022-02-25,0.04552352048558321,0.9544764795144168,0.03-0.05R,2022-02-25 09:50:00+00:00,1.9928571428571331,1916.2130082510953,1913.71,0.02083333333331557,missing,missing,,4,Friday,asia_late,-1.2309001976822345,,False,True,False,True,False,False,True,True,True,True,True,True,False,False,False,False,False,False,False,True,True,2022-02-25 09:45:00+00:00,1913.29,1915.7636759878428,2.7392857142856917,-0.9030368664876199,True,False,2,2,1,True,False,False,False,False,2022-02-25 09:55:00+00:00|supply|1913.76
8710,15min,m15_2c_1atr,demand,1911.65,1908.29,2022-02-28 16:00:00+00:00,2022-02-28 15:15:00+00:00,2022-02-28 15:30:00+00:00,2022-02-28 15:45:00+00:00,2,1.7470489038785861,0.8813940415964264,0.04464285714288252,2022-02-28 16:30:00+00:00,2022-02-28 16:40:00+00:00,1914.8,1907.7014285714286,7.098571428571404,0.5,True,173263,173264,1,1914.84,0.9596412556053502,0.3465486013282414,1.0988126383578158,1.7214731334272588,-1.0,stop,2022,2022-02,2022-02-28,0.042262024552223935,-1.0422620245522238,0.03-0.05R,2022-02-28 16:35:00+00:00,2.8928571428571104,1913.81736602628,1914.84,0.986547085201772,above,above,3.3400000000001455,11,Monday,london_ny_overlap,0.33967594153280356,1.1545679012346313,True,False,False,True,False,False,True,True,True,True,True,True,True,False,True,False,True,False,True,True,True,2022-02-28 16:30:00+00:00,1915.33,1913.666599162139,4.270000000000047,0.38955523134917386,True,False,5,3,2,True,True,True,False,False,2022-02-28 16:40:00+00:00|demand|1914.8
8711,15min,m15_2c_1atr,supply,1916.46,1913.25,2022-02-28 17:00:00+00:00,2022-02-28 16:15:00+00:00,2022-02-28 16:30:00+00:00,2022-02-28 16:45:00+00:00,2,1.1609017912291675,0.6939468807906122,0.5732087227414718,2022-02-28 17:05:00+00:00,2022-02-28 17:40:00+00:00,1910.71,1917.1178571428572,6.40785714285721,0.08333333333333333,True,173275,173276,6,1910.73,0.7787610619468421,3.0852747742726208,1.237543194738599,-3.4114368520788694,1.0,tp1,2022,2022-02,2022-02-28,0.04681752313008534,0.9531824768699146,0.03-0.05R,2022-02-28 17:35:00+00:00,3.5821428571428635,1913.44703356785,1910.73,0.1415929203539835,above,above,3.3400000000001455,12,Monday,ny_main,-0.7640771674954978,0.9324027916251636,False,True,False,True,False,False,False,False,False,True,True,True,True,False,False,False,False,False,True,True,True,2022-02-28 17:30:00+00:00,1908.1,1912.496763387943,5.47714285714291,-0.8027476190819373,True,False,1,1,1,True,False,False,True,False,2022-02-28 17:40:00+00:00|supply|1910.71
8723,15min,m15_2c_1atr,demand,1914.14,1911.86,2022-03-01 11:30:00+00:00,2022-03-01 10:45:00+00:00,2022-03-01 11:00:00+00:00,2022-03-01 11:15:00+00:00,2,1.9080824088747983,1.0117274167988297,0.5131578947368289,2022-03-01 14:55:00+00:00,2022-03-01 15:20:00+00:00,1921.39,1911.2597142857142,10.130285714285947,3.4166666666666665,True,173523,173524,4,1921.36,0.74999999999998,2.840986010830257,0.8894122292418559,0.6603959837544804,1.0,tp1,2022,2022-03,2022-03-01,0.029614169675089574,0.9703858303249104,<=0.03R,2022-03-01 15:15:00+00:00,2.716428571428537,1919.8092723082577,1921.36,0.9612676056337569,inside,inside,3.3299999999999272,10,Tuesday,london_ny_overlap,0.5819139543621727,1.225874309755445,True,False,True,True,True,False,False,False,False,True,True,True,False,False,True,False,False,False,True,True,True,2022-03-01 15:15:00+00:00,1918.83,1919.6027898262146,4.195714285714303,-0.18418552208043976,False,False,1,1,1,True,False,False,False,True,2022-03-01 15:20:00+00:00|demand|1921.39
8726,15min,m15_2c_1atr,supply,1922.99,1920.44,2022-03-01 15:00:00+00:00,2022-03-01 14:15:00+00:00,2022-03-01 14:30:00+00:00,2022-03-01 14:45:00+00:00,2,1.4118078474514069,0.6545654565456406,0.2862745098039338,2022-03-01 15:15:00+00:00,2022-03-01 15:25:00+00:00,1917.6,1923.608,6.008000000000038,0.25,True,173524,173525,1,1917.57,0.6701754385965146,0.8688415446071516,1.2599866844207916,-1.9806924101198427,-1.0,stop,2022,2022-03,2022-03-01,0.049933422103861196,-1.0499334221038612,0.03-0.05R,2022-03-01 15:20:00+00:00,3.001428571428554,1919.311656239756,1917.57,0.21403508771930133,below,below,3.3299999999999272,10,Tuesday,london_ny_overlap,-0.5702805177674076,1.1094716801522906,False,True,False,True,False,False,True,True,True,True,True,False,True,False,False,False,True,False,True,True,True,2022-03-01 15:15:00+00:00,1918.83,1919.6027898262146,4.195714285714303,-0.18418552208043976,True,False,2,2,2,True,True,True,False,False,2022-03-01 15:25:00+00:00|supply|1917.6
8727,15min,m15_2c_1atr,demand,1919.08,1916.24,2022-03-01 17:00:00+00:00,2022-03-01 16:15:00+00:00,2022-03-01 16:30:00+00:00,2022-03-01 16:45:00+00:00,2,1.2946281610055554,0.5949423911416883,0.04225352112672335,2022-03-01 17:15:00+00:00,2022-03-01 17:35:00+00:00,1922.63,1915.6097142857143,7.020285714285819,0.25,True,173550,173551,3,1922.65,0.9056047197640941,3.9229172601847067,1.2691791135891832,-0.3632330796467585,1.0,tp1,2022,2022-03,2022-03-01,0.04273330348785089,0.9572666965121491,0.03-0.05R,2022-03-01 17:30:00+00:00,3.0971428571428663,1921.2079306629394,1922.65,0.9646017699115353,inside,inside,3.3299999999999272,12,Tuesday,ny_main,0.45915522875577514,1.0751845018449917,True,False,False,True,False,False,False,False,True,True,True,True,True,False,False,False,True,False,True,True,True,2022-03-01 17:30:00+00:00,1927.02,1921.516561839275,5.160714285714254,1.0664101626318316,True,False,4,3,2,True,True,False,False,True,2022-03-01 17:35:00+00:00|demand|1922.63
8754,15min,m15_2c_1atr,demand,1929.89,1923.66,2022-03-03 12:00:00+00:00,2022-03-03 11:15:00+00:00,2022-03-03 11:30:00+00:00,2022-03-03 11:45:00+00:00,2,1.2685997710797334,1.6638687523845814,0.8667736757624154,2022-03-03 12:00:00+00:00,2022-03-03 12:05:00+00:00,1930.64,1923.2934285714286,7.346571428571451,0.0,True,174036,174037,0,1930.64,0.7500000000000279,2.749581923540588,0.9936607941508403,2.3371446350095,1.0,tp1,2022,2022-03,2022-03-03,0.04083537510208831,0.9591646248979117,0.03-0.05R,2022-03-03 12:00:00+00:00,1.8307142857142285,1928.7409635092622,1930.64,0.7500000000000279,missing,missing,,7,Thursday,asia_late,1.0373199715306833,,True,False,False,True,False,False,True,True,True,True,True,True,False,False,False,False,False,True,False,True,True,2022-03-03 12:00:00+00:00,1930.97,1929.3330233074937,3.718571428571441,0.44021655196097675,True,False,14,3,2,True,False,False,False,False,2022-03-03 12:05:00+00:00|demand|1930.64
8764,15min,m15_2c_1atr,demand,1940.04,1929.64,2022-03-04 04:30:00+00:00,2022-03-04 03:45:00+00:00,2022-03-04 04:00:00+00:00,2022-03-04 04:15:00+00:00,2,1.075508864084062,2.3900196979645183,0.5673076923077085,2022-03-04 04:30:00+00:00,2022-03-04 05:15:00+00:00,1940.29,1929.3280000000002,10.961999999999762,0.0,True,174230,174231,8,1940.29,0.6695652173912355,5.540959678890835,0.5756248859697211,4.40339354132467,1.0,tp1,2022,2022-03,2022-03-04,0.027367268746579684,0.9726327312534203,<=0.03R,2022-03-04 05:10:00+00:00,1.600714285714243,1938.9109327021067,1940.29,0.8,missing,missing,,0,Friday,post_close,0.8615324484830845,,True,False,True,True,True,False,False,False,False,True,True,False,False,True,False,False,False,False,False,True,True,2022-03-04 05:00:00+00:00,1940.29,1938.9417796579198,4.676428571428557,0.2883012798094091,True,True,14,4,2,True,False,False,False,False,2022-03-04 05:15:00+00:00|demand|1940.29
8773,15min,m15_2c_1atr,demand,1946.99,1942.35,2022-03-04 16:15:00+00:00,2022-03-04 15:30:00+00:00,2022-03-04 15:45:00+00:00,2022-03-04 16:00:00+00:00,2,1.3144694533762296,1.3924973204716176,0.07974137931036859,2022-03-04 16:20:00+00:00,2022-03-04 16:25:00+00:00,1947.87,1941.8267142857142,6.04328571428573,0.08333333333333333,True,174364,174365,0,1947.87,0.29069767441860006,9.051367515306227,0.8770063588870668,5.3431198732950556,1.0,tp1,2022,2022-03,2022-03-04,0.049641869370966464,0.9503581306290335,0.03-0.05R,2022-03-04 16:20:00+00:00,2.504285714285743,1947.334945696366,1947.87,0.6162790697674003,inside,inside,3.5700000000001637,11,Friday,london_ny_overlap,0.21365545495931848,1.4255561893896669,True,False,False,True,False,False,True,True,True,False,False,False,False,False,False,False,True,False,True,True,True,2022-03-04 16:15:00+00:00,1950.73,1947.1679157829572,3.4707142857143123,1.0263259732167058,True,False,4,2,1,True,False,False,False,True,2022-03-04 16:25:00+00:00|demand|1947.87
8784,15min,m15_2c_1atr,supply,1992.49,1989.35,2022-03-07 14:30:00+00:00,2022-03-07 13:45:00+00:00,2022-03-07 14:00:00+00:00,2022-03-07 14:15:00+00:00,2,1.5972864631513648,0.6777674992291267,0.07643312101903633,2022-03-07 18:45:00+00:00,2022-03-07 19:10:00+00:00,1983.61,1993.3331428571428,9.723142857142875,4.25,True,174673,174674,4,1983.6,0.824601366742605,0.8968293614645247,1.1693749816344021,-7.983015485880518,-1.0,stop,2022,2022-03,2022-03-07,0.030854221151303166,-1.0308542211513032,0.03-0.05R,2022-03-07 19:05:00+00:00,4.227857142857163,1984.654088630993,1983.6,0.07517084282458308,inside,inside,8.029999999999973,14,Monday,ny_main,-0.246954567222584,1.8993073154248874,False,True,False,True,False,False,False,False,False,True,True,True,True,False,True,False,True,False,True,True,True,2022-03-07 19:00:00+00:00,1979.76,1981.0105361598262,8.330000000000025,-0.15012438893471708,True,False,6,3,2,True,True,False,False,True,2022-03-07 19:10:00+00:00|supply|1983.61
8806,15min,m15_2c_1atr,supply,2056.59,2051.68,2022-03-09 08:00:00+00:00,2022-03-09 07:00:00+00:00,2022-03-09 07:15:00+00:00,2022-03-09 07:45:00+00:00,3,1.8967303334412053,1.1126578180641609,0.9633401221995357,2022-03-09 08:15:00+00:00,2022-03-09 08:25:00+00:00,2049.68,2057.1298571428574,7.4498571428575815,0.25,True,175096,175097,1,2049.7,0.9824561403510265,10.584095572301806,0.35839613415404725,9.145141805211434,1.0,tp1,2022,2022-03,2022-03-09,0.040269228556633424,0.9597307714433666,0.03-0.05R,2022-03-09 08:20:00+00:00,2.688571428571371,2050.5512746255117,2049.7,0.0,missing,missing,,3,Wednesday,asia_late,-0.32406601373981625,,False,True,False,True,False,False,True,True,True,True,True,True,False,False,True,False,False,True,False,True,True,2022-03-09 08:15:00+00:00,2048.9,2051.235642446394,4.0049999999999955,-0.5831816345553325,True,False,8,4,2,True,False,False,False,False,2022-03-09 08:25:00+00:00|supply|2049.68
8807,15min,m15_2c_1atr,supply,2052.23,2048.63,2022-03-09 09:15:00+00:00,2022-03-09 08:30:00+00:00,2022-03-09 08:45:00+00:00,2022-03-09 09:00:00+00:00,2,1.396357328707717,0.874241110147418,0.6305555555555664,2022-03-09 09:20:00+00:00,2022-03-09 09:25:00+00:00,2046.2,2052.801857142857,6.601857142856943,0.08333333333333333,True,175108,175109,0,2046.22,0.7689768976898269,11.416484538982901,0.463505939887085,9.253456819509964,1.0,tp1,2022,2022-03,2022-03-09,0.045441758812456746,0.9545582411875433,0.03-0.05R,2022-03-09 09:20:00+00:00,2.691428571428592,2047.61178256814,2046.22,0.17821782178216783,missing,missing,,4,Wednesday,asia_late,-0.5245476633216036,,False,True,False,True,False,False,True,True,True,True,True,True,True,False,False,False,False,False,False,True,True,2022-03-09 09:15:00+00:00,2041.55,2047.7970122715733,4.4164285714285665,-1.4144941258616668,True,False,6,4,2,True,False,False,False,False,2022-03-09 09:25:00+00:00|supply|2046.2
8811,15min,m15_2c_1atr,demand,1992.31,1981.83,2022-03-09 17:45:00+00:00,2022-03-09 16:45:00+00:00,2022-03-09 17:00:00+00:00,2022-03-09 17:30:00+00:00,3,1.0129685275976672,1.1602087616637666,0.25381679389311546,2022-03-09 18:00:00+00:00,2022-03-09 18:05:00+00:00,1995.35,1981.059714285714,14.290285714285801,0.25,True,175212,175213,0,1995.33,0.1697247706422078,0.7109724888035842,1.0258717210492478,0.2806102047344826,-1.0,stop,2022,2022-03,2022-03-09,0.020993282149711964,-1.0209932821497119,<=0.03R,2022-03-09 18:00:00+00:00,3.7728571428571382,1994.5983129065426,1995.33,0.7844036697247532,below,below,8.700000000000045,13,Wednesday,ny_main,0.19923550375620785,2.3059447179098975,True,False,True,True,True,False,True,True,True,False,False,False,False,False,False,False,True,False,True,True,True,2022-03-09 18:00:00+00:00,2004.31,1996.8903301193027,9.546428571428594,0.7772194413001223,True,False,0,0,0,False,False,False,True,False,2022-03-09 18:05:00+00:00|demand|1995.35
8820,15min,m15_2c_1atr,demand,1981.37,1974.41,2022-03-10 10:30:00+00:00,2022-03-10 09:45:00+00:00,2022-03-10 10:00:00+00:00,2022-03-10 10:15:00+00:00,2,2.1933710590137148,1.5754244139045728,0.5919540229885063,2022-03-10 11:00:00+00:00,2022-03-10 11:30:00+00:00,1982.13,1973.8062857142859,8.323714285714232,0.5,True,175409,175410,5,1982.1,0.7521367521367015,3.246146981086759,0.33999244842620413,1.1797617821714208,1.0,tp1,2022,2022-03,2022-03-10,0.03604160230666278,0.9639583976933372,0.03-0.05R,2022-03-10 11:25:00+00:00,3.162142857142872,1981.4530955903422,1982.1,0.9572649572649016,missing,missing,,6,Thursday,asia_late,0.21406509453831185,,True,False,False,True,False,False,False,False,False,True,True,True,False,False,True,True,False,False,False,True,True,2022-03-10 11:15:00+00:00,1982.1,1982.394655254736,4.952142857142819,-0.05950055627155368,False,True,9,4,2,True,False,False,False,False,2022-03-10 11:30:00+00:00|demand|1982.13
8822,15min,m15_2c_1atr,demand,1983.12,1979.72,2022-03-10 12:15:00+00:00,2022-03-10 11:30:00+00:00,2022-03-10 11:45:00+00:00,2022-03-10 12:00:00+00:00,2,2.5621789511408455,0.5686297933341097,0.6647058823530321,2022-03-10 17:15:00+00:00,2022-03-10 17:55:00+00:00,1994.62,1978.7448571428572,15.875142857142691,5.0,True,175486,175487,7,1994.6,0.6752136752136458,0.7149541961377336,1.1798319025250608,-0.5562154671274061,-1.0,stop,2022,2022-03,2022-03-10,0.018897467739323128,-1.0188974677393232,<=0.03R,2022-03-10 17:50:00+00:00,5.048571428571433,1993.7714444390012,1994.6,0.9145299145298624,below,below,7.220000000000027,12,Thursday,ny_main,0.1680783510750008,1.4301075268817245,True,False,True,True,True,True,False,False,False,True,True,False,True,False,True,True,False,True,True,True,True,2022-03-10 17:45:00+00:00,1995.16,1996.7142251651296,8.071428571428571,-0.19255887001604888,False,False,9,4,2,True,False,False,True,False,2022-03-10 17:55:00+00:00|demand|1994.62
8837,15min,m15_2c_1atr,supply,1993.15,1989.44,2022-03-11 13:30:00+00:00,2022-03-11 12:15:00+00:00,2022-03-11 12:30:00+00:00,2022-03-11 13:15:00+00:00,4,2.848623048587968,0.9110682336432369,0.8409703504043363,2022-03-11 19:25:00+00:00,2022-03-11 19:45:00+00:00,1986.87,1993.6574285714287,6.787428571428791,5.916666666666667,True,175784,175785,3,1986.84,0.8807339449541361,5.483667284054348,0.40663411348713807,4.221038895436786,1.0,tp1,2022,2022-03,2022-03-11,0.04419936016164194,0.9558006398383581,0.03-0.05R,2022-03-11 19:40:00+00:00,2.488571428571455,1987.702004388359,1986.84,0.05045871559628291,above,above,14.720000000000027,14,Friday,ny_main,-0.3343301216138752,5.915040183696848,False,True,False,True,False,False,False,False,True,True,True,True,True,False,True,True,False,True,True,True,True,2022-03-11 19:30:00+00:00,1986.84,1984.6971182895875,5.928571428571478,0.3614499270575169,False,True,5,3,2,True,False,False,True,False,2022-03-11 19:45:00+00:00|supply|1986.87
8865,15min,m15_2c_1atr,supply,1933.45,1929.65,2022-03-15 08:00:00+00:00,2022-03-15 07:15:00+00:00,2022-03-15 07:30:00+00:00,2022-03-15 07:45:00+00:00,2,2.4875596883639988,1.3370193515958788,0.17368421052627958,2022-03-15 08:05:00+00:00,2022-03-15 08:25:00+00:00,1927.73,1933.9695714285715,6.23957142857148,0.08333333333333333,True,176212,176213,3,1927.73,0.8810408921932501,0.2676465874487811,1.0497515855026514,1.5209377933466015,-1.0,stop,2022,2022-03,2022-03-15,0.0480802252901981,-1.0480802252901982,0.03-0.05R,2022-03-15 08:20:00+00:00,2.604285714285733,1929.2176939728517,1927.73,0.10408921933084277,missing,missing,,4,Tuesday,asia_late,-0.5712483713637978,,False,True,False,True,False,False,False,False,True,True,True,True,False,False,True,True,True,False,False,True,True,2022-03-15 08:15:00+00:00,1926.69,1931.709129026797,3.3364285714285415,-1.5043418192069682,True,False,0,0,0,False,False,False,False,False,2022-03-15 08:25:00+00:00|supply|1927.73
8870,15min,m15_2c_1atr,supply,1925.69,1919.37,2022-03-15 15:30:00+00:00,2022-03-15 14:30:00+00:00,2022-03-15 14:45:00+00:00,2022-03-15 15:15:00+00:00,3,1.0513833992095163,1.2490118577075398,0.14240506329114994,2022-03-15 15:35:00+00:00,2022-03-15 16:05:00+00:00,1918.91,1926.501142857143,7.591142857142813,0.08333333333333333,True,176304,176305,5,1918.64,0.8964803312629384,1.559712446836567,1.0841582295156096,0.8417704843991298,1.0,tp1,2022,2022-03,2022-03-15,0.03951974105160172,0.9604802589483983,0.03-0.05R,2022-03-15 16:00:00+00:00,4.029999999999989,1921.187052365538,1918.64,0.04140786749483406,below,below,5.920000000000073,12,Tuesday,ny_main,-0.5650254008778884,1.468982630272975,False,True,False,True,False,False,False,False,False,True,True,True,False,False,False,False,True,False,True,True,True,2022-03-15 16:00:00+00:00,1912.27,1920.4788255657295,6.25428571428571,-1.312512082231764,True,False,1,1,1,True,True,True,False,False,2022-03-15 16:05:00+00:00|supply|1918.91
8881,15min,m15_2c_1atr,demand,1916.37,1914.5,2022-03-16 11:00:00+00:00,2022-03-16 10:00:00+00:00,2022-03-16 10:15:00+00:00,2022-03-16 10:45:00+00:00,3,1.161798794622214,0.6068613815484133,0.8288770053477392,2022-03-16 14:30:00+00:00,2022-03-16 14:55:00+00:00,1920.36,1914.0192857142856,6.340714285714284,3.5,True,176566,176567,4,1920.36,0.61589403973507,0.26022304832715193,1.1938718035372213,3.88757463106907,-1.0,stop,2022,2022-03,2022-03-16,0.047313281514025016,-1.047313281514025,0.03-0.05R,2022-03-16 14:50:00+00:00,2.4621428571428754,1919.3932721846893,1920.36,0.7284768211919971,inside,inside,2.269999999999982,10,Wednesday,london_ny_overlap,0.39263676862049246,0.9219611256164639,True,False,False,True,False,False,False,False,False,True,True,False,True,False,False,False,False,True,True,True,True,2022-03-16 14:45:00+00:00,1920.0,1920.434952987155,3.6021428571428453,-0.12074840016198753,False,False,9,4,2,True,False,False,False,True,2022-03-16 14:55:00+00:00|demand|1920.36
8887,15min,m15_2c_1atr,supply,1922.01,1918.85,2022-03-16 15:45:00+00:00,2022-03-16 15:00:00+00:00,2022-03-16 15:15:00+00:00,2022-03-16 15:30:00+00:00,2,1.296344892221203,0.8292408622305794,0.22468354430380316,2022-03-16 16:00:00+00:00,2022-03-16 16:15:00+00:00,1911.26,1922.732142857143,11.472142857142899,0.25,True,176582,176583,2,1911.53,0.8314606741573167,1.4147313367785284,1.1323080754622967,-3.2496108586015673,1.0,tp1,2022,2022-03,2022-03-16,0.026150301973725077,0.973849698026275,<=0.03R,2022-03-16 16:10:00+00:00,3.2907142857142975,1916.0946024051023,1911.53,0.15423901940755838,below,below,2.269999999999982,12,Wednesday,ny_main,-1.4691650460480008,0.6898198393748564,False,True,True,True,True,False,False,True,True,True,True,True,True,False,False,False,True,False,True,True,True,2022-03-16 16:00:00+00:00,1911.53,1916.8488088681454,4.278571428571419,-1.2431272813695513,True,True,17,4,2,True,True,True,False,False,2022-03-16 16:15:00+00:00|supply|1911.26
8910,15min,m15_2c_1atr,demand,1932.42,1921.67,2022-03-18 16:00:00+00:00,2022-03-18 15:15:00+00:00,2022-03-18 15:30:00+00:00,2022-03-18 15:45:00+00:00,2,1.2159203980099278,2.1393034825870605,0.49302325581394923,2022-03-18 16:00:00+00:00,2022-03-18 16:25:00+00:00,1932.53,1920.7894285714287,11.74057142857123,0.0,True,177136,177137,4,1932.52,0.46762589928056375,0.4837924656867653,1.0425386936630185,0.14564878808527765,-1.0,stop,2022,2022-03,2022-03-18,0.025552418962328866,-1.0255524189623288,<=0.03R,2022-03-18 16:20:00+00:00,4.569285714285717,1931.7629759001277,1932.52,0.881294964028802,below,below,5.170000000000073,12,Friday,ny_main,0.16786520866362387,1.1314678755666872,True,False,True,True,True,False,False,False,False,True,False,False,False,True,False,False,False,False,True,True,True,2022-03-18 16:15:00+00:00,1932.08,1932.8955055415818,4.951428571428567,-0.16470106148508085,False,False,5,4,2,True,False,False,True,False,2022-03-18 16:25:00+00:00|demand|1932.53
8934,15min,m15_2c_1atr,supply,1929.18,1925.25,2022-03-22 15:30:00+00:00,2022-03-22 14:30:00+00:00,2022-03-22 14:45:00+00:00,2022-03-22 15:15:00+00:00,3,1.3009956599437866,1.4046464130712482,0.1882951653944013,2022-03-22 15:30:00+00:00,2022-03-22 15:35:00+00:00,1922.6,1929.7135714285714,7.113571428571504,0.0,True,177678,177679,0,1922.76,0.334051724137914,1.6588010844462056,1.0177728687619143,-0.954513505372042,1.0,tp1,2022,2022-03,2022-03-22,0.042172908926598605,0.9578270910734014,0.03-0.05R,2022-03-22 15:30:00+00:00,2.70857142857145,1925.2882876774258,1922.76,0.3814655172413672,below,below,2.5499999999999545,11,Tuesday,london_ny_overlap,-0.9925112733112543,0.9414556962025075,False,True,False,True,False,False,True,True,True,False,False,False,False,False,False,False,True,False,True,True,True,2022-03-22 15:30:00+00:00,1921.65,1925.5269697461918,2.872142857142876,-1.3498526845730643,True,False,3,2,1,True,False,True,False,False,2022-03-22 15:35:00+00:00|supply|1922.6
8947,15min,m15_2c_1atr,demand,1930.4,1925.02,2022-03-23 15:15:00+00:00,2022-03-23 14:15:00+00:00,2022-03-23 14:30:00+00:00,2022-03-23 15:00:00+00:00,3,1.7784390020599603,1.7239642938888033,0.26579925650554037,2022-03-23 16:15:00+00:00,2022-03-23 16:45:00+00:00,1931.37,1924.569,6.800999999999931,1.0,True,177968,177969,5,1931.39,0.7633587786259197,5.062490810175035,0.8116453462726125,4.658138509042844,1.0,tp1,2022,2022-03,2022-03-23,0.0441111601235117,0.9558888398764883,0.03-0.05R,2022-03-23 16:40:00+00:00,2.2007142857142816,1931.0111197072504,1931.39,0.8816793893130033,inside,below,7.129999999999882,12,Wednesday,ny_main,0.16307445954213767,3.2398571892242303,True,False,False,True,False,False,False,False,False,True,True,True,False,False,True,False,True,False,True,True,True,2022-03-23 16:30:00+00:00,1931.39,1931.5503353443937,3.565000000000038,-0.044974851162304076,False,True,3,3,2,True,False,False,False,True,2022-03-23 16:45:00+00:00|demand|1931.37
8988,15min,m15_2c_1atr,supply,1944.17,1942.53,2022-03-28 08:30:00+00:00,2022-03-28 07:45:00+00:00,2022-03-28 08:00:00+00:00,2022-03-28 08:15:00+00:00,2,1.050563607085315,0.7394524959742813,0.3719512195121114,2022-03-28 15:15:00+00:00,2022-03-28 16:00:00+00:00,1938.43,1944.8648571428573,6.434857142857254,6.75,True,178775,178776,8,1938.39,0.7536231884057525,7.5137643193320995,0.6418168901518221,4.463191546043795,1.0,tp1,2022,2022-03,2022-03-28,0.04662108160909252,0.9533789183909075,0.03-0.05R,2022-03-28 15:55:00+00:00,3.456428571428595,1940.273253802909,1938.39,0.24637681159424749,above,above,2.740000000000009,12,Monday,ny_main,-0.5332827700087928,0.7927257697871434,False,True,False,True,False,False,False,False,False,True,True,True,True,False,False,False,False,False,True,True,True,2022-03-28 15:45:00+00:00,1938.39,1936.673184551546,4.312857142857183,0.39806916658425245,False,True,1,1,1,True,False,False,True,False,2022-03-28 16:00:00+00:00|supply|1938.43
9007,15min,m15_2c_1atr,demand,1897.93,1890.08,2022-03-29 16:15:00+00:00,2022-03-29 15:30:00+00:00,2022-03-29 15:45:00+00:00,2022-03-29 16:00:00+00:00,2,1.1085848686789814,1.4360381549719319,0.7439490445859929,2022-03-29 16:15:00+00:00,2022-03-29 16:50:00+00:00,1899.82,1889.2444285714284,10.575571428571493,0.0,True,179061,179062,6,1899.88,0.6731843575419146,3.5941320293398307,0.005673452295716752,3.5582001648002697,1.0,tp1,2022,2022-03,2022-03-29,0.02836726147860956,0.9716327385213904,<=0.03R,2022-03-29 16:45:00+00:00,3.9214285714285944,1897.0698107527421,1899.88,0.7039106145251582,below,below,3.3500000000001364,12,Tuesday,ny_main,0.7013233053116444,0.8542805100182447,True,False,True,True,True,False,False,False,False,True,True,False,False,False,False,False,False,True,True,True,True,2022-03-29 16:45:00+00:00,1907.5,1901.0793607846472,6.4542857142857075,0.9947869523565692,True,False,0,0,0,False,False,False,True,False,2022-03-29 16:50:00+00:00|demand|1899.82
9020,15min,m15_2c_1atr,demand,1934.35,1929.75,2022-03-30 17:45:00+00:00,2022-03-30 17:00:00+00:00,2022-03-30 17:15:00+00:00,2022-03-30 17:30:00+00:00,2,1.105769230769196,1.105769230769196,0.31304347826088763,2022-03-30 18:30:00+00:00,2022-03-30 18:45:00+00:00,1937.31,1929.4181428571428,7.891857142857134,0.75,True,179360,179361,2,1937.31,0.8256880733944505,0.03928099487717214,1.1391488514381938,0.6779139438481074,-1.0,stop,2022,2022-03,2022-03-30,0.03801386601017328,-1.0380138660101732,0.03-0.05R,2022-03-30 18:40:00+00:00,1.7885714285714585,1936.0740858468837,1937.31,0.8990825688073298,above,above,2.8899999999998727,14,Wednesday,ny_main,0.6910063156400671,1.615814696485525,True,False,False,True,False,False,False,True,True,True,True,True,False,False,False,False,True,False,True,True,True,2022-03-30 18:30:00+00:00,1937.31,1934.525152592528,4.189285714285769,0.6647547093709582,True,True,1,1,1,True,True,True,False,False,2022-03-30 18:45:00+00:00|demand|1937.31
9050,15min,m15_2c_1atr,demand,1928.15,1922.38,2022-04-01 16:45:00+00:00,2022-04-01 16:00:00+00:00,2022-04-01 16:15:00+00:00,2022-04-01 16:30:00+00:00,2,1.7154678548695286,1.2854869509866351,0.5840554592721194,2022-04-01 17:05:00+00:00,2022-04-01 17:15:00+00:00,1930.19,1921.784,8.405999999999949,0.3333333333333333,True,179894,179895,1,1930.27,0.6866952789698725,0.1463240542469695,1.3728289317154454,0.4841779681180063,-1.0,stop,2022,2022-04,2022-04-01,0.03568879371877252,-1.0356887937187724,0.03-0.05R,2022-04-01 17:10:00+00:00,3.0107142857142923,1929.9903998223135,1930.27,0.8283261802574831,below,below,2.9700000000000273,13,Friday,ny_main,0.0662966189231666,0.986476868327409,True,False,False,True,False,False,True,True,True,True,True,False,False,False,True,False,False,False,True,True,True,2022-04-01 17:00:00+00:00,1930.27,1929.2486524366996,4.699999999999965,0.21730799219158115,True,True,2,2,1,True,False,False,True,False,2022-04-01 17:15:00+00:00|demand|1930.19
9096,15min,m15_2c_1atr,supply,1931.89,1926.9,2022-04-06 17:30:00+00:00,2022-04-06 16:45:00+00:00,2022-04-06 17:00:00+00:00,2022-04-06 17:15:00+00:00,2,1.0852713178294282,1.2307963354475056,0.2605210420842043,2022-04-06 17:30:00+00:00,2022-04-06 17:35:00+00:00,1925.32,1932.3937142857144,7.073714285714459,0.0,True,180726,180727,0,1925.31,0.33165829145732606,1.3811697229178084,1.2412149608207106,-0.8453833104450905,1.0,tp1,2022,2022-04,2022-04-06,0.04241053396881712,0.9575894660311829,0.03-0.05R,2022-04-06 17:30:00+00:00,2.53071428571429,1927.107930853362,1925.31,0.1608040201004698,below,below,3.0499999999999545,13,Wednesday,ny_main,-0.7064925754182372,1.205193338978247,False,True,False,True,False,False,True,True,True,False,False,False,False,False,False,False,True,False,True,True,True,2022-04-06 17:30:00+00:00,1924.64,1926.1766671079051,3.883571428571421,-0.3956840079211052,True,False,7,4,2,True,False,True,False,False,2022-04-06 17:35:00+00:00|supply|1925.32
9099,15min,m15_2c_1atr,demand,1920.9,1915.55,2022-04-06 22:00:00+00:00,2022-04-06 21:15:00+00:00,2022-04-06 21:30:00+00:00,2022-04-06 21:45:00+00:00,2,1.3058736608792356,1.38345031400076,0.21121495327104306,2022-04-07 07:25:00+00:00,2022-04-07 07:55:00+00:00,1921.71,1915.3674285714285,6.342571428571546,9.416666666666666,True,180886,180887,5,1921.71,0.6857142857142672,2.5273660975719117,0.13559169331953647,1.6176404342537638,1.0,tp1,2022,2022-04,2022-04-07,0.04729942790215688,0.9527005720978431,0.03-0.05R,2022-04-07 07:50:00+00:00,0.9149999999999636,1921.6175950783595,1921.71,0.9857142857142996,missing,missing,,3,Thursday,asia_late,0.10098898539949744,,True,False,False,True,False,False,False,False,False,True,True,False,False,False,False,False,True,False,False,True,True,2022-04-07 07:45:00+00:00,1921.71,1922.064519586894,1.7514285714285376,-0.20241738240275275,False,False,9,4,2,True,False,False,False,False,2022-04-07 07:55:00+00:00|demand|1921.71
9134,15min,m15_2c_1atr,demand,1945.87,1942.95,2022-04-11 11:15:00+00:00,2022-04-11 10:15:00+00:00,2022-04-11 10:30:00+00:00,2022-04-11 11:00:00+00:00,3,2.0616016427104698,1.1991786447637998,0.14383561643838869,2022-04-11 17:15:00+00:00,2022-04-11 17:50:00+00:00,1950.23,1942.3021428571428,7.927857142857192,6.0,True,181557,181558,6,1950.23,0.5537848605578108,0.5323002072258763,1.011622668708884,2.628705288764727,-1.0,stop,2022,2022-04,2022-04-11,0.037841246959185275,-1.0378412469591853,0.03-0.05R,2022-04-11 17:45:00+00:00,3.250714285714285,1949.9757259134628,1950.23,0.9641434262948532,below,below,4.769999999999982,13,Monday,ny_main,0.07822098904681427,1.467369808833218,True,False,False,True,False,False,False,False,False,True,False,False,False,False,True,True,True,False,True,True,True,2022-04-11 17:45:00+00:00,1951.51,1953.4313048097579,4.87642857142857,-0.39399834973795805,False,False,6,4,2,True,False,False,True,False,2022-04-11 17:50:00+00:00|demand|1950.23
9137,15min,m15_2c_1atr,supply,1964.1,1960.75,2022-04-11 17:00:00+00:00,2022-04-11 16:15:00+00:00,2022-04-11 16:30:00+00:00,2022-04-11 16:45:00+00:00,2,2.7017940843704613,0.7580410538225091,0.10746268656713723,2022-04-12 15:10:00+00:00,2022-04-12 15:30:00+00:00,1955.36,1964.6537142857142,9.293714285714259,22.166666666666668,True,181805,181806,3,1955.49,0.855305466237996,0.0021519921298554026,1.3891109198229346,-2.51352680767341,-1.0,stop,2022,2022-04,2022-04-12,0.0322798819478604,-1.0322798819478605,0.03-0.05R,2022-04-12 15:25:00+00:00,1.998571428571365,1957.3132104924018,1955.49,0.0836012861736332,inside,inside,3.2899999999999636,11,Tuesday,london_ny_overlap,-0.977303320000993,1.6461758398856667,False,True,False,True,False,False,False,False,True,True,True,True,True,False,True,True,True,False,True,True,True,2022-04-12 15:15:00+00:00,1955.49,1955.884651126813,2.8614285714285677,-0.13792101286523825,True,True,3,3,2,True,True,False,False,True,2022-04-12 15:30:00+00:00|supply|1955.36
9242,15min,m15_2c_1atr,supply,1946.86,1940.7,2022-04-21 18:45:00+00:00,2022-04-21 17:45:00+00:00,2022-04-21 18:00:00+00:00,2022-04-21 18:30:00+00:00,3,1.7470664928291701,1.606258148631004,0.28896103896104136,2022-04-21 18:50:00+00:00,2022-04-21 19:00:00+00:00,1939.98,1947.2522857142856,7.272285714285545,0.08333333333333333,True,183503,183504,1,1940.01,0.5138888888889569,0.2323891093387942,1.1935724668998127,0.5101559737555663,-1.0,stop,2022,2022-04,2022-04-21,0.041252504616352666,-1.0412525046163528,0.03-0.05R,2022-04-21 18:55:00+00:00,2.169999999999959,1940.916849348171,1940.01,0.41666666666665353,below,below,4.650000000000091,15,Thursday,ny_main,-0.431727810217004,2.1428571428572254,False,True,False,True,False,False,True,True,True,True,False,False,False,False,True,False,True,False,True,True,True,2022-04-21 18:45:00+00:00,1940.01,1942.3516248435292,3.811428571428532,-0.6143693367580395,True,True,6,3,2,True,True,True,False,False,2022-04-21 19:00:00+00:00|supply|1939.98
9272,15min,m15_2c_1atr,demand,1897.7,1891.5,2022-04-25 16:45:00+00:00,2022-04-25 15:45:00+00:00,2022-04-25 16:00:00+00:00,2022-04-25 16:30:00+00:00,3,1.3404894804637226,1.242307141834839,0.47741935483871206,2022-04-25 16:45:00+00:00,2022-04-25 17:15:00+00:00,1898.15,1890.7024285714285,7.447571428571564,0.0,True,184034,184035,5,1898.15,0.5782828282829044,1.753591774883432,0.8391997391287516,0.8338288607983019,1.0,tp1,2022,2022-04,2022-04-25,0.04028158747818007,0.9597184125218199,0.03-0.05R,2022-04-25 17:10:00+00:00,3.8278571428571206,1897.4774220506094,1898.15,0.6969696969697283,below,below,4.0300000000002,13,Monday,ny_main,0.17570612598374802,1.052808359768672,True,False,False,True,False,False,False,False,False,True,False,False,False,False,False,False,False,False,True,True,True,2022-04-25 17:00:00+00:00,1898.15,1899.5833844418646,5.285714285714302,-0.2711808403527459,False,True,0,0,0,False,False,False,True,False,2022-04-25 17:15:00+00:00|demand|1898.15
9331,15min,m15_2c_1atr,supply,1913.86,1908.21,2022-04-29 18:15:00+00:00,2022-04-29 17:30:00+00:00,2022-04-29 17:45:00+00:00,2022-04-29 18:00:00+00:00,2,1.1254865118775954,1.0616024694671538,0.34867256637169464,2022-04-29 18:40:00+00:00,2022-04-29 19:05:00+00:00,1908.09,1914.2974285714286,6.207428571428636,0.4166666666666667,True,185160,185161,4,1908.09,0.8944444444445377,8.638037374574136,0.5638405596980518,7.109223971278559,1.0,tp1,2022,2022-04,2022-04-29,0.048329190831261575,0.9516708091687385,0.03-0.05R,2022-04-29 19:00:00+00:00,2.332857142857165,1908.9636671163016,1908.09,0.10555555555546221,below,below,3.4299999999998363,15,Friday,ny_main,-0.3745051937606777,1.470300061236903,False,True,False,True,False,False,False,False,False,True,True,True,False,False,False,False,True,False,True,True,True,2022-04-29 19:00:00+00:00,1908.06,1908.8580688530742,4.810000000000043,-0.1659186804728167,True,False,1,1,1,True,True,True,False,False,2022-04-29 19:05:00+00:00|supply|1908.09
9360,15min,m15_2c_1atr,demand,1864.0,1856.79,2022-05-03 16:15:00+00:00,2022-05-03 15:30:00+00:00,2022-05-03 15:45:00+00:00,2022-05-03 16:00:00+00:00,2,1.5150360016941742,2.137653536637038,0.05963938973645411,2022-05-03 16:15:00+00:00,2022-05-03 16:35:00+00:00,1867.33,1856.2385714285713,11.09142857142865,0.0,True,185682,185683,3,1867.28,0.7793427230046815,0.971921689850583,0.531942297784631,-0.277691911385875,-0.277691911385875,time,2022,2022-05,2022-05-03,0.027047913446676775,-0.3047398248325518,<=0.03R,2022-05-03 16:30:00+00:00,2.6792857142857462,1864.5251227010283,1867.28,0.8239436619718307,above,above,3.269999999999982,12,Tuesday,ny_main,1.0468750249427456,1.2204745401226127,True,False,True,True,True,False,False,False,True,True,True,True,False,True,True,False,True,False,True,True,True,2022-05-03 16:30:00+00:00,1868.88,1864.1089836156477,3.6535714285714187,1.3058500367728931,True,False,14,4,2,True,True,True,False,False,2022-05-03 16:35:00+00:00|demand|1867.33
9386,15min,m15_2c_1atr,demand,1896.02,1894.25,2022-05-05 13:15:00+00:00,2022-05-05 12:15:00+00:00,2022-05-05 12:30:00+00:00,2022-05-05 13:00:00+00:00,3,1.0500846842487837,0.599564481006531,0.30508474576269445,2022-05-05 13:40:00+00:00,2022-05-05 14:10:00+00:00,1900.12,1893.962142857143,6.157857142856983,0.4166666666666667,True,186205,186206,5,1900.13,0.9401330376940172,1.5671035842710217,1.159494258206714,-2.848393457835586,1.0,tp1,2022,2022-05,2022-05-05,0.04871824614314011,0.9512817538568599,0.03-0.05R,2022-05-05 14:05:00+00:00,1.4507142857142818,1897.2137582556054,1900.13,0.9667405764967042,above,above,2.519999999999982,10,Thursday,london_ny_overlap,2.0033177952497785,1.7370753323485888,True,False,False,True,False,False,False,False,False,True,True,True,True,False,False,False,True,False,True,True,True,2022-05-05 14:00:00+00:00,1899.81,1896.958787556328,2.6692857142857065,1.0681555849988835,True,False,5,4,2,True,True,True,False,False,2022-05-05 14:10:00+00:00|demand|1900.12
9390,15min,m15_2c_1atr,supply,1886.35,1882.79,2022-05-05 18:30:00+00:00,2022-05-05 17:45:00+00:00,2022-05-05 18:00:00+00:00,2022-05-05 18:15:00+00:00,2,1.0845964503174108,0.6456794921621926,0.1376404494382069,2022-05-05 18:30:00+00:00,2022-05-05 18:50:00+00:00,1879.81,1886.9361428571428,7.126142857142895,0.0,True,186261,186262,3,1879.81,0.5953608247422373,1.9267084978850433,1.1857747128280176,-1.2348896417617095,1.0,tp1,2022,2022-05,2022-05-05,0.04209851051460395,0.9579014894853961,0.03-0.05R,2022-05-05 18:45:00+00:00,2.8614285714285836,1881.585962433046,1879.81,0.40206185567007774,below,below,2.519999999999982,14,Thursday,ny_main,-0.620655867764472,0.8806789815276983,False,True,False,True,False,False,False,False,True,True,False,False,True,False,False,False,True,False,True,True,True,2022-05-05 18:45:00+00:00,1875.02,1883.8127673700887,5.759999999999975,-1.52652211286264,True,False,0,0,0,False,False,True,False,False,2022-05-05 18:50:00+00:00|supply|1879.81
9400,15min,m15_2c_1atr,demand,1876.27,1874.05,2022-05-06 11:30:00+00:00,2022-05-06 10:45:00+00:00,2022-05-06 11:00:00+00:00,2022-05-06 11:15:00+00:00,2,1.4161014450015068,0.91654379239164,0.29279279279283016,2022-05-06 15:50:00+00:00,2022-05-06 16:30:00+00:00,1880.36,1873.328857142857,7.031142857142868,4.333333333333333,True,186509,186510,7,1880.36,0.8519417475728359,1.7308708196188463,1.008370921207675,-2.942622617741448,1.0,tp1,2022,2022-05,2022-05-06,0.042667316835304094,0.9573326831646959,0.03-0.05R,2022-05-06 16:25:00+00:00,3.6328571428571195,1878.4531775626613,1880.36,0.9417475728155302,below,below,3.099999999999909,12,Friday,ny_main,0.524882306778235,0.8533228470310461,True,False,False,True,False,False,False,False,False,True,True,True,True,False,False,False,True,False,True,True,True,2022-05-06 16:15:00+00:00,1880.36,1880.6250887932736,3.645714285714251,-0.07271244329606794,False,True,9,4,2,True,False,False,True,False,2022-05-06 16:30:00+00:00|demand|1880.36
9415,15min,m15_2c_1atr,supply,1871.89,1867.82,2022-05-09 11:45:00+00:00,2022-05-09 11:00:00+00:00,2022-05-09 11:15:00+00:00,2022-05-09 11:30:00+00:00,2,1.9046129788897392,1.4850143341152318,0.23832923832923544,2022-05-09 15:25:00+00:00,2022-05-09 16:00:00+00:00,1864.4,1872.381142857143,7.981142857142913,3.6666666666666665,True,186779,186780,6,1864.39,0.9371069182390477,1.5950096656404293,0.8933557671654403,0.8545142120713255,1.0,tp1,2022,2022-05,2022-05-09,0.037588601704016344,0.9624113982959837,0.03-0.05R,2022-05-09 15:55:00+00:00,2.403571428571435,1865.3998065474914,1864.39,0.0062893081760952325,above,above,8.0300000000002,12,Monday,ny_main,-0.4159670628492722,3.3408618127786776,False,True,False,True,False,False,False,False,False,True,True,True,False,False,True,False,True,False,True,True,True,2022-05-09 15:45:00+00:00,1864.39,1863.4792778534857,3.424285714285751,0.26595974241139114,False,True,3,2,2,True,False,False,True,False,2022-05-09 16:00:00+00:00|supply|1864.4
9434,15min,m15_2c_1atr,supply,1859.87,1856.9,2022-05-10 18:00:00+00:00,2022-05-10 17:15:00+00:00,2022-05-10 17:30:00+00:00,2022-05-10 17:45:00+00:00,2,2.2051093548980045,0.7641977577650737,0.08754208754209038,2022-05-11 16:45:00+00:00,2022-05-11 17:10:00+00:00,1850.52,1860.6907142857142,10.170714285714212,22.75,True,187345,187346,4,1850.48,0.6658163265305743,1.4590912283165978,0.8101692534588171,0.9399536484303688,1.0,tp1,2022,2022-05,2022-05-11,0.029496453402626802,0.9705035465973731,<=0.03R,2022-05-11 17:05:00+00:00,4.146428571428568,1851.9560829387094,1850.48,0.2448979591836782,below,below,2.3299999999999272,13,Wednesday,ny_main,-0.34634213853457496,0.5619293712316797,False,True,True,True,True,False,False,False,False,True,True,False,True,False,True,True,True,False,True,True,True,2022-05-11 17:00:00+00:00,1849.02,1849.7055891231776,5.618571428571402,-0.12202196446079515,True,False,3,3,2,True,True,True,False,False,2022-05-11 17:10:00+00:00|supply|1850.52
9447,15min,m15_2c_1atr,demand,1843.27,1835.48,2022-05-11 16:30:00+00:00,2022-05-11 15:45:00+00:00,2022-05-11 16:00:00+00:00,2022-05-11 16:15:00+00:00,2,2.3905228758170023,1.78202614379084,0.20667522464697144,2022-05-12 14:40:00+00:00,2022-05-12 15:10:00+00:00,1843.44,1835.048142857143,8.391857142857134,22.166666666666668,True,187597,187598,5,1843.44,0.47037037037035573,0.6720800776262559,1.1213250940537705,-4.817765520998259,-1.0,stop,2022,2022-05,2022-05-12,0.035748940299269734,-1.0357489402992697,0.03-0.05R,2022-05-12 15:05:00+00:00,2.172142857142863,1843.432231989102,1843.44,0.8703703703704062,below,below,2.7999999999999545,11,Thursday,london_ny_overlap,0.003576197059239359,1.2890496547188182,True,False,False,True,False,False,False,False,False,True,False,False,False,False,True,True,True,False,True,True,True,2022-05-12 15:00:00+00:00,1844.02,1845.2848474012362,3.615714285714294,-0.34981951041697545,False,False,2,2,2,True,False,False,True,False,2022-05-12 15:10:00+00:00|demand|1843.44
9469,15min,m15_2c_1atr,demand,1807.25,1801.68,2022-05-13 17:15:00+00:00,2022-05-13 16:30:00+00:00,2022-05-13 16:45:00+00:00,2022-05-13 17:00:00+00:00,2,2.489064484266953,1.1003245378862596,0.3967684021543688,2022-05-13 18:45:00+00:00,2022-05-13 19:05:00+00:00,1811.7,1801.249,10.451000000000022,1.5,True,187920,187921,3,1811.7,0.7861445783133064,0.5568845086594512,1.6917041431441993,0.24878002105060795,-1.0,stop,2022,2022-05,2022-05-13,0.02870538704430192,-1.028705387044302,<=0.03R,2022-05-13 19:00:00+00:00,2.1457142857142992,1810.5525660384912,1811.7,0.9849397590361579,below,below,5.380000000000109,15,Friday,ny_main,0.5347561738056936,2.507323568575268,True,False,True,True,True,False,False,False,True,True,True,True,False,False,True,True,False,False,True,True,True,2022-05-13 19:00:00+00:00,1811.15,1811.298045796312,5.1171428571428645,-0.02893133931275923,False,False,2,2,2,True,False,False,True,False,2022-05-13 19:05:00+00:00|demand|1811.7
9501,15min,m15_2c_1atr,supply,1835.96,1830.03,2022-05-17 15:30:00+00:00,2022-05-17 14:30:00+00:00,2022-05-17 14:45:00+00:00,2022-05-17 15:15:00+00:00,3,1.3794700282994294,2.1358374067404333,0.8145025295109402,2022-05-17 15:30:00+00:00,2022-05-17 15:35:00+00:00,1828.81,1836.4405714285715,7.630571428571557,0.0,True,188429,188430,0,1828.81,0.7099697885196417,2.825476466843844,0.7024375631856865,2.153180814018739,1.0,tp1,2022,2022-05,2022-05-17,0.03931553525292928,0.9606844647470707,0.03-0.05R,2022-05-17 15:30:00+00:00,2.2242857142857377,1831.3729421955907,1828.81,0.2900302114803584,inside,inside,3.6800000000000637,11,Tuesday,london_ny_overlap,-1.1522540378378203,1.6544637122671917,False,True,False,True,False,False,True,True,True,True,True,True,False,True,False,False,False,True,True,True,True,2022-05-17 15:30:00+00:00,1830.74,1831.4416424386884,2.8978571428571547,-0.24212457830016013,True,False,2,2,2,True,False,False,False,True,2022-05-17 15:35:00+00:00|supply|1828.81
9515,15min,m15_2c_1atr,demand,1811.93,1808.18,2022-05-18 15:45:00+00:00,2022-05-18 15:00:00+00:00,2022-05-18 15:15:00+00:00,2022-05-18 15:30:00+00:00,2,1.7567178502878447,1.2595969289827305,0.08266666666665211,2022-05-18 15:50:00+00:00,2022-05-18 16:05:00+00:00,1813.73,1807.7025714285714,6.0274285714285725,0.08333333333333333,True,188711,188712,2,1813.73,0.8762886597937741,5.1829730754645436,0.6619738339021629,5.045269245354582,1.0,tp1,2022,2022-05,2022-05-18,0.04977246871444822,0.9502275312855518,0.03-0.05R,2022-05-18 16:00:00+00:00,2.4528571428571206,1812.1867320660763,1813.73,0.9931271477663295,below,below,2.050000000000182,12,Wednesday,ny_main,0.6291715513958244,0.8357600465929763,True,False,False,True,False,False,False,True,True,True,True,True,False,False,True,False,True,False,True,True,True,2022-05-18 16:00:00+00:00,1814.44,1812.7321311515586,3.1028571428571303,0.5504181371588397,True,False,5,3,2,True,True,False,True,False,2022-05-18 16:05:00+00:00|demand|1813.73
9657,15min,m15_2c_1atr,demand,1852.18,1850.94,2022-06-02 12:30:00+00:00,2022-06-02 11:30:00+00:00,2022-06-02 11:45:00+00:00,2022-06-02 12:15:00+00:00,3,1.2895522388058558,0.7402985074626762,0.024193548387074593,2022-06-02 15:30:00+00:00,2022-06-02 15:50:00+00:00,1856.5,1850.477142857143,6.022857142856992,3.0,True,191698,191699,3,1856.53,0.7660256410255711,2.915559772296079,0.17765654648955745,1.293406072106288,1.0,tp1,2022,2022-06,2022-06-02,0.04981024667931813,0.9501897533206819,0.03-0.05R,2022-06-02 15:45:00+00:00,2.234999999999997,1855.1580530876777,1856.53,0.862179487179472,inside,above,2.9300000000000637,11,Thursday,london_ny_overlap,0.6004236744171497,1.3109619686801197,True,False,False,True,False,False,False,False,True,True,True,True,True,False,False,False,True,False,True,True,True,2022-06-02 15:45:00+00:00,1856.56,1855.5168137751618,2.212857142857128,0.4714205018635775,True,False,3,3,2,True,True,False,False,True,2022-06-02 15:50:00+00:00|demand|1856.5
9856,15min,m15_2c_1atr,supply,1846.72,1842.74,2022-06-22 16:30:00+00:00,2022-06-22 15:45:00+00:00,2022-06-22 16:00:00+00:00,2022-06-22 16:15:00+00:00,2,1.0930599369085268,1.0985804416403828,0.3994974874371635,2022-06-22 16:40:00+00:00,2022-06-22 17:15:00+00:00,1840.94,1847.3138571428572,6.373857142857105,0.16666666666666666,True,195535,195536,6,1840.93,0.7177419354838241,2.6718515364099003,0.7985745343702992,0.6856131071116617,1.0,tp1,2022,2022-06,2022-06-22,0.0470672613577787,0.9529327386422213,0.03-0.05R,2022-06-22 17:10:00+00:00,2.8485714285714363,1842.8803424006667,1840.93,0.0026881720430082883,above,above,2.5900000000001455,13,Wednesday,ny_main,-0.6811633302239881,0.9092276830491961,False,True,False,True,False,False,False,False,False,True,True,True,False,False,False,False,False,False,True,True,True,2022-06-22 17:00:00+00:00,1840.93,1841.547609798547,4.627857142857108,-0.13345481061363146,True,True,1,1,1,True,False,False,True,False,2022-06-22 17:15:00+00:00|supply|1840.94
9932,15min,m15_2c_1atr,supply,1823.62,1817.92,2022-06-30 16:45:00+00:00,2022-06-30 15:45:00+00:00,2022-06-30 16:00:00+00:00,2022-06-30 16:30:00+00:00,3,1.1311768754301326,1.098417068134867,0.3894736842105435,2022-06-30 16:50:00+00:00,2022-06-30 17:00:00+00:00,1817.07,1824.1644285714285,7.09442857142858,0.08333333333333333,True,197186,197187,1,1817.03,0.8631578947368534,4.592336038339929,0.13813656591691909,2.090372727089655,1.0,tp1,2022,2022-06,2022-06-30,0.0422867038521173,0.9577132961478827,0.03-0.05R,2022-06-30 16:55:00+00:00,2.714999999999983,1817.779274467577,1817.03,0.0,above,above,2.3099999999999454,13,Thursday,ny_main,-0.26124289781840343,0.8508287292817532,False,True,False,True,False,False,True,True,True,True,True,True,False,False,False,False,False,False,True,True,True,2022-06-30 16:45:00+00:00,1817.03,1815.9340051151087,5.3014285714285405,0.2067357637897905,False,True,6,4,2,True,False,False,True,False,2022-06-30 17:00:00+00:00|supply|1817.07
10063,15min,m15_2c_1atr,demand,1704.22,1697.98,2022-07-14 17:45:00+00:00,2022-07-14 17:00:00+00:00,2022-07-14 17:15:00+00:00,2022-07-14 17:30:00+00:00,2,1.2836300361397266,1.169321375987155,0.12019230769230752,2022-07-14 18:25:00+00:00,2022-07-14 18:35:00+00:00,1707.72,1697.4488571428572,10.271142857142877,0.6666666666666666,True,199921,199922,1,1707.72,0.8567164179105063,0.8606637180449985,0.8421652897159938,-0.31155247712036876,-0.31155247712036876,time,2022,2022-07,2022-07-14,0.029208044730034157,-0.3407605218504029,<=0.03R,2022-07-14 18:30:00+00:00,2.6642857142856946,1706.2083058439032,1707.72,0.997014925373137,below,below,3.9300000000000637,14,Thursday,ny_main,0.5673919084545811,1.4750670241287211,True,False,True,True,True,False,True,True,True,True,True,True,False,False,False,False,True,False,True,True,True,2022-07-14 18:30:00+00:00,1712.09,1707.3288861207764,5.682857142857139,0.8378028445089223,True,False,0,0,0,False,False,False,True,False,2022-07-14 18:35:00+00:00|demand|1707.72
10121,15min,m15_2c_1atr,supply,1710.33,1708.26,2022-07-20 18:30:00+00:00,2022-07-20 17:30:00+00:00,2022-07-20 17:45:00+00:00,2022-07-20 18:15:00+00:00,3,1.1562260291485582,0.740986959856789,0.6473429951690625,2022-07-21 16:00:00+00:00,2022-07-21 16:25:00+00:00,1699.32,1711.2624285714285,11.942428571428536,21.5,True,201275,201276,4,1699.41,0.7702407002188252,0.5166453341626978,1.17396557292726,-2.7465100422264,-1.0,stop,2022,2022-07,2022-07-21,0.025120518678900035,-1.0251205186789,<=0.03R,2022-07-21 16:20:00+00:00,4.345714285714247,1701.313594096883,1699.41,0.0,above,above,3.5499999999999545,12,Thursday,ny_main,-0.4587494634510661,0.8168967784352368,False,True,True,True,True,False,False,False,False,True,True,True,True,False,False,False,False,False,True,True,True,2022-07-21 16:15:00+00:00,1698.57,1695.5483647157864,5.067857142857098,0.5962352921633489,False,False,3,3,2,True,False,False,True,False,2022-07-21 16:25:00+00:00|supply|1699.32
10196,15min,m15_2c_1atr,demand,1736.91,1735.39,2022-07-28 08:45:00+00:00,2022-07-28 08:00:00+00:00,2022-07-28 08:15:00+00:00,2022-07-28 08:30:00+00:00,2,1.1230692575984726,1.0602889885400764,0.11842105263162225,2022-07-28 15:20:00+00:00,2022-07-28 15:35:00+00:00,1744.65,1734.9738571428572,9.67614285714285,6.583333333333333,True,202645,202646,2,1744.41,0.9273885350318544,2.4028169429967687,0.37308254469757596,1.0045325026205638,1.0,tp1,2022,2022-07,2022-07-28,0.031004089587055077,0.968995910412945,0.03-0.05R,2022-07-28 15:30:00+00:00,1.9071428571428766,1739.9830657025323,1744.41,0.9579617834394992,above,above,2.599999999999909,11,Thursday,london_ny_overlap,2.4470816541029587,1.3632958801497512,True,False,False,True,False,False,False,True,True,True,True,True,False,False,False,False,True,False,True,True,True,2022-07-28 15:30:00+00:00,1747.99,1741.3576585357255,3.067142857142861,2.1623842687434403,True,False,10,4,2,True,True,True,False,False,2022-07-28 15:35:00+00:00|demand|1744.65
10232,15min,m15_2c_1atr,demand,1772.53,1765.74,2022-08-01 16:15:00+00:00,2022-08-01 15:30:00+00:00,2022-08-01 15:45:00+00:00,2022-08-01 16:00:00+00:00,2,2.2185414091471336,2.350061804697155,0.9204712812960285,2022-08-01 16:15:00+00:00,2022-08-01 16:20:00+00:00,1773.55,1765.2448571428572,8.305142857142755,0.0,True,203206,203207,0,1773.6,0.5153374233128706,0.13846841887988054,1.1185840099078117,1.4352552635200484,-1.0,stop,2022,2022-08,2022-08-01,0.036122196229531195,-1.0361221962295313,0.03-0.05R,2022-08-01 16:15:00+00:00,2.471428571428565,1771.2520298244688,1773.6,0.7116564417177538,inside,inside,2.490000000000009,12,Monday,ny_main,0.9298145218912357,1.0075144508670584,True,False,False,True,False,False,True,True,True,True,False,False,False,True,True,True,False,True,True,True,True,2022-08-01 16:15:00+00:00,1770.42,1770.903593925812,2.91928571428569,-0.16565488038576695,False,False,4,4,2,True,False,False,False,True,2022-08-01 16:20:00+00:00|demand|1773.55
10247,15min,m15_2c_1atr,supply,1788.0,1784.93,2022-08-02 16:30:00+00:00,2022-08-02 15:30:00+00:00,2022-08-02 15:45:00+00:00,2022-08-02 16:15:00+00:00,3,2.2281563768425494,0.9181798760948247,0.06840390879480154,2022-08-02 17:10:00+00:00,2022-08-02 17:35:00+00:00,1782.12,1788.6337142857142,6.513714285714286,0.6666666666666666,True,203497,203498,4,1782.15,0.841849148418419,4.274059127993671,0.012281779103453861,3.775111851916822,1.0,tp1,2022,2022-08,2022-08-02,0.046056671637862964,0.953943328362137,0.03-0.05R,2022-08-02 17:30:00+00:00,3.2471428571428924,1783.1985506718113,1782.15,0.031630170316327276,above,above,3.0,13,Tuesday,ny_main,-0.3321537484680912,0.9238891333039935,False,True,False,True,False,False,False,False,False,True,True,True,True,False,True,True,True,False,True,True,True,2022-08-02 17:30:00+00:00,1780.36,1781.8739426483214,4.532142857142925,-0.33404565920411233,True,False,2,2,2,True,True,False,True,False,2022-08-02 17:35:00+00:00|supply|1782.12
10294,15min,m15_2c_1atr,demand,1770.51,1764.94,2022-08-05 16:45:00+00:00,2022-08-05 16:00:00+00:00,2022-08-05 16:15:00+00:00,2022-08-05 16:30:00+00:00,2,1.4034037778193587,1.4583878810547672,0.4416517055655412,2022-08-05 16:45:00+00:00,2022-08-05 16:55:00+00:00,1773.66,1764.3145714285715,9.345428571428556,0.0,True,204317,204318,1,1773.62,0.8733509234828436,1.7174172246170758,0.32529273288699395,1.4777278424898312,1.0,tp1,2022,2022-08,2022-08-05,0.0321012565348987,0.9678987434651013,0.03-0.05R,2022-08-05 16:50:00+00:00,3.163571428571442,1771.3462069233033,1773.62,0.9656992084432426,below,below,1.740000000000009,12,Friday,ny_main,0.7313863868538094,0.550011289230075,True,False,False,True,False,False,True,True,True,True,True,True,False,False,False,False,False,False,True,True,True,2022-08-05 16:45:00+00:00,1774.93,1775.1317215307465,4.143571428571461,-0.04868301035080733,False,False,0,0,0,False,False,False,True,False,2022-08-05 16:55:00+00:00|demand|1773.66
10331,15min,m15_2c_1atr,demand,1796.77,1791.58,2022-08-10 17:45:00+00:00,2022-08-10 16:30:00+00:00,2022-08-10 16:45:00+00:00,2022-08-10 17:30:00+00:00,4,1.2637459570714749,1.0682152308144814,0.3121387283237189,2022-08-10 19:20:00+00:00,2022-08-10 19:30:00+00:00,1798.63,1791.3718571428572,7.258142857142957,1.5833333333333333,True,205176,205177,1,1798.56,1.0,0.20115338437613955,1.0057669218808545,-1.1325211092959513,-1.0,stop,2022,2022-08,2022-08-10,0.04133288720058203,-1.041332887200582,0.03-0.05R,2022-08-10 19:25:00+00:00,1.099999999999974,1798.0375542079084,1798.56,1.0,above,above,1.740000000000009,15,Wednesday,ny_main,0.5385870837197095,1.5818181818182273,True,False,False,True,False,False,True,True,True,True,True,True,False,False,False,False,True,False,True,True,True,2022-08-10 19:15:00+00:00,1798.56,1798.3522606453196,3.1135714285714067,0.06672060026440027,True,True,6,4,2,True,True,True,False,False,2022-08-10 19:30:00+00:00|demand|1798.63
10345,15min,m15_2c_1atr,supply,1799.24,1796.1,2022-08-11 17:45:00+00:00,2022-08-11 16:45:00+00:00,2022-08-11 17:00:00+00:00,2022-08-11 17:30:00+00:00,3,1.4268320180383214,0.9912063134160376,0.27388535031843075,2022-08-12 16:30:00+00:00,2022-08-12 17:05:00+00:00,1792.43,1799.6817142857144,7.251714285714343,22.75,True,205699,205700,6,1792.42,0.879446640316179,0.27441787163626247,1.2204010874275812,2.002285173948999,-1.0,stop,2022,2022-08,2022-08-12,0.04136952838737606,-1.041369528387376,0.03-0.05R,2022-08-12 17:00:00+00:00,2.071428571428604,1795.2227569014603,1792.42,0.12055335968382093,above,above,2.5799999999999272,13,Friday,ny_main,-1.3482274696704586,1.2455172413792557,False,True,False,True,False,False,False,False,False,True,True,True,True,False,False,False,True,False,True,True,True,2022-08-12 17:00:00+00:00,1794.37,1793.7023224784193,3.300714285714321,0.20228273754875367,False,False,3,3,2,True,False,False,True,False,2022-08-12 17:05:00+00:00|supply|1792.43
10495,15min,m15_2c_1atr,supply,1755.97,1741.38,2022-08-26 17:45:00+00:00,2022-08-26 17:00:00+00:00,2022-08-26 17:15:00+00:00,2022-08-26 17:30:00+00:00,2,1.7545931758530469,3.3507217847768946,0.13228238519534438,2022-08-26 17:45:00+00:00,2022-08-26 17:55:00+00:00,1740.76,1756.7941428571428,16.034142857142797,0.0,True,208469,208470,1,1740.79,1.0,1.2747797111521033,0.29374816240344603,0.01683906663459118,1.0,tp1,2022,2022-08,2022-08-26,0.018710074038435907,0.9812899259615641,<=0.03R,2022-08-26 17:50:00+00:00,4.087142857142843,1745.742221315393,1740.79,0.0,below,below,2.9400000000000546,13,Friday,ny_main,-1.2189985741961153,0.719328905976947,False,True,True,True,True,True,True,True,True,True,True,True,False,True,True,False,True,False,True,True,True,2022-08-26 17:45:00+00:00,1741.67,1746.8804766418598,4.720714285714264,-1.103747510758607,True,False,14,4,2,True,True,True,False,False,2022-08-26 17:55:00+00:00|supply|1740.76
10551,15min,m15_2c_1atr,demand,1695.88,1690.07,2022-09-01 18:15:00+00:00,2022-09-01 17:30:00+00:00,2022-09-01 17:45:00+00:00,2022-09-01 18:00:00+00:00,2,1.5668944570994958,1.2352315869400536,0.9655765920825703,2022-09-01 18:20:00+00:00,2022-09-01 18:50:00+00:00,1696.44,1689.6618571428571,6.778142857142939,0.08333333333333333,True,209584,209585,5,1696.46,0.9595375722543725,3.176386283642759,0.3083440470419804,2.5582228591902116,1.0,tp1,2022,2022-09,2022-09-01,0.044259911058654386,0.9557400889413457,0.03-0.05R,2022-09-01 18:45:00+00:00,2.050000000000036,1694.9870405499744,1696.46,0.994219653179196,below,below,3.9099999999998545,14,Thursday,ny_main,0.7087607073295844,1.9073170731706275,True,False,False,True,False,False,False,False,False,True,True,True,False,False,True,False,False,True,True,True,True,2022-09-01 18:45:00+00:00,1695.56,1695.2753536031753,4.788571428571426,0.05944286329870491,True,False,0,0,0,False,False,False,True,False,2022-09-01 18:50:00+00:00|demand|1696.44
10564,15min,m15_2c_1atr,demand,1711.81,1704.63,2022-09-02 16:15:00+00:00,2022-09-02 15:30:00+00:00,2022-09-02 15:45:00+00:00,2022-09-02 16:00:00+00:00,2,2.1105311636475674,3.086275713847034,0.050139275766003924,2022-09-02 16:15:00+00:00,2022-09-02 17:00:00+00:00,1712.2,1704.150142857143,8.049857142857036,0.0,True,209838,209839,8,1712.2,0.6811023622047413,0.7167829065289607,0.5602583896786164,-0.09813838754902161,-0.09813838754902161,time,2022,2022-09,2022-09-02,0.03726774210722511,-0.1354061296562467,0.03-0.05R,2022-09-02 16:55:00+00:00,2.472142857142834,1710.6362754597023,1712.2,0.6850393700787536,above,above,2.269999999999982,13,Friday,ny_main,0.6325380977800632,0.9182317249349912,True,False,False,True,False,False,False,False,False,True,True,False,False,True,True,True,True,False,True,True,True,2022-09-02 16:45:00+00:00,1712.2,1708.8586376608869,2.875714285714285,1.1619243106702548,True,True,5,4,2,True,True,True,False,False,2022-09-02 17:00:00+00:00|demand|1712.2
10767,15min,m15_2c_1atr,supply,1672.03,1669.73,2022-09-22 13:00:00+00:00,2022-09-22 12:15:00+00:00,2022-09-22 12:30:00+00:00,2022-09-22 12:45:00+00:00,2,1.2234563868017247,0.5259719046063251,0.11304347826086784,2022-09-22 14:00:00+00:00,2022-09-22 14:10:00+00:00,1665.74,1672.4262857142858,6.686285714285759,1.0,True,213623,213624,1,1665.71,0.6837416481068886,0.1495598666780607,1.0080335014101305,2.4423126228527203,-1.0,stop,2022,2022-09,2022-09-22,0.04486796000341821,-1.0448679600034183,0.03-0.05R,2022-09-22 14:05:00+00:00,1.9914285714285305,1667.5403858897694,1665.71,0.09576837416482467,inside,inside,2.839999999999918,10,Thursday,london_ny_overlap,-0.9040675199702849,1.4261119081778935,False,True,False,True,False,False,True,True,True,True,True,False,True,False,False,False,True,False,True,True,True,2022-09-22 14:00:00+00:00,1665.4,1667.2955629963978,4.59571428571428,-0.4124631947399539,True,False,4,3,2,True,True,False,False,True,2022-09-22 14:10:00+00:00|supply|1665.74
10769,15min,m15_2c_1atr,supply,1684.2,1672.5,2022-09-22 16:30:00+00:00,2022-09-22 15:30:00+00:00,2022-09-22 15:45:00+00:00,2022-09-22 16:15:00+00:00,3,1.4753527260059207,2.853161470127185,0.7863247863247678,2022-09-22 16:30:00+00:00,2022-09-22 16:45:00+00:00,1671.95,1684.8101428571429,12.860142857142819,0.0,True,213654,213655,2,1672.15,0.8409542743538849,2.3872207596005484,0.46811299585652233,2.2223703358105515,1.0,tp1,2022,2022-09,2022-09-22,0.02332789015896298,0.976672109841037,<=0.03R,2022-09-22 16:40:00+00:00,3.316428571428576,1676.8477993023232,1672.15,0.03379721669981584,above,above,2.839999999999918,12,Thursday,ny_main,-1.4768294256412708,0.8563428817574584,False,True,True,True,True,False,False,True,True,True,True,True,False,True,False,False,False,True,True,True,True,2022-09-22 16:30:00+00:00,1672.15,1675.9753936212137,4.505714285714264,-0.8490093642515972,True,True,9,4,2,True,False,False,True,False,2022-09-22 16:45:00+00:00|supply|1671.95
10798,15min,m15_2c_1atr,supply,1645.23,1642.35,2022-09-26 18:45:00+00:00,2022-09-26 18:00:00+00:00,2022-09-26 18:15:00+00:00,2022-09-26 18:30:00+00:00,2,2.3052099533437267,0.7838258164852614,0.05555555555558187,2022-09-27 14:40:00+00:00,2022-09-27 14:55:00+00:00,1637.73,1645.5452857142857,7.815285714285665,19.916666666666668,True,214460,214461,2,1637.73,0.9771241830065563,2.936552909134139,0.34931544409308224,0.3314018315754756,1.0,tp1,2022,2022-09,2022-09-27,0.038386312537701084,0.9616136874622989,0.03-0.05R,2022-09-27 14:50:00+00:00,1.5335714285714144,1639.3241969530477,1637.73,0.022875816993443654,above,above,3.199999999999818,10,Tuesday,london_ny_overlap,-1.0395322469803354,2.0866325104796397,False,True,False,True,False,False,False,True,True,True,True,True,True,False,True,True,True,False,True,True,True,2022-09-27 14:45:00+00:00,1636.59,1637.4601363303725,2.461428571428558,-0.3535086658507343,True,False,4,4,2,True,True,False,True,False,2022-09-27 14:55:00+00:00|supply|1637.73
10830,15min,m15_2c_1atr,demand,1629.18,1622.39,2022-09-28 15:15:00+00:00,2022-09-28 14:30:00+00:00,2022-09-28 14:45:00+00:00,2022-09-28 15:00:00+00:00,2,1.2437863564252185,1.6756566190727913,0.3210603829160641,2022-09-28 15:15:00+00:00,2022-09-28 15:20:00+00:00,1631.98,1621.8957142857143,10.08428571428567,0.0,True,214741,214742,0,1632.08,0.9252336448598766,3.0542569769089196,0.002974925626856636,2.2797846720498764,1.0,tp1,2022,2022-09,2022-09-28,0.029749256268593413,0.9702507437314066,<=0.03R,2022-09-28 15:15:00+00:00,2.190000000000022,1628.038207143187,1632.08,0.9937694704049898,above,above,15.689999999999827,11,Wednesday,london_ny_overlap,1.799905414069836,7.164383561643684,True,False,True,True,True,False,True,True,True,True,True,True,False,False,False,False,True,False,True,True,True,2022-09-28 15:15:00+00:00,1635.57,1628.116897018951,4.4978571428571446,1.6570341707906109,True,False,5,1,1,True,True,True,False,False,2022-09-28 15:20:00+00:00|demand|1631.98
10837,15min,m15_2c_1atr,supply,1658.52,1655.84,2022-09-29 05:00:00+00:00,2022-09-29 04:15:00+00:00,2022-09-29 04:30:00+00:00,2022-09-29 04:45:00+00:00,2,1.4100318471337872,1.49363057324849,0.869402985074579,2022-09-29 15:25:00+00:00,2022-09-29 15:35:00+00:00,1649.05,1658.984,9.933999999999969,10.416666666666666,True,215020,215021,1,1649.23,0.9516837481698491,0.4529897322327375,1.059995973424603,-1.8300785182202657,-1.0,stop,2022,2022-09,2022-09-29,0.030199315482182496,-1.0301993154821825,0.03-0.05R,2022-09-29 15:30:00+00:00,2.1614285714285546,1651.6321070080112,1649.23,0.027818448023434347,inside,above,3.380000000000109,11,Thursday,london_ny_overlap,-1.1946298120342884,1.5637805684072008,False,True,False,True,False,False,True,True,True,True,True,True,False,False,False,False,False,True,True,True,True,2022-09-29 15:30:00+00:00,1650.18,1650.921228540122,3.4400000000000057,-0.21547341282614435,True,False,7,4,2,True,False,False,False,True,2022-09-29 15:35:00+00:00|supply|1649.05
10843,15min,m15_2c_1atr,demand,1644.82,1643.81,2022-09-29 12:30:00+00:00,2022-09-29 11:45:00+00:00,2022-09-29 12:00:00+00:00,2022-09-29 12:15:00+00:00,2,1.495002630194624,0.3719095213045756,0.049504950495004925,2022-09-29 17:20:00+00:00,2022-09-29 17:45:00+00:00,1650.45,1643.184857142857,7.265142857143019,4.833333333333333,True,215046,215047,4,1650.43,0.8548895899053547,3.424571338681676,0.17205442818939368,3.0143935818781586,1.0,tp1,2022,2022-09,2022-09-29,0.04129306276545448,0.9587069372345455,0.03-0.05R,2022-09-29 17:40:00+00:00,3.232857142857207,1649.7203491830298,1650.43,0.886435331230318,above,above,3.380000000000109,13,Thursday,ny_main,0.2256984409541027,1.0455148033583868,True,False,False,True,False,False,False,False,False,True,True,True,True,False,False,False,True,False,True,True,True,2022-09-29 17:30:00+00:00,1650.43,1651.3238561842916,4.6678571428571525,-0.19149176098058276,False,True,3,2,1,True,False,True,False,False,2022-09-29 17:45:00+00:00|demand|1650.45
10860,15min,m15_2c_1atr,supply,1672.13,1668.57,2022-09-30 13:30:00+00:00,2022-09-30 12:15:00+00:00,2022-09-30 12:30:00+00:00,2022-09-30 13:15:00+00:00,4,1.5123263110712137,1.116987897803704,0.3314606741573052,2022-09-30 15:30:00+00:00,2022-09-30 15:55:00+00:00,1665.17,1672.5945714285715,7.424571428571426,2.0,True,215300,215301,4,1665.15,0.7666666666666523,0.42696067113061875,1.0115061956438074,-0.49699838374507044,-1.0,stop,2022,2022-09,2022-09-30,0.04040637266220274,-1.0404063726622028,0.03-0.05R,2022-09-30 15:50:00+00:00,2.3314285714285137,1666.1885819748059,1665.15,0.1857142857143414,below,below,4.330000000000155,11,Friday,london_ny_overlap,-0.4368917784093544,1.857230392156975,False,True,False,True,False,False,False,False,False,True,True,True,False,False,True,False,True,False,True,True,True,2022-09-30 15:45:00+00:00,1664.56,1665.6340015887822,3.2257142857142753,-0.33295000537980024,True,False,5,4,2,True,True,True,False,False,2022-09-30 15:55:00+00:00|supply|1665.17
10861,15min,m15_2c_1atr,demand,1664.23,1662.22,2022-09-30 15:45:00+00:00,2022-09-30 15:00:00+00:00,2022-09-30 15:15:00+00:00,2022-09-30 15:30:00+00:00,2,1.6793686583990728,0.6344983089064213,0.16915422885568143,2022-09-30 15:55:00+00:00,2022-09-30 16:35:00+00:00,1669.47,1661.6462857142858,7.823714285714232,0.16666666666666666,True,215308,215309,7,1669.39,0.8764607679465763,0.7490048570280755,1.0774933352810294,2.7097104042654445,-1.0,stop,2022,2022-09,2022-09-30,0.03834495855092602,-1.0383449585509261,0.03-0.05R,2022-09-30 16:30:00+00:00,2.741428571428579,1665.4614946912434,1669.39,0.9716193656093748,inside,inside,4.330000000000155,12,Friday,ny_main,1.462195787456821,1.5794684731631579,True,False,False,True,False,False,False,False,False,True,True,True,True,False,True,False,True,False,True,True,True,2022-09-30 16:30:00+00:00,1668.94,1665.815120089098,3.3792857142857105,0.9247161013026756,True,False,6,4,2,True,True,False,False,True,2022-09-30 16:35:00+00:00|demand|1669.47
10895,15min,m15_2c_1atr,supply,1725.75,1722.47,2022-10-05 10:15:00+00:00,2022-10-05 09:30:00+00:00,2022-10-05 09:45:00+00:00,2022-10-05 10:00:00+00:00,2,1.2173913043478424,1.349001175088122,0.7530487804878194,2022-10-05 10:15:00+00:00,2022-10-05 10:20:00+00:00,1719.79,1726.1635714285715,6.373571428571495,0.0,True,216061,216062,0,1719.79,0.8921568627451198,3.0296985318838554,0.8990249915947486,0.345175389443016,1.0,tp1,2022,2022-10,2022-10-05,0.04706937128768302,0.9529306287123169,0.03-0.05R,2022-10-05 10:15:00+00:00,1.9378571428571345,1722.7910882163599,1719.79,0.026143790849649892,missing,missing,,6,Wednesday,asia_late,-1.5486632889435616,,False,True,False,True,False,False,True,True,True,True,True,True,False,False,False,False,False,True,False,True,True,2022-10-05 10:15:00+00:00,1718.91,1721.4578904226223,2.7157142857142844,-0.9382026806078709,True,False,5,4,2,True,False,False,False,False,2022-10-05 10:20:00+00:00|supply|1719.79
10947,15min,m15_2c_1atr,demand,1664.19,1662.68,2022-10-11 14:15:00+00:00,2022-10-11 13:30:00+00:00,2022-10-11 13:45:00+00:00,2022-10-11 14:00:00+00:00,2,2.071927554980576,0.5469598965071041,0.17218543046357118,2022-10-11 17:05:00+00:00,2022-10-11 17:35:00+00:00,1668.6,1662.1967142857143,6.40328571428563,2.8333333333333335,True,217252,217253,5,1668.59,0.584192439862464,2.3893982999799808,1.01354215469738,0.03591905941146618,1.0,tp1,2022,2022-10,2022-10-11,0.04685094705843044,0.9531490529415696,0.03-0.05R,2022-10-11 17:30:00+00:00,2.3135714285714033,1667.4836937488944,1668.59,0.8144329896906612,above,above,3.8899999999998727,13,Tuesday,ny_main,0.48250347377205177,1.6813831429453168,True,False,False,True,False,False,False,False,False,True,False,False,True,False,True,True,True,False,True,True,True,2022-10-11 17:30:00+00:00,1669.34,1668.5505720897631,3.15428571428572,0.25027152951347204,True,False,8,4,2,True,True,True,False,False,2022-10-11 17:35:00+00:00|demand|1668.6
10975,15min,m15_2c_1atr,supply,1655.22,1644.77,2022-10-13 16:30:00+00:00,2022-10-13 15:45:00+00:00,2022-10-13 16:00:00+00:00,2022-10-13 16:15:00+00:00,2,1.2581224941241544,2.0226738559380726,0.14066985645933214,2022-10-13 16:30:00+00:00,2022-10-13 16:45:00+00:00,1643.9,1656.2404285714285,12.340428571428447,0.0,True,217794,217795,2,1643.86,0.4166666666667395,0.12317238345507774,1.1053100725837268,-0.18070685204265058,-1.0,stop,2022,2022-10,2022-10-13,0.024310338839818264,-1.0243103388398183,<=0.03R,2022-10-13 16:40:00+00:00,5.148571428571407,1647.8502860536728,1643.86,0.13141025641021437,below,below,1.2100000000000364,12,Thursday,ny_main,-0.7672586674725029,0.23501664816870949,False,True,True,True,True,False,False,True,True,False,False,False,False,True,False,False,True,False,True,True,True,2022-10-13 16:30:00+00:00,1643.86,1656.4264767024501,5.482857142857126,-2.2919577101915576,True,True,1,1,1,True,False,True,False,False,2022-10-13 16:45:00+00:00|supply|1643.9
11002,15min,m15_2c_1atr,supply,1668.44,1664.2,2022-10-17 17:30:00+00:00,2022-10-17 16:30:00+00:00,2022-10-17 16:45:00+00:00,2022-10-17 17:15:00+00:00,3,1.2692874692874938,1.4584766584766682,0.4245283018867808,2022-10-17 17:40:00+00:00,2022-10-17 17:50:00+00:00,1662.57,1668.7865714285715,6.216571428571569,0.16666666666666666,True,218359,218360,1,1662.53,0.8144329896906612,2.692802647302082,0.2091184851548735,1.9737567791156798,1.0,tp1,2022,2022-10,2022-10-17,0.04825811195881865,0.9517418880411813,0.03-0.05R,2022-10-17 17:45:00+00:00,1.8100000000000267,1663.1781852555175,1662.53,0.10309278350517519,above,above,5.0300000000002,13,Monday,ny_main,-0.33601395332462647,2.779005524861948,False,True,False,True,False,False,True,True,True,True,True,True,False,False,False,False,False,False,True,True,True,2022-10-17 17:45:00+00:00,1661.83,1663.2640306234046,3.142857142857127,-0.45628247108329173,True,False,0,0,0,False,False,False,True,False,2022-10-17 17:50:00+00:00|supply|1662.57
11027,15min,m15_2c_1atr,supply,1647.0,1641.93,2022-10-19 11:30:00+00:00,2022-10-19 10:45:00+00:00,2022-10-19 11:00:00+00:00,2022-10-19 11:15:00+00:00,2,1.7931555108203028,1.786109713135357,0.3471400394477343,2022-10-19 11:50:00+00:00,2022-10-19 12:00:00+00:00,1640.84,1647.2572857142857,6.417285714285754,0.3333333333333333,True,218841,218842,1,1640.85,0.6875000000000999,2.8641392667126375,0.21036931501972123,0.9240666948642862,1.0,tp1,2022,2022-10,2022-10-19,0.046748736671044434,0.9532512633289556,0.03-0.05R,2022-10-19 11:55:00+00:00,1.4550000000000085,1641.14731756798,1640.85,0.21874999999998335,missing,missing,,8,Wednesday,london_ny_overlap,-0.21121482335404357,,False,True,False,True,False,False,True,True,True,True,True,False,False,False,True,False,True,False,True,True,True,2022-10-19 11:45:00+00:00,1640.85,1641.678525888982,2.9378571428571507,-0.2820170786712658,True,True,4,4,2,True,True,False,False,False,2022-10-19 12:00:00+00:00|supply|1640.84
11058,15min,m15_2c_1atr,demand,1635.77,1629.31,2022-10-21 16:45:00+00:00,2022-10-21 16:00:00+00:00,2022-10-21 16:15:00+00:00,2022-10-21 16:30:00+00:00,2,1.8381253116170442,1.5030746219046047,0.21671826625384763,2022-10-21 17:35:00+00:00,2022-10-21 17:45:00+00:00,1639.97,1628.6495714285713,11.320428571428693,0.8333333333333334,True,219462,219463,1,1639.99,0.5802047781569994,2.69424428656156,0.2959251921305441,0.8939590878689408,1.0,tp1,2022,2022-10,2022-10-21,0.026500763474376,0.973499236525624,<=0.03R,2022-10-21 17:40:00+00:00,3.3964285714285682,1638.9979493450003,1639.99,0.8566552901023674,above,above,2.839999999999918,13,Friday,ny_main,0.2861978794951942,0.8361724500525529,True,False,True,True,True,False,True,True,True,True,False,False,False,False,True,False,True,False,True,True,True,2022-10-21 17:30:00+00:00,1639.99,1636.428395255335,5.130000000000011,0.6942699307339008,True,True,2,2,2,True,True,True,False,False,2022-10-21 17:45:00+00:00|demand|1639.97
11156,15min,m15_2c_1atr,demand,1645.57,1642.55,2022-11-01 10:15:00+00:00,2022-11-01 09:30:00+00:00,2022-11-01 09:45:00+00:00,2022-11-01 10:00:00+00:00,2,2.1827527127356237,1.2073101085094322,0.4834437086092865,2022-11-01 16:00:00+00:00,2022-11-01 16:35:00+00:00,1648.13,1642.0475714285715,6.082428571428636,5.75,True,221392,221393,6,1648.0,0.7767295597484207,1.7673861474504826,0.8812269535195174,-0.34525682880430275,1.0,tp1,2022,2022-11,2022-11-01,0.04932240411489719,0.9506775958851028,0.03-0.05R,2022-11-01 16:30:00+00:00,2.4607142857143054,1646.6702450523671,1648.0,0.9905660377358578,below,below,4.059999999999945,12,Tuesday,ny_main,0.5932240716070091,1.6499274310594712,True,False,False,True,False,False,False,False,False,True,True,True,False,False,True,True,False,False,True,True,True,2022-11-01 16:30:00+00:00,1645.71,1648.7506633861817,3.1500000000000097,-0.9652899638671961,False,False,3,3,2,True,False,False,True,False,2022-11-01 16:35:00+00:00|demand|1648.13
11253,15min,m15_2c_1atr,demand,1737.11,1728.7,2022-11-10 16:30:00+00:00,2022-11-10 15:45:00+00:00,2022-11-10 16:00:00+00:00,2022-11-10 16:15:00+00:00,2,1.5294302307329717,1.8480615288023594,0.15814506539835643,2022-11-10 16:35:00+00:00,2022-11-10 16:40:00+00:00,1738.14,1727.9262857142858,10.213714285714332,0.08333333333333333,True,223313,223314,0,1738.1,0.3362445414847632,2.7874286673380007,0.06559807541681337,2.323346760657908,1.0,tp1,2022,2022-11,2022-11-10,0.02937227257468936,0.9706277274253107,<=0.03R,2022-11-10 16:35:00+00:00,5.166428571428534,1737.5990582965098,1738.1,0.3034934497816364,above,above,1.2699999999999818,11,Thursday,london_ny_overlap,0.10470321925706788,0.24581777962117898,True,False,True,True,True,False,True,True,True,False,False,False,False,False,True,False,True,False,True,True,True,2022-11-10 16:30:00+00:00,1740.84,1730.1273976954467,4.706428571428546,2.276163792134558,True,False,0,0,0,False,False,True,False,False,2022-11-10 16:40:00+00:00|demand|1738.14
11288,15min,m15_2c_1atr,supply,1786.54,1775.45,2022-11-15 16:45:00+00:00,2022-11-15 15:30:00+00:00,2022-11-15 15:45:00+00:00,2022-11-15 16:30:00+00:00,4,1.7241647241647013,3.0159285159284925,0.21100090171324937,2022-11-15 20:30:00+00:00,2022-11-15 21:15:00+00:00,1774.73,1787.3638571428571,12.633857142857096,3.75,True,224196,224197,8,1774.87,0.523452157598542,0.3482705202573668,0.8168526747854384,0.10052353652882737,0.10052353652882737,time,2022,2022-11,2022-11-15,0.02374571729027452,0.07677781923855284,<=0.03R,2022-11-15 21:10:00+00:00,4.005000000000011,1776.4864939573156,1774.87,0.251407129455898,inside,inside,3.4099999999998545,16,Tuesday,ny_main,-0.43857527024108983,0.8514357053682509,False,True,True,True,True,False,False,False,False,True,False,False,False,True,True,False,True,False,True,True,True,2022-11-15 21:00:00+00:00,1774.87,1774.4040767213166,4.385714285714276,0.10623657820139251,False,True,7,4,2,True,False,False,False,True,2022-11-15 21:15:00+00:00|supply|1774.73
11300,15min,m15_2c_1atr,demand,1775.17,1772.28,2022-11-16 10:00:00+00:00,2022-11-16 09:00:00+00:00,2022-11-16 09:15:00+00:00,2022-11-16 09:45:00+00:00,3,1.8608424336973333,1.2624024960998805,0.3702422145328371,2022-11-16 15:30:00+00:00,2022-11-16 15:45:00+00:00,1780.07,1771.8222857142857,8.24771428571421,5.5,True,224406,224407,2,1780.07,0.5310734463275915,0.17216891259917208,1.1057609034537677,-2.3679287768039816,-1.0,stop,2022,2022-11,2022-11-16,0.03637371392940068,-1.0363737139294007,0.03-0.05R,2022-11-16 15:40:00+00:00,2.173571428571466,1779.497468703446,1780.07,0.7005649717514247,below,below,2.259999999999991,10,Wednesday,london_ny_overlap,0.26340578875305043,1.0397633913900537,True,False,False,True,False,False,False,True,True,True,False,False,False,False,True,False,False,False,True,True,True,2022-11-16 15:30:00+00:00,1780.07,1780.6816545548056,2.6250000000000164,-0.23301125897359168,False,True,6,4,2,True,False,False,True,False,2022-11-16 15:45:00+00:00|demand|1780.07
11317,15min,m15_2c_1atr,supply,1766.65,1764.58,2022-11-17 14:45:00+00:00,2022-11-17 14:00:00+00:00,2022-11-17 14:15:00+00:00,2022-11-17 14:30:00+00:00,2,1.239867907535279,0.8700090063044714,0.16908212560391728,2022-11-17 15:00:00+00:00,2022-11-17 15:05:00+00:00,1759.75,1767.0468571428573,7.296857142857334,0.25,True,224674,224675,0,1759.74,0.8017543859648947,0.7208582951564073,1.0374329456908682,-0.08085672892437681,-1.0,stop,2022,2022-11,2022-11-17,0.04111359097850239,-1.0411135909785023,0.03-0.05R,2022-11-17 15:00:00+00:00,1.788571428571426,1762.9644743794993,1759.74,0.12982456140350934,below,below,3.1200000000001182,10,Thursday,london_ny_overlap,-1.7972300843845836,1.7444089456869696,False,True,False,True,False,False,True,True,True,True,True,True,True,False,False,False,True,False,True,True,True,2022-11-17 15:00:00+00:00,1759.78,1763.2769921541155,2.8107142857143117,-1.2441649341198828,True,False,3,1,1,True,True,True,False,False,2022-11-17 15:05:00+00:00|supply|1759.75
11377,15min,m15_2c_1atr,demand,1744.58,1743.02,2022-11-23 20:45:00+00:00,2022-11-23 19:45:00+00:00,2022-11-23 20:00:00+00:00,2022-11-23 20:30:00+00:00,3,1.5487465181058697,0.8690807799442791,0.08974358974365701,2022-11-23 20:50:00+00:00,2022-11-23 21:05:00+00:00,1751.25,1742.6592857142857,8.590714285714284,0.08333333333333333,True,225850,225851,2,1751.25,0.6997219647821892,0.8613951941465144,0.40276045564147767,0.16296665835205185,0.16296665835205185,time,2022,2022-11,2022-11-23,0.034921426789723126,0.12804523156232872,0.03-0.05R,2022-11-23 21:00:00+00:00,1.6171428571428481,1746.2113235684863,1751.25,0.8016682113067598,above,above,2.290000000000191,16,Wednesday,ny_main,3.1157893127735377,1.416077738516027,True,False,False,True,False,False,False,True,True,True,True,False,True,False,True,False,True,False,True,True,True,2022-11-23 21:00:00+00:00,1749.54,1745.160102318356,2.3821428571428345,1.8386377074367894,True,False,1,1,1,True,True,True,False,False,2022-11-23 21:05:00+00:00|demand|1751.25
11617,15min,m15_2c_1atr,demand,1786.83,1785.24,2022-12-20 05:00:00+00:00,2022-12-20 04:15:00+00:00,2022-12-20 04:30:00+00:00,2022-12-20 04:45:00+00:00,2,1.4348046676813646,1.1293759512936994,0.8364779874213809,2022-12-20 05:00:00+00:00,2022-12-20 05:05:00+00:00,1792.24,1784.9287142857142,7.311285714285759,0.0,True,230817,230818,0,1792.3,0.8716094032549656,3.960999628753962,0.7180679575607138,3.121202055530561,1.0,tp1,2022,2022-12,2022-12-20,0.041032454717755074,0.9589675452822449,0.03-0.05R,2022-12-20 05:00:00+00:00,1.3557142857142708,1787.6728924832587,1792.3,0.9963833634719743,missing,missing,,0,Tuesday,post_close,3.368783205183305,,True,False,False,True,False,False,True,True,True,True,True,True,False,False,False,False,False,True,False,True,True,2022-12-20 05:00:00+00:00,1794.26,1788.1900781199872,2.037142857142856,2.9796250462895806,True,False,2,1,1,True,False,False,False,False,2022-12-20 05:05:00+00:00|demand|1792.24
11731,15min,m15_2c_1atr,supply,1822.98,1818.6,2022-12-30 17:15:00+00:00,2022-12-30 16:30:00+00:00,2022-12-30 16:45:00+00:00,2022-12-30 17:00:00+00:00,2,1.8318407960198952,1.5253731343283945,0.2237442922374415,2022-12-30 17:20:00+00:00,2022-12-30 17:40:00+00:00,1816.82,1823.4018571428571,6.581857142857189,0.08333333333333333,True,232900,232901,3,1816.79,0.7159090909090895,0.37983200573003445,1.0939161765025063,-2.196948321142525,-1.0,stop,2022,2022-12,2022-12-30,0.04557984068760414,-1.0455798406876042,0.03-0.05R,2022-12-30 17:35:00+00:00,2.323571428571459,1817.7181286934917,1816.79,0.0,below,below,2.339999999999918,12,Friday,ny_main,-0.3865294100487249,1.0070703965569758,False,True,False,True,False,False,False,False,True,True,True,True,False,False,True,False,True,False,True,True,True,2022-12-30 17:30:00+00:00,1816.18,1818.3002498076326,3.1107142857142986,-0.6815958049794428,True,False,8,4,2,True,True,True,False,False,2022-12-30 17:40:00+00:00|supply|1816.82
11757,15min,m15_2c_1atr,demand,1848.62,1846.0,2023-01-04 09:15:00+00:00,2023-01-04 08:30:00+00:00,2023-01-04 08:45:00+00:00,2023-01-04 09:00:00+00:00,2,2.709482758620743,1.5810344827585827,0.7099236641221288,2023-01-04 21:00:00+00:00,2023-01-04 21:20:00+00:00,1851.66,1845.5882857142858,6.071714285714279,11.75,True,233496,233497,3,1851.65,0.6648936170213184,1.2171191943908326,1.087007670227307,-3.0205637381770543,1.0,tp1,2023,2023-01,2023-01-04,0.04940943955578566,0.9505905604442143,0.03-0.05R,2023-01-04 21:15:00+00:00,2.0057142857142645,1850.8581975604548,1851.65,0.6755319148936498,below,below,5.7000000000000455,16,Wednesday,ny_main,0.3997590510553666,2.841880341880395,True,False,False,True,False,False,False,False,True,True,True,False,False,False,True,True,False,True,True,True,True,2023-01-04 21:15:00+00:00,1850.92,1852.0956092648214,3.1914285714286086,-0.36836458611232015,False,False,6,4,2,True,False,False,True,False,2023-01-04 21:20:00+00:00|demand|1851.66
11782,15min,m15_2c_1atr,supply,1836.33,1831.42,2023-01-05 17:30:00+00:00,2023-01-05 16:00:00+00:00,2023-01-05 16:15:00+00:00,2023-01-05 17:15:00+00:00,5,1.7512402551381776,1.2179305457122187,0.285132382892084,2023-01-05 18:15:00+00:00,2023-01-05 18:55:00+00:00,1830.17,1836.6527142857142,6.48271428571411,0.75,True,233743,233744,7,1830.15,0.28275862068954594,0.07095793208312969,1.0767094911743638,-4.9793957557461805,-1.0,stop,2023,2023-01,2023-01-05,0.0462769122281244,-1.0462769122281244,0.03-0.05R,2023-01-05 18:50:00+00:00,1.687857142857118,1830.3194266618902,1830.15,0.03448275862081402,below,below,3.509999999999991,13,Thursday,ny_main,-0.08853039638013022,2.0795598815065848,False,True,False,True,False,False,False,False,False,False,False,False,False,False,True,False,True,False,True,True,True,2023-01-05 18:45:00+00:00,1830.68,1831.3785949774094,4.2492857142857146,-0.1644029195449823,True,False,3,3,2,True,False,True,False,False,2023-01-05 18:55:00+00:00|supply|1830.17
11843,15min,m15_2c_1atr,demand,1878.37,1877.25,2023-01-12 04:00:00+00:00,2023-01-12 02:45:00+00:00,2023-01-12 03:00:00+00:00,2023-01-12 03:45:00+00:00,4,2.2344523940559107,0.8629609246008599,0.21428571428574328,2023-01-12 15:30:00+00:00,2023-01-12 15:35:00+00:00,1893.91,1876.604142857143,17.30585714285712,11.5,True,235083,235084,0,1893.69,0.3496647756575522,0.9141413724502827,0.811863861120524,0.7170982574025234,0.7170982574025234,time,2023,2023-01,2023-01-12,0.01733517141182591,0.6997630859906975,<=0.03R,2023-01-12 15:30:00+00:00,2.86000000000003,1889.1564010041188,1893.69,1.0,above,above,5.370000000000118,10,Thursday,london_ny_overlap,1.6620975510074119,1.8776223776223993,True,False,True,True,True,True,True,True,True,False,False,False,True,False,True,True,True,False,True,True,True,2023-01-12 15:30:00+00:00,1892.02,1887.9419965321956,3.5942857142857423,1.1345796611538288,True,False,3,3,2,True,False,True,False,False,2023-01-12 15:35:00+00:00|demand|1893.91
11930,15min,m15_2c_1atr,supply,1937.53,1931.66,2023-01-20 10:45:00+00:00,2023-01-20 10:00:00+00:00,2023-01-20 10:15:00+00:00,2023-01-20 10:30:00+00:00,2,1.9494163424124469,2.2840466926069602,0.48211243611587856,2023-01-20 11:20:00+00:00,2023-01-20 11:50:00+00:00,1930.64,1937.8367142857142,7.196714285714052,0.5833333333333334,True,236662,236663,5,1930.65,0.7218543046357118,1.625741906028604,0.6794767453401398,0.4335311749409758,1.0,tp1,2023,2023-01,2023-01-20,0.04168568989816917,0.9583143101018309,0.03-0.05R,2023-01-20 11:45:00+00:00,1.590000000000048,1930.9222485495459,1930.65,0.006622516556285408,missing,missing,,6,Friday,asia_late,-0.17751481103507893,,False,True,False,True,False,False,False,False,False,True,True,True,False,True,True,False,False,False,False,True,True,2023-01-20 11:45:00+00:00,1929.41,1930.4551490824713,2.9028571428571337,-0.3600415146308273,True,False,10,4,2,True,False,False,False,False,2023-01-20 11:50:00+00:00|supply|1930.64
11933,15min,m15_2c_1atr,demand,1925.43,1920.71,2023-01-20 17:30:00+00:00,2023-01-20 16:30:00+00:00,2023-01-20 16:45:00+00:00,2023-01-20 17:15:00+00:00,3,2.3679222357228684,1.6058323207776308,0.3495762711864579,2023-01-20 18:00:00+00:00,2023-01-20 18:05:00+00:00,1927.24,1920.354857142857,6.88514285714291,0.5,True,236737,236738,0,1927.24,0.40178571428575327,1.2040418291974293,1.0050626608017292,-1.1270644866793826,1.0,tp1,2023,2023-01,2023-01-20,0.04357208067059474,0.9564279193294053,0.03-0.05R,2023-01-20 18:00:00+00:00,1.8414285714285532,1926.7708365278695,1927.24,0.8080357142856867,inside,inside,2.1400000000001,13,Friday,ny_main,0.2547823355247135,1.1621411947246585,True,False,False,True,False,False,True,True,True,False,False,False,False,False,True,True,True,False,True,True,True,2023-01-20 18:00:00+00:00,1927.89,1926.7573951659595,3.277142857142881,0.3456074035869435,True,False,9,4,2,True,False,False,False,True,2023-01-20 18:05:00+00:00|demand|1927.24
11951,15min,m15_2c_1atr,supply,1922.63,1919.76,2023-01-23 16:30:00+00:00,2023-01-23 15:45:00+00:00,2023-01-23 16:00:00+00:00,2023-01-23 16:15:00+00:00,2,1.5466732869910795,0.997517378351581,0.017421602787439882,2023-01-23 16:50:00+00:00,2023-01-23 17:00:00+00:00,1916.67,1923.221142857143,6.55114285714285,0.3333333333333333,True,237000,237001,1,1916.67,0.9915966386554697,0.8074926948405903,1.1768938898338417,-2.4743774259671243,-1.0,stop,2023,2023-01,2023-01-23,0.045793536569409966,-1.04579353656941,0.03-0.05R,2023-01-23 16:55:00+00:00,2.8764285714285376,1917.8281081697721,1916.67,0.0,below,below,2.5,12,Monday,ny_main,-0.40262017325077926,0.8691333498882645,False,True,False,True,False,False,True,True,True,True,True,True,True,False,True,False,True,False,True,True,True,2023-01-23 16:45:00+00:00,1916.67,1919.3338335367043,3.441428571428576,-0.7740487653354003,True,True,3,2,1,True,True,True,False,False,2023-01-23 17:00:00+00:00|supply|1916.67
11953,15min,m15_2c_1atr,demand,1923.07,1919.24,2023-01-23 20:15:00+00:00,2023-01-23 19:00:00+00:00,2023-01-23 19:15:00+00:00,2023-01-23 20:00:00+00:00,4,1.5685953792680458,1.0962993252913287,0.321148825065285,2023-01-24 16:55:00+00:00,2023-01-24 17:15:00+00:00,1928.11,1918.633857142857,9.476142857142804,20.666666666666668,True,237279,237280,3,1928.18,0.8391203703703607,1.2188503459816642,0.868496826617202,0.44638415268418874,1.0,tp1,2023,2023-01,2023-01-24,0.03165845054497779,0.9683415494550223,0.03-0.05R,2023-01-24 17:10:00+00:00,2.947857142857174,1925.5639084306263,1928.18,0.9421296296296303,below,below,2.2100000000000364,12,Tuesday,ny_main,0.8637092796518158,0.7496971165495562,True,False,False,True,False,False,False,False,True,True,True,True,False,False,True,False,True,False,True,True,True,2023-01-24 17:00:00+00:00,1928.18,1929.5926978950986,3.480000000000018,-0.40594767100531903,False,True,3,2,2,True,False,False,True,False,2023-01-24 17:15:00+00:00|demand|1928.11
12012,15min,m15_2c_1atr,demand,1931.45,1927.82,2023-01-27 15:30:00+00:00,2023-01-27 14:30:00+00:00,2023-01-27 14:45:00+00:00,2023-01-27 15:15:00+00:00,3,1.0293406972730847,1.754228512254093,0.21487603305783726,2023-01-27 15:30:00+00:00,2023-01-27 15:35:00+00:00,1934.18,1927.4775714285713,6.702428571428754,0.0,True,238087,238088,0,1934.22,0.38307349665924806,0.05221987765627164,1.0637935076837692,-1.0563335251614496,-1.0,stop,2023,2023-01,2023-01-27,0.04475989513395875,-1.0447598951339587,0.03-0.05R,2023-01-27 15:30:00+00:00,1.6100000000000136,1932.2113037945267,1934.22,0.8195991091314156,above,above,2.240000000000009,10,Friday,london_ny_overlap,1.2227926742070745,1.391304347826081,True,False,False,True,False,False,True,True,True,False,False,False,False,False,False,False,True,False,True,True,True,2023-01-27 15:30:00+00:00,1932.83,1931.422434687196,2.161428571428587,0.6512199067830077,True,False,9,4,2,True,False,True,False,False,2023-01-27 15:35:00+00:00|demand|1934.18
12015,15min,m15_2c_1atr,demand,1926.58,1923.32,2023-01-27 18:30:00+00:00,2023-01-27 17:30:00+00:00,2023-01-27 17:45:00+00:00,2023-01-27 18:15:00+00:00,3,1.4227460974833,0.7269831156419225,0.5736196319018784,2023-01-27 19:25:00+00:00,2023-01-27 19:40:00+00:00,1929.04,1922.9811428571427,6.058857142857278,0.9166666666666666,True,238136,238137,2,1929.02,0.7593582887700444,0.9028105253230062,1.0777610110345843,-0.9127133830047851,-1.0,stop,2023,2023-01,2023-01-27,0.04951428840893976,-1.0495142884089397,0.03-0.05R,2023-01-27 19:35:00+00:00,1.7300000000000506,1928.3821657477145,1929.02,0.7914438502673393,below,below,2.240000000000009,14,Friday,ny_main,0.38025101288178714,1.294797687861239,True,False,False,True,False,False,False,True,True,True,True,True,True,False,False,False,False,False,True,True,True,2023-01-27 19:30:00+00:00,1929.12,1928.440883610993,4.244285714285719,0.16000722729881348,True,False,15,4,2,True,False,False,True,False,2023-01-27 19:40:00+00:00|demand|1929.04
12035,15min,m15_2c_1atr,supply,1915.79,1912.8,2023-01-31 10:30:00+00:00,2023-01-31 09:45:00+00:00,2023-01-31 10:00:00+00:00,2023-01-31 10:15:00+00:00,2,2.6212765957446895,1.1132978723404383,0.3913043478261101,2023-01-31 14:45:00+00:00,2023-01-31 15:20:00+00:00,1907.49,1916.2861428571427,8.79614285714274,4.25,True,238636,238637,6,1907.44,0.8633540372670553,0.11937050330501647,1.0766082536176744,-2.784174881847601,-1.0,stop,2023,2023-01,2023-01-31,0.03410585808714904,-1.034105858087149,0.03-0.05R,2023-01-31 15:15:00+00:00,2.3578571428571258,1907.479568586236,1907.44,0.1366459627329447,above,above,3.650000000000091,10,Tuesday,london_ny_overlap,0.004424107624875469,1.548015752802231,False,True,False,True,False,False,False,False,False,True,True,True,False,False,True,True,False,False,True,True,False,2023-01-31 15:15:00+00:00,1912.02,1907.1430488683543,2.9857142857142827,1.6334286086851586,False,False,4,4,2,True,False,False,True,False,2023-01-31 15:20:00+00:00|supply|1907.49
12088,15min,m15_2c_1atr,supply,1880.5,1877.34,2023-02-06 11:15:00+00:00,2023-02-06 10:30:00+00:00,2023-02-06 10:45:00+00:00,2023-02-06 11:00:00+00:00,2,2.460111317254184,1.1725417439703312,0.7594936708860851,2023-02-07 10:00:00+00:00,2023-02-07 10:10:00+00:00,1874.21,1880.8214285714287,6.6114285714286325,22.75,True,239954,239955,1,1874.21,0.8063583815028712,1.2765773552290371,1.5306828003456912,-1.6910112359550502,1.0,tp1,2023,2023-02,2023-02-07,0.04537597234226406,0.9546240276577359,0.03-0.05R,2023-02-07 10:05:00+00:00,1.6100000000000299,1875.2206620171596,1874.21,0.179190751445119,missing,missing,,5,Tuesday,asia_late,-0.6277403833289169,,False,True,False,True,False,False,True,True,True,True,True,True,False,False,True,True,False,True,False,True,True,2023-02-07 10:00:00+00:00,1873.4,1874.480808599623,2.0242857142857895,-0.5339209737022232,True,False,2,2,1,True,False,False,False,False,2023-02-07 10:10:00+00:00|supply|1874.21
12144,15min,m15_2c_1atr,supply,1874.76,1871.29,2023-02-09 19:45:00+00:00,2023-02-09 18:45:00+00:00,2023-02-09 19:00:00+00:00,2023-02-09 19:30:00+00:00,3,2.360357379219071,0.8037723362011968,0.47262247838619226,2023-02-10 10:10:00+00:00,2023-02-10 10:40:00+00:00,1867.7,1875.2105714285715,7.5105714285714384,14.416666666666666,True,240788,240789,5,1867.7,0.7368421052631946,1.6869555293491154,0.31156084756722724,1.6470118309430652,1.0,tp1,2023,2023-02,2023-02-10,0.039943698406056174,0.9600563015939438,0.03-0.05R,2023-02-10 10:35:00+00:00,2.2828571428571456,1868.5128541505962,1867.7,0.10964912280701886,missing,missing,,5,Friday,asia_late,-0.35606877685690597,,False,True,False,True,False,False,False,False,False,True,True,True,True,False,True,True,False,False,False,True,True,2023-02-10 10:30:00+00:00,1868.76,1865.9781985174704,3.2164285714285694,0.8648727682747869,False,False,3,3,2,True,False,False,False,False,2023-02-10 10:40:00+00:00|supply|1867.7
12156,15min,m15_2c_1atr,supply,1868.54,1866.33,2023-02-10 17:00:00+00:00,2023-02-10 16:15:00+00:00,2023-02-10 16:30:00+00:00,2023-02-10 16:45:00+00:00,2,1.826086956521771,0.7155411655874306,0.2624434389140928,2023-02-10 17:15:00+00:00,2023-02-10 17:25:00+00:00,1862.72,1869.1011428571428,6.381142857142777,0.25,True,240869,240870,1,1862.72,0.7014925373134248,1.6439061520551845,0.6111757857974252,1.5279394644936164,1.0,tp1,2023,2023-02,2023-02-10,0.047013521984418966,0.952986478015581,0.03-0.05R,2023-02-10 17:20:00+00:00,2.7278571428571468,1863.8840554826772,1862.72,0.2119402985074793,inside,inside,2.4600000000000364,12,Friday,ny_main,-0.426728901740795,0.9018067556952202,False,True,False,True,False,False,True,True,True,True,True,True,True,False,True,False,True,False,True,True,True,2023-02-10 17:15:00+00:00,1864.19,1864.5573056386922,3.6471428571428532,-0.10071051589680034,True,False,4,3,2,True,True,False,False,True,2023-02-10 17:25:00+00:00|supply|1862.72
12183,15min,m15_2c_1atr,demand,1857.2,1853.75,2023-02-14 14:30:00+00:00,2023-02-14 13:30:00+00:00,2023-02-14 13:45:00+00:00,2023-02-14 14:15:00+00:00,3,1.8137839628893921,1.6003976143141572,0.19710144927537818,2023-02-14 15:30:00+00:00,2023-02-14 15:35:00+00:00,1865.39,1853.0041428571428,12.385857142857276,1.0,True,241399,241400,0,1865.36,0.2621595330739245,0.14290492612541655,1.1109445104439268,-2.295359915110533,-1.0,stop,2023,2023-02,2023-02-14,0.024221173919562373,-1.0242211739195624,<=0.03R,2023-02-14 15:30:00+00:00,3.277142857142865,1860.7030349688082,1865.36,0.7485408560311242,above,above,3.5399999999999636,10,Tuesday,london_ny_overlap,1.4301985709827045,1.0802092414995503,True,False,True,True,True,False,True,True,True,False,False,False,False,False,True,False,True,False,True,True,True,2023-02-14 15:30:00+00:00,1861.62,1859.5459044440104,3.8214285714285716,0.5427539772682844,True,False,10,4,2,True,False,True,False,False,2023-02-14 15:35:00+00:00|demand|1865.39
12184,15min,m15_2c_1atr,supply,1866.55,1858.72,2023-02-14 16:30:00+00:00,2023-02-14 15:45:00+00:00,2023-02-14 16:00:00+00:00,2023-02-14 16:15:00+00:00,2,2.3571705676968824,1.4175611017716163,0.12132822477647853,2023-02-14 17:00:00+00:00,2023-02-14 17:40:00+00:00,1856.54,1867.3504285714284,10.810428571428474,0.5,True,241424,241425,7,1856.54,0.9027027027027309,2.4032349715222305,0.3274615781057969,1.9286931930807643,1.0,tp1,2023,2023-02,2023-02-14,0.0277509811954068,0.9722490188045932,<=0.03R,2023-02-14 17:35:00+00:00,4.303571428571478,1858.8623069578339,1856.54,0.09189189189186864,inside,inside,3.5399999999999636,12,Tuesday,ny_main,-0.5396231935215677,0.822572614107866,False,True,True,True,True,False,False,False,False,True,True,True,False,False,True,True,True,False,True,True,True,2023-02-14 17:30:00+00:00,1855.08,1857.2790286164825,7.675000000000003,-0.28651838651238615,True,False,7,4,2,True,True,False,False,True,2023-02-14 17:40:00+00:00|supply|1856.54
12240,15min,m15_2c_1atr,supply,1843.18,1841.64,2023-02-21 05:15:00+00:00,2023-02-21 04:15:00+00:00,2023-02-21 04:30:00+00:00,2023-02-21 05:00:00+00:00,3,2.3514507560277074,0.8810788720882414,0.6818181818181684,2023-02-21 16:25:00+00:00,2023-02-21 16:50:00+00:00,1836.0,1843.6085714285714,7.608571428571395,11.166666666666666,True,242762,242763,4,1835.99,0.967289719626163,0.5559519339091299,1.2748779571911495,-0.13143071723620037,-1.0,stop,2023,2023-02,2023-02-21,0.03942921517086011,-1.0394292151708602,0.03-0.05R,2023-02-21 16:45:00+00:00,2.001428571428554,1839.6913237436875,1835.99,0.02647975077882723,above,above,3.9600000000000364,11,Tuesday,london_ny_overlap,-1.8443444829273705,1.978586723768772,False,True,False,True,False,False,False,False,False,True,True,True,True,False,True,True,False,True,True,True,True,2023-02-21 16:45:00+00:00,1835.03,1837.3508830233359,2.690714285714307,-0.8625527562172146,True,False,9,4,2,True,False,False,True,False,2023-02-21 16:50:00+00:00|supply|1836.0
12273,15min,m15_2c_1atr,supply,1830.13,1829.12,2023-02-23 10:30:00+00:00,2023-02-23 09:45:00+00:00,2023-02-23 10:00:00+00:00,2023-02-23 10:15:00+00:00,2,1.0824215900801388,0.5156819839534117,0.04950495049499378,2023-02-23 16:15:00+00:00,2023-02-23 16:35:00+00:00,1824.52,1830.7985714285714,6.2785714285714675,5.75,True,243311,243312,3,1824.53,0.5957446808510677,2.4671217292377565,0.8202502844141163,2.127872582480062,1.0,tp1,2023,2023-02,2023-02-23,0.04778156996587001,0.95221843003413,0.03-0.05R,2023-02-23 16:30:00+00:00,3.247857142857161,1825.6248200206524,1824.53,0.06648936170212782,below,below,2.3600000000001273,11,Thursday,london_ny_overlap,-0.34016890893189083,0.7266329447988036,False,True,False,True,False,False,False,False,True,True,False,False,True,False,False,False,True,False,True,True,True,2023-02-23 16:30:00+00:00,1823.75,1825.1477003274433,3.5421428571428675,-0.39459174398480307,True,False,3,2,1,True,True,True,False,False,2023-02-23 16:35:00+00:00|supply|1824.52
12288,15min,m15_2c_1atr,supply,1817.67,1814.14,2023-02-24 16:30:00+00:00,2023-02-24 15:45:00+00:00,2023-02-24 16:00:00+00:00,2023-02-24 16:15:00+00:00,2,1.4112903225806501,1.1722011385199191,0.24645892351271886,2023-02-24 16:30:00+00:00,2023-02-24 16:45:00+00:00,1809.76,1818.2042857142858,8.444285714285797,0.0,True,243589,243590,2,1809.76,0.870454545454511,0.36592793097613285,1.0729149044154795,-0.7590932160378977,-1.0,stop,2023,2023-02,2023-02-24,0.03552698358991675,-1.0355269835899168,0.03-0.05R,2023-02-24 16:40:00+00:00,2.84714285714285,1812.3671936259695,1809.76,0.04545454545455485,below,below,3.910000000000082,11,Friday,london_ny_overlap,-0.9157227988854466,1.3733065730055516,False,True,False,True,False,False,False,True,True,True,True,True,False,False,False,False,True,False,True,True,True,2023-02-24 16:30:00+00:00,1809.76,1813.6322709975884,3.231428571428572,-1.198315516495093,True,True,2,2,1,True,True,True,False,False,2023-02-24 16:45:00+00:00|supply|1809.76
12326,15min,m15_2c_1atr,demand,1833.76,1831.36,2023-03-01 13:15:00+00:00,2023-03-01 12:30:00+00:00,2023-03-01 12:45:00+00:00,2023-03-01 13:00:00+00:00,2,1.4234449760764858,1.004784688995245,0.2624999999999408,2023-03-01 17:10:00+00:00,2023-03-01 17:20:00+00:00,1839.16,1830.8249999999998,8.335000000000264,3.9166666666666665,True,244424,244425,1,1839.33,0.7995867768594951,0.46790641871622557,1.064187162567467,-0.19076184763048532,-1.0,stop,2023,2023-03,2023-03-01,0.03599280143971092,-1.0359928014397108,0.03-0.05R,2023-03-01 17:15:00+00:00,2.576428571428567,1838.8567127769024,1839.33,1.0,above,above,3.8700000000001182,12,Wednesday,ny_main,0.11771613871269697,1.50207929026897,True,False,False,True,False,False,True,True,True,True,True,True,False,False,False,False,True,False,True,True,True,2023-03-01 17:15:00+00:00,1838.29,1838.2617000587175,3.80428571428573,0.0074389631610057546,True,False,7,4,2,True,True,True,False,False,2023-03-01 17:20:00+00:00|demand|1839.16
12442,15min,m15_2c_1atr,demand,1899.92,1894.51,2023-03-13 15:45:00+00:00,2023-03-13 14:30:00+00:00,2023-03-13 14:45:00+00:00,2023-03-13 15:30:00+00:00,4,2.226520105746481,1.0538472241547312,0.3475046210721036,2023-03-13 15:55:00+00:00,2023-03-13 16:10:00+00:00,1902.87,1893.661,9.208999999999833,0.16666666666666666,True,246630,246631,2,1902.87,0.6557788944723337,1.2759257248344242,0.8057335215549984,0.5179715495711039,1.0,tp1,2023,2023-03,2023-03-13,0.03257682701704913,0.9674231729829509,0.03-0.05R,2023-03-13 16:05:00+00:00,4.247857142857177,1901.8785192982969,1902.87,0.9924623115577387,above,above,6.980000000000018,12,Monday,ny_main,0.2334072612046821,1.6431814360181514,True,False,False,True,False,False,False,True,True,True,True,False,False,False,True,True,True,False,True,True,True,2023-03-13 16:00:00+00:00,1907.9,1900.245492688584,6.445000000000034,1.187665990910185,True,False,1,1,1,True,True,True,False,False,2023-03-13 16:10:00+00:00|demand|1902.87
12472,15min,m15_2c_1atr,supply,1929.87,1923.44,2023-03-15 15:45:00+00:00,2023-03-15 15:00:00+00:00,2023-03-15 15:15:00+00:00,2023-03-15 15:30:00+00:00,2,1.8239608801956204,1.0480847595761826,0.2861586314152356,2023-03-15 15:45:00+00:00,2023-03-15 16:10:00+00:00,1920.79,1930.761,9.971000000000004,0.0,True,247182,247183,4,1920.94,0.8429752066115616,0.3249423327650193,1.2295657406478775,-0.19055260254739648,-1.0,stop,2023,2023-03,2023-03-15,0.030087253033798,-1.030087253033798,0.03-0.05R,2023-03-15 16:05:00+00:00,4.534285714285683,1923.630299157116,1920.94,0.12231404958677929,above,above,7.4500000000000455,12,Wednesday,ny_main,-0.6264049810905068,1.6430371770636636,False,True,False,True,False,False,False,False,False,True,True,True,False,False,True,False,True,False,True,True,True,2023-03-15 16:00:00+00:00,1923.37,1922.5423607160214,6.657857142857097,0.1243101595933727,False,False,0,0,0,False,False,False,True,False,2023-03-15 16:10:00+00:00|supply|1920.79
12482,15min,m15_2c_1atr,demand,1916.67,1912.64,2023-03-16 09:45:00+00:00,2023-03-16 09:00:00+00:00,2023-03-16 09:15:00+00:00,2023-03-16 09:30:00+00:00,2,1.791485244315434,1.3647798742138375,0.8387096774193876,2023-03-16 09:55:00+00:00,2023-03-16 10:15:00+00:00,1919.86,1912.169142857143,7.690857142856885,0.16666666666666666,True,247387,247388,3,1919.85,0.9566473988439048,1.8827550338064405,0.8425588825321357,1.4588751021621744,1.0,tp1,2023,2023-03,2023-03-16,0.03900735567278532,0.9609926443272147,0.03-0.05R,2023-03-16 10:10:00+00:00,2.3128571428571183,1917.8675675932038,1919.85,0.9768786127167186,missing,missing,,6,Thursday,asia_late,0.8614593482132573,,True,False,False,True,False,False,False,False,True,True,True,True,False,False,True,False,False,True,False,True,True,2023-03-16 10:00:00+00:00,1919.85,1917.1386075853072,3.3700000000000045,0.8045674821046523,True,True,4,3,2,True,False,False,False,False,2023-03-16 10:15:00+00:00|demand|1919.86
12510,15min,m15_2c_1atr,supply,1988.62,1981.59,2023-03-20 12:45:00+00:00,2023-03-20 12:00:00+00:00,2023-03-20 12:15:00+00:00,2023-03-20 12:30:00+00:00,2,1.4294677190851914,0.9959522363893893,0.2588904694168095,2023-03-20 12:55:00+00:00,2023-03-20 13:30:00+00:00,1981.03,1989.2665714285713,8.236571428571324,0.16666666666666666,True,247978,247979,6,1981.06,0.9927272727272793,2.4949701678923533,0.6750381573470257,1.9923338420979957,1.0,tp1,2023,2023-03,2023-03-20,0.036422922159012536,0.9635770778409875,0.03-0.05R,2023-03-20 13:25:00+00:00,3.2649999999999864,1982.0702587126825,1981.06,0.0,missing,inside,,9,Monday,london_ny_overlap,-0.3186091003621893,,False,True,False,True,False,False,False,False,False,True,True,True,True,False,False,False,True,False,True,True,True,2023-03-20 13:15:00+00:00,1981.06,1983.9876492686867,6.175000000000019,-0.4741132418925919,True,True,1,1,1,True,True,False,False,False,2023-03-20 13:30:00+00:00|supply|1981.03
12523,15min,m15_2c_1atr,supply,1978.79,1973.26,2023-03-21 09:45:00+00:00,2023-03-21 09:00:00+00:00,2023-03-21 09:15:00+00:00,2023-03-21 09:30:00+00:00,2,1.417109458023364,2.0568544102019097,0.8408679927667475,2023-03-21 09:45:00+00:00,2023-03-21 09:55:00+00:00,1973.09,1979.2381428571427,6.14814285714283,0.0,True,248211,248212,1,1973.09,0.8181818181818432,6.31410181936475,0.0748193414968578,5.071450147547456,1.0,tp1,2023,2023-03,2023-03-21,0.048795222715338184,0.9512047772846618,0.03-0.05R,2023-03-21 09:50:00+00:00,2.0749999999999966,1974.9127740988056,1973.09,0.048484848484805054,missing,missing,,5,Tuesday,asia_late,-0.8784453488220094,,False,True,False,True,False,False,True,True,True,True,True,True,False,True,False,False,False,True,False,True,True,2023-03-21 09:45:00+00:00,1970.35,1975.2298262301772,2.9899999999999927,-1.6320489064138122,True,False,1,1,1,True,False,False,False,False,2023-03-21 09:55:00+00:00|supply|1973.09
12524,15min,m15_2c_1atr,supply,1969.34,1966.54,2023-03-21 14:15:00+00:00,2023-03-21 13:15:00+00:00,2023-03-21 13:30:00+00:00,2023-03-21 14:00:00+00:00,3,1.749999999999978,1.0745614035087538,0.33571428571422945,2023-03-21 14:35:00+00:00,2023-03-21 14:45:00+00:00,1963.18,1969.8084285714285,6.628428571428458,0.3333333333333333,True,248269,248270,1,1963.11,0.7102040816326436,4.361516411991725,0.4028104053966516,3.2677428392853978,1.0,tp1,2023,2023-03,2023-03-21,0.04525959611198595,0.9547404038880141,0.03-0.05R,2023-03-21 14:40:00+00:00,2.356428571428572,1964.31271497773,1963.11,0.15102040816321796,below,below,2.7999999999999545,10,Tuesday,london_ny_overlap,-0.4806914121921145,1.1882388602606653,False,True,False,True,False,False,True,True,True,True,True,True,False,False,True,False,True,False,True,True,True,2023-03-21 14:30:00+00:00,1963.11,1965.3296946283417,2.8957142857142832,-0.7665447655842478,True,True,2,2,2,True,True,True,False,False,2023-03-21 14:45:00+00:00|supply|1963.18
12527,15min,m15_2c_1atr,supply,1954.11,1949.78,2023-03-21 17:45:00+00:00,2023-03-21 16:30:00+00:00,2023-03-21 16:45:00+00:00,2023-03-21 17:30:00+00:00,4,1.1177680637696137,0.7793777320647853,0.25866050808312,2023-03-22 16:45:00+00:00,2023-03-22 17:25:00+00:00,1947.83,1954.533,6.7029999999999745,23.0,True,248577,248578,7,1947.78,0.7932692307693022,0.4371177084887136,2.767417574220536,-6.6835745188721996,-1.0,stop,2023,2023-03,2023-03-22,0.04475607936744758,-1.0447560793674475,0.03-0.05R,2023-03-22 17:20:00+00:00,2.0978571428571513,1948.915138204869,1947.78,0.15384615384612862,above,above,3.25,13,Wednesday,ny_main,-0.5172602951367617,1.5491998638065991,False,True,False,True,False,False,False,False,False,True,True,True,True,False,False,False,True,False,True,True,True,2023-03-22 17:15:00+00:00,1949.1,1946.8878512787699,3.447857142857125,0.6416010378541718,False,False,2,2,1,True,False,False,True,False,2023-03-22 17:25:00+00:00|supply|1947.83
12548,15min,m15_2c_1atr,demand,1969.83,1966.31,2023-03-23 04:15:00+00:00,2023-03-23 03:30:00+00:00,2023-03-23 03:45:00+00:00,2023-03-23 04:00:00+00:00,2,1.5796040141035566,1.3365880119338185,0.6931818181818372,2023-03-23 14:40:00+00:00,2023-03-23 15:00:00+00:00,1972.01,1965.7938571428572,6.216142857142813,10.416666666666666,True,248824,248825,3,1971.98,0.7157107231920511,5.038494243099788,0.10295773676833893,3.0002527980144222,1.0,tp1,2023,2023-03,2023-03-23,0.04826143911015133,0.9517385608898487,0.03-0.05R,2023-03-23 14:55:00+00:00,2.45857142857145,1971.9109587729383,1971.98,0.7680798004987367,below,below,3.0700000000001637,11,Thursday,london_ny_overlap,0.04028405516743901,1.2486926205694922,True,False,False,True,False,False,False,False,True,True,True,True,False,False,True,False,False,True,True,True,True,2023-03-23 14:45:00+00:00,1971.98,1974.8148506773628,3.591428571428586,-0.7893378974359222,False,True,4,3,2,True,False,False,True,False,2023-03-23 15:00:00+00:00|demand|1972.01
12568,15min,m15_2c_1atr,demand,1988.0,1981.29,2023-03-24 11:15:00+00:00,2023-03-24 10:30:00+00:00,2023-03-24 10:45:00+00:00,2023-03-24 11:00:00+00:00,2,1.1071264367816267,2.159540229885069,0.5558867362146047,2023-03-24 11:15:00+00:00,2023-03-24 11:20:00+00:00,1988.37,1980.828142857143,7.541857142856998,0.0,True,249056,249057,0,1988.44,0.8433734939759168,1.933210842346581,1.1111321576724245,-4.520106832345274,1.0,tp1,2023,2023-03,2023-03-24,0.039778000871328406,0.9602219991286716,0.03-0.05R,2023-03-24 11:15:00+00:00,2.2921428571428026,1986.8474068495752,1988.44,0.9759036144578545,missing,missing,,7,Friday,asia_late,0.664266254470105,,True,False,False,True,False,False,True,True,True,True,True,True,False,True,False,False,False,False,False,True,True,2023-03-24 11:15:00+00:00,1989.53,1987.6186929683943,3.2264285714285927,0.5923909329749757,True,False,7,3,2,True,False,False,False,False,2023-03-24 11:20:00+00:00|demand|1988.37
12571,15min,m15_2c_1atr,supply,1994.76,1990.6,2023-03-24 18:00:00+00:00,2023-03-24 17:15:00+00:00,2023-03-24 17:30:00+00:00,2023-03-24 17:45:00+00:00,2,1.0982189628077559,0.7627029858564853,0.036057692307658804,2023-03-24 18:15:00+00:00,2023-03-24 18:25:00+00:00,1988.13,1995.3082857142856,7.178285714285494,0.25,True,249141,249142,1,1988.45,0.4802259887005185,6.139348829804383,0.07940614551822316,4.917608661041412,1.0,tp1,2023,2023-03,2023-03-24,0.04179270816749053,0.9582072918325095,0.03-0.05R,2023-03-24 18:20:00+00:00,2.676428571428492,1989.029258949983,1988.45,0.30508474576269445,below,below,4.420000000000073,14,Friday,ny_main,-0.3359921350349584,1.6514544969309541,False,True,False,True,False,False,True,True,True,True,False,False,True,False,False,False,True,False,True,True,True,2023-03-24 18:15:00+00:00,1985.29,1989.8816222581627,5.403571428571403,-0.8497384218675257,True,False,11,4,2,True,True,True,False,False,2023-03-24 18:25:00+00:00|supply|1988.13
12578,15min,m15_2c_1atr,supply,1971.88,1965.92,2023-03-27 12:00:00+00:00,2023-03-27 10:30:00+00:00,2023-03-27 10:45:00+00:00,2023-03-27 11:45:00+00:00,5,1.151485391603209,2.048612816106076,0.7231543624160938,2023-03-27 12:00:00+00:00,2023-03-27 12:25:00+00:00,1962.24,1972.1977142857145,9.957714285714474,0.0,True,249333,249334,4,1962.23,0.8000000000000163,1.825720188224464,0.2048662917479553,0.646734764145523,1.0,tp1,2023,2023-03,2023-03-27,0.03012739584528808,0.9698726041547119,0.03-0.05R,2023-03-27 12:20:00+00:00,1.5535714285714448,1966.5437345365674,1962.23,0.12857142857143553,missing,missing,,8,Monday,london_ny_overlap,-2.7702199315835783,,False,True,False,True,False,False,False,False,False,True,True,True,False,True,False,False,False,True,True,True,True,2023-03-27 12:15:00+00:00,1963.48,1967.8564817797076,3.1592857142857156,-1.385275715937274,True,False,1,1,1,True,False,False,False,False,2023-03-27 12:25:00+00:00|supply|1962.24
12580,15min,m15_2c_1atr,demand,1949.98,1945.85,2023-03-27 17:45:00+00:00,2023-03-27 17:00:00+00:00,2023-03-27 17:15:00+00:00,2023-03-27 17:30:00+00:00,2,1.6474368783473743,0.8847742922724041,0.15496368038742933,2023-03-28 11:55:00+00:00,2023-03-28 12:15:00+00:00,1951.97,1945.5451428571428,6.424857142857263,18.166666666666668,True,249607,249608,3,1952.0,0.8867924528302858,3.6265397785386364,0.34864588428869503,2.322230622137203,1.0,tp1,2023,2023-03,2023-03-28,0.04669364521723575,0.9533063547827643,0.03-0.05R,2023-03-28 12:10:00+00:00,1.575000000000013,1951.6577120155146,1952.0,1.0,missing,missing,,8,Tuesday,london_ny_overlap,0.19827808538759525,,True,False,False,True,False,False,False,False,True,True,True,True,True,False,True,False,True,False,True,True,True,2023-03-28 12:00:00+00:00,1952.0,1952.9328633117968,3.1171428571428157,-0.29926870680925494,False,True,4,2,1,True,False,False,False,False,2023-03-28 12:15:00+00:00|demand|1951.97
12679,15min,m15_2c_1atr,supply,2032.09,2030.1,2023-04-05 16:45:00+00:00,2023-04-05 16:00:00+00:00,2023-04-05 16:15:00+00:00,2023-04-05 16:30:00+00:00,2,2.0414605418138816,0.6563015312131838,0.16582914572872015,2023-04-05 17:00:00+00:00,2023-04-05 17:10:00+00:00,2024.32,2032.8701428571428,8.550142857142873,0.25,True,251322,251323,1,2024.42,0.5399610136452331,2.7438138042806295,0.3216320529314458,1.7192695193062792,1.0,tp1,2023,2023-04,2023-04-05,0.035087133047066815,0.9649128669529332,0.03-0.05R,2023-04-05 17:05:00+00:00,3.584285714285735,2025.371133047404,2024.42,0.1461988304093601,inside,inside,3.160000000000082,13,Wednesday,ny_main,-0.29326151183057425,0.8816261458748683,False,True,False,True,False,False,True,True,True,True,False,False,True,False,True,True,True,False,True,True,True,2023-04-05 17:00:00+00:00,2025.02,2025.9722604739684,4.180000000000031,-0.2278135105187563,True,False,2,2,2,True,True,False,False,True,2023-04-05 17:10:00+00:00|supply|2024.32
12743,15min,m15_2c_1atr,supply,2047.07,2039.8,2023-04-13 17:30:00+00:00,2023-04-13 16:45:00+00:00,2023-04-13 17:00:00+00:00,2023-04-13 17:15:00+00:00,2,1.020522081759985,1.6709899852240948,0.8019257221457967,2023-04-13 17:30:00+00:00,2023-04-13 17:40:00+00:00,2037.28,2047.6711428571427,10.391142857142768,0.0,True,252708,252709,1,2037.22,0.9460869565217486,4.179521020649497,0.9777557810223155,3.8282603316011192,1.0,tp1,2023,2023-04,2023-04-13,0.028870741565619317,0.9711292584343807,<=0.03R,2023-04-13 17:35:00+00:00,3.027142857142865,2041.9770809147772,2037.22,0.010434782608686162,above,above,2.9500000000000455,13,Thursday,ny_main,-1.551654856226533,0.97451628126476,False,True,True,True,True,False,True,True,True,True,True,True,False,False,False,False,False,True,True,True,True,2023-04-13 17:30:00+00:00,2036.56,2040.2121554211892,4.6621428571428725,-0.7833641166944925,True,False,1,1,1,True,False,False,True,False,2023-04-13 17:40:00+00:00|supply|2037.28
12774,15min,m15_2c_1atr,demand,1987.36,1981.22,2023-04-17 18:30:00+00:00,2023-04-17 17:45:00+00:00,2023-04-17 18:00:00+00:00,2023-04-17 18:15:00+00:00,2,1.3993619930122905,1.305787634816927,0.3127035830619076,2023-04-17 19:10:00+00:00,2023-04-17 19:40:00+00:00,1988.89,1980.9257142857143,7.964285714285779,0.6666666666666666,True,253284,253285,5,1988.89,0.1910828025478943,2.8853811659192328,0.031390134529147726,2.0654708520178975,1.0,tp1,2023,2023-04,2023-04-17,0.03766816143497727,0.9623318385650227,0.03-0.05R,2023-04-17 19:35:00+00:00,1.4221428571428305,1988.7158555432347,1988.89,0.8598726114650899,below,below,3.8300000000001546,15,Monday,ny_main,0.12245215443069353,2.693119035660631,True,False,False,True,False,False,False,False,False,False,False,False,False,False,False,False,True,False,True,True,True,2023-04-17 19:30:00+00:00,1990.46,1990.1607928093024,4.16214285714284,0.07188777535210272,True,False,0,0,0,False,False,False,True,False,2023-04-17 19:40:00+00:00|demand|1988.89
12798,15min,m15_2c_1atr,demand,1992.17,1988.84,2023-04-19 19:45:00+00:00,2023-04-19 18:45:00+00:00,2023-04-19 19:00:00+00:00,2023-04-19 19:30:00+00:00,3,1.4242058705267875,0.9372738238842412,0.0030030030030001324,2023-04-20 04:05:00+00:00,2023-04-20 04:30:00+00:00,1995.27,1988.5687142857141,6.701285714285859,8.333333333333334,True,253930,253931,4,1995.24,0.7785714285713196,2.5472723784347773,0.7222494617237352,1.0878509454475398,1.0,tp1,2023,2023-04,2023-04-20,0.04476752861924054,0.9552324713807595,0.03-0.05R,2023-04-20 04:25:00+00:00,1.1564285714285916,1994.5362137456825,1995.24,0.9785714285714494,missing,missing,,0,Thursday,post_close,0.6345279530848877,,True,False,False,True,False,False,False,False,False,True,True,True,True,False,False,False,True,False,False,True,True,2023-04-20 04:15:00+00:00,1995.24,1994.8261452505678,1.5014285714285376,0.27564065138204513,True,True,3,3,2,True,False,False,False,False,2023-04-20 04:30:00+00:00|demand|1995.27
12822,15min,m15_2c_1atr,supply,1998.03,1994.28,2023-04-21 09:45:00+00:00,2023-04-21 09:00:00+00:00,2023-04-21 09:15:00+00:00,2023-04-21 09:30:00+00:00,2,4.077441077441072,1.4730639730639876,0.3066666666666303,2023-04-21 16:30:00+00:00,2023-04-21 16:50:00+00:00,1979.42,1998.7931428571428,19.37314285714274,6.75,True,254354,254355,3,1979.42,0.9260997067448684,0.4036515942542067,0.41603987847683066,-0.2709937173701459,-0.2709937173701459,time,2023,2023-04,2023-04-21,0.01548535527829405,-0.2864790726484399,<=0.03R,2023-04-21 16:45:00+00:00,3.534999999999968,1989.8319527431042,1979.42,0.07390029325513163,below,below,3.2799999999999727,12,Friday,ny_main,-2.9453897434524072,0.9278642149929285,False,True,True,True,True,True,False,False,True,True,True,True,False,False,True,True,True,False,True,True,True,2023-04-21 16:45:00+00:00,1973.94,1986.6910547803411,5.264285714285718,-2.4221813693999295,True,False,0,0,0,False,False,True,False,False,2023-04-21 16:50:00+00:00|supply|1979.42
12867,15min,m15_2c_1atr,demand,2000.18,1993.92,2023-04-26 16:30:00+00:00,2023-04-26 15:30:00+00:00,2023-04-26 15:45:00+00:00,2023-04-26 16:15:00+00:00,3,3.094193047193659,1.7020780734123104,0.19968051118210892,2023-04-26 17:00:00+00:00,2023-04-26 17:25:00+00:00,2001.78,1993.2318571428573,8.548142857142693,0.5,True,255189,255190,4,2001.75,0.8192771084337174,0.2714039808145439,1.0189347727994622,-2.028510787639784,-1.0,stop,2023,2023-04,2023-04-26,0.03509534234670923,-1.0350953423467093,0.03-0.05R,2023-04-26 17:20:00+00:00,3.42642857142859,2001.4586413917564,2001.75,0.9558232931727311,above,above,1.1400000000001,13,Wednesday,ny_main,0.09378821170336396,0.33270794246406743,True,False,False,True,False,False,False,False,False,True,True,True,False,False,True,True,True,False,True,True,True,2023-04-26 17:15:00+00:00,2002.81,2001.6301848961125,4.894285714285696,0.24105971182755914,True,False,15,4,2,True,True,True,False,False,2023-04-26 17:25:00+00:00|demand|2001.78
12878,15min,m15_2c_1atr,supply,2001.04,2000.09,2023-04-27 14:30:00+00:00,2023-04-27 13:30:00+00:00,2023-04-27 14:00:00+00:00,2023-04-27 14:15:00+00:00,2,1.0518977536793506,0.5151045701007231,0.13684210526326623,2023-04-27 15:30:00+00:00,2023-04-27 15:35:00+00:00,1992.6,2001.5484285714285,8.948428571428622,1.0,True,255442,255443,0,1992.18,0.422393822393823,2.0651670684397803,0.007822602531987152,0.7275020354731027,1.0,tp1,2023,2023-04,2023-04-27,0.03352543942272367,0.9664745605772763,0.03-0.05R,2023-04-27 15:30:00+00:00,2.202857142857137,1996.1473523092382,1992.18,0.15984555984557192,below,below,5.139999999999873,11,Thursday,london_ny_overlap,-1.6103415152184053,2.3333333333332815,False,True,False,True,False,False,True,True,True,False,False,False,True,False,False,False,True,False,True,True,True,2023-04-27 15:30:00+00:00,1983.74,1994.936244863424,3.208571428571401,-3.48947969919718,True,False,11,4,2,True,False,True,False,False,2023-04-27 15:35:00+00:00|supply|1992.6
12879,15min,m15_2c_1atr,supply,1988.33,1981.83,2023-04-27 16:30:00+00:00,2023-04-27 15:45:00+00:00,2023-04-27 16:00:00+00:00,2023-04-27 16:15:00+00:00,2,1.5421006178287855,1.6063548102383158,0.2800000000000252,2023-04-27 16:30:00+00:00,2023-04-27 16:35:00+00:00,1981.7,1989.3654285714285,7.665428571428492,0.0,True,255454,255455,0,1981.81,0.5375854214122656,0.9888553430989159,1.1297476611129673,-1.1062656081106403,-1.0,stop,2023,2023-04,2023-04-27,0.03913675500391408,-1.0391367550039141,0.03-0.05R,2023-04-27 16:30:00+00:00,4.804285714285746,1983.0043346048365,1981.81,0.7380410022778896,below,below,5.139999999999873,12,Thursday,ny_main,-0.27149397067662295,1.0698780850430827,False,True,False,True,False,False,True,True,True,True,False,False,False,False,True,False,True,False,True,True,True,2023-04-27 16:30:00+00:00,1977.06,1985.7970925037466,4.47071428571428,-1.9542945367064017,True,False,0,0,0,False,False,True,False,False,2023-04-27 16:35:00+00:00|supply|1981.7
12880,15min,m15_2c_1atr,demand,1982.96,1974.12,2023-04-27 17:15:00+00:00,2023-04-27 16:30:00+00:00,2023-04-27 16:45:00+00:00,2023-04-27 17:00:00+00:00,2,1.3489278752436802,1.7231968810916478,0.2703619909502331,2023-04-27 17:15:00+00:00,2023-04-27 17:55:00+00:00,1982.97,1973.5172857142857,9.452714285714364,0.0,True,255470,255471,7,1983.01,0.4125874125874493,1.2663029515331876,0.7119648173616003,0.9415285103295883,1.0,tp1,2023,2023-04,2023-04-27,0.03173691607852593,0.9682630839214741,0.03-0.05R,2023-04-27 17:50:00+00:00,3.0299999999999563,1981.6532992613727,1983.01,0.9615384615384952,below,below,5.139999999999873,13,Thursday,ny_main,0.4345546992169477,1.696369636963679,True,False,False,True,False,False,False,False,False,False,False,False,False,False,False,False,True,False,True,True,True,2023-04-27 17:45:00+00:00,1983.4,1983.1331655694503,5.880714285714281,0.0453744932308672,True,False,0,0,0,False,False,False,True,False,2023-04-27 17:55:00+00:00|demand|1982.97
12891,15min,m15_2c_1atr,demand,1987.42,1976.24,2023-04-28 16:15:00+00:00,2023-04-28 15:30:00+00:00,2023-04-28 15:45:00+00:00,2023-04-28 16:00:00+00:00,2,1.9602780536246638,3.8857994041708293,0.09660107334525234,2023-04-28 16:15:00+00:00,2023-04-28 16:30:00+00:00,1988.55,1975.567,12.982999999999947,0.0,True,255729,255730,2,1988.56,0.613513513513501,1.3425248401756247,0.8834629900639355,-0.21335592698143674,1.0,tp1,2023,2023-04,2023-04-28,0.023107140106292938,0.9768928598937071,<=0.03R,2023-04-28 16:25:00+00:00,3.3899999999999864,1985.3931005909503,1988.56,0.6783783783783676,above,above,2.0599999999999454,12,Friday,ny_main,0.9312387637314578,0.6076696165191604,True,False,True,True,True,False,False,True,True,True,True,False,False,True,True,False,True,False,True,True,True,2023-04-28 16:15:00+00:00,1988.56,1984.3669226718648,3.0885714285714294,1.3576106057791821,True,True,8,3,2,True,True,True,False,False,2023-04-28 16:30:00+00:00|demand|1988.55
12934,15min,m15_2c_1atr,demand,2031.16,2029.57,2023-05-04 01:15:00+00:00,2023-05-03 23:30:00+00:00,2023-05-03 23:45:00+00:00,2023-05-04 01:00:00+00:00,2,2.1774755080560277,0.1802283215934094,0.132075471698124,2023-05-04 10:35:00+00:00,2023-05-04 10:55:00+00:00,2035.62,2029.1542857142856,6.465714285714284,9.333333333333334,True,256766,256767,3,2035.66,0.9512195121950892,3.705700397702172,0.6897923110914421,0.6604065399911947,1.0,tp1,2023,2023-05,2023-05-04,0.046398585947856834,0.9536014140521432,0.03-0.05R,2023-05-04 10:50:00+00:00,2.0500000000000034,2034.2952214366608,2035.66,0.9790940766550721,missing,missing,,6,Thursday,asia_late,0.6462334455312785,,True,False,False,True,False,False,False,False,True,True,True,True,True,False,True,True,True,False,False,True,True,2023-05-04 10:45:00+00:00,2034.6,2036.5902775345883,2.9450000000000176,-0.6758158012184537,False,False,4,3,2,True,False,False,False,False,2023-05-04 10:55:00+00:00|demand|2035.62
12943,15min,m15_2c_1atr,demand,2047.27,2043.1,2023-05-04 17:45:00+00:00,2023-05-04 17:00:00+00:00,2023-05-04 17:15:00+00:00,2023-05-04 17:30:00+00:00,2,3.069355774811316,0.8470690655833016,0.03597122302154939,2023-05-04 18:10:00+00:00,2023-05-04 18:45:00+00:00,2051.26,2042.4142857142856,8.845714285714621,0.4166666666666667,True,256860,256861,6,2051.25,0.7295081967213771,0.3244509043927402,1.1090116279069542,-3.771317829457236,-1.0,stop,2023,2023-05,2023-05-04,0.03391472868216926,-1.0339147286821693,0.03-0.05R,2023-05-04 18:40:00+00:00,3.6000000000000063,2049.885031696151,2051.25,0.9631147540983018,above,above,3.490000000000009,14,Thursday,ny_main,0.38193563995807517,0.9694444444444452,True,False,False,True,False,False,False,False,False,True,True,True,True,False,True,True,True,False,True,True,True,2023-05-04 18:30:00+00:00,2051.25,2049.0596892957055,6.248571428571414,0.3505298337919813,True,True,0,0,0,False,False,True,False,False,2023-05-04 18:45:00+00:00|demand|2051.26
12944,15min,m15_2c_1atr,supply,2059.58,2053.5,2023-05-04 18:15:00+00:00,2023-05-04 17:30:00+00:00,2023-05-04 17:45:00+00:00,2023-05-04 18:00:00+00:00,2,2.045365853658551,1.0380487804877983,0.7368421052630949,2023-05-04 19:10:00+00:00,2023-05-04 19:20:00+00:00,2050.02,2060.087571428571,10.067571428571227,0.9166666666666666,True,256867,256868,1,2050.08,0.7867803837953117,5.01809203524764,0.29500659827166453,3.194414882295419,1.0,tp1,2023,2023-05,2023-05-04,0.02979864629006913,0.9702013537099309,<=0.03R,2023-05-04 19:15:00+00:00,2.505000000000012,2051.4788638266614,2050.08,0.18976545842214548,above,above,3.490000000000009,15,Thursday,ny_main,-0.5823807691263045,1.3932135728542885,False,True,True,True,True,False,True,True,True,True,True,True,False,False,True,True,False,True,True,True,True,2023-05-04 19:15:00+00:00,2048.58,2050.024984126786,6.085714285714289,-0.237438706279396,True,False,3,3,2,True,False,False,True,False,2023-05-04 19:20:00+00:00|supply|2050.02
12988,15min,m15_2c_1atr,demand,2025.95,2024.5,2023-05-09 19:15:00+00:00,2023-05-09 18:15:00+00:00,2023-05-09 18:30:00+00:00,2023-05-09 19:00:00+00:00,3,1.876880984952047,0.555403556771557,0.020689655172394326,2023-05-10 15:20:00+00:00,2023-05-10 15:30:00+00:00,2029.99,2023.9472857142857,6.042714285714283,20.083333333333332,True,257925,257926,1,2029.78,0.9750000000000225,3.0052719922456945,1.404997754084023,0.12246152391309643,1.0,tp1,2023,2023-05,2023-05-10,0.049646563748551996,0.950353436251448,0.03-0.05R,2023-05-10 15:25:00+00:00,1.7000000000000293,2028.5327771587292,2029.78,1.0,inside,inside,2.6000000000001364,11,Wednesday,london_ny_overlap,0.8571899066298543,1.5294117647059362,True,False,False,True,False,False,True,True,True,True,True,True,True,False,True,False,True,False,True,True,True,2023-05-10 15:15:00+00:00,2029.78,2030.0351405215129,1.8321428571428473,-0.13925798445147808,False,True,4,3,2,True,False,False,False,True,2023-05-10 15:30:00+00:00|demand|2029.99
13076,15min,m15_2c_1atr,demand,1981.76,1976.54,2023-05-17 17:30:00+00:00,2023-05-17 16:45:00+00:00,2023-05-17 17:00:00+00:00,2023-05-17 17:15:00+00:00,2,1.8766275346851429,1.5598719316969012,0.5957854406130045,2023-05-17 18:00:00+00:00,2023-05-17 18:25:00+00:00,1983.25,1976.1865714285714,7.063428571428631,0.5,True,259340,259341,4,1983.28,0.7815533980582245,0.3822506269719311,1.00093034544129,-3.9400129439365315,-1.0,stop,2023,2023-05,2023-05-17,0.042472291885769405,-1.0424722918857694,0.03-0.05R,2023-05-17 18:20:00+00:00,1.9571428571428149,1982.2597017120474,1983.28,0.9951456310679655,below,below,4.210000000000036,14,Wednesday,ny_main,0.5059918259611705,2.151094890511014,True,False,False,True,False,False,False,False,False,True,True,True,False,False,True,False,False,False,True,True,True,2023-05-17 18:15:00+00:00,1981.06,1982.2433903311899,3.6878571428571507,-0.3208883330749319,False,False,1,1,1,True,False,False,True,False,2023-05-17 18:25:00+00:00|demand|1983.25
13117,15min,m15_2c_1atr,demand,1977.06,1969.82,2023-05-22 15:30:00+00:00,2023-05-22 14:30:00+00:00,2023-05-22 14:45:00+00:00,2023-05-22 15:15:00+00:00,3,2.269126096159657,3.0650136074991696,0.7679558011049639,2023-05-22 15:30:00+00:00,2023-05-22 15:35:00+00:00,1977.37,1969.481,7.888999999999896,0.0,True,260134,260135,0,1977.46,0.47297297297294666,0.16858917480037675,1.0216757510457664,-0.9595639498035284,-1.0,stop,2023,2023-05,2023-05-22,0.03802763341361439,-1.0380276334136145,0.03-0.05R,2023-05-22 15:30:00+00:00,1.6692857142857227,1975.2398809277354,1977.46,0.6666666666666666,below,below,2.5900000000001455,11,Monday,london_ny_overlap,1.2760661964785167,1.5515618314078672,True,False,False,True,False,False,True,True,True,True,False,False,False,True,True,True,False,True,True,True,True,2023-05-22 15:30:00+00:00,1975.38,1975.4437621921852,2.487142857142934,-0.025636722877406752,False,False,9,4,2,True,False,False,True,False,2023-05-22 15:35:00+00:00|demand|1977.37
13134,15min,m15_2c_1atr,demand,1967.38,1964.9,2023-05-23 19:30:00+00:00,2023-05-23 18:15:00+00:00,2023-05-23 18:30:00+00:00,2023-05-23 19:15:00+00:00,4,1.1258457374831021,0.6711772665764564,0.5766129032258279,2023-05-24 17:05:00+00:00,2023-05-24 17:40:00+00:00,1971.15,1964.417142857143,6.7328571428570285,21.583333333333332,True,260711,260712,6,1971.15,0.521739130434816,0.03861659240398827,1.4510927222576073,-3.852747719074973,-1.0,stop,2023,2023-05,2023-05-24,0.044557606619988026,-1.044557606619988,0.03-0.05R,2023-05-24 17:35:00+00:00,2.547142857142847,1970.315865529885,1971.15,0.5265700483092074,below,below,2.1699999999998454,13,Wednesday,ny_main,0.3274784795740464,0.8519349411104307,True,False,False,True,False,False,False,False,False,True,False,False,True,False,False,False,False,False,True,True,True,2023-05-24 17:30:00+00:00,1970.87,1973.0075656852582,3.6885714285714357,-0.5795104491405203,False,False,3,3,2,True,False,False,True,False,2023-05-24 17:40:00+00:00|demand|1971.15
13225,15min,m15_2c_1atr,demand,1971.16,1966.44,2023-06-01 16:45:00+00:00,2023-06-01 16:00:00+00:00,2023-06-01 16:15:00+00:00,2023-06-01 16:30:00+00:00,2,1.6291312091826804,1.3077379774391416,0.2796610169491856,2023-06-01 17:05:00+00:00,2023-06-01 17:10:00+00:00,1972.55,1965.930142857143,6.619857142856972,0.3333333333333333,True,262317,262318,0,1972.41,0.31898734177214594,1.635986965622975,1.4728414510455936,-1.129933749109853,1.0,tp1,2023,2023-06,2023-06-01,0.04531819849371057,0.9546818015062895,0.03-0.05R,2023-06-01 17:05:00+00:00,2.6114285714285677,1972.1976531160688,1972.41,0.6582278481012928,above,above,2.7000000000000455,13,Thursday,ny_main,0.1349249555535249,1.033916849015336,True,False,False,True,False,False,True,True,True,False,False,False,False,False,True,False,True,False,True,True,True,2023-06-01 17:00:00+00:00,1972.25,1969.7021017880384,3.881428571428598,0.6564331057685441,True,False,4,3,2,True,False,True,False,False,2023-06-01 17:10:00+00:00|demand|1972.55
13241,15min,m15_2c_1atr,demand,1974.3,1968.62,2023-06-02 16:30:00+00:00,2023-06-02 15:45:00+00:00,2023-06-02 16:00:00+00:00,2023-06-02 16:15:00+00:00,2,1.7946052957188998,1.9678297451126139,0.23239436619716927,2023-06-02 16:30:00+00:00,2023-06-02 16:35:00+00:00,1974.8,1967.9517142857142,6.848285714285794,0.0,True,262586,262587,0,1974.77,0.5980392156862986,0.0,1.1316700738453704,-2.423964287204264,-1.0,stop,2023,2023-06,2023-06-02,0.04380658350369176,-1.0438065835036918,0.03-0.05R,2023-06-02 16:30:00+00:00,3.0914285714285534,1974.4488431644997,1974.77,0.2745098039215468,below,below,1.9199999999998454,12,Friday,ny_main,0.11359047359064015,0.6210720887245377,True,False,False,True,False,False,True,True,True,True,False,False,False,False,True,False,True,False,True,True,True,2023-06-02 16:30:00+00:00,1968.19,1974.0920641077532,3.495714285714306,-1.6883714243674701,False,False,6,4,2,True,False,False,True,False,2023-06-02 16:35:00+00:00|demand|1974.8
13379,15min,m15_2c_1atr,demand,1959.28,1953.23,2023-06-16 18:00:00+00:00,2023-06-16 17:15:00+00:00,2023-06-16 17:30:00+00:00,2023-06-16 17:45:00+00:00,2,1.4425136036510284,1.486747410918027,0.7719008264462612,2023-06-16 18:10:00+00:00,2023-06-16 18:20:00+00:00,1960.85,1952.7764285714286,8.073571428571313,0.16666666666666666,True,265367,265368,1,1960.84,0.7458563535910387,0.1077590020348742,1.010705122533837,-1.2225072989471861,-1.0,stop,2023,2023-06,2023-06-16,0.03715827656374467,-1.0371582765637446,0.03-0.05R,2023-06-16 18:15:00+00:00,2.297857142857148,1959.8145398346883,1960.84,0.8121546961325342,below,below,1.7100000000000364,14,Friday,ny_main,0.45061990408339553,0.7441715884364456,True,False,False,True,False,False,True,True,True,True,True,True,False,False,False,False,False,True,True,True,True,2023-06-16 18:15:00+00:00,1959.52,1959.676148607297,4.16642857142855,-0.03747780734025363,False,False,10,4,2,True,False,False,True,False,2023-06-16 18:20:00+00:00|demand|1960.85
13419,15min,m15_2c_1atr,demand,1929.29,1924.29,2023-06-21 17:45:00+00:00,2023-06-21 17:00:00+00:00,2023-06-21 17:15:00+00:00,2023-06-21 17:30:00+00:00,2,1.073318457124629,1.1157156518967164,0.18799999999996544,2023-06-21 18:10:00+00:00,2023-06-21 18:30:00+00:00,1930.8,1923.8404285714284,6.959571428571508,0.4166666666666667,True,266153,266154,3,1930.79,0.2195121951220459,0.9813822690231447,1.023051501529213,-1.9900650696881634,-1.0,stop,2023,2023-06,2023-06-21,0.043106102592523676,-1.0431061025925237,0.03-0.05R,2023-06-21 18:25:00+00:00,2.3878571428571638,1930.7383257806941,1930.79,0.6219512195122323,below,below,2.9500000000000455,14,Wednesday,ny_main,0.025828270125079093,1.235417289859416,True,False,False,True,False,False,False,False,True,False,False,False,False,False,False,False,True,False,True,True,True,2023-06-21 18:15:00+00:00,1930.79,1930.381169776935,4.87642857142857,0.08383804193511558,True,True,0,0,0,False,False,False,True,False,2023-06-21 18:30:00+00:00|demand|1930.8
13433,15min,m15_2c_1atr,demand,1924.29,1918.95,2023-06-22 16:45:00+00:00,2023-06-22 16:00:00+00:00,2023-06-22 16:15:00+00:00,2023-06-22 16:30:00+00:00,2,1.0892898992266749,1.7520506210452012,0.5917602996254926,2023-06-22 16:45:00+00:00,2023-06-22 16:50:00+00:00,1925.99,1918.450857142857,7.539142857142906,0.0,True,266409,266410,0,1925.99,0.6239999999999781,0.0,1.0279683177322099,0.03183385758138577,-1.0,stop,2023,2023-06,2023-06-22,0.03979232197673071,-1.0397923219767307,0.03-0.05R,2023-06-22 16:45:00+00:00,2.6071428571428408,1923.4968755377506,1925.99,0.6239999999999781,below,below,2.7399999999997817,12,Thursday,ny_main,0.9562669170271723,1.050958904109512,True,False,False,True,False,False,True,True,True,True,True,False,False,False,False,False,False,False,True,True,True,2023-06-22 16:45:00+00:00,1922.21,1923.480696904205,3.331428571428595,-0.38142702956407437,False,False,1,1,1,True,False,False,True,False,2023-06-22 16:50:00+00:00|demand|1925.99
13507,15min,m15_2c_1atr,demand,1912.95,1907.64,2023-06-30 16:30:00+00:00,2023-06-30 15:45:00+00:00,2023-06-30 16:00:00+00:00,2023-06-30 16:15:00+00:00,2,1.1206592113007758,2.187757504414338,0.25800376647836765,2023-06-30 16:30:00+00:00,2023-06-30 17:05:00+00:00,1914.04,1907.1637142857144,6.876285714285586,0.0,True,268068,268069,6,1914.05,0.7591973244147073,2.4722649270786183,0.5744380271741562,2.1028794615033477,1.0,tp1,2023,2023-06,2023-06-30,0.043628204595505024,0.956371795404495,0.03-0.05R,2023-06-30 17:00:00+00:00,2.334285714285735,1912.1456517706865,1914.05,0.7591973244147073,above,above,1.7100000000000364,13,Friday,ny_main,0.8115322891795557,0.7325581395348928,True,False,False,True,False,False,False,False,False,True,True,True,False,True,False,False,True,False,True,True,True,2023-06-30 17:00:00+00:00,1916.69,1912.0131859037513,3.2257142857143077,1.449853794231236,True,False,3,1,1,True,True,True,False,False,2023-06-30 17:05:00+00:00|demand|1914.04
13647,15min,m15_2c_1atr,supply,1962.63,1958.62,2023-07-14 16:00:00+00:00,2023-07-14 15:15:00+00:00,2023-07-14 15:30:00+00:00,2023-07-14 15:45:00+00:00,2,1.8935472110827705,2.046664236237803,0.18204488778054326,2023-07-14 16:40:00+00:00,2023-07-14 17:05:00+00:00,1953.54,1963.161142857143,9.621142857143013,0.6666666666666666,True,270796,270797,4,1953.54,0.547226386806623,0.8075963651481706,0.8845103046860927,0.1361584605333413,0.1361584605333413,time,2023,2023-07,2023-07-14,0.031181326839697775,0.10497713369364352,0.03-0.05R,2023-07-14 17:00:00+00:00,2.4199999999999915,1957.572768754546,1953.54,0.39130434782608103,below,below,1.4099999999998545,13,Friday,ny_main,-1.666433369647089,0.5826446280991154,False,True,False,True,False,False,False,False,False,True,False,False,False,True,True,False,True,False,True,True,True,2023-07-14 17:00:00+00:00,1952.79,1957.1246558744272,3.0650000000000057,-1.4142433521785287,True,False,14,4,2,True,True,True,False,False,2023-07-14 17:05:00+00:00|supply|1953.54
13707,15min,m15_2c_1atr,demand,1978.22,1972.41,2023-07-20 16:15:00+00:00,2023-07-20 15:30:00+00:00,2023-07-20 15:45:00+00:00,2023-07-20 16:00:00+00:00,2,1.872238805970144,2.428059701492498,0.8588640275387359,2023-07-20 16:15:00+00:00,2023-07-20 16:25:00+00:00,1978.51,1971.9651428571428,6.544857142857154,0.0,True,271892,271893,1,1978.53,0.8809523809524776,0.24752259134764065,1.222333784432704,-2.6906622429824747,-1.0,stop,2023,2023-07,2023-07-20,0.0458375169162264,-1.0458375169162264,0.03-0.05R,2023-07-20 16:20:00+00:00,2.1642857142857435,1976.7651834857395,1978.53,1.0,below,below,2.2899999999999636,12,Thursday,ny_main,0.8061858481731538,1.0580858085808271,True,False,False,True,False,False,True,True,True,True,True,True,False,True,True,False,False,True,True,True,True,2023-07-20 16:15:00+00:00,1979.07,1978.0777134611722,2.4864285714286,0.3990810555469353,True,False,10,4,2,True,False,False,True,False,2023-07-20 16:25:00+00:00|demand|1978.51
13742,15min,m15_2c_1atr,demand,1955.54,1953.15,2023-07-25 15:00:00+00:00,2023-07-25 14:15:00+00:00,2023-07-25 14:30:00+00:00,2023-07-25 14:45:00+00:00,2,3.2115708039017505,1.125462495795432,0.31799163179917633,2023-07-25 17:00:00+00:00,2023-07-25 17:15:00+00:00,1959.79,1952.7134285714287,7.076571428571242,2.0,True,272730,272731,2,1959.8,0.8301158301158037,2.1606508397933335,0.40132428940568377,1.890746124031073,1.0,tp1,2023,2023-07,2023-07-25,0.042393410852714294,0.9576065891472857,0.03-0.05R,2023-07-25 17:10:00+00:00,2.2028571428571047,1958.1995116525688,1959.8,0.8764478764478971,below,below,2.0900000000001455,13,Tuesday,ny_main,0.7220115714667981,0.9487678339819243,True,False,False,True,False,False,False,True,True,True,True,True,False,False,True,True,True,False,True,True,True,2023-07-25 17:00:00+00:00,1959.8,1958.3762512276921,3.547857142857083,0.40129822452808095,True,True,7,4,2,True,True,False,True,False,2023-07-25 17:15:00+00:00|demand|1959.79
13743,15min,m15_2c_1atr,supply,1963.47,1960.3,2023-07-25 15:45:00+00:00,2023-07-25 15:00:00+00:00,2023-07-25 15:15:00+00:00,2023-07-25 15:30:00+00:00,2,1.1007473841554123,1.326756352765359,0.03154574132489172,2023-07-25 16:00:00+00:00,2023-07-25 16:05:00+00:00,1957.25,1963.853,6.6030000000000655,0.25,True,272716,272717,0,1957.24,0.4898419864559913,0.8571861275177989,1.2342874451007133,-1.4417688929274401,-1.0,stop,2023,2023-07,2023-07-25,0.04543389368468832,-1.0454338936846883,0.03-0.05R,2023-07-25 16:00:00+00:00,1.858571428571411,1958.4079983880963,1957.24,0.2821670428893865,below,below,2.0900000000001455,12,Tuesday,ny_main,-0.6230583179611219,1.1245196003075448,False,True,False,True,False,False,True,True,True,True,False,False,False,False,False,False,True,False,True,True,True,2023-07-25 16:00:00+00:00,1956.72,1958.4999434839185,2.682142857142838,-0.6636273974662849,True,False,9,4,2,True,True,True,False,False,2023-07-25 16:05:00+00:00|supply|1957.25
13831,15min,m15_2c_1atr,demand,1934.49,1930.39,2023-08-03 16:45:00+00:00,2023-08-03 16:00:00+00:00,2023-08-03 16:15:00+00:00,2023-08-03 16:30:00+00:00,2,1.2375096079938992,1.1029976940814616,0.4804878048780661,2023-08-03 16:45:00+00:00,2023-08-03 17:05:00+00:00,1935.95,1929.882142857143,6.067857142857065,0.0,True,274652,274653,3,1935.95,0.7823275862069032,0.45815185403178477,1.5178340200117972,0.5290170688640504,-1.0,stop,2023,2023-08,2023-08-03,0.049440847557387334,-1.0494408475573873,0.03-0.05R,2023-08-03 17:00:00+00:00,2.4707142857143287,1934.0751251656836,1935.95,0.7823275862069032,inside,inside,2.4700000000000273,13,Thursday,ny_main,0.7588391928427105,0.9997108991037809,True,False,False,True,False,False,False,False,True,True,True,True,False,False,False,False,False,False,True,True,True,2023-08-03 17:00:00+00:00,1934.58,1933.8282930572007,4.0135714285714,0.1872912831320503,True,False,5,3,2,True,False,False,False,True,2023-08-03 17:05:00+00:00|demand|1935.95
13846,15min,m15_2c_1atr,supply,1946.93,1941.82,2023-08-04 17:30:00+00:00,2023-08-04 16:30:00+00:00,2023-08-04 16:45:00+00:00,2023-08-04 17:15:00+00:00,3,1.1616855392611298,1.3280118804529724,0.8043052837573434,2023-08-04 17:30:00+00:00,2023-08-04 17:50:00+00:00,1940.34,1947.3207142857143,6.9807142857143845,0.0,True,274937,274938,3,1940.34,0.9090909090909897,1.2663460554588877,0.9110815512125297,1.1531771206384709,1.0,tp1,2023,2023-08,2023-08-04,0.04297554486851469,0.9570244551314853,0.03-0.05R,2023-08-04 17:45:00+00:00,1.976428571428593,1942.1187736183372,1940.34,0.0649350649350074,above,above,2.0299999999999727,13,Friday,ny_main,-0.8999938798959628,1.027105168052017,False,True,False,True,False,False,False,False,True,True,True,True,False,False,False,False,False,True,True,True,True,2023-08-04 17:45:00+00:00,1939.08,1940.9213507120544,4.2071428571428475,-0.43767249522517065,True,False,0,0,0,False,False,False,True,False,2023-08-04 17:50:00+00:00|supply|1940.34
14386,15min,m15_2c_1atr,demand,1832.6,1827.19,2023-10-02 18:30:00+00:00,2023-10-02 17:30:00+00:00,2023-10-02 17:45:00+00:00,2023-10-02 18:15:00+00:00,3,1.2971162790697777,1.4091162790697356,0.41219963031424733,2023-10-02 18:35:00+00:00,2023-10-02 18:40:00+00:00,1832.92,1826.7758571428571,6.144142857142924,0.08333333333333333,True,286217,286218,0,1832.9,0.6050420168066223,0.12369504057290051,1.070938640749624,-1.2304401404357375,-1.0,stop,2023,2023-10,2023-10-02,0.04882698969982973,-1.0488269896998297,0.03-0.05R,2023-10-02 18:35:00+00:00,2.1971428571428726,1832.206341659848,1832.9,0.34453781512610343,below,below,2.490000000000009,14,Monday,ny_main,0.3248119883656907,1.133289986996095,True,False,False,True,False,False,True,True,True,True,True,False,False,False,False,False,False,False,True,True,True,2023-10-02 18:30:00+00:00,1833.1,1831.9718989931403,3.9407142857142747,0.28626815472240646,True,False,0,0,0,False,False,False,True,False,2023-10-02 18:40:00+00:00|demand|1832.92
14521,15min,m15_2c_1atr,supply,1926.23,1924.06,2023-10-16 03:45:00+00:00,2023-10-16 02:45:00+00:00,2023-10-16 03:00:00+00:00,2023-10-16 03:30:00+00:00,3,1.0104117368670742,0.7188831045906537,0.5760368663594276,2023-10-16 15:20:00+00:00,2023-10-16 15:45:00+00:00,1918.19,1926.6371428571429,8.447142857142808,11.583333333333334,True,288942,288943,4,1918.25,0.7923728813558432,0.6795197023507576,1.0938609842719507,-1.1542364282090376,-1.0,stop,2023,2023-10,2023-10-16,0.03551496702181654,-1.0355149670218164,0.03-0.05R,2023-10-16 15:40:00+00:00,2.0371428571428885,1919.1806096284395,1918.25,0.0847457627118791,above,above,3.1900000000000546,11,Monday,london_ny_overlap,-0.4862740111553857,1.5659186535764402,False,True,False,True,False,False,False,False,False,True,True,True,True,False,False,False,False,False,True,True,True,2023-10-16 15:30:00+00:00,1918.25,1917.7874910248738,2.65285714285715,0.1743437170642584,False,True,1,1,1,True,False,False,True,False,2023-10-16 15:45:00+00:00|supply|1918.19
14609,15min,m15_2c_1atr,demand,1961.91,1953.51,2023-10-24 14:45:00+00:00,2023-10-24 14:00:00+00:00,2023-10-24 14:15:00+00:00,2023-10-24 14:30:00+00:00,2,1.023607609443064,2.6953930781572675,0.3714285714285815,2023-10-24 14:45:00+00:00,2023-10-24 14:50:00+00:00,1963.18,1953.0485714285714,10.131428571428614,0.0,True,290587,290588,0,1963.18,0.6562500000000481,1.423293852227841,0.4145516074450112,1.3196559503665939,1.0,tp1,2023,2023-10,2023-10-24,0.029610829103214765,0.9703891708967852,<=0.03R,2023-10-24 14:45:00+00:00,2.301428571428557,1961.7339785641016,1963.18,0.6666666666667062,below,below,3.2000000000000455,10,Tuesday,london_ny_overlap,0.6283147145431144,1.390440720049687,True,False,True,True,True,False,True,True,True,True,True,False,False,True,False,False,False,False,True,True,True,2023-10-24 14:45:00+00:00,1963.71,1963.3675079356426,3.1628571428571246,0.10828565720424667,True,False,0,0,0,False,False,False,True,False,2023-10-24 14:50:00+00:00|demand|1963.18
14628,15min,m15_2c_1atr,demand,1977.65,1963.08,2023-10-25 18:45:00+00:00,2023-10-25 18:00:00+00:00,2023-10-25 18:15:00+00:00,2023-10-25 18:30:00+00:00,2,1.2063933287004984,2.8350243224461824,0.12491420727521729,2023-10-25 19:50:00+00:00,2023-10-25 20:10:00+00:00,1979.6,1962.7177142857142,16.882285714285672,1.0833333333333333,True,290927,290928,3,1979.61,0.8257839721254289,0.8215712158137106,0.4620227457351731,0.33289331167073627,0.33289331167073627,time,2023,2023-10,2023-10-25,0.01777010560519907,0.3151232060655372,<=0.03R,2023-10-25 20:05:00+00:00,1.8328571428571325,1979.0615434219783,1979.61,1.0,above,above,3.7000000000000455,16,Wednesday,ny_main,0.29377989447789443,2.018706157443528,True,False,True,True,True,True,False,False,True,True,True,True,False,True,False,False,True,False,True,True,True,2023-10-25 20:00:00+00:00,1979.6,1979.5681252166678,5.21714285714287,0.006109624406484052,True,False,24,4,2,True,True,True,False,False,2023-10-25 20:10:00+00:00|demand|1979.6
14654,15min,m15_2c_1atr,supply,1986.14,1984.81,2023-10-27 13:45:00+00:00,2023-10-27 13:00:00+00:00,2023-10-27 13:15:00+00:00,2023-10-27 13:30:00+00:00,2,1.2408236347358779,0.8334825425246941,0.06015037593978793,2023-10-27 15:20:00+00:00,2023-10-27 15:55:00+00:00,1978.91,1986.5674285714288,7.657428571428682,1.5833333333333333,True,291428,291429,6,1978.85,0.9703588143526004,0.2664079698518923,1.0852207007200996,-2.5674415133763104,-1.0,stop,2023,2023-10,2023-10-27,0.03917764262527461,-1.0391776426252746,0.03-0.05R,2023-10-27 15:50:00+00:00,1.8871428571428948,1983.171183042738,1978.85,0.028081123244904894,below,below,1.3300000000001546,11,Friday,london_ny_overlap,-2.2580076683697796,0.7047691143074108,False,True,False,True,False,False,False,False,False,True,True,True,True,False,False,False,True,False,True,True,True,2023-10-27 15:45:00+00:00,1980.41,1982.7827306469208,2.64071428571432,-0.8985185030264804,True,False,8,3,2,True,True,True,False,False,2023-10-27 15:55:00+00:00|supply|1978.91
14657,15min,m15_2c_1atr,demand,1983.44,1976.88,2023-10-27 16:45:00+00:00,2023-10-27 16:00:00+00:00,2023-10-27 16:15:00+00:00,2023-10-27 16:30:00+00:00,2,1.7510980966324945,1.9209370424597045,0.49390243902439573,2023-10-27 16:45:00+00:00,2023-10-27 17:10:00+00:00,1985.45,1976.359142857143,9.090857142856976,0.0,True,291443,291444,4,1985.46,0.8985507246376907,2.63121503551452,0.7469042680243985,1.3442076811867774,1.0,tp1,2023,2023-10,2023-10-27,0.033000188572506736,0.9669998114274932,0.03-0.05R,2023-10-27 17:05:00+00:00,2.6964285714285876,1983.3077802738032,1985.46,0.913043478260866,inside,inside,1.3300000000001546,13,Friday,ny_main,0.7944655938213249,0.4932450331126372,True,False,False,True,False,False,False,False,False,True,True,True,False,False,True,False,False,False,True,True,True,2023-10-27 17:00:00+00:00,1984.54,1982.7101744988533,3.955714285714326,0.462577772048616,True,False,11,4,2,True,False,False,False,True,2023-10-27 17:10:00+00:00|demand|1985.45
14665,15min,m15_2c_1atr,demand,2000.08,1995.0,2023-10-30 15:15:00+00:00,2023-10-30 14:30:00+00:00,2023-10-30 14:45:00+00:00,2023-10-30 15:00:00+00:00,2,2.276718659734324,2.0543038705950223,0.03937007874016699,2023-10-30 15:30:00+00:00,2023-10-30 16:05:00+00:00,2000.75,1994.5775714285714,6.172428571428554,0.25,True,291718,291719,6,2000.7,0.5912806539509617,0.2818987664035943,1.189159164024338,-0.5880991506006165,-1.0,stop,2023,2023-10,2023-10-30,0.04860323558682634,-1.0486032355868264,0.03-0.05R,2023-10-30 16:00:00+00:00,2.0257142857142787,1999.1633687356236,2000.7,0.7220708446866589,above,above,1.6400000000001,12,Monday,ny_main,0.7832453350235962,0.8095909732017447,True,False,False,True,False,False,False,False,False,True,False,False,False,True,True,True,True,False,True,True,True,2023-10-30 16:00:00+00:00,2000.56,1998.7412212427935,2.926428571428557,0.6215011618474678,True,False,2,2,1,True,True,True,False,False,2023-10-30 16:05:00+00:00|demand|2000.75
14726,15min,m15_2c_1atr,demand,1988.08,1986.91,2023-11-03 14:45:00+00:00,2023-11-03 14:00:00+00:00,2023-11-03 14:15:00+00:00,2023-11-03 14:30:00+00:00,2,6.520435166127671,0.48162305204345307,0.09401709401721527,2023-11-03 15:25:00+00:00,2023-11-03 15:40:00+00:00,1996.46,1986.0945714285715,10.365428571428538,0.6666666666666666,True,292817,292818,2,1996.46,0.6796116504854064,0.3502025965434446,1.1490118250227521,-1.2204029879544767,-1.0,stop,2023,2023-11,2023-11-03,0.028942363350698844,-1.0289423633506989,<=0.03R,2023-11-03 15:35:00+00:00,4.7578571428571355,1995.9875377984267,1996.46,0.8155339805825318,above,above,1.7000000000000455,11,Friday,london_ny_overlap,0.09930146857868662,0.35730370815193924,True,False,True,True,True,False,False,True,True,True,True,False,True,False,True,True,True,False,True,True,True,2023-11-03 15:30:00+00:00,1998.76,1994.9335569244931,4.730714285714287,0.808851020037687,True,False,5,3,2,True,True,True,False,False,2023-11-03 15:40:00+00:00|demand|1996.46
14820,15min,m15_2c_1atr,demand,1962.21,1955.46,2023-11-15 17:45:00+00:00,2023-11-15 16:45:00+00:00,2023-11-15 17:00:00+00:00,2023-11-15 17:30:00+00:00,3,1.0703363914373099,1.9266055045871577,0.6977777777777832,2023-11-15 17:45:00+00:00,2023-11-15 17:50:00+00:00,1963.41,1955.065,8.345000000000027,0.0,True,295036,295037,0,1963.41,1.0,2.9418813660874625,0.8232474535650205,2.0742959856201186,1.0,tp1,2023,2023-11,2023-11-15,0.035949670461353986,0.964050329538646,0.03-0.05R,2023-11-15 17:45:00+00:00,2.054285714285714,1960.908847305135,1963.41,1.0,below,below,2.8600000000001273,12,Wednesday,ny_main,1.2175291282375513,1.3922114047288523,True,False,False,True,False,False,True,True,True,True,True,True,False,False,False,False,False,True,True,True,True,2023-11-15 17:45:00+00:00,1963.14,1962.2688770591644,3.540714285714281,0.24603028387531725,True,False,2,2,1,True,False,False,True,False,2023-11-15 17:50:00+00:00|demand|1963.41
14868,15min,m15_2c_1atr,demand,2000.31,1993.88,2023-11-21 16:15:00+00:00,2023-11-21 15:30:00+00:00,2023-11-21 15:45:00+00:00,2023-11-21 16:00:00+00:00,2,1.7997293640054437,2.4362652232746753,0.09331259720064568,2023-11-21 16:15:00+00:00,2023-11-21 16:30:00+00:00,2001.42,1993.4027142857144,8.017285714285663,0.0,True,296103,296104,2,2001.47,0.7248908296943704,0.7670925322071831,1.1500151458455945,-1.1263163521676416,-1.0,stop,2023,2023-11,2023-11-21,0.037419147912546344,-1.0374191479125463,0.03-0.05R,2023-11-21 16:25:00+00:00,2.4064285714285427,1999.0441999409989,2001.47,0.7772925764192145,above,above,2.3799999999998818,11,Tuesday,london_ny_overlap,0.987272212110938,0.9890175126149819,True,False,False,True,False,False,False,True,True,True,True,True,False,True,True,False,True,False,True,True,True,2023-11-21 16:15:00+00:00,2001.47,1995.7637936775875,2.7978571428570995,2.0394916648909014,True,True,1,1,1,True,True,True,False,False,2023-11-21 16:30:00+00:00|demand|2001.42
14961,15min,m15_2c_1atr,supply,2038.35,2032.77,2023-11-30 16:45:00+00:00,2023-11-30 16:00:00+00:00,2023-11-30 16:15:00+00:00,2023-11-30 16:30:00+00:00,2,1.2547016484792026,1.8137915022057098,0.21326164874553227,2023-11-30 16:45:00+00:00,2023-11-30 17:10:00+00:00,2032.63,2038.8545714285713,6.224571428571153,0.0,True,297957,297958,4,2032.71,0.9082278481012731,0.02570458092354316,1.1052969797117715,-3.760901496373961,-1.0,stop,2023,2023-11,2023-11-30,0.04819608923161877,-1.0481960892316187,0.03-0.05R,2023-11-30 17:05:00+00:00,2.63999999999997,2035.2479418488888,2032.71,0.0,below,below,2.230000000000018,12,Thursday,ny_main,-0.9916446397305707,0.8446969696969862,False,True,False,True,False,False,False,False,False,True,True,True,False,False,False,False,True,False,True,True,True,2023-11-30 17:00:00+00:00,2033.7,2036.4719854577256,3.6542857142856713,-0.7585573965629112,True,False,1,1,1,True,True,True,False,False,2023-11-30 17:10:00+00:00|supply|2032.63
14983,15min,m15_2c_1atr,demand,2064.57,2057.86,2023-12-04 10:45:00+00:00,2023-12-04 10:00:00+00:00,2023-12-04 10:15:00+00:00,2023-12-04 10:30:00+00:00,2,1.0019531249999474,1.3105468750000266,0.02682563338305366,2023-12-04 12:10:00+00:00,2023-12-04 12:35:00+00:00,2068.39,2057.4230000000002,10.966999999999643,1.4166666666666667,True,298454,298455,4,2068.4,0.9661016949152847,0.31731558311298724,1.1324883742135932,-4.050332816631831,-1.0,stop,2023,2023-12,2023-12-04,0.027354791647671173,-1.027354791647671,<=0.03R,2023-12-04 12:30:00+00:00,2.254285714285678,2068.108595825438,2068.4,0.9717514124295324,missing,missing,,7,Monday,asia_late,0.12483074917194092,,True,False,True,True,True,False,False,False,False,True,True,True,False,False,False,False,True,False,False,True,True,2023-12-04 12:30:00+00:00,2067.35,2068.909300531757,5.064285714285688,-0.307901374394874,False,False,2,2,1,True,False,False,False,False,2023-12-04 12:35:00+00:00|demand|2068.39
15044,15min,m15_2c_1atr,demand,2011.17,2002.6,2023-12-08 17:15:00+00:00,2023-12-08 16:15:00+00:00,2023-12-08 16:30:00+00:00,2023-12-08 17:00:00+00:00,3,1.056363636363633,1.8178787878788103,0.5099183197199308,2023-12-08 17:15:00+00:00,2023-12-08 17:20:00+00:00,2013.05,2001.9007142857142,11.149285714285725,0.0,True,299615,299616,0,2013.02,0.4947089947089694,0.16862066756359476,1.0547760907168924,-2.881798962137215,-1.0,stop,2023,2023-12,2023-12-08,0.026907553334614618,-1.0269075533346146,<=0.03R,2023-12-08 17:15:00+00:00,3.6628571428571894,2010.3564620767168,2013.02,0.719576719576732,below,below,1.7800000000002,12,Friday,ny_main,0.7353652676670115,0.48595943837758354,True,False,True,True,True,False,True,True,True,True,False,False,False,False,False,False,False,False,True,True,True,2023-12-08 17:15:00+00:00,2013.74,2013.789235582543,4.972857142857184,-0.009900864056315368,False,False,0,0,0,False,False,False,True,False,2023-12-08 17:20:00+00:00|demand|2013.05
15169,15min,m15_2c_1atr,demand,2043.3,2037.0,2023-12-21 16:45:00+00:00,2023-12-21 16:00:00+00:00,2023-12-21 16:15:00+00:00,2023-12-21 16:30:00+00:00,2,1.0689804772234293,1.9132321041214746,0.3380952380952579,2023-12-21 16:45:00+00:00,2023-12-21 16:50:00+00:00,2045.92,2036.5012857142858,9.418714285714259,0.0,True,302093,302094,0,2045.96,0.9022346368715318,2.625623758171431,0.9757170375089194,1.5076367717765393,1.0,tp1,2023,2023-12,2023-12-21,0.031851481093870954,0.9681485189061291,0.03-0.05R,2023-12-21 16:45:00+00:00,2.6428571428571104,2042.917613984355,2045.96,0.9832402234637021,above,above,3.3099999999999454,11,Thursday,london_ny_overlap,1.1360379518656956,1.2524324324324272,True,False,False,True,False,False,True,True,True,True,True,True,False,False,False,False,True,False,True,True,True,2023-12-21 16:45:00+00:00,2042.09,2040.61493121084,3.5285714285714027,0.4180356892355958,True,False,1,1,1,True,True,True,False,False,2023-12-21 16:50:00+00:00|demand|2045.92
15192,15min,m15_2c_1atr,supply,2063.9,2061.93,2023-12-26 16:00:00+00:00,2023-12-26 15:15:00+00:00,2023-12-26 15:30:00+00:00,2023-12-26 15:45:00+00:00,2,2.599659284497344,1.5661555934129843,0.050761421319744225,2023-12-26 16:25:00+00:00,2023-12-26 16:40:00+00:00,2056.65,2064.2022857142856,7.552285714285517,0.4166666666666667,True,302643,302644,2,2056.7,1.0,0.2780615140165654,1.0102901675935791,-2.9461279461280228,-1.0,stop,2023,2023-12,2023-12-26,0.039723073430939636,-1.0397230734309397,0.03-0.05R,2023-12-26 16:35:00+00:00,1.4092857142856832,2059.7396085802743,2056.7,0.0,below,below,1.2099999999995816,11,Tuesday,london_ny_overlap,-2.1923223580253413,0.8585909782055001,False,True,False,True,False,False,False,True,True,True,True,True,False,False,True,True,True,False,True,True,True,2023-12-26 16:30:00+00:00,2055.83,2059.912462105032,1.849285714285705,-2.207588623810251,True,False,5,3,2,True,True,True,False,False,2023-12-26 16:40:00+00:00|supply|2056.65
15483,15min,m15_2c_1atr,demand,2012.67,2012.2,2024-01-25 01:15:00+00:00,2024-01-24 23:30:00+00:00,2024-01-24 23:45:00+00:00,2024-01-25 01:00:00+00:00,2,2.5966754155730705,0.2878390201225027,0.19148936170242617,2024-01-25 15:30:00+00:00,2024-01-25 15:35:00+00:00,2018.23,2011.739,6.4909999999999854,14.25,True,308390,308391,0,2018.28,0.15219421101772887,1.3326143891542306,0.8812201509782838,0.5869665690956638,1.0,tp1,2024,2024-01,2024-01-25,0.0462178400862734,0.9537821599137266,0.03-0.05R,2024-01-25 15:30:00+00:00,2.0071428571428833,2016.4707920543735,2018.28,0.8039215686274389,above,above,3.5499999999999545,10,Thursday,london_ny_overlap,0.8764737095647857,1.7686832740213065,True,False,False,True,False,False,True,True,True,False,False,False,True,False,True,True,True,False,True,True,True,2024-01-25 15:30:00+00:00,2019.14,2016.6433052806747,2.663571428571426,0.9373485135574173,True,False,5,3,2,True,False,True,False,False,2024-01-25 15:35:00+00:00|demand|2018.23
15614,15min,m15_2c_1atr,supply,2044.58,2040.23,2024-02-07 17:30:00+00:00,2024-02-07 16:45:00+00:00,2024-02-07 17:00:00+00:00,2024-02-07 17:15:00+00:00,2,1.1105539092774135,1.3881923865967305,0.47816091954022316,2024-02-07 17:30:00+00:00,2024-02-07 18:00:00+00:00,2038.32,2045.0005714285714,6.680571428571511,0.0,True,310903,310904,5,2038.36,0.8068181818182273,2.713839705756514,0.39218202035755284,1.0328457788041752,1.0,tp1,2024,2024-02,2024-02-07,0.044906338208878065,0.955093661791122,0.03-0.05R,2024-02-07 17:55:00+00:00,2.2042857142857235,2039.4426378304115,2038.36,0.07954545454538262,above,above,2.769999999999982,13,Wednesday,ny_main,-0.5092977843733639,1.2566429034348536,False,True,False,True,False,False,False,False,False,True,True,True,False,False,False,False,False,False,True,True,True,2024-02-07 17:45:00+00:00,2038.36,2038.6877374779747,3.366428571428579,-0.09735465078817936,True,True,1,1,1,True,False,False,True,False,2024-02-07 18:00:00+00:00|supply|2038.32
15849,15min,m15_2c_1atr,demand,2116.33,2108.09,2024-03-04 19:00:00+00:00,2024-03-04 18:15:00+00:00,2024-03-04 18:30:00+00:00,2024-03-04 18:45:00+00:00,2,1.1180281690141276,1.6247887323943648,0.2609223300971053,2024-03-04 19:00:00+00:00,2024-03-04 19:05:00+00:00,2116.79,2107.4320000000002,9.35799999999972,0.0,True,315847,315848,0,2116.78,0.7314285714285559,2.670442402222802,0.6721521692669536,1.600769395169958,1.0,tp1,2024,2024-03,2024-03-04,0.03205813207950513,0.9679418679204949,0.03-0.05R,2024-03-04 19:00:00+00:00,3.2749999999999284,2116.615686267534,2116.78,0.14285714285714285,above,above,1.5899999999996908,14,Monday,ny_main,0.05322556716521926,0.48549618320602306,True,False,False,True,False,False,True,True,True,True,True,True,False,False,False,False,True,False,True,True,True,2024-03-04 19:00:00+00:00,2115.91,2111.9303876379445,5.177142857142728,0.7686889220305831,True,False,0,0,0,False,False,True,False,False,2024-03-04 19:05:00+00:00|demand|2116.79
15891,15min,m15_2c_1atr,demand,2158.12,2156.8,2024-03-08 08:45:00+00:00,2024-03-08 07:45:00+00:00,2024-03-08 08:00:00+00:00,2024-03-08 08:30:00+00:00,3,2.1909814323606867,0.8169761273207623,0.25,2024-03-08 15:30:00+00:00,2024-03-08 15:35:00+00:00,2178.25,2156.146285714286,22.103714285713977,6.75,True,316909,316910,0,2178.31,0.48724781119145466,0.7663870325607981,0.6546411075061723,0.20358569341933766,0.20358569341933766,time,2024,2024-03,2024-03-08,0.013572379561289177,0.19001331385804848,<=0.03R,2024-03-08 15:30:00+00:00,2.92928571428573,2168.7238534064645,2178.31,0.8115721355157902,above,above,2.3899999999998727,10,Friday,london_ny_overlap,3.2520373642891025,0.8158985613264579,True,False,True,True,True,True,True,True,True,True,False,False,True,False,True,True,True,False,True,True,True,2024-03-08 15:30:00+00:00,2180.81,2169.7654702622976,3.8228571428571416,2.889077285647091,True,False,8,4,2,True,True,True,False,False,2024-03-08 15:35:00+00:00|demand|2178.25
15896,15min,m15_2c_1atr,demand,2166.67,2164.62,2024-03-08 15:45:00+00:00,2024-03-08 15:00:00+00:00,2024-03-08 15:15:00+00:00,2024-03-08 15:30:00+00:00,2,4.067638266068689,0.5362481315396591,0.33658536585343346,2024-03-08 16:05:00+00:00,2024-03-08 16:45:00+00:00,2169.85,2163.6181428571426,6.2318571428572795,0.3333333333333333,True,316923,316924,7,2169.65,0.7845433255269141,4.0662036081882755,0.311303670082298,2.086055521169979,1.0,tp1,2024,2024-03,2024-03-08,0.04813974279623029,0.9518602572037698,0.03-0.05R,2024-03-08 16:40:00+00:00,5.14285714285724,2169.291376984676,2169.65,0.7845433255269141,above,above,2.3899999999998727,11,Friday,london_ny_overlap,0.10862114186854845,0.4647222222221887,True,False,False,True,False,False,False,False,False,True,True,True,True,False,True,True,True,False,True,True,True,2024-03-08 16:30:00+00:00,2169.65,2169.5643338057885,5.881428571428581,0.014565541886844351,True,True,3,2,2,True,True,True,False,False,2024-03-08 16:45:00+00:00|demand|2169.85
15922,15min,m15_2c_1atr,supply,2180.91,2179.65,2024-03-12 05:15:00+00:00,2024-03-12 04:15:00+00:00,2024-03-12 04:30:00+00:00,2024-03-12 05:00:00+00:00,3,1.868764044944095,0.7928089887639447,0.14285714285703974,2024-03-12 14:40:00+00:00,2024-03-12 14:55:00+00:00,2172.57,2181.7434285714285,9.173428571428303,9.416666666666666,True,317465,317466,2,2172.57,0.8308115543328719,2.3927803905691345,0.16351574423023496,0.7052979101131078,1.0,tp1,2024,2024-03,2024-03-12,0.03270314884604699,0.967296851153953,0.03-0.05R,2024-03-12 14:50:00+00:00,3.964285714285747,2174.5999395213194,2172.57,0.14030261348005288,inside,below,5.989999999999782,10,Tuesday,london_ny_overlap,-0.512056816188621,1.5109909909909236,False,True,False,True,False,False,False,True,True,True,True,True,True,False,True,False,True,False,True,True,True,2024-03-12 14:45:00+00:00,2169.85,2173.3986577561786,4.209285714285735,-0.8430546171135573,True,False,7,4,2,True,True,False,False,True,2024-03-12 14:55:00+00:00|supply|2172.57
15964,15min,m15_2c_1atr,demand,2160.04,2156.51,2024-03-15 16:15:00+00:00,2024-03-15 15:30:00+00:00,2024-03-15 15:45:00+00:00,2024-03-15 16:00:00+00:00,2,1.4513089005235345,1.0349738219894737,0.3682719546742991,2024-03-15 16:40:00+00:00,2024-03-15 16:50:00+00:00,2163.72,2156.0080000000003,7.711999999999534,0.4166666666666667,True,318316,318317,1,2163.71,0.9969135802469864,0.3851141078838737,1.026970954356859,-0.5718360995850779,-1.0,stop,2024,2024-03,2024-03-15,0.03890041493776168,-1.0389004149377616,0.03-0.05R,2024-03-15 16:45:00+00:00,2.3142857142856235,2161.991118358268,2163.71,0.9969135802469864,below,below,3.1900000000000546,12,Friday,ny_main,0.7470476229705308,1.3783950617284728,True,False,False,True,False,False,True,True,True,True,True,True,False,False,False,False,False,False,True,True,True,2024-03-15 16:45:00+00:00,2164.34,2161.8249777957135,3.9264285714284597,0.6405368539205771,True,False,3,2,1,True,False,False,True,False,2024-03-15 16:50:00+00:00|demand|2163.72
16007,15min,m15_2c_1atr,demand,2198.82,2192.45,2024-03-21 03:15:00+00:00,2024-03-21 02:30:00+00:00,2024-03-21 02:45:00+00:00,2024-03-21 03:00:00+00:00,2,1.736694214875999,0.7370247933884669,0.4615384615383737,2024-03-21 10:40:00+00:00,2024-03-21 11:10:00+00:00,2202.49,2192.056,10.433999999999742,7.416666666666667,True,319352,319353,5,2202.5,0.8211009174312376,0.8894000383362497,1.0331608203948641,-3.494345409239073,-1.0,stop,2024,2024-03,2024-03-21,0.02875215641173159,-1.0287521564117317,<=0.03R,2024-03-21 11:05:00+00:00,1.9650000000000156,2201.684068728645,2202.5,0.9633027522936086,missing,missing,,7,Thursday,asia_late,0.41014314063861934,,True,False,True,True,True,False,False,False,False,True,True,True,True,False,True,False,False,False,False,True,True,2024-03-21 11:00:00+00:00,2202.44,2203.2911915411464,3.1421428571428742,-0.2708952392827693,False,False,0,0,0,False,False,False,False,False,2024-03-21 11:10:00+00:00|demand|2202.49
16011,15min,m15_2c_1atr,demand,2204.3,2196.89,2024-03-21 11:15:00+00:00,2024-03-21 10:30:00+00:00,2024-03-21 10:45:00+00:00,2024-03-21 11:00:00+00:00,2,1.4194135030688833,2.3582632416459144,0.7408906882590489,2024-03-21 11:15:00+00:00,2024-03-21 11:25:00+00:00,2204.6,2196.4725714285714,8.127428571428482,0.0,True,319355,319356,1,2204.61,0.8764478764479741,0.8821978485551758,1.135660549813697,-4.657069535259831,-1.0,stop,2024,2024-03,2024-03-21,0.03691204387260112,-1.0369120438726012,0.03-0.05R,2024-03-21 11:20:00+00:00,2.141428571428573,2202.550995300309,2204.61,0.8764478764479741,missing,missing,,7,Thursday,asia_late,0.9568400865802178,,True,False,False,True,False,False,True,True,True,True,True,True,False,True,False,False,False,True,False,True,True,2024-03-21 11:15:00+00:00,2204.77,2203.6198156431137,3.2435714285714505,0.35460429412921135,True,False,5,4,2,True,False,False,False,False,2024-03-21 11:25:00+00:00|demand|2204.6
16053,15min,m15_2c_1atr,supply,2183.69,2179.15,2024-03-26 17:15:00+00:00,2024-03-26 16:30:00+00:00,2024-03-26 16:45:00+00:00,2024-03-26 17:00:00+00:00,2,1.308770408900398,0.9183643982083375,0.22466960352422688,2024-03-26 19:30:00+00:00,2024-03-26 19:45:00+00:00,2177.35,2183.9102857142857,6.560285714285783,2.25,True,320283,320284,2,2177.4,0.6696428571429224,0.5914376551544027,2.5273289490875457,-2.088323679282281,-1.0,stop,2024,2024-03,2024-03-26,0.04572971560472057,-1.0457297156047205,0.03-0.05R,2024-03-26 19:40:00+00:00,1.1371428571428948,2177.6221344839946,2177.4,0.05357142857138507,below,below,4.069999999999709,15,Tuesday,ny_main,-0.23931424471895382,3.5791457286428416,False,True,False,True,False,False,False,True,True,True,True,False,True,False,False,False,True,False,True,True,True,2024-03-26 19:30:00+00:00,2177.4,2177.3851849653784,3.2128571428571115,0.004611171291780148,False,True,0,0,0,False,False,True,False,False,2024-03-26 19:45:00+00:00|supply|2177.35
16130,15min,m15_2c_1atr,demand,2276.74,2273.51,2024-04-03 17:15:00+00:00,2024-04-03 16:15:00+00:00,2024-04-03 16:30:00+00:00,2024-04-03 17:00:00+00:00,3,1.1795048143053892,0.7775103163685351,0.23219814241489206,2024-04-03 17:15:00+00:00,2024-04-03 17:20:00+00:00,2279.04,2272.819142857143,6.2208571428568575,0.0,True,321622,321623,0,2279.09,0.096952908587229,4.134478482524457,0.778027832636811,2.3517659486521256,1.0,tp1,2024,2024-04,2024-04-03,0.04822486565930502,0.9517751343406949,0.03-0.05R,2024-04-03 17:15:00+00:00,3.5271428571428323,2277.3609971706273,2279.09,0.8614958448753511,above,above,2.9699999999998,13,Wednesday,ny_main,0.4760234834187294,0.8420413122721242,True,False,False,True,False,False,True,True,True,False,False,False,True,False,False,False,True,False,True,True,True,2024-04-03 17:15:00+00:00,2276.11,2275.389799783604,4.306428571428569,0.16723839823433256,True,False,4,3,2,True,False,True,False,False,2024-04-03 17:20:00+00:00|demand|2279.04
16170,15min,m15_2c_1atr,demand,2344.62,2339.27,2024-04-09 06:00:00+00:00,2024-04-09 04:45:00+00:00,2024-04-09 05:00:00+00:00,2024-04-09 05:45:00+00:00,4,1.5552238805968417,1.5970149253730577,0.42056074766355855,2024-04-09 06:00:00+00:00,2024-04-09 06:10:00+00:00,2346.42,2338.923,7.497000000000298,0.0,True,322592,322593,1,2346.49,0.9239999999999782,2.5210084033612565,1.081766039749207,0.9390422835800565,1.0,tp1,2024,2024-04,2024-04-09,0.04001600640255943,0.9599839935974406,0.03-0.05R,2024-04-09 06:05:00+00:00,1.714285714285617,2344.325768619179,2346.49,0.9679999999998472,missing,missing,,2,Tuesday,post_close,1.2216349721456115,,True,False,False,True,False,False,True,True,True,True,True,True,False,False,True,False,False,False,False,True,True,2024-04-09 06:00:00+00:00,2344.64,2343.098874751321,3.5085714285715506,0.43924579563318794,True,False,5,3,2,True,False,False,False,False,2024-04-09 06:10:00+00:00|demand|2346.42
16183,15min,m15_2c_1atr,demand,2339.66,2321.96,2024-04-10 16:45:00+00:00,2024-04-10 16:00:00+00:00,2024-04-10 16:15:00+00:00,2024-04-10 16:30:00+00:00,2,1.5811938721605234,2.618066561014221,0.9101694915254402,2024-04-10 16:45:00+00:00,2024-04-10 17:10:00+00:00,2343.6,2320.6498571428574,22.95014285714251,0.0,True,323000,323001,4,2343.59,0.9197651663404948,0.38256842472192726,0.7769014820947356,-0.18474830533267095,-0.18474830533267095,time,2024,2024-04,2024-04-10,0.013071814056557579,-0.19782011938922853,<=0.03R,2024-04-10 17:05:00+00:00,6.8671428571428805,2334.146103774636,2343.59,0.9393346379647871,below,below,3.3200000000001637,13,Wednesday,ny_main,1.3766855331297838,0.48346161847308233,True,False,True,True,True,True,False,False,False,True,True,True,False,True,True,False,False,True,True,True,True,2024-04-10 17:00:00+00:00,2342.03,2336.915244735735,7.98500000000003,0.6405454307157288,True,False,1,1,1,True,False,False,True,False,2024-04-10 17:10:00+00:00|demand|2343.6
16193,15min,m15_2c_1atr,demand,2335.31,2329.83,2024-04-11 13:15:00+00:00,2024-04-11 12:30:00+00:00,2024-04-11 12:45:00+00:00,2024-04-11 13:00:00+00:00,2,1.0460490951441446,1.3746640387027473,0.26824817518244437,2024-04-11 13:15:00+00:00,2024-04-11 13:20:00+00:00,2335.53,2329.4232857142856,6.106714285714588,0.0,True,323230,323231,0,2335.65,0.22775800711739683,10.666947388120255,0.6124406391091857,9.442066109901958,1.0,tp1,2024,2024-04,2024-04-11,0.04912625447399574,0.9508737455260042,0.03-0.05R,2024-04-11 13:15:00+00:00,2.1721428571429118,2333.176204191689,2335.65,0.5444839857652063,missing,above,,9,Thursday,london_ny_overlap,1.0836284549935888,,True,False,False,True,False,False,True,True,True,False,False,False,False,False,False,False,True,False,True,True,True,2024-04-11 13:15:00+00:00,2335.02,2333.1882775130707,4.056428571428569,0.45156039473516,True,False,9,4,2,True,False,False,False,False,2024-04-11 13:20:00+00:00|demand|2335.53
16206,15min,m15_2c_1atr,demand,2399.92,2394.4,2024-04-12 16:45:00+00:00,2024-04-12 16:00:00+00:00,2024-04-12 16:15:00+00:00,2024-04-12 16:30:00+00:00,2,1.6197411003236521,1.2504854368932052,0.07246376811595874,2024-04-12 16:45:00+00:00,2024-04-12 16:50:00+00:00,2402.81,2393.5614285714287,9.248571428571267,0.0,True,323548,323549,0,2402.78,0.03802281368826322,3.101019462465282,2.220883534136581,-5.5684275563794605,1.0,tp1,2024,2024-04,2024-04-12,0.03243744207599686,0.9675625579240031,0.03-0.05R,2024-04-12 16:45:00+00:00,4.029285714285736,2399.124643671161,2402.78,0.6045627376426158,above,above,3.7100000000000364,12,Friday,ny_main,0.9146425918054883,0.9207587307215073,True,False,False,True,False,False,True,True,True,False,False,False,False,False,True,False,True,False,True,True,True,2024-04-12 16:45:00+00:00,2404.24,2398.8534365101223,4.647857142857122,1.1589348218577775,True,False,0,0,0,False,False,True,False,False,2024-04-12 16:50:00+00:00|demand|2402.81
16215,15min,m15_2c_1atr,supply,2362.48,2356.08,2024-04-15 10:00:00+00:00,2024-04-15 08:45:00+00:00,2024-04-15 09:00:00+00:00,2024-04-15 09:45:00+00:00,4,1.807947019867595,1.854304635761592,0.6109374999999686,2024-04-15 10:05:00+00:00,2024-04-15 10:10:00+00:00,2355.43,2363.011,7.581000000000131,0.08333333333333333,True,323744,323745,0,2355.56,0.7240143369175657,4.106318427647951,1.588180978762664,-1.6752407334124857,1.0,tp1,2024,2024-04,2024-04-15,0.03957261574990038,0.9604273842500997,0.03-0.05R,2024-04-15 10:05:00+00:00,2.602142857142813,2356.0990307364514,2355.56,0.7741935483870547,missing,missing,,6,Monday,asia_late,-0.2571076121416856,,False,True,False,True,False,False,True,True,True,True,True,True,False,False,True,False,False,False,False,True,True,2024-04-15 10:00:00+00:00,2353.34,2356.6512728758134,3.617142857142913,-0.9154387887319413,True,False,5,3,2,True,False,False,False,False,2024-04-15 10:10:00+00:00|supply|2355.43
16216,15min,m15_2c_1atr,supply,2356.07,2349.05,2024-04-15 11:45:00+00:00,2024-04-15 11:00:00+00:00,2024-04-15 11:15:00+00:00,2024-04-15 11:30:00+00:00,2,1.7867635444637222,1.5523613963038874,0.17806267806267853,2024-04-15 11:50:00+00:00,2024-04-15 12:25:00+00:00,2348.72,2356.575285714286,7.85528571428631,0.08333333333333333,True,323771,323772,6,2348.68,0.7712765957447812,0.29534253550833345,1.057886409514947,-2.7268263407712574,-1.0,stop,2024,2024-04,2024-04-15,0.03819084510884101,-1.038190845108841,0.03-0.05R,2024-04-15 12:20:00+00:00,2.567857142857195,2349.7850280613156,2348.68,0.22872340425521878,missing,missing,,8,Monday,london_ny_overlap,-0.41475362610351874,,False,True,False,True,False,False,False,False,False,True,True,True,False,False,True,False,True,False,True,True,True,2024-04-15 12:15:00+00:00,2347.91,2350.602928187467,4.544285714285739,-0.5925965832213365,True,False,1,1,1,True,True,False,False,False,2024-04-15 12:25:00+00:00|supply|2348.72
16220,15min,m15_2c_1atr,demand,2367.16,2363.43,2024-04-15 22:00:00+00:00,2024-04-15 20:45:00+00:00,2024-04-15 21:00:00+00:00,2024-04-15 21:45:00+00:00,4,1.814846731503173,0.6428659362304596,0.15817694369977015,2024-04-16 10:50:00+00:00,2024-04-16 11:20:00+00:00,2369.55,2362.890857142857,6.659142857143252,12.833333333333334,True,324034,324035,5,2369.55,0.724444444444493,4.314369073668602,0.8995151671171573,3.522975929977915,1.0,tp1,2024,2024-04,2024-04-16,0.04505084309434667,0.9549491569056533,0.03-0.05R,2024-04-16 11:15:00+00:00,2.7507142857143014,2368.5409392219417,2369.55,0.7911111111112,missing,missing,,7,Tuesday,asia_late,0.3668359099667277,,True,False,False,True,False,False,False,False,False,True,True,True,True,False,True,False,True,False,False,True,True,2024-04-16 11:15:00+00:00,2369.96,2371.6668830887756,4.505000000000011,-0.37888636820768207,False,False,3,3,2,True,False,False,False,False,2024-04-16 11:20:00+00:00|demand|2369.55
16244,15min,m15_2c_1atr,demand,2384.5,2378.35,2024-04-17 16:15:00+00:00,2024-04-17 15:30:00+00:00,2024-04-17 15:45:00+00:00,2024-04-17 16:00:00+00:00,2,1.8342391304347994,1.671195652173953,0.6260162601625776,2024-04-17 18:15:00+00:00,2024-04-17 18:50:00+00:00,2387.55,2377.6382857142858,9.911714285714424,2.0,True,324400,324401,6,2387.54,0.5813253012047414,0.03531175232768339,1.4528263814822178,-0.06658787581796576,-1.0,stop,2024,2024-04,2024-04-17,0.030267216280879344,-1.0302672162808792,0.03-0.05R,2024-04-17 18:45:00+00:00,3.5664285714285273,2387.161780677428,2387.54,0.9668674698794814,below,below,5.930000000000291,14,Wednesday,ny_main,0.10885380564813603,1.6627278189466272,True,False,False,True,False,False,False,False,False,True,False,False,False,False,True,False,False,False,True,True,True,2024-04-17 18:45:00+00:00,2382.24,2386.9732620649525,5.29214285714277,-0.8943942355154333,False,False,11,4,2,True,False,False,True,False,2024-04-17 18:50:00+00:00|demand|2387.55
16258,15min,m15_2c_1atr,demand,2379.24,2369.66,2024-04-18 18:30:00+00:00,2024-04-18 17:30:00+00:00,2024-04-18 17:45:00+00:00,2024-04-18 18:15:00+00:00,3,1.2621222768798264,1.3464511595221182,0.20354906054278005,2024-04-18 18:45:00+00:00,2024-04-18 18:55:00+00:00,2382.53,2369.0704285714282,13.459571428571962,0.25,True,324677,324678,1,2382.5,0.21875000000002962,2.624897842215202,0.725134529861902,1.274929152912895,1.0,tp1,2024,2024-04,2024-04-18,0.022288971204771076,0.977711028795229,<=0.03R,2024-04-18 18:50:00+00:00,3.0235714285714232,2382.2817610509646,2382.5,0.6197916666666716,above,above,5.119999999999891,14,Thursday,ny_main,0.08210123521138547,1.6933616820221733,True,False,True,True,True,False,True,True,True,False,False,False,False,False,False,False,True,False,True,True,True,2024-04-18 18:45:00+00:00,2384.15,2381.771507729294,7.124285714285731,0.33385694595831955,True,False,14,4,2,True,False,True,False,False,2024-04-18 18:55:00+00:00|demand|2382.53
16262,15min,m15_2c_1atr,supply,2414.84,2407.23,2024-04-19 05:45:00+00:00,2024-04-19 05:00:00+00:00,2024-04-19 05:15:00+00:00,2024-04-19 05:30:00+00:00,2,1.5780384795870743,0.9999061473486776,0.37844940867280696,2024-04-19 05:45:00+00:00,2024-04-19 06:00:00+00:00,2400.5,2415.9638571428573,15.46385714285725,0.0,True,324798,324799,2,2400.49,0.8549295774648228,2.484503034726123,0.1364471994605004,1.9380675676923809,1.0,tp1,2024,2024-04,2024-04-19,0.01940007575267661,0.9805999242473233,<=0.03R,2024-04-19 05:55:00+00:00,5.982142857142825,2404.768261480437,2400.49,0.09718309859149418,missing,missing,,2,Friday,post_close,-0.7135004265805347,,False,True,True,True,True,True,False,True,True,True,True,True,True,False,True,False,False,False,False,True,True,2024-04-19 05:45:00+00:00,2400.49,2400.314640291153,8.239999999999977,0.021281518063935353,False,True,1,1,1,True,False,False,False,False,2024-04-19 06:00:00+00:00|supply|2400.5
16263,15min,m15_2c_1atr,supply,2409.91,2399.8,2024-04-19 06:30:00+00:00,2024-04-19 05:45:00+00:00,2024-04-19 06:00:00+00:00,2024-04-19 06:15:00+00:00,2,1.4896662528299367,1.033666837070007,0.027695351137463343,2024-04-19 20:00:00+00:00,2024-04-19 20:30:00+00:00,2398.35,2410.3361428571425,11.986142857142568,13.5,True,324972,324973,5,2398.34,0.9884169884169118,6.128743906654264,0.15017341453823554,5.831734264567565,1.0,tp1,2024,2024-04,2024-04-19,0.02502890242303673,0.9749710975769633,<=0.03R,2024-04-19 20:25:00+00:00,2.110714285714234,2398.4423626990906,2398.34,0.011583011583088186,above,above,3.7100000000000364,16,Friday,ny_main,-0.04375897757258296,1.7576988155668964,False,True,True,True,True,False,False,False,False,True,True,True,False,False,False,False,True,False,True,True,True,2024-04-19 20:15:00+00:00,2398.34,2395.5276497988225,4.584285714285768,0.613476204681936,False,True,3,3,2,True,False,False,True,False,2024-04-19 20:30:00+00:00|supply|2398.35
16265,15min,m15_2c_1atr,supply,2389.59,2385.57,2024-04-19 11:15:00+00:00,2024-04-19 10:30:00+00:00,2024-04-19 10:45:00+00:00,2024-04-19 11:00:00+00:00,2,1.02494802494809,0.8357588357588357,0.5547263681592111,2024-04-19 11:45:00+00:00,2024-04-19 12:15:00+00:00,2383.68,2390.059142857143,6.3791428571430515,0.5,True,324873,324874,5,2383.69,0.8648648648646822,1.7102611188246664,1.2446813275406166,3.7403144175212213,1.0,tp1,2024,2024-04,2024-04-19,0.047028261745866794,0.9529717382541332,0.03-0.05R,2024-04-19 12:10:00+00:00,2.450714285714217,2384.212755469259,2383.69,0.06756756756750529,missing,missing,,8,Friday,london_ny_overlap,-0.21738783356531127,,False,True,False,True,False,False,False,False,False,True,True,True,True,False,False,False,False,False,True,True,True,2024-04-19 12:00:00+00:00,2383.69,2384.2817828028087,5.058571428571375,-0.1169861513600877,True,True,2,2,2,True,False,False,False,False,2024-04-19 12:15:00+00:00|supply|2383.68
16286,15min,m15_2c_1atr,supply,2347.41,2343.76,2024-04-22 16:00:00+00:00,2024-04-22 15:15:00+00:00,2024-04-22 15:30:00+00:00,2024-04-22 15:45:00+00:00,2,1.8467123840258206,0.6871050154631612,0.17534246575340726,2024-04-22 17:50:00+00:00,2024-04-22 18:05:00+00:00,2339.86,2348.068857142857,8.208857142856687,1.8333333333333333,True,325219,325220,2,2339.84,0.6666666666666666,5.896070446556323,0.24485747102431393,1.869931432947084,1.0,tp1,2024,2024-04,2024-04-22,0.03654589119766309,0.963454108802337,0.03-0.05R,2024-04-22 18:00:00+00:00,3.1221428571428924,2340.4876913758117,2339.84,0.182648401826521,below,below,2.0799999999999272,14,Monday,ny_main,-0.20104505287946509,0.6662091054678255,False,True,False,True,False,False,False,True,True,True,True,False,True,False,True,False,True,False,True,True,True,2024-04-22 18:00:00+00:00,2336.39,2339.4181615745943,6.388571428571432,-0.4739966686529659,True,False,0,0,0,False,False,True,False,False,2024-04-22 18:05:00+00:00|supply|2339.86
16288,15min,m15_2c_1atr,supply,2337.95,2333.61,2024-04-22 20:00:00+00:00,2024-04-22 18:30:00+00:00,2024-04-22 18:45:00+00:00,2024-04-22 19:45:00+00:00,5,1.2105343279038516,0.9249505251940268,0.2741935483871289,2024-04-22 20:05:00+00:00,2024-04-22 20:15:00+00:00,2330.98,2338.3901428571426,7.410142857142546,0.08333333333333333,True,325245,325246,1,2331.09,0.7128712871286338,5.333230514160349,0.4696265736153371,0.3117348807618958,1.0,tp1,2024,2024-04,2024-04-22,0.04048504944959781,0.9595149505504021,0.03-0.05R,2024-04-22 20:10:00+00:00,2.1964285714287013,2331.9657155611003,2331.09,0.07178217821781342,below,below,2.0799999999999272,16,Monday,ny_main,-0.4487810684683928,0.9469918699186101,False,True,False,True,False,False,True,True,True,True,True,True,True,False,False,False,True,False,True,True,True,2024-04-22 20:00:00+00:00,2331.09,2332.900059094475,4.478571428571448,-0.40415992540112283,True,True,0,0,0,False,False,True,False,False,2024-04-22 20:15:00+00:00|supply|2330.98
16296,15min,m15_2c_1atr,supply,2309.74,2306.28,2024-04-23 12:15:00+00:00,2024-04-23 11:15:00+00:00,2024-04-23 11:30:00+00:00,2024-04-23 12:00:00+00:00,3,2.2655145326001587,0.7610369206597872,0.15317919075152145,2024-04-23 13:55:00+00:00,2024-04-23 14:05:00+00:00,2301.54,2310.1362857142853,8.596285714285386,1.6666666666666667,True,325447,325448,1,2301.61,0.7467811158797579,0.19310665736031218,1.027187821982947,-1.5750988799149692,-1.0,stop,2024,2024-04,2024-04-23,0.034898793498854656,-1.0348987934988547,0.03-0.05R,2024-04-23 14:00:00+00:00,1.9635714285713806,2302.205176696728,2301.61,0.253218884120242,above,above,5.179999999999836,10,Tuesday,london_ny_overlap,-0.3387585941866638,2.638050200072735,False,True,False,True,False,False,True,True,True,True,True,True,True,False,True,True,True,False,True,True,True,2024-04-23 14:00:00+00:00,2300.41,2300.999002938651,4.249285714285601,-0.13861222291333186,True,False,6,4,2,True,True,False,True,False,2024-04-23 14:05:00+00:00|supply|2301.54
16299,15min,m15_2c_1atr,demand,2316.89,2310.66,2024-04-23 17:00:00+00:00,2024-04-23 16:15:00+00:00,2024-04-23 16:30:00+00:00,2024-04-23 16:45:00+00:00,2,3.146227013316374,1.1061509194673413,0.20064205457463827,2024-04-23 17:40:00+00:00,2024-04-23 18:15:00+00:00,2319.36,2309.8172857142854,9.542714285714737,0.6666666666666666,True,325497,325498,6,2319.35,0.405982905982803,1.881016182876881,0.789083668917183,0.555397535891201,1.0,tp1,2024,2024-04,2024-04-23,0.03143759637120167,0.9685624036287983,0.03-0.05R,2024-04-23 18:10:00+00:00,4.2928571428571685,2319.195604669727,2319.35,0.6752136752136021,above,above,5.179999999999836,14,Tuesday,ny_main,0.03829508525499675,1.2066555740432159,True,False,False,True,False,False,False,False,False,False,False,False,False,False,True,True,True,False,True,True,True,2024-04-23 18:00:00+00:00,2319.35,2318.9663271582904,6.820714285714303,0.05625112350961931,True,True,0,0,0,False,False,True,False,False,2024-04-23 18:15:00+00:00|demand|2319.36
16300,15min,m15_2c_1atr,supply,2330.82,2316.56,2024-04-23 17:30:00+00:00,2024-04-23 16:45:00+00:00,2024-04-23 17:00:00+00:00,2024-04-23 17:15:00+00:00,2,1.2804258407935984,2.4151947737721065,0.9144460028050325,2024-04-23 17:30:00+00:00,2024-04-23 18:05:00+00:00,2315.75,2331.723285714286,15.973285714285794,0.0,True,325495,325496,6,2315.72,0.8027444253859948,0.24540974663053824,1.3497536064679319,-0.4551349127561162,-1.0,stop,2024,2024-04,2024-04-23,0.018781358160500028,-1.0187813581605,<=0.03R,2024-04-23 18:00:00+00:00,4.48500000000003,2319.369060780569,2315.72,0.037735849056569924,above,above,5.179999999999836,14,Tuesday,ny_main,-0.8069254806173449,1.1549609810478934,False,True,True,True,True,True,False,False,False,True,True,True,False,True,False,False,False,True,True,True,True,2024-04-23 18:00:00+00:00,2319.35,2318.9663271582904,6.820714285714303,0.05625112350961931,False,False,6,3,2,True,False,False,True,False,2024-04-23 18:05:00+00:00|supply|2315.75
16309,15min,m15_2c_1atr,supply,2326.94,2324.79,2024-04-24 10:30:00+00:00,2024-04-24 09:45:00+00:00,2024-04-24 10:00:00+00:00,2024-04-24 10:15:00+00:00,2,1.6832127712645657,0.7508106759790847,0.2558139534884459,2024-04-24 16:05:00+00:00,2024-04-24 16:20:00+00:00,2317.89,2327.5617142857145,9.671714285714643,5.583333333333333,True,325750,325751,2,2317.92,0.8642857142857543,0.1840418303742542,1.2562405837345647,-0.7733892647188886,-1.0,stop,2024,2024-04,2024-04-24,0.031018286018137164,-1.0310182860181372,0.03-0.05R,2024-04-24 16:15:00+00:00,3.0521428571428584,2320.6813204689297,2317.92,0.08928571428571573,inside,inside,4.130000000000109,12,Wednesday,ny_main,-0.9145445018726314,1.3531476714252635,False,True,False,True,False,False,False,True,True,True,True,True,True,False,True,False,True,False,True,True,True,2024-04-24 16:15:00+00:00,2320.28,2319.4086063879627,3.6992857142858093,0.23555726141195593,False,False,8,4,2,True,False,False,False,True,2024-04-24 16:20:00+00:00|supply|2317.89
16316,15min,m15_2c_1atr,supply,2333.61,2330.14,2024-04-24 19:00:00+00:00,2024-04-24 18:15:00+00:00,2024-04-24 18:30:00+00:00,2024-04-24 18:45:00+00:00,2,1.4528142702181523,0.5855128359648414,0.008645533141267403,2024-04-24 20:20:00+00:00,2024-04-24 20:30:00+00:00,2324.31,2334.0698571428575,9.759857142857527,1.3333333333333333,True,325800,325801,1,2324.29,0.9068702290076797,1.9600696731508878,1.0635401572036756,-0.8002166308054489,1.0,tp1,2024,2024-04,2024-04-24,0.030738154832475845,0.9692618451675241,0.03-0.05R,2024-04-24 20:25:00+00:00,2.254285714285743,2326.719644768325,2324.29,0.06870229007631097,above,above,4.130000000000109,16,Wednesday,ny_main,-1.068917197609325,1.832065906210418,False,True,False,True,False,False,True,True,True,True,True,True,True,False,False,False,True,False,True,True,True,2024-04-24 20:15:00+00:00,2324.29,2325.4452110524285,4.8107142857143765,-0.24013295818855043,True,True,0,0,0,False,False,False,True,False,2024-04-24 20:30:00+00:00|supply|2324.31
16327,15min,m15_2c_1atr,demand,2314.36,2312.4,2024-04-25 08:15:00+00:00,2024-04-25 07:15:00+00:00,2024-04-25 07:30:00+00:00,2024-04-25 08:00:00+00:00,3,1.2031718816974546,0.5880840120017272,0.7857142857142526,2024-04-25 16:15:00+00:00,2024-04-25 16:45:00+00:00,2324.43,2311.3667142857144,13.063285714285485,8.0,True,326031,326032,5,2324.31,0.6503496503496381,2.151832288966945,0.6009207921874865,0.7096223877169495,1.0,tp1,2024,2024-04,2024-04-25,0.02296512581608255,0.9770348741839174,<=0.03R,2024-04-25 16:40:00+00:00,5.111428571428568,2321.4178467151123,2324.31,0.884615384615406,inside,inside,2.880000000000109,12,Thursday,ny_main,0.589297736003707,0.5634432643935376,True,False,True,True,True,False,False,False,False,True,True,False,True,False,False,False,False,True,True,True,True,2024-04-25 16:30:00+00:00,2324.31,2324.4171448725488,5.040714285714265,-0.021255890827312184,False,True,6,4,2,True,False,False,False,True,2024-04-25 16:45:00+00:00|demand|2324.43
16339,15min,m15_2c_1atr,demand,2329.96,2326.37,2024-04-26 04:45:00+00:00,2024-04-26 04:00:00+00:00,2024-04-26 04:15:00+00:00,2024-04-26 04:30:00+00:00,2,2.537197231833855,2.1738754325259646,0.6935933147632689,2024-04-26 17:50:00+00:00,2024-04-26 18:05:00+00:00,2335.6,2325.6582857142857,9.94171428571417,13.083333333333334,True,326323,326324,2,2335.61,0.7153024911031787,0.5844062535923683,1.1285779974709667,0.5663007242211924,-1.0,stop,2024,2024-04,2024-04-26,0.0301758822853205,-1.0301758822853204,0.03-0.05R,2024-04-26 18:00:00+00:00,3.5699999999999688,2335.0296628170468,2335.61,0.9395017793594134,below,below,3.75,14,Friday,ny_main,0.15975831455270542,1.050420168067236,True,False,False,True,False,False,False,True,True,True,True,True,False,True,True,True,False,True,True,True,True,2024-04-26 18:00:00+00:00,2334.09,2337.853537962457,5.458571428571466,-0.6894730629991228,False,False,3,3,2,True,False,False,True,False,2024-04-26 18:05:00+00:00|demand|2335.6
16342,15min,m15_2c_1atr,demand,2337.48,2334.0,2024-04-26 09:15:00+00:00,2024-04-26 08:30:00+00:00,2024-04-26 08:45:00+00:00,2024-04-26 09:00:00+00:00,2,1.477305579647347,1.4084995663486757,0.3850574712642769,2024-04-26 16:45:00+00:00,2024-04-26 17:05:00+00:00,2344.54,2333.288285714286,11.251714285714115,7.5,True,326311,326312,3,2344.46,0.7857142857143482,0.068434016403849,1.121606866255308,-0.714557781671372,-1.0,stop,2024,2024-04,2024-04-26,0.02666260379370803,-1.026662603793708,<=0.03R,2024-04-26 17:00:00+00:00,3.445000000000001,2342.3283734143797,2344.46,0.8626373626373578,below,below,3.75,13,Friday,ny_main,0.6419815923425982,1.0885341074020316,True,False,True,True,True,False,False,False,True,True,True,True,False,False,False,False,False,False,True,True,True,2024-04-26 17:00:00+00:00,2341.89,2343.088572499657,4.390714285714337,-0.27297893273464874,False,False,4,3,2,True,False,False,True,False,2024-04-26 17:05:00+00:00|demand|2344.54
16347,15min,m15_2c_1atr,supply,2345.31,2338.43,2024-04-26 17:45:00+00:00,2024-04-26 17:00:00+00:00,2024-04-26 17:15:00+00:00,2024-04-26 17:30:00+00:00,2,1.6375552072944817,1.3722752528850382,0.04215116279069172,2024-04-26 19:15:00+00:00,2024-04-26 19:25:00+00:00,2336.25,2345.715142857143,9.465142857142837,1.5,True,326339,326340,1,2336.05,0.9912280701754456,1.7231646945182302,1.1082769862351882,-1.0406604684858656,1.0,tp1,2024,2024-04,2024-04-26,0.03169524269500128,0.9683047573049988,0.03-0.05R,2024-04-26 19:20:00+00:00,2.044285714285739,2336.770425340073,2336.05,0.008771929824554405,below,below,3.75,15,Friday,ny_main,-0.25457563805106115,1.8343815513626613,False,True,False,True,False,False,True,True,True,True,True,True,False,False,True,False,True,False,True,True,True,2024-04-26 19:15:00+00:00,2336.09,2336.847539035971,4.9542857142857555,-0.15290580310827037,True,False,4,4,2,True,True,True,False,False,2024-04-26 19:25:00+00:00|supply|2336.25
16357,15min,m15_2c_1atr,demand,2336.63,2325.65,2024-04-29 17:30:00+00:00,2024-04-29 16:30:00+00:00,2024-04-29 16:45:00+00:00,2024-04-29 17:15:00+00:00,3,1.7786611543966218,2.444267769120696,0.2950819672130944,2024-04-29 17:30:00+00:00,2024-04-29 17:35:00+00:00,2338.37,2324.989285714286,13.38071428571402,0.0,True,326593,326594,0,2338.36,0.16417910447753495,0.6255271446111184,1.028345700101428,-2.994608444990162,-1.0,stop,2024,2024-04,2024-04-29,0.02242032776383966,-1.0224203277638397,<=0.03R,2024-04-29 17:30:00+00:00,3.3242857142856144,2336.292363180836,2338.36,0.7462686567164382,below,below,2.0299999999997453,13,Monday,ny_main,0.624987440229744,0.6106574989255971,True,False,True,True,True,False,True,True,True,False,False,False,False,True,True,False,True,False,True,True,True,2024-04-29 17:30:00+00:00,2338.11,2335.7079788419073,4.642142857142842,0.5174380091290848,True,False,10,4,2,True,False,False,True,False,2024-04-29 17:35:00+00:00|demand|2338.37
16372,15min,m15_2c_1atr,supply,2306.92,2299.51,2024-04-30 18:00:00+00:00,2024-04-30 17:15:00+00:00,2024-04-30 17:30:00+00:00,2024-04-30 17:45:00+00:00,2,1.3647260273973,1.2688356164383279,0.07692307692303915,2024-04-30 18:25:00+00:00,2024-04-30 18:35:00+00:00,2297.55,2307.5785714285716,10.028571428571468,0.4166666666666667,True,326881,326882,1,2297.63,0.5991902834007553,1.5854700854700883,1.2334757834757677,-0.7069800569800234,1.0,tp1,2024,2024-04,2024-04-30,0.029914529914529798,0.9700854700854702,<=0.03R,2024-04-30 18:30:00+00:00,3.3507142857142753,2297.7285929023633,2297.63,0.09716599190291973,below,below,3.769999999999982,14,Tuesday,ny_main,-0.05329994954345567,1.1251332338520552,False,True,True,True,True,False,True,True,True,True,False,False,False,False,False,False,True,False,True,True,True,2024-04-30 18:30:00+00:00,2295.03,2299.1276331244576,6.258571428571453,-0.6547233935448895,True,False,2,2,2,True,True,True,False,False,2024-04-30 18:35:00+00:00|supply|2297.55
16413,15min,m15_2c_1atr,supply,2308.94,2302.25,2024-05-03 16:45:00+00:00,2024-05-03 16:00:00+00:00,2024-05-03 16:15:00+00:00,2024-05-03 16:30:00+00:00,2,2.7425507784307466,0.965666563563255,0.1270553064274891,2024-05-03 17:00:00+00:00,2024-05-03 17:15:00+00:00,2290.02,2310.4174285714284,20.397428571428463,0.25,True,327693,327694,2,2289.97,0.6608594657375111,0.3559272177165092,1.2423134568783316,-1.7879704724685181,-1.0,stop,2024,2024-05,2024-05-03,0.014707736269277717,-1.0147077362692778,<=0.03R,2024-05-03 17:10:00+00:00,7.366428571428547,2292.2735610846653,2289.97,0.28222996515677123,below,below,2.349999999999909,13,Friday,ny_main,-0.30592315703785905,0.3190148356443211,False,True,True,True,True,True,False,True,True,True,True,False,True,False,True,True,True,False,True,True,True,2024-05-03 17:00:00+00:00,2289.97,2294.899740094757,8.685000000000043,-0.5676154398108328,True,True,17,4,2,True,True,True,False,False,2024-05-03 17:15:00+00:00|supply|2290.02
16426,15min,m15_2c_1atr,supply,2330.66,2325.79,2024-05-06 17:45:00+00:00,2024-05-06 17:00:00+00:00,2024-05-06 17:15:00+00:00,2024-05-06 17:30:00+00:00,2,1.3231538765302586,0.8974595234960938,0.06570841889120552,2024-05-06 19:00:00+00:00,2024-05-06 19:30:00+00:00,2324.8,2331.059857142857,6.259857142856617,1.25,True,327986,327987,5,2324.77,0.7460317460317947,2.3546863232846555,0.8211050001141543,1.450512334832105,1.0,tp1,2024,2024-05,2024-05-06,0.04792441634907634,0.9520755836509237,0.03-0.05R,2024-05-06 19:25:00+00:00,1.6292857142857429,2325.633602454734,2324.77,0.08730158730150853,missing,missing,,15,Monday,ny_main,-0.5116367543302889,,False,True,False,True,False,False,False,False,False,True,True,True,True,False,False,False,True,False,True,True,True,2024-05-06 19:15:00+00:00,2324.77,2324.6709466771586,4.583571428571466,0.02161051145052172,False,True,1,1,1,True,False,False,False,False,2024-05-06 19:30:00+00:00|supply|2324.8
16463,15min,m15_2c_1atr,demand,2312.67,2310.8,2024-05-09 15:00:00+00:00,2024-05-09 13:45:00+00:00,2024-05-09 14:00:00+00:00,2024-05-09 14:45:00+00:00,4,1.736082474226664,0.7711340206185262,0.34224598930476474,2024-05-09 16:10:00+00:00,2024-05-09 16:35:00+00:00,2319.64,2310.0327142857145,9.607285714285354,1.1666666666666667,True,328779,328780,4,2319.63,0.49763033175355653,6.122436841088112,0.22587024728258434,4.408112890514795,1.0,tp1,2024,2024-05,2024-05-09,0.03122630146763734,0.9687736985323626,0.03-0.05R,2024-05-09 16:30:00+00:00,3.730714285714222,2318.9340052435664,2319.63,0.49763033175355653,above,above,2.9900000000002365,12,Thursday,ny_main,0.18923849492760744,0.8014551024316299,True,False,False,True,False,False,False,False,False,True,False,False,True,False,True,False,True,False,True,True,True,2024-05-09 16:30:00+00:00,2319.43,2318.478294204098,4.679999999999999,0.20335593929528722,True,False,6,4,2,True,True,True,False,False,2024-05-09 16:35:00+00:00|demand|2319.64
16490,15min,m15_2c_1atr,supply,2349.41,2345.32,2024-05-13 16:45:00+00:00,2024-05-13 16:00:00+00:00,2024-05-13 16:15:00+00:00,2024-05-13 16:30:00+00:00,2,1.4267515923566043,1.0726863994004594,0.2542787286063673,2024-05-13 17:00:00+00:00,2024-05-13 17:10:00+00:00,2342.33,2349.9731428571426,7.6431428571427205,0.25,True,329336,329337,1,2342.26,0.7020648967550867,1.3319128256887618,1.0218309595903068,-1.109491233972584,1.0,tp1,2024,2024-05,2024-05-13,0.0392508691263885,0.9607491308736115,0.03-0.05R,2024-05-13 17:05:00+00:00,2.8399999999998857,2343.8990270852296,2342.26,0.0,inside,above,3.3400000000001455,13,Monday,ny_main,-0.552474325785115,1.1760563380282676,False,True,False,True,False,False,True,True,True,True,True,True,False,False,False,False,True,False,True,True,True,2024-05-13 17:00:00+00:00,2343.14,2344.487879862622,4.027857142857101,-0.33463944097726744,True,False,3,3,2,True,True,False,False,True,2024-05-13 17:10:00+00:00|supply|2342.33
16502,15min,m15_2c_1atr,demand,2340.2,2338.13,2024-05-14 12:00:00+00:00,2024-05-14 11:15:00+00:00,2024-05-14 11:30:00+00:00,2024-05-14 11:45:00+00:00,2,1.9320673976999188,0.7750735490772059,0.31884057971033913,2024-05-14 15:30:00+00:00,2024-05-14 15:40:00+00:00,2345.13,2337.678142857143,7.4518571428570795,3.5,True,329594,329595,1,2345.07,0.6970260223048775,4.5330981730345306,0.1449303145907934,2.242394034085487,1.0,tp1,2024,2024-05,2024-05-14,0.04025842071966754,0.9597415792803324,0.03-0.05R,2024-05-14 15:35:00+00:00,2.2092857142857674,2344.374938963677,2345.07,0.6970260223048775,inside,below,2.769999999999982,11,Tuesday,london_ny_overlap,0.3417670387495997,1.2537989007435764,True,False,False,True,False,False,True,True,True,True,True,False,True,False,True,False,True,False,True,True,True,2024-05-14 15:30:00+00:00,2346.58,2344.9236645905858,3.1378571428571314,0.5278555823309458,True,False,12,4,2,True,True,False,False,True,2024-05-14 15:40:00+00:00|demand|2345.13
16514,15min,m15_2c_1atr,demand,2359.6,2356.9,2024-05-15 10:15:00+00:00,2024-05-15 09:30:00+00:00,2024-05-15 09:45:00+00:00,2024-05-15 10:00:00+00:00,2,2.0877669902910942,1.4679611650484448,0.05925925925920936,2024-05-15 15:25:00+00:00,2024-05-15 15:35:00+00:00,2370.81,2356.252285714286,14.557714285714155,5.166666666666667,True,329869,329870,1,2370.87,0.48262548262548377,0.34964280106768464,1.2975938137855265,0.206763228136302,-1.0,stop,2024,2024-05,2024-05-15,0.02060763071125784,-1.020607630711258,<=0.03R,2024-05-15 15:30:00+00:00,2.9857142857142662,2364.588327757457,2370.87,0.48262548262548377,above,above,1.680000000000291,11,Wednesday,london_ny_overlap,2.0838136697511938,0.5626794258374217,True,False,True,True,True,False,True,True,True,True,False,False,False,False,True,True,True,False,True,True,True,2024-05-15 15:30:00+00:00,2375.72,2366.755514716413,3.63714285714283,2.4647053018502727,True,False,4,3,2,True,True,True,False,False,2024-05-15 15:35:00+00:00|demand|2370.81
16523,15min,m15_2c_1atr,supply,2397.36,2393.84,2024-05-16 05:00:00+00:00,2024-05-16 04:15:00+00:00,2024-05-16 04:30:00+00:00,2024-05-16 04:45:00+00:00,2,1.2089875473741392,1.3340552246886757,0.16761363636367857,2024-05-16 08:35:00+00:00,2024-05-16 08:50:00+00:00,2391.14,2397.613142857143,6.4731428571431024,3.5833333333333335,True,330064,330065,2,2391.18,0.7112068965518525,3.112861935028145,0.14367055084749714,0.8064088983050233,1.0,tp1,2024,2024-05,2024-05-16,0.046345338983049086,0.953654661016951,0.03-0.05R,2024-05-16 08:45:00+00:00,1.2414285714285143,2392.138982553681,2391.18,0.004310344827484822,missing,missing,,4,Thursday,asia_late,-0.8047040133221784,,False,True,False,True,False,False,False,True,True,True,True,True,False,False,False,False,True,False,False,True,True,2024-05-16 08:45:00+00:00,2390.2,2391.057610544327,2.183571428571408,-0.3927558920700077,True,False,3,3,2,True,False,False,False,False,2024-05-16 08:50:00+00:00|supply|2391.14
16529,15min,m15_2c_1atr,supply,2380.66,2376.89,2024-05-16 16:45:00+00:00,2024-05-16 16:00:00+00:00,2024-05-16 16:15:00+00:00,2024-05-16 16:30:00+00:00,2,1.5419418758256342,0.8715323645970838,0.1644562334217225,2024-05-16 16:50:00+00:00,2024-05-16 17:00:00+00:00,2375.19,2381.516,6.326000000000022,0.08333333333333333,True,330162,330163,1,2375.19,0.47272727272723014,0.6639266519127819,1.0101169775529324,-6.711982295289265,-1.0,stop,2024,2024-05,2024-05-16,0.04742333227948134,-1.0474233322794813,0.03-0.05R,2024-05-16 16:55:00+00:00,4.2435714285714505,2375.9643848241817,2375.19,0.5242424242424009,below,below,2.5599999999999454,13,Thursday,ny_main,-0.18248422047707583,0.6032654435280096,False,True,False,True,False,False,True,True,True,True,False,False,True,False,True,False,True,False,True,True,True,2024-05-16 16:45:00+00:00,2375.19,2378.602615793219,4.477142857142878,-0.7622307132268962,True,True,1,1,1,True,True,True,False,False,2024-05-16 17:00:00+00:00|supply|2375.19
16540,15min,m15_2c_1atr,demand,2403.67,2398.81,2024-05-17 17:45:00+00:00,2024-05-17 17:00:00+00:00,2024-05-17 17:15:00+00:00,2024-05-17 17:30:00+00:00,2,1.554877162378207,0.9890972525076452,0.06378600823043977,2024-05-17 18:25:00+00:00,2024-05-17 18:55:00+00:00,2408.15,2398.062857142857,10.087142857143135,0.6666666666666666,True,330461,330462,5,2408.15,0.22222222222242272,4.155785299532536,0.2339611952981226,1.826086956521696,1.0,tp1,2024,2024-05,2024-05-17,0.02974082991077669,0.9702591700892234,<=0.03R,2024-05-17 18:50:00+00:00,3.8064285714285364,2408.082387611351,2408.15,0.46031746031748894,above,above,2.050000000000182,14,Friday,ny_main,0.017762684201327445,0.5385625820980073,True,False,True,True,True,False,False,False,False,False,False,False,True,False,True,False,True,False,True,True,True,2024-05-17 18:45:00+00:00,2407.79,2405.860556358903,6.474285714285705,0.2980164494192032,True,False,1,1,1,True,False,True,False,False,2024-05-17 18:55:00+00:00|demand|2408.15
16555,15min,m15_2c_1atr,demand,2427.01,2419.53,2024-05-20 19:45:00+00:00,2024-05-20 18:30:00+00:00,2024-05-20 18:45:00+00:00,2024-05-20 19:30:00+00:00,4,1.1085043988269028,1.4623655913978504,0.43048128342249287,2024-05-20 19:45:00+00:00,2024-05-20 20:05:00+00:00,2428.21,2419.117571428572,9.092428571428172,0.0,True,330751,330752,3,2428.26,0.5853658536585675,1.0074316150015208,1.097616541235301,-0.9645387842318187,1.0,tp1,2024,2024-05,2024-05-20,0.03299448520747391,0.967005514792526,0.03-0.05R,2024-05-20 20:00:00+00:00,2.1307142857142156,2426.393899801432,2428.26,0.891986062717802,below,below,3.9400000000000546,16,Monday,ny_main,0.8523433717718789,1.8491451558834253,True,False,False,True,False,False,False,False,True,True,False,False,False,False,False,False,False,False,True,True,True,2024-05-20 20:00:00+00:00,2429.8,2426.092509400943,4.552142857142859,0.8144495274878317,True,False,6,4,2,True,False,False,True,False,2024-05-20 20:05:00+00:00|demand|2428.21
16561,15min,m15_2c_1atr,supply,2433.1,2428.98,2024-05-21 05:00:00+00:00,2024-05-21 04:15:00+00:00,2024-05-21 04:30:00+00:00,2024-05-21 04:45:00+00:00,2,2.9645330535152805,1.2104931794333453,0.31553398058257676,2024-05-21 15:30:00+00:00,2024-05-21 15:45:00+00:00,2425.73,2433.4841428571426,7.754142857142597,10.5,True,330975,330976,2,2425.72,0.8977900552486459,0.6757677923322627,1.0600784833913766,2.0775990714641885,-1.0,stop,2024,2024-05,2024-05-21,0.038688995744211765,-1.0386889957442118,0.03-0.05R,2024-05-21 15:40:00+00:00,1.828571428571422,2426.1828878738274,2425.72,0.030386740331402182,above,above,3.099999999999909,11,Tuesday,london_ny_overlap,-0.24767305599937206,1.6953124999999563,False,True,False,True,False,False,False,True,True,True,True,True,False,False,True,True,True,False,True,True,True,2024-05-21 15:30:00+00:00,2425.72,2423.1854660745885,3.42928571428573,0.7390850855188165,False,True,9,4,2,True,False,False,True,False,2024-05-21 15:45:00+00:00|supply|2425.73
16587,15min,m15_2c_1atr,supply,2383.72,2381.67,2024-05-23 04:00:00+00:00,2024-05-23 03:00:00+00:00,2024-05-23 03:15:00+00:00,2024-05-23 03:45:00+00:00,3,1.628472222222093,1.2456597222220338,0.49268292682944037,2024-05-23 04:00:00+00:00,2024-05-23 04:15:00+00:00,2375.51,2384.1112857142857,8.601285714285495,0.0,True,331389,331390,2,2375.54,0.9113149847094908,5.668919928914452,0.2755402016309797,5.296882525868407,1.0,tp1,2024,2024-05,2024-05-23,0.034878506535568655,0.9651214934644313,0.03-0.05R,2024-05-23 04:10:00+00:00,1.8071428571427728,2380.0467153823506,2375.54,0.08562691131497684,missing,missing,,0,Thursday,post_close,-2.510435389443023,,False,True,False,True,False,False,False,True,True,True,True,True,False,False,True,False,False,False,False,True,True,2024-05-23 04:00:00+00:00,2375.54,2380.233446114404,2.0157142857143038,-2.3284282637015647,True,True,1,1,1,True,False,False,False,False,2024-05-23 04:15:00+00:00|supply|2375.51
16593,15min,m15_2c_1atr,demand,2361.86,2358.62,2024-05-23 13:00:00+00:00,2024-05-23 11:45:00+00:00,2024-05-23 12:00:00+00:00,2024-05-23 12:45:00+00:00,4,1.1139919535091525,1.013857845328644,0.22530864197529782,2024-05-23 15:35:00+00:00,2024-05-23 16:05:00+00:00,2364.81,2358.075,6.735000000000127,2.5833333333333335,True,331531,331532,5,2364.83,0.42888402625819827,0.7542687453600343,1.4758723088344272,-3.5902004454342062,-1.0,stop,2024,2024-05,2024-05-23,0.04454342984409715,-1.0445434298440972,0.03-0.05R,2024-05-23 16:00:00+00:00,2.5728571428572065,2363.8971679735378,2364.83,0.9387308533916433,inside,inside,3.949999999999818,12,Thursday,ny_main,0.35479312522127293,1.5352581898943944,True,False,False,True,False,False,False,False,False,False,False,False,False,False,False,False,True,False,True,True,True,2024-05-23 16:00:00+00:00,2366.38,2365.6823325593646,3.3271428571428845,0.20968965583721555,True,False,4,4,2,True,False,False,False,True,2024-05-23 16:05:00+00:00|demand|2364.81
16637,15min,m15_2c_1atr,supply,2364.09,2356.71,2024-05-28 17:00:00+00:00,2024-05-28 16:15:00+00:00,2024-05-28 16:30:00+00:00,2024-05-28 16:45:00+00:00,2,1.5809080325960596,2.004656577415595,0.5569105691057,2024-05-28 17:50:00+00:00,2024-05-28 18:05:00+00:00,2354.07,2364.6655714285716,10.595571428571475,0.8333333333333334,True,332342,332343,2,2354.14,0.7792207792209748,1.8403915382437326,0.8173226010866901,1.3751028057544352,1.0,tp1,2024,2024-05,2024-05-28,0.0283137159729805,0.9716862840270195,<=0.03R,2024-05-28 18:00:00+00:00,3.0285714285714675,2354.2793355806234,2354.14,0.006493506493353096,above,above,2.25,14,Tuesday,ny_main,-0.06912023888503338,0.7429245283018773,False,True,True,True,True,False,False,True,True,True,True,True,False,True,True,False,False,False,True,True,True,2024-05-28 18:00:00+00:00,2356.06,2354.56852341994,4.7899999999999965,0.31137298122337237,False,False,3,3,2,True,False,False,True,False,2024-05-28 18:05:00+00:00|supply|2354.07
16700,15min,m15_2c_1atr,demand,2336.77,2331.78,2024-06-03 17:15:00+00:00,2024-06-03 16:30:00+00:00,2024-06-03 16:45:00+00:00,2024-06-03 17:00:00+00:00,2,1.8573619631900706,1.3393404907974795,0.2004008016032152,2024-06-03 17:20:00+00:00,2024-06-03 17:25:00+00:00,2339.57,2331.0628571428574,8.507142857142753,0.08333333333333333,True,333438,333439,0,2339.49,0.1640625000000222,1.7843828715365264,1.0167926112510726,-1.5492863140218835,1.0,tp1,2024,2024-06,2024-06-03,0.03526448362720446,0.9647355163727955,0.03-0.05R,2024-06-03 17:20:00+00:00,3.6242857142856986,2337.867372273287,2339.49,0.7369791666666198,above,above,3.0100000000002183,13,Monday,ny_main,0.46978297544314435,0.830508474576335,True,False,False,True,False,False,True,True,True,False,False,False,False,False,True,False,True,False,True,True,True,2024-06-03 17:15:00+00:00,2339.58,2335.3856883626663,3.951428571428583,1.0614671533382214,True,False,0,0,0,False,False,True,False,False,2024-06-03 17:25:00+00:00|demand|2339.57
16732,15min,m15_2c_1atr,supply,2374.7,2370.29,2024-06-06 06:30:00+00:00,2024-06-06 05:45:00+00:00,2024-06-06 06:00:00+00:00,2024-06-06 06:15:00+00:00,2,1.3318051575931305,1.1793696275071266,0.6394557823129834,2024-06-06 07:40:00+00:00,2024-06-06 07:50:00+00:00,2368.52,2374.897,6.376999999999953,1.1666666666666667,True,334151,334152,1,2368.53,0.9435897435896731,2.3427944174376925,1.019288066488952,-1.3485965187392148,1.0,tp1,2024,2024-06,2024-06-06,0.047044064607182405,0.9529559353928176,0.03-0.05R,2024-06-06 07:45:00+00:00,1.051428571428492,2368.951911913296,2368.53,0.025641025641121314,missing,missing,,3,Thursday,asia_late,-0.4107857871022641,,False,True,False,True,False,False,True,True,True,True,True,True,False,False,False,False,False,False,False,True,True,2024-06-06 07:45:00+00:00,2369.49,2369.1855428590306,3.1107142857142014,0.09787370777423643,False,False,2,2,2,True,False,False,False,False,2024-06-06 07:50:00+00:00|supply|2368.52
16736,15min,m15_2c_1atr,supply,2363.94,2362.91,2024-06-06 12:45:00+00:00,2024-06-06 12:00:00+00:00,2024-06-06 12:15:00+00:00,2024-06-06 12:30:00+00:00,2,1.5768512756691053,0.4486621032981599,0.019417475728133907,2024-06-06 15:30:00+00:00,2024-06-06 15:40:00+00:00,2358.25,2364.4238571428573,6.173857142857287,2.75,True,334245,334246,1,2358.24,0.8695652173914171,0.7564152995348994,1.203461600758906,6.6927366545571045,-1.0,stop,2024,2024-06,2024-06-06,0.04859198926348314,-1.0485919892634832,0.03-0.05R,2024-06-06 15:35:00+00:00,2.3449999999999624,2359.79864963168,2358.24,0.13043478260858282,below,below,1.6700000000000728,11,Thursday,london_ny_overlap,-0.6604049602046317,0.7121535181237099,False,True,False,True,False,False,True,True,True,True,True,True,True,False,True,False,True,False,True,True,True,2024-06-06 15:30:00+00:00,2357.81,2359.8756495687894,2.846428571428565,-0.7256987192735913,True,False,1,1,1,True,True,True,False,False,2024-06-06 15:40:00+00:00|supply|2358.25
16754,15min,m15_2c_1atr,demand,2317.57,2305.04,2024-06-07 17:30:00+00:00,2024-06-07 16:45:00+00:00,2024-06-07 17:00:00+00:00,2024-06-07 17:15:00+00:00,2,1.1027953916227171,1.5666696436545717,0.5969672785315162,2024-06-07 17:30:00+00:00,2024-06-07 17:40:00+00:00,2319.44,2304.1535714285715,15.286428571428587,0.0,True,334545,334546,1,2319.44,0.805243445692896,0.11055558151488594,1.0715387131442518,-0.7097799168263098,-1.0,stop,2024,2024-06,2024-06-07,0.019625251156487993,-1.019625251156488,<=0.03R,2024-06-07 17:35:00+00:00,4.660000000000017,2316.86482586224,2319.44,0.8127340823970088,below,below,5.489999999999782,13,Friday,ny_main,0.5526124759141309,1.1781115879827815,True,False,True,True,True,True,True,True,True,True,True,True,False,False,False,False,False,False,True,True,True,2024-06-07 17:30:00+00:00,2318.4,2319.019152161924,8.064999999999989,-0.07677026186285454,False,False,0,0,0,False,False,False,True,False,2024-06-07 17:40:00+00:00|demand|2319.44
16757,15min,m15_2c_1atr,supply,2313.26,2307.58,2024-06-07 20:45:00+00:00,2024-06-07 19:30:00+00:00,2024-06-07 19:45:00+00:00,2024-06-07 20:30:00+00:00,4,1.3060338983050892,1.078237288135635,0.26408450704224,2024-06-07 20:45:00+00:00,2024-06-07 20:55:00+00:00,2305.86,2313.706,7.846000000000004,0.0,True,334584,334585,1,2305.85,0.8112449799195943,2.4279887840938277,1.0107060922762978,-0.6538363497323033,1.0,tp1,2024,2024-06,2024-06-07,0.038236043843996925,0.9617639561560031,0.03-0.05R,2024-06-07 20:50:00+00:00,2.2157142857143493,2307.4493560778064,2305.85,0.0,below,below,5.489999999999782,16,Friday,ny_main,-0.7173109313116625,2.477756286266755,False,True,False,True,False,False,True,True,True,True,True,True,False,False,False,False,True,False,True,True,True,2024-06-07 20:45:00+00:00,2305.5,2308.5701967703053,4.913571428571491,-0.6248401625857489,True,False,2,2,2,True,True,True,False,False,2024-06-07 20:55:00+00:00|supply|2305.86
16767,15min,m15_2c_1atr,demand,2294.38,2287.76,2024-06-10 10:15:00+00:00,2024-06-10 09:30:00+00:00,2024-06-10 09:45:00+00:00,2024-06-10 10:00:00+00:00,2,1.0159942707089906,2.2124612079254895,0.2688821752266208,2024-06-10 10:15:00+00:00,2024-06-10 10:30:00+00:00,2295.51,2287.243142857143,8.266857142857134,0.0,True,334735,334736,2,2295.54,0.4884488448845355,2.2112393723646635,0.43547383700840836,1.4273864657496056,1.0,tp1,2024,2024-06,2024-06-10,0.036289486417363695,0.9637105135826363,0.03-0.05R,2024-06-10 10:25:00+00:00,2.594999999999995,2293.3661057704703,2295.54,0.617161716171633,missing,missing,,6,Monday,asia_late,0.8261634795876339,,True,False,False,True,False,False,False,True,True,True,False,False,False,True,False,False,True,False,False,True,True,2024-06-10 10:15:00+00:00,2295.54,2293.2178764418913,3.297142857142847,0.7042835748163065,True,True,7,3,2,True,False,False,False,False,2024-06-10 10:30:00+00:00|demand|2295.51
16779,15min,m15_2c_1atr,demand,2301.52,2297.76,2024-06-11 09:30:00+00:00,2024-06-11 08:30:00+00:00,2024-06-11 08:45:00+00:00,2024-06-11 09:15:00+00:00,3,2.07183908045984,1.8908045977011443,0.4521276595744481,2024-06-11 09:50:00+00:00,2024-06-11 10:05:00+00:00,2303.96,2297.4651428571433,6.494857142856745,0.3333333333333333,True,335006,335007,2,2303.92,0.7860262008732983,2.457328875594033,0.37260249868030854,1.6659334858350736,1.0,tp1,2024,2024-06,2024-06-11,0.04619039239838397,0.953809607601616,0.03-0.05R,2024-06-11 10:00:00+00:00,1.4485714285714428,2302.6426828100603,2303.92,0.8515283842794396,missing,missing,,6,Tuesday,asia_late,0.9093905650471804,,True,False,False,True,False,False,False,True,True,True,True,True,False,False,True,True,False,False,False,True,True,2024-06-11 10:00:00+00:00,2303.25,2302.284284158748,2.0714285714285063,0.4662076475009557,True,False,3,2,1,True,False,False,False,False,2024-06-11 10:05:00+00:00|demand|2303.96
16807,15min,m15_2c_1atr,demand,2312.83,2308.21,2024-06-13 05:15:00+00:00,2024-06-13 04:30:00+00:00,2024-06-13 04:45:00+00:00,2024-06-13 05:00:00+00:00,2,1.0186628868414722,1.5279943302622083,0.11471861471866074,2024-06-13 05:35:00+00:00,2024-06-13 05:50:00+00:00,2314.7,2307.8335714285713,6.866428571428514,0.3333333333333333,True,335507,335508,2,2314.7,0.9504132231403546,0.7689587017580716,1.071881826692981,-1.3558722563195706,-1.0,stop,2024,2024-06,2024-06-13,0.0436908353271615,-1.0436908353271614,0.03-0.05R,2024-06-13 05:45:00+00:00,1.9557142857142935,2313.862327715527,2314.7,0.9504132231403546,missing,missing,,1,Thursday,post_close,0.4283203792044845,,True,False,False,True,False,False,False,True,True,True,True,True,False,False,False,False,True,False,False,True,True,2024-06-13 05:45:00+00:00,2314.19,2314.6668611160753,3.472142857142834,-0.13733914061003544,False,False,10,4,2,True,False,False,False,False,2024-06-13 05:50:00+00:00|demand|2314.7
16816,15min,m15_2c_1atr,demand,2309.7,2305.57,2024-06-13 15:45:00+00:00,2024-06-13 15:00:00+00:00,2024-06-13 15:15:00+00:00,2024-06-13 15:30:00+00:00,2,2.728285077951036,0.9198218262805581,0.1113801452784685,2024-06-13 16:55:00+00:00,2024-06-13 17:25:00+00:00,2311.74,2304.7547142857143,6.98528571428551,1.1666666666666667,True,335646,335647,5,2311.75,0.7849056603773041,0.7587377548725353,1.4759596703274582,2.266192199930587,-1.0,stop,2024,2024-06,2024-06-13,0.04294742008712316,-1.0429474200871232,0.03-0.05R,2024-06-13 17:20:00+00:00,4.009999999999991,2311.6423782323595,2311.75,0.7849056603773041,below,below,4.650000000000091,13,Thursday,ny_main,0.024344580458914876,1.1596009975062598,True,False,False,True,False,False,False,False,False,True,True,True,True,False,True,True,True,False,True,True,True,2024-06-13 17:15:00+00:00,2310.04,2312.7961094856464,7.079285714285659,-0.38932027846887873,False,False,6,3,2,True,False,False,True,False,2024-06-13 17:25:00+00:00|demand|2311.74
16833,15min,m15_2c_1atr,supply,2335.94,2329.12,2024-06-14 15:15:00+00:00,2024-06-14 14:30:00+00:00,2024-06-14 14:45:00+00:00,2024-06-14 15:00:00+00:00,2,1.268182672430015,1.7943995489569742,0.9398826979472369,2024-06-14 15:15:00+00:00,2024-06-14 15:25:00+00:00,2328.52,2336.4824285714285,7.962428571428518,0.0,True,335898,335899,1,2328.5,0.8783185840707557,1.6326677072680735,0.8879200531065805,0.6103665428710034,1.0,tp1,2024,2024-06,2024-06-14,0.037676947090801695,0.9623230529091983,0.03-0.05R,2024-06-14 15:20:00+00:00,2.670000000000008,2330.9786895058432,2328.5,0.0,inside,above,8.649999999999636,11,Friday,london_ny_overlap,-0.920857492825191,3.2397003745316892,False,True,False,True,False,False,True,True,True,True,True,True,False,False,False,False,False,True,True,True,True,2024-06-14 15:15:00+00:00,2330.5,2329.748872986513,4.000714285714366,0.18774822690262988,False,False,0,0,0,False,False,False,False,True,2024-06-14 15:25:00+00:00|supply|2328.52
16876,15min,m15_2c_1atr,supply,2344.5,2342.06,2024-06-20 11:00:00+00:00,2024-06-20 10:15:00+00:00,2024-06-20 10:30:00+00:00,2024-06-20 10:45:00+00:00,2,2.1550302363935816,0.9389774601429539,0.8073770491802278,2024-06-20 15:30:00+00:00,2024-06-20 15:40:00+00:00,2337.44,2344.8915714285713,7.451571428571242,4.5,True,336974,336975,1,2337.42,0.7924528301887144,0.2710837598972456,1.0588370621728973,-1.6506585379881569,-1.0,stop,2024,2024-06,2024-06-20,0.040259964341175444,-1.0402599643411754,0.03-0.05R,2024-06-20 15:35:00+00:00,1.8350000000001014,2339.332279837894,2337.42,0.012578616352190465,inside,above,4.110000000000127,11,Thursday,london_ny_overlap,-1.031215170514366,2.239782016348719,False,True,False,True,False,False,True,True,True,True,True,True,True,False,True,True,False,True,True,True,True,2024-06-20 15:30:00+00:00,2338.44,2338.9272536816425,2.78928571428576,-0.17468761953889092,True,False,3,3,2,True,False,False,False,True,2024-06-20 15:40:00+00:00|supply|2337.44
16880,15min,m15_2c_1atr,demand,2343.67,2335.85,2024-06-20 16:45:00+00:00,2024-06-20 15:30:00+00:00,2024-06-20 15:45:00+00:00,2024-06-20 16:30:00+00:00,4,1.7705345501955558,2.039113428943978,0.28644501278768986,2024-06-20 16:45:00+00:00,2024-06-20 16:50:00+00:00,2345.64,2335.2637142857143,10.376285714285586,0.0,True,336988,336989,0,2345.77,0.14285714285719348,2.228157612137627,1.0466172866701358,-1.328028196161569,1.0,tp1,2024,2024-06,2024-06-20,0.028912079742269815,0.9710879202577302,<=0.03R,2024-06-20 16:45:00+00:00,2.923571428571417,2341.9468772848395,2345.77,0.6415584415584047,above,above,4.110000000000127,12,Thursday,ny_main,1.2632230152026727,1.405814805765991,True,False,True,True,True,False,True,True,True,False,False,False,False,True,True,False,True,False,True,True,True,2024-06-20 16:45:00+00:00,2349.33,2342.3794698068955,4.073571428571411,1.7062497405481782,True,False,2,2,1,True,False,True,False,False,2024-06-20 16:50:00+00:00|demand|2345.64
16922,15min,m15_2c_1atr,supply,2326.9,2321.68,2024-06-25 16:45:00+00:00,2024-06-25 16:00:00+00:00,2024-06-25 16:15:00+00:00,2024-06-25 16:30:00+00:00,2,1.2991949910554903,1.6341681574240583,0.22988505747130542,2024-06-25 16:45:00+00:00,2024-06-25 17:10:00+00:00,2321.37,2327.4952857142857,6.1252857142858375,0.0,True,337820,337821,4,2321.39,0.3603351955307234,0.29876157380411955,1.1232129113510692,3.2145439279799803,-1.0,stop,2024,2024-06,2024-06-25,0.048977307181005146,-1.0489773071810051,0.03-0.05R,2024-06-25 17:05:00+00:00,2.9414285714285597,2323.302376671724,2321.39,0.1368715083798301,below,below,4.400000000000091,13,Tuesday,ny_main,-0.6569517582354183,1.4958717824186867,False,True,False,True,False,False,False,False,False,False,False,False,False,False,False,False,True,False,True,True,True,2024-06-25 17:00:00+00:00,2323.78,2325.2678339364334,3.7749999999999937,-0.39412819508163305,True,False,1,1,1,True,False,True,False,False,2024-06-25 17:10:00+00:00|supply|2321.37
16951,15min,m15_2c_1atr,demand,2324.93,2319.59,2024-06-27 17:15:00+00:00,2024-06-27 16:30:00+00:00,2024-06-27 16:45:00+00:00,2024-06-27 17:00:00+00:00,2,1.6111595466434108,1.3035745422841567,0.2715355805244114,2024-06-27 17:15:00+00:00,2024-06-27 17:20:00+00:00,2325.37,2318.967142857143,6.402857142857101,0.0,True,338374,338375,0,2325.39,0.6317365269461184,2.2443105756358745,0.9730031236055424,0.3514056224899621,1.0,tp1,2024,2024-06,2024-06-27,0.04685408299866162,0.9531459170013383,0.03-0.05R,2024-06-27 17:15:00+00:00,3.0399999999999636,2325.328164531278,2325.39,0.1856287425149293,above,above,2.5399999999999636,13,Thursday,ny_main,0.013761667342674122,0.8355263157894717,True,False,False,True,False,False,True,True,True,True,True,False,False,False,True,False,True,False,True,True,True,2024-06-27 17:15:00+00:00,2324.56,2323.001352031102,4.283571428571414,0.36386645930579126,True,False,0,0,0,False,False,True,False,False,2024-06-27 17:20:00+00:00|demand|2325.37
16973,15min,m15_2c_1atr,demand,2322.23,2318.61,2024-07-01 09:15:00+00:00,2024-07-01 08:30:00+00:00,2024-07-01 08:45:00+00:00,2024-07-01 09:00:00+00:00,2,2.4400554400553056,1.7560637560636951,0.640883977900617,2024-07-01 11:05:00+00:00,2024-07-01 11:30:00+00:00,2324.71,2318.2588571428573,6.451142857142713,1.8333333333333333,True,338853,338854,4,2324.75,0.886274509803944,2.1438061915939954,0.8324106470614304,0.389078347136692,1.0,tp1,2024,2024-07,2024-07-01,0.04650338810399147,0.9534966118960085,0.03-0.05R,2024-07-01 11:25:00+00:00,1.7828571428572104,2323.8603597889764,2324.75,0.8941176470588382,missing,missing,,7,Monday,asia_late,0.4765610157984742,,True,False,False,True,False,False,False,False,False,True,True,True,False,False,True,True,False,False,False,True,True,2024-07-01 11:15:00+00:00,2324.75,2324.659511338252,2.7150000000000807,0.03332915718164466,True,True,2,2,2,True,False,False,False,False,2024-07-01 11:30:00+00:00|demand|2324.71
17026,15min,m15_2c_1atr,demand,2361.33,2359.6,2024-07-05 07:30:00+00:00,2024-07-05 06:30:00+00:00,2024-07-05 06:45:00+00:00,2024-07-05 07:15:00+00:00,3,1.0195121951217747,0.8439024390243778,0.20809248554920437,2024-07-05 15:30:00+00:00,2024-07-05 15:35:00+00:00,2370.29,2358.885714285714,11.404285714285834,8.0,True,339976,339977,0,2370.25,0.15314944421571863,1.9860954528372663,0.4927971940373146,0.34723788049605364,1.0,tp1,2024,2024-07,2024-07-05,0.026305900037579582,0.9736940999624204,<=0.03R,2024-07-05 15:30:00+00:00,3.045000000000008,2367.230750738071,2370.25,0.757513379991771,above,above,3.180000000000291,11,Friday,london_ny_overlap,1.0046795605677892,1.044334975369551,True,False,True,True,True,False,True,True,True,False,False,False,True,False,False,False,True,False,True,True,True,2024-07-05 15:30:00+00:00,2372.85,2367.178636734835,3.717857142857253,1.5254387264612226,True,False,4,3,2,True,False,True,False,False,2024-07-05 15:35:00+00:00|demand|2370.29
17055,15min,m15_2c_1atr,supply,2368.28,2366.9,2024-07-09 09:00:00+00:00,2024-07-09 07:45:00+00:00,2024-07-09 08:00:00+00:00,2024-07-09 08:45:00+00:00,4,1.362399720962636,0.6738751307987852,0.3043478260869852,2024-07-09 16:40:00+00:00,2024-07-09 17:05:00+00:00,2360.83,2368.9207142857144,8.090714285714512,7.666666666666667,True,340546,340547,4,2360.88,0.6176735798016068,1.4040787498896208,1.0753067890880235,-1.9058885847973426,1.0,tp1,2024,2024-07,2024-07-09,0.03707954445130999,0.96292045554869,0.03-0.05R,2024-07-09 17:00:00+00:00,2.9392857142857207,2364.6618003545505,2360.88,0.034265103697033734,below,below,2.269999999999982,13,Tuesday,ny_main,-1.303650181378061,0.7722964763061889,False,True,False,True,False,False,False,False,False,True,True,False,True,False,False,False,True,False,True,True,True,2024-07-09 17:00:00+00:00,2360.71,2362.7729759323774,4.033571428571382,-0.511451444187783,True,False,3,3,2,True,True,True,False,False,2024-07-09 17:05:00+00:00|supply|2360.83
17061,15min,m15_2c_1atr,demand,2359.15,2356.17,2024-07-09 16:15:00+00:00,2024-07-09 15:30:00+00:00,2024-07-09 15:45:00+00:00,2024-07-09 16:00:00+00:00,2,1.8098859315590774,1.1330798479087891,0.16442953020126802,2024-07-09 17:05:00+00:00,2024-07-09 17:30:00+00:00,2362.66,2355.5,7.1599999999998545,0.8333333333333334,True,340551,340552,4,2362.65,0.5590062111802154,0.34776536312853173,1.187150837988851,2.493016759776638,-1.0,stop,2024,2024-07,2024-07-09,0.041899441340782974,-1.041899441340783,0.03-0.05R,2024-07-09 17:25:00+00:00,3.1578571428571456,2362.322443370065,2362.65,0.9503105590062533,below,below,2.269999999999982,13,Tuesday,ny_main,0.10689420536283889,0.7188418909748862,True,False,False,True,False,False,False,False,False,True,False,False,False,False,True,False,True,False,True,True,True,2024-07-09 17:15:00+00:00,2362.65,2362.745647947405,4.214999999999951,-0.022692276964368888,False,True,10,4,2,True,False,False,True,False,2024-07-09 17:30:00+00:00|demand|2362.66
17063,15min,m15_2c_1atr,demand,2358.82,2351.62,2024-07-09 19:00:00+00:00,2024-07-09 18:00:00+00:00,2024-07-09 18:15:00+00:00,2024-07-09 18:45:00+00:00,3,1.7830364264822882,1.3400691305504238,0.3319444444444142,2024-07-09 19:35:00+00:00,2024-07-09 19:55:00+00:00,2359.04,2351.2554285714286,7.784571428571326,0.5833333333333334,True,340580,340581,3,2359.08,0.6719999999999345,3.5493283417750003,0.2671951846142495,1.8022829039125505,1.0,tp1,2024,2024-07,2024-07-09,0.03853776701167195,0.961462232988328,0.03-0.05R,2024-07-09 19:50:00+00:00,1.7971428571428143,2358.8083535286733,2359.08,0.9440000000000509,below,below,2.269999999999982,15,Tuesday,ny_main,0.12889708261423094,1.2631160572337243,True,False,False,True,False,False,False,False,True,True,True,False,False,False,True,False,True,False,True,True,True,2024-07-09 19:45:00+00:00,2357.54,2358.6133718274627,5.098571428571469,-0.21052403452618085,False,False,13,4,2,True,False,False,True,False,2024-07-09 19:55:00+00:00|demand|2359.04
17129,15min,m15_2c_1atr,demand,2465.97,2463.25,2024-07-16 23:00:00+00:00,2024-07-16 22:15:00+00:00,2024-07-16 22:30:00+00:00,2024-07-16 22:45:00+00:00,2,1.1588928754485222,0.9759097898513097,0.19852941176470712,2024-07-17 06:25:00+00:00,2024-07-17 06:40:00+00:00,2470.37,2462.7244285714287,7.645571428571202,7.416666666666667,True,342069,342070,2,2470.38,0.9136125654451577,0.31521515723392934,1.1130626506474357,-0.3662250789439016,-1.0,stop,2024,2024-07,2024-07-17,0.039238401315421854,-1.039238401315422,0.03-0.05R,2024-07-17 06:35:00+00:00,2.7064285714285297,2469.5193409562567,2470.38,0.9712041884817589,missing,missing,,2,Wednesday,post_close,0.3143105466456974,,True,False,False,True,False,False,False,True,True,True,True,True,True,False,False,False,True,False,False,True,True,2024-07-17 06:30:00+00:00,2471.56,2472.229036872446,5.1071428571429225,-0.13100022677268344,False,False,2,2,1,True,False,False,False,False,2024-07-17 06:40:00+00:00|demand|2470.37
17168,15min,m15_2c_1atr,supply,2406.05,2401.65,2024-07-19 16:30:00+00:00,2024-07-19 15:45:00+00:00,2024-07-19 16:00:00+00:00,2024-07-19 16:15:00+00:00,2,1.8945298534144424,1.1011798355381162,0.10000000000001033,2024-07-19 16:35:00+00:00,2024-07-19 17:05:00+00:00,2400.01,2406.762142857143,6.752142857142644,0.08333333333333333,True,342746,342747,5,2400.0,0.788934426229472,0.5805564371099413,1.2470115307309677,1.7816566169470869,-1.0,stop,2024,2024-07,2024-07-19,0.04443033957473958,-1.0444303395747396,0.03-0.05R,2024-07-19 17:00:00+00:00,3.4614285714285415,2401.5746149213087,2400.0,0.030737704918050737,below,below,5.710000000000036,13,Friday,ny_main,-0.4520142158134306,1.6496079240611061,False,True,False,True,False,False,False,False,False,True,True,True,False,False,True,False,True,False,True,True,True,2024-07-19 17:00:00+00:00,2401.68,2403.1340010418335,4.702142857142787,-0.3092209416021752,True,False,0,0,0,False,False,True,False,False,2024-07-19 17:05:00+00:00|supply|2400.01
17169,15min,m15_2c_1atr,demand,2398.31,2393.87,2024-07-19 17:00:00+00:00,2024-07-19 16:15:00+00:00,2024-07-19 16:30:00+00:00,2024-07-19 16:45:00+00:00,2,1.6821275922115595,0.984011397815451,0.1238738738738109,2024-07-19 17:50:00+00:00,2024-07-19 18:05:00+00:00,2401.82,2393.259,8.56100000000015,0.8333333333333334,True,342758,342759,2,2401.81,0.9672544080604281,1.214811353813743,1.518514192267232,-1.5675738815558742,1.0,tp1,2024,2024-07,2024-07-19,0.03504263520616689,0.9649573647938331,0.03-0.05R,2024-07-19 18:00:00+00:00,2.839285714285747,2400.312645194362,2401.81,0.9974811083122878,below,below,5.710000000000036,14,Friday,ny_main,0.5308922585894739,2.0110691823899267,True,False,False,True,False,False,False,True,True,True,True,True,True,False,True,False,True,False,True,True,True,2024-07-19 18:00:00+00:00,2407.21,2402.6940582992597,5.560714285714182,0.8121153989770786,True,False,0,0,0,False,False,False,True,False,2024-07-19 18:05:00+00:00|demand|2401.82
17197,15min,m15_2c_1atr,demand,2412.11,2405.87,2024-07-24 05:00:00+00:00,2024-07-24 04:15:00+00:00,2024-07-24 04:30:00+00:00,2024-07-24 04:45:00+00:00,2,1.1687567180221647,3.13006091006816,0.9839743589743013,2024-07-24 05:00:00+00:00,2024-07-24 05:20:00+00:00,2414.32,2405.4829999999997,8.837000000000444,0.0,True,343433,343434,3,2414.3,0.6638297872341418,2.0029421749461274,1.0953943646033502,-5.077514993775952,1.0,tp1,2024,2024-07,2024-07-24,0.03394817245671437,0.9660518275432857,0.03-0.05R,2024-07-24 05:15:00+00:00,2.0457142857143418,2410.294030923841,2414.3,0.7446808510638586,missing,missing,,1,Wednesday,post_close,1.9680016433737941,,True,False,False,True,False,False,False,False,True,True,True,False,False,True,False,False,False,True,False,True,True,2024-07-24 05:15:00+00:00,2413.08,2410.0054876351637,2.5121428571428948,1.2238604807422886,True,False,4,2,1,True,False,False,False,False,2024-07-24 05:20:00+00:00|demand|2414.32
17204,15min,m15_2c_1atr,demand,2428.35,2419.27,2024-07-24 17:45:00+00:00,2024-07-24 17:00:00+00:00,2024-07-24 17:15:00+00:00,2024-07-24 17:30:00+00:00,2,1.5517040489368192,1.851441887561888,0.23568281938329785,2024-07-24 17:45:00+00:00,2024-07-24 17:55:00+00:00,2431.82,2418.5387142857144,13.281285714285787,0.0,True,343584,343585,1,2431.73,0.9785156249999766,0.015058783035191505,1.1023029181770454,-5.16817433768245,-1.0,stop,2024,2024-07,2024-07-24,0.022588174552807802,-1.0225881745528078,<=0.03R,2024-07-24 17:50:00+00:00,4.070714285714238,2426.6413956932447,2431.73,0.9785156249999766,above,above,2.9600000000000364,13,Wednesday,ny_main,1.272161086060314,0.727145113177768,True,False,True,True,True,False,True,True,True,True,True,True,False,False,True,False,True,False,True,True,True,2024-07-24 17:45:00+00:00,2430.32,2424.078664893648,5.18857142857142,1.2029004885591061,True,False,1,1,1,True,True,True,False,False,2024-07-24 17:55:00+00:00|demand|2431.82
17217,15min,m15_2c_1atr,supply,2372.05,2364.52,2024-07-25 17:15:00+00:00,2024-07-25 16:30:00+00:00,2024-07-25 16:45:00+00:00,2024-07-25 17:00:00+00:00,2,1.3956619296933235,1.1264023934181229,0.06772908366530545,2024-07-25 17:20:00+00:00,2024-07-25 17:25:00+00:00,2364.36,2372.8258571428573,8.465857142857203,0.08333333333333333,True,343854,343855,0,2364.24,0.011363636363712702,1.3253235686201925,1.0170263748501929,-2.3978670626549854,1.0,tp1,2024,2024-07,2024-07-25,0.03543645905401503,0.964563540945985,0.03-0.05R,2024-07-25 17:20:00+00:00,3.9242857142857184,2364.3905124395933,2364.24,0.4318181818181544,below,below,3.550000000000182,13,Thursday,ny_main,-0.0077752849345529415,0.9046232253367764,False,True,False,True,False,False,True,True,True,False,False,False,False,False,False,False,True,False,True,True,True,2024-07-25 17:15:00+00:00,2366.18,2367.4246032378273,6.941428571428593,-0.17930073399449492,True,False,1,1,1,True,False,True,False,False,2024-07-25 17:25:00+00:00|supply|2364.36
17219,15min,m15_2c_1atr,demand,2363.5,2357.66,2024-07-25 19:45:00+00:00,2024-07-25 19:00:00+00:00,2024-07-25 19:15:00+00:00,2024-07-25 19:30:00+00:00,2,1.0613457316285626,1.0559214774635564,0.8561643835616225,2024-07-25 19:45:00+00:00,2024-07-25 20:05:00+00:00,2364.19,2357.1485714285714,7.041428571428696,0.0,True,343886,343887,3,2364.24,0.5395683453237021,0.04402515723269587,1.5692838303915582,2.806248731994236,-1.0,stop,2024,2024-07,2024-07-25,0.04260499087035834,-1.0426049908703583,0.03-0.05R,2024-07-25 20:00:00+00:00,2.585000000000004,2362.866702264731,2364.24,0.5395683453237021,below,below,3.550000000000182,16,Thursday,ny_main,0.5119140175122157,1.3733075435203776,True,False,False,True,False,False,False,False,True,True,False,False,False,False,False,False,False,True,True,True,True,2024-07-25 20:00:00+00:00,2363.4,2363.360427989313,4.976428571428512,0.007951889617053792,True,False,0,0,0,False,False,False,True,False,2024-07-25 20:05:00+00:00|demand|2364.19
17231,15min,m15_2c_1atr,demand,2370.99,2365.28,2024-07-26 10:30:00+00:00,2024-07-26 09:15:00+00:00,2024-07-26 09:30:00+00:00,2024-07-26 10:15:00+00:00,4,1.1323015476784204,1.9955067398900437,0.4711033274956658,2024-07-26 10:30:00+00:00,2024-07-26 11:00:00+00:00,2371.63,2364.9668571428574,6.663142857142702,0.0,True,344053,344054,5,2371.64,0.6903225806448925,4.739505167016951,0.3376784872003852,3.117147635178664,1.0,tp1,2024,2024-07,2024-07-26,0.04502379829338469,0.9549762017066153,0.03-0.05R,2024-07-26 10:55:00+00:00,1.5078571428571845,2370.270077383876,2371.64,0.7483870967740118,missing,missing,,7,Friday,asia_late,0.9018908870552725,,True,False,False,True,False,False,False,False,False,True,True,False,False,False,False,False,False,False,False,True,True,2024-07-26 10:45:00+00:00,2371.64,2370.5033491059016,3.045000000000008,0.37328436587790986,True,True,5,4,2,True,False,False,False,False,2024-07-26 11:00:00+00:00|demand|2371.63
17235,15min,m15_2c_1atr,demand,2374.79,2371.05,2024-07-26 16:00:00+00:00,2024-07-26 15:15:00+00:00,2024-07-26 15:30:00+00:00,2024-07-26 15:45:00+00:00,2,1.409746394828498,1.3018398806563056,0.34759358288764786,2024-07-26 16:10:00+00:00,2024-07-26 16:15:00+00:00,2376.6,2370.436571428572,6.163428571428085,0.16666666666666666,True,344116,344117,0,2376.53,0.07751937984489292,4.3174021880218705,0.31638234748747923,2.1027257556092946,1.0,tp1,2024,2024-07,2024-07-26,0.04867420730577057,0.9513257926942295,0.03-0.05R,2024-07-26 16:10:00+00:00,2.938571428571452,2376.441823070859,2376.53,0.9224806201551071,above,above,1.4900000000002365,12,Friday,ny_main,0.05382783198772179,0.5070491006320648,True,False,False,True,False,False,True,True,True,False,False,False,False,False,False,False,True,False,True,True,True,2024-07-26 16:00:00+00:00,2376.53,2375.2147165114043,3.0685714285714636,0.42863055959829427,True,True,5,2,2,True,False,True,False,False,2024-07-26 16:15:00+00:00|demand|2376.6
17236,15min,m15_2c_1atr,demand,2379.61,2374.15,2024-07-26 16:45:00+00:00,2024-07-26 16:00:00+00:00,2024-07-26 16:15:00+00:00,2024-07-26 16:30:00+00:00,2,1.43779342723005,1.4953051643192619,0.19047619047618256,2024-07-26 16:50:00+00:00,2024-07-26 16:55:00+00:00,2380.28,2373.5848571428573,6.695142857142855,0.08333333333333333,True,344124,344125,0,2380.33,0.34600760456266794,3.424870908547751,0.0716937652029217,0.167285452140128,1.0,tp1,2024,2024-07,2024-07-26,0.04480860325182436,0.9551913967481757,0.03-0.05R,2024-07-26 16:50:00+00:00,2.872857142857096,2379.9479282136426,2380.33,0.5323193916349935,above,above,1.4900000000002365,12,Friday,ny_main,0.11558938361526871,0.5186474390851231,True,False,False,True,False,False,True,True,True,False,False,False,False,False,False,False,True,False,True,True,True,2024-07-26 16:45:00+00:00,2381.54,2378.2894756699748,3.9007142857142947,0.8333151551062571,True,False,5,3,2,True,False,True,False,False,2024-07-26 16:55:00+00:00|demand|2380.28
17244,15min,m15_2c_1atr,demand,2391.44,2387.12,2024-07-29 12:15:00+00:00,2024-07-29 11:15:00+00:00,2024-07-29 11:30:00+00:00,2024-07-29 12:00:00+00:00,3,1.270725679622565,1.3587957762301333,0.5486111111110651,2024-07-29 12:25:00+00:00,2024-07-29 12:30:00+00:00,2392.88,2386.766,6.114000000000033,0.16666666666666666,True,344347,344348,0,2392.87,0.539772727272557,0.41543997383054465,1.2070657507360272,-0.49721949623813333,-1.0,stop,2024,2024-07,2024-07-29,0.04906771344455322,-1.0490677134445532,0.03-0.05R,2024-07-29 12:25:00+00:00,1.7750000000000585,2391.7619154188064,2392.87,0.9943181818180585,missing,missing,,8,Monday,london_ny_overlap,0.6299068063062725,,True,False,False,True,False,False,True,True,True,True,False,False,False,False,False,False,False,False,True,True,True,2024-07-29 12:15:00+00:00,2392.87,2391.3279175476655,3.084999999999939,0.4998646522964112,True,True,4,3,2,True,False,False,False,False,2024-07-29 12:30:00+00:00|demand|2392.88
17248,15min,m15_2c_1atr,supply,2395.96,2391.91,2024-07-29 17:15:00+00:00,2024-07-29 16:00:00+00:00,2024-07-29 16:15:00+00:00,2024-07-29 17:00:00+00:00,4,1.0118483412321808,1.1196682464455407,0.12098765432104061,2024-07-29 17:25:00+00:00,2024-07-29 17:30:00+00:00,2390.31,2396.5662857142856,6.256285714285696,0.16666666666666666,True,344407,344408,0,2390.32,0.33502538071062005,3.2958852810887262,1.1892040005480327,0.41238525825454503,1.0,tp1,2024,2024-07,2024-07-29,0.04795177421564612,0.9520482257843539,0.03-0.05R,2024-07-29 17:25:00+00:00,3.0692857142856673,2391.3541745953053,2390.32,0.055837563451846955,below,below,3.3899999999998727,13,Monday,ny_main,-0.3402011713817715,1.1044915057016278,False,True,False,True,False,False,True,True,True,False,False,False,False,False,False,False,True,False,True,True,True,2024-07-29 17:15:00+00:00,2390.32,2391.5580977216473,3.681428571428569,-0.3363090435207591,True,True,8,4,2,True,False,True,False,False,2024-07-29 17:30:00+00:00|supply|2390.31
17285,15min,m15_2c_1atr,supply,2454.11,2448.98,2024-08-01 17:30:00+00:00,2024-08-01 16:45:00+00:00,2024-08-01 17:00:00+00:00,2024-08-01 17:15:00+00:00,2,1.4203152364273337,0.898423817863411,0.2436647173489227,2024-08-01 17:30:00+00:00,2024-08-01 17:50:00+00:00,2446.05,2455.1614285714286,9.111428571428405,0.0,True,345239,345240,3,2446.05,0.963636363636314,1.2160551897147083,1.0536218250235276,1.8449357165256342,1.0,tp1,2024,2024-08,2024-08-01,0.03292568203198555,0.9670743179680145,0.03-0.05R,2024-08-01 17:45:00+00:00,5.363571428571439,2449.482694698727,2446.05,0.007272727272720658,above,above,4.769999999999982,13,Thursday,ny_main,-0.64000167508554,0.8893328006392278,False,True,False,True,False,False,False,False,True,True,True,True,True,False,False,False,True,False,True,True,True,2024-08-01 17:45:00+00:00,2448.73,2449.3507798072033,6.40500000000007,-0.0969211252464056,True,False,6,4,2,True,True,False,True,False,2024-08-01 17:50:00+00:00|supply|2446.05
17287,15min,m15_2c_1atr,demand,2439.86,2434.97,2024-08-01 22:15:00+00:00,2024-08-01 21:15:00+00:00,2024-08-01 21:30:00+00:00,2024-08-01 22:00:00+00:00,3,1.2959744635573005,1.214045043447484,0.5644171779141173,2024-08-02 04:10:00+00:00,2024-08-02 04:45:00+00:00,2444.89,2434.329857142857,10.560142857143092,5.916666666666667,True,345358,345359,6,2444.88,0.9071207430341407,3.106018587410833,1.0094560409085014,-0.3977218922903921,1.0,tp1,2024,2024-08,2024-08-02,0.028408706592172095,0.9715912934078279,<=0.03R,2024-08-02 04:40:00+00:00,3.1707142857141792,2443.432944006,2444.88,0.9071207430341407,missing,missing,,0,Friday,post_close,0.45953556918220123,,True,False,True,True,True,False,False,False,False,True,True,True,False,False,False,False,False,False,False,True,True,2024-08-02 04:30:00+00:00,2444.88,2444.8147862943606,3.848571428571404,0.01694491237849134,True,True,8,4,2,True,False,False,False,False,2024-08-02 04:45:00+00:00|demand|2444.89
17291,15min,m15_2c_1atr,demand,2450.97,2437.12,2024-08-02 04:45:00+00:00,2024-08-02 04:00:00+00:00,2024-08-02 04:15:00+00:00,2024-08-02 04:30:00+00:00,2,1.9461766889384555,3.5987379361544165,0.8476534296028779,2024-08-02 04:45:00+00:00,2024-08-02 05:20:00+00:00,2453.0,2436.506,16.494000000000142,0.0,True,345365,345366,6,2453.09,0.5170068027211508,1.4969079665332752,1.1379895719655524,-0.5244331271977699,1.0,tp1,2024,2024-08,2024-08-02,0.018188432157147896,0.9818115678428521,<=0.03R,2024-08-02 05:15:00+00:00,3.6671428571428026,2448.590777198333,2453.09,0.5850340136054449,missing,missing,,1,Friday,post_close,1.202359159005448,,True,False,True,True,True,True,False,False,False,True,False,False,False,True,True,False,False,True,False,True,True,2024-08-02 05:15:00+00:00,2451.57,2447.682018791448,4.3814285714285495,0.8873775174393244,True,False,9,3,2,True,False,False,False,False,2024-08-02 05:20:00+00:00|demand|2453.0
17292,15min,m15_2c_1atr,demand,2452.72,2448.26,2024-08-02 06:15:00+00:00,2024-08-02 05:30:00+00:00,2024-08-02 05:45:00+00:00,2024-08-02 06:00:00+00:00,2,1.5194105979030712,0.8846698781523747,0.13901345291478678,2024-08-02 06:30:00+00:00,2024-08-02 07:00:00+00:00,2454.54,2447.8375714285717,6.7024285714283,0.25,True,345385,345386,5,2454.56,0.48717948717935267,3.4539719078373983,1.0235096020632786,-0.4938508429780369,1.0,tp1,2024,2024-08,2024-08-02,0.04475989513396179,0.9552401048660382,0.03-0.05R,2024-08-02 06:55:00+00:00,2.1907142857142907,2454.209184948932,2454.56,0.5705128205127589,missing,missing,,3,Friday,asia_late,0.1510078485474733,,True,False,False,True,False,False,False,False,False,True,False,False,True,False,True,False,True,False,False,True,True,2024-08-02 06:45:00+00:00,2454.56,2453.298977212513,5.206428571428562,0.24220495300889747,True,True,4,4,2,True,False,False,False,False,2024-08-02 07:00:00+00:00|demand|2454.54
17305,15min,m15_2c_1atr,supply,2441.4,2439.23,2024-08-05 03:30:00+00:00,2024-08-05 02:45:00+00:00,2024-08-05 03:00:00+00:00,2024-08-05 03:15:00+00:00,2,2.8821881254169712,0.40533689126085026,0.013824884792718472,2024-08-05 04:40:00+00:00,2024-08-05 05:05:00+00:00,2435.48,2442.4747142857145,6.994714285714508,1.1666666666666667,True,345638,345639,4,2435.48,0.8717391304347485,0.32167146620916814,1.5325858301165414,3.7027959888077704,-1.0,stop,2024,2024-08,2024-08-05,0.04288952882788908,-1.042889528827889,0.03-0.05R,2024-08-05 05:00:00+00:00,5.451428571428551,2436.726134259835,2435.48,0.0630434782608629,missing,missing,,1,Monday,post_close,-0.22858856967621222,,False,True,False,True,False,False,False,False,False,True,True,True,True,False,True,True,True,False,False,True,True,2024-08-05 05:00:00+00:00,2434.21,2434.9955399480828,7.867142857142816,-0.09985072882838261,True,False,2,2,1,True,False,False,False,False,2024-08-05 05:05:00+00:00|supply|2435.48
17312,15min,m15_2c_1atr,demand,2386.86,2367.03,2024-08-05 16:15:00+00:00,2024-08-05 15:15:00+00:00,2024-08-05 15:30:00+00:00,2024-08-05 16:00:00+00:00,3,2.2659446450060217,2.0879963898916953,0.8587997982854164,2024-08-05 16:20:00+00:00,2024-08-05 16:40:00+00:00,2392.95,2365.7857142857147,27.164285714285143,0.08333333333333333,True,345777,345778,3,2392.85,0.7060606060605937,0.9368919274257463,0.24259794898763506,-0.013252695240587753,-0.013252695240587753,time,2024,2024-08,2024-08-05,0.011043912700499838,-0.02429660794108759,<=0.03R,2024-08-05 16:35:00+00:00,6.327857142857056,2386.0742811770183,2392.85,0.7681818181818191,below,below,6.860000000000127,12,Monday,ny_main,1.0865793376424278,1.0840952703465754,True,False,True,True,True,True,False,False,True,True,True,True,False,True,True,True,False,True,True,True,True,2024-08-05 16:30:00+00:00,2390.94,2387.5214420719867,10.70857142857137,0.31923566563625305,True,False,2,2,2,True,False,False,True,False,2024-08-05 16:40:00+00:00|demand|2392.95
17325,15min,m15_2c_1atr,demand,2399.48,2388.88,2024-08-06 16:45:00+00:00,2024-08-06 16:00:00+00:00,2024-08-06 16:15:00+00:00,2024-08-06 16:30:00+00:00,2,1.1564215148188894,2.036223929747535,0.16226415094342164,2024-08-06 16:45:00+00:00,2024-08-06 17:05:00+00:00,2399.51,2388.0217142857146,11.488285714285666,0.0,True,346058,346059,3,2399.59,0.6587436332767221,0.32032629510804744,1.1446442338780003,0.0574498246661071,-1.0,stop,2024,2024-08,2024-08-06,0.026113556666418073,-1.0261135566664181,<=0.03R,2024-08-06 17:00:00+00:00,4.196428571428474,2396.1801235606067,2399.59,0.8268251273344779,below,below,4.0900000000001455,13,Tuesday,ny_main,0.7935024706640017,0.9746382978723976,True,False,True,True,True,False,False,False,True,True,True,False,False,True,False,False,True,False,True,True,True,2024-08-06 17:00:00+00:00,2397.05,2398.1718829808,5.990714285714278,-0.1872703199141381,False,False,3,3,2,True,False,False,True,False,2024-08-06 17:05:00+00:00|demand|2399.51
17339,15min,m15_2c_1atr,supply,2407.12,2402.85,2024-08-07 17:00:00+00:00,2024-08-07 15:45:00+00:00,2024-08-07 16:00:00+00:00,2024-08-07 16:45:00+00:00,4,1.0007485029939347,1.1186377245508923,0.21545667447308586,2024-08-07 17:30:00+00:00,2024-08-07 17:45:00+00:00,2400.66,2407.5699999999997,6.9099999999998545,0.5,True,346342,346343,2,2400.83,0.5975975975976817,2.891461649782987,1.0984081041968603,-2.439942112879954,1.0,tp1,2024,2024-08,2024-08-07,0.043415340086831594,0.9565846599131684,0.03-0.05R,2024-08-07 17:40:00+00:00,2.4221428571428794,2401.286522490481,2400.83,0.21921921921922946,above,above,3.599999999999909,13,Wednesday,ny_main,-0.25866454929912824,1.4862872309052866,False,True,False,True,False,False,False,True,True,True,False,False,False,False,False,False,True,False,True,True,True,2024-08-07 17:30:00+00:00,2400.83,2400.623219476036,3.984285714285761,0.05189901999812766,False,True,0,0,0,False,False,False,True,False,2024-08-07 17:45:00+00:00|supply|2400.66
17340,15min,m15_2c_1atr,supply,2401.84,2398.01,2024-08-07 18:45:00+00:00,2024-08-07 18:00:00+00:00,2024-08-07 18:15:00+00:00,2024-08-07 18:30:00+00:00,2,1.6820748059279949,0.946012702893414,0.28981723237601786,2024-08-07 19:50:00+00:00,2024-08-07 20:10:00+00:00,2395.62,2402.2365714285716,6.61657142857166,1.0833333333333333,True,346371,346372,3,2395.61,0.5623342175066051,2.2579670092407964,1.3828914414025044,-4.6066154244751845,1.0,tp1,2024,2024-08,2024-08-07,0.04534070299680297,0.9546592970031971,0.03-0.05R,2024-08-07 20:05:00+00:00,2.010000000000088,2396.9375249656987,2395.61,0.0503978779840996,inside,inside,3.599999999999909,16,Wednesday,ny_main,-0.6554850575615605,1.7910447761192791,False,True,False,True,False,False,False,False,True,True,False,False,True,False,True,False,True,False,True,True,True,2024-08-07 20:00:00+00:00,2395.55,2396.9004396022574,3.8121428571428817,-0.3542468508825338,True,False,1,1,1,True,True,False,False,True,2024-08-07 20:10:00+00:00|supply|2395.62
17353,15min,m15_2c_1atr,demand,2415.47,2409.18,2024-08-08 17:30:00+00:00,2024-08-08 16:45:00+00:00,2024-08-08 17:00:00+00:00,2024-08-08 17:15:00+00:00,2,1.6873134328358477,1.095273631840801,0.20190779014308255,2024-08-08 17:50:00+00:00,2024-08-08 18:25:00+00:00,2415.94,2408.5454285714286,7.394571428571453,0.3333333333333333,True,346626,346627,6,2416.3,0.8118811881189812,2.712800896410478,0.23530775472357357,1.978478420462896,1.0,tp1,2024,2024-08,2024-08-08,0.04057030253854165,0.9594296974614583,0.03-0.05R,2024-08-08 18:20:00+00:00,3.179999999999999,2415.508332702645,2416.3,0.990099009900999,above,above,3.5899999999996908,14,Thursday,ny_main,0.13574443313051388,1.1289308176099662,True,False,False,True,False,False,False,False,False,True,True,True,False,False,True,False,True,False,True,True,True,2024-08-08 18:15:00+00:00,2415.17,2415.0224106575697,6.069285714285635,0.02431741548811505,True,False,3,3,2,True,True,True,False,False,2024-08-08 18:25:00+00:00|demand|2415.94
17355,15min,m15_2c_1atr,demand,2416.71,2412.03,2024-08-08 19:15:00+00:00,2024-08-08 18:00:00+00:00,2024-08-08 18:15:00+00:00,2024-08-08 19:00:00+00:00,4,1.3149076678489091,0.8012718600953705,0.18376068376071739,2024-08-08 20:05:00+00:00,2024-08-08 20:15:00+00:00,2421.75,2411.609428571429,10.140571428571093,0.8333333333333334,True,346648,346649,1,2421.76,0.7652582159624534,1.5078045756790726,0.47334610616480316,0.6114053871294963,1.0,tp1,2024,2024-08,2024-08-08,0.029584131635299073,0.970415868364701,<=0.03R,2024-08-08 20:10:00+00:00,2.1107142857143635,2419.3958533630657,2421.76,0.8544600938967467,above,above,3.5899999999996908,16,Thursday,ny_main,1.1153317400026608,1.7008460236884542,True,False,True,True,True,False,True,True,True,True,True,True,True,False,False,False,True,False,True,True,True,2024-08-08 20:00:00+00:00,2421.76,2419.3384856937537,5.492857142857182,0.44084785809429466,True,True,5,4,2,True,True,True,False,False,2024-08-08 20:15:00+00:00|demand|2421.75
17381,15min,m15_2c_1atr,demand,2460.44,2454.65,2024-08-12 19:15:00+00:00,2024-08-12 18:30:00+00:00,2024-08-12 18:45:00+00:00,2024-08-12 19:00:00+00:00,2,1.7353704237532104,1.1683482271547827,0.20034542314332673,2024-08-13 07:50:00+00:00,2024-08-13 08:35:00+00:00,2461.94,2454.331142857143,7.608857142857232,12.583333333333334,True,347336,347337,8,2461.93,0.5599999999999105,1.8044759866321016,0.8687244189102991,0.5454169952311272,1.0,tp1,2024,2024-08,2024-08-13,0.03942773459502037,0.9605722654049796,0.03-0.05R,2024-08-13 08:30:00+00:00,1.5892857142857468,2460.7287611262063,2461.93,0.9784615384614881,missing,missing,,4,Tuesday,asia_late,0.7621278307016497,,True,False,False,True,False,False,False,False,False,True,False,False,False,False,True,False,True,False,False,True,True,2024-08-13 08:30:00+00:00,2459.96,2461.3508094387394,2.472857142857135,-0.5624301600910055,False,False,2,2,1,True,False,False,False,False,2024-08-13 08:35:00+00:00|demand|2461.94
17389,15min,m15_2c_1atr,supply,2473.71,2466.96,2024-08-13 17:30:00+00:00,2024-08-13 16:30:00+00:00,2024-08-13 16:45:00+00:00,2024-08-13 17:15:00+00:00,3,1.2313200498132157,1.4710460772104552,0.9333333333333603,2024-08-13 17:30:00+00:00,2024-08-13 17:35:00+00:00,2464.82,2474.359857142857,9.539857142856818,0.0,True,347444,347445,0,2464.83,0.8223844282239363,0.9947738061367184,1.0807289716827457,1.9098818490843847,-1.0,stop,2024,2024-08,2024-08-13,0.03144701178514311,-1.031447011785143,0.03-0.05R,2024-08-13 17:30:00+00:00,3.30285714285716,2468.9924169956253,2464.83,0.13868613138680155,above,above,3.2099999999995816,13,Tuesday,ny_main,-1.2632750419280079,0.9718858131486573,False,True,False,True,False,False,True,True,True,True,True,True,False,False,False,False,False,True,True,True,True,2024-08-13 17:30:00+00:00,2469.04,2469.5312248924524,4.756428571428581,-0.10327599480904777,True,False,2,1,1,True,False,False,True,False,2024-08-13 17:35:00+00:00|supply|2464.82
17397,15min,m15_2c_1atr,demand,2467.08,2465.08,2024-08-14 10:15:00+00:00,2024-08-14 09:30:00+00:00,2024-08-14 09:45:00+00:00,2024-08-14 10:00:00+00:00,2,1.8017621145375236,0.881057268722474,0.28500000000008185,2024-08-14 15:30:00+00:00,2024-08-14 15:40:00+00:00,2472.22,2464.392,7.8279999999999745,5.25,True,347697,347698,1,2472.03,0.4773269689737408,0.01021972406749901,1.0717935615738248,-3.642054164537539,-1.0,stop,2024,2024-08,2024-08-14,0.0383239652529383,-1.0383239652529384,0.03-0.05R,2024-08-14 15:35:00+00:00,3.2735714285714885,2471.6364948884952,2472.03,0.5680190930787776,inside,below,3.7599999999997635,11,Wednesday,london_ny_overlap,0.17824725204153943,1.1485926249180827,True,False,False,True,False,False,True,True,True,True,False,False,True,False,True,False,True,False,True,True,True,2024-08-14 15:30:00+00:00,2470.52,2472.734652168929,3.4514285714286155,-0.6416624661632551,False,False,1,1,1,True,False,False,False,True,2024-08-14 15:40:00+00:00|demand|2472.22
17410,15min,m15_2c_1atr,demand,2451.49,2443.22,2024-08-15 17:30:00+00:00,2024-08-15 16:30:00+00:00,2024-08-15 16:45:00+00:00,2024-08-15 17:15:00+00:00,3,1.1317916901673017,1.0883624741492632,0.8790810157194677,2024-08-15 17:30:00+00:00,2024-08-15 17:35:00+00:00,2454.21,2442.3515714285713,11.858428571428703,0.0,True,347996,347997,0,2454.26,0.5351351351351663,3.87150790878092,0.3052681034586485,2.8553530340083393,1.0,tp1,2024,2024-08,2024-08-15,0.02529846161259594,0.974701538387404,<=0.03R,2024-08-15 17:30:00+00:00,4.4657142857142516,2448.7706941508827,2454.26,0.997297297297361,below,below,3.5299999999997453,13,Thursday,ny_main,1.2180147454837338,0.790467050543775,True,False,True,True,True,False,True,True,True,True,False,False,False,False,False,False,False,True,True,True,True,2024-08-15 17:30:00+00:00,2454.43,2450.227175255907,7.868571428571483,0.5341280538970796,True,False,5,4,2,True,False,False,True,False,2024-08-15 17:35:00+00:00|demand|2454.21
17446,15min,m15_2c_1atr,demand,2504.69,2501.81,2024-08-20 10:30:00+00:00,2024-08-20 09:45:00+00:00,2024-08-20 10:00:00+00:00,2024-08-20 10:15:00+00:00,2,1.1156901688182919,1.0009930486594285,0.4444444444444971,2024-08-20 19:00:00+00:00,2024-08-20 19:15:00+00:00,2509.77,2501.092,8.677999999999884,8.5,True,348844,348845,2,2509.6,0.6411960132889356,1.1776907121456484,1.3286471537220967,0.02074210647612799,1.0,tp1,2024,2024-08,2024-08-20,0.03457017746024476,0.9654298225397553,0.03-0.05R,2024-08-20 19:10:00+00:00,3.802142857142826,2509.2910958505645,2509.6,0.754152823920205,below,below,3.299999999999727,15,Tuesday,ny_main,0.125956379712511,0.8679316175088589,True,False,False,True,False,False,False,True,True,True,True,False,False,False,False,False,False,False,True,True,True,2024-08-20 19:00:00+00:00,2509.6,2514.1207131533574,6.733571428571428,-0.6713693025035036,False,True,7,4,2,True,False,False,True,False,2024-08-20 19:15:00+00:00|demand|2509.77
17450,15min,m15_2c_1atr,demand,2510.63,2505.17,2024-08-20 20:30:00+00:00,2024-08-20 19:15:00+00:00,2024-08-20 19:30:00+00:00,2024-08-20 20:15:00+00:00,4,1.127560521415287,0.8896648044692836,0.7600732600732717,2024-08-20 20:30:00+00:00,2024-08-20 20:35:00+00:00,2511.02,2504.7165714285716,6.303428571428412,0.0,True,348860,348861,0,2511.0,0.6562499999998413,1.4230350829480596,1.0105611458616708,0.8138428066358823,1.0,tp1,2024,2024-08,2024-08-20,0.04759314658689269,0.9524068534131073,0.03-0.05R,2024-08-20 20:30:00+00:00,2.3178571428570973,2510.6351494806304,2511.0,0.32589285714283084,below,below,3.299999999999727,16,Tuesday,ny_main,0.16603720404235456,1.4237288135592323,True,False,False,True,False,False,True,True,True,True,True,False,True,False,False,False,False,True,True,True,True,2024-08-20 20:30:00+00:00,2512.03,2511.107212431445,6.056428571428536,0.15236497181002231,True,False,3,3,2,True,False,False,True,False,2024-08-20 20:35:00+00:00|demand|2511.02
17460,15min,m15_2c_1atr,supply,2519.21,2513.56,2024-08-21 10:00:00+00:00,2024-08-21 09:15:00+00:00,2024-08-21 09:30:00+00:00,2024-08-21 09:45:00+00:00,2,1.6113143135819585,1.9287978541819064,0.9256637168141476,2024-08-21 10:00:00+00:00,2024-08-21 10:35:00+00:00,2511.73,2519.601142857143,7.871142857142786,0.0,True,349016,349017,6,2511.71,0.8704453441295017,2.237286289883517,0.9439544085084636,0.8918654034629264,1.0,tp1,2024,2024-08,2024-08-21,0.03811390613089439,0.9618860938691056,0.03-0.05R,2024-08-21 10:30:00+00:00,1.9364285714285805,2514.406515391785,2511.71,0.004048582996039372,missing,missing,,6,Wednesday,asia_late,-1.382191644595694,,False,True,False,True,False,False,False,False,False,True,True,True,False,False,True,False,False,True,False,True,True,2024-08-21 10:30:00+00:00,2509.11,2514.015625669476,3.172142857142944,-1.5464706006002806,True,False,6,2,2,True,False,False,False,False,2024-08-21 10:35:00+00:00|supply|2511.73
17483,15min,m15_2c_1atr,demand,2480.26,2476.45,2024-08-22 19:30:00+00:00,2024-08-22 18:15:00+00:00,2024-08-22 18:30:00+00:00,2024-08-22 19:15:00+00:00,4,1.047377521613803,0.6148703170029496,0.0603674540682399,2024-08-22 20:25:00+00:00,2024-08-22 20:35:00+00:00,2482.79,2476.105857142857,6.684142857142888,0.9166666666666666,True,349412,349413,1,2482.8,0.7820512820513966,5.321549936950992,0.6238645835559721,4.171065848810615,1.0,tp1,2024,2024-08,2024-08-22,0.04488234414071663,0.9551176558592833,0.03-0.05R,2024-08-22 20:30:00+00:00,1.734999999999965,2482.417456712294,2482.8,0.7863247863247996,below,below,2.430000000000291,16,Thursday,ny_main,0.21472235602644038,1.4005763688762767,True,False,False,True,False,False,True,True,True,True,True,True,True,False,False,False,True,False,True,True,True,2024-08-22 20:30:00+00:00,2482.12,2482.459588954042,4.311428571428548,-0.07876483360815813,False,False,0,0,0,False,False,False,True,False,2024-08-22 20:35:00+00:00|demand|2482.79
17525,15min,m15_2c_1atr,demand,2509.07,2503.61,2024-08-27 17:00:00+00:00,2024-08-27 16:15:00+00:00,2024-08-27 16:30:00+00:00,2024-08-27 16:45:00+00:00,2,1.579338842975229,1.579338842975229,0.08791208791209065,2024-08-27 17:00:00+00:00,2024-08-27 17:05:00+00:00,2512.45,2502.992285714286,9.457714285713791,0.0,True,350198,350199,0,2512.44,0.09451795841209895,1.7551809558336147,1.0330191529213257,-0.6523774998489454,1.0,tp1,2024,2024-08,2024-08-27,0.031720137756028485,0.9682798622439716,0.03-0.05R,2024-08-27 17:00:00+00:00,3.1014285714285443,2511.229524080183,2512.44,0.8733459357277736,above,above,3.4400000000000546,13,Tuesday,ny_main,0.39352056373636685,1.1091662828190048,True,False,False,True,False,False,True,True,True,False,False,False,False,False,True,False,True,False,True,True,True,2024-08-27 17:00:00+00:00,2515.53,2511.18415043033,3.996428571428526,1.0874333150202111,True,False,6,4,2,True,False,True,False,False,2024-08-27 17:05:00+00:00|demand|2512.45
17539,15min,m15_2c_1atr,demand,2500.24,2496.15,2024-08-28 16:00:00+00:00,2024-08-28 15:15:00+00:00,2024-08-28 15:30:00+00:00,2024-08-28 15:45:00+00:00,2,1.5171421721409495,1.372812275233637,0.7310513447433894,2024-08-28 16:00:00+00:00,2024-08-28 16:05:00+00:00,2502.58,2495.7155714285714,6.8644285714285616,0.0,True,350462,350463,0,2502.45,0.708502024291425,3.184533100247677,0.88863915423195,2.4415724958898193,1.0,tp1,2024,2024-08,2024-08-28,0.043703564962227694,0.9562964350377723,0.03-0.05R,2024-08-28 16:00:00+00:00,2.2035714285714545,2499.518167070134,2502.45,0.9433198380565534,below,below,4.100000000000364,12,Wednesday,ny_main,1.3894865808143244,1.860615883306464,True,False,False,True,False,False,True,True,True,True,True,True,False,False,True,False,False,True,True,True,True,2024-08-28 16:00:00+00:00,2506.14,2501.8477816586797,3.3092857142857417,1.2970225939668165,True,False,0,0,0,False,False,False,True,False,2024-08-28 16:05:00+00:00|demand|2502.58
17567,15min,m15_2c_1atr,supply,2512.42,2506.41,2024-08-30 18:30:00+00:00,2024-08-30 17:30:00+00:00,2024-08-30 17:45:00+00:00,2024-08-30 18:15:00+00:00,3,1.0653552478322204,1.0889090203184104,0.20299500831942688,2024-08-30 18:40:00+00:00,2024-08-30 18:45:00+00:00,2504.94,2513.0175714285715,8.077571428571446,0.16666666666666666,True,351046,351047,0,2505.06,0.32242990654210074,1.834709866827033,0.2934050191889217,0.5323382204693987,1.0,tp1,2024,2024-08,2024-08-30,0.037139875846700664,0.9628601241532994,0.03-0.05R,2024-08-30 18:40:00+00:00,3.000714285714269,2505.91936853241,2505.06,0.32710280373825223,below,below,5.600000000000364,14,Friday,ny_main,-0.3263784683108161,1.8662223280172705,False,True,False,True,False,False,True,True,True,False,False,False,False,False,False,False,True,False,True,True,True,2024-08-30 18:30:00+00:00,2505.06,2509.2926911577597,5.579285714285659,-0.7586439151022536,True,True,0,0,0,False,False,True,False,False,2024-08-30 18:45:00+00:00|supply|2504.94
17602,15min,m15_2c_1atr,demand,2490.1,2485.3,2024-09-04 17:15:00+00:00,2024-09-04 16:30:00+00:00,2024-09-04 16:45:00+00:00,2024-09-04 17:00:00+00:00,2,1.2254871636251046,1.0392824002474061,0.08333333333335702,2024-09-04 17:15:00+00:00,2024-09-04 17:25:00+00:00,2491.72,2484.456857142857,7.263142857142611,0.0,True,351828,351829,1,2491.55,0.5448275862069873,4.374139490972176,0.04268124778725643,1.978482357106444,1.0,tp1,2024,2024-09,2024-09-04,0.04130443334251349,0.9586955666574866,0.03-0.05R,2024-09-04 17:20:00+00:00,4.243571428571353,2489.8130677953513,2491.55,0.72873563218394,above,above,4.380000000000109,13,Wednesday,ny_main,0.4493696493027918,1.0321494697862754,True,False,False,True,False,False,True,True,True,True,False,False,False,False,False,False,True,False,True,True,True,2024-09-04 17:15:00+00:00,2492.18,2488.9072026117374,4.786428571428457,0.6837660563449567,True,False,4,3,2,True,True,True,False,False,2024-09-04 17:25:00+00:00|demand|2491.72
17648,15min,m15_2c_1atr,demand,2502.35,2500.22,2024-09-10 13:00:00+00:00,2024-09-10 12:00:00+00:00,2024-09-10 12:15:00+00:00,2024-09-10 12:45:00+00:00,3,2.016167664670876,0.8928143712575527,0.5023474178402132,2024-09-10 17:25:00+00:00,2024-09-10 17:40:00+00:00,2506.26,2499.6562857142853,6.6037142857148865,4.416666666666667,True,352935,352936,2,2506.25,0.6282051282050036,3.4571453294679393,0.7904642409033543,0.8904079955002344,1.0,tp1,2024,2024-09,2024-09-10,0.04542897936225953,0.9545710206377405,0.03-0.05R,2024-09-10 17:35:00+00:00,2.9042857142858014,2505.2839433653735,2506.25,0.7478632478632014,inside,inside,3.819999999999709,13,Tuesday,ny_main,0.33607459136187423,1.315297589768675,True,False,False,True,False,False,False,True,True,True,True,False,True,False,True,True,False,False,True,True,True,2024-09-10 17:30:00+00:00,2504.81,2506.47527260349,3.6450000000000466,-0.45686491179421607,False,False,8,4,2,True,False,False,False,True,2024-09-10 17:40:00+00:00|demand|2506.26
17651,15min,m15_2c_1atr,demand,2506.81,2501.43,2024-09-10 18:00:00+00:00,2024-09-10 17:15:00+00:00,2024-09-10 17:30:00+00:00,2024-09-10 17:45:00+00:00,2,1.9205494709486364,1.3981808056432228,0.37732342007437897,2024-09-11 15:35:00+00:00,2024-09-11 16:05:00+00:00,2510.4,2500.5281428571425,9.871857142857607,21.583333333333332,True,353192,353193,5,2510.27,0.5087719298246394,4.1856359347638215,0.9481498632475842,3.8118460848297233,1.0,tp1,2024,2024-09,2024-09-11,0.030389418693832413,0.9696105813061676,0.03-0.05R,2024-09-11 16:00:00+00:00,4.119999999999989,2510.1675012331275,2510.27,0.7869674185463771,below,below,3.519999999999982,12,Wednesday,ny_main,0.05643173953218348,0.8543689320388329,True,False,False,True,False,False,False,False,False,True,False,False,False,False,True,False,False,False,True,True,True,2024-09-11 16:00:00+00:00,2508.84,2513.964923980416,4.2607142857142275,-1.2028321161077213,False,False,3,3,2,True,False,False,True,False,2024-09-11 16:05:00+00:00|demand|2510.4
17674,15min,m15_2c_1atr,demand,2550.56,2542.98,2024-09-12 18:00:00+00:00,2024-09-12 17:00:00+00:00,2024-09-12 17:15:00+00:00,2024-09-12 17:45:00+00:00,3,1.3539703903095368,1.020188425302808,0.275725593667568,2024-09-12 18:10:00+00:00,2024-09-12 18:25:00+00:00,2552.47,2542.3182857142856,10.151714285714206,0.16666666666666666,True,353496,353497,2,2552.51,0.6091954022988842,3.2240860094002692,0.7447018096873158,2.962061298584374,1.0,tp1,2024,2024-09,2024-09-12,0.029551659114576235,0.9704483408854238,<=0.03R,2024-09-12 18:20:00+00:00,3.4735714285714687,2551.0820217290348,2552.51,0.6344827586207531,above,above,3.449999999999818,14,Thursday,ny_main,0.39958247570451316,0.9932140653916697,True,False,True,True,True,False,False,True,True,True,True,False,False,False,False,False,True,False,True,True,True,2024-09-12 18:15:00+00:00,2553.62,2547.36280565737,7.742857142857214,0.8081247305979761,True,False,0,0,0,False,False,True,False,False,2024-09-12 18:25:00+00:00|demand|2552.47
17740,15min,m15_2c_1atr,demand,2577.01,2574.03,2024-09-19 10:15:00+00:00,2024-09-19 09:30:00+00:00,2024-09-19 09:45:00+00:00,2024-09-19 10:00:00+00:00,2,1.0896785109982312,1.0084602368866307,0.5335570469797587,2024-09-19 15:45:00+00:00,2024-09-19 16:10:00+00:00,2582.24,2573.333857142857,8.90614285714264,5.5,True,354849,354850,4,2582.24,0.6593406593406932,0.0392987183806138,1.038608985772285,2.9047366985869596,-1.0,stop,2024,2024-09,2024-09-19,0.03368461575477682,-1.0336846157547768,0.03-0.05R,2024-09-19 16:05:00+00:00,3.3235714285714755,2580.5634834524626,2582.24,1.0,below,below,4.960000000000036,12,Thursday,ny_main,0.5044322300778021,1.4923705136470993,True,False,False,True,False,False,False,False,False,True,True,False,False,False,False,False,False,False,True,True,True,2024-09-19 16:00:00+00:00,2579.01,2583.2581685696914,3.9871428571428362,-1.0654668573213355,False,False,2,2,2,True,False,False,True,False,2024-09-19 16:10:00+00:00|demand|2582.24
17775,15min,m15_2c_1atr,demand,2623.66,2620.11,2024-09-23 16:00:00+00:00,2024-09-23 15:15:00+00:00,2024-09-23 15:30:00+00:00,2024-09-23 15:45:00+00:00,2,1.976165254237345,1.3162076271185987,0.445070422535225,2024-09-24 10:35:00+00:00,2024-09-24 10:50:00+00:00,2627.94,2619.6654285714285,8.274571428571562,18.583333333333332,True,355613,355614,2,2627.95,0.8138801261829237,5.156762542729804,0.5474603777494025,3.3137667898207486,1.0,tp1,2024,2024-09,2024-09-24,0.036255654155587964,0.963744345844412,0.03-0.05R,2024-09-24 10:45:00+00:00,2.2428571428572144,2626.962268270371,2627.95,0.8138801261829237,missing,missing,,6,Tuesday,asia_late,0.43593134442050835,,True,False,False,True,False,False,False,True,True,True,True,True,False,False,True,False,False,False,False,True,True,2024-09-24 10:45:00+00:00,2628.99,2628.354962089702,3.837142857142843,0.165497593897416,True,False,6,4,2,True,False,False,False,False,2024-09-24 10:50:00+00:00|demand|2627.94
17787,15min,m15_2c_1atr,demand,2636.71,2631.04,2024-09-24 17:30:00+00:00,2024-09-24 16:00:00+00:00,2024-09-24 16:15:00+00:00,2024-09-24 17:15:00+00:00,5,1.3082893511331646,1.2322260167649768,0.08465608465608677,2024-09-24 17:35:00+00:00,2024-09-24 17:40:00+00:00,2638.85,2630.4427142857144,8.407285714285536,0.08333333333333333,True,355695,355696,0,2638.85,0.28338762214982843,3.7776758253896494,0.0523355592938174,2.3099012761041173,1.0,tp1,2024,2024-09,2024-09-24,0.0356833358821438,0.9643166641178562,0.03-0.05R,2024-09-24 17:35:00+00:00,2.8192857142857,2637.5147132764287,2638.85,0.7166123778501715,above,above,3.730000000000018,13,Tuesday,ny_main,0.47362589637693203,1.3230301494806314,True,False,False,True,False,False,True,True,True,False,False,False,False,False,False,False,True,False,True,True,True,2024-09-24 17:30:00+00:00,2640.39,2635.86383804892,4.7335714285714925,0.9561833003639014,True,False,4,4,2,True,False,True,False,False,2024-09-24 17:40:00+00:00|demand|2638.85
17799,15min,m15_2c_1atr,supply,2659.81,2655.34,2024-09-25 19:45:00+00:00,2024-09-25 18:30:00+00:00,2024-09-25 18:45:00+00:00,2024-09-25 19:30:00+00:00,4,1.278411910669994,1.035235732009898,0.1923937360179342,2024-09-25 20:05:00+00:00,2024-09-25 20:10:00+00:00,2653.91,2660.2445714285714,6.334571428571508,0.3333333333333333,True,356001,356002,0,2653.9,0.358649789029514,0.047359162870372645,1.0718957196337366,-3.057823282666563,-1.0,stop,2024,2024-09,2024-09-25,0.047359162870415715,-1.0473591628704157,0.03-0.05R,2024-09-25 20:05:00+00:00,2.1685714285714703,2653.9859334134544,2653.9,0.12236286919830253,below,below,2.569999999999709,16,Wednesday,ny_main,-0.03501540804886943,1.1851119894596585,False,True,False,True,False,False,True,True,True,False,False,False,False,False,False,False,True,False,True,True,True,2024-09-25 20:00:00+00:00,2655.09,2655.8330317438094,4.2271428571427805,-0.1757763503435341,True,False,2,1,1,True,False,True,False,False,2024-09-25 20:10:00+00:00|supply|2653.91
17813,15min,m15_2c_1atr,demand,2669.41,2667.08,2024-09-26 13:45:00+00:00,2024-09-26 12:30:00+00:00,2024-09-26 12:45:00+00:00,2024-09-26 13:30:00+00:00,4,2.21109399075496,0.8376990241396454,0.3433476394848722,2024-09-26 15:40:00+00:00,2024-09-26 15:50:00+00:00,2675.41,2666.301,9.108999999999924,1.9166666666666667,True,356225,356226,1,2675.6,0.47004608294933387,0.4995059830936678,1.2844439565265031,-1.0341420573059779,-1.0,stop,2024,2024-09,2024-09-26,0.032934460423757,-1.032934460423757,0.03-0.05R,2024-09-26 15:45:00+00:00,3.827857142857153,2675.5778067968045,2675.6,0.6267281105990768,above,above,6.130000000000109,11,Thursday,london_ny_overlap,-0.04383831228334326,1.6014181750326797,True,False,False,True,False,False,True,True,True,True,False,False,True,False,True,True,True,False,True,True,False,2024-09-26 15:45:00+00:00,2677.31,2676.7824172803234,5.294285714285739,0.09965135018174576,True,False,3,3,2,True,True,True,False,False,2024-09-26 15:50:00+00:00|demand|2675.41
17815,15min,m15_2c_1atr,demand,2668.73,2663.01,2024-09-26 18:45:00+00:00,2024-09-26 17:15:00+00:00,2024-09-26 17:30:00+00:00,2024-09-26 18:30:00+00:00,5,1.0111111111110875,0.7805068226120556,0.2989510489510658,2024-09-26 19:05:00+00:00,2024-09-26 19:50:00+00:00,2669.95,2662.4947142857145,7.45528571428531,0.3333333333333333,True,356273,356274,8,2669.95,0.51724137931023,1.0650161917719623,1.0113629831184512,-3.140054036446009,1.0,tp1,2024,2024-09,2024-09-26,0.04023990649012424,0.9597600935098758,0.03-0.05R,2024-09-26 19:45:00+00:00,2.6178571428571167,2668.543931817074,2669.95,0.8491379310343365,inside,above,6.130000000000109,15,Thursday,ny_main,0.5371065364519532,2.341609822646723,True,False,False,True,False,False,False,False,False,True,False,False,True,False,False,False,True,False,True,True,True,2024-09-26 19:45:00+00:00,2668.23,2668.1034070870505,5.562857142857085,0.022756815373560457,True,False,7,4,2,True,True,False,False,True,2024-09-26 19:50:00+00:00|demand|2669.95
17842,15min,m15_2c_1atr,demand,2641.59,2635.85,2024-09-30 14:45:00+00:00,2024-09-30 13:45:00+00:00,2024-09-30 14:00:00+00:00,2024-09-30 14:30:00+00:00,3,1.261464199517284,1.61625100563158,0.44773519163764075,2024-09-30 14:45:00+00:00,2024-09-30 14:50:00+00:00,2642.67,2635.430142857143,7.23985714285709,0.0,True,356765,356766,0,2642.66,0.8309859154927999,0.21685510763823362,1.0414570137532337,1.4309674618678627,-1.0,stop,2024,2024-09,2024-09-30,0.04143728171431984,-1.0414372817143198,0.03-0.05R,2024-09-30 14:45:00+00:00,2.1207142857142895,2640.7826014484135,2642.66,0.85211267605632,below,below,5.269999999999982,10,Monday,london_ny_overlap,0.889982476329126,2.485011788480957,True,False,False,True,False,False,True,True,True,True,True,True,False,False,False,False,False,False,True,True,True,2024-09-30 14:45:00+00:00,2641.63,2642.1512006516095,3.42785714285716,-0.15204853349722924,False,False,0,0,0,False,False,False,True,False,2024-09-30 14:50:00+00:00|demand|2642.67
17845,15min,m15_2c_1atr,demand,2636.49,2632.95,2024-09-30 19:45:00+00:00,2024-09-30 18:15:00+00:00,2024-09-30 18:30:00+00:00,2024-09-30 19:30:00+00:00,5,1.161445783132471,0.8530120481927703,0.2881355932203368,2024-09-30 20:30:00+00:00,2024-09-30 20:50:00+00:00,2638.93,2632.689714285714,6.240285714285619,0.75,True,356837,356838,3,2638.91,0.43010752688140497,0.14582665628868324,1.0079666681928579,3.6953436197976757,-1.0,stop,2024,2024-09,2024-09-30,0.04807472185339572,-1.0480747218533957,0.03-0.05R,2024-09-30 20:45:00+00:00,1.342142857142887,2638.6416256362745,2638.91,0.5698924731181061,below,below,5.269999999999982,16,Monday,ny_main,0.21486115445207318,3.9265566790845186,True,False,False,True,False,False,False,False,True,False,False,False,True,False,False,False,True,False,True,True,True,2024-09-30 20:45:00+00:00,2637.86,2637.689942769703,2.7364285714285352,0.062145685830302534,True,False,5,3,2,True,False,False,True,False,2024-09-30 20:50:00+00:00|demand|2638.93
17864,15min,m15_2c_1atr,supply,2671.8,2662.03,2024-10-01 18:00:00+00:00,2024-10-01 16:45:00+00:00,2024-10-01 17:00:00+00:00,2024-10-01 17:45:00+00:00,4,1.4923942987183847,1.6382800335369874,0.5803480040941743,2024-10-01 18:15:00+00:00,2024-10-01 18:45:00+00:00,2660.1,2672.4924285714287,12.392428571428809,0.25,True,357088,357089,5,2660.28,0.7680851063829388,0.023401385638693054,1.0579040197355427,0.8045234993717046,-1.0,stop,2024,2024-10,2024-10-01,0.024208329971064816,-1.024208329971065,<=0.03R,2024-10-01 18:40:00+00:00,3.5707142857142378,2662.4009553988476,2660.28,0.2170212765957492,above,above,2.0399999999999636,14,Tuesday,ny_main,-0.6443963909555532,0.571314262852568,False,True,True,True,True,False,False,False,False,True,True,True,False,False,False,False,False,False,True,True,True,2024-10-01 18:30:00+00:00,2660.28,2661.37796410487,6.490714285714181,-0.1691592106105127,True,True,1,1,1,True,False,False,True,False,2024-10-01 18:45:00+00:00|supply|2660.1
17876,15min,m15_2c_1atr,demand,2651.12,2643.92,2024-10-02 16:00:00+00:00,2024-10-02 15:15:00+00:00,2024-10-02 15:30:00+00:00,2024-10-02 15:45:00+00:00,2,1.2223168654173604,2.1465076660987723,0.7750000000000726,2024-10-02 16:00:00+00:00,2024-10-02 16:05:00+00:00,2652.46,2643.3012857142858,9.158714285714268,0.0,True,357332,357333,0,2652.47,0.857585139318875,1.189031523451502,1.1267957136840991,-0.6321848044797277,1.0,tp1,2024,2024-10,2024-10-02,0.03275568935128143,0.9672443106487185,0.03-0.05R,2024-10-02 16:00:00+00:00,2.974999999999974,2650.4864773613594,2652.47,0.987616099071078,inside,below,2.930000000000291,12,Wednesday,ny_main,0.6633689541649095,0.9848739495799385,True,False,False,True,False,False,True,True,True,True,True,True,False,True,False,False,False,True,True,True,True,2024-10-02 16:00:00+00:00,2651.09,2650.0188588426004,3.46071428571424,0.3095144727264625,True,False,8,4,2,True,False,False,False,True,2024-10-02 16:05:00+00:00|demand|2652.46
17879,15min,m15_2c_1atr,demand,2648.51,2641.66,2024-10-02 18:45:00+00:00,2024-10-02 18:00:00+00:00,2024-10-02 18:15:00+00:00,2024-10-02 18:30:00+00:00,2,1.3538280329799883,1.1295641931684983,0.9503649635035646,2024-10-02 19:10:00+00:00,2024-10-02 19:20:00+00:00,2651.91,2641.2011428571427,10.708857142857141,0.4166666666666667,True,357371,357372,1,2651.92,0.8839590443686998,1.0290547210586682,1.0187828499773084,0.8861823323817622,1.0,tp1,2024,2024-10,2024-10-02,0.0280141938582215,0.9719858061417785,<=0.03R,2024-10-02 19:15:00+00:00,2.5235714285714557,2650.28694747399,2651.92,0.989761092150257,inside,below,2.930000000000291,15,Wednesday,ny_main,0.6431569590754929,1.1610529295217558,True,False,True,True,True,False,True,True,True,True,True,True,False,False,False,False,False,True,True,True,True,2024-10-02 19:15:00+00:00,2649.53,2649.84153979739,5.3614285714286,-0.05810760942521129,False,False,8,4,2,True,False,False,False,True,2024-10-02 19:20:00+00:00|demand|2651.91
17906,15min,m15_2c_1atr,demand,2646.58,2632.04,2024-10-04 16:30:00+00:00,2024-10-04 15:45:00+00:00,2024-10-04 16:00:00+00:00,2024-10-04 16:15:00+00:00,2,2.3441258094357047,2.690101757631797,0.14855570839066815,2024-10-04 17:20:00+00:00,2024-10-04 17:40:00+00:00,2650.79,2631.2604285714287,19.529571428571217,0.8333333333333334,True,357903,357904,3,2650.7,0.4095744680850729,0.9923412846452796,0.6651451644758458,-0.07629455697220029,-0.07629455697220029,time,2024,2024-10,2024-10-04,0.015361320195747276,-0.09165587716794757,<=0.03R,2024-10-04 17:35:00+00:00,3.7707142857143157,2650.5208701155393,2650.7,0.4308510638297332,below,below,2.8400000000001455,13,Friday,ny_main,0.07137371438623072,0.7531729494222716,True,False,True,True,True,True,False,False,True,False,False,False,False,True,True,True,True,False,True,True,True,2024-10-04 17:30:00+00:00,2655.68,2651.8999746691197,6.806428571428536,0.5553610518661116,True,False,2,2,2,True,False,False,True,False,2024-10-04 17:40:00+00:00|demand|2650.79
17935,15min,m15_2c_1atr,demand,2611.34,2606.75,2024-10-08 20:30:00+00:00,2024-10-08 19:45:00+00:00,2024-10-08 20:00:00+00:00,2024-10-08 20:15:00+00:00,2,1.1532655070561533,0.7029865441418022,0.4117647058823121,2024-10-09 09:45:00+00:00,2024-10-09 10:20:00+00:00,2614.17,2606.3047142857145,7.865285714285619,13.25,True,358643,358644,6,2614.23,0.6936936936936925,1.0501843543963354,1.1239261129375333,0.2568247452639999,1.0,tp1,2024,2024-10,2024-10-09,0.03814228890059439,0.9618577110994057,0.03-0.05R,2024-10-09 10:15:00+00:00,2.144285714285713,2613.0181062427273,2614.23,0.7027027027027618,missing,missing,,6,Wednesday,asia_late,0.5371922918660507,,True,False,False,True,False,False,False,False,False,True,True,False,True,False,False,False,False,False,False,True,True,2024-10-09 10:15:00+00:00,2614.86,2615.027101332748,3.035714285714253,-0.05504514490513649,False,False,0,0,0,False,False,False,False,False,2024-10-09 10:20:00+00:00|demand|2614.17
17976,15min,m15_2c_1atr,demand,2641.07,2639.38,2024-10-11 15:00:00+00:00,2024-10-11 14:15:00+00:00,2024-10-11 14:30:00+00:00,2024-10-11 14:45:00+00:00,2,2.152552552552524,0.7105105105105393,0.01775147928978957,2024-10-11 15:45:00+00:00,2024-10-11 16:05:00+00:00,2646.1,2638.843142857143,7.256857142856916,0.75,True,359264,359265,3,2646.09,0.7467362924282459,2.8607425489193683,0.3968660183472065,0.7151856372298421,1.0,tp1,2024,2024-10,2024-10-11,0.041340210244499104,0.9586597897555009,0.03-0.05R,2024-10-11 16:00:00+00:00,2.6057142857142543,2644.1216705930888,2646.09,0.8877284595300667,above,above,1.819999999999709,12,Friday,ny_main,0.7592272943189786,0.6984649122805985,True,False,False,True,False,False,False,False,True,True,True,True,True,False,True,True,True,False,True,True,True,2024-10-11 16:00:00+00:00,2647.69,2643.9631216004727,2.997142857142827,1.2434770637126558,True,False,6,3,2,True,True,True,False,False,2024-10-11 16:05:00+00:00|demand|2646.1
17978,15min,m15_2c_1atr,demand,2649.93,2646.64,2024-10-11 17:15:00+00:00,2024-10-11 16:15:00+00:00,2024-10-11 16:30:00+00:00,2024-10-11 17:00:00+00:00,3,1.2120007229351089,0.8324597867341325,0.18844984802428502,2024-10-11 17:20:00+00:00,2024-10-11 17:25:00+00:00,2652.82,2646.010142857143,6.809857142857254,0.08333333333333333,True,359280,359281,0,2652.83,0.7176470588235263,1.2614067842832208,1.0984077702489936,-1.033795548469633,1.0,tp1,2024,2024-10,2024-10-11,0.044053787576831184,0.9559462124231688,0.03-0.05R,2024-10-11 17:20:00+00:00,3.2471428571428596,2650.5319650623887,2652.83,0.9823529411764871,above,above,1.819999999999709,13,Friday,ny_main,0.7046302051597002,0.5604927408710054,True,False,False,True,False,False,True,True,True,True,True,True,True,False,False,False,True,False,True,True,True,2024-10-11 17:15:00+00:00,2652.78,2648.989479665009,4.048571428571449,0.9362611977747696,True,False,2,2,2,True,True,True,False,False,2024-10-11 17:25:00+00:00|demand|2652.82
18003,15min,m15_2c_1atr,demand,2651.38,2645.67,2024-10-15 15:30:00+00:00,2024-10-15 14:45:00+00:00,2024-10-15 15:00:00+00:00,2024-10-15 15:15:00+00:00,2,2.5885583524027336,1.8292906178489894,0.4203152364272541,2024-10-15 15:50:00+00:00,2024-10-15 16:25:00+00:00,2651.6,2645.117,6.48299999999972,0.3333333333333333,True,359820,359821,6,2651.54,0.5850144092217857,5.213635662502181,0.7095480487428826,4.153941076662264,1.0,tp1,2024,2024-10,2024-10-15,0.04627487274410195,0.9537251272558981,0.03-0.05R,2024-10-15 16:20:00+00:00,2.7585714285714857,2650.240649659426,2651.54,0.752161383285284,below,below,4.099999999999909,12,Tuesday,ny_main,0.492773297981283,1.4862765406524479,True,False,False,True,False,False,False,False,False,True,False,False,False,False,True,True,False,False,True,True,True,2024-10-15 16:15:00+00:00,2651.87,2651.2320787461867,3.677142857142891,0.17348285845734218,True,False,7,2,1,True,False,False,True,False,2024-10-15 16:25:00+00:00|demand|2651.6
18027,15min,m15_2c_1atr,demand,2691.84,2686.81,2024-10-17 18:00:00+00:00,2024-10-17 17:15:00+00:00,2024-10-17 17:30:00+00:00,2024-10-17 17:45:00+00:00,2,1.2474226804122965,1.0371134020618815,0.06958250497024848,2024-10-17 18:10:00+00:00,2024-10-17 18:30:00+00:00,2693.29,2686.197857142857,7.09214285714279,0.16666666666666666,True,360397,360398,3,2693.28,0.798861480075911,0.38634303555245925,1.3084902809950416,3.2754557357236718,-1.0,stop,2024,2024-10,2024-10-17,0.04230033235975466,-1.0423003323597546,0.03-0.05R,2024-10-17 18:25:00+00:00,3.1721428571428794,2692.3853428570064,2693.28,0.8121442125237599,above,above,8.559999999999945,14,Thursday,ny_main,0.2851880207590477,2.6984913307813194,True,False,False,True,False,False,False,False,True,True,True,True,False,False,False,False,True,False,True,True,True,2024-10-17 18:15:00+00:00,2693.28,2690.942115202535,5.152857142857166,0.45370650352799796,True,True,0,0,0,False,False,True,False,False,2024-10-17 18:30:00+00:00|demand|2693.29
18082,15min,m15_2c_1atr,demand,2719.32,2708.83,2024-10-23 18:45:00+00:00,2024-10-23 18:00:00+00:00,2024-10-23 18:15:00+00:00,2024-10-23 18:30:00+00:00,2,1.0686390532544792,1.448323471400439,0.6558627264060967,2024-10-23 18:45:00+00:00,2024-10-23 18:55:00+00:00,2721.41,2708.084142857143,13.325857142856876,0.0,True,361506,361507,1,2721.42,0.8405315614617995,1.644922331450173,0.7031442630332067,0.9215167075824994,1.0,tp1,2024,2024-10,2024-10-23,0.022512623149409227,0.9774873768505907,<=0.03R,2024-10-23 18:50:00+00:00,3.7928571428571365,2718.054272891564,2721.42,0.8970099667774343,below,below,2.369999999999891,14,Wednesday,ny_main,0.8847491434671163,0.6248587570621191,True,False,True,True,True,False,True,True,True,True,True,True,False,False,False,False,False,True,True,True,True,2024-10-23 18:45:00+00:00,2721.87,2721.3221803439014,7.144285714285648,0.07667941597059019,True,False,0,0,0,False,False,False,True,False,2024-10-23 18:55:00+00:00|demand|2721.41
18092,15min,m15_2c_1atr,demand,2723.56,2721.63,2024-10-24 07:30:00+00:00,2024-10-24 06:30:00+00:00,2024-10-24 06:45:00+00:00,2024-10-24 07:15:00+00:00,3,1.513922681805865,0.730467693971268,0.8652849740933753,2024-10-24 17:30:00+00:00,2024-10-24 17:45:00+00:00,2728.92,2720.8528571428574,8.067142857142699,10.0,True,361768,361769,2,2728.93,0.5887850467289256,1.1020010625110737,1.0226669027802573,1.1491057198512689,1.0,tp1,2024,2024-10,2024-10-24,0.03718788737382754,0.9628121126261725,0.03-0.05R,2024-10-24 17:40:00+00:00,3.9028571428571337,2728.680998120549,2728.93,0.8535825545171272,below,below,1.8699999999998909,13,Thursday,ny_main,0.06123767043041591,0.4791361639824036,True,False,False,True,False,False,False,True,True,True,False,False,True,False,True,False,False,True,True,True,True,2024-10-24 17:30:00+00:00,2728.93,2733.264903274177,4.552142857142859,-0.9522775119799104,False,True,4,4,2,True,False,False,True,False,2024-10-24 17:45:00+00:00|demand|2728.92
18193,15min,m15_2c_1atr,demand,2737.11,2731.94,2024-11-04 11:30:00+00:00,2024-11-04 10:45:00+00:00,2024-11-04 11:00:00+00:00,2024-11-04 11:15:00+00:00,2,2.1902097902098414,1.4461538461539138,0.6266924564796394,2024-11-04 13:05:00+00:00,2024-11-04 13:35:00+00:00,2738.74,2731.5798571428572,7.160142857142546,1.5833333333333333,True,363650,363651,5,2738.75,0.4715025906735397,1.3253925500290207,1.142435306558156,0.11172961433334365,1.0,tp1,2024,2024-11,2024-11-04,0.04189860537499434,0.9581013946250057,0.03-0.05R,2024-11-04 13:30:00+00:00,1.8078571428571064,2738.5428047654873,2738.75,0.5129533678755781,missing,missing,,8,Monday,london_ny_overlap,0.10907677926412256,,True,False,False,True,False,False,False,False,False,True,False,False,False,False,True,True,False,False,True,True,True,2024-11-04 13:30:00+00:00,2739.37,2739.370419595314,3.50142857142857,-0.00011983546307175812,False,False,6,3,2,True,False,False,False,False,2024-11-04 13:35:00+00:00|demand|2738.74
18203,15min,m15_2c_1atr,demand,2734.83,2725.64,2024-11-05 05:15:00+00:00,2024-11-05 04:30:00+00:00,2024-11-05 04:45:00+00:00,2024-11-05 05:00:00+00:00,2,1.1605068637803226,3.3965153115100826,0.8541893362350726,2024-11-05 05:15:00+00:00,2024-11-05 05:50:00+00:00,2734.93,2725.313714285714,9.616285714285823,0.0,True,363833,363834,6,2734.95,0.6305732484076212,1.5702528448762716,0.4325994592506559,0.5729863029979068,1.0,tp1,2024,2024-11,2024-11-05,0.031197076388269546,0.9688029236117305,0.03-0.05R,2024-11-05 05:45:00+00:00,1.8642857142857079,2731.863584738572,2734.95,0.9872611464968245,missing,missing,,0,Tuesday,post_close,1.6448204467428142,,True,False,False,True,False,False,False,False,False,True,True,False,False,True,False,False,False,True,False,True,True,2024-11-05 05:45:00+00:00,2735.31,2732.5298790563443,2.9764285714285443,0.9340459133952436,True,False,3,3,2,True,False,False,False,False,2024-11-05 05:50:00+00:00|demand|2734.93
18210,15min,m15_2c_1atr,supply,2747.15,2741.55,2024-11-05 17:30:00+00:00,2024-11-05 16:45:00+00:00,2024-11-05 17:00:00+00:00,2024-11-05 17:15:00+00:00,2,3.1011873117136117,1.3893319156476756,0.22857142857138682,2024-11-05 17:45:00+00:00,2024-11-05 18:20:00+00:00,2740.51,2747.6375714285714,7.127571428571173,0.25,True,363983,363984,6,2740.51,0.8172588832486478,1.0915358867978144,1.0971478964985053,10.150722546249389,1.0,tp1,2024,2024-11,2024-11-05,0.0420900727556987,0.9579099272443014,0.03-0.05R,2024-11-05 18:15:00+00:00,2.4692857142856934,2740.9169862312156,2740.51,0.18274111675135224,inside,below,3.019999999999982,13,Tuesday,ny_main,-0.16481941674905506,1.2230257448654933,False,True,False,True,False,False,False,False,False,True,True,True,False,False,True,True,True,False,True,True,True,2024-11-05 18:15:00+00:00,2737.96,2740.3957703886526,4.723571428571437,-0.5156628677020465,True,False,8,4,2,True,True,False,False,True,2024-11-05 18:20:00+00:00|supply|2740.51
18211,15min,m15_2c_1atr,demand,2738.57,2733.56,2024-11-05 18:00:00+00:00,2024-11-05 17:15:00+00:00,2024-11-05 17:30:00+00:00,2024-11-05 17:45:00+00:00,2,1.7795853269537971,1.1186602870813835,0.7544910179639882,2024-11-05 18:25:00+00:00,2024-11-05 18:50:00+00:00,2740.0,2733.150857142857,6.849142857142851,0.4166666666666667,True,363989,363990,4,2740.11,0.8978723404256208,0.9373435674954227,1.0614466878024345,-11.318204572000674,-1.0,stop,2024,2024-11,2024-11-05,0.04380110128483234,-1.0438011012848323,0.03-0.05R,2024-11-05 18:45:00+00:00,2.2099999999999715,2739.4221400929105,2740.11,0.9489361702128104,inside,below,3.019999999999982,13,Tuesday,ny_main,0.2614750710812398,1.3665158371040818,True,False,False,True,False,False,False,False,False,True,True,True,False,False,True,False,False,True,True,True,True,2024-11-05 18:45:00+00:00,2738.96,2739.6643549264686,4.594999999999994,-0.15328725276791488,False,False,16,4,2,True,False,False,False,True,2024-11-05 18:50:00+00:00|demand|2740.0
18218,15min,m15_2c_1atr,supply,2748.26,2743.55,2024-11-06 05:00:00+00:00,2024-11-06 04:15:00+00:00,2024-11-06 04:30:00+00:00,2024-11-06 04:45:00+00:00,2,1.704415656776757,0.9185123276222391,0.5244161358810575,2024-11-06 05:20:00+00:00,2024-11-06 05:25:00+00:00,2740.08,2749.0538571428574,8.973857142857469,0.3333333333333333,True,364104,364105,0,2740.07,0.7407407407407647,10.78354585542091,0.39893659359725203,9.18779948103185,1.0,tp1,2024,2024-11,2024-11-06,0.033430440804239674,0.9665695591957604,0.03-0.05R,2024-11-06 05:20:00+00:00,3.468571428571425,2740.5341118077895,2740.07,0.005698005698000899,missing,missing,,0,Wednesday,post_close,-0.1309218556230196,,False,True,False,True,False,False,True,True,True,True,True,True,True,False,True,False,False,False,False,True,True,2024-11-06 05:15:00+00:00,2731.53,2739.380958282009,6.1735714285713845,-1.2717044538716238,True,False,8,3,2,True,False,False,False,False,2024-11-06 05:25:00+00:00|supply|2740.08
18231,15min,m15_2c_1atr,demand,2657.62,2655.17,2024-11-07 09:15:00+00:00,2024-11-07 08:30:00+00:00,2024-11-07 08:45:00+00:00,2024-11-07 09:00:00+00:00,2,1.2639106145251153,0.7664804469273095,0.08979591836727194,2024-11-07 10:55:00+00:00,2024-11-07 11:05:00+00:00,2660.75,2654.7402857142856,6.009714285714381,1.6666666666666667,True,364448,364449,1,2660.74,0.9115044247787041,8.26162403727287,0.2562517828277925,4.264761814205523,1.0,tp1,2024,2024-11,2024-11-07,0.049919178472947766,0.9500808215270522,0.03-0.05R,2024-11-07 11:00:00+00:00,2.1085714285714596,2660.5642028819766,2660.74,0.9498525073746079,missing,missing,,6,Thursday,asia_late,0.0881151643742407,,True,False,False,True,False,False,True,True,True,True,True,True,True,False,False,False,True,False,False,True,True,2024-11-07 11:00:00+00:00,2659.97,2660.7752426687457,4.181428571428634,-0.19257597134339763,False,False,5,3,2,True,False,False,False,False,2024-11-07 11:05:00+00:00|demand|2660.75
18244,15min,m15_2c_1atr,supply,2696.15,2694.02,2024-11-08 08:30:00+00:00,2024-11-08 07:45:00+00:00,2024-11-08 08:00:00+00:00,2024-11-08 08:15:00+00:00,2,2.7581888246628825,0.7182080924855784,0.2206572769951999,2024-11-08 13:40:00+00:00,2024-11-08 14:05:00+00:00,2690.26,2696.4990000000003,6.239000000000033,5.166666666666667,True,364760,364761,4,2690.25,0.7118644067796904,0.6427312069242181,1.0081743869209698,5.649943901266199,-1.0,stop,2024,2024-11,2024-11-08,0.04808462894694637,-1.0480846289469463,0.03-0.05R,2024-11-08 14:00:00+00:00,1.7249999999998766,2691.281360397784,2690.25,0.1991525423728242,missing,missing,,9,Friday,london_ny_overlap,-0.592092984222425,,False,True,False,True,False,False,False,False,False,True,True,True,True,False,True,True,True,False,True,True,True,2024-11-08 14:00:00+00:00,2689.76,2689.8668895922815,3.399999999999961,-0.031438115376846584,True,False,6,4,2,True,True,False,False,False,2024-11-08 14:05:00+00:00|supply|2690.26
18275,15min,m15_2c_1atr,demand,2595.01,2589.71,2024-11-12 13:30:00+00:00,2024-11-12 12:15:00+00:00,2024-11-12 12:30:00+00:00,2024-11-12 13:15:00+00:00,4,1.192422731804597,1.0568295114656456,0.2999999999999314,2024-11-12 13:40:00+00:00,2024-11-12 14:00:00+00:00,2598.02,2589.1402857142857,8.879714285714272,0.16666666666666666,True,365311,365312,3,2597.92,0.8711484593837492,2.1475916213520603,0.6182631358795092,1.3694134302905356,1.0,tp1,2024,2024-11,2024-11-12,0.03378487081308928,0.9662151291869108,0.03-0.05R,2024-11-12 13:55:00+00:00,2.6064285714285234,2595.983146642943,2597.92,0.9075630252101087,missing,missing,,9,Tuesday,london_ny_overlap,0.7814729240557773,,True,False,False,True,False,False,False,False,True,True,True,True,False,False,False,False,True,False,True,True,True,2024-11-12 13:45:00+00:00,2597.92,2596.298297685112,4.757142857142818,0.3408983845109723,True,True,0,0,0,False,False,False,False,False,2024-11-12 14:00:00+00:00|demand|2598.02
18277,15min,m15_2c_1atr,demand,2606.62,2600.88,2024-11-12 15:30:00+00:00,2024-11-12 14:30:00+00:00,2024-11-12 14:45:00+00:00,2024-11-12 15:15:00+00:00,3,2.2592691384369266,1.071752467324592,0.0034843205574882526,2024-11-12 15:40:00+00:00,2024-11-12 15:50:00+00:00,2609.04,2600.1330000000003,8.906999999999698,0.16666666666666666,True,365333,365334,1,2609.03,0.7083333333334567,0.903783541035192,1.1575165600090147,-0.6421915347479503,-1.0,stop,2024,2024-11,2024-11-12,0.0336813742000685,-1.0336813742000686,0.03-0.05R,2024-11-12 15:45:00+00:00,3.8657142857142452,2608.4929114607485,2609.03,0.9010416666667487,above,above,6.619999999999891,10,Tuesday,london_ny_overlap,0.1415232732727447,1.7124907612712388,True,False,False,True,False,False,True,True,True,True,True,True,False,False,True,True,True,False,True,True,True,2024-11-12 15:45:00+00:00,2611.67,2606.5337612584576,5.756428571428485,0.8922613522967549,True,False,2,2,1,True,True,True,False,False,2024-11-12 15:50:00+00:00|demand|2609.04
18289,15min,m15_2c_1atr,demand,2608.72,2605.87,2024-11-13 14:15:00+00:00,2024-11-13 13:30:00+00:00,2024-11-13 13:45:00+00:00,2024-11-13 14:00:00+00:00,2,1.0755755755754728,0.9984984984984657,0.0947368421052598,2024-11-13 15:10:00+00:00,2024-11-13 15:35:00+00:00,2612.46,2605.37,7.0900000000001455,0.9166666666666666,True,365606,365607,4,2611.09,0.5752941176470439,0.5543018335683717,1.5952045133991133,-6.836389280676905,-1.0,stop,2024,2024-11,2024-11-13,0.04231311706628968,-1.0423131170662896,0.03-0.05R,2024-11-13 15:30:00+00:00,2.332142857142896,2609.5343675151307,2611.09,0.09176470588237648,inside,inside,2.8099999999999454,10,Wednesday,london_ny_overlap,1.2544825356254112,1.204900459418027,True,False,False,True,False,False,False,False,False,True,False,False,True,False,False,False,True,False,True,True,True,2024-11-13 15:30:00+00:00,2609.55,2609.464932354247,3.275714285714327,0.02596918971963762,True,False,5,3,2,True,True,False,False,True,2024-11-13 15:35:00+00:00|demand|2612.46
18306,15min,m15_2c_1atr,demand,2559.95,2555.84,2024-11-14 16:30:00+00:00,2024-11-14 15:45:00+00:00,2024-11-14 16:00:00+00:00,2024-11-14 16:15:00+00:00,2,1.3262434554974902,0.9414267015706143,0.22384428223847835,2024-11-14 16:45:00+00:00,2024-11-14 16:50:00+00:00,2561.65,2555.1185714285716,6.531428571428478,0.25,True,365897,365898,0,2561.64,0.0031948881789838285,2.4282589676291004,1.0135608048993854,1.2202537182852011,1.0,tp1,2024,2024-11,2024-11-14,0.045931758530184386,0.9540682414698156,0.03-0.05R,2024-11-14 16:45:00+00:00,3.464285714285682,2561.3858832412916,2561.64,0.6613418530351238,above,above,4.619999999999891,11,Thursday,london_ny_overlap,0.07623988911173166,1.3336082474226614,True,False,False,True,False,False,True,True,True,False,False,False,True,False,False,False,True,False,True,True,True,2024-11-14 16:45:00+00:00,2559.75,2558.635035257372,4.702857142857056,0.23708241793431545,True,False,5,4,2,True,False,True,False,False,2024-11-14 16:50:00+00:00|demand|2561.65
18318,15min,m15_2c_1atr,demand,2561.93,2556.1,2024-11-15 08:45:00+00:00,2024-11-15 08:00:00+00:00,2024-11-15 08:15:00+00:00,2024-11-15 08:30:00+00:00,2,1.445934379457885,2.3286733238230988,0.391080617495673,2024-11-15 08:45:00+00:00,2024-11-15 08:50:00+00:00,2563.21,2555.630714285714,7.579285714286016,0.0,True,366077,366078,0,2563.2,0.7609561752988185,4.504382244840064,0.4974083498256304,2.5965507492223803,1.0,tp1,2024,2024-11,2024-11-15,0.039581566299121976,0.960418433700878,0.03-0.05R,2024-11-15 08:45:00+00:00,2.308571428571343,2560.4944556376126,2563.2,0.8406374501991519,missing,missing,,3,Friday,asia_late,1.176287780737156,,True,False,False,True,False,False,True,True,True,True,True,True,False,True,False,False,False,False,False,True,True,2024-11-15 08:45:00+00:00,2561.48,2562.077590101189,2.575714285714249,-0.23200946801564923,False,False,6,4,2,True,False,False,False,False,2024-11-15 08:50:00+00:00|demand|2563.21
18327,15min,m15_2c_1atr,supply,2576.03,2570.94,2024-11-15 17:45:00+00:00,2024-11-15 17:00:00+00:00,2024-11-15 17:15:00+00:00,2024-11-15 17:30:00+00:00,2,1.3786975045648513,0.8674376141205399,0.09233791748522327,2024-11-15 17:55:00+00:00,2024-11-15 18:20:00+00:00,2569.71,2576.578142857143,6.868142857143084,0.16666666666666666,True,366191,366192,4,2569.72,0.9598765432098458,1.4807496308005523,1.0949102481435642,-5.586663061338902,1.0,tp1,2024,2024-11,2024-11-15,0.043679930112110375,0.9563200698878896,0.03-0.05R,2024-11-15 18:15:00+00:00,2.8057142857142674,2570.6805010919893,2569.72,0.006172839506166775,inside,inside,5.539999999999964,13,Friday,ny_main,-0.3459016111978047,1.9745417515274948,False,True,False,True,False,False,False,False,False,True,True,True,True,False,False,False,True,False,True,True,True,2024-11-15 18:15:00+00:00,2566.56,2569.743504334828,6.414285714285727,-0.49631470698874763,True,False,9,3,2,True,True,False,False,True,2024-11-15 18:20:00+00:00|supply|2569.71
18350,15min,m15_2c_1atr,demand,2627.03,2623.22,2024-11-19 11:30:00+00:00,2024-11-19 10:45:00+00:00,2024-11-19 11:00:00+00:00,2024-11-19 11:15:00+00:00,2,1.1217340816722472,1.0323204954520224,0.05774278215217239,2024-11-19 16:15:00+00:00,2024-11-19 16:45:00+00:00,2629.93,2622.530714285714,7.399285714285725,4.75,True,366724,366725,5,2629.92,0.8500000000000071,0.15271744376871807,1.02577468867647,1.9285645332561006,-1.0,stop,2024,2024-11,2024-11-19,0.04054445409788584,-1.0405444540978859,0.03-0.05R,2024-11-19 16:40:00+00:00,3.5028571428571076,2629.0810429023522,2629.92,0.9531249999999756,inside,inside,7.360000000000127,11,Tuesday,london_ny_overlap,0.24236132477704941,2.1011419249592747,True,False,False,True,False,False,False,False,False,True,True,True,False,False,False,False,True,False,True,True,True,2024-11-19 16:30:00+00:00,2629.92,2631.885143866109,4.752142857142807,-0.41352794416843425,False,True,3,3,2,True,False,False,False,True,2024-11-19 16:45:00+00:00|demand|2629.93
18356,15min,m15_2c_1atr,supply,2636.99,2632.52,2024-11-19 16:30:00+00:00,2024-11-19 15:45:00+00:00,2024-11-19 16:00:00+00:00,2024-11-19 16:15:00+00:00,2,1.5279407224452513,0.9660389008953054,0.11409395973149583,2024-11-19 19:20:00+00:00,2024-11-19 19:45:00+00:00,2630.12,2637.3671428571424,7.247142857142535,2.8333333333333335,True,366760,366761,4,2630.11,0.6327683615818658,0.5188251527695548,1.0100532229450705,-2.518233786714088,-1.0,stop,2024,2024-11,2024-11-19,0.04139562389119048,-1.0413956238911906,0.03-0.05R,2024-11-19 19:40:00+00:00,1.854285714285652,2630.218881386958,2630.11,0.2203389830510347,inside,inside,7.360000000000127,14,Tuesday,ny_main,-0.05332586353670346,3.9691833590140697,False,True,False,True,False,False,False,False,False,True,True,False,True,False,True,False,True,False,True,True,True,2024-11-19 19:30:00+00:00,2630.11,2628.5205335462797,4.70357142857152,0.3379275679891517,False,True,4,2,2,True,False,False,False,True,2024-11-19 19:45:00+00:00|supply|2630.12
18384,15min,m15_2c_1atr,demand,2661.98,2660.17,2024-11-21 09:45:00+00:00,2024-11-21 09:00:00+00:00,2024-11-21 09:15:00+00:00,2024-11-21 09:30:00+00:00,2,1.3368455712874814,0.8343760289759284,0.055248618784481805,2024-11-21 15:00:00+00:00,2024-11-21 15:10:00+00:00,2666.66,2659.7312857142856,6.92871428571425,5.25,True,367257,367258,1,2666.66,0.9656357388316447,6.275334529185001,0.7620461433784542,3.339724954124722,1.0,tp1,2024,2024-11,2024-11-21,0.04329807632832335,0.9567019236716766,0.03-0.05R,2024-11-21 15:05:00+00:00,2.3207142857143026,2665.4101882096393,2666.66,0.9828178694157442,inside,inside,8.190000000000055,10,Thursday,london_ny_overlap,0.5385461700538017,3.529085872576175,True,False,False,True,False,False,True,True,True,True,True,True,True,False,False,False,True,False,True,True,True,2024-11-21 15:00:00+00:00,2667.12,2666.9150296317584,3.8042857142857622,0.05387880502028216,True,False,0,0,0,False,False,False,False,True,2024-11-21 15:10:00+00:00|demand|2666.66
18396,15min,m15_2c_1atr,demand,2689.32,2685.89,2024-11-22 09:00:00+00:00,2024-11-22 08:15:00+00:00,2024-11-22 08:30:00+00:00,2024-11-22 08:45:00+00:00,2,1.389182594550666,0.9764131760879267,0.03206997084538287,2024-11-22 16:15:00+00:00,2024-11-22 16:40:00+00:00,2691.34,2685.2495714285715,6.090428571428674,7.25,True,367551,367552,4,2691.29,0.6911111111111394,4.935613257335774,5.218023596744251,-9.79405624750765,1.0,tp1,2024,2024-11,2024-11-22,0.04925761733868047,0.9507423826613195,0.03-0.05R,2024-11-22 16:35:00+00:00,3.2514285714286677,2690.4195308196427,2691.29,0.9577777777777656,below,below,3.8099999999999454,11,Friday,london_ny_overlap,0.2830968480888494,1.1717926186291225,True,False,False,True,False,False,False,False,False,True,True,False,True,False,False,False,True,False,True,True,True,2024-11-22 16:30:00+00:00,2692.89,2693.247482917618,5.658571428571447,-0.0631754714296235,False,False,2,2,2,True,False,False,True,False,2024-11-22 16:40:00+00:00|demand|2691.34
18409,15min,m15_2c_1atr,demand,2670.34,2666.38,2024-11-25 11:15:00+00:00,2024-11-25 09:45:00+00:00,2024-11-25 10:00:00+00:00,2024-11-25 11:00:00+00:00,5,1.4418748072772722,0.8547641073080542,0.09848484848493026,2024-11-25 11:25:00+00:00,2024-11-25 11:40:00+00:00,2672.57,2665.993285714286,6.576714285714388,0.16666666666666666,True,367767,367768,2,2672.6,0.5529411764705315,2.467797641027833,1.9553837131003213,-6.360318873949174,1.0,tp1,2024,2024-11,2024-11-25,0.04561548319829631,0.9543845168017037,0.03-0.05R,2024-11-25 11:35:00+00:00,1.9757142857143077,2672.2669847058114,2672.6,0.7470588235292812,missing,missing,,6,Monday,asia_late,0.15336999705865884,,True,False,False,True,False,False,False,True,True,True,False,False,True,False,False,False,True,False,False,True,True,2024-11-25 11:30:00+00:00,2673.69,2671.761327199113,4.1214285714285905,0.46796220472126654,True,False,0,0,0,False,False,False,False,False,2024-11-25 11:40:00+00:00|demand|2672.57
18412,15min,m15_2c_1atr,supply,2688.8,2686.21,2024-11-25 14:30:00+00:00,2024-11-25 13:45:00+00:00,2024-11-25 14:00:00+00:00,2024-11-25 14:15:00+00:00,2,1.210419360798131,0.6698688342878506,0.03088803088800106,2024-11-25 15:20:00+00:00,2024-11-25 15:35:00+00:00,2682.41,2689.4030000000002,6.993000000000393,0.8333333333333334,True,367814,367815,2,2682.42,0.5191986644407354,11.02388102388036,0.04719004719003413,8.100958100957595,1.0,tp1,2024,2024-11,2024-11-25,0.042900042900040486,0.9570999570999595,0.03-0.05R,2024-11-25 15:30:00+00:00,2.9100000000001143,2683.563071424593,2682.42,0.07846410684478065,inside,inside,7.059999999999945,10,Monday,london_ny_overlap,-0.39624447580522015,2.4261168384878586,False,True,False,True,False,False,False,True,True,True,False,False,True,False,False,False,True,False,True,True,True,2024-11-25 15:30:00+00:00,2681.28,2682.500233878951,4.8235714285715074,-0.25297311276927936,True,False,1,1,1,True,True,False,False,True,2024-11-25 15:35:00+00:00|supply|2682.41
18419,15min,m15_2c_1atr,demand,2623.06,2619.51,2024-11-26 03:30:00+00:00,2024-11-26 02:45:00+00:00,2024-11-26 03:00:00+00:00,2024-11-26 03:15:00+00:00,2,1.1076207097149142,0.578243164630559,0.49859154929580785,2024-11-26 05:00:00+00:00,2024-11-26 05:10:00+00:00,2627.84,2619.0488571428573,8.791142857142859,1.5,True,367965,367966,1,2627.84,0.7471264367817099,0.40950307127302416,1.127270954532194,1.1454710910331494,-1.0,stop,2024,2024-11,2024-11-26,0.034125255939419535,-1.0341252559394196,0.03-0.05R,2024-11-26 05:05:00+00:00,2.3400000000000807,2626.8644323936055,2627.84,0.7614942528735854,missing,missing,,0,Tuesday,post_close,0.4169092335019659,,True,False,False,True,False,False,True,True,True,True,True,True,True,False,False,False,False,False,False,True,True,2024-11-26 05:00:00+00:00,2628.13,2626.4400384256674,5.8914285714285075,0.2868508976801508,True,False,5,3,2,True,False,False,False,False,2024-11-26 05:10:00+00:00|demand|2627.84
18425,15min,m15_2c_1atr,demand,2617.16,2612.9,2024-11-26 11:30:00+00:00,2024-11-26 10:45:00+00:00,2024-11-26 11:00:00+00:00,2024-11-26 11:15:00+00:00,2,1.932080924855423,1.0773121387282438,0.20187793427234157,2024-11-26 16:40:00+00:00,2024-11-26 17:20:00+00:00,2625.41,2612.063142857143,13.346857142857061,5.166666666666667,True,368111,368112,7,2625.42,0.4540942928039296,2.458256625422796,0.4360577128911912,1.124609324827698,1.0,tp1,2024,2024-11,2024-11-26,0.02247720169542335,0.9775227983045767,<=0.03R,2024-11-26 17:15:00+00:00,4.2421428571428805,2624.16986261427,2625.42,1.0,below,below,5.480000000000018,12,Tuesday,ny_main,0.292337487796182,1.2917999663242943,True,False,True,True,True,False,False,False,False,True,False,False,False,False,True,False,True,False,True,True,True,2024-11-26 17:15:00+00:00,2626.39,2626.8866976793424,6.224999999999942,-0.0797907918622594,False,False,5,4,2,True,False,False,True,False,2024-11-26 17:20:00+00:00|demand|2625.41
18444,15min,m15_2c_1atr,demand,2650.27,2645.86,2024-11-27 16:00:00+00:00,2024-11-27 15:15:00+00:00,2024-11-27 15:30:00+00:00,2024-11-27 15:45:00+00:00,2,1.8860103626942981,1.1030909415758117,0.04081632653057647,2024-11-27 16:05:00+00:00,2024-11-27 16:30:00+00:00,2651.73,2645.2202857142856,6.509714285714381,0.08333333333333333,True,368377,368378,4,2651.73,0.4587813620072462,0.5330495084269278,1.5622805477527972,-2.2858146067415563,-1.0,stop,2024,2024-11,2024-11-27,0.04608497191011168,-1.0460849719101117,0.03-0.05R,2024-11-27 16:25:00+00:00,3.1521428571428323,2651.710112555967,2651.73,0.9318996415770405,inside,inside,5.039999999999964,11,Wednesday,london_ny_overlap,0.006309182335410075,1.5989123045547258,True,False,False,True,False,False,False,False,False,True,False,False,False,False,True,False,True,False,True,True,True,2024-11-27 16:15:00+00:00,2651.73,2651.7556541493395,4.531428571428543,-0.005661382262818859,False,True,6,3,2,True,False,False,False,True,2024-11-27 16:30:00+00:00|demand|2651.73
18473,15min,m15_2c_1atr,supply,2649.35,2643.5,2024-12-02 18:15:00+00:00,2024-12-02 17:15:00+00:00,2024-12-02 17:30:00+00:00,2024-12-02 18:00:00+00:00,3,1.1696555650441192,1.1656703672075157,0.21025641025641664,2024-12-02 18:20:00+00:00,2024-12-02 18:35:00+00:00,2640.88,2649.875285714286,8.995285714285728,0.08333333333333333,True,369173,369174,2,2640.91,0.7411003236245488,0.8159829752092514,1.0227579525783128,-0.4502358378197793,-1.0,stop,2024,2024-12,2024-12-02,0.033350802801467384,-1.0333508028014673,0.03-0.05R,2024-12-02 18:30:00+00:00,2.6400000000000676,2642.1702508827684,2640.91,0.22330097087379355,inside,inside,5.4699999999998,13,Monday,ny_main,-0.4887313949879818,2.071969696969568,False,True,False,True,False,False,False,True,True,True,True,True,False,False,False,False,True,False,True,True,True,2024-12-02 18:30:00+00:00,2640.3,2642.6694359693674,5.037142857142791,-0.47039284700995565,True,False,7,4,2,True,True,False,False,True,2024-12-02 18:35:00+00:00|supply|2640.88
18511,15min,m15_2c_1atr,supply,2647.88,2644.78,2024-12-05 17:15:00+00:00,2024-12-05 16:30:00+00:00,2024-12-05 16:45:00+00:00,2024-12-05 17:00:00+00:00,2,2.426065969428776,0.6983105390184771,0.5161290322580503,2024-12-06 10:55:00+00:00,2024-12-06 11:20:00+00:00,2641.14,2648.2905714285716,7.150571428571766,17.666666666666668,True,370190,370191,4,2641.15,0.7500000000000417,2.3802293522994016,1.046070244136286,-2.3774323730370077,1.0,tp1,2024,2024-12,2024-12-06,0.04195468893594719,0.9580453110640528,0.03-0.05R,2024-12-06 11:15:00+00:00,2.034285714285748,2642.4498986355848,2641.15,0.03676470588232221,missing,missing,,6,Friday,asia_late,-0.6439108461442453,,False,True,False,True,False,False,False,False,False,True,True,True,True,False,True,True,False,False,False,True,True,2024-12-06 11:15:00+00:00,2642.32,2641.4333060382187,3.0499999999999545,0.2907193317316355,False,False,3,3,2,True,False,False,False,False,2024-12-06 11:20:00+00:00|supply|2641.14
18524,15min,m15_2c_1atr,demand,2636.36,2633.62,2024-12-06 13:30:00+00:00,2024-12-06 12:45:00+00:00,2024-12-06 13:00:00+00:00,2024-12-06 13:15:00+00:00,2,1.2052765563526684,0.887757463550208,0.2408759124088512,2024-12-06 14:00:00+00:00,2024-12-06 14:15:00+00:00,2639.62,2633.2965714285715,6.323428571428394,0.5,True,370225,370226,2,2639.61,0.9446640316207778,0.6230797035966283,1.325230435568462,2.7121362732695644,-1.0,stop,2024,2024-12,2024-12-06,0.047442617025123326,-1.0474426170251234,0.03-0.05R,2024-12-06 14:10:00+00:00,1.5021428571428714,2638.2225556813955,2639.61,0.9960474308301326,missing,missing,,9,Friday,london_ny_overlap,0.9303005449577183,,True,False,False,True,False,False,False,True,True,True,True,True,True,False,False,False,True,False,True,True,True,2024-12-06 14:00:00+00:00,2639.61,2638.197425659301,3.0507142857142235,0.46303068999732017,True,True,2,2,2,True,True,False,False,False,2024-12-06 14:15:00+00:00|demand|2639.62
18526,15min,m15_2c_1atr,supply,2643.56,2631.24,2024-12-06 16:15:00+00:00,2024-12-06 15:30:00+00:00,2024-12-06 15:45:00+00:00,2024-12-06 16:00:00+00:00,2,1.5720601237842364,2.541703507220778,0.00730519480520652,2024-12-06 16:20:00+00:00,2024-12-06 16:30:00+00:00,2629.72,2644.674285714286,14.954285714286016,0.08333333333333333,True,370252,370253,1,2629.82,0.483180428134537,0.2527703477263822,1.2157050057317489,-2.727646159724849,-1.0,stop,2024,2024-12,2024-12-06,0.02006113870844438,-1.0200611387084444,<=0.03R,2024-12-06 16:25:00+00:00,5.51785714285724,2631.4154019523385,2629.82,0.12844036697250003,below,below,5.360000000000127,11,Friday,london_ny_overlap,-0.30725731175069215,0.9713915857605238,False,True,True,True,True,False,True,True,True,True,False,False,False,True,True,False,True,False,True,True,True,2024-12-06 16:15:00+00:00,2629.82,2633.867645688783,5.052142857142859,-0.8011740370840958,True,True,16,4,2,True,True,True,False,False,2024-12-06 16:30:00+00:00|supply|2629.72
18552,15min,m15_2c_1atr,demand,2677.92,2673.75,2024-12-10 16:00:00+00:00,2024-12-10 15:00:00+00:00,2024-12-10 15:15:00+00:00,2024-12-10 15:45:00+00:00,3,1.5947242206235326,1.0000000000000235,0.973621103117476,2024-12-11 07:05:00+00:00,2024-12-11 07:40:00+00:00,2682.32,2673.0297142857144,9.290285714285801,15.083333333333334,True,370974,370975,6,2682.52,0.6174636174635829,4.729671546315622,0.03013900848815018,3.528416779431604,1.0,tp1,2024,2024-12,2024-12-11,0.03229179480870926,0.9677082051912907,0.03-0.05R,2024-12-11 07:35:00+00:00,3.498571428571495,2681.378313785766,2682.52,0.9750519750519975,missing,missing,,2,Wednesday,post_close,0.2691630665430845,,True,False,False,True,False,False,False,False,False,True,True,False,False,False,True,False,False,True,False,True,True,2024-12-11 07:30:00+00:00,2687.02,2687.188874758419,5.049285714285718,-0.033445276812354194,False,False,4,3,2,True,False,False,False,False,2024-12-11 07:40:00+00:00|demand|2682.32
18594,15min,m15_2c_1atr,demand,2649.16,2643.6,2024-12-16 03:30:00+00:00,2024-12-16 02:45:00+00:00,2024-12-16 03:00:00+00:00,2024-12-16 03:15:00+00:00,2,2.372940589116316,1.9430853719420704,0.33812949640290063,2024-12-16 18:35:00+00:00,2024-12-16 18:55:00+00:00,2653.02,2643.2315714285714,9.78842857142854,15.083333333333334,True,371937,371938,3,2653.04,0.6488549618320186,0.5802770034588798,1.1830295246573908,-0.7151301098965274,-1.0,stop,2024,2024-12,2024-12-16,0.030648433281279742,-1.0306484332812798,0.03-0.05R,2024-12-16 18:50:00+00:00,1.8085714285714078,2652.396312243468,2653.04,0.8702290076335268,below,below,2.8099999999999454,13,Monday,ny_main,0.34485105021518947,1.5537124802527522,True,False,False,True,False,False,False,False,True,True,True,False,False,False,True,True,True,False,True,True,True,2024-12-16 18:45:00+00:00,2652.22,2653.528908330666,3.7178571428571883,-0.3520598776047714,False,False,0,0,0,False,False,False,True,False,2024-12-16 18:55:00+00:00|demand|2653.02
18616,15min,m15_2c_1atr,supply,2646.93,2642.66,2024-12-17 16:00:00+00:00,2024-12-17 15:00:00+00:00,2024-12-17 15:15:00+00:00,2024-12-17 15:45:00+00:00,3,2.0437317784255877,1.2448979591836686,0.2833723653395882,2024-12-17 17:15:00+00:00,2024-12-17 17:40:00+00:00,2640.02,2647.430857142857,7.410857142856912,1.25,True,372198,372199,4,2640.03,0.4829721362228906,0.4398951345516049,1.0268717711466295,0.7178656796977853,-1.0,stop,2024,2024-12,2024-12-17,0.04048114735137762,-1.0404811473513775,0.03-0.05R,2024-12-17 17:35:00+00:00,2.5964285714285325,2640.3144161873606,2640.03,0.49845201238393755,below,below,3.4200000000000728,12,Tuesday,ny_main,-0.113392754416754,1.3171939477304466,False,True,False,True,False,False,False,False,False,True,False,False,False,False,True,True,True,False,True,True,True,2024-12-17 17:30:00+00:00,2638.32,2639.385355570933,4.547857142857148,-0.23425440541948345,True,False,5,3,2,True,True,True,False,False,2024-12-17 17:40:00+00:00|supply|2640.02
18646,15min,m15_2c_1atr,supply,2605.61,2600.69,2024-12-19 16:00:00+00:00,2024-12-19 15:15:00+00:00,2024-12-19 15:30:00+00:00,2024-12-19 15:45:00+00:00,2,1.4427564604541654,1.0787783868441758,0.046747967479677806,2024-12-19 16:35:00+00:00,2024-12-19 16:45:00+00:00,2595.06,2606.2657142857142,11.205714285714294,0.5833333333333334,True,372739,372740,1,2595.08,0.8339694656487965,0.7157062723100438,1.0200152983171697,-2.953850076491576,-1.0,stop,2024,2024-12,2024-12-19,0.026772055073941845,-1.0267720550739419,<=0.03R,2024-12-19 16:40:00+00:00,3.4864285714285024,2597.70538429088,2595.08,0.13931297709923382,below,below,4.710000000000036,11,Thursday,london_ny_overlap,-0.758766237908633,1.3509526736324895,False,True,True,True,True,False,True,True,True,True,True,True,False,False,False,False,True,False,True,True,True,2024-12-19 16:30:00+00:00,2595.08,2600.542639133472,4.630714285714378,-1.179653676825707,True,True,3,2,1,True,True,True,False,False,2024-12-19 16:45:00+00:00|supply|2595.06
18648,15min,m15_2c_1atr,demand,2591.55,2587.27,2024-12-19 18:45:00+00:00,2024-12-19 18:00:00+00:00,2024-12-19 18:15:00+00:00,2024-12-19 18:30:00+00:00,2,1.0727069351230327,0.8378076062640107,0.01401869158877164,2024-12-19 18:50:00+00:00,2024-12-19 19:05:00+00:00,2593.46,2586.7562857142857,6.703714285714341,0.08333333333333333,True,372767,372768,2,2593.46,0.5307443365695912,5.737118015598987,0.563866513233627,4.7868985210757184,1.0,tp1,2024,2024-12,2024-12-19,0.04475131057409502,0.955248689425905,0.03-0.05R,2024-12-19 19:00:00+00:00,2.6042857142856843,2592.478897625614,2593.46,0.8543689320388792,below,below,4.710000000000036,14,Thursday,ny_main,0.37672609000009677,1.808557323093836,True,False,False,True,False,False,False,True,True,True,False,False,True,False,False,False,True,False,True,True,True,2024-12-19 19:00:00+00:00,2591.54,2592.191204953565,4.751428571428603,-0.13705456028125876,False,False,4,4,2,True,False,False,True,False,2024-12-19 19:05:00+00:00|demand|2593.46
18754,15min,m15_2c_1atr,demand,2651.07,2646.96,2025-01-02 18:00:00+00:00,2025-01-02 16:45:00+00:00,2025-01-02 17:00:00+00:00,2025-01-02 17:45:00+00:00,4,1.4215111674323386,0.911452558213231,0.33333333333329646,2025-01-02 18:00:00+00:00,2025-01-02 18:10:00+00:00,2652.74,2646.458857142857,6.28114285714264,0.0,True,374925,374926,1,2652.76,0.631970260223137,2.0107805676856763,1.4264919941775662,-1.7878911935953343,1.0,tp1,2025,2025-01,2025-01-02,0.0477620087336261,0.9522379912663739,0.03-0.05R,2025-01-02 18:05:00+00:00,2.602857142857082,2652.3702640032966,2652.76,1.0,above,above,2.849999999999909,13,Thursday,ny_main,0.14205005361813122,1.0949506037321532,True,False,False,True,False,False,True,True,True,True,True,False,True,False,False,False,True,False,True,True,True,2025-01-02 18:00:00+00:00,2653.68,2650.2778749085246,4.60571428571432,0.7386748027396531,True,False,0,0,0,False,False,True,False,False,2025-01-02 18:10:00+00:00|demand|2652.74
18755,15min,m15_2c_1atr,demand,2654.49,2650.0,2025-01-02 19:00:00+00:00,2025-01-02 18:00:00+00:00,2025-01-02 18:15:00+00:00,2025-01-02 18:45:00+00:00,3,1.2692431561997044,1.012238325281756,0.10244988864143847,2025-01-02 19:30:00+00:00,2025-01-02 20:00:00+00:00,2656.59,2649.61,6.980000000000018,0.5,True,374947,374948,5,2656.59,0.6460905349795347,1.2578796561604186,1.24498567335244,-2.136103151862503,1.0,tp1,2025,2025-01,2025-01-02,0.04297994269340963,0.9570200573065903,0.03-0.05R,2025-01-02 19:55:00+00:00,1.9049999999999403,2655.4945043653775,2656.59,0.9423868312757687,above,above,2.849999999999909,15,Thursday,ny_main,0.5750633252612745,1.4960629921259834,True,False,False,True,False,False,False,False,False,True,True,False,False,False,False,False,True,False,True,True,True,2025-01-02 19:45:00+00:00,2656.59,2655.5095156953325,3.8278571428571206,0.28226871179971236,True,True,1,1,1,True,True,True,False,False,2025-01-02 20:00:00+00:00|demand|2656.59
18775,15min,m15_2c_1atr,demand,2631.28,2625.2,2025-01-06 10:30:00+00:00,2025-01-06 09:30:00+00:00,2025-01-06 09:45:00+00:00,2025-01-06 10:15:00+00:00,3,1.557697603965838,2.3442577802259836,0.8733552631578309,2025-01-06 10:30:00+00:00,2025-01-06 11:00:00+00:00,2631.49,2624.803,6.686999999999898,0.0,True,375391,375392,5,2631.54,0.6426116838487919,2.6887991625542536,1.0737251383280912,1.5866606849110645,1.0,tp1,2025,2025-01,2025-01-06,0.04486316733961486,0.9551368326603852,0.03-0.05R,2025-01-06 10:55:00+00:00,1.8528571428571143,2629.3814716178395,2631.54,0.6426116838487919,missing,missing,,6,Monday,asia_late,1.1379875616902495,,True,False,False,True,False,False,False,False,False,True,True,False,False,True,True,False,False,True,False,True,True,2025-01-06 10:45:00+00:00,2631.54,2629.8429812874156,2.963571428571413,0.5726262226122356,True,True,2,2,2,True,False,False,False,False,2025-01-06 11:00:00+00:00|demand|2631.49
18820,15min,m15_2c_1atr,supply,2678.2,2674.06,2025-01-09 16:15:00+00:00,2025-01-09 15:30:00+00:00,2025-01-09 15:45:00+00:00,2025-01-09 16:00:00+00:00,2,1.2823576264436276,1.1541218637992523,0.5507246376811148,2025-01-09 16:35:00+00:00,2025-01-09 17:00:00+00:00,2672.53,2678.7129999999997,6.182999999999538,0.3333333333333333,True,376291,376292,4,2672.61,0.9580152671755222,1.5736697396087247,1.0108361636746672,-2.6831635128579867,1.0,tp1,2025,2025-01,2025-01-09,0.048520135856384025,0.951479864143616,0.03-0.05R,2025-01-09 16:55:00+00:00,2.4400000000000546,2673.4367269416693,2672.61,0.04198473282447783,inside,above,3.399999999999636,12,Thursday,ny_main,-0.37160940232341333,1.3934426229506394,False,True,False,True,False,False,False,False,False,True,True,True,False,False,False,False,False,False,True,True,True,2025-01-09 16:45:00+00:00,2672.61,2672.6668799413383,3.8449999999999624,-0.014793222714730561,True,True,2,2,2,True,False,False,False,True,2025-01-09 17:00:00+00:00|supply|2672.53
18857,15min,m15_2c_1atr,supply,2674.53,2671.82,2025-01-14 11:15:00+00:00,2025-01-14 10:30:00+00:00,2025-01-14 10:45:00+00:00,2025-01-14 11:00:00+00:00,2,1.3114754098359966,1.1106557377049375,0.029520295202924783,2025-01-14 15:30:00+00:00,2025-01-14 15:35:00+00:00,2667.45,2675.088,7.638000000000375,4.25,True,377102,377103,0,2667.33,0.008310249307471373,0.9819324430478701,1.1586802827965343,-1.9245875883738612,-1.0,stop,2025,2025-01,2025-01-14,0.0392772977219148,-1.039277297721915,0.03-0.05R,2025-01-14 15:30:00+00:00,2.302142857142891,2667.9068103215313,2667.33,0.034626038781162216,below,below,3.849999999999909,10,Tuesday,london_ny_overlap,-0.19842831217627033,1.6723549488053968,False,True,False,True,False,False,True,True,True,False,False,False,False,False,False,False,True,False,True,True,True,2025-01-14 15:30:00+00:00,2663.66,2667.1649085274926,3.5607142857143117,-0.9843273698073756,True,False,10,4,2,True,False,True,False,False,2025-01-14 15:35:00+00:00|supply|2667.45
18877,15min,m15_2c_1atr,demand,2695.7,2690.82,2025-01-16 08:45:00+00:00,2025-01-16 08:00:00+00:00,2025-01-16 08:15:00+00:00,2025-01-16 08:30:00+00:00,2,1.0204537002603262,2.5407214577907893,0.7192622950820629,2025-01-16 08:45:00+00:00,2025-01-16 09:10:00+00:00,2696.53,2690.5045714285716,6.02542857142862,0.0,True,377577,377578,4,2696.42,0.680473372781097,4.6917824458247965,0.09127981412113524,2.353359571340463,1.0,tp1,2025,2025-01,2025-01-16,0.049788989520602754,0.9502110104793973,0.03-0.05R,2025-01-16 09:05:00+00:00,1.5657142857142585,2694.397753580923,2696.42,0.9053254437870714,missing,missing,,4,Thursday,asia_late,1.3618362165638596,,True,False,False,True,False,False,False,False,False,True,True,False,False,True,False,False,False,True,False,True,True,2025-01-16 09:00:00+00:00,2697.88,2694.8692929564136,2.09928571428577,1.4341578295410131,True,False,2,2,1,True,False,False,False,False,2025-01-16 09:10:00+00:00|demand|2696.53
18912,15min,m15_2c_1atr,supply,2732.99,2727.05,2025-01-21 10:15:00+00:00,2025-01-21 09:30:00+00:00,2025-01-21 09:45:00+00:00,2025-01-21 10:00:00+00:00,2,1.6842885375495258,2.054347826086817,0.594276094276168,2025-01-21 14:35:00+00:00,2025-01-21 14:55:00+00:00,2725.28,2733.294,8.013999999999669,4.333333333333333,True,378444,378445,3,2725.23,0.7181818181818445,0.08734714250066156,1.1417519341153,-4.0554030446719915,-1.0,stop,2025,2025-01,2025-01-21,0.037434489643126075,-1.037434489643126,0.03-0.05R,2025-01-21 14:50:00+00:00,1.5685714285714312,2725.485883430853,2725.23,0.2454545454545492,inside,above,4.150000000000091,9,Tuesday,london_ny_overlap,-0.1312553748605787,2.645719489981839,False,True,False,True,False,False,False,False,True,True,True,True,False,True,True,False,False,False,True,True,True,2025-01-21 14:45:00+00:00,2726.8,2724.515173864953,2.8149999999999573,0.8116611492175244,False,False,3,3,2,True,False,False,False,True,2025-01-21 14:55:00+00:00|supply|2725.28
18950,15min,m15_2c_1atr,demand,2771.59,2767.83,2025-01-24 05:00:00+00:00,2025-01-24 04:15:00+00:00,2025-01-24 04:30:00+00:00,2025-01-24 04:45:00+00:00,2,1.9018003273322048,1.2307692307692897,0.08510638297864107,2025-01-24 05:30:00+00:00,2025-01-24 05:50:00+00:00,2774.25,2767.4545714285714,6.795428571428602,0.5,True,379163,379164,3,2774.24,0.9052631578945882,1.7320467541204068,1.3244197780020124,-2.408972418432533,1.0,tp1,2025,2025-01,2025-01-24,0.04414732593340041,0.9558526740665996,0.03-0.05R,2025-01-24 05:45:00+00:00,1.8878571428571636,2773.2284648222176,2774.24,0.9052631578945882,missing,missing,,0,Friday,post_close,0.541108304538547,,True,False,False,True,False,False,False,False,True,True,True,True,False,False,True,False,True,False,False,True,True,2025-01-24 05:45:00+00:00,2772.47,2770.8113666485656,3.3649999999999767,0.4929073852702021,True,False,1,1,1,True,False,False,False,False,2025-01-24 05:50:00+00:00|demand|2774.25
18974,15min,m15_2c_1atr,supply,2754.83,2745.14,2025-01-27 17:15:00+00:00,2025-01-27 16:30:00+00:00,2025-01-27 16:45:00+00:00,2025-01-27 17:00:00+00:00,2,2.1392340857214798,1.7202637585594793,0.3044375644994635,2025-01-27 17:20:00+00:00,2025-01-27 17:25:00+00:00,2744.08,2755.614285714286,11.534285714285943,0.08333333333333333,True,379578,379579,0,2744.1,0.43686006825932316,1.172157542729725,1.007431260837226,-1.155684914540471,1.0,tp1,2025,2025-01,2025-01-27,0.02600941293039334,0.9739905870696066,<=0.03R,2025-01-27 17:20:00+00:00,3.9564285714286274,2745.6159836260886,2744.1,0.4402730375426743,below,below,10.949999999999818,12,Monday,ny_main,-0.38822478362954704,2.7676475898175714,False,True,True,True,True,False,True,True,True,False,False,False,False,False,True,True,True,False,True,True,True,2025-01-27 17:15:00+00:00,2743.04,2750.13778702723,5.762857142857131,-1.2316437578237454,True,False,2,1,1,True,False,True,False,False,2025-01-27 17:25:00+00:00|supply|2744.08
18998,15min,m15_2c_1atr,demand,2756.95,2752.26,2025-01-29 16:00:00+00:00,2025-01-29 15:15:00+00:00,2025-01-29 15:30:00+00:00,2025-01-29 15:45:00+00:00,2,1.46386255924165,1.9449052132700422,0.33475479744133113,2025-01-29 16:25:00+00:00,2025-01-29 16:35:00+00:00,2759.17,2751.909571428572,7.260428571428292,0.4166666666666667,True,380120,380121,1,2759.18,0.6739130434782222,0.2630698699407649,1.2602561832241919,4.434999901619491,-1.0,stop,2025,2025-01,2025-01-29,0.041319874859809154,-1.0413198748598091,0.03-0.05R,2025-01-29 16:30:00+00:00,1.8378571428571442,2758.6264235411995,2759.18,0.7999999999999604,inside,inside,3.4400000000000546,11,Wednesday,london_ny_overlap,0.29576643696881505,1.871745044694937,True,False,False,True,False,False,True,True,True,True,True,False,False,False,False,False,True,False,True,True,True,2025-01-29 16:30:00+00:00,2758.03,2757.8662844772,2.770714285714251,0.05908784014435904,True,False,3,3,2,True,True,False,False,True,2025-01-29 16:35:00+00:00|demand|2759.17
19038,15min,m15_2c_1atr,demand,2815.54,2813.46,2025-02-03 17:00:00+00:00,2025-02-03 16:15:00+00:00,2025-02-03 16:30:00+00:00,2025-02-03 16:45:00+00:00,2,3.953563714902793,0.5241180705543336,0.019230769230752412,2025-02-03 17:25:00+00:00,2025-02-03 18:10:00+00:00,2822.36,2812.3494285714287,10.010571428571438,0.4166666666666667,True,380967,380968,8,2822.31,0.5843793584379375,0.06493135827840044,1.0099323572223766,1.9799069555041502,-1.0,stop,2025,2025-02,2025-02-03,0.029968319205411393,-1.0299683192054114,<=0.03R,2025-02-03 18:05:00+00:00,5.617857142857182,2819.448212544893,2822.31,0.5843793584379375,above,above,4.049999999999727,13,Monday,ny_main,0.5183092736363453,0.7209154481881219,True,False,True,True,True,False,False,False,False,True,False,False,True,False,True,True,True,False,True,True,True,2025-02-03 18:00:00+00:00,2819.61,2818.735877612021,6.030714285714306,0.14494508387669477,True,False,0,0,0,False,False,True,False,False,2025-02-03 18:10:00+00:00|demand|2822.36
19039,15min,m15_2c_1atr,supply,2830.59,2818.64,2025-02-03 17:30:00+00:00,2025-02-03 16:45:00+00:00,2025-02-03 17:00:00+00:00,2025-02-03 17:15:00+00:00,2,1.6911845730027535,2.3044077134986782,0.9774058577405879,2025-02-03 17:30:00+00:00,2025-02-03 17:35:00+00:00,2815.19,2831.6197142857145,16.429714285714454,0.0,True,380960,380961,0,2815.23,0.7798053527980117,0.480227462437383,1.1199220923761766,-1.5374582637729248,-1.0,stop,2025,2025-02,2025-02-03,0.01825959933222018,-1.01825959933222,<=0.03R,2025-02-03 17:30:00+00:00,4.992857142857214,2821.2112430894717,2815.23,0.19343065693431827,above,above,4.049999999999727,12,Monday,ny_main,-1.205971434228932,0.8111587982831956,False,True,True,True,True,True,True,True,True,True,True,True,False,True,True,False,False,True,True,True,True,2025-02-03 17:30:00+00:00,2816.8,2818.7535936035442,5.640714285714304,-0.34633798214026357,True,False,0,0,0,False,False,False,True,False,2025-02-03 17:35:00+00:00|supply|2815.19
19062,15min,m15_2c_1atr,demand,2859.26,2854.95,2025-02-05 10:00:00+00:00,2025-02-05 09:00:00+00:00,2025-02-05 09:15:00+00:00,2025-02-05 09:45:00+00:00,3,2.459869848156129,1.4543263436973872,0.5522041763340808,2025-02-05 15:45:00+00:00,2025-02-05 16:10:00+00:00,2864.06,2854.2947142857142,9.76528571428571,5.75,True,381495,381496,4,2864.05,0.8000000000000774,1.8709130008631147,1.0281317202334768,-2.077768187603315,1.0,tp1,2025,2025-02,2025-02-05,0.0307210673376538,0.9692789326623462,0.03-0.05R,2025-02-05 16:05:00+00:00,3.2178571428571883,2863.077194674601,2864.05,0.8170212765958073,below,below,2.5100000000002183,11,Wednesday,london_ny_overlap,0.30542229868118503,0.7800221975583255,True,False,False,True,False,False,False,False,False,True,True,True,False,False,True,True,False,False,True,True,True,2025-02-05 16:00:00+00:00,2864.56,2865.65016451014,3.7800000000000376,-0.2884033095608059,False,False,6,4,2,True,False,False,True,False,2025-02-05 16:10:00+00:00|demand|2864.06
19116,15min,m15_2c_1atr,supply,2912.31,2904.91,2025-02-11 11:45:00+00:00,2025-02-11 11:00:00+00:00,2025-02-11 11:15:00+00:00,2025-02-11 11:30:00+00:00,2,1.2301333333333606,1.3813333333333504,0.47972972972968697,2025-02-11 11:45:00+00:00,2025-02-11 12:00:00+00:00,2903.29,2912.883,9.592999999999847,0.0,True,382549,382550,2,2903.33,0.7192982456140304,2.4861878453038977,0.5576983216929005,2.1786719482956762,1.0,tp1,2025,2025-02,2025-02-11,0.031272803085583736,0.9687271969144162,0.03-0.05R,2025-02-11 11:55:00+00:00,2.762142857142927,2906.284785945076,2903.33,0.061403508771939154,missing,missing,,7,Tuesday,asia_late,-1.0842255813566175,,False,True,False,True,False,False,False,True,True,True,True,True,False,False,False,False,False,False,False,True,True,2025-02-11 11:45:00+00:00,2903.33,2908.5590361949758,5.249285714285731,-0.9961424238625858,True,True,8,4,2,True,False,False,False,False,2025-02-11 12:00:00+00:00|supply|2903.29
19127,15min,m15_2c_1atr,supply,2896.4,2893.66,2025-02-12 05:15:00+00:00,2025-02-12 04:15:00+00:00,2025-02-12 04:30:00+00:00,2025-02-12 05:00:00+00:00,3,1.769985523564434,0.6170178542705965,0.36496350364960356,2025-02-12 08:15:00+00:00,2025-02-12 08:40:00+00:00,2887.94,2896.850428571429,8.910428571428838,3.0,True,382785,382786,4,2887.9,0.7932098765431735,2.664293845093176,1.124525034870822,-3.1233065589276396,1.0,tp1,2025,2025-02,2025-02-12,0.03366841421768934,0.9663315857823107,0.03-0.05R,2025-02-12 08:35:00+00:00,2.308571428571408,2889.528782040052,2887.9,0.09567901234566861,missing,missing,,3,Wednesday,asia_late,-0.6882100421017985,,False,True,False,True,False,False,False,False,False,True,True,True,True,False,True,False,False,False,False,True,True,2025-02-12 08:30:00+00:00,2888.23,2888.4685682849445,3.4042857142857366,-0.07007880799878867,True,False,2,2,2,True,False,False,False,False,2025-02-12 08:40:00+00:00|supply|2887.94
19134,15min,m15_2c_1atr,supply,2909.3,2902.47,2025-02-12 19:45:00+00:00,2025-02-12 19:00:00+00:00,2025-02-12 19:15:00+00:00,2025-02-12 19:30:00+00:00,2,1.1024351508735226,1.2654843832716363,0.9077598828696152,2025-02-12 19:45:00+00:00,2025-02-12 20:05:00+00:00,2901.1,2909.7658571428574,8.665857142857476,0.0,True,382922,382923,3,2901.15,0.7824074074074854,0.8654654555644975,1.1458762631674282,-2.9229653319264877,-1.0,stop,2025,2025-02,2025-02-12,0.034618618222579896,-1.0346186182225798,0.03-0.05R,2025-02-12 20:00:00+00:00,2.5078571428571843,2903.029315980953,2901.15,0.0,above,above,5.049999999999727,15,Wednesday,ny_main,-0.7693085654612087,2.0136713187124755,False,True,False,True,False,False,False,False,True,True,True,True,False,False,False,False,False,True,True,True,True,2025-02-12 20:00:00+00:00,2902.37,2901.4853833841157,4.953571428571455,0.17858158071201602,False,False,5,4,2,True,False,False,True,False,2025-02-12 20:05:00+00:00|supply|2901.1
19148,15min,m15_2c_1atr,demand,2919.04,2916.01,2025-02-13 21:00:00+00:00,2025-02-13 20:00:00+00:00,2025-02-13 20:15:00+00:00,2025-02-13 20:45:00+00:00,3,2.2819138376017207,0.8421679571172476,0.9966996699670745,2025-02-14 15:40:00+00:00,2025-02-14 16:15:00+00:00,2922.22,2915.047285714286,7.172714285713937,18.666666666666668,True,383428,383429,6,2922.24,0.7733674775927855,0.8671752076321755,1.080483578641332,-3.1313111195204986,-1.0,stop,2025,2025-02,2025-02-14,0.04182517078611608,-1.0418251707861161,0.03-0.05R,2025-02-14 16:10:00+00:00,4.74714285714299,2921.4874910777476,2922.24,0.8322663252240291,below,below,3.8799999999996544,11,Friday,london_ny_overlap,0.15430521985451437,0.8173337345770937,True,False,False,True,False,False,False,False,False,True,True,True,True,False,True,True,False,True,True,True,True,2025-02-14 16:00:00+00:00,2922.24,2925.2146842744205,4.697142857142841,-0.6332965304423706,False,True,5,3,2,True,False,False,True,False,2025-02-14 16:15:00+00:00|demand|2922.22
19206,15min,m15_2c_1atr,demand,2926.79,2924.3,2025-02-19 21:30:00+00:00,2025-02-19 20:45:00+00:00,2025-02-19 21:00:00+00:00,2025-02-19 21:15:00+00:00,2,1.2035549478722207,0.5957955904973058,0.11244979919687736,2025-02-20 16:05:00+00:00,2025-02-20 16:35:00+00:00,2934.42,2923.3437142857147,11.076285714285405,18.583333333333332,True,384506,384507,5,2934.42,0.9384328358209105,1.3894549487966843,1.1601361983130225,-0.8251863698506577,1.0,tp1,2025,2025-02,2025-02-20,0.027084891789409274,0.9729151082105907,<=0.03R,2025-02-20 16:30:00+00:00,4.640714285714337,2931.484379819371,2934.42,0.9720149253731181,below,below,12.009999999999764,11,Thursday,london_ny_overlap,0.6325793832354313,2.5879636755424786,True,False,True,True,True,False,False,False,False,True,True,True,True,False,False,False,True,False,True,True,True,2025-02-20 16:30:00+00:00,2939.28,2937.115938064859,5.90071428571423,0.3667457582856165,True,False,1,1,1,True,True,False,True,False,2025-02-20 16:35:00+00:00|demand|2934.42
19221,15min,m15_2c_1atr,demand,2934.53,2924.21,2025-02-20 16:45:00+00:00,2025-02-20 16:00:00+00:00,2025-02-20 16:15:00+00:00,2025-02-20 16:30:00+00:00,2,2.3217528144293142,1.748940806197841,0.8217054263565778,2025-02-20 17:00:00+00:00,2025-02-20 17:10:00+00:00,2936.45,2923.2847142857145,13.165285714285346,0.25,True,384513,384514,1,2936.44,0.5202205882352755,1.0147899779724112,1.1302451251668402,-0.37750794839241264,1.0,tp1,2025,2025-02,2025-02-20,0.022787200104170693,0.9772127998958293,<=0.03R,2025-02-20 17:05:00+00:00,4.732857142857223,2935.180328797779,2936.44,0.7904411764706137,below,below,12.009999999999764,12,Thursday,ny_main,0.2682673835057288,2.537579233323179,True,False,True,True,True,False,True,True,True,True,False,False,False,False,True,True,False,True,True,True,True,2025-02-20 17:00:00+00:00,2934.43,2936.17062919973,6.255714285714248,-0.2782462753621749,False,False,6,4,2,True,False,False,True,False,2025-02-20 17:10:00+00:00|demand|2936.45
19231,15min,m15_2c_1atr,demand,2924.53,2916.81,2025-02-21 11:15:00+00:00,2025-02-21 10:15:00+00:00,2025-02-21 10:30:00+00:00,2025-02-21 11:00:00+00:00,3,1.2803376714737578,1.900809004572708,0.6126943005181169,2025-02-21 11:15:00+00:00,2025-02-21 11:25:00+00:00,2925.03,2916.3377142857144,8.692285714285845,0.0,True,384720,384721,1,2924.97,0.4767441860463979,2.7311573480589684,0.4141603392170754,1.9764651743746022,1.0,tp1,2025,2025-02,2025-02-21,0.03451336160141946,0.9654866383985805,0.03-0.05R,2025-02-21 11:20:00+00:00,2.4814285714285558,2924.466084162607,2924.97,0.7093023255813615,missing,missing,,6,Friday,asia_late,0.2272545113271902,,True,False,False,True,False,False,True,True,True,True,False,False,False,False,False,False,False,False,False,True,True,2025-02-21 11:15:00+00:00,2925.39,2925.1636245177815,3.926428571428557,0.05765429781803221,True,False,3,3,2,True,False,False,False,False,2025-02-21 11:25:00+00:00|demand|2925.03
19246,15min,m15_2c_1atr,demand,2942.03,2937.8,2025-02-24 13:30:00+00:00,2025-02-24 12:30:00+00:00,2025-02-24 12:45:00+00:00,2025-02-24 13:15:00+00:00,3,1.2022792022791262,1.205128205128191,0.9125295508274494,2025-02-24 13:30:00+00:00,2025-02-24 13:35:00+00:00,2944.15,2937.3992857142857,6.750714285714366,0.0,True,385022,385023,0,2944.14,0.671698113207428,1.7894402708707753,1.2028356787641215,-2.590836948471065,1.0,tp1,2025,2025-02,2025-02-24,0.04443974182626124,0.9555602581737388,0.03-0.05R,2025-02-24 13:30:00+00:00,1.919285714285609,2941.2240605374955,2944.14,0.9433962264150619,missing,missing,,8,Monday,london_ny_overlap,1.5244939514353206,,True,False,False,True,False,False,True,True,True,True,True,False,False,False,False,False,False,True,True,True,True,2025-02-24 13:30:00+00:00,2944.73,2941.9995817332674,3.5892857142858117,0.7607135469503591,True,False,1,1,1,True,False,False,False,False,2025-02-24 13:35:00+00:00|demand|2944.15
19251,15min,m15_2c_1atr,demand,2940.55,2933.28,2025-02-24 18:15:00+00:00,2025-02-24 17:30:00+00:00,2025-02-24 17:45:00+00:00,2025-02-24 18:00:00+00:00,2,1.2194125159642737,1.299872286079184,0.03163686382393656,2025-02-24 18:35:00+00:00,2025-02-24 18:45:00+00:00,2942.76,2932.7627142857145,9.997285714285681,0.3333333333333333,True,385084,385085,1,2942.75,0.9094076655053054,1.0992983809891075,1.0272788328260998,-3.9430702619282583,1.0,tp1,2025,2025-02,2025-02-24,0.030008145067947113,0.9699918549320529,0.03-0.05R,2025-02-24 18:40:00+00:00,2.6207142857143544,2940.880704099087,2942.75,0.9547038327525735,below,below,5.489999999999782,13,Monday,ny_main,0.7170930120683071,2.094848732624555,True,False,False,True,False,False,True,True,True,True,True,True,False,False,False,False,True,False,True,True,True,2025-02-24 18:30:00+00:00,2942.75,2940.876966552989,5.527142857142833,0.3388791452333247,True,True,4,3,2,True,True,False,True,False,2025-02-24 18:45:00+00:00|demand|2942.76
19307,15min,m15_2c_1atr,supply,2850.81,2846.36,2025-02-28 20:15:00+00:00,2025-02-28 18:45:00+00:00,2025-02-28 19:00:00+00:00,2025-02-28 20:00:00+00:00,5,1.080252986647972,0.8756148981025632,0.1685393258427035,2025-02-28 20:15:00+00:00,2025-02-28 20:25:00+00:00,2843.51,2851.3165714285715,7.80657142857126,0.0,True,386208,386209,1,2843.5,0.5428571428571294,0.6917249203967619,1.1362222303553888,-5.7438787834426055,-1.0,stop,2025,2025-02,2025-02-28,0.038429162244263904,-1.0384291622442638,0.03-0.05R,2025-02-28 20:20:00+00:00,2.188571428571452,2844.543484498357,2843.5,0.14805194805197658,below,below,3.800000000000182,15,Friday,ny_main,-0.4722187655677034,1.736292428198498,False,True,False,True,False,False,True,True,True,True,False,False,True,False,False,False,True,False,True,True,True,2025-02-28 20:15:00+00:00,2839.57,2844.4937218557225,5.188571428571387,-0.9489552034707164,True,False,1,1,1,True,True,True,False,False,2025-02-28 20:25:00+00:00|supply|2843.51
19317,15min,m15_2c_1atr,demand,2864.62,2858.98,2025-03-03 11:00:00+00:00,2025-03-03 10:15:00+00:00,2025-03-03 10:30:00+00:00,2025-03-03 10:45:00+00:00,2,2.397743300423104,1.5909732016924707,0.6648936170212916,2025-03-03 11:40:00+00:00,2025-03-03 11:55:00+00:00,2869.02,2858.5012857142856,10.518714285714395,0.6666666666666666,True,386382,386383,2,2869.21,0.7550432276657182,4.969238500088225,0.17112357566787278,4.34748950849502,1.0,tp1,2025,2025-03,2025-03-03,0.028520595944642582,0.9714794040553574,<=0.03R,2025-03-03 11:50:00+00:00,2.378571428571409,2867.884874232744,2869.21,0.8270893371758088,missing,missing,,6,Monday,asia_late,0.4772300522997758,,True,False,True,True,True,False,False,True,True,True,True,True,False,False,True,True,False,True,False,True,True,2025-03-03 11:45:00+00:00,2867.43,2866.360918970072,3.7935714285714703,0.2818138659196167,True,False,4,3,2,True,False,False,False,False,2025-03-03 11:55:00+00:00|demand|2869.02
19332,15min,m15_2c_1atr,demand,2900.56,2896.39,2025-03-04 10:15:00+00:00,2025-03-04 09:30:00+00:00,2025-03-04 09:45:00+00:00,2025-03-04 10:00:00+00:00,2,1.7521871094446904,1.0423138725227865,0.23021582733802515,2025-03-04 17:00:00+00:00,2025-03-04 17:10:00+00:00,2911.08,2895.5214285714283,15.558571428571668,6.75,True,386721,386722,1,2911.07,0.880341880341985,0.739785143696633,1.0020200165274018,0.7828482233036519,-1.0,stop,2025,2025-03,2025-03-04,0.01928197594343924,-1.0192819759434393,<=0.03R,2025-03-04 17:05:00+00:00,4.341428571428521,2910.4140906463626,2911.07,0.9743589743589968,below,below,5.120000000000346,12,Tuesday,ny_main,0.15338484618167422,1.179335307667089,True,False,True,True,True,True,True,True,True,True,True,True,False,False,True,False,True,False,True,True,True,2025-03-04 17:00:00+00:00,2911.11,2914.1337194739103,5.735714285714266,-0.5271740054139853,False,False,1,1,1,True,False,False,True,False,2025-03-04 17:10:00+00:00|demand|2911.08
19344,15min,m15_2c_1atr,demand,2908.49,2902.14,2025-03-05 05:30:00+00:00,2025-03-05 04:45:00+00:00,2025-03-05 05:00:00+00:00,2025-03-05 05:15:00+00:00,2,1.2612792689891632,1.2692747001713378,0.5275590551181034,2025-03-05 05:35:00+00:00,2025-03-05 05:40:00+00:00,2910.53,2901.5604285714285,8.969571428571726,0.08333333333333333,True,386859,386860,0,2910.56,0.6757812500000215,1.3445458454775163,1.343430965008656,0.6778473250831872,1.0,tp1,2025,2025-03,2025-03-05,0.033446414066605035,0.9665535859333949,0.03-0.05R,2025-03-05 05:35:00+00:00,3.172142857142944,2909.1348395238765,2910.56,0.9375000000000555,missing,missing,,0,Wednesday,post_close,0.43981640769491454,,True,False,False,True,False,False,True,True,True,True,True,False,False,False,False,False,False,False,False,True,True,2025-03-05 05:30:00+00:00,2910.93,2909.5053959836387,5.034999999999952,0.28294022172019584,True,False,4,3,2,True,False,False,False,False,2025-03-05 05:40:00+00:00|demand|2910.53
19361,15min,m15_2c_1atr,supply,2922.5,2919.4,2025-03-06 09:45:00+00:00,2025-03-06 09:00:00+00:00,2025-03-06 09:15:00+00:00,2025-03-06 09:30:00+00:00,2,2.0986964618248214,1.0102420856610497,0.35161290322571703,2025-03-06 17:00:00+00:00,2025-03-06 17:25:00+00:00,2910.99,2923.313142857143,12.323142857143011,7.25,True,387276,387277,4,2910.97,0.8273572377157838,1.144188634624726,1.2440008346664966,-0.48445433678793975,1.0,tp1,2025,2025-03,2025-03-06,0.024344439034568798,0.9756555609654312,<=0.03R,2025-03-06 17:20:00+00:00,3.974999999999974,2915.093309711994,2910.97,0.049136786188563215,above,above,4.230000000000018,12,Thursday,ny_main,-1.0322791728287792,1.064150943396238,False,True,True,True,True,False,False,False,False,True,True,True,False,False,True,True,False,False,True,True,True,2025-03-06 17:15:00+00:00,2913.53,2911.56329578973,5.919285714285804,0.33225363755015214,False,False,9,4,2,True,False,False,True,False,2025-03-06 17:25:00+00:00|supply|2910.99
19362,15min,m15_2c_1atr,supply,2905.4,2901.12,2025-03-06 11:30:00+00:00,2025-03-06 10:45:00+00:00,2025-03-06 11:00:00+00:00,2025-03-06 11:15:00+00:00,2,1.0748560460652923,0.9584133077415607,0.053738317757011086,2025-03-06 12:30:00+00:00,2025-03-06 13:00:00+00:00,2899.24,2905.971142857143,6.731142857143368,1.0,True,387223,387224,5,2899.3,0.5890410958902966,0.08765227726129127,1.2657583089264937,-2.94600789507178,-1.0,stop,2025,2025-03,2025-03-06,0.04456895453966298,-1.044568954539663,0.03-0.05R,2025-03-06 12:55:00+00:00,2.880000000000012,2900.2534721871557,2899.3,0.1068493150685802,missing,missing,,8,Thursday,london_ny_overlap,-0.3519000649846903,,False,True,False,True,False,False,False,False,False,True,False,False,True,False,False,False,True,False,True,True,True,2025-03-06 12:45:00+00:00,2899.3,2900.578723855353,5.610714285714299,-0.22790749808962027,True,True,1,1,1,True,True,False,False,False,2025-03-06 13:00:00+00:00|supply|2899.24
19363,15min,m15_2c_1atr,demand,2899.22,2891.26,2025-03-06 12:45:00+00:00,2025-03-06 11:45:00+00:00,2025-03-06 12:00:00+00:00,2025-03-06 12:30:00+00:00,3,1.412288512911812,1.417631344612568,0.6067839195980127,2025-03-06 12:55:00+00:00,2025-03-06 13:05:00+00:00,2902.23,2890.6971428571433,11.532857142856756,0.16666666666666666,True,387224,387225,1,2902.21,0.8159340659341644,1.8052768487551845,0.46302489780753464,1.4783847392543699,1.0,tp1,2025,2025-03,2025-03-06,0.026012634708287755,0.9739873652917123,<=0.03R,2025-03-06 13:00:00+00:00,2.855714285714287,2900.6882561455654,2902.21,0.9780219780219972,missing,missing,,8,Thursday,london_ny_overlap,0.5398802891966981,,True,False,True,True,True,False,True,True,True,True,True,True,False,False,False,False,False,False,True,True,True,2025-03-06 13:00:00+00:00,2899.91,2900.4301185541635,5.631428571428614,-0.09235996649278755,False,False,4,4,2,True,False,False,False,False,2025-03-06 13:05:00+00:00|demand|2902.23
19366,15min,m15_2c_1atr,demand,2911.44,2906.37,2025-03-06 17:00:00+00:00,2025-03-06 16:15:00+00:00,2025-03-06 16:30:00+00:00,2025-03-06 16:45:00+00:00,2,1.21574973031282,0.9571197411003328,0.0453648915187398,2025-03-06 17:20:00+00:00,2025-03-06 17:45:00+00:00,2913.87,2905.6091428571426,8.260857142857276,0.3333333333333333,True,387280,387281,4,2913.85,0.9157894736842844,0.9175803271884384,1.369107321965869,0.5156849859924783,-1.0,stop,2025,2025-03,2025-03-06,0.03631584408397548,-1.0363158440839755,0.03-0.05R,2025-03-06 17:40:00+00:00,3.8121428571428493,2913.4622582866177,2913.85,0.985964912280714,above,above,4.230000000000018,12,Thursday,ny_main,0.10695866568016354,1.1096121416526208,True,False,False,True,False,False,False,False,False,True,True,True,True,False,False,False,True,False,True,True,True,2025-03-06 17:30:00+00:00,2913.85,2912.071452280901,6.0707142857144,0.2929717386443262,True,True,0,0,0,False,False,True,False,False,2025-03-06 17:45:00+00:00|demand|2913.87
19380,15min,m15_2c_1atr,demand,2915.25,2904.01,2025-03-07 16:45:00+00:00,2025-03-07 16:00:00+00:00,2025-03-07 16:15:00+00:00,2025-03-07 16:30:00+00:00,2,1.096406882591097,1.9908906882590602,0.01067615658362039,2025-03-07 17:40:00+00:00,2025-03-07 18:20:00+00:00,2918.74,2903.1278571428575,15.612142857142317,0.9166666666666666,True,387563,387564,7,2918.76,0.7812500000000444,0.03458846136252056,1.0645559774900788,-0.9998627442009561,-1.0,stop,2025,2025-03,2025-03-07,0.01921581186805209,-1.019215811868052,<=0.03R,2025-03-07 18:15:00+00:00,4.515714285714239,2917.1786523497804,2918.76,0.7812500000000444,inside,inside,4.5,13,Friday,ny_main,0.34575873304448385,0.9965200885795737,True,False,True,True,True,True,False,False,False,True,True,True,False,False,False,False,True,False,True,True,True,2025-03-07 18:15:00+00:00,2916.96,2918.335469418227,8.01714285714281,-0.17156603577316185,False,False,11,4,2,True,False,False,False,True,2025-03-07 18:20:00+00:00|demand|2918.74
19391,15min,m15_2c_1atr,supply,2907.81,2903.28,2025-03-10 15:30:00+00:00,2025-03-10 14:45:00+00:00,2025-03-10 15:00:00+00:00,2025-03-10 15:15:00+00:00,2,1.012622323074733,0.899446886966346,0.019867549668907414,2025-03-10 15:55:00+00:00,2025-03-10 16:05:00+00:00,2901.35,2908.449,7.09900000000016,0.4166666666666667,True,387824,387825,1,2901.13,0.7225274725275278,0.026764333004655624,1.0480349344978006,-2.5412029863360415,-1.0,stop,2025,2025-03,2025-03-10,0.04225947316523358,-1.0422594731652335,0.03-0.05R,2025-03-10 16:00:00+00:00,3.1714285714286103,2902.1414418643026,2901.13,0.030219780219816257,inside,inside,5.4699999999998,12,Monday,ny_main,-0.2495537409963341,1.7247747747746904,False,True,False,True,False,False,True,True,True,True,True,True,True,False,False,False,True,False,True,True,True,2025-03-10 16:00:00+00:00,2908.03,2904.8387113228014,5.137857142857099,0.6211322324591124,False,False,3,3,2,True,False,False,False,True,2025-03-10 16:05:00+00:00|supply|2901.35
19445,15min,m15_2c_1atr,demand,2985.99,2981.84,2025-03-14 10:15:00+00:00,2025-03-14 09:00:00+00:00,2025-03-14 09:15:00+00:00,2025-03-14 10:00:00+00:00,4,1.7926654374103854,1.1903298504403914,0.4939759036144354,2025-03-14 15:35:00+00:00,2025-03-14 16:10:00+00:00,2991.39,2981.057142857143,10.332857142856938,5.333333333333333,True,388929,388930,6,2991.25,0.9581673306772834,0.1993640259919799,1.1110189409650453,0.4316327941379908,-1.0,stop,2025,2025-03,2025-03-14,0.029033596018250264,-1.0290335960182502,<=0.03R,2025-03-14 16:05:00+00:00,3.924999999999987,2989.5523054478413,2991.25,0.9581673306772834,below,below,5.110000000000127,12,Friday,ny_main,0.46820243367098485,1.3019108280255145,True,False,True,True,True,False,False,False,False,True,True,True,False,False,True,False,False,False,True,True,True,2025-03-14 16:00:00+00:00,2990.9,2991.822446105359,5.738571428571309,-0.16074490260178578,False,False,12,4,2,True,False,False,True,False,2025-03-14 16:10:00+00:00|demand|2991.39
19471,15min,m15_2c_1atr,demand,3016.21,3010.62,2025-03-18 09:00:00+00:00,2025-03-18 08:15:00+00:00,2025-03-18 08:30:00+00:00,2025-03-18 08:45:00+00:00,2,1.0558194774347716,1.549089469517036,0.6064400715563121,2025-03-18 09:00:00+00:00,2025-03-18 09:15:00+00:00,3018.3,3010.2182857142857,8.081714285714497,0.0,True,389398,389399,2,3018.33,0.7946768060836725,3.358198402036239,0.4169907374673302,1.9760658983241828,1.0,tp1,2025,2025-03,2025-03-18,0.037120837163260006,0.96287916283674,0.03-0.05R,2025-03-18 09:10:00+00:00,2.0735714285714755,3015.969255429256,3018.33,0.8935361216729322,missing,missing,,5,Tuesday,asia_late,1.1240242504449771,,True,False,False,True,False,False,False,True,True,True,True,True,False,False,False,False,False,False,False,True,True,2025-03-18 09:00:00+00:00,3018.33,3014.513443426772,3.7142857142857792,1.027534462022878,True,True,2,2,1,True,False,False,False,False,2025-03-18 09:15:00+00:00|demand|3018.3
19475,15min,m15_2c_1atr,demand,3031.45,3026.73,2025-03-18 15:00:00+00:00,2025-03-18 14:15:00+00:00,2025-03-18 14:30:00+00:00,2025-03-18 14:45:00+00:00,2,1.454251883745972,1.1855041263006458,0.31991525423734796,2025-03-18 15:35:00+00:00,2025-03-18 15:50:00+00:00,3034.64,3026.055428571429,8.584571428571053,0.5833333333333334,True,389477,389478,2,3034.62,0.7827160493826867,0.35412367702856745,1.0903281634826696,-0.8468681355255625,-1.0,stop,2025,2025-03,2025-03-18,0.034946415496240626,-1.0349464154962407,0.03-0.05R,2025-03-18 15:45:00+00:00,3.3799999999999466,3032.6921368425674,3034.62,0.8629629629629457,above,above,3.8099999999999454,11,Tuesday,london_ny_overlap,0.5762908749800368,1.1272189349112443,True,False,False,True,False,False,False,True,True,True,True,True,False,False,False,False,True,False,True,True,True,2025-03-18 15:45:00+00:00,3033.38,3031.509698879334,4.951428571428486,0.37772959736479556,True,False,1,1,1,True,True,True,False,False,2025-03-18 15:50:00+00:00|demand|3034.64
19525,15min,m15_2c_1atr,demand,3022.72,3017.98,2025-03-24 08:45:00+00:00,2025-03-24 08:00:00+00:00,2025-03-24 08:15:00+00:00,2025-03-24 08:30:00+00:00,2,2.3407056345444905,1.7472353870457533,0.7510548523206981,2025-03-24 09:35:00+00:00,2025-03-24 10:10:00+00:00,3024.22,3017.6141428571427,6.605857142857076,0.8333333333333334,True,390512,390513,6,3024.21,0.5320754716981313,1.3896758288099886,1.2912783028048447,-0.45565623580801795,1.0,tp1,2025,2025-03,2025-03-24,0.04541424277156682,0.9545857572284332,0.03-0.05R,2025-03-24 10:05:00+00:00,1.830714285714196,3023.200761679879,3024.21,0.5320754716981313,missing,missing,,6,Monday,asia_late,0.5567435225005617,,True,False,False,True,False,False,False,False,False,True,False,False,False,False,True,True,False,True,False,True,True,2025-03-24 10:00:00+00:00,3024.81,3023.5038154918875,3.0514285714284597,0.42805672082338003,True,False,6,3,2,True,False,False,False,False,2025-03-24 10:10:00+00:00|demand|3024.22
19556,15min,m15_2c_1atr,demand,3016.54,3013.27,2025-03-26 07:45:00+00:00,2025-03-26 07:00:00+00:00,2025-03-26 07:15:00+00:00,2025-03-26 07:30:00+00:00,2,1.8318557016203068,1.3995719963313293,0.07645259938837963,2025-03-26 15:55:00+00:00,2025-03-26 16:40:00+00:00,3018.9,3012.7544285714284,6.145571428571657,8.166666666666666,True,391142,391143,8,3018.91,0.8791666666666635,0.47188451614402666,1.069062507264219,6.41762941955857,-1.0,stop,2025,2025-03,2025-03-26,0.048815639601104674,-1.0488156396011046,0.03-0.05R,2025-03-26 16:35:00+00:00,2.6750000000000846,3017.6812815823027,3018.91,0.8791666666666635,below,below,5.670000000000073,12,Wednesday,ny_main,0.45559567016721775,2.119626168224259,True,False,False,True,False,False,False,False,False,True,True,True,False,False,True,False,True,False,True,True,True,2025-03-26 16:30:00+00:00,3019.47,3020.469124262156,3.9028571428571337,-0.25599816380286666,False,False,3,3,2,True,False,False,True,False,2025-03-26 16:40:00+00:00|demand|3018.9
19574,15min,m15_2c_1atr,demand,3037.1,3034.63,2025-03-27 12:00:00+00:00,2025-03-27 11:15:00+00:00,2025-03-27 11:30:00+00:00,2025-03-27 11:45:00+00:00,2,1.2608506944444742,0.7504340277777182,0.32388663967602915,2025-03-27 15:35:00+00:00,2025-03-27 16:00:00+00:00,3040.82,3033.8128571428574,7.007142857142753,3.5833333333333335,True,391410,391411,4,3040.79,0.6421404682274959,6.569011213047971,0.005708460754327207,5.601427115188666,1.0,tp1,2025,2025-03,2025-03-27,0.04281345565749299,0.957186544342507,0.03-0.05R,2025-03-27 15:55:00+00:00,3.895714285714218,3039.8776889872815,3040.79,0.973244147157213,below,below,6.760000000000218,12,Thursday,ny_main,0.24188401499928305,1.7352401906858215,True,False,False,True,False,False,False,False,False,True,True,False,True,False,False,False,True,False,True,True,True,2025-03-27 15:45:00+00:00,3040.79,3044.5590809995138,5.369999999999956,-0.7018772811012701,False,True,2,2,2,True,False,False,True,False,2025-03-27 16:00:00+00:00|demand|3040.82
19584,15min,m15_2c_1atr,demand,3066.47,3064.33,2025-03-28 04:00:00+00:00,2025-03-28 03:15:00+00:00,2025-03-28 03:30:00+00:00,2025-03-28 03:45:00+00:00,2,2.7931034482758683,0.7379310344827247,0.06542056074760795,2025-03-28 10:25:00+00:00,2025-03-28 10:55:00+00:00,3072.38,3063.796,8.584000000000287,6.416666666666667,True,391625,391626,5,3072.36,0.8761904761907732,6.485321528424768,0.5754892823858212,5.262115563839534,1.0,tp1,2025,2025-03,2025-03-28,0.0349487418452924,0.9650512581547076,0.03-0.05R,2025-03-28 10:50:00+00:00,2.7900000000000285,3072.0809432966507,3072.36,0.9333333333335931,missing,missing,,6,Friday,asia_late,0.10718878256250032,,True,False,False,True,False,False,False,False,False,True,True,True,True,False,True,True,True,False,False,True,True,2025-03-28 10:45:00+00:00,3072.99,3074.988685296983,4.603571428571415,-0.43415972316160495,False,False,0,0,0,False,False,False,False,False,2025-03-28 10:55:00+00:00|demand|3072.38
19604,15min,m15_2c_1atr,demand,3116.31,3111.92,2025-03-31 13:45:00+00:00,2025-03-31 12:45:00+00:00,2025-03-31 13:00:00+00:00,2025-03-31 13:30:00+00:00,3,1.1828648831695892,1.0406366407043233,0.10250569476088517,2025-03-31 14:25:00+00:00,2025-03-31 14:40:00+00:00,3117.67,3111.4058571428573,6.264142857142815,0.6666666666666666,True,391928,391929,2,3117.72,0.9790575916229376,1.460694656662662,1.1909051517708638,2.496750210951215,1.0,tp1,2025,2025-03,2025-03-31,0.047891628087299916,0.9521083719127,0.03-0.05R,2025-03-31 14:35:00+00:00,2.8042857142856326,3117.072389209496,3117.72,0.9790575916229376,inside,above,7.040000000000418,10,Monday,london_ny_overlap,0.2131062421562797,2.5104431991851435,True,False,False,True,False,False,False,True,True,True,True,True,False,False,False,False,True,False,True,True,True,2025-03-31 14:30:00+00:00,3118.01,3117.8975683066483,4.337857142857176,0.025918717387240272,True,False,3,2,1,True,True,False,False,True,2025-03-31 14:40:00+00:00|demand|3117.67
19625,15min,m15_2c_1atr,demand,3118.04,3112.22,2025-04-02 09:00:00+00:00,2025-04-02 08:15:00+00:00,2025-04-02 08:30:00+00:00,2025-04-02 08:45:00+00:00,2,1.2718496810894382,1.4045854163075453,0.6477663230240336,2025-04-02 09:00:00+00:00,2025-04-02 09:20:00+00:00,3118.51,3111.5954285714283,6.9145714285718896,0.0,True,392416,392417,3,3118.53,0.972696245733816,2.2300731374734544,1.0152473038304157,0.7954216767901623,1.0,tp1,2025,2025-04,2025-04-02,0.04338663691582703,0.956613363084173,0.03-0.05R,2025-04-02 09:15:00+00:00,2.992142857142848,3117.08820420443,3118.53,1.0,missing,missing,,5,Wednesday,asia_late,0.4751764415847058,,True,False,False,True,False,False,False,False,True,True,True,True,False,False,False,False,False,False,False,True,True,2025-04-02 09:15:00+00:00,3116.54,3117.791150879874,4.243571428571515,-0.29483441033889757,False,False,3,3,2,True,False,False,False,False,2025-04-02 09:20:00+00:00|demand|3118.51
19637,15min,m15_2c_1atr,supply,3167.68,3159.41,2025-04-03 03:30:00+00:00,2025-04-03 02:45:00+00:00,2025-04-03 03:00:00+00:00,2025-04-03 03:15:00+00:00,2,1.0808905974691685,0.6181857013188091,0.1717049576783647,2025-04-03 04:35:00+00:00,2025-04-03 04:50:00+00:00,3153.65,3168.742857142857,15.092857142856701,1.0833333333333333,True,392638,392639,2,3153.6,0.9345930232559032,6.5752957879793845,0.11727401798391136,3.8355892096546236,1.0,tp1,2025,2025-04,2025-04-03,0.019876952200663146,0.9801230477993369,<=0.03R,2025-04-03 04:45:00+00:00,5.712142857142778,3154.7121000858483,3153.6,0.007267441860425823,missing,missing,,0,Thursday,post_close,-0.18593724148899854,,False,True,True,True,True,True,False,True,True,True,True,True,True,False,False,False,True,False,False,True,True,2025-04-03 04:45:00+00:00,3153.53,3153.221962652356,8.695714285714303,0.03542404195020392,False,False,0,0,0,False,False,False,False,False,2025-04-03 04:50:00+00:00|supply|3153.65
19644,15min,m15_2c_1atr,demand,3076.36,3054.41,2025-04-03 16:45:00+00:00,2025-04-03 16:00:00+00:00,2025-04-03 16:15:00+00:00,2025-04-03 16:30:00+00:00,2,1.93951980549082,1.556579880457922,0.7749430523917998,2025-04-04 15:40:00+00:00,2025-04-04 16:15:00+00:00,3082.38,3052.2871428571425,30.09285714285761,22.916666666666668,True,393051,393052,6,3082.41,0.48320895522385243,0.16781390932825796,1.123854735342974,-1.8044149062425605,-1.0,stop,2025,2025-04,2025-04-04,0.009969143128411902,-1.009969143128412,<=0.03R,2025-04-04 16:10:00+00:00,10.647857142857122,3081.368607771348,3082.41,0.9570895522388,below,below,16.440000000000055,12,Friday,ny_main,0.09498551822051651,1.5439726303079173,True,False,True,True,True,True,False,False,False,True,False,False,False,False,True,False,False,True,True,True,True,2025-04-04 16:00:00+00:00,3082.41,3092.0828509025023,16.046428571428546,-0.6028039734477376,False,True,2,2,1,True,False,False,True,False,2025-04-04 16:15:00+00:00|demand|3082.38
19646,15min,m15_2c_1atr,supply,3135.53,3123.92,2025-04-03 18:30:00+00:00,2025-04-03 17:45:00+00:00,2025-04-03 18:00:00+00:00,2025-04-03 18:15:00+00:00,2,1.417641764176413,0.7315031503150371,0.42894056847544904,2025-04-04 14:05:00+00:00,2025-04-04 14:35:00+00:00,3119.79,3137.1448571428573,17.354857142857327,19.583333333333332,True,393031,393032,5,3119.72,0.7683049147442791,8.530753020973876,0.1440518916071237,5.958562444437056,1.0,tp1,2025,2025-04,2025-04-04,0.017286226992854842,0.9827137730071451,<=0.03R,2025-04-04 14:30:00+00:00,8.382142857142883,3122.9787354199407,3119.72,0.049147442326960035,above,above,16.440000000000055,10,Friday,london_ny_overlap,-0.3804200756639952,1.9613123135918198,False,True,True,True,True,True,False,False,False,True,True,True,True,False,False,False,False,False,True,True,True,2025-04-04 14:30:00+00:00,3109.62,3112.0449415335183,10.722857142857135,-0.22614695889460643,True,False,0,0,0,False,False,False,True,False,2025-04-04 14:35:00+00:00|supply|3119.79
19653,15min,m15_2c_1atr,supply,3115.8,3110.47,2025-04-04 04:45:00+00:00,2025-04-04 04:00:00+00:00,2025-04-04 04:15:00+00:00,2025-04-04 04:30:00+00:00,2,1.2355316285330085,1.4347240915209583,0.7523452157597517,2025-04-04 04:45:00+00:00,2025-04-04 05:00:00+00:00,3109.86,3116.3038571428574,6.443857142857269,0.0,True,392916,392917,2,3109.85,0.8379629629629941,4.865098543463212,2.878710621411212,12.720642028953169,1.0,tp1,2025,2025-04,2025-04-04,0.046555966923093065,0.953444033076907,0.03-0.05R,2025-04-04 04:55:00+00:00,2.4050000000000376,3111.3054993573464,3109.85,0.16203703703700584,missing,missing,,1,Friday,post_close,-0.601039233823819,,False,True,False,True,False,False,False,True,True,True,True,True,False,False,False,False,False,True,False,True,True,2025-04-04 04:45:00+00:00,3109.85,3111.6265574344493,3.7942857142857065,-0.4682192033563906,True,True,3,1,1,True,False,False,False,False,2025-04-04 05:00:00+00:00|supply|3109.86
19662,15min,m15_2c_1atr,supply,3050.58,3031.36,2025-04-04 18:45:00+00:00,2025-04-04 18:00:00+00:00,2025-04-04 18:15:00+00:00,2025-04-04 18:30:00+00:00,2,1.4816732745367676,1.088599401246045,0.2970863683662901,2025-04-04 19:25:00+00:00,2025-04-04 20:10:00+00:00,3027.17,3051.642857142857,24.47285714285681,0.6666666666666666,True,393098,393099,8,3027.16,0.6059113300492556,2.264958262798478,1.1310489755414248,2.2935613799545043,1.0,tp1,2025,2025-04,2025-04-04,0.012258478781157134,0.9877415212188428,<=0.03R,2025-04-04 20:05:00+00:00,5.482857142857191,3029.561235011851,3027.16,0.04761904761904051,below,below,16.440000000000055,16,Friday,ny_main,-0.43612936641363276,2.9984366857738243,False,True,True,True,True,True,False,False,False,True,True,False,False,False,False,False,True,False,True,True,True,2025-04-04 20:00:00+00:00,3027.32,3031.392226125007,13.454285714285723,-0.30267129831223655,True,False,0,0,0,False,False,True,False,False,2025-04-04 20:10:00+00:00|supply|3027.17
19663,15min,m15_2c_1atr,supply,3036.95,3026.81,2025-04-04 20:30:00+00:00,2025-04-04 19:30:00+00:00,2025-04-04 19:45:00+00:00,2025-04-04 20:15:00+00:00,3,1.0907704042715598,0.7734553775743592,0.1854043392505062,2025-04-04 20:35:00+00:00,2025-04-04 20:45:00+00:00,3023.88,3037.8455714285715,13.965571428571366,0.08333333333333333,True,393105,393106,1,3023.93,0.2423728813559778,0.41101075092832207,1.2308841129717052,3.8315653801696334,-1.0,stop,2025,2025-04,2025-04-04,0.021481398132141383,-1.0214813981321413,<=0.03R,2025-04-04 20:40:00+00:00,4.851428571428609,3024.814227038763,3023.93,0.20847457627118632,below,below,16.440000000000055,16,Friday,ny_main,-0.19256741081684162,3.3886925795052854,False,True,True,True,True,False,True,True,True,False,False,False,True,False,False,False,True,False,True,True,True,2025-04-04 20:30:00+00:00,3023.93,3027.483198520066,12.981428571428589,-0.27371398305779354,True,True,1,1,1,True,False,True,False,False,2025-04-04 20:45:00+00:00|supply|3023.88
19667,15min,m15_2c_1atr,demand,2988.77,2973.1,2025-04-07 04:30:00+00:00,2025-04-07 03:45:00+00:00,2025-04-07 04:00:00+00:00,2025-04-07 04:15:00+00:00,2,1.9139922978177184,0.7410985744206473,0.2686662412252723,2025-04-07 18:10:00+00:00,2025-04-07 18:20:00+00:00,2994.65,2971.1901428571427,23.459857142857345,13.666666666666666,True,393352,393353,1,2998.07,0.9129232895646029,0.12404167605452966,1.0405007946705356,0.020886742703331785,-1.0,stop,2025,2025-04,2025-04-07,0.01278780165510679,-1.0127878016551068,<=0.03R,2025-04-07 18:15:00+00:00,10.209285714285702,2997.618658294588,2998.07,0.9412577747062962,below,below,9.109999999999673,14,Monday,ny_main,-0.2907802149599791,0.8923249142936792,True,False,True,True,True,True,True,True,True,True,True,True,True,False,True,False,True,False,True,True,False,2025-04-07 18:15:00+00:00,2986.89,3001.9811262132353,15.518571428571411,-0.9724558914908203,False,False,4,4,2,True,False,False,True,False,2025-04-07 18:20:00+00:00|demand|2994.65
19674,15min,m15_2c_1atr,supply,3032.39,3011.05,2025-04-07 17:45:00+00:00,2025-04-07 17:00:00+00:00,2025-04-07 17:15:00+00:00,2025-04-07 17:30:00+00:00,2,1.750454899921998,1.5532102937353565,0.5674789128397518,2025-04-08 09:20:00+00:00,2025-04-08 10:05:00+00:00,3009.01,3033.0724285714286,24.062428571428427,15.583333333333334,True,393529,393530,8,3009.08,0.8574074074074132,1.6236931315566223,1.0044705141981771,-1.3489910174130295,1.0,tp1,2025,2025-04,2025-04-08,0.01246756947701522,0.9875324305229848,<=0.03R,2025-04-08 10:00:00+00:00,3.381428571428517,3011.4906518645585,3009.08,0.14259259259258683,missing,missing,,6,Tuesday,asia_late,-0.7336106063332472,,False,True,True,True,True,True,False,False,False,True,True,True,False,False,True,False,False,False,False,True,True,2025-04-08 10:00:00+00:00,3012.3,3008.802628886123,5.74571428571429,0.6086921381686009,False,False,8,4,2,True,False,False,False,False,2025-04-08 10:05:00+00:00|supply|3009.01
19680,15min,m15_2c_1atr,demand,2983.27,2978.69,2025-04-08 03:15:00+00:00,2025-04-08 02:30:00+00:00,2025-04-08 02:45:00+00:00,2025-04-08 03:00:00+00:00,2,1.1144174973962164,0.9540246987055471,0.3951965065502127,2025-04-08 03:55:00+00:00,2025-04-08 04:05:00+00:00,2990.78,2977.8928571428573,12.887142857142862,0.6666666666666666,True,393457,393458,1,2990.7,0.5936794582392424,2.485422902117261,1.1049772752466647,1.155415142445395,1.0,tp1,2025,2025-04,2025-04-08,0.023279015630196197,0.9767209843698038,<=0.03R,2025-04-08 04:00:00+00:00,3.507857142857087,2988.511679159814,2990.7,0.793453724604926,missing,missing,,0,Tuesday,post_close,0.6466400277460636,,True,False,True,True,True,False,True,True,True,True,False,False,True,False,False,False,False,False,False,True,True,2025-04-08 04:00:00+00:00,2995.57,2988.0346892182533,5.634999999999991,1.3372335016409658,True,False,6,4,2,True,False,False,False,False,2025-04-08 04:05:00+00:00|demand|2990.78
19681,15min,m15_2c_1atr,demand,2991.95,2983.08,2025-04-08 04:30:00+00:00,2025-04-08 03:45:00+00:00,2025-04-08 04:00:00+00:00,2025-04-08 04:15:00+00:00,2,1.7390801941298828,1.4349433787843602,0.7316798196167211,2025-04-08 07:35:00+00:00,2025-04-08 07:50:00+00:00,2997.81,2982.533,15.277000000000044,3.0833333333333335,True,393502,393503,2,2997.82,0.5854271356784853,1.6364469463899933,1.1121293447666252,1.2790469332984165,1.0,tp1,2025,2025-04,2025-04-08,0.01963736335667992,0.9803626366433201,<=0.03R,2025-04-08 07:45:00+00:00,2.7471428571427623,2996.186078353129,2997.82,0.8190954773869857,missing,missing,,3,Tuesday,asia_late,0.5911311247061136,,True,False,True,True,True,True,False,True,True,True,False,False,False,False,True,False,False,True,False,True,True,2025-04-08 07:45:00+00:00,3002.36,2997.939959045226,5.9642857142856815,0.74108471098013,True,False,4,3,2,True,False,False,False,False,2025-04-08 07:50:00+00:00|demand|2997.81
19683,15min,m15_2c_1atr,demand,2997.4,2990.88,2025-04-08 08:15:00+00:00,2025-04-08 07:30:00+00:00,2025-04-08 07:45:00+00:00,2025-04-08 08:00:00+00:00,2,1.5368631868820417,1.142571035173362,0.06901840490794775,2025-04-08 12:25:00+00:00,2025-04-08 12:35:00+00:00,3001.93,2990.139,11.790999999999713,4.166666666666667,True,393559,393560,1,3001.95,0.8064085447262714,1.7708421677551198,1.1602069374947137,3.4857094394030503,1.0,tp1,2025,2025-04,2025-04-08,0.025443134594182622,0.9745568654058174,<=0.03R,2025-04-08 12:30:00+00:00,3.6514285714285637,3001.6874265892525,3001.95,0.8064085447262714,missing,missing,,8,Tuesday,london_ny_overlap,0.06643246773206123,,True,False,True,True,True,False,True,True,True,True,True,True,False,False,True,False,True,False,True,True,True,2025-04-08 12:30:00+00:00,3006.43,3004.649046502575,6.270000000000015,0.2840436200039689,True,False,3,3,2,True,True,False,False,False,2025-04-08 12:35:00+00:00|demand|3001.93
19692,15min,m15_2c_1atr,supply,3017.7,3010.21,2025-04-08 18:15:00+00:00,2025-04-08 17:30:00+00:00,2025-04-08 17:45:00+00:00,2025-04-08 18:00:00+00:00,2,1.0190866239085277,0.8102928676299991,0.18424566088113412,2025-04-08 18:35:00+00:00,2025-04-08 18:45:00+00:00,3005.2,3018.4779999999996,13.277999999999793,0.3333333333333333,True,393633,393634,1,3005.11,0.8874458874458887,2.6555204097002796,1.1477632173520467,-6.418888386805343,1.0,tp1,2025,2025-04,2025-04-08,0.02259376412110293,0.9774062358788971,<=0.03R,2025-04-08 18:40:00+00:00,3.9914285714286115,3007.686151027945,3005.11,0.08658008658010831,inside,inside,4.650000000000091,14,Tuesday,ny_main,-0.6228724837371585,1.1649964209019439,False,True,True,True,True,False,True,True,True,True,True,True,True,False,False,False,True,False,True,True,True,2025-04-08 18:30:00+00:00,3005.11,3008.092568241538,9.063571428571322,-0.3290720733039101,True,True,7,3,2,True,True,False,False,True,2025-04-08 18:45:00+00:00|supply|3005.2
19699,15min,m15_2c_1atr,demand,3009.09,3003.55,2025-04-09 08:00:00+00:00,2025-04-09 06:45:00+00:00,2025-04-09 07:00:00+00:00,2025-04-09 07:45:00+00:00,4,1.0753424657534763,0.7589041095890374,0.3664259927798219,2025-04-09 08:00:00+00:00,2025-04-09 08:15:00+00:00,3015.71,3002.6848571428573,13.025142857142782,0.0,True,393783,393784,2,3015.69,0.6900523560209774,8.978788277616955,0.27869176098974413,8.118912871808417,1.0,tp1,2025,2025-04,2025-04-09,0.023032376941300475,0.9769676230586996,<=0.03R,2025-04-09 08:10:00+00:00,4.142142857142874,3010.776504606961,3015.69,0.7151832460733113,missing,missing,,4,Wednesday,asia_late,1.19104906884882,,True,False,True,True,True,False,False,True,True,True,True,False,True,False,False,False,False,False,False,True,True,2025-04-09 08:00:00+00:00,3015.69,3009.6320484958765,7.199285714285679,0.8414656320838448,True,True,8,4,2,True,False,False,False,False,2025-04-09 08:15:00+00:00|demand|3015.71
19702,15min,m15_2c_1atr,demand,3045.55,3041.41,2025-04-09 14:30:00+00:00,2025-04-09 13:45:00+00:00,2025-04-09 14:00:00+00:00,2025-04-09 14:15:00+00:00,2,2.4275203817856634,0.5762577053092551,0.08937198067629507,2025-04-09 15:40:00+00:00,2025-04-09 16:10:00+00:00,3055.97,3040.002285714286,15.96771428571401,1.1666666666666667,True,393878,393879,5,3055.75,0.7876404494382188,5.581888453486603,0.45466745396961034,5.441605382289377,1.0,tp1,2025,2025-04,2025-04-09,0.01878791132105889,0.9812120886789412,<=0.03R,2025-04-09 16:05:00+00:00,7.164285714285695,3051.084203396429,3055.75,0.8213483146067271,above,above,8.769999999999982,12,Wednesday,ny_main,0.6819656276170522,1.2241276171485551,True,False,True,True,True,True,False,False,False,True,True,True,True,False,True,True,True,False,True,True,True,2025-04-09 16:00:00+00:00,3056.98,3052.973472563534,9.800714285714289,0.40879953436720934,True,False,3,3,2,True,True,True,False,False,2025-04-09 16:10:00+00:00|demand|3055.97
19728,15min,m15_2c_1atr,demand,3202.14,3190.19,2025-04-11 09:45:00+00:00,2025-04-11 09:00:00+00:00,2025-04-11 09:15:00+00:00,2025-04-11 09:30:00+00:00,2,1.2995346558902665,1.3658257816964465,0.07029288702930195,2025-04-11 09:45:00+00:00,2025-04-11 10:05:00+00:00,3206.96,3188.8587142857145,18.101285714285495,0.0,True,394357,394358,3,3207.06,0.7124087591240797,2.1451514888445398,0.2358948456700016,0.7380691190049801,1.0,tp1,2025,2025-04,2025-04-11,0.016573408360890114,0.9834265916391098,<=0.03R,2025-04-11 10:00:00+00:00,6.695714285714303,3201.8839345452943,3207.06,0.9547445255474526,missing,missing,,6,Friday,asia_late,0.7581066392775742,,True,False,True,True,True,True,False,False,True,True,True,True,False,False,False,False,True,False,False,True,True,2025-04-11 10:00:00+00:00,3211.68,3204.3890837351755,10.314285714285688,0.7068755381408637,True,False,5,4,2,True,False,False,False,False,2025-04-11 10:05:00+00:00|demand|3206.96
19729,15min,m15_2c_1atr,demand,3212.9,3202.69,2025-04-11 11:15:00+00:00,2025-04-11 10:15:00+00:00,2025-04-11 10:30:00+00:00,2025-04-11 11:00:00+00:00,3,1.0612847649519868,0.8795225203052013,0.5808031341821562,2025-04-11 12:30:00+00:00,2025-04-11 12:40:00+00:00,3221.77,3201.687,20.083000000000084,1.25,True,394388,394389,1,3221.8,0.8950000000000576,1.1960364487377324,0.7683115072449221,-0.6727082607180056,1.0,tp1,2025,2025-04,2025-04-11,0.014938007269830142,0.9850619927301698,<=0.03R,2025-04-11 12:35:00+00:00,4.981428571428556,3217.921790963083,3221.8,0.910000000000006,missing,missing,,8,Friday,london_ny_overlap,0.7725111344542462,,True,False,True,True,True,True,True,True,True,True,True,True,True,False,False,False,False,False,True,True,True,2025-04-11 12:30:00+00:00,3222.28,3216.5514593877338,10.00857142857142,0.5723634639718118,True,False,4,3,2,True,False,False,False,False,2025-04-11 12:40:00+00:00|demand|3221.77
19741,15min,m15_2c_1atr,supply,3238.07,3229.18,2025-04-14 10:15:00+00:00,2025-04-14 09:15:00+00:00,2025-04-14 09:30:00+00:00,2025-04-14 10:00:00+00:00,3,1.2312517043904805,1.6970275429507107,0.5680539932508432,2025-04-14 10:15:00+00:00,2025-04-14 10:45:00+00:00,3228.44,3238.6067142857146,10.166714285714534,0.0,True,394641,394642,5,3228.38,0.8185328185328741,3.409164359885805,0.41311281914367626,-0.015737631205459752,1.0,tp1,2025,2025-04,2025-04-14,0.02950805851026387,0.9704919414897362,<=0.03R,2025-04-14 10:40:00+00:00,2.6157142857142452,3230.524137726218,3228.38,0.007722007722001621,missing,missing,,6,Monday,asia_late,-0.7967757555176047,,False,True,True,True,True,False,False,False,False,True,True,True,False,False,False,False,False,False,False,True,True,2025-04-14 10:30:00+00:00,3228.38,3230.4262217519417,5.517142857142842,-0.3708843154736263,True,True,3,2,1,True,False,False,False,False,2025-04-14 10:45:00+00:00|supply|3228.44
19754,15min,m15_2c_1atr,demand,3213.01,3211.4,2025-04-15 04:30:00+00:00,2025-04-15 03:45:00+00:00,2025-04-15 04:00:00+00:00,2025-04-15 04:15:00+00:00,2,3.4032983508245565,0.4827586206896928,0.031055900620946084,2025-04-15 16:50:00+00:00,2025-04-15 17:05:00+00:00,3219.83,3210.5888571428573,9.241142857142677,12.333333333333334,True,394993,394994,2,3219.94,0.9800285306704882,10.789790996784781,0.3159782339846789,9.45770467474667,1.0,tp1,2025,2025-04,2025-04-15,0.032463517190205925,0.9675364828097941,0.03-0.05R,2025-04-15 17:00:00+00:00,4.090000000000016,3217.124396172351,3219.94,0.9800285306704882,below,below,5.199999999999818,13,Tuesday,ny_main,0.6615168282759636,1.2713936430317354,True,False,False,True,False,False,False,True,True,True,True,True,True,False,True,True,True,False,True,True,True,2025-04-15 17:00:00+00:00,3220.36,3218.933989573713,5.995714285714257,0.23783828887324027,True,False,1,1,1,True,True,False,True,False,2025-04-15 17:05:00+00:00|demand|3219.83
19761,15min,m15_2c_1atr,supply,3230.16,3226.59,2025-04-15 12:45:00+00:00,2025-04-15 12:00:00+00:00,2025-04-15 12:15:00+00:00,2025-04-15 12:30:00+00:00,2,1.1345218800648416,0.8100486223662309,0.28851540616254456,2025-04-15 13:10:00+00:00,2025-04-15 13:25:00+00:00,3224.32,3230.571571428571,6.251571428570969,0.4166666666666667,True,394949,394950,2,3224.51,0.545454545454295,2.0202920408584646,1.026941797490931,-11.328351728708997,1.0,tp1,2025,2025-04,2025-04-15,0.04798793446219589,0.9520120655378042,0.03-0.05R,2025-04-15 13:20:00+00:00,2.0714285714285716,3225.037127033335,3224.51,0.07272727272747818,missing,inside,,9,Tuesday,london_ny_overlap,-0.3461992574719198,,False,True,False,True,False,False,False,True,True,True,False,False,True,False,False,False,True,False,True,True,True,2025-04-15 13:15:00+00:00,3224.38,3225.600195843652,4.456428571428497,-0.27380576712813287,True,False,9,4,2,True,True,False,False,False,2025-04-15 13:25:00+00:00|supply|3224.32
19765,15min,m15_2c_1atr,demand,3218.56,3211.69,2025-04-15 17:30:00+00:00,2025-04-15 16:45:00+00:00,2025-04-15 17:00:00+00:00,2025-04-15 17:15:00+00:00,2,1.8483281627024963,1.105136159944838,0.29548762736532425,2025-04-15 18:00:00+00:00,2025-04-15 18:25:00+00:00,3221.59,3211.1164285714285,10.473571428571631,0.5,True,395009,395010,4,3221.7,0.9221902017289866,10.643933710700198,0.29216395007841783,10.554184000545384,1.0,tp1,2025,2025-04,2025-04-15,0.028643524517492455,0.9713564754825076,<=0.03R,2025-04-15 18:20:00+00:00,3.0242857142856923,3220.540032235631,3221.7,0.9365994236310552,below,below,5.199999999999818,14,Tuesday,ny_main,0.34717876006542503,1.7194142654699571,True,False,True,True,True,False,False,False,False,True,True,True,False,False,True,False,True,False,True,True,True,2025-04-15 18:15:00+00:00,3221.83,3220.938890121177,6.697142857142808,0.13305821569456824,True,False,4,2,2,True,True,False,True,False,2025-04-15 18:25:00+00:00|demand|3221.59
19770,15min,m15_2c_1atr,demand,3270.52,3266.97,2025-04-16 06:30:00+00:00,2025-04-16 05:45:00+00:00,2025-04-16 06:00:00+00:00,2025-04-16 06:15:00+00:00,2,1.1612512613522066,0.501513622603457,0.47323943661964796,2025-04-16 07:30:00+00:00,2025-04-16 07:45:00+00:00,3279.19,3266.297714285714,12.892285714286118,1.0,True,395157,395158,2,3279.18,0.8597222222221972,6.0951177891538935,0.17374731290030765,4.121844735500604,1.0,tp1,2025,2025-04,2025-04-16,0.023269729406288745,0.9767302705937112,<=0.03R,2025-04-16 07:40:00+00:00,3.108571428571492,3275.794616347355,3279.18,0.8736111111110729,missing,missing,,3,Wednesday,asia_late,1.0922649617884315,,True,False,True,True,True,False,False,True,True,True,True,True,True,False,False,False,False,False,False,True,True,2025-04-16 07:30:00+00:00,3279.18,3275.346670134231,6.714285714285714,0.5709214693698471,True,True,2,2,2,True,False,False,False,False,2025-04-16 07:45:00+00:00|demand|3279.19
19773,15min,m15_2c_1atr,demand,3295.11,3286.79,2025-04-16 10:15:00+00:00,2025-04-16 09:30:00+00:00,2025-04-16 09:45:00+00:00,2025-04-16 10:00:00+00:00,2,1.3280888477556454,1.3475242943082233,0.17307692307692624,2025-04-16 10:15:00+00:00,2025-04-16 10:30:00+00:00,3297.23,3285.983714285714,11.246285714285932,0.0,True,395190,395191,2,3297.24,0.6570743405275141,5.383110614297946,0.7406889893806001,1.5987500635130036,1.0,tp1,2025,2025-04,2025-04-16,0.026675473807224726,0.9733245261927753,<=0.03R,2025-04-16 10:25:00+00:00,4.053571428571396,3294.3176365048344,3297.24,0.9232613908872522,missing,missing,,6,Wednesday,asia_late,0.7184685274417555,,True,False,True,True,True,False,False,True,True,True,True,False,False,False,False,False,True,False,False,True,True,2025-04-16 10:15:00+00:00,3297.24,3291.8237249307354,6.124285714285699,0.8843929434301634,True,True,0,0,0,False,False,False,False,False,2025-04-16 10:30:00+00:00|demand|3297.23
19778,15min,m15_2c_1atr,demand,3300.52,3293.0,2025-04-16 15:00:00+00:00,2025-04-16 14:15:00+00:00,2025-04-16 14:30:00+00:00,2025-04-16 14:45:00+00:00,2,1.5216829673371381,0.9713969367042019,0.3444148936170415,2025-04-16 16:20:00+00:00,2025-04-16 16:50:00+00:00,3304.96,3291.9864285714284,12.973571428571631,1.3333333333333333,True,395266,395267,5,3304.94,0.8826086956521834,4.070583053460264,1.1762374057149134,-1.2147772944998052,1.0,tp1,2025,2025-04,2025-04-16,0.023123933270935055,0.9768760667290649,<=0.03R,2025-04-16 16:45:00+00:00,5.390714285714304,3303.0485468067886,3304.94,0.9159420289855189,inside,inside,6.440000000000055,12,Wednesday,ny_main,0.3545825454479862,1.1946468795547962,True,False,True,True,True,False,False,False,False,True,True,True,True,False,True,False,True,False,True,True,True,2025-04-16 16:45:00+00:00,3311.72,3306.129017538443,8.15499999999994,0.6855895109205329,True,False,5,3,2,True,True,False,False,True,2025-04-16 16:50:00+00:00|demand|3304.96
19789,15min,m15_2c_1atr,supply,3341.21,3336.82,2025-04-17 09:00:00+00:00,2025-04-17 08:15:00+00:00,2025-04-17 08:30:00+00:00,2025-04-17 08:45:00+00:00,2,1.3076052796982711,0.772595851665595,0.002277904327964424,2025-04-17 15:10:00+00:00,2025-04-17 15:25:00+00:00,3328.15,3342.128142857143,13.978142857142757,6.166666666666667,True,395525,395526,2,3328.17,0.8656488549618191,3.149202326080535,1.465859965047467,-6.340613406645121,1.0,tp1,2025,2025-04,2025-04-17,0.02146207855120765,0.9785379214487924,<=0.03R,2025-04-17 15:20:00+00:00,4.6592857142857484,3330.1647383029076,3328.17,0.010687022900788056,inside,above,12.809999999999945,11,Thursday,london_ny_overlap,-0.4324135557367014,2.749348459297837,False,True,True,True,True,False,False,True,True,True,True,True,True,False,False,False,True,False,True,True,True,2025-04-17 15:15:00+00:00,3325.33,3327.770939056591,6.568571428571398,-0.37160881679290597,True,False,3,3,2,True,True,False,False,True,2025-04-17 15:25:00+00:00|supply|3328.15
19793,15min,m15_2c_1atr,demand,3323.73,3321.42,2025-04-17 13:45:00+00:00,2025-04-17 12:45:00+00:00,2025-04-17 13:00:00+00:00,2025-04-17 13:30:00+00:00,3,1.1651097901249785,0.3923328885114558,0.15151515151511571,2025-04-17 14:25:00+00:00,2025-04-17 15:00:00+00:00,3327.46,3320.763,6.697000000000116,0.6666666666666666,True,395520,395521,6,3327.5,0.9444444444444936,2.2233836045990167,1.0960131402120379,13.998805435269281,1.0,tp1,2025,2025-04,2025-04-17,0.044796177392861694,0.9552038226071383,0.03-0.05R,2025-04-17 14:55:00+00:00,3.1207142857143872,3326.0726978073662,3327.5,0.9444444444444936,inside,above,12.809999999999945,11,Thursday,london_ny_overlap,0.4445463652294009,4.104829480430153,True,False,False,True,False,False,False,False,False,True,True,True,True,False,False,False,True,False,True,True,True,2025-04-17 14:45:00+00:00,3327.5,3326.139307420079,5.576428571428551,0.24400789187769933,True,True,5,3,2,True,True,False,False,True,2025-04-17 15:00:00+00:00|demand|3327.46
19802,15min,m15_2c_1atr,demand,3382.68,3374.22,2025-04-21 06:00:00+00:00,2025-04-21 05:00:00+00:00,2025-04-21 05:15:00+00:00,2025-04-21 05:45:00+00:00,3,1.0518731988472245,1.2190201729106698,0.00945626477540507,2025-04-21 06:00:00+00:00,2025-04-21 06:05:00+00:00,3383.08,3373.583714285714,9.496285714285932,0.0,True,395689,395690,0,3382.85,0.5662983425415038,0.22851039504167284,1.4321388813671085,10.606252068477685,-1.0,stop,2025,2025-04,2025-04-21,0.03159129885368643,-1.0315912988536864,0.03-0.05R,2025-04-21 06:00:00+00:00,3.1507142857142947,3382.638028692611,3382.85,0.3011049723756143,missing,missing,,2,Monday,post_close,0.14027654281217725,,True,False,False,True,False,False,True,True,True,True,False,False,False,False,False,False,True,False,False,True,True,2025-04-21 06:00:00+00:00,3381.11,3378.1606435230638,6.806428571428602,0.4333192431221433,True,False,0,0,0,False,False,False,False,False,2025-04-21 06:05:00+00:00|demand|3383.08
19804,15min,m15_2c_1atr,demand,3383.25,3379.07,2025-04-21 09:15:00+00:00,2025-04-21 08:15:00+00:00,2025-04-21 08:30:00+00:00,2025-04-21 09:00:00+00:00,3,1.1974451541238265,0.8125520688697268,0.21770334928237917,2025-04-21 10:50:00+00:00,2025-04-21 11:25:00+00:00,3388.4,3378.4687142857147,9.931285714285423,1.5833333333333333,True,395753,395754,6,3388.36,0.4823008849558671,11.241243401084914,0.1862800097814949,6.859132035846506,1.0,tp1,2025,2025-04,2025-04-21,0.030207569153757413,0.9697924308462426,0.03-0.05R,2025-04-21 11:20:00+00:00,3.009285714285722,3387.618362597186,3388.36,0.6371681415930112,missing,missing,,7,Monday,asia_late,0.2597418381057291,,True,False,False,True,False,False,False,False,False,True,False,False,True,False,False,False,True,False,False,True,True,2025-04-21 11:15:00+00:00,3389.41,3388.6112299469905,5.2899999999999965,0.15099622930232914,True,False,4,4,2,True,False,False,False,False,2025-04-21 11:25:00+00:00|demand|3388.4
19813,15min,m15_2c_1atr,supply,3426.24,3414.8,2025-04-21 19:45:00+00:00,2025-04-21 18:30:00+00:00,2025-04-21 18:45:00+00:00,2025-04-21 19:30:00+00:00,4,1.0838981774363803,1.206205753878552,0.23339160839162293,2025-04-21 19:45:00+00:00,2025-04-21 19:50:00+00:00,3413.52,3426.8864285714285,13.366428571428514,0.0,True,395854,395855,0,3413.5,0.1131221719456995,0.5566183936301032,1.0848073531769404,0.6852989900069391,-1.0,stop,2025,2025-04,2025-04-21,0.022444290065729802,-1.0224442900657298,<=0.03R,2025-04-21 19:45:00+00:00,3.3485714285714363,3414.7493400865615,3413.5,0.2036199095021768,above,above,4.960000000000036,15,Monday,ny_main,-0.3671237459867888,1.481228668941987,False,True,True,True,True,False,True,True,True,False,False,False,False,False,False,False,True,False,True,True,True,2025-04-21 19:45:00+00:00,3414.63,3416.4791683044564,9.085714285714305,-0.20352481338355136,True,False,2,2,1,True,False,False,True,False,2025-04-21 19:50:00+00:00|supply|3413.52
19820,15min,m15_2c_1atr,demand,3429.99,3418.57,2025-04-22 04:15:00+00:00,2025-04-22 03:30:00+00:00,2025-04-22 03:45:00+00:00,2025-04-22 04:00:00+00:00,2,1.0055555555555757,1.2688888888888465,0.2521891418564103,2025-04-22 15:50:00+00:00,2025-04-22 16:15:00+00:00,3443.52,3416.815857142857,26.70414285714287,11.583333333333334,True,396087,396088,4,3443.41,0.7538100820633092,0.23404608166737093,1.2058054127502882,-6.167956817829228,-1.0,stop,2025,2025-04,2025-04-22,0.011234211920033804,-1.0112342119200337,<=0.03R,2025-04-22 16:10:00+00:00,8.69214285714286,3438.88758058475,3443.41,0.8651817116060815,below,below,13.700000000000273,12,Tuesday,ny_main,0.5329433134480875,1.5761360834908682,True,False,True,True,True,True,False,False,False,True,True,True,False,False,False,False,True,False,True,True,True,2025-04-22 16:00:00+00:00,3443.41,3447.434026404961,11.317142857142894,-0.3555691092492848,False,True,11,4,2,True,False,False,True,False,2025-04-22 16:15:00+00:00|demand|3443.52
19825,15min,m15_2c_1atr,supply,3472.71,3466.0,2025-04-22 11:45:00+00:00,2025-04-22 11:00:00+00:00,2025-04-22 11:15:00+00:00,2025-04-22 11:30:00+00:00,2,1.5844074190506157,0.5906318767683161,0.08196721311478077,2025-04-22 13:05:00+00:00,2025-04-22 13:25:00+00:00,3457.36,3473.581857142857,16.22185714285706,1.3333333333333333,True,396053,396054,3,3457.52,0.6684587813619647,10.210298274814463,0.46295562424593456,7.471401019788171,1.0,tp1,2025,2025-04,2025-04-22,0.018493566880663746,0.9815064331193363,<=0.03R,2025-04-22 13:20:00+00:00,4.424285714285816,3459.613780981055,3457.52,0.28494623655914636,missing,inside,,9,Tuesday,london_ny_overlap,-0.5094112646878354,,False,True,True,True,True,True,False,False,True,True,True,False,True,False,True,False,True,False,True,True,True,2025-04-22 13:15:00+00:00,3457.93,3459.230757907692,10.246428571428558,-0.1269474430651018,True,False,2,2,2,True,True,False,False,False,2025-04-22 13:25:00+00:00|supply|3457.36
19830,15min,m15_2c_1atr,supply,3433.86,3423.49,2025-04-22 18:30:00+00:00,2025-04-22 17:15:00+00:00,2025-04-22 17:30:00+00:00,2025-04-22 18:15:00+00:00,4,1.2388316151202574,0.6564478205824061,0.14561234329799114,2025-04-22 18:35:00+00:00,2025-04-22 18:50:00+00:00,3422.45,3435.172142857143,12.722142857143353,0.08333333333333333,True,396118,396119,2,3422.51,0.9186206896551523,12.747852450732182,0.6013137948458654,9.807310089270292,1.0,tp1,2025,2025-04,2025-04-22,0.023580933131210128,0.9764190668687899,<=0.03R,2025-04-22 18:45:00+00:00,6.630000000000076,3423.918060749072,3422.51,0.03862068965520001,below,below,13.700000000000273,14,Tuesday,ny_main,-0.2214269606443813,2.0663650075414957,False,True,True,True,True,False,False,True,True,True,True,True,True,False,False,False,True,False,True,True,True,2025-04-22 18:45:00+00:00,3417.64,3425.2667282160305,16.783571428571445,-0.4544162872895641,True,False,5,3,2,True,True,True,False,False,2025-04-22 18:50:00+00:00|supply|3422.45
19859,15min,m15_2c_1atr,supply,3344.71,3335.99,2025-04-24 16:15:00+00:00,2025-04-24 15:30:00+00:00,2025-04-24 15:45:00+00:00,2025-04-24 16:00:00+00:00,2,1.3643636363636393,1.2683636363636615,0.13302752293575926,2025-04-24 20:15:00+00:00,2025-04-24 20:45:00+00:00,3333.49,3345.3024285714287,11.812428571428882,4.0,True,396693,396694,5,3333.53,0.7551867219916261,0.0042328298281239,1.0548211931742348,3.614836673237521,-1.0,stop,2025,2025-04,2025-04-24,0.025396978968881986,-1.025396978968882,<=0.03R,2025-04-24 20:40:00+00:00,3.1714285714285455,3334.1036437186267,3333.53,0.2448132780083739,inside,inside,11.190000000000055,16,Thursday,ny_main,-0.19349126263011077,3.5283783783784246,False,True,True,True,True,False,False,False,False,True,True,True,False,False,False,False,True,False,True,True,True,2025-04-24 20:30:00+00:00,3333.53,3331.929759126203,7.042857142857201,0.22721472853104743,False,True,5,3,2,True,False,False,False,True,2025-04-24 20:45:00+00:00|supply|3333.49
19862,15min,m15_2c_1atr,demand,3327.71,3319.64,2025-04-24 19:15:00+00:00,2025-04-24 18:15:00+00:00,2025-04-24 18:30:00+00:00,2025-04-24 19:00:00+00:00,3,1.273656044757935,0.9160788129409027,0.17472118959111285,2025-04-24 19:30:00+00:00,2025-04-24 19:50:00+00:00,3328.36,3318.911857142857,9.448142857143011,0.25,True,396682,396683,3,3328.41,0.2686567164178522,4.487654414321723,1.1716588293995778,-3.6462192116364207,1.0,tp1,2025,2025-04,2025-04-24,0.031752271799446084,0.9682477282005539,0.03-0.05R,2025-04-24 19:45:00+00:00,3.6771428571428584,3328.3021009872496,3328.41,0.44029850746265237,inside,below,11.190000000000055,15,Thursday,ny_main,0.015745652263169128,3.043123543123557,True,False,False,True,False,False,False,False,True,False,False,False,True,False,False,False,True,False,True,True,True,2025-04-24 19:45:00+00:00,3331.59,3328.7187008833876,8.58714285714294,0.33437188182145966,True,False,4,3,2,True,False,False,False,True,2025-04-24 19:50:00+00:00|demand|3328.36
19868,15min,m15_2c_1atr,supply,3358.43,3349.65,2025-04-25 05:00:00+00:00,2025-04-25 03:45:00+00:00,2025-04-25 04:00:00+00:00,2025-04-25 04:45:00+00:00,4,1.3873873873873963,0.9976462949435668,0.7152619589977657,2025-04-25 05:00:00+00:00,2025-04-25 05:25:00+00:00,3348.06,3359.232571428571,11.172571428571246,0.0,True,396785,396786,4,3348.07,0.9240924092409117,7.40921644844527,0.5656710310965869,4.9505165711948385,1.0,tp1,2025,2025-04,2025-04-25,0.026851472995090456,0.9731485270049095,<=0.03R,2025-04-25 05:20:00+00:00,4.210000000000069,3349.550870958642,3348.07,0.07590759075908829,missing,missing,,1,Friday,post_close,-0.35412611844228936,,False,True,True,True,True,False,False,False,False,True,True,True,True,False,False,False,False,True,False,True,True,2025-04-25 05:15:00+00:00,3348.62,3351.1692917178016,8.818571428571365,-0.2890821646624313,True,False,5,4,2,True,False,False,False,False,2025-04-25 05:25:00+00:00|supply|3348.06
19872,15min,m15_2c_1atr,supply,3308.98,3303.71,2025-04-25 13:00:00+00:00,2025-04-25 12:00:00+00:00,2025-04-25 12:15:00+00:00,2025-04-25 12:45:00+00:00,3,1.726541554959795,0.7325985502929174,0.16888045540794605,2025-04-25 13:25:00+00:00,2025-04-25 13:50:00+00:00,3300.15,3309.775857142857,9.625857142857058,0.4166666666666667,True,396886,396887,4,3300.18,0.8970976253298479,3.622534542378436,1.285080363900803,0.7968121577299385,1.0,tp1,2025,2025-04,2025-04-25,0.031166055713035108,0.9688339442869649,0.03-0.05R,2025-04-25 13:45:00+00:00,3.869285714285817,3301.5726156516002,3300.18,0.07915567282314777,inside,above,12.88000000000011,9,Friday,london_ny_overlap,-0.3676688041794651,3.3287797673988693,False,True,False,True,False,False,False,False,False,True,True,True,True,False,True,False,True,False,True,True,True,2025-04-25 13:45:00+00:00,3298.04,3300.7714923957165,6.796428571428611,-0.40190114072549227,True,False,1,1,1,True,True,False,False,True,2025-04-25 13:50:00+00:00|supply|3300.15
19888,15min,m15_2c_1atr,demand,3294.44,3287.1,2025-04-28 15:00:00+00:00,2025-04-28 14:00:00+00:00,2025-04-28 14:15:00+00:00,2025-04-28 14:45:00+00:00,3,1.104693140794192,1.3249097472924303,0.2506811989100966,2025-04-28 15:00:00+00:00,2025-04-28 15:05:00+00:00,3295.06,3286.436142857143,8.623857142857105,0.0,True,397177,397178,0,3295.2,0.36802973977686304,6.7232097006643015,0.93809531697784,2.164924544867247,1.0,tp1,2025,2025-04,2025-04-28,0.03478721818211952,0.9652127818178805,0.03-0.05R,2025-04-28 15:00:00+00:00,3.336428571428574,3292.7504337959876,3295.2,0.36802973977686304,above,above,10.789999999999964,11,Monday,london_ny_overlap,0.6922270789161241,3.2339970027831164,True,False,False,True,False,False,True,True,True,False,False,False,False,False,False,False,True,False,True,True,True,2025-04-28 15:00:00+00:00,3295.87,3290.7405993720567,5.580000000000057,0.9192474243625608,True,False,0,0,0,False,False,True,False,False,2025-04-28 15:05:00+00:00|demand|3295.06
19889,15min,m15_2c_1atr,supply,3302.13,3292.89,2025-04-28 16:00:00+00:00,2025-04-28 15:15:00+00:00,2025-04-28 15:30:00+00:00,2025-04-28 15:45:00+00:00,2,1.0158730158729987,1.543859649122839,0.6753246753246345,2025-04-28 16:00:00+00:00,2025-04-28 16:45:00+00:00,3291.68,3302.960857142857,11.280857142857258,0.0,True,397197,397198,8,3291.71,0.7500000000000435,0.4175214649342745,1.4653141858521417,-2.161183294075919,-1.0,stop,2025,2025-04,2025-04-28,0.026593723881163774,-1.0265937238811638,<=0.03R,2025-04-28 16:40:00+00:00,3.963571428571413,3296.492272066821,3291.71,0.20408163265305768,above,above,10.789999999999964,12,Monday,ny_main,-1.2141252286086932,2.722292304919807,False,True,True,True,True,False,False,False,False,True,True,True,False,False,False,False,False,True,True,True,True,2025-04-28 16:30:00+00:00,3291.71,3295.077777957522,6.300714285714288,-0.5345073280275039,True,True,3,3,2,True,False,False,True,False,2025-04-28 16:45:00+00:00|supply|3291.68
19917,15min,m15_2c_1atr,supply,3319.86,3304.02,2025-04-30 17:30:00+00:00,2025-04-30 16:30:00+00:00,2025-04-30 16:45:00+00:00,2025-04-30 17:15:00+00:00,3,1.275794684731649,1.4445023449713486,0.8851010101010008,2025-04-30 17:30:00+00:00,2025-04-30 17:35:00+00:00,3295.62,3321.3297142857145,25.709714285714654,0.0,True,397759,397760,0,3295.5,0.7362110311750768,3.6437588904693583,0.7425208926031245,3.2715260490753315,1.0,tp1,2025,2025-04,2025-04-30,0.011668741109530416,0.9883312588904696,<=0.03R,2025-04-30 17:30:00+00:00,7.247142857142892,3305.9837979068325,3295.5,0.19904076738607743,above,above,7.440000000000055,13,Wednesday,ny_main,-1.4300529341184263,1.026611472501481,False,True,True,True,True,True,True,True,True,True,True,True,False,False,False,False,False,True,True,True,True,2025-04-30 17:30:00+00:00,3294.43,3301.5596152911617,11.147142857142853,-0.6395912730761605,True,False,9,4,2,True,False,False,True,False,2025-04-30 17:35:00+00:00|supply|3295.62
19922,15min,m15_2c_1atr,supply,3251.81,3240.38,2025-05-01 06:15:00+00:00,2025-05-01 05:15:00+00:00,2025-05-01 05:30:00+00:00,2025-05-01 06:00:00+00:00,3,1.3058034260404852,1.042271868690142,0.5398075240595067,2025-05-01 09:00:00+00:00,2025-05-01 09:25:00+00:00,3236.97,3252.6104285714287,15.640428571428856,2.75,True,397937,397938,4,3237.0,0.7419354838708767,2.2397084478868297,1.1080259035649414,-1.2256697386808735,1.0,tp1,2025,2025-05,2025-05-01,0.019181060073253032,0.980818939926747,<=0.03R,2025-05-01 09:20:00+00:00,4.102142857142845,3237.6463797139427,3237.0,0.2555831265509054,missing,missing,,5,Thursday,asia_late,-0.16488448537698644,,False,True,True,True,True,True,False,False,False,True,True,True,False,False,False,False,False,False,False,True,True,2025-05-01 09:15:00+00:00,3235.94,3234.1976762817826,6.909285714285651,0.2521713228062081,False,False,1,1,1,True,False,False,False,False,2025-05-01 09:25:00+00:00|supply|3236.97
19948,15min,m15_2c_1atr,demand,3271.17,3260.52,2025-05-05 05:45:00+00:00,2025-05-05 05:00:00+00:00,2025-05-05 05:15:00+00:00,2025-05-05 05:30:00+00:00,2,1.0806042562575802,1.644062189877618,0.32957746478870736,2025-05-05 05:45:00+00:00,2025-05-05 05:50:00+00:00,3271.42,3259.7684285714286,11.651571428571515,0.0,True,398446,398447,0,3271.34,0.6729166666667087,0.09526611983669687,1.1225953580755363,7.771483920010708,-1.0,stop,2025,2025-05,2025-05-05,0.025747599955861067,-1.025747599955861,<=0.03R,2025-05-05 05:45:00+00:00,3.756428571428582,3267.2936091264683,3271.34,0.9020833333333694,missing,missing,,1,Monday,post_close,1.0984877777038466,,True,False,True,True,True,False,True,True,True,True,True,False,False,False,False,False,True,False,False,True,True,2025-05-05 05:45:00+00:00,3270.15,3263.4248860856205,6.656428571428576,1.0103186479376953,True,False,0,0,0,False,False,False,False,False,2025-05-05 05:50:00+00:00|demand|3271.42
19952,15min,m15_2c_1atr,supply,3320.78,3311.49,2025-05-05 18:15:00+00:00,2025-05-05 17:15:00+00:00,2025-05-05 17:30:00+00:00,2025-05-05 18:00:00+00:00,3,1.002005700411644,1.3729547133960094,0.27125941872980286,2025-05-05 18:15:00+00:00,2025-05-05 18:25:00+00:00,3310.74,3321.592571428572,10.852571428571991,0.0,True,398597,398598,1,3310.65,0.9169435215946778,0.4653275063184006,1.05320661331084,-8.618233993259892,-1.0,stop,2025,2025-05,2025-05-05,0.027643218197134202,-1.0276432181971342,<=0.03R,2025-05-05 18:20:00+00:00,4.198571428571411,3312.689769401502,3310.65,0.02657807308967891,inside,inside,10.139999999999873,14,Monday,ny_main,-0.4643887652438014,2.4151071793126713,False,True,True,True,True,False,True,True,True,True,True,True,False,False,False,False,True,False,True,True,True,2025-05-05 18:15:00+00:00,3311.07,3314.1260742976733,6.867857142857247,-0.44498221702988494,True,False,0,0,0,False,False,False,False,True,2025-05-05 18:25:00+00:00|supply|3310.74
19960,15min,m15_2c_1atr,demand,3333.2,3323.82,2025-05-06 04:00:00+00:00,2025-05-06 03:15:00+00:00,2025-05-06 03:30:00+00:00,2025-05-06 03:45:00+00:00,2,1.013984984542943,1.9331664949212017,0.8795309168443821,2025-05-06 04:00:00+00:00,2025-05-06 04:05:00+00:00,3349.87,3322.7577142857144,27.112285714285463,0.0,True,398701,398702,0,3349.88,0.973824527387302,3.24576101503802,0.13167462299641805,0.8944284615303636,1.0,tp1,2025,2025-05,2025-05-06,0.011065094369447796,0.9889349056305522,<=0.03R,2025-05-06 04:00:00+00:00,4.719285714285694,3332.9589863303613,3349.88,0.973824527387302,missing,missing,,0,Tuesday,post_close,3.5833841588457864,,True,False,True,True,True,True,True,True,True,True,True,True,False,False,False,False,False,True,False,True,True,2025-05-06 04:00:00+00:00,3362.33,3337.0733054437455,7.145714285714218,3.534523428504246,True,False,1,1,1,True,False,False,False,False,2025-05-06 04:05:00+00:00|demand|3349.87
19970,15min,m15_2c_1atr,demand,3378.78,3373.18,2025-05-06 16:00:00+00:00,2025-05-06 15:15:00+00:00,2025-05-06 15:30:00+00:00,2025-05-06 15:45:00+00:00,2,2.325607946112583,0.8950793469574673,0.23571428571429964,2025-05-06 17:40:00+00:00,2025-05-06 18:00:00+00:00,3386.33,3372.213857142857,14.116142857143132,1.6666666666666667,True,398868,398869,3,3386.36,0.8244803695150632,3.6511390201693374,1.5117444061003928,-0.11334541001689197,1.0,tp1,2025,2025-05,2025-05-06,0.02125226437816845,0.9787477356218316,<=0.03R,2025-05-06 17:55:00+00:00,4.822142857142808,3385.6764211298273,3386.36,0.9284064665127135,above,above,5.650000000000091,14,Tuesday,ny_main,0.13553701944033208,1.1716782698859738,True,False,True,True,True,False,False,False,True,True,True,True,True,False,True,True,True,False,True,True,True,2025-05-06 17:45:00+00:00,3386.36,3386.9897766858235,8.14999999999993,-0.07727321298446012,False,True,5,3,2,True,False,True,False,False,2025-05-06 18:00:00+00:00|demand|3386.33
19994,15min,m15_2c_1atr,demand,3358.68,3349.58,2025-05-08 16:15:00+00:00,2025-05-08 15:30:00+00:00,2025-05-08 15:45:00+00:00,2025-05-08 16:00:00+00:00,2,1.4924698795181184,1.370481927710829,0.09230769230770922,2025-05-08 16:20:00+00:00,2025-05-08 16:30:00+00:00,3360.84,3348.5584285714285,12.281571428571624,0.08333333333333333,True,399402,399403,1,3360.79,0.7220902612826454,0.7116353188865722,1.6414837561503288,-1.9663607495550586,-1.0,stop,2025,2025-05,2025-05-08,0.024426841609379517,-1.0244268416093796,<=0.03R,2025-05-08 16:25:00+00:00,4.812857142857118,3358.79657536685,3360.79,0.9596199524940449,above,above,16.259999999999764,12,Thursday,ny_main,0.4245762075408472,3.378450578806736,True,False,True,True,True,False,True,True,True,True,True,True,False,False,False,False,True,False,True,True,True,2025-05-08 16:15:00+00:00,3360.79,3354.2112209975553,6.463571428571413,1.017824135641789,True,True,0,0,0,False,False,True,False,False,2025-05-08 16:30:00+00:00|demand|3360.84
20003,15min,m15_2c_1atr,demand,3317.2,3313.0,2025-05-09 08:00:00+00:00,2025-05-09 07:15:00+00:00,2025-05-09 07:30:00+00:00,2025-05-09 07:45:00+00:00,2,1.0209180708890155,0.42707728065076644,0.08571428571421147,2025-05-09 08:30:00+00:00,2025-05-09 09:00:00+00:00,3321.54,3312.0891428571426,9.45085714285733,0.5,True,399588,399589,5,3321.46,0.6968503937007903,2.758479956466496,4.616512485639922,-7.0723743878105045,1.0,tp1,2025,2025-05,2025-05-09,0.031743152548521045,0.968256847451479,0.03-0.05R,2025-05-09 08:55:00+00:00,4.570714285714303,3319.3412776238324,3321.46,0.6968503937007903,missing,missing,,5,Friday,asia_late,0.4810456831746463,,True,False,False,True,False,False,False,False,False,True,True,False,True,False,False,False,True,False,False,True,True,2025-05-09 08:45:00+00:00,3321.46,3318.7567579943384,8.56142857142858,0.3157466050330641,True,True,2,2,2,True,False,False,False,False,2025-05-09 09:00:00+00:00|demand|3321.54
20007,15min,m15_2c_1atr,demand,3324.86,3320.32,2025-05-09 12:00:00+00:00,2025-05-09 11:15:00+00:00,2025-05-09 11:30:00+00:00,2025-05-09 11:45:00+00:00,2,1.0530074768441378,0.7092958375181274,0.16519823788546387,2025-05-09 12:00:00+00:00,2025-05-09 12:05:00+00:00,3326.12,3319.7202857142856,6.3997142857142535,0.0,True,399625,399626,0,3326.12,0.625,3.3579624090361717,7.533148801285815,-16.892941649180802,1.0,tp1,2025,2025-05,2025-05-09,0.04687709272735414,0.9531229072726458,0.03-0.05R,2025-05-09 12:00:00+00:00,3.057857142857204,3326.1067987158203,3326.12,0.3450000000000273,missing,missing,,8,Friday,london_ny_overlap,0.004317168383877979,,True,False,False,True,False,False,True,True,True,True,True,False,True,False,False,False,True,False,True,True,True,2025-05-09 12:00:00+00:00,3327.06,3325.6699131595615,6.06000000000001,0.22938726739908724,True,False,1,1,1,True,True,False,False,False,2025-05-09 12:05:00+00:00|demand|3326.12
20028,15min,m15_2c_1atr,demand,3230.3,3216.74,2025-05-13 05:15:00+00:00,2025-05-13 04:30:00+00:00,2025-05-13 04:45:00+00:00,2025-05-13 05:00:00+00:00,2,1.6123677111433907,1.9697032579374059,0.9343657817108922,2025-05-13 05:15:00+00:00,2025-05-13 05:40:00+00:00,3234.95,3215.7274285714284,19.222571428571428,0.0,True,400100,400101,4,3234.47,0.821329639889145,1.597080812735043,0.49160956613504014,-0.2741568691567939,1.0,tp1,2025,2025-05,2025-05-13,0.015606652893176177,0.9843933471068238,<=0.03R,2025-05-13 05:35:00+00:00,5.151428571428661,3228.995340616004,3234.47,0.8975069252077271,missing,missing,,1,Tuesday,post_close,1.1559238959503826,,True,False,True,True,True,True,False,False,False,True,True,True,False,False,True,False,False,True,False,True,True,2025-05-13 05:30:00+00:00,3238.52,3231.102296786594,7.417142857142835,1.0000755488028399,True,False,9,4,2,True,False,False,False,False,2025-05-13 05:40:00+00:00|demand|3234.95
20029,15min,m15_2c_1atr,demand,3241.39,3228.08,2025-05-13 07:00:00+00:00,2025-05-13 05:45:00+00:00,2025-05-13 06:00:00+00:00,2025-05-13 06:45:00+00:00,4,1.0425531914894044,1.7542835624176198,0.7235161532681964,2025-05-13 07:00:00+00:00,2025-05-13 07:40:00+00:00,3245.22,3227.6161428571427,17.603857142857123,0.0,True,400124,400125,7,3245.26,0.8671875000000292,1.160541115177698,1.0179587265777588,-0.9418390450144823,1.0,tp1,2025,2025-05,2025-05-13,0.017041719752976234,0.9829582802470238,<=0.03R,2025-05-13 07:35:00+00:00,2.2771428571428323,3239.221679323462,3245.26,0.9570312500000382,missing,missing,,3,Tuesday,asia_late,2.634143333485883,,True,False,True,True,True,True,False,False,False,True,True,True,False,False,False,False,False,True,False,True,True,2025-05-13 07:30:00+00:00,3246.96,3237.6343705058894,7.234285714285728,1.2890878052680603,True,False,5,3,2,True,False,False,False,False,2025-05-13 07:40:00+00:00|demand|3245.22
20030,15min,m15_2c_1atr,demand,3237.66,3235.22,2025-05-13 07:45:00+00:00,2025-05-13 07:00:00+00:00,2025-05-13 07:15:00+00:00,2025-05-13 07:30:00+00:00,2,1.6186808846761473,0.3372827804107494,0.536885245901605,2025-05-13 15:25:00+00:00,2025-05-13 15:45:00+00:00,3247.32,3234.2859999999996,13.03400000000056,7.666666666666667,True,400221,400222,3,3247.31,0.6735218508996975,0.12735921436242006,1.1746202240294068,-4.3025932177380675,-1.0,stop,2025,2025-05,2025-05-13,0.023016725487186366,-1.0230167254871865,<=0.03R,2025-05-13 15:40:00+00:00,4.517857142857208,3244.0000160274044,3247.31,0.9370179948585831,below,below,5.160000000000309,11,Tuesday,london_ny_overlap,0.7348581125113048,1.1421343873518306,True,False,True,True,True,False,False,False,True,True,True,False,True,False,True,False,False,False,True,True,True,2025-05-13 15:30:00+00:00,3247.31,3248.106353283762,5.297142857142944,-0.15033638042973088,False,True,3,2,1,True,False,False,True,False,2025-05-13 15:45:00+00:00|demand|3247.32
20036,15min,m15_2c_1atr,demand,3248.74,3242.43,2025-05-13 19:00:00+00:00,2025-05-13 17:45:00+00:00,2025-05-13 18:00:00+00:00,2025-05-13 18:45:00+00:00,4,1.2346287949656025,0.7512543583638018,0.8098256735341001,2025-05-13 19:50:00+00:00,2025-05-13 20:05:00+00:00,3252.1,3241.918714285714,10.181285714285877,0.8333333333333334,True,400273,400274,2,3252.21,0.56807511737088,0.5019012473866663,1.0175532138798038,-7.433245871276297,-1.0,stop,2025,2025-05,2025-05-13,0.02946582665675071,-1.0294658266567507,<=0.03R,2025-05-13 20:00:00+00:00,2.5321428571428766,3251.796333561391,3252.21,0.7370892018779733,inside,inside,5.160000000000309,16,Tuesday,ny_main,0.11992468661571103,2.0377997179126592,True,False,True,True,True,False,False,True,True,True,False,False,True,False,False,False,False,True,True,True,True,2025-05-13 20:00:00+00:00,3247.36,3249.776313918408,6.637857142857164,-0.3640201749457744,False,False,5,4,2,True,False,False,False,True,2025-05-13 20:05:00+00:00|demand|3252.1
20060,15min,m15_2c_1atr,demand,3132.47,3120.82,2025-05-15 09:45:00+00:00,2025-05-15 09:00:00+00:00,2025-05-15 09:15:00+00:00,2025-05-15 09:30:00+00:00,2,2.6442759118815498,1.4725532683278673,0.17424892703864922,2025-05-15 10:40:00+00:00,2025-05-15 10:55:00+00:00,3143.77,3119.8218571428574,23.948142857142557,0.9166666666666666,True,400715,400716,2,3143.78,0.8582434514637844,4.527282163245644,0.1912465625130484,2.6569909984073106,1.0,tp1,2025,2025-05,2025-05-15,0.012527067413518653,0.9874729325864814,<=0.03R,2025-05-15 10:50:00+00:00,5.125714285714301,3141.315961348764,3143.78,0.9845916795069484,missing,missing,,6,Thursday,asia_late,0.47877008245960384,,True,False,True,True,True,True,False,True,True,True,True,True,False,False,True,True,True,False,False,True,True,2025-05-15 10:45:00+00:00,3142.37,3141.7871764766905,10.035714285714318,0.0580749418244184,True,False,2,2,2,True,False,False,False,False,2025-05-15 10:55:00+00:00|demand|3143.77
20081,15min,m15_2c_1atr,demand,3176.35,3154.31,2025-05-16 15:30:00+00:00,2025-05-16 14:45:00+00:00,2025-05-16 15:00:00+00:00,2025-05-16 15:15:00+00:00,2,1.0961347869177331,2.184340931615454,0.48865698729582574,2025-05-16 15:30:00+00:00,2025-05-16 15:40:00+00:00,3179.18,3152.8612857142857,26.318714285714123,0.0,True,401048,401049,1,3179.2,0.6632183908045748,2.685541521242381,0.5000244258566666,2.0308742828297315,1.0,tp1,2025,2025-05,2025-05-16,0.011398733112234168,0.9886012668877658,<=0.03R,2025-05-16 15:35:00+00:00,7.5121428571428295,3172.25463310202,3179.2,0.6655172413792853,below,below,10.670000000000073,11,Friday,london_ny_overlap,0.9218896697891046,1.420367024816978,True,False,True,True,True,True,True,True,True,True,True,False,False,True,False,False,False,False,True,True,True,2025-05-16 15:30:00+00:00,3178.12,3176.47070805201,10.6671428571429,0.15461421770360012,True,False,2,2,1,True,False,False,True,False,2025-05-16 15:40:00+00:00|demand|3179.18
20091,15min,m15_2c_1atr,demand,3220.61,3216.85,2025-05-19 09:15:00+00:00,2025-05-19 08:30:00+00:00,2025-05-19 08:45:00+00:00,2025-05-19 09:00:00+00:00,2,1.4318000228284258,0.6008446524369611,0.07180851063828887,2025-05-19 09:35:00+00:00,2025-05-19 10:05:00+00:00,3228.32,3216.1147142857144,12.205285714285765,0.3333333333333333,True,401257,401258,5,3228.28,0.8623655913978795,1.6582979271275664,1.0339782529817532,-0.4539017053501362,1.0,tp1,2025,2025-05,2025-05-19,0.02457951473015194,0.975420485269848,<=0.03R,2025-05-19 10:00:00+00:00,3.9464285714285388,3225.245891737518,3228.28,0.892473118279572,missing,missing,,6,Monday,asia_late,0.7789595597240132,,True,False,True,True,True,False,False,False,False,True,True,True,True,False,False,False,True,False,False,True,True,2025-05-19 10:00:00+00:00,3229.25,3224.2162886535248,6.1071428571429225,0.8242334368497363,True,False,1,1,1,True,False,False,False,False,2025-05-19 10:05:00+00:00|demand|3228.32
20099,15min,m15_2c_1atr,demand,3218.55,3210.44,2025-05-20 09:15:00+00:00,2025-05-20 08:30:00+00:00,2025-05-20 08:45:00+00:00,2025-05-20 09:00:00+00:00,2,1.0015191271924286,1.5680154674768858,0.4796547472256802,2025-05-20 09:15:00+00:00,2025-05-20 09:20:00+00:00,3218.84,3209.738142857143,9.10185714285717,0.0,True,401524,401525,0,3218.81,0.5258620689654936,0.013184122549546144,1.0876901103385561,10.327562663820538,-1.0,stop,2025,2025-05,2025-05-20,0.03296030637389533,-1.0329603063738952,0.03-0.05R,2025-05-20 09:15:00+00:00,3.448571428571443,3215.3224519453224,3218.81,0.8706896551723361,missing,missing,,5,Tuesday,asia_late,1.0200015071559205,,True,False,False,True,False,False,True,True,True,True,False,False,False,False,False,False,False,False,False,True,True,2025-05-20 09:15:00+00:00,3215.37,3214.762873072759,5.134285714285722,0.11824954064239494,True,False,4,3,2,True,False,False,False,False,2025-05-20 09:20:00+00:00|demand|3218.84
20140,15min,m15_2c_1atr,supply,3334.13,3327.75,2025-05-23 13:15:00+00:00,2025-05-23 12:15:00+00:00,2025-05-23 12:30:00+00:00,2025-05-23 13:00:00+00:00,3,1.16914667476465,1.3562101427270172,0.6473354231974981,2025-05-23 13:15:00+00:00,2025-05-23 13:35:00+00:00,3326.81,3334.6584285714284,7.848428571428485,0.0,True,402403,402404,3,3326.82,0.7473118279568697,0.2968747155936524,1.140355667194572,-0.4548681264675626,-1.0,stop,2025,2025-05,2025-05-23,0.03822421230819678,-1.0382242123081968,0.03-0.05R,2025-05-23 13:30:00+00:00,2.712142857142713,3327.532954198126,3326.82,0.2526881720431304,inside,inside,5.839999999999691,9,Friday,london_ny_overlap,-0.2665619903546062,2.1532789043982095,False,True,False,True,False,False,False,False,True,True,True,True,False,False,False,False,False,False,True,True,True,2025-05-23 13:30:00+00:00,3331.48,3328.864353470676,4.5835714285714015,0.5706568709760632,False,False,3,3,2,True,False,False,False,True,2025-05-23 13:35:00+00:00|supply|3326.81
20175,15min,m15_2c_1atr,demand,3298.01,3295.5,2025-05-28 08:30:00+00:00,2025-05-28 07:45:00+00:00,2025-05-28 08:00:00+00:00,2025-05-28 08:15:00+00:00,2,2.136146203851359,0.4310069912915879,0.02788844621520224,2025-05-28 16:40:00+00:00,2025-05-28 16:55:00+00:00,3306.75,3294.666142857143,12.083857142857141,8.166666666666666,True,403241,403242,2,3306.7,0.49689440993782036,0.1944743282064545,1.165190868573179,0.2954354688072771,-1.0,stop,2025,2025-05,2025-05-28,0.02482650998380366,-1.0248265099838036,<=0.03R,2025-05-28 16:50:00+00:00,4.158571428571349,3306.0862114718393,3306.7,0.7784679089026543,below,below,6.480000000000018,12,Wednesday,ny_main,0.15961936438079516,1.5582274132600822,True,False,True,True,True,False,False,True,True,True,False,False,True,False,True,True,True,False,True,True,True,2025-05-28 16:45:00+00:00,3305.26,3307.4311872804583,5.807857142857074,-0.3738362062035832,False,False,5,3,2,True,False,False,True,False,2025-05-28 16:55:00+00:00|demand|3306.75
20177,15min,m15_2c_1atr,demand,3307.99,3298.36,2025-05-28 09:45:00+00:00,2025-05-28 09:00:00+00:00,2025-05-28 09:15:00+00:00,2025-05-28 09:30:00+00:00,2,1.160686827268114,1.7275756022551925,0.7435098650052508,2025-05-28 09:45:00+00:00,2025-05-28 09:50:00+00:00,3308.09,3297.7657142857142,10.324285714285907,0.0,True,403156,403157,0,3308.12,0.5035211267604799,1.6892209768921835,1.0296111802961032,-2.2790922927909,1.0,tp1,2025,2025-05,2025-05-28,0.02905770029057646,0.9709422997094236,<=0.03R,2025-05-28 09:45:00+00:00,3.137142857142927,3305.3258281830485,3308.12,0.7605633802816,missing,missing,,5,Wednesday,asia_late,0.8811112349116933,,True,False,True,True,True,False,True,True,True,True,False,False,False,False,False,False,False,True,False,True,True,2025-05-28 09:45:00+00:00,3308.35,3305.063161288855,4.949285714285712,0.6641036506859195,True,False,11,4,2,True,False,False,False,False,2025-05-28 09:50:00+00:00|demand|3308.09
20195,15min,m15_2c_1atr,demand,3300.84,3295.52,2025-05-29 14:30:00+00:00,2025-05-29 13:45:00+00:00,2025-05-29 14:00:00+00:00,2025-05-29 14:15:00+00:00,2,1.1265060240964144,1.0682730923695138,0.0770676691729026,2025-05-29 14:35:00+00:00,2025-05-29 14:45:00+00:00,3301.43,3294.9144285714287,6.515571428571093,0.08333333333333333,True,403491,403492,1,3301.46,0.4472573839661565,4.561380429301509,1.2232234865925908,0.18877853055319282,1.0,tp1,2025,2025-05,2025-05-29,0.04604354403736342,0.9539564559626366,0.03-0.05R,2025-05-29 14:40:00+00:00,2.847142857142834,3299.86592964516,3301.46,0.6624472573839387,above,above,17.720000000000255,10,Thursday,london_ny_overlap,0.5493473398834967,6.223783241344846,True,False,False,True,False,False,True,True,True,False,False,False,False,False,False,False,True,False,True,True,True,2025-05-29 14:30:00+00:00,3301.46,3295.7795425263707,4.995714285714257,1.137066122831151,True,True,2,1,1,True,False,True,False,False,2025-05-29 14:45:00+00:00|demand|3301.43
20208,15min,m15_2c_1atr,supply,3305.01,3297.7,2025-05-30 09:30:00+00:00,2025-05-30 08:45:00+00:00,2025-05-30 09:00:00+00:00,2025-05-30 09:15:00+00:00,2,2.262173244490042,1.3113787801128427,0.6155950752393644,2025-05-30 09:35:00+00:00,2025-05-30 09:45:00+00:00,3295.92,3305.702142857143,9.782142857142844,0.08333333333333333,True,403707,403708,1,3295.91,0.7031802120142359,1.344286235852512,1.1163198247535686,-5.910770354143827,1.0,tp1,2025,2025-05,2025-05-30,0.030668127053669263,0.9693318729463307,0.03-0.05R,2025-05-30 09:40:00+00:00,3.4357142857142144,3295.918047873062,3295.91,0.0424028268550862,missing,missing,,5,Friday,asia_late,0.0005681866348335231,,False,True,False,True,False,False,True,True,True,True,True,True,False,False,True,True,False,False,False,True,False,2025-05-30 09:30:00+00:00,3295.91,3295.9375671692055,5.680714285714235,-0.004852764603034701,True,True,1,1,1,True,False,False,False,False,2025-05-30 09:45:00+00:00|supply|3295.92
20212,15min,m15_2c_1atr,supply,3306.17,3296.01,2025-05-30 16:30:00+00:00,2025-05-30 15:30:00+00:00,2025-05-30 15:45:00+00:00,2025-05-30 16:15:00+00:00,3,1.445142378559483,1.489112227805674,0.2844488188976741,2025-05-30 16:35:00+00:00,2025-05-30 16:45:00+00:00,3289.63,3307.198,17.567999999999756,0.08333333333333333,True,403791,403792,1,3289.73,0.7530726256982767,1.0240209471767125,1.0968806921675915,-4.929417122040136,1.0,tp1,2025,2025-05,2025-05-30,0.017076502732240675,0.9829234972677593,<=0.03R,2025-05-30 16:40:00+00:00,4.907857142857146,3296.027721042596,3289.73,0.18659217877095216,below,below,5.559999999999945,12,Friday,ny_main,-1.3035670877069423,1.1328773104351506,False,True,True,True,True,True,True,True,True,True,True,True,False,False,False,False,True,False,True,True,True,2025-05-30 16:30:00+00:00,3289.73,3297.229350011904,7.255000000000011,-1.033680222178354,True,True,4,2,1,True,True,True,False,False,2025-05-30 16:45:00+00:00|supply|3289.63
20213,15min,m15_2c_1atr,demand,3285.29,3273.39,2025-05-30 18:45:00+00:00,2025-05-30 17:30:00+00:00,2025-05-30 17:45:00+00:00,2025-05-30 18:30:00+00:00,4,1.2907111419967743,1.2863871515713283,0.4016806722688831,2025-05-30 19:35:00+00:00,2025-05-30 19:45:00+00:00,3287.83,3272.7694285714283,15.06057142857162,0.8333333333333334,True,403827,403828,1,3287.85,0.66873065015475,6.081442555774708,0.12150933373804189,5.788624981028933,1.0,tp1,2025,2025-05,2025-05-30,0.01991956290787651,0.9800804370921234,<=0.03R,2025-05-30 19:40:00+00:00,2.97571428571434,3287.8135866112034,3287.85,0.9195046439627812,below,below,5.559999999999945,15,Friday,ny_main,0.005515781160621799,1.8684589534324967,True,False,True,True,True,True,True,True,True,True,True,False,False,False,False,False,False,False,True,True,True,2025-05-30 19:30:00+00:00,3287.85,3287.9771297930147,8.617857142857117,-0.014751903043570989,False,True,0,0,0,False,False,False,True,False,2025-05-30 19:45:00+00:00|demand|3287.83
20220,15min,m15_2c_1atr,supply,3354.64,3350.13,2025-06-02 12:30:00+00:00,2025-06-02 11:30:00+00:00,2025-06-02 11:45:00+00:00,2025-06-02 12:15:00+00:00,3,1.0670003412580886,0.7182345580707251,0.1485587583148798,2025-06-02 13:25:00+00:00,2025-06-02 13:35:00+00:00,3348.41,3355.0842857142857,6.674285714285816,0.9166666666666666,True,404029,404030,1,3348.45,0.293478260869687,0.5723458904109066,1.4518407534246436,-1.595676369863003,-1.0,stop,2025,2025-06,2025-06-02,0.04494863013698562,-1.0449486301369857,0.03-0.05R,2025-06-02 13:30:00+00:00,2.3250000000000455,3348.5423899566504,3348.45,0.22463768115936297,inside,inside,5.25,9,Monday,london_ny_overlap,-0.05694191683892936,2.258064516128988,False,True,False,True,False,False,True,True,True,False,False,False,True,False,False,False,True,False,True,True,True,2025-06-02 13:30:00+00:00,3345.26,3347.7161542515028,4.816428571428527,-0.5099534260868437,True,False,0,0,0,False,False,False,False,True,2025-06-02 13:35:00+00:00|supply|3348.41
20229,15min,m15_2c_1atr,supply,3375.52,3371.77,2025-06-03 05:45:00+00:00,2025-06-03 05:00:00+00:00,2025-06-03 05:15:00+00:00,2025-06-03 05:30:00+00:00,2,1.0592000000000046,0.6000000000000124,0.47466666666659874,2025-06-03 05:50:00+00:00,2025-06-03 06:00:00+00:00,3368.71,3376.277857142857,7.567857142857065,0.08333333333333333,True,404214,404215,1,3368.91,0.9556451612903633,4.692213308164305,0.5219443133553376,1.1733836715432073,1.0,tp1,2025,2025-06,2025-06-03,0.03964134025483759,0.9603586597451624,0.03-0.05R,2025-06-03 05:55:00+00:00,3.605714285714222,3370.852628312935,3368.91,0.04435483870963675,missing,missing,,2,Tuesday,post_close,-0.5942313070738743,,False,True,False,True,False,False,True,True,True,True,True,True,True,False,False,False,False,False,False,True,True,2025-06-03 05:45:00+00:00,3368.91,3371.959773431884,6.303571428571298,-0.4838167484009037,True,True,0,0,0,False,False,False,False,False,2025-06-03 06:00:00+00:00|supply|3368.71
20230,15min,m15_2c_1atr,supply,3375.31,3367.34,2025-06-03 06:45:00+00:00,2025-06-03 05:45:00+00:00,2025-06-03 06:00:00+00:00,2025-06-03 06:30:00+00:00,3,1.1344584777020372,1.2471219403151736,0.12797992471769226,2025-06-03 08:50:00+00:00,2025-06-03 09:10:00+00:00,3362.66,3375.890857142857,13.230857142857076,2.0833333333333335,True,404252,404253,3,3362.68,0.8362369337978404,2.2266131122052486,0.7558089315021201,0.2093590740260859,1.0,tp1,2025,2025-06,2025-06-03,0.0226742679450636,0.9773257320549364,<=0.03R,2025-06-03 09:05:00+00:00,2.8350000000000364,3363.4648318232726,3362.68,0.09407665505224715,missing,missing,,5,Tuesday,asia_late,-0.2838912956870182,,False,True,True,True,True,False,False,False,True,True,True,True,False,False,False,False,True,False,False,True,True,2025-06-03 09:00:00+00:00,3362.01,3362.7535160401053,5.182142857142837,-0.14347656183971236,True,False,3,3,2,True,False,False,False,False,2025-06-03 09:10:00+00:00|supply|3362.66
20235,15min,m15_2c_1atr,demand,3346.08,3333.2,2025-06-03 17:45:00+00:00,2025-06-03 17:00:00+00:00,2025-06-03 17:15:00+00:00,2025-06-03 17:30:00+00:00,2,1.5375314861461227,1.8168261964735837,0.5201863354037082,2025-06-03 17:45:00+00:00,2025-06-03 17:50:00+00:00,3346.29,3332.1925714285712,14.097428571428736,0.0,True,404356,404357,0,3346.27,0.9328165374677595,2.7295758091647615,0.17591860724346817,1.8492734237246815,1.0,tp1,2025,2025-06,2025-06-03,0.021280476682677442,0.9787195233173226,<=0.03R,2025-06-03 17:45:00+00:00,5.109285714285696,3346.173547786743,3346.27,0.06201550387591434,below,below,3.0700000000001637,13,Tuesday,ny_main,0.022792268776740846,0.6008667691877876,True,False,True,True,True,False,True,True,True,True,True,True,False,False,True,False,False,False,True,True,True,2025-06-03 17:45:00+00:00,3346.52,3349.299483858841,7.244285714285654,-0.3836794914590394,False,False,0,0,0,False,False,False,True,False,2025-06-03 17:50:00+00:00|demand|3346.29
20256,15min,m15_2c_1atr,demand,3366.44,3361.22,2025-06-05 09:30:00+00:00,2025-06-05 08:45:00+00:00,2025-06-05 09:00:00+00:00,2025-06-05 09:15:00+00:00,2,1.1098611355247352,1.2845842854632195,0.3409961685823101,2025-06-05 09:35:00+00:00,2025-06-05 09:50:00+00:00,3366.98,3360.7347142857143,6.245285714285728,0.08333333333333333,True,404812,404813,2,3366.97,0.7509727626459357,5.857218015874807,1.0103621016995568,-1.76453096049591,1.0,tp1,2025,2025-06,2025-06-05,0.048036233044353345,0.9519637669556467,0.03-0.05R,2025-06-05 09:45:00+00:00,2.5378571428571894,3366.413541027649,3366.97,0.9571984435797122,missing,missing,,5,Thursday,asia_late,0.22320364798520292,,True,False,False,True,False,False,False,True,True,True,True,True,False,False,False,False,True,False,False,True,True,2025-06-05 09:45:00+00:00,3366.01,3366.9077786027938,4.272142857142886,-0.2101471399282666,False,False,1,1,1,True,False,False,False,False,2025-06-05 09:50:00+00:00|demand|3366.98
20258,15min,m15_2c_1atr,demand,3373.47,3369.85,2025-06-05 11:45:00+00:00,2025-06-05 11:00:00+00:00,2025-06-05 11:15:00+00:00,2025-06-05 11:30:00+00:00,2,1.074299634592023,0.8818514007307785,0.09944751381219287,2025-06-05 16:00:00+00:00,2025-06-05 16:35:00+00:00,3383.94,3368.4139999999998,15.526000000000295,4.25,True,404893,404894,6,3384.01,0.6612685560054233,0.29370088883162815,1.0427669715316081,-3.371763493494713,-1.0,stop,2025,2025-06,2025-06-05,0.019322426896817874,-1.019322426896818,<=0.03R,2025-06-05 16:30:00+00:00,6.8364285714285415,3382.2436615550787,3384.01,0.8110661268556459,below,below,7.710000000000036,12,Thursday,ny_main,0.24813225607459233,1.1277818409779645,True,False,True,True,True,True,False,False,False,True,True,False,True,False,False,False,True,False,True,True,True,2025-06-05 16:30:00+00:00,3384.87,3386.7356909541572,7.705714285714261,-0.24211784722101318,False,False,7,4,2,True,False,False,True,False,2025-06-05 16:35:00+00:00|demand|3383.94
20276,15min,m15_2c_1atr,supply,3358.56,3346.69,2025-06-06 16:45:00+00:00,2025-06-06 16:00:00+00:00,2025-06-06 16:15:00+00:00,2025-06-06 16:30:00+00:00,2,1.2956521739129927,1.7202898550724577,0.2139848357203022,2025-06-06 16:45:00+00:00,2025-06-06 17:00:00+00:00,3343.26,3359.797,16.536999999999807,0.0,True,405174,405175,2,3343.28,0.8736654804270373,3.0017536433452805,0.10642800991714241,1.2535526395356025,1.0,tp1,2025,2025-06,2025-06-06,0.018141138054060802,0.9818588619459392,<=0.03R,2025-06-06 16:55:00+00:00,5.867142857142848,3348.6703243914885,3343.28,0.10142348754451508,below,below,4.460000000000036,13,Friday,ny_main,-0.9221395359244747,0.7601655709763893,False,True,True,True,True,True,False,True,True,True,True,True,False,False,False,False,True,False,True,True,True,2025-06-06 16:45:00+00:00,3343.28,3351.642193459838,7.369285714285654,-1.1347359546159652,True,True,1,1,1,True,True,True,False,False,2025-06-06 17:00:00+00:00|supply|3343.26
20282,15min,m15_2c_1atr,demand,3308.12,3295.12,2025-06-09 06:00:00+00:00,2025-06-09 04:45:00+00:00,2025-06-09 05:00:00+00:00,2025-06-09 05:45:00+00:00,4,1.3772655840754096,1.9067574646411678,0.8653846153846154,2025-06-09 06:00:00+00:00,2025-06-09 06:45:00+00:00,3308.72,3294.6605714285715,14.05942857142827,0.0,True,405327,405328,8,3308.81,0.750733137829928,2.1010811250203965,0.48579499268412163,-0.17639408226305173,1.0,tp1,2025,2025-06,2025-06-09,0.021337993822143197,0.9786620061778568,<=0.03R,2025-06-09 06:40:00+00:00,2.2742857142856923,3306.6827597729502,3308.81,0.8064516129032602,missing,missing,,2,Monday,post_close,0.8957714566172738,,True,False,True,True,True,False,False,False,False,True,True,True,False,False,False,False,False,True,False,True,True,2025-06-09 06:30:00+00:00,3308.81,3305.529825322135,6.7535714285714095,0.4856948227404612,True,True,3,2,2,True,False,False,False,False,2025-06-09 06:45:00+00:00|demand|3308.72
20290,15min,m15_2c_1atr,supply,3321.04,3315.53,2025-06-09 16:30:00+00:00,2025-06-09 15:45:00+00:00,2025-06-09 16:00:00+00:00,2025-06-09 16:15:00+00:00,2,1.2815235754876417,1.1847642451235838,0.11615245009072597,2025-06-09 16:30:00+00:00,2025-06-09 16:40:00+00:00,3313.12,3321.7154285714287,8.595428571428783,0.0,True,405446,405447,1,3312.91,0.5451559934318694,0.06398750166197971,1.0040220715330288,-1.9394030049195192,-1.0,stop,2025,2025-06,2025-06-09,0.03490227363382443,-1.0349022736338245,0.03-0.05R,2025-06-09 16:35:00+00:00,3.3992857142856923,3314.9742311779087,3312.91,0.3152709359605955,below,below,4.020000000000437,12,Monday,ny_main,-0.5454767070965157,1.182601386846112,False,True,False,True,False,False,True,True,True,True,False,False,False,False,False,False,True,False,True,True,True,2025-06-09 16:30:00+00:00,3314.16,3316.3890732491327,4.937142857142882,-0.4514905307850084,True,False,5,3,2,True,True,True,False,False,2025-06-09 16:40:00+00:00|supply|3313.12
20291,15min,m15_2c_1atr,demand,3316.25,3310.78,2025-06-09 17:00:00+00:00,2025-06-09 16:15:00+00:00,2025-06-09 16:30:00+00:00,2025-06-09 16:45:00+00:00,2,1.0327711504182262,1.0500479912244192,0.31444241316268057,2025-06-09 17:40:00+00:00,2025-06-09 17:50:00+00:00,3321.11,3310.0820000000003,11.027999999999793,0.6666666666666666,True,405460,405461,1,3321.19,0.870481927710762,1.5551323902793266,1.0972071091766538,0.6338411316648452,1.0,tp1,2025,2025-06,2025-06-09,0.02720348204570236,0.9727965179542977,<=0.03R,2025-06-09 17:45:00+00:00,3.646428571428617,3320.3044190755936,3321.19,1.0,above,above,4.020000000000437,13,Monday,ny_main,0.22092327016045135,1.1024485798238082,True,False,True,True,True,False,True,True,True,True,True,True,False,False,False,False,True,False,True,True,True,2025-06-09 17:45:00+00:00,3320.93,3319.7082896255342,6.025714285714295,0.20274946944663816,True,False,13,4,2,True,True,True,False,False,2025-06-09 17:50:00+00:00|demand|3321.11
20299,15min,m15_2c_1atr,demand,3308.86,3303.07,2025-06-10 06:00:00+00:00,2025-06-10 05:15:00+00:00,2025-06-10 05:30:00+00:00,2025-06-10 05:45:00+00:00,2,1.006041907700257,1.0420362514462074,0.7184801381693152,2025-06-10 06:00:00+00:00,2025-06-10 06:35:00+00:00,3309.04,3302.543857142857,6.496142857142786,0.0,True,405601,405602,6,3309.05,0.5488721804511715,6.182130055197635,0.9374793833703843,4.732038792250434,1.0,tp1,2025,2025-06,2025-06-10,0.0461812504123331,0.9538187495876669,0.03-0.05R,2025-06-10 06:30:00+00:00,2.769999999999982,3307.6949920125676,3309.05,0.7706766917294339,missing,missing,,2,Tuesday,post_close,0.48556245033660317,,True,False,False,True,False,False,False,False,False,True,False,False,False,False,False,False,False,True,False,True,True,2025-06-10 06:30:00+00:00,3308.31,3308.254122763176,5.544999999999943,0.010077049021463948,True,False,2,2,1,True,False,False,False,False,2025-06-10 06:35:00+00:00|demand|3309.04
20315,15min,m15_2c_1atr,demand,3333.17,3328.37,2025-06-11 14:45:00+00:00,2025-06-11 13:45:00+00:00,2025-06-11 14:00:00+00:00,2025-06-11 14:30:00+00:00,3,1.0051618958235986,1.0511496949789332,0.2791666666666864,2025-06-11 14:50:00+00:00,2025-06-11 15:15:00+00:00,3334.81,3327.718142857143,7.091857142856952,0.08333333333333333,True,405981,405982,4,3334.68,0.500904159132027,3.668996635981,1.1915073625687471,7.16314485425963,1.0,tp1,2025,2025-06,2025-06-11,0.04230203654090318,0.9576979634590969,0.03-0.05R,2025-06-11 15:10:00+00:00,3.294999999999878,3332.559782642621,3334.68,0.7667269439421297,inside,inside,5.460000000000036,11,Wednesday,london_ny_overlap,0.6829187731044002,1.657056145675338,True,False,False,True,False,False,False,False,False,True,False,False,False,False,False,False,True,False,True,True,True,2025-06-11 15:00:00+00:00,3334.68,3333.624239364669,4.998571428571365,0.2112124734871787,True,True,7,4,2,True,True,False,False,True,2025-06-11 15:15:00+00:00|demand|3334.81
20332,15min,m15_2c_1atr,supply,3388.68,3381.9,2025-06-12 14:45:00+00:00,2025-06-12 14:00:00+00:00,2025-06-12 14:15:00+00:00,2025-06-12 14:30:00+00:00,2,1.2890727035263427,1.0330866347409264,0.380530973451331,2025-06-12 15:05:00+00:00,2025-06-12 15:15:00+00:00,3379.76,3389.5035714285714,9.743571428571158,0.3333333333333333,True,406257,406258,1,3379.79,0.77800407331974,0.08928964152192051,1.1679495638149664,-5.976248075654398,-1.0,stop,2025,2025-06,2025-06-12,0.0307895315592707,-1.0307895315592708,0.03-0.05R,2025-06-12 15:10:00+00:00,4.181428571428504,3379.94308334305,3379.79,0.026476578411425856,inside,above,17.480000000000018,11,Thursday,london_ny_overlap,-0.04378487876151447,4.180389477280563,False,True,False,True,False,False,True,True,True,True,True,True,False,False,False,False,False,False,True,True,True,2025-06-12 15:00:00+00:00,3379.79,3377.842800726913,6.5557142857143,0.2970232057443481,False,True,0,0,0,False,False,False,False,True,2025-06-12 15:15:00+00:00|supply|3379.76
20346,15min,m15_2c_1atr,demand,3418.77,3414.27,2025-06-13 11:30:00+00:00,2025-06-13 10:45:00+00:00,2025-06-13 11:00:00+00:00,2025-06-13 11:15:00+00:00,2,1.274691358024758,0.6481481481481555,0.3333333333333333,2025-06-13 13:15:00+00:00,2025-06-13 13:30:00+00:00,3422.26,3413.5192857142856,8.740714285714603,1.75,True,406512,406513,2,3422.2,0.8678861788617721,0.2288142518591075,1.0147912069951812,-0.5125439241644029,-1.0,stop,2025,2025-06,2025-06-13,0.03432213777886612,-1.034322137778866,0.03-0.05R,2025-06-13 13:25:00+00:00,3.51071428571426,3421.4538536251184,3422.2,0.9288617886178133,missing,inside,,9,Friday,london_ny_overlap,0.22962460322167166,,True,False,False,True,False,False,False,True,True,True,True,True,True,False,False,False,True,False,True,True,True,2025-06-13 13:15:00+00:00,3422.2,3422.285265656791,5.875000000000033,-0.014513303283626688,False,True,3,2,1,True,False,False,False,False,2025-06-13 13:30:00+00:00|demand|3422.26
20356,15min,m15_2c_1atr,supply,3425.12,3420.18,2025-06-16 09:30:00+00:00,2025-06-16 08:45:00+00:00,2025-06-16 09:00:00+00:00,2025-06-16 09:15:00+00:00,2,1.0892136395268217,0.9625608907446186,0.16396761133601953,2025-06-16 13:55:00+00:00,2025-06-16 14:10:00+00:00,3419.03,3425.621142857143,6.591142857142586,4.416666666666667,True,406796,406797,2,3419.06,0.8542274052478065,6.837964367766573,0.561359400060683,5.18422991893906,1.0,tp1,2025,2025-06,2025-06-16,0.04551562703194951,0.9544843729680504,0.03-0.05R,2025-06-16 14:05:00+00:00,2.554285714285665,3419.0968097253535,3419.06,0.06413994169090682,above,above,5.149999999999636,10,Monday,london_ny_overlap,-0.026155932744590164,2.0162192393734983,False,True,False,True,False,False,False,True,True,True,True,True,True,False,False,False,True,False,True,True,True,2025-06-16 14:00:00+00:00,3419.78,3417.692175335534,4.719285714285661,0.44240268355570905,False,False,0,0,0,False,False,False,True,False,2025-06-16 14:10:00+00:00|supply|3419.03
20360,15min,m15_2c_1atr,supply,3416.64,3405.67,2025-06-16 17:00:00+00:00,2025-06-16 16:15:00+00:00,2025-06-16 16:30:00+00:00,2025-06-16 16:45:00+00:00,2,3.8649813272048834,1.4706501963037195,0.13764813126707304,2025-06-16 18:55:00+00:00,2025-06-16 19:05:00+00:00,3403.38,3417.1814285714286,13.80142857142846,1.9166666666666667,True,406855,406856,1,3403.19,0.46689895470382725,2.690301211054786,0.05071938722698237,1.3839147086223005,1.0,tp1,2025,2025-06,2025-06-16,0.02173688024014095,0.978263119759859,<=0.03R,2025-06-16 19:00:00+00:00,2.7021428571429493,3403.283048390413,3403.19,0.35888501742162926,below,below,5.149999999999636,15,Monday,ny_main,0.03587952773507486,1.905894792492531,False,True,True,True,True,False,True,True,True,True,False,False,False,False,True,True,True,False,True,True,False,2025-06-16 19:00:00+00:00,3400.85,3402.100870361335,8.336428571428671,-0.15004871098186634,True,False,2,1,1,True,True,True,False,False,2025-06-16 19:05:00+00:00|supply|3403.38
20370,15min,m15_2c_1atr,demand,3391.58,3384.23,2025-06-17 16:15:00+00:00,2025-06-17 15:30:00+00:00,2025-06-17 15:45:00+00:00,2025-06-17 16:00:00+00:00,2,1.331592689294986,1.279373368146208,0.330612244897941,2025-06-17 16:35:00+00:00,2025-06-17 16:40:00+00:00,3394.53,3383.387142857143,11.142857142857338,0.3333333333333333,True,407102,407103,0,3394.63,0.39605734767026257,0.2279487179487107,1.26089743589743,-0.6183333333333519,-1.0,stop,2025,2025-06,2025-06-17,0.026923076923076453,-1.0269230769230764,<=0.03R,2025-06-17 16:35:00+00:00,4.274999999999896,3393.451171395079,3394.63,0.5645161290322818,inside,above,12.170000000000073,12,Tuesday,ny_main,0.2523575684025792,2.84678362573108,True,False,True,True,True,False,True,True,True,False,False,False,False,False,False,False,True,False,True,True,True,2025-06-17 16:30:00+00:00,3395.63,3391.748625020156,5.557142857142805,0.698447939817723,True,False,12,4,2,True,False,False,False,True,2025-06-17 16:40:00+00:00|demand|3394.53
20380,15min,m15_2c_1atr,supply,3388.09,3384.79,2025-06-18 12:15:00+00:00,2025-06-18 11:15:00+00:00,2025-06-18 11:30:00+00:00,2025-06-18 12:00:00+00:00,3,1.0542168674698784,0.8185683912119507,0.2969696969696861,2025-06-18 14:25:00+00:00,2025-06-18 14:45:00+00:00,3381.54,3388.6118571428574,7.071857142857425,2.1666666666666665,True,407355,407356,3,3381.65,0.975460122699271,0.35209987273494087,1.1793224653051066,1.9019049350543396,-1.0,stop,2025,2025-06,2025-06-18,0.04242167141385201,-1.0424216714138521,0.03-0.05R,2025-06-18 14:40:00+00:00,2.4428571428571297,3383.195800367711,3381.65,0.015337423312938206,above,above,3.2100000000000364,10,Wednesday,london_ny_overlap,-0.6778130160220426,1.31403508771932,False,True,False,True,False,False,False,False,True,True,True,True,True,False,False,False,True,False,True,True,True,2025-06-18 14:30:00+00:00,3381.65,3381.6376329771238,3.9250000000000194,0.003150833853842804,False,True,7,4,2,True,False,False,True,False,2025-06-18 14:45:00+00:00|supply|3381.54
20390,15min,m15_2c_1atr,supply,3388.1,3377.42,2025-06-19 05:00:00+00:00,2025-06-19 04:00:00+00:00,2025-06-19 04:15:00+00:00,2025-06-19 04:45:00+00:00,3,1.3377630121816368,2.365448504983402,0.13389513108612905,2025-06-19 05:00:00+00:00,2025-06-19 05:05:00+00:00,3377.4,3388.8019999999997,11.401999999999589,0.0,True,407515,407516,0,3377.4,0.747774480712185,2.863532713559136,0.18505525346432233,2.1689177337310044,1.0,tp1,2025,2025-06,2025-06-19,0.02631117347833808,0.9736888265216619,<=0.03R,2025-06-19 05:00:00+00:00,3.5485714285713845,3378.2225591563692,3377.4,0.9643916913946899,missing,missing,,1,Thursday,post_close,-0.23180008432303292,,False,True,True,True,True,False,True,True,True,True,True,True,False,True,False,False,True,False,False,True,True,2025-06-19 05:00:00+00:00,3377.96,3377.923762369148,4.6049999999999205,0.007869192367460753,False,False,11,4,2,True,False,False,False,False,2025-06-19 05:05:00+00:00|supply|3377.4
20406,15min,m15_2c_1atr,demand,3345.26,3340.4,2025-06-20 10:15:00+00:00,2025-06-20 09:30:00+00:00,2025-06-20 09:45:00+00:00,2025-06-20 10:00:00+00:00,2,2.505629477993895,0.9948822927328769,0.670781893004049,2025-06-20 15:30:00+00:00,2025-06-20 16:05:00+00:00,3346.77,3339.700714285714,7.069285714285797,5.25,True,407893,407894,6,3346.78,0.5776566757494015,7.06719207840752,0.06082651308474929,3.7146610083863667,1.0,tp1,2025,2025-06,2025-06-20,0.042437102152166825,0.9575628978478332,0.03-0.05R,2025-06-20 16:00:00+00:00,3.4564285714286274,3346.1884757984676,3346.78,0.9945504087193511,below,below,3.0,12,Friday,ny_main,0.16824424098890503,0.8679479231245985,True,False,False,True,False,False,False,False,False,True,False,False,True,False,True,True,False,True,True,True,True,2025-06-20 16:00:00+00:00,3352.58,3349.520506675631,4.4021428571428975,0.6950009174292103,True,False,3,3,2,True,False,False,True,False,2025-06-20 16:05:00+00:00|demand|3346.77
20411,15min,m15_2c_1atr,supply,3373.39,3369.01,2025-06-20 20:45:00+00:00,2025-06-20 19:30:00+00:00,2025-06-20 19:45:00+00:00,2025-06-20 20:30:00+00:00,4,1.0202541699762169,1.2176330420968362,0.8264840182648805,2025-06-20 20:45:00+00:00,2025-06-20 20:55:00+00:00,3367.54,3373.6894285714284,6.149428571428416,0.0,True,407951,407952,1,3367.56,0.8533333333333152,0.46508386377366995,4.746782511731765,-1.8066719323515044,-1.0,stop,2025,2025-06,2025-06-20,0.048785020675557615,-1.0487850206755576,0.03-0.05R,2025-06-20 20:50:00+00:00,1.5414285714285012,3369.406893880872,3367.56,0.07000000000001212,above,above,3.0,16,Friday,ny_main,-1.211145242456329,1.9462465245598661,False,True,False,True,False,False,True,True,True,True,True,True,False,False,False,False,False,True,True,True,True,2025-06-20 20:45:00+00:00,3367.4,3369.3255734529207,3.447857142857044,-0.5584841172755212,True,False,1,1,1,True,False,False,True,False,2025-06-20 20:55:00+00:00|supply|3367.54
20421,15min,m15_2c_1atr,demand,3358.77,3354.14,2025-06-23 11:30:00+00:00,2025-06-23 10:30:00+00:00,2025-06-23 10:45:00+00:00,2025-06-23 11:15:00+00:00,3,1.1077476397421835,0.9713771916679315,0.20734341252690258,2025-06-23 15:30:00+00:00,2025-06-23 16:05:00+00:00,3362.66,3353.4244285714285,9.235571428571347,4.0,True,408169,408170,6,3362.6,0.5155131264916053,3.339262788287567,1.0806044950424716,-6.044022335999031,1.0,tp1,2025,2025-06,2025-06-23,0.03248310105338085,0.9675168989466192,0.03-0.05R,2025-06-23 16:00:00+00:00,3.7328571428571586,3362.329611757999,3362.6,0.6539379474939728,below,below,4.2599999999997635,12,Monday,ny_main,0.08850813983951555,1.1412169919631925,True,False,False,True,False,False,False,False,False,True,False,False,True,False,False,False,True,False,True,True,True,2025-06-23 16:00:00+00:00,3367.43,3366.71013420884,5.74857142857143,0.125225162478117,True,False,4,3,2,True,True,False,True,False,2025-06-23 16:05:00+00:00|demand|3362.66
20461,15min,m15_2c_1atr,demand,3317.58,3313.56,2025-06-25 17:30:00+00:00,2025-06-25 16:45:00+00:00,2025-06-25 17:00:00+00:00,2025-06-25 17:15:00+00:00,2,1.382412535458584,0.760232338241248,0.09701492537310309,2025-06-26 16:10:00+00:00,2025-06-26 16:20:00+00:00,3325.16,3312.445142857143,12.714857142857,22.666666666666668,True,409000,409001,1,3325.23,0.8192419825073118,0.026740371219282792,1.1930924452833773,-4.379129027908895,-1.0,stop,2025,2025-06,2025-06-26,0.023594445193474717,-1.0235944451934746,<=0.03R,2025-06-26 16:15:00+00:00,5.509285714285787,3324.9465616473144,3325.23,0.9985422740525125,below,below,4.199999999999818,12,Thursday,ny_main,0.0387415653778837,0.762349280435585,True,False,True,True,True,False,True,True,True,True,True,True,True,False,False,False,True,False,True,True,True,2025-06-26 16:15:00+00:00,3319.38,3328.381690467838,6.2857142857143185,-1.4320871198832728,False,False,3,3,2,True,False,False,True,False,2025-06-26 16:20:00+00:00|demand|3325.16
20468,15min,m15_2c_1atr,demand,3333.78,3329.29,2025-06-26 05:30:00+00:00,2025-06-26 04:45:00+00:00,2025-06-26 05:00:00+00:00,2025-06-26 05:15:00+00:00,2,1.5068599033816603,1.2146859903382068,0.2828507795101046,2025-06-26 07:55:00+00:00,2025-06-26 08:25:00+00:00,3335.55,3329.0155714285715,6.534428571428634,2.4166666666666665,True,408905,408906,5,3335.53,0.6420454545456028,2.275638923504039,1.0421722306027927,-6.254563739314831,1.0,tp1,2025,2025-06,2025-06-26,0.04591067095166218,0.9540893290483379,0.03-0.05R,2025-06-26 08:20:00+00:00,1.3514285714286092,3334.791029964446,3335.53,0.9147727272729225,missing,missing,,4,Thursday,asia_late,0.5616057345538946,,True,False,False,True,False,False,False,False,False,True,True,False,False,False,True,False,True,False,False,True,True,2025-06-26 08:15:00+00:00,3334.27,3335.3158859874575,3.002142857142839,-0.34837981975743576,False,False,10,4,2,True,False,False,False,False,2025-06-26 08:25:00+00:00|demand|3335.55
20480,15min,m15_2c_1atr,supply,3321.35,3314.94,2025-06-27 05:00:00+00:00,2025-06-27 04:15:00+00:00,2025-06-27 04:30:00+00:00,2025-06-27 04:45:00+00:00,2,1.1664641555285773,1.5577156743620266,0.6973478939158122,2025-06-27 05:00:00+00:00,2025-06-27 05:30:00+00:00,3313.61,3321.8855714285714,8.275571428571311,0.0,True,409146,409147,5,3313.99,0.8074324324325332,7.9547376961453855,0.06525229159833243,4.087935231058759,1.0,tp1,2025,2025-06,2025-06-27,0.036251273110187124,0.9637487268898128,0.03-0.05R,2025-06-27 05:25:00+00:00,2.7814285714285427,3317.0721789046197,3313.99,0.033783783783752644,missing,missing,,1,Friday,post_close,-1.2447484505566149,,False,True,False,True,False,False,False,False,False,True,True,True,False,False,False,False,False,True,False,True,True,2025-06-27 05:15:00+00:00,3313.99,3317.0975138993813,4.4007142857143275,-0.7061385260727254,True,True,3,3,2,True,False,False,False,False,2025-06-27 05:30:00+00:00|supply|3313.61
20486,15min,m15_2c_1atr,demand,3264.11,3256.47,2025-06-27 17:00:00+00:00,2025-06-27 16:15:00+00:00,2025-06-27 16:30:00+00:00,2025-06-27 16:45:00+00:00,2,2.316701984203444,1.0302446542092416,0.7238219895287314,2025-06-27 17:45:00+00:00,2025-06-27 18:00:00+00:00,3272.57,3255.457571428571,17.112428571429064,0.75,True,409296,409297,2,3272.53,0.8622620380739545,0.6030704500488023,1.0618013640878965,0.9928456343342353,-1.0,stop,2025,2025-06,2025-06-27,0.017531117733977305,-1.0175311177339772,<=0.03R,2025-06-27 17:55:00+00:00,5.134285714285722,3268.9824148490643,3272.53,0.9686450167973404,below,below,8.38000000000011,14,Friday,ny_main,0.6987505858806627,1.63216471897609,True,False,True,True,True,True,False,True,True,True,True,True,False,False,True,True,False,True,True,True,True,2025-06-27 17:45:00+00:00,3272.53,3271.0588359032217,8.83571428571437,0.16650199963539472,True,True,1,1,1,True,False,False,True,False,2025-06-27 18:00:00+00:00|demand|3272.57
20498,15min,m15_2c_1atr,demand,3280.22,3276.94,2025-06-30 15:30:00+00:00,2025-06-30 14:45:00+00:00,2025-06-30 15:00:00+00:00,2025-06-30 15:15:00+00:00,2,1.3132188200149728,0.6858849887975541,0.3414634146341396,2025-06-30 16:15:00+00:00,2025-06-30 16:30:00+00:00,3282.97,3276.3441428571427,6.625857142857058,0.75,True,409554,409555,2,3283.08,0.5893271461716928,11.328345658782897,0.7561285871369482,10.276406287057354,1.0,tp1,2025,2025-06,2025-06-30,0.04527716090640622,0.9547228390935938,0.03-0.05R,2025-06-30 16:25:00+00:00,3.2228571428571025,3282.85520608085,3283.08,0.9814385150812232,below,below,4.0900000000001455,12,Monday,ny_main,0.035618680587209406,1.2690602836880043,True,False,False,True,False,False,False,True,True,True,False,False,True,False,False,False,True,False,True,True,True,2025-06-30 16:15:00+00:00,3283.08,3282.642183438304,4.702142857142852,0.09311000856360266,True,True,7,4,2,True,True,False,True,False,2025-06-30 16:30:00+00:00|demand|3282.97
20509,15min,m15_2c_1atr,demand,3319.38,3316.08,2025-07-01 06:30:00+00:00,2025-07-01 05:45:00+00:00,2025-07-01 06:00:00+00:00,2025-07-01 06:15:00+00:00,2,1.4118357487923108,0.9299516908212934,0.587878787878772,2025-07-01 06:30:00+00:00,2025-07-01 06:45:00+00:00,3321.74,3315.6435714285712,6.0964285714285325,0.0,True,409713,409714,2,3321.74,0.7712418300652663,5.952665495020611,0.45272407732861086,3.1969537199766265,1.0,tp1,2025,2025-07,2025-07-01,0.04920913884007061,0.9507908611599294,0.03-0.05R,2025-07-01 06:40:00+00:00,2.2035714285713572,3319.540285550175,3321.74,0.9705882352940696,missing,missing,,2,Tuesday,post_close,0.9982496692883294,,True,False,False,True,False,False,False,True,True,True,True,True,True,False,False,False,False,False,False,True,True,2025-07-01 06:30:00+00:00,3321.74,3318.6113336984035,3.5700000000000336,0.8763771152930563,True,True,1,1,1,True,False,False,False,False,2025-07-01 06:45:00+00:00|demand|3321.74
20537,15min,m15_2c_1atr,supply,3365.81,3360.47,2025-07-03 02:15:00+00:00,2025-07-03 01:15:00+00:00,2025-07-03 01:30:00+00:00,2025-07-03 02:00:00+00:00,3,2.909568122166475,1.7838224767358593,0.786516853932614,2025-07-03 08:55:00+00:00,2025-07-03 09:40:00+00:00,3358.39,3366.314,7.923999999999978,6.666666666666667,True,410300,410301,8,3358.48,0.7950819672131193,5.90232205956589,0.5981827359919547,2.113831398283701,1.0,tp1,2025,2025-07,2025-07-03,0.03785966683493196,0.9621403331650681,0.03-0.05R,2025-07-03 09:35:00+00:00,2.5492857142857184,3359.125805163851,3358.48,0.061475409836101474,missing,missing,,5,Thursday,asia_late,-0.28863189391752697,,False,True,False,True,False,False,False,False,False,True,True,True,False,False,True,True,False,True,False,True,True,2025-07-03 09:30:00+00:00,3356.87,3355.806680056306,3.0928571428572207,0.34379859611347346,False,False,3,3,2,True,False,False,False,False,2025-07-03 09:40:00+00:00|supply|3358.39
20542,15min,m15_2c_1atr,supply,3362.12,3356.6,2025-07-03 10:30:00+00:00,2025-07-03 09:45:00+00:00,2025-07-03 10:00:00+00:00,2025-07-03 10:15:00+00:00,2,1.4795640326974737,1.5040871934604556,0.9293478260868969,2025-07-03 10:30:00+00:00,2025-07-03 10:45:00+00:00,3355.64,3362.5922857142855,6.952285714285608,0.0,True,410313,410314,2,3355.56,0.733333333333315,6.33173057165176,0.39699173961290884,1.822422224962024,1.0,tp1,2025,2025-07,2025-07-03,0.043151276044877986,0.956848723955122,0.03-0.05R,2025-07-03 10:40:00+00:00,2.3750000000000973,3357.233176361278,3355.56,0.23030303030308374,missing,missing,,6,Thursday,asia_late,-0.6708110994854392,,False,True,False,True,False,False,False,True,True,True,True,True,False,False,False,False,False,True,False,True,True,2025-07-03 10:30:00+00:00,3355.56,3356.660850299526,3.8214285714286365,-0.28807297557688527,True,True,6,4,2,True,False,False,False,False,2025-07-03 10:45:00+00:00|supply|3355.64
20555,15min,m15_2c_1atr,demand,3331.12,3326.25,2025-07-04 03:45:00+00:00,2025-07-04 03:00:00+00:00,2025-07-04 03:15:00+00:00,2025-07-04 03:30:00+00:00,2,1.1493486822175336,2.065434716752468,0.9301848049281,2025-07-04 03:45:00+00:00,2025-07-04 04:20:00+00:00,3332.59,3325.924285714286,6.66571428571433,0.0,True,410512,410513,6,3332.57,0.9037267080745587,1.8842691813115953,1.0111444492070583,-3.129447063866265,1.0,tp1,2025,2025-07,2025-07-04,0.045006429489926836,0.9549935705100732,0.03-0.05R,2025-07-04 04:15:00+00:00,1.5735714285714428,3329.8295473898006,3332.57,0.9409937888198635,missing,missing,,0,Friday,post_close,1.7542594890055903,,True,False,False,True,False,False,False,False,False,True,True,True,False,True,False,False,False,True,False,True,True,2025-07-04 04:15:00+00:00,3332.57,3329.82150777681,2.786428571428587,0.9863853146542464,True,False,7,4,2,True,False,False,False,False,2025-07-04 04:20:00+00:00|demand|3332.59
20569,15min,m15_2c_1atr,supply,3319.0,3312.17,2025-07-07 05:45:00+00:00,2025-07-07 04:30:00+00:00,2025-07-07 04:45:00+00:00,2025-07-07 05:30:00+00:00,4,1.3719819238218258,1.2346029696578118,0.7174231332356791,2025-07-07 06:05:00+00:00,2025-07-07 06:45:00+00:00,3310.45,3319.4931428571426,9.043142857142811,0.3333333333333333,True,410769,410770,7,3310.37,0.76119402985065,1.5414994786894205,1.0494139205712614,-1.9594957505292472,1.0,tp1,2025,2025-07,2025-07-07,0.033174307288869394,0.9668256927111306,0.03-0.05R,2025-07-07 06:40:00+00:00,2.5307142857142417,3312.0345438470495,3310.37,0.18656716417908423,missing,missing,,2,Monday,post_close,-0.6261251441912338,,False,True,False,True,False,False,False,False,False,True,True,True,False,False,False,False,False,True,False,True,True,2025-07-07 06:30:00+00:00,3310.37,3312.973532879087,5.694285714285765,-0.4572185186555499,True,True,1,1,1,True,False,False,False,False,2025-07-07 06:45:00+00:00|supply|3310.45
20578,15min,m15_2c_1atr,demand,3307.89,3300.49,2025-07-07 16:00:00+00:00,2025-07-07 15:15:00+00:00,2025-07-07 15:30:00+00:00,2025-07-07 15:45:00+00:00,2,1.2623104790017188,1.3900442774721893,0.01351351351356251,2025-07-07 16:00:00+00:00,2025-07-07 16:05:00+00:00,3310.12,3299.7902857142853,10.329714285714545,0.0,True,410881,410882,0,3310.22,0.15503875968988515,3.466698014050912,0.37174309896549707,-0.17328649665319787,1.0,tp1,2025,2025-07,2025-07-07,0.029042429606681797,0.9709575703933182,<=0.03R,2025-07-07 16:00:00+00:00,3.692142857142926,3308.568993685452,3310.22,0.7105943152454146,inside,inside,2.8099999999999454,12,Monday,ny_main,0.42008296389381433,0.7610756432578546,True,False,True,True,True,False,True,True,True,False,False,False,False,False,False,False,True,False,True,True,True,2025-07-07 16:00:00+00:00,3307.53,3305.9649180055517,5.403571428571403,0.28963843915769166,True,False,5,2,2,True,False,False,False,True,2025-07-07 16:05:00+00:00|demand|3310.12
20605,15min,m15_2c_1atr,demand,3293.27,3288.12,2025-07-09 16:00:00+00:00,2025-07-09 15:15:00+00:00,2025-07-09 15:30:00+00:00,2025-07-09 15:45:00+00:00,2,1.4005074302283547,1.3066328379848149,0.1300970873786526,2025-07-09 16:40:00+00:00,2025-07-09 16:45:00+00:00,3296.17,3287.462857142857,8.707142857143026,0.6666666666666666,True,411441,411442,0,3296.21,0.524163568773254,3.9232157506151655,0.3353568498769502,2.6001640689088767,1.0,tp1,2025,2025-07,2025-07-09,0.03445447087776799,0.965545529122232,0.03-0.05R,2025-07-09 16:40:00+00:00,3.1392857142857014,3295.9213603602466,3296.21,0.7843866171004031,above,above,3.9299999999998363,12,Wednesday,ny_main,0.07920261562113537,1.251877133105755,True,False,False,True,False,False,True,True,True,True,False,False,False,False,False,False,True,False,True,True,True,2025-07-09 16:30:00+00:00,3296.21,3294.347543764735,4.541428571428534,0.41010360638114196,True,True,9,4,2,True,True,True,False,False,2025-07-09 16:45:00+00:00|demand|3296.17
20610,15min,m15_2c_1atr,demand,3312.99,3311.63,2025-07-10 01:15:00+00:00,2025-07-09 23:30:00+00:00,2025-07-09 23:45:00+00:00,2025-07-10 01:00:00+00:00,2,1.7102966841187193,0.47469458987772556,0.16176470588257913,2025-07-10 16:55:00+00:00,2025-07-10 17:15:00+00:00,3319.02,3310.8134285714286,8.206571428571351,15.666666666666666,True,411723,411724,3,3319.03,0.7590909090909265,5.972043310239264,0.8322598614350859,5.948891132541942,1.0,tp1,2025,2025-07,2025-07-10,0.03655607004839362,0.9634439299516064,0.03-0.05R,2025-07-10 17:10:00+00:00,4.018571428571379,3318.323974398473,3319.03,0.8886363636364155,below,below,4.619999999999891,13,Thursday,ny_main,0.17320224709163354,1.1496622822609184,True,False,False,True,False,False,False,False,True,True,True,True,True,False,True,False,True,False,True,True,True,2025-07-10 17:00:00+00:00,3319.03,3320.7314833469363,5.648571428571423,-0.30122365777827304,False,True,3,3,2,True,False,False,True,False,2025-07-10 17:15:00+00:00|demand|3319.02
20660,15min,m15_2c_1atr,demand,3350.54,3348.02,2025-07-15 06:15:00+00:00,2025-07-15 05:30:00+00:00,2025-07-15 05:45:00+00:00,2025-07-15 06:00:00+00:00,2,1.8392857142857553,0.8999999999999977,0.33730158730155363,2025-07-15 15:15:00+00:00,2025-07-15 15:25:00+00:00,3355.29,3347.5477142857144,7.742285714285572,9.0,True,412529,412530,1,3355.22,0.6869009584663861,0.6832607572514655,1.1327404236475203,-2.6387556277216304,-1.0,stop,2025,2025-07,2025-07-15,0.03874824710310795,-1.038748247103108,0.03-0.05R,2025-07-15 15:20:00+00:00,2.262857142857196,3354.301413800755,3355.22,0.9408945686900427,below,below,3.980000000000018,11,Tuesday,london_ny_overlap,0.43687521431270127,1.7588383838383503,True,False,False,True,False,False,True,True,True,True,True,False,True,False,True,False,True,False,True,True,True,2025-07-15 15:15:00+00:00,3354.46,3356.9957573522493,3.515000000000003,-0.721410342033917,False,False,7,4,2,True,False,False,True,False,2025-07-15 15:25:00+00:00|demand|3355.29
20665,15min,m15_2c_1atr,supply,3355.59,3349.33,2025-07-15 16:00:00+00:00,2025-07-15 15:15:00+00:00,2025-07-15 15:30:00+00:00,2025-07-15 15:45:00+00:00,2,1.3131411822179326,1.427129132063235,0.27476038338661257,2025-07-15 16:00:00+00:00,2025-07-15 16:10:00+00:00,3348.53,3356.473142857143,7.943142857142902,0.0,True,412538,412539,1,3348.55,0.6740088105726806,3.5552677961224513,0.4595158447537374,2.8225603395561243,1.0,tp1,2025,2025-07,2025-07-15,0.03776842559620136,0.9622315744037986,0.03-0.05R,2025-07-15 16:05:00+00:00,4.361428571428535,3350.9651548866846,3348.55,0.1365638766520596,below,below,3.980000000000018,12,Tuesday,ny_main,-0.5583388210543941,0.9125450376678795,False,True,False,True,False,False,True,True,True,True,True,False,False,False,False,False,True,False,True,True,True,2025-07-15 16:00:00+00:00,3346.64,3352.5688954345974,4.536428571428554,-1.3069522293239713,True,False,6,4,2,True,True,True,False,False,2025-07-15 16:10:00+00:00|supply|3348.53
20684,15min,m15_2c_1atr,supply,3340.21,3336.26,2025-07-16 15:30:00+00:00,2025-07-16 14:45:00+00:00,2025-07-16 15:00:00+00:00,2025-07-16 15:15:00+00:00,2,1.6462778568042267,1.3110478899952314,0.27848101265833275,2025-07-16 15:30:00+00:00,2025-07-16 15:40:00+00:00,3334.78,3340.789,6.0090000000000146,0.0,True,412808,412809,1,3334.93,0.6805111821086374,2.507904809452509,1.3080379430853142,3.1769013146946414,1.0,tp1,2025,2025-07,2025-07-16,0.049925112331502625,0.9500748876684973,0.03-0.05R,2025-07-16 15:35:00+00:00,2.69571428571427,3336.3035569493954,3334.93,0.2843450479232721,below,below,3.4400000000000546,11,Wednesday,london_ny_overlap,-0.5651774587051807,1.276099629040833,False,True,False,True,False,False,True,True,True,True,True,False,False,False,True,False,True,False,True,True,True,2025-07-16 15:30:00+00:00,3334.11,3336.5561351733513,3.2635714285713675,-0.7495270831017151,True,False,4,2,2,True,True,True,False,False,2025-07-16 15:40:00+00:00|supply|3334.78
20696,15min,m15_2c_1atr,supply,3339.73,3335.96,2025-07-17 09:30:00+00:00,2025-07-17 08:45:00+00:00,2025-07-17 09:00:00+00:00,2025-07-17 09:15:00+00:00,2,2.680307941653102,1.0692868719610942,0.6366047745357156,2025-07-17 09:55:00+00:00,2025-07-17 10:15:00+00:00,3333.92,3340.284285714286,6.36428571428587,0.4166666666666667,True,413019,413020,3,3334.02,0.7843137254901655,3.791470258136849,1.043322109988731,-2.023793490460125,1.0,tp1,2025,2025-07,2025-07-17,0.04713804713804598,0.952861952861954,0.03-0.05R,2025-07-17 10:10:00+00:00,2.6478571428572195,3334.1102301249193,3334.02,0.10784313725480581,missing,missing,,6,Thursday,asia_late,-0.07184304690772778,,False,True,False,True,False,False,False,False,True,True,True,True,False,False,True,True,False,False,False,True,True,2025-07-17 10:00:00+00:00,3334.02,3334.8857739521445,3.824285714285744,-0.22638840735942128,True,True,10,3,2,True,False,False,False,False,2025-07-17 10:15:00+00:00|supply|3333.92
20752,15min,m15_2c_1atr,demand,3423.22,3420.49,2025-07-23 14:45:00+00:00,2025-07-23 14:00:00+00:00,2025-07-23 14:15:00+00:00,2025-07-23 14:30:00+00:00,2,2.065433854907638,0.7766714082503746,0.35531135531127966,2025-07-23 15:30:00+00:00,2025-07-23 15:45:00+00:00,3426.43,3420.0084285714283,6.421571428571497,0.75,True,414189,414190,2,3426.24,0.7461928934008172,0.13703810816223663,1.0059842940090271,-8.530622233098132,-1.0,stop,2025,2025-07,2025-07-23,0.04671753687348396,-1.046717536873484,0.03-0.05R,2025-07-23 15:40:00+00:00,2.1878571428571507,3426.0224344352805,3426.24,0.9492385786800249,inside,inside,9.389999999999873,11,Wednesday,london_ny_overlap,0.186285272806747,4.291870714985235,True,False,False,True,False,False,False,True,True,True,True,True,True,False,True,True,False,False,True,True,True,2025-07-23 15:30:00+00:00,3426.24,3426.42178369,3.482142857142857,-0.05220454687191821,False,True,8,4,2,True,False,False,False,True,2025-07-23 15:45:00+00:00|demand|3426.43
20762,15min,m15_2c_1atr,supply,3380.05,3374.53,2025-07-24 09:30:00+00:00,2025-07-24 08:45:00+00:00,2025-07-24 09:00:00+00:00,2025-07-24 09:15:00+00:00,2,1.7651863195507707,1.3149566105155754,0.2735507246377216,2025-07-24 09:30:00+00:00,2025-07-24 10:10:00+00:00,3373.59,3380.681285714286,7.091285714285732,0.0,True,414398,414399,7,3373.62,0.790640394088601,3.1207316827494584,0.5626624226918029,2.7710066681440058,1.0,tp1,2025,2025-07,2025-07-24,0.04230544531517546,0.9576945546848246,0.03-0.05R,2025-07-24 10:05:00+00:00,3.047857142857343,3375.475432046396,3373.62,0.1034482758620767,missing,missing,,6,Thursday,asia_late,-0.6186090613906061,,False,True,False,True,False,False,False,False,False,True,True,True,False,False,True,False,True,False,False,True,True,2025-07-24 10:00:00+00:00,3377.42,3377.1243585369093,3.9957142857142895,0.07398964038739077,False,False,2,2,1,True,False,False,False,False,2025-07-24 10:10:00+00:00|supply|3373.59
20780,15min,m15_2c_1atr,supply,3362.27,3358.48,2025-07-25 08:45:00+00:00,2025-07-25 07:45:00+00:00,2025-07-25 08:00:00+00:00,2025-07-25 08:30:00+00:00,3,1.5131417342176836,1.3033652665192836,0.6569920844326664,2025-07-25 08:55:00+00:00,2025-07-25 09:10:00+00:00,3356.03,3362.6431428571427,6.61314285714252,0.16666666666666666,True,414662,414663,2,3356.04,0.9449035812672625,5.791497450963772,0.6290503758748912,2.4148881016159915,1.0,tp1,2025,2025-07,2025-07-25,0.045364209798671624,0.9546357902013284,0.03-0.05R,2025-07-25 09:05:00+00:00,1.7842857142856832,3357.8413358293706,3356.04,0.0027548209365742377,missing,missing,,5,Friday,asia_late,-1.0151601926015028,,False,True,False,True,False,False,False,True,True,True,True,True,False,False,True,False,False,True,False,True,True,2025-07-25 09:00:00+00:00,3356.99,3358.920983375468,3.0264285714285313,-0.6380402939947127,True,False,5,4,2,True,False,False,False,False,2025-07-25 09:10:00+00:00|supply|3356.03
20789,15min,m15_2c_1atr,demand,3334.29,3329.23,2025-07-28 04:45:00+00:00,2025-07-28 03:30:00+00:00,2025-07-28 03:45:00+00:00,2025-07-28 04:30:00+00:00,4,1.594472727272826,1.0304000000000024,0.5750988142293163,2025-07-28 04:50:00+00:00,2025-07-28 05:30:00+00:00,3335.57,3328.7917142857145,6.77828571428563,0.08333333333333333,True,414894,414895,7,3335.59,0.760273972602808,1.447268588770875,1.048937784522035,-3.1895970325409775,1.0,tp1,2025,2025-07,2025-07-28,0.04425897824987409,0.9557410217501259,0.03-0.05R,2025-07-28 05:25:00+00:00,2.272142857142821,3333.911424726612,3335.59,0.9760273972603742,missing,missing,,1,Monday,post_close,0.7299608245028011,,True,False,False,True,False,False,False,False,False,True,True,True,False,False,True,False,False,False,False,True,True,2025-07-28 05:15:00+00:00,3335.59,3334.1906742818037,4.806428571428471,0.29113627663472613,True,True,2,2,1,True,False,False,False,False,2025-07-28 05:30:00+00:00|demand|3335.57
20799,15min,m15_2c_1atr,supply,3330.66,3328.19,2025-07-28 16:45:00+00:00,2025-07-28 16:00:00+00:00,2025-07-28 16:15:00+00:00,2025-07-28 16:30:00+00:00,2,1.85955786736025,0.6423927178152988,0.19838056680173125,2025-07-29 11:15:00+00:00,2025-07-29 11:40:00+00:00,3324.81,3331.2232857142853,6.413285714285394,18.5,True,415244,415245,4,3324.89,0.9545454545454295,1.9974160782305506,1.0259951440091282,-0.8451206201412783,1.0,tp1,2025,2025-07,2025-07-29,0.04677789410376016,0.9532221058962398,0.03-0.05R,2025-07-29 11:35:00+00:00,2.7985714285713845,3325.3514179307526,3324.89,0.0424242424242015,missing,missing,,7,Tuesday,asia_late,-0.19346225192796657,,False,True,False,True,False,False,False,False,False,True,True,True,True,False,True,False,True,False,False,True,True,2025-07-29 11:30:00+00:00,3327.14,3322.349479090579,4.616428571428449,1.0377114765882167,False,False,1,1,1,True,False,False,False,False,2025-07-29 11:40:00+00:00|supply|3324.81
20809,15min,m15_2c_1atr,demand,3313.66,3309.1,2025-07-29 08:00:00+00:00,2025-07-29 07:15:00+00:00,2025-07-29 07:30:00+00:00,2025-07-29 07:45:00+00:00,2,1.766844919786158,1.3655614973262136,0.5394736842105408,2025-07-29 10:10:00+00:00,2025-07-29 10:25:00+00:00,3316.8,3308.5077142857144,8.292285714285754,2.1666666666666665,True,415229,415230,2,3316.78,0.7416107382550412,2.0995417427557177,0.5788512559005119,1.5954587740757276,1.0,tp1,2025,2025-07,2025-07-29,0.03617820349378062,0.9638217965062194,0.03-0.05R,2025-07-29 10:20:00+00:00,2.8614285714285677,3316.6434607026176,3316.78,0.835570469798732,missing,missing,,6,Tuesday,asia_late,0.054706694042828685,,True,False,False,True,False,False,False,True,True,True,True,True,False,False,True,False,False,False,False,True,True,2025-07-29 10:15:00+00:00,3314.4,3316.638699995216,3.884999999999926,-0.5762419550105485,False,False,11,4,2,True,False,False,False,False,2025-07-29 10:25:00+00:00|demand|3316.8
20816,15min,m15_2c_1atr,demand,3319.53,3312.0,2025-07-29 17:45:00+00:00,2025-07-29 17:00:00+00:00,2025-07-29 17:15:00+00:00,2025-07-29 17:30:00+00:00,2,1.7255054432348593,1.3662519440124645,0.01992031872511115,2025-07-29 19:00:00+00:00,2025-07-29 19:15:00+00:00,3322.36,3311.4914285714285,10.868571428571613,1.25,True,415335,415336,2,3322.41,1.0,1.0764984227128986,1.0764984227129406,-2.14103575184013,1.0,tp1,2025,2025-07,2025-07-29,0.027602523659305524,0.9723974763406945,<=0.03R,2025-07-29 19:10:00+00:00,2.640714285714336,3322.210552968084,3322.41,1.0,below,below,1.8899999999998727,15,Tuesday,ny_main,0.0565934121403058,0.7157154449553074,True,False,True,True,True,False,False,True,True,True,True,True,False,False,True,False,True,False,True,True,True,2025-07-29 19:00:00+00:00,3322.41,3323.4838658490967,5.511428571428626,-0.19484346665831156,False,True,18,4,2,True,False,False,True,False,2025-07-29 19:15:00+00:00|demand|3322.36
20824,15min,m15_2c_1atr,demand,3325.0,3323.3,2025-07-30 10:00:00+00:00,2025-07-30 09:15:00+00:00,2025-07-30 09:30:00+00:00,2025-07-30 09:45:00+00:00,2,1.3296733461432753,0.6533077134229197,0.26470588235313,2025-07-30 14:45:00+00:00,2025-07-30 14:55:00+00:00,3329.04,3322.8855714285714,6.154428571428525,4.75,True,415559,415560,1,3329.01,0.8311258278146468,0.4630811726747177,1.036651888303454,-3.4755460643903398,-1.0,stop,2025,2025-07,2025-07-30,0.04874538659734026,-1.0487453865973402,0.03-0.05R,2025-07-30 14:50:00+00:00,2.0299999999999403,3327.7381589912143,3329.01,0.9933774834437146,inside,inside,5.110000000000127,10,Wednesday,london_ny_overlap,0.6413009895496181,2.5172413793104815,True,False,False,True,False,False,True,True,True,True,True,True,True,False,False,False,True,False,True,True,True,2025-07-30 14:45:00+00:00,3330.88,3328.916900779033,3.420714285714244,0.5738857609843778,True,False,6,3,2,True,True,False,False,True,2025-07-30 14:55:00+00:00|demand|3329.04
20825,15min,m15_2c_1atr,supply,3334.06,3329.78,2025-07-30 14:15:00+00:00,2025-07-30 12:45:00+00:00,2025-07-30 13:00:00+00:00,2025-07-30 14:00:00+00:00,5,1.2971145175833148,1.3507664562668367,0.25934579439256855,2025-07-30 14:20:00+00:00,2025-07-30 14:35:00+00:00,3328.37,3334.4204285714286,6.050428571428711,0.08333333333333333,True,415555,415556,2,3328.4,0.09239130434788116,9.959625056076042,0.5817769697541922,2.983259745472462,1.0,tp1,2025,2025-07,2025-07-30,0.0495832644676871,0.9504167355323129,0.03-0.05R,2025-07-30 14:30:00+00:00,1.7214285714284674,3328.4113457481703,3328.4,0.5434782608696566,inside,inside,5.110000000000127,10,Wednesday,london_ny_overlap,-0.024018276945486822,2.9684647302907097,False,True,False,True,False,False,False,True,True,False,False,False,False,False,False,False,True,False,True,True,True,2025-07-30 14:30:00+00:00,3326.12,3328.356015287328,3.0799999999999597,-0.7259789893922085,True,False,4,3,2,True,False,False,False,True,2025-07-30 14:35:00+00:00|supply|3328.37
20833,15min,m15_2c_1atr,demand,3295.73,3291.42,2025-07-31 06:00:00+00:00,2025-07-31 05:15:00+00:00,2025-07-31 05:30:00+00:00,2025-07-31 05:45:00+00:00,2,1.1133433785367568,1.0102126234722866,0.5313225058004624,2025-07-31 06:05:00+00:00,2025-07-31 06:25:00+00:00,3297.92,3290.949285714286,6.970714285714166,0.08333333333333333,True,415733,415734,3,3297.9,0.7992700729927843,2.4316015985244546,1.0314581412030177,-0.7301977661645994,1.0,tp1,2025,2025-07,2025-07-31,0.043037196434061606,0.9569628035659384,0.03-0.05R,2025-07-31 06:20:00+00:00,2.2971428571429118,3295.615819643378,3297.9,0.7992700729927843,missing,missing,,2,Thursday,post_close,1.0030635880817165,,True,False,False,True,False,False,False,False,True,True,True,True,False,False,False,False,False,False,False,True,True,2025-07-31 06:15:00+00:00,3295.78,3293.3621486980232,4.389285714285701,0.5508530224194864,True,False,4,4,2,True,False,False,False,False,2025-07-31 06:25:00+00:00|demand|3297.92
20841,15min,m15_2c_1atr,supply,3309.43,3304.81,2025-07-31 16:45:00+00:00,2025-07-31 16:00:00+00:00,2025-07-31 16:15:00+00:00,2025-07-31 16:30:00+00:00,2,1.1544227886057004,0.9697151424287654,0.2922077922077794,2025-07-31 16:45:00+00:00,2025-07-31 16:50:00+00:00,3302.48,3310.057857142857,7.577857142856828,0.0,True,415858,415859,0,3302.57,0.3571428571428142,2.7435196531248143,3.747761334715975,-5.520030163069312,1.0,tp1,2025,2025-07,2025-07-31,0.039589028183619326,0.9604109718163807,0.03-0.05R,2025-07-31 16:45:00+00:00,3.0878571428572092,3305.8837386454097,3302.57,0.38359788359793545,below,below,4.690000000000055,12,Thursday,ny_main,-1.1022979652032112,1.518852648623626,False,True,False,True,False,False,True,True,True,False,False,False,True,False,False,False,True,False,True,True,True,2025-07-31 16:45:00+00:00,3301.43,3305.372555543556,4.862857142857138,-0.8107487898029292,True,False,8,4,2,True,False,True,False,False,2025-07-31 16:50:00+00:00|supply|3302.48
20856,15min,m15_2c_1atr,supply,3354.79,3349.18,2025-08-01 17:00:00+00:00,2025-08-01 16:15:00+00:00,2025-08-01 16:30:00+00:00,2025-08-01 16:45:00+00:00,2,1.1657000828500599,0.6507042253521259,0.1479500891265434,2025-08-01 17:00:00+00:00,2025-08-01 17:30:00+00:00,3346.0,3355.9772857142857,9.9772857142857,0.0,True,416142,416143,5,3346.12,0.8293601003764484,0.5442361936398235,1.2157615154422314,-2.7041422660042156,-1.0,stop,2025,2025-08,2025-08-01,0.030068297991151374,-1.0300682979911513,0.03-0.05R,2025-08-01 17:25:00+00:00,5.996428571428623,3348.2083865212308,3346.12,0.09284818067751573,above,above,2.8400000000001455,13,Friday,ny_main,-0.368283636655512,0.47361524717095527,False,True,False,True,False,False,False,False,False,True,True,True,True,False,False,False,True,False,True,True,True,2025-08-01 17:15:00+00:00,3346.12,3340.277910360137,9.080000000000025,0.6434019427161803,False,True,0,0,0,False,False,False,True,False,2025-08-01 17:30:00+00:00|supply|3346.0
20872,15min,m15_2c_1atr,supply,3385.44,3376.14,2025-08-04 17:30:00+00:00,2025-08-04 16:45:00+00:00,2025-08-04 17:00:00+00:00,2025-08-04 17:15:00+00:00,2,1.155217691776044,1.799585348997953,0.7806451612902818,2025-08-04 17:30:00+00:00,2025-08-04 17:50:00+00:00,3373.71,3386.0882857142856,12.37828571428554,0.0,True,416422,416423,3,3373.62,0.9664634146342436,1.9219139506970975,1.0227587480380418,-1.2804681008217262,1.0,tp1,2025,2025-08,2025-08-04,0.024235989290001266,0.9757640107099987,<=0.03R,2025-08-04 17:45:00+00:00,3.338571428571478,3377.1159435620198,3373.62,0.0030487804877330207,above,above,5.930000000000291,13,Monday,ny_main,-1.0201799287179183,1.7762088147197872,False,True,True,True,True,False,False,False,True,True,True,True,False,False,False,False,False,True,True,True,True,2025-08-04 17:45:00+00:00,3374.56,3375.2330219876258,4.938571428571485,-0.13627867843160715,True,False,0,0,0,False,False,False,True,False,2025-08-04 17:50:00+00:00|supply|3373.71
20879,15min,m15_2c_1atr,supply,3381.32,3378.28,2025-08-05 05:45:00+00:00,2025-08-05 05:00:00+00:00,2025-08-05 05:15:00+00:00,2025-08-05 05:30:00+00:00,2,1.7828371278459645,1.0647985989492166,0.4868421052631697,2025-08-05 16:35:00+00:00,2025-08-05 16:55:00+00:00,3373.24,3381.9105714285715,8.670571428571748,10.833333333333334,True,416687,416688,3,3373.26,0.9930232558139073,0.3033248756054454,1.0437605035093904,-0.7116024648235233,-1.0,stop,2025,2025-08,2025-08-05,0.034599795696443184,-1.0345997956964432,0.03-0.05R,2025-08-05 16:50:00+00:00,2.86285714285717,3373.7051654177676,3373.26,0.0023255813953995015,above,above,7.279999999999745,12,Tuesday,ny_main,-0.16248293035801978,2.5429141716565735,False,True,False,True,False,False,False,False,True,True,True,True,False,False,True,False,False,False,True,True,True,2025-08-05 16:45:00+00:00,3373.91,3368.174961796922,4.6664285714285985,1.2289994618565319,False,False,8,4,2,True,False,False,True,False,2025-08-05 16:55:00+00:00|supply|3373.24
20890,15min,m15_2c_1atr,supply,3381.59,3378.07,2025-08-06 05:15:00+00:00,2025-08-06 04:30:00+00:00,2025-08-06 04:45:00+00:00,2025-08-06 05:00:00+00:00,2,1.3643227937706497,1.16281264747519,0.34659090909085405,2025-08-06 06:20:00+00:00,2025-08-06 06:35:00+00:00,3375.16,3381.8990000000003,6.7390000000004875,1.0833333333333333,True,416839,416840,2,3375.24,0.7131474103586704,2.507790473363765,1.0327941831131522,-0.5297521887520263,1.0,tp1,2025,2025-08,2025-08-06,0.044516990651428744,0.9554830093485712,0.03-0.05R,2025-08-06 06:30:00+00:00,1.448571428571508,3376.481920363197,3375.24,0.19521912350587214,missing,missing,,2,Wednesday,post_close,-0.9125682980649561,,False,True,False,True,False,False,False,True,True,True,True,True,False,False,False,False,True,False,False,True,True,2025-08-06 06:30:00+00:00,3375.19,3376.5898677364416,3.4185714285715676,-0.4094890996694839,True,False,1,1,1,True,False,False,False,False,2025-08-06 06:35:00+00:00|supply|3375.16
20895,15min,m15_2c_1atr,supply,3367.48,3365.01,2025-08-06 12:45:00+00:00,2025-08-06 12:00:00+00:00,2025-08-06 12:15:00+00:00,2025-08-06 12:30:00+00:00,2,1.0163339382941292,0.6973180076627895,0.32793522267225333,2025-08-06 13:20:00+00:00,2025-08-06 13:35:00+00:00,3361.88,3367.8861428571427,6.0061428571425495,0.5833333333333334,True,416923,416924,2,3361.92,0.9540816326529878,0.30968294365296384,1.1421639749780028,-2.5324072972910048,-1.0,stop,2025,2025-08,2025-08-06,0.049948861879506874,-1.049948861879507,0.03-0.05R,2025-08-06 13:30:00+00:00,2.061428571428548,3362.825615188163,3361.92,0.03571428571436858,inside,inside,7.210000000000036,9,Wednesday,london_ny_overlap,-0.45871838649612684,3.497574497574555,False,True,False,True,False,False,False,True,True,True,True,True,True,False,False,False,True,False,True,True,True,2025-08-06 13:30:00+00:00,3361.24,3363.588336022013,3.8157142857141935,-0.615438118835432,True,False,1,1,1,True,True,False,False,True,2025-08-06 13:35:00+00:00|supply|3361.88
20908,15min,m15_2c_1atr,supply,3397.36,3393.46,2025-08-07 11:30:00+00:00,2025-08-07 10:45:00+00:00,2025-08-07 11:00:00+00:00,2025-08-07 11:15:00+00:00,2,4.034518828451827,0.7139121338912213,0.3666666666666161,2025-08-07 16:45:00+00:00,2025-08-07 17:00:00+00:00,3385.0,3398.166,13.166000000000167,5.25,True,417240,417241,2,3384.95,0.8884688090737817,0.7329485037217051,1.043597144159168,-0.49217681907944216,-1.0,stop,2025,2025-08,2025-08-07,0.022785963846270407,-1.0227859638462704,<=0.03R,2025-08-07 16:55:00+00:00,3.9792857142857168,3386.9549305378655,3384.95,0.018903591682402597,above,above,4.260000000000218,13,Thursday,ny_main,-0.49127674618770223,1.0705438879914382,False,True,True,True,True,False,False,True,True,True,True,True,True,False,True,True,False,False,True,True,True,2025-08-07 16:45:00+00:00,3384.95,3384.428100023094,5.822142857142775,0.08964053093708627,False,True,0,0,0,False,False,False,True,False,2025-08-07 17:00:00+00:00|supply|3385.0
20930,15min,m15_2c_1atr,demand,3388.59,3383.89,2025-08-08 15:30:00+00:00,2025-08-08 14:45:00+00:00,2025-08-08 15:00:00+00:00,2025-08-08 15:15:00+00:00,2,1.579818255798117,0.8924454089245002,0.2106382978723785,2025-08-08 15:45:00+00:00,2025-08-08 15:50:00+00:00,3396.55,3383.073571428571,13.476428571429096,0.25,True,417502,417503,0,3396.53,0.2174672489082727,0.3821487252874972,1.1419939577039073,-2.6401653681029624,-1.0,stop,2025,2025-08,2025-08-08,0.02226109079344801,-1.022261090793448,<=0.03R,2025-08-08 15:45:00+00:00,4.052857142857225,3395.2105534982425,3396.53,0.732751091703068,inside,inside,11.370000000000346,11,Friday,london_ny_overlap,0.3304943782976332,2.805428269298583,True,False,True,True,True,False,True,True,True,False,False,False,True,False,True,False,True,False,True,True,True,2025-08-08 15:45:00+00:00,3391.66,3391.569157061373,6.03785714285719,0.015045559455519775,True,False,15,4,2,True,False,False,False,True,2025-08-08 15:50:00+00:00|demand|3396.55
20931,15min,m15_2c_1atr,demand,3395.85,3387.64,2025-08-08 17:00:00+00:00,2025-08-08 16:15:00+00:00,2025-08-08 16:30:00+00:00,2025-08-08 16:45:00+00:00,2,1.1123689727463195,1.2048218029350146,0.3848964677222705,2025-08-08 17:00:00+00:00,2025-08-08 17:05:00+00:00,3396.76,3386.5794285714283,10.180571428571966,0.0,True,417517,417518,0,3396.81,0.5066864784546575,0.05009541984730237,1.224882128423849,-4.94176582846857,-1.0,stop,2025,2025-08,2025-08-08,0.029467894027838587,-1.0294678940278386,<=0.03R,2025-08-08 17:00:00+00:00,4.87071428571429,3396.6573748496767,3396.81,0.352154531946491,inside,inside,11.370000000000346,13,Friday,ny_main,0.02106983581946999,2.334359876814851,True,False,True,True,True,False,True,True,True,True,False,False,False,False,False,False,False,False,True,True,True,2025-08-08 17:00:00+00:00,3388.15,3393.423688508366,7.6550000000000376,-0.6889207718309466,False,False,17,4,2,True,False,False,False,True,2025-08-08 17:05:00+00:00|demand|3396.76
20957,15min,m15_2c_1atr,demand,3348.12,3343.86,2025-08-12 10:45:00+00:00,2025-08-12 10:00:00+00:00,2025-08-12 10:15:00+00:00,2025-08-12 10:30:00+00:00,2,2.296008697002617,0.9262307811771454,0.1150234741783589,2025-08-12 11:35:00+00:00,2025-08-12 12:05:00+00:00,3349.61,3343.373142857143,6.236857142856934,0.8333333333333334,True,418009,418010,5,3349.64,0.5670103092784101,0.36236199551053355,1.223372577763584,2.292821476018174,-1.0,stop,2025,2025-08,2025-08-12,0.04810114984653604,-1.048101149846536,0.03-0.05R,2025-08-12 12:00:00+00:00,2.4564285714285625,3348.653945209936,3349.64,0.9484536082473889,missing,missing,,8,Tuesday,london_ny_overlap,0.38920520677227277,,True,False,False,True,False,False,False,False,False,True,False,False,True,False,True,True,True,False,True,True,True,2025-08-12 12:00:00+00:00,3351.07,3350.0981038171067,5.546428571428578,0.17522918944634663,True,False,9,4,2,True,True,False,False,False,2025-08-12 12:05:00+00:00|demand|3349.61
20970,15min,m15_2c_1atr,demand,3349.34,3342.71,2025-08-13 05:00:00+00:00,2025-08-13 04:15:00+00:00,2025-08-13 04:30:00+00:00,2025-08-13 04:45:00+00:00,2,1.6755231601223066,2.182459440395041,0.4132730015082559,2025-08-13 05:00:00+00:00,2025-08-13 05:20:00+00:00,3349.41,3342.207,7.2029999999999745,0.0,True,418204,418205,3,3349.46,0.6906077348066506,3.533250034707811,0.5095099264195593,1.3036234902124615,1.0,tp1,2025,2025-08,2025-08-13,0.04164931278633917,0.9583506872136608,0.03-0.05R,2025-08-13 05:15:00+00:00,2.4892857142856752,3348.4130329081213,3349.46,0.7292817679557879,missing,missing,,1,Wednesday,post_close,0.40050327937733293,,True,False,False,True,False,False,False,False,True,True,True,False,False,True,True,False,False,False,False,True,True,2025-08-13 05:15:00+00:00,3352.01,3348.9943519863955,3.544285714285739,0.8508478877562667,True,False,14,4,2,True,False,False,False,False,2025-08-13 05:20:00+00:00|demand|3349.41
20975,15min,m15_2c_1atr,demand,3355.91,3352.85,2025-08-13 11:45:00+00:00,2025-08-13 11:00:00+00:00,2025-08-13 11:15:00+00:00,2025-08-13 11:30:00+00:00,2,1.5364638918534563,0.7620064034151438,0.20261437908493526,2025-08-13 15:30:00+00:00,2025-08-13 15:50:00+00:00,3360.15,3352.281285714286,7.868714285714304,3.75,True,418330,418331,3,3360.5,0.6741935483870646,1.3623572556779728,1.117082115429996,-1.5809444272979825,1.0,tp1,2025,2025-08,2025-08-13,0.038125669468600694,0.9618743305313993,0.03-0.05R,2025-08-13 15:45:00+00:00,2.754285714285743,3359.430836243436,3360.5,0.8290322580644717,below,below,3.1399999999998727,11,Wednesday,london_ny_overlap,0.2611071730264493,1.1400414937758756,True,False,False,True,False,False,False,False,True,True,True,False,True,False,True,False,True,False,True,True,True,2025-08-13 15:45:00+00:00,3358.15,3359.636854490035,3.964999999999983,-0.3749948272471787,False,False,5,4,2,True,False,False,True,False,2025-08-13 15:50:00+00:00|demand|3360.15
20985,15min,m15_2c_1atr,supply,3373.14,3368.05,2025-08-14 04:00:00+00:00,2025-08-14 03:15:00+00:00,2025-08-14 03:30:00+00:00,2025-08-14 03:45:00+00:00,2,1.245103229221881,1.8861831656960564,0.9724950884086677,2025-08-14 04:00:00+00:00,2025-08-14 04:25:00+00:00,3366.29,3373.6451428571427,7.3551428571427095,0.0,True,418469,418470,4,3366.22,0.7090517241380406,4.954356524103747,0.5941420968807025,3.838130753991456,1.0,tp1,2025,2025-08,2025-08-14,0.040787786971216294,0.9592122130287837,0.03-0.05R,2025-08-14 04:20:00+00:00,2.5821428571427987,3368.850353100492,3366.22,0.09913793103439532,missing,missing,,0,Thursday,post_close,-0.9915613667189909,,False,True,False,True,False,False,False,False,False,True,True,True,False,False,False,False,False,True,False,True,True,2025-08-14 04:15:00+00:00,3366.25,3367.018024450646,3.162142857142823,-0.2428810099174036,True,False,2,2,1,True,False,False,False,False,2025-08-14 04:25:00+00:00|supply|3366.29
21025,15min,m15_2c_1atr,demand,3333.14,3329.57,2025-08-19 06:00:00+00:00,2025-08-19 05:00:00+00:00,2025-08-19 05:15:00+00:00,2025-08-19 05:45:00+00:00,3,1.454064538881999,0.8813260447892065,0.22128851540629768,2025-08-19 16:05:00+00:00,2025-08-19 16:35:00+00:00,3335.71,3329.0042857142857,6.7057142857142935,10.083333333333334,True,419443,419444,5,3335.77,0.9006622516556637,0.5458031529612047,1.1602045164039483,1.61056668086922,-1.0,stop,2025,2025-08,2025-08-19,0.044737963357477574,-1.0447379633574776,0.03-0.05R,2025-08-19 16:30:00+00:00,2.6642857142857275,3333.165690352204,3335.77,0.9271523178808067,below,below,6.039999999999964,12,Tuesday,ny_main,0.9549687686098014,2.267024128686302,True,False,False,True,False,False,False,False,False,True,True,True,True,False,False,False,True,False,True,True,True,2025-08-19 16:30:00+00:00,3337.98,3335.8440080635405,3.6907142857142907,0.578747573261719,True,False,4,4,2,True,True,False,True,False,2025-08-19 16:35:00+00:00|demand|3335.71
21032,15min,m15_2c_1atr,supply,3340.17,3336.1,2025-08-19 16:00:00+00:00,2025-08-19 15:15:00+00:00,2025-08-19 15:30:00+00:00,2025-08-19 15:45:00+00:00,2,1.1986301369863146,1.501053740779845,0.3046683046682388,2025-08-19 16:30:00+00:00,2025-08-19 17:00:00+00:00,3334.09,3340.8207142857145,6.7307142857143845,0.5,True,419448,419449,5,3333.98,0.7541899441340427,3.347341610951907,1.1558951501644363,-1.662527857370248,1.0,tp1,2025,2025-08,2025-08-19,0.04457179242279463,0.9554282075772054,0.03-0.05R,2025-08-19 16:55:00+00:00,3.0749999999999806,3335.1240816567506,3333.98,0.030726256983276416,below,below,6.039999999999964,13,Tuesday,ny_main,-0.3362867176424278,1.9642276422764233,False,True,False,True,False,False,False,False,False,True,True,True,False,False,False,False,True,False,True,True,True,2025-08-19 16:45:00+00:00,3333.98,3335.4297840494205,3.902142857142865,-0.3715353595439643,True,True,10,4,2,True,True,True,False,False,2025-08-19 17:00:00+00:00|supply|3334.09
21061,15min,m15_2c_1atr,demand,3341.34,3336.08,2025-08-21 17:30:00+00:00,2025-08-21 16:45:00+00:00,2025-08-21 17:00:00+00:00,2025-08-21 17:15:00+00:00,2,1.009380863039397,0.9868667917448589,0.26996197718622794,2025-08-21 18:05:00+00:00,2025-08-21 18:30:00+00:00,3343.0,3335.5302857142856,7.469714285714417,0.5833333333333334,True,420018,420019,4,3342.99,0.6402214022140303,0.43241279069766925,1.0535878212973964,3.7364213586290456,-1.0,stop,2025,2025-08,2025-08-21,0.04016217870256967,-1.0401621787025697,0.03-0.05R,2025-08-21 18:25:00+00:00,2.744999999999988,3341.527484334447,3342.99,0.6845018450184213,above,above,3.0599999999999454,14,Thursday,ny_main,0.5364355794364856,1.1147540983606408,True,False,False,True,False,False,False,False,False,True,True,False,True,False,False,False,True,False,True,True,True,2025-08-21 18:15:00+00:00,3342.99,3342.2452575551197,5.8992857142857895,0.12624281666450307,True,True,9,4,2,True,True,True,False,False,2025-08-21 18:30:00+00:00|demand|3343.0
21099,15min,m15_2c_1atr,demand,3370.78,3367.32,2025-08-26 14:15:00+00:00,2025-08-26 13:30:00+00:00,2025-08-26 13:45:00+00:00,2025-08-26 14:00:00+00:00,2,1.974612129760185,0.976022566995759,0.2947976878612633,2025-08-26 16:00:00+00:00,2025-08-26 16:30:00+00:00,3373.89,3366.8098571428573,7.080142857142619,1.75,True,420822,420823,5,3373.87,0.7955271565494233,2.8940094025545586,0.49434030790340844,1.1398075099373106,1.0,tp1,2025,2025-08,2025-08-26,0.04237202639172072,0.9576279736082793,0.03-0.05R,2025-08-26 16:25:00+00:00,2.542857142857071,3373.2590188261634,3373.87,1.0,inside,inside,4.839999999999691,12,Tuesday,ny_main,0.2481386638683002,1.903370786516786,True,False,False,True,False,False,False,False,False,True,True,True,True,False,True,False,True,False,True,True,True,2025-08-26 16:15:00+00:00,3373.87,3374.8493448962063,3.869999999999891,-0.2530606966941634,False,True,4,3,2,True,False,False,False,True,2025-08-26 16:30:00+00:00|demand|3373.89
21102,15min,m15_2c_1atr,demand,3375.94,3370.5,2025-08-26 17:45:00+00:00,2025-08-26 17:00:00+00:00,2025-08-26 17:15:00+00:00,2025-08-26 17:30:00+00:00,2,1.2218006209037655,1.313556398758226,0.7720588235294542,2025-08-27 07:40:00+00:00,2025-08-27 08:25:00+00:00,3376.65,3370.187,6.463000000000193,13.916666666666666,True,421001,421002,8,3376.62,0.5165562913906407,3.5246789416678115,0.43478260869563073,2.113569549744615,1.0,tp1,2025,2025-08,2025-08-27,0.04641807210273728,0.9535819278972627,0.03-0.05R,2025-08-27 08:20:00+00:00,1.499285714285796,3375.8967210544865,3376.62,0.5562913907283592,missing,missing,,4,Wednesday,asia_late,0.5024252137774762,,True,False,False,True,False,False,False,False,False,True,False,False,False,False,False,False,False,True,False,True,True,2025-08-27 08:15:00+00:00,3375.81,3377.4974143469103,2.396428571428682,-0.7041371343291842,False,False,8,4,2,True,False,False,False,False,2025-08-27 08:25:00+00:00|demand|3376.65
21113,15min,m15_2c_1atr,demand,3376.04,3373.84,2025-08-27 15:30:00+00:00,2025-08-27 14:30:00+00:00,2025-08-27 14:45:00+00:00,2025-08-27 15:15:00+00:00,3,2.251748251748213,0.7427055702916949,0.17727272727268406,2025-08-27 16:45:00+00:00,2025-08-27 17:15:00+00:00,3379.65,3373.3278571428573,6.322142857142808,1.25,True,421107,421108,5,3379.58,0.7806451612902544,5.36052423454979,0.09806801491355259,4.680375098858874,1.0,tp1,2025,2025-08,2025-08-27,0.047452265280759603,0.9525477347192404,0.03-0.05R,2025-08-27 17:10:00+00:00,2.6835714285714403,3378.873004234759,3379.58,0.8580645161288846,above,above,2.9200000000000728,13,Wednesday,ny_main,0.28953794818679507,1.088102209209498,True,False,False,True,False,False,False,False,False,True,True,True,True,False,True,True,True,False,True,True,True,2025-08-27 17:00:00+00:00,3379.58,3379.507517960752,3.3300000000000898,0.02176637815252673,True,True,14,4,2,True,True,True,False,False,2025-08-27 17:15:00+00:00|demand|3379.65
21176,15min,m15_2c_1atr,supply,3544.15,3539.64,2025-09-03 06:00:00+00:00,2025-09-03 05:15:00+00:00,2025-09-03 05:30:00+00:00,2025-09-03 05:45:00+00:00,2,1.2985984807960036,0.6755108590992169,0.14412416851432477,2025-09-03 11:05:00+00:00,2025-09-03 11:35:00+00:00,3536.59,3544.719857142857,8.129857142856963,5.083333333333333,True,422389,422390,5,3536.68,0.8638211382113693,0.5129241420513654,1.391168356498996,-0.423131666344531,-1.0,stop,2025,2025-09,2025-09-03,0.036901017413766654,-1.0369010174137667,0.03-0.05R,2025-09-03 11:30:00+00:00,2.7342857142856962,3537.5336525799094,3536.68,0.09552845528451076,missing,missing,,7,Wednesday,asia_late,-0.34511849839940073,,False,True,False,True,False,False,False,False,False,True,True,True,True,False,False,False,True,False,False,True,True,2025-09-03 11:30:00+00:00,3538.74,3536.6524257597744,4.309285714285742,0.48443625664106943,False,False,3,2,1,True,False,False,False,False,2025-09-03 11:35:00+00:00|supply|3536.59
21197,15min,m15_2c_1atr,demand,3541.54,3536.65,2025-09-04 15:00:00+00:00,2025-09-04 14:00:00+00:00,2025-09-04 14:15:00+00:00,2025-09-04 14:45:00+00:00,3,1.1224989203973228,0.9854613502230887,0.179959100204526,2025-09-04 15:35:00+00:00,2025-09-04 15:50:00+00:00,3546.41,3535.911285714286,10.498714285713959,0.5833333333333334,True,422716,422717,2,3546.4,0.1054481546572765,1.180144507490781,1.0753697731695337,4.3014790926781785,1.0,tp1,2025,2025-09,2025-09-04,0.028574927542148906,0.9714250724578511,<=0.03R,2025-09-04 15:45:00+00:00,3.690000000000152,3546.0359472871305,3546.4,0.7469244288224884,inside,inside,8.599999999999909,11,Thursday,london_ny_overlap,0.10136929888057657,2.330623306232942,True,False,True,True,True,False,False,True,True,False,False,False,True,False,False,False,True,False,True,True,True,2025-09-04 15:45:00+00:00,3548.38,3545.4191369869136,5.642142857142907,0.5247763284366472,True,False,4,3,2,True,False,False,False,True,2025-09-04 15:50:00+00:00|demand|3546.41
21204,15min,m15_2c_1atr,supply,3555.35,3551.48,2025-09-05 05:30:00+00:00,2025-09-05 04:15:00+00:00,2025-09-05 04:30:00+00:00,2025-09-05 05:15:00+00:00,4,1.1584091675092492,0.9130434782608555,0.7080103359173937,2025-09-05 05:50:00+00:00,2025-09-05 06:05:00+00:00,3548.91,3555.8791428571426,6.969142857142742,0.3333333333333333,True,422875,422876,2,3548.93,0.805668016194493,0.022958346998995568,1.297146605444424,-4.892997704165433,-1.0,stop,2025,2025-09,2025-09-05,0.04304690062315584,-1.0430469006231557,0.03-0.05R,2025-09-05 06:00:00+00:00,2.4128571428571246,3550.2278922360347,3548.93,0.0971659919027535,missing,missing,,2,Friday,post_close,-0.5461957165330863,,False,True,False,True,False,False,False,True,True,True,True,True,True,False,False,False,False,True,False,True,True,2025-09-05 06:00:00+00:00,3553.94,3551.796769252864,4.2621428571428295,0.5028528650897138,False,False,5,3,2,True,False,False,False,False,2025-09-05 06:05:00+00:00|supply|3548.91
21210,15min,m15_2c_1atr,demand,3585.07,3575.11,2025-09-05 17:00:00+00:00,2025-09-05 16:15:00+00:00,2025-09-05 16:30:00+00:00,2025-09-05 16:45:00+00:00,2,1.7420494699646716,1.1731448763251004,0.24497991967871943,2025-09-05 17:25:00+00:00,2025-09-05 18:00:00+00:00,3590.31,3573.880285714286,16.429714285714,0.4166666666666667,True,423018,423019,6,3590.39,0.9527027027026541,3.41515372843635,0.7456003060656781,2.902667640512018,1.0,tp1,2025,2025-09,2025-09-05,0.018259599332220686,0.9817404006677793,<=0.03R,2025-09-05 17:55:00+00:00,6.163571428571426,3584.9075253637275,3590.39,1.0,above,above,2.549999999999727,14,Friday,ny_main,0.8765169186210993,0.4137211727893869,True,False,True,True,True,True,False,False,False,True,True,True,False,False,True,False,True,False,True,True,True,2025-09-05 17:45:00+00:00,3590.39,3582.9542758896887,10.932142857142837,0.6801707778135039,True,True,1,1,1,True,True,True,False,False,2025-09-05 18:00:00+00:00|demand|3590.31
21221,15min,m15_2c_1atr,demand,3621.93,3615.79,2025-09-08 16:00:00+00:00,2025-09-08 15:00:00+00:00,2025-09-08 15:15:00+00:00,2025-09-08 15:45:00+00:00,3,1.406562500000044,1.3431249999999533,0.3306188925081087,2025-09-08 16:30:00+00:00,2025-09-08 16:35:00+00:00,3625.78,3615.04,10.740000000000236,0.5,True,423277,423278,0,3625.69,0.277397260273947,4.576350093109735,0.2513966480447126,1.4869646182494831,1.0,tp1,2025,2025-09,2025-09-08,0.027932960893854133,0.9720670391061459,<=0.03R,2025-09-08 16:30:00+00:00,3.7235714285714363,3625.251796211143,3625.69,0.9212328767123245,above,above,8.730000000000018,12,Monday,ny_main,0.14185407719169274,2.344523307116823,True,False,True,True,True,False,True,True,True,False,False,False,False,False,False,False,True,False,True,True,True,2025-09-08 16:30:00+00:00,3631.61,3624.4422172167338,5.5735714285714755,1.2860304878345303,True,False,1,1,1,True,False,True,False,False,2025-09-08 16:35:00+00:00|demand|3625.78
21227,15min,m15_2c_1atr,demand,3631.94,3630.09,2025-09-09 03:15:00+00:00,2025-09-09 02:30:00+00:00,2025-09-09 02:45:00+00:00,2025-09-09 03:00:00+00:00,2,2.082562277580106,0.6144721233689023,0.194594594594673,2025-09-09 18:15:00+00:00,2025-09-09 18:45:00+00:00,3643.4,3629.071,14.329000000000178,15.0,True,423579,423580,5,3643.35,0.8499095840868055,0.42640798380906214,1.0328704026798798,-0.10328704026798798,-1.0,stop,2025,2025-09,2025-09-09,0.02093656221648379,-1.0209365622164839,<=0.03R,2025-09-09 18:40:00+00:00,5.333571428571466,3640.4917894915034,3643.35,0.8951175406871693,below,below,3.8299999999999272,14,Tuesday,ny_main,0.5452651281499106,0.7180929422793438,True,False,True,True,True,False,False,False,False,True,True,True,True,False,True,True,True,False,True,True,True,2025-09-09 18:30:00+00:00,3643.35,3645.6641161554157,10.992857142857149,-0.21051089133087475,False,True,2,2,1,True,False,False,True,False,2025-09-09 18:45:00+00:00|demand|3643.4
21228,15min,m15_2c_1atr,demand,3640.9,3636.47,2025-09-09 04:30:00+00:00,2025-09-09 03:15:00+00:00,2025-09-09 03:30:00+00:00,2025-09-09 04:15:00+00:00,4,2.024127216231131,1.1336135989765042,0.08803611738145531,2025-09-09 09:05:00+00:00,2025-09-09 09:40:00+00:00,3645.43,3635.5244285714284,9.90557142857142,4.583333333333333,True,423470,423471,6,3645.45,0.8841698841698205,2.978121980415065,1.0408283938331917,-0.03634318348977791,1.0,tp1,2025,2025-09,2025-09-09,0.030285986241509133,0.9697140137584909,0.03-0.05R,2025-09-09 09:35:00+00:00,4.545000000000008,3644.3637916178586,3645.45,0.9845559845559116,missing,missing,,5,Tuesday,asia_late,0.2345893030013665,,True,False,False,True,False,False,False,False,False,True,True,True,False,False,True,True,True,False,False,True,True,2025-09-09 09:30:00+00:00,3649.82,3648.996333285018,5.894999999999949,0.13972293723192822,True,False,3,2,1,True,False,False,False,False,2025-09-09 09:40:00+00:00|demand|3645.43
21229,15min,m15_2c_1atr,demand,3646.79,3642.55,2025-09-09 05:15:00+00:00,2025-09-09 04:30:00+00:00,2025-09-09 04:45:00+00:00,2025-09-09 05:00:00+00:00,2,1.5605095541401643,0.99497150519607,0.1273584905660357,2025-09-09 06:00:00+00:00,2025-09-09 06:05:00+00:00,3650.62,3641.8635714285715,8.756428571428387,0.75,True,423427,423428,0,3650.74,0.5071999999999389,1.0004078636104548,1.372705767191478,-1.1237458193979817,1.0,tp1,2025,2025-09,2025-09-09,0.034260543274329786,0.9657394567256702,0.03-0.05R,2025-09-09 06:00:00+00:00,3.293571428571405,3650.2525453670946,3650.74,0.8015999999999621,missing,missing,,2,Tuesday,post_close,0.11156722751406942,,True,False,False,True,False,False,True,True,True,True,False,False,True,False,True,False,True,False,False,True,True,2025-09-09 06:00:00+00:00,3648.39,3647.5793404365736,5.0428571428571365,0.16075402107603115,True,False,1,1,1,True,False,False,False,False,2025-09-09 06:05:00+00:00|demand|3650.62
21234,15min,m15_2c_1atr,demand,3646.19,3641.99,2025-09-09 11:45:00+00:00,2025-09-09 11:00:00+00:00,2025-09-09 11:15:00+00:00,2025-09-09 11:30:00+00:00,2,1.113231552162848,0.6234096692112353,0.34523809523813775,2025-09-09 15:35:00+00:00,2025-09-09 16:05:00+00:00,3652.95,3641.256714285714,11.693285714285594,3.8333333333333335,True,423547,423548,5,3653.03,0.8165680473373039,1.87971118957157,1.0074157330824658,-0.02223498222421125,1.0,tp1,2025,2025-09,2025-09-09,0.025655748720267085,0.9743442512797329,<=0.03R,2025-09-09 16:00:00+00:00,3.581428571428595,3649.109674338891,3653.03,0.9748520710059728,inside,inside,3.8299999999999272,12,Tuesday,ny_main,1.07228877653611,1.0694056641403795,True,False,True,True,True,False,False,False,False,True,True,True,True,False,False,False,True,False,True,True,True,2025-09-09 16:00:00+00:00,3652.78,3650.4824876041994,4.569999999999936,0.5027379421883708,True,False,7,3,2,True,True,False,False,True,2025-09-09 16:05:00+00:00|demand|3652.95
21245,15min,m15_2c_1atr,demand,3645.4,3639.95,2025-09-10 09:15:00+00:00,2025-09-10 08:30:00+00:00,2025-09-10 08:45:00+00:00,2025-09-10 09:00:00+00:00,2,1.315823746472745,1.6561753852833578,0.4201834862385044,2025-09-10 09:25:00+00:00,2025-09-10 10:05:00+00:00,3646.78,3639.363571428571,7.416428571429151,0.16666666666666666,True,423751,423752,7,3646.67,0.5136612021858,1.4562265241258245,1.0840797457381977,-2.2220938071846503,1.0,tp1,2025,2025-09,2025-09-10,0.04045073678127393,0.959549263218726,0.03-0.05R,2025-09-10 10:00:00+00:00,2.9449999999999688,3644.85052865528,3646.67,0.9763205828779411,missing,missing,,6,Wednesday,asia_late,0.655168538105352,,True,False,False,True,False,False,False,False,False,True,False,False,False,False,False,False,False,False,False,True,True,2025-09-10 10:00:00+00:00,3647.16,3644.299484847178,3.9007142857142947,0.7333311140726052,True,False,7,3,2,True,False,False,False,False,2025-09-10 10:05:00+00:00|demand|3646.78
21251,15min,m15_2c_1atr,supply,3649.75,3647.47,2025-09-10 22:00:00+00:00,2025-09-10 21:15:00+00:00,2025-09-10 21:30:00+00:00,2025-09-10 21:45:00+00:00,2,1.0128061109863704,0.7171422152325915,0.5482456140350396,2025-09-11 04:10:00+00:00,2025-09-11 04:40:00+00:00,3643.96,3650.221,6.260999999999967,6.166666666666667,True,423962,423963,5,3643.98,0.8163934426229523,4.938508225523117,1.0429643826864365,-0.6005430442420993,1.0,tp1,2025,2025-09,2025-09-11,0.04791566842357476,0.9520843315764252,0.03-0.05R,2025-09-11 04:35:00+00:00,2.3435714285714897,3645.771249354442,3643.98,0.1836065573770477,missing,missing,,0,Thursday,post_close,-0.7728586090272516,,False,True,False,True,False,False,False,False,False,True,True,True,True,False,False,False,False,False,False,True,True,2025-09-11 04:30:00+00:00,3643.24,3645.0185081414834,3.254285714285743,-0.5465125983487744,True,False,5,3,2,True,False,False,False,False,2025-09-11 04:40:00+00:00|supply|3643.96
21257,15min,m15_2c_1atr,supply,3638.96,3634.41,2025-09-11 06:30:00+00:00,2025-09-11 05:45:00+00:00,2025-09-11 06:00:00+00:00,2025-09-11 06:15:00+00:00,2,1.0619985412107462,1.161560904449341,0.26153846153846305,2025-09-11 07:30:00+00:00,2025-09-11 07:40:00+00:00,3631.83,3639.2804285714287,7.450428571428802,1.0,True,423998,423999,1,3631.85,0.9166666666666295,2.522002569363137,1.1422161716487966,-3.0964661668551408,1.0,tp1,2025,2025-09,2025-09-11,0.04026614001111988,0.9597338599888802,0.03-0.05R,2025-09-11 07:35:00+00:00,1.5785714285713897,3633.054828610863,3631.85,0.08333333333337048,missing,missing,,3,Thursday,asia_late,-0.7759095272434944,,False,True,False,True,False,False,True,True,True,True,True,True,False,False,False,False,True,False,False,True,True,2025-09-11 07:30:00+00:00,3631.76,3633.967662206036,3.8021428571428584,-0.5806363119387841,True,False,2,2,1,True,False,False,False,False,2025-09-11 07:40:00+00:00|supply|3631.83
21263,15min,m15_2c_1atr,demand,3619.53,3614.2,2025-09-11 13:15:00+00:00,2025-09-11 12:15:00+00:00,2025-09-11 12:30:00+00:00,2025-09-11 13:00:00+00:00,3,1.0302757793765598,1.1184052757794525,0.30206378986867016,2025-09-11 14:30:00+00:00,2025-09-11 15:15:00+00:00,3620.07,3613.789142857143,6.280857142857258,1.25,True,424089,424090,8,3619.94,0.3680297397770321,3.2272665241322223,1.1192739844425352,4.706364008551968,1.0,tp1,2025,2025-09,2025-09-11,0.0477641814129091,0.9522358185870909,0.03-0.05R,2025-09-11 15:10:00+00:00,1.9907142857142779,3618.76423596003,3619.94,0.8438661710036935,inside,inside,4.019999999999982,11,Thursday,london_ny_overlap,0.6559273971863245,2.0193756727664143,True,False,False,True,False,False,False,False,False,False,False,False,False,False,False,False,True,False,True,True,True,2025-09-11 15:00:00+00:00,3619.94,3619.718951039852,4.021428571428552,0.05496776984141679,True,True,1,1,1,True,False,False,False,True,2025-09-11 15:15:00+00:00|demand|3620.07
21292,15min,m15_2c_1atr,demand,3637.82,3634.16,2025-09-15 10:45:00+00:00,2025-09-15 10:00:00+00:00,2025-09-15 10:15:00+00:00,2025-09-15 10:30:00+00:00,2,1.6598607888630061,1.1888631090488269,0.14207650273222347,2025-09-15 12:35:00+00:00,2025-09-15 13:00:00+00:00,3641.34,3633.673,7.667000000000371,1.8333333333333333,True,424614,424615,4,3641.33,0.7320261437907913,7.510108256162402,0.562149471762063,6.705360636493722,1.0,tp1,2025,2025-09,2025-09-15,0.039128733533322746,0.9608712664666772,0.03-0.05R,2025-09-15 12:55:00+00:00,2.3214285714285388,3639.874880702032,3641.33,0.856209150326777,missing,missing,,9,Monday,london_ny_overlap,0.6311283129709078,,True,False,False,True,False,False,False,False,False,True,True,True,False,False,True,False,True,False,True,True,True,2025-09-15 12:45:00+00:00,3641.33,3641.272327027131,4.2014285714285835,0.013726991162318698,True,True,2,2,1,True,True,False,False,False,2025-09-15 13:00:00+00:00|demand|3641.34
21308,15min,m15_2c_1atr,demand,3680.46,3674.82,2025-09-16 06:30:00+00:00,2025-09-16 05:45:00+00:00,2025-09-16 06:00:00+00:00,2025-09-16 06:15:00+00:00,2,1.0419287211739587,1.3794549266247231,0.033687943262421784,2025-09-16 07:35:00+00:00,2025-09-16 07:45:00+00:00,3682.75,3674.5614285714287,8.188571428571322,1.0833333333333333,True,424827,424828,1,3682.76,0.7955390334573547,2.492498255408249,1.027041172365662,-0.5739706908583244,1.0,tp1,2025,2025-09,2025-09-16,0.036636427076064675,0.9633635729239354,0.03-0.05R,2025-09-16 07:40:00+00:00,1.326428571428583,3681.880999500538,3682.76,0.9405204460967096,missing,missing,,3,Tuesday,asia_late,0.6551430798312524,,True,False,False,True,False,False,True,True,True,True,True,True,False,False,False,False,True,False,False,True,True,2025-09-16 07:30:00+00:00,3682.76,3681.6142797242155,2.9935714285713857,0.382726887639847,True,True,4,3,2,True,False,False,False,False,2025-09-16 07:45:00+00:00|demand|3682.75
21314,15min,m15_2c_1atr,demand,3698.62,3692.16,2025-09-16 17:15:00+00:00,2025-09-16 16:30:00+00:00,2025-09-16 16:45:00+00:00,2025-09-16 17:00:00+00:00,2,1.335057034220556,1.375513307984827,0.1934984520123828,2025-09-16 17:15:00+00:00,2025-09-16 17:20:00+00:00,3702.14,3691.4002857142855,10.739714285714399,0.0,True,424942,424943,0,3702.2,0.5482546201231371,0.0,1.2253584825347577,-1.501902152225337,-1.0,stop,2025,2025-09,2025-09-16,0.02793370400915132,-1.0279337040091514,<=0.03R,2025-09-16 17:15:00+00:00,3.7464285714285586,3697.6686287787593,3702.2,0.8028747433264768,above,above,2.7600000000002183,13,Tuesday,ny_main,1.1935023278811907,0.7367016205910999,True,False,True,True,True,False,True,True,True,True,False,False,False,False,False,False,True,False,True,True,True,2025-09-16 17:15:00+00:00,3692.95,3694.137972135843,5.277142857142735,-0.22511653900656922,False,False,2,2,2,True,False,True,False,False,2025-09-16 17:20:00+00:00|demand|3702.14
21349,15min,m15_2c_1atr,demand,3639.92,3636.83,2025-09-19 04:15:00+00:00,2025-09-19 03:15:00+00:00,2025-09-19 03:30:00+00:00,2025-09-19 04:00:00+00:00,3,3.3674242424243257,1.0241477272727697,0.41747572815530837,2025-09-19 04:50:00+00:00,2025-09-19 05:10:00+00:00,3642.77,3636.078571428571,6.691428571428787,0.5833333333333334,True,425624,425625,3,3642.84,0.8461538461537891,8.077497865072354,0.008966695132357056,7.08219470537977,1.0,tp1,2025,2025-09,2025-09-19,0.04483347566182605,0.955166524338174,0.03-0.05R,2025-09-19 05:05:00+00:00,3.760714285714422,3642.45063531841,3642.84,0.8974358974358947,missing,missing,,1,Friday,post_close,0.08492128285389335,,True,False,False,True,False,False,False,False,True,True,True,True,False,False,True,True,False,False,False,True,True,2025-09-19 05:00:00+00:00,3646.92,3643.76012800517,4.650000000000058,0.6795423644795947,True,False,6,3,2,True,False,False,False,False,2025-09-19 05:10:00+00:00|demand|3642.77
21376,15min,m15_2c_1atr,demand,3718.9,3713.46,2025-09-22 16:15:00+00:00,2025-09-22 15:30:00+00:00,2025-09-22 15:45:00+00:00,2025-09-22 16:00:00+00:00,2,1.5648960739029336,1.1725943033102373,0.036764705882319136,2025-09-22 16:30:00+00:00,2025-09-22 16:55:00+00:00,3720.14,3712.5914285714284,7.548571428571449,0.25,True,426041,426042,4,3720.17,0.8995363214837612,9.407077971233917,0.4345193035578757,7.153671461014364,1.0,tp1,2025,2025-09,2025-09-22,0.03974261922785757,0.9602573807721424,0.03-0.05R,2025-09-22 16:50:00+00:00,4.463571428571478,3719.271366616923,3720.17,0.8995363214837612,below,below,6.140000000000327,12,Monday,ny_main,0.19460501461157026,1.3755800928149085,True,False,False,True,False,False,False,False,False,True,True,True,False,False,True,False,True,False,True,True,True,2025-09-22 16:45:00+00:00,3722.39,3721.072691321356,5.432857142857107,0.24247070077586244,True,False,6,4,2,True,True,False,True,False,2025-09-22 16:55:00+00:00|demand|3720.14
21388,15min,m15_2c_1atr,demand,3778.12,3767.76,2025-09-23 18:15:00+00:00,2025-09-23 17:15:00+00:00,2025-09-23 17:30:00+00:00,2025-09-23 18:00:00+00:00,3,1.1965683646112983,1.5553887399463315,0.5878378378378266,2025-09-23 18:20:00+00:00,2025-09-23 18:30:00+00:00,3780.38,3767.145142857143,13.234857142856981,0.08333333333333333,True,426336,426337,1,3780.36,0.8833922261484326,0.12844868528991485,1.149237943094011,-3.114502828029935,-1.0,stop,2025,2025-09,2025-09-23,0.02266741505116387,-1.0226674150511639,<=0.03R,2025-09-23 18:25:00+00:00,3.2542857142856456,3777.6247665719384,3780.36,0.992932862190819,below,below,6.210000000000036,14,Tuesday,ny_main,0.846647673241111,1.9082528533802094,True,False,True,True,True,False,True,True,True,True,True,True,False,False,False,False,False,False,True,True,True,2025-09-23 18:15:00+00:00,3780.36,3778.3964031823607,6.568571428571431,0.2989381845036099,True,True,0,0,0,False,False,False,True,False,2025-09-23 18:30:00+00:00|demand|3780.38
21389,15min,m15_2c_1atr,demand,3778.01,3765.17,2025-09-23 20:15:00+00:00,2025-09-23 19:30:00+00:00,2025-09-23 19:45:00+00:00,2025-09-23 20:00:00+00:00,2,1.0840675857780064,1.8633772157147637,0.11682242990654074,2025-09-23 20:30:00+00:00,2025-09-23 20:50:00+00:00,3780.61,3764.520857142857,16.089142857143088,0.25,True,426364,426365,3,3780.6,0.9629629629629006,0.052830657763880504,1.514686034948146,-3.338897570677621,-1.0,stop,2025,2025-09,2025-09-23,0.018646114504900998,-1.018646114504901,<=0.03R,2025-09-23 20:45:00+00:00,3.347142857142834,3779.8574549844075,3780.6,0.9629629629629006,below,below,6.210000000000036,16,Tuesday,ny_main,0.22483205758210204,1.8553137003841467,True,False,True,True,True,True,False,False,True,True,True,True,False,False,False,False,True,False,True,True,True,2025-09-23 20:45:00+00:00,3777.42,3778.5018336635153,5.685714285714312,-0.190272252377049,False,False,1,1,1,True,False,False,True,False,2025-09-23 20:50:00+00:00|demand|3780.61
21406,15min,m15_2c_1atr,demand,3741.79,3739.65,2025-09-25 03:15:00+00:00,2025-09-25 02:15:00+00:00,2025-09-25 02:30:00+00:00,2025-09-25 03:00:00+00:00,3,2.6646840148697777,0.5568773234200299,0.9859813084113331,2025-09-25 04:10:00+00:00,2025-09-25 04:25:00+00:00,3746.34,3739.083285714286,7.256714285714224,0.9166666666666666,True,426719,426720,2,3746.29,0.7095238095238445,0.1102427308698966,1.0927810697482627,-0.7289800578774348,-1.0,stop,2025,2025-09,2025-09-25,0.04134102407622532,-1.0413410240762253,0.03-0.05R,2025-09-25 04:20:00+00:00,2.765000000000003,3745.401140286535,3746.29,0.9571428571428943,missing,missing,,0,Thursday,post_close,0.3395514334413243,,True,False,False,True,False,False,False,True,True,True,True,True,True,False,True,True,False,True,False,True,True,2025-09-25 04:15:00+00:00,3744.3,3744.879007528659,4.677857142857225,-0.12377623150436036,False,False,2,2,2,True,False,False,False,False,2025-09-25 04:25:00+00:00|demand|3746.34
21408,15min,m15_2c_1atr,demand,3736.4,3729.69,2025-09-25 05:45:00+00:00,2025-09-25 05:00:00+00:00,2025-09-25 05:15:00+00:00,2025-09-25 05:30:00+00:00,2,1.7018181818181948,1.2199999999999993,0.4888226527570384,2025-09-25 05:55:00+00:00,2025-09-25 06:00:00+00:00,3739.61,3729.1112857142857,10.498714285714414,0.16666666666666666,True,426738,426739,0,3739.58,0.572755417956625,2.091684696085213,1.4220788940142435,0.5591160822413457,1.0,tp1,2025,2025-09,2025-09-25,0.02857492754214767,0.9714250724578524,<=0.03R,2025-09-25 05:55:00+00:00,3.1071428571429545,3738.687443508516,3739.58,0.9876160990712187,missing,missing,,2,Thursday,post_close,0.29691473289142567,,True,False,True,True,True,False,True,True,True,True,False,False,False,False,True,False,False,False,False,True,True,2025-09-25 05:45:00+00:00,3739.58,3739.614620055169,5.783571428571479,-0.005985930250280411,False,True,2,2,1,True,False,False,False,False,2025-09-25 06:00:00+00:00|demand|3739.61
21414,15min,m15_2c_1atr,demand,3743.87,3740.0,2025-09-25 10:45:00+00:00,2025-09-25 09:45:00+00:00,2025-09-25 10:00:00+00:00,2025-09-25 10:30:00+00:00,3,2.0698110486081354,0.7814798788403179,0.26873385012919715,2025-09-25 14:10:00+00:00,2025-09-25 14:30:00+00:00,3749.93,3739.240142857143,10.689857142856908,3.4166666666666665,True,426840,426841,3,3749.88,0.7990074441688482,0.5594087853639771,1.3601678493632412,0.360154485560453,-1.0,stop,2025,2025-09,2025-09-25,0.028063985887824855,-1.0280639858878249,<=0.03R,2025-09-25 14:25:00+00:00,3.7571428571428833,3749.7403286096883,3749.88,0.8114143920596001,below,below,3.200000000000273,10,Thursday,london_ny_overlap,0.05048287955060488,0.8517110266160363,True,False,True,True,True,False,False,False,True,True,True,True,True,False,True,True,True,False,True,True,True,2025-09-25 14:15:00+00:00,3749.88,3752.562207050206,5.992857142857247,-0.44756732661358767,False,True,6,4,2,True,False,False,True,False,2025-09-25 14:30:00+00:00|demand|3749.93
21438,15min,m15_2c_1atr,demand,3772.49,3766.44,2025-09-29 03:30:00+00:00,2025-09-29 02:45:00+00:00,2025-09-29 03:00:00+00:00,2025-09-29 03:15:00+00:00,2,2.0499720826353993,1.1823003908430756,0.5123966942149593,2025-09-29 04:20:00+00:00,2025-09-29 04:50:00+00:00,3778.53,3765.251,13.278999999999996,0.8333333333333334,True,427276,427277,5,3778.55,0.8326359832636254,5.533549213043154,0.38406506514047484,5.310640861510656,1.0,tp1,2025,2025-09,2025-09-29,0.022592062655320436,0.9774079373446796,<=0.03R,2025-09-29 04:45:00+00:00,5.809285714285677,3775.1952132886117,3778.55,0.9079497907950003,missing,missing,,0,Monday,post_close,0.5740441898369452,,True,False,True,True,True,False,False,False,False,True,True,True,False,False,True,True,False,False,False,True,True,2025-09-29 04:45:00+00:00,3778.76,3775.9857654094562,6.461428571428509,0.4293531314129576,True,False,3,2,2,True,False,False,False,False,2025-09-29 04:50:00+00:00|demand|3778.53
21447,15min,m15_2c_1atr,supply,3831.39,3824.2,2025-09-29 15:30:00+00:00,2025-09-29 14:45:00+00:00,2025-09-29 15:00:00+00:00,2025-09-29 15:15:00+00:00,2,2.1375464684014696,1.3364312267657983,0.24061196105702434,2025-09-29 16:30:00+00:00,2025-09-29 16:50:00+00:00,3821.63,3832.339571428571,10.709571428571053,1.0,True,427420,427421,3,3821.64,0.7465224111282438,0.4519321834941002,1.0392572732002547,-3.0701508663813257,-1.0,stop,2025,2025-09,2025-09-29,0.028012325423187184,-1.0280123254231872,<=0.03R,2025-09-29 16:45:00+00:00,4.563571428571452,3822.2554392321904,3821.64,0.08037094281297702,above,above,10.889999999999873,12,Monday,ny_main,-0.13705038739495687,2.386288934105454,False,True,True,True,True,False,False,False,True,True,True,True,False,False,True,True,True,False,True,True,True,2025-09-29 16:45:00+00:00,3821.43,3820.927193397451,6.587142857142941,0.07633151632708447,False,False,2,2,2,True,False,False,True,False,2025-09-29 16:50:00+00:00|supply|3821.63
21467,15min,m15_2c_1atr,demand,3864.3,3858.59,2025-10-01 09:45:00+00:00,2025-10-01 09:00:00+00:00,2025-10-01 09:15:00+00:00,2025-10-01 09:30:00+00:00,2,1.0579096045197602,1.1290960451977516,0.8056042031524229,2025-10-01 09:45:00+00:00,2025-10-01 10:15:00+00:00,3866.79,3857.922142857143,8.867857142856792,0.0,True,427893,427894,5,3866.83,0.8864142538975972,3.2127265404753853,1.1513491743858733,0.10712847362060395,1.0,tp1,2025,2025-10,2025-10-01,0.03383004430124983,0.9661699556987502,0.03-0.05R,2025-10-01 10:10:00+00:00,3.4764285714285443,3862.7832503363284,3866.83,0.9064587973273734,missing,missing,,6,Wednesday,asia_late,1.1525476739552665,,True,False,False,True,False,False,False,False,False,True,True,True,False,False,False,False,False,True,False,True,True,2025-10-01 10:00:00+00:00,3866.83,3862.961507771935,5.3328571428571,0.7254070612497958,True,True,8,3,2,True,False,False,False,False,2025-10-01 10:15:00+00:00|demand|3866.79
21468,15min,m15_2c_1atr,demand,3864.96,3857.86,2025-10-01 10:30:00+00:00,2025-10-01 09:45:00+00:00,2025-10-01 10:00:00+00:00,2025-10-01 10:15:00+00:00,2,2.0959409594095435,1.3099630996309855,0.6690140845070508,2025-10-01 15:55:00+00:00,2025-10-01 16:30:00+00:00,3869.99,3856.7690000000002,13.220999999999549,5.416666666666667,True,427968,427969,6,3870.01,0.7282608695653109,0.6625822555026486,1.0142954390742238,-0.962862113304591,-1.0,stop,2025,2025-10,2025-10-01,0.022691173133651783,-1.0226911731336519,<=0.03R,2025-10-01 16:25:00+00:00,5.590000000000081,3869.9666956865776,3870.01,0.9478260869565681,below,below,3.7399999999997817,12,Wednesday,ny_main,0.004168929055842316,0.6690518783541552,True,False,True,True,True,False,False,False,False,True,True,True,False,False,True,True,False,True,True,True,True,2025-10-01 16:15:00+00:00,3870.01,3874.6195701080005,6.251428571428603,-0.7373626772395321,False,True,11,4,2,True,False,False,True,False,2025-10-01 16:30:00+00:00|demand|3869.99
21470,15min,m15_2c_1atr,supply,3889.67,3886.12,2025-10-01 14:30:00+00:00,2025-10-01 13:45:00+00:00,2025-10-01 14:00:00+00:00,2025-10-01 14:15:00+00:00,2,1.033891599630731,0.6554134247659541,0.042253521126784016,2025-10-01 15:15:00+00:00,2025-10-01 15:25:00+00:00,3881.12,3890.422,9.302000000000135,0.75,True,427955,427956,1,3881.14,0.8501664816870281,3.03913136959789,1.169640937432805,-1.3771231993119502,1.0,tp1,2025,2025-10,2025-10-01,0.032251128789507165,0.9677488712104928,0.03-0.05R,2025-10-01 15:20:00+00:00,3.4299999999999664,3883.892522149191,3881.14,0.011098779134284864,below,below,3.7399999999997817,11,Wednesday,london_ny_overlap,-0.8083154953909673,1.0903790087463028,False,True,False,True,False,False,True,True,True,True,True,True,True,False,False,False,True,False,True,True,True,2025-10-01 15:15:00+00:00,3877.86,3883.0040647557653,5.490714285714278,-0.9368662232432978,True,False,0,0,0,False,False,True,False,False,2025-10-01 15:25:00+00:00|supply|3881.12
21472,15min,m15_2c_1atr,demand,3874.15,3865.5,2025-10-01 16:45:00+00:00,2025-10-01 16:00:00+00:00,2025-10-01 16:15:00+00:00,2025-10-01 16:30:00+00:00,2,1.0702384841554975,1.3187411521289423,0.5445086705202297,2025-10-01 16:45:00+00:00,2025-10-01 17:30:00+00:00,3875.29,3864.5522857142855,10.737714285714446,0.0,True,427980,427981,8,3875.28,0.8795918367347593,0.3222287265180125,1.742456495130625,-4.3323931669415545,-1.0,stop,2025,2025-10,2025-10-01,0.027938906923526803,-1.0279389069235267,<=0.03R,2025-10-01 17:25:00+00:00,4.825714285714314,3872.3497027361745,3875.28,0.8795918367347593,below,below,3.7399999999997817,13,Wednesday,ny_main,0.6092978344220775,0.7750148016577358,True,False,True,True,True,False,False,False,False,True,True,True,False,False,False,False,False,False,True,True,True,2025-10-01 17:15:00+00:00,3875.28,3873.580680967735,7.475000000000007,0.22733364980134643,True,True,2,2,1,True,False,False,True,False,2025-10-01 17:30:00+00:00|demand|3875.29
21483,15min,m15_2c_1atr,demand,3864.94,3861.9,2025-10-02 08:30:00+00:00,2025-10-02 07:45:00+00:00,2025-10-02 08:00:00+00:00,2025-10-02 08:15:00+00:00,2,1.4184782608696473,0.8260869565217368,0.1875000000000561,2025-10-02 09:55:00+00:00,2025-10-02 10:10:00+00:00,3871.61,3861.3145714285715,10.295428571428602,1.4166666666666667,True,428168,428169,2,3871.57,0.7289048473967967,2.4826552700227436,1.340400732641408,-0.9528500860298525,1.0,tp1,2025,2025-10,2025-10-02,0.029139146361769355,0.9708608536382306,<=0.03R,2025-10-02 10:05:00+00:00,2.9535714285713897,3869.095097787419,3871.57,0.7594254937163805,missing,missing,,6,Thursday,asia_late,0.8514783791084823,,True,False,True,True,True,False,False,True,True,True,True,True,True,False,False,False,True,False,False,True,True,2025-10-02 10:00:00+00:00,3873.22,3869.442376649947,4.007142857142786,0.9427224046477334,True,False,7,3,2,True,False,False,False,False,2025-10-02 10:10:00+00:00|demand|3871.61
21487,15min,m15_2c_1atr,demand,3888.53,3881.53,2025-10-02 16:15:00+00:00,2025-10-02 15:30:00+00:00,2025-10-02 15:45:00+00:00,2025-10-02 16:00:00+00:00,2,1.6796785304248176,1.4064293915040125,0.04142857142856623,2025-10-02 16:15:00+00:00,2025-10-02 16:20:00+00:00,3890.46,3880.7742857142857,9.685714285714312,0.0,True,428242,428243,0,3890.41,0.16235294117648344,0.692772861356934,1.3525073746312555,-1.5445427728613565,-1.0,stop,2025,2025-10,2025-10-02,0.030973451327433545,-1.0309734513274336,0.03-0.05R,2025-10-02 16:15:00+00:00,3.8871428571429596,3887.8991264200295,3890.41,0.7199999999999872,above,above,7.989999999999782,12,Thursday,ny_main,0.6588061396469517,2.0554943035647555,True,False,False,True,False,False,True,True,True,False,False,False,False,False,True,False,True,False,True,True,True,2025-10-02 16:15:00+00:00,3893.93,3887.12708302895,5.157142857142877,1.319125174441795,True,False,1,1,1,True,False,True,False,False,2025-10-02 16:20:00+00:00|demand|3890.46
21488,15min,m15_2c_1atr,supply,3893.97,3887.35,2025-10-02 17:00:00+00:00,2025-10-02 16:15:00+00:00,2025-10-02 16:30:00+00:00,2025-10-02 16:45:00+00:00,2,2.9584026622296125,1.0280643372157232,0.4274924471299054,2025-10-03 16:40:00+00:00,2025-10-03 17:05:00+00:00,3879.4,3895.146714285714,15.746714285714006,23.666666666666668,True,428527,428528,4,3879.41,0.9609375000000688,0.8249339998367303,1.052918069075649,-4.747022054487641,-1.0,stop,2025,2025-10,2025-10-03,0.019051593529716287,-1.0190515935297162,<=0.03R,2025-10-03 17:00:00+00:00,5.470000000000027,3881.827989971009,3879.41,0.014062499999952483,above,above,3.7800000000002,13,Friday,ny_main,-0.4438738521040349,0.6910420475320258,False,True,True,True,True,True,False,False,False,True,True,True,False,False,True,True,False,False,True,True,True,2025-10-03 17:00:00+00:00,3867.24,3874.713613588892,7.6535714285715,-0.9764870764767832,True,False,3,3,2,True,False,False,True,False,2025-10-03 17:05:00+00:00|supply|3879.4
21497,15min,m15_2c_1atr,demand,3859.25,3853.45,2025-10-03 09:30:00+00:00,2025-10-03 08:45:00+00:00,2025-10-03 09:00:00+00:00,2025-10-03 09:15:00+00:00,2,1.1327382666282453,1.1690181399366826,0.0965517241379186,2025-10-03 09:30:00+00:00,2025-10-03 09:40:00+00:00,3860.76,3852.8861428571427,7.87385714285756,0.0,True,428438,428439,1,3860.74,0.9426229508195392,11.275287116497003,0.7429649654371678,10.988261334977734,1.0,tp1,2025,2025-10,2025-10-03,0.03810076745831393,0.9618992325416861,0.03-0.05R,2025-10-03 09:35:00+00:00,2.8814285714286143,3858.8157355374115,3860.74,0.9631147540983018,missing,missing,,5,Friday,asia_late,0.6747571263322327,,True,False,False,True,False,False,True,True,True,True,True,True,False,False,False,False,True,False,False,True,True,2025-10-03 09:30:00+00:00,3858.12,3855.4319337053075,4.777857142857199,0.5626091811286086,True,False,5,3,2,True,False,False,False,False,2025-10-03 09:40:00+00:00|demand|3860.76
21500,15min,m15_2c_1atr,demand,3861.14,3857.04,2025-10-03 13:00:00+00:00,2025-10-03 12:15:00+00:00,2025-10-03 12:30:00+00:00,2025-10-03 12:45:00+00:00,2,1.2852208689329625,1.0434466460643246,0.4073170731706476,2025-10-03 14:15:00+00:00,2025-10-03 14:50:00+00:00,3862.52,3856.3951428571427,6.124857142857309,1.25,True,428500,428501,6,3862.53,0.6694915254238333,14.207678313196421,0.3085786257405129,11.881093436581287,1.0,tp1,2025,2025-10,2025-10-03,0.04898073424452916,0.9510192657554708,0.03-0.05R,2025-10-03 14:45:00+00:00,3.2214285714285973,3860.9683831383054,3862.53,0.9463276836159317,inside,below,3.7800000000002,10,Friday,london_ny_overlap,0.48165490163467833,1.173392461197392,True,False,False,True,False,False,False,False,False,True,True,False,False,False,False,False,False,False,True,True,True,2025-10-03 14:45:00+00:00,3862.11,3862.0337620462433,4.407142857142909,0.017298725325702053,True,False,8,3,2,True,False,False,False,True,2025-10-03 14:50:00+00:00|demand|3862.52
21515,15min,m15_2c_1atr,supply,3949.54,3941.67,2025-10-06 11:45:00+00:00,2025-10-06 11:00:00+00:00,2025-10-06 11:15:00+00:00,2025-10-06 11:30:00+00:00,2,1.2405413414995332,1.0884125259310378,0.7090216010165767,2025-10-06 11:50:00+00:00,2025-10-06 12:25:00+00:00,3940.17,3950.3245714285713,10.154571428571217,0.08333333333333333,True,428741,428742,6,3940.18,0.7260726072608772,1.3452069440927517,1.4939084437692063,-1.6376860527278805,1.0,tp1,2025,2025-10,2025-10-06,0.02954334430657612,0.9704566556934239,<=0.03R,2025-10-06 12:20:00+00:00,3.7107142857142725,3941.900306936308,3940.18,0.01650165016492784,missing,missing,,8,Monday,london_ny_overlap,-0.4663002330762397,,False,True,True,True,True,False,False,False,False,True,True,True,False,False,False,False,False,True,True,True,True,2025-10-06 12:15:00+00:00,3943.73,3941.006923124065,6.944999999999969,0.3920917027984209,False,False,1,1,1,True,False,False,False,False,2025-10-06 12:25:00+00:00|supply|3940.17
21532,15min,m15_2c_1atr,supply,3985.25,3978.74,2025-10-07 16:45:00+00:00,2025-10-07 16:00:00+00:00,2025-10-07 16:15:00+00:00,2025-10-07 16:30:00+00:00,2,1.5565289945765384,0.9505632040050416,0.6190476190476291,2025-10-07 16:45:00+00:00,2025-10-07 17:05:00+00:00,3975.62,3986.305,10.684999999999945,0.0,True,429073,429074,3,3975.59,0.7439024390243497,0.6130088909686252,1.0191857744501995,-6.636406176883544,-1.0,stop,2025,2025-10,2025-10-07,0.028076743097800796,-1.0280767430978008,<=0.03R,2025-10-07 17:00:00+00:00,4.9799999999999205,3977.535679904937,3975.59,0.0,above,above,5.7800000000002,13,Tuesday,ny_main,-0.3846746797062212,1.1606425702811831,False,True,True,True,True,False,False,False,True,True,True,True,True,False,True,False,False,False,True,True,True,2025-10-07 17:00:00+00:00,3971.61,3974.5312410011893,7.65357142857137,-0.3816833785968151,True,False,0,0,0,False,False,False,True,False,2025-10-07 17:05:00+00:00|supply|3975.62
21534,15min,m15_2c_1atr,supply,3987.62,3979.16,2025-10-07 18:45:00+00:00,2025-10-07 18:00:00+00:00,2025-10-07 18:15:00+00:00,2025-10-07 18:30:00+00:00,2,1.611502899232091,0.9280677009873042,0.12174940898342092,2025-10-07 19:40:00+00:00,2025-10-07 19:50:00+00:00,3973.39,3988.885142857143,15.495142857143037,0.9166666666666666,True,429106,429107,1,3973.4,0.7714884696016457,0.11810152490180649,1.0183836409566143,-5.038353032286567,-1.0,stop,2025,2025-10,2025-10-07,0.01936090572160839,-1.0193609057216084,<=0.03R,2025-10-07 19:45:00+00:00,6.56142857142858,3973.752883134323,3973.4,0.2075471698113711,above,above,5.7800000000002,15,Tuesday,ny_main,-0.05530550708167619,0.8809057261049716,False,True,True,True,True,True,True,True,True,True,True,True,True,False,True,False,True,False,True,True,True,2025-10-07 19:45:00+00:00,3976.7,3974.428532177336,9.946428571428603,0.22837019402006903,False,False,3,3,2,True,False,False,True,False,2025-10-07 19:50:00+00:00|supply|3973.39
21535,15min,m15_2c_1atr,demand,3976.36,3963.19,2025-10-07 19:45:00+00:00,2025-10-07 19:00:00+00:00,2025-10-07 19:15:00+00:00,2025-10-07 19:30:00+00:00,2,1.2119491946356142,1.3083090896189644,0.11541381928625463,2025-10-07 19:45:00+00:00,2025-10-07 20:00:00+00:00,3976.74,3962.0648571428574,14.675142857142419,0.0,True,429108,429109,2,3976.7,0.6956521739130177,5.621751065942578,0.17035609290735085,4.8047232443589385,1.0,tp1,2025,2025-10,2025-10-07,0.0204427311488821,0.9795572688511179,<=0.03R,2025-10-07 19:55:00+00:00,5.87214285714286,3974.384830538047,3976.7,0.7217391304347336,above,above,5.7800000000002,16,Tuesday,ny_main,0.40107496006980364,0.9843084782873466,True,False,True,True,True,False,False,True,True,True,True,False,False,False,False,False,True,False,True,True,True,2025-10-07 19:45:00+00:00,3976.7,3974.428532177336,9.946428571428603,0.22837019402006903,True,True,12,4,2,True,True,True,False,False,2025-10-07 20:00:00+00:00|demand|3976.74
21544,15min,m15_2c_1atr,demand,4028.19,4021.44,2025-10-08 10:15:00+00:00,2025-10-08 09:15:00+00:00,2025-10-08 09:30:00+00:00,2025-10-08 10:00:00+00:00,3,1.8084129544608227,1.1726020598089073,0.1466666666667017,2025-10-08 16:35:00+00:00,2025-10-08 16:55:00+00:00,4036.49,4020.405714285714,16.08428571428567,6.333333333333333,True,429347,429348,3,4036.65,0.5653061224489654,1.4144240163424855,1.3112176925126409,-0.761612931876723,1.0,tp1,2025,2025-10,2025-10-08,0.018651745270450357,0.9813482547295497,<=0.03R,2025-10-08 16:50:00+00:00,5.112142857142901,4035.720373659202,4036.65,0.7795918367347128,below,below,11.730000000000018,12,Wednesday,ny_main,0.15054867641708386,2.2945368171021214,True,False,True,True,True,True,False,False,True,True,False,False,False,False,True,False,True,False,True,True,True,2025-10-08 16:45:00+00:00,4038.37,4037.838655341738,7.9021428571429295,0.06724057864652401,True,False,2,2,2,True,True,False,True,False,2025-10-08 16:55:00+00:00|demand|4036.49
21569,15min,m15_2c_1atr,supply,4027.22,4018.2,2025-10-09 18:45:00+00:00,2025-10-09 18:00:00+00:00,2025-10-09 18:15:00+00:00,2025-10-09 18:30:00+00:00,2,1.2626511180057554,0.6755108590991763,0.13082039911311458,2025-10-09 19:00:00+00:00,2025-10-09 19:15:00+00:00,4016.76,4028.351428571428,11.591428571427969,0.25,True,429651,429652,2,4016.78,0.7677966101694366,6.203721962041266,0.5348779886615848,2.836578752773142,1.0,tp1,2025,2025-10,2025-10-09,0.025881192999754856,0.9741188070002451,<=0.03R,2025-10-09 19:10:00+00:00,5.8714285714285905,4016.9956704653237,4016.78,0.1508474576271718,below,below,3.0700000000001637,15,Thursday,ny_main,-0.04013852207455125,0.5228710462287366,False,True,True,True,True,False,False,True,True,True,True,True,True,False,False,False,True,False,True,True,True,2025-10-09 19:00:00+00:00,4016.78,4018.3424061433248,13.794999999999943,-0.11325887229608975,True,True,3,3,2,True,True,True,False,False,2025-10-09 19:15:00+00:00|supply|4016.76
21570,15min,m15_2c_1atr,supply,4021.81,4013.88,2025-10-09 19:45:00+00:00,2025-10-09 19:00:00+00:00,2025-10-09 19:15:00+00:00,2025-10-09 19:30:00+00:00,2,1.9452456164446605,0.5082635169161666,0.28625472887768333,2025-10-10 18:20:00+00:00,2025-10-10 18:45:00+00:00,4007.92,4023.6124285714286,15.692428571428536,22.583333333333332,True,429921,429922,4,4008.35,0.5508166969147164,2.088905477618887,1.4420967345489737,-6.645880178794154,1.0,tp1,2025,2025-10,2025-10-10,0.019117499795169687,0.9808825002048304,<=0.03R,2025-10-10 18:40:00+00:00,8.574285714285711,4008.7822442042507,4008.35,0.2549909255898321,above,above,8.110000000000127,14,Friday,ny_main,-0.10056163661703113,0.9458513828723911,False,True,True,True,True,True,False,False,False,True,False,False,True,False,True,False,True,False,True,True,True,2025-10-10 18:30:00+00:00,4008.35,3999.2559003448496,11.957142857142928,0.7605579162013373,False,True,4,4,2,True,False,False,True,False,2025-10-10 18:45:00+00:00|supply|4007.92
21576,15min,m15_2c_1atr,demand,3964.59,3947.09,2025-10-10 07:45:00+00:00,2025-10-10 07:00:00+00:00,2025-10-10 07:15:00+00:00,2025-10-10 07:30:00+00:00,2,1.6988640814728078,1.9193106149627943,0.7942857142857195,2025-10-10 07:45:00+00:00,2025-10-10 07:50:00+00:00,3966.22,3946.1537142857146,20.066285714285186,0.0,True,429790,429791,0,3966.23,0.8000000000001025,5.581501309944332,0.678252078824469,5.2839873561910595,1.0,tp1,2025,2025-10,2025-10-10,0.014950449937350889,0.9850495500626492,<=0.03R,2025-10-10 07:45:00+00:00,4.992857142857052,3961.677692544089,3966.23,0.9971830985916157,missing,missing,,3,Friday,asia_late,0.9097611499678366,,True,False,True,True,True,True,True,True,True,True,True,True,False,False,True,False,False,True,False,True,True,2025-10-10 07:45:00+00:00,3966.39,3964.9330173958533,8.731428571428555,0.16686646317123593,True,False,2,2,2,True,False,False,False,False,2025-10-10 07:50:00+00:00|demand|3966.22
21590,15min,m15_2c_1atr,demand,4036.21,4025.24,2025-10-13 03:45:00+00:00,2025-10-13 03:00:00+00:00,2025-10-13 03:15:00+00:00,2025-10-13 03:30:00+00:00,2,1.7628534057752132,0.7726129389274764,0.28988149498630467,2025-10-13 04:00:00+00:00,2025-10-13 04:10:00+00:00,4049.7,4023.365714285714,26.33428571428567,0.25,True,430022,430023,1,4049.66,0.9006711409396242,3.808343278724102,0.43935119887163987,3.4855701421286795,1.0,tp1,2025,2025-10,2025-10-13,0.011391993056309013,0.988608006943691,<=0.03R,2025-10-13 04:05:00+00:00,9.055714285714268,4045.4954856529816,4049.66,0.9718120805369072,missing,missing,,0,Monday,post_close,0.46429405945933566,,True,False,True,True,True,True,True,True,True,True,True,True,True,False,True,False,True,False,False,True,True,2025-10-13 04:00:00+00:00,4044.29,4042.173112637378,15.739999999999943,0.13449093790483133,True,False,0,0,0,False,False,False,False,False,2025-10-13 04:10:00+00:00|demand|4049.7
21593,15min,m15_2c_1atr,supply,4084.47,4077.25,2025-10-13 15:00:00+00:00,2025-10-13 14:00:00+00:00,2025-10-13 14:15:00+00:00,2025-10-13 14:45:00+00:00,3,1.4819292604501901,1.3000643086816588,0.17867036011080323,2025-10-13 15:15:00+00:00,2025-10-13 15:50:00+00:00,4076.08,4085.1812857142854,9.101285714285495,0.25,True,430162,430163,6,4076.15,0.7979797979796928,0.06043102230451243,1.1031408435229157,-4.533425418700787,-1.0,stop,2025,2025-10,2025-10-13,0.03296237580247768,-1.0329623758024777,0.03-0.05R,2025-10-13 15:45:00+00:00,3.50142857142857,4078.7604761660077,4076.15,0.016835016835076638,inside,inside,6.2400000000002365,11,Monday,london_ny_overlap,-0.7655378687088763,1.7821297429621246,False,True,False,True,False,False,False,False,False,True,True,True,False,False,False,False,True,False,True,True,True,2025-10-13 15:45:00+00:00,4079.7,4078.677559531768,6.080714285714229,0.1681447968429935,False,False,0,0,0,False,False,False,False,True,2025-10-13 15:50:00+00:00|supply|4076.08
21599,15min,m15_2c_1atr,demand,4102.98,4090.79,2025-10-13 23:00:00+00:00,2025-10-13 22:00:00+00:00,2025-10-13 22:15:00+00:00,2025-10-13 22:45:00+00:00,3,1.4728083209509533,1.6905398712233255,0.30270713699751606,2025-10-14 09:20:00+00:00,2025-10-14 09:55:00+00:00,4109.38,4087.954142857143,21.42585714285724,10.333333333333334,True,430367,430368,6,4109.37,0.909940526762926,4.68872723878356,0.5274001373507372,4.589781372307145,1.0,tp1,2025,2025-10,2025-10-14,0.014001773557983948,0.9859982264420161,<=0.03R,2025-10-14 09:50:00+00:00,14.883571428571486,4108.338190315375,4109.37,0.909940526762926,missing,missing,,5,Tuesday,asia_late,0.06999729128354391,,True,False,True,True,True,True,False,False,False,True,True,True,False,False,False,False,True,False,False,True,True,2025-10-14 09:45:00+00:00,4112.27,4123.668611745099,17.259999999999895,-0.6604062424738514,False,False,4,3,2,True,False,False,False,False,2025-10-14 09:55:00+00:00|demand|4109.38
21613,15min,m15_2c_1atr,demand,4168.08,4159.42,2025-10-15 04:30:00+00:00,2025-10-15 03:45:00+00:00,2025-10-15 04:00:00+00:00,2025-10-15 04:15:00+00:00,2,2.1096015676029003,0.791900718484626,0.5496535796767088,2025-10-15 05:30:00+00:00,2025-10-15 05:55:00+00:00,4174.81,4158.353857142857,16.456142857143277,1.0,True,430595,430596,4,4174.87,0.4581901489118213,4.093304280641928,0.6313751703662587,3.5919717343934714,1.0,tp1,2025,2025-10,2025-10-15,0.018230274409034804,0.9817697255909652,<=0.03R,2025-10-15 05:50:00+00:00,5.343571428571328,4174.478683311631,4174.87,0.7514318442153286,missing,missing,,1,Wednesday,post_close,0.06200285573007201,,True,False,True,True,True,True,False,False,False,True,False,False,True,False,True,True,False,False,False,True,True,2025-10-15 05:45:00+00:00,4176.56,4175.51647502561,10.468571428571522,0.09968169788118707,True,False,5,3,2,True,False,False,False,False,2025-10-15 05:55:00+00:00|demand|4174.81
21624,15min,m15_2c_1atr,demand,4213.2,4206.25,2025-10-16 03:15:00+00:00,2025-10-16 02:30:00+00:00,2025-10-16 02:45:00+00:00,2025-10-16 03:00:00+00:00,2,1.081911648401342,1.0993108123375688,0.5697841726618906,2025-10-16 03:55:00+00:00,2025-10-16 04:15:00+00:00,4220.98,4205.157428571429,15.822571428570882,0.6666666666666666,True,430851,430852,3,4220.7,0.501168224299091,1.3392260604200932,1.0592462846927464,6.970422001119854,1.0,tp1,2025,2025-10,2025-10-16,0.01896025569259171,0.9810397443074083,<=0.03R,2025-10-16 04:10:00+00:00,5.494285714285719,4217.576826119375,4220.7,0.7523364485981289,missing,missing,,0,Thursday,post_close,0.6194024223705183,,True,False,True,True,True,True,False,False,True,True,False,False,False,False,False,False,False,False,False,True,True,2025-10-16 04:00:00+00:00,4220.7,4216.107609480015,7.889285714285636,0.5821047286536303,True,True,2,2,1,True,False,False,False,False,2025-10-16 04:15:00+00:00|demand|4220.98
21632,15min,m15_2c_1atr,demand,4242.14,4236.64,2025-10-16 14:30:00+00:00,2025-10-16 13:15:00+00:00,2025-10-16 13:30:00+00:00,2025-10-16 14:15:00+00:00,4,1.0338227297444331,0.8374116367591181,0.20000000000006615,2025-10-16 14:45:00+00:00,2025-10-16 15:10:00+00:00,4243.23,4235.989428571429,7.240571428570547,0.25,True,430982,430983,4,4243.18,0.4608695652174578,1.092455212690634,1.5302659616448768,9.758898271645204,1.0,tp1,2025,2025-10,2025-10-16,0.04143319390735253,0.9585668060926474,0.03-0.05R,2025-10-16 15:05:00+00:00,3.329999999999797,4242.730701263847,4243.18,0.62608695652173,inside,inside,7.989999999999782,11,Thursday,london_ny_overlap,0.14993956040629233,2.39939939939948,True,False,False,True,False,False,False,False,False,True,False,False,True,False,False,False,True,False,True,True,True,2025-10-16 15:00:00+00:00,4244.96,4241.96419475158,6.739999999999847,0.44448149086349026,True,False,0,0,0,False,False,False,False,True,2025-10-16 15:10:00+00:00|demand|4243.23
21638,15min,m15_2c_1atr,demand,4293.83,4287.52,2025-10-16 23:00:00+00:00,2025-10-16 21:45:00+00:00,2025-10-16 22:00:00+00:00,2025-10-16 22:45:00+00:00,4,1.3438031057720672,0.5176677409902932,0.29952456418391127,2025-10-17 04:40:00+00:00,2025-10-17 05:05:00+00:00,4322.88,4283.830857142858,39.049142857142215,5.666666666666667,True,431137,431138,4,4322.89,0.589692101740337,1.4274321002107413,1.0046315265746013,-1.6801905291501011,1.0,tp1,2025,2025-10,2025-10-17,0.007682627019433514,0.9923173729805664,<=0.03R,2025-10-17 05:00:00+00:00,18.41357142857149,4316.18229607287,4322.89,0.6981258366800918,missing,missing,,1,Friday,post_close,0.3637373636674314,,True,False,True,True,True,True,False,False,False,True,False,False,True,False,False,False,True,False,False,True,True,2025-10-17 05:00:00+00:00,4328.15,4331.485952131433,21.276428571428628,-0.1567909821065079,False,False,5,4,2,True,False,False,False,False,2025-10-17 05:05:00+00:00|demand|4322.88
21649,15min,m15_2c_1atr,demand,4315.97,4291.83,2025-10-17 16:00:00+00:00,2025-10-17 15:15:00+00:00,2025-10-17 15:30:00+00:00,2025-10-17 15:45:00+00:00,2,1.292242203110062,1.4679871427330504,0.917978458989211,2025-10-17 16:00:00+00:00,2025-10-17 16:30:00+00:00,4315.81,4289.681571428571,26.12842857142914,0.0,True,431274,431275,5,4316.24,0.8888888888889505,0.053581484863215435,1.0035046665099197,0.17949797429180303,-1.0,stop,2025,2025-10,2025-10-17,0.011481746756406291,-1.0114817467564063,<=0.03R,2025-10-17 16:25:00+00:00,9.883571428571486,4311.299313258473,4316.24,0.9497716894977257,below,below,5.809999999999491,12,Friday,ny_main,0.4563822676980413,0.5878441858783869,True,False,True,True,True,True,False,False,False,True,True,True,False,False,False,False,False,True,True,True,True,2025-10-17 16:15:00+00:00,4316.24,4313.671918566845,17.222142857142963,0.1491150929623924,True,True,11,4,2,True,False,False,True,False,2025-10-17 16:30:00+00:00|demand|4315.81
21673,15min,m15_2c_1atr,supply,4344.16,4337.06,2025-10-21 08:30:00+00:00,2025-10-21 07:45:00+00:00,2025-10-21 08:00:00+00:00,2025-10-21 08:15:00+00:00,2,1.0937306021104318,0.8814400993171303,0.34647887323946835,2025-10-21 09:40:00+00:00,2025-10-21 10:05:00+00:00,4336.02,4345.3769999999995,9.356999999999061,1.1666666666666667,True,431749,431750,4,4336.04,0.7476732161324114,35.42374692743761,0.3377150796195545,24.951373303411742,1.0,tp1,2025,2025-10,2025-10-21,0.032061558191731336,0.9679384418082687,0.03-0.05R,2025-10-21 10:00:00+00:00,5.78785714285719,4336.344189693247,4336.04,0.2512926577042681,missing,missing,,6,Tuesday,asia_late,-0.05601204128662564,,False,True,False,True,False,False,False,False,False,True,True,True,True,False,False,False,True,False,False,True,True,2025-10-21 10:00:00+00:00,4331.38,4333.897145732489,8.912142857142953,-0.28244001166017974,True,False,5,4,2,True,False,False,False,False,2025-10-21 10:05:00+00:00|supply|4336.02
21678,15min,m15_2c_1atr,supply,4233.14,4219.32,2025-10-21 16:00:00+00:00,2025-10-21 15:15:00+00:00,2025-10-21 15:30:00+00:00,2025-10-21 15:45:00+00:00,2,1.1054896212586727,0.9148423093290843,0.21128798842250598,2025-10-21 16:35:00+00:00,2025-10-21 16:45:00+00:00,4205.53,4236.264714285715,30.7347142857152,0.5833333333333334,True,431829,431830,1,4205.54,0.7516142918639552,6.538860199959825,0.11485384139852958,5.919365259385437,1.0,tp1,2025,2025-10,2025-10-21,0.009760949693924216,0.9902390503060757,<=0.03R,2025-10-21 16:40:00+00:00,13.24214285714288,4208.105880571195,4205.54,0.1566939302626024,below,below,17.01000000000022,12,Tuesday,ny_main,-0.19452143048021767,1.2845353039538412,False,True,True,True,True,True,True,True,True,True,True,True,True,False,False,False,True,False,True,True,True,2025-10-21 16:30:00+00:00,4205.54,4217.327079805937,17.920714285714308,-0.6577349327717829,True,True,1,1,1,True,True,True,False,False,2025-10-21 16:45:00+00:00|supply|4205.53
21680,15min,m15_2c_1atr,demand,4137.39,4098.04,2025-10-21 18:15:00+00:00,2025-10-21 17:30:00+00:00,2025-10-21 17:45:00+00:00,2025-10-21 18:00:00+00:00,2,1.3266183574879078,1.3306763285024277,0.8927573062261699,2025-10-21 18:15:00+00:00,2025-10-21 18:45:00+00:00,4142.71,4094.8125714285716,47.89742857142846,0.0,True,431853,431854,5,4142.68,0.9588431590656417,0.10230194284213746,1.0169648236409978,-1.9228589664819489,-1.0,stop,2025,2025-10,2025-10-21,0.006263384255641533,-1.0062633842556414,<=0.03R,2025-10-21 18:40:00+00:00,17.007857142857183,4133.0342463776815,4142.68,0.9655172413793173,below,below,17.01000000000022,14,Tuesday,ny_main,0.5688990412517719,1.0001259921884949,True,False,True,True,True,True,False,False,False,True,True,True,False,False,False,False,False,True,True,True,True,2025-10-21 18:30:00+00:00,4142.68,4148.463012096377,28.504285714285807,-0.20288219653502704,False,True,0,0,0,False,False,False,True,False,2025-10-21 18:45:00+00:00|demand|4142.71
21699,15min,m15_2c_1atr,demand,4084.86,4076.63,2025-10-23 06:30:00+00:00,2025-10-23 05:30:00+00:00,2025-10-23 05:45:00+00:00,2025-10-23 06:15:00+00:00,3,1.3257350712336995,0.6985147014246764,0.16524908869983834,2025-10-23 07:20:00+00:00,2025-10-23 07:50:00+00:00,4090.39,4075.835857142857,14.554142857142779,0.8333333333333334,True,432274,432275,5,4090.37,0.6715328467152502,4.422108579785857,0.4404244250532418,-0.053592987759972587,1.0,tp1,2025,2025-10,2025-10-23,0.020612687599996186,0.9793873124000038,<=0.03R,2025-10-23 07:45:00+00:00,3.8992857142856923,4088.338500044405,4090.37,0.9464720194646599,missing,missing,,3,Thursday,asia_late,0.5261219889783523,,True,False,True,True,True,False,False,False,False,True,True,False,True,False,False,False,True,False,False,True,True,2025-10-23 07:45:00+00:00,4089.74,4088.2434782975993,8.745714285714257,0.1711148630644174,True,False,3,3,2,True,False,False,False,False,2025-10-23 07:50:00+00:00|demand|4090.39
21713,15min,m15_2c_1atr,supply,4123.6,4116.43,2025-10-24 07:30:00+00:00,2025-10-24 06:45:00+00:00,2025-10-24 07:00:00+00:00,2025-10-24 07:15:00+00:00,2,1.5833271855403919,0.7405385466617599,0.7364016736401243,2025-10-24 08:00:00+00:00,2025-10-24 08:25:00+00:00,4111.89,4124.432142857143,12.542142857142608,0.5,True,432554,432555,4,4111.84,0.9689440993789569,5.4065721282534565,1.835412039409988,2.3664217780056513,1.0,tp1,2025,2025-10,2025-10-24,0.02391935759439651,0.9760806424056034,<=0.03R,2025-10-24 08:20:00+00:00,4.291428571428502,4113.632911258565,4111.84,0.0,missing,missing,,4,Friday,asia_late,-0.40613777662968403,,False,True,True,True,True,False,False,False,False,True,True,True,True,False,True,False,False,True,False,True,True,2025-10-24 08:15:00+00:00,4112.77,4113.477796884771,7.390714285714304,-0.09576840037488735,True,False,8,3,2,True,False,False,False,False,2025-10-24 08:25:00+00:00|supply|4111.89
21736,15min,m15_2c_1atr,supply,4045.7,4029.12,2025-10-27 13:45:00+00:00,2025-10-27 12:30:00+00:00,2025-10-27 12:45:00+00:00,2025-10-27 13:30:00+00:00,4,1.548888888888867,1.2281481481481338,0.33353437876961545,2025-10-27 13:45:00+00:00,2025-10-27 13:50:00+00:00,4024.37,4047.032714285714,22.662714285714173,0.0,True,432907,432908,0,4024.5,0.29595728451564235,0.0966344971917401,1.1521126582996728,5.042643990443725,-1.0,stop,2025,2025-10,2025-10-27,0.01323760235503256,-1.0132376023550325,<=0.03R,2025-10-27 13:45:00+00:00,6.704285714285788,4026.147637367417,4024.5,0.37681159420289906,inside,inside,17.90000000000009,9,Monday,london_ny_overlap,-0.26514940489917255,2.6699339441721555,False,True,True,True,True,True,True,True,True,False,False,False,False,False,True,False,True,False,True,True,True,2025-10-27 13:45:00+00:00,4024.05,4031.6639261051987,13.415714285714396,-0.5675378845318835,True,False,1,1,1,True,False,False,False,True,2025-10-27 13:50:00+00:00|supply|4024.37
21754,15min,m15_2c_1atr,demand,3909.29,3901.33,2025-10-28 12:45:00+00:00,2025-10-28 12:00:00+00:00,2025-10-28 12:15:00+00:00,2025-10-28 12:30:00+00:00,2,1.0189657967255892,0.6021505376344153,0.3391959798994731,2025-10-28 14:50:00+00:00,2025-10-28 15:05:00+00:00,3927.74,3900.14,27.59999999999991,2.0833333333333335,True,433198,433199,2,3927.71,0.9618863049095514,3.7148550724637874,0.46956521739129076,3.3605072463768226,1.0,tp1,2025,2025-10,2025-10-28,0.01086956521739134,0.9891304347826086,<=0.03R,2025-10-28 15:00:00+00:00,5.953571428571487,3918.910267169257,3927.71,0.9883720930232665,above,above,16.129999999999654,11,Tuesday,london_ny_overlap,1.4830984958655715,2.709298140371841,True,False,True,True,True,True,False,True,True,True,True,True,True,False,False,False,True,False,True,True,True,2025-10-28 15:00:00+00:00,3922.95,3919.4006558511164,11.442857142857195,0.3101798881670866,True,False,2,2,2,True,True,True,False,False,2025-10-28 15:05:00+00:00|demand|3927.74
21756,15min,m15_2c_1atr,demand,3916.58,3906.14,2025-10-28 15:30:00+00:00,2025-10-28 14:45:00+00:00,2025-10-28 15:00:00+00:00,2025-10-28 15:15:00+00:00,2,1.7476783119590318,0.9233685008528647,0.32662835249040584,2025-10-28 15:40:00+00:00,2025-10-28 15:50:00+00:00,3930.97,3904.544,26.42599999999993,0.16666666666666666,True,433207,433208,1,3931.11,0.7429078014184363,3.7576629077423918,0.48399303716037223,3.0897600847650155,1.0,tp1,2025,2025-10,2025-10-28,0.01135245591462956,0.9886475440853705,<=0.03R,2025-10-28 15:45:00+00:00,7.942857142857163,3926.5018546286365,3931.11,1.0,above,above,16.129999999999654,11,Tuesday,london_ny_overlap,0.5625362877615695,2.030755395683405,True,False,True,True,True,True,True,True,True,True,True,True,True,False,True,False,True,False,True,True,True,2025-10-28 15:45:00+00:00,3938.95,3926.095562355189,12.882142857142915,0.9978493320063777,True,False,3,3,2,True,True,True,False,False,2025-10-28 15:50:00+00:00|demand|3930.97
21772,15min,m15_2c_1atr,demand,3997.44,3989.84,2025-10-29 10:15:00+00:00,2025-10-29 09:30:00+00:00,2025-10-29 09:45:00+00:00,2025-10-29 10:00:00+00:00,2,1.2083333333333142,0.7539682539682431,0.20131578947371295,2025-10-29 17:45:00+00:00,2025-10-29 18:20:00+00:00,4000.84,3988.8458571428573,11.994142857142833,7.5,True,433513,433514,6,4000.88,0.71456692913389,0.005836181945925555,1.2497766767112741,0.12922974308886614,-1.0,stop,2025,2025-10,2025-10-29,0.025012208339784944,-1.025012208339785,<=0.03R,2025-10-29 18:15:00+00:00,5.133571428571453,3998.7685245287685,4000.88,0.9547244094488146,below,below,10.3100000000004,14,Wednesday,ny_main,0.403515466776727,2.008348406845762,True,False,True,True,True,False,False,False,False,True,True,True,True,False,False,False,True,False,True,True,True,2025-10-29 18:15:00+00:00,3998.74,4002.9315190051193,9.607142857142858,-0.4362919410533326,False,False,1,1,1,True,False,False,True,False,2025-10-29 18:20:00+00:00|demand|4000.84
21776,15min,m15_2c_1atr,supply,4011.99,4004.77,2025-10-29 18:00:00+00:00,2025-10-29 17:00:00+00:00,2025-10-29 17:15:00+00:00,2025-10-29 17:45:00+00:00,3,1.7250187828700332,0.7594290007512943,0.15512465373960138,2025-10-29 20:00:00+00:00,2025-10-29 20:05:00+00:00,3993.92,4013.2842857142855,19.364285714285415,2.0,True,433534,433535,0,3993.86,0.03456703910613779,4.04869052010335,1.0364441165621552,-1.6050165990409653,1.0,tp1,2025,2025-10,2025-10-29,0.015492438214681168,0.9845075617853188,<=0.03R,2025-10-29 20:00:00+00:00,5.876428571428538,3994.0294398454057,3993.86,0.5247905027933054,below,below,10.3100000000004,16,Wednesday,ny_main,-0.018623530274448203,1.7544669989061192,False,True,True,True,True,True,True,True,True,False,False,False,True,False,True,False,True,False,True,True,True,2025-10-29 20:00:00+00:00,3983.14,3992.5557018697036,9.39142857142854,-1.0025846225726573,True,False,3,3,2,True,False,True,False,False,2025-10-29 20:05:00+00:00|supply|3993.92
21786,15min,m15_2c_1atr,demand,3962.18,3955.91,2025-10-30 10:45:00+00:00,2025-10-30 09:45:00+00:00,2025-10-30 10:00:00+00:00,2025-10-30 10:30:00+00:00,3,1.0885064535955868,0.5395205900430246,0.11642743221690914,2025-10-30 14:55:00+00:00,2025-10-30 15:05:00+00:00,3974.73,3954.242714285714,20.487285714285917,4.166666666666667,True,433750,433751,1,3974.74,0.8826998689384016,3.4924099267141036,0.5588832097956079,2.1930674773901284,1.0,tp1,2025,2025-10,2025-10-30,0.014643228204251969,0.985356771795748,<=0.03R,2025-10-30 15:00:00+00:00,8.18214285714287,3971.8081555192625,3974.74,0.9410222804718149,inside,below,20.670000000000073,11,Thursday,london_ny_overlap,0.35710015478240775,2.526233085988656,True,False,True,True,True,True,True,True,True,True,True,True,True,False,False,False,True,False,True,True,True,2025-10-30 15:00:00+00:00,3975.51,3974.209183477006,12.044285714285675,0.10800279517211361,True,False,6,4,2,True,True,False,False,True,2025-10-30 15:05:00+00:00|demand|3974.73
21788,15min,m15_2c_1atr,supply,3986.94,3979.8,2025-10-30 13:30:00+00:00,2025-10-30 12:45:00+00:00,2025-10-30 13:00:00+00:00,2025-10-30 13:15:00+00:00,2,1.567712892334621,0.624984369138419,0.26050420168069477,2025-10-30 14:00:00+00:00,2025-10-30 14:30:00+00:00,3971.02,3988.163285714286,17.143285714285867,0.5,True,433743,433744,5,3971.02,0.7244488977955917,0.620651150387894,1.0686399506679,-2.8419289517761688,-1.0,stop,2025,2025-10,2025-10-30,0.01749956251093707,-1.017499562510937,<=0.03R,2025-10-30 14:25:00+00:00,6.106428571428621,3976.4638435829224,3971.02,0.014028056112211664,inside,below,20.670000000000073,10,Thursday,london_ny_overlap,-0.8914938608131213,3.3849573049479313,False,True,True,True,True,True,False,False,False,True,True,True,True,False,True,False,True,False,True,True,True,2025-10-30 14:15:00+00:00,3971.02,3977.4914132791173,12.130714285714248,-0.5334733904942748,True,True,7,4,2,True,True,False,False,True,2025-10-30 14:30:00+00:00|supply|3971.02
21795,15min,m15_2c_1atr,supply,4039.28,4019.79,2025-10-31 04:00:00+00:00,2025-10-31 03:00:00+00:00,2025-10-31 03:15:00+00:00,2025-10-31 03:45:00+00:00,3,1.2795748310478101,1.7903024735909845,0.3817342226782714,2025-10-31 09:15:00+00:00,2025-10-31 09:45:00+00:00,4012.84,4040.445571428572,27.605571428571693,5.25,True,433961,433962,5,4012.56,0.7890520694258568,1.8173867594015554,0.852364170793663,0.4404907911964011,1.0,tp1,2025,2025-10,2025-10-31,0.010867371493331987,0.989132628506668,<=0.03R,2025-10-31 09:40:00+00:00,5.638571428571562,4016.6908612800216,4012.56,0.06675567423230763,missing,missing,,5,Friday,asia_late,-0.6829498089726322,,False,True,True,True,True,True,False,False,False,True,True,True,False,False,False,False,False,False,False,True,True,2025-10-31 09:30:00+00:00,4012.56,4012.5780150066284,8.97928571428575,-0.0020062850433460446,True,True,3,3,2,True,False,False,False,False,2025-10-31 09:45:00+00:00|supply|4012.84
21812,15min,m15_2c_1atr,demand,4004.95,3994.51,2025-11-03 13:30:00+00:00,2025-11-03 12:00:00+00:00,2025-11-03 12:15:00+00:00,2025-11-03 13:15:00+00:00,5,1.0041533546325367,1.1674121405750326,0.2863984674329838,2025-11-03 13:30:00+00:00,2025-11-03 13:40:00+00:00,4005.23,3993.773,11.45699999999988,0.0,True,434272,434273,1,4005.21,0.36772486772481455,2.2204765645457205,1.7456576765296508,-1.2682203019988088,1.0,tp1,2025,2025-11,2025-11-03,0.026184865147944762,0.9738151348520553,<=0.03R,2025-11-03 13:35:00+00:00,3.75,4003.1086219094095,4005.21,0.5793650793650631,missing,missing,,8,Monday,london_ny_overlap,0.5657008241574658,,True,False,True,True,True,False,True,True,True,False,False,False,False,False,False,False,True,False,True,True,True,2025-11-03 13:30:00+00:00,4005.37,4003.527928405585,8.722142857142867,0.21119484335277888,True,False,5,3,2,True,False,False,False,False,2025-11-03 13:40:00+00:00|demand|4005.23
21813,15min,m15_2c_1atr,demand,4007.78,4002.07,2025-11-03 15:00:00+00:00,2025-11-03 14:15:00+00:00,2025-11-03 14:30:00+00:00,2025-11-03 14:45:00+00:00,2,1.1820734116668343,0.8312363522928273,0.318739054290665,2025-11-03 16:30:00+00:00,2025-11-03 16:50:00+00:00,4020.39,4000.9372857142857,19.452714285714137,1.5,True,434310,434311,3,4020.49,0.6589975349219338,0.528460956605409,1.2831114277111648,-3.1476327211039474,-1.0,stop,2025,2025-11,2025-11-03,0.01542201235229763,-1.0154220123522977,<=0.03R,2025-11-03 16:45:00+00:00,5.4728571428571025,4014.3825355244367,4020.49,0.6589975349219338,above,above,6.649999999999636,11,Monday,london_ny_overlap,1.097683407176789,1.2150874445313964,True,False,True,True,True,True,False,False,True,True,True,False,True,False,False,False,True,False,True,True,True,2025-11-03 16:45:00+00:00,4022.73,4015.0312777634595,7.140714285714239,1.0781445564826304,True,False,7,4,2,True,True,True,False,False,2025-11-03 16:50:00+00:00|demand|4020.39
21821,15min,m15_2c_1atr,demand,3985.26,3977.16,2025-11-04 05:30:00+00:00,2025-11-04 04:30:00+00:00,2025-11-04 04:45:00+00:00,2025-11-04 05:15:00+00:00,3,1.0816326530612448,0.8700322234157233,0.07530864197526484,2025-11-04 06:45:00+00:00,2025-11-04 06:55:00+00:00,3990.47,3976.454857142857,14.015142857143019,1.25,True,434467,434468,1,3990.46,0.993435448577637,0.07063788147515519,1.057427680264171,-1.824455181130572,-1.0,stop,2025,2025-11,2025-11-04,0.021405418628829793,-1.0214054186288297,<=0.03R,2025-11-04 06:50:00+00:00,3.3092857142857417,3989.776930480504,3990.46,1.0,missing,missing,,1,Tuesday,post_close,0.20943175637695252,,True,False,True,True,True,False,True,True,True,True,True,True,True,False,False,False,True,False,False,True,True,2025-11-04 06:45:00+00:00,3985.68,3988.910933899075,7.602857142857114,-0.42496312088552346,False,False,3,2,2,True,False,False,False,False,2025-11-04 06:55:00+00:00|demand|3990.47
21827,15min,m15_2c_1atr,demand,3959.19,3944.45,2025-11-04 17:45:00+00:00,2025-11-04 17:00:00+00:00,2025-11-04 17:15:00+00:00,2025-11-04 17:30:00+00:00,2,1.1697830263836426,0.9670556258493999,0.6682496607869574,2025-11-04 17:45:00+00:00,2025-11-04 17:50:00+00:00,3959.51,3942.830857142857,16.679142857143233,0.0,True,434598,434599,0,3959.5,0.8650217706821693,0.9598814601640699,1.0755948404337115,1.6337770012161956,-1.0,stop,2025,2025-11,2025-11-04,0.017986535793205822,-1.0179865357932059,<=0.03R,2025-11-04 17:45:00+00:00,8.521428571428617,3957.616831176371,3959.5,0.05950653120462439,below,below,7.809999999999945,12,Tuesday,ny_main,0.222165662454409,0.9165129924559821,True,False,True,True,True,True,True,True,True,True,True,True,True,False,False,False,False,True,True,True,True,2025-11-04 17:45:00+00:00,3956.85,3958.9321701073236,15.357142857142858,-0.13558316977921708,False,False,0,0,0,False,False,False,True,False,2025-11-04 17:50:00+00:00|demand|3959.51
21837,15min,m15_2c_1atr,supply,3986.11,3979.95,2025-11-05 11:30:00+00:00,2025-11-05 10:30:00+00:00,2025-11-05 10:45:00+00:00,2025-11-05 11:15:00+00:00,3,2.304800404244546,0.8715512885295977,0.29707792207789535,2025-11-05 16:10:00+00:00,2025-11-05 16:45:00+00:00,3976.46,3987.146,10.68600000000015,4.666666666666667,True,434861,434862,6,3976.49,0.7030456852792717,1.0237694179299928,1.2146734044544112,-0.38742279618190295,1.0,tp1,2025,2025-11,2025-11-05,0.02807411566535615,0.9719258843346439,<=0.03R,2025-11-05 16:40:00+00:00,4.757142857142883,3979.8787230111425,3976.49,0.09010152284259046,above,above,7.650000000000091,11,Wednesday,london_ny_overlap,-0.7186504828227327,1.6081081081081186,False,True,True,True,True,False,False,False,False,True,True,True,True,False,True,True,True,False,True,True,True,2025-11-05 16:30:00+00:00,3976.49,3975.970168006488,6.963571428571446,0.07465019908875378,False,True,1,1,1,True,False,False,True,False,2025-11-05 16:45:00+00:00|supply|3976.46
21844,15min,m15_2c_1atr,demand,3982.17,3976.08,2025-11-05 19:00:00+00:00,2025-11-05 18:00:00+00:00,2025-11-05 18:15:00+00:00,2025-11-05 18:45:00+00:00,3,1.2498900518955107,0.7499340311373177,0.28899835796390416,2025-11-05 19:15:00+00:00,2025-11-05 19:45:00+00:00,3983.29,3975.409142857143,7.880857142857167,0.25,True,434897,434898,5,3983.24,0.43925233644854783,0.8856904615161508,1.8589348511764552,0.7296160678678875,-1.0,stop,2025,2025-11,2025-11-05,0.03806692528006369,-1.0380669252800636,0.03-0.05R,2025-11-05 19:40:00+00:00,3.6600000000000494,3982.687163061552,3983.24,0.6573208722740339,above,above,7.650000000000091,14,Wednesday,ny_main,0.16470954602405125,2.090163934426226,True,False,False,True,False,False,False,False,False,False,False,False,True,False,False,False,True,False,True,True,True,2025-11-05 19:30:00+00:00,3983.24,3982.12330830168,7.885000000000024,0.14162228260237816,True,True,2,1,1,True,False,True,False,False,2025-11-05 19:45:00+00:00|demand|3983.29
21879,15min,m15_2c_1atr,demand,4082.48,4075.81,2025-11-10 14:00:00+00:00,2025-11-10 13:00:00+00:00,2025-11-10 13:15:00+00:00,2025-11-10 13:45:00+00:00,3,1.2338249286393745,1.1106089438630067,0.46476761619188534,2025-11-10 16:15:00+00:00,2025-11-10 16:55:00+00:00,4083.54,4074.6374285714287,8.902571428571264,2.25,True,435691,435692,7,4083.61,0.4799357945425727,7.352931737218921,0.6380179081485219,2.6071119098816276,1.0,tp1,2025,2025-11,2025-11-10,0.03369812895150741,0.9663018710484926,0.03-0.05R,2025-11-10 16:50:00+00:00,5.937142857142752,4083.273580538867,4083.61,0.8539325842696867,below,below,11.289999999999964,11,Monday,london_ny_overlap,0.0448733452341366,1.9015880654475732,True,False,False,True,False,False,False,False,False,True,False,False,False,False,False,False,False,False,True,True,True,2025-11-10 16:45:00+00:00,4083.58,4087.9373685593537,7.189999999999957,-0.6060317885053923,False,False,3,3,2,True,False,False,True,False,2025-11-10 16:55:00+00:00|demand|4083.54
21881,15min,m15_2c_1atr,demand,4086.39,4074.44,2025-11-10 17:30:00+00:00,2025-11-10 16:30:00+00:00,2025-11-10 16:45:00+00:00,2025-11-10 17:15:00+00:00,3,1.0095343885957666,1.5486438952142854,0.41841004184101055,2025-11-10 17:30:00+00:00,2025-11-10 17:45:00+00:00,4087.57,4073.441714285714,14.128285714285994,0.0,True,435701,435702,2,4087.7,0.5644599303135723,4.348015126696095,0.6872737567999243,1.9308782786304841,1.0,tp1,2025,2025-11,2025-11-10,0.02123399866529109,0.9787660013347089,<=0.03R,2025-11-10 17:40:00+00:00,4.866428571428547,4087.680962699752,4087.7,0.7630662020904819,inside,inside,11.289999999999964,12,Monday,ny_main,-0.02280167028511578,2.319976515485106,True,False,True,True,True,False,False,True,True,True,False,False,False,False,False,False,False,False,True,True,False,2025-11-10 17:30:00+00:00,4087.7,4088.0382954950046,7.8028571428570626,-0.04335533623276321,False,True,4,4,2,True,False,False,False,True,2025-11-10 17:45:00+00:00|demand|4087.57
21883,15min,m15_2c_1atr,demand,4098.19,4094.01,2025-11-10 20:15:00+00:00,2025-11-10 19:30:00+00:00,2025-11-10 19:45:00+00:00,2025-11-10 20:00:00+00:00,2,1.5047782669387262,0.6283689466336472,0.4880382775120252,2025-11-11 17:25:00+00:00,2025-11-11 18:05:00+00:00,4110.32,4092.735571428572,17.584428571427907,21.166666666666668,True,435981,435982,7,4110.27,0.7248459958933745,5.247824780041018,0.6477321656335471,5.083474827566808,1.0,tp1,2025,2025-11,2025-11-11,0.017060548699743112,0.9829394513002568,<=0.03R,2025-11-11 18:00:00+00:00,6.530000000000006,4109.253318022682,4110.27,0.9794661190966208,below,below,7.260000000000218,13,Tuesday,ny_main,0.16335099193227934,1.1117917304747644,True,False,True,True,True,True,False,False,False,True,True,True,True,False,True,False,False,False,True,True,True,2025-11-11 18:00:00+00:00,4113.47,4116.911920046697,9.582142857142767,-0.359201495741707,False,False,1,1,1,True,False,False,True,False,2025-11-11 18:05:00+00:00|demand|4110.32
21909,15min,m15_2c_1atr,demand,4194.16,4185.61,2025-11-13 05:45:00+00:00,2025-11-13 04:45:00+00:00,2025-11-13 05:00:00+00:00,2025-11-13 05:30:00+00:00,3,1.6070515408424755,0.8054097698829504,0.2128654970760912,2025-11-13 16:40:00+00:00,2025-11-13 17:10:00+00:00,4203.1,4183.616142857142,19.48385714285814,10.916666666666666,True,436522,436523,5,4203.11,0.5864197530864271,0.39827842829589605,2.2013095089707004,-6.108646718528601,-1.0,stop,2025,2025-11,2025-11-13,0.015397361918657147,-1.0153973619186571,<=0.03R,2025-11-13 17:05:00+00:00,10.362857142857203,4200.699913225078,4203.11,0.8201058201058112,below,below,7.1599999999998545,12,Thursday,ny_main,0.23160473427708006,0.6909291425420276,True,False,True,True,True,True,False,False,False,True,False,False,True,False,True,False,True,False,True,True,True,2025-11-13 17:00:00+00:00,4201.77,4210.15447584552,12.97000000000006,-0.6464514915589619,False,False,6,4,2,True,False,False,True,False,2025-11-13 17:10:00+00:00|demand|4203.1
21927,15min,m15_2c_1atr,supply,4196.55,4185.7,2025-11-14 08:30:00+00:00,2025-11-14 07:30:00+00:00,2025-11-14 07:45:00+00:00,2025-11-14 08:15:00+00:00,3,2.0316449770620997,1.4221514839435174,0.5281105990783669,2025-11-14 10:35:00+00:00,2025-11-14 10:50:00+00:00,4178.09,4197.745142857143,19.65514285714289,2.0833333333333335,True,436722,436723,2,4178.11,0.8208191126281005,7.411291846554146,0.12159667408018182,4.939674094748011,1.0,tp1,2025,2025-11,2025-11-14,0.015263180846888465,0.9847368191531115,<=0.03R,2025-11-14 10:45:00+00:00,6.077857142856958,4179.830045712943,4178.11,0.0017064846415203656,missing,missing,,5,Friday,asia_late,-0.28629263111052994,,False,True,True,True,True,True,False,True,True,True,True,True,False,False,True,True,False,False,False,True,True,2025-11-14 10:45:00+00:00,4176.09,4177.934222992705,10.594285714285759,-0.17407714332436544,True,False,7,4,2,True,False,False,False,False,2025-11-14 10:50:00+00:00|supply|4178.09
21928,15min,m15_2c_1atr,supply,4184.22,4176.35,2025-11-14 09:15:00+00:00,2025-11-14 08:30:00+00:00,2025-11-14 08:45:00+00:00,2025-11-14 09:00:00+00:00,2,1.0522719508029086,0.9410659378202959,0.30114358322755186,2025-11-14 09:45:00+00:00,2025-11-14 10:10:00+00:00,4173.54,4185.330285714286,11.790285714286256,0.5,True,436714,436715,4,4173.49,0.9086419753086731,0.03392623467257942,1.1433141084670064,7.744511219890106,-1.0,stop,2025,2025-11,2025-11-14,0.025444676004457708,-1.0254446760044578,<=0.03R,2025-11-14 10:05:00+00:00,5.717857142857156,4176.045961420405,4173.49,0.004938271604933558,missing,missing,,5,Friday,asia_late,-0.4382693302394173,,False,True,True,True,True,False,False,False,False,True,True,True,True,False,False,False,True,False,False,True,True,2025-11-14 10:00:00+00:00,4174.41,4177.204339829977,9.787142857142758,-0.28551129484509047,True,False,3,2,1,True,False,False,False,False,2025-11-14 10:10:00+00:00|supply|4173.54
21935,15min,m15_2c_1atr,demand,4095.32,4081.03,2025-11-14 18:45:00+00:00,2025-11-14 18:00:00+00:00,2025-11-14 18:15:00+00:00,2025-11-14 18:30:00+00:00,2,1.2461272399455174,0.7361371748169365,0.6648005598320521,2025-11-14 19:25:00+00:00,2025-11-14 19:35:00+00:00,4104.42,4079.6785714285716,24.741428571428514,0.6666666666666666,True,436827,436828,1,4104.35,0.7580872011252567,0.24331658871757483,1.1482764593798687,-1.4247358392516922,-1.0,stop,2025,2025-11,2025-11-14,0.012125411397886742,-1.0121254113978868,<=0.03R,2025-11-14 19:30:00+00:00,6.572142857142841,4102.422128650771,4104.35,0.8874824191280859,below,below,29.520000000000437,14,Friday,ny_main,0.3039908584850394,4.491685686338519,True,False,True,True,True,True,True,True,True,True,True,True,True,False,False,False,False,True,True,True,True,2025-11-14 19:30:00+00:00,4103.36,4097.9881835694,16.272142857142853,0.33012348021773275,True,False,0,0,0,False,False,False,True,False,2025-11-14 19:35:00+00:00|demand|4104.42
21947,15min,m15_2c_1atr,supply,4092.28,4076.11,2025-11-17 15:45:00+00:00,2025-11-17 15:00:00+00:00,2025-11-17 15:15:00+00:00,2025-11-17 15:30:00+00:00,2,1.3881644934804567,1.6218655967903792,0.3481756338899248,2025-11-17 16:35:00+00:00,2025-11-17 17:05:00+00:00,4071.23,4093.686142857143,22.456142857142822,0.8333333333333334,True,437073,437074,5,4071.1,0.6307506053268642,3.257905886394431,0.4800468214233555,1.1110545634983682,1.0,tp1,2025,2025-11,2025-11-17,0.013359373508998513,0.9866406264910015,<=0.03R,2025-11-17 17:00:00+00:00,6.429285714285762,4073.1055378917326,4071.1,0.21186440677965543,below,below,5.670000000000073,12,Monday,ny_main,-0.2917179256111152,0.8819020108876839,False,True,True,True,True,True,False,False,False,True,True,False,False,False,False,False,True,False,True,True,True,2025-11-17 17:00:00+00:00,4068.93,4072.4930495392696,10.740714285714375,-0.33173301556012474,True,False,11,4,2,True,True,True,False,False,2025-11-17 17:05:00+00:00|supply|4071.23
21959,15min,m15_2c_1atr,demand,4010.86,4002.32,2025-11-18 10:00:00+00:00,2025-11-18 09:15:00+00:00,2025-11-18 09:30:00+00:00,2025-11-18 09:45:00+00:00,2,1.331317204301095,1.0043682795698885,0.7142857142857066,2025-11-18 10:00:00+00:00,2025-11-18 10:05:00+00:00,4018.77,4001.204142857143,17.565857142857112,0.0,True,437265,437266,0,4018.76,0.562796208530802,4.545750278543606,0.03415717178617099,3.9149811728922237,1.0,tp1,2025,2025-11,2025-11-18,0.017078585893088083,0.9829214141069119,<=0.03R,2025-11-18 10:00:00+00:00,5.366428571428547,4012.377144836604,4018.76,0.9514218009478849,missing,missing,,5,Tuesday,asia_late,1.1912680991287279,,True,False,True,True,True,True,True,True,True,True,False,False,False,False,False,False,False,True,False,True,True,2025-11-18 10:00:00+00:00,4025.19,4014.352067215449,8.9307142857143,1.2135572181373524,True,False,1,1,1,True,False,False,False,False,2025-11-18 10:05:00+00:00|demand|4018.77
21969,15min,m15_2c_1atr,demand,4065.65,4056.49,2025-11-19 04:45:00+00:00,2025-11-19 03:45:00+00:00,2025-11-19 04:00:00+00:00,2025-11-19 04:30:00+00:00,3,2.530789573101594,1.2111824707216061,0.6855895196506041,2025-11-19 06:00:00+00:00,2025-11-19 06:20:00+00:00,4070.6,4055.810857142857,14.789142857142906,1.25,True,437496,437497,3,4070.6,0.6024844720497439,4.208492716664737,1.0074958463737906,0.1298249681233382,1.0,tp1,2025,2025-11,2025-11-19,0.020285151269270826,0.9797148487307292,<=0.03R,2025-11-19 06:15:00+00:00,3.3428571428572207,4070.3557474969007,4070.6,0.7018633540372372,missing,missing,,1,Wednesday,post_close,0.07306698810660642,,True,False,True,True,True,False,False,False,True,True,True,False,False,False,True,True,False,True,False,True,True,2025-11-19 06:15:00+00:00,4074.33,4071.028143226764,7.8235714285715074,0.42203957660279817,True,False,4,3,2,True,False,False,False,False,2025-11-19 06:20:00+00:00|demand|4070.6
21970,15min,m15_2c_1atr,demand,4076.26,4066.15,2025-11-19 06:45:00+00:00,2025-11-19 05:45:00+00:00,2025-11-19 06:00:00+00:00,2025-11-19 06:30:00+00:00,3,1.0571808510637943,1.344414893617024,0.6775469831849928,2025-11-19 06:45:00+00:00,2025-11-19 07:10:00+00:00,4079.12,4065.5442857142857,13.575714285714184,0.0,True,437506,437507,4,4079.07,0.8456221198156566,3.9570661896243773,1.6441123855624449,-0.4132379248658108,1.0,tp1,2025,2025-11,2025-11-19,0.022098284752183686,0.9779017152478163,<=0.03R,2025-11-19 07:05:00+00:00,3.1892857142857207,4075.54781898991,4079.07,0.958525345622159,missing,missing,,2,Wednesday,post_close,1.1200567556832919,,True,False,True,True,True,False,False,False,False,True,True,True,False,False,False,False,False,True,False,True,True,2025-11-19 07:00:00+00:00,4079.11,4074.066053671852,6.860714285714396,0.7351925933792149,True,False,5,3,2,True,False,False,False,False,2025-11-19 07:10:00+00:00|demand|4079.12
21975,15min,m15_2c_1atr,demand,4115.27,4101.44,2025-11-19 15:45:00+00:00,2025-11-19 15:00:00+00:00,2025-11-19 15:15:00+00:00,2025-11-19 15:30:00+00:00,2,1.6675411900514443,2.0319026130759585,0.85177151120745,2025-11-19 15:45:00+00:00,2025-11-19 16:15:00+00:00,4117.7,4100.271,17.429000000000087,0.0,True,437615,437616,5,4117.59,0.7863818424566754,0.8686671639222131,1.5806988352745188,-1.4860290320729534,-1.0,stop,2025,2025-11,2025-11-19,0.017212691491192752,-1.0172126914911928,<=0.03R,2025-11-19 16:10:00+00:00,5.878571428571312,4112.650098990836,4117.59,0.8504672897196364,inside,inside,7.559999999999491,11,Wednesday,london_ny_overlap,0.8590354086061979,1.2860267314701699,True,False,True,True,True,True,False,False,False,True,True,True,False,True,True,False,False,True,True,True,True,2025-11-19 16:00:00+00:00,4117.59,4112.887216153663,7.518571428571444,0.6254890162333463,True,True,0,0,0,False,False,False,False,True,2025-11-19 16:15:00+00:00|demand|4117.7
21978,15min,m15_2c_1atr,demand,4076.37,4055.7,2025-11-19 20:15:00+00:00,2025-11-19 19:00:00+00:00,2025-11-19 19:15:00+00:00,2025-11-19 20:00:00+00:00,4,1.2785707156402926,1.4441561034035344,0.43154329946782977,2025-11-19 20:30:00+00:00,2025-11-19 20:40:00+00:00,4082.06,4054.555,27.50500000000011,0.25,True,437668,437669,1,4081.96,0.5085784313725409,1.0223595709871018,1.4579167424104618,0.03999272859479748,1.0,tp1,2025,2025-11,2025-11-19,0.010907107798582033,0.9890928922014179,<=0.03R,2025-11-19 20:35:00+00:00,5.696428571428734,4080.945156023054,4081.96,0.7034313725490219,below,below,7.559999999999491,15,Wednesday,ny_main,0.1957092874889209,1.3271473354230703,True,False,True,True,True,True,True,True,True,True,False,False,False,False,False,False,False,False,True,True,True,2025-11-19 20:30:00+00:00,4079.31,4080.776158940618,13.399285714285725,-0.10942067897358806,False,False,11,4,2,True,False,False,True,False,2025-11-19 20:40:00+00:00|demand|4082.06
21989,15min,m15_2c_1atr,demand,4050.59,4038.97,2025-11-20 11:00:00+00:00,2025-11-20 10:15:00+00:00,2025-11-20 10:30:00+00:00,2025-11-20 10:45:00+00:00,2,1.499209918560862,0.9886957578704536,0.1153184165232449,2025-11-20 18:55:00+00:00,2025-11-20 19:25:00+00:00,4059.31,4037.310857142857,21.999142857142942,7.916666666666667,True,437929,437930,5,4059.33,0.45345345345341725,1.3364157045079668,1.2873228827097185,0.9423094406275541,1.0,tp1,2025,2025-11,2025-11-20,0.013636894943958802,0.9863631050560412,<=0.03R,2025-11-20 19:20:00+00:00,8.468571428571424,4056.5432297866805,4059.33,0.8048048048047821,below,below,19.16000000000031,14,Thursday,ny_main,0.3267103828143731,2.2624831309042213,True,False,True,True,True,True,False,False,False,True,False,False,True,False,False,False,True,False,True,True,True,2025-11-20 19:15:00+00:00,4056.23,4063.0450540863512,14.960000000000004,-0.455551743740054,False,False,4,3,2,True,False,False,True,False,2025-11-20 19:25:00+00:00|demand|4059.31
21992,15min,m15_2c_1atr,demand,4083.45,4072.27,2025-11-20 17:00:00+00:00,2025-11-20 16:00:00+00:00,2025-11-20 16:15:00+00:00,2025-11-20 16:45:00+00:00,3,1.0731348768834958,0.8217567070929713,0.15116279069768151,2025-11-20 17:05:00+00:00,2025-11-20 17:15:00+00:00,4092.49,4070.391,22.098999999999705,0.08333333333333333,True,437903,437904,1,4092.69,0.5928143712574646,0.2887008461921442,1.0009502692429606,-1.0552513688402199,-1.0,stop,2025,2025-11,2025-11-20,0.013575274899316892,-1.013575274899317,<=0.03R,2025-11-20 17:10:00+00:00,9.397857142857251,4091.530581435777,4092.69,0.7964071856287324,above,above,19.16000000000031,12,Thursday,ny_main,0.10208907729054853,2.0387626358592477,True,False,True,True,True,True,True,True,True,True,False,False,True,False,False,False,True,False,True,True,True,2025-11-20 17:00:00+00:00,4092.69,4085.968009302506,13.650714285714262,0.4924277628848268,True,True,6,3,2,True,True,True,False,False,2025-11-20 17:15:00+00:00|demand|4092.49
21994,15min,m15_2c_1atr,supply,4082.69,4068.78,2025-11-20 19:00:00+00:00,2025-11-20 18:00:00+00:00,2025-11-20 18:15:00+00:00,2025-11-20 18:45:00+00:00,3,1.5113975924187069,0.8312985571587047,0.3026599568655701,2025-11-20 20:00:00+00:00,2025-11-20 20:20:00+00:00,4061.36,4084.1588571428574,22.798857142857287,1.0,True,437940,437941,3,4061.68,0.7739837398374224,0.22018647551255482,1.0632111885307372,-1.220675221815619,-1.0,stop,2025,2025-11,2025-11-20,0.01315855431349934,-1.0131585543134993,<=0.03R,2025-11-20 20:15:00+00:00,7.537857142857092,4063.0053064702374,4061.68,0.12195121951219332,inside,inside,19.16000000000031,15,Thursday,ny_main,-0.2182724399063998,2.541836444612964,False,True,True,True,True,True,False,False,True,True,True,True,True,False,True,False,True,False,True,True,True,2025-11-20 20:15:00+00:00,4060.37,4062.358810373621,14.049285714285686,-0.14155953648226316,True,False,8,3,2,True,True,False,False,True,2025-11-20 20:20:00+00:00|supply|4061.36
22016,15min,m15_2c_1atr,supply,4077.26,4070.94,2025-11-24 13:00:00+00:00,2025-11-24 12:00:00+00:00,2025-11-24 12:15:00+00:00,2025-11-24 12:45:00+00:00,3,1.2659205704664813,0.8762998910567661,0.18196202531646538,2025-11-24 13:30:00+00:00,2025-11-24 14:10:00+00:00,4068.69,4077.8377142857144,9.1477142857143,0.5,True,438418,438419,7,4069.15,0.7514677103718076,0.3137395758503171,1.2975919043008262,-7.625948714745253,-1.0,stop,2025,2025-11,2025-11-24,0.03279507761501697,-1.032795077615017,0.03-0.05R,2025-11-24 14:05:00+00:00,2.880714285714248,4070.0025962877176,4069.15,0.00782778864969984,missing,missing,,9,Monday,london_ny_overlap,-0.4556495915706719,,False,True,False,True,False,False,False,False,False,True,True,True,True,False,False,False,True,False,True,True,True,2025-11-24 14:00:00+00:00,4068.84,4069.013414201323,6.160714285714286,-0.028148392098787094,True,False,0,0,0,False,False,False,False,False,2025-11-24 14:10:00+00:00|supply|4068.69
22018,15min,m15_2c_1atr,demand,4074.22,4065.82,2025-11-24 14:45:00+00:00,2025-11-24 14:00:00+00:00,2025-11-24 14:15:00+00:00,2025-11-24 14:30:00+00:00,2,1.7325249643367064,1.3980028530669808,0.1452380952380777,2025-11-24 15:50:00+00:00,2025-11-24 16:05:00+00:00,4079.28,4064.892428571429,14.387571428571391,1.0833333333333333,True,438441,438442,2,4079.3,0.38571428571434296,5.32403959766863,0.7520379692790538,3.570442743240664,1.0,tp1,2025,2025-11,2025-11-24,0.020851330016978992,0.979148669983021,<=0.03R,2025-11-24 16:00:00+00:00,4.530714285714241,4078.6917427763638,4079.3,0.38571428571434296,above,above,8.399999999999636,11,Monday,london_ny_overlap,0.1298376340991697,1.8540122970202753,True,False,True,True,True,False,False,True,True,False,False,False,False,False,True,False,True,False,True,True,True,2025-11-24 16:00:00+00:00,4079.98,4077.361767023816,6.554285714285633,0.3994688498973202,True,False,7,3,2,True,False,True,False,False,2025-11-24 16:05:00+00:00|demand|4079.28
22030,15min,m15_2c_1atr,demand,4130.52,4122.93,2025-11-25 12:15:00+00:00,2025-11-25 11:15:00+00:00,2025-11-25 11:30:00+00:00,2025-11-25 12:00:00+00:00,3,1.3952195664258293,0.843802112284629,0.28063241106720266,2025-11-25 12:25:00+00:00,2025-11-25 12:45:00+00:00,4132.5,4122.143,10.356999999999971,0.16666666666666666,True,438677,438678,3,4132.13,0.5696202531646407,0.5986289466061442,1.470503041421223,3.3349425509317427,-1.0,stop,2025,2025-11,2025-11-25,0.02896591677126589,-1.028965916771266,<=0.03R,2025-11-25 12:40:00+00:00,3.857142857142857,4131.564235399316,4132.13,0.5696202531646407,missing,missing,,7,Tuesday,asia_late,0.24260563721431766,,True,False,True,True,True,False,False,False,True,True,False,False,True,False,False,False,True,False,False,True,True,2025-11-25 12:30:00+00:00,4132.13,4130.98580535221,9.289999999999834,0.12316411709255823,True,True,5,4,2,True,False,False,False,False,2025-11-25 12:45:00+00:00|demand|4132.5
22037,15min,m15_2c_1atr,demand,4145.68,4138.68,2025-11-26 03:45:00+00:00,2025-11-26 03:00:00+00:00,2025-11-26 03:15:00+00:00,2025-11-26 03:30:00+00:00,2,1.866666666666778,1.2835625409299678,0.3471428571428987,2025-11-26 16:05:00+00:00,2025-11-26 16:35:00+00:00,4152.95,4137.3648571428575,15.585142857142273,12.333333333333334,True,438999,439000,5,4152.9,0.9514563106795952,0.09303732492482866,1.0131443865953278,0.38369876072454423,-1.0,stop,2025,2025-11,2025-11-26,0.019249101708587655,-1.0192491017085876,<=0.03R,2025-11-26 16:30:00+00:00,6.612857142857008,4149.267221922769,4152.9,0.9911738746689881,below,below,13.859999999999673,11,Wednesday,london_ny_overlap,0.5569117852801333,2.095917044718075,True,False,True,True,True,True,False,False,False,True,True,True,False,False,True,False,True,False,True,True,True,2025-11-26 16:30:00+00:00,4149.24,4152.331686330122,9.378571428571247,-0.32965429262532886,False,False,0,0,0,False,False,False,True,False,2025-11-26 16:35:00+00:00|demand|4152.95
22043,15min,m15_2c_1atr,demand,4154.22,4149.96,2025-11-26 10:15:00+00:00,2025-11-26 09:15:00+00:00,2025-11-26 09:30:00+00:00,2025-11-26 10:00:00+00:00,3,2.112379673158669,0.6675621222297243,0.32629107981205324,2025-11-26 14:45:00+00:00,2025-11-26 15:10:00+00:00,4160.77,4148.997,11.773000000000138,4.5,True,438982,438983,4,4160.71,0.7553956834531903,0.5028454939267046,1.74297120530028,-0.19026586256694683,-1.0,stop,2025,2025-11,2025-11-26,0.02548203516520823,-1.0254820351652083,<=0.03R,2025-11-26 15:05:00+00:00,4.6721428571428465,4159.241823535448,4160.71,0.9064748201438284,inside,below,13.859999999999673,10,Wednesday,london_ny_overlap,0.32708256388524504,2.966518880904997,True,False,True,True,True,False,False,False,False,True,True,True,True,False,True,True,True,False,True,True,True,2025-11-26 15:00:00+00:00,4159.55,4161.525142372365,6.565714285714291,-0.30082673208338767,False,False,4,4,2,True,False,False,False,True,2025-11-26 15:10:00+00:00|demand|4160.77
22045,15min,m15_2c_1atr,supply,4173.05,4166.34,2025-11-26 14:30:00+00:00,2025-11-26 13:45:00+00:00,2025-11-26 14:00:00+00:00,2025-11-26 14:15:00+00:00,2,1.6884596334818984,1.163199603764256,0.07004470938887371,2025-11-26 15:25:00+00:00,2025-11-26 15:35:00+00:00,4159.87,4174.063428571429,14.19342857142874,0.9166666666666666,True,438987,438988,1,4159.81,0.7938829787233671,1.6000362340720893,0.827847897417306,0.19022887855545326,1.0,tp1,2025,2025-11,2025-11-26,0.02113654206171845,0.9788634579382816,<=0.03R,2025-11-26 15:30:00+00:00,5.363571428571504,4161.211755460046,4159.81,0.19414893617022982,inside,below,13.859999999999673,10,Wednesday,london_ny_overlap,-0.25016082621720515,2.5840990811025795,False,True,True,True,True,False,True,True,True,True,True,True,False,False,True,False,True,False,True,True,True,2025-11-26 15:30:00+00:00,4153.95,4160.533975015381,7.553571428571364,-0.8716373542821163,True,False,7,4,2,True,True,False,False,True,2025-11-26 15:35:00+00:00|supply|4159.87
22065,15min,m15_2c_1atr,demand,4160.22,4157.92,2025-11-28 01:30:00+00:00,2025-11-27 21:15:00+00:00,2025-11-28 01:00:00+00:00,2025-11-28 01:15:00+00:00,2,1.4845167344386678,1.0071942446043882,0.6478260869563756,2025-11-28 11:35:00+00:00,2025-11-28 11:50:00+00:00,4163.69,4156.987142857143,6.702857142856374,10.083333333333334,True,439456,439457,2,4165.28,0.8010610079575348,14.729539641945495,0.5296248934355874,13.364450127878897,1.0,tp1,2025,2025-11,2025-11-28,0.044757033248086976,0.955242966751913,0.03-0.05R,2025-11-28 11:45:00+00:00,5.237857142857138,4163.900484362825,4165.28,1.0,missing,missing,,6,Friday,asia_late,-0.040185204957879944,,True,False,False,True,False,False,False,True,True,True,True,True,False,False,False,False,False,False,False,True,False,2025-11-28 11:45:00+00:00,4165.68,4167.227269378812,6.420000000000073,-0.24100769140365874,False,False,3,3,2,True,False,False,False,False,2025-11-28 11:50:00+00:00|demand|4163.69
22072,15min,m15_2c_1atr,demand,4169.5,4162.12,2025-11-28 13:30:00+00:00,2025-11-28 12:45:00+00:00,2025-11-28 13:00:00+00:00,2025-11-28 13:15:00+00:00,2,1.2222853894258092,0.8391131324616377,0.2682926829268894,2025-11-28 14:00:00+00:00,2025-11-28 14:15:00+00:00,4175.84,4161.393428571429,14.446571428571588,0.5,True,439485,439486,2,4175.84,0.8448275862069334,6.144710559104383,0.5150010877519431,3.5593220338982707,1.0,tp1,2025,2025-11,2025-11-28,0.020766172893222086,0.9792338271067779,<=0.03R,2025-11-28 14:10:00+00:00,3.5578571428571713,4172.788701703113,4175.84,0.8620689655172267,missing,missing,,9,Friday,london_ny_overlap,0.8576224885851392,,True,False,True,True,True,False,False,True,True,True,True,True,True,False,False,False,True,False,True,True,True,2025-11-28 14:00:00+00:00,4175.84,4171.5844790083775,8.153571428571402,0.5219211027833363,True,True,4,2,1,True,True,False,False,False,2025-11-28 14:15:00+00:00|demand|4175.84
22078,15min,m15_2c_1atr,demand,4233.59,4219.7,2025-12-01 03:45:00+00:00,2025-12-01 03:00:00+00:00,2025-12-01 03:15:00+00:00,2025-12-01 03:30:00+00:00,2,1.4379095286966468,1.5351701271019647,0.16414686825051775,2025-12-01 05:10:00+00:00,2025-12-01 05:35:00+00:00,4239.04,4218.786285714285,20.253714285714523,1.4166666666666667,True,439630,439631,4,4239.1,0.8561643835616225,0.3930143324681159,1.163737162848409,-1.139544069518096,-1.0,stop,2025,2025-12,2025-12-01,0.014812097957340984,-1.014812097957341,<=0.03R,2025-12-01 05:30:00+00:00,4.77428571428566,4237.830682931586,4239.1,0.940639269406552,missing,missing,,0,Monday,post_close,0.2532980095420995,,True,False,True,True,True,True,False,False,False,True,True,True,False,False,False,False,True,False,False,True,True,2025-12-01 05:30:00+00:00,4238.37,4238.416695702864,9.954999999999862,-0.004690678338912341,False,False,4,4,2,True,False,False,False,False,2025-12-01 05:35:00+00:00|demand|4239.04
22081,15min,m15_2c_1atr,demand,4233.62,4215.47,2025-12-01 08:00:00+00:00,2025-12-01 07:15:00+00:00,2025-12-01 07:30:00+00:00,2025-12-01 07:45:00+00:00,2,1.2194584671867772,2.3322625057365722,0.6975206611570307,2025-12-01 08:00:00+00:00,2025-12-01 08:45:00+00:00,4235.46,4214.661428571429,20.79857142857145,0.0,True,439668,439669,8,4235.41,0.8419913419912359,1.4015385672092675,1.754447420839331,-1.0784394532591652,1.0,tp1,2025,2025-12,2025-12-01,0.014424067587059535,0.9855759324129405,<=0.03R,2025-12-01 08:40:00+00:00,4.06499999999986,4231.99515685635,4235.41,0.956709956709995,missing,missing,,3,Monday,asia_late,0.8523599369372709,,True,False,True,True,True,True,False,False,False,True,True,True,False,True,False,False,False,True,False,True,True,2025-12-01 08:30:00+00:00,4235.41,4232.817970095059,7.367857142857052,0.35180241075305513,True,True,6,4,2,True,False,False,False,False,2025-12-01 08:45:00+00:00|demand|4235.46
22085,15min,m15_2c_1atr,demand,4250.04,4241.07,2025-12-01 11:15:00+00:00,2025-12-01 10:30:00+00:00,2025-12-01 10:45:00+00:00,2025-12-01 11:00:00+00:00,2,1.0515086206896813,1.3532327586207122,0.7993311036789151,2025-12-01 11:15:00+00:00,2025-12-01 11:30:00+00:00,4251.61,4240.402285714285,11.207714285714246,0.0,True,439701,439702,2,4251.62,0.7262872628727863,1.1599153644173696,1.1456394830090877,-5.92538302699672,1.0,tp1,2025,2025-12,2025-12-01,0.02676727764040084,0.9732327223595991,<=0.03R,2025-12-01 11:25:00+00:00,3.4035714285714675,4248.341496649571,4251.62,0.934959349593548,missing,missing,,6,Monday,asia_late,0.9603157797691315,,True,False,True,True,True,False,False,True,True,True,True,True,False,False,False,False,False,True,False,True,True,2025-12-01 11:15:00+00:00,4251.62,4246.322040110348,6.414285714285792,0.8259625663154143,True,True,3,3,2,True,False,False,False,False,2025-12-01 11:30:00+00:00|demand|4251.61
22092,15min,m15_2c_1atr,supply,4240.11,4227.03,2025-12-01 19:00:00+00:00,2025-12-01 18:15:00+00:00,2025-12-01 18:30:00+00:00,2025-12-01 18:45:00+00:00,2,1.0072048382855874,0.9630291874835621,0.1957186544342129,2025-12-01 19:00:00+00:00,2025-12-01 19:05:00+00:00,4226.29,4241.461428571428,15.171428571427896,0.0,True,439792,439793,0,4226.28,0.004484304932629349,0.19378531073444552,1.0348399246704671,2.1659133709981915,-1.0,stop,2025,2025-12,2025-12-01,0.019774011299435908,-1.019774011299436,<=0.03R,2025-12-01 19:00:00+00:00,6.51357142857153,4230.907731834477,4226.28,0.5426008968609984,below,below,8.989999999999782,14,Monday,ny_main,-0.7089400776694678,1.3801951968417039,False,True,True,True,True,True,True,True,True,False,False,False,True,False,False,False,True,False,True,True,True,2025-12-01 19:00:00+00:00,4229.99,4233.715695131442,13.761428571428496,-0.27073461974561097,True,False,3,2,1,True,False,True,False,False,2025-12-01 19:05:00+00:00|supply|4226.29
22095,15min,m15_2c_1atr,supply,4228.61,4224.03,2025-12-02 03:15:00+00:00,2025-12-02 02:30:00+00:00,2025-12-02 02:45:00+00:00,2025-12-02 03:00:00+00:00,2,3.3829160530190996,0.6745213549337254,0.716157205240329,2025-12-02 04:45:00+00:00,2025-12-02 05:30:00+00:00,4222.56,4229.247571428571,6.687571428570664,1.5,True,439905,439906,8,4222.78,0.7634854771785298,6.251895840899671,1.2112020165339257,-0.12112020165332457,1.0,tp1,2025,2025-12,2025-12-02,0.044859333945703975,0.955140666054296,0.03-0.05R,2025-12-02 05:25:00+00:00,3.136428571428626,4223.457096876332,4222.78,0.1825726141077288,missing,missing,,0,Tuesday,post_close,-0.2860249662637354,,False,True,False,True,False,False,False,False,False,True,True,True,True,False,True,True,False,True,False,True,True,2025-12-02 05:15:00+00:00,4222.78,4221.269156887354,8.225714285714146,0.18367318146089964,False,True,2,1,1,True,False,False,False,False,2025-12-02 05:30:00+00:00|supply|4222.56
22110,15min,m15_2c_1atr,demand,4210.59,4205.94,2025-12-03 14:45:00+00:00,2025-12-03 14:00:00+00:00,2025-12-03 14:15:00+00:00,2025-12-03 14:30:00+00:00,2,1.3117010816125743,0.9144542772862249,0.20000000000003912,2025-12-03 16:50:00+00:00,2025-12-03 17:20:00+00:00,4221.93,4204.168571428571,17.76142857142895,2.0833333333333335,True,440323,440324,5,4222.41,0.5735849056603264,0.4256414381082225,1.467787340143171,-0.19987131022280014,-1.0,stop,2025,2025-12,2025-12-03,0.016890533258263934,-1.0168905332582638,<=0.03R,2025-12-03 17:15:00+00:00,8.935714285714312,4219.463216746968,4222.41,0.7333333333333409,above,above,5.270000000000437,12,Wednesday,ny_main,0.27605887723781425,0.5897681854516859,True,False,True,True,True,True,False,False,False,True,False,False,True,False,False,False,True,False,True,True,True,2025-12-03 17:15:00+00:00,4221.75,4220.475263105836,11.036428571428521,0.11550266337642362,True,False,5,4,2,True,True,True,False,False,2025-12-03 17:20:00+00:00|demand|4221.93
22123,15min,m15_2c_1atr,supply,4201.85,4193.37,2025-12-04 14:45:00+00:00,2025-12-04 14:00:00+00:00,2025-12-04 14:15:00+00:00,2025-12-04 14:30:00+00:00,2,1.456084923543651,1.500315935801961,0.2806603773583805,2025-12-04 15:25:00+00:00,2025-12-04 15:35:00+00:00,4190.95,4202.762857142858,11.812857142857865,0.6666666666666666,True,440578,440579,1,4190.92,0.5540372670807373,0.21586648929737795,1.3036642883056866,-3.541903494981051,-1.0,stop,2025,2025-12,2025-12-04,0.025396057564395592,-1.0253960575643957,<=0.03R,2025-12-04 15:30:00+00:00,4.314999999999925,4192.002016119817,4190.92,0.43726708074538595,below,below,8.579999999999927,10,Thursday,london_ny_overlap,-0.24380443101214352,1.9884125144843747,False,True,True,True,True,False,True,True,True,True,False,False,False,False,False,False,True,False,True,True,True,2025-12-04 15:30:00+00:00,4191.79,4193.741074042642,6.359285714285631,-0.30680710543626666,True,False,5,3,2,True,True,True,False,False,2025-12-04 15:35:00+00:00|supply|4190.95
22130,15min,m15_2c_1atr,demand,4202.24,4196.85,2025-12-05 05:00:00+00:00,2025-12-05 04:15:00+00:00,2025-12-05 04:30:00+00:00,2025-12-05 04:45:00+00:00,2,1.8123971475590193,1.0348326933624505,0.7365491651207204,2025-12-05 05:10:00+00:00,2025-12-05 05:20:00+00:00,4204.18,4196.286428571429,7.893571428571704,0.16666666666666666,True,440731,440732,1,4204.17,0.584158415841865,6.989231743733364,1.340331191747297,1.0755587729616578,1.0,tp1,2025,2025-12,2025-12-05,0.03800561035200302,0.961994389647997,0.03-0.05R,2025-12-05 05:15:00+00:00,2.883571428571421,4203.946951655153,4204.17,0.6584158415842766,missing,missing,,0,Friday,post_close,0.08081934178518316,,True,False,False,True,False,False,True,True,True,True,False,False,False,False,True,False,False,True,False,True,True,2025-12-05 05:15:00+00:00,4203.29,4203.161959739352,5.35071428571434,0.023929564131259805,True,False,4,4,2,True,False,False,False,False,2025-12-05 05:20:00+00:00|demand|4204.18
22135,15min,m15_2c_1atr,demand,4222.36,4217.54,2025-12-05 11:45:00+00:00,2025-12-05 11:00:00+00:00,2025-12-05 11:15:00+00:00,2025-12-05 11:30:00+00:00,2,1.1502447980415982,1.0324357405140188,0.37966804979272767,2025-12-05 13:00:00+00:00,2025-12-05 13:15:00+00:00,4224.1,4217.107714285714,6.992285714286481,1.25,True,440826,440827,2,4224.15,0.6808510638297284,5.041269970987883,2.987578147345774,-1.7476402566091693,1.0,tp1,2025,2025-12,2025-12-05,0.04290442528500326,0.9570955747149967,0.03-0.05R,2025-12-05 13:10:00+00:00,2.140000000000003,4223.462080890565,4224.15,0.9939209726442442,missing,missing,,8,Friday,london_ny_overlap,0.29809304179235613,,True,False,False,True,False,False,False,True,True,True,True,False,False,False,False,False,False,False,True,True,True,2025-12-05 13:00:00+00:00,4224.15,4223.591947058217,3.9278571428571274,0.14207567166688273,True,True,2,2,1,True,False,False,False,False,2025-12-05 13:15:00+00:00|demand|4224.1
22137,15min,m15_2c_1atr,demand,4229.55,4224.14,2025-12-05 15:00:00+00:00,2025-12-05 14:15:00+00:00,2025-12-05 14:30:00+00:00,2025-12-05 14:45:00+00:00,2,1.0937500000001086,1.4258283132529277,0.19963031423289396,2025-12-05 15:00:00+00:00,2025-12-05 15:30:00+00:00,4233.03,4223.395714285714,9.634285714285397,0.0,True,440853,440854,5,4233.07,0.6649831649830773,2.7319098457890036,3.0951957295374384,-3.5996441281139333,1.0,tp1,2025,2025-12,2025-12-05,0.031138790035588212,0.9688612099644118,0.03-0.05R,2025-12-05 15:25:00+00:00,3.6185714285712884,4228.229259612072,4233.07,0.6717171717170773,above,above,6.650000000000546,10,Friday,london_ny_overlap,1.3266949354714899,1.837741808132871,True,False,False,True,False,False,False,False,False,True,True,False,False,False,False,False,True,False,True,True,True,2025-12-05 15:15:00+00:00,4233.07,4227.54134774336,4.780714285714437,1.156449000342875,True,True,4,3,2,True,True,True,False,False,2025-12-05 15:30:00+00:00|demand|4233.03
22138,15min,m15_2c_1atr,demand,4233.26,4221.64,2025-12-05 15:45:00+00:00,2025-12-05 15:00:00+00:00,2025-12-05 15:15:00+00:00,2025-12-05 15:30:00+00:00,2,1.0939933259176502,2.2619577308119614,0.06110154905335999,2025-12-05 15:45:00+00:00,2025-12-05 15:55:00+00:00,4236.93,4220.710285714286,16.219714285713962,0.0,True,440858,440859,1,4236.91,0.9900662251654966,1.3822684916063666,2.0789515404534735,-3.4729341718191913,1.0,tp1,2025,2025-12,2025-12-05,0.018496010146383076,0.981503989853617,<=0.03R,2025-12-05 15:50:00+00:00,4.557857142856976,4232.70794943691,4236.91,1.0,above,above,6.650000000000546,10,Friday,london_ny_overlap,0.9263235838154905,1.4590189625452288,True,False,True,True,True,True,True,True,True,True,True,True,False,True,False,False,True,False,True,True,True,2025-12-05 15:45:00+00:00,4234.63,4230.19143258549,5.3671428571428805,0.8269888714818652,True,False,6,3,2,True,True,True,False,False,2025-12-05 15:55:00+00:00|demand|4236.93
22150,15min,m15_2c_1atr,demand,4204.6,4199.74,2025-12-08 13:45:00+00:00,2025-12-08 13:00:00+00:00,2025-12-08 13:15:00+00:00,2025-12-08 13:30:00+00:00,2,1.8821531225502948,0.8889469558401906,0.05761316872422054,2025-12-08 15:20:00+00:00,2025-12-08 15:50:00+00:00,4205.26,4198.882857142857,6.377142857143554,1.5833333333333333,True,441131,441132,5,4205.24,0.6528925619835849,0.025089605734741467,1.0459229390679976,0.43122759856626114,-1.0,stop,2025,2025-12,2025-12-08,0.04704301075268303,-1.0470430107526831,0.03-0.05R,2025-12-08 15:45:00+00:00,3.934285714285644,4205.227043126787,4205.24,0.669421487603283,below,below,4.420000000000073,10,Monday,london_ny_overlap,0.008376837781120845,1.1234567901234953,True,False,False,True,False,False,False,False,False,True,True,False,True,False,True,False,True,False,True,True,True,2025-12-08 15:45:00+00:00,4201.74,4206.529104222751,5.639999999999873,-0.8491319543885157,False,False,7,4,2,True,False,False,True,False,2025-12-08 15:50:00+00:00|demand|4205.26
22151,15min,m15_2c_1atr,supply,4215.5,4211.06,2025-12-08 15:30:00+00:00,2025-12-08 14:45:00+00:00,2025-12-08 15:00:00+00:00,2025-12-08 15:15:00+00:00,2,2.0395203052604334,0.8470973017170325,0.2860360360361601,2025-12-08 16:20:00+00:00,2025-12-08 16:35:00+00:00,4206.91,4216.389857142857,9.479857142857327,0.8333333333333334,True,441140,441141,2,4206.87,0.3141993957703438,3.8798053014661646,0.6255368525746505,0.1350231317530108,1.0,tp1,2025,2025-12,2025-12-08,0.0316460465046182,0.9683539534953818,0.03-0.05R,2025-12-08 16:30:00+00:00,4.319285714285668,4207.667704669617,4206.87,0.37311178247733473,below,below,4.420000000000073,11,Monday,london_ny_overlap,-0.1754236046740086,1.0233173474450419,False,True,False,True,False,False,False,True,True,False,False,False,True,False,True,True,True,False,True,True,True,2025-12-08 16:30:00+00:00,4198.35,4205.554489366808,6.600714285714081,-1.0914711734153857,True,False,6,3,2,True,False,True,False,False,2025-12-08 16:35:00+00:00|supply|4206.91
22153,15min,m15_2c_1atr,demand,4190.27,4182.16,2025-12-08 18:30:00+00:00,2025-12-08 17:45:00+00:00,2025-12-08 18:00:00+00:00,2025-12-08 18:15:00+00:00,2,1.144116649711685,0.7700237368599993,0.4845869297164006,2025-12-08 18:50:00+00:00,2025-12-08 19:00:00+00:00,4191.62,4181.296714285714,10.323285714285703,0.3333333333333333,True,441169,441170,1,4191.6,0.7848605577692419,0.703264464525436,1.0771764250031042,1.0791137926740155,-1.0,stop,2025,2025-12,2025-12-08,0.02906051506303367,-1.0290605150630336,<=0.03R,2025-12-08 18:55:00+00:00,4.247142857142795,4191.440958436398,4191.6,0.9123505976097985,below,below,4.420000000000073,14,Monday,ny_main,0.04215576674101004,1.040699630003396,True,False,True,True,True,False,True,True,True,True,True,True,True,False,False,False,False,False,True,True,True,2025-12-08 18:45:00+00:00,4191.6,4191.700116709919,10.16285714285732,-0.00985123656774048,False,True,0,0,0,False,False,False,True,False,2025-12-08 19:00:00+00:00|demand|4191.62
22172,15min,m15_2c_1atr,supply,4218.88,4213.24,2025-12-10 05:15:00+00:00,2025-12-10 04:30:00+00:00,2025-12-10 04:45:00+00:00,2025-12-10 05:00:00+00:00,2,1.7355371900825058,1.2549268912906173,0.7322695035460761,2025-12-10 07:45:00+00:00,2025-12-10 08:05:00+00:00,4209.68,4219.370285714286,9.690285714285892,2.5,True,441590,441591,3,4209.67,0.738197424892548,2.2579313598301387,1.056728387781536,-0.16924165585558018,1.0,tp1,2025,2025-12,2025-12-10,0.03095883948578785,0.9690411605142122,0.03-0.05R,2025-12-10 08:00:00+00:00,2.357142857142857,4210.084832274074,4209.67,0.0815450643778717,missing,missing,,3,Wednesday,asia_late,-0.17174702536458702,,False,True,False,True,False,False,False,False,True,True,True,True,False,False,True,False,False,True,False,True,True,2025-12-10 08:00:00+00:00,4209.67,4209.049487819814,3.9642857142857144,0.15652559500184096,False,False,6,3,2,True,False,False,False,False,2025-12-10 08:05:00+00:00|supply|4209.68
22175,15min,m15_2c_1atr,supply,4212.16,4205.09,2025-12-10 08:30:00+00:00,2025-12-10 07:30:00+00:00,2025-12-10 07:45:00+00:00,2025-12-10 08:15:00+00:00,3,1.113070011866543,1.677911510425433,0.8882602545970174,2025-12-10 08:30:00+00:00,2025-12-10 08:35:00+00:00,4203.35,4212.729857142857,9.379857142856963,0.0,True,441596,441597,0,4203.42,0.9809523809523975,1.6578077643583264,1.6780639363986747,-1.159932377891772,1.0,tp1,2025,2025-12,2025-12-10,0.0319834295374593,0.9680165704625407,0.03-0.05R,2025-12-10 08:30:00+00:00,2.868571428571418,4206.940034683459,4203.42,0.0,missing,missing,,3,Wednesday,asia_late,-1.2515061147515523,,False,True,False,True,False,False,True,True,True,True,True,True,False,False,False,False,False,True,False,True,True,2025-12-10 08:30:00+00:00,4206.36,4208.180554360134,4.018571428571444,-0.45303521226236465,True,False,6,2,2,True,False,False,False,False,2025-12-10 08:35:00+00:00|supply|4203.35
22179,15min,m15_2c_1atr,demand,4200.34,4193.64,2025-12-10 15:45:00+00:00,2025-12-10 15:00:00+00:00,2025-12-10 15:15:00+00:00,2025-12-10 15:30:00+00:00,2,1.4940983606558103,1.5377049180327682,0.031343283582095836,2025-12-10 15:55:00+00:00,2025-12-10 16:00:00+00:00,4200.81,4192.888428571429,7.921571428571042,0.16666666666666666,True,441685,441686,0,4200.8,0.50391644908601,0.78646011794195,1.1664352311050836,4.159528232133054,-1.0,stop,2025,2025-12,2025-12-10,0.03787127373717521,-1.0378712737371751,0.03-0.05R,2025-12-10 15:55:00+00:00,3.699999999999883,4200.349391335633,4200.8,0.14099216710182086,inside,inside,4.969999999999345,11,Wednesday,london_ny_overlap,0.12448882820732841,1.3432432432431087,True,False,False,True,False,False,True,True,True,True,False,False,False,False,False,False,True,False,True,True,True,2025-12-10 15:45:00+00:00,4200.8,4198.934685446353,4.405714285714241,0.4233852748226717,True,True,5,4,2,True,True,False,False,True,2025-12-10 16:00:00+00:00|demand|4200.81
22182,15min,m15_2c_1atr,demand,4196.96,4192.09,2025-12-10 21:15:00+00:00,2025-12-10 20:30:00+00:00,2025-12-10 20:45:00+00:00,2025-12-10 21:00:00+00:00,2,3.0937537901759145,0.8269254093389766,0.5277207392196646,2025-12-10 21:25:00+00:00,2025-12-10 21:35:00+00:00,4209.8,4190.224571428572,19.575428571428347,0.16666666666666666,True,441752,441753,1,4209.76,0.5276699029126067,0.2620632279534196,1.4165717955454764,3.2259830107715395,-1.0,stop,2025,2025-12,2025-12-10,0.015325334968035904,-1.015325334968036,<=0.03R,2025-12-10 21:30:00+00:00,8.099999999999975,4205.768505189772,4209.76,0.8427184466019552,above,above,4.969999999999345,16,Wednesday,ny_main,0.49771540867009306,0.6135802469135013,True,False,True,True,True,True,True,True,True,True,False,False,True,False,True,True,False,False,True,True,True,2025-12-10 21:30:00+00:00,4187.56,4197.353895200629,9.289285714285793,-1.0543216671188234,False,False,6,3,2,True,False,True,False,False,2025-12-10 21:35:00+00:00|demand|4209.8
22191,15min,m15_2c_1atr,supply,4226.03,4218.65,2025-12-11 12:45:00+00:00,2025-12-11 12:00:00+00:00,2025-12-11 12:15:00+00:00,2025-12-11 12:30:00+00:00,2,1.0515695067264383,1.4478699551570342,0.2750677506774682,2025-12-11 12:55:00+00:00,2025-12-11 13:15:00+00:00,4215.26,4226.560714285714,11.300714285714093,0.16666666666666666,True,441928,441929,3,4215.31,0.7311827956988775,0.8902092155995702,1.276910435497091,-10.489602427153958,-1.0,stop,2025,2025-12,2025-12-11,0.02654699450098016,-1.0265469945009802,<=0.03R,2025-12-11 13:10:00+00:00,2.782142857142909,4216.834989207565,4215.31,0.23655913978501722,missing,missing,,8,Thursday,london_ny_overlap,-0.5661065187651906,,False,True,True,True,True,False,False,False,True,True,True,True,False,False,False,False,True,False,True,True,True,2025-12-11 13:00:00+00:00,4215.31,4216.469886039609,5.039999999999834,-0.23013611897002026,True,True,2,1,1,True,True,False,False,False,2025-12-11 13:15:00+00:00|supply|4215.26
22215,15min,m15_2c_1atr,demand,4342.08,4339.08,2025-12-15 10:30:00+00:00,2025-12-15 09:45:00+00:00,2025-12-15 10:00:00+00:00,2025-12-15 10:15:00+00:00,2,1.2629158777387741,0.5680281309169837,0.18333333333339397,2025-12-15 12:00:00+00:00,2025-12-15 12:20:00+00:00,4344.99,4338.554428571429,6.435571428571166,1.5,True,442469,442470,3,4344.97,0.6249999999999541,0.5174365690692455,1.081489045261876,-10.744966591933611,-1.0,stop,2025,2025-12,2025-12-15,0.046615907123356476,-1.0466159071233565,0.03-0.05R,2025-12-15 12:15:00+00:00,2.8328571428570677,4344.32487910446,4344.97,0.9677419354839064,missing,missing,,7,Monday,asia_late,0.23478801153706605,,True,False,False,True,False,False,False,False,True,True,True,False,True,False,False,False,True,False,False,True,True,2025-12-15 12:15:00+00:00,4342.71,4344.1594550734135,4.968571428571262,-0.2917247128779317,False,False,1,1,1,True,False,False,False,False,2025-12-15 12:20:00+00:00|demand|4344.99
22219,15min,m15_2c_1atr,supply,4335.17,4320.81,2025-12-15 17:30:00+00:00,2025-12-15 16:30:00+00:00,2025-12-15 16:45:00+00:00,2025-12-15 17:15:00+00:00,3,1.4674583238181538,1.5303341706629578,0.20752089136494017,2025-12-15 17:30:00+00:00,2025-12-15 17:40:00+00:00,4319.32,4337.019285714286,17.699285714285907,0.0,True,442533,442534,1,4319.33,0.46728971962616295,2.697848985027615,0.8926913919044358,1.379716695588996,1.0,tp1,2025,2025-12,2025-12-15,0.01694983655514732,0.9830501634448526,<=0.03R,2025-12-15 17:35:00+00:00,9.40714285714291,4320.145128086053,4319.33,0.15109034267916568,below,below,3.8499999999994543,12,Monday,ny_main,-0.08771293245819367,0.40926347760054715,False,True,True,True,True,True,True,True,True,True,False,False,False,False,False,False,True,False,True,True,True,2025-12-15 17:30:00+00:00,4323.32,4325.291860306805,10.000714285714432,-0.19717194696999488,True,False,2,2,1,True,True,True,False,False,2025-12-15 17:40:00+00:00|supply|4319.32
22246,15min,m15_2c_1atr,supply,4344.77,4332.89,2025-12-17 18:00:00+00:00,2025-12-17 17:15:00+00:00,2025-12-17 17:30:00+00:00,2025-12-17 17:45:00+00:00,2,1.2045045045044973,1.0702702702702824,0.06313131313131255,2025-12-17 18:00:00+00:00,2025-12-17 18:05:00+00:00,4332.06,4346.522285714286,14.462285714285827,0.0,True,443090,443091,0,4332.01,0.20560747663551515,1.5993322533486063,1.0219684697143054,0.14866253111545008,1.0,tp1,2025,2025-12,2025-12-17,0.02074360899284823,0.9792563910071518,<=0.03R,2025-12-17 18:00:00+00:00,8.632142857142687,4333.8798149240765,4332.01,0.6448598130841212,above,above,8.149999999999636,13,Wednesday,ny_main,-0.2108184438317441,0.9441456350847923,False,True,True,True,True,False,True,True,True,False,False,False,False,False,False,False,True,False,True,True,True,2025-12-17 18:00:00+00:00,4327.63,4332.973264556036,11.37999999999998,-0.4695311560664373,True,False,4,4,2,True,False,False,True,False,2025-12-17 18:05:00+00:00|supply|4332.06
22247,15min,m15_2c_1atr,demand,4335.49,4328.56,2025-12-17 20:15:00+00:00,2025-12-17 19:00:00+00:00,2025-12-17 19:15:00+00:00,2025-12-17 20:00:00+00:00,4,1.080201990197497,0.7204812119411362,0.11976911976911996,2025-12-17 20:40:00+00:00,2025-12-17 21:05:00+00:00,4336.61,4327.731000000001,8.878999999998996,0.4166666666666667,True,443126,443127,4,4336.56,0.10888252149000943,1.0778240792883997,1.0631827908549012,-0.3716634756165836,1.0,tp1,2025,2025-12,2025-12-17,0.03378758869242414,0.9662124113075758,0.03-0.05R,2025-12-17 21:00:00+00:00,4.365714285714473,4336.255022574131,4336.56,0.951289398281039,above,above,8.149999999999636,16,Wednesday,ny_main,0.08131027425010331,1.8668193717275852,True,False,False,True,False,False,False,False,False,False,False,False,True,False,False,False,True,False,True,True,True,2025-12-17 21:00:00+00:00,4337.21,4337.154139924211,8.210714285714143,0.006803315015574,True,False,4,3,2,True,False,True,False,False,2025-12-17 21:05:00+00:00|demand|4336.61
22269,15min,m15_2c_1atr,supply,4335.23,4327.64,2025-12-19 16:00:00+00:00,2025-12-19 15:15:00+00:00,2025-12-19 15:30:00+00:00,2025-12-19 15:45:00+00:00,2,1.34954767907459,1.5758564437192473,0.5849802371541564,2025-12-19 16:00:00+00:00,2025-12-19 16:25:00+00:00,4325.75,4336.113571428571,10.36357142857105,0.0,True,443622,443623,4,4325.98,0.8463157894737762,0.016403611551458443,1.1414983803157008,-8.901371562478788,-1.0,stop,2025,2025-12,2025-12-19,0.028947549796678983,-1.028947549796679,<=0.03R,2025-12-19 16:20:00+00:00,4.650714285714263,4328.843030262372,4325.98,0.10315789473679615,inside,inside,7.009999999999309,11,Friday,london_ny_overlap,-0.6650656377393238,1.507295346336827,False,True,True,True,True,False,False,False,False,True,True,True,False,False,False,False,False,False,True,True,True,2025-12-19 16:15:00+00:00,4327.88,4328.602025498591,5.200714285714314,-0.13883198709334854,True,False,7,4,2,True,False,False,False,True,2025-12-19 16:25:00+00:00|supply|4325.75
22297,15min,m15_2c_1atr,demand,4486.16,4483.5,2025-12-23 15:15:00+00:00,2025-12-23 14:15:00+00:00,2025-12-23 14:30:00+00:00,2025-12-23 15:00:00+00:00,3,1.953834472285622,0.5655277145026314,0.23308270676688903,2025-12-23 15:30:00+00:00,2025-12-23 15:35:00+00:00,4491.88,4482.633285714286,9.246714285714006,0.25,True,444164,444165,0,4491.83,0.34918648310388484,0.05623619200637755,1.9953033509973062,-2.058028334389084,-1.0,stop,2025,2025-12,2025-12-23,0.03244395692678578,-1.0324439569267858,0.03-0.05R,2025-12-23 15:30:00+00:00,3.882142857142818,4490.863446125212,4491.83,0.904881101376691,inside,inside,10.199999999999818,10,Tuesday,london_ny_overlap,0.26185380399319563,2.6274149034038436,True,False,False,True,False,False,True,True,True,False,False,False,True,False,True,False,True,False,True,True,True,2025-12-23 15:30:00+00:00,4489.56,4488.64797189998,5.302142857142826,0.17201122727047247,True,False,6,4,2,True,False,False,False,True,2025-12-23 15:35:00+00:00|demand|4491.88
22299,15min,m15_2c_1atr,demand,4452.05,4439.41,2025-12-23 18:00:00+00:00,2025-12-23 17:15:00+00:00,2025-12-23 17:30:00+00:00,2025-12-23 17:45:00+00:00,2,1.2820365144272137,1.0191787133560233,0.4588607594936734,2025-12-24 17:40:00+00:00,2025-12-24 18:05:00+00:00,4468.24,4437.78,30.460000000000036,23.666666666666668,True,444470,444471,4,4468.23,0.7640538400633609,2.6799080761654634,0.133289560078775,1.8942875902823293,1.0,tp1,2025,2025-12,2025-12-24,0.009848982271831898,0.990151017728168,<=0.03R,2025-12-24 18:00:00+00:00,8.49785714285716,4462.3566449437385,4468.23,0.9635787806809133,below,below,5.240000000000691,13,Wednesday,ny_main,0.6923339563558691,0.6166260401782763,True,False,True,True,True,True,False,False,False,True,True,True,False,False,False,False,False,False,True,True,True,2025-12-24 18:00:00+00:00,4466.36,4468.406794120291,12.344285714285693,-0.16580903647772466,False,False,3,3,2,True,False,False,True,False,2025-12-24 18:05:00+00:00|demand|4468.24
22313,15min,m15_2c_1atr,demand,4472.83,4449.66,2025-12-24 18:15:00+00:00,2025-12-24 17:30:00+00:00,2025-12-24 17:45:00+00:00,2025-12-24 18:00:00+00:00,2,1.067700497627541,1.8769818308066288,0.7367285282693381,2025-12-24 18:15:00+00:00,2025-12-24 18:40:00+00:00,4475.37,4448.4554285714285,26.914571428571435,0.0,True,444477,444478,4,4475.36,0.8154897494304465,2.7680173246568502,0.11889470387787136,2.078428042165176,1.0,tp1,2025,2025-12,2025-12-24,0.011146378488551075,0.988853621511449,<=0.03R,2025-12-24 18:35:00+00:00,6.250714285714301,4469.184375455267,4475.36,0.85421412300677,below,below,5.240000000000691,13,Wednesday,ny_main,0.9895868315193082,0.8383041938065307,True,False,True,True,True,True,False,False,False,True,True,True,False,False,False,False,False,True,True,True,True,2025-12-24 18:30:00+00:00,4475.39,4469.981640887583,12.32857142857152,0.43868498014971186,True,False,5,4,2,True,False,False,True,False,2025-12-24 18:40:00+00:00|demand|4475.37
22315,15min,m15_2c_1atr,demand,4502.56,4492.5,2025-12-26 05:15:00+00:00,2025-12-26 04:30:00+00:00,2025-12-26 04:45:00+00:00,2025-12-26 05:00:00+00:00,2,1.1742838107928155,0.9383077948034994,0.28330019880709156,2025-12-26 05:30:00+00:00,2025-12-26 05:55:00+00:00,4504.54,4491.650285714286,12.889714285714035,0.25,True,444561,444562,4,4504.62,0.5744125326370392,3.516757547546279,1.7254067473511714,0.871237309926019,1.0,tp1,2025,2025-12,2025-12-26,0.023274371591967467,0.9767256284080326,<=0.03R,2025-12-26 05:50:00+00:00,4.281428571428478,4504.041623626273,4504.62,0.6631853785900814,missing,missing,,0,Friday,post_close,0.11640422476113288,,True,False,True,True,True,False,False,False,False,True,False,False,True,False,False,False,True,False,False,True,True,2025-12-26 05:45:00+00:00,4502.04,4504.392567188747,10.38357142857142,-0.22656628356925665,False,False,3,3,2,True,False,False,False,False,2025-12-26 05:55:00+00:00|demand|4504.54
22331,15min,m15_2c_1atr,supply,4485.86,4466.21,2025-12-29 10:45:00+00:00,2025-12-29 10:00:00+00:00,2025-12-29 10:15:00+00:00,2025-12-29 10:30:00+00:00,2,1.0955564294140883,1.5454187966967685,0.469720101781157,2025-12-29 10:45:00+00:00,2025-12-29 10:50:00+00:00,4461.25,4487.344285714285,26.094285714285434,0.0,True,444896,444897,0,4461.21,0.8143115942028815,6.059947443337418,0.5713894667688607,3.199551078506541,1.0,tp1,2025,2025-12,2025-12-29,0.011496769955107974,0.988503230044892,<=0.03R,2025-12-29 10:45:00+00:00,7.283571428571252,4472.462462889646,4461.21,0.029891304347819597,missing,missing,,5,Monday,asia_late,-1.5394182647352366,,False,True,True,True,True,True,True,True,True,True,True,True,False,False,False,False,False,False,False,True,True,2025-12-29 10:45:00+00:00,4461.18,4475.229765173264,13.750714285714366,-1.021748025690583,True,False,0,0,0,False,False,False,False,False,2025-12-29 10:50:00+00:00|supply|4461.25
22346,15min,m15_2c_1atr,demand,4371.46,4351.99,2025-12-30 11:00:00+00:00,2025-12-30 10:15:00+00:00,2025-12-30 10:30:00+00:00,2025-12-30 10:45:00+00:00,2,1.209623001320311,1.99926653953357,0.8777606574216703,2025-12-30 11:00:00+00:00,2025-12-30 11:15:00+00:00,4373.13,4350.940285714286,22.189714285714217,0.0,True,445171,445172,2,4373.06,0.7518248175184541,1.4029022455706726,1.168559435517116,-2.107282653481681,1.0,tp1,2025,2025-12,2025-12-30,0.013519777503090276,0.9864802224969097,<=0.03R,2025-12-30 11:10:00+00:00,5.342142857142854,4366.888270074472,4373.06,0.7518248175184541,missing,missing,,6,Tuesday,asia_late,1.1683944238186774,,True,False,True,True,True,True,False,True,True,True,True,True,False,False,False,False,False,True,False,True,True,2025-12-30 11:00:00+00:00,4373.06,4366.796008114914,9.857857142857029,0.6354313918644343,True,True,4,3,2,True,False,False,False,False,2025-12-30 11:15:00+00:00|demand|4373.13
22353,15min,m15_2c_1atr,supply,4351.4,4344.97,2025-12-31 07:00:00+00:00,2025-12-31 06:00:00+00:00,2025-12-31 06:15:00+00:00,2025-12-31 06:45:00+00:00,3,1.3519539078156197,0.5637525050099583,0.00311041990661415,2025-12-31 15:55:00+00:00,2025-12-31 16:25:00+00:00,4337.37,4352.709428571428,15.33942857142847,8.916666666666666,True,445509,445510,5,4337.77,0.8259629101283571,0.28488675309193334,1.0489308597824631,0.03911488600801118,-1.0,stop,2025,2025-12,2025-12-31,0.019557443004023373,-1.0195574430040233,<=0.03R,2025-12-31 16:20:00+00:00,6.51928571428581,4338.792299543136,4337.77,0.1740370898716429,above,above,9.3100000000004,11,Wednesday,london_ny_overlap,-0.21816800267239797,1.4280705598773276,False,True,True,True,True,True,False,False,False,True,True,True,True,False,False,False,True,False,True,True,True,2025-12-31 16:15:00+00:00,4337.02,4330.804314588721,10.035714285714416,0.6193565534370535,False,False,0,0,0,False,False,False,True,False,2025-12-31 16:25:00+00:00|supply|4337.37
22354,15min,m15_2c_1atr,supply,4343.15,4332.94,2025-12-31 08:00:00+00:00,2025-12-31 07:15:00+00:00,2025-12-31 07:30:00+00:00,2025-12-31 07:45:00+00:00,2,3.765494296577914,0.6793726235741393,0.7796278158667981,2025-12-31 09:15:00+00:00,2025-12-31 09:50:00+00:00,4328.79,4344.181,15.390999999999622,1.25,True,445430,445431,6,4328.8,0.7660044150111368,1.6594113442921572,1.2741212396855406,-4.140731596387631,1.0,tp1,2025,2025-12,2025-12-31,0.019491910856994827,0.9805080891430051,<=0.03R,2025-12-31 09:45:00+00:00,5.1571428571427145,4330.434542763667,4328.8,0.13024282560710346,missing,missing,,4,Wednesday,asia_late,-0.3188864084673391,,False,True,True,True,True,True,False,False,False,True,True,True,True,False,True,True,False,True,False,True,True,2025-12-31 09:45:00+00:00,4331.31,4327.394896951865,14.87785714285701,0.2631496599639656,False,False,0,0,0,False,False,False,False,False,2025-12-31 09:50:00+00:00|supply|4328.79
22363,15min,m15_2c_1atr,demand,4335.48,4324.47,2026-01-02 01:45:00+00:00,2026-01-02 01:00:00+00:00,2026-01-02 01:15:00+00:00,2026-01-02 01:30:00+00:00,2,1.677532013969818,1.281722933643689,0.22888283378751997,2026-01-02 17:10:00+00:00,2026-01-02 17:45:00+00:00,4346.18,4322.692857142857,23.487142857143226,15.416666666666666,True,445801,445802,6,4346.13,0.8989280245023155,0.03959613162213715,1.006933884800202,4.462015692476026,-1.0,stop,2026,2026-01,2026-01-02,0.012772945684568864,-1.0127729456845689,<=0.03R,2026-01-02 17:40:00+00:00,9.142857142857078,4342.894156363227,4346.13,0.8989280245023155,below,below,7.020000000000437,12,Friday,ny_main,0.35938914777208,0.7678125000000532,True,False,True,True,True,True,False,False,False,True,True,True,False,False,True,False,True,False,True,True,True,2026-01-02 17:30:00+00:00,4346.13,4354.077594838929,13.332857142857067,-0.5960909018804624,False,True,1,1,1,True,False,False,True,False,2026-01-02 17:45:00+00:00|demand|4346.18
22365,15min,m15_2c_1atr,demand,4375.99,4371.39,2026-01-02 08:00:00+00:00,2026-01-02 06:45:00+00:00,2026-01-02 07:00:00+00:00,2026-01-02 07:45:00+00:00,4,1.2739810368180535,0.7930057874645213,0.4695652173913284,2026-01-02 08:05:00+00:00,2026-01-02 08:20:00+00:00,4377.62,4370.836857142857,6.783142857142593,0.08333333333333333,True,445688,445689,2,4377.67,0.5938242280284984,3.653173834295206,1.326818583884471,6.398214060065196,1.0,tp1,2026,2026-01,2026-01-02,0.04422728612948237,0.9557727138705177,0.03-0.05R,2026-01-02 08:15:00+00:00,2.7357142857142986,4377.462608389864,4377.67,0.928741092636537,missing,missing,,3,Friday,asia_late,0.057532181250783854,,True,False,False,True,False,False,False,True,True,True,False,False,True,False,False,False,False,False,False,True,True,2026-01-02 08:15:00+00:00,4379.86,4376.830411968663,5.34499999999993,0.5668078636739028,True,False,0,0,0,False,False,False,False,False,2026-01-02 08:20:00+00:00|demand|4377.62
22386,15min,m15_2c_1atr,demand,4444.26,4434.0,2026-01-06 04:00:00+00:00,2026-01-06 03:15:00+00:00,2026-01-06 03:30:00+00:00,2026-01-06 03:45:00+00:00,2,1.849759615384676,1.2331730769231173,0.6656920077972497,2026-01-06 12:00:00+00:00,2026-01-06 12:20:00+00:00,4452.29,4433.112857142857,19.177142857142826,8.0,True,446288,446289,3,4452.24,0.8131868131864325,2.5196662693682845,0.5558700834326512,0.3848331346841541,1.0,tp1,2026,2026-01,2026-01-06,0.015643623361144245,0.9843563766388558,<=0.03R,2026-01-06 12:15:00+00:00,4.773571428571423,4450.982419693228,4452.24,0.8278388278387644,missing,missing,,7,Tuesday,asia_late,0.27392075856369213,,True,False,True,True,True,True,False,False,True,True,True,True,False,False,True,False,False,True,False,True,True,2026-01-06 12:15:00+00:00,4450.2,4454.813229080853,7.7871428571428885,-0.5924161358644139,False,False,3,3,2,True,False,False,False,False,2026-01-06 12:20:00+00:00|demand|4452.29
22396,15min,m15_2c_1atr,demand,4482.01,4463.16,2026-01-06 18:45:00+00:00,2026-01-06 17:30:00+00:00,2026-01-06 17:45:00+00:00,2026-01-06 18:30:00+00:00,4,1.1643472498343472,1.7488402915838683,0.2944297082227674,2026-01-06 19:40:00+00:00,2026-01-06 19:55:00+00:00,4490.26,4462.419285714285,27.840714285714967,0.9166666666666666,True,446379,446380,2,4490.28,0.758147512864516,0.37175770326086877,1.0419991276906717,-1.3688585576108863,-1.0,stop,2026,2026-01,2026-01-06,0.01077558560176488,-1.0107755856017648,<=0.03R,2026-01-06 19:50:00+00:00,3.7578571428571195,4487.443208948477,4490.28,0.9794168096055074,above,above,4.150000000000546,14,Tuesday,ny_main,0.7495737449405666,1.1043527846418553,True,False,True,True,True,True,False,True,True,True,True,True,False,False,False,False,True,False,True,True,True,2026-01-06 19:45:00+00:00,4489.61,4485.525228424827,9.49214285714288,0.43033186885705627,True,False,8,3,2,True,True,True,False,False,2026-01-06 19:55:00+00:00|demand|4490.26
22405,15min,m15_2c_1atr,supply,4467.35,4458.95,2026-01-07 13:30:00+00:00,2026-01-07 12:30:00+00:00,2026-01-07 12:45:00+00:00,2026-01-07 13:15:00+00:00,3,1.0935758953950618,1.3371233655486554,0.7380952380951685,2026-01-07 13:30:00+00:00,2026-01-07 13:35:00+00:00,4455.26,4468.012142857143,12.752142857142644,0.0,True,446579,446580,0,4455.24,0.776031434184618,2.4921301742005073,1.0021845068055757,2.120427939281946,1.0,tp1,2026,2026-01,2026-01-07,0.02352545790623464,0.9764745420937654,<=0.03R,2026-01-07 13:30:00+00:00,3.381428571428777,4460.349442913926,4455.24,0.03732809430247434,missing,missing,,8,Wednesday,london_ny_overlap,-1.505116197612213,,False,True,True,True,True,False,True,True,True,True,True,True,False,False,False,False,False,True,True,True,True,2026-01-07 13:30:00+00:00,4450.6,4459.732059944779,6.4650000000001455,-1.4125382745210866,True,False,2,2,1,True,False,False,False,False,2026-01-07 13:35:00+00:00|supply|4455.26
22409,15min,m15_2c_1atr,supply,4468.04,4457.04,2026-01-07 20:00:00+00:00,2026-01-07 18:30:00+00:00,2026-01-07 18:45:00+00:00,2026-01-07 19:45:00+00:00,5,1.4555090290499235,1.0075896362208776,0.8945454545454677,2026-01-07 20:35:00+00:00,2026-01-07 20:50:00+00:00,4454.22,4468.85,14.63000000000011,0.5833333333333334,True,446666,446667,2,4454.19,0.9117647058823417,3.1742993848257117,0.8366370471633418,0.15926179084073205,1.0,tp1,2026,2026-01,2026-01-07,0.020505809979494038,0.979494190020506,<=0.03R,2026-01-07 20:45:00+00:00,4.000714285714301,4454.673146489364,4454.19,0.02100840336103786,above,above,11.210000000000036,15,Wednesday,ny_main,-0.11326639619868673,2.801999642920905,False,True,True,True,True,False,False,True,True,True,True,True,False,False,False,False,False,True,True,True,True,2026-01-07 20:45:00+00:00,4452.15,4453.836842415917,8.084285714285866,-0.20865695196009817,True,False,6,3,2,True,False,False,True,False,2026-01-07 20:50:00+00:00|supply|4454.22
22412,15min,m15_2c_1atr,supply,4465.96,4462.61,2026-01-08 02:45:00+00:00,2026-01-08 02:00:00+00:00,2026-01-08 02:15:00+00:00,2026-01-08 02:30:00+00:00,2,2.6363395927003075,0.6202062946311183,0.6328358208954211,2026-01-08 18:35:00+00:00,2026-01-08 19:10:00+00:00,4458.92,4466.877571428571,7.9575714285711,15.833333333333334,True,446922,446923,6,4458.91,0.8210526315788793,1.7744107139651961,1.8699172396460704,-4.27391702421793,1.0,tp1,2026,2026-01,2026-01-08,0.037699944347702755,0.9623000556522973,0.03-0.05R,2026-01-08 19:05:00+00:00,4.751428571428668,4459.693768217584,4458.91,0.17894736842112066,above,above,15.350000000000364,14,Thursday,ny_main,-0.16284959480117675,3.230607336139518,False,True,False,True,False,False,False,False,False,True,True,True,True,False,True,True,False,False,True,True,True,2026-01-08 19:00:00+00:00,4460.07,4454.21704537609,10.958571428571629,0.5340983231308437,False,False,4,3,2,True,False,False,True,False,2026-01-08 19:10:00+00:00|supply|4458.92
22414,15min,m15_2c_1atr,supply,4445.9,4437.42,2026-01-08 06:30:00+00:00,2026-01-08 05:15:00+00:00,2026-01-08 05:30:00+00:00,2026-01-08 06:15:00+00:00,4,1.0135018672795681,1.1368380733505081,0.19221698113209823,2026-01-08 06:30:00+00:00,2026-01-08 06:40:00+00:00,4434.72,4446.452857142856,11.732857142856119,0.0,True,446772,446773,1,4434.76,0.9462915601022905,2.2961159137954463,1.2358456106174218,-2.793863387313019,1.0,tp1,2026,2026-01,2026-01-08,0.025569219530015622,0.9744307804699843,<=0.03R,2026-01-08 06:35:00+00:00,2.732142857142857,4437.958368739005,4434.76,0.051150895140620344,missing,missing,,1,Thursday,post_close,-1.1852852900932334,,False,True,True,True,True,False,True,True,True,True,True,True,False,False,False,False,True,False,False,True,True,2026-01-08 06:30:00+00:00,4432.14,4439.4184636236,6.815714285714291,-1.0678944742233203,True,False,4,3,2,True,False,False,False,False,2026-01-08 06:40:00+00:00|supply|4434.72
22416,15min,m15_2c_1atr,supply,4437.08,4430.94,2026-01-08 10:15:00+00:00,2026-01-08 09:15:00+00:00,2026-01-08 09:30:00+00:00,2026-01-08 10:00:00+00:00,3,1.3260021284142307,0.762327066335607,0.09446254071659549,2026-01-08 10:55:00+00:00,2026-01-08 11:20:00+00:00,4426.52,4437.980142857143,11.460142857142273,0.6666666666666666,True,446828,446829,4,4426.71,0.8240917782026789,1.6352326697499597,1.1256404183443494,-3.9432318220916383,1.0,tp1,2026,2026-01,2026-01-08,0.026177684147543748,0.9738223158524563,<=0.03R,2026-01-08 11:15:00+00:00,4.817142857142893,4428.899578829323,4426.71,0.11472275334613949,missing,missing,,6,Thursday,asia_late,-0.4939813702627327,,False,True,True,True,True,False,False,False,False,True,True,True,True,False,False,False,True,False,False,True,True,2026-01-08 11:15:00+00:00,4430.49,4429.52674058164,7.847857142857395,0.12274171163222311,False,False,0,0,0,False,False,False,False,False,2026-01-08 11:20:00+00:00|supply|4426.52
22417,15min,m15_2c_1atr,supply,4434.85,4429.88,2026-01-08 12:30:00+00:00,2026-01-08 11:30:00+00:00,2026-01-08 11:45:00+00:00,2026-01-08 12:15:00+00:00,3,1.3402448439394241,0.7673982574170224,0.5975855130784914,2026-01-08 12:30:00+00:00,2026-01-08 13:10:00+00:00,4429.07,4435.541428571429,6.471428571428987,0.0,True,446850,446851,7,4429.32,0.8074712643678214,3.2898454746134695,1.098675496688761,-6.975275938189448,1.0,tp1,2026,2026-01,2026-01-08,0.04635761589403675,0.9536423841059632,0.03-0.05R,2026-01-08 13:05:00+00:00,3.4350000000002052,4430.900673897641,4429.32,0.022988505747102404,missing,missing,,8,Thursday,london_ny_overlap,-0.5329472773337806,,False,True,False,True,False,False,False,False,False,True,True,True,True,False,False,False,False,False,True,True,True,2026-01-08 13:00:00+00:00,4428.44,4430.235657788881,6.566428571428657,-0.2734603398710306,True,False,1,1,1,True,False,False,False,False,2026-01-08 13:10:00+00:00|supply|4429.07
22419,15min,m15_2c_1atr,supply,4433.94,4430.02,2026-01-08 13:30:00+00:00,2026-01-08 12:45:00+00:00,2026-01-08 13:00:00+00:00,2026-01-08 13:15:00+00:00,2,1.0160052620039066,0.6016224512166963,0.20663265306137069,2026-01-08 14:40:00+00:00,2026-01-08 15:05:00+00:00,4423.85,4435.075714285714,11.225714285713366,1.1666666666666667,True,446873,446874,4,4423.83,0.603715170278578,0.5719012471367293,1.0983710867906156,-5.629931280224421,-1.0,stop,2026,2026-01,2026-01-08,0.026724357342837516,-1.0267243573428375,<=0.03R,2026-01-08 15:00:00+00:00,5.492857142857247,4425.301137223655,4423.83,0.06965944272442966,above,above,15.350000000000364,10,Thursday,london_ny_overlap,-0.2641862305743352,2.794538361508466,False,True,True,True,True,False,False,False,False,True,True,False,True,False,False,False,True,False,True,True,True,2026-01-08 15:00:00+00:00,4420.69,4424.275061586619,7.43500000000001,-0.48218716699654324,True,False,4,3,2,True,True,False,True,False,2026-01-08 15:05:00+00:00|supply|4423.85
22429,15min,m15_2c_1atr,demand,4461.58,4453.14,2026-01-09 04:00:00+00:00,2026-01-09 03:15:00+00:00,2026-01-09 03:30:00+00:00,2026-01-09 03:45:00+00:00,2,1.8579854809438383,1.3402903811251519,0.20379146919435262,2026-01-09 05:20:00+00:00,2026-01-09 05:40:00+00:00,4465.18,4452.398428571429,12.781571428571624,1.3333333333333333,True,447036,447037,3,4465.21,0.8313253012044716,10.643448715225997,0.534363089716207,8.046741402241901,1.0,tp1,2026,2026-01,2026-01-09,0.02347129237406498,0.976528707625935,<=0.03R,2026-01-09 05:35:00+00:00,4.060000000000075,4465.041309317629,4465.21,0.9759036144576773,missing,missing,,0,Friday,post_close,0.034160266593818794,,True,False,True,True,True,False,False,False,True,True,True,True,False,False,True,False,True,False,False,True,True,2026-01-09 05:30:00+00:00,4463.92,4466.455170233695,7.367142857142751,-0.3441185114575073,False,False,3,3,2,True,False,False,False,False,2026-01-09 05:40:00+00:00|demand|4465.18
22436,15min,m15_2c_1atr,demand,4468.81,4461.21,2026-01-09 15:30:00+00:00,2026-01-09 14:30:00+00:00,2026-01-09 14:45:00+00:00,2026-01-09 15:15:00+00:00,3,1.1147880041364084,1.222566930943415,0.224999999999994,2026-01-09 15:30:00+00:00,2026-01-09 15:35:00+00:00,4487.19,4459.752428571429,27.437571428570664,0.0,True,447155,447156,0,4487.09,0.4758667573079526,4.852470283188476,0.29922473355097995,4.505500799217079,1.0,tp1,2026,2026-01,2026-01-09,0.010933912310023578,0.9890660876899764,<=0.03R,2026-01-09 15:30:00+00:00,6.848571428571371,4473.28906586581,4487.09,0.9510537049626242,above,above,13.300000000000182,10,Friday,london_ny_overlap,2.029756757182509,1.9420108468919912,True,False,True,True,True,True,True,True,True,True,False,False,False,False,False,False,True,False,True,True,True,2026-01-09 15:30:00+00:00,4486.77,4473.662801668892,8.238571428571438,1.590955233531464,True,False,6,3,2,True,True,True,False,False,2026-01-09 15:35:00+00:00|demand|4487.19
22446,15min,m15_2c_1atr,demand,4569.92,4563.41,2026-01-12 07:45:00+00:00,2026-01-12 06:30:00+00:00,2026-01-12 06:45:00+00:00,2026-01-12 07:30:00+00:00,4,1.9153229795231326,0.9015728558710105,0.09062980030723898,2026-01-12 08:15:00+00:00,2026-01-12 08:35:00+00:00,4575.13,4562.600142857143,12.529857142857509,0.5,True,447347,447348,3,4575.14,0.673076923077209,4.395900078669102,0.24501476473334932,0.7901127592378824,1.0,tp1,2026,2026-01,2026-01-12,0.023942810885997316,0.9760571891140026,<=0.03R,2026-01-12 08:30:00+00:00,3.9685714285714573,4575.124195150362,4575.14,0.701923076923119,missing,missing,,3,Monday,asia_late,0.0014627050924895342,,True,False,True,True,True,False,False,False,True,True,True,False,True,False,True,False,True,False,False,True,True,2026-01-12 08:30:00+00:00,4574.52,4574.398689358412,6.478571428571611,0.01872490608855897,True,False,1,1,1,True,False,False,False,False,2026-01-12 08:35:00+00:00|demand|4575.13
22456,15min,m15_2c_1atr,demand,4608.19,4597.52,2026-01-12 17:30:00+00:00,2026-01-12 16:45:00+00:00,2026-01-12 17:00:00+00:00,2026-01-12 17:15:00+00:00,2,1.4044943820224824,0.8563402889244979,0.1780693533271504,2026-01-12 18:40:00+00:00,2026-01-12 19:25:00+00:00,4616.35,4596.619142857143,19.73085714285753,1.1666666666666667,True,447477,447478,8,4616.41,0.11310592459605731,0.21489183005587975,1.2011642387558417,-1.2457644298994766,-1.0,stop,2026,2026-01,2026-01-12,0.015204610617162086,-1.0152046106171622,<=0.03R,2026-01-12 19:20:00+00:00,4.580000000000122,4616.317841545205,4616.41,0.7558348294433697,above,above,8.220000000000255,14,Monday,ny_main,0.007021496680247709,1.7947598253275188,True,False,True,True,True,True,False,False,False,False,False,False,True,False,False,False,True,False,True,True,True,2026-01-12 19:15:00+00:00,4616.4,4616.3325662984535,12.574285714285711,0.005362825617169411,True,False,4,4,2,True,False,True,False,False,2026-01-12 19:25:00+00:00|demand|4616.35
22458,15min,m15_2c_1atr,supply,4620.59,4613.29,2026-01-12 20:30:00+00:00,2026-01-12 19:45:00+00:00,2026-01-12 20:00:00+00:00,2026-01-12 20:15:00+00:00,2,1.1373738906167077,0.7752408404763909,0.4260273972602185,2026-01-12 21:10:00+00:00,2026-01-12 21:50:00+00:00,4613.24,4621.196285714286,7.956285714286423,0.6666666666666666,True,447506,447507,7,4613.18,0.8290155440414739,4.960857543002312,1.3033719969833872,3.3319567637444787,1.0,tp1,2026,2026-01,2026-01-12,0.037706036556896846,0.9622939634431031,0.03-0.05R,2026-01-12 21:45:00+00:00,3.1735714285714494,4614.505585607863,4613.18,0.02331606217620548,above,above,8.220000000000255,16,Monday,ny_main,-0.39878907292573645,2.5901417960837905,False,True,False,True,False,False,False,False,False,True,True,True,True,False,False,False,False,False,True,True,True,2026-01-12 21:45:00+00:00,4611.17,4613.036456562094,7.282142857142844,-0.25630595261710515,True,False,2,1,1,True,False,False,True,False,2026-01-12 21:50:00+00:00|supply|4613.24
22494,15min,m15_2c_1atr,demand,4593.96,4581.51,2026-01-15 08:15:00+00:00,2026-01-15 07:30:00+00:00,2026-01-15 07:45:00+00:00,2026-01-15 08:00:00+00:00,2,1.5069278547538851,1.1896798853320327,0.2634538152611006,2026-01-15 15:30:00+00:00,2026-01-15 16:10:00+00:00,4595.99,4580.051714285714,15.938285714285485,7.25,True,448266,448267,7,4596.02,0.4885954381753486,1.7975584396960302,0.8363509249964223,1.2611142980066379,1.0,tp1,2026,2026-01,2026-01-15,0.018822601462785297,0.9811773985372148,<=0.03R,2026-01-15 16:05:00+00:00,7.434999999999945,4594.335341912331,4596.02,0.90756302521014,below,below,6.739999999999782,11,Thursday,london_ny_overlap,0.22254984366757322,0.9065232010759692,True,False,True,True,True,True,False,False,False,True,False,False,False,False,True,False,True,False,True,True,True,2026-01-15 16:00:00+00:00,4600.0,4602.637180517456,7.384285714285592,-0.3571341385604765,False,False,1,1,1,True,False,False,True,False,2026-01-15 16:10:00+00:00|demand|4595.99
22515,15min,m15_2c_1atr,supply,4615.88,4609.69,2026-01-16 14:30:00+00:00,2026-01-16 13:30:00+00:00,2026-01-16 13:45:00+00:00,2026-01-16 14:15:00+00:00,3,1.6228249744115573,1.108751279426923,0.7172859450725743,2026-01-16 16:35:00+00:00,2026-01-16 17:00:00+00:00,4607.71,4617.105142857143,9.395142857142673,2.0833333333333335,True,448552,448553,4,4607.94,0.8908507223114881,0.0,1.356019827874589,-6.965301219475203,-1.0,stop,2026,2026-01,2026-01-16,0.03193139312106622,-1.0319313931210663,0.03-0.05R,2026-01-16 16:55:00+00:00,5.972142857142899,4608.13195227478,4607.94,0.06260032102719827,inside,below,8.25,12,Friday,ny_main,-0.07065341283241391,1.3814137064944287,False,True,False,True,False,False,False,False,False,True,True,True,False,False,True,False,False,True,True,True,True,2026-01-16 16:45:00+00:00,4607.94,4604.184974589888,9.007142857142949,0.4168941771733645,False,True,11,4,2,True,False,False,False,True,2026-01-16 17:00:00+00:00|supply|4607.71
22534,15min,m15_2c_1atr,demand,4672.05,4665.61,2026-01-20 04:45:00+00:00,2026-01-20 04:00:00+00:00,2026-01-20 04:15:00+00:00,2026-01-20 04:30:00+00:00,2,1.2490706319702656,1.0156584431678122,0.5574534161490469,2026-01-20 04:45:00+00:00,2026-01-20 05:20:00+00:00,4673.08,4664.955285714285,8.124714285714617,0.0,True,448934,448935,6,4673.1,0.5897435897435997,22.296168656479274,0.09600337594285503,22.217396655705695,1.0,tp1,2026,2026-01,2026-01-20,0.03692437536264861,0.9630756246373514,0.03-0.05R,2026-01-20 05:15:00+00:00,3.3400000000000154,4670.4213306042775,4673.1,0.7948717948719942,missing,missing,,0,Tuesday,post_close,0.7960088011144955,,True,False,False,True,False,False,False,False,False,True,False,False,False,False,False,False,False,False,False,True,True,2026-01-20 05:15:00+00:00,4673.32,4670.945702441852,6.472142857142964,0.3668487563632365,True,False,9,3,2,True,False,False,False,False,2026-01-20 05:20:00+00:00|demand|4673.08
22537,15min,m15_2c_1atr,demand,4715.12,4705.76,2026-01-20 09:45:00+00:00,2026-01-20 08:30:00+00:00,2026-01-20 08:45:00+00:00,2026-01-20 09:30:00+00:00,4,1.206102685912709,1.1971496437054308,0.19230769230771846,2026-01-20 09:55:00+00:00,2026-01-20 10:05:00+00:00,4720.73,4704.954142857143,15.775857142856694,0.16666666666666666,True,448991,448992,1,4720.71,0.7706896551724335,10.627631733843202,0.3473662286857679,8.798254113428557,1.0,tp1,2026,2026-01,2026-01-20,0.019016399380609245,0.9809836006193907,<=0.03R,2026-01-20 10:00:00+00:00,3.772142857142821,4718.357945149291,4720.71,0.9706896551724021,missing,missing,,5,Tuesday,asia_late,0.6288348401803864,,True,False,True,True,True,True,True,True,True,True,True,True,False,False,False,False,True,False,False,True,True,2026-01-20 10:00:00+00:00,4724.57,4716.025149691568,8.004285714285613,1.0675343951280152,True,False,0,0,0,False,False,False,False,False,2026-01-20 10:05:00+00:00|demand|4720.73
22550,15min,m15_2c_1atr,demand,4837.05,4827.13,2026-01-21 06:30:00+00:00,2026-01-21 05:15:00+00:00,2026-01-21 05:30:00+00:00,2026-01-21 06:15:00+00:00,4,1.0311111111110929,0.6298412698412719,0.02520161290322562,2026-01-21 09:00:00+00:00,2026-01-21 09:30:00+00:00,4848.85,4825.231428571428,23.618571428572068,2.5,True,449260,449261,5,4848.84,0.6138175376439604,1.3599467731203845,1.5136393878908438,-1.0076816064839822,1.0,tp1,2026,2026-01,2026-01-21,0.012701868989293794,0.9872981310107062,<=0.03R,2026-01-21 09:25:00+00:00,9.781428571428673,4847.020117335219,4848.84,0.8467670504871949,missing,missing,,4,Wednesday,asia_late,0.18707724044793952,,True,False,True,True,True,True,False,False,False,True,True,False,True,False,False,False,True,False,False,True,True,2026-01-21 09:15:00+00:00,4848.84,4855.315868819288,13.84214285714279,-0.46783716120558333,False,True,3,3,2,True,False,False,False,False,2026-01-21 09:30:00+00:00|demand|4848.85
22579,15min,m15_2c_1atr,supply,4961.43,4956.55,2026-01-23 08:15:00+00:00,2026-01-23 07:30:00+00:00,2026-01-23 07:45:00+00:00,2026-01-23 08:00:00+00:00,2,1.2114972989501085,0.696361227193971,0.7418032786884856,2026-01-23 08:20:00+00:00,2026-01-23 08:30:00+00:00,4953.03,4962.400000000001,9.3700000000008,0.08333333333333333,True,449799,449800,1,4952.98,0.9477124183007002,5.676627534684638,1.0960512273211909,-14.9445037353243,1.0,tp1,2026,2026-01,2026-01-23,0.03201707577374326,0.9679829242262568,0.03-0.05R,2026-01-23 08:25:00+00:00,4.702142857142917,4956.392403093301,4952.98,0.031045751633922092,missing,missing,,3,Friday,asia_late,-0.7150788896585224,,False,True,False,True,False,False,True,True,True,True,True,True,True,False,False,False,False,True,False,True,True,2026-01-23 08:15:00+00:00,4952.98,4955.537568064678,7.077142857142917,-0.36138426428647713,True,True,2,1,1,True,False,False,False,False,2026-01-23 08:30:00+00:00|supply|4953.03
22580,15min,m15_2c_1atr,supply,4959.6,4951.72,2026-01-23 10:00:00+00:00,2026-01-23 09:15:00+00:00,2026-01-23 09:30:00+00:00,2026-01-23 09:45:00+00:00,2,1.7690662865288125,1.1233071988595809,0.11675126903554062,2026-01-23 16:45:00+00:00,2026-01-23 17:00:00+00:00,4943.28,4961.062428571429,17.78242857142959,6.75,True,449901,449902,2,4943.16,0.870274914089332,0.2710540903138413,1.1258304747061305,-8.836813226539354,-1.0,stop,2026,2026-01,2026-01-23,0.016870586534057534,-1.0168705865340575,<=0.03R,2026-01-23 16:55:00+00:00,6.792857142857104,4946.247860253677,4943.16,0.05412371134021404,above,above,18.8100000000004,12,Friday,ny_main,-0.43690897530470124,2.769085173501652,False,True,True,True,True,True,False,True,True,True,True,True,False,False,True,False,True,False,True,True,True,2026-01-23 16:45:00+00:00,4943.16,4940.339042040013,10.673571428571384,0.2642937257566656,False,True,5,3,2,True,False,False,True,False,2026-01-23 17:00:00+00:00|supply|4943.28
22586,15min,m15_2c_1atr,supply,4982.85,4965.45,2026-01-23 20:45:00+00:00,2026-01-23 20:00:00+00:00,2026-01-23 20:15:00+00:00,2026-01-23 20:30:00+00:00,2,1.310989073203862,1.379154164071824,0.8655172413793062,2026-01-23 20:45:00+00:00,2026-01-23 20:50:00+00:00,4958.71,4984.3991428571435,25.68914285714345,0.0,True,449947,449948,0,4958.69,0.7305764411029018,0.0015570780318519156,1.208292552718184,-2.278005160601406,-1.0,stop,2026,2026-01,2026-01-23,0.011678085238899988,-1.0116780852389,<=0.03R,2026-01-23 20:45:00+00:00,7.431428571428439,4970.547781439234,4958.69,0.032581453634000376,above,above,18.8100000000004,15,Friday,ny_main,-1.592934834191492,2.5311418685122096,False,True,True,True,True,True,True,True,True,True,True,True,False,False,False,False,False,True,True,True,True,2026-01-23 20:45:00+00:00,4966.71,4972.300716973076,12.5842857142858,-0.44426176423582264,True,False,1,1,1,True,False,False,True,False,2026-01-23 20:50:00+00:00|supply|4958.71
22599,15min,m15_2c_1atr,supply,5082.28,5066.08,2026-01-26 16:00:00+00:00,2026-01-26 15:00:00+00:00,2026-01-26 15:15:00+00:00,2026-01-26 15:45:00+00:00,3,1.1633986928104167,1.6289592760180651,0.0765432098765306,2026-01-26 16:00:00+00:00,2026-01-26 16:05:00+00:00,5065.38,5084.037285714286,18.657285714285536,0.0,True,450166,450167,0,5065.4,0.26661059714045293,0.08736533410924015,1.0816149952910268,0.06806992289494829,-1.0,stop,2026,2026-01,2026-01-26,0.016079509345257845,-1.016079509345258,<=0.03R,2026-01-26 16:00:00+00:00,9.07928571428582,5070.129431814255,5065.4,0.5946173254835588,below,below,10.840000000000146,11,Monday,london_ny_overlap,-0.5231063283736438,1.1939265203367184,False,True,True,True,True,True,True,True,True,False,False,False,False,False,False,False,True,False,True,True,True,2026-01-26 16:00:00+00:00,5071.31,5075.982472902257,10.354285714285782,-0.45125980016271255,True,False,3,3,2,True,False,True,False,False,2026-01-26 16:05:00+00:00|supply|5065.38
22600,15min,m15_2c_1atr,demand,5076.05,5067.03,2026-01-26 16:45:00+00:00,2026-01-26 15:45:00+00:00,2026-01-26 16:00:00+00:00,2026-01-26 16:30:00+00:00,3,1.076417805407348,0.7406017242390784,0.2937915742793246,2026-01-26 17:35:00+00:00,2026-01-26 17:50:00+00:00,5085.58,5065.2062857142855,20.373714285714414,0.8333333333333334,True,450187,450188,2,5085.55,0.8085339168490222,0.9605514107813787,1.338489370056624,0.20173052111963263,-1.0,stop,2026,2026-01,2026-01-26,0.014724855556178737,-1.0147248555561788,<=0.03R,2026-01-26 17:45:00+00:00,9.436428571428808,5084.457887998363,5085.55,0.84463894967177,below,below,10.840000000000146,12,Monday,ny_main,0.1189127849740299,1.148739686624769,True,False,True,True,True,True,False,True,True,True,True,True,True,False,False,False,True,False,True,True,True,2026-01-26 17:45:00+00:00,5091.45,5085.904558005987,14.70142857142868,0.37720429460778115,True,False,5,3,2,True,True,False,True,False,2026-01-26 17:50:00+00:00|demand|5085.58
22611,15min,m15_2c_1atr,demand,5067.03,5057.21,2026-01-27 04:45:00+00:00,2026-01-27 03:45:00+00:00,2026-01-27 04:00:00+00:00,2026-01-27 04:30:00+00:00,3,1.0574172373272455,0.557072814943861,0.3431771894093677,2026-01-27 04:50:00+00:00,2026-01-27 05:00:00+00:00,5072.62,5055.655285714286,16.964714285713853,0.08333333333333333,True,450309,450310,1,5072.58,0.8316326530611488,1.6652210891514745,1.0238899227809177,9.909981221527282,1.0,tp1,2026,2026-01,2026-01-27,0.017683763778599728,0.9823162362214003,<=0.03R,2026-01-27 04:55:00+00:00,7.58428571428567,5071.047685252394,5072.58,0.8558673469387643,below,below,10.840000000000146,0,Tuesday,post_close,0.20731217240985092,1.4292710491618281,True,False,True,True,True,True,True,True,True,True,True,True,True,False,False,False,True,False,False,True,True,2026-01-27 04:45:00+00:00,5072.58,5065.851212154109,17.757142857142885,0.3789341506133312,True,True,5,3,2,True,False,False,True,False,2026-01-27 05:00:00+00:00|demand|5072.62
22628,15min,m15_2c_1atr,demand,5268.94,5258.34,2026-01-28 15:00:00+00:00,2026-01-28 14:15:00+00:00,2026-01-28 14:30:00+00:00,2026-01-28 14:45:00+00:00,2,1.372743633091538,0.8092926869171249,0.016037735849064292,2026-01-28 15:10:00+00:00,2026-01-28 15:20:00+00:00,5275.9,5256.716571428572,19.183428571427612,0.16666666666666666,True,450709,450710,1,5276.09,0.09849749582640518,0.5046021864109308,1.4163265914033691,13.043549492121842,-1.0,stop,2026,2026-01,2026-01-28,0.015638497512734988,-1.015638497512735,<=0.03R,2026-01-28 15:15:00+00:00,8.020714285714153,5275.889824044881,5276.09,0.4056761268781936,above,above,17.17999999999938,10,Wednesday,london_ny_overlap,0.001268709338900584,2.141953869445145,True,False,True,True,True,True,True,True,True,False,False,False,True,False,False,False,True,False,True,True,True,2026-01-28 15:15:00+00:00,5281.86,5272.809015113092,13.348571428571306,0.6780489534284607,True,False,5,4,2,True,False,True,False,False,2026-01-28 15:20:00+00:00|demand|5275.9
22641,15min,m15_2c_1atr,demand,5519.47,5508.52,2026-01-29 14:15:00+00:00,2026-01-29 13:30:00+00:00,2026-01-29 13:45:00+00:00,2026-01-29 14:00:00+00:00,2,1.0389483933787853,0.5331061343719509,0.13789954337901766,2026-01-29 15:10:00+00:00,2026-01-29 15:45:00+00:00,5526.18,5506.1507142857145,20.029285714285834,0.9166666666666666,True,450990,450991,6,5526.17,0.5918803418803719,1.1822688206554308,1.2321957134196426,-21.852501693948042,1.0,tp1,2026,2026-01,2026-01-29,0.014978067829249937,0.9850219321707501,<=0.03R,2026-01-29 15:40:00+00:00,12.04071428571433,5521.849407713209,5526.17,0.6452991452991754,inside,inside,24.43000000000029,10,Thursday,london_ny_overlap,0.3596624073979759,2.02894939787627,True,False,True,True,True,True,False,False,False,True,False,False,True,False,False,False,True,False,True,True,True,2026-01-29 15:30:00+00:00,5526.17,5523.996690321241,19.51357142857127,0.11137426517306923,True,True,7,4,2,True,True,False,False,True,2026-01-29 15:45:00+00:00|demand|5526.18
22649,15min,m15_2c_1atr,demand,5068.88,4976.49,2026-01-30 12:15:00+00:00,2026-01-30 11:30:00+00:00,2026-01-30 11:45:00+00:00,2026-01-30 12:00:00+00:00,2,1.0660701912206176,1.5723854560484374,0.555904318649199,2026-01-30 12:15:00+00:00,2026-01-30 12:40:00+00:00,5080.61,4969.585285714285,111.02471428571425,0.0,True,451229,451230,4,5080.84,0.7248479176415471,0.5877970541951427,1.0893970840469227,-2.7690231132579184,-1.0,stop,2026,2026-01,2026-01-30,0.0027021010765942723,-1.0027021010765942,<=0.03R,2026-01-30 12:35:00+00:00,36.07142857142857,5055.912167632055,5080.84,0.8371548900327758,missing,missing,,7,Friday,asia_late,0.6846923824776835,,True,False,True,True,True,True,False,False,False,True,True,True,False,False,False,False,False,False,False,True,True,2026-01-30 12:30:00+00:00,5078.18,5060.116393884023,58.327857142857155,0.3096908921535726,True,False,0,0,0,False,False,False,False,False,2026-01-30 12:40:00+00:00|demand|5080.61
22650,15min,m15_2c_1atr,supply,5144.87,5089.54,2026-01-30 15:00:00+00:00,2026-01-30 13:45:00+00:00,2026-01-30 14:00:00+00:00,2026-01-30 14:45:00+00:00,4,1.5512236103116004,1.2051278062137254,0.27164287005240856,2026-01-30 15:00:00+00:00,2026-01-30 15:10:00+00:00,5081.86,5149.969142857143,68.10914285714352,0.0,True,451259,451260,1,5081.62,0.604838709677425,9.96547558120989,0.46234615029658843,5.217067563826076,1.0,tp1,2026,2026-01,2026-01-30,0.00440469498535959,0.9955953050146404,<=0.03R,2026-01-30 15:05:00+00:00,25.447142857143003,5092.270621191605,5081.62,0.38892961876832005,below,below,35.80000000000018,10,Friday,london_ny_overlap,-0.4091076648584461,1.406837702801324,False,True,True,True,True,True,True,True,True,True,True,False,False,False,True,False,True,False,True,True,True,2026-01-30 15:00:00+00:00,5074.75,5096.711215277084,42.599285714285806,-0.5155301294105837,True,False,4,3,2,True,True,True,False,False,2026-01-30 15:10:00+00:00|supply|5081.86
22652,15min,m15_2c_1atr,supply,5113.35,5056.75,2026-01-30 17:15:00+00:00,2026-01-30 16:30:00+00:00,2026-01-30 16:45:00+00:00,2026-01-30 17:00:00+00:00,2,1.065143703534889,1.1285498618509182,0.1538869257950366,2026-01-30 17:15:00+00:00,2026-01-30 17:55:00+00:00,5041.82,5119.436285714286,77.61628571428628,0.0,True,451292,451293,7,5042.17,0.5799717912552778,8.228943115767247,0.20060223001800714,4.840478986368803,1.0,tp1,2026,2026-01,2026-01-30,0.0038651682084392906,0.9961348317915607,<=0.03R,2026-01-30 17:50:00+00:00,30.628571428571377,5049.291537205364,5042.17,0.096473906911145,below,below,35.80000000000018,12,Friday,ny_main,-0.24394011398110954,1.1688432835820974,False,True,True,True,True,True,False,False,False,True,False,False,False,False,False,False,True,False,True,True,True,2026-01-30 17:45:00+00:00,5050.36,5051.920845954042,49.57214285714287,-0.031486352295495554,True,False,4,4,2,True,True,True,False,False,2026-01-30 17:55:00+00:00|supply|5041.82
22665,15min,m15_2c_1atr,demand,4650.69,4627.58,2026-02-02 12:00:00+00:00,2026-02-02 10:45:00+00:00,2026-02-02 11:00:00+00:00,2026-02-02 11:45:00+00:00,4,1.3825532021808593,0.40644707419410975,0.028991778450890623,2026-02-02 17:30:00+00:00,2026-02-02 17:40:00+00:00,4703.81,4620.463285714286,83.34671428571437,5.5,True,451565,451566,1,4703.84,0.6879804332634726,0.012837938593856566,1.0372334499431883,3.327185749031146,-1.0,stop,2026,2026-02,2026-02-02,0.0035994220356616985,-1.0035994220356617,<=0.03R,2026-02-02 17:35:00+00:00,36.660714285714285,4703.669694731281,4703.84,0.9884696016771514,below,below,46.210000000000036,12,Monday,ny_main,0.0038271286158184942,1.2604773502191924,True,False,True,True,True,True,True,True,True,True,True,False,True,False,False,False,True,False,True,True,True,2026-02-02 17:30:00+00:00,4675.84,4708.313163165568,53.98142857142856,-0.6015617597559321,False,False,2,2,1,True,False,False,True,False,2026-02-02 17:40:00+00:00|demand|4703.81
22667,15min,m15_2c_1atr,demand,4698.38,4662.22,2026-02-02 13:15:00+00:00,2026-02-02 12:30:00+00:00,2026-02-02 12:45:00+00:00,2026-02-02 13:00:00+00:00,2,1.6442678004744684,0.7798625874233566,0.25497787610620276,2026-02-02 15:35:00+00:00,2026-02-02 15:55:00+00:00,4719.93,4655.579000000001,64.35099999999966,2.3333333333333335,True,451544,451545,3,4719.87,0.775316455696195,1.162064303585028,1.0966418548274461,3.0611800904414976,1.0,tp1,2026,2026-02,2026-02-02,0.004661932215505611,0.9953380677844944,<=0.03R,2026-02-02 15:50:00+00:00,33.762142857142734,4719.147966419374,4719.87,0.9127988748241762,below,below,46.210000000000036,10,Monday,london_ny_overlap,0.023163031562759003,1.3686927454672453,True,False,True,True,True,True,False,False,True,True,True,True,True,False,True,False,True,False,True,True,True,2026-02-02 15:45:00+00:00,4706.18,4737.484065134247,42.7928571428571,-0.731525474677784,False,False,4,4,2,True,False,False,True,False,2026-02-02 15:55:00+00:00|demand|4719.93
22671,15min,m15_2c_1atr,demand,4751.25,4717.13,2026-02-03 02:15:00+00:00,2026-02-03 01:30:00+00:00,2026-02-03 01:45:00+00:00,2026-02-03 02:00:00+00:00,2,1.541636840849445,0.9498130915453735,0.19079718640094487,2026-02-03 04:45:00+00:00,2026-02-03 05:00:00+00:00,4783.55,4712.572714285714,70.97728571428615,2.5,True,451689,451690,2,4783.63,0.6543086172344877,4.087363965534215,0.44324039280171906,3.967748233338205,1.0,tp1,2026,2026-02,2026-02-03,0.004226704317880342,0.9957732956821197,<=0.03R,2026-02-03 04:55:00+00:00,22.841428571428487,4778.417917496727,4783.63,0.9453907815631191,inside,above,46.210000000000036,0,Tuesday,post_close,0.22468307913512284,2.023078366376893,True,False,True,True,True,True,False,True,True,True,True,False,True,False,True,False,True,False,False,True,True,2026-02-03 04:45:00+00:00,4783.63,4791.8063264857,38.31285714285715,-0.2134094686599046,False,True,3,3,2,True,False,False,False,True,2026-02-03 05:00:00+00:00|demand|4783.55
22674,15min,m15_2c_1atr,demand,4794.46,4762.25,2026-02-03 05:45:00+00:00,2026-02-03 05:00:00+00:00,2026-02-03 05:15:00+00:00,2026-02-03 05:30:00+00:00,2,1.05331063185775,0.8530836171017802,0.45606954362000907,2026-02-03 05:45:00+00:00,2026-02-03 05:50:00+00:00,4795.56,4758.643857142857,36.91614285714331,0.0,True,451699,451700,0,4795.57,0.7804314329737858,7.698799982972899,0.23187687925917838,7.681734278074148,1.0,tp1,2026,2026-02,2026-02-03,0.008126526142260544,0.9918734738577395,<=0.03R,2026-02-03 05:45:00+00:00,18.812142857142785,4789.635084897969,4795.57,0.15639445300459717,missing,missing,,0,Tuesday,post_close,0.3149516324123401,,True,False,True,True,True,True,True,True,True,True,True,True,True,False,False,False,False,False,False,True,True,2026-02-03 05:45:00+00:00,4810.03,4793.918861437611,36.62928571428568,0.43984309953676026,True,False,1,1,1,True,False,False,False,False,2026-02-03 05:50:00+00:00|demand|4795.56
22675,15min,m15_2c_1atr,demand,4824.72,4808.15,2026-02-03 07:30:00+00:00,2026-02-03 06:45:00+00:00,2026-02-03 07:00:00+00:00,2026-02-03 07:15:00+00:00,2,1.0539797359229208,0.5746773354472939,0.6946288473144109,2026-02-03 07:30:00+00:00,2026-02-03 07:35:00+00:00,4831.16,4805.694714285714,25.46528571428553,0.0,True,451720,451721,0,4831.14,0.45072697899838565,10.178955104147459,0.6974200171662399,9.210577985717325,1.0,tp1,2026,2026-02,2026-02-03,0.011780743533213367,0.9882192564667867,<=0.03R,2026-02-03 07:30:00+00:00,11.799999999999986,4824.912195790657,4831.14,0.527732902530982,missing,missing,,2,Tuesday,post_close,0.5294749329951342,,True,False,True,True,True,True,True,True,True,True,False,False,True,False,False,False,False,True,False,True,True,2026-02-03 07:30:00+00:00,4821.09,4816.072093769563,26.761428571428496,0.18750517062434394,True,False,1,1,1,True,False,False,False,False,2026-02-03 07:35:00+00:00|demand|4831.16
22678,15min,m15_2c_1atr,demand,4910.09,4884.23,2026-02-03 14:15:00+00:00,2026-02-03 13:15:00+00:00,2026-02-03 13:30:00+00:00,2026-02-03 14:00:00+00:00,3,1.1576227390181053,1.2641944269851566,0.2088167053364433,2026-02-03 14:20:00+00:00,2026-02-03 14:35:00+00:00,4917.01,4881.718428571428,35.29157142857184,0.08333333333333333,True,451804,451805,2,4917.02,0.8051082731815561,2.182107423464102,1.0299909731583,3.6912496306280578,1.0,tp1,2026,2026-02,2026-02-03,0.008500613258527837,0.9914993867414722,<=0.03R,2026-02-03 14:30:00+00:00,13.534285714285684,4912.550250160301,4917.02,0.9367018323154135,inside,inside,43.17000000000007,9,Tuesday,london_ny_overlap,0.32951497654519507,3.1896770107663204,True,False,True,True,True,True,False,True,True,True,True,True,False,False,False,False,True,False,True,True,True,2026-02-03 14:30:00+00:00,4912.32,4911.7228522215655,21.10785714285716,0.028290307935699886,True,False,2,2,1,True,True,False,False,True,2026-02-03 14:35:00+00:00|demand|4917.01
22681,15min,m15_2c_1atr,supply,4994.02,4964.94,2026-02-03 19:15:00+00:00,2026-02-03 18:30:00+00:00,2026-02-03 18:45:00+00:00,2026-02-03 19:00:00+00:00,2,1.2938298450666057,1.0060045961106263,0.27579092159557417,2026-02-03 19:15:00+00:00,2026-02-03 19:25:00+00:00,4953.72,4997.415714285715,43.69571428571453,0.0,True,451862,451863,1,4953.68,0.7085978072706173,1.6720175237846142,1.0101677183116822,0.6174518586327599,1.0,tp1,2026,2026-02,2026-02-03,0.006865661882499062,0.993134338117501,<=0.03R,2026-02-03 19:20:00+00:00,18.145714285714348,4956.40239494386,4953.68,0.06347374495097337,above,above,43.17000000000007,14,Tuesday,ny_main,-0.1478252606441189,2.379074161549358,False,True,True,True,True,True,True,True,True,True,True,True,False,False,False,False,True,False,True,True,True,2026-02-03 19:15:00+00:00,4948.59,4949.086563027671,29.113571428571568,-0.017056067095353133,True,False,0,0,0,False,False,False,True,False,2026-02-03 19:25:00+00:00|supply|4953.72
22687,15min,m15_2c_1atr,supply,5086.81,5069.45,2026-02-04 08:15:00+00:00,2026-02-04 07:30:00+00:00,2026-02-04 07:45:00+00:00,2026-02-04 08:00:00+00:00,2,1.4005196733482044,1.1276911655531165,0.050691244239635926,2026-02-04 08:40:00+00:00,2026-02-04 09:10:00+00:00,5064.78,5088.876714285715,24.09671428571528,0.4166666666666667,True,452015,452016,5,5064.75,0.8272327964860463,0.10582355626434273,1.027525981609789,5.155474664595417,-1.0,stop,2026,2026-02,2026-02-04,0.012449830148745313,-1.0124498301487452,<=0.03R,2026-02-04 09:05:00+00:00,10.562142857142785,5069.512103298457,5064.75,0.11127379209373739,missing,missing,,4,Wednesday,asia_late,-0.44802492850749376,,False,True,True,True,True,True,False,False,False,True,True,True,False,False,False,False,True,False,False,True,True,2026-02-04 09:00:00+00:00,5063.34,5068.780305647563,14.226428571428512,-0.38240839014853056,True,False,1,1,1,True,False,False,False,False,2026-02-04 09:10:00+00:00|supply|5064.78
22732,15min,m15_2c_1atr,demand,4999.25,4982.38,2026-02-09 13:30:00+00:00,2026-02-09 12:30:00+00:00,2026-02-09 12:45:00+00:00,2026-02-09 13:15:00+00:00,3,1.254806567806509,1.1048322963933106,0.2400711321873271,2026-02-09 15:40:00+00:00,2026-02-09 15:55:00+00:00,5008.0,4980.396,27.60400000000027,2.1666666666666665,True,452924,452925,2,5008.08,0.5233644859812698,2.8499492827126254,0.7527894508042147,1.1454861614258651,1.0,tp1,2026,2026-02,2026-02-09,0.010867990146355495,0.9891320098536445,<=0.03R,2026-02-09 15:50:00+00:00,9.902857142857167,5007.393122980149,5008.08,0.6528704939919728,inside,inside,10.539999999999964,10,Monday,london_ny_overlap,0.06128302277777818,1.0643392960184588,True,False,True,True,True,True,False,True,True,True,False,False,False,False,False,False,True,False,True,True,True,2026-02-09 15:45:00+00:00,5006.98,5008.262468702602,13.731428571428621,-0.09339659715164252,False,False,6,4,2,True,False,False,False,True,2026-02-09 15:55:00+00:00|demand|5008.0
22734,15min,m15_2c_1atr,demand,5014.9,4995.16,2026-02-09 16:15:00+00:00,2026-02-09 15:30:00+00:00,2026-02-09 15:45:00+00:00,2026-02-09 16:00:00+00:00,2,1.2219249934434975,1.4495672698662199,0.27558257345494275,2026-02-09 16:15:00+00:00,2026-02-09 16:20:00+00:00,5015.6,4993.270142857143,22.32985714285769,0.0,True,452929,452930,0,5015.55,0.01344537815124663,3.182734199566153,1.270944091511019,1.318414166810562,1.0,tp1,2026,2026-02,2026-02-09,0.013434926971575204,0.9865650730284248,<=0.03R,2026-02-09 16:15:00+00:00,9.492857142857247,5011.270154582252,5015.55,0.22184873949587514,inside,inside,10.539999999999964,11,Monday,london_ny_overlap,0.4561161463391796,1.110308502633543,True,False,True,True,True,True,True,True,True,False,False,False,False,False,False,False,True,False,True,True,True,2026-02-09 16:15:00+00:00,5021.01,5012.334086005278,13.519285714285811,0.6417435194490158,True,False,10,4,2,True,False,False,False,True,2026-02-09 16:20:00+00:00|demand|5015.6
22745,15min,m15_2c_1atr,demand,5030.15,5011.35,2026-02-10 08:00:00+00:00,2026-02-10 07:15:00+00:00,2026-02-10 07:30:00+00:00,2026-02-10 07:45:00+00:00,2,1.6761603375526888,1.5424285044537582,0.5930851063830307,2026-02-10 08:30:00+00:00,2026-02-10 08:35:00+00:00,5037.59,5009.999428571429,27.59057142857091,0.5,True,453112,453113,0,5037.58,0.6092077087793909,1.4929013016869253,1.3892427019582494,0.6803048660515453,1.0,tp1,2026,2026-02,2026-02-10,0.01087327969182039,0.9891267203081796,<=0.03R,2026-02-10 08:30:00+00:00,6.950000000000013,5035.115805608981,5037.58,0.9871520342612539,missing,missing,,3,Tuesday,asia_late,0.3559991929524324,,True,False,True,True,True,True,True,True,True,True,True,False,False,False,True,False,False,False,False,True,True,2026-02-10 08:30:00+00:00,5028.82,5031.3162947559795,11.419285714285706,-0.21860340641594223,False,False,14,4,2,True,False,False,False,False,2026-02-10 08:35:00+00:00|demand|5037.59
22752,15min,m15_2c_1atr,supply,5043.81,5029.12,2026-02-10 17:45:00+00:00,2026-02-10 17:00:00+00:00,2026-02-10 17:15:00+00:00,2026-02-10 17:30:00+00:00,2,1.516316529270994,0.7812939254644511,0.3253914227365269,2026-02-10 17:55:00+00:00,2026-02-10 18:00:00+00:00,5019.64,5046.186428571429,26.546428571428805,0.16666666666666666,True,453225,453226,0,5019.69,0.5792778649921692,0.5560069958294127,1.317691376294873,-2.0258845688147176,-1.0,stop,2026,2026-02,2026-02-10,0.011300955199784643,-1.0113009551997847,<=0.03R,2026-02-10 17:55:00+00:00,12.060714285714246,5025.949160452641,5019.69,0.21664050235473753,below,below,15.979999999999563,13,Tuesday,ny_main,-0.5231166499080299,1.3249629848978064,False,True,True,True,True,True,True,True,True,True,False,False,True,False,True,False,True,False,True,True,True,2026-02-10 17:45:00+00:00,5019.69,5034.0709717743375,19.436428571428547,-0.7398978532238109,True,True,5,3,2,True,True,True,False,False,2026-02-10 18:00:00+00:00|supply|5019.64
22757,15min,m15_2c_1atr,demand,5027.54,5020.56,2026-02-11 01:30:00+00:00,2026-02-10 23:45:00+00:00,2026-02-11 01:00:00+00:00,2026-02-11 01:15:00+00:00,2,2.000585051923371,0.7146409243820001,0.2048710601719743,2026-02-11 15:30:00+00:00,2026-02-11 16:05:00+00:00,5074.57,5017.445000000001,57.12499999999909,14.0,True,453478,453479,6,5074.58,0.673659673659685,0.4462144420131483,0.6895404814004384,-0.2967177242888418,-0.2967177242888418,time,2026,2026-02,2026-02-11,0.005251641137855663,-0.30196936542669744,<=0.03R,2026-02-11 16:00:00+00:00,15.979285714285652,5069.760508861285,5074.58,0.9766899766899624,below,below,31.349999999999454,11,Wednesday,london_ny_overlap,0.30098286148138376,1.9619149792141346,True,False,True,True,True,True,False,False,False,True,True,False,True,False,True,True,True,False,True,True,True,2026-02-11 16:00:00+00:00,5073.61,5076.72561002788,21.541428571428565,-0.14463339873441713,False,False,5,4,2,True,False,False,True,False,2026-02-11 16:05:00+00:00|demand|5074.57
22762,15min,m15_2c_1atr,demand,5056.09,5046.02,2026-02-11 07:45:00+00:00,2026-02-11 06:45:00+00:00,2026-02-11 07:00:00+00:00,2026-02-11 07:30:00+00:00,3,1.8369456485495324,1.1752250750250008,0.5660377358491452,2026-02-11 07:45:00+00:00,2026-02-11 08:20:00+00:00,5061.1,5044.896857142858,16.203142857142666,0.0,True,453385,453386,6,5061.12,0.8150431565966952,3.577700975119467,2.590238225388419,-0.11849552996773702,1.0,tp1,2026,2026-02,2026-02-11,0.018514926557458206,0.9814850734425418,<=0.03R,2026-02-11 08:15:00+00:00,5.424285714285621,5055.365356229983,5061.12,0.9469790382243822,missing,missing,,3,Wednesday,asia_late,1.0572163916281379,,True,False,True,True,True,True,False,False,False,True,True,True,False,False,True,False,False,False,False,True,True,2026-02-11 08:15:00+00:00,5056.59,5054.542491548792,8.49499999999989,0.24102512668724965,True,False,8,4,2,True,False,False,False,False,2026-02-11 08:20:00+00:00|demand|5061.1
22763,15min,m15_2c_1atr,demand,5055.92,5047.42,2026-02-11 11:45:00+00:00,2026-02-11 11:00:00+00:00,2026-02-11 11:15:00+00:00,2026-02-11 11:30:00+00:00,2,1.4743589743590282,0.9906759906759841,0.2411764705882567,2026-02-11 14:40:00+00:00,2026-02-11 15:00:00+00:00,5083.82,5045.132285714286,38.68771428571381,2.9166666666666665,True,453465,453466,3,5084.04,0.5380658436213401,0.15767279387329708,1.6721070550267074,-0.3639398258583408,-1.0,stop,2026,2026-02,2026-02-11,0.0077543996986862785,-1.0077543996986862,<=0.03R,2026-02-11 14:55:00+00:00,11.11714285714288,5083.321217887784,5084.04,1.0,below,below,31.349999999999454,10,Wednesday,london_ny_overlap,0.044866034252260836,2.8199691595990197,True,False,True,True,True,True,False,False,True,True,False,False,True,False,False,False,True,False,True,True,True,2026-02-11 14:45:00+00:00,5084.04,5089.319333999897,16.774285714285725,-0.31472779764332665,False,True,10,4,2,True,False,False,True,False,2026-02-11 15:00:00+00:00|demand|5083.82
22774,15min,m15_2c_1atr,supply,5080.8,5071.23,2026-02-12 12:30:00+00:00,2026-02-12 11:45:00+00:00,2026-02-12 12:00:00+00:00,2026-02-12 12:15:00+00:00,2,1.288383681096294,1.0431329803800073,0.013584117032403422,2026-02-12 15:15:00+00:00,2026-02-12 15:30:00+00:00,5062.65,5082.098714285715,19.44871428571514,2.75,True,453747,453748,2,5062.48,0.9834070796460579,0.07404088408338969,1.085418793750579,2.966262918591603,-1.0,stop,2026,2026-02,2026-02-12,0.015425184184043804,-1.0154251841840438,<=0.03R,2026-02-12 15:25:00+00:00,5.800000000000117,5063.659309900957,5062.48,0.015486725663652487,inside,inside,10.05999999999949,10,Thursday,london_ny_overlap,-0.17401894844091118,1.734482758620567,False,True,True,True,True,True,False,True,True,True,True,True,False,False,False,False,True,False,True,True,True,2026-02-12 15:15:00+00:00,5062.48,5061.572073573222,8.235714285714364,0.11024258434419064,False,True,3,2,2,True,False,False,False,True,2026-02-12 15:30:00+00:00|supply|5062.65
22779,15min,m15_2c_1atr,demand,4965.93,4878.73,2026-02-12 19:00:00+00:00,2026-02-12 18:15:00+00:00,2026-02-12 18:30:00+00:00,2026-02-12 18:45:00+00:00,2,1.7282493569374957,2.638825843546695,0.6151376146788873,2026-02-12 19:00:00+00:00,2026-02-12 19:25:00+00:00,4973.58,4873.795714285714,99.78428571428594,0.0,True,453794,453795,4,4973.6,0.6477713178295144,0.6030007587796526,0.8738850949906188,0.4903577717648087,0.4903577717648087,time,2026,2026-02,2026-02-12,0.003006485418545713,0.487351286346263,<=0.03R,2026-02-12 19:20:00+00:00,27.125,4959.933460404217,4973.6,0.6603682170542875,below,below,10.05999999999949,14,Thursday,ny_main,0.5030982339459169,0.37087557603684757,True,False,True,True,True,True,False,False,False,True,True,False,False,True,True,False,False,False,True,True,True,2026-02-12 19:15:00+00:00,4965.79,4977.119058343414,35.21285714285724,-0.3217307331084232,False,False,1,1,1,True,False,False,True,False,2026-02-12 19:25:00+00:00|demand|4973.58
22790,15min,m15_2c_1atr,demand,4976.31,4965.53,2026-02-13 16:00:00+00:00,2026-02-13 15:00:00+00:00,2026-02-13 15:30:00+00:00,2026-02-13 15:45:00+00:00,2,1.3036250939143341,0.7086776859504501,0.21243042671612472,2026-02-13 16:40:00+00:00,2026-02-13 16:50:00+00:00,4998.24,4962.859142857143,35.38085714285717,0.6666666666666666,True,454039,454040,1,4998.15,0.38270142180094757,1.356948470924557,0.9491008051165656,-0.474267763843233,1.0,tp1,2026,2026-02,2026-02-13,0.00847916145130942,0.9915208385486906,<=0.03R,2026-02-13 16:45:00+00:00,13.398571428571358,4995.625040811478,4998.15,0.4686018957345855,above,above,20.73999999999978,11,Friday,london_ny_overlap,0.19516701481661233,1.5479262181469158,True,False,True,True,True,True,True,True,True,False,False,False,True,False,False,False,True,False,True,True,True,2026-02-13 16:45:00+00:00,4995.58,4987.869668099333,17.08928571428591,0.45117929617279806,True,False,9,4,2,True,False,True,False,False,2026-02-13 16:50:00+00:00|demand|4998.24
22814,15min,m15_2c_1atr,demand,4922.92,4907.85,2026-02-17 13:30:00+00:00,2026-02-17 12:45:00+00:00,2026-02-17 13:00:00+00:00,2026-02-17 13:15:00+00:00,2,1.3088186576559107,1.3978665606572203,0.47047113470473007,2026-02-17 13:35:00+00:00,2026-02-17 13:40:00+00:00,4927.22,4906.7047142857145,20.51528571428571,0.08333333333333333,True,454523,454524,0,4927.23,0.49693251533726357,0.8539973678163092,2.8149742004219855,0.11649849937674298,-1.0,stop,2026,2026-02,2026-02-17,0.01462324259959473,-1.0146232425995947,<=0.03R,2026-02-17 13:35:00+00:00,5.835714285714273,4925.2110370459595,4927.23,0.9959100204498087,missing,missing,,8,Tuesday,london_ny_overlap,0.3442531377793173,,True,False,True,True,True,True,True,True,True,True,False,False,False,False,False,False,False,False,True,True,True,2026-02-17 13:30:00+00:00,4928.37,4924.941596308609,10.350714285714405,0.33122387467715303,True,False,2,2,1,True,False,False,False,False,2026-02-17 13:40:00+00:00|demand|4927.22
22839,15min,m15_2c_1atr,supply,5005.65,4993.29,2026-02-19 12:15:00+00:00,2026-02-19 11:30:00+00:00,2026-02-19 11:45:00+00:00,2026-02-19 12:00:00+00:00,2,1.6151230569948605,1.4009067357512945,0.22330097087380998,2026-02-19 12:30:00+00:00,2026-02-19 12:45:00+00:00,4988.71,5006.760571428571,18.050571428570947,0.25,True,455064,455065,2,4988.69,0.9095163806553774,1.3883216993526717,1.0287762951707222,-1.8536809281859419,1.0,tp1,2026,2026-02,2026-02-19,0.016619972458331796,0.9833800275416682,<=0.03R,2026-02-19 12:40:00+00:00,5.914285714285727,4991.873038955844,4988.69,0.018720748829936597,missing,missing,,7,Thursday,asia_late,-0.5348133500219411,,False,True,True,True,True,True,False,True,True,True,True,True,False,False,True,False,True,False,False,True,True,2026-02-19 12:30:00+00:00,4988.69,4996.869342915224,9.247857142856967,-0.8844581819196552,True,True,4,3,2,True,False,False,False,False,2026-02-19 12:45:00+00:00|supply|4988.71
22840,15min,m15_2c_1atr,supply,4996.43,4989.36,2026-02-19 13:45:00+00:00,2026-02-19 13:00:00+00:00,2026-02-19 13:15:00+00:00,2026-02-19 13:30:00+00:00,2,1.0955109144970638,0.7178185510189939,0.008486562941935704,2026-02-19 14:05:00+00:00,2026-02-19 14:10:00+00:00,4983.11,4997.593714285715,14.483714285714996,0.3333333333333333,True,455081,455082,0,4983.12,0.4410994764398099,0.6441717791410677,1.0667153255873572,-2.9488292269148166,-1.0,stop,2026,2026-02,2026-02-19,0.020712918943442852,-1.020712918943443,<=0.03R,2026-02-19 14:05:00+00:00,5.603571428571546,4985.204223723373,4983.12,0.0418848167538918,missing,missing,,9,Thursday,london_ny_overlap,-0.37373017370582357,,False,True,True,True,True,False,True,True,True,False,False,False,True,False,False,False,True,False,True,True,True,2026-02-19 14:00:00+00:00,4988.48,4989.500373822557,10.057857142857106,-0.10145041911655635,True,False,3,3,2,True,False,False,False,False,2026-02-19 14:10:00+00:00|supply|4983.11
22847,15min,m15_2c_1atr,demand,4983.11,4975.34,2026-02-19 21:30:00+00:00,2026-02-19 20:30:00+00:00,2026-02-19 20:45:00+00:00,2026-02-19 21:15:00+00:00,3,1.2633321835115503,0.7504656778198932,0.15830115830122882,2026-02-19 21:35:00+00:00,2026-02-19 21:50:00+00:00,4986.39,4974.473285714286,11.916714285714079,0.08333333333333333,True,455173,455174,2,4986.5,0.37323943661973336,8.577028663222277,0.3826558135632228,8.497308702063219,1.0,tp1,2026,2026-02,2026-02-19,0.025174724576525604,0.9748252754234744,<=0.03R,2026-02-19 21:45:00+00:00,4.4728571428572,4985.518476400152,4986.5,0.9953051643191466,inside,inside,11.970000000000255,16,Thursday,ny_main,0.19484717978075541,2.6761418077291825,True,False,True,True,True,False,False,True,True,False,False,False,True,False,False,False,True,False,True,True,True,2026-02-19 21:45:00+00:00,4988.45,4986.660507141927,9.645714285714218,0.18552206763194204,True,False,7,3,2,True,False,False,False,True,2026-02-19 21:50:00+00:00|demand|4986.39
22854,15min,m15_2c_1atr,demand,5004.82,4998.13,2026-02-20 08:15:00+00:00,2026-02-20 07:30:00+00:00,2026-02-20 07:45:00+00:00,2026-02-20 08:00:00+00:00,2,2.1918872526876307,0.846146896738571,0.34080717488801066,2026-02-20 17:05:00+00:00,2026-02-20 17:40:00+00:00,5036.44,4994.451714285715,41.98828571428476,8.833333333333334,True,455399,455400,6,5036.47,0.514573396926343,4.352642573779185,0.20862961778454045,4.1397260460401615,1.0,tp1,2026,2026-02,2026-02-20,0.007144849924128661,0.9928551500758713,<=0.03R,2026-02-20 17:35:00+00:00,18.074285714285775,5032.149496651046,5036.47,0.9120296767355663,above,above,12.0600000000004,12,Friday,ny_main,0.2373816269575787,0.6672462851723246,True,False,True,True,True,True,False,False,False,True,False,False,True,False,True,True,True,False,True,True,True,2026-02-20 17:30:00+00:00,5045.14,5037.68758661374,18.658571428571513,0.3994096447731696,True,False,4,3,2,True,True,True,False,False,2026-02-20 17:40:00+00:00|demand|5036.44
22856,15min,m15_2c_1atr,supply,5040.75,5028.2,2026-02-20 12:00:00+00:00,2026-02-20 11:00:00+00:00,2026-02-20 11:15:00+00:00,2026-02-20 11:45:00+00:00,3,1.1292382545233934,1.3357153717500485,0.7450199203186708,2026-02-20 12:00:00+00:00,2026-02-20 12:05:00+00:00,5024.75,5041.681428571429,16.931428571429024,0.0,True,455332,455333,0,5024.76,0.8066825775657356,1.0394870064124135,1.0701991225109335,-7.904235572055134,1.0,tp1,2026,2026-02,2026-02-20,0.017718528518393048,0.9822814714816069,<=0.03R,2026-02-20 12:00:00+00:00,4.6235714285715925,5030.344475951266,5024.76,0.057279236276803015,missing,missing,,7,Friday,asia_late,-1.2099901640308839,,False,True,True,True,True,True,True,True,True,True,True,True,False,False,False,False,False,True,False,True,True,2026-02-20 12:00:00+00:00,5026.32,5027.376623497429,9.507857142857185,-0.11113161268133062,True,False,1,1,1,True,False,False,False,False,2026-02-20 12:05:00+00:00|supply|5024.75
22885,15min,m15_2c_1atr,demand,5139.36,5125.23,2026-02-24 17:45:00+00:00,2026-02-24 16:45:00+00:00,2026-02-24 17:00:00+00:00,2026-02-24 17:30:00+00:00,3,1.135559627538217,0.7397629108859116,0.6128803963198717,2026-02-24 18:30:00+00:00,2026-02-24 18:40:00+00:00,5146.3,5123.974142857142,22.325857142857785,0.75,True,455963,455964,1,5146.24,0.9338677354708684,3.1953980330301612,0.956290272010022,2.788694722966893,1.0,tp1,2026,2026-02,2026-02-24,0.01343733403292748,0.9865626659670725,<=0.03R,2026-02-24 18:35:00+00:00,6.212857142857241,5144.088630503428,5146.24,0.9519038076151853,below,below,26.75,13,Tuesday,ny_main,0.35593438666367644,4.30558749137726,True,False,True,True,True,True,True,True,True,True,True,True,True,False,False,False,False,False,True,True,True,2026-02-24 18:30:00+00:00,5145.39,5143.2856842803185,18.358571428571395,0.11462306464689812,True,False,3,3,2,True,False,False,True,False,2026-02-24 18:40:00+00:00|demand|5146.3
22896,15min,m15_2c_1atr,supply,5180.92,5170.21,2026-02-25 13:15:00+00:00,2026-02-25 12:30:00+00:00,2026-02-25 12:45:00+00:00,2026-02-25 13:00:00+00:00,2,1.576669957222824,1.2334649555774926,0.1988795518207378,2026-02-25 13:30:00+00:00,2026-02-25 13:40:00+00:00,5167.55,5182.0004285714285,14.450428571428347,0.25,True,456179,456180,1,5167.57,0.5028409090909708,0.05743774282522101,1.0366474548456157,-1.3674334918391315,-1.0,stop,2026,2026-02,2026-02-25,0.02076062993682869,-1.0207606299368286,<=0.03R,2026-02-25 13:35:00+00:00,5.316428571428657,5168.444051212796,5167.57,0.13068181818181232,missing,missing,,8,Wednesday,london_ny_overlap,-0.16816763373825386,,False,True,True,True,True,False,True,True,True,True,False,False,False,False,True,False,True,False,True,True,True,2026-02-25 13:30:00+00:00,5173.73,5175.299046443501,9.257142857142883,-0.16949575778560844,True,False,8,4,2,True,True,False,False,False,2026-02-25 13:40:00+00:00|supply|5167.55
22899,15min,m15_2c_1atr,demand,5181.18,5159.16,2026-02-25 17:15:00+00:00,2026-02-25 16:30:00+00:00,2026-02-25 16:45:00+00:00,2026-02-25 17:00:00+00:00,2,1.7465668822204405,2.239918622393401,0.09218891916442391,2026-02-25 17:25:00+00:00,2026-02-25 17:40:00+00:00,5187.21,5157.304571428571,29.905428571429184,0.16666666666666666,True,456227,456228,2,5187.26,0.7242236024845284,1.0175410102322449,1.3619600836923897,-0.12940794313501935,1.0,tp1,2026,2026-02,2026-02-25,0.010031623498838993,0.989968376501161,<=0.03R,2026-02-25 17:35:00+00:00,9.466428571428423,5185.333652880246,5187.26,0.7242236024845284,inside,above,9.0,12,Wednesday,ny_main,0.1982106668419407,0.950728137025594,True,False,True,True,True,True,False,True,True,True,True,True,False,True,True,False,True,False,True,True,True,2026-02-25 17:30:00+00:00,5191.0,5185.224009741297,11.789285714285857,0.48993555663037186,True,False,7,3,2,True,True,False,False,True,2026-02-25 17:40:00+00:00|demand|5187.21
22902,15min,m15_2c_1atr,supply,5217.64,5207.86,2026-02-25 20:45:00+00:00,2026-02-25 19:00:00+00:00,2026-02-25 19:15:00+00:00,2026-02-25 20:30:00+00:00,6,1.0975056689341742,1.1088435374150443,0.2597137014314717,2026-02-25 21:10:00+00:00,2026-02-25 21:20:00+00:00,5200.79,5218.408714285714,17.618714285714304,0.4166666666666667,True,456271,456272,1,5200.83,0.9765494137352896,3.99064306622019,0.4353325603457399,0.2026254550761604,1.0,tp1,2026,2026-02,2026-02-25,0.017027349166065284,0.9829726508339347,<=0.03R,2026-02-25 21:15:00+00:00,3.3878571428572286,5202.347641039086,5200.83,0.02177554438862707,above,above,9.0,16,Wednesday,ny_main,-0.4597717593759554,2.6565464895635,False,True,True,True,True,True,True,True,True,True,True,True,False,False,False,False,True,False,True,True,True,2026-02-25 21:15:00+00:00,5202.83,5205.066773762288,7.4571428571428315,-0.29995050452138927,True,False,1,1,1,True,True,False,True,False,2026-02-25 21:20:00+00:00|supply|5200.79
22903,15min,m15_2c_1atr,supply,5207.15,5199.59,2026-02-25 22:15:00+00:00,2026-02-25 21:30:00+00:00,2026-02-25 21:45:00+00:00,2026-02-25 22:00:00+00:00,2,1.535130800842001,1.0608399318431634,0.3359788359788538,2026-02-26 07:10:00+00:00,2026-02-26 07:50:00+00:00,5193.88,5208.047285714285,14.167285714284844,8.916666666666666,True,456385,456386,7,5193.77,0.7134637514384469,4.4750985671217505,0.4955077593247997,0.35645501204992835,1.0,tp1,2026,2026-02,2026-02-26,0.021175545270292008,0.978824454729708,<=0.03R,2026-02-26 07:45:00+00:00,4.386428571428691,5197.93419195001,5193.77,0.27387802071348893,missing,missing,,2,Thursday,post_close,-0.9242580573219403,,False,True,True,True,True,False,False,False,False,True,True,True,False,False,True,False,True,False,False,True,True,2026-02-26 07:45:00+00:00,5198.39,5196.54932033418,6.940000000000055,0.26522761755332097,False,False,3,3,2,True,False,False,False,False,2026-02-26 07:50:00+00:00|supply|5193.88
22921,15min,m15_2c_1atr,demand,5180.04,5173.99,2026-02-27 04:00:00+00:00,2026-02-27 03:15:00+00:00,2026-02-27 03:30:00+00:00,2026-02-27 03:45:00+00:00,2,2.207046476761694,0.6349325337331543,0.44297520661160505,2026-02-27 04:35:00+00:00,2026-02-27 05:00:00+00:00,5183.59,5172.886857142857,10.703142857143575,0.5833333333333334,True,456627,456628,4,5183.65,0.8666666666665348,1.5724353327459435,1.0230639865459221,16.503563706253342,1.0,tp1,2026,2026-02,2026-02-27,0.0280291503163271,0.9719708496836729,<=0.03R,2026-02-27 04:55:00+00:00,5.744285714285785,5182.500564585812,5183.65,0.9362318840579023,above,above,22.390000000000327,0,Friday,post_close,0.18965550607605114,3.8977866202437297,True,False,True,True,True,False,False,False,False,True,True,True,True,False,True,True,False,False,False,True,True,2026-02-27 04:45:00+00:00,5183.65,5184.7548840925,10.077142857142851,-0.10964259494617654,False,True,5,3,2,True,False,True,False,False,2026-02-27 05:00:00+00:00|demand|5183.59
22935,15min,m15_2c_1atr,demand,5351.53,5341.05,2026-03-02 06:00:00+00:00,2026-03-02 04:45:00+00:00,2026-03-02 05:00:00+00:00,2026-03-02 05:45:00+00:00,4,1.0761063289219486,0.556368738386843,0.4475190839695329,2026-03-02 06:35:00+00:00,2026-03-02 06:55:00+00:00,5358.26,5339.800285714286,18.459714285714654,0.5833333333333334,True,456926,456927,3,5358.27,0.825561312608063,3.2909501772198264,2.776315993127837,-2.0661208190809095,1.0,tp1,2026,2026-03,2026-03-02,0.01625160581343124,0.9837483941865688,<=0.03R,2026-03-02 06:50:00+00:00,6.308571428571407,5357.394843435249,5358.27,0.9740932642487673,missing,missing,,1,Monday,post_close,0.1371398540140496,,True,False,True,True,True,True,False,False,True,True,True,True,True,False,False,False,False,False,False,True,True,2026-03-02 06:45:00+00:00,5354.57,5355.549527655322,14.289285714285663,-0.06854979842295356,False,False,2,2,1,True,False,False,False,False,2026-03-02 06:55:00+00:00|demand|5358.26
22954,15min,m15_2c_1atr,demand,5076.49,5016.16,2026-03-03 18:00:00+00:00,2026-03-03 16:45:00+00:00,2026-03-03 17:00:00+00:00,2026-03-03 17:45:00+00:00,4,1.3850497400893425,1.4027203427831179,0.5297530250290083,2026-03-03 19:30:00+00:00,2026-03-03 20:05:00+00:00,5092.97,5013.396285714285,79.57371428571514,1.5,True,457360,457361,6,5092.8,0.8399234693877442,1.4214492940956618,0.1188834791101145,0.5064486477946742,1.0,tp1,2026,2026-03,2026-03-03,0.0037700891895385003,0.9962299108104615,<=0.03R,2026-03-03 20:00:00+00:00,13.899999999999961,5084.026899561899,5092.8,0.8718112244897844,below,below,70.28999999999996,15,Tuesday,ny_main,0.6433885207267128,5.056834532374112,True,False,True,True,True,True,False,False,False,True,True,True,False,False,False,False,False,False,True,True,True,2026-03-03 20:00:00+00:00,5105.1,5093.120619084672,32.565000000000055,0.3678606146269905,True,False,4,3,2,True,False,False,True,False,2026-03-03 20:05:00+00:00|demand|5092.97
22959,15min,m15_2c_1atr,demand,5125.76,5106.22,2026-03-04 03:00:00+00:00,2026-03-04 02:00:00+00:00,2026-03-04 02:15:00+00:00,2026-03-04 02:45:00+00:00,3,1.4086640411996547,1.1838836716146754,0.4549641760491476,2026-03-04 08:05:00+00:00,2026-03-04 08:35:00+00:00,5152.84,5103.723,49.11700000000019,5.083333333333333,True,457498,457499,5,5152.84,0.9743842364531807,1.0839424231935904,0.8927662520105095,0.16511594763523102,1.0,tp1,2026,2026-03,2026-03-04,0.006107864894028521,0.9938921351059715,<=0.03R,2026-03-04 08:30:00+00:00,12.286428571428587,5145.2732815999425,5152.84,0.979802955665032,missing,missing,,3,Wednesday,asia_late,0.6158598779187664,,True,False,True,True,True,True,False,False,False,True,True,True,False,False,False,False,False,False,False,True,True,2026-03-04 08:30:00+00:00,5146.84,5150.2632265020375,16.69571428571427,-0.2050362412446418,False,False,8,4,2,True,False,False,False,False,2026-03-04 08:35:00+00:00|demand|5152.84
22963,15min,m15_2c_1atr,demand,5150.41,5128.47,2026-03-04 09:00:00+00:00,2026-03-04 08:15:00+00:00,2026-03-04 08:30:00+00:00,2026-03-04 08:45:00+00:00,2,1.6143827614555704,1.3290640820388389,0.3546034639927437,2026-03-04 10:05:00+00:00,2026-03-04 10:25:00+00:00,5164.46,5126.700428571429,37.75957142857078,1.0833333333333333,True,457520,457521,3,5164.48,0.6453634085212562,1.102237086528692,1.165532296447095,0.1271200868653997,1.0,tp1,2026,2026-03,2026-03-04,0.007945005429087179,0.9920549945709128,<=0.03R,2026-03-04 10:20:00+00:00,8.751428571428537,5160.784154179708,5164.48,0.7362155388471161,missing,missing,,5,Wednesday,asia_late,0.42002808916168743,,True,False,True,True,True,True,False,False,True,True,True,False,False,False,True,False,False,False,False,True,True,2026-03-04 10:15:00+00:00,5163.38,5161.679952318982,16.92571428571429,0.1004417097157878,True,False,12,4,2,True,False,False,False,False,2026-03-04 10:25:00+00:00|demand|5164.46
22964,15min,m15_2c_1atr,demand,5172.22,5147.97,2026-03-04 10:45:00+00:00,2026-03-04 10:00:00+00:00,2026-03-04 10:15:00+00:00,2026-03-04 10:30:00+00:00,2,1.1026182432432208,1.433699324324323,0.4527835051546212,2026-03-04 10:55:00+00:00,2026-03-04 11:20:00+00:00,5175.45,5146.254285714286,29.19571428571362,0.16666666666666666,True,457531,457532,4,5175.44,0.8763693270735556,1.0491265841366426,1.0946812154426058,-0.739834613690853,1.0,tp1,2026,2026-03,2026-03-04,0.01027548074570655,0.9897245192542935,<=0.03R,2026-03-04 11:15:00+00:00,8.867857142857117,5169.119261172079,5175.44,0.9929577464788617,missing,missing,,6,Wednesday,asia_late,0.7138972500273251,,True,False,True,True,True,True,False,False,False,True,True,True,False,False,False,False,False,False,False,True,True,2026-03-04 11:15:00+00:00,5171.33,5166.59099001949,17.253571428571377,0.27466834910841187,True,False,8,4,2,True,False,False,False,False,2026-03-04 11:20:00+00:00|demand|5175.45
22965,15min,m15_2c_1atr,demand,5171.36,5159.22,2026-03-04 11:45:00+00:00,2026-03-04 11:00:00+00:00,2026-03-04 11:15:00+00:00,2026-03-04 11:30:00+00:00,2,1.2726691042047784,0.7767824497257423,0.34019769357498414,2026-03-04 14:30:00+00:00,2026-03-04 15:05:00+00:00,5176.59,5157.269428571429,19.320571428571384,2.75,True,457576,457577,6,5176.57,0.3349012229538527,1.021708911301047,1.7131998462039209,-2.8073703824199177,1.0,tp1,2026,2026-03,2026-03-04,0.015527491053207571,0.9844725089467924,<=0.03R,2026-03-04 15:00:00+00:00,9.090714285714252,5174.4355664135355,5176.57,0.5108184383818745,inside,below,31.800000000000182,10,Wednesday,london_ny_overlap,0.23699277292767182,3.498074958749149,True,False,True,True,True,True,False,False,False,False,False,False,True,False,False,False,True,False,True,True,True,2026-03-04 15:00:00+00:00,5194.54,5184.125523984655,13.912142857142953,0.74858892136791,True,False,6,4,2,True,False,False,False,True,2026-03-04 15:05:00+00:00|demand|5176.59
22966,15min,m15_2c_1atr,supply,5206.08,5192.27,2026-03-04 14:45:00+00:00,2026-03-04 14:00:00+00:00,2026-03-04 14:15:00+00:00,2026-03-04 14:30:00+00:00,2,2.333706726409533,1.0313116765348627,0.28530050687912056,2026-03-04 15:10:00+00:00,2026-03-04 15:55:00+00:00,5180.4,5207.963285714286,27.563285714286394,0.4166666666666667,True,457586,457587,8,5180.36,0.9004878048780949,3.5289696957131373,0.5296901157336624,2.7645470423906833,1.0,tp1,2026,2026-03,2026-03-04,0.010884043473979093,0.9891159565260209,<=0.03R,2026-03-04 15:50:00+00:00,9.079285714285627,5185.930100320865,5180.36,0.07219512195119822,inside,below,31.800000000000182,10,Wednesday,london_ny_overlap,-0.6090898001110265,3.502478168515513,False,True,True,True,True,True,False,False,False,True,True,True,False,False,True,True,True,False,True,True,True,2026-03-04 15:45:00+00:00,5168.61,5182.775356278102,14.669285714285772,-0.9656473092147263,True,False,3,2,1,True,True,False,False,True,2026-03-04 15:55:00+00:00|supply|5180.4
22967,15min,m15_2c_1atr,demand,5178.22,5156.39,2026-03-04 15:15:00+00:00,2026-03-04 14:30:00+00:00,2026-03-04 14:45:00+00:00,2026-03-04 15:00:00+00:00,2,2.0758843764440043,1.5691328233300657,0.5588639486944507,2026-03-04 15:55:00+00:00,2026-03-04 16:35:00+00:00,5178.87,5154.187857142858,24.682142857142026,0.6666666666666666,True,457594,457595,7,5178.97,0.547238703788237,0.23984951526552978,1.4334249746781023,-3.7517001881060223,-1.0,stop,2026,2026-03,2026-03-04,0.012154536246563858,-1.0121545362465638,<=0.03R,2026-03-04 16:30:00+00:00,10.405000000000005,5172.8924245184635,5178.97,0.7202190780465588,inside,below,31.800000000000182,11,Wednesday,london_ny_overlap,0.5744906757843732,3.056222969726109,True,False,True,True,True,True,False,False,False,True,False,False,False,False,True,True,False,False,True,True,True,2026-03-04 16:30:00+00:00,5171.84,5175.111587384621,16.256428571428582,-0.20124883951269026,False,False,7,4,2,True,False,False,False,True,2026-03-04 16:35:00+00:00|demand|5178.87
22969,15min,m15_2c_1atr,supply,5185.1,5163.19,2026-03-04 17:15:00+00:00,2026-03-04 16:30:00+00:00,2026-03-04 16:45:00+00:00,2026-03-04 17:00:00+00:00,2,1.8469643930554194,1.084615112619813,0.2218165221360298,2026-03-04 17:30:00+00:00,2026-03-04 17:40:00+00:00,5152.59,5188.403571428572,35.81357142857178,0.25,True,457607,457608,1,5152.58,0.7702702702702885,1.2174155846746029,1.0423422884381297,2.1994455413949128,1.0,tp1,2026,2026-03,2026-03-04,0.008376712738586646,0.9916232872614134,<=0.03R,2026-03-04 17:35:00+00:00,16.847142857143158,5154.502146626587,5152.58,0.07014157014157966,below,below,31.800000000000182,12,Wednesday,ny_main,-0.11349975736545732,1.8875604171966192,False,True,True,True,True,True,True,True,True,True,True,True,False,False,True,False,True,False,True,True,True,2026-03-04 17:30:00+00:00,5143.75,5156.562746732277,22.675714285714353,-0.5650426959361297,True,False,7,4,2,True,True,True,False,False,2026-03-04 17:40:00+00:00|supply|5152.59
22971,15min,m15_2c_1atr,demand,5141.87,5129.54,2026-03-05 01:30:00+00:00,2026-03-04 23:30:00+00:00,2026-03-04 23:45:00+00:00,2026-03-05 01:15:00+00:00,3,1.7319878910192077,1.1612512613521655,0.3714517437145137,2026-03-05 08:05:00+00:00,2026-03-05 08:35:00+00:00,5146.95,5127.473142857143,19.476857142856716,6.583333333333333,True,457774,457775,5,5146.92,0.6297709923663425,1.7276914726635932,3.2767093546920725,-1.7513092461382955,1.0,tp1,2026,2026-03,2026-03-05,0.015402895744400284,0.9845971042555998,<=0.03R,2026-03-05 08:30:00+00:00,9.665000000000093,5145.237330030033,5146.92,0.8282442748091268,missing,missing,,3,Thursday,asia_late,0.17720330780822954,,True,False,True,True,True,True,False,False,False,True,True,False,False,False,True,False,False,False,False,True,True,2026-03-05 08:30:00+00:00,5151.03,5155.03774483045,13.0292857142859,-0.30759512979716086,False,False,7,4,2,True,False,False,False,False,2026-03-05 08:35:00+00:00|demand|5146.95
23000,15min,m15_2c_1atr,supply,5134.05,5119.18,2026-03-09 08:45:00+00:00,2026-03-09 08:00:00+00:00,2026-03-09 08:15:00+00:00,2026-03-09 08:30:00+00:00,2,1.4211153006548916,1.0328438182178907,0.19031607262951294,2026-03-09 11:15:00+00:00,2026-03-09 11:45:00+00:00,5102.71,5136.049142857143,33.33914285714309,2.5,True,458376,458377,5,5102.76,0.949074074074017,1.2573808564792928,1.228585875033201,-2.088835945735167,1.0,tp1,2026,2026-03,2026-03-09,0.00899843170190332,0.9910015682980967,<=0.03R,2026-03-09 11:40:00+00:00,9.717857142857286,5113.686590319124,5102.76,0.001736111111148941,missing,missing,,7,Monday,asia_late,-1.1295278534930524,,False,True,True,True,True,True,False,False,False,True,True,True,False,False,False,False,True,False,False,True,True,2026-03-09 11:30:00+00:00,5102.76,5105.529391046989,14.723571428571631,-0.18809234297697316,True,True,1,1,1,True,False,False,False,False,2026-03-09 11:45:00+00:00|supply|5102.71
23001,15min,m15_2c_1atr,demand,5096.88,5087.33,2026-03-09 11:15:00+00:00,2026-03-09 10:30:00+00:00,2026-03-09 10:45:00+00:00,2026-03-09 11:00:00+00:00,2,1.6461413814057184,0.6770305853757425,0.045026178010405586,2026-03-09 11:45:00+00:00,2026-03-09 12:10:00+00:00,5108.87,5085.605714285714,23.264285714285506,0.5,True,458381,458382,4,5108.76,0.4454756380510196,0.09800429843413178,1.0754682222904406,3.371261897451685,-1.0,stop,2026,2026-03,2026-03-09,0.012895302425545095,-1.0128953024255452,<=0.03R,2026-03-09 12:05:00+00:00,9.034285714285877,5108.254000296254,5108.76,0.7981438515081647,missing,missing,,8,Monday,london_ny_overlap,0.06818466043991182,,True,False,True,True,True,True,False,False,False,False,False,False,True,False,True,False,True,False,True,True,True,2026-03-09 12:00:00+00:00,5109.15,5106.328890880277,13.726428571428707,0.2055238990275126,True,False,5,3,2,True,False,False,False,False,2026-03-09 12:10:00+00:00|demand|5108.87
23003,15min,m15_2c_1atr,demand,5093.14,5082.17,2026-03-09 14:30:00+00:00,2026-03-09 13:30:00+00:00,2026-03-09 13:45:00+00:00,2026-03-09 14:15:00+00:00,3,1.8482067510548121,0.810021097046423,0.12397447584325894,2026-03-09 15:00:00+00:00,2026-03-09 15:35:00+00:00,5109.05,5080.557857142857,28.492142857143335,0.5,True,458422,458423,6,5109.02,0.9683818970862179,0.08177693098347523,1.2101581889744002,3.559928802426653,-1.0,stop,2026,2026-03,2026-03-09,0.010529218581563662,-1.0105292185815637,<=0.03R,2026-03-09 15:30:00+00:00,7.533571428571382,5097.1985580204955,5109.02,0.9838809671420145,above,above,17.270000000000437,11,Monday,london_ny_overlap,1.5731505424582006,2.2924054233432027,True,False,True,True,True,True,False,False,False,True,True,True,True,False,True,False,True,False,True,True,True,2026-03-09 15:30:00+00:00,5075.0,5091.447322838217,13.441428571428721,-1.22362907713376,False,False,8,3,2,True,False,True,False,False,2026-03-09 15:35:00+00:00|demand|5109.05
23005,15min,m15_2c_1atr,demand,5088.4,5060.79,2026-03-09 16:45:00+00:00,2026-03-09 16:00:00+00:00,2026-03-09 16:15:00+00:00,2026-03-09 16:30:00+00:00,2,2.513707088169907,1.5910924508108777,0.10756972111551541,2026-03-09 16:55:00+00:00,2026-03-09 17:00:00+00:00,5093.79,5058.088857142857,35.70114285714317,0.16666666666666666,True,458439,458440,0,5093.72,0.22189638318673818,4.061774733101752,0.39858667989818686,3.7374153688557143,1.0,tp1,2026,2026-03,2026-03-09,0.008403092337980303,0.9915969076620197,<=0.03R,2026-03-09 16:55:00+00:00,13.607142857142728,5092.821520266333,5093.72,0.7565982404692408,inside,inside,17.270000000000437,13,Monday,ny_main,0.07117436362905348,1.2691863517060809,True,False,True,True,True,True,True,True,True,False,False,False,False,False,True,True,True,False,True,True,True,2026-03-09 16:45:00+00:00,5093.72,5091.462438905687,18.6128571428572,0.12129041108444145,True,True,8,3,2,True,False,False,False,True,2026-03-09 17:00:00+00:00|demand|5093.79
23017,15min,m15_2c_1atr,demand,5176.61,5156.59,2026-03-10 13:15:00+00:00,2026-03-10 12:30:00+00:00,2026-03-10 12:45:00+00:00,2026-03-10 13:00:00+00:00,2,1.8211543929485854,1.9923230025589866,0.2562437562437678,2026-03-10 13:40:00+00:00,2026-03-10 14:25:00+00:00,5177.77,5155.314857142857,22.455142857143073,0.4166666666666667,True,458684,458685,8,5177.76,0.6279461279462498,2.717862913999937,0.744595574669504,-0.07526115557367355,1.0,tp1,2026,2026-03,2026-03-10,0.013359968445026781,0.9866400315549733,<=0.03R,2026-03-10 14:20:00+00:00,6.547857142857083,5174.324513181296,5177.76,0.9747474747475343,inside,inside,15.289999999999964,10,Tuesday,london_ny_overlap,0.5262006704686005,2.335115086724135,True,False,True,True,True,True,False,False,False,True,True,False,False,False,True,False,True,False,True,True,True,2026-03-10 14:15:00+00:00,5179.5,5177.44484618022,10.726428571428446,0.19159721300469867,True,False,6,2,2,True,True,False,False,True,2026-03-10 14:25:00+00:00|demand|5177.77
23041,15min,m15_2c_1atr,demand,5148.83,5137.29,2026-03-12 08:00:00+00:00,2026-03-12 07:15:00+00:00,2026-03-12 07:30:00+00:00,2026-03-12 07:45:00+00:00,2,1.7923348736070035,1.4638035698106577,0.34748700173312225,2026-03-12 08:20:00+00:00,2026-03-12 08:25:00+00:00,5156.42,5136.2594285714285,20.16057142857153,0.3333333333333333,True,459164,459165,0,5156.33,0.6703662597114115,1.7504464159179056,1.2777415606133657,-3.549006547433454,1.0,tp1,2026,2026-03,2026-03-12,0.01488053059720522,0.9851194694027948,<=0.03R,2026-03-12 08:20:00+00:00,5.280714285714437,5153.305515179347,5156.33,1.0,missing,missing,,4,Thursday,asia_late,0.5897847624664277,,True,False,True,True,True,True,True,True,True,True,True,False,False,False,True,False,True,False,False,True,True,2026-03-12 08:15:00+00:00,5157.08,5152.501910145096,7.159285714285618,0.6394618175062674,True,False,4,3,2,True,False,False,False,False,2026-03-12 08:25:00+00:00|demand|5156.42
23049,15min,m15_2c_1atr,supply,5137.63,5125.04,2026-03-12 19:30:00+00:00,2026-03-12 18:30:00+00:00,2026-03-12 18:45:00+00:00,2026-03-12 19:15:00+00:00,3,1.129831911816057,0.8791460920744169,0.2605242255758306,2026-03-13 04:00:00+00:00,2026-03-13 04:20:00+00:00,5120.75,5138.759571428572,18.00957142857169,8.5,True,459391,459392,3,5120.81,0.7102272727271847,8.522690315467036,0.13937033482196987,6.4887718435434,1.0,tp1,2026,2026-03,2026-03-13,0.016657808942863474,0.9833421910571365,<=0.03R,2026-03-13 04:15:00+00:00,5.437857142857021,5121.054219179239,5120.81,0.28977272727281533,missing,missing,,0,Friday,post_close,-0.05594468027517744,,False,True,True,True,True,True,False,False,True,True,True,True,True,False,False,False,True,False,False,True,True,2026-03-13 04:15:00+00:00,5121.57,5116.849582840009,7.791428571428631,0.6058474536108135,False,False,3,3,2,True,False,False,False,False,2026-03-13 04:20:00+00:00|supply|5120.75
23053,15min,m15_2c_1atr,supply,5116.79,5110.45,2026-03-13 06:30:00+00:00,2026-03-13 05:45:00+00:00,2026-03-13 06:00:00+00:00,2026-03-13 06:15:00+00:00,2,1.293125810635469,0.822308690012999,0.7586750788642556,2026-03-13 07:30:00+00:00,2026-03-13 07:45:00+00:00,5100.66,5117.590142857143,16.930142857143437,1.0,True,459432,459433,2,5100.73,0.7744444444444727,2.3136248955792382,1.0803216579051342,5.2031456995551455,1.0,tp1,2026,2026-03,2026-03-13,0.0177198741045129,0.9822801258954871,<=0.03R,2026-03-13 07:40:00+00:00,3.850000000000104,5105.984748745455,5100.73,0.06444444444443637,missing,missing,,3,Friday,asia_late,-1.3830516221961986,,False,True,True,True,True,True,False,True,True,True,True,True,True,False,False,False,False,True,False,True,True,2026-03-13 07:30:00+00:00,5100.73,5106.65928443354,6.7321428571429225,-0.8807425153269605,True,True,6,3,2,True,False,False,False,False,2026-03-13 07:45:00+00:00|supply|5100.66
23074,15min,m15_2c_1atr,demand,4988.28,4980.54,2026-03-16 13:15:00+00:00,2026-03-16 12:30:00+00:00,2026-03-16 12:45:00+00:00,2026-03-16 13:00:00+00:00,2,1.4781956766212314,0.6769961264525595,0.16149870801034047,2026-03-16 16:45:00+00:00,2026-03-16 17:20:00+00:00,5004.67,4978.909,25.761000000000422,3.5,True,459823,459824,6,5004.66,0.8936484490399711,0.042312022048838466,1.0263576724506065,-0.1028686774581574,-1.0,stop,2026,2026-03,2026-03-16,0.01164551065564206,-1.0116455106556421,<=0.03R,2026-03-16 17:15:00+00:00,8.540714285714264,5002.126319119882,5004.66,1.0,inside,inside,26.9399999999996,13,Monday,ny_main,0.29782999349041694,3.1543029187923004,True,False,True,True,True,True,False,False,False,True,True,True,True,False,False,False,True,False,True,True,True,2026-03-16 17:15:00+00:00,4991.85,5005.3340278958185,13.262142857142928,-1.0167307079304841,False,False,8,4,2,True,False,False,False,True,2026-03-16 17:20:00+00:00|demand|5004.67
23092,15min,m15_2c_1atr,supply,5017.57,5006.31,2026-03-17 17:45:00+00:00,2026-03-17 17:00:00+00:00,2026-03-17 17:15:00+00:00,2026-03-17 17:30:00+00:00,2,1.7180099709181098,0.8186539260489795,0.07193605683840586,2026-03-17 19:00:00+00:00,2026-03-17 19:30:00+00:00,5002.69,5018.359142857143,15.669142857143015,1.25,True,460125,460126,5,5002.7,0.5445682451253059,10.742131942671548,0.872415302140691,8.020859924874975,1.0,tp1,2026,2026-03,2026-03-17,0.019145910068925083,0.9808540899310749,<=0.03R,2026-03-17 19:25:00+00:00,3.9949999999999557,5003.525794052684,5002.7,0.20891364902506118,inside,inside,13.159999999999854,15,Tuesday,ny_main,-0.2092100257033396,3.294117647058824,False,True,True,True,True,True,False,False,False,True,False,False,True,False,True,False,True,False,True,True,True,2026-03-17 19:15:00+00:00,5002.7,5002.044445760555,11.817142857142894,0.05547485101681549,False,True,6,3,2,True,False,False,False,True,2026-03-17 19:30:00+00:00|supply|5002.69
23113,15min,m15_2c_1atr,demand,4582.98,4546.57,2026-03-19 16:15:00+00:00,2026-03-19 15:30:00+00:00,2026-03-19 15:45:00+00:00,2026-03-19 16:00:00+00:00,2,1.7435612634501967,0.8846581048247104,0.46690469651194916,2026-03-19 16:30:00+00:00,2026-03-19 16:35:00+00:00,4606.05,4541.4088571428565,64.64114285714368,0.25,True,460640,460641,0,4606.24,0.8401753686727702,2.0070808507628644,1.009573734552067,-0.6939852548575876,1.0,tp1,2026,2026-03,2026-03-19,0.004641007054330663,0.9953589929456693,<=0.03R,2026-03-19 16:30:00+00:00,26.633571428571162,4604.519625608391,4606.24,0.9968114786767666,below,below,23.11999999999989,12,Thursday,ny_main,0.05746035208659805,0.8680773459919052,True,False,True,True,True,True,True,True,True,True,True,True,True,False,True,False,False,False,True,True,True,2026-03-19 16:30:00+00:00,4613.03,4602.338371895911,44.696428571428505,0.2392054230239545,True,False,0,0,0,False,False,False,True,False,2026-03-19 16:35:00+00:00|demand|4606.05
23125,15min,m15_2c_1atr,supply,4700.42,4684.27,2026-03-20 11:45:00+00:00,2026-03-20 11:00:00+00:00,2026-03-20 11:15:00+00:00,2026-03-20 11:30:00+00:00,2,1.1777414075286186,0.9251227495908186,0.016718266253897378,2026-03-20 14:05:00+00:00,2026-03-20 14:30:00+00:00,4678.38,4702.256,23.876000000000204,2.3333333333333335,True,460891,460892,4,4678.23,0.6044176706827173,24.28547495392843,0.1587368068353129,10.904674149773724,1.0,tp1,2026,2026-03,2026-03-20,0.012564918746858663,0.9874350812531414,<=0.03R,2026-03-20 14:25:00+00:00,8.917142857143062,4679.46784764313,4678.23,0.0562248995983371,above,above,31.5,10,Friday,london_ny_overlap,-0.1219950897454159,3.5325216276833533,False,True,True,True,True,True,False,False,False,True,True,False,True,False,False,False,True,False,True,True,True,2026-03-20 14:15:00+00:00,4678.23,4673.08227279955,18.257857142857315,0.281945858167881,False,True,6,4,2,True,False,False,True,False,2026-03-20 14:30:00+00:00|supply|4678.38
23131,15min,m15_2c_1atr,supply,4490.96,4472.63,2026-03-23 02:15:00+00:00,2026-03-23 01:30:00+00:00,2026-03-23 01:45:00+00:00,2026-03-23 02:00:00+00:00,2,1.9860712156522746,0.6954094629017344,0.18221494817240363,2026-03-23 14:50:00+00:00,2026-03-23 15:20:00+00:00,4423.58,4496.504857142857,72.92485714285704,12.583333333333334,True,461177,461178,5,4423.43,0.7961891799931737,0.29742944792486475,1.1130635448622288,0.22653455415946133,-1.0,stop,2026,2026-03,2026-03-23,0.004113823622750626,-1.0041138236227507,<=0.03R,2026-03-23 15:15:00+00:00,28.094285714285757,4439.650589114744,4423.43,0.0034025178632311223,inside,inside,193.55000000000018,11,Monday,london_ny_overlap,-0.5720234099624295,6.889301332248547,False,True,True,True,True,True,False,False,False,True,True,True,True,False,True,False,True,False,True,True,True,2026-03-23 15:15:00+00:00,4409.41,4410.612130058711,59.77714285714286,-0.02011019599220518,True,False,3,3,2,True,True,False,False,True,2026-03-23 15:20:00+00:00|supply|4423.58
23148,15min,m15_2c_1atr,demand,4336.19,4306.03,2026-03-24 04:45:00+00:00,2026-03-24 04:00:00+00:00,2026-03-24 04:15:00+00:00,2026-03-24 04:30:00+00:00,2,1.538871737300027,0.8464776873421238,0.3365384615384511,2026-03-24 05:45:00+00:00,2026-03-24 06:00:00+00:00,4347.05,4303.8328571428565,43.2171428571437,1.0,True,461341,461342,2,4347.21,0.45812807881771705,5.91339415575817,0.6272973687690082,5.144023535633895,1.0,tp1,2026,2026-03,2026-03-24,0.00694168980563255,0.9930583101943674,<=0.03R,2026-03-24 05:55:00+00:00,11.30714285714274,4346.968696286201,4347.21,0.8037766830870057,missing,missing,,2,Tuesday,post_close,0.007190473740960211,,True,False,True,True,True,True,False,True,True,True,False,False,True,False,True,False,True,False,False,True,True,2026-03-24 05:45:00+00:00,4347.21,4352.251104203113,32.50357142857138,-0.15509385527651784,False,True,4,3,2,True,False,False,False,False,2026-03-24 06:00:00+00:00|demand|4347.05
23149,15min,m15_2c_1atr,demand,4349.34,4332.13,2026-03-24 07:45:00+00:00,2026-03-24 06:45:00+00:00,2026-03-24 07:00:00+00:00,2026-03-24 07:30:00+00:00,3,1.0689116791673245,0.7376090616868212,0.4352120859965001,2026-03-24 07:55:00+00:00,2026-03-24 08:05:00+00:00,4357.94,4329.113428571429,28.826571428570787,0.16666666666666666,True,461366,461367,1,4357.93,0.5533617929562171,8.487655238718437,0.22444569989987623,6.69902768279283,1.0,tp1,2026,2026-03,2026-03-24,0.0104070649103508,0.9895929350896492,<=0.03R,2026-03-24 08:00:00+00:00,15.061428571428483,4349.986472631696,4357.93,0.79082177161153,missing,missing,,4,Tuesday,asia_late,0.5280725749608519,,True,False,True,True,True,True,True,True,True,True,False,False,True,False,False,False,False,False,False,True,True,2026-03-24 08:00:00+00:00,4366.76,4350.055259117255,22.257142857142885,0.750533929263243,True,False,4,3,2,True,False,False,False,False,2026-03-24 08:05:00+00:00|demand|4357.94
23156,15min,m15_2c_1atr,supply,4424.41,4408.88,2026-03-24 19:15:00+00:00,2026-03-24 18:30:00+00:00,2026-03-24 18:45:00+00:00,2026-03-24 19:00:00+00:00,2,1.2249885343641531,0.7122452990892908,0.20862846104313168,2026-03-24 20:25:00+00:00,2026-03-24 20:45:00+00:00,4400.37,4426.698857142857,26.328857142857487,1.1666666666666667,True,461518,461519,3,4400.36,0.7785575048733153,0.6042799318509703,2.519668804462214,-4.346561621686108,-1.0,stop,2026,2026-03,2026-03-24,0.011394341895367237,-1.0113943418953673,<=0.03R,2026-03-24 20:40:00+00:00,11.502857142857206,4404.294766447857,4400.36,0.21208576998049422,inside,inside,66.39000000000033,16,Tuesday,ny_main,-0.3411992689393892,5.771609538002978,False,True,True,True,True,True,False,False,True,True,True,True,True,False,False,False,True,False,True,True,True,2026-03-24 20:30:00+00:00,4400.36,4399.812821454898,19.084285714285606,0.02867168063262764,False,True,8,4,2,True,False,False,False,True,2026-03-24 20:45:00+00:00|supply|4400.37
23169,15min,m15_2c_1atr,demand,4552.58,4536.17,2026-03-25 15:30:00+00:00,2026-03-25 14:45:00+00:00,2026-03-25 15:00:00+00:00,2026-03-25 15:15:00+00:00,2,1.5105727063522718,0.9975250748990384,0.18708104814141654,2026-03-25 15:45:00+00:00,2026-03-25 16:15:00+00:00,4553.46,4533.867428571429,19.59257142857132,0.25,True,461740,461741,5,4553.33,0.2846497764530319,1.3178464140927975,1.4495289759967231,-4.993219004287363,1.0,tp1,2026,2026-03,2026-03-25,0.015311925802782482,0.9846880741972175,<=0.03R,2026-03-25 16:10:00+00:00,11.517142857142842,4552.140368616019,4553.33,0.7257824143069843,below,below,26.76000000000022,12,Wednesday,ny_main,0.1145797530124715,2.3234929297941176,True,False,True,True,True,True,False,False,False,False,False,False,True,False,True,False,True,False,True,True,True,2026-03-25 16:00:00+00:00,4553.33,4556.322699611487,19.376428571428733,-0.1544505273742832,False,True,5,3,2,True,False,False,True,False,2026-03-25 16:15:00+00:00|demand|4553.46
23183,15min,m15_2c_1atr,demand,4427.82,4416.97,2026-03-26 12:30:00+00:00,2026-03-26 11:45:00+00:00,2026-03-26 12:00:00+00:00,2026-03-26 12:15:00+00:00,2,1.0607036773626641,0.6354850855540881,0.05069124423965065,2026-03-26 12:40:00+00:00,2026-03-26 12:50:00+00:00,4441.06,4414.948714285714,26.11128571428617,0.16666666666666666,True,461975,461976,1,4441.14,0.8082278481012841,1.4782879871319543,1.949731643131865,-0.6127618599510778,1.0,tp1,2026,2026-03,2026-03-26,0.011489284874082708,0.9885107151259173,<=0.03R,2026-03-26 12:45:00+00:00,9.939285714285623,4434.347308280579,4441.14,1.0,missing,missing,,8,Thursday,london_ny_overlap,0.6753696304124621,,True,False,True,True,True,True,True,True,True,True,True,True,True,False,False,False,True,False,True,True,True,2026-03-26 12:45:00+00:00,4443.06,4434.185110451782,17.96928571428563,0.493892171860955,True,False,2,2,1,True,True,False,False,False,2026-03-26 12:50:00+00:00|demand|4441.06
23184,15min,m15_2c_1atr,supply,4456.7,4439.55,2026-03-26 14:00:00+00:00,2026-03-26 13:15:00+00:00,2026-03-26 13:30:00+00:00,2026-03-26 13:45:00+00:00,2,1.152846989625028,0.9807205293684996,0.07580174927114924,2026-03-26 14:05:00+00:00,2026-03-26 14:35:00+00:00,4435.72,4458.885,23.164999999999964,0.08333333333333333,True,461996,461997,5,4435.74,0.17495854063022487,0.6583207424994614,1.0753291603712452,0.36218432980791454,-1.0,stop,2026,2026-03,2026-03-26,0.012950571983595963,-1.012950571983596,<=0.03R,2026-03-26 14:30:00+00:00,10.662142857142888,4436.567884735271,4435.74,0.2868988391376386,below,below,17.149999999999636,10,Thursday,london_ny_overlap,-0.07952292017010056,1.6084946740804864,False,True,True,True,True,True,False,False,False,False,False,False,True,False,False,False,True,False,True,True,True,2026-03-26 14:30:00+00:00,4435.68,4436.583551513044,16.786428571428587,-0.05382631029577433,True,False,3,3,2,True,False,True,False,False,2026-03-26 14:35:00+00:00|supply|4435.72
23186,15min,m15_2c_1atr,supply,4469.88,4446.13,2026-03-26 17:45:00+00:00,2026-03-26 16:45:00+00:00,2026-03-26 17:00:00+00:00,2026-03-26 17:30:00+00:00,3,1.3015101674641159,1.2428977272727337,0.20126315789476443,2026-03-26 17:45:00+00:00,2026-03-26 17:50:00+00:00,4443.5,4472.052428571428,28.55242857142821,0.0,True,462035,462036,0,4443.52,0.45895020188439406,3.232999944963456,1.086072238038317,-2.4106530843010883,1.0,tp1,2026,2026-03,2026-03-26,0.010506987146452524,0.9894930128535475,<=0.03R,2026-03-26 17:45:00+00:00,12.059999999999816,4446.962124552552,4443.52,0.567967698519597,inside,inside,17.149999999999636,13,Thursday,ny_main,-0.2870750043575722,1.4220563847429435,False,True,True,True,True,True,True,True,True,True,False,False,False,False,False,False,True,False,True,True,True,2026-03-26 17:45:00+00:00,4438.34,4448.326390150782,19.105714285714125,-0.5226912745287214,True,False,4,3,2,True,True,False,False,True,2026-03-26 17:50:00+00:00|supply|4443.5
23197,15min,m15_2c_1atr,supply,4445.21,4433.68,2026-03-27 15:30:00+00:00,2026-03-27 14:45:00+00:00,2026-03-27 15:00:00+00:00,2026-03-27 15:15:00+00:00,2,1.1574440052700539,0.8861440491875086,0.3660017346053286,2026-03-27 15:45:00+00:00,2026-03-27 15:55:00+00:00,4426.49,4447.283857142857,20.793857142857632,0.25,True,462288,462289,1,4426.36,0.8640000000000457,0.24959294297076984,1.5350687359590762,-5.390534292407665,-1.0,stop,2026,2026-03,2026-03-27,0.014427337743976247,-1.0144273377439763,<=0.03R,2026-03-27 15:50:00+00:00,9.922857142857149,4428.549293664785,4426.36,0.055999999999975056,above,above,12.920000000000073,11,Friday,london_ny_overlap,-0.20753031461989338,1.3020443420673835,False,True,True,True,True,True,True,True,True,True,True,True,True,False,False,False,False,False,True,True,True,2026-03-27 15:45:00+00:00,4431.6,4428.523354335206,14.539285714285727,0.21160913440000365,False,False,1,1,1,True,False,False,True,False,2026-03-27 15:55:00+00:00|supply|4426.49
23210,15min,m15_2c_1atr,demand,4540.04,4527.85,2026-03-30 14:30:00+00:00,2026-03-30 13:15:00+00:00,2026-03-30 13:30:00+00:00,2026-03-30 14:15:00+00:00,4,1.1246407805921026,1.1405466818151266,0.13453650533219622,2026-03-30 14:35:00+00:00,2026-03-30 14:40:00+00:00,4541.59,4526.252142857144,15.337857142856592,0.08333333333333333,True,462537,462538,0,4541.58,0.2064606741573423,2.55055185581902,1.6221301168910447,2.4507986774089363,1.0,tp1,2026,2026-03,2026-03-30,0.019559446747078428,0.9804405532529216,<=0.03R,2026-03-30 14:35:00+00:00,6.619285714285525,4540.17678807815,4541.58,0.39185393258427054,above,above,12.1899999999996,10,Monday,london_ny_overlap,0.2134991572882685,1.8415884320707812,True,False,True,True,True,True,True,True,True,False,False,False,False,False,False,False,True,False,True,True,True,2026-03-30 14:30:00+00:00,4565.14,4542.3223337472455,11.697857142856979,1.9505851348755727,True,False,0,0,0,False,False,True,False,False,2026-03-30 14:40:00+00:00|demand|4541.59
23220,15min,m15_2c_1atr,supply,4619.03,4577.68,2026-03-31 05:15:00+00:00,2026-03-31 04:30:00+00:00,2026-03-31 04:45:00+00:00,2026-03-31 05:00:00+00:00,2,1.2692457991403,1.8851765012374437,0.8790810157194664,2026-03-31 05:15:00+00:00,2026-03-31 05:50:00+00:00,4570.97,4621.452428571429,50.4824285714285,0.0,True,462707,462708,6,4570.84,0.851119208745415,0.8224643935513728,1.077602673631838,-2.220970804551514,-1.0,stop,2026,2026-03,2026-03-31,0.005942661803116793,-1.0059426618031169,<=0.03R,2026-03-31 05:45:00+00:00,13.510714285714196,4583.444085285586,4570.84,0.09734513274335696,missing,missing,,1,Tuesday,post_close,-0.923273560656628,,False,True,True,True,True,True,False,False,False,True,True,True,False,False,False,False,False,True,False,True,True,2026-03-31 05:45:00+00:00,4568.26,4575.665479509674,22.53499999999992,-0.32862123406583515,True,False,3,3,2,True,False,False,False,False,2026-03-31 05:50:00+00:00|supply|4570.97
23241,15min,m15_2c_1atr,demand,4738.78,4728.19,2026-04-01 14:30:00+00:00,2026-04-01 13:45:00+00:00,2026-04-01 14:00:00+00:00,2026-04-01 14:15:00+00:00,2,1.2065352955848905,0.9245447742579185,0.3493862134089402,2026-04-01 15:15:00+00:00,2026-04-01 15:35:00+00:00,4744.67,4726.389142857142,18.280857142857712,0.75,True,463100,463101,3,4744.65,0.6559220389805026,0.49669443445913375,1.1049810105808913,-8.458574933966577,-1.0,stop,2026,2026-04,2026-04-01,0.016410609068033183,-1.0164106090680332,<=0.03R,2026-04-01 15:30:00+00:00,8.378571428571572,4742.431816930427,4744.65,0.942278860569683,above,above,13.910000000000764,11,Wednesday,london_ny_overlap,0.2671318241604673,1.6601875532822452,True,False,True,True,True,True,False,False,True,True,True,False,True,False,False,False,True,False,True,True,True,2026-04-01 15:30:00+00:00,4747.86,4742.4696822378355,12.603571428571545,0.42768177200508656,True,False,5,4,2,True,True,True,False,False,2026-04-01 15:35:00+00:00|demand|4744.67
23251,15min,m15_2c_1atr,demand,4598.46,4581.62,2026-04-02 10:15:00+00:00,2026-04-02 09:30:00+00:00,2026-04-02 09:45:00+00:00,2026-04-02 10:00:00+00:00,2,1.4460710710710616,0.7374874874874995,0.1698337292161311,2026-04-02 14:40:00+00:00,2026-04-02 15:15:00+00:00,4612.65,4579.709714285714,32.94028571428589,4.416666666666667,True,463372,463373,6,4612.64,0.6292682926829565,2.851523536095612,0.9690262032595749,1.5603993373290277,1.0,tp1,2026,2026-04,2026-04-02,0.009107389128379443,0.9908926108716205,<=0.03R,2026-04-02 15:10:00+00:00,9.394285714285811,4607.894414291602,4612.64,0.9735191637630592,inside,below,31.210000000000036,11,Thursday,london_ny_overlap,0.5062211064292255,3.3222323600972934,True,False,True,True,True,True,False,False,False,True,True,False,True,False,False,False,True,False,True,True,True,2026-04-02 15:00:00+00:00,4612.64,4613.158504541302,15.734285714285761,-0.03295380233441666,False,True,1,1,1,True,False,False,False,True,2026-04-02 15:15:00+00:00|demand|4612.65
23258,15min,m15_2c_1atr,demand,4629.37,4600.93,2026-04-06 04:15:00+00:00,2026-04-06 03:15:00+00:00,2026-04-06 03:30:00+00:00,2026-04-06 04:00:00+00:00,3,1.7199258928001215,1.2718328754871222,0.7985232067510674,2026-04-06 04:15:00+00:00,2026-04-06 04:25:00+00:00,4632.98,4598.9685714285715,34.01142857142804,0.0,True,463518,463519,1,4632.95,0.5477663230240656,2.1639784946237004,0.4895413306451582,0.05380544354841254,1.0,tp1,2026,2026-04,2026-04-06,0.00882056451612917,0.9911794354838708,<=0.03R,2026-04-06 04:20:00+00:00,10.287142857142888,4628.809606764872,4632.95,0.8508591065292065,missing,missing,,0,Monday,post_close,0.4053985924995425,,True,False,True,True,True,True,True,True,True,True,False,False,False,False,True,False,False,True,False,True,True,2026-04-06 04:15:00+00:00,4641.24,4629.362473549915,23.28642857142839,0.5100621769307245,True,False,1,1,1,True,False,False,False,False,2026-04-06 04:25:00+00:00|demand|4632.98
23259,15min,m15_2c_1atr,demand,4628.84,4621.27,2026-04-06 05:30:00+00:00,2026-04-06 04:45:00+00:00,2026-04-06 05:00:00+00:00,2026-04-06 05:15:00+00:00,2,1.8145459931862071,0.3924603762405446,0.20475561426675457,2026-04-06 06:15:00+00:00,2026-04-06 06:50:00+00:00,4634.6,4619.913142857144,14.686857142856752,0.75,True,463547,463548,6,4634.71,0.4779411764705522,4.900980468446136,1.0111080849739837,1.8805929499650258,1.0,tp1,2026,2026-04,2026-04-06,0.020426425959069877,0.9795735740409302,<=0.03R,2026-04-06 06:45:00+00:00,6.832857142857263,4633.3833143365155,4634.71,0.9779411764705521,missing,missing,,2,Monday,post_close,0.17806396914894668,,True,False,True,True,True,False,False,False,False,True,False,False,True,False,True,False,True,False,False,True,True,2026-04-06 06:45:00+00:00,4640.57,4637.544282586529,16.423571428571385,0.18423017348143067,True,False,3,3,2,True,False,False,False,False,2026-04-06 06:50:00+00:00|demand|4634.6
23272,15min,m15_2c_1atr,demand,4634.32,4619.75,2026-04-07 05:45:00+00:00,2026-04-07 05:00:00+00:00,2026-04-07 05:15:00+00:00,2026-04-07 05:30:00+00:00,2,1.343945644261083,0.9899538946857352,0.02470830473573643,2026-04-07 08:25:00+00:00,2026-04-07 09:00:00+00:00,4642.94,4618.151857142857,24.788142857142702,2.6666666666666665,True,463849,463850,6,4642.95,0.48645320197042746,2.0796233222105243,1.421647446647879,6.858924485785315,1.0,tp1,2026,2026-04,2026-04-07,0.012102560556026286,0.9878974394439737,<=0.03R,2026-04-07 08:55:00+00:00,7.611428571428405,4640.574535631553,4642.95,0.5652709359606166,missing,missing,,5,Tuesday,asia_late,0.31077797633497606,,True,False,True,True,True,True,False,False,False,True,False,False,True,False,False,False,True,False,False,True,True,2026-04-07 08:45:00+00:00,4642.95,4644.347746479224,10.92357142857132,-0.12795691302647838,False,True,2,2,2,True,False,False,False,False,2026-04-07 09:00:00+00:00|demand|4642.94
23275,15min,m15_2c_1atr,demand,4641.47,4623.35,2026-04-07 09:15:00+00:00,2026-04-07 08:30:00+00:00,2026-04-07 08:45:00+00:00,2026-04-07 09:00:00+00:00,2,1.485259709873661,1.6958352831071684,0.06401766004414247,2026-04-07 09:20:00+00:00,2026-04-07 09:35:00+00:00,4643.84,4621.829000000001,22.010999999999513,0.08333333333333333,True,463856,463857,2,4643.9,0.5678776290630198,2.301122166189667,1.6419063195675403,7.578483485530107,1.0,tp1,2026,2026-04,2026-04-07,0.013629548861932971,0.986370451138067,<=0.03R,2026-04-07 09:30:00+00:00,8.499285714285634,4642.943721537316,4643.9,0.5678776290630198,missing,missing,,5,Tuesday,asia_late,0.10545338665075102,,True,False,True,True,True,True,False,True,True,True,False,False,False,False,False,False,True,False,False,True,True,2026-04-07 09:30:00+00:00,4652.46,4645.966415695986,10.880714285714216,0.5967976121328372,True,False,4,3,2,True,False,False,False,False,2026-04-07 09:35:00+00:00|demand|4643.84
23281,15min,m15_2c_1atr,demand,4645.43,4607.7,2026-04-07 17:45:00+00:00,2026-04-07 17:00:00+00:00,2026-04-07 17:15:00+00:00,2026-04-07 17:30:00+00:00,2,1.3173509139946478,1.9786484866646934,0.5761993108931754,2026-04-07 17:50:00+00:00,2026-04-07 18:20:00+00:00,4650.31,4605.361857142857,44.948142857143466,0.08333333333333333,True,463961,463962,5,4650.28,0.5993179880647918,4.621548006114911,0.21446937264212848,2.2728414013608993,1.0,tp1,2026,2026-04,2026-04-07,0.006674358069775555,0.9933256419302244,<=0.03R,2026-04-07 18:15:00+00:00,12.157142857142844,4641.302369213258,4650.28,0.8039215686274281,below,below,22.670000000000073,14,Tuesday,ny_main,0.7409332021997022,1.8647473560517118,True,False,True,True,True,True,False,False,False,True,False,False,False,False,False,False,False,False,True,True,True,2026-04-07 18:15:00+00:00,4653.14,4645.164817693984,20.114285714285675,0.39649343850931873,True,False,11,4,2,True,False,False,True,False,2026-04-07 18:20:00+00:00|demand|4650.31
23294,15min,m15_2c_1atr,supply,4792.04,4776.57,2026-04-08 17:45:00+00:00,2026-04-08 17:00:00+00:00,2026-04-08 17:15:00+00:00,2026-04-08 17:30:00+00:00,2,1.1607375362257835,0.9096560124322879,0.17647058823532177,2026-04-09 16:40:00+00:00,2026-04-09 17:20:00+00:00,4761.49,4793.850571428571,32.36057142857135,22.916666666666668,True,464501,464502,7,4761.51,0.7335398915568901,0.43726051102751895,1.1300789320337137,-0.7672917659938899,-1.0,stop,2026,2026-04,2026-04-09,0.009270540869841628,-1.0092705408698417,<=0.03R,2026-04-09 17:15:00+00:00,8.899285714285659,4765.823490864566,4761.51,0.0875290472502031,above,above,16.05999999999949,13,Thursday,ny_main,-0.4869481668186224,1.804639216630502,False,True,True,True,True,True,False,False,False,True,True,True,True,False,False,False,True,False,True,True,True,2026-04-09 17:15:00+00:00,4765.61,4760.850075587188,12.462142857142746,0.3819507180567456,False,False,2,2,2,True,False,False,True,False,2026-04-09 17:20:00+00:00|supply|4761.49
23296,15min,m15_2c_1atr,supply,4764.46,4756.47,2026-04-08 20:45:00+00:00,2026-04-08 20:00:00+00:00,2026-04-08 20:15:00+00:00,2026-04-08 20:30:00+00:00,2,1.3557246064782038,0.5351897038419062,0.03504380475591402,2026-04-09 14:45:00+00:00,2026-04-09 15:05:00+00:00,4751.11,4765.401857142857,14.291857142857225,18.0,True,464474,464475,3,4751.01,0.5578034682080831,1.1181192087402048,1.4378817108643327,-1.6191037853723036,1.0,tp1,2026,2026-04,2026-04-09,0.02099097388123095,0.979009026118769,<=0.03R,2026-04-09 15:00:00+00:00,4.743571428571419,4751.362277257247,4751.01,0.1705202312139131,above,above,16.05999999999949,11,Thursday,london_ny_overlap,-0.053182978489146215,3.3856346935701453,False,True,True,True,True,False,False,False,True,True,False,False,True,False,False,False,True,False,True,True,True,2026-04-09 15:00:00+00:00,4742.62,4743.841782174652,8.33714285714268,-0.1465468681042175,True,False,3,3,2,True,True,False,True,False,2026-04-09 15:05:00+00:00|supply|4751.11
23304,15min,m15_2c_1atr,demand,4724.58,4705.79,2026-04-09 11:00:00+00:00,2026-04-09 10:15:00+00:00,2026-04-09 10:30:00+00:00,2026-04-09 10:45:00+00:00,2,1.1617378605330333,1.3720335889010593,0.8504523682810273,2026-04-09 11:00:00+00:00,2026-04-09 11:25:00+00:00,4726.42,4704.385285714286,22.03471428571447,0.0,True,464430,464431,4,4726.46,0.6527196652719784,3.400089469214137,0.27683590179134343,1.0229313485863112,1.0,tp1,2026,2026-04,2026-04-09,0.013614880415966897,0.9863851195840331,<=0.03R,2026-04-09 11:20:00+00:00,7.316428571428593,4723.089764493221,4726.46,0.7071129707113576,missing,missing,,7,Thursday,asia_late,0.45517228443723257,,True,False,True,True,True,True,False,False,False,True,True,False,False,False,False,False,False,True,False,True,True,2026-04-09 11:15:00+00:00,4721.49,4720.509279555674,13.604999999999889,0.07208529543005757,True,False,5,2,2,True,False,False,False,False,2026-04-09 11:25:00+00:00|demand|4726.42
23317,15min,m15_2c_1atr,supply,4777.18,4760.42,2026-04-10 05:15:00+00:00,2026-04-10 04:30:00+00:00,2026-04-10 04:45:00+00:00,2026-04-10 05:00:00+00:00,2,2.1267067176405607,1.8306936100491764,0.5507159904534816,2026-04-10 06:10:00+00:00,2026-04-10 06:30:00+00:00,4756.04,4778.120428571428,22.080428571428456,0.9166666666666666,True,464647,464648,3,4756.06,0.7192982456140304,1.1403764160892513,1.1856653921055038,1.9469730789386854,1.0,tp1,2026,2026-04,2026-04-10,0.013586692804875752,0.9864133071951242,<=0.03R,2026-04-10 06:25:00+00:00,4.7785714285714675,4756.526791023657,4756.06,0.26608187134524697,missing,missing,,2,Friday,post_close,-0.10186957146785966,,False,True,True,True,True,True,False,False,True,True,True,True,False,False,True,True,False,False,False,True,True,2026-04-10 06:15:00+00:00,4756.06,4756.167530329441,10.408571428571577,-0.010330940242756272,True,True,5,2,1,True,False,False,False,False,2026-04-10 06:30:00+00:00|supply|4756.04
23320,15min,m15_2c_1atr,supply,4769.2,4764.81,2026-04-10 09:30:00+00:00,2026-04-10 08:45:00+00:00,2026-04-10 09:00:00+00:00,2026-04-10 09:15:00+00:00,2,1.5363169479090493,0.6441672780630056,0.2528473804099817,2026-04-10 14:40:00+00:00,2026-04-10 15:25:00+00:00,4760.27,4770.159857142857,9.889857142856272,5.166666666666667,True,464754,464755,8,4760.25,0.9326364692217425,0.041456615002464295,2.2194456080546052,2.711869303326942,-1.0,stop,2026,2026-04,2026-04-10,0.03033410853833198,-1.030334108538332,0.03-0.05R,2026-04-10 15:20:00+00:00,4.880000000000044,4764.5378371592,4760.25,0.036004645760787365,inside,above,18.110000000000582,11,Friday,london_ny_overlap,-0.8745567949178586,3.7110655737705773,False,True,False,True,False,False,False,False,False,True,True,True,True,False,True,False,True,False,True,True,True,2026-04-10 15:15:00+00:00,4762.84,4762.022252647883,8.251428571428603,0.09910373034662462,False,False,7,3,2,True,False,False,False,True,2026-04-10 15:25:00+00:00|supply|4760.27
23323,15min,m15_2c_1atr,demand,4743.93,4730.86,2026-04-10 12:45:00+00:00,2026-04-10 11:45:00+00:00,2026-04-10 12:00:00+00:00,2026-04-10 12:30:00+00:00,3,1.0737528840798098,1.4558039621291108,0.11859219586840922,2026-04-10 13:05:00+00:00,2026-04-10 13:20:00+00:00,4752.2,4729.779142857143,22.42085714285713,0.3333333333333333,True,464729,464730,2,4752.06,0.8388214904680316,1.9138429778395063,4.093955882915143,-1.429918570718569,1.0,tp1,2026,2026-04,2026-04-10,0.013380398353573847,0.9866196016464261,<=0.03R,2026-04-10 13:15:00+00:00,5.244999999999956,4749.232929574943,4752.06,0.960138648180315,missing,inside,,9,Friday,london_ny_overlap,0.5656950286094596,,True,False,True,True,True,True,False,True,True,True,True,True,False,False,False,False,True,False,True,True,True,2026-04-10 13:15:00+00:00,4758.28,4750.719361831384,9.262142857142928,0.8162947047167344,True,False,14,4,2,True,True,False,False,False,2026-04-10 13:20:00+00:00|demand|4752.2
23326,15min,m15_2c_1atr,supply,4792.82,4779.24,2026-04-10 18:00:00+00:00,2026-04-10 17:15:00+00:00,2026-04-10 17:30:00+00:00,2026-04-10 17:45:00+00:00,2,1.2888837128049464,1.1070867058754992,0.7916053019145846,2026-04-10 18:05:00+00:00,2026-04-10 18:30:00+00:00,4776.12,4794.387714285714,18.267714285713737,0.08333333333333333,True,464791,464792,4,4776.19,0.9921026653504514,7.213819853918904,0.1308319126640505,2.2953063171560353,1.0,tp1,2026,2026-04,2026-04-10,0.01642241581556894,0.9835775841844311,<=0.03R,2026-04-10 18:25:00+00:00,7.802142857142826,4780.106077562419,4776.19,0.007897334649548508,above,above,18.110000000000582,14,Friday,ny_main,-0.5108952290933808,2.3211571912479094,False,True,True,True,True,True,False,False,False,True,True,True,False,False,False,False,False,True,True,True,True,2026-04-10 18:15:00+00:00,4776.19,4777.657626347282,13.062857142857085,-0.11235109832648942,True,True,2,2,2,True,False,False,True,False,2026-04-10 18:30:00+00:00|supply|4776.12
23333,15min,m15_2c_1atr,supply,4740.03,4728.3,2026-04-13 11:45:00+00:00,2026-04-13 10:45:00+00:00,2026-04-13 11:00:00+00:00,2026-04-13 11:30:00+00:00,3,1.5575141649429078,1.4769313787210825,0.1244671781756258,2026-04-13 11:45:00+00:00,2026-04-13 11:55:00+00:00,4725.16,4741.087142857143,15.927142857142826,0.0,True,464988,464989,1,4725.21,0.7665198237884563,1.3542918647412168,1.0108529912996929,-3.338326307292145,1.0,tp1,2026,2026-04,2026-04-13,0.018835770024217456,0.9811642299757826,<=0.03R,2026-04-13 11:50:00+00:00,5.5457142857142445,4728.714939831126,4725.21,0.2312775330396895,missing,missing,,7,Monday,asia_late,-0.6410246990695938,,False,True,True,True,True,True,True,True,True,True,True,True,False,False,True,False,True,False,False,True,True,2026-04-13 11:45:00+00:00,4723.44,4727.4358249925,8.257142857142753,-0.4839234419983093,True,False,1,1,1,True,False,False,False,False,2026-04-13 11:55:00+00:00|supply|4725.16
23338,15min,m15_2c_1atr,supply,4744.5,4721.39,2026-04-13 17:30:00+00:00,2026-04-13 16:45:00+00:00,2026-04-13 17:00:00+00:00,2026-04-13 17:15:00+00:00,2,1.2046530193305645,1.844899355648024,0.15837299870185662,2026-04-13 17:40:00+00:00,2026-04-13 17:50:00+00:00,4715.35,4746.454,31.10399999999936,0.16666666666666666,True,465059,465060,1,4715.36,0.7549824150059439,0.4783950617284084,1.0468106995884825,-3.05812757201652,-1.0,stop,2026,2026-04,2026-04-13,0.00964506172839526,-1.0096450617283952,<=0.03R,2026-04-13 17:45:00+00:00,9.805714285714203,4719.948505613065,4715.36,0.052754982414986114,inside,inside,10.529999999999745,13,Monday,ny_main,-0.4689618195141927,1.0738636363636196,False,True,True,True,True,True,True,True,True,True,True,True,False,False,False,False,True,False,True,True,True,2026-04-13 17:45:00+00:00,4719.15,4722.349100564705,13.422142857142912,-0.23834499444346174,True,False,9,4,2,True,True,False,False,True,2026-04-13 17:50:00+00:00|supply|4715.35
23342,15min,m15_2c_1atr,demand,4761.7,4756.72,2026-04-14 03:45:00+00:00,2026-04-14 02:45:00+00:00,2026-04-14 03:00:00+00:00,2026-04-14 03:30:00+00:00,3,1.7325268817204915,0.6693548387096255,0.36947791164664795,2026-04-14 08:25:00+00:00,2026-04-14 09:05:00+00:00,4764.6,4755.757857142858,8.84214285714279,4.666666666666667,True,465230,465231,7,4764.53,0.6540697674418501,3.6009370708457284,1.2949349705146733,5.055335649083143,1.0,tp1,2026,2026-04,2026-04-14,0.03392842717505479,0.9660715728249452,0.03-0.05R,2026-04-14 09:00:00+00:00,4.494285714285785,4763.173571181905,4764.53,0.6540697674418501,missing,missing,,5,Tuesday,asia_late,0.31738721318085666,,True,False,False,True,False,False,False,False,False,True,True,False,True,False,True,False,False,False,False,True,True,2026-04-14 09:00:00+00:00,4765.85,4765.790112893672,6.329285714285626,0.009461905976734667,True,False,2,2,2,True,False,False,False,False,2026-04-14 09:05:00+00:00|demand|4764.6
23346,15min,m15_2c_1atr,demand,4766.79,4759.36,2026-04-14 09:30:00+00:00,2026-04-14 08:45:00+00:00,2026-04-14 09:00:00+00:00,2026-04-14 09:15:00+00:00,2,1.229152542372963,1.1753672316384762,0.15343203230139613,2026-04-14 09:30:00+00:00,2026-04-14 09:40:00+00:00,4767.7,4758.487571428571,9.212428571428973,0.0,True,465237,465238,1,4767.69,0.694767441860193,3.119698543892408,1.5793880937242675,4.638299192085076,1.0,tp1,2026,2026-04,2026-04-14,0.03256470296338655,0.9674352970366135,0.03-0.05R,2026-04-14 09:35:00+00:00,4.626428571428538,4765.900297779865,4767.69,0.9447674418603252,missing,missing,,5,Tuesday,asia_late,0.38900464847759475,,True,False,False,True,False,False,True,True,True,True,True,False,False,False,False,False,True,False,False,True,True,2026-04-14 09:30:00+00:00,4769.82,4767.033031256666,6.2578571428571195,0.4453551239205131,True,False,5,3,2,True,False,False,False,False,2026-04-14 09:40:00+00:00|demand|4767.7
23367,15min,m15_2c_1atr,supply,4829.72,4817.25,2026-04-16 11:15:00+00:00,2026-04-16 10:15:00+00:00,2026-04-16 10:30:00+00:00,2026-04-16 11:00:00+00:00,3,1.9676781569672934,1.5007306799622082,0.2558139534883348,2026-04-16 12:05:00+00:00,2026-04-16 12:30:00+00:00,4812.93,4830.485285714286,17.555285714285674,0.8333333333333334,True,465823,465824,4,4813.17,0.4742063492064176,2.5747231196140015,0.6345667157632305,1.412110312726327,1.0,tp1,2026,2026-04,2026-04-16,0.017088870262924515,0.9829111297370755,<=0.03R,2026-04-16 12:25:00+00:00,3.605000000000018,4814.611488894597,4813.17,0.361111111111056,missing,missing,,8,Thursday,london_ny_overlap,-0.46643242568555693,,False,True,True,True,True,True,False,False,False,True,False,False,False,False,True,False,True,False,True,True,True,2026-04-16 12:15:00+00:00,4813.17,4816.050061334998,8.188571428571388,-0.35171719024744835,True,True,9,4,2,True,True,False,False,False,2026-04-16 12:30:00+00:00|supply|4812.93
23407,15min,m15_2c_1atr,supply,4798.16,4791.91,2026-04-21 15:30:00+00:00,2026-04-21 14:45:00+00:00,2026-04-21 15:00:00+00:00,2026-04-21 15:15:00+00:00,2,1.9928212491027046,0.8973438621679976,0.24160000000003493,2026-04-21 16:40:00+00:00,2026-04-21 17:00:00+00:00,4779.06,4799.849857142857,20.789857142856818,1.1666666666666667,True,466705,466706,3,4779.12,0.8319604612850781,5.317977860082973,0.16883232895158728,2.094290485057992,1.0,tp1,2026,2026-04,2026-04-21,0.014430113585608592,0.9855698864143914,<=0.03R,2026-04-21 16:55:00+00:00,8.204999999999862,4782.224710150395,4779.12,0.14909390444807064,below,below,5.019999999999527,13,Tuesday,ny_main,-0.3857050762212091,0.6118220597196358,False,True,True,True,True,True,False,False,True,True,True,True,True,False,True,False,True,False,True,True,True,2026-04-21 16:45:00+00:00,4779.12,4780.589370359127,12.07571428571425,-0.12167978840520526,True,True,4,4,2,True,True,True,False,False,2026-04-21 17:00:00+00:00|supply|4779.06
23411,15min,m15_2c_1atr,supply,4727.69,4719.72,2026-04-21 20:30:00+00:00,2026-04-21 19:30:00+00:00,2026-04-21 19:45:00+00:00,2026-04-21 20:15:00+00:00,3,1.3355643164940239,0.5115063720546031,0.03387703889591703,2026-04-21 20:40:00+00:00,2026-04-21 20:55:00+00:00,4707.14,4729.293714285714,22.15371428571325,0.16666666666666666,True,466752,466753,2,4707.31,0.8107638888887129,1.744177048673005,1.0147282622714302,-1.5631690267998408,1.0,tp1,2026,2026-04,2026-04-21,0.013541747272305825,0.9864582527276942,<=0.03R,2026-04-21 20:50:00+00:00,7.940714285714356,4709.6300108639525,4707.31,0.06423611111124762,below,below,5.019999999999527,16,Tuesday,ny_main,-0.3135751740157452,0.6321849419806851,False,True,True,True,True,True,False,True,True,True,True,True,True,False,False,False,True,False,True,True,True,2026-04-21 20:45:00+00:00,4711.24,4717.605921319038,16.836428571428574,-0.3781040196281001,True,False,0,0,0,False,False,True,False,False,2026-04-21 20:55:00+00:00|supply|4707.14
23415,15min,m15_2c_1atr,demand,4745.31,4736.02,2026-04-22 04:45:00+00:00,2026-04-22 04:00:00+00:00,2026-04-22 04:15:00+00:00,2026-04-22 04:30:00+00:00,2,1.5494451536874407,1.2772267504664483,0.17976318622175236,2026-04-22 15:45:00+00:00,2026-04-22 16:25:00+00:00,4747.15,4734.780000000001,12.369999999998981,11.0,True,466974,466975,7,4747.25,0.43713278495889063,1.1172190784156635,1.124494745351738,-1.276475343573263,1.0,tp1,2026,2026-04,2026-04-22,0.024252223120454705,0.9757477768795453,<=0.03R,2026-04-22 16:20:00+00:00,6.224285714285803,4745.4356028246175,4747.25,0.8002350176263485,inside,inside,11.80999999999949,12,Wednesday,ny_main,0.2754367736441325,1.8974064723432467,True,False,True,True,True,False,False,False,False,False,False,False,False,False,True,False,True,False,True,True,True,2026-04-22 16:15:00+00:00,4750.13,4748.923493299768,8.23928571428574,0.14643340965107324,True,False,3,3,2,True,False,False,False,True,2026-04-22 16:25:00+00:00|demand|4747.15
23419,15min,m15_2c_1atr,supply,4768.01,4762.39,2026-04-22 11:15:00+00:00,2026-04-22 10:15:00+00:00,2026-04-22 10:30:00+00:00,2026-04-22 11:00:00+00:00,3,1.246459545504521,0.8637611153803662,0.12455516014231881,2026-04-22 12:40:00+00:00,2026-04-22 12:50:00+00:00,4757.92,4768.603857142857,10.68385714285705,1.4166666666666667,True,466931,466932,1,4757.9,0.17857142857149186,6.889833794643483,0.2854774225467188,6.223407811518078,1.0,tp1,2026,2026-04,2026-04-22,0.028079746480003453,0.9719202535199966,<=0.03R,2026-04-22 12:45:00+00:00,2.952857142857153,4758.250001200137,4757.9,0.6006493506491877,missing,missing,,8,Wednesday,london_ny_overlap,-0.11175657479250681,,False,True,True,True,True,False,True,True,True,False,False,False,True,False,False,False,True,False,True,True,True,2026-04-22 12:45:00+00:00,4755.26,4757.973738441271,5.340000000000016,-0.5081907193391061,True,False,4,4,2,True,False,False,False,False,2026-04-22 12:50:00+00:00|supply|4757.92
23421,15min,m15_2c_1atr,supply,4762.49,4755.14,2026-04-22 13:15:00+00:00,2026-04-22 12:30:00+00:00,2026-04-22 12:45:00+00:00,2026-04-22 13:00:00+00:00,2,1.673414959388984,1.2474239301732788,0.27891156462577205,2026-04-22 13:20:00+00:00,2026-04-22 13:25:00+00:00,4750.45,4763.389428571429,12.939428571428834,0.08333333333333333,True,466938,466939,0,4750.64,0.4950980392156535,5.111508567390771,0.8130189012542126,3.9538067479243035,1.0,tp1,2026,2026-04,2026-04-22,0.02318494965553742,0.9768150503444626,<=0.03R,2026-04-22 13:20:00+00:00,4.272857142856992,4752.342277635161,4750.64,0.11111111111116065,missing,inside,,9,Wednesday,london_ny_overlap,-0.4428600282891182,,False,True,True,True,True,False,True,True,True,True,False,False,False,False,True,False,True,False,True,True,True,2026-04-22 13:15:00+00:00,4754.78,4755.642138069411,6.115714285714213,-0.140970952718493,True,False,5,4,2,True,True,False,False,False,2026-04-22 13:25:00+00:00|supply|4750.45
23423,15min,m15_2c_1atr,supply,4759.91,4747.29,2026-04-22 16:00:00+00:00,2026-04-22 15:15:00+00:00,2026-04-22 15:30:00+00:00,2026-04-22 15:45:00+00:00,2,1.2031565778076472,1.70031758252334,0.07369255150557046,2026-04-22 16:00:00+00:00,2026-04-22 16:05:00+00:00,4741.56,4761.081,19.52099999999973,0.0,True,466970,466971,0,4741.62,0.38769670958508845,2.9327391014804975,0.9943138158905857,1.0270990215665416,1.0,tp1,2026,2026-04,2026-04-22,0.015368065160596493,0.9846319348394035,<=0.03R,2026-04-22 16:00:00+00:00,5.162142857142953,4746.459887601965,4741.62,0.17453505007154993,below,below,11.80999999999949,12,Wednesday,ny_main,-0.9491964359694064,2.287809602877955,False,True,True,True,True,True,True,True,True,False,False,False,False,False,False,False,True,False,True,True,True,2026-04-22 16:00:00+00:00,4742.38,4748.578777099701,7.730000000000018,-0.8019116558474945,True,False,6,3,2,True,False,True,False,False,2026-04-22 16:05:00+00:00|supply|4741.56
23424,15min,m15_2c_1atr,demand,4750.89,4739.23,2026-04-22 16:45:00+00:00,2026-04-22 16:00:00+00:00,2026-04-22 16:15:00+00:00,2026-04-22 16:30:00+00:00,2,1.516271186440744,1.3833898305085546,0.16723842195537653,2026-04-22 16:50:00+00:00,2026-04-22 16:55:00+00:00,4755.11,4737.8631428571425,17.246857142857152,0.08333333333333333,True,466980,466981,0,4755.13,0.2334682860998107,0.1368365250812079,1.2680571201378235,-1.2367470677887433,-1.0,stop,2026,2026-04,2026-04-22,0.017394473527267897,-1.017394473527268,<=0.03R,2026-04-22 16:50:00+00:00,6.960000000000101,4751.490648927564,4755.13,0.5721997300944487,inside,inside,11.80999999999949,12,Wednesday,ny_main,0.5200217058097734,1.6968390804596722,True,False,True,True,True,True,True,True,True,False,False,False,False,False,True,False,True,False,True,True,True,2026-04-22 16:45:00+00:00,4752.99,4750.937915699859,8.605000000000084,0.23847580478099129,True,False,6,4,2,True,False,False,False,True,2026-04-22 16:55:00+00:00|demand|4755.11
23426,15min,m15_2c_1atr,supply,4740.22,4734.33,2026-04-22 18:45:00+00:00,2026-04-22 18:00:00+00:00,2026-04-22 18:15:00+00:00,2026-04-22 18:30:00+00:00,2,1.0133684283438091,0.5711712959756432,0.29371816638361076,2026-04-22 19:05:00+00:00,2026-04-22 19:15:00+00:00,4730.25,4741.169285714286,10.919285714286161,0.3333333333333333,True,467008,467009,1,4730.26,0.815270935960568,0.5806240596585229,1.7565251520899658,1.9460979917576229,-1.0,stop,2026,2026-04,2026-04-22,0.027474324589519383,-1.0274743245895195,<=0.03R,2026-04-22 19:10:00+00:00,4.677142857142956,4730.699031544972,4730.26,0.16502463054191055,below,below,11.80999999999949,15,Wednesday,ny_main,-0.0960055227490636,2.5250458155160262,False,True,True,True,True,False,True,True,True,True,True,True,True,False,False,False,True,False,True,True,True,2026-04-22 19:00:00+00:00,4730.26,4734.154273741757,9.892857142857272,-0.3936449991667147,True,True,3,3,2,True,True,True,False,False,2026-04-22 19:15:00+00:00|supply|4730.25
23438,15min,m15_2c_1atr,supply,4741.05,4729.9,2026-04-23 19:00:00+00:00,2026-04-23 18:15:00+00:00,2026-04-23 18:30:00+00:00,2026-04-23 18:45:00+00:00,2,1.2212825464473782,1.0394885796098132,0.24394618834081808,2026-04-23 19:35:00+00:00,2026-04-23 20:05:00+00:00,4725.47,4742.217428571429,16.747428571428827,0.5833333333333334,True,467294,467295,5,4725.41,0.6638655462185535,4.035246349119628,0.8932714617169258,0.16838405896004527,1.0,tp1,2026,2026-04,2026-04-23,0.017913197761703015,0.982086802238297,<=0.03R,2026-04-23 20:00:00+00:00,5.079999999999798,4729.4306054482195,4725.41,0.23277310924366484,above,above,17.399999999999636,16,Thursday,ny_main,-0.7796467417754666,3.4251968503937658,False,True,True,True,True,True,False,False,False,True,True,False,False,False,False,False,True,False,True,True,True,2026-04-23 20:00:00+00:00,4716.12,4725.85018160238,11.159285714285813,-0.8719358793658054,True,False,6,3,2,True,True,False,True,False,2026-04-23 20:05:00+00:00|supply|4725.47
23442,15min,m15_2c_1atr,supply,4716.81,4710.78,2026-04-23 22:15:00+00:00,2026-04-23 21:15:00+00:00,2026-04-23 21:30:00+00:00,2026-04-23 22:00:00+00:00,3,1.249230769230778,0.3658504875406681,0.4825870646765404,2026-04-24 04:15:00+00:00,2026-04-24 04:30:00+00:00,4698.36,4718.065857142858,19.705857142857894,6.0,True,467383,467384,2,4698.26,1.0,2.0537041198772275,1.664479741338634,-0.3674034551003901,1.0,tp1,2026,2026-04,2026-04-24,0.015223900073219129,0.9847760999267808,<=0.03R,2026-04-24 04:25:00+00:00,5.781428571428478,4702.753022405147,4698.26,0.0,missing,missing,,0,Friday,post_close,-0.7598506754640953,,False,True,True,True,True,True,False,True,True,True,True,True,True,False,False,False,False,False,False,True,True,2026-04-24 04:15:00+00:00,4698.26,4701.174015928772,8.193571428571301,-0.35564661322295255,True,True,7,4,2,True,False,False,False,False,2026-04-24 04:30:00+00:00|supply|4698.36
23449,15min,m15_2c_1atr,demand,4670.81,4659.51,2026-04-24 08:00:00+00:00,2026-04-24 07:15:00+00:00,2026-04-24 07:30:00+00:00,2026-04-24 07:45:00+00:00,2,1.534503271862043,1.1763831052944744,0.9318584070796084,2026-04-24 08:05:00+00:00,2026-04-24 08:15:00+00:00,4673.64,4658.644142857143,14.995857142856948,0.08333333333333333,True,467428,467429,1,4673.47,0.6438679245284465,4.453896790542205,0.45946023187359286,2.580712768288406,1.0,tp1,2026,2026-04,2026-04-24,0.02000552533556913,0.9799944746644309,<=0.03R,2026-04-24 08:10:00+00:00,4.421428571428611,4671.845489868377,4673.47,0.8844339622641965,missing,missing,,4,Friday,asia_late,0.40586658873554643,,True,False,True,True,True,False,True,True,True,True,True,False,False,False,True,False,False,True,False,True,True,2026-04-24 08:00:00+00:00,4673.47,4672.744444304386,9.270714285714348,0.07826319237691493,True,True,0,0,0,False,False,False,False,False,2026-04-24 08:15:00+00:00|demand|4673.64
23452,15min,m15_2c_1atr,demand,4676.39,4666.75,2026-04-24 10:30:00+00:00,2026-04-24 09:45:00+00:00,2026-04-24 10:00:00+00:00,2026-04-24 10:15:00+00:00,2,1.4569086844937051,1.1173110356817915,0.17323651452282324,2026-04-24 13:30:00+00:00,2026-04-24 14:05:00+00:00,4689.64,4665.698,23.942000000000007,3.0,True,467498,467499,6,4689.52,0.8850837138508847,2.1213766602622983,0.7263386517417226,0.687912455099797,1.0,tp1,2026,2026-04,2026-04-24,0.012530281513658002,0.987469718486342,<=0.03R,2026-04-24 14:00:00+00:00,4.4207142857142445,4681.453927045775,4689.52,0.8881278538813234,above,above,5.960000000000036,10,Friday,london_ny_overlap,1.8517534554718182,1.3481984165455048,True,False,True,True,True,True,False,False,False,True,True,True,False,False,False,False,True,False,True,True,True,2026-04-24 14:00:00+00:00,4697.24,4685.498098012814,8.772142857142756,1.3385443190343154,True,False,10,4,2,True,True,True,False,False,2026-04-24 14:05:00+00:00|demand|4689.64
23462,15min,m15_2c_1atr,supply,4711.88,4705.43,2026-04-27 12:15:00+00:00,2026-04-27 11:30:00+00:00,2026-04-27 11:45:00+00:00,2026-04-27 12:00:00+00:00,2,1.175252588249878,1.1263564924534906,0.1767441860465674,2026-04-27 12:15:00+00:00,2026-04-27 12:30:00+00:00,4702.47,4712.600571428571,10.130571428570875,0.0,True,467755,467756,2,4702.49,0.6852589641435923,0.2911977888710248,1.0029049270948314,8.87215500465402,-1.0,stop,2026,2026-04,2026-04-27,0.029613334461461978,-1.029613334461462,<=0.03R,2026-04-27 12:25:00+00:00,3.4971428571428596,4705.732633962253,4702.49,0.1713147410358075,missing,missing,,8,Monday,london_ny_overlap,-0.9329427179644862,,False,True,True,True,True,False,False,True,True,True,True,False,False,False,False,False,True,False,True,True,True,2026-04-27 12:15:00+00:00,4702.49,4708.435862570303,5.73071428571432,-1.0375430136387687,True,True,4,4,2,True,True,False,False,False,2026-04-27 12:30:00+00:00|supply|4702.47
23464,15min,m15_2c_1atr,demand,4708.55,4700.16,2026-04-27 15:15:00+00:00,2026-04-27 14:30:00+00:00,2026-04-27 14:45:00+00:00,2026-04-27 15:00:00+00:00,2,1.0486954430685271,1.4122880846460062,0.31346841477950016,2026-04-27 15:15:00+00:00,2026-04-27 15:20:00+00:00,4710.95,4699.37,11.579999999999927,0.0,True,467789,467790,0,4710.94,0.4604966139955414,0.14507772020727994,1.2003454231433268,-11.633851468048455,-1.0,stop,2026,2026-04,2026-04-27,0.025906735751295498,-1.0259067357512954,<=0.03R,2026-04-27 15:15:00+00:00,3.8457142857142963,4706.80969232449,4710.94,0.8013544018058167,above,above,7.359999999999673,11,Monday,london_ny_overlap,1.0766030359794556,1.9138187221395826,True,False,True,True,True,False,True,True,True,True,False,False,False,False,False,False,True,False,True,True,True,2026-04-27 15:15:00+00:00,4707.07,4706.257525702414,6.059999999999816,0.13407166626832914,True,False,3,2,1,True,True,True,False,False,2026-04-27 15:20:00+00:00|demand|4710.95
23470,15min,m15_2c_1atr,supply,4701.33,4691.84,2026-04-28 03:45:00+00:00,2026-04-28 03:00:00+00:00,2026-04-28 03:15:00+00:00,2026-04-28 03:30:00+00:00,2,1.0165823005759496,2.319078373188913,0.6448893572181277,2026-04-28 03:45:00+00:00,2026-04-28 04:00:00+00:00,4690.63,4702.025428571428,11.395428571428056,0.0,True,467929,467930,2,4690.68,0.7993630573245373,11.918814562230983,0.07195868017247796,8.615735633337092,1.0,tp1,2026,2026-04,2026-04-28,0.026326346404574454,0.9736736535954256,<=0.03R,2026-04-28 03:55:00+00:00,3.087857142857177,4693.289367328896,4690.68,0.05732484076441792,below,below,7.359999999999673,0,Tuesday,post_close,-0.861233925619864,2.383529956048908,False,True,True,True,True,False,False,True,True,True,True,True,False,True,False,False,False,False,False,True,True,2026-04-28 03:45:00+00:00,4690.68,4692.155007110684,4.238571428571504,-0.34799628496075685,True,True,4,4,2,True,False,True,False,False,2026-04-28 04:00:00+00:00|supply|4690.63
23478,15min,m15_2c_1atr,supply,4604.21,4594.17,2026-04-28 15:00:00+00:00,2026-04-28 14:15:00+00:00,2026-04-28 14:30:00+00:00,2026-04-28 14:45:00+00:00,2,3.2145226917058154,0.8798748043818434,0.09760956175294493,2026-04-28 15:20:00+00:00,2026-04-28 16:05:00+00:00,4584.1,4606.335714285714,22.235714285713584,0.3333333333333333,True,468074,468075,8,4584.31,0.9332023575639073,1.2025698682943189,1.0321233536781484,2.602569868294368,1.0,tp1,2026,2026-04,2026-04-28,0.013491808544812503,0.9865081914551875,<=0.03R,2026-04-28 16:00:00+00:00,10.136428571428562,4587.572382311317,4584.31,0.0,below,below,12.159999999999854,12,Tuesday,ny_main,-0.34256467027290943,1.199633570572885,False,True,True,True,True,True,False,False,False,True,True,True,True,False,True,True,True,False,True,True,True,2026-04-28 16:00:00+00:00,4576.29,4585.909556919974,15.806428571428569,-0.6085851004547987,True,False,0,0,0,False,False,True,False,False,2026-04-28 16:05:00+00:00|supply|4584.1
23480,15min,m15_2c_1atr,supply,4605.01,4599.56,2026-04-29 04:15:00+00:00,2026-04-29 03:30:00+00:00,2026-04-29 03:45:00+00:00,2026-04-29 04:00:00+00:00,2,2.9136215896779762,0.7515020191076365,0.6293577981650451,2026-04-29 05:05:00+00:00,2026-04-29 05:40:00+00:00,4596.04,4606.130571428572,10.09057142857182,0.8333333333333334,True,468225,468226,6,4596.11,0.9228791773780676,0.3765891780162562,1.1535521137129303,3.7173315966813623,-1.0,stop,2026,2026-04,2026-04-29,0.02973072458022933,-1.0297307245802294,<=0.03R,2026-04-29 05:35:00+00:00,5.920714285714309,4596.703123851996,4596.11,0.07712082262193247,missing,missing,,1,Wednesday,post_close,-0.11200065059646817,,False,True,True,True,True,False,False,False,False,True,True,True,True,False,True,True,False,False,False,True,True,2026-04-29 05:30:00+00:00,4596.92,4594.718335143931,9.882142857142949,0.22279225142732426,False,False,6,4,2,True,False,False,False,False,2026-04-29 05:40:00+00:00|supply|4596.04
23488,15min,m15_2c_1atr,demand,4539.55,4513.55,2026-04-29 17:15:00+00:00,2026-04-29 16:30:00+00:00,2026-04-29 16:45:00+00:00,2026-04-29 17:00:00+00:00,2,1.0587303682195253,2.4020060710043416,0.8880769230769286,2026-04-29 17:15:00+00:00,2026-04-29 17:35:00+00:00,4539.56,4511.950285714286,27.60971428571429,0.0,True,468367,468368,3,4539.61,0.5864592863677661,3.887037688598205,0.7682078771446915,2.746134900759556,1.0,tp1,2026,2026-04,2026-04-29,0.010865740836558559,0.9891342591634414,<=0.03R,2026-04-29 17:30:00+00:00,8.308571428571408,4532.288218104738,4539.61,0.792314730100606,below,below,18.279999999999745,13,Wednesday,ny_main,0.8752144646980206,2.200137551581818,True,False,True,True,True,True,False,False,True,True,False,False,False,True,False,False,False,True,True,True,True,2026-04-29 17:30:00+00:00,4538.87,4535.91551264466,11.667142857142867,0.2532314373377843,True,False,1,1,1,True,False,False,True,False,2026-04-29 17:35:00+00:00|demand|4539.56
23489,15min,m15_2c_1atr,demand,4546.9,4536.36,2026-04-29 18:45:00+00:00,2026-04-29 18:00:00+00:00,2026-04-29 18:15:00+00:00,2026-04-29 18:30:00+00:00,2,1.181940248405506,0.8255566744992624,0.1328273244781443,2026-04-29 18:50:00+00:00,2026-04-29 19:00:00+00:00,4547.73,4534.886428571428,12.843571428571522,0.08333333333333333,True,468384,468385,1,4547.65,0.13872832369928217,1.3352983705022294,1.2465380123463028,5.413603247872766,1.0,tp1,2026,2026-04,2026-04-29,0.02335798898837645,0.9766420110116235,<=0.03R,2026-04-29 18:55:00+00:00,6.6564285714286076,4547.563919259179,4547.65,0.832369942196394,below,below,18.279999999999745,15,Wednesday,ny_main,0.024950427851589622,2.746217405300945,True,False,True,True,True,False,True,True,True,False,False,False,True,False,False,False,True,False,True,True,True,2026-04-29 18:45:00+00:00,4547.65,4543.058521584088,13.271428571428649,0.34596715728072003,True,True,4,4,2,True,False,False,True,False,2026-04-29 19:00:00+00:00|demand|4547.73
23501,15min,m15_2c_1atr,supply,4644.17,4634.77,2026-04-30 16:45:00+00:00,2026-04-30 16:00:00+00:00,2026-04-30 16:15:00+00:00,2026-04-30 16:30:00+00:00,2,1.3784125379170993,0.8316481294236389,0.15851063829785525,2026-05-01 05:15:00+00:00,2026-05-01 05:45:00+00:00,4624.36,4644.969857142857,20.609857142857436,12.5,True,468777,468778,5,4624.37,0.8605664488018465,3.1062806285479923,1.736547699089868,0.6860794765333822,1.0,tp1,2026,2026-05,2026-05-01,0.014556141652052554,0.9854438583479475,<=0.03R,2026-05-01 05:40:00+00:00,3.792857142857104,4627.1916250233735,4624.37,0.07625272331144065,missing,missing,,1,Friday,post_close,-0.7465678027727655,,False,True,True,True,True,True,False,False,False,True,True,True,True,False,False,False,True,False,False,True,True,2026-05-01 05:30:00+00:00,4624.37,4624.617110062984,6.634999999999958,-0.03724341567199203,True,True,2,2,2,True,False,False,False,False,2026-05-01 05:45:00+00:00|supply|4624.36
23504,15min,m15_2c_1atr,demand,4617.82,4605.46,2026-04-30 20:30:00+00:00,2026-04-30 19:45:00+00:00,2026-04-30 20:00:00+00:00,2026-04-30 20:15:00+00:00,2,1.0891341893820683,1.2993917548997347,0.11245954692559582,2026-04-30 20:30:00+00:00,2026-04-30 20:45:00+00:00,4617.92,4604.403857142857,13.516142857142768,0.0,True,468681,468682,2,4617.99,0.2351190476190597,1.3435785779966793,1.102385507276993,0.45057233149779946,1.0,tp1,2026,2026-04,2026-04-30,0.02219568135457087,0.9778043186454292,<=0.03R,2026-04-30 20:40:00+00:00,5.233571428571395,4617.156872872249,4617.99,0.8839285714284627,below,below,20.280000000000655,16,Thursday,ny_main,0.14581383633847564,3.874982939811806,True,False,True,True,True,False,False,True,True,False,False,False,False,False,False,False,True,False,True,True,True,2026-04-30 20:30:00+00:00,4617.99,4615.285667441221,8.842857142857026,0.30582112942566364,True,True,1,1,1,True,False,False,True,False,2026-04-30 20:45:00+00:00|demand|4617.92
23525,15min,m15_2c_1atr,supply,4613.74,4601.01,2026-05-04 05:30:00+00:00,2026-05-04 04:45:00+00:00,2026-05-04 05:00:00+00:00,2026-05-04 05:15:00+00:00,2,1.9260899653978583,1.2333564013840483,0.9057344854674109,2026-05-04 05:35:00+00:00,2026-05-04 05:40:00+00:00,4600.67,4614.820571428571,14.150571428571311,0.08333333333333333,True,469052,469053,0,4600.63,0.7965571205007644,0.14911058614490916,1.1603771680093835,4.557413128192725,-1.0,stop,2026,2026-05,2026-05-04,0.02120055727179132,-1.0212005572717913,<=0.03R,2026-05-04 05:35:00+00:00,5.579999999999992,4600.753978495117,4600.63,0.8356807511736889,missing,missing,,1,Monday,post_close,-0.01504990951913139,,False,True,True,True,True,False,True,True,True,True,True,True,False,False,True,False,False,True,False,True,True,2026-05-04 05:30:00+00:00,4603.77,4604.042676851794,10.54428571428564,-0.025860153943267353,True,False,2,2,2,True,False,False,False,False,2026-05-04 05:40:00+00:00|supply|4600.67
23540,15min,m15_2c_1atr,demand,4527.17,4513.71,2026-05-05 04:00:00+00:00,2026-05-05 03:15:00+00:00,2026-05-05 03:30:00+00:00,2026-05-05 03:45:00+00:00,2,2.315099571464453,2.3750945298713324,0.7384843982169074,2026-05-05 04:00:00+00:00,2026-05-05 04:05:00+00:00,4534.35,4512.774857142857,21.575142857142964,0.0,True,469309,469310,0,4534.24,0.4994400895856541,4.6006647861957,0.2915392051699676,4.571928012395167,1.0,tp1,2026,2026-05,2026-05-05,0.013904890548647183,0.9860951094513528,<=0.03R,2026-05-05 04:00:00+00:00,4.647142857142886,4527.275989867825,4534.24,0.9854423292273119,missing,missing,,0,Tuesday,post_close,1.5222278181748206,,True,False,True,True,True,True,True,True,True,True,False,False,False,True,True,True,False,True,False,True,True,2026-05-05 04:00:00+00:00,4538.76,4526.612527725735,6.3678571428573765,1.9076232399293835,True,False,3,1,1,True,False,False,False,False,2026-05-05 04:05:00+00:00|demand|4534.35
23542,15min,m15_2c_1atr,demand,4534.04,4529.52,2026-05-05 08:15:00+00:00,2026-05-05 07:15:00+00:00,2026-05-05 07:30:00+00:00,2026-05-05 08:00:00+00:00,3,1.8609230769229514,0.7788307692306877,0.761061946902646,2026-05-05 09:20:00+00:00,2026-05-05 09:35:00+00:00,4542.93,4528.461571428572,14.468428571428376,1.0833333333333333,True,469375,469376,2,4542.92,0.7588832487311016,8.803305719843317,0.20596569871349038,8.436299726498168,1.0,tp1,2026,2026-05,2026-05-05,0.020734801883905137,0.9792651981160949,<=0.03R,2026-05-05 09:30:00+00:00,4.962857142856982,4540.9356741962765,4542.92,0.8337563451777127,missing,missing,,5,Tuesday,asia_late,0.40185033465937914,,True,False,True,True,True,False,False,True,True,True,True,True,True,False,True,False,False,True,False,True,True,2026-05-05 09:30:00+00:00,4546.33,4541.460728559884,7.3171428571427635,0.6654607590943304,True,False,3,3,2,True,False,False,False,False,2026-05-05 09:35:00+00:00|demand|4542.93
23545,15min,m15_2c_1atr,supply,4557.42,4552.86,2026-05-05 13:30:00+00:00,2026-05-05 12:45:00+00:00,2026-05-05 13:00:00+00:00,2026-05-05 13:15:00+00:00,2,1.150475812847067,0.6328310864393887,0.1666666666666999,2026-05-05 13:30:00+00:00,2026-05-05 13:40:00+00:00,4550.87,4558.196142857143,7.326142857143168,0.0,True,469424,469425,1,4550.91,0.8306709265176592,1.4905524247800883,1.0960747226175502,-20.306729325506677,1.0,tp1,2026,2026-05,2026-05-05,0.04094924243901314,0.9590507575609869,0.03-0.05R,2026-05-05 13:35:00+00:00,3.922857142857213,4552.2324986100875,4550.91,0.0,inside,inside,9.920000000000073,9,Tuesday,london_ny_overlap,-0.3473230251497931,2.5287691187181087,False,True,False,True,False,False,True,True,True,True,True,True,True,False,False,False,True,False,True,True,True,2026-05-05 13:30:00+00:00,4545.1,4550.803265720464,7.378571428571441,-0.7729498556291416,True,False,2,2,1,True,True,False,False,True,2026-05-05 13:40:00+00:00|supply|4550.87
23547,15min,m15_2c_1atr,demand,4564.99,4559.22,2026-05-05 15:30:00+00:00,2026-05-05 14:45:00+00:00,2026-05-05 15:00:00+00:00,2026-05-05 15:15:00+00:00,2,1.367975830815692,0.6972809667673232,0.10398613518204732,2026-05-05 15:45:00+00:00,2026-05-05 16:05:00+00:00,4574.25,4557.938714285715,16.311285714285077,0.25,True,469453,469454,3,4574.34,0.9030797101449536,0.7546921938360484,1.10659578381319,8.201683321802037,-1.0,stop,2026,2026-05,2026-05-05,0.018392173692185796,-1.0183921736921857,<=0.03R,2026-05-05 16:00:00+00:00,6.194999999999969,4567.441489855201,4574.34,0.9039855072464227,above,above,9.920000000000073,12,Tuesday,ny_main,1.0990331145760628,1.601291364003248,True,False,True,True,True,True,False,False,True,True,True,True,True,False,False,False,True,False,True,True,True,2026-05-05 16:00:00+00:00,4578.8,4566.696883320088,9.139285714285636,1.3242956898692515,True,False,1,1,1,True,True,True,False,False,2026-05-05 16:05:00+00:00|demand|4574.25
23557,15min,m15_2c_1atr,demand,4670.3,4658.51,2026-05-06 10:45:00+00:00,2026-05-06 10:00:00+00:00,2026-05-06 10:15:00+00:00,2026-05-06 10:30:00+00:00,2,1.3483295842706484,1.375156210947262,0.9058524173028265,2026-05-06 15:15:00+00:00,2026-05-06 16:00:00+00:00,4683.34,4656.742285714286,26.597714285714574,4.5,True,469728,469729,8,4683.35,0.8834080717489259,2.816407424912953,0.5440317105658955,2.35320972801098,1.0,tp1,2026,2026-05,2026-05-06,0.01127916469728858,0.9887208353027114,<=0.03R,2026-05-06 15:55:00+00:00,8.069285714285668,4682.047009331114,4683.35,0.9626307922272076,below,below,10.079999999999927,12,Wednesday,ny_main,0.16023607474908194,1.2491811985482852,True,False,True,True,True,True,False,False,False,True,True,True,False,False,False,False,False,True,True,True,True,2026-05-06 15:45:00+00:00,4683.35,4688.890541428198,12.75,-0.43455226887824977,False,True,1,1,1,True,False,False,True,False,2026-05-06 16:00:00+00:00|demand|4683.34
23560,15min,m15_2c_1atr,supply,4722.95,4707.63,2026-05-06 14:30:00+00:00,2026-05-06 13:45:00+00:00,2026-05-06 14:00:00+00:00,2026-05-06 14:15:00+00:00,2,1.071171283070483,1.3320084461557358,0.2578328981723168,2026-05-06 14:30:00+00:00,2026-05-06 14:45:00+00:00,4699.67,4724.530714285714,24.860714285713584,0.0,True,469713,469714,2,4699.64,0.8180428134556481,1.5779916678638761,1.372848728630987,-2.1069386582388225,1.0,tp1,2026,2026-05,2026-05-06,0.01206723171958086,0.9879327682804191,<=0.03R,2026-05-06 14:40:00+00:00,7.7128571428571115,4708.7955505617165,4699.64,0.0879204892966783,inside,inside,10.079999999999927,10,Wednesday,london_ny_overlap,-1.1831608433416396,1.3069086867938466,False,True,True,True,True,True,False,True,True,True,True,True,False,False,False,False,True,False,True,True,True,2026-05-06 14:30:00+00:00,4699.64,4704.364499362982,12.210714285714273,-0.3869142502588353,True,True,1,1,1,True,True,False,False,True,2026-05-06 14:45:00+00:00|supply|4699.67
23561,15min,m15_2c_1atr,demand,4685.42,4678.26,2026-05-06 17:00:00+00:00,2026-05-06 15:30:00+00:00,2026-05-06 15:45:00+00:00,2026-05-06 16:45:00+00:00,5,1.2921540656205257,0.4766524013314192,0.08519553072621298,2026-05-06 19:00:00+00:00,2026-05-06 19:30:00+00:00,4688.23,4677.401428571428,10.828571428571195,2.0,True,469770,469771,5,4688.07,0.8874296435271347,7.073878627968524,0.8542216358839234,1.0343007915568179,1.0,tp1,2026,2026-05,2026-05-06,0.027704485488127248,0.9722955145118728,<=0.03R,2026-05-06 19:25:00+00:00,4.291428571428436,4687.0149167752415,4688.07,0.9005628517822397,below,below,10.079999999999927,15,Wednesday,ny_main,0.28314189658143796,2.348868175765703,True,False,True,True,True,False,False,False,False,True,True,True,True,False,False,False,True,False,True,True,True,2026-05-06 19:15:00+00:00,4688.07,4692.071354040723,12.096428571428598,-0.3307880517870047,False,True,3,3,2,True,False,False,True,False,2026-05-06 19:30:00+00:00|demand|4688.23
23569,15min,m15_2c_1atr,demand,4693.39,4686.08,2026-05-07 04:15:00+00:00,2026-05-07 03:30:00+00:00,2026-05-07 03:45:00+00:00,2026-05-07 04:00:00+00:00,2,2.69802158273381,0.9203237410072311,0.5649794801640182,2026-05-07 07:35:00+00:00,2026-05-07 07:45:00+00:00,4698.14,4685.425142857142,12.714857142857909,3.3333333333333335,True,469905,469906,1,4697.98,0.6242424242422355,5.245045166509023,1.6217248662980377,2.4089928542536048,1.0,tp1,2026,2026-05,2026-05-07,0.023594445193473028,0.976405554806527,<=0.03R,2026-05-07 07:40:00+00:00,3.12500000000013,4697.432167635885,4697.98,0.6242424242422355,missing,missing,,3,Thursday,asia_late,0.22650635651690176,,True,False,True,True,True,False,True,True,True,True,True,False,True,False,True,True,False,False,False,True,True,2026-05-07 07:30:00+00:00,4697.98,4700.2226890716,7.284999999999984,-0.3078502500481242,False,True,5,2,2,True,False,False,False,False,2026-05-07 07:45:00+00:00|demand|4698.14
23573,15min,m15_2c_1atr,demand,4706.56,4700.8,2026-05-07 09:30:00+00:00,2026-05-07 08:45:00+00:00,2026-05-07 09:00:00+00:00,2026-05-07 09:15:00+00:00,2,2.683292354525161,0.944151738672304,0.4340277777777613,2026-05-07 19:15:00+00:00,2026-05-07 19:55:00+00:00,4717.27,4699.358285714286,17.91171428571488,9.75,True,470051,470052,7,4717.28,0.45331325301192177,0.12784929256192448,1.644733693831598,0.2026606689954982,-1.0,stop,2026,2026-05,2026-05-07,0.016748815619466353,-1.0167488156194664,<=0.03R,2026-05-07 19:50:00+00:00,7.186428571428548,4716.8060645100095,4717.28,0.9909638554216269,below,below,9.649999999999636,15,Thursday,ny_main,0.06455716986257082,1.3428088659178545,True,False,True,True,True,True,False,False,False,True,False,False,True,False,True,True,False,False,True,True,True,2026-05-07 19:45:00+00:00,4715.09,4725.487816865334,13.140714285714239,-0.7912672507184586,False,False,4,4,2,True,False,False,True,False,2026-05-07 19:55:00+00:00|demand|4717.27
23574,15min,m15_2c_1atr,supply,4744.55,4737.17,2026-05-07 12:00:00+00:00,2026-05-07 10:45:00+00:00,2026-05-07 11:00:00+00:00,2026-05-07 11:45:00+00:00,4,1.0332360067092419,0.6418587314406424,0.02574525745264316,2026-05-07 12:15:00+00:00,2026-05-07 12:50:00+00:00,4736.09,4745.457857142857,9.367857142857247,0.25,True,469966,469967,6,4735.8,0.5333333333333333,1.084559664506263,1.0482653450247381,1.5937476172321903,1.0,tp1,2026,2026-05,2026-05-07,0.03202439954250822,0.9679756004574918,0.03-0.05R,2026-05-07 12:45:00+00:00,4.542857142857234,4735.8377258746505,4735.8,0.12533333333340124,missing,missing,,8,Thursday,london_ny_overlap,0.055532040171313427,,False,True,False,True,False,False,False,False,False,True,False,False,True,False,False,False,True,False,True,True,False,2026-05-07 12:45:00+00:00,4729.13,4734.363825484291,11.81857142857156,-0.4428475569930451,True,False,0,0,0,False,False,False,False,False,2026-05-07 12:50:00+00:00|supply|4736.09
23616,15min,m15_2c_1atr,demand,4698.13,4687.28,2026-05-12 14:45:00+00:00,2026-05-12 14:00:00+00:00,2026-05-12 14:15:00+00:00,2026-05-12 14:30:00+00:00,2,1.5664858133949375,1.3510628835719984,0.245161290322559,2026-05-12 15:20:00+00:00,2026-05-12 15:40:00+00:00,4701.69,4686.023714285714,15.66628571428555,0.5833333333333334,True,470827,470828,3,4701.71,0.7281964436917927,0.6306536329150997,1.4310986285380416,-1.4636526116136321,-1.0,stop,2026,2026-05,2026-05-12,0.019149401809162733,-1.0191494018091627,<=0.03R,2026-05-12 15:35:00+00:00,6.054999999999966,4699.898870040799,4701.71,0.9178662150719541,inside,inside,9.610000000000582,11,Tuesday,london_ny_overlap,0.2958100675806109,1.587118084228016,True,False,True,True,True,True,False,False,True,True,True,True,False,False,True,False,True,False,True,True,True,2026-05-12 15:30:00+00:00,4702.85,4701.172322891587,9.598571428571631,0.1747840416563863,True,False,3,3,2,True,True,False,False,True,2026-05-12 15:40:00+00:00|demand|4701.69
23618,15min,m15_2c_1atr,supply,4687.97,4671.73,2026-05-12 18:15:00+00:00,2026-05-12 17:30:00+00:00,2026-05-12 17:45:00+00:00,2026-05-12 18:00:00+00:00,2,1.387463855983589,1.060348848055268,0.1564039408866906,2026-05-12 19:10:00+00:00,2026-05-12 19:25:00+00:00,4667.52,4689.506285714286,21.98628571428526,0.9166666666666666,True,470872,470873,2,4667.49,0.6531604538088505,0.10597515334238353,1.040648716082738,-1.4054215614928913,-1.0,stop,2026,2026-05,2026-05-12,0.013644869529057357,-1.0136448695290574,<=0.03R,2026-05-12 19:20:00+00:00,7.935714285714247,4668.748305710493,4667.49,0.10210696920585118,below,below,9.610000000000582,15,Tuesday,ny_main,-0.15478199772180903,1.2109810981098903,False,True,True,True,True,True,False,True,True,True,True,False,False,False,False,False,True,False,True,True,True,2026-05-12 19:15:00+00:00,4668.33,4671.109210667717,15.713571428571347,-0.1768669000774532,True,False,2,2,2,True,True,True,False,False,2026-05-12 19:25:00+00:00|supply|4667.52
23619,15min,m15_2c_1atr,demand,4666.11,4638.45,2026-05-12 19:15:00+00:00,2026-05-12 18:15:00+00:00,2026-05-12 18:30:00+00:00,2026-05-12 19:00:00+00:00,3,1.0063011972274347,1.7429111531190882,0.31091829356472916,2026-05-12 19:30:00+00:00,2026-05-12 19:40:00+00:00,4670.46,4637.516285714286,32.94371428571412,0.25,True,470875,470876,1,4670.51,0.6487341772152773,1.7120109624207498,0.10927729547367662,0.6298621891884891,1.0,tp1,2026,2026-05,2026-05-12,0.009106441289472132,0.9908935587105279,<=0.03R,2026-05-12 19:35:00+00:00,5.169285714285642,4669.019902412481,4670.51,0.9367088607595483,below,below,9.610000000000582,15,Tuesday,ny_main,0.2785873459342598,1.8590576205611447,True,False,True,True,True,True,True,True,True,True,True,False,False,False,False,False,True,False,True,True,True,2026-05-12 19:30:00+00:00,4669.89,4670.83827496378,14.653571428571338,-0.06471289053336776,False,False,0,0,0,False,False,False,True,False,2026-05-12 19:40:00+00:00|demand|4670.46
23620,15min,m15_2c_1atr,demand,4675.19,4666.34,2026-05-12 20:45:00+00:00,2026-05-12 19:15:00+00:00,2026-05-12 19:30:00+00:00,2026-05-12 20:30:00+00:00,5,1.017800091282487,0.8078502966681388,0.41129943502831096,2026-05-13 16:35:00+00:00,2026-05-13 16:55:00+00:00,4682.8,4664.873714285714,17.92628571428577,19.833333333333332,True,471118,471119,3,4682.83,0.7976377952755535,2.0093398361543775,0.9109527907940387,-0.18576073443625818,1.0,tp1,2026,2026-05,2026-05-13,0.016735201300564165,0.9832647986994358,<=0.03R,2026-05-13 16:50:00+00:00,7.387142857142992,4681.494260342209,4682.83,0.9984251968503595,below,below,11.789999999999964,12,Wednesday,ny_main,0.17675841432102637,1.596016244440113,True,False,True,True,True,True,False,False,True,True,True,True,True,False,False,False,False,False,True,True,True,2026-05-13 16:45:00+00:00,4679.37,4685.6424335652955,8.644285714285681,-0.7256161784344648,False,False,1,1,1,True,False,False,True,False,2026-05-13 16:55:00+00:00|demand|4682.8
23621,15min,m15_2c_1atr,demand,4680.59,4677.83,2026-05-12 21:45:00+00:00,2026-05-12 20:45:00+00:00,2026-05-12 21:00:00+00:00,2026-05-12 21:30:00+00:00,3,1.7927096370462938,0.30225281602004855,0.33695652173920926,2026-05-13 15:30:00+00:00,2026-05-13 16:05:00+00:00,4687.96,4676.570142857143,11.389857142857181,17.75,True,471108,471109,6,4688.01,0.635311143270683,0.5891206461889663,1.304669568162116,-0.19930012918766074,-1.0,stop,2026,2026-05,2026-05-13,0.02633922412171221,-1.0263392241217122,<=0.03R,2026-05-13 16:00:00+00:00,6.272142857142886,4685.198683760025,4688.01,0.6382054992764034,below,below,11.789999999999964,12,Wednesday,ny_main,0.4402508525184725,1.8797403484796575,True,False,True,True,True,False,False,False,False,True,True,False,True,False,True,False,True,False,True,True,True,2026-05-13 16:00:00+00:00,4689.94,4690.242431688339,7.71714285714279,-0.0391895930835838,False,False,3,3,2,True,False,False,True,False,2026-05-13 16:05:00+00:00|demand|4687.96
23630,15min,m15_2c_1atr,demand,4695.28,4686.08,2026-05-13 13:00:00+00:00,2026-05-13 12:15:00+00:00,2026-05-13 12:30:00+00:00,2026-05-13 12:45:00+00:00,2,1.6370078740158012,1.2677165354330753,0.6152173913044431,2026-05-13 13:40:00+00:00,2026-05-13 14:15:00+00:00,4699.11,4685.289,13.820999999999913,0.6666666666666666,True,471086,471087,6,4699.12,0.9677419354839005,0.4724694305767091,1.0180160625135517,0.1794370884885673,-1.0,stop,2026,2026-05,2026-05-13,0.02170609941393545,-1.0217060994139355,<=0.03R,2026-05-13 14:10:00+00:00,4.4585714285714335,4696.217054781503,4699.12,0.9677419354839005,inside,inside,11.789999999999964,10,Wednesday,london_ny_overlap,0.6488502572725481,2.644344761294446,True,False,True,True,True,False,False,False,False,True,True,True,False,False,True,False,False,False,True,True,True,2026-05-13 14:00:00+00:00,4699.12,4697.647842791011,6.962857142856982,0.21143004642850532,True,True,7,3,2,True,False,False,False,True,2026-05-13 14:15:00+00:00|demand|4699.11
23643,15min,m15_2c_1atr,demand,4677.91,4674.02,2026-05-14 07:30:00+00:00,2026-05-14 06:45:00+00:00,2026-05-14 07:00:00+00:00,2026-05-14 07:15:00+00:00,2,2.2646453963217543,0.3199952993712455,0.3573264781492379,2026-05-14 16:40:00+00:00,2026-05-14 16:50:00+00:00,4689.44,4672.321714285715,17.118285714284866,9.166666666666666,True,471393,471394,1,4689.4,0.8449089683074718,0.6677070467670828,1.1128450779450672,-7.736756016957999,-1.0,stop,2026,2026-05,2026-05-14,0.017525119337718262,-1.0175251193377182,<=0.03R,2026-05-14 16:45:00+00:00,8.41642857142863,4688.461526796806,4689.4,0.9082939986513426,below,below,11.399999999999636,12,Thursday,ny_main,0.11625753071981244,1.3544937621997266,True,False,True,True,True,True,True,True,True,True,True,True,True,False,True,True,False,False,True,True,True,2026-05-14 16:45:00+00:00,4679.59,4690.289981288415,10.843571428571392,-0.9867580399039032,False,False,6,4,2,True,False,False,True,False,2026-05-14 16:50:00+00:00|demand|4689.44
23659,15min,m15_2c_1atr,supply,4562.6,4550.0,2026-05-15 12:15:00+00:00,2026-05-15 11:30:00+00:00,2026-05-15 11:45:00+00:00,2026-05-15 12:00:00+00:00,2,1.1767710415278847,0.9793471019320643,0.3182539682539764,2026-05-15 12:20:00+00:00,2026-05-15 12:40:00+00:00,4546.74,4563.982571428572,17.242571428571864,0.08333333333333333,True,471619,471620,3,4546.76,0.7558790593504793,0.8647202107739677,1.4980364214816726,0.16876833087539533,-1.0,stop,2026,2026-05,2026-05-15,0.017398796997464307,-1.0173987969974643,<=0.03R,2026-05-15 12:35:00+00:00,7.0471428571428465,4551.869838223058,4546.76,0.2430011198208289,missing,missing,,8,Friday,london_ny_overlap,-0.7279316351389776,,False,True,True,True,True,True,False,False,True,True,True,True,True,False,False,False,True,False,True,True,True,2026-05-15 12:30:00+00:00,4543.74,4556.283507725491,12.561428571428612,-0.998573343323556,True,False,0,0,0,False,False,False,False,False,2026-05-15 12:40:00+00:00|supply|4546.74
23681,15min,m15_2c_1atr,supply,4572.34,4555.38,2026-05-19 05:15:00+00:00,2026-05-19 04:30:00+00:00,2026-05-19 04:45:00+00:00,2026-05-19 05:00:00+00:00,2,1.5159657057989744,1.6029163572537855,0.6780660377358476,2026-05-19 05:15:00+00:00,2026-05-19 05:35:00+00:00,4555.17,4573.454,18.28399999999965,0.0,True,472086,472087,3,4555.14,0.8816568047336493,5.5474732006126795,0.24721067600085395,4.949682782760978,1.0,tp1,2026,2026-05,2026-05-19,0.01640778823014689,0.9835922117698531,<=0.03R,2026-05-19 05:30:00+00:00,5.5142857142858315,4558.5855564941,4555.14,0.11045364891527265,missing,missing,,1,Tuesday,post_close,-0.6194014367539094,,False,True,True,True,True,True,False,False,True,True,True,True,False,False,True,False,False,True,False,True,True,2026-05-19 05:30:00+00:00,4556.17,4562.1830535283425,10.664285714285597,-0.5638496275739777,True,False,7,4,2,True,False,False,False,False,2026-05-19 05:35:00+00:00|supply|4555.17
23711,15min,m15_2c_1atr,demand,4518.92,4514.62,2026-05-21 20:30:00+00:00,2026-05-21 19:15:00+00:00,2026-05-21 19:30:00+00:00,2026-05-21 20:15:00+00:00,4,2.4934624355079014,0.4254717647890524,0.14651162790678443,2026-05-22 05:30:00+00:00,2026-05-22 05:50:00+00:00,4525.11,4513.819142857143,11.290857142857021,9.0,True,472917,472918,3,4525.01,0.7110389610391432,0.8201325978035607,1.5747254415709242,3.0785970949947385,-1.0,stop,2026,2026-05,2026-05-22,0.026570170555190325,-1.0265701705551904,<=0.03R,2026-05-22 05:45:00+00:00,4.1128571428572025,4523.923130720469,4525.01,0.9188311688311669,missing,missing,,1,Friday,post_close,0.28857537189002996,,True,False,True,True,True,False,False,False,True,True,True,True,True,False,True,True,True,False,False,True,True,2026-05-22 05:45:00+00:00,4523.25,4526.316318894436,7.599285714285933,-0.40350093544607074,False,False,6,4,2,True,False,False,False,False,2026-05-22 05:50:00+00:00|demand|4525.11
23722,15min,m15_2c_1atr,supply,4536.83,4529.63,2026-05-22 13:45:00+00:00,2026-05-22 13:00:00+00:00,2026-05-22 13:15:00+00:00,2026-05-22 13:30:00+00:00,2,2.568652738371602,0.8666494712406251,0.20416666666670719,2026-05-22 15:10:00+00:00,2026-05-22 15:30:00+00:00,4521.74,4537.945857142857,16.205857142856985,1.4166666666666667,True,473033,473034,3,4521.82,0.7681755829904515,1.9116545164446634,1.917208064103864,-2.6274451036221684,1.0,tp1,2026,2026-05,2026-05-22,0.018511825530452133,0.9814881744695478,<=0.03R,2026-05-22 15:25:00+00:00,5.2692857142856155,4524.5001118409855,4521.82,0.0919067215363616,below,below,12.220000000000255,11,Friday,london_ny_overlap,-0.5238113836762984,2.3190999051105705,False,True,True,True,True,True,False,False,True,True,True,True,True,False,True,True,True,False,True,True,True,2026-05-22 15:15:00+00:00,4521.82,4521.667019020476,8.608571428571524,0.017770774256002552,False,True,6,3,2,True,False,True,False,False,2026-05-22 15:30:00+00:00|supply|4521.74
23730,15min,m15_2c_1atr,demand,4556.08,4548.57,2026-05-25 02:00:00+00:00,2026-05-25 01:15:00+00:00,2026-05-25 01:30:00+00:00,2026-05-25 01:45:00+00:00,2,1.4528301886792805,0.855074821080057,0.3155792276963811,2026-05-25 08:25:00+00:00,2026-05-25 08:40:00+00:00,4560.07,4547.952285714286,12.1177142857141,6.416666666666667,True,473227,473228,2,4559.98,0.7475728155340006,1.6645053286805935,1.5151372253135866,-3.260515891728749,1.0,tp1,2026,2026-05,2026-05-25,0.02475714420447081,0.9752428557955292,<=0.03R,2026-05-25 08:35:00+00:00,3.0571428571426105,4559.789106631439,4559.98,0.7702265372167599,missing,missing,,4,Monday,asia_late,0.09188100840781442,,True,False,True,True,True,False,False,True,True,True,True,True,True,False,False,False,True,False,False,True,True,2026-05-25 08:30:00+00:00,4557.03,4560.227787062413,5.7557142857140855,-0.5555847465101357,False,False,1,1,1,True,False,False,False,False,2026-05-25 08:40:00+00:00|demand|4560.07
23733,15min,m15_2c_1atr,demand,4557.96,4551.93,2026-05-25 10:00:00+00:00,2026-05-25 08:45:00+00:00,2026-05-25 09:00:00+00:00,2026-05-25 09:45:00+00:00,4,1.7358095736332328,1.1041067224692442,0.6053067993366154,2026-05-25 10:15:00+00:00,2026-05-25 10:35:00+00:00,4559.07,4551.179285714286,7.8907142857133294,0.25,True,473250,473251,3,4559.12,0.6189839572193021,2.6829003349328953,1.2242237711597208,-3.047886303974207,1.0,tp1,2026,2026-05,2026-05-25,0.03801937177514718,0.9619806282248529,0.03-0.05R,2026-05-25 10:30:00+00:00,3.8057142857142026,4557.807885318704,4559.12,0.6617647058823672,missing,missing,,6,Monday,asia_late,0.3316367405806082,,True,False,False,True,False,False,False,False,True,True,True,False,False,False,True,False,False,False,False,True,True,2026-05-25 10:30:00+00:00,4559.95,4558.22556536525,5.924285714285426,0.2910789110983549,True,False,3,2,1,True,False,False,False,False,2026-05-25 10:35:00+00:00|demand|4559.07
23754,15min,m15_2c_1atr,demand,4515.95,4503.79,2026-05-26 16:00:00+00:00,2026-05-26 15:15:00+00:00,2026-05-26 15:30:00+00:00,2026-05-26 15:45:00+00:00,2,1.3350369872225394,1.1448554135843858,0.34292763157895745,2026-05-26 16:50:00+00:00,2026-05-26 17:30:00+00:00,4517.74,4502.543142857143,15.19685714285697,0.8333333333333334,True,473579,473580,7,4517.7,0.6175438596493177,0.4783883885766195,1.0127093947996497,-5.197127225554186,-1.0,stop,2026,2026-05,2026-05-26,0.019740923875237584,-1.0197409238752375,<=0.03R,2026-05-26 17:25:00+00:00,6.378571428571441,4516.634459112329,4517.7,0.9263157894736573,below,below,15.760000000000218,13,Tuesday,ny_main,0.1733210798140329,2.47077267637181,True,False,True,True,True,True,False,False,False,True,True,False,False,False,False,False,True,False,True,True,True,2026-05-26 17:15:00+00:00,4517.7,4517.157921981776,11.307142857142805,0.04794120186440487,True,True,4,3,2,True,True,False,True,False,2026-05-26 17:30:00+00:00|demand|4517.74
23761,15min,m15_2c_1atr,supply,4521.01,4512.77,2026-05-27 04:45:00+00:00,2026-05-27 04:00:00+00:00,2026-05-27 04:15:00+00:00,2026-05-27 04:30:00+00:00,2,1.0963213530655564,0.9755602536997552,0.49878640776707417,2026-05-27 07:45:00+00:00,2026-05-27 08:15:00+00:00,4509.06,4521.797428571429,12.737428571428609,3.0,True,473744,473745,5,4509.04,0.9439252336449194,11.181220699401063,0.0031403512707178453,10.16453197550525,1.0,tp1,2026,2026-05,2026-05-27,0.02355263453040526,0.9764473654695948,<=0.03R,2026-05-27 08:10:00+00:00,3.8850000000002183,4509.658018196507,4509.04,0.05607476635508061,missing,missing,,4,Wednesday,asia_late,-0.15393003771091227,,False,True,True,True,True,False,False,False,False,True,True,True,True,False,False,False,False,False,False,True,True,2026-05-27 08:00:00+00:00,4509.04,4506.537666493081,6.848571428571502,0.36538036187803963,False,True,2,2,1,True,False,False,False,False,2026-05-27 08:15:00+00:00|supply|4509.06
23766,15min,m15_2c_1atr,supply,4502.29,4492.01,2026-05-27 09:30:00+00:00,2026-05-27 08:45:00+00:00,2026-05-27 09:00:00+00:00,2026-05-27 09:15:00+00:00,2,1.4197641172266233,1.285918513223688,0.40856031128403913,2026-05-27 11:20:00+00:00,2026-05-27 12:05:00+00:00,4491.91,4503.151428571428,11.241428571428514,1.8333333333333333,True,473790,473791,8,4491.9,0.8768328445747698,11.143601474139041,0.3113483288855016,8.066590418096395,1.0,tp1,2026,2026-05,2026-05-27,0.026686999618757284,0.9733130003812427,<=0.03R,2026-05-27 12:00:00+00:00,4.255000000000044,4493.750087948241,4491.9,0.12170087976537419,missing,missing,,8,Wednesday,london_ny_overlap,-0.43245310181938196,,False,True,True,True,True,False,False,False,False,True,True,True,False,False,False,False,False,False,True,True,True,2026-05-27 12:00:00+00:00,4491.66,4491.227826893793,8.253571428571442,0.05236195142277982,False,False,5,4,2,True,False,False,False,False,2026-05-27 12:05:00+00:00|supply|4491.91
23768,15min,m15_2c_1atr,supply,4498.74,4492.7,2026-05-27 12:45:00+00:00,2026-05-27 11:45:00+00:00,2026-05-27 12:00:00+00:00,2026-05-27 12:30:00+00:00,3,1.1604716047160362,0.7610476104760899,0.24172185430464324,2026-05-27 12:50:00+00:00,2026-05-27 13:00:00+00:00,4490.17,4499.478999999999,9.308999999999287,0.08333333333333333,True,473801,473802,1,4490.23,0.7770491803280849,13.269953808143647,0.06123106670960926,10.908797937480713,1.0,tp1,2026,2026-05,2026-05-27,0.032226877215600275,0.9677731227843998,0.03-0.05R,2026-05-27 12:55:00+00:00,3.521428571428779,4490.910477561442,4490.23,0.00983606557368641,missing,missing,,9,Wednesday,london_ny_overlap,-0.21027760365499498,,False,True,False,True,False,False,True,True,True,True,True,True,True,False,False,False,True,False,True,True,True,2026-05-27 12:45:00+00:00,4490.23,4490.419100993924,7.421428571428611,-0.02548040341619979,True,True,3,3,2,True,True,False,False,False,2026-05-27 13:00:00+00:00|supply|4490.17
23770,15min,m15_2c_1atr,demand,4444.82,4425.05,2026-05-27 15:30:00+00:00,2026-05-27 14:45:00+00:00,2026-05-27 15:00:00+00:00,2026-05-27 15:15:00+00:00,2,1.9831288343558884,1.5161042944785033,0.7309054122407771,2026-05-27 15:35:00+00:00,2026-05-27 15:40:00+00:00,4452.27,4423.043428571429,29.226571428571333,0.08333333333333333,True,473833,473834,0,4452.1,0.5440835266822005,0.01813418317968106,1.3867517816468649,-1.0292004340473275,-1.0,stop,2026,2026-05,2026-05-27,0.010264631988503645,-1.0102646319885036,<=0.03R,2026-05-27 15:35:00+00:00,10.223571428571436,4446.798086357762,4452.1,0.8515081206496796,below,below,14.139999999999418,11,Wednesday,london_ny_overlap,0.5352252566990459,1.3830783204079629,True,False,True,True,True,True,True,True,True,True,False,False,False,False,True,False,False,True,True,True,True,2026-05-27 15:30:00+00:00,4447.06,4448.38638180202,13.488571428571245,-0.09833374935540252,False,False,0,0,0,False,False,False,True,False,2026-05-27 15:40:00+00:00|demand|4452.27
23773,15min,m15_2c_1atr,demand,4441.59,4433.17,2026-05-27 19:45:00+00:00,2026-05-27 18:30:00+00:00,2026-05-27 18:45:00+00:00,2026-05-27 19:30:00+00:00,4,1.2515497553017665,0.6410005437737969,0.1971496437054442,2026-05-27 20:10:00+00:00,2026-05-27 20:20:00+00:00,4446.86,4432.4334285714285,14.426571428571151,0.4166666666666667,True,473889,473890,1,4446.85,0.6479217603913084,1.3849444477452915,1.0446002416176499,4.2553423246787725,1.0,tp1,2026,2026-05,2026-05-27,0.020794961677856737,0.9792050383221432,<=0.03R,2026-05-27 20:15:00+00:00,3.8142857142858184,4446.771042824748,4446.85,0.8533007334964712,below,below,14.139999999999418,16,Wednesday,ny_main,0.023322105871147743,3.70711610486866,True,False,True,True,True,False,True,True,True,True,True,False,True,False,False,False,True,False,True,True,True,2026-05-27 20:15:00+00:00,4449.93,4445.122784867951,10.641428571428671,0.45174528023016697,True,False,2,2,2,True,True,False,True,False,2026-05-27 20:20:00+00:00|demand|4446.86
23775,15min,m15_2c_1atr,supply,4462.1,4456.7,2026-05-28 02:15:00+00:00,2026-05-28 01:15:00+00:00,2026-05-28 01:30:00+00:00,2026-05-28 02:00:00+00:00,3,1.2621985417836055,1.0600112170500544,0.38148148148151706,2026-05-28 03:55:00+00:00,2026-05-28 04:05:00+00:00,4445.87,4463.297714285714,17.4277142857145,1.6666666666666667,True,473970,473971,1,4445.95,0.8667699457785155,4.546207190517485,1.2359624243815097,-3.445661262029248,1.0,tp1,2026,2026-05,2026-05-28,0.017213961342360886,0.9827860386576391,<=0.03R,2026-05-28 04:00:00+00:00,5.905714285714241,4450.819858863329,4445.95,0.009295120061959119,missing,missing,,0,Thursday,post_close,-0.8381473643759352,,False,True,True,True,True,True,True,True,True,True,True,True,False,False,False,False,False,False,False,True,True,2026-05-28 04:00:00+00:00,4438.25,4448.75330241908,7.815714285714356,-1.3438698032088787,True,False,6,4,2,True,False,False,False,False,2026-05-28 04:05:00+00:00|supply|4445.87
23779,15min,m15_2c_1atr,demand,4375.26,4368.26,2026-05-28 08:45:00+00:00,2026-05-28 07:45:00+00:00,2026-05-28 08:00:00+00:00,2026-05-28 08:30:00+00:00,3,1.5495786990225944,0.660599932591846,0.16857142857147014,2026-05-28 09:10:00+00:00,2026-05-28 09:35:00+00:00,4383.38,4367.074285714286,16.305714285714203,0.4166666666666667,True,474036,474037,4,4383.45,0.5325131810193249,8.704923777816736,0.48265288242508775,8.536884527772942,1.0,tp1,2026,2026-05,2026-05-28,0.018398458033993436,0.9816015419660066,<=0.03R,2026-05-28 09:30:00+00:00,5.921428571428545,4382.302621534095,4383.45,0.7363796133567477,missing,missing,,5,Thursday,asia_late,0.18194569991157852,,True,False,True,True,True,True,False,False,False,True,False,False,True,False,True,False,True,False,False,True,True,2026-05-28 09:30:00+00:00,4380.48,4380.9763246432685,11.147142857142951,-0.044524830230458945,False,False,2,2,2,True,False,False,False,False,2026-05-28 09:35:00+00:00|demand|4383.38
23782,15min,m15_2c_1atr,demand,4391.87,4385.95,2026-05-28 12:30:00+00:00,2026-05-28 11:45:00+00:00,2026-05-28 12:00:00+00:00,2026-05-28 12:15:00+00:00,2,1.1085180863477202,0.6907817969661668,0.501689189189226,2026-05-28 12:30:00+00:00,2026-05-28 12:35:00+00:00,4393.0,4385.056857142857,7.943142857143357,0.0,True,474072,474073,0,4392.93,0.6432637571156968,1.4087622747381796,1.6265601956763214,18.684040142439724,1.0,tp1,2026,2026-05,2026-05-28,0.037768425596199195,0.9622315744038008,0.03-0.05R,2026-05-28 12:30:00+00:00,4.575000000000013,4392.359680383496,4392.93,0.22960151802659298,missing,missing,,8,Thursday,london_ny_overlap,0.13996057191339908,,True,False,False,True,False,False,True,True,True,True,True,False,True,False,False,False,False,False,True,True,True,2026-05-28 12:30:00+00:00,4391.22,4390.560319814789,7.923571428571449,0.08325540965433154,True,False,2,2,1,True,False,False,False,False,2026-05-28 12:35:00+00:00|demand|4393.0
23783,15min,m15_2c_1atr,demand,4396.99,4390.21,2026-05-28 13:15:00+00:00,2026-05-28 12:30:00+00:00,2026-05-28 12:45:00+00:00,2026-05-28 13:00:00+00:00,2,1.028911105106712,0.854904079978354,0.7522123893804787,2026-05-28 13:20:00+00:00,2026-05-28 13:30:00+00:00,4401.26,4389.302428571428,11.95757142857201,0.08333333333333333,True,474083,474084,1,4401.28,0.8059259259258666,0.10537256729150807,1.0888498620120979,10.52303979546679,-1.0,stop,2026,2026-05,2026-05-28,0.02508870649797376,-1.0250887064979737,<=0.03R,2026-05-28 13:25:00+00:00,4.889285714285767,4397.627456520384,4401.28,0.8311111111110626,missing,inside,,9,Thursday,london_ny_overlap,0.7429599520033234,,True,False,True,True,True,False,True,True,True,True,True,True,True,False,False,False,False,True,True,True,True,2026-05-28 13:15:00+00:00,4401.28,4394.89891590737,8.158571428571381,0.7821325275505042,True,True,3,2,1,True,False,False,False,False,2026-05-28 13:30:00+00:00|demand|4401.26
23795,15min,m15_2c_1atr,demand,4512.9,4502.66,2026-05-29 09:15:00+00:00,2026-05-29 08:30:00+00:00,2026-05-29 08:45:00+00:00,2026-05-29 09:00:00+00:00,2,1.3593699428201858,1.5466609127198228,0.2753906250000663,2026-05-29 09:15:00+00:00,2026-05-29 09:25:00+00:00,4518.72,4501.546285714286,17.173714285714595,0.0,True,474310,474311,1,4518.73,0.8549528301886316,4.460304784720724,1.0364676914886457,-0.8600352698476176,1.0,tp1,2026,2026-05,2026-05-29,0.01746855659812306,0.9825314434018769,<=0.03R,2026-05-29 09:20:00+00:00,5.309999999999945,4514.348689747797,4518.73,0.8679245283017998,missing,missing,,5,Friday,asia_late,0.8232222697181496,,True,False,True,True,True,True,True,True,True,True,True,True,False,False,False,False,True,False,False,True,True,2026-05-29 09:15:00+00:00,4516.65,4512.204578001391,6.952857142857023,0.6393662212915207,True,False,0,0,0,False,False,False,False,False,2026-05-29 09:25:00+00:00|demand|4518.72
23798,15min,m15_2c_1atr,demand,4518.09,4513.98,2026-05-29 12:15:00+00:00,2026-05-29 11:30:00+00:00,2026-05-29 11:45:00+00:00,2026-05-29 12:00:00+00:00,2,1.5690607734807342,0.4541436464089015,0.4890510948904948,2026-05-29 15:30:00+00:00,2026-05-29 16:00:00+00:00,4523.04,4512.759142857142,10.280857142857712,3.25,True,474389,474390,5,4523.07,0.6169354838709451,7.030542200483147,1.275185504265801,-6.670650029180069,1.0,tp1,2026,2026-05,2026-05-29,0.0291804463218726,0.9708195536781274,<=0.03R,2026-05-29 15:55:00+00:00,6.0542857142856645,4520.54172424824,4523.07,0.8615591397848676,below,below,5.600000000000364,12,Friday,ny_main,0.4126458296913751,0.9249646059462687,True,False,True,True,True,False,False,False,False,True,True,False,True,False,True,False,False,False,True,True,True,2026-05-29 15:45:00+00:00,4523.07,4525.547055223096,9.005000000000043,-0.27507553837830107,False,True,2,1,1,True,False,False,True,False,2026-05-29 16:00:00+00:00|demand|4523.04
23800,15min,m15_2c_1atr,supply,4541.08,4535.5,2026-05-29 14:30:00+00:00,2026-05-29 13:45:00+00:00,2026-05-29 14:00:00+00:00,2026-05-29 14:15:00+00:00,2,1.2827918170878168,0.6714801444043174,0.09318996415762255,2026-05-29 14:55:00+00:00,2026-05-29 15:05:00+00:00,4529.34,4541.988,12.648000000000138,0.4166666666666667,True,474378,474379,1,4529.48,0.8753651411880337,1.308507273877293,1.5828589500315708,2.2240670461732925,1.0,tp1,2026,2026-05,2026-05-29,0.023719165085388735,0.9762808349146113,<=0.03R,2026-05-29 15:00:00+00:00,4.5314285714286076,4532.033414640651,4529.48,0.11002921129496121,inside,inside,5.600000000000364,11,Friday,london_ny_overlap,-0.5943853242294307,1.2358133669609783,False,True,True,True,True,False,True,True,True,True,True,True,True,False,False,False,True,False,True,True,True,2026-05-29 15:00:00+00:00,4528.42,4531.7146450659975,8.92928571428573,-0.3689707297333327,True,False,0,0,0,False,False,False,False,True,2026-05-29 15:05:00+00:00|supply|4529.34
23803,15min,m15_2c_1atr,demand,4526.92,4517.16,2026-05-29 16:45:00+00:00,2026-05-29 16:00:00+00:00,2026-05-29 16:15:00+00:00,2026-05-29 16:30:00+00:00,2,1.0779686333084693,1.0204630321135293,0.021516393442626198,2026-05-29 17:25:00+00:00,2026-05-29 17:35:00+00:00,4536.41,4515.568,20.841999999999643,0.6666666666666666,True,474408,474409,1,4536.37,0.6197053406997943,2.826504174263548,1.0776317052106525,-2.856731599654591,1.0,tp1,2026,2026-05,2026-05-29,0.014394012090970403,0.9856059879090296,<=0.03R,2026-05-29 17:30:00+00:00,7.756428571428387,4536.217071411562,4536.37,0.9898710865561993,above,above,5.600000000000364,13,Friday,ny_main,0.02487337911531609,0.7219817662768852,True,False,True,True,True,True,True,True,True,True,True,False,False,False,False,False,True,False,True,True,True,2026-05-29 17:30:00+00:00,4540.32,4533.89057634695,11.749285714285763,0.5472182572964495,True,False,5,3,2,True,True,True,False,False,2026-05-29 17:35:00+00:00|demand|4536.41
23805,15min,m15_2c_1atr,supply,4595.32,4564.32,2026-05-29 18:45:00+00:00,2026-05-29 18:00:00+00:00,2026-05-29 18:15:00+00:00,2026-05-29 18:30:00+00:00,2,1.4431848141312915,1.9070217066525987,0.8329032258064716,2026-05-29 18:45:00+00:00,2026-05-29 19:10:00+00:00,4564.27,4596.874,32.60399999999936,0.0,True,474427,474428,4,4564.31,0.7579999999999927,3.572874493927217,0.2791068580542152,2.7358606305975486,1.0,tp1,2026,2026-05,2026-05-29,0.009201324990798855,0.9907986750092012,<=0.03R,2026-05-29 19:05:00+00:00,8.429999999999966,4569.092820488969,4564.31,0.07400000000016008,above,above,5.600000000000364,15,Friday,ny_main,-0.5721020746107163,0.6642941874259058,False,True,True,True,True,True,False,False,False,True,True,True,False,False,False,False,False,True,True,True,True,2026-05-29 19:00:00+00:00,4563.63,4562.5128565102095,16.492857142857183,0.06773498855378111,False,False,0,0,0,False,False,False,True,False,2026-05-29 19:10:00+00:00|supply|4564.27
23828,15min,m15_2c_1atr,supply,4534.15,4524.07,2026-06-02 16:00:00+00:00,2026-06-02 15:15:00+00:00,2026-06-02 15:30:00+00:00,2026-06-02 15:45:00+00:00,2,2.405236329935096,1.6348470806301896,0.2946428571428845,2026-06-02 16:05:00+00:00,2026-06-02 16:10:00+00:00,4516.55,4535.366714285714,18.816714285713715,0.08333333333333333,True,474943,474944,0,4516.53,0.33037300177621515,4.7867017924795086,0.0919395370377196,3.295474388271937,1.0,tp1,2026,2026-06,2026-06-02,0.01594327231868372,0.9840567276813162,<=0.03R,2026-06-02 16:05:00+00:00,5.836428571428509,4520.040597366296,4516.53,0.2619893428063731,below,below,7.020000000000437,12,Tuesday,ny_main,-0.5980707762593063,1.2027903561376474,False,True,True,True,True,True,True,True,True,False,False,False,False,False,True,True,True,False,True,True,True,2026-06-02 16:00:00+00:00,4514.03,4522.358299054878,6.670000000000008,-1.2486205479578243,True,False,3,1,1,True,False,True,False,False,2026-06-02 16:10:00+00:00|supply|4516.55
23837,15min,m15_2c_1atr,supply,4457.56,4450.77,2026-06-03 12:00:00+00:00,2026-06-03 11:15:00+00:00,2026-06-03 11:30:00+00:00,2026-06-03 11:45:00+00:00,2,1.3217707531995098,0.6648017343870091,0.20029455080996758,2026-06-03 12:00:00+00:00,2026-06-03 12:20:00+00:00,4450.14,4458.714714285715,8.574714285714435,0.0,True,475173,475174,3,4450.16,0.20910973084887025,1.2956699931693303,1.9790746880361418,-1.9732435899571572,1.0,tp1,2026,2026-06,2026-06-03,0.034986588474417525,0.9650134115255825,0.03-0.05R,2026-06-03 12:15:00+00:00,5.671428571428676,4451.782570411353,4450.16,0.6666666666666039,missing,missing,,8,Wednesday,london_ny_overlap,-0.2896219868883639,,False,True,False,True,False,False,False,False,True,False,False,False,True,False,False,False,True,False,True,True,True,2026-06-03 12:15:00+00:00,4439.65,4451.107057373748,10.786428571428587,-1.0621733874079582,True,False,0,0,0,False,False,False,False,False,2026-06-03 12:20:00+00:00|supply|4450.14
23838,15min,m15_2c_1atr,supply,4466.1,4458.05,2026-06-03 16:45:00+00:00,2026-06-03 16:00:00+00:00,2026-06-03 16:15:00+00:00,2026-06-03 16:30:00+00:00,2,3.278599014515895,0.7504328139565964,0.2521739130435539,2026-06-03 17:15:00+00:00,2026-06-03 17:35:00+00:00,4449.14,4467.8484285714285,18.708428571428158,0.5,True,475236,475237,3,4449.16,0.45344827586214465,1.354469719530578,1.3095701708168495,-1.4961171053536053,1.0,tp1,2026,2026-06,2026-06-03,0.016035553112043053,0.9839644468879569,<=0.03R,2026-06-03 17:30:00+00:00,8.769285714285681,4449.4598355143125,4449.16,0.2827586206895903,inside,inside,26.099999999999454,13,Wednesday,ny_main,-0.03647224240751858,2.9762971409953063,False,True,True,True,True,True,False,False,True,True,False,False,True,False,True,True,True,False,True,True,True,2026-06-03 17:30:00+00:00,4448.25,4450.4783119524245,12.183571428571538,-0.18289480760944477,True,False,1,1,1,True,True,False,False,True,2026-06-03 17:35:00+00:00|supply|4449.14
23852,15min,m15_2c_1atr,demand,4466.05,4459.65,2026-06-04 13:15:00+00:00,2026-06-04 11:45:00+00:00,2026-06-04 12:00:00+00:00,2026-06-04 13:00:00+00:00,5,1.1156957928802524,0.9061488673139754,0.007812500000027756,2026-06-04 13:20:00+00:00,2026-06-04 13:40:00+00:00,4469.11,4458.869142857143,10.24085714285684,0.08333333333333333,True,475465,475466,3,4469.1,0.34402332361521604,4.527941299556522,1.1483413776748264,-0.4003571129648332,1.0,tp1,2026,2026-06,2026-06-04,0.02929442289986974,0.9707055771001303,<=0.03R,2026-06-04 13:35:00+00:00,4.026428571428563,4468.673189718469,4469.1,0.4052478134111398,inside,inside,7.680000000000291,9,Thursday,london_ny_overlap,0.10848578927494015,1.9073975518893789,True,False,True,True,True,False,False,False,True,False,False,False,True,False,False,False,True,False,True,True,True,2026-06-04 13:30:00+00:00,4471.34,4468.233592724902,6.913571428571491,0.4493201968319963,True,False,4,3,2,True,False,False,False,True,2026-06-04 13:40:00+00:00|demand|4469.11
23857,15min,m15_2c_1atr,supply,4480.86,4474.64,2026-06-05 02:00:00+00:00,2026-06-05 01:15:00+00:00,2026-06-05 01:30:00+00:00,2026-06-05 01:45:00+00:00,2,1.869465866895258,1.2436446729504629,0.5610932475884484,2026-06-05 14:50:00+00:00,2026-06-05 15:05:00+00:00,4465.33,4481.728142857142,16.398142857142375,12.833333333333334,True,475758,475759,2,4465.34,0.7575757575758202,11.997090262834968,0.6445851882181792,8.592436425727882,1.0,tp1,2026,2026-06,2026-06-05,0.018294754632493766,0.9817052453675063,<=0.03R,2026-06-05 15:00:00+00:00,4.183571428571343,4466.91634931313,4465.34,0.16212121212118144,inside,above,4.960000000000036,11,Friday,london_ny_overlap,-0.3791854257097773,1.1855898924364339,False,True,True,True,True,True,False,True,True,True,True,True,False,False,True,False,False,False,True,True,True,2026-06-05 15:00:00+00:00,4469.24,4466.668429141009,6.110714285714429,0.4208298308108302,False,False,3,3,2,True,False,False,False,True,2026-06-05 15:05:00+00:00|supply|4465.33
23862,15min,m15_2c_1atr,demand,4443.91,4439.06,2026-06-05 08:15:00+00:00,2026-06-05 07:15:00+00:00,2026-06-05 07:30:00+00:00,2026-06-05 08:00:00+00:00,3,1.2780995386277119,0.6665357808971596,0.39587628865985336,2026-06-05 08:20:00+00:00,2026-06-05 08:40:00+00:00,4445.7,4438.268285714286,7.431714285713497,0.08333333333333333,True,475681,475682,3,4445.62,0.48857644991211613,0.3511975702588523,1.3886432663105155,-19.82449732805561,-1.0,stop,2026,2026-06,2026-06-05,0.04036753681135333,-1.0403675368113534,0.03-0.05R,2026-06-05 08:35:00+00:00,3.868571428571483,4444.899519547008,4445.62,0.5817223198593539,missing,missing,,4,Friday,asia_late,0.20691887632729913,,True,False,False,True,False,False,False,False,True,True,False,False,True,False,False,False,False,False,False,True,True,2026-06-05 08:30:00+00:00,4443.76,4444.174330878435,7.32071428571414,-0.05659705627954968,False,False,0,0,0,False,False,False,False,False,2026-06-05 08:40:00+00:00|demand|4445.7
23877,15min,m15_2c_1atr,supply,4346.62,4331.1,2026-06-08 17:15:00+00:00,2026-06-08 16:30:00+00:00,2026-06-08 16:45:00+00:00,2026-06-08 17:00:00+00:00,2,1.269309270598352,1.1670426469008113,0.33505154639175105,2026-06-08 17:55:00+00:00,2026-06-08 18:15:00+00:00,4325.44,4348.032857142857,22.59285714285761,0.6666666666666666,True,476072,476073,3,4325.43,0.8413978494623373,0.54928865001579,1.1521340499525818,3.134619032563944,-1.0,stop,2026,2026-06,2026-06-08,0.013278533038254546,-1.0132785330382545,<=0.03R,2026-06-08 18:10:00+00:00,6.976428571428642,4325.936985072858,4325.43,0.061827956989370214,above,above,11.389999999999418,14,Monday,ny_main,-0.07123774976982322,1.632640524214091,False,True,True,True,True,True,False,False,True,True,True,True,False,False,False,False,True,False,True,True,True,2026-06-08 18:00:00+00:00,4325.43,4325.808928861575,12.175000000000052,-0.03112352045785799,True,True,3,3,2,True,True,False,True,False,2026-06-08 18:15:00+00:00|supply|4325.44
23889,15min,m15_2c_1atr,supply,4281.93,4263.23,2026-06-09 19:15:00+00:00,2026-06-09 18:30:00+00:00,2026-06-09 18:45:00+00:00,2026-06-09 19:00:00+00:00,2,1.109301771387765,1.039796647867231,0.05294117647062314,2026-06-09 19:15:00+00:00,2026-06-09 19:20:00+00:00,4254.52,4284.036428571429,29.51642857142815,0.0,True,476361,476362,0,4254.62,0.5009615384615594,5.002298961837323,0.6714904532584757,4.8318853907026105,1.0,tp1,2026,2026-06,2026-06-09,0.01016383128040089,0.9898361687195991,<=0.03R,2026-06-09 19:15:00+00:00,10.478571428571286,4267.930505348594,4254.62,0.14807692307692477,below,below,11.699999999999818,15,Tuesday,ny_main,-1.279802828086668,1.1165644171779119,False,True,True,True,True,True,True,True,True,True,False,False,False,False,False,False,True,False,True,True,True,2026-06-09 19:15:00+00:00,4263.52,4280.388278394238,18.399999999999896,-0.9167542605564007,True,False,1,1,1,True,True,True,False,False,2026-06-09 19:20:00+00:00|supply|4254.52
23893,15min,m15_2c_1atr,supply,4226.61,4216.6,2026-06-10 03:45:00+00:00,2026-06-10 03:00:00+00:00,2026-06-10 03:15:00+00:00,2026-06-10 03:30:00+00:00,2,1.993406747562508,0.982955741039411,0.3136863136862772,2026-06-10 03:55:00+00:00,2026-06-10 04:05:00+00:00,4194.63,4228.586285714286,33.956285714285514,0.16666666666666666,True,476454,476455,1,4194.71,0.9830578512396753,5.024695617053886,0.8030913695760004,2.9399564145498145,1.0,tp1,2026,2026-06,2026-06-10,0.008834888554191575,0.9911651114458084,<=0.03R,2026-06-10 04:00:00+00:00,9.463571428571347,4208.57592575253,4194.71,0.0,missing,missing,,0,Wednesday,post_close,-1.4736429959650943,,False,True,True,True,True,True,True,True,True,True,True,True,True,False,True,False,True,False,False,True,True,2026-06-10 04:00:00+00:00,4203.47,4218.220644220705,13.465714285714382,-1.0954223376292622,True,False,0,0,0,False,False,False,False,False,2026-06-10 04:05:00+00:00|supply|4194.63
23894,15min,m15_2c_1atr,supply,4220.89,4199.92,2026-06-10 04:30:00+00:00,2026-06-10 03:45:00+00:00,2026-06-10 04:00:00+00:00,2026-06-10 04:15:00+00:00,2,1.1404475210841925,1.4311899770877172,0.6661897949451638,2026-06-10 04:30:00+00:00,2026-06-10 04:45:00+00:00,4187.12,4223.280000000001,36.160000000000764,0.0,True,476462,476463,2,4187.32,0.7673492605233645,4.510785398229984,0.9618362831858134,3.65818584070788,1.0,tp1,2026,2026-06,2026-06-10,0.008296460176990974,0.9917035398230091,<=0.03R,2026-06-10 04:40:00+00:00,11.840714285714187,4199.889529337997,4187.32,0.1552901023890543,missing,missing,,0,Wednesday,post_close,-1.0784424849608871,,False,True,True,True,True,True,False,True,True,True,True,True,False,False,False,False,False,True,False,True,True,2026-06-10 04:30:00+00:00,4187.32,4208.513969960673,15.575000000000014,-1.3607685368008793,True,True,2,2,1,True,False,False,False,False,2026-06-10 04:45:00+00:00|supply|4187.12
23899,15min,m15_2c_1atr,demand,4152.53,4134.71,2026-06-10 15:45:00+00:00,2026-06-10 15:00:00+00:00,2026-06-10 15:15:00+00:00,2026-06-10 15:30:00+00:00,2,1.5987122431587895,1.181138149796405,0.6352413019079626,2026-06-10 15:50:00+00:00,2026-06-10 16:05:00+00:00,4153.2,4132.379857142857,20.820142857142855,0.08333333333333333,True,476598,476599,2,4153.21,0.541484716157198,1.5936490074858967,1.6877886113035863,-4.341949074042291,1.0,tp1,2026,2026-06,2026-06-10,0.014409123033326244,0.9855908769666738,<=0.03R,2026-06-10 16:00:00+00:00,11.666428571428696,4152.215186968461,4153.21,0.7144104803493817,below,below,15.489999999999782,12,Wednesday,ny_main,0.08441426830061811,1.3277413824771604,True,False,True,True,True,True,False,True,True,True,False,False,False,False,True,False,False,False,True,True,True,2026-06-10 16:00:00+00:00,4151.45,4152.542767887479,16.237142857142903,-0.06730050336404145,False,False,0,0,0,False,False,False,True,False,2026-06-10 16:05:00+00:00|demand|4153.2
23907,15min,m15_2c_1atr,demand,4057.43,4044.79,2026-06-11 03:30:00+00:00,2026-06-11 02:45:00+00:00,2026-06-11 03:00:00+00:00,2026-06-11 03:15:00+00:00,2,1.1047414947763157,0.6772033217251485,0.7349683544303842,2026-06-11 05:40:00+00:00,2026-06-11 06:05:00+00:00,4075.24,4042.9495714285713,32.29042857142849,2.1666666666666665,True,476754,476755,4,4075.12,0.9197930142302272,5.3068357275265425,0.6890586772727892,3.7469307578981854,1.0,tp1,2026,2026-06,2026-06-11,0.009290678794689294,0.9907093212053107,<=0.03R,2026-06-11 06:00:00+00:00,9.034999999999984,4071.2280727537973,4075.12,0.9366106080206681,missing,missing,,2,Thursday,post_close,0.4440428606754301,,True,False,True,True,True,True,False,False,False,True,True,True,True,False,False,False,False,True,False,True,True,2026-06-11 06:00:00+00:00,4065.47,4075.2995282622223,18.79714285714278,-0.5229267201364801,False,False,2,2,1,True,False,False,False,False,2026-06-11 06:05:00+00:00|demand|4075.24
23910,15min,m15_2c_1atr,demand,4071.4,4057.0,2026-06-11 07:15:00+00:00,2026-06-11 06:15:00+00:00,2026-06-11 06:30:00+00:00,2026-06-11 07:00:00+00:00,3,1.1712457337884077,0.860068259385674,0.15763888888888664,2026-06-11 15:20:00+00:00,2026-06-11 15:45:00+00:00,4073.06,4055.2155714285714,17.84442857142858,8.083333333333334,True,476870,476871,4,4073.29,0.6180904522613129,1.0944592549895633,1.1247208012104706,6.600379470182778,1.0,tp1,2026,2026-06,2026-06-11,0.016811970122727372,0.9831880298772726,<=0.03R,2026-06-11 15:40:00+00:00,8.55142857142859,4071.9324940709103,4073.29,0.6859296482412075,below,below,7.720000000000255,11,Thursday,london_ny_overlap,0.13185000841342862,0.9027731373204422,True,False,True,True,True,True,False,False,False,True,True,False,True,False,False,False,True,False,True,True,True,2026-06-11 15:30:00+00:00,4073.29,4079.294593266966,10.491428571428514,-0.5723332362304141,False,True,5,4,2,True,False,False,True,False,2026-06-11 15:45:00+00:00|demand|4073.06
23913,15min,m15_2c_1atr,supply,4112.62,4104.2,2026-06-11 11:45:00+00:00,2026-06-11 11:00:00+00:00,2026-06-11 11:15:00+00:00,2026-06-11 11:30:00+00:00,2,1.3674623115578026,0.7404522613065377,0.2315914489310928,2026-06-11 19:15:00+00:00,2026-06-11 19:25:00+00:00,4087.85,4114.241857142857,26.391857142857134,7.5,True,476914,476915,1,4087.82,0.8342490842491251,0.6024585505269519,2.3344321571047404,-4.962515494497755,-1.0,stop,2026,2026-06,2026-06-11,0.011367142462772612,-1.0113671424627726,<=0.03R,2026-06-11 19:20:00+00:00,7.929285714285697,4091.422027125872,4087.82,0.022893772893773694,inside,below,7.720000000000255,15,Thursday,ny_main,-0.450485359537046,0.9736059814431475,False,True,True,True,True,True,True,True,True,True,True,True,True,False,False,False,True,False,True,True,True,2026-06-11 19:15:00+00:00,4079.63,4084.903658287206,17.132857142857183,-0.307809622366716,True,False,11,4,2,True,True,False,False,True,2026-06-11 19:25:00+00:00|supply|4087.85
23919,15min,m15_2c_1atr,demand,4171.61,4160.47,2026-06-11 22:30:00+00:00,2026-06-11 21:45:00+00:00,2026-06-11 22:00:00+00:00,2026-06-11 22:15:00+00:00,2,1.6023895998099271,0.5293778215267354,0.25763016157989593,2026-06-12 04:35:00+00:00,2026-06-12 04:50:00+00:00,4191.44,4158.600857142857,32.83914285714218,6.083333333333333,True,477015,477016,2,4191.4,0.9793388429751321,4.385924462966779,0.6428304201432122,4.223009126739092,1.0,tp1,2026,2026-06,2026-06-12,0.009135439414636033,0.990864560585364,<=0.03R,2026-06-12 04:45:00+00:00,9.842857142857222,4186.686847411146,4191.4,0.994214876033007,missing,missing,,0,Friday,post_close,0.4829037463276358,,True,False,True,True,True,True,False,True,True,True,True,True,True,False,True,False,True,False,False,True,True,2026-06-12 04:45:00+00:00,4186.92,4194.776293500235,16.629285714285807,-0.472437219205723,False,False,1,1,1,True,False,False,False,False,2026-06-12 04:50:00+00:00|demand|4191.44
23923,15min,m15_2c_1atr,demand,4193.25,4182.72,2026-06-12 06:30:00+00:00,2026-06-12 05:30:00+00:00,2026-06-12 05:45:00+00:00,2026-06-12 06:15:00+00:00,3,1.1831182420648758,0.7345657481687979,0.207977207977175,2026-06-12 07:00:00+00:00,2026-06-12 07:35:00+00:00,4195.76,4181.767,13.993000000000393,0.5,True,477048,477049,6,4195.78,0.5796545105565271,0.19867076395338149,1.2763524619452642,8.9287500893301,-1.0,stop,2026,2026-06,2026-06-12,0.02143929107410788,-1.021439291074108,<=0.03R,2026-06-12 07:30:00+00:00,4.93999999999999,4194.993424010752,4195.78,0.7312859884835824,missing,missing,,3,Friday,asia_late,0.15517732575869264,,True,False,True,True,True,False,False,False,False,True,False,False,True,False,False,False,True,False,False,True,True,2026-06-12 07:30:00+00:00,4193.43,4194.635571088494,9.7228571428572,-0.12399350013889736,False,False,1,1,1,True,False,False,False,False,2026-06-12 07:35:00+00:00|demand|4195.76
23930,15min,m15_2c_1atr,demand,4200.73,4188.54,2026-06-12 16:30:00+00:00,2026-06-12 15:45:00+00:00,2026-06-12 16:00:00+00:00,2026-06-12 16:15:00+00:00,2,1.0008342424437242,1.0951678110761436,0.40689089417557006,2026-06-12 16:30:00+00:00,2026-06-12 16:40:00+00:00,4207.44,4186.819285714286,20.620714285713802,0.0,True,477157,477158,1,4207.54,0.7308684436801879,0.01454847760574542,1.1963698084450323,7.256295680487896,-1.0,stop,2026,2026-06,2026-06-12,0.014548477605736597,-1.0145484776057365,<=0.03R,2026-06-12 16:35:00+00:00,7.123571428571332,4201.92996382746,4207.54,0.7687016337059515,inside,below,22.729999999999563,12,Friday,ny_main,0.7734934965964084,3.1908152010427973,True,False,True,True,True,True,True,True,True,True,True,True,False,False,False,False,False,False,True,True,True,2026-06-12 16:30:00+00:00,4191.03,4199.595450819195,12.62785714285701,-0.6782980455271187,False,False,2,2,2,True,False,False,False,True,2026-06-12 16:40:00+00:00|demand|4207.44
23937,15min,m15_2c_1atr,demand,4288.29,4282.16,2026-06-15 03:15:00+00:00,2026-06-15 02:00:00+00:00,2026-06-15 02:15:00+00:00,2026-06-15 03:00:00+00:00,4,1.2879999999999578,0.4638918918918979,0.4453507340945375,2026-06-15 04:00:00+00:00,2026-06-15 04:15:00+00:00,4296.31,4280.805714285714,15.504285714286198,0.75,True,477284,477285,2,4296.23,0.8653113087673187,4.702570717773732,0.43858840873491006,0.9339353174236965,1.0,tp1,2026,2026-06,2026-06-15,0.019349488620657277,0.9806505113793427,<=0.03R,2026-06-15 04:10:00+00:00,6.492142857142751,4294.683571378464,4296.23,0.867852604828365,missing,missing,,0,Monday,post_close,0.2505226174662828,,True,False,True,True,True,True,False,True,True,True,True,True,True,False,False,False,False,False,False,True,True,2026-06-15 04:00:00+00:00,4296.23,4291.419749987385,14.857857142857224,0.323751262807552,True,True,1,1,1,True,False,False,False,False,2026-06-15 04:15:00+00:00|demand|4296.31
23947,15min,m15_2c_1atr,supply,4359.79,4349.6,2026-06-15 19:30:00+00:00,2026-06-15 18:30:00+00:00,2026-06-15 18:45:00+00:00,2026-06-15 19:15:00+00:00,3,1.4326768066166045,0.9999299081796693,0.3415112855740628,2026-06-16 15:40:00+00:00,2026-06-16 16:05:00+00:00,4347.37,4360.754142857143,13.38414285714316,20.166666666666668,True,477702,477703,4,4347.44,0.9418758256275275,2.542561026374418,0.17109799442836812,0.35190897544001437,1.0,tp1,2026,2026-06,2026-06-16,0.022414584422930678,0.9775854155770693,<=0.03R,2026-06-16 16:00:00+00:00,4.735714285714233,4348.44249793063,4347.44,0.025099075297173992,above,above,3.4700000000002547,12,Tuesday,ny_main,-0.22647015126437442,0.7327300150830182,False,True,True,True,True,False,False,False,False,True,True,True,True,False,False,False,True,False,True,True,True,2026-06-16 16:00:00+00:00,4343.78,4346.072050874618,6.377142857143034,-0.3594165798012508,True,False,4,4,2,True,True,False,True,False,2026-06-16 16:05:00+00:00|supply|4347.37
23953,15min,m15_2c_1atr,demand,4315.77,4306.94,2026-06-16 04:00:00+00:00,2026-06-16 03:15:00+00:00,2026-06-16 03:30:00+00:00,2026-06-16 03:45:00+00:00,2,1.8192371475952993,1.464344941956941,0.593431483578628,2026-06-16 04:05:00+00:00,2026-06-16 04:10:00+00:00,4318.9,4306.061,12.838999999999942,0.08333333333333333,True,477559,477560,0,4318.95,0.4977375565611052,2.8047355713062063,0.8762364670145689,1.8163408365138036,1.0,tp1,2026,2026-06,2026-06-16,0.02336630578705517,0.9766336942129449,<=0.03R,2026-06-16 04:05:00+00:00,4.405000000000135,4316.430611791509,4318.95,0.5022624434388948,missing,missing,,0,Tuesday,post_close,0.5605875615187734,,True,False,True,True,True,False,True,True,True,True,False,False,False,False,True,False,False,False,False,True,True,2026-06-16 04:00:00+00:00,4319.88,4315.43053881561,6.425000000000312,0.6925231415392975,True,False,7,4,2,True,False,False,False,False,2026-06-16 04:10:00+00:00|demand|4318.9
23959,15min,m15_2c_1atr,demand,4332.65,4326.25,2026-06-16 11:15:00+00:00,2026-06-16 10:30:00+00:00,2026-06-16 10:45:00+00:00,2026-06-16 11:00:00+00:00,2,1.547336640069029,0.9661419020918266,0.18906250000001643,2026-06-16 16:55:00+00:00,2026-06-16 17:05:00+00:00,4338.67,4325.115142857143,13.554857142857145,5.666666666666667,True,477714,477715,1,4338.66,0.9575671852899301,0.00959065806670001,1.1899793431980181,0.47879516040637476,-1.0,stop,2026,2026-06,2026-06-16,0.022132287846212212,-1.0221322878462122,<=0.03R,2026-06-16 17:00:00+00:00,5.553571428571494,4337.650690085892,4338.66,1.0,below,below,3.4700000000002547,13,Tuesday,ny_main,0.1835413350162127,0.6248231511254405,True,False,True,True,True,False,True,True,True,True,True,True,True,False,True,False,True,False,True,True,True,2026-06-16 17:00:00+00:00,4335.47,4339.162623708269,7.504285714285743,-0.49206864568593717,False,False,3,3,2,True,False,False,True,False,2026-06-16 17:05:00+00:00|demand|4338.67
23963,15min,m15_2c_1atr,demand,4327.36,4321.63,2026-06-16 19:00:00+00:00,2026-06-16 17:45:00+00:00,2026-06-16 18:00:00+00:00,2026-06-16 18:45:00+00:00,4,1.1324194358717308,0.5757554008468742,0.0680628272250345,2026-06-16 20:20:00+00:00,2026-06-16 20:35:00+00:00,4337.35,4320.811571428571,16.538428571428994,1.3333333333333333,True,477756,477757,2,4337.45,0.7108753315649119,0.7443270651037345,1.1851186414324995,-2.0963297601257183,-1.0,stop,2026,2026-06,2026-06-16,0.018139571042333838,-1.0181395710423338,<=0.03R,2026-06-16 20:30:00+00:00,4.0457142857142445,4336.019619337244,4337.45,0.8435013262598887,below,below,3.4700000000002547,16,Tuesday,ny_main,0.3288370282236891,0.857697740113066,True,False,True,True,True,True,False,True,True,True,True,True,True,False,False,False,True,False,True,True,True,2026-06-16 20:30:00+00:00,4338.54,4337.407771926574,9.277857142856972,0.1220355148815182,True,False,7,4,2,True,True,False,True,False,2026-06-16 20:35:00+00:00|demand|4337.35
23972,15min,m15_2c_1atr,demand,4327.86,4321.43,2026-06-17 08:45:00+00:00,2026-06-17 08:00:00+00:00,2026-06-17 08:15:00+00:00,2026-06-17 08:30:00+00:00,2,1.2948282370706674,1.1327544985528135,0.6516329704511528,2026-06-17 08:55:00+00:00,2026-06-17 09:15:00+00:00,4329.52,4320.642428571429,8.877571428571173,0.16666666666666666,True,477896,477897,3,4329.51,0.582278481012731,0.0,1.0115379045106467,-2.4860402619765507,-1.0,stop,2026,2026-06,2026-06-17,0.03379302576316014,-1.0337930257631602,0.03-0.05R,2026-06-17 09:10:00+00:00,3.718571428571392,4328.449468105964,4329.51,0.8575949367089117,missing,missing,,5,Wednesday,asia_late,0.2878879469171849,,True,False,False,True,False,False,False,False,True,True,False,False,False,False,False,False,False,True,False,True,True,2026-06-17 09:00:00+00:00,4329.51,4328.12520039424,5.988571428571374,0.2312403921832476,True,True,8,4,2,True,False,False,False,False,2026-06-17 09:15:00+00:00|demand|4329.52
23974,15min,m15_2c_1atr,demand,4324.37,4319.33,2026-06-17 12:30:00+00:00,2026-06-17 11:30:00+00:00,2026-06-17 11:45:00+00:00,2026-06-17 12:15:00+00:00,3,1.939719626168183,0.82429906542056,0.7003968253967799,2026-06-17 14:45:00+00:00,2026-06-17 15:25:00+00:00,4326.88,4318.672857142857,8.20714285714348,2.25,True,477970,477971,7,4327.03,0.6895074946465299,6.767275892079551,1.2623150565707955,-7.754221061792314,1.0,tp1,2026,2026-06,2026-06-17,0.036553524804174765,0.9634464751958253,0.03-0.05R,2026-06-17 15:20:00+00:00,3.2942857142857065,4324.879598593148,4327.03,0.8415417558885054,inside,below,4.3400000000001455,11,Wednesday,london_ny_overlap,0.6072337314814608,1.3174327840416777,True,False,False,True,False,False,False,False,False,True,True,False,True,False,True,False,False,True,True,True,True,2026-06-17 15:15:00+00:00,4324.9,4326.1763785712,4.95642857142853,-0.2575198154893543,False,False,7,4,2,True,False,False,False,True,2026-06-17 15:25:00+00:00|demand|4326.88
23977,15min,m15_2c_1atr,demand,4334.41,4324.17,2026-06-17 16:45:00+00:00,2026-06-17 16:00:00+00:00,2026-06-17 16:15:00+00:00,2026-06-17 16:30:00+00:00,2,1.6783625730994416,1.7465886939570794,0.17089843750000364,2026-06-17 17:45:00+00:00,2026-06-17 18:15:00+00:00,4348.17,4322.550714285714,25.61928571428598,1.0,True,478004,478005,5,4348.18,0.674778761061922,1.3368834862129395,1.2353974405442059,-4.739398332729204,1.0,tp1,2026,2026-06,2026-06-17,0.011709928346390711,0.9882900716536093,<=0.03R,2026-06-17 18:10:00+00:00,8.019285714285616,4347.601133272457,4348.18,0.935840707964616,above,above,4.3400000000001455,14,Wednesday,ny_main,0.07093733130486216,0.5411953326801708,True,False,True,True,True,True,False,False,False,True,True,False,False,False,True,False,True,False,True,True,True,2026-06-17 18:00:00+00:00,4348.18,4345.072376666064,9.987857142857072,0.3111401464285829,True,True,14,4,2,True,True,True,False,False,2026-06-17 18:15:00+00:00|demand|4348.17
23980,15min,m15_2c_1atr,demand,4355.38,4331.09,2026-06-17 18:30:00+00:00,2026-06-17 17:45:00+00:00,2026-06-17 18:00:00+00:00,2026-06-17 18:15:00+00:00,2,1.0293275132996627,2.3193288773700704,0.30712227254014196,2026-06-17 18:30:00+00:00,2026-06-17 18:35:00+00:00,4359.03,4329.634714285715,29.39528571428491,0.0,True,478008,478009,0,4359.08,0.5576036866359427,0.7957058226052126,1.4461502573299085,-4.5000413088591635,-1.0,stop,2026,2026-06,2026-06-17,0.010205718118065858,-1.010205718118066,<=0.03R,2026-06-17 18:30:00+00:00,7.406428571428543,4353.685026823224,4359.08,0.6728110599078283,above,above,4.3400000000001455,14,Wednesday,ny_main,0.7216667419699471,0.5859774327322044,True,False,True,True,True,True,True,True,True,True,False,False,False,True,False,False,True,False,True,True,True,2026-06-17 18:30:00+00:00,4358.28,4349.785511810335,10.581428571428594,0.8027732864540467,True,False,7,4,2,True,True,True,False,False,2026-06-17 18:35:00+00:00|demand|4359.03
23991,15min,m15_2c_1atr,supply,4272.76,4263.65,2026-06-18 14:00:00+00:00,2026-06-18 13:15:00+00:00,2026-06-18 13:30:00+00:00,2026-06-18 13:45:00+00:00,2,1.4886999157282204,0.9770933884931446,0.13391877058179766,2026-06-18 15:20:00+00:00,2026-06-18 15:35:00+00:00,4250.22,4274.117285714286,23.897285714285317,1.3333333333333333,True,478248,478249,2,4250.14,0.5599571734475365,0.37870409669957933,1.1126786664355433,0.9821199060264137,-1.0,stop,2026,2026-06,2026-06-18,0.012553726962416741,-1.0125537269624167,<=0.03R,2026-06-18 15:30:00+00:00,6.340714285714122,4252.683924388765,4250.14,0.08886509635974252,below,below,10.88000000000011,11,Thursday,london_ny_overlap,-0.3885878274497128,1.7158950095753684,False,True,True,True,True,True,False,True,True,True,False,False,True,False,False,False,True,False,True,True,True,2026-06-18 15:30:00+00:00,4243.28,4251.707665210136,10.034999999999659,-0.8398271260723936,True,False,5,4,2,True,True,True,False,False,2026-06-18 15:35:00+00:00|supply|4250.22
