direction,pivot_lb,impulse_atr,fib,tol,wait_h,session,atr_pad,tp,n,net,yr_r,wr,pf,dd,mar,pos_years,years_dict,trades_per_year,gate_trades_yr_ge_200,gate_pf_ge_1p3,gate_mar_ge_1p5,gate_pos_years_ge_7,gate_ALL_PASS,label
long,3,1.0,0.382,0.2,24,all,0.5,2.0,2251,151.5414177633872,22.580585271880516,0.43136383829409153,1.126202373505982,-77.54836732354744,0.29118066635329354,5/8,"{2019: -6.85, 2020: 23.3, 2021: -52.5, 2022: 27.33, 2023: -2.21, 2024: 68.03, 2025: 76.73, 2026: 17.71}",335.41257695216996,True,False,False,False,False,long_lb3_imp1.0_fib0.382_tol0.2_wait24h_sessall_pad0.5_TP2.0R
long,3,1.0,0.382,0.2,24,all,0.5,3.0,2251,250.05100518094991,37.259107959672505,0.40915148822745445,1.2003930695549168,-77.4684444176713,0.4809585146539143,6/8,"{2019: -5.67, 2020: 37.72, 2021: -53.58, 2022: 41.67, 2023: 20.23, 2024: 96.77, 2025: 91.82, 2026: 21.09}",335.41257695216996,True,False,False,False,False,long_lb3_imp1.0_fib0.382_tol0.2_wait24h_sessall_pad0.5_TP3.0R
long,3,1.0,0.382,0.2,24,all,0.5,4.0,2251,247.97913529102777,36.95038684954883,0.39804531319413594,1.195038456429805,-77.35662670686546,0.4776628509095712,6/8,"{2019: -16.51, 2020: 41.08, 2021: -51.42, 2022: 41.04, 2023: 20.29, 2024: 99.79, 2025: 100.56, 2026: 13.14}",335.41257695216996,True,False,False,False,False,long_lb3_imp1.0_fib0.382_tol0.2_wait24h_sessall_pad0.5_TP4.0R
long,3,1.0,0.382,0.2,24,london_ny,0.5,2.0,2073,113.716550549877,16.94500398116351,0.42884708152436085,1.1015582888075093,-104.90776599205398,0.16152287507911448,5/8,"{2019: -8.92, 2020: 14.4, 2021: -58.27, 2022: 16.02, 2023: -0.41, 2024: 66.19, 2025: 76.44, 2026: 8.27}",308.89956724060994,True,False,False,False,False,long_lb3_imp1.0_fib0.382_tol0.2_wait24h_sesslondon_ny_pad0.5_TP2.0R
long,3,1.0,0.382,0.2,24,london_ny,0.5,3.0,2073,204.14830809498125,30.420320320039757,0.40762180414857696,1.175959958087701,-89.37902128367665,0.3403519067801142,6/8,"{2019: -9.78, 2020: 31.16, 2021: -58.44, 2022: 34.34, 2023: 18.74, 2024: 82.32, 2025: 97.94, 2026: 7.86}",308.89956724060994,True,False,False,False,False,long_lb3_imp1.0_fib0.382_tol0.2_wait24h_sesslondon_ny_pad0.5_TP3.0R
long,3,1.0,0.382,0.2,24,london_ny,0.5,4.0,2073,197.12779489257937,29.3741874256698,0.39556198745779064,1.1666079934618292,-89.09543702864595,0.329693510748765,5/8,"{2019: -13.54, 2020: 38.34, 2021: -60.93, 2022: 34.68, 2023: 19.76, 2024: 80.78, 2025: 103.15, 2026: -5.11}",308.89956724060994,True,False,False,False,False,long_lb3_imp1.0_fib0.382_tol0.2_wait24h_sesslondon_ny_pad0.5_TP4.0R
long,3,1.0,0.382,0.2,72,all,0.5,2.0,2483,144.0205933705559,21.45993707534374,0.4321385420861861,1.1098080908739245,-93.17517638786298,0.230318180306006,5/8,"{2019: -8.32, 2020: 17.55, 2021: -51.99, 2022: 29.48, 2023: -11.53, 2024: 74.72, 2025: 81.61, 2026: 12.51}",369.98197626487695,True,False,False,False,False,long_lb3_imp1.0_fib0.382_tol0.2_wait72h_sessall_pad0.5_TP2.0R
long,3,1.0,0.382,0.2,72,all,0.5,3.0,2483,256.47520510668414,38.216352496299095,0.4111961337092227,1.1884887464662104,-84.10379718289667,0.45439509007175677,6/8,"{2019: -6.13, 2020: 32.83, 2021: -53.71, 2022: 48.81, 2023: 15.33, 2024: 102.45, 2025: 101.64, 2026: 15.26}",369.98197626487695,True,False,False,False,False,long_lb3_imp1.0_fib0.382_tol0.2_wait72h_sessall_pad0.5_TP3.0R
long,3,1.0,0.382,0.2,72,all,0.5,4.0,2483,262.23431746138874,39.0744949733531,0.40112766814337497,1.1894309232724891,-83.24121948660667,0.46941281271882496,6/8,"{2019: -16.87, 2020: 36.37, 2021: -52.16, 2022: 52.18, 2023: 17.47, 2024: 107.48, 2025: 110.46, 2026: 7.31}",369.98197626487695,True,False,False,False,False,long_lb3_imp1.0_fib0.382_tol0.2_wait72h_sessall_pad0.5_TP4.0R
long,3,1.0,0.382,0.2,72,london_ny,0.5,2.0,2340,101.39201795651465,15.108514456545842,0.4269230769230769,1.0812452076156946,-122.23194852719891,0.12360528191354091,5/8,"{2019: -14.02, 2020: 10.18, 2021: -67.2, 2022: 20.59, 2023: -9.08, 2024: 75.86, 2025: 79.03, 2026: 6.03}",348.68547387507346,True,False,False,False,False,long_lb3_imp1.0_fib0.382_tol0.2_wait72h_sesslondon_ny_pad0.5_TP2.0R
long,3,1.0,0.382,0.2,72,london_ny,0.5,3.0,2340,209.40867868196034,31.204172803321512,0.40683760683760684,1.1623615478133633,-92.54577479629612,0.3371755530925694,6/8,"{2019: -14.87, 2020: 28.82, 2021: -65.11, 2022: 42.79, 2023: 15.5, 2024: 92.3, 2025: 101.36, 2026: 8.62}",348.68547387507346,True,False,False,False,False,long_lb3_imp1.0_fib0.382_tol0.2_wait72h_sesslondon_ny_pad0.5_TP3.0R
long,3,1.0,0.382,0.2,72,london_ny,0.5,4.0,2340,214.02667871099385,31.89230508044914,0.39615384615384613,1.1630364611584645,-92.51765277454312,0.3447158906870207,5/8,"{2019: -18.63, 2020: 37.19, 2021: -68.22, 2022: 45.46, 2023: 19.59, 2024: 92.15, 2025: 109.57, 2026: -3.07}",348.68547387507346,True,False,False,False,False,long_lb3_imp1.0_fib0.382_tol0.2_wait72h_sesslondon_ny_pad0.5_TP4.0R
long,3,1.0,0.5,0.2,24,all,0.5,2.0,2180,137.01690741077388,20.415911832823813,0.41284403669724773,1.1097014537332495,-80.91102743816307,0.25232545524683697,6/8,"{2019: -9.91, 2020: 14.16, 2021: -49.77, 2022: 5.17, 2023: 30.1, 2024: 58.25, 2025: 72.32, 2026: 16.7}",324.82624689612777,True,False,False,False,False,long_lb3_imp1.0_fib0.5_tol0.2_wait24h_sessall_pad0.5_TP2.0R
long,3,1.0,0.5,0.2,24,all,0.5,3.0,2180,188.42401016627556,28.075717452949135,0.37706422018348623,1.1426706956112225,-84.5826442049104,0.3319323688312787,6/8,"{2019: -18.6, 2020: 34.72, 2021: -56.82, 2022: 9.73, 2023: 22.75, 2024: 90.51, 2025: 80.08, 2026: 26.05}",324.82624689612777,True,False,False,False,False,long_lb3_imp1.0_fib0.5_tol0.2_wait24h_sessall_pad0.5_TP3.0R
long,3,1.0,0.5,0.2,24,all,0.5,4.0,2180,239.0825535296233,35.62398557861014,0.3665137614678899,1.1779903409874648,-74.01890024529091,0.48128228682885005,6/8,"{2019: -18.93, 2020: 47.9, 2021: -59.49, 2022: 26.41, 2023: 27.91, 2024: 94.31, 2025: 92.87, 2026: 28.1}",324.82624689612777,True,False,False,False,False,long_lb3_imp1.0_fib0.5_tol0.2_wait24h_sessall_pad0.5_TP4.0R
long,3,1.0,0.5,0.2,24,london_ny,0.5,2.0,2024,120.20908780148645,17.91149854741465,0.4125494071146245,1.1032345368595833,-65.84528238550082,0.27202402204837034,6/8,"{2019: -15.95, 2020: 8.21, 2021: -30.73, 2022: 5.15, 2023: 29.01, 2024: 52.83, 2025: 62.93, 2026: 8.75}",301.5817998705333,True,False,False,False,False,long_lb3_imp1.0_fib0.5_tol0.2_wait24h_sesslondon_ny_pad0.5_TP2.0R
long,3,1.0,0.5,0.2,24,london_ny,0.5,3.0,2024,193.79282793944478,28.875686685760044,0.3814229249011858,1.1583909314408047,-66.50781818131543,0.4341698085334623,6/8,"{2019: -21.1, 2020: 35.57, 2021: -40.87, 2022: 18.9, 2023: 35.34, 2024: 73.92, 2025: 79.99, 2026: 12.05}",301.5817998705333,True,False,False,False,False,long_lb3_imp1.0_fib0.5_tol0.2_wait24h_sesslondon_ny_pad0.5_TP3.0R
long,3,1.0,0.5,0.2,24,london_ny,0.5,4.0,2024,208.23324218203686,31.02734978761627,0.366600790513834,1.1661183813046532,-71.46659026890984,0.4341518137477747,6/8,"{2019: -18.55, 2020: 44.25, 2021: -46.84, 2022: 23.11, 2023: 35.77, 2024: 67.41, 2025: 90.52, 2026: 12.57}",301.5817998705333,True,False,False,False,False,long_lb3_imp1.0_fib0.5_tol0.2_wait24h_sesslondon_ny_pad0.5_TP4.0R
long,3,1.0,0.5,0.2,72,all,0.5,2.0,2442,114.81743140005719,17.108126293547794,0.411957411957412,1.082706022522631,-91.7176733161069,0.186530312806609,5/8,"{2019: -13.07, 2020: -2.22, 2021: -49.23, 2022: 3.08, 2023: 18.58, 2024: 72.11, 2025: 74.26, 2026: 11.31}",363.86499766988254,True,False,False,False,False,long_lb3_imp1.0_fib0.5_tol0.2_wait72h_sessall_pad0.5_TP2.0R
long,3,1.0,0.5,0.2,72,all,0.5,3.0,2442,170.1069308736022,25.34642014985837,0.3787878787878788,1.1162653347965803,-98.0276186158873,0.25856407110302365,6/8,"{2019: -20.77, 2020: 20.7, 2021: -57.61, 2022: 3.98, 2023: 14.23, 2024: 103.9, 2025: 85.02, 2026: 20.66}",363.86499766988254,True,False,False,False,False,long_lb3_imp1.0_fib0.5_tol0.2_wait72h_sessall_pad0.5_TP3.0R
long,3,1.0,0.5,0.2,72,all,0.5,4.0,2442,225.2036025046989,33.55598210508658,0.36936936936936937,1.151587541131143,-87.79673437432676,0.3822007998841801,6/8,"{2019: -21.44, 2020: 35.42, 2021: -60.03, 2022: 21.45, 2023: 21.13, 2024: 107.86, 2025: 98.1, 2026: 22.71}",363.86499766988254,True,False,False,False,False,long_lb3_imp1.0_fib0.5_tol0.2_wait72h_sessall_pad0.5_TP4.0R
long,3,1.0,0.5,0.2,72,london_ny,0.5,2.0,2317,94.13766426217525,14.026781731123908,0.4108761329305136,1.071137150897938,-82.73110795794355,0.16954664427139593,5/8,"{2019: -23.22, 2020: -6.33, 2021: -39.82, 2022: 9.11, 2023: 27.21, 2024: 64.56, 2025: 61.85, 2026: 0.77}",345.23963947629727,True,False,False,False,False,long_lb3_imp1.0_fib0.5_tol0.2_wait72h_sesslondon_ny_pad0.5_TP2.0R
long,3,1.0,0.5,0.2,72,london_ny,0.5,3.0,2317,173.01849808252956,25.780252007226125,0.3815278377211912,1.1249794404660962,-63.2484718501873,0.40760276498521886,6/8,"{2019: -28.37, 2020: 23.42, 2021: -47.17, 2022: 27.53, 2023: 30.47, 2024: 85.14, 2025: 76.93, 2026: 5.07}",345.23963947629727,True,False,False,False,False,long_lb3_imp1.0_fib0.5_tol0.2_wait72h_sesslondon_ny_pad0.5_TP3.0R
long,3,1.0,0.5,0.2,72,london_ny,0.5,4.0,2317,187.73292456633615,27.97274371821873,0.3685800604229607,1.1327307351013522,-70.55833252814381,0.39644848051165554,6/8,"{2019: -25.82, 2020: 33.63, 2021: -52.84, 2022: 28.93, 2023: 32.64, 2024: 77.09, 2025: 87.52, 2026: 6.59}",345.23963947629727,True,False,False,False,False,long_lb3_imp1.0_fib0.5_tol0.2_wait72h_sesslondon_ny_pad0.5_TP4.0R
long,3,1.0,0.618,0.2,24,all,0.5,2.0,2056,143.28957846581463,21.35981608602354,0.4022373540856031,1.1143978720794105,-51.137452947307715,0.41769417237172135,6/8,"{2019: -10.87, 2020: 23.87, 2021: -33.1, 2022: 14.1, 2023: 16.99, 2024: 57.17, 2025: 62.94, 2026: 12.2}",306.48273477433406,True,False,False,False,False,long_lb3_imp1.0_fib0.618_tol0.2_wait24h_sessall_pad0.5_TP2.0R
long,3,1.0,0.618,0.2,24,all,0.5,3.0,2056,300.87060922433886,44.850022922322644,0.3633268482490272,1.2256881783453721,-59.613191873629596,0.7523506377145095,6/8,"{2019: -3.96, 2020: 52.52, 2021: -40.42, 2022: 26.21, 2023: 34.32, 2024: 86.0, 2025: 121.76, 2026: 24.45}",306.48273477433406,True,False,False,False,False,long_lb3_imp1.0_fib0.618_tol0.2_wait24h_sessall_pad0.5_TP3.0R
long,3,1.0,0.618,0.2,24,all,0.5,4.0,2056,315.24999229099075,46.993521291308646,0.3419260700389105,1.2288720748430366,-79.31235138847072,0.592512016963601,6/8,"{2019: -8.28, 2020: 68.67, 2021: -53.32, 2022: 18.9, 2023: 20.22, 2024: 116.98, 2025: 132.07, 2026: 20.02}",306.48273477433406,True,False,False,False,False,long_lb3_imp1.0_fib0.618_tol0.2_wait24h_sessall_pad0.5_TP4.0R
long,3,1.0,0.618,0.2,24,london_ny,0.5,2.0,1924,135.24290567004059,20.16123312086689,0.40384615384615385,1.1155368526105058,-49.85944378351791,0.4043613725095668,6/8,"{2019: -15.5, 2020: 19.32, 2021: -36.15, 2022: 17.48, 2023: 11.71, 2024: 57.76, 2025: 61.28, 2026: 19.34}",286.81883409978246,True,False,False,False,False,long_lb3_imp1.0_fib0.618_tol0.2_wait24h_sesslondon_ny_pad0.5_TP2.0R
long,3,1.0,0.618,0.2,24,london_ny,0.5,3.0,1924,257.5204724152936,38.38966821984392,0.3633056133056133,1.2063747524848747,-60.73243641077814,0.632111446347819,6/8,"{2019: -12.0, 2020: 38.55, 2021: -48.94, 2022: 39.04, 2023: 26.68, 2024: 75.46, 2025: 113.51, 2026: 25.23}",286.81883409978246,True,False,False,False,False,long_lb3_imp1.0_fib0.618_tol0.2_wait24h_sesslondon_ny_pad0.5_TP3.0R
long,3,1.0,0.618,0.2,24,london_ny,0.5,4.0,1924,282.5215622659011,42.11668664093287,0.3425155925155925,1.2193673641170697,-73.32632438924853,0.5743733507949872,6/8,"{2019: -14.06, 2020: 42.33, 2021: -56.06, 2022: 34.68, 2023: 12.21, 2024: 101.35, 2025: 143.18, 2026: 18.9}",286.81883409978246,True,False,False,False,False,long_lb3_imp1.0_fib0.618_tol0.2_wait24h_sesslondon_ny_pad0.5_TP4.0R
long,3,1.0,0.618,0.2,72,all,0.5,2.0,2334,143.07174309197953,21.32734391622608,0.40102827763496146,1.1012214973432226,-59.43803458957524,0.3588164390611707,6/8,"{2019: -19.83, 2020: 14.47, 2021: -20.97, 2022: 3.48, 2023: 7.13, 2024: 69.86, 2025: 78.4, 2026: 10.55}",347.9234936591905,True,False,False,False,False,long_lb3_imp1.0_fib0.618_tol0.2_wait72h_sessall_pad0.5_TP2.0R
long,3,1.0,0.618,0.2,72,all,0.5,3.0,2334,294.3377625456997,43.8761879437571,0.3628963153384747,1.1959312925078742,-68.10434182809537,0.6442494966694865,6/8,"{2019: -12.93, 2020: 42.12, 2021: -34.88, 2022: 15.05, 2023: 22.29, 2024: 103.1, 2025: 136.57, 2026: 23.03}",347.9234936591905,True,False,False,False,False,long_lb3_imp1.0_fib0.618_tol0.2_wait72h_sessall_pad0.5_TP3.0R
long,3,1.0,0.618,0.2,72,all,0.5,4.0,2334,303.2035404608925,45.197787098110304,0.34318766066838047,1.195788604644266,-83.14069151970784,0.5436301559675688,6/8,"{2019: -17.25, 2020: 59.16, 2021: -47.36, 2022: 7.65, 2023: 6.17, 2024: 128.92, 2025: 147.7, 2026: 18.22}",347.9234936591905,True,False,False,False,False,long_lb3_imp1.0_fib0.618_tol0.2_wait72h_sessall_pad0.5_TP4.0R
long,3,1.0,0.618,0.2,72,london_ny,0.5,2.0,2219,129.70928816821555,19.336313307858777,0.40063091482649843,1.0964146921303857,-63.93745147373129,0.30242546210655746,6/8,"{2019: -23.55, 2020: 3.74, 2021: -24.86, 2022: 8.09, 2023: 1.92, 2024: 82.32, 2025: 69.64, 2026: 12.4}",330.79573433857445,True,False,False,False,False,long_lb3_imp1.0_fib0.618_tol0.2_wait72h_sesslondon_ny_pad0.5_TP2.0R
long,3,1.0,0.618,0.2,72,london_ny,0.5,3.0,2219,243.32729990018282,36.27383184096598,0.36097341144659756,1.169917381671332,-72.52701041758976,0.5001423832598593,6/8,"{2019: -19.05, 2020: 18.5, 2021: -48.7, 2022: 27.55, 2023: 14.73, 2024: 105.03, 2025: 125.66, 2026: 19.6}",330.79573433857445,True,False,False,False,False,long_lb3_imp1.0_fib0.618_tol0.2_wait72h_sesslondon_ny_pad0.5_TP3.0R
long,3,1.0,0.618,0.2,72,london_ny,0.5,4.0,2219,261.440791966102,38.9740868699798,0.3420459666516449,1.177345196001222,-93.8715125032065,0.4151854575545324,5/8,"{2019: -20.1, 2020: 22.55, 2021: -55.39, 2022: 22.04, 2023: -1.76, 2024: 126.54, 2025: 153.29, 2026: 14.27}",330.79573433857445,True,False,False,False,False,long_lb3_imp1.0_fib0.618_tol0.2_wait72h_sesslondon_ny_pad0.5_TP4.0R
long,3,1.0,0.786,0.2,24,all,0.5,2.0,1837,-42.571329343428154,-6.345784877933677,0.38160043549265105,0.967839797920787,-137.0492240117423,-0.04630296102508376,4/8,"{2019: -13.15, 2020: -63.04, 2021: -28.79, 2022: 8.54, 2023: -13.92, 2024: 32.8, 2025: 18.17, 2026: 16.82}",273.8276441105243,True,False,False,False,False,long_lb3_imp1.0_fib0.786_tol0.2_wait24h_sessall_pad0.5_TP2.0R
long,3,1.0,0.786,0.2,24,all,0.5,3.0,1837,102.42878829205014,15.268281865600297,0.326619488296135,1.0716049143480335,-114.1150342541892,0.13379728591756343,5/8,"{2019: -5.08, 2020: -38.1, 2021: -37.09, 2022: 39.33, 2023: 15.09, 2024: 70.75, 2025: 35.98, 2026: 21.54}",273.8276441105243,True,False,False,False,False,long_lb3_imp1.0_fib0.786_tol0.2_wait24h_sessall_pad0.5_TP3.0R
long,3,1.0,0.786,0.2,24,all,0.5,4.0,1837,106.30695540656919,15.846370795614265,0.2874251497005988,1.070370184171987,-123.52744991565022,0.12828218186674167,5/8,"{2019: -5.91, 2020: -40.88, 2021: -36.34, 2022: 34.6, 2023: 4.15, 2024: 88.77, 2025: 49.24, 2026: 12.68}",273.8276441105243,True,False,False,False,False,long_lb3_imp1.0_fib0.786_tol0.2_wait24h_sessall_pad0.5_TP4.0R
long,3,1.0,0.786,0.2,24,london_ny,0.5,2.0,1722,-48.692823002596,-7.258310606953335,0.3797909407665505,0.9609965832473325,-145.00366105139017,-0.05005605068399581,4/8,"{2019: -17.53, 2020: -66.69, 2021: -32.88, 2022: 3.38, 2023: -8.07, 2024: 46.82, 2025: 10.25, 2026: 16.03}",256.68692210569276,True,False,False,False,False,long_lb3_imp1.0_fib0.786_tol0.2_wait24h_sesslondon_ny_pad0.5_TP2.0R
long,3,1.0,0.786,0.2,24,london_ny,0.5,3.0,1722,78.64122007894866,11.722516104937128,0.3228803716608595,1.0581860707238055,-109.87754316287102,0.10668709699452318,5/8,"{2019: -12.46, 2020: -37.75, 2021: -34.67, 2022: 24.44, 2023: 3.02, 2024: 83.4, 2025: 31.92, 2026: 20.75}",256.68692210569276,True,False,False,False,False,long_lb3_imp1.0_fib0.786_tol0.2_wait24h_sesslondon_ny_pad0.5_TP3.0R
long,3,1.0,0.786,0.2,24,london_ny,0.5,4.0,1722,120.15335356397166,17.910449771784528,0.2886178861788618,1.0847813841112468,-118.94210993017367,0.15058123470568213,5/8,"{2019: -11.29, 2020: -44.82, 2021: -32.51, 2022: 28.7, 2023: 17.73, 2024: 102.28, 2025: 51.17, 2026: 8.89}",256.68692210569276,True,False,False,False,False,long_lb3_imp1.0_fib0.786_tol0.2_wait24h_sesslondon_ny_pad0.5_TP4.0R
long,3,1.0,0.786,0.2,72,all,0.5,2.0,2154,-47.660602638937675,-7.1044042120349165,0.3788300835654596,0.9688941561508246,-154.5652232549367,-0.045963794846121744,3/8,"{2019: -14.69, 2020: -67.86, 2021: -32.67, 2022: -4.93, 2023: -12.43, 2024: 44.05, 2025: 13.35, 2026: 27.52}",321.08042755256906,True,False,False,False,False,long_lb3_imp1.0_fib0.786_tol0.2_wait72h_sessall_pad0.5_TP2.0R
long,3,1.0,0.786,0.2,72,all,0.5,3.0,2154,100.90770410310867,15.041545393117111,0.32358402971216343,1.0608986634802877,-138.9670106669551,0.10823824532834851,5/8,"{2019: -2.62, 2020: -39.46, 2021: -52.98, 2022: 29.87, 2023: 15.28, 2024: 92.82, 2025: 26.74, 2026: 31.26}",321.08042755256906,True,False,False,False,False,long_lb3_imp1.0_fib0.786_tol0.2_wait72h_sessall_pad0.5_TP3.0R
long,3,1.0,0.786,0.2,72,all,0.5,4.0,2154,79.83256145033766,11.900033873301373,0.28458681522748375,1.0456259712857354,-165.68177977454434,0.07182463810742885,5/8,"{2019: -7.14, 2020: -40.61, 2021: -57.3, 2022: 17.27, 2023: 1.71, 2024: 110.89, 2025: 41.62, 2026: 13.39}",321.08042755256906,True,False,False,False,False,long_lb3_imp1.0_fib0.786_tol0.2_wait72h_sessall_pad0.5_TP4.0R
long,3,1.0,0.786,0.2,72,london_ny,0.5,2.0,2048,-66.53730708896802,-9.918267457531064,0.375,0.9547334935305949,-183.8948409306879,-0.05393445192554028,3/8,"{2019: -19.07, 2020: -82.47, 2021: -42.79, 2022: -14.44, 2023: -0.95, 2024: 57.72, 2025: 10.79, 2026: 24.67}",305.2815426669331,True,False,False,False,False,long_lb3_imp1.0_fib0.786_tol0.2_wait72h_sesslondon_ny_pad0.5_TP2.0R
long,3,1.0,0.786,0.2,72,london_ny,0.5,3.0,2048,62.316003413523305,9.289026198690557,0.31787109375,1.039115796396521,-142.15645880910643,0.06534368031187557,5/8,"{2019: -10.0, 2020: -52.82, 2021: -48.06, 2022: 10.61, 2023: 6.82, 2024: 105.13, 2025: 24.81, 2026: 25.82}",305.2815426669331,True,False,False,False,False,long_lb3_imp1.0_fib0.786_tol0.2_wait72h_sesslondon_ny_pad0.5_TP3.0R
long,3,1.0,0.786,0.2,72,london_ny,0.5,4.0,2048,91.90715524376333,13.699979558078796,0.28466796875,1.055059776630448,-168.32939285843676,0.08138792236719071,5/8,"{2019: -12.52, 2020: -55.27, 2021: -51.96, 2022: 6.65, 2023: 24.41, 2024: 121.52, 2025: 45.12, 2026: 13.95}",305.2815426669331,True,False,False,False,False,long_lb3_imp1.0_fib0.786_tol0.2_wait72h_sesslondon_ny_pad0.5_TP4.0R
short,3,1.0,0.382,0.2,24,all,0.5,2.0,2239,-210.82413593863976,-31.42038790231079,0.3586422510049129,0.8417446149932589,-229.3599397610814,-0.1369916121143066,1/8,"{2019: -37.58, 2020: -24.78, 2021: -45.92, 2022: -2.1, 2023: -0.21, 2024: -65.32, 2025: -47.18, 2026: 12.26}",333.6916250127512,True,False,False,False,False,short_lb3_imp1.0_fib0.382_tol0.2_wait24h_sessall_pad0.5_TP2.0R
short,3,1.0,0.382,0.2,24,all,0.5,3.0,2239,-217.73384492799127,-32.45018335609459,0.33363108530594016,0.8426221797894771,-246.92747842627077,-0.13141584550616864,2/8,"{2019: -42.92, 2020: -21.43, 2021: -33.0, 2022: 10.17, 2023: -14.68, 2024: -66.81, 2025: -62.66, 2026: 13.61}",333.6916250127512,True,False,False,False,False,short_lb3_imp1.0_fib0.382_tol0.2_wait24h_sessall_pad0.5_TP3.0R
short,3,1.0,0.382,0.2,24,all,0.5,4.0,2239,-181.89098421165164,-27.10830642999317,0.3278249218401072,0.8695154939476153,-217.22051107591912,-0.12479625563775029,1/8,"{2019: -40.63, 2020: -11.85, 2021: -13.62, 2022: -9.72, 2023: -12.62, 2024: -55.22, 2025: -58.97, 2026: 20.74}",333.6916250127512,True,False,False,False,False,short_lb3_imp1.0_fib0.382_tol0.2_wait24h_sessall_pad0.5_TP4.0R
short,3,1.0,0.382,0.2,24,london_ny,0.5,2.0,2083,-206.20499573915606,-30.74163883450441,0.35909745559289485,0.8345893376104185,-215.06612353029342,-0.14294040516415527,1/8,"{2019: -38.48, 2020: -28.39, 2021: -23.51, 2022: -8.21, 2023: -11.71, 2024: -50.01, 2025: -48.48, 2026: 2.58}",310.53968145987636,True,False,False,False,False,short_lb3_imp1.0_fib0.382_tol0.2_wait24h_sesslondon_ny_pad0.5_TP2.0R
short,3,1.0,0.382,0.2,24,london_ny,0.5,3.0,2083,-224.30678479080998,-33.44030604811674,0.3355736917906865,0.8262718593590128,-241.80717653724372,-0.13829327370259495,2/8,"{2019: -44.82, 2020: -26.61, 2021: -20.53, 2022: 5.08, 2023: -24.15, 2024: -53.9, 2025: -64.06, 2026: 4.7}",310.53968145987636,True,False,False,False,False,short_lb3_imp1.0_fib0.382_tol0.2_wait24h_sesslondon_ny_pad0.5_TP3.0R
short,3,1.0,0.382,0.2,24,london_ny,0.5,4.0,2083,-189.23050652576978,-28.211032750361788,0.3298127700432069,0.8544875094340573,-210.98783336570182,-0.13370928693060732,1/8,"{2019: -42.69, 2020: -22.67, 2021: -1.0, 2022: -11.5, 2023: -15.11, 2024: -44.09, 2025: -62.1, 2026: 9.95}",310.53968145987636,True,False,False,False,False,short_lb3_imp1.0_fib0.382_tol0.2_wait24h_sesslondon_ny_pad0.5_TP4.0R
short,3,1.0,0.382,0.2,72,all,0.5,2.0,2437,-217.41654427125422,-32.40202189602637,0.36192039392695935,0.8481225292875618,-231.28135433481737,-0.14009785609054837,3/8,"{2019: -40.72, 2020: -31.12, 2021: -51.42, 2022: 16.46, 2023: 0.19, 2024: -60.51, 2025: -55.14, 2026: 4.83}",363.1909780614449,True,False,False,False,False,short_lb3_imp1.0_fib0.382_tol0.2_wait72h_sessall_pad0.5_TP2.0R
short,3,1.0,0.382,0.2,72,all,0.5,3.0,2437,-225.80097302887577,-33.6515700622008,0.33771029954862536,0.8480475839905793,-251.66972330056407,-0.13371322390660162,2/8,"{2019: -46.07, 2020: -26.2, 2021: -37.46, 2022: 30.07, 2023: -15.28, 2024: -67.54, 2025: -70.5, 2026: 7.18}",363.1909780614449,True,False,False,False,False,short_lb3_imp1.0_fib0.382_tol0.2_wait72h_sessall_pad0.5_TP3.0R
short,3,1.0,0.382,0.2,72,all,0.5,4.0,2437,-180.91849699108604,-26.962645002707887,0.3323758719737382,0.8791018411481932,-213.9231406287623,-0.1260389358694873,2/8,"{2019: -43.78, 2020: -13.83, 2021: -15.08, 2022: 9.29, 2023: -13.24, 2024: -53.79, 2025: -65.81, 2026: 15.32}",363.1909780614449,True,False,False,False,False,short_lb3_imp1.0_fib0.382_tol0.2_wait72h_sessall_pad0.5_TP4.0R
short,3,1.0,0.382,0.2,72,london_ny,0.5,2.0,2318,-183.21946279748846,-27.314888917129974,0.365832614322692,0.8648000133641859,-195.55956764732608,-0.13967554359902193,1/8,"{2019: -39.81, 2020: -22.39, 2021: -24.73, 2022: 12.64, 2023: -8.26, 2024: -50.51, 2025: -48.51, 2026: -1.66}",345.5741630456041,True,False,False,False,False,short_lb3_imp1.0_fib0.382_tol0.2_wait72h_sesslondon_ny_pad0.5_TP2.0R
short,3,1.0,0.382,0.2,72,london_ny,0.5,3.0,2318,-207.55640857368536,-30.943111379466252,0.34210526315789475,0.8523737447083136,-228.14126524953303,-0.1356313657050238,2/8,"{2019: -46.15, 2020: -16.06, 2021: -19.86, 2022: 23.65, 2023: -21.03, 2024: -61.03, 2025: -67.7, 2026: 0.62}",345.5741630456041,True,False,False,False,False,short_lb3_imp1.0_fib0.382_tol0.2_wait72h_sesslondon_ny_pad0.5_TP3.0R
short,3,1.0,0.382,0.2,72,london_ny,0.5,4.0,2318,-163.30434823604793,-24.345885877213178,0.3364969801553063,0.8846591729442382,-183.58157660152222,-0.132616171665514,3/8,"{2019: -44.02, 2020: -7.39, 2021: 3.59, 2022: 7.18, 2023: -11.01, 2024: -50.22, 2025: -64.73, 2026: 3.31}",345.5741630456041,True,False,False,False,False,short_lb3_imp1.0_fib0.382_tol0.2_wait72h_sesslondon_ny_pad0.5_TP4.0R
short,3,1.0,0.5,0.2,24,all,0.5,2.0,2225,-210.1781887097976,-31.32811321498858,0.3510112359550562,0.8505525838911884,-218.41844799334038,-0.14343162632463985,2/8,"{2019: -28.46, 2020: -24.79, 2021: -55.88, 2022: -6.72, 2023: 8.01, 2024: -57.12, 2025: -46.22, 2026: 1.01}",331.64740990129314,True,False,False,False,False,short_lb3_imp1.0_fib0.5_tol0.2_wait24h_sessall_pad0.5_TP2.0R
short,3,1.0,0.5,0.2,24,all,0.5,3.0,2225,-179.82217284924758,-26.803396794730606,0.31910112359550563,0.8780622864143272,-205.1734536451066,-0.1306377424493379,3/8,"{2019: -35.8, 2020: -12.08, 2021: -35.13, 2022: 7.85, 2023: 13.56, 2024: -78.08, 2025: -57.88, 2026: 17.75}",331.64740990129314,True,False,False,False,False,short_lb3_imp1.0_fib0.5_tol0.2_wait24h_sessall_pad0.5_TP3.0R
short,3,1.0,0.5,0.2,24,all,0.5,4.0,2225,-165.45179503501672,-24.661419904217045,0.30786516853932583,0.889432689638825,-204.29415738504065,-0.12071524814944544,2/8,"{2019: -33.17, 2020: -8.2, 2021: -21.96, 2022: 9.11, 2023: -2.09, 2024: -59.35, 2025: -65.06, 2026: 15.26}",331.64740990129314,True,False,False,False,False,short_lb3_imp1.0_fib0.5_tol0.2_wait24h_sessall_pad0.5_TP4.0R
short,3,1.0,0.5,0.2,24,london_ny,0.5,2.0,2080,-218.32759444604113,-32.53613806909189,0.35144230769230766,0.8347315798443636,-218.1527396854807,-0.14914384351074622,0/8,"{2019: -30.31, 2020: -25.87, 2021: -39.95, 2022: -10.55, 2023: -7.63, 2024: -46.0, 2025: -45.99, 2026: -12.03}",309.9707453628213,True,False,False,False,False,short_lb3_imp1.0_fib0.5_tol0.2_wait24h_sesslondon_ny_pad0.5_TP2.0R
short,3,1.0,0.5,0.2,24,london_ny,0.5,3.0,2080,-219.35135957189001,-32.688704049445654,0.31875,0.8416155810659391,-224.76235511427464,-0.14543673931885046,0/8,"{2019: -34.75, 2020: -16.84, 2021: -24.95, 2022: -5.12, 2023: -7.2, 2024: -61.64, 2025: -66.5, 2026: -2.35}",309.9707453628213,True,False,False,False,False,short_lb3_imp1.0_fib0.5_tol0.2_wait24h_sesslondon_ny_pad0.5_TP3.0R
short,3,1.0,0.5,0.2,24,london_ny,0.5,4.0,2080,-209.32559821915893,-31.194621011303436,0.30817307692307694,0.8508441581776821,-220.67150995525355,-0.1413622493344469,1/8,"{2019: -33.11, 2020: -16.1, 2021: -17.77, 2022: 0.82, 2023: -15.08, 2024: -47.22, 2025: -77.17, 2026: -3.68}",309.9707453628213,True,False,False,False,False,short_lb3_imp1.0_fib0.5_tol0.2_wait24h_sesslondon_ny_pad0.5_TP4.0R
short,3,1.0,0.5,0.2,72,all,0.5,2.0,2442,-225.05397895848037,-33.54456878783308,0.3525798525798526,0.8527681369901258,-235.5628253803796,-0.14240179338003076,1/8,"{2019: -33.14, 2020: -28.67, 2021: -59.04, 2022: -0.65, 2023: 0.68, 2024: -49.53, 2025: -54.37, 2026: -0.33}",363.9830646806774,True,False,False,False,False,short_lb3_imp1.0_fib0.5_tol0.2_wait72h_sessall_pad0.5_TP2.0R
short,3,1.0,0.5,0.2,72,all,0.5,3.0,2442,-208.60386002375424,-31.092658589543454,0.3202293202293202,0.8699218005515488,-234.70406768651844,-0.13247601073140428,3/8,"{2019: -40.49, 2020: -21.41, 2021: -38.83, 2022: 15.64, 2023: 3.61, 2024: -73.58, 2025: -68.01, 2026: 14.46}",363.9830646806774,True,False,False,False,False,short_lb3_imp1.0_fib0.5_tol0.2_wait72h_sessall_pad0.5_TP3.0R
short,3,1.0,0.5,0.2,72,all,0.5,4.0,2442,-184.2484147182766,-27.462449898327087,0.30999180999181,0.8866418267622932,-213.52161354002772,-0.12861672147854417,2/8,"{2019: -37.85, 2020: -15.6, 2021: -22.19, 2022: 18.62, 2023: -12.37, 2024: -53.64, 2025: -74.18, 2026: 12.97}",363.9830646806774,True,False,False,False,False,short_lb3_imp1.0_fib0.5_tol0.2_wait72h_sessall_pad0.5_TP4.0R
short,3,1.0,0.5,0.2,72,london_ny,0.5,2.0,2329,-220.09463033627253,-32.799469526773564,0.35766423357664234,0.8488477326643005,-221.1363288223854,-0.14832239325596197,1/8,"{2019: -34.91, 2020: -28.2, 2021: -40.58, 2022: 0.81, 2023: -10.12, 2024: -44.89, 2025: -50.09, 2026: -12.11}",347.0778201682744,True,False,False,False,False,short_lb3_imp1.0_fib0.5_tol0.2_wait72h_sesslondon_ny_pad0.5_TP2.0R
short,3,1.0,0.5,0.2,72,london_ny,0.5,3.0,2329,-244.2372235035279,-36.39730491093005,0.32374409617861744,0.8402733590989349,-247.55363112882318,-0.14702795812350433,1/8,"{2019: -39.35, 2020: -19.81, 2021: -25.26, 2022: 7.11, 2023: -11.67, 2024: -71.31, 2025: -75.46, 2026: -8.48}",347.0778201682744,True,False,False,False,False,short_lb3_imp1.0_fib0.5_tol0.2_wait72h_sesslondon_ny_pad0.5_TP3.0R
short,3,1.0,0.5,0.2,72,london_ny,0.5,4.0,2329,-221.6835908179138,-33.036263404103565,0.3142979819665092,0.8567534660517144,-228.32437449396392,-0.14469004230197474,1/8,"{2019: -37.71, 2020: -16.15, 2021: -13.07, 2022: 16.76, 2023: -18.88, 2024: -58.69, 2025: -84.14, 2026: -9.82}",347.0778201682744,True,False,False,False,False,short_lb3_imp1.0_fib0.5_tol0.2_wait72h_sesslondon_ny_pad0.5_TP4.0R
short,3,1.0,0.618,0.2,24,all,0.5,2.0,2147,-161.86772146688577,-24.12429015210113,0.35072193758733117,0.8868279738879342,-180.4366744668357,-0.13369948334164836,2/8,"{2019: -31.75, 2020: -3.86, 2021: -44.17, 2022: -15.08, 2023: 13.84, 2024: -26.94, 2025: -69.33, 2026: 15.42}",319.9825789056844,True,False,False,False,False,short_lb3_imp1.0_fib0.618_tol0.2_wait24h_sessall_pad0.5_TP2.0R
short,3,1.0,0.618,0.2,24,all,0.5,3.0,2147,-154.1702671745028,-22.97708415513544,0.30041918956683744,0.899538029796964,-196.22846987032216,-0.117093529651023,3/8,"{2019: -41.11, 2020: -3.17, 2021: -40.8, 2022: 7.14, 2023: 12.67, 2024: -52.4, 2025: -70.64, 2026: 34.15}",319.9825789056844,True,False,False,False,False,short_lb3_imp1.0_fib0.618_tol0.2_wait24h_sessall_pad0.5_TP3.0R
short,3,1.0,0.618,0.2,24,all,0.5,4.0,2147,-132.36908937301325,-19.727900598497346,0.28365160689333957,0.915747769903382,-193.06522290771505,-0.1021825697107928,3/8,"{2019: -41.07, 2020: 9.78, 2021: -37.48, 2022: 19.49, 2023: -8.52, 2024: -47.77, 2025: -66.55, 2026: 39.76}",319.9825789056844,True,False,False,False,False,short_lb3_imp1.0_fib0.618_tol0.2_wait24h_sessall_pad0.5_TP4.0R
short,3,1.0,0.618,0.2,24,london_ny,0.5,2.0,2000,-211.45258886288934,-31.512665956878834,0.341,0.8440867455162685,-218.18597943145636,-0.14443029767079332,0/8,"{2019: -22.37, 2020: -4.8, 2021: -38.69, 2022: -25.1, 2023: -1.87, 2024: -40.06, 2025: -76.9, 2026: -1.66}",298.0589277846332,True,False,False,False,False,short_lb3_imp1.0_fib0.618_tol0.2_wait24h_sesslondon_ny_pad0.5_TP2.0R
short,3,1.0,0.618,0.2,24,london_ny,0.5,3.0,2000,-235.383595595466,-35.079091060638156,0.2895,0.8383176330801131,-251.52009918383632,-0.13946834139485134,1/8,"{2019: -32.93, 2020: -4.62, 2021: -30.09, 2022: -5.19, 2023: -12.19, 2024: -64.24, 2025: -89.53, 2026: 3.41}",298.0589277846332,True,False,False,False,False,short_lb3_imp1.0_fib0.618_tol0.2_wait24h_sesslondon_ny_pad0.5_TP3.0R
short,3,1.0,0.618,0.2,24,london_ny,0.5,4.0,2000,-220.6397396495541,-32.881822113313355,0.2745,0.8515346708493932,-250.4654141428205,-0.13128288480805364,2/8,"{2019: -35.89, 2020: -4.14, 2021: -32.38, 2022: 10.1, 2023: -31.93, 2024: -47.58, 2025: -84.62, 2026: 5.8}",298.0589277846332,True,False,False,False,False,short_lb3_imp1.0_fib0.618_tol0.2_wait24h_sesslondon_ny_pad0.5_TP4.0R
short,3,1.0,0.618,0.2,72,all,0.5,2.0,2390,-176.1687909178518,-26.25567957177016,0.35355648535564854,0.8882562623222263,-193.65166869178972,-0.1355819949765469,2/8,"{2019: -37.65, 2020: -11.55, 2021: -43.06, 2022: -22.06, 2023: 19.56, 2024: -10.43, 2025: -80.3, 2026: 9.31}",356.1985857403753,True,False,False,False,False,short_lb3_imp1.0_fib0.618_tol0.2_wait72h_sessall_pad0.5_TP2.0R
short,3,1.0,0.618,0.2,72,all,0.5,3.0,2390,-177.64228192307382,-26.475284346733023,0.30460251046025105,0.8949145373483136,-213.32954647792383,-0.12410509835060653,3/8,"{2019: -47.01, 2020: -17.43, 2021: -38.37, 2022: 4.36, 2023: 17.4, 2024: -40.04, 2025: -80.29, 2026: 23.73}",356.1985857403753,True,False,False,False,False,short_lb3_imp1.0_fib0.618_tol0.2_wait72h_sessall_pad0.5_TP3.0R
short,3,1.0,0.618,0.2,72,all,0.5,4.0,2390,-142.63918418341655,-21.25852538798907,0.2891213389121339,0.9174559769479654,-184.93674284526844,-0.1149502530482842,2/8,"{2019: -46.97, 2020: -0.48, 2021: -35.04, 2022: 20.31, 2023: -1.51, 2024: -34.32, 2025: -74.97, 2026: 30.34}",356.1985857403753,True,False,False,False,False,short_lb3_imp1.0_fib0.618_tol0.2_wait72h_sessall_pad0.5_TP4.0R
short,3,1.0,0.618,0.2,72,london_ny,0.5,2.0,2264,-215.03498398271083,-32.04654838103628,0.3458480565371025,0.8580816664172963,-215.32007490333194,-0.14883214393931266,1/8,"{2019: -27.09, 2020: -7.17, 2021: -36.21, 2022: -32.08, 2023: 9.01, 2024: -29.21, 2025: -84.18, 2026: -8.09}",337.4027062522048,True,False,False,False,False,short_lb3_imp1.0_fib0.618_tol0.2_wait72h_sesslondon_ny_pad0.5_TP2.0R
short,3,1.0,0.618,0.2,72,london_ny,0.5,3.0,2264,-258.90571737435704,-38.58458025895607,0.2946113074204947,0.8408639266011075,-259.8294051245658,-0.1484996674662673,0/8,"{2019: -37.66, 2020: -9.03, 2021: -28.94, 2022: -7.0, 2023: -4.0, 2024: -64.81, 2025: -97.45, 2026: -10.02}",337.4027062522048,True,False,False,False,False,short_lb3_imp1.0_fib0.618_tol0.2_wait72h_sesslondon_ny_pad0.5_TP3.0R
short,3,1.0,0.618,0.2,72,london_ny,0.5,4.0,2264,-226.84597997198816,-33.80673478135258,0.28136042402826855,0.8631184018346153,-244.80704992443293,-0.1380954298162085,1/8,"{2019: -40.62, 2020: -2.55, 2021: -25.22, 2022: 12.88, 2023: -21.46, 2024: -51.54, 2025: -90.7, 2026: -7.63}",337.4027062522048,True,False,False,False,False,short_lb3_imp1.0_fib0.618_tol0.2_wait72h_sesslondon_ny_pad0.5_TP4.0R
short,3,1.0,0.786,0.2,24,all,0.5,2.0,1927,-222.52362665392727,-33.17028373218558,0.32952776336274003,0.8407919036010737,-235.86133523378203,-0.14063468138729784,0/8,"{2019: -19.7, 2020: -37.48, 2021: -41.26, 2022: -41.78, 2023: -16.01, 2024: -43.32, 2025: -18.57, 2026: -4.4}",287.24651720390034,True,False,False,False,False,short_lb3_imp1.0_fib0.786_tol0.2_wait24h_sessall_pad0.5_TP2.0R
short,3,1.0,0.786,0.2,24,all,0.5,3.0,1927,-202.86970640332447,-30.240589834215235,0.26310326933056566,0.8677817113733773,-217.95332269736141,-0.13874801017007543,1/8,"{2019: -26.64, 2020: -26.31, 2021: -35.73, 2022: -9.99, 2023: -29.3, 2024: -52.29, 2025: -27.88, 2026: 5.27}",287.24651720390034,True,False,False,False,False,short_lb3_imp1.0_fib0.786_tol0.2_wait24h_sessall_pad0.5_TP3.0R
short,3,1.0,0.786,0.2,24,all,0.5,4.0,1927,-100.00981938617204,-14.907873536517402,0.23975090814737934,0.9368164111982027,-108.86439763983651,-0.13693984314172328,2/8,"{2019: -35.04, 2020: -13.44, 2021: -9.48, 2022: 30.21, 2023: -22.1, 2024: -37.76, 2025: -15.3, 2026: 2.91}",287.24651720390034,True,False,False,False,False,short_lb3_imp1.0_fib0.786_tol0.2_wait24h_sessall_pad0.5_TP4.0R
short,3,1.0,0.786,0.2,24,london_ny,0.5,2.0,1808,-211.16548815261837,-31.479423481824448,0.3290929203539823,0.8390774848951275,-220.81939160105264,-0.14255733273052992,0/8,"{2019: -15.76, 2020: -16.9, 2021: -26.73, 2022: -48.41, 2023: -6.71, 2024: -74.52, 2025: -13.72, 2026: -8.43}",269.5269864079486,True,False,False,False,False,short_lb3_imp1.0_fib0.786_tol0.2_wait24h_sesslondon_ny_pad0.5_TP2.0R
short,3,1.0,0.786,0.2,24,london_ny,0.5,3.0,1808,-229.3101720026814,-34.184336068899924,0.25663716814159293,0.8421515173313595,-238.9875175475205,-0.1430381654226049,0/8,"{2019: -24.83, 2020: -17.97, 2021: -11.35, 2022: -19.5, 2023: -31.21, 2024: -74.81, 2025: -42.02, 2026: -7.62}",269.5269864079486,True,False,False,False,False,short_lb3_imp1.0_fib0.786_tol0.2_wait24h_sesslondon_ny_pad0.5_TP3.0R
short,3,1.0,0.786,0.2,24,london_ny,0.5,4.0,1808,-159.18376985689162,-23.73026646824361,0.230641592920354,0.8941447015503083,-173.45060529584634,-0.13681282015573273,3/8,"{2019: -38.23, 2020: -16.36, 2021: 5.17, 2022: 16.25, 2023: -23.16, 2024: -72.09, 2025: -31.24, 2026: 0.48}",269.5269864079486,True,False,False,False,False,short_lb3_imp1.0_fib0.786_tol0.2_wait24h_sesslondon_ny_pad0.5_TP4.0R
short,3,1.0,0.786,0.2,72,all,0.5,2.0,2232,-248.33882559440147,-37.01751132482114,0.33064516129032256,0.8456524634706807,-259.3978147981134,-0.14270556347450916,0/8,"{2019: -27.91, 2020: -44.0, 2021: -46.94, 2022: -61.07, 2023: -3.18, 2024: -39.36, 2025: -19.11, 2026: -6.78}",332.7030522885079,True,False,False,False,False,short_lb3_imp1.0_fib0.786_tol0.2_wait72h_sessall_pad0.5_TP2.0R
short,3,1.0,0.786,0.2,72,all,0.5,3.0,2232,-235.72032108676973,-35.136590641575005,0.26523297491039427,0.866458896546429,-247.52521800466394,-0.14195155921815186,1/8,"{2019: -37.85, 2020: -52.2, 2021: -36.77, 2022: -20.58, 2023: -15.49, 2024: -46.74, 2025: -28.98, 2026: 2.89}",332.7030522885079,True,False,False,False,False,short_lb3_imp1.0_fib0.786_tol0.2_wait72h_sessall_pad0.5_TP3.0R
short,3,1.0,0.786,0.2,72,all,0.5,4.0,2232,-119.51472061707145,-17.814924884725777,0.24372759856630824,0.9342254017743361,-136.13881813956402,-0.13085852461612113,1/8,"{2019: -46.25, 2020: -43.17, 2021: -6.84, 2022: 28.39, 2023: -11.18, 2024: -31.19, 2025: -8.94, 2026: -0.33}",332.7030522885079,True,False,False,False,False,short_lb3_imp1.0_fib0.786_tol0.2_wait72h_sessall_pad0.5_TP4.0R
short,3,1.0,0.786,0.2,72,london_ny,0.5,2.0,2119,-220.95422998366917,-32.93867684822298,0.33317602642756017,0.8549227911601817,-228.11674117497225,-0.14439394793457114,1/8,"{2019: -18.55, 2020: -24.66, 2021: -25.02, 2022: -63.15, 2023: 2.86, 2024: -67.39, 2025: -13.23, 2026: -11.81}",315.8892058619707,True,False,False,False,False,short_lb3_imp1.0_fib0.786_tol0.2_wait72h_sesslondon_ny_pad0.5_TP2.0R
short,3,1.0,0.786,0.2,72,london_ny,0.5,3.0,2119,-236.99982543447751,-35.330668544560076,0.26285983954695613,0.859180936760689,-240.62057699317776,-0.14683145134990594,0/8,"{2019: -30.72, 2020: -33.1, 2021: -3.64, 2022: -21.2, 2023: -22.38, 2024: -70.09, 2025: -42.12, 2026: -13.76}",315.8892058619707,True,False,False,False,False,short_lb3_imp1.0_fib0.786_tol0.2_wait72h_sesslondon_ny_pad0.5_TP3.0R
short,3,1.0,0.786,0.2,72,london_ny,0.5,4.0,2119,-147.24179358187,-21.95002040786651,0.2387918829636621,0.9152726718883974,-153.4105691079804,-0.14308023583705404,2/8,"{2019: -44.12, 2020: -32.83, 2021: 17.31, 2022: 26.32, 2023: -19.17, 2024: -64.89, 2025: -22.33, 2026: -7.53}",315.8892058619707,True,False,False,False,False,short_lb3_imp1.0_fib0.786_tol0.2_wait72h_sesslondon_ny_pad0.5_TP4.0R
long,3,2.0,0.382,0.2,24,all,0.5,2.0,1648,134.39470561098912,20.02562174043097,0.4508495145631068,1.1651804486588062,-38.96156982322755,0.5139839547351192,6/8,"{2019: -4.8, 2020: 37.96, 2021: -30.42, 2022: 17.03, 2023: 6.53, 2024: 45.69, 2025: 57.51, 2026: 4.89}",245.56193994543585,True,False,False,False,False,long_lb3_imp2.0_fib0.382_tol0.2_wait24h_sessall_pad0.5_TP2.0R
long,3,2.0,0.382,0.2,24,all,0.5,3.0,1648,208.57763529229237,31.079325698790605,0.4362864077669903,1.250066948979598,-36.67254515834527,0.8474821031536214,6/8,"{2019: -2.61, 2020: 51.7, 2021: -24.24, 2022: 29.12, 2023: 22.2, 2024: 66.16, 2025: 62.74, 2026: 3.52}",245.56193994543585,True,False,False,False,False,long_lb3_imp2.0_fib0.382_tol0.2_wait24h_sessall_pad0.5_TP3.0R
long,3,2.0,0.382,0.2,24,all,0.5,4.0,1648,245.30535092866302,36.551976852571855,0.433252427184466,1.2927225154733915,-34.3450368870716,1.064257900574013,6/8,"{2019: -4.58, 2020: 53.26, 2021: -22.67, 2022: 39.05, 2023: 26.4, 2024: 71.0, 2025: 72.2, 2026: 10.64}",245.56193994543585,True,False,False,False,False,long_lb3_imp2.0_fib0.382_tol0.2_wait24h_sessall_pad0.5_TP4.0R
long,3,2.0,0.382,0.2,24,london_ny,0.5,2.0,1517,127.07050801169089,18.934889017778957,0.45418589321028346,1.169063719917548,-42.168054203835375,0.4490339754888843,5/8,"{2019: -1.25, 2020: 34.79, 2021: -32.36, 2022: 16.34, 2023: 6.67, 2024: 45.58, 2025: 57.72, 2026: -0.41}",226.04951447371215,True,False,False,False,False,long_lb3_imp2.0_fib0.382_tol0.2_wait24h_sesslondon_ny_pad0.5_TP2.0R
long,3,2.0,0.382,0.2,24,london_ny,0.5,3.0,1517,196.0731748192517,29.217037553863634,0.4396835860250494,1.254654700637572,-37.20471235703286,0.7853047558460883,6/8,"{2019: 2.08, 2020: 51.36, 2021: -26.02, 2022: 27.91, 2023: 19.56, 2024: 58.84, 2025: 65.93, 2026: -3.57}",226.04951447371215,True,False,False,False,False,long_lb3_imp2.0_fib0.382_tol0.2_wait24h_sesslondon_ny_pad0.5_TP3.0R
long,3,2.0,0.382,0.2,24,london_ny,0.5,4.0,1517,227.1035313574273,33.840898482934676,0.4357284113381674,1.2932720932789246,-39.75503160778568,0.8512356075276576,7/8,"{2019: 0.32, 2020: 52.25, 2021: -26.55, 2022: 38.96, 2023: 24.96, 2024: 60.08, 2025: 76.57, 2026: 0.52}",226.04951447371215,True,False,False,True,False,long_lb3_imp2.0_fib0.382_tol0.2_wait24h_sesslondon_ny_pad0.5_TP4.0R
long,3,2.0,0.382,0.2,72,all,0.5,2.0,1841,133.84066000840656,19.943065603908877,0.4524714828897338,1.1489758863791155,-45.96947124837146,0.4338328256193591,5/8,"{2019: -5.11, 2020: 31.4, 2021: -29.65, 2022: 20.97, 2023: 2.55, 2024: 52.9, 2025: 61.04, 2026: -0.26}",274.3201040288516,True,False,False,False,False,long_lb3_imp2.0_fib0.382_tol0.2_wait72h_sessall_pad0.5_TP2.0R
long,3,2.0,0.382,0.2,72,all,0.5,3.0,1841,220.73464962521481,32.89079415967465,0.4388919065725149,1.2399455239077173,-45.70220261653418,0.7196763454848321,5/8,"{2019: -1.92, 2020: 46.14, 2021: -25.12, 2022: 37.05, 2023: 22.64, 2024: 74.36, 2025: 69.2, 2026: -1.62}",274.3201040288516,True,False,False,False,False,long_lb3_imp2.0_fib0.382_tol0.2_wait72h_sessall_pad0.5_TP3.0R
long,3,2.0,0.382,0.2,72,all,0.5,4.0,1841,265.2596020610839,39.525280625773114,0.43617599130907114,1.2871201845801137,-43.08845510072206,0.9173055876192406,6/8,"{2019: -3.79, 2020: 48.25, 2021: -24.47, 2022: 49.98, 2023: 28.91, 2024: 80.2, 2025: 80.67, 2026: 5.49}",274.3201040288516,True,False,False,False,False,long_lb3_imp2.0_fib0.382_tol0.2_wait72h_sessall_pad0.5_TP4.0R
long,3,2.0,0.382,0.2,72,london_ny,0.5,2.0,1731,115.11735507962312,17.153739105633967,0.45002888503755056,1.136078602244504,-57.233201166827,0.29971657632137594,5/8,"{2019: -4.14, 2020: 29.89, 2021: -41.34, 2022: 21.84, 2023: 1.42, 2024: 53.52, 2025: 57.53, 2026: -3.6}",257.9378441357915,True,False,False,False,False,long_lb3_imp2.0_fib0.382_tol0.2_wait72h_sesslondon_ny_pad0.5_TP2.0R
long,3,2.0,0.382,0.2,72,london_ny,0.5,3.0,1731,195.9602584765691,29.200211789565973,0.43674176776429807,1.2266947624021303,-44.839785415206386,0.6512121215384629,5/8,"{2019: -0.81, 2020: 48.46, 2021: -33.74, 2022: 35.29, 2023: 18.74, 2024: 68.09, 2025: 65.7, 2026: -5.76}",257.9378441357915,True,False,False,False,False,long_lb3_imp2.0_fib0.382_tol0.2_wait72h_sesslondon_ny_pad0.5_TP3.0R
long,3,2.0,0.382,0.2,72,london_ny,0.5,4.0,1731,232.5260390908461,34.64891116610493,0.43327556325823224,1.2676267184606993,-46.85077597691555,0.7395589602011553,5/8,"{2019: -2.57, 2020: 50.89, 2021: -35.19, 2022: 49.34, 2023: 26.21, 2024: 68.72, 2025: 76.34, 2026: -1.22}",257.9378441357915,True,False,False,False,False,long_lb3_imp2.0_fib0.382_tol0.2_wait72h_sesslondon_ny_pad0.5_TP4.0R
long,3,2.0,0.5,0.2,24,all,0.5,2.0,1572,143.9518169573807,21.449233227589144,0.43384223918575066,1.1712115952784394,-45.97936678216746,0.46649692522316266,5/8,"{2019: -6.1, 2020: 36.85, 2021: -24.65, 2022: -4.29, 2023: 24.19, 2024: 47.85, 2025: 66.65, 2026: 3.44}",234.23250464252882,True,False,False,False,False,long_lb3_imp2.0_fib0.5_tol0.2_wait24h_sessall_pad0.5_TP2.0R
long,3,2.0,0.5,0.2,24,all,0.5,3.0,1572,193.09096074993036,28.771106463287794,0.4077608142493639,1.2204513607392873,-41.56187702726744,0.6922475239607676,6/8,"{2019: -9.06, 2020: 55.83, 2021: -26.58, 2022: 5.68, 2023: 23.23, 2024: 72.49, 2025: 58.56, 2026: 12.94}",234.23250464252882,True,False,False,False,False,long_lb3_imp2.0_fib0.5_tol0.2_wait24h_sessall_pad0.5_TP3.0R
long,3,2.0,0.5,0.2,24,all,0.5,4.0,1572,250.4982522934428,37.32495740665979,0.4033078880407125,1.2837654891824706,-38.53115981134259,0.9686954036528191,6/8,"{2019: -9.51, 2020: 56.97, 2021: -26.73, 2022: 19.25, 2023: 40.92, 2024: 80.99, 2025: 72.98, 2026: 15.62}",234.23250464252882,True,False,False,False,False,long_lb3_imp2.0_fib0.5_tol0.2_wait24h_sessall_pad0.5_TP4.0R
long,3,2.0,0.5,0.2,24,london_ny,0.5,2.0,1462,132.5178898531012,19.74554532457675,0.43365253077975374,1.168673781338041,-34.907623575566255,0.5656513764631554,5/8,"{2019: -6.08, 2020: 38.12, 2021: -11.2, 2022: 0.78, 2023: 24.49, 2024: 35.19, 2025: 52.96, 2026: -1.74}",217.84218943217377,True,False,False,False,False,long_lb3_imp2.0_fib0.5_tol0.2_wait24h_sesslondon_ny_pad0.5_TP2.0R
long,3,2.0,0.5,0.2,24,london_ny,0.5,3.0,1462,179.69661450570337,26.77531049074674,0.4097127222982216,1.2199752804034207,-38.04934976190819,0.7036995548752303,6/8,"{2019: -7.95, 2020: 55.77, 2021: -14.49, 2022: 9.67, 2023: 28.65, 2024: 51.71, 2025: 52.63, 2026: 3.71}",217.84218943217377,True,False,False,False,False,long_lb3_imp2.0_fib0.5_tol0.2_wait24h_sesslondon_ny_pad0.5_TP3.0R
long,3,2.0,0.5,0.2,24,london_ny,0.5,4.0,1462,231.39100908410194,34.477923415732405,0.4049247606019152,1.2808925856239362,-37.31182819193103,0.9240480857271026,6/8,"{2019: -8.4, 2020: 57.97, 2021: -15.33, 2022: 22.5, 2023: 45.38, 2024: 54.91, 2025: 67.51, 2026: 6.86}",217.84218943217377,True,False,False,False,False,long_lb3_imp2.0_fib0.5_tol0.2_wait24h_sesslondon_ny_pad0.5_TP4.0R
long,3,2.0,0.5,0.2,72,all,0.5,2.0,1798,124.15323085455253,18.499187164455424,0.43103448275862066,1.1297886683544511,-48.67006879063024,0.3800937131203893,4/8,"{2019: -9.26, 2020: 22.72, 2021: -22.75, 2022: -6.25, 2023: 16.14, 2024: 59.11, 2025: 67.72, 2026: -3.28}",267.90715225653105,True,False,False,False,False,long_lb3_imp2.0_fib0.5_tol0.2_wait72h_sessall_pad0.5_TP2.0R
long,3,2.0,0.5,0.2,72,all,0.5,3.0,1798,173.8149702659568,25.8989286448866,0.407119021134594,1.1749024561933672,-57.1645482442087,0.45305927258001905,5/8,"{2019: -11.22, 2020: 43.06, 2021: -27.02, 2022: -1.95, 2023: 17.19, 2024: 84.28, 2025: 63.26, 2026: 6.22}",267.90715225653105,True,False,False,False,False,long_lb3_imp2.0_fib0.5_tol0.2_wait72h_sessall_pad0.5_TP3.0R
long,3,2.0,0.5,0.2,72,all,0.5,4.0,1798,233.67762538554015,34.81863579705703,0.4032258064516129,1.2335239225357224,-39.62010142868812,0.8788123841562291,6/8,"{2019: -12.02, 2020: 44.74, 2021: -27.91, 2022: 13.19, 2023: 35.62, 2024: 94.19, 2025: 76.97, 2026: 8.9}",267.90715225653105,True,False,False,False,False,long_lb3_imp2.0_fib0.5_tol0.2_wait72h_sessall_pad0.5_TP4.0R
long,3,2.0,0.5,0.2,72,london_ny,0.5,2.0,1707,109.57924360397611,16.327621301649575,0.4299941417691857,1.1200620898950981,-36.73412629028478,0.44448100310385785,5/8,"{2019: -11.14, 2020: 24.93, 2021: -17.34, 2022: 4.04, 2023: 25.06, 2024: 42.37, 2025: 52.02, 2026: -10.37}",254.34789149160096,True,False,False,False,False,long_lb3_imp2.0_fib0.5_tol0.2_wait72h_sesslondon_ny_pad0.5_TP2.0R
long,3,2.0,0.5,0.2,72,london_ny,0.5,3.0,1707,156.16746255132253,23.269399425613614,0.4077328646748682,1.165308619049728,-35.88087649778764,0.6485181438376615,5/8,"{2019: -13.0, 2020: 43.93, 2021: -18.84, 2022: 14.61, 2023: 25.15, 2024: 58.38, 2025: 50.86, 2026: -4.92}",254.34789149160096,True,False,False,False,False,long_lb3_imp2.0_fib0.5_tol0.2_wait72h_sesslondon_ny_pad0.5_TP3.0R
long,3,2.0,0.5,0.2,72,london_ny,0.5,4.0,1707,205.87761442908686,30.67635450226072,0.4036321031048623,1.2163538256189081,-40.34775781216139,0.7602988658025113,5/8,"{2019: -13.46, 2020: 46.68, 2021: -20.39, 2022: 26.44, 2023: 42.62, 2024: 60.96, 2025: 64.79, 2026: -1.76}",254.34789149160096,True,False,False,False,False,long_lb3_imp2.0_fib0.5_tol0.2_wait72h_sesslondon_ny_pad0.5_TP4.0R
long,3,2.0,0.618,0.2,24,all,0.5,2.0,1448,133.62181078920815,19.9234095591041,0.4150552486187845,1.1584827582097394,-32.265249782676364,0.6174881550057375,5/8,"{2019: -0.21, 2020: 32.51, 2021: -10.5, 2022: 17.18, 2023: 2.75, 2024: 44.68, 2025: 52.3, 2026: -5.09}",215.90110829356243,True,False,False,False,False,long_lb3_imp2.0_fib0.618_tol0.2_wait24h_sessall_pad0.5_TP2.0R
long,3,2.0,0.618,0.2,24,all,0.5,3.0,1448,247.07045889414414,36.83894053994805,0.38535911602209943,1.27913760468658,-36.09528637882813,1.020602528355506,7/8,"{2019: 4.69, 2020: 57.53, 2021: -16.86, 2022: 25.74, 2023: 19.94, 2024: 61.33, 2025: 91.12, 2026: 3.57}",215.90110829356243,True,False,False,True,False,long_lb3_imp2.0_fib0.618_tol0.2_wait24h_sessall_pad0.5_TP3.0R
long,3,2.0,0.618,0.2,24,all,0.5,4.0,1448,276.9766039369822,41.298035746810456,0.3736187845303867,1.3069706605300453,-37.38114698077726,1.1047824660930656,7/8,"{2019: 1.81, 2020: 68.15, 2021: -17.49, 2022: 28.87, 2023: 22.99, 2024: 78.23, 2025: 91.22, 2026: 3.21}",215.90110829356243,True,True,False,True,False,long_lb3_imp2.0_fib0.618_tol0.2_wait24h_sessall_pad0.5_TP4.0R
long,3,2.0,0.618,0.2,24,london_ny,0.5,2.0,1362,107.06271980052658,15.963370070343107,0.4118942731277533,1.1340726176845706,-34.49179170332675,0.4628164929107882,6/8,"{2019: -5.02, 2020: 30.84, 2021: -21.43, 2022: 22.37, 2023: 4.34, 2024: 30.55, 2025: 44.46, 2026: 0.96}",203.07825241424862,True,False,False,False,False,long_lb3_imp2.0_fib0.618_tol0.2_wait24h_sesslondon_ny_pad0.5_TP2.0R
long,3,2.0,0.618,0.2,24,london_ny,0.5,3.0,1362,197.47167689745254,29.44361457095875,0.38179148311306904,1.236091650458017,-43.26919342260658,0.6804752351952911,6/8,"{2019: -1.33, 2020: 49.73, 2021: -36.27, 2022: 39.0, 2023: 13.94, 2024: 43.47, 2025: 76.69, 2026: 12.25}",203.07825241424862,True,False,False,False,False,long_lb3_imp2.0_fib0.618_tol0.2_wait24h_sesslondon_ny_pad0.5_TP3.0R
long,3,2.0,0.618,0.2,24,london_ny,0.5,4.0,1362,240.08138029098703,35.7968481253262,0.37151248164464024,1.2822919930283765,-42.21761078284996,0.8479126947626306,6/8,"{2019: -2.38, 2020: 57.08, 2021: -28.67, 2022: 38.93, 2023: 17.89, 2024: 54.62, 2025: 91.14, 2026: 11.49}",203.07825241424862,True,False,False,False,False,long_lb3_imp2.0_fib0.618_tol0.2_wait24h_sesslondon_ny_pad0.5_TP4.0R
long,3,2.0,0.618,0.2,72,all,0.5,2.0,1696,138.00174006199387,20.576470045458972,0.41273584905660377,1.1404734221606065,-36.95921034476049,0.5567345690970907,5/8,"{2019: -7.04, 2020: 26.35, 2021: 1.05, 2022: 10.01, 2023: -3.84, 2024: 52.55, 2025: 68.87, 2026: -9.95}",252.8786461780952,True,False,False,False,False,long_lb3_imp2.0_fib0.618_tol0.2_wait72h_sessall_pad0.5_TP2.0R
long,3,2.0,0.618,0.2,72,all,0.5,3.0,1696,245.53083434542089,36.60937793882559,0.38266509433962265,1.238019008195961,-41.17684129461277,0.8890768885571426,5/8,"{2019: -2.13, 2020: 50.38, 2021: -9.9, 2022: 18.03, 2023: 11.18, 2024: 69.61, 2025: 108.68, 2026: -0.32}",252.8786461780952,True,False,False,False,False,long_lb3_imp2.0_fib0.618_tol0.2_wait72h_sessall_pad0.5_TP3.0R
long,3,2.0,0.618,0.2,72,all,0.5,4.0,1696,273.1649777037556,40.729710934549104,0.3720518867924528,1.2602147370778733,-43.77065535179975,0.9305254994971052,5/8,"{2019: -5.02, 2020: 61.88, 2021: -11.11, 2022: 21.07, 2023: 12.22, 2024: 85.59, 2025: 109.59, 2026: -1.06}",252.8786461780952,True,False,False,False,False,long_lb3_imp2.0_fib0.618_tol0.2_wait72h_sessall_pad0.5_TP4.0R
long,3,2.0,0.618,0.2,72,london_ny,0.5,2.0,1612,101.20672398215865,15.090223670240826,0.40694789081885857,1.1073165014035358,-31.870340202329103,0.47348800089488924,4/8,"{2019: -10.92, 2020: 18.64, 2021: -9.25, 2022: 14.79, 2023: -3.28, 2024: 45.38, 2025: 54.04, 2026: -8.19}",240.35399624946314,True,False,False,False,False,long_lb3_imp2.0_fib0.618_tol0.2_wait72h_sesslondon_ny_pad0.5_TP2.0R
long,3,2.0,0.618,0.2,72,london_ny,0.5,3.0,1612,180.90067253231743,26.972828515730757,0.37655086848635233,1.1830474793905157,-44.95161307550151,0.6000413927399385,6/8,"{2019: -6.23, 2020: 32.08, 2021: -31.77, 2022: 29.88, 2023: 4.16, 2024: 61.3, 2025: 88.06, 2026: 3.42}",240.35399624946314,True,False,False,False,False,long_lb3_imp2.0_fib0.618_tol0.2_wait72h_sesslondon_ny_pad0.5_TP3.0R
long,3,2.0,0.618,0.2,72,london_ny,0.5,4.0,1612,218.49559790756896,32.578343746898284,0.36724565756823824,1.2177634052159174,-47.09864537011501,0.6917044745318698,6/8,"{2019: -6.29, 2020: 39.43, 2021: -24.74, 2022: 27.67, 2023: 6.09, 2024: 71.32, 2025: 102.36, 2026: 2.66}",240.35399624946314,True,False,False,False,False,long_lb3_imp2.0_fib0.618_tol0.2_wait72h_sesslondon_ny_pad0.5_TP4.0R
long,3,2.0,0.786,0.2,24,all,0.5,2.0,1268,57.65994710995054,8.599731965951815,0.388801261829653,1.0691349877530487,-33.31884408493325,0.2581041510332769,5/8,"{2019: -3.81, 2020: 17.71, 2021: -17.05, 2022: 22.2, 2023: -15.18, 2024: 27.78, 2025: 16.29, 2026: 9.72}",189.11672104092318,False,False,False,False,False,long_lb3_imp2.0_fib0.786_tol0.2_wait24h_sessall_pad0.5_TP2.0R
long,3,2.0,0.786,0.2,24,all,0.5,3.0,1268,152.13472917292694,22.690237490246705,0.33753943217665616,1.1689268306703555,-26.195632996138812,0.866183974007851,6/8,"{2019: -1.75, 2020: 27.05, 2021: -13.98, 2022: 50.0, 2023: 3.55, 2024: 48.72, 2025: 29.1, 2026: 9.44}",189.11672104092318,False,False,False,False,False,long_lb3_imp2.0_fib0.786_tol0.2_wait24h_sessall_pad0.5_TP3.0R
long,3,2.0,0.786,0.2,24,all,0.5,4.0,1268,204.4625997835775,30.49471328594065,0.31230283911671924,1.2185421278990531,-29.486845124445438,1.034180264359976,7/8,"{2019: 1.42, 2020: 42.99, 2021: -10.12, 2022: 46.32, 2023: 14.17, 2024: 60.75, 2025: 44.35, 2026: 4.58}",189.11672104092318,False,False,False,True,False,long_lb3_imp2.0_fib0.786_tol0.2_wait24h_sessall_pad0.5_TP4.0R
long,3,2.0,0.786,0.2,24,london_ny,0.5,2.0,1185,48.56237530442969,7.242868441271646,0.3856540084388186,1.0620718970648286,-25.85440710088056,0.2801405738298661,5/8,"{2019: -8.22, 2020: 23.34, 2021: -21.35, 2022: 13.83, 2023: -1.59, 2024: 30.55, 2025: 8.2, 2026: 3.8}",176.73762967941164,False,False,False,False,False,long_lb3_imp2.0_fib0.786_tol0.2_wait24h_sesslondon_ny_pad0.5_TP2.0R
long,3,2.0,0.786,0.2,24,london_ny,0.5,3.0,1185,118.23974046214917,17.63494638243803,0.329957805907173,1.1392216395923684,-27.731954302537083,0.6359070907896557,6/8,"{2019: -5.16, 2020: 32.24, 2021: -21.78, 2022: 31.89, 2023: 10.52, 2024: 48.13, 2025: 18.87, 2026: 3.53}",176.73762967941164,False,False,False,False,False,long_lb3_imp2.0_fib0.786_tol0.2_wait24h_sesslondon_ny_pad0.5_TP3.0R
long,3,2.0,0.786,0.2,24,london_ny,0.5,4.0,1185,178.72951886066855,26.656735457532708,0.3071729957805907,1.2033764576642914,-28.379328412654026,0.9393011374309608,6/8,"{2019: -3.98, 2020: 47.83, 2021: -14.92, 2022: 27.22, 2023: 32.79, 2024: 54.01, 2025: 35.12, 2026: 0.66}",176.73762967941164,False,False,False,False,False,long_lb3_imp2.0_fib0.786_tol0.2_wait24h_sesslondon_ny_pad0.5_TP4.0R
long,3,2.0,0.786,0.2,72,all,0.5,2.0,1541,53.57052929418599,7.98981296888263,0.3841661258922777,1.0529746255284713,-42.87060390884765,0.18637043196010797,5/8,"{2019: -5.51, 2020: 12.07, 2021: -15.2, 2022: 4.95, 2023: -9.9, 2024: 39.89, 2025: 10.79, 2026: 16.5}",229.83349142276234,True,False,False,False,False,long_lb3_imp2.0_fib0.786_tol0.2_wait72h_sessall_pad0.5_TP2.0R
long,3,2.0,0.786,0.2,72,all,0.5,3.0,1541,143.61350046373045,21.419333048036123,0.33160285528877353,1.1313246672599528,-36.98788839079063,0.5790904531162471,6/8,"{2019: -1.45, 2020: 23.87, 2021: -24.14, 2022: 35.74, 2023: 6.52, 2024: 68.65, 2025: 21.18, 2026: 13.24}",229.83349142276234,True,False,False,False,False,long_lb3_imp2.0_fib0.786_tol0.2_wait72h_sessall_pad0.5_TP3.0R
long,3,2.0,0.786,0.2,72,all,0.5,4.0,1541,178.0313166859124,26.552601620061473,0.30499675535366644,1.1564756574641546,-46.75439380385801,0.567916712415389,7/8,"{2019: 3.72, 2020: 40.43, 2021: -25.35, 2022: 28.56, 2023: 13.5, 2024: 77.73, 2025: 37.06, 2026: 2.37}",229.83349142276234,True,False,False,True,False,long_lb3_imp2.0_fib0.786_tol0.2_wait72h_sessall_pad0.5_TP4.0R
long,3,2.0,0.786,0.2,72,london_ny,0.5,2.0,1459,29.41865495395102,4.387665269972814,0.3776559287183002,1.0303748133026691,-53.8558647961126,0.0814705192569765,5/8,"{2019: -9.92, 2020: 9.0, 2021: -29.9, 2022: -5.86, 2023: 5.09, 2024: 43.42, 2025: 6.02, 2026: 11.58}",217.60354574030515,True,False,False,False,False,long_lb3_imp2.0_fib0.786_tol0.2_wait72h_sesslondon_ny_pad0.5_TP2.0R
long,3,2.0,0.786,0.2,72,london_ny,0.5,3.0,1459,92.6152875326171,13.813169949866593,0.32145305003427005,1.088030106932,-51.187535458003374,0.2698541710647421,6/8,"{2019: -4.85, 2020: 17.6, 2021: -36.81, 2022: 16.2, 2023: 15.89, 2024: 68.82, 2025: 10.04, 2026: 5.73}",217.60354574030515,True,False,False,False,False,long_lb3_imp2.0_fib0.786_tol0.2_wait72h_sesslondon_ny_pad0.5_TP3.0R
long,3,2.0,0.786,0.2,72,london_ny,0.5,4.0,1459,145.227339655175,21.66003019012865,0.2988348183687457,1.1335534101649336,-60.107607628313914,0.36035422211556484,6/8,"{2019: -1.68, 2020: 36.82, 2021: -34.01, 2022: 8.64, 2023: 40.04, 2024: 69.21, 2025: 25.35, 2026: 0.86}",217.60354574030515,True,False,False,False,False,long_lb3_imp2.0_fib0.786_tol0.2_wait72h_sesslondon_ny_pad0.5_TP4.0R
short,3,2.0,0.382,0.2,24,all,0.5,2.0,1625,-82.67929743707161,-12.332291589506575,0.38153846153846155,0.9066816375561336,-113.68412577234315,-0.10847857170668194,4/8,"{2019: -19.0, 2020: 2.91, 2021: -12.95, 2022: 0.95, 2023: 2.91, 2024: -51.56, 2025: -21.78, 2026: 15.83}",242.38200437299182,True,False,False,False,False,short_lb3_imp2.0_fib0.382_tol0.2_wait24h_sessall_pad0.5_TP2.0R
short,3,2.0,0.382,0.2,24,all,0.5,3.0,1625,-92.72811526885165,-13.831154732673287,0.36246153846153845,0.898461897625514,-138.19751020923545,-0.10008251749060079,3/8,"{2019: -17.58, 2020: 2.95, 2021: -3.1, 2022: 6.3, 2023: -0.65, 2024: -53.56, 2025: -39.67, 2026: 12.6}",242.38200437299182,True,False,False,False,False,short_lb3_imp2.0_fib0.382_tol0.2_wait24h_sessall_pad0.5_TP3.0R
short,3,2.0,0.382,0.2,24,all,0.5,4.0,1625,-59.17522213825434,-8.826467046822847,0.3606153846153846,0.9353636974110583,-114.92751723857384,-0.07680029342755491,4/8,"{2019: -16.29, 2020: 4.52, 2021: 7.55, 2022: 7.76, 2023: -0.41, 2024: -49.6, 2025: -31.97, 2026: 19.26}",242.38200437299182,True,False,False,False,False,short_lb3_imp2.0_fib0.382_tol0.2_wait24h_sessall_pad0.5_TP4.0R
short,3,2.0,0.382,0.2,24,london_ny,0.5,2.0,1512,-71.71351048054568,-10.69665502209121,0.38492063492063494,0.9134386540226823,-99.96280526056701,-0.10700635095432631,2/8,"{2019: -21.16, 2020: 1.91, 2021: -0.82, 2022: -4.17, 2023: -0.04, 2024: -34.89, 2025: -23.62, 2026: 11.08}",225.5271326842853,True,False,False,False,False,short_lb3_imp2.0_fib0.382_tol0.2_wait24h_sesslondon_ny_pad0.5_TP2.0R
short,3,2.0,0.382,0.2,24,london_ny,0.5,3.0,1512,-93.92453328496734,-14.009610238405028,0.36574074074074076,0.8900507635366519,-134.72515837190224,-0.10398659320727745,2/8,"{2019: -20.74, 2020: -1.33, 2021: 8.38, 2022: -0.18, 2023: -4.57, 2024: -43.28, 2025: -42.93, 2026: 10.73}",225.5271326842853,True,False,False,False,False,short_lb3_imp2.0_fib0.382_tol0.2_wait24h_sesslondon_ny_pad0.5_TP3.0R
short,3,2.0,0.382,0.2,24,london_ny,0.5,4.0,1512,-70.23240687882834,-10.475736339218408,0.3637566137566138,0.9180035245214948,-117.98051328109904,-0.0887920898789365,3/8,"{2019: -19.61, 2020: -1.39, 2021: 19.74, 2022: 0.86, 2023: -4.15, 2024: -43.55, 2025: -37.9, 2026: 15.75}",225.5271326842853,True,False,False,False,False,short_lb3_imp2.0_fib0.382_tol0.2_wait24h_sesslondon_ny_pad0.5_TP4.0R
short,3,2.0,0.382,0.2,72,all,0.5,2.0,1785,-84.64324850392194,-12.625230910167286,0.38487394957983195,0.9117027708823049,-108.17393323236924,-0.11671232184048382,3/8,"{2019: -21.02, 2020: -1.8, 2021: -17.06, 2022: 17.66, 2023: 1.9, 2024: -50.22, 2025: -26.56, 2026: 12.46}",266.24730941894796,True,False,False,False,False,short_lb3_imp2.0_fib0.382_tol0.2_wait72h_sessall_pad0.5_TP2.0R
short,3,2.0,0.382,0.2,72,all,0.5,3.0,1785,-94.74319137549556,-14.131719770022501,0.36694677871148457,0.9039992708786941,-132.70691959965689,-0.10648819076393541,2/8,"{2019: -19.6, 2020: -1.19, 2021: -6.97, 2022: 23.65, 2023: -3.67, 2024: -51.85, 2025: -45.34, 2026: 10.23}",266.24730941894796,True,False,False,False,False,short_lb3_imp2.0_fib0.382_tol0.2_wait72h_sessall_pad0.5_TP3.0R
short,3,2.0,0.382,0.2,72,all,0.5,4.0,1785,-56.666190883515895,-8.452224570171778,0.365266106442577,0.9427137837814706,-109.15846182791539,-0.07743077750121125,4/8,"{2019: -18.31, 2020: 2.38, 2021: 5.69, 2022: 24.49, 2023: -4.44, 2024: -46.73, 2025: -37.64, 2026: 17.89}",266.24730941894796,True,False,False,False,False,short_lb3_imp2.0_fib0.382_tol0.2_wait72h_sessall_pad0.5_TP4.0R
short,3,2.0,0.382,0.2,72,london_ny,0.5,2.0,1696,-59.913172061161866,-8.93653829694052,0.388561320754717,0.9340213809379228,-91.97983496734267,-0.09715758133414164,3/8,"{2019: -21.36, 2020: 4.41, 2021: -2.46, 2022: 13.19, 2023: -1.83, 2024: -34.93, 2025: -24.54, 2026: 7.61}",252.97223348713484,True,False,False,False,False,short_lb3_imp2.0_fib0.382_tol0.2_wait72h_sesslondon_ny_pad0.5_TP2.0R
short,3,2.0,0.382,0.2,72,london_ny,0.5,3.0,1696,-84.34811694691685,-12.581209631188447,0.37028301886792453,0.9098784018989081,-133.37634444139792,-0.09432864338785579,4/8,"{2019: -20.94, 2020: 1.91, 2021: 6.99, 2022: 16.2, 2023: -8.36, 2024: -43.95, 2025: -45.45, 2026: 9.25}",252.97223348713484,True,False,False,False,False,short_lb3_imp2.0_fib0.382_tol0.2_wait72h_sesslondon_ny_pad0.5_TP3.0R
short,3,2.0,0.382,0.2,72,london_ny,0.5,4.0,1696,-58.854095639070074,-8.77856841018927,0.36792452830188677,0.9373086160188849,-118.3622451086222,-0.07416696432323576,4/8,"{2019: -19.81, 2020: 4.86, 2021: 20.35, 2022: 16.63, 2023: -8.95, 2024: -43.22, 2025: -40.42, 2026: 11.71}",252.97223348713484,True,False,False,False,False,short_lb3_imp2.0_fib0.382_tol0.2_wait72h_sesslondon_ny_pad0.5_TP4.0R
short,3,2.0,0.5,0.2,24,all,0.5,2.0,1595,-100.58161212774544,-15.001121418138792,0.36990595611285265,0.8937235931860832,-126.89920508991197,-0.11821288720847414,2/8,"{2019: -17.48, 2020: -4.32, 2021: -24.08, 2022: -14.71, 2023: 7.91, 2024: -46.51, 2025: -11.37, 2026: 9.98}",237.88432254936157,True,False,False,False,False,short_lb3_imp2.0_fib0.5_tol0.2_wait24h_sessall_pad0.5_TP2.0R
short,3,2.0,0.5,0.2,24,all,0.5,3.0,1595,-91.50382807515527,-13.647226427794083,0.34357366771159875,0.907044148684335,-146.7407328635652,-0.09300230523233677,3/8,"{2019: -19.83, 2020: 5.02, 2021: -9.57, 2022: -6.17, 2023: 4.82, 2024: -56.55, 2025: -28.94, 2026: 19.71}",237.88432254936157,True,False,False,False,False,short_lb3_imp2.0_fib0.5_tol0.2_wait24h_sessall_pad0.5_TP3.0R
short,3,2.0,0.5,0.2,24,all,0.5,4.0,1595,-67.22896695464121,-10.026781981002031,0.3385579937304075,0.9321538654213857,-138.1469676289072,-0.07258054341037835,4/8,"{2019: -16.19, 2020: 9.49, 2021: -3.28, 2022: 4.19, 2023: 1.05, 2024: -51.01, 2025: -30.71, 2026: 19.23}",237.88432254936157,True,False,False,False,False,short_lb3_imp2.0_fib0.5_tol0.2_wait24h_sessall_pad0.5_TP4.0R
short,3,2.0,0.5,0.2,24,london_ny,0.5,2.0,1496,-87.55948699178498,-13.05438082701065,0.37633689839572193,0.90097135920119,-111.82479639431673,-0.11673958950015233,2/8,"{2019: -17.95, 2020: 0.87, 2021: -11.51, 2022: -15.17, 2023: 5.35, 2024: -38.94, 2025: -10.09, 2026: -0.13}",223.04097920354673,True,False,False,False,False,short_lb3_imp2.0_fib0.5_tol0.2_wait24h_sesslondon_ny_pad0.5_TP2.0R
short,3,2.0,0.5,0.2,24,london_ny,0.5,3.0,1496,-94.32406562134958,-14.062922432249604,0.3482620320855615,0.8976966601819978,-137.50418202600855,-0.10227268891057902,3/8,"{2019: -20.39, 2020: 8.66, 2021: 0.13, 2022: -6.8, 2023: -0.99, 2024: -50.19, 2025: -30.3, 2026: 5.56}",223.04097920354673,True,False,False,False,False,short_lb3_imp2.0_fib0.5_tol0.2_wait24h_sesslondon_ny_pad0.5_TP3.0R
short,3,2.0,0.5,0.2,24,london_ny,0.5,4.0,1496,-76.08342010805183,-11.343396070892176,0.3429144385026738,0.9180601562946407,-131.5938999446825,-0.08620001440538311,4/8,"{2019: -17.75, 2020: 10.85, 2021: 5.42, 2022: 6.17, 2023: -4.72, 2024: -44.65, 2025: -34.02, 2026: 2.62}",223.04097920354673,True,False,False,False,False,short_lb3_imp2.0_fib0.5_tol0.2_wait24h_sesslondon_ny_pad0.5_TP4.0R
short,3,2.0,0.5,0.2,72,all,0.5,2.0,1784,-113.33406647539071,-16.903070611449923,0.37051569506726456,0.891960857407411,-136.69403006164336,-0.1236562460249898,2/8,"{2019: -21.04, 2020: -7.51, 2021: -27.94, 2022: -9.53, 2023: 0.83, 2024: -43.46, 2025: -15.35, 2026: 10.67}",266.0724961931417,True,False,False,False,False,short_lb3_imp2.0_fib0.5_tol0.2_wait72h_sessall_pad0.5_TP2.0R
short,3,2.0,0.5,0.2,72,all,0.5,3.0,1784,-107.20898207793263,-15.989552396749623,0.3447309417040359,0.9015944840857273,-151.2553576113063,-0.10571230433925739,2/8,"{2019: -23.39, 2020: -0.62, 2021: -10.74, 2022: 0.96, 2023: -5.9, 2024: -51.07, 2025: -34.91, 2026: 18.46}",266.0724961931417,True,False,False,False,False,short_lb3_imp2.0_fib0.5_tol0.2_wait72h_sessall_pad0.5_TP3.0R
short,3,2.0,0.5,0.2,72,all,0.5,4.0,1784,-72.92018430368634,-10.875591625866466,0.34024663677130046,0.9334660803388313,-139.9695944606261,-0.07769967233080614,3/8,"{2019: -19.75, 2020: 5.78, 2021: -1.0, 2022: 13.02, 2023: -8.96, 2024: -45.32, 2025: -35.68, 2026: 18.98}",266.0724961931417,True,False,False,False,False,short_lb3_imp2.0_fib0.5_tol0.2_wait72h_sessall_pad0.5_TP4.0R
short,3,2.0,0.5,0.2,72,london_ny,0.5,2.0,1700,-89.63004589689031,-13.36308369177891,0.3811764705882353,0.9094639199596513,-108.59004246288244,-0.12305993614788938,2/8,"{2019: -21.42, 2020: 0.06, 2021: -14.62, 2022: -7.13, 2023: 2.18, 2024: -38.2, 2025: -10.06, 2026: -0.44}",253.45565818584853,True,False,False,False,False,short_lb3_imp2.0_fib0.5_tol0.2_wait72h_sesslondon_ny_pad0.5_TP2.0R
short,3,2.0,0.5,0.2,72,london_ny,0.5,3.0,1700,-107.93543082996169,-16.09226215445945,0.35294117647058826,0.8953667157913389,-143.74201982982245,-0.1119523864595143,3/8,"{2019: -23.85, 2020: 6.39, 2021: -0.29, 2022: 3.33, 2023: -8.14, 2024: -51.24, 2025: -35.14, 2026: 1.0}",253.45565818584853,True,False,False,False,False,short_lb3_imp2.0_fib0.5_tol0.2_wait72h_sesslondon_ny_pad0.5_TP3.0R
short,3,2.0,0.5,0.2,72,london_ny,0.5,4.0,1700,-80.13804482129544,-11.947906409357921,0.34823529411764703,0.9228019077278355,-133.21405728200864,-0.08968953166905426,3/8,"{2019: -21.22, 2020: 11.52, 2021: 9.0, 2022: 18.0, 2023: -11.16, 2024: -47.49, 2025: -36.85, 2026: -1.93}",253.45565818584853,True,False,False,False,False,short_lb3_imp2.0_fib0.5_tol0.2_wait72h_sesslondon_ny_pad0.5_TP4.0R
short,3,2.0,0.618,0.2,24,all,0.5,2.0,1518,-71.02605556156485,-10.590271266137103,0.3669301712779974,0.9264975087728607,-110.1852881053367,-0.09611329650481874,3/8,"{2019: -15.55, 2020: 11.36, 2021: -16.76, 2022: -18.46, 2023: 29.4, 2024: -43.92, 2025: -36.75, 2026: 19.66}",226.33992067969393,True,False,False,False,False,short_lb3_imp2.0_fib0.618_tol0.2_wait24h_sessall_pad0.5_TP2.0R
short,3,2.0,0.618,0.2,24,all,0.5,3.0,1518,-59.06228879267958,-8.806425402171458,0.3241106719367589,0.9424963509055957,-127.43522547777161,-0.06910511100172655,3/8,"{2019: -21.91, 2020: 11.63, 2021: -7.61, 2022: -0.91, 2023: 17.17, 2024: -57.05, 2025: -37.76, 2026: 37.39}",226.33992067969393,True,False,False,False,False,short_lb3_imp2.0_fib0.618_tol0.2_wait24h_sessall_pad0.5_TP3.0R
short,3,2.0,0.618,0.2,24,all,0.5,4.0,1518,-53.57251895751202,-7.9878785846209945,0.3115942028985507,0.9487554010761409,-149.7494054504692,-0.053341638055872276,4/8,"{2019: -19.87, 2020: 22.58, 2021: -9.1, 2022: 4.65, 2023: 14.44, 2024: -67.47, 2025: -40.53, 2026: 41.74}",226.33992067969393,True,False,False,False,False,short_lb3_imp2.0_fib0.618_tol0.2_wait24h_sessall_pad0.5_TP4.0R
short,3,2.0,0.618,0.2,24,london_ny,0.5,2.0,1410,-102.61066240435929,-15.298882825165991,0.3574468085106383,0.8877408612601656,-139.74453258522786,-0.10947750543181686,3/8,"{2019: -13.62, 2020: 15.54, 2021: -19.23, 2022: -28.07, 2023: 12.59, 2024: -39.4, 2025: -39.96, 2026: 9.53}",210.22595779059714,True,False,False,False,False,short_lb3_imp2.0_fib0.618_tol0.2_wait24h_sesslondon_ny_pad0.5_TP2.0R
short,3,2.0,0.618,0.2,24,london_ny,0.5,3.0,1410,-109.67737203157249,-16.352503959782254,0.31347517730496455,0.8872001146009292,-167.38099120714668,-0.0976963025600965,2/8,"{2019: -19.18, 2020: 21.45, 2021: -7.9, 2022: -15.02, 2023: -0.78, 2024: -54.59, 2025: -47.25, 2026: 13.6}",210.22595779059714,True,False,False,False,False,short_lb3_imp2.0_fib0.618_tol0.2_wait24h_sesslondon_ny_pad0.5_TP3.0R
short,3,2.0,0.618,0.2,24,london_ny,0.5,4.0,1410,-116.56543886206867,-17.379490092240907,0.300709219858156,0.8822154613848808,-183.47893265390468,-0.09472199255172116,2/8,"{2019: -16.14, 2020: 22.94, 2021: -12.07, 2022: -9.25, 2023: -6.59, 2024: -57.98, 2025: -47.45, 2026: 9.97}",210.22595779059714,True,False,False,False,False,short_lb3_imp2.0_fib0.618_tol0.2_wait24h_sesslondon_ny_pad0.5_TP4.0R
short,3,2.0,0.618,0.2,72,all,0.5,2.0,1732,-83.50027810101996,-12.450228143687248,0.3689376443418014,0.9235478946863842,-115.4765348055376,-0.10781608717869326,3/8,"{2019: -20.21, 2020: 5.13, 2021: -13.3, 2022: -24.35, 2023: 31.55, 2024: -34.15, 2025: -44.79, 2026: 16.62}",258.2481835423122,True,False,False,False,False,short_lb3_imp2.0_fib0.618_tol0.2_wait72h_sessall_pad0.5_TP2.0R
short,3,2.0,0.618,0.2,72,all,0.5,3.0,1732,-73.70745662973967,-10.99007897699424,0.3285219399538106,0.93636427965026,-124.13627525649999,-0.08853237262263337,3/8,"{2019: -26.57, 2020: 1.83, 2021: -3.83, 2022: -2.6, 2023: 15.32, 2024: -43.43, 2025: -44.48, 2026: 30.04}",258.2481835423122,True,False,False,False,False,short_lb3_imp2.0_fib0.618_tol0.2_wait72h_sessall_pad0.5_TP3.0R
short,3,2.0,0.618,0.2,72,all,0.5,4.0,1732,-52.98689769391894,-7.900560092954329,0.31755196304849886,0.9549658725877941,-135.85692194884433,-0.05815353372961896,4/8,"{2019: -24.53, 2020: 16.78, 2021: -1.32, 2022: 6.55, 2023: 13.91, 2024: -53.76, 2025: -46.01, 2026: 35.4}",258.2481835423122,True,False,False,False,False,short_lb3_imp2.0_fib0.618_tol0.2_wait72h_sessall_pad0.5_TP4.0R
short,3,2.0,0.618,0.2,72,london_ny,0.5,2.0,1635,-108.46754669344045,-16.172123328244563,0.36085626911314983,0.8964192952230026,-138.46970607918053,-0.11679177912746437,3/8,"{2019: -17.16, 2020: 12.69, 2021: -15.22, 2022: -33.45, 2023: 19.9, 2024: -37.14, 2025: -42.22, 2026: 4.13}",243.7726531827137,True,False,False,False,False,short_lb3_imp2.0_fib0.618_tol0.2_wait72h_sesslondon_ny_pad0.5_TP2.0R
short,3,2.0,0.618,0.2,72,london_ny,0.5,3.0,1635,-125.28795444644618,-18.679985973850247,0.3186544342507645,0.8872447870749225,-166.54241727121277,-0.11216353335036602,3/8,"{2019: -22.72, 2020: 14.74, 2021: -3.21, 2022: -17.23, 2023: 0.83, 2024: -48.75, 2025: -50.15, 2026: 1.21}",243.7726531827137,True,False,False,False,False,short_lb3_imp2.0_fib0.618_tol0.2_wait72h_sesslondon_ny_pad0.5_TP3.0R
short,3,2.0,0.618,0.2,72,london_ny,0.5,4.0,1635,-119.83127065799991,-17.866413934285326,0.3076452599388379,0.8938119436806461,-176.98279979362118,-0.10095000166750254,1/8,"{2019: -19.68, 2020: 21.24, 2021: -2.38, 2022: -8.86, 2023: -3.67, 2024: -55.54, 2025: -48.52, 2026: -2.42}",243.7726531827137,True,False,False,False,False,short_lb3_imp2.0_fib0.618_tol0.2_wait72h_sesslondon_ny_pad0.5_TP4.0R
short,3,2.0,0.786,0.2,24,all,0.5,2.0,1312,-139.24536679456435,-20.765901562534204,0.32926829268292684,0.8514237544656342,-150.69596586844983,-0.13779998318376893,2/8,"{2019: -8.33, 2020: -28.17, 2021: -14.56, 2022: -39.54, 2023: 2.21, 2024: -45.79, 2025: -8.98, 2026: 3.91}",195.6608214493814,False,False,False,False,False,short_lb3_imp2.0_fib0.786_tol0.2_wait24h_sessall_pad0.5_TP2.0R
short,3,2.0,0.786,0.2,24,all,0.5,3.0,1312,-130.59247375645543,-19.475480709066197,0.26753048780487804,0.8721000568342209,-159.425083656481,-0.12216070559530469,1/8,"{2019: -10.27, 2020: -7.48, 2021: -11.03, 2022: -28.75, 2023: -9.07, 2024: -68.76, 2025: -12.29, 2026: 17.05}",195.6608214493814,False,False,False,False,False,short_lb3_imp2.0_fib0.786_tol0.2_wait24h_sessall_pad0.5_TP3.0R
short,3,2.0,0.786,0.2,24,all,0.5,4.0,1312,-67.09855469693868,-10.006523117430845,0.24771341463414634,0.936014874491187,-110.5960727559281,-0.09047810530771747,3/8,"{2019: -17.67, 2020: 6.24, 2021: 20.16, 2022: -6.75, 2023: -7.87, 2024: -63.63, 2025: -9.28, 2026: 11.7}",195.6608214493814,False,False,False,False,False,short_lb3_imp2.0_fib0.786_tol0.2_wait24h_sessall_pad0.5_TP4.0R
short,3,2.0,0.786,0.2,24,london_ny,0.5,2.0,1232,-149.4368908098251,-22.28578110571028,0.32386363636363635,0.83153222793759,-158.91529384096367,-0.14023685554150023,2/8,"{2019: -9.09, 2020: -15.71, 2021: -17.35, 2022: -40.1, 2023: 6.28, 2024: -71.33, 2025: -2.92, 2026: 0.8}",183.7302835561264,False,False,False,False,False,short_lb3_imp2.0_fib0.786_tol0.2_wait24h_sesslondon_ny_pad0.5_TP2.0R
short,3,2.0,0.786,0.2,24,london_ny,0.5,3.0,1232,-155.58260187238199,-23.20230158962067,0.25892857142857145,0.8395663079320754,-183.06933264071859,-0.1267405154917792,2/8,"{2019: -10.16, 2020: 0.74, 2021: -12.98, 2022: -28.18, 2023: -13.23, 2024: -80.62, 2025: -14.23, 2026: 3.09}",183.7302835561264,False,False,False,False,False,short_lb3_imp2.0_fib0.786_tol0.2_wait24h_sesslondon_ny_pad0.5_TP3.0R
short,3,2.0,0.786,0.2,24,london_ny,0.5,4.0,1232,-112.11358351477412,-16.719691955895218,0.237012987012987,0.8877412533306843,-152.68465059270406,-0.10950473338997285,3/8,"{2019: -17.57, 2020: 0.2, 2021: 12.48, 2022: -6.63, 2023: -16.18, 2024: -82.31, 2025: -11.3, 2026: 9.19}",183.7302835561264,False,False,False,False,False,short_lb3_imp2.0_fib0.786_tol0.2_wait24h_sesslondon_ny_pad0.5_TP4.0R
short,3,2.0,0.786,0.2,72,all,0.5,2.0,1582,-165.1591224281226,-24.63046460681815,0.3299620733249052,0.8530730577083896,-175.1848500693377,-0.14059700137922587,2/8,"{2019: -15.3, 2020: -35.18, 2021: -19.25, 2022: -54.43, 2023: 11.65, 2024: -47.13, 2025: -9.17, 2026: 3.65}",235.92638683911687,True,False,False,False,False,short_lb3_imp2.0_fib0.786_tol0.2_wait72h_sessall_pad0.5_TP2.0R
short,3,2.0,0.786,0.2,72,all,0.5,3.0,1582,-164.5416451329848,-24.538379153469826,0.2692793931731985,0.8655892808233147,-186.04275659274185,-0.13189645005736897,1/8,"{2019: -20.24, 2020: -27.86, 2021: -13.08, 2022: -34.94, 2023: -1.66, 2024: -68.51, 2025: -15.04, 2026: 16.8}",235.92638683911687,True,False,False,False,False,short_lb3_imp2.0_fib0.786_tol0.2_wait72h_sessall_pad0.5_TP3.0R
short,3,2.0,0.786,0.2,72,all,0.5,4.0,1582,-90.818908276325,-13.543980332684278,0.2515802781289507,0.9275816542147084,-113.14871172342254,-0.11970070296328954,2/8,"{2019: -27.65, 2020: -17.98, 2021: 19.79, 2022: -4.16, 2023: -4.47, 2024: -60.37, 2025: -6.56, 2026: 10.57}",235.92638683911687,True,False,False,False,False,short_lb3_imp2.0_fib0.786_tol0.2_wait72h_sessall_pad0.5_TP4.0R
short,3,2.0,0.786,0.2,72,london_ny,0.5,2.0,1498,-157.24162643796043,-23.449714782689103,0.32977303070761016,0.8524654110647811,-165.11359563821938,-0.14202170749203358,1/8,"{2019: -10.54, 2020: -22.98, 2021: -13.54, 2022: -50.27, 2023: 13.56, 2024: -71.99, 2025: -0.01, 2026: -1.48}",223.39932205119916,True,False,False,False,False,short_lb3_imp2.0_fib0.786_tol0.2_wait72h_sesslondon_ny_pad0.5_TP2.0R
short,3,2.0,0.786,0.2,72,london_ny,0.5,3.0,1498,-165.28824910126264,-24.649721490154743,0.26635514018691586,0.8580985432002621,-175.60322084770633,-0.14037169347555684,0/8,"{2019: -14.7, 2020: -11.89, 2021: -5.16, 2022: -26.32, 2023: -9.68, 2024: -81.69, 2025: -13.9, 2026: -1.95}",223.39932205119916,True,False,False,False,False,short_lb3_imp2.0_fib0.786_tol0.2_wait72h_sesslondon_ny_pad0.5_TP3.0R
short,3,2.0,0.786,0.2,72,london_ny,0.5,4.0,1498,-108.30449669224,-16.15163627245845,0.24632843791722298,0.9094769638481668,-149.63528765758969,-0.1079400222053118,3/8,"{2019: -22.11, 2020: -14.77, 2021: 22.73, 2022: 6.0, 2023: -18.59, 2024: -79.89, 2025: -3.97, 2026: 2.28}",223.39932205119916,True,False,False,False,False,short_lb3_imp2.0_fib0.786_tol0.2_wait72h_sesslondon_ny_pad0.5_TP4.0R
long,5,1.0,0.382,0.2,24,all,0.5,2.0,1370,131.4013746234496,19.580457185218744,0.46058394160583943,1.2013221070077404,-34.01619394650099,0.5756216352721275,6/8,"{2019: 2.36, 2020: 27.17, 2021: -1.77, 2022: 0.79, 2023: 9.27, 2024: 56.19, 2025: 45.25, 2026: -7.86}",204.14722768784875,True,False,False,False,False,long_lb5_imp1.0_fib0.382_tol0.2_wait24h_sessall_pad0.5_TP2.0R
long,5,1.0,0.382,0.2,24,all,0.5,3.0,1370,175.066678905279,26.08713661243175,0.445985401459854,1.260627889652188,-36.75010686042502,0.709851993397171,6/8,"{2019: 2.5, 2020: 43.45, 2021: -1.19, 2022: 9.89, 2023: 6.73, 2024: 58.61, 2025: 57.28, 2026: -2.2}",204.14722768784875,True,False,False,False,False,long_lb5_imp1.0_fib0.382_tol0.2_wait24h_sessall_pad0.5_TP3.0R
long,5,1.0,0.382,0.2,24,all,0.5,4.0,1370,199.45294310403992,29.720996634213122,0.4416058394160584,1.2946675656405306,-33.51920964259982,0.8866854842675193,7/8,"{2019: 4.5, 2020: 35.9, 2021: 2.4, 2022: 16.81, 2023: 12.18, 2024: 63.98, 2025: 64.83, 2026: -1.14}",204.14722768784875,True,False,False,True,False,long_lb5_imp1.0_fib0.382_tol0.2_wait24h_sessall_pad0.5_TP4.0R
long,5,1.0,0.382,0.2,24,london_ny,0.5,2.0,1251,120.84179469101538,18.006946989047435,0.4548361310951239,1.2028008967080144,-34.00117315733157,0.5295978143379048,5/8,"{2019: 4.59, 2020: 18.73, 2021: -3.73, 2022: -2.99, 2023: 13.01, 2024: 53.01, 2025: 47.24, 2026: -9.02}",186.4147312682473,False,False,False,False,False,long_lb5_imp1.0_fib0.382_tol0.2_wait24h_sesslondon_ny_pad0.5_TP2.0R
long,5,1.0,0.382,0.2,24,london_ny,0.5,3.0,1251,153.59247674083798,22.887210452812017,0.4396482813749001,1.250209936016334,-38.84562251423244,0.5891837733949686,6/8,"{2019: 4.5, 2020: 33.13, 2021: -1.13, 2022: 7.04, 2023: 5.84, 2024: 51.27, 2025: 59.38, 2026: -6.43}",186.4147312682473,False,False,False,False,False,long_lb5_imp1.0_fib0.382_tol0.2_wait24h_sesslondon_ny_pad0.5_TP3.0R
long,5,1.0,0.382,0.2,24,london_ny,0.5,4.0,1251,185.57951783773393,27.653681811840187,0.43565147881694644,1.3002947438591235,-34.66974672943307,0.7976314920225085,7/8,"{2019: 5.71, 2020: 32.74, 2021: 3.09, 2022: 18.21, 2023: 10.38, 2024: 55.53, 2025: 67.29, 2026: -7.37}",186.4147312682473,False,True,False,True,False,long_lb5_imp1.0_fib0.382_tol0.2_wait24h_sesslondon_ny_pad0.5_TP4.0R
long,5,1.0,0.382,0.2,72,all,0.5,2.0,1579,158.12443335319654,23.562528977202245,0.4635845471817606,1.2138129743763062,-38.755145888174084,0.6079845253373751,7/8,"{2019: 7.22, 2020: 28.23, 2021: 0.2, 2022: 4.89, 2023: 7.2, 2024: 67.33, 2025: 52.32, 2026: -9.27}",235.29085585336728,True,False,False,True,False,long_lb5_imp1.0_fib0.382_tol0.2_wait72h_sessall_pad0.5_TP2.0R
long,5,1.0,0.382,0.2,72,all,0.5,3.0,1579,214.97026127916595,32.033272171879,0.4496516782773908,1.2829487284347048,-41.186653551675015,0.777758555491485,6/8,"{2019: 8.52, 2020: 47.51, 2021: -1.26, 2022: 13.25, 2023: 9.08, 2024: 71.23, 2025: 70.87, 2026: -4.23}",235.29085585336728,True,False,False,False,False,long_lb5_imp1.0_fib0.382_tol0.2_wait72h_sessall_pad0.5_TP3.0R
long,5,1.0,0.382,0.2,72,all,0.5,4.0,1579,255.65141578161712,38.095275756416555,0.44585180493983534,1.3342228275778427,-34.576933122881194,1.1017540399268988,7/8,"{2019: 11.63, 2020: 42.36, 2021: 3.64, 2022: 21.27, 2023: 17.86, 2024: 78.87, 2025: 83.18, 2026: -3.17}",235.29085585336728,True,True,False,True,False,long_lb5_imp1.0_fib0.382_tol0.2_wait72h_sessall_pad0.5_TP4.0R
long,5,1.0,0.382,0.2,72,london_ny,0.5,2.0,1482,125.70327730803709,18.731369031907036,0.45276653171390013,1.1804006894963868,-44.101106566350154,0.42473693950798436,5/8,"{2019: 8.02, 2020: 15.06, 2021: -6.24, 2022: -2.81, 2023: 14.17, 2024: 64.19, 2025: 45.42, 2026: -12.12}",220.83663608276777,True,False,False,False,False,long_lb5_imp1.0_fib0.382_tol0.2_wait72h_sesslondon_ny_pad0.5_TP2.0R
long,5,1.0,0.382,0.2,72,london_ny,0.5,3.0,1482,172.21348737754374,25.661975196045173,0.4392712550607287,1.2408890429139292,-46.69444098182423,0.5495723828460453,6/8,"{2019: 7.42, 2020: 32.46, 2021: -2.68, 2022: 6.24, 2023: 12.43, 2024: 63.24, 2025: 60.64, 2026: -7.53}",220.83663608276777,True,False,False,False,False,long_lb5_imp1.0_fib0.382_tol0.2_wait72h_sesslondon_ny_pad0.5_TP3.0R
long,5,1.0,0.382,0.2,72,london_ny,0.5,4.0,1482,216.8255661185025,32.30973592331433,0.4358974358974359,1.3015466991405795,-39.417899809748114,0.8196716740176014,7/8,"{2019: 9.64, 2020: 34.46, 2021: 2.85, 2022: 18.42, 2023: 20.27, 2024: 67.89, 2025: 71.5, 2026: -8.19}",220.83663608276777,True,True,False,True,False,long_lb5_imp1.0_fib0.382_tol0.2_wait72h_sesslondon_ny_pad0.5_TP4.0R
long,5,1.0,0.5,0.2,24,all,0.5,2.0,1317,93.58538147257465,13.954135733379267,0.4305239179954442,1.1343535805057265,-33.91959202609001,0.4113886665454624,5/8,"{2019: 4.56, 2020: 23.25, 2021: -2.46, 2022: -5.09, 2023: 12.32, 2024: 32.11, 2025: 40.61, 2026: -11.72}",196.3725153617724,False,False,False,False,False,long_lb5_imp1.0_fib0.5_tol0.2_wait24h_sessall_pad0.5_TP2.0R
long,5,1.0,0.5,0.2,24,all,0.5,3.0,1317,137.66357215348586,20.526455533384105,0.4085041761579347,1.1908652051005424,-36.608360009110164,0.5607040448759791,6/8,"{2019: 1.21, 2020: 47.65, 2021: -0.8, 2022: 0.28, 2023: 16.3, 2024: 43.63, 2025: 35.27, 2026: -5.86}",196.3725153617724,False,False,False,False,False,long_lb5_imp1.0_fib0.5_tol0.2_wait24h_sessall_pad0.5_TP3.0R
long,5,1.0,0.5,0.2,24,all,0.5,4.0,1317,168.7889002966532,25.16742666393409,0.4009111617312073,1.2306184133737714,-39.08964865040775,0.6438386512249085,7/8,"{2019: 2.59, 2020: 54.89, 2021: 2.94, 2022: 5.23, 2023: 11.99, 2024: 48.51, 2025: 48.68, 2026: -6.04}",196.3725153617724,False,False,False,True,False,long_lb5_imp1.0_fib0.5_tol0.2_wait24h_sessall_pad0.5_TP4.0R
long,5,1.0,0.5,0.2,24,london_ny,0.5,2.0,1216,97.44438979758563,14.531060972380113,0.43338815789473684,1.1511906799194211,-33.98260529500029,0.42760291173196197,6/8,"{2019: 2.38, 2020: 20.73, 2021: 1.47, 2022: -1.61, 2023: 17.91, 2024: 34.32, 2025: 31.94, 2026: -9.69}",181.33183633371183,False,False,False,False,False,long_lb5_imp1.0_fib0.5_tol0.2_wait24h_sesslondon_ny_pad0.5_TP2.0R
long,5,1.0,0.5,0.2,24,london_ny,0.5,3.0,1216,148.2392255979553,22.105666936155114,0.4128289473684211,1.2220358135152396,-32.57418335306646,0.6786253609662369,6/8,"{2019: -0.32, 2020: 41.21, 2021: 4.04, 2022: 8.58, 2023: 23.59, 2024: 46.63, 2025: 30.13, 2026: -5.61}",181.33183633371183,False,False,False,False,False,long_lb5_imp1.0_fib0.5_tol0.2_wait24h_sesslondon_ny_pad0.5_TP3.0R
long,5,1.0,0.5,0.2,24,london_ny,0.5,4.0,1216,172.6708482417451,25.748949007381015,0.4037828947368421,1.254438490020627,-34.76953635063118,0.7405606087960844,7/8,"{2019: 0.06, 2020: 46.13, 2021: 5.34, 2022: 15.34, 2023: 19.79, 2024: 49.3, 2025: 43.56, 2026: -6.84}",181.33183633371183,False,False,False,True,False,long_lb5_imp1.0_fib0.5_tol0.2_wait24h_sesslondon_ny_pad0.5_TP4.0R
long,5,1.0,0.5,0.2,72,all,0.5,2.0,1554,104.56294361941298,15.590955392691964,0.4337194337194337,1.1297283983468192,-34.49885782741919,0.45192671220264286,7/8,"{2019: 3.79, 2020: 15.31, 2021: 1.75, 2022: 3.6, 2023: 5.26, 2024: 38.23, 2025: 49.04, 2026: -12.42}",231.7106217708385,True,False,False,True,False,long_lb5_imp1.0_fib0.5_tol0.2_wait72h_sessall_pad0.5_TP2.0R
long,5,1.0,0.5,0.2,72,all,0.5,3.0,1554,163.3354450006176,24.354284117316407,0.4144144144144144,1.1963679356536685,-38.02500653339084,0.6404807345905442,7/8,"{2019: 0.9, 2020: 40.18, 2021: 3.23, 2022: 11.46, 2023: 12.23, 2024: 51.27, 2025: 51.25, 2026: -7.19}",231.7106217708385,True,False,False,True,False,long_lb5_imp1.0_fib0.5_tol0.2_wait72h_sessall_pad0.5_TP3.0R
long,5,1.0,0.5,0.2,72,all,0.5,4.0,1554,199.52999123970375,29.75110574780033,0.40797940797940796,1.2368536624711495,-43.79317897807774,0.6793547863399759,7/8,"{2019: 1.92, 2020: 48.42, 2021: 8.43, 2022: 15.51, 2023: 10.93, 2024: 53.91, 2025: 67.78, 2026: -7.37}",231.7106217708385,True,False,False,True,False,long_lb5_imp1.0_fib0.5_tol0.2_wait72h_sessall_pad0.5_TP4.0R
long,5,1.0,0.5,0.2,72,london_ny,0.5,2.0,1470,87.08709559056302,12.986564937834121,0.42993197278911566,1.1130758485452188,-35.611570612438975,0.36467262506242754,6/8,"{2019: 0.01, 2020: 12.93, 2021: -2.5, 2022: 4.86, 2023: 13.26, 2024: 40.61, 2025: 34.17, 2026: -16.26}",219.20871662052335,True,False,False,False,False,long_lb5_imp1.0_fib0.5_tol0.2_wait72h_sesslondon_ny_pad0.5_TP2.0R
long,5,1.0,0.5,0.2,72,london_ny,0.5,3.0,1470,144.3685685877016,21.52846846289256,0.4108843537414966,1.181811918558996,-38.7550137357311,0.5555015051650951,6/8,"{2019: -3.14, 2020: 32.72, 2021: 2.79, 2022: 15.58, 2023: 17.36, 2024: 53.23, 2025: 36.99, 2026: -11.17}",219.20871662052335,True,False,False,False,False,long_lb5_imp1.0_fib0.5_tol0.2_wait72h_sesslondon_ny_pad0.5_TP3.0R
long,5,1.0,0.5,0.2,72,london_ny,0.5,4.0,1470,173.30789812925943,25.843946890554665,0.4034013605442177,1.2152751781455098,-43.873050033886344,0.589062006644022,6/8,"{2019: -2.76, 2020: 39.64, 2021: 5.54, 2022: 21.88, 2023: 16.56, 2024: 52.37, 2025: 51.48, 2026: -11.4}",219.20871662052335,True,False,False,False,False,long_lb5_imp1.0_fib0.5_tol0.2_wait72h_sesslondon_ny_pad0.5_TP4.0R
long,5,1.0,0.618,0.2,24,all,0.5,2.0,1235,127.2612778401886,18.97584208316045,0.4251012145748988,1.1804110802428218,-29.34026139212844,0.6467509552676102,6/8,"{2019: 1.65, 2020: 29.99, 2021: -4.91, 2022: 8.38, 2023: -10.31, 2024: 54.03, 2025: 44.75, 2026: 3.67}",184.15000517386306,False,False,False,False,False,long_lb5_imp1.0_fib0.618_tol0.2_wait24h_sessall_pad0.5_TP2.0R
long,5,1.0,0.618,0.2,24,all,0.5,3.0,1235,215.5555275537469,32.14133725852411,0.39271255060728744,1.289477111727055,-25.714509396631584,1.2499300205484143,8/8,"{2019: 3.78, 2020: 55.83, 2021: 5.1, 2022: 20.39, 2023: 3.78, 2024: 68.99, 2025: 56.01, 2026: 1.68}",184.15000517386306,False,False,False,True,False,long_lb5_imp1.0_fib0.618_tol0.2_wait24h_sessall_pad0.5_TP3.0R
long,5,1.0,0.618,0.2,24,all,0.5,4.0,1235,265.8137860624025,39.635311804595595,0.3838056680161943,1.3518152438262472,-28.35368640968707,1.39788919267493,8/8,"{2019: 1.37, 2020: 73.3, 2021: 3.81, 2022: 21.06, 2023: 10.23, 2024: 86.8, 2025: 60.93, 2026: 8.3}",184.15000517386306,False,True,False,True,False,long_lb5_imp1.0_fib0.618_tol0.2_wait24h_sessall_pad0.5_TP4.0R
long,5,1.0,0.618,0.2,24,london_ny,0.5,2.0,1146,103.7253266485412,15.47079846244957,0.418848167539267,1.157155954598771,-32.59012400225439,0.47470818034872747,4/8,"{2019: -2.89, 2020: 33.57, 2021: -7.26, 2022: -0.8, 2023: -5.43, 2024: 40.05, 2025: 43.25, 2026: 3.25}",170.92773395683065,False,False,False,False,False,long_lb5_imp1.0_fib0.618_tol0.2_wait24h_sesslondon_ny_pad0.5_TP2.0R
long,5,1.0,0.618,0.2,24,london_ny,0.5,3.0,1146,205.70785998449628,30.681656513314966,0.39092495636998253,1.2974021793453647,-29.8180643557357,1.028962046203819,7/8,"{2019: -2.76, 2020: 59.62, 2021: 0.49, 2022: 15.37, 2023: 16.45, 2024: 56.4, 2025: 57.01, 2026: 3.13}",170.92773395683065,False,False,False,True,False,long_lb5_imp1.0_fib0.618_tol0.2_wait24h_sesslondon_ny_pad0.5_TP3.0R
long,5,1.0,0.618,0.2,24,london_ny,0.5,4.0,1146,254.93392942377648,38.02380354722226,0.38132635253054104,1.3628632123988054,-29.770482007862796,1.277231706802048,7/8,"{2019: -4.26, 2020: 65.88, 2021: 4.31, 2022: 18.33, 2023: 25.26, 2024: 69.4, 2025: 65.76, 2026: 10.26}",170.92773395683065,False,True,False,True,False,long_lb5_imp1.0_fib0.618_tol0.2_wait24h_sesslondon_ny_pad0.5_TP4.0R
long,5,1.0,0.618,0.2,72,all,0.5,2.0,1481,136.57837183673558,20.365107595443444,0.4260634706279541,1.1637584008330777,-38.59300991771282,0.5276890203398358,6/8,"{2019: -3.59, 2020: 29.19, 2021: 3.63, 2022: 2.19, 2023: -13.58, 2024: 57.32, 2025: 61.25, 2026: 0.18}",220.83089689270543,True,False,False,False,False,long_lb5_imp1.0_fib0.618_tol0.2_wait72h_sessall_pad0.5_TP2.0R
long,5,1.0,0.618,0.2,72,all,0.5,3.0,1481,225.21032353553102,33.5809572828141,0.39432815665091153,1.2559758591313053,-28.547681721393836,1.1763111838832183,5/8,"{2019: -0.46, 2020: 52.13, 2021: 13.13, 2022: 16.88, 2023: -1.59, 2024: 73.82, 2025: 72.15, 2026: -0.84}",220.83089689270543,True,False,False,False,False,long_lb5_imp1.0_fib0.618_tol0.2_wait72h_sessall_pad0.5_TP3.0R
long,5,1.0,0.618,0.2,72,all,0.5,4.0,1481,271.911033443948,40.544468190715364,0.38622552329507087,1.3049147453036096,-31.21477054351938,1.2988872730680048,7/8,"{2019: -3.68, 2020: 70.69, 2021: 9.27, 2022: 15.68, 2023: 3.11, 2024: 88.46, 2025: 82.97, 2026: 5.4}",220.83089689270543,True,True,False,True,False,long_lb5_imp1.0_fib0.618_tol0.2_wait72h_sessall_pad0.5_TP4.0R
long,5,1.0,0.618,0.2,72,london_ny,0.5,2.0,1401,110.18361511396469,16.43406252233995,0.4182726623840114,1.1381346270021262,-38.88520198040214,0.4226302471213239,5/8,"{2019: -9.49, 2020: 28.61, 2021: 0.05, 2022: -3.12, 2023: -10.07, 2024: 50.05, 2025: 49.1, 2026: 5.05}",208.96139203623014,True,False,False,False,False,long_lb5_imp1.0_fib0.618_tol0.2_wait72h_sesslondon_ny_pad0.5_TP2.0R
long,5,1.0,0.618,0.2,72,london_ny,0.5,3.0,1401,206.34994095204658,30.777423917154568,0.38900785153461814,1.2464104312153046,-35.81718161083064,0.8592921757933037,7/8,"{2019: -8.36, 2020: 52.16, 2021: 2.91, 2022: 15.45, 2023: 9.67, 2024: 69.14, 2025: 64.91, 2026: 0.47}",208.96139203623014,True,False,False,True,False,long_lb5_imp1.0_fib0.618_tol0.2_wait72h_sesslondon_ny_pad0.5_TP3.0R
long,5,1.0,0.618,0.2,72,london_ny,0.5,4.0,1401,250.42739890609408,37.3516473086579,0.3804425410421128,1.294848851764353,-35.54457774215435,1.0508395283132157,7/8,"{2019: -10.66, 2020: 60.77, 2021: 4.16, 2022: 15.48, 2023: 16.73, 2024: 77.76, 2025: 77.59, 2026: 8.59}",208.96139203623014,True,False,False,True,False,long_lb5_imp1.0_fib0.618_tol0.2_wait72h_sesslondon_ny_pad0.5_TP4.0R
long,5,1.0,0.786,0.2,24,all,0.5,2.0,1103,56.24264472772652,8.388347439729657,0.3871260199456029,1.0783155318319915,-22.959495509365322,0.3653541706222594,6/8,"{2019: -3.26, 2020: 5.24, 2021: 2.79, 2022: -5.33, 2023: 6.75, 2024: 29.47, 2025: 2.97, 2026: 17.61}",164.50768399695448,False,False,False,False,False,long_lb5_imp1.0_fib0.786_tol0.2_wait24h_sessall_pad0.5_TP2.0R
long,5,1.0,0.786,0.2,24,all,0.5,3.0,1103,140.843522105285,21.006202744799904,0.3372620126926564,1.1814284858768205,-26.90391937615489,0.7807859684346895,7/8,"{2019: -6.38, 2020: 9.49, 2021: 6.93, 2022: 8.6, 2023: 18.68, 2024: 63.49, 2025: 16.0, 2026: 24.02}",164.50768399695448,False,False,False,True,False,long_lb5_imp1.0_fib0.786_tol0.2_wait24h_sessall_pad0.5_TP3.0R
long,5,1.0,0.786,0.2,24,all,0.5,4.0,1103,185.9048257514453,27.726901476181002,0.3082502266545784,1.2296203891989355,-27.626181804439902,1.0036458049995498,7/8,"{2019: -1.41, 2020: 23.73, 2021: 14.43, 2022: 22.98, 2023: 17.08, 2024: 79.07, 2025: 17.48, 2026: 12.55}",164.50768399695448,False,False,False,True,False,long_lb5_imp1.0_fib0.786_tol0.2_wait24h_sessall_pad0.5_TP4.0R
long,5,1.0,0.786,0.2,24,london_ny,0.5,2.0,1022,41.40144213772048,6.174846201459942,0.3806262230919765,1.0617742445892187,-39.322341174114115,0.15703149957726426,4/8,"{2019: -6.58, 2020: 16.38, 2021: -14.1, 2022: -20.34, 2023: 16.11, 2024: 35.62, 2025: -2.96, 2026: 17.27}",152.42688399355166,False,False,False,False,False,long_lb5_imp1.0_fib0.786_tol0.2_wait24h_sesslondon_ny_pad0.5_TP2.0R
long,5,1.0,0.786,0.2,24,london_ny,0.5,3.0,1022,106.90840263239822,15.944926307225515,0.3268101761252446,1.146800545109742,-38.92593547579962,0.40962217381104504,5/8,"{2019: -8.69, 2020: 22.74, 2021: -5.26, 2022: -11.14, 2023: 20.7, 2024: 57.27, 2025: 9.57, 2026: 21.71}",152.42688399355166,False,False,False,False,False,long_lb5_imp1.0_fib0.786_tol0.2_wait24h_sesslondon_ny_pad0.5_TP3.0R
long,5,1.0,0.786,0.2,24,london_ny,0.5,4.0,1022,150.55228029064446,22.454222077129877,0.2984344422700587,1.1983749301074802,-41.5888033746585,0.5399102704362014,7/8,"{2019: -5.73, 2020: 35.58, 2021: 2.67, 2022: 4.24, 2023: 25.69, 2024: 72.97, 2025: 1.89, 2026: 13.24}",152.42688399355166,False,False,False,True,False,long_lb5_imp1.0_fib0.786_tol0.2_wait24h_sesslondon_ny_pad0.5_TP4.0R
long,5,1.0,0.786,0.2,72,all,0.5,2.0,1333,61.01300071279232,9.099825422453307,0.3870967741935484,1.070738016368851,-30.685684947571588,0.2965495291371507,5/8,"{2019: -6.09, 2020: 6.58, 2021: 9.9, 2022: -12.02, 2023: 3.55, 2024: 34.27, 2025: -2.44, 2026: 27.26}",198.8111901794563,False,False,False,False,False,long_lb5_imp1.0_fib0.786_tol0.2_wait72h_sessall_pad0.5_TP2.0R
long,5,1.0,0.786,0.2,72,all,0.5,3.0,1333,152.73891408932846,22.78034905987781,0.33833458364591146,1.1640088460993934,-39.34438229063876,0.5789987727243581,6/8,"{2019: -7.21, 2020: 12.0, 2021: 5.28, 2022: -0.34, 2023: 20.73, 2024: 76.49, 2025: 13.15, 2026: 32.63}",198.8111901794563,False,False,False,False,False,long_lb5_imp1.0_fib0.786_tol0.2_wait72h_sessall_pad0.5_TP3.0R
long,5,1.0,0.786,0.2,72,all,0.5,4.0,1333,184.87927175121783,27.573944528410166,0.3090772693173293,1.1899601185048754,-43.70010634868972,0.6309811767594686,7/8,"{2019: -0.24, 2020: 26.62, 2021: 4.64, 2022: 10.66, 2023: 18.31, 2024: 92.12, 2025: 17.63, 2026: 15.15}",198.8111901794563,False,False,False,True,False,long_lb5_imp1.0_fib0.786_tol0.2_wait72h_sessall_pad0.5_TP4.0R
long,5,1.0,0.786,0.2,72,london_ny,0.5,2.0,1272,62.8736129745309,9.377327701687168,0.3860062893081761,1.0762982197428053,-51.7851404136603,0.18108143816509845,4/8,"{2019: -10.48, 2020: 23.57, 2021: -13.26, 2022: -25.84, 2023: 15.8, 2024: 46.69, 2025: -1.47, 2026: 27.87}",189.7133037571406,False,False,False,False,False,long_lb5_imp1.0_fib0.786_tol0.2_wait72h_sesslondon_ny_pad0.5_TP2.0R
long,5,1.0,0.786,0.2,72,london_ny,0.5,3.0,1272,144.79318702564936,21.59527820138482,0.3341194968553459,1.1620200669604592,-52.01580490819828,0.4151676252919266,5/8,"{2019: -10.6, 2020: 34.28, 2021: -4.42, 2022: -15.74, 2023: 25.88, 2024: 76.55, 2025: 10.62, 2026: 28.21}",189.7133037571406,False,False,False,False,False,long_lb5_imp1.0_fib0.786_tol0.2_wait72h_sesslondon_ny_pad0.5_TP3.0R
long,5,1.0,0.786,0.2,72,london_ny,0.5,4.0,1272,176.50023632437046,26.324247599852512,0.3050314465408805,1.1889249786363265,-60.35372012579147,0.436166114449723,5/8,"{2019: -5.63, 2020: 51.5, 2021: -2.62, 2022: -5.76, 2023: 30.34, 2024: 85.76, 2025: 3.19, 2026: 19.73}",189.7133037571406,False,False,False,False,False,long_lb5_imp1.0_fib0.786_tol0.2_wait72h_sesslondon_ny_pad0.5_TP4.0R
short,5,1.0,0.382,0.2,24,all,0.5,2.0,1389,-103.80734538711852,-15.481934097850434,0.3830093592512599,0.8601552093725157,-130.4638364938189,-0.11866839511947004,2/8,"{2019: 1.82, 2020: -23.16, 2021: -35.02, 2022: -16.76, 2023: -14.53, 2024: -19.74, 2025: -11.67, 2026: 15.27}",207.1568864584677,True,False,False,False,False,short_lb5_imp1.0_fib0.382_tol0.2_wait24h_sessall_pad0.5_TP2.0R
short,5,1.0,0.382,0.2,24,all,0.5,3.0,1389,-79.69141667211649,-11.885259723009415,0.36861051115910726,0.8948942919523662,-119.39036697352914,-0.09954957023998912,2/8,"{2019: 3.74, 2020: -10.96, 2021: -28.35, 2022: -8.16, 2023: -14.67, 2024: -8.74, 2025: -29.87, 2026: 17.34}",207.1568864584677,True,False,False,False,False,short_lb5_imp1.0_fib0.382_tol0.2_wait24h_sessall_pad0.5_TP3.0R
short,5,1.0,0.382,0.2,24,all,0.5,4.0,1389,-43.89172077704597,-6.546056312078675,0.3650107991360691,0.9424193186203972,-98.45514994083146,-0.06648769836837032,2/8,"{2019: 6.54, 2020: -5.24, 2021: -18.8, 2022: -5.22, 2023: -8.25, 2024: -1.66, 2025: -31.14, 2026: 19.88}",207.1568864584677,True,False,False,False,False,short_lb5_imp1.0_fib0.382_tol0.2_wait24h_sessall_pad0.5_TP4.0R
short,5,1.0,0.382,0.2,24,london_ny,0.5,2.0,1263,-85.428516011476,-12.740896610298579,0.388756927949327,0.8736735006370708,-109.57581300396575,-0.11627471666431954,2/8,"{2019: 3.67, 2020: -17.12, 2021: -34.21, 2022: -17.95, 2023: -13.46, 2024: -9.49, 2025: -9.28, 2026: 12.42}",188.36511706050737,False,False,False,False,False,short_lb5_imp1.0_fib0.382_tol0.2_wait24h_sesslondon_ny_pad0.5_TP2.0R
short,5,1.0,0.382,0.2,24,london_ny,0.5,3.0,1263,-71.15065629249813,-10.611481948906045,0.3737133808392716,0.897221305393778,-99.22627262723262,-0.1069422610357504,2/8,"{2019: 4.01, 2020: -12.45, 2021: -28.21, 2022: -6.51, 2023: -11.79, 2024: -2.31, 2025: -26.24, 2026: 12.36}",188.36511706050737,False,False,False,False,False,short_lb5_imp1.0_fib0.382_tol0.2_wait24h_sesslondon_ny_pad0.5_TP3.0R
short,5,1.0,0.382,0.2,24,london_ny,0.5,4.0,1263,-50.10626908620923,-7.472900429049155,0.36975455265241486,0.9280426228748553,-87.91811246502101,-0.08499841749926461,2/8,"{2019: 5.69, 2020: -9.47, 2021: -20.95, 2022: -3.3, 2023: -5.8, 2024: -2.72, 2025: -28.46, 2026: 14.91}",188.36511706050737,False,False,False,False,False,short_lb5_imp1.0_fib0.382_tol0.2_wait24h_sesslondon_ny_pad0.5_TP4.0R
short,5,1.0,0.382,0.2,72,all,0.5,2.0,1562,-103.54751030177893,-15.443182026380587,0.3866837387964149,0.8741458450728559,-139.02901596339103,-0.11107884148764362,1/8,"{2019: -0.14, 2020: -25.23, 2021: -40.23, 2022: -11.04, 2023: -11.94, 2024: -22.86, 2025: -7.73, 2026: 15.63}",232.95828412392123,True,False,False,False,False,short_lb5_imp1.0_fib0.382_tol0.2_wait72h_sessall_pad0.5_TP2.0R
short,5,1.0,0.382,0.2,72,all,0.5,3.0,1562,-83.04040766091644,-12.384731678385414,0.3719590268886043,0.9013493263746654,-123.49958722904422,-0.10028156333362072,2/8,"{2019: 1.78, 2020: -10.09, 2021: -38.52, 2022: -4.81, 2023: -10.09, 2024: -10.48, 2025: -26.52, 2026: 15.7}",232.95828412392123,True,False,False,False,False,short_lb5_imp1.0_fib0.382_tol0.2_wait72h_sessall_pad0.5_TP3.0R
short,5,1.0,0.382,0.2,72,all,0.5,4.0,1562,-41.39246731720759,-6.173315084425204,0.3687580025608195,0.9510625723551752,-100.71612574770816,-0.06129420724432185,2/8,"{2019: 4.58, 2020: -1.36, 2021: -28.97, 2022: -1.02, 2023: -3.69, 2024: -2.46, 2025: -27.71, 2026: 19.24}",232.95828412392123,True,False,False,False,False,short_lb5_imp1.0_fib0.382_tol0.2_wait72h_sessall_pad0.5_TP4.0R
short,5,1.0,0.382,0.2,72,london_ny,0.5,2.0,1471,-92.18954732686001,-13.749243764037347,0.3902107409925221,0.8810001091024976,-114.04572717777813,-0.12055904332658238,2/8,"{2019: 1.27, 2020: -14.06, 2021: -36.84, 2022: -11.89, 2023: -13.4, 2024: -17.53, 2025: -8.0, 2026: 8.25}",219.38645066983875,True,False,False,False,False,short_lb5_imp1.0_fib0.382_tol0.2_wait72h_sesslondon_ny_pad0.5_TP2.0R
short,5,1.0,0.382,0.2,72,london_ny,0.5,3.0,1471,-81.87097050885234,-12.210320620552112,0.3752549286199864,0.8968687293783277,-118.64690265059015,-0.1029131005342041,2/8,"{2019: 1.61, 2020: -6.16, 2021: -35.81, 2022: -4.45, 2023: -9.73, 2024: -11.97, 2025: -25.56, 2026: 10.2}",219.38645066983875,True,False,False,False,False,short_lb5_imp1.0_fib0.382_tol0.2_wait72h_sesslondon_ny_pad0.5_TP3.0R
short,5,1.0,0.382,0.2,72,london_ny,0.5,4.0,1471,-55.74129410737342,-8.313313847695616,0.37185588035350103,0.930141242305621,-105.69662167376023,-0.07865259755751912,2/8,"{2019: 3.3, 2020: -0.24, 2021: -28.55, 2022: -0.39, 2023: -3.76, 2024: -12.39, 2025: -27.7, 2026: 13.98}",219.38645066983875,True,False,False,False,False,short_lb5_imp1.0_fib0.382_tol0.2_wait72h_sesslondon_ny_pad0.5_TP4.0R
short,5,1.0,0.5,0.2,24,all,0.5,2.0,1394,-76.22606901789773,-11.365098737864654,0.3787661406025825,0.9050195115832635,-110.08952008712988,-0.10323506478064211,3/8,"{2019: 1.05, 2020: -15.68, 2021: -27.65, 2022: -28.05, 2023: 0.94, 2024: -22.26, 2025: -0.43, 2026: 15.85}",207.84159336438347,True,False,False,False,False,short_lb5_imp1.0_fib0.5_tol0.2_wait24h_sessall_pad0.5_TP2.0R
short,5,1.0,0.5,0.2,24,all,0.5,3.0,1394,-55.82662477990419,-8.323597307324864,0.35796269727403157,0.9328668083176596,-112.61219096483735,-0.07391382083955608,2/8,"{2019: 5.76, 2020: -16.82, 2021: -25.36, 2022: -23.34, 2023: -4.11, 2024: -17.51, 2025: -3.04, 2026: 28.59}",207.84159336438347,True,False,False,False,False,short_lb5_imp1.0_fib0.5_tol0.2_wait24h_sessall_pad0.5_TP3.0R
short,5,1.0,0.5,0.2,24,all,0.5,4.0,1394,-57.08860390118676,-8.511754948185663,0.3500717360114778,0.9322660136476896,-107.38876037850838,-0.07926113420235656,2/8,"{2019: 9.01, 2020: -14.71, 2021: -23.79, 2022: -23.88, 2023: -0.81, 2024: -12.5, 2025: -9.99, 2026: 19.58}",207.84159336438347,True,False,False,False,False,short_lb5_imp1.0_fib0.5_tol0.2_wait24h_sessall_pad0.5_TP4.0R
short,5,1.0,0.5,0.2,24,london_ny,0.5,2.0,1284,-91.2145011429377,-13.5998330383684,0.38161993769470404,0.8779299881097729,-118.40875578478945,-0.1148549610899248,1/8,"{2019: -0.41, 2020: -9.08, 2021: -21.17, 2022: -31.94, 2023: -6.44, 2024: -24.3, 2025: -8.71, 2026: 10.84}",191.44089374452537,False,False,False,False,False,short_lb5_imp1.0_fib0.5_tol0.2_wait24h_sesslondon_ny_pad0.5_TP2.0R
short,5,1.0,0.5,0.2,24,london_ny,0.5,3.0,1284,-89.97485301384022,-13.415004887462517,0.3605919003115265,0.8838758175103393,-124.11189462239153,-0.10808798728177872,2/8,"{2019: 2.7, 2020: -17.42, 2021: -23.69, 2022: -26.53, 2023: -8.83, 2024: -20.79, 2025: -13.56, 2026: 18.15}",191.44089374452537,False,False,False,False,False,short_lb5_imp1.0_fib0.5_tol0.2_wait24h_sesslondon_ny_pad0.5_TP3.0R
short,5,1.0,0.5,0.2,24,london_ny,0.5,4.0,1284,-83.6208414417388,-12.467639113143086,0.3543613707165109,0.8932036329176497,-119.98320714246242,-0.10391153403942269,2/8,"{2019: 4.87, 2020: -15.41, 2021: -22.13, 2022: -28.91, 2023: -4.12, 2024: -13.84, 2025: -16.22, 2026: 12.15}",191.44089374452537,False,False,False,False,False,short_lb5_imp1.0_fib0.5_tol0.2_wait24h_sesslondon_ny_pad0.5_TP4.0R
short,5,1.0,0.5,0.2,72,all,0.5,2.0,1580,-93.90106109096541,-14.000391790353346,0.3778481012658228,0.8961410570302567,-131.09882952427301,-0.10679265284943804,2/8,"{2019: -2.73, 2020: -23.3, 2021: -34.42, 2022: -27.42, 2023: 1.29, 2024: -18.61, 2025: -8.75, 2026: 20.04}",235.57368544887078,True,False,False,False,False,short_lb5_imp1.0_fib0.5_tol0.2_wait72h_sessall_pad0.5_TP2.0R
short,5,1.0,0.5,0.2,72,all,0.5,3.0,1580,-74.10057919133754,-11.04819400886031,0.3575949367088608,0.9208564887889146,-129.13833177492896,-0.08555317276450382,2/8,"{2019: 1.99, 2020: -22.47, 2021: -30.35, 2022: -27.61, 2023: -2.39, 2024: -12.79, 2025: -11.78, 2026: 31.29}",235.57368544887078,True,False,False,False,False,short_lb5_imp1.0_fib0.5_tol0.2_wait72h_sessall_pad0.5_TP3.0R
short,5,1.0,0.5,0.2,72,all,0.5,4.0,1580,-80.65300993210572,-12.025143539399066,0.3493670886075949,0.9150662632797877,-130.45085745546046,-0.09218140665349618,2/8,"{2019: 5.23, 2020: -18.35, 2021: -31.78, 2022: -27.14, 2023: -1.36, 2024: -7.8, 2025: -18.74, 2026: 19.29}",235.57368544887078,True,False,False,False,False,short_lb5_imp1.0_fib0.5_tol0.2_wait72h_sessall_pad0.5_TP4.0R
short,5,1.0,0.5,0.2,72,london_ny,0.5,2.0,1487,-103.88358576250195,-15.488758959314193,0.3853396099529254,0.8784156109452907,-133.285266491152,-0.11620758518228569,1/8,"{2019: -0.97, 2020: -10.75, 2021: -23.55, 2022: -29.43, 2023: -4.82, 2024: -26.28, 2025: -17.13, 2026: 9.02}",221.70763940662712,True,False,False,False,False,short_lb5_imp1.0_fib0.5_tol0.2_wait72h_sesslondon_ny_pad0.5_TP2.0R
short,5,1.0,0.5,0.2,72,london_ny,0.5,3.0,1487,-109.98439995145836,-16.39837369522003,0.3644922663080027,0.8757554105817672,-151.6431316049389,-0.10813792567896262,2/8,"{2019: 2.14, 2020: -15.1, 2021: -24.28, 2022: -28.39, 2023: -9.19, 2024: -26.8, 2025: -24.98, 2026: 16.63}",221.70763940662712,True,False,False,False,False,short_lb5_imp1.0_fib0.5_tol0.2_wait72h_sesslondon_ny_pad0.5_TP3.0R
short,5,1.0,0.5,0.2,72,london_ny,0.5,4.0,1487,-105.88667398438488,-15.787413943306717,0.3577673167451244,0.8817577394021996,-152.87178695665628,-0.10327225355050583,2/8,"{2019: 4.32, 2020: -9.1, 2021: -25.73, 2022: -33.77, 2023: -3.94, 2024: -21.65, 2025: -27.64, 2026: 11.62}",221.70763940662712,True,False,False,False,False,short_lb5_imp1.0_fib0.5_tol0.2_wait72h_sesslondon_ny_pad0.5_TP4.0R
short,5,1.0,0.618,0.2,24,all,0.5,2.0,1332,-63.36146979993794,-9.447812202689951,0.36936936936936937,0.9243728985230636,-84.26033513539079,-0.1121264493846252,2/8,"{2019: -9.85, 2020: -10.15, 2021: -10.37, 2022: -32.52, 2023: 14.74, 2024: -0.23, 2025: -29.03, 2026: 14.03}",198.61417188897565,False,False,False,False,False,short_lb5_imp1.0_fib0.618_tol0.2_wait24h_sessall_pad0.5_TP2.0R
short,5,1.0,0.618,0.2,24,all,0.5,3.0,1332,-45.59024357965062,-6.797949305397145,0.3333333333333333,0.948351184329958,-89.01586409191086,-0.07636784043772368,2/8,"{2019: -5.0, 2020: -7.56, 2021: -13.72, 2022: -13.48, 2023: 5.15, 2024: -11.41, 2025: -29.27, 2026: 29.69}",198.61417188897565,False,False,False,False,False,short_lb5_imp1.0_fib0.618_tol0.2_wait24h_sessall_pad0.5_TP3.0R
short,5,1.0,0.618,0.2,24,all,0.5,4.0,1332,-40.310754551093076,-6.010726076114946,0.31756756756756754,0.95537308494147,-88.19043035705869,-0.06815621663007174,2/8,"{2019: -1.96, 2020: -9.84, 2021: -28.12, 2022: -5.84, 2023: 2.14, 2024: -2.09, 2025: -27.51, 2026: 32.92}",198.61417188897565,False,False,False,False,False,short_lb5_imp1.0_fib0.618_tol0.2_wait24h_sessall_pad0.5_TP4.0R
short,5,1.0,0.618,0.2,24,london_ny,0.5,2.0,1219,-93.84898743949825,-13.993083922727047,0.3601312551271534,0.8794801180526965,-115.93887347098307,-0.1206936336692042,2/8,"{2019: -9.05, 2020: -0.67, 2021: -8.4, 2022: -40.24, 2023: 1.4, 2024: -10.76, 2025: -35.68, 2026: 9.55}",181.7554964330414,False,False,False,False,False,short_lb5_imp1.0_fib0.618_tol0.2_wait24h_sesslondon_ny_pad0.5_TP2.0R
short,5,1.0,0.618,0.2,24,london_ny,0.5,3.0,1219,-88.15283795812677,-13.143775902428864,0.324856439704676,0.892488585109927,-128.27829369610362,-0.10246297735739292,1/8,"{2019: -2.95, 2020: -0.32, 2021: -13.23, 2022: -25.57, 2023: -9.97, 2024: -17.38, 2025: -36.4, 2026: 17.67}",181.7554964330414,False,False,False,False,False,short_lb5_imp1.0_fib0.618_tol0.2_wait24h_sesslondon_ny_pad0.5_TP3.0R
short,5,1.0,0.618,0.2,24,london_ny,0.5,4.0,1219,-77.77011598555825,-11.595689941435888,0.31091058244462677,0.907137051098826,-117.52276952499342,-0.09866760278287899,2/8,"{2019: 1.09, 2020: -8.39, 2021: -26.44, 2022: -15.16, 2023: -12.09, 2024: -10.64, 2025: -27.46, 2026: 21.32}",181.7554964330414,False,False,False,False,False,short_lb5_imp1.0_fib0.618_tol0.2_wait24h_sesslondon_ny_pad0.5_TP4.0R
short,5,1.0,0.618,0.2,72,all,0.5,2.0,1557,-83.08160052193027,-12.388275740896297,0.36673089274245346,0.9144692765053585,-106.41937474773023,-0.11640996548103212,3/8,"{2019: -9.98, 2020: -13.81, 2021: -21.12, 2022: -38.32, 2023: 21.26, 2024: 10.21, 2025: -43.45, 2026: 12.14}",232.16386308643777,True,False,False,False,False,short_lb5_imp1.0_fib0.618_tol0.2_wait72h_sessall_pad0.5_TP2.0R
short,5,1.0,0.618,0.2,72,all,0.5,3.0,1557,-67.73096987121995,-10.099347216373507,0.33204881181759793,0.9337449789357252,-107.35474255583127,-0.09407453248859693,2/8,"{2019: -4.24, 2020: -11.48, 2021: -27.91, 2022: -19.97, 2023: 15.34, 2024: -3.58, 2025: -42.7, 2026: 26.8}",232.16386308643777,True,False,False,False,False,short_lb5_imp1.0_fib0.618_tol0.2_wait72h_sessall_pad0.5_TP3.0R
short,5,1.0,0.618,0.2,72,all,0.5,4.0,1557,-57.68266692781569,-8.60104739055234,0.3179190751445087,0.9447417995922063,-103.01192750565883,-0.08349564558997163,3/8,"{2019: -1.13, 2020: -9.96, 2021: -42.08, 2022: -12.52, 2023: 14.35, 2024: 6.57, 2025: -39.94, 2026: 27.03}",232.16386308643777,True,False,False,False,False,short_lb5_imp1.0_fib0.618_tol0.2_wait72h_sessall_pad0.5_TP4.0R
short,5,1.0,0.618,0.2,72,london_ny,0.5,2.0,1454,-92.0384855837589,-13.723134239722249,0.3658872077028886,0.8988121443982082,-115.19027426750435,-0.11913448706488236,3/8,"{2019: -10.02, 2020: 1.44, 2021: -17.01, 2022: -39.36, 2023: 9.95, 2024: -4.27, 2025: -43.33, 2026: 10.56}",216.79449697591647,True,False,False,False,False,short_lb5_imp1.0_fib0.618_tol0.2_wait72h_sesslondon_ny_pad0.5_TP2.0R
short,5,1.0,0.618,0.2,72,london_ny,0.5,3.0,1454,-81.87444866522699,-12.207654686078667,0.3321870701513067,0.9144648966964525,-130.20427169436275,-0.09375771260972542,2/8,"{2019: -2.92, 2020: 6.93, 2021: -25.0, 2022: -21.41, 2023: -0.25, 2024: -13.75, 2025: -44.16, 2026: 18.69}",216.79449697591647,True,False,False,False,False,short_lb5_imp1.0_fib0.618_tol0.2_wait72h_sesslondon_ny_pad0.5_TP3.0R
short,5,1.0,0.618,0.2,72,london_ny,0.5,4.0,1454,-65.02340430447022,-9.695128079676246,0.3204951856946355,0.9332912336850602,-121.47130924474189,-0.07981413998051493,3/8,"{2019: 1.19, 2020: 4.9, 2021: -37.97, 2022: -9.97, 2023: -0.71, 2024: -11.97, 2025: -34.21, 2026: 23.72}",216.79449697591647,True,False,False,False,False,short_lb5_imp1.0_fib0.618_tol0.2_wait72h_sesslondon_ny_pad0.5_TP4.0R
short,5,1.0,0.786,0.2,24,all,0.5,2.0,1148,-126.20689933508417,-18.814250686768013,0.3318815331010453,0.8454641416275311,-137.02591469047061,-0.1373043247276819,0/8,"{2019: -5.86, 2020: -15.68, 2021: -11.19, 2022: -31.08, 2023: -12.01, 2024: -12.65, 2025: -36.65, 2026: -1.08}",171.13771039619746,False,False,False,False,False,short_lb5_imp1.0_fib0.786_tol0.2_wait24h_sessall_pad0.5_TP2.0R
short,5,1.0,0.786,0.2,24,all,0.5,3.0,1148,-91.62939106152345,-13.659620375668052,0.2735191637630662,0.8968741089498752,-127.95291654671385,-0.10675505290792736,2/8,"{2019: -1.52, 2020: 2.3, 2021: -11.18, 2022: -18.75, 2023: -24.08, 2024: -5.82, 2025: -33.65, 2026: 1.07}",171.13771039619746,False,False,False,False,False,short_lb5_imp1.0_fib0.786_tol0.2_wait24h_sessall_pad0.5_TP3.0R
short,5,1.0,0.786,0.2,24,all,0.5,4.0,1148,-97.9460543312477,-14.60127480887743,0.24477351916376305,0.8937712666090291,-127.24162189220361,-0.1147523474767346,1/8,"{2019: -9.3, 2020: 5.9, 2021: -11.66, 2022: -24.92, 2023: -4.67, 2024: -7.31, 2025: -37.73, 2026: -8.26}",171.13771039619746,False,False,False,False,False,short_lb5_imp1.0_fib0.786_tol0.2_wait24h_sessall_pad0.5_TP4.0R
short,5,1.0,0.786,0.2,24,london_ny,0.5,2.0,1065,-91.11478165464115,-13.582905152983225,0.339906103286385,0.8783136306959817,-122.09472805495484,-0.11124890787151398,2/8,"{2019: -3.59, 2020: 2.87, 2021: -3.48, 2022: -29.46, 2023: 1.13, 2024: -22.93, 2025: -34.57, 2026: -1.08}",158.76451356441663,False,False,False,False,False,short_lb5_imp1.0_fib0.786_tol0.2_wait24h_sesslondon_ny_pad0.5_TP2.0R
short,5,1.0,0.786,0.2,24,london_ny,0.5,3.0,1065,-76.86457871613418,-11.458560986104088,0.27417840375586855,0.9066688275292077,-128.65704582872277,-0.08906283299368246,2/8,"{2019: 2.63, 2020: 21.86, 2021: -10.58, 2022: -22.36, 2023: -15.2, 2024: -7.31, 2025: -38.57, 2026: -7.33}",158.76451356441663,False,False,False,False,False,short_lb5_imp1.0_fib0.786_tol0.2_wait24h_sesslondon_ny_pad0.5_TP3.0R
short,5,1.0,0.786,0.2,24,london_ny,0.5,4.0,1065,-95.99670701671492,-14.310676519525414,0.24131455399061033,0.8882976004207166,-133.7019499169777,-0.10703416463568136,2/8,"{2019: -4.15, 2020: 13.37, 2021: -17.66, 2022: -21.99, 2023: 1.33, 2024: -18.31, 2025: -38.49, 2026: -10.09}",158.76451356441663,False,False,False,False,False,short_lb5_imp1.0_fib0.786_tol0.2_wait24h_sesslondon_ny_pad0.5_TP4.0R
short,5,1.0,0.786,0.2,72,all,0.5,2.0,1410,-160.89709331991503,-23.98567958203273,0.3304964539007092,0.8389862372031633,-169.59714439015104,-0.1414273787939182,0/8,"{2019: -8.4, 2020: -24.87, 2021: -19.01, 2022: -41.19, 2023: -10.18, 2024: -4.16, 2025: -45.77, 2026: -7.31}",210.1952714796502,True,False,False,False,False,short_lb5_imp1.0_fib0.786_tol0.2_wait72h_sessall_pad0.5_TP2.0R
short,5,1.0,0.786,0.2,72,all,0.5,3.0,1410,-117.38424520561395,-17.499016516615495,0.2765957446808511,0.8913855967995595,-133.04351280335308,-0.13152852136789392,1/8,"{2019: -6.06, 2020: -11.46, 2021: -12.35, 2022: -24.19, 2023: -16.73, 2024: 5.69, 2025: -44.49, 2026: -7.8}",210.1952714796502,True,False,False,False,False,short_lb5_imp1.0_fib0.786_tol0.2_wait72h_sessall_pad0.5_TP3.0R
short,5,1.0,0.786,0.2,72,all,0.5,4.0,1410,-100.16066194243257,-14.931416686929843,0.2531914893617021,0.9101095806830914,-110.10323374526074,-0.1356128805578569,2/8,"{2019: -14.41, 2020: -6.53, 2021: -9.32, 2022: -21.58, 2023: 3.78, 2024: 10.27, 2025: -46.23, 2026: -16.13}",210.1952714796502,True,False,False,False,False,short_lb5_imp1.0_fib0.786_tol0.2_wait72h_sessall_pad0.5_TP4.0R
short,5,1.0,0.786,0.2,72,london_ny,0.5,2.0,1325,-91.85705781114272,-13.693559719102884,0.3449056603773585,0.9000551465330735,-127.71551889626242,-0.10721923097087009,3/8,"{2019: -3.09, 2020: 1.66, 2021: -0.25, 2022: -36.58, 2023: 1.29, 2024: -23.44, 2025: -34.67, 2026: 3.22}",197.52392532662162,False,False,False,False,False,short_lb5_imp1.0_fib0.786_tol0.2_wait72h_sesslondon_ny_pad0.5_TP2.0R
short,5,1.0,0.786,0.2,72,london_ny,0.5,3.0,1325,-59.54093370509904,-8.876044485315708,0.2837735849056604,0.9407863795891144,-102.51712047863441,-0.0865810943955021,3/8,"{2019: 1.03, 2020: 18.28, 2021: 1.82, 2022: -15.48, 2023: -10.22, 2024: -5.8, 2025: -41.4, 2026: -7.78}",197.52392532662162,False,False,False,False,False,short_lb5_imp1.0_fib0.786_tol0.2_wait72h_sesslondon_ny_pad0.5_TP3.0R
short,5,1.0,0.786,0.2,72,london_ny,0.5,4.0,1325,-56.74333073504974,-8.45899277199529,0.2550943396226415,0.9456099316830978,-91.03620356968446,-0.09291899750103572,2/8,"{2019: -6.32, 2020: 10.66, 2021: -4.41, 2022: -3.0, 2023: 0.69, 2024: -10.51, 2025: -36.31, 2026: -7.54}",197.52392532662162,False,False,False,False,False,short_lb5_imp1.0_fib0.786_tol0.2_wait72h_sesslondon_ny_pad0.5_TP4.0R
long,5,2.0,0.382,0.2,24,all,0.5,2.0,1207,142.8699059812928,21.28941257379892,0.4739022369511185,1.261721150897151,-26.88411718566363,0.7918955428877474,6/8,"{2019: -0.36, 2020: 27.21, 2021: 6.23, 2022: 13.7, 2023: 3.73, 2024: 51.7, 2025: 47.42, 2026: -6.77}",179.8581779702434,False,False,False,False,False,long_lb5_imp2.0_fib0.382_tol0.2_wait24h_sessall_pad0.5_TP2.0R
long,5,2.0,0.382,0.2,24,all,0.5,3.0,1207,183.62026591292593,27.361728637539724,0.4623032311516156,1.328264866939883,-30.53786261125711,0.8959935731537879,6/8,"{2019: -2.23, 2020: 38.18, 2021: 10.4, 2022: 20.09, 2023: 4.77, 2024: 60.65, 2025: 54.87, 2026: -3.1}",179.8581779702434,False,True,False,False,False,long_lb5_imp2.0_fib0.382_tol0.2_wait24h_sessall_pad0.5_TP3.0R
long,5,2.0,0.382,0.2,24,all,0.5,4.0,1207,200.74936508471865,29.914179811781846,0.45898922949461474,1.3569606444230957,-29.110733378750055,1.0275996630719817,6/8,"{2019: -2.23, 2020: 33.69, 2021: 11.99, 2022: 25.69, 2023: 12.22, 2024: 64.02, 2025: 59.42, 2026: -4.04}",179.8581779702434,False,True,False,False,False,long_lb5_imp2.0_fib0.382_tol0.2_wait24h_sessall_pad0.5_TP4.0R
long,5,2.0,0.382,0.2,24,london_ny,0.5,2.0,1092,131.20053161521187,19.550529051399604,0.46794871794871795,1.2665981340319485,-22.5146912751421,0.8683454199962692,7/8,"{2019: 1.82, 2020: 21.77, 2021: 4.27, 2022: 9.93, 2023: 7.47, 2024: 45.54, 2025: 47.37, 2026: -6.96}",162.72173185046046,False,False,False,True,False,long_lb5_imp2.0_fib0.382_tol0.2_wait24h_sesslondon_ny_pad0.5_TP2.0R
long,5,2.0,0.382,0.2,24,london_ny,0.5,3.0,1092,164.00186826235517,24.43834068714423,0.45604395604395603,1.3250482531881203,-30.658539223716758,0.7971136690113166,7/8,"{2019: 1.92, 2020: 31.51, 2021: 10.49, 2022: 17.24, 2023: 3.88, 2024: 49.32, 2025: 55.01, 2026: -5.37}",162.72173185046046,False,True,False,True,False,long_lb5_imp2.0_fib0.382_tol0.2_wait24h_sesslondon_ny_pad0.5_TP3.0R
long,5,2.0,0.382,0.2,24,london_ny,0.5,4.0,1092,185.73174433228297,27.676365473769255,0.4523809523809524,1.3659232547648466,-30.26127046558331,0.9145804207145264,7/8,"{2019: 2.13, 2020: 30.18, 2021: 12.71, 2022: 27.1, 2023: 10.42, 2024: 50.58, 2025: 59.92, 2026: -7.31}",162.72173185046046,False,True,False,True,False,long_lb5_imp2.0_fib0.382_tol0.2_wait24h_sesslondon_ny_pad0.5_TP4.0R
long,5,2.0,0.382,0.2,72,all,0.5,2.0,1397,162.66117048505907,24.238559859113384,0.4753042233357194,1.261399812633377,-33.19982459505962,0.7300809614132799,7/8,"{2019: 2.68, 2020: 26.44, 2021: 5.4, 2022: 19.94, 2023: 1.84, 2024: 61.97, 2025: 53.55, 2026: -9.16}",208.17056721162388,True,False,False,True,False,long_lb5_imp2.0_fib0.382_tol0.2_wait72h_sessall_pad0.5_TP2.0R
long,5,2.0,0.382,0.2,72,all,0.5,3.0,1397,209.21515688107618,31.175689246386902,0.4638511095204009,1.328471655891564,-35.97214888426178,0.8666618540552805,7/8,"{2019: 0.98, 2020: 38.41, 2021: 5.52, 2022: 25.58, 2023: 6.31, 2024: 71.39, 2025: 66.5, 2026: -5.49}",208.17056721162388,True,True,False,True,False,long_lb5_imp2.0_fib0.382_tol0.2_wait72h_sessall_pad0.5_TP3.0R
long,5,2.0,0.382,0.2,72,all,0.5,4.0,1397,235.3294129329306,35.067041783698365,0.4609878310665712,1.3677285486696364,-34.574880126128285,1.0142346598390128,7/8,"{2019: 1.08, 2020: 34.32, 2021: 7.11, 2022: 32.3, 2023: 16.09, 2024: 76.04, 2025: 74.82, 2026: -6.43}",208.17056721162388,True,True,False,True,False,long_lb5_imp2.0_fib0.382_tol0.2_wait72h_sessall_pad0.5_TP4.0R
long,5,2.0,0.382,0.2,72,london_ny,0.5,2.0,1303,133.13678055090975,19.839054491061113,0.46431312356101306,1.2293377989101162,-31.335817700280614,0.6331111152361425,6/8,"{2019: 3.44, 2020: 19.24, 2021: -1.05, 2022: 12.25, 2023: 8.82, 2024: 55.85, 2025: 45.63, 2026: -11.04}",194.16338516588826,False,False,False,False,False,long_lb5_imp2.0_fib0.382_tol0.2_wait72h_sesslondon_ny_pad0.5_TP2.0R
long,5,2.0,0.382,0.2,72,london_ny,0.5,3.0,1303,171.6976452177371,25.585108227542225,0.4535686876438987,1.2895104388214533,-34.06165885402912,0.7511409921984992,7/8,"{2019: 2.02, 2020: 30.99, 2021: 4.13, 2022: 18.59, 2023: 9.66, 2024: 59.42, 2025: 55.35, 2026: -8.46}",194.16338516588826,False,False,False,True,False,long_lb5_imp2.0_fib0.382_tol0.2_wait72h_sesslondon_ny_pad0.5_TP3.0R
long,5,2.0,0.382,0.2,72,london_ny,0.5,4.0,1303,199.9128909968392,29.789534654064102,0.45049884881043745,1.3353759155549327,-31.366142321856806,0.9497353658727079,7/8,"{2019: 2.23, 2020: 31.04, 2021: 6.36, 2022: 29.45, 2023: 18.5, 2024: 60.07, 2025: 62.21, 2026: -9.95}",194.16338516588826,False,True,False,True,False,long_lb5_imp2.0_fib0.382_tol0.2_wait72h_sesslondon_ny_pad0.5_TP4.0R
long,5,2.0,0.5,0.2,24,all,0.5,2.0,1150,99.90621752957364,14.896609898680921,0.4426086956521739,1.170898087801902,-22.44896345171071,0.6635767362143277,7/8,"{2019: 0.07, 2020: 23.79, 2021: 0.99, 2022: 9.15, 2023: 6.28, 2024: 25.38, 2025: 44.87, 2026: -10.61}",171.4718243477891,False,False,False,True,False,long_lb5_imp2.0_fib0.5_tol0.2_wait24h_sessall_pad0.5_TP2.0R
long,5,2.0,0.5,0.2,24,all,0.5,3.0,1150,138.14917311638519,20.598861518613138,0.42434782608695654,1.2292661778085239,-23.71161464892763,0.8687245395810586,6/8,"{2019: -3.18, 2020: 44.17, 2021: 6.79, 2022: 12.38, 2023: 9.1, 2024: 40.65, 2025: 35.0, 2026: -6.76}",171.4718243477891,False,False,False,False,False,long_lb5_imp2.0_fib0.5_tol0.2_wait24h_sessall_pad0.5_TP3.0R
long,5,2.0,0.5,0.2,24,all,0.5,4.0,1150,164.1637544434573,24.477789970610516,0.4182608695652174,1.2691630978165795,-25.738559426483302,0.9510163162210417,6/8,"{2019: -3.8, 2020: 47.7, 2021: 7.94, 2022: 19.09, 2023: 15.79, 2024: 41.53, 2025: 44.86, 2026: -8.94}",171.4718243477891,False,False,False,False,False,long_lb5_imp2.0_fib0.5_tol0.2_wait24h_sessall_pad0.5_TP4.0R
long,5,2.0,0.5,0.2,24,london_ny,0.5,2.0,1053,105.63327318857453,15.75220016877045,0.4472934472934473,1.1975957669746495,-21.16902894180513,0.7441153872515431,6/8,"{2019: -2.12, 2020: 23.25, 2021: 6.85, 2022: 12.66, 2023: 8.82, 2024: 27.61, 2025: 35.18, 2026: -6.61}",157.02501945674223,False,False,False,False,False,long_lb5_imp2.0_fib0.5_tol0.2_wait24h_sesslondon_ny_pad0.5_TP2.0R
long,5,2.0,0.5,0.2,24,london_ny,0.5,3.0,1053,147.62760050392623,22.01446043825374,0.42924976258309594,1.2673171193807475,-22.613583028920573,0.9735060742076735,6/8,"{2019: -2.54, 2020: 40.71, 2021: 11.42, 2022: 20.71, 2023: 12.35, 2024: 39.66, 2025: 28.85, 2026: -3.52}",157.02501945674223,False,False,False,False,False,long_lb5_imp2.0_fib0.5_tol0.2_wait24h_sesslondon_ny_pad0.5_TP3.0R
long,5,2.0,0.5,0.2,24,london_ny,0.5,4.0,1053,167.9121399116832,25.039322921799887,0.42165242165242167,1.2998688542158203,-24.842227673567997,1.0079338797961988,6/8,"{2019: -3.17, 2020: 42.88, 2021: 10.12, 2022: 29.22, 2023: 18.55, 2024: 37.33, 2025: 38.73, 2026: -5.75}",157.02501945674223,False,False,False,False,False,long_lb5_imp2.0_fib0.5_tol0.2_wait24h_sesslondon_ny_pad0.5_TP4.0R
long,5,2.0,0.5,0.2,72,all,0.5,2.0,1369,106.01103422995702,15.80687429600578,0.4441197954711468,1.1551297352997094,-26.287765343677464,0.6013015594650967,6/8,"{2019: 0.52, 2020: 15.99, 2021: 2.41, 2022: 19.98, 2023: -0.58, 2024: 27.61, 2025: 52.37, 2026: -12.29}",204.12602394097678,True,False,False,False,False,long_lb5_imp2.0_fib0.5_tol0.2_wait72h_sessall_pad0.5_TP2.0R
long,5,2.0,0.5,0.2,72,all,0.5,3.0,1369,152.57140333730595,22.749301629174095,0.42804967129291455,1.2172100731837934,-32.37524395998692,0.7026758364289184,6/8,"{2019: -2.27, 2020: 35.84, 2021: 6.04, 2022: 25.71, 2023: 4.24, 2024: 42.41, 2025: 49.06, 2026: -8.44}",204.12602394097678,True,False,False,False,False,long_lb5_imp2.0_fib0.5_tol0.2_wait72h_sessall_pad0.5_TP3.0R
long,5,2.0,0.5,0.2,72,all,0.5,4.0,1369,180.58435376234186,26.926198772430688,0.422936449963477,1.2544347105046532,-34.01341022220605,0.7916347874713136,6/8,"{2019: -3.25, 2020: 39.37, 2021: 6.64, 2022: 31.51, 2023: 12.93, 2024: 42.97, 2025: 61.03, 2026: -10.62}",204.12602394097678,True,False,False,False,False,long_lb5_imp2.0_fib0.5_tol0.2_wait72h_sessall_pad0.5_TP4.0R
long,5,2.0,0.5,0.2,72,london_ny,0.5,2.0,1288,92.93325782354566,13.858353863172555,0.4409937888198758,1.1433094222182683,-22.361872364907473,0.6197313729829035,5/8,"{2019: -3.24, 2020: 18.58, 2021: -0.4, 2022: 21.27, 2023: 4.38, 2024: 30.01, 2025: 36.49, 2026: -14.15}",192.0685898008395,False,False,False,False,False,long_lb5_imp2.0_fib0.5_tol0.2_wait72h_sesslondon_ny_pad0.5_TP2.0R
long,5,2.0,0.5,0.2,72,london_ny,0.5,3.0,1288,134.4142223356663,20.04406066241299,0.42391304347826086,1.201548005320871,-28.516273082117948,0.7028990290804259,6/8,"{2019: -4.11, 2020: 35.35, 2021: 4.89, 2022: 29.86, 2023: 5.32, 2024: 40.39, 2025: 33.78, 2026: -11.06}",192.0685898008395,False,False,False,False,False,long_lb5_imp2.0_fib0.5_tol0.2_wait72h_sesslondon_ny_pad0.5_TP3.0R
long,5,2.0,0.5,0.2,72,london_ny,0.5,4.0,1288,156.1356196432363,23.283189660370073,0.41770186335403725,1.2314475734349755,-30.073235378459835,0.7742163211693153,6/8,"{2019: -4.73, 2020: 39.52, 2021: 3.04, 2022: 37.91, 2023: 13.52, 2024: 36.45, 2025: 43.71, 2026: -13.29}",192.0685898008395,False,False,False,False,False,long_lb5_imp2.0_fib0.5_tol0.2_wait72h_sesslondon_ny_pad0.5_TP4.0R
long,5,2.0,0.618,0.2,24,all,0.5,2.0,1063,104.6686839466768,15.607075862608882,0.4261523988711195,1.1751674183554615,-26.276926494903364,0.5939460182162479,6/8,"{2019: 3.47, 2020: 20.65, 2021: -4.18, 2022: 17.77, 2023: -13.21, 2024: 36.8, 2025: 41.55, 2026: 1.82}",158.50320283385946,False,False,False,False,False,long_lb5_imp2.0_fib0.618_tol0.2_wait24h_sessall_pad0.5_TP2.0R
long,5,2.0,0.618,0.2,24,all,0.5,3.0,1063,188.48200536158015,28.10442288462759,0.39981185324553153,1.301636812220127,-17.179381435920334,1.6359391628539144,6/8,"{2019: 6.78, 2020: 42.1, 2021: 7.84, 2022: 34.32, 2023: -3.21, 2024: 52.02, 2025: 51.8, 2026: -3.18}",158.50320283385946,False,True,True,False,False,long_lb5_imp2.0_fib0.618_tol0.2_wait24h_sessall_pad0.5_TP3.0R
long,5,2.0,0.618,0.2,24,all,0.5,4.0,1063,224.48866539198514,33.47335133069448,0.3922859830667921,1.3544119503415932,-19.326403298282173,1.7320010771828276,8/8,"{2019: 4.37, 2020: 55.39, 2021: 6.54, 2022: 33.22, 2023: 4.96, 2024: 63.49, 2025: 54.58, 2026: 1.95}",158.50320283385946,False,True,True,True,False,long_lb5_imp2.0_fib0.618_tol0.2_wait24h_sessall_pad0.5_TP4.0R
long,5,2.0,0.618,0.2,24,london_ny,0.5,2.0,981,88.95372851931242,13.26759096231865,0.42201834862385323,1.1605064946093195,-25.512582243071684,0.5200410854499709,5/8,"{2019: -1.07, 2020: 26.32, 2021: -1.66, 2022: 8.6, 2023: -11.38, 2024: 19.82, 2025: 45.97, 2026: 2.34}",146.3177199054545,False,False,False,False,False,long_lb5_imp2.0_fib0.618_tol0.2_wait24h_sesslondon_ny_pad0.5_TP2.0R
long,5,2.0,0.618,0.2,24,london_ny,0.5,3.0,981,180.44942513711464,26.914320534467507,0.3985728848114169,1.3131821299466515,-20.170974190025603,1.3343094032501632,8/8,"{2019: 0.25, 2020: 48.99, 2021: 3.09, 2022: 29.31, 2023: 5.41, 2024: 35.44, 2025: 57.73, 2026: 0.23}",146.3177199054545,False,True,False,True,False,long_lb5_imp2.0_fib0.618_tol0.2_wait24h_sesslondon_ny_pad0.5_TP3.0R
long,5,2.0,0.618,0.2,24,london_ny,0.5,4.0,981,213.32006625644632,31.817029260676566,0.3904179408766565,1.3648393435813515,-19.933340692840908,1.596171447172611,7/8,"{2019: -1.24, 2020: 53.11, 2021: 6.89, 2022: 30.49, 2023: 14.94, 2024: 41.1, 2025: 62.68, 2026: 5.35}",146.3177199054545,False,True,True,True,False,long_lb5_imp2.0_fib0.618_tol0.2_wait24h_sesslondon_ny_pad0.5_TP4.0R
long,5,2.0,0.618,0.2,72,all,0.5,2.0,1294,112.21210709453591,16.731870527958595,0.4273570324574961,1.1566482459022556,-28.45428454061441,0.5880264008773881,5/8,"{2019: -0.68, 2020: 21.22, 2021: 3.68, 2022: 12.66, 2023: -15.43, 2024: 37.29, 2025: 54.14, 2026: -0.67}",192.94745481374804,False,False,False,False,False,long_lb5_imp2.0_fib0.618_tol0.2_wait72h_sessall_pad0.5_TP2.0R
long,5,2.0,0.618,0.2,72,all,0.5,3.0,1294,194.36313049467634,28.981353430123782,0.40108191653786707,1.2594493600979177,-21.91978111477448,1.322155238611832,6/8,"{2019: 3.63, 2020: 38.78, 2021: 14.18, 2022: 31.9, 2023: -7.52, 2024: 52.05, 2025: 66.04, 2026: -4.69}",192.94745481374804,False,False,False,False,False,long_lb5_imp2.0_fib0.618_tol0.2_wait72h_sessall_pad0.5_TP3.0R
long,5,2.0,0.618,0.2,72,all,0.5,4.0,1294,225.0538453917984,33.557624933844096,0.3941267387944359,1.2966219217814872,-21.004522936694855,1.5976380437195743,7/8,"{2019: 0.41, 2020: 52.15, 2021: 9.3, 2022: 28.93, 2023: -1.11, 2024: 61.6, 2025: 73.72, 2026: 0.06}",192.94745481374804,False,False,True,True,False,long_lb5_imp2.0_fib0.618_tol0.2_wait72h_sessall_pad0.5_TP4.0R
long,5,2.0,0.618,0.2,72,london_ny,0.5,2.0,1218,90.75000017886279,13.53550775493455,0.42036124794745483,1.133246198781791,-30.812336710092122,0.4392885837347479,6/8,"{2019: -6.57, 2020: 23.76, 2021: 3.03, 2022: 7.37, 2023: -14.97, 2024: 27.03, 2025: 47.93, 2026: 3.17}",181.66664917924933,False,False,False,False,False,long_lb5_imp2.0_fib0.618_tol0.2_wait72h_sesslondon_ny_pad0.5_TP2.0R
long,5,2.0,0.618,0.2,72,london_ny,0.5,3.0,1218,174.80169638326043,26.07195275270561,0.3949096880131363,1.2461727088098036,-20.42926119036084,1.2762063448974437,5/8,"{2019: -4.26, 2020: 42.94, 2021: 3.26, 2022: 30.48, 2023: -0.32, 2024: 43.38, 2025: 63.74, 2026: -4.42}",181.66664917924933,False,False,False,False,False,long_lb5_imp2.0_fib0.618_tol0.2_wait72h_sesslondon_ny_pad0.5_TP3.0R
long,5,2.0,0.618,0.2,72,london_ny,0.5,4.0,1218,199.76532948431503,29.795318579313804,0.38752052545155996,1.277594055926743,-23.048028553688273,1.2927491177784831,7/8,"{2019: -6.56, 2020: 48.41, 2021: 3.49, 2022: 28.74, 2023: 7.46, 2024: 45.9, 2025: 71.62, 2026: 0.71}",181.66664917924933,False,False,False,True,False,long_lb5_imp2.0_fib0.618_tol0.2_wait72h_sesslondon_ny_pad0.5_TP4.0R
long,5,2.0,0.786,0.2,24,all,0.5,2.0,936,37.90059850574946,5.652710500706506,0.38247863247863245,1.062257647680623,-21.277019180250136,0.2656721062672865,6/8,"{2019: 0.47, 2020: 1.89, 2021: -1.33, 2022: -3.92, 2023: 10.03, 2024: 12.13, 2025: 6.85, 2026: 11.77}",139.60035559487704,False,False,False,False,False,long_lb5_imp2.0_fib0.786_tol0.2_wait24h_sessall_pad0.5_TP2.0R
long,5,2.0,0.786,0.2,24,all,0.5,3.0,936,110.06709981704597,16.416032343756886,0.33653846153846156,1.1683931906780398,-18.84190494751802,0.8712512025446404,6/8,"{2019: -2.65, 2020: 1.08, 2021: -0.22, 2022: 18.02, 2023: 21.63, 2024: 36.15, 2025: 21.88, 2026: 14.18}",139.60035559487704,False,False,False,False,False,long_lb5_imp2.0_fib0.786_tol0.2_wait24h_sessall_pad0.5_TP3.0R
long,5,2.0,0.786,0.2,24,all,0.5,4.0,936,149.35417083728265,22.27552922912679,0.31196581196581197,1.2204400023429722,-18.592508159594622,1.1980916742333956,8/8,"{2019: 2.32, 2020: 10.31, 2021: 9.5, 2022: 30.4, 2023: 20.03, 2024: 48.73, 2025: 19.36, 2026: 8.71}",139.60035559487704,False,False,False,True,False,long_lb5_imp2.0_fib0.786_tol0.2_wait24h_sessall_pad0.5_TP4.0R
long,5,2.0,0.786,0.2,24,london_ny,0.5,2.0,860,27.594394833747057,4.115584755573213,0.3767441860465116,1.049081246798988,-34.60959450961894,0.11891456152222128,5/8,"{2019: -2.84, 2020: 11.18, 2021: -13.66, 2022: -16.06, 2023: 19.55, 2024: 18.2, 2025: 0.83, 2026: 10.41}",128.265283986746,False,False,False,False,False,long_lb5_imp2.0_fib0.786_tol0.2_wait24h_sesslondon_ny_pad0.5_TP2.0R
long,5,2.0,0.786,0.2,24,london_ny,0.5,3.0,860,80.09082576741632,11.945200595105407,0.32558139534883723,1.1318044926515864,-25.057370582730616,0.47671404929206596,6/8,"{2019: -4.96, 2020: 11.9, 2021: -5.86, 2022: 2.14, 2023: 23.81, 2024: 29.86, 2025: 12.36, 2026: 10.85}",128.265283986746,False,False,False,False,False,long_lb5_imp2.0_fib0.786_tol0.2_wait24h_sesslondon_ny_pad0.5_TP3.0R
long,5,2.0,0.786,0.2,24,london_ny,0.5,4.0,860,116.6378109338657,17.396025515144967,0.30116279069767443,1.1853146075656338,-30.627691531034962,0.5679835679916528,7/8,"{2019: -1.99, 2020: 19.73, 2021: 1.97, 2022: 11.52, 2023: 28.79, 2024: 42.55, 2025: 5.68, 2026: 8.38}",128.265283986746,False,False,False,True,False,long_lb5_imp2.0_fib0.786_tol0.2_wait24h_sesslondon_ny_pad0.5_TP4.0R
long,5,2.0,0.786,0.2,72,all,0.5,2.0,1155,41.48315387707841,6.187033154313193,0.3826839826839827,1.0556050647859796,-26.95019742634831,0.2295728323037937,5/8,"{2019: -1.26, 2020: 5.18, 2021: 5.14, 2022: -10.6, 2023: 6.02, 2024: 17.99, 2025: -0.45, 2026: 19.46}",172.26325930778097,False,False,False,False,False,long_lb5_imp2.0_fib0.786_tol0.2_wait72h_sessall_pad0.5_TP2.0R
long,5,2.0,0.786,0.2,72,all,0.5,3.0,1155,115.77469118735259,17.267294934446046,0.3367965367965368,1.144446008089386,-27.134074057621934,0.6363694186791563,6/8,"{2019: -2.38, 2020: 4.54, 2021: -3.52, 2022: 9.08, 2023: 21.87, 2024: 50.21, 2025: 16.14, 2026: 19.83}",172.26325930778097,False,False,False,False,False,long_lb5_imp2.0_fib0.786_tol0.2_wait72h_sessall_pad0.5_TP3.0R
long,5,2.0,0.786,0.2,72,all,0.5,4.0,1155,142.14081622331838,21.199688556967217,0.3116883116883117,1.1709037464185705,-32.603405787999,0.650229264231365,8/8,"{2019: 4.59, 2020: 13.15, 2021: 2.07, 2022: 18.07, 2023: 18.45, 2024: 62.83, 2025: 15.63, 2026: 7.35}",172.26325930778097,False,False,False,True,False,long_lb5_imp2.0_fib0.786_tol0.2_wait72h_sessall_pad0.5_TP4.0R
long,5,2.0,0.786,0.2,72,london_ny,0.5,2.0,1096,42.14412614496764,6.28561431204363,0.3813868613138686,1.0594335863068207,-48.848374312780074,0.12867601840332157,5/8,"{2019: -5.66, 2020: 17.43, 2021: -15.36, 2022: -21.56, 2023: 18.43, 2024: 30.34, 2025: 1.47, 2026: 17.06}",163.463664243574,False,False,False,False,False,long_lb5_imp2.0_fib0.786_tol0.2_wait72h_sesslondon_ny_pad0.5_TP2.0R
long,5,2.0,0.786,0.2,72,london_ny,0.5,3.0,1096,103.05317063507766,15.369935113073058,0.3312043795620438,1.1345167707942023,-37.28074561939177,0.4122754214732848,5/8,"{2019: -5.77, 2020: 20.5, 2021: -9.56, 2022: -2.46, 2023: 27.18, 2024: 50.19, 2025: 11.56, 2026: 11.41}",163.463664243574,False,False,False,False,False,long_lb5_imp2.0_fib0.786_tol0.2_wait72h_sesslondon_ny_pad0.5_TP3.0R
long,5,2.0,0.786,0.2,72,london_ny,0.5,4.0,1096,124.6633274420019,18.592996624512885,0.3056569343065693,1.1567331230299571,-48.247530561960694,0.3853668033980577,6/8,"{2019: -0.81, 2020: 30.72, 2021: -4.86, 2022: 1.52, 2023: 30.64, 2024: 56.4, 2025: 4.13, 2026: 6.92}",163.463664243574,False,False,False,False,False,long_lb5_imp2.0_fib0.786_tol0.2_wait72h_sesslondon_ny_pad0.5_TP4.0R
short,5,2.0,0.382,0.2,24,all,0.5,2.0,1229,-66.25129417943457,-9.880786051875932,0.39625711960943855,0.8937430087901989,-102.90353870010883,-0.09601988596982508,2/8,"{2019: 5.73, 2020: -17.64, 2021: -29.61, 2022: -16.45, 2023: -7.03, 2024: -13.4, 2025: -2.03, 2026: 14.19}",183.29432214359744,False,False,False,False,False,short_lb5_imp2.0_fib0.382_tol0.2_wait24h_sessall_pad0.5_TP2.0R
short,5,2.0,0.382,0.2,24,all,0.5,3.0,1229,-65.03871051685151,-9.69994007915375,0.38161106590724164,0.898120332670178,-108.11384258567884,-0.08971968664851285,2/8,"{2019: 7.65, 2020: -8.27, 2021: -26.03, 2022: -14.84, 2023: -10.18, 2024: -9.4, 2025: -20.76, 2026: 16.79}",183.29432214359744,False,False,False,False,False,short_lb5_imp2.0_fib0.382_tol0.2_wait24h_sessall_pad0.5_TP3.0R
short,5,2.0,0.382,0.2,24,all,0.5,4.0,1229,-31.943356816801366,-4.764065040461081,0.3799837266069976,0.9501242193080497,-90.48315418071898,-0.05265140327608356,2/8,"{2019: 10.45, 2020: -1.94, 2021: -21.47, 2022: -8.47, 2023: -5.37, 2024: -2.5, 2025: -23.98, 2026: 21.32}",183.29432214359744,False,False,False,False,False,short_lb5_imp2.0_fib0.382_tol0.2_wait24h_sessall_pad0.5_TP4.0R
short,5,2.0,0.382,0.2,24,london_ny,0.5,2.0,1112,-55.706961371338856,-8.308193428184802,0.40197841726618705,0.9015344490848809,-85.74023385576953,-0.09689958907927258,2/8,"{2019: 7.58, 2020: -13.74, 2021: -28.8, 2022: -17.65, 2023: -5.45, 2024: -5.25, 2025: -2.73, 2026: 10.33}",165.8448219883485,False,False,False,False,False,short_lb5_imp2.0_fib0.382_tol0.2_wait24h_sesslondon_ny_pad0.5_TP2.0R
short,5,2.0,0.382,0.2,24,london_ny,0.5,3.0,1112,-57.332446704779954,-8.550619980135531,0.38848920863309355,0.9009212248741523,-89.37452664474301,-0.09567177920979206,2/8,"{2019: 7.92, 2020: -8.9, 2021: -25.88, 2022: -13.2, 2023: -6.78, 2024: -1.07, 2025: -20.22, 2026: 10.81}",165.8448219883485,False,False,False,False,False,short_lb5_imp2.0_fib0.382_tol0.2_wait24h_sesslondon_ny_pad0.5_TP3.0R
short,5,2.0,0.382,0.2,24,london_ny,0.5,4.0,1112,-38.294713446520994,-5.711312890857096,0.38669064748201437,0.9340571652982282,-80.94860886997476,-0.07055479977464468,2/8,"{2019: 9.61, 2020: -5.3, 2021: -23.62, 2022: -6.86, 2023: -2.4, 2024: -0.67, 2025: -24.39, 2026: 15.34}",165.8448219883485,False,False,False,False,False,short_lb5_imp2.0_fib0.382_tol0.2_wait24h_sesslondon_ny_pad0.5_TP4.0R
short,5,2.0,0.382,0.2,72,all,0.5,2.0,1389,-63.01859090182579,-9.398657365170736,0.39956803455723544,0.9092552120746117,-107.93021175175538,-0.0870808758050813,2/8,"{2019: 3.77, 2020: -18.68, 2021: -34.69, 2022: -9.69, 2023: -5.29, 2024: -13.31, 2025: -0.7, 2026: 15.56}",207.1568864584677,True,False,False,False,False,short_lb5_imp2.0_fib0.382_tol0.2_wait72h_sessall_pad0.5_TP2.0R
short,5,2.0,0.382,0.2,72,all,0.5,3.0,1389,-67.20200903535974,-10.022576641842289,0.38444924406047515,0.905675068041007,-111.37005186787361,-0.08999346299786948,2/8,"{2019: 5.69, 2020: -6.36, 2021: -35.85, 2022: -10.45, 2023: -7.44, 2024: -7.94, 2025: -21.02, 2026: 16.16}",207.1568864584677,True,False,False,False,False,short_lb5_imp2.0_fib0.382_tol0.2_wait72h_sessall_pad0.5_TP3.0R
short,5,2.0,0.382,0.2,72,all,0.5,4.0,1389,-29.34491588660252,-4.3765308916156975,0.3830093592512599,0.9589307597335207,-92.97762401420668,-0.04707079728071969,3/8,"{2019: 8.49, 2020: 2.98, 2021: -31.3, 2022: -3.22, 2023: -3.65, 2024: -0.1, 2025: -24.24, 2026: 21.69}",207.1568864584677,True,False,False,False,False,short_lb5_imp2.0_fib0.382_tol0.2_wait72h_sessall_pad0.5_TP4.0R
short,5,2.0,0.382,0.2,72,london_ny,0.5,2.0,1301,-57.77125247971307,-8.616063924048518,0.4027671022290546,0.9111955327100866,-88.08816264593504,-0.09781182471338695,2/8,"{2019: 5.19, 2020: -10.6, 2021: -31.29, 2022: -10.54, 2023: -6.69, 2024: -9.02, 2025: -3.0, 2026: 8.18}",194.03247608528906,False,False,False,False,False,short_lb5_imp2.0_fib0.382_tol0.2_wait72h_sesslondon_ny_pad0.5_TP2.0R
short,5,2.0,0.382,0.2,72,london_ny,0.5,3.0,1301,-66.14319643610185,-9.864664243422373,0.3889315910837817,0.9007722134086626,-106.42523346857742,-0.09269102751214509,2/8,"{2019: 5.53, 2020: -3.53, 2021: -33.13, 2022: -10.1, 2023: -7.02, 2024: -6.46, 2025: -22.09, 2026: 10.66}",194.03247608528906,False,False,False,False,False,short_lb5_imp2.0_fib0.382_tol0.2_wait72h_sesslondon_ny_pad0.5_TP3.0R
short,5,2.0,0.382,0.2,72,london_ny,0.5,4.0,1301,-43.0426143995594,-6.419419714935302,0.3873943120676403,0.9356275977545595,-98.16829787242615,-0.06539198350242977,3/8,"{2019: 7.21, 2020: 3.07, 2021: -30.87, 2022: -2.91, 2023: -3.66, 2024: -6.06, 2025: -26.26, 2026: 16.43}",194.03247608528906,False,False,False,False,False,short_lb5_imp2.0_fib0.382_tol0.2_wait72h_sesslondon_ny_pad0.5_TP4.0R
short,5,2.0,0.5,0.2,24,all,0.5,2.0,1222,-32.11606649489321,-4.788417814128476,0.3944353518821604,0.9521159713731528,-75.94005863059488,-0.06305522935426479,4/8,"{2019: 6.68, 2020: -9.08, 2021: -19.83, 2022: -18.27, 2023: 8.31, 2024: -18.46, 2025: 2.39, 2026: 16.14}",182.19686304969625,False,False,False,False,False,short_lb5_imp2.0_fib0.5_tol0.2_wait24h_sessall_pad0.5_TP2.0R
short,5,2.0,0.5,0.2,24,all,0.5,3.0,1222,-28.138573611034804,-4.195384486598614,0.3739770867430442,0.9595323805736468,-84.1563267874732,-0.04985227667069593,2/8,"{2019: 11.39, 2020: -11.87, 2021: -12.93, 2022: -15.99, 2023: -0.74, 2024: -17.71, 2025: -4.18, 2026: 23.89}",182.19686304969625,False,False,False,False,False,short_lb5_imp2.0_fib0.5_tol0.2_wait24h_sessall_pad0.5_TP3.0R
short,5,2.0,0.5,0.2,24,all,0.5,4.0,1222,-16.007974223877913,-2.386745243347751,0.3698854337152209,0.9771480900152735,-81.02879294361844,-0.02945552015082465,3/8,"{2019: 14.64, 2020: -5.62, 2021: -14.37, 2022: -13.18, 2023: 1.29, 2024: -14.88, 2025: -8.13, 2026: 24.23}",182.19686304969625,False,False,False,False,False,short_lb5_imp2.0_fib0.5_tol0.2_wait24h_sessall_pad0.5_TP4.0R
short,5,2.0,0.5,0.2,24,london_ny,0.5,2.0,1123,-51.08017166562627,-7.615914109261117,0.39715048975957257,0.9182185070940767,-88.73253422172948,-0.08583000785518054,3/8,"{2019: 3.55, 2020: -5.78, 2021: -13.36, 2022: -21.27, 2023: 2.83, 2024: -21.17, 2025: -5.99, 2026: 10.12}",167.43623339182398,False,False,False,False,False,short_lb5_imp2.0_fib0.5_tol0.2_wait24h_sesslondon_ny_pad0.5_TP2.0R
short,5,2.0,0.5,0.2,24,london_ny,0.5,3.0,1123,-54.388969846961565,-8.109246882668508,0.3784505788067676,0.9157713607656341,-96.4547759469286,-0.08407304670045972,2/8,"{2019: 6.65, 2020: -10.89, 2021: -11.27, 2022: -17.29, 2023: -2.56, 2024: -21.67, 2025: -13.8, 2026: 16.44}",167.43623339182398,False,False,False,False,False,short_lb5_imp2.0_fib0.5_tol0.2_wait24h_sesslondon_ny_pad0.5_TP3.0R
short,5,2.0,0.5,0.2,24,london_ny,0.5,4.0,1123,-46.327340178766434,-6.907279913263011,0.3748886910062333,0.9287129976556786,-98.60791576105328,-0.07004792525988211,2/8,"{2019: 8.83, 2020: -6.35, 2021: -12.71, 2022: -16.67, 2023: -0.85, 2024: -16.9, 2025: -17.46, 2026: 15.79}",167.43623339182398,False,False,False,False,False,short_lb5_imp2.0_fib0.5_tol0.2_wait24h_sesslondon_ny_pad0.5_TP4.0R
short,5,2.0,0.5,0.2,72,all,0.5,2.0,1401,-48.33983021705614,-7.207336682407976,0.39186295503211993,0.9369698680615979,-87.90204787696284,-0.08199281878502011,3/8,"{2019: 2.9, 2020: -15.66, 2021: -27.52, 2022: -17.64, 2023: 10.87, 2024: -15.69, 2025: -5.94, 2026: 20.33}",208.88527424928353,True,False,False,False,False,short_lb5_imp2.0_fib0.5_tol0.2_wait72h_sessall_pad0.5_TP2.0R
short,5,2.0,0.5,0.2,72,all,0.5,3.0,1401,-41.748475393540886,-6.224583677422736,0.37259100642398285,0.9473953113559105,-93.0786905932287,-0.06687442246717169,3/8,"{2019: 7.62, 2020: -16.47, 2021: -18.62, 2022: -20.25, 2023: 3.18, 2024: -10.87, 2025: -12.92, 2026: 26.59}",208.88527424928353,True,False,False,False,False,short_lb5_imp2.0_fib0.5_tol0.2_wait72h_sessall_pad0.5_TP3.0R
short,5,2.0,0.5,0.2,72,all,0.5,4.0,1401,-34.90832762586963,-5.2047363238498345,0.36759457530335476,0.9564116068187132,-96.2300341940419,-0.05408640210347225,3/8,"{2019: 10.86, 2020: -8.22, 2021: -23.06, 2022: -16.44, 2023: 2.95, 2024: -8.06, 2025: -16.88, 2026: 23.94}",208.88527424928353,True,False,False,False,False,short_lb5_imp2.0_fib0.5_tol0.2_wait72h_sessall_pad0.5_TP4.0R
short,5,2.0,0.5,0.2,72,london_ny,0.5,2.0,1314,-58.9717609163233,-8.79252851675187,0.4003044140030441,0.9183422596021548,-95.69784339921361,-0.09187802153568826,3/8,"{2019: 2.99, 2020: -6.41, 2021: -16.66, 2022: -17.63, 2023: 7.7, 2024: -22.95, 2025: -15.33, 2026: 9.31}",195.9138118226685,False,False,False,False,False,short_lb5_imp2.0_fib0.5_tol0.2_wait72h_sesslondon_ny_pad0.5_TP2.0R
short,5,2.0,0.5,0.2,72,london_ny,0.5,3.0,1314,-66.40819713768995,-9.901280850468844,0.3820395738203957,0.9109192506133331,-117.43232660669578,-0.08431478057681853,3/8,"{2019: 6.09, 2020: -7.54, 2021: -12.57, 2022: -18.03, 2023: 0.33, 2024: -24.48, 2025: -26.14, 2026: 15.92}",195.9138118226685,False,False,False,False,False,short_lb5_imp2.0_fib0.5_tol0.2_wait72h_sesslondon_ny_pad0.5_TP3.0R
short,5,2.0,0.5,0.2,72,london_ny,0.5,4.0,1314,-60.60285307452276,-9.035719903469467,0.3774733637747336,0.9193818978528057,-123.84175202584845,-0.0729618222906239,4/8,"{2019: 8.27, 2020: 1.0, 2021: -17.01, 2022: -20.41, 2023: 2.58, 2024: -21.5, 2025: -29.8, 2026: 16.27}",195.9138118226685,False,False,False,False,False,short_lb5_imp2.0_fib0.5_tol0.2_wait72h_sesslondon_ny_pad0.5_TP4.0R
short,5,2.0,0.618,0.2,24,all,0.5,2.0,1158,-21.13571930930077,-3.1515415825034574,0.38255613126079446,0.9699821855213917,-57.55932116039372,-0.054752931740133466,2/8,"{2019: -4.15, 2020: -5.63, 2021: -11.75, 2022: -18.39, 2023: 19.54, 2024: -4.0, 2025: -15.06, 2026: 18.3}",172.6690773629383,False,False,False,False,False,short_lb5_imp2.0_fib0.618_tol0.2_wait24h_sessall_pad0.5_TP2.0R
short,5,2.0,0.618,0.2,24,all,0.5,3.0,1158,-1.295487683250899,-0.1931698298808145,0.35146804835924006,0.9982430656508352,-58.57357219689751,-0.003297900787602061,3/8,"{2019: 0.7, 2020: -4.05, 2021: -6.48, 2022: -2.35, 2023: 16.96, 2024: -15.72, 2025: -20.31, 2026: 29.96}",172.6690773629383,False,False,False,False,False,short_lb5_imp2.0_fib0.618_tol0.2_wait24h_sessall_pad0.5_TP3.0R
short,5,2.0,0.618,0.2,24,all,0.5,4.0,1158,4.802893834256988,0.7161582444156297,0.33678756476683935,1.0063729827794707,-63.38405612229276,0.011298712771455947,4/8,"{2019: 3.74, 2020: -3.64, 2021: -20.89, 2022: 3.64, 2023: 11.94, 2024: -9.41, 2025: -18.55, 2026: 37.97}",172.6690773629383,False,False,False,False,False,short_lb5_imp2.0_fib0.618_tol0.2_wait24h_sessall_pad0.5_TP4.0R
short,5,2.0,0.618,0.2,24,london_ny,0.5,2.0,1051,-46.52234249294828,-6.936580356877598,0.3748810656517602,0.9281299158090388,-76.53839685505358,-0.09062876467106978,3/8,"{2019: -5.04, 2020: 0.55, 2021: -9.77, 2022: -24.03, 2023: 6.19, 2024: -11.52, 2025: -18.72, 2026: 15.81}",156.70633859813495,False,False,False,False,False,short_lb5_imp2.0_fib0.618_tol0.2_wait24h_sesslondon_ny_pad0.5_TP2.0R
short,5,2.0,0.618,0.2,24,london_ny,0.5,3.0,1051,-36.968307836667634,-5.512053439822002,0.34443387250237867,0.9454206555756416,-88.08825282448657,-0.06257421691408294,4/8,"{2019: 1.06, 2020: 1.04, 2021: -5.99, 2022: -11.35, 2023: 1.82, 2024: -21.03, 2025: -23.44, 2026: 20.93}",156.70633859813495,False,False,False,False,False,short_lb5_imp2.0_fib0.618_tol0.2_wait24h_sesslondon_ny_pad0.5_TP3.0R
short,5,2.0,0.618,0.2,24,london_ny,0.5,4.0,1051,-36.165142638801306,-5.392299798102612,0.3301617507136061,0.9477852358252448,-90.34488776085274,-0.05968572137004906,2/8,"{2019: 5.1, 2020: -6.39, 2021: -19.2, 2022: -2.95, 2023: -2.31, 2024: -17.29, 2025: -18.5, 2026: 25.36}",156.70633859813495,False,False,False,False,False,short_lb5_imp2.0_fib0.618_tol0.2_wait24h_sesslondon_ny_pad0.5_TP4.0R
short,5,2.0,0.618,0.2,72,all,0.5,2.0,1375,-37.81227793105779,-5.63817888026489,0.3781818181818182,0.9545102240588804,-77.44690822477573,-0.07280056763403762,3/8,"{2019: -4.28, 2020: -8.25, 2021: -21.38, 2022: -23.1, 2023: 25.72, 2024: 5.55, 2025: -28.47, 2026: 16.4}",205.0258906511573,True,False,False,False,False,short_lb5_imp2.0_fib0.618_tol0.2_wait72h_sessall_pad0.5_TP2.0R
short,5,2.0,0.618,0.2,72,all,0.5,3.0,1375,-18.392641874584946,-2.742522023101491,0.3483636363636364,0.9788455431283166,-73.54715776891295,-0.03728929990358792,3/8,"{2019: 1.46, 2020: -6.92, 2021: -19.56, 2022: -7.75, 2023: 25.8, 2024: -5.77, 2025: -32.72, 2026: 27.06}",205.0258906511573,True,False,False,False,False,short_lb5_imp2.0_fib0.618_tol0.2_wait72h_sessall_pad0.5_TP3.0R
short,5,2.0,0.618,0.2,72,all,0.5,4.0,1375,-8.525446442230304,-1.2712270909214607,0.3352727272727273,0.9903855615138203,-79.23608793294628,-0.016043536778307877,4/8,"{2019: 4.57, 2020: -2.72, 2021: -33.73, 2022: -1.94, 2023: 21.81, 2024: 1.38, 2025: -29.96, 2026: 32.07}",205.0258906511573,True,False,False,False,False,short_lb5_imp2.0_fib0.618_tol0.2_wait72h_sessall_pad0.5_TP4.0R
short,5,2.0,0.618,0.2,72,london_ny,0.5,2.0,1277,-43.59760904841372,-6.5004963707039325,0.3790133124510572,0.9435088115357976,-77.32385494263578,-0.0840684466071493,3/8,"{2019: -6.01, 2020: 3.7, 2021: -17.26, 2022: -23.98, 2023: 14.39, 2024: -5.91, 2025: -25.35, 2026: 16.83}",190.40341997128291,False,False,False,False,False,short_lb5_imp2.0_fib0.618_tol0.2_wait72h_sesslondon_ny_pad0.5_TP2.0R
short,5,2.0,0.618,0.2,72,london_ny,0.5,3.0,1277,-28.575686954972678,-4.26069579033326,0.3500391542678152,0.964594761952757,-89.27472039079382,-0.047725669390868586,4/8,"{2019: 1.09, 2020: 9.33, 2021: -16.64, 2022: -9.03, 2023: 10.19, 2024: -15.28, 2025: -30.18, 2026: 21.95}",190.40341997128291,False,False,False,False,False,short_lb5_imp2.0_fib0.618_tol0.2_wait72h_sesslondon_ny_pad0.5_TP3.0R
short,5,2.0,0.618,0.2,72,london_ny,0.5,4.0,1277,-23.304199368918113,-3.4747057631437914,0.33829287392325763,0.9716630032103616,-94.05034773761884,-0.03694516657011739,4/8,"{2019: 5.2, 2020: 7.94, 2021: -29.61, 2022: -0.59, 2023: 6.73, 2024: -16.5, 2025: -24.24, 2026: 27.76}",190.40341997128291,False,False,False,False,False,short_lb5_imp2.0_fib0.618_tol0.2_wait72h_sesslondon_ny_pad0.5_TP4.0R
short,5,2.0,0.786,0.2,24,all,0.5,2.0,977,-95.93280443523736,-14.301150263878656,0.33469805527123847,0.860345634142364,-113.73351529466655,-0.12574262060595343,1/8,"{2019: -5.75, 2020: -7.86, 2021: -12.65, 2022: -22.6, 2023: -15.2, 2024: -8.07, 2025: -31.05, 2026: 7.24}",145.64594342951648,False,False,False,False,False,short_lb5_imp2.0_fib0.786_tol0.2_wait24h_sessall_pad0.5_TP2.0R
short,5,2.0,0.786,0.2,24,all,0.5,3.0,977,-42.3552961616766,-6.314101400925247,0.28454452405322417,0.9426413900275474,-101.95484106736264,-0.061930373632316814,3/8,"{2019: 0.59, 2020: 18.13, 2021: -10.63, 2022: -16.26, 2023: -19.28, 2024: -2.24, 2025: -24.05, 2026: 11.38}",145.64594342951648,False,False,False,False,False,short_lb5_imp2.0_fib0.786_tol0.2_wait24h_sessall_pad0.5_TP3.0R
short,5,2.0,0.786,0.2,24,all,0.5,4.0,977,-56.857249835441245,-8.47597522322473,0.25588536335721596,0.9257713397268416,-108.66567629065716,-0.07800048288065986,2/8,"{2019: -3.19, 2020: 19.54, 2021: -13.11, 2022: -18.43, 2023: -3.86, 2024: -5.73, 2025: -33.12, 2026: 1.05}",145.64594342951648,False,False,False,False,False,short_lb5_imp2.0_fib0.786_tol0.2_wait24h_sessall_pad0.5_TP4.0R
short,5,2.0,0.786,0.2,24,london_ny,0.5,2.0,901,-73.3107335119669,-10.928772718383101,0.3407325194228635,0.8832563539736014,-106.20998895439618,-0.1028977860366376,2/8,"{2019: -3.48, 2020: 4.86, 2021: -7.93, 2022: -18.92, 2023: -4.98, 2024: -20.12, 2025: -28.97, 2026: 6.23}",134.3162692221027,False,False,False,False,False,short_lb5_imp2.0_fib0.786_tol0.2_wait24h_sesslondon_ny_pad0.5_TP2.0R
short,5,2.0,0.786,0.2,24,london_ny,0.5,3.0,901,-38.0605305734599,-5.673860678402787,0.28412874583795783,0.9441281281466162,-104.14730479275616,-0.05447918877683165,3/8,"{2019: 4.73, 2020: 30.85, 2021: -10.04, 2022: -16.82, 2023: -14.3, 2024: -5.5, 2025: -28.97, 2026: 1.98}",134.3162692221027,False,False,False,False,False,short_lb5_imp2.0_fib0.786_tol0.2_wait24h_sesslondon_ny_pad0.5_TP3.0R
short,5,2.0,0.786,0.2,24,london_ny,0.5,4.0,901,-66.3779492780811,-9.89527026153809,0.25083240843507215,0.9066512080480972,-119.38462251566366,-0.08288563512641503,2/8,"{2019: 1.96, 2020: 19.17, 2021: -19.11, 2022: -11.46, 2023: -2.77, 2024: -18.51, 2025: -33.88, 2026: -1.78}",134.3162692221027,False,False,False,False,False,short_lb5_imp2.0_fib0.786_tol0.2_wait24h_sesslondon_ny_pad0.5_TP4.0R
short,5,2.0,0.786,0.2,72,all,0.5,2.0,1229,-125.49706649492207,-18.708432597021172,0.3336045565500407,0.8541836136010118,-136.13667211237782,-0.13742390133922014,1/8,"{2019: -8.29, 2020: -15.78, 2021: -18.21, 2022: -31.58, 2023: -12.27, 2024: -3.32, 2025: -38.07, 2026: 2.02}",183.21275790673056,False,False,False,False,False,short_lb5_imp2.0_fib0.786_tol0.2_wait72h_sessall_pad0.5_TP2.0R
short,5,2.0,0.786,0.2,72,all,0.5,3.0,1229,-60.98421838062097,-9.091201658502765,0.2872253864930838,0.9337647601659772,-100.29147990426794,-0.09064779647464236,3/8,"{2019: -3.95, 2020: 5.63, 2021: -9.54, 2022: -20.58, 2023: -10.82, 2024: 7.53, 2025: -32.79, 2026: 3.54}",183.21275790673056,False,False,False,False,False,short_lb5_imp2.0_fib0.786_tol0.2_wait72h_sessall_pad0.5_TP3.0R
short,5,2.0,0.786,0.2,72,all,0.5,4.0,1229,-52.94592552147999,-7.892895878531083,0.2644426362896664,0.9441655562158648,-88.77782426726978,-0.08890616484099849,3/8,"{2019: -8.3, 2020: 8.38, 2021: -8.51, 2022: -13.97, 2023: 5.69, 2024: 9.1, 2025: -39.53, 2026: -5.79}",183.21275790673056,False,False,False,False,False,short_lb5_imp2.0_fib0.786_tol0.2_wait72h_sessall_pad0.5_TP4.0R
short,5,2.0,0.786,0.2,72,london_ny,0.5,2.0,1149,-69.76076050387643,-10.39956169697813,0.3472584856396867,0.9115055993904757,-111.08706783751933,-0.09361631285640712,2/8,"{2019: -2.98, 2020: 4.92, 2021: -2.47, 2022: -26.85, 2023: -3.72, 2024: -22.17, 2025: -28.05, 2026: 11.55}",171.28678505682132,False,False,False,False,False,short_lb5_imp2.0_fib0.786_tol0.2_wait72h_sesslondon_ny_pad0.5_TP2.0R
short,5,2.0,0.786,0.2,72,london_ny,0.5,3.0,1149,-15.444636397832742,-2.3024039294659144,0.29416884247171454,0.9818755494732265,-78.07159832083616,-0.029490928570517515,4/8,"{2019: 3.14, 2020: 28.54, 2021: 4.61, 2022: -11.75, 2023: -8.23, 2024: -3.54, 2025: -30.77, 2026: 2.55}",171.28678505682132,False,False,False,False,False,short_lb5_imp2.0_fib0.786_tol0.2_wait72h_sesslondon_ny_pad0.5_TP3.0R
short,5,2.0,0.786,0.2,72,london_ny,0.5,4.0,1149,-23.832323831823846,-3.5527955871071986,0.2654482158398607,0.9730378308791423,-82.37677541346795,-0.043128607174472436,3/8,"{2019: -0.21, 2020: 17.72, 2021: -3.63, 2022: 4.73, 2023: -2.31, 2024: -11.24, 2025: -30.68, 2026: 1.79}",171.28678505682132,False,False,False,False,False,short_lb5_imp2.0_fib0.786_tol0.2_wait72h_sesslondon_ny_pad0.5_TP4.0R
