zone_id,zone_tf,spec_name,direction,upper,lower,created_timestamp,base_timestamp,impulse_start_timestamp,impulse_end_timestamp,impulse_candles,impulse_atr,zone_width_atr,base_body_ratio,touch_timestamp,entry_timestamp,entry_price,stop_price,risk_units,touch_delay_hours,confirmed,confirm_i,entry_i,bars_to_confirm,confirm_close,confirm_body_ratio,mfe_24h_r,mae_24h_r,close_24h_r,bracket_1r_outcome_r,first_event_24h,year,month,date,cost_r,net_1r_after_cost,cost_bucket,same_dir_intraday_overlap_24h,same_dir_intraday_distinct_specs_24h,same_dir_intraday_distinct_tfs_24h,same_dir_intraday_max_overlap_ratio_24h,same_dir_intraday_overlap_7d,same_dir_intraday_distinct_specs_7d,same_dir_intraday_distinct_tfs_7d,same_dir_intraday_max_overlap_ratio_7d,same_dir_h1_overlap_96h,same_dir_h1_distinct_specs_96h,same_dir_h1_max_overlap_ratio_96h,same_dir_h1_overlap_30d,same_dir_h1_distinct_specs_30d,same_dir_h1_max_overlap_ratio_30d,has_intraday_stack,has_intraday_stack_7d,has_cross_tf_intraday_stack,has_h1_stack,has_h1_stack_30d,stack_score,stack_score_capped,stack_score_7d_30d,stack_score_7d_30d_capped,winner,entry_ny_hour,entry_weekday,entry_session,trend_ema50_200,atr_pct_rank_500,vol_regime,orb30_state,orb15_state,orb30_width_atr,entry_close_location,entry_ema8_distance_atr,entry_ema20_distance_atr,profile_complete,profile_location,volume_node,zone_contains_poc,zone_overlaps_value,poc_distance_r,zone_volume_percentile,ob_overlap_30d,ob_fvg_bos_overlap_30d,ob_min_discount_position_30d,recent_fvg_20,zone_fvg_overlap_100,opposite_fvg_20,dir_demand,dir_supply,cost_le_0p03,cost_le_0p05,risk_ge_10,risk_ge_15,fast_confirm_1,fast_confirm_2,fast_confirm_3,body_ge_45,body_ge_60,body_ge_70,h1_stack_96,h1_stack_30d,intraday_stack_24h,intraday_stack_7d,stack_score3,stack_7d30d_score3,trend_aligned,orb_continuation,orb_reversal,orb_inside,vp_lvn,vp_hvn,vp_value_low,vp_value_high,vp_below_value,vp_above_value,ob_quality,tight_zone,wide_zone,impulse_ge_1p5,impulse_ge_2,base_body_low,base_body_high,ny_main_or_overlap,avoid_after_hours,ema8_aligned
39,15min,m15_2c_1atr,supply,1338.4,1336.55,2019-06-12 13:15:00+00:00,2019-06-12 11:00:00+00:00,2019-06-12 12:00:00+00:00,2019-06-12 13:00:00+00:00,2,1.3546762589928576,0.9316546762590784,0.1351351351351251,2019-06-12 19:00:00+00:00,2019-06-12 20:00:00+00:00,1332.54,1338.9228571428573,6.382857142857347,5.75,True,273,274,0,1332.56,0.6315789473684525,0.1175022381378655,1.0199194270366714,-7.893017009847571,-1.0,stop,2019,2019-06,2019-06-12,0.0470008952551462,-1.0470008952551462,0.03-0.05R,1,1,1,1.0,9,4,2,1.0,5,4,1.0,12,4,1.0,True,True,True,True,True,11,5,33,7,False,16,Wednesday,ny_main,bull,0.3251748251748251,low,missing,below,,0.8303030303030562,-0.2574778371926887,0.1433667788126612,False,unknown,unknown,False,False,,,True,True,0.3392330383480773,True,True,True,False,True,False,True,False,False,True,True,True,True,True,False,True,True,True,True,True,True,False,False,False,False,False,False,False,False,False,False,True,True,False,False,False,True,False,True,True,True
59,15min,m15_2c_1atr,demand,1384.98,1381.45,2019-06-20 19:15:00+00:00,2019-06-20 16:00:00+00:00,2019-06-20 17:00:00+00:00,2019-06-20 19:00:00+00:00,3,1.2723178381856064,0.7949171626186309,0.2776203966005738,2019-06-21 10:00:00+00:00,2019-06-21 14:00:00+00:00,1394.75,1380.1101428571428,14.63985714285718,14.75,True,428,429,3,1394.76,0.4620853080568701,3.025302744952614,0.8832053396305605,-0.0963124152265395,1.0,tp1,2019,2019-06,2019-06-21,0.020492003239688,0.979507996760312,<=0.03R,3,3,2,1.0,3,3,2,1.0,3,3,1.0,3,3,1.0,True,True,True,True,True,9,7,9,7,True,10,Friday,london_ny_overlap,bull,0.7029478458049887,high,missing,inside,,0.3595505617977798,0.2654669472989118,0.5940060856544422,False,unknown,unknown,False,False,,,False,False,,True,True,True,True,False,True,True,True,False,False,False,True,True,False,False,True,True,True,True,True,True,True,False,False,False,False,False,False,False,False,False,False,True,False,False,False,True,False,True,True,True
76,15min,m15_2c_1atr,supply,1407.81,1406.07,2019-06-27 10:15:00+00:00,2019-06-27 08:00:00+00:00,2019-06-27 09:00:00+00:00,2019-06-27 10:00:00+00:00,2,1.3585726718885462,0.5300261096605794,0.1666666666666449,2019-06-27 13:00:00+00:00,2019-06-27 16:00:00+00:00,1401.08,1408.5421428571428,7.462142857142908,2.75,True,522,523,2,1401.07,0.4771689497716972,0.1380300564755386,1.1310424045180432,-1.644299798985341,-1.0,stop,2019,2019-06,2019-06-27,0.0402029290705462,-1.0402029290705463,0.03-0.05R,5,2,2,1.0,11,4,2,1.0,3,1,0.6896551724138157,7,4,1.0,True,True,True,True,True,11,7,25,7,False,12,Thursday,ny_main,bull,0.476,mid,missing,below,,0.5907258064516214,-0.2715907945294032,-0.852503893627775,False,unknown,unknown,False,False,,,False,False,,True,True,True,False,True,False,True,False,False,False,True,True,True,False,False,True,True,True,True,True,True,False,False,False,False,False,False,False,False,False,False,False,True,False,False,False,True,False,True,True,True
159,15min,m15_2c_1atr,demand,1459.0,1455.94,2019-08-05 15:15:00+00:00,2019-08-05 12:00:00+00:00,2019-08-05 13:00:00+00:00,2019-08-05 15:00:00+00:00,3,1.1902424942263563,0.618360277136252,0.1601307189542541,2019-08-05 18:00:00+00:00,2019-08-05 19:00:00+00:00,1463.59,1454.9434285714287,8.646571428571178,2.75,True,1142,1143,0,1463.48,0.2032281731474692,8.263390939431233,0.8269173578297012,4.253709149786989,1.0,tp1,2019,2019-08,2019-08-05,0.0346958331956524,0.9653041668043476,0.03-0.05R,3,3,2,1.0,3,3,2,1.0,3,3,1.0,3,3,1.0,True,True,True,True,True,9,7,9,7,True,15,Monday,ny_main,bull,0.842,high,missing,above,,0.7833333333333162,0.689868830714237,1.9599768275506344,False,unknown,unknown,False,False,,,False,False,,True,False,False,True,False,False,True,False,False,True,True,True,False,False,False,True,True,True,True,True,True,True,False,False,False,False,False,False,False,False,False,False,True,False,False,False,True,False,True,True,True
177,15min,m15_2c_1atr,supply,1522.17,1520.18,2019-08-15 09:15:00+00:00,2019-08-15 07:00:00+00:00,2019-08-15 08:00:00+00:00,2019-08-15 09:00:00+00:00,2,1.2325581395348613,0.355992844364939,0.1306532663316531,2019-08-15 12:00:00+00:00,2019-08-15 15:00:00+00:00,1515.09,1523.2554285714286,8.16542857142872,2.75,True,1322,1323,2,1515.08,0.4986175115207386,0.7507260575947092,1.458588474054359,-1.4096014556142356,-1.0,stop,2019,2019-08,2019-08-15,0.0367402638300843,-1.0367402638300844,0.03-0.05R,3,3,2,1.0,3,3,2,1.0,1,1,1.0,1,1,1.0,True,True,True,True,True,5,5,5,5,False,11,Thursday,london_ny_overlap,bull,0.776,high,missing,below,,0.4072900158478539,-0.7976399450080681,-0.7442839522025757,False,unknown,unknown,False,False,,,False,False,,True,True,True,False,True,False,True,False,False,False,True,True,True,False,False,True,True,True,True,True,True,False,False,False,False,False,False,False,False,False,False,False,True,False,False,False,True,False,True,True,True
178,15min,m15_2c_1atr,demand,1515.22,1510.21,2019-08-15 12:15:00+00:00,2019-08-15 10:00:00+00:00,2019-08-15 11:00:00+00:00,2019-08-15 12:00:00+00:00,2,1.1767540751240426,0.9941885187810084,0.2954091816367307,2019-08-15 14:00:00+00:00,2019-08-15 18:00:00+00:00,1518.68,1509.047142857143,9.63285714285712,1.75,True,1325,1326,3,1518.77,0.513888888888892,0.9695981017351266,1.2768797271244237,1.4139107222304532,-1.0,stop,2019,2019-08,2019-08-15,0.0311434079786445,-1.0311434079786446,0.03-0.05R,9,4,2,1.0,9,4,2,1.0,4,3,1.0,4,3,1.0,True,True,True,True,True,17,7,17,7,False,14,Thursday,ny_main,bull,0.842,high,missing,inside,,0.7338308457711589,0.3832986812326169,0.5300519246155913,False,unknown,unknown,False,False,,,False,False,,True,True,True,True,False,False,True,False,False,False,False,True,True,False,False,True,True,True,True,True,True,True,False,False,False,False,False,False,False,False,False,False,True,False,False,False,True,False,True,True,True
199,15min,m15_2c_1atr,demand,1495.9,1494.49,2019-08-23 12:15:00+00:00,2019-08-23 08:00:00+00:00,2019-08-23 09:00:00+00:00,2019-08-23 12:00:00+00:00,4,1.0396624472573666,0.832911392405102,0.1702127659574434,2019-08-23 13:00:00+00:00,2019-08-23 16:00:00+00:00,1502.38,1493.954,8.426000000000158,0.75,True,1461,1462,2,1502.3,0.698154180238875,6.488250652741375,1.1037265606456217,-1.117968193686197,1.0,tp1,2019,2019-08,2019-08-23,0.0356040826014709,0.964395917398529,0.03-0.05R,5,2,2,1.0,11,4,2,1.0,9,4,1.0,11,4,1.0,True,True,True,True,True,23,7,33,7,True,12,Friday,ny_main,bear,0.202,low,missing,above,,0.6264855687606098,2.366665639745399,2.7651492817824095,False,unknown,unknown,False,False,,,False,False,,False,True,False,True,False,False,True,False,False,False,True,True,True,True,False,True,True,True,True,True,True,False,False,False,False,False,False,False,False,False,False,False,True,False,False,False,True,False,True,True,True
237,15min,m15_2c_1atr,demand,1490.75,1487.76,2019-09-10 10:15:00+00:00,2019-09-10 08:00:00+00:00,2019-09-10 09:00:00+00:00,2019-09-10 10:00:00+00:00,2,1.4437593025727855,0.8900701679778811,0.3311036789297679,2019-09-10 15:00:00+00:00,2019-09-10 16:00:00+00:00,1495.62,1486.8895714285711,8.730428571428547,4.75,True,1733,1734,0,1495.63,0.4546568627450979,0.6116538216091686,1.0022417488914006,1.161455009572446,-1.0,stop,2019,2019-09,2019-09-10,0.0343625742477051,-1.0343625742477052,0.03-0.05R,3,3,2,1.0,3,3,2,1.0,3,3,1.0,5,3,1.0,True,True,True,True,True,9,7,13,7,False,12,Tuesday,ny_main,bear,0.534,mid,missing,above,,0.6795154185021911,0.7617228039449464,0.4637548941185826,False,unknown,unknown,False,False,,,False,False,,True,False,True,True,False,False,True,False,False,True,True,True,True,False,False,True,True,True,True,True,True,False,False,False,False,False,False,False,False,False,False,False,True,False,False,False,True,False,True,True,True
241,15min,m15_2c_1atr,demand,1487.93,1486.36,2019-09-11 04:15:00+00:00,2019-09-11 02:00:00+00:00,2019-09-11 03:00:00+00:00,2019-09-11 04:00:00+00:00,2,1.1399107280283125,0.3383099892258316,0.3439490445859282,2019-09-11 16:00:00+00:00,2019-09-11 18:00:00+00:00,1494.54,1485.700857142857,8.83914285714286,11.75,True,1758,1759,1,1494.55,0.5977528089887252,3.355528978246121,1.255777871157503,0.0441219252028428,1.0,tp1,2019,2019-09,2019-09-11,0.0339399424637165,0.9660600575362834,0.03-0.05R,1,1,1,1.0,5,4,2,1.0,4,3,1.0,4,3,1.0,True,True,True,True,True,9,5,13,7,True,14,Wednesday,ny_main,bear,0.229,low,missing,above,,0.1662337662337863,0.45400463139817,0.5994437882512407,False,unknown,unknown,False,False,,,False,False,,True,True,True,True,False,False,True,False,False,True,True,True,True,False,False,True,True,True,True,True,True,False,False,False,False,False,False,False,False,False,False,False,True,False,False,False,True,False,True,True,True
305,15min,m15_2c_1atr,demand,1462.3,1459.83,2019-10-01 12:15:00+00:00,2019-10-01 11:30:00+00:00,2019-10-01 11:45:00+00:00,2019-10-01 12:00:00+00:00,2,1.622003687768905,1.0626920712968857,0.2348178137652422,2019-10-01 16:45:00+00:00,2019-10-01 17:05:00+00:00,1474.32,1459.2795714285714,15.040428571428492,4.5,True,2631,2632,3,1474.34,0.8347176079734206,1.5730934718805645,0.1090394460644089,1.5125898768082295,1.0,tp1,2019,2019-10,2019-10-01,0.0199462401337348,0.9800537598662652,<=0.03R,3,3,2,1.0,3,3,2,1.0,3,3,1.0,3,3,1.0,True,True,True,True,True,9,7,9,7,True,13,Tuesday,ny_main,bear,0.626,mid,above,above,1.07804370447452,0.959876543209878,2.6897290545026165,2.9766810898143503,True,value_low_half,mid_volume,False,True,-0.4777124512029471,0.6181818181818182,True,False,0.3459801264679402,True,False,True,True,False,True,True,True,True,False,False,True,True,True,True,True,True,True,True,True,True,False,True,False,False,False,False,True,False,False,False,False,False,False,True,False,True,False,True,True,True
324,15min,m15_2c_1atr,demand,1490.67,1484.08,2019-10-02 16:00:00+00:00,2019-10-02 15:15:00+00:00,2019-10-02 15:30:00+00:00,2019-10-02 15:45:00+00:00,2,2.9529914529914687,2.81623931623936,0.1335356600910606,2019-10-02 17:10:00+00:00,2019-10-02 17:25:00+00:00,1493.24,1483.631,9.609000000000153,1.1666666666666667,True,2911,2912,2,1493.13,0.6717557251908927,2.7380580705588025,0.0801332084504079,1.7462795296076292,1.0,tp1,2019,2019-10,2019-10-02,0.0312207305650947,0.9687792694349052,0.03-0.05R,3,3,2,1.0,10,4,2,1.0,0,0,0.0,5,3,0.5705614567526416,True,True,True,False,True,3,3,20,7,True,13,Wednesday,ny_main,bull,0.746,high,above,above,0.5782734407269714,0.861189801699713,0.3139228986423436,1.2586632953365868,True,above_value,mid_volume,False,True,0.4292850452700525,0.2978723404255319,False,False,,True,True,True,True,False,False,True,False,False,False,True,True,True,True,False,False,True,True,True,True,True,True,True,False,False,False,False,False,False,False,True,False,False,True,True,True,True,False,True,True,True
1272,15min,m15_2c_1atr,demand,1547.31,1546.25,2020-01-10 09:15:00+00:00,2020-01-10 08:15:00+00:00,2020-01-10 08:30:00+00:00,2020-01-10 09:00:00+00:00,3,1.971052631578824,0.9763157894736312,0.0283018867924285,2020-01-10 15:25:00+00:00,2020-01-10 15:35:00+00:00,1555.92,1545.957,9.963000000000193,6.166666666666667,True,22080,22081,1,1555.91,0.9707057256990652,0.7286961758506324,0.9384723476864354,-0.4857974505671035,-0.4857974505671035,time,2020,2020-01,2020-01-10,0.0301114122252327,-0.5159088627923363,0.03-0.05R,7,4,2,1.0,17,4,2,1.0,4,3,1.0,9,4,1.0,True,True,True,True,True,15,7,35,7,False,10,Friday,london_ny_overlap,bear,0.308,low,above,above,0.7188552188552353,0.740601503759407,2.431286104210974,2.7396397411010263,True,below_value,mid_volume,False,False,-0.2479172939877526,0.4090909090909091,True,True,0.08525671219972,True,True,True,True,False,False,True,False,False,True,True,True,True,True,True,True,True,True,True,True,True,False,True,False,False,False,False,False,False,True,False,True,True,False,True,False,True,False,True,True,True
1528,15min,m15_2c_1atr,demand,1554.41,1549.72,2020-02-05 16:15:00+00:00,2020-02-05 15:15:00+00:00,2020-02-05 15:30:00+00:00,2020-02-05 16:00:00+00:00,3,1.71938418474459,2.2974107767670207,0.0682302771855351,2020-02-05 16:30:00+00:00,2020-02-05 16:35:00+00:00,1556.5,1549.4425714285717,7.057428571428545,0.25,True,26994,26995,0,1556.49,0.6305970149253786,1.6691631917736147,0.5611108861989466,0.9507712238371004,1.0,tp1,2020,2020-02,2020-02-05,0.0425084004696167,0.9574915995303832,0.03-0.05R,14,4,2,1.0,14,4,2,1.0,3,2,1.0,31,4,1.0,True,True,True,True,True,20,7,76,7,True,11,Wednesday,london_ny_overlap,bear,0.734,high,inside,inside,1.2859934853419983,0.6503267973855872,0.5253932468245422,0.6488581101533738,True,value_low_half,mid_volume,True,True,-0.3096028500870344,0.7419354838709677,True,True,0.2135697764070914,True,True,True,True,False,False,True,False,False,True,True,True,True,True,False,True,True,True,True,True,True,False,False,False,True,False,False,True,False,False,False,True,False,True,True,False,True,False,True,True,True
1763,15min,m15_2c_1atr,demand,1625.71,1620.19,2020-02-28 16:00:00+00:00,2020-02-28 15:15:00+00:00,2020-02-28 15:30:00+00:00,2020-02-28 15:45:00+00:00,2,1.5598545454545722,1.1240727272727309,0.0398550724637731,2020-02-28 16:05:00+00:00,2020-02-28 16:10:00+00:00,1627.76,1619.5615714285716,8.198428571428394,0.0833333333333333,True,31633,31634,0,1627.72,0.3223684210526414,0.0902611998815134,1.472233354824119,-3.4506612765513256,-1.0,stop,2020,2020-02,2020-02-28,0.0365923783303428,-1.0365923783303428,0.03-0.05R,5,3,2,0.5742753623188145,6,3,2,0.5742753623188145,3,3,0.0996376811594123,7,4,0.369565217391299,True,True,True,True,True,11,7,20,7,False,11,Friday,london_ny_overlap,bear,0.812,high,inside,inside,2.4663972459212844,0.6893203883495129,0.6484395517033921,0.3282806540472463,True,below_value,mid_volume,False,False,-2.354109672585384,0.3580246913580246,False,False,,True,True,True,True,False,False,True,False,False,True,True,True,False,False,False,True,True,True,True,True,True,False,False,False,True,False,False,False,False,True,False,False,False,False,True,False,True,False,True,True,True
1782,15min,m15_2c_1atr,supply,1601.56,1596.88,2020-03-02 17:45:00+00:00,2020-03-02 17:00:00+00:00,2020-03-02 17:15:00+00:00,2020-03-02 17:30:00+00:00,2,1.249261083743831,0.9221674876847004,0.0897435897436084,2020-03-02 18:05:00+00:00,2020-03-02 18:20:00+00:00,1593.87,1602.1525714285713,8.282571428571373,0.3333333333333333,True,31935,31936,2,1593.8,0.6675603217158169,1.19286625961571,1.2725516575252998,-5.946220980371905,1.0,tp1,2020,2020-03,2020-03-02,0.0362206354134329,0.9637793645865672,0.03-0.05R,4,2,2,0.6837606837607174,4,2,2,0.6837606837607174,0,0,0.0,1,1,0.3141025641025809,True,True,True,False,True,4,3,6,5,True,13,Monday,ny_main,bear,0.804,high,below,below,1.23761153054223,0.401088929219608,-0.3659921239852656,-0.8141258347162226,True,value_low_half,hvn,True,True,-0.0639897892303948,0.9264705882352942,False,False,,True,True,True,False,True,False,True,False,False,False,True,True,True,True,False,False,True,True,True,True,True,True,True,False,False,False,True,True,False,False,False,False,True,False,False,False,True,False,True,True,True
1796,15min,m15_2c_1atr,demand,1640.19,1631.03,2020-03-03 19:30:00+00:00,2020-03-03 18:15:00+00:00,2020-03-03 18:30:00+00:00,2020-03-03 19:15:00+00:00,4,1.3068269643623684,1.1012451696006922,0.2991266375545834,2020-03-03 20:40:00+00:00,2020-03-03 20:50:00+00:00,1644.99,1630.5231428571428,14.46685714285718,1.1666666666666667,True,32241,32242,1,1644.89,0.8743455497382726,0.1237310897815668,1.040308883359002,-0.3013785203618045,-1.0,stop,2020,2020-03,2020-03-03,0.0207370541533356,-1.0207370541533356,<=0.03R,0,0,0,0.0,17,4,2,1.0,0,0,0.0,18,4,1.0,False,True,False,False,True,0,0,53,7,False,15,Tuesday,ny_main,bull,0.918,high,above,above,0.4001999000499602,0.6352087114337579,0.3310439702106291,1.566620637727814,True,above_value,mid_volume,False,False,2.547892720306516,0.2578125,True,True,0.1600318471337579,True,False,True,True,False,True,True,True,False,True,True,True,True,True,True,False,True,False,True,False,True,True,True,False,False,False,False,False,False,False,True,True,False,False,False,False,True,False,True,True,True
1826,15min,m15_2c_1atr,demand,1673.03,1668.84,2020-03-06 10:45:00+00:00,2020-03-06 09:30:00+00:00,2020-03-06 09:45:00+00:00,2020-03-06 10:30:00+00:00,4,1.482504604051579,1.080294659300208,0.2720763723150018,2020-03-06 15:30:00+00:00,2020-03-06 16:05:00+00:00,1676.02,1667.8775714285714,8.142428571428582,4.75,True,33012,33013,6,1676.02,0.7873015873016271,1.377967261434814,1.9109777707598552,-0.5305542396968177,1.0,tp1,2020,2020-03,2020-03-06,0.0368440444233906,0.9631559555766094,0.03-0.05R,8,4,2,1.0,8,4,2,1.0,4,2,1.0,4,2,1.0,True,True,True,True,True,16,7,16,7,True,11,Friday,london_ny_overlap,bull,0.834,high,inside,inside,0.7361947791164727,0.9926524614254292,0.7653168841424142,0.7323893731178556,True,value_low_half,hvn,False,True,-0.2843132094671713,0.9305555555555556,False,False,,True,True,True,True,False,False,True,False,False,False,False,False,True,True,True,True,True,True,True,True,True,True,False,False,True,False,True,True,False,False,False,False,False,False,False,False,True,False,True,True,True
1830,15min,m15_2c_1atr,supply,1688.45,1685.4,2020-03-06 15:45:00+00:00,2020-03-06 15:00:00+00:00,2020-03-06 15:15:00+00:00,2020-03-06 15:30:00+00:00,2,2.768092348675458,0.6319372502589776,0.1344262295082255,2020-03-06 16:10:00+00:00,2020-03-06 16:40:00+00:00,1678.2,1689.297142857143,11.0971428571429,0.4166666666666667,True,33019,33020,5,1678.19,0.8654618473895441,3.21163748712667,1.0615345005149266,0.4271369721936141,1.0,tp1,2020,2020-03,2020-03-06,0.0270339855818742,0.9729660144181258,<=0.03R,3,3,2,1.0,3,3,2,1.0,0,0,0.0,1,1,0.5016393442622936,True,True,True,False,True,3,3,5,5,True,11,Friday,london_ny_overlap,bull,0.848,high,below,below,0.7056417659088258,0.2344827586206959,-0.3794203015216467,-0.462640694307411,True,above_value,mid_volume,False,True,1.2322991761071176,0.7428571428571429,False,False,,True,True,True,False,True,True,True,True,False,False,False,False,True,True,True,False,True,True,True,True,True,False,True,False,False,False,False,False,False,False,True,False,True,False,True,True,True,False,True,True,True
1844,15min,m15_2c_1atr,demand,1680.55,1676.09,2020-03-09 15:30:00+00:00,2020-03-09 14:45:00+00:00,2020-03-09 15:00:00+00:00,2020-03-09 15:15:00+00:00,2,1.2489965039492157,0.8084941085070608,0.1412556053811892,2020-03-09 15:30:00+00:00,2020-03-09 15:35:00+00:00,1683.38,1675.376,8.004000000000133,0.0,True,33294,33295,0,1683.39,0.134517766497457,0.1699150424787453,1.606696651674152,-3.357071464267825,-1.0,stop,2020,2020-03,2020-03-09,0.0374812593703142,-1.0374812593703142,0.03-0.05R,1,1,1,0.5291479820628046,7,3,2,1.0,4,3,1.0,4,3,1.0,True,True,True,True,True,9,5,15,7,False,11,Monday,london_ny_overlap,bull,0.766,high,above,above,0.8413594016533519,0.376811594202914,0.1684993695397065,0.57310168037395,True,value_high_half,hvn,True,True,0.0087456271863986,1.0,True,True,0.557928457020824,True,True,True,True,False,False,True,False,False,True,True,True,False,False,False,True,True,True,True,True,True,True,True,False,False,False,True,False,True,False,False,True,True,False,False,False,True,False,True,True,True
1867,15min,m15_2c_1atr,supply,1665.83,1663.05,2020-03-11 15:30:00+00:00,2020-03-11 14:45:00+00:00,2020-03-11 15:00:00+00:00,2020-03-11 15:15:00+00:00,2,1.4997758852532523,0.8722545943523063,0.1294964028776631,2020-03-11 15:55:00+00:00,2020-03-11 16:10:00+00:00,1658.34,1666.2949999999998,7.954999999999927,0.4166666666666667,True,33853,33854,2,1658.32,0.9463869463869948,10.72910119421756,0.2539283469516028,10.374607165304932,1.0,tp1,2020,2020-03,2020-03-11,0.0377121307353868,0.9622878692646132,0.03-0.05R,4,3,2,1.0,9,4,2,1.0,4,4,1.0,4,4,1.0,True,True,True,True,True,12,7,17,7,True,12,Wednesday,ny_main,bear,0.444,mid,below,below,1.1038907284768067,0.0196428571428395,-1.4065274431821866,-1.6067814099393232,True,above_value,mid_volume,False,False,0.715273412947845,0.4210526315789473,False,False,,True,True,True,False,True,False,True,False,False,False,True,True,True,True,True,True,True,True,True,True,True,True,True,False,False,False,False,False,False,False,True,False,True,False,False,False,True,False,True,True,True
1912,15min,m15_2c_1atr,supply,1479.9,1465.26,2020-03-16 13:45:00+00:00,2020-03-16 13:00:00+00:00,2020-03-16 13:15:00+00:00,2020-03-16 13:30:00+00:00,2,1.3510512638790582,1.2104890148830705,0.1290983606557436,2020-03-16 14:00:00+00:00,2020-03-16 14:45:00+00:00,1463.08,1481.1614285714286,18.08142857142866,0.25,True,34664,34665,8,1463.18,0.3964912280701707,0.6559216243975579,1.385399383740226,-1.6243185589002118,-1.0,stop,2020,2020-03,2020-03-16,0.0165916093861103,-1.0165916093861105,<=0.03R,0,0,0,0.0,0,0,0,0.0,0,0,0.0,0,0,0.0,False,False,False,False,False,0,0,0,0,False,10,Monday,london_ny_overlap,bear,0.992,high,below,below,1.195183192416097,0.1154210028382246,-1.1074027029617104,-2.6536017613015654,True,below_value,hvn,False,False,-3.963735482341771,0.7575757575757576,False,False,,True,True,True,False,True,True,True,True,True,False,False,False,False,False,False,False,False,False,False,False,False,True,True,False,False,False,True,False,False,True,False,False,False,False,False,False,True,False,True,True,True
1927,15min,m15_2c_1atr,demand,1487.5,1480.8,2020-03-17 15:30:00+00:00,2020-03-17 14:30:00+00:00,2020-03-17 14:45:00+00:00,2020-03-17 15:15:00+00:00,3,1.5328467153284795,1.122412348929047,0.3119402985074483,2020-03-17 15:45:00+00:00,2020-03-17 15:50:00+00:00,1492.47,1479.760857142857,12.70914285714298,0.25,True,34953,34954,0,1492.45,0.5610389610389495,4.84297019018924,0.4036464187761389,0.7640169057146666,1.0,tp1,2020,2020-03,2020-03-17,0.0236050537295982,0.9763949462704016,<=0.03R,1,1,1,1.0,1,1,1,1.0,0,0,0.0,0,0,0.0,True,True,True,False,False,1,1,1,1,True,11,Tuesday,london_ny_overlap,bear,0.682,high,above,above,1.0483754512635337,0.7571428571428432,1.0574974825874024,1.5416964806533602,True,value_high_half,hvn,True,True,0.0708151611888019,0.9464285714285714,False,False,,True,True,True,True,False,True,True,True,False,True,True,True,True,False,False,False,False,True,True,False,False,False,True,False,False,False,True,False,True,False,False,False,False,False,True,False,True,False,True,True,True
1928,15min,m15_2c_1atr,demand,1503.8,1488.23,2020-03-17 16:15:00+00:00,2020-03-17 15:30:00+00:00,2020-03-17 15:45:00+00:00,2020-03-17 16:00:00+00:00,2,1.7760044028618511,1.999449642267466,0.1451509312780989,2020-03-17 16:15:00+00:00,2020-03-17 16:25:00+00:00,1504.29,1486.8645714285717,17.425428571428483,0.0,True,34960,34961,1,1504.26,0.3453689167974889,2.853875288986554,1.078883077276233,-0.5887947006837323,1.0,tp1,2020,2020-03,2020-03-17,0.0172162193182378,0.9827837806817622,<=0.03R,4,1,1,0.4926140012845136,4,1,1,0.4926140012845136,0,0,0.0,0,0,0.0,True,True,True,False,False,4,3,4,3,True,12,Tuesday,ny_main,bear,0.724,high,above,above,0.8859832635983268,0.788403614457835,2.0138474208707473,2.901982348851417,True,value_high_half,mid_volume,False,True,0.7325501319910112,0.5714285714285714,False,False,,True,True,True,True,False,True,True,True,True,True,True,True,False,False,False,False,False,True,True,True,True,False,True,False,False,False,False,False,True,False,False,False,False,False,True,False,True,False,True,True,True
1936,15min,m15_2c_1atr,demand,1495.4,1489.78,2020-03-18 12:15:00+00:00,2020-03-18 11:30:00+00:00,2020-03-18 11:45:00+00:00,2020-03-18 12:00:00+00:00,2,1.9412892757043976,0.5803215813541936,0.0071174377224537,2020-03-18 12:55:00+00:00,2020-03-18 13:20:00+00:00,1501.69,1488.7064285714284,12.983571428571622,0.6666666666666666,True,35199,35200,4,1501.77,0.8828282828282932,1.6289816801452035,1.2477306486218698,-2.4438576222698667,1.0,tp1,2020,2020-03,2020-03-18,0.0231061231226271,0.9768938768773728,<=0.03R,3,3,2,1.0,5,3,2,1.0,0,0,0.0,0,0,0.0,True,True,True,False,False,3,3,5,3,True,9,Wednesday,london_ny_overlap,bear,0.752,high,inside,above,1.0830800405268488,0.9515962924819747,0.4832442698415267,0.1826753949288798,True,below_value,hvn,False,False,-2.900588655993784,0.9047619047619048,False,False,,True,True,True,True,False,True,True,True,False,False,False,False,True,True,True,False,False,True,True,True,True,False,False,False,True,False,True,False,False,True,False,False,True,False,True,False,True,False,True,True,True
1941,15min,m15_2c_1atr,supply,1494.1,1487.31,2020-03-18 19:30:00+00:00,2020-03-18 18:30:00+00:00,2020-03-18 18:45:00+00:00,2020-03-18 19:15:00+00:00,3,1.4481980166089057,0.76642747722325,0.1119293078055957,2020-03-18 19:40:00+00:00,2020-03-18 20:05:00+00:00,1484.69,1495.3238571428572,10.633857142857096,0.1666666666666666,True,35280,35281,4,1484.44,0.7728155339805725,0.203124790090958,1.2873973964560743,1.344761341805824,-1.0,stop,2020,2020-03,2020-03-18,0.0282117764015208,-1.0282117764015208,<=0.03R,0,0,0,0.0,0,0,0,0.0,1,1,0.6656848306332851,1,1,0.6656848306332851,False,False,False,True,True,2,2,2,2,False,16,Wednesday,ny_main,bear,0.668,high,below,below,1.1745408884005746,0.5270270270270192,-0.1189651249264885,-0.6896879974291152,True,value_low_half,mid_volume,True,True,-0.1923102758037074,0.7202797202797203,False,False,,True,False,False,False,True,True,True,True,False,False,False,False,True,True,True,True,True,False,False,False,False,True,True,False,False,False,False,True,False,False,False,False,True,False,False,False,True,False,True,True,True
1952,15min,m15_2c_1atr,supply,1481.48,1471.14,2020-03-19 14:15:00+00:00,2020-03-19 13:30:00+00:00,2020-03-19 13:45:00+00:00,2020-03-19 14:00:00+00:00,2,2.123281596452307,1.6048780487804784,0.3259187620889888,2020-03-19 14:20:00+00:00,2020-03-19 14:25:00+00:00,1469.98,1482.4132857142858,12.43328571428583,0.0833333333333333,True,35488,35489,0,1469.96,0.0664335664335825,0.3217170498546498,1.1075109441246307,-2.0694449231900367,-1.0,stop,2020,2020-03,2020-03-19,0.0241287787390987,-1.024128778739099,<=0.03R,6,3,2,0.5560928433268902,9,3,2,0.8471953578336615,0,0,0.0,0,0,0.0,True,True,True,False,False,6,3,9,3,False,10,Thursday,london_ny_overlap,bear,0.418,mid,below,below,1.4563912236655363,0.4384724186704476,-0.8225356435584092,-1.3349481950715965,True,value_low_half,lvn,False,True,-0.6788229751933156,0.1981132075471698,False,False,,True,True,True,False,True,True,True,True,False,True,True,True,False,False,False,False,False,True,True,True,True,True,True,False,False,True,False,True,False,False,False,False,False,False,True,True,True,False,True,True,True
1968,15min,m15_2c_1atr,supply,1511.36,1507.71,2020-03-20 13:45:00+00:00,2020-03-20 13:00:00+00:00,2020-03-20 13:15:00+00:00,2020-03-20 13:30:00+00:00,2,1.4526449968132782,0.6513702995538332,0.1013698630137348,2020-03-20 14:10:00+00:00,2020-03-20 14:20:00+00:00,1501.12,1512.1581428571428,11.03814285714293,0.4166666666666667,True,35763,35764,1,1501.13,0.82805429864253,1.9740639600346688,1.3489588051820314,-1.5781640286280003,1.0,tp1,2020,2020-03,2020-03-20,0.0271784849935934,0.9728215150064066,<=0.03R,1,1,1,0.5205479452054615,17,4,2,1.0,2,1,1.0,2,1,1.0,True,True,True,True,True,5,5,21,7,True,10,Friday,london_ny_overlap,bull,0.26,low,below,below,1.7940265212542117,0.1223404255319248,-1.0024802071038128,-0.9183203035823924,True,above_value,mid_volume,False,False,3.1060478600178265,0.4579439252336448,False,False,,True,True,True,False,True,True,True,True,False,True,True,True,True,True,True,True,True,True,True,True,True,False,True,False,False,False,False,False,False,False,True,False,True,False,False,False,True,False,True,True,True
1969,15min,m15_2c_1atr,supply,1507.72,1499.89,2020-03-20 14:45:00+00:00,2020-03-20 14:00:00+00:00,2020-03-20 14:15:00+00:00,2020-03-20 14:30:00+00:00,2,1.5643361128928903,1.4062860808210291,0.1915708812260554,2020-03-20 16:15:00+00:00,2020-03-20 16:40:00+00:00,1496.4,1508.5872857142858,12.187285714285736,1.5,True,35791,35792,4,1496.49,0.7677053824362768,1.400640011252956,1.6090539320837765,-3.3699054049301855,1.0,tp1,2020,2020-03,2020-03-20,0.0246158174209656,0.9753841825790344,<=0.03R,4,4,2,1.0,25,4,2,1.0,6,3,1.0,6,3,1.0,True,True,True,True,True,16,7,37,7,True,12,Friday,ny_main,bull,0.524,mid,below,below,1.477293601387914,0.3179723502304054,-0.0330829456039553,-0.3928673200334361,True,above_value,mid_volume,False,False,1.8096728440646597,0.5046728971962616,True,False,0.4472753007784891,True,True,True,False,True,True,True,True,False,False,False,False,True,True,True,True,True,True,True,True,True,False,True,False,False,False,False,False,False,False,True,False,False,False,True,False,True,False,True,True,True
2010,15min,m15_2c_1atr,demand,1624.13,1619.08,2020-03-26 15:00:00+00:00,2020-03-26 14:15:00+00:00,2020-03-26 14:30:00+00:00,2020-03-26 14:45:00+00:00,2,1.517936316001599,0.949885798737102,0.0138613861386457,2020-03-26 15:00:00+00:00,2020-03-26 15:05:00+00:00,1626.34,1618.0364285714286,8.303571428571331,0.0,True,36866,36867,0,1626.48,0.1996402877697681,2.128000000000034,1.3524301075268998,-1.0031827956989277,1.0,tp1,2020,2020-03,2020-03-26,0.0361290322580649,0.963870967741935,0.03-0.05R,0,0,0,0.0,1,1,1,0.0514851485148478,0,0,0.0,0,0,0.0,False,True,False,False,False,0,0,1,1,True,11,Thursday,london_ny_overlap,bull,0.434,mid,above,above,1.1857355126299975,0.7045191193510835,1.2195346041069537,2.2810451735371013,True,above_value,hvn,False,False,1.36748387096776,0.8206521739130435,False,False,,True,False,False,True,False,False,True,False,False,True,True,True,False,False,False,False,False,False,True,False,False,True,True,False,False,False,True,False,False,False,True,False,True,False,True,False,True,False,True,True,True
2057,15min,m15_2c_1atr,demand,1591.21,1585.38,2020-04-01 19:00:00+00:00,2020-04-01 18:15:00+00:00,2020-04-01 18:30:00+00:00,2020-04-01 18:45:00+00:00,2,1.0481657100074886,1.0184676815572635,0.1200686106346576,2020-04-01 19:00:00+00:00,2020-04-01 19:05:00+00:00,1591.28,1584.7547142857145,6.525285714285474,0.0,True,38003,38004,0,1591.41,0.557603686635838,0.449022483963509,2.0520174267137197,3.274952383037554,-1.0,stop,2020,2020-04,2020-04-01,0.0459749983580374,-1.0459749983580375,0.03-0.05R,6,3,2,0.670668953687805,6,3,2,0.670668953687805,0,0,0.0,5,3,0.5934819897084185,True,True,True,False,True,6,3,16,7,False,15,Wednesday,ny_main,bear,0.762,high,inside,inside,0.5298063536260862,1.0,0.851610644611647,1.0757668601649348,True,value_high_half,hvn,True,True,0.2367712415439041,0.945945945945946,True,False,0.4740134744947081,True,True,True,True,False,False,True,False,False,True,True,True,True,False,False,False,True,True,True,True,True,False,False,False,True,False,True,False,True,False,False,False,False,False,False,False,True,False,True,True,True
2076,15min,m15_2c_1atr,demand,1612.54,1609.83,2020-04-03 15:00:00+00:00,2020-04-03 14:15:00+00:00,2020-04-03 14:30:00+00:00,2020-04-03 14:45:00+00:00,2,1.954644054427122,0.7481759021889303,0.2103321033210907,2020-04-03 15:30:00+00:00,2020-04-03 15:35:00+00:00,1617.35,1609.1442857142856,8.205714285714294,0.5,True,38512,38513,0,1617.35,0.0113519091847161,0.2949164345403985,1.399025069637884,2.818767409470763,-1.0,stop,2020,2020-04,2020-04-03,0.0365598885793871,-1.0365598885793872,0.03-0.05R,7,3,2,1.0,10,3,2,1.0,1,1,0.8560885608856578,3,2,0.8560885608856578,True,True,True,True,True,9,5,16,7,False,11,Friday,london_ny_overlap,bull,0.638,mid,above,above,0.6906374848010927,0.457172342621263,0.204320313455988,0.5322647133781538,True,value_low_half,hvn,True,True,-0.0079213091922072,1.0,False,False,,True,True,False,True,False,False,True,False,False,True,True,True,False,False,False,True,True,True,True,True,True,True,True,False,False,False,True,True,False,False,False,False,True,False,True,False,True,False,True,True,True
2098,15min,m15_2c_1atr,demand,1650.96,1642.28,2020-04-07 17:30:00+00:00,2020-04-07 16:30:00+00:00,2020-04-07 16:45:00+00:00,2020-04-07 17:15:00+00:00,3,1.420920502092058,1.4527196652719836,0.2546082949308779,2020-04-07 17:35:00+00:00,2020-04-07 18:20:00+00:00,1654.06,1641.6014285714286,12.458571428571304,0.0833333333333333,True,39092,39093,8,1653.91,0.8446115288220828,0.3122348354546608,1.0932232542139684,-0.2271528494438675,-1.0,stop,2020,2020-04,2020-04-07,0.0240798073615413,-1.0240798073615414,<=0.03R,4,3,2,0.7799539170506834,4,3,2,0.7799539170506834,4,4,0.7223502304147391,5,4,1.0,True,True,True,True,True,12,7,14,7,False,14,Tuesday,ny_main,bull,0.974,high,above,above,0.938784679321584,0.9765739385065764,0.6477852327749404,0.547535773615582,True,below_value,hvn,False,True,-0.7328288040362505,0.8448275862068966,True,True,0.1099809281627473,True,True,False,True,False,True,True,True,False,False,False,False,True,True,True,True,True,True,True,True,True,True,True,False,False,False,True,False,False,True,False,True,False,False,False,False,True,False,True,True,True
2123,15min,m15_2c_1atr,supply,1685.2,1681.62,2020-04-09 17:30:00+00:00,2020-04-09 16:45:00+00:00,2020-04-09 17:00:00+00:00,2020-04-09 17:15:00+00:00,2,1.5825784836828054,0.6219133887579309,0.1620111731843302,2020-04-09 17:55:00+00:00,2020-04-09 18:20:00+00:00,1679.63,1686.0517142857143,6.421714285714188,0.4166666666666667,True,39644,39645,4,1679.28,0.4290322580644737,0.4469211603488417,1.0246485139704615,-5.04538174052328,-1.0,stop,2020,2020-04,2020-04-09,0.0467164975974379,-1.046716497597438,0.03-0.05R,0,0,0,0.0,0,0,0,0.0,0,0,0.0,0,0,0.0,False,False,False,False,False,0,0,0,0,False,14,Thursday,ny_main,bull,0.986,high,above,above,0.4877143169160255,0.1862348178137778,-0.0778832975899774,0.7412412555583842,True,above_value,mid_volume,False,False,5.475173518419708,0.7261904761904762,False,False,,True,True,True,False,True,False,True,False,False,False,False,False,False,False,False,False,False,False,False,False,False,False,False,True,False,False,False,False,False,False,True,False,True,False,True,False,True,False,True,True,True
2191,15min,m15_2c_1atr,demand,1675.63,1673.7,2020-04-20 12:00:00+00:00,2020-04-20 10:45:00+00:00,2020-04-20 11:00:00+00:00,2020-04-20 11:45:00+00:00,4,1.1521012836292872,0.4751186917531358,0.233160621761556,2020-04-20 13:20:00+00:00,2020-04-20 13:35:00+00:00,1679.61,1673.1808571428571,6.429142857142779,1.3333333333333333,True,41241,41242,2,1679.8,0.6378378378378252,3.554128521909228,1.4760910141320966,-2.1838058839214503,1.0,tp1,2020,2020-04,2020-04-20,0.0466625188872106,0.9533374811127894,0.03-0.05R,6,4,2,1.0,6,4,2,1.0,1,1,1.0,1,1,1.0,True,True,True,True,True,8,5,8,5,True,9,Monday,london_ny_overlap,bear,0.45,mid,above,above,1.7232436616992233,0.8752941176470652,0.5285799831017619,0.6778632864491081,True,below_value,mid_volume,False,False,-1.1797840191983135,0.5925925925925926,False,False,,True,False,True,True,False,False,True,False,False,False,True,True,True,True,False,True,True,True,True,True,True,False,True,False,False,False,False,False,False,True,False,False,True,False,False,False,True,False,True,True,True
2220,15min,m15_2c_1atr,demand,1707.33,1701.1,2020-04-22 16:45:00+00:00,2020-04-22 16:00:00+00:00,2020-04-22 16:15:00+00:00,2020-04-22 16:30:00+00:00,2,1.075975359342913,1.2792607802874727,0.3242375601926125,2020-04-22 16:45:00+00:00,2020-04-22 17:00:00+00:00,1708.51,1700.3674285714285,8.1425714285715,0.0,True,41834,41835,2,1708.54,0.7059999999999945,3.588546966560202,0.5035264395241782,3.2274816660233374,1.0,tp1,2020,2020-04,2020-04-22,0.036843398013965,0.9631566019860348,0.03-0.05R,1,1,1,0.1396468699839672,4,2,2,1.0,1,1,0.3290529695024359,1,1,0.3290529695024359,True,True,True,True,True,3,3,6,5,True,13,Wednesday,ny_main,bull,0.796,high,above,above,0.7508781410429191,0.0123711340206538,0.315588546085731,0.9925240850411254,True,above_value,lvn,False,False,2.636145127899191,0.2435897435897435,False,False,,True,True,False,True,False,False,True,False,False,False,True,True,True,True,True,True,True,True,True,True,True,True,True,False,False,True,False,False,False,False,True,False,False,False,False,False,True,False,True,True,True
2266,15min,m15_2c_1atr,demand,1703.66,1698.57,2020-04-28 18:45:00+00:00,2020-04-28 17:45:00+00:00,2020-04-28 18:00:00+00:00,2020-04-28 18:30:00+00:00,3,1.2577502214348752,0.9016829052258843,0.3163064833005607,2020-04-28 18:55:00+00:00,2020-04-28 19:05:00+00:00,1705.74,1698.0259999999998,7.714000000000169,0.1666666666666666,True,42962,42963,1,1705.76,0.5638297872339808,0.9579984443868212,1.022815659839244,-0.7479906663209561,-1.0,stop,2020,2020-04,2020-04-28,0.0388903292714536,-1.0388903292714535,0.03-0.05R,3,3,2,0.7013752455795352,8,3,2,0.7013752455795352,0,0,0.0,1,1,0.8998035363457807,True,True,True,False,True,3,3,10,5,False,15,Tuesday,ny_main,bear,0.916,high,inside,inside,0.8972735495542035,0.9145833333333196,0.5459330198608993,0.4747613047692027,True,below_value,hvn,False,True,-1.054576095410917,0.9230769230769232,False,False,,False,True,True,True,False,False,True,False,False,True,True,True,True,False,False,False,True,True,True,True,True,False,False,False,True,False,True,False,False,True,False,False,True,False,False,False,True,False,True,True,True
2306,15min,m15_2c_1atr,demand,1681.65,1677.34,2020-05-01 17:00:00+00:00,2020-05-01 16:15:00+00:00,2020-05-01 16:30:00+00:00,2020-05-01 16:45:00+00:00,2,1.5714506889611193,0.934200340610027,0.1044083526682198,2020-05-01 17:05:00+00:00,2020-05-01 17:30:00+00:00,1682.85,1676.6788571428572,6.1711428571427405,0.0833333333333333,True,43771,43772,4,1682.83,0.65270935960585,4.965044677994461,0.3419139774989485,3.694615491458037,1.0,tp1,2020,2020-05,2020-05-01,0.0486133617297106,0.9513866382702894,0.03-0.05R,1,1,1,0.6496519721577888,1,1,1,0.6496519721577888,2,1,0.1925754060325107,10,4,0.9489559164733136,True,True,True,True,True,5,5,21,5,True,13,Friday,ny_main,bear,0.926,high,above,above,1.0109409190371828,0.909657320872251,0.7772085801072285,1.1522772112872677,True,value_high_half,hvn,True,True,0.039700912079246,1.0,True,False,0.1783559577677232,True,True,True,True,False,False,True,False,False,False,False,False,True,True,False,True,True,True,True,True,True,False,True,False,False,False,True,False,True,False,False,False,True,False,True,False,True,False,True,True,True
2431,15min,m15_2c_1atr,demand,1743.13,1738.83,2020-05-15 18:15:00+00:00,2020-05-15 17:30:00+00:00,2020-05-15 17:45:00+00:00,2020-05-15 18:00:00+00:00,2,1.011086474501102,0.9534368070953894,0.195348837209275,2020-05-15 18:25:00+00:00,2020-05-15 18:35:00+00:00,1744.8,1738.3555714285717,6.444428571428489,0.1666666666666666,True,46543,46544,1,1744.8,0.7735849056603571,3.1825940457981816,1.6075901664782477,-2.046729179135944,1.0,tp1,2020,2020-05,2020-05-15,0.0465518387976331,0.9534481612023668,0.03-0.05R,0,0,0,0.0,0,0,0,0.0,0,0,0.0,0,0,0.0,False,False,False,False,False,0,0,0,0,True,14,Friday,ny_main,bull,0.974,high,above,above,1.375215415948616,0.9055374592833976,0.659213101201584,1.177352269547311,True,above_value,mid_volume,False,False,1.277072111015071,0.4722222222222222,False,False,,True,True,True,True,False,False,True,False,False,True,True,True,True,True,True,False,False,False,False,False,False,True,True,False,False,False,False,False,False,False,True,False,True,False,False,False,True,False,True,True,True
2458,15min,m15_2c_1atr,demand,1737.9,1734.0,2020-05-19 16:45:00+00:00,2020-05-19 16:00:00+00:00,2020-05-19 16:15:00+00:00,2020-05-19 16:30:00+00:00,2,1.5870577281192093,1.2709497206704128,0.1025641025641234,2020-05-19 16:55:00+00:00,2020-05-19 17:20:00+00:00,1739.46,1733.4561428571428,6.003857142857214,0.1666666666666666,True,47080,47081,4,1739.48,0.8489208633094066,2.3235063173673867,0.3247912056535121,1.6556023508696684,1.0,tp1,2020,2020-05,2020-05-19,0.0499678777928468,0.9500321222071532,0.03-0.05R,8,3,2,1.0,12,4,2,1.0,5,2,0.8307692307692137,5,2,0.8307692307692137,True,True,True,True,True,18,7,22,7,True,13,Tuesday,ny_main,bear,0.868,high,above,above,0.5383634044104582,0.9296551724137944,1.3266926532030627,1.795588260657157,True,value_low_half,hvn,True,True,-0.0499678777928392,0.8235294117647058,False,False,,True,True,False,True,False,False,True,False,False,False,False,False,True,True,True,True,True,True,True,True,True,False,True,False,False,False,True,True,False,False,False,False,False,False,True,False,True,False,True,True,True
2460,15min,m15_2c_1atr,demand,1742.59,1740.49,2020-05-19 21:30:00+00:00,2020-05-19 20:30:00+00:00,2020-05-19 20:45:00+00:00,2020-05-19 21:15:00+00:00,3,1.755011135857495,0.9354120267260224,0.242857142857149,2020-05-20 15:50:00+00:00,2020-05-20 16:00:00+00:00,1747.34,1739.9992857142856,7.340714285714284,18.333333333333332,True,47340,47341,1,1747.35,0.9658792650918344,0.88955920988615,1.3009633161428371,-2.8103532159190268,-1.0,stop,2020,2020-05,2020-05-20,0.0408679575751678,-1.0408679575751678,0.03-0.05R,3,2,2,1.0,11,4,2,1.0,2,2,0.4619047619047949,4,2,1.0,True,True,True,True,True,7,7,19,7,False,12,Wednesday,ny_main,bull,0.774,high,inside,inside,1.0538592027141491,0.8088235294117431,0.0041338915517013,-0.1188954662636807,True,value_low_half,hvn,False,True,-1.1184197723070988,0.75,False,False,,False,True,True,True,False,False,True,False,False,True,True,True,True,True,True,True,True,True,True,True,True,True,False,False,True,False,True,True,False,False,False,False,True,False,True,False,True,False,True,True,True
2472,15min,m15_2c_1atr,supply,1751.58,1747.83,2020-05-20 17:45:00+00:00,2020-05-20 17:00:00+00:00,2020-05-20 17:15:00+00:00,2020-05-20 17:30:00+00:00,2,1.1473741595493303,0.954025077230598,0.0693333333333309,2020-05-20 18:00:00+00:00,2020-05-20 18:10:00+00:00,1746.0,1752.059857142857,6.059857142857027,0.25,True,47366,47367,1,1746.03,0.7539682539682955,0.282184869987517,1.298710483509755,3.6568518824112672,-1.0,stop,2020,2020-05,2020-05-20,0.0495061175416685,-1.049506117541669,0.03-0.05R,9,3,2,0.9786666666666254,11,3,2,0.9786666666666254,0,0,0.0,0,0,0.0,True,True,True,False,False,9,3,11,3,False,14,Wednesday,ny_main,bull,0.902,high,below,below,0.8521947873799594,0.3961352657004977,-0.368206377065687,-0.5612609562975343,True,value_high_half,hvn,True,True,0.0750842782715187,0.935483870967742,False,False,,True,True,False,False,True,False,True,False,False,True,True,True,True,True,True,False,False,True,True,True,True,False,True,False,False,False,True,False,True,False,False,False,True,False,False,False,True,False,True,True,True
2525,15min,m15_2c_1atr,supply,1721.34,1714.34,2020-05-26 17:45:00+00:00,2020-05-26 17:00:00+00:00,2020-05-26 17:15:00+00:00,2020-05-26 17:30:00+00:00,2,1.0050890585241892,1.7811704834605675,0.1699999999999753,2020-05-26 17:45:00+00:00,2020-05-26 17:55:00+00:00,1713.51,1721.9904285714283,8.480428571428547,0.0,True,48419,48420,1,1713.51,0.7369727047146104,2.33714603372471,0.2947964220137131,1.4834155955729955,1.0,tp1,2020,2020-05,2020-05-26,0.0353755706416455,0.9646244293583544,0.03-0.05R,0,0,0,0.0,0,0,0,0.0,1,1,0.1599999999999844,8,4,1.0,False,False,False,True,True,2,2,16,4,True,13,Tuesday,ny_main,bear,0.974,high,below,below,1.1630202335910458,0.2119366626065775,-1.5222929263864882,-2.3688312779550467,True,below_value,lvn,False,False,-0.932735879251398,0.2222222222222222,True,False,0.2098837209302289,True,True,True,False,True,False,True,False,False,True,True,True,True,True,True,True,True,False,False,False,True,True,True,False,False,True,False,False,False,True,False,False,False,False,False,False,True,False,True,True,True
2624,15min,m15_2c_1atr,supply,1687.27,1679.71,2020-06-05 17:00:00+00:00,2020-06-05 16:15:00+00:00,2020-06-05 16:30:00+00:00,2020-06-05 16:45:00+00:00,2,1.096973158195338,1.2089091947458517,0.3253968253968025,2020-06-05 17:00:00+00:00,2020-06-05 17:30:00+00:00,1675.53,1687.9715714285717,12.441571428571478,0.0,True,50622,50623,5,1675.6,0.9780701754386162,0.3866071121011296,1.020771377065368,-1.296460024572003,-1.0,stop,2020,2020-06,2020-06-05,0.0241127096944574,-1.0241127096944571,<=0.03R,0,0,0,0.0,0,0,0,0.0,0,0,0.0,0,0,0.0,False,False,False,False,False,0,0,0,0,False,13,Friday,ny_main,bear,1.0,high,below,below,0.93382978723404,0.5009487666033932,-1.1253461946437304,-2.4987525074818095,True,below_value,mid_volume,False,False,-2.110665855254839,0.6451612903225806,False,False,,True,False,True,False,True,True,True,True,False,False,False,False,True,True,True,False,False,False,False,False,False,True,True,False,False,False,False,False,False,True,False,False,False,False,False,False,True,False,True,True,True
2677,15min,m15_2c_1atr,demand,1737.18,1732.78,2020-06-12 15:45:00+00:00,2020-06-12 15:00:00+00:00,2020-06-12 15:15:00+00:00,2020-06-12 15:30:00+00:00,2,1.27976817702846,1.6227608008430243,0.1749999999999922,2020-06-12 16:00:00+00:00,2020-06-12 16:10:00+00:00,1738.89,1732.355857142857,6.534142857143024,0.25,True,51986,51987,1,1738.93,0.93495934959355,0.633594962723242,1.0514003366929665,-3.899516823717081,-1.0,stop,2020,2020-06,2020-06-12,0.0459126784582073,-1.0459126784582071,0.03-0.05R,5,2,2,0.7272727272727226,5,2,2,0.7272727272727226,4,4,0.0749999999999819,13,4,1.0,True,True,True,True,True,13,7,31,7,False,12,Friday,ny_main,bull,0.672,high,above,above,2.100364014560574,0.5303030303030903,0.2410840505225838,0.8087494795213123,True,value_high_half,hvn,False,True,1.1064955508428,0.9069767441860463,True,True,0.5063568610258651,True,True,True,True,False,False,True,False,False,True,True,True,True,True,True,True,True,True,True,True,True,True,True,False,False,False,True,False,True,False,False,True,False,False,False,False,True,False,True,True,True
2774,15min,m15_2c_1atr,demand,1773.46,1770.53,2020-06-24 12:00:00+00:00,2020-06-24 11:15:00+00:00,2020-06-24 11:30:00+00:00,2020-06-24 11:45:00+00:00,2,1.6949248653245994,1.16302806918061,0.122866894197993,2020-06-24 14:20:00+00:00,2020-06-24 14:50:00+00:00,1776.53,1770.2102857142856,6.319714285714326,2.3333333333333335,True,54178,54179,5,1776.53,0.5978647686832599,0.3528640535286411,1.2801211628011904,-2.151996021519932,-1.0,stop,2020,2020-06,2020-06-24,0.0474705004747047,-1.0474705004747047,0.03-0.05R,4,4,2,1.0,4,4,2,1.0,2,2,0.2252559726962687,2,2,0.2252559726962687,True,True,True,True,True,8,7,8,7,False,10,Wednesday,london_ny_overlap,bull,0.572,mid,inside,inside,1.3214603739982345,0.9525000000000432,0.7183290474781897,1.3432617300588148,True,value_high_half,mid_volume,False,True,0.8299425832994033,0.5434782608695652,False,False,,True,True,True,True,False,False,True,False,False,False,False,False,True,False,False,True,True,True,True,True,True,True,False,False,True,False,False,False,True,False,False,False,False,False,True,False,True,False,True,True,True
2833,15min,m15_2c_1atr,supply,1780.39,1776.78,2020-07-01 16:15:00+00:00,2020-07-01 15:30:00+00:00,2020-07-01 15:45:00+00:00,2020-07-01 16:00:00+00:00,2,1.4672379932154762,0.9023388680593109,0.3434903047091316,2020-07-01 16:25:00+00:00,2020-07-01 16:35:00+00:00,1772.15,1780.9114285714286,8.761428571428496,0.1666666666666666,True,55579,55580,1,1772.16,0.8756660746003092,1.6789499429316996,0.7327572150660249,-0.3869232023479425,1.0,tp1,2020,2020-07,2020-07-01,0.0342409913582262,0.9657590086417738,0.03-0.05R,0,0,0,0.0,0,0,0,0.0,0,0,0.0,0,0,0.0,False,False,False,False,False,0,0,0,0,True,12,Wednesday,ny_main,bull,0.974,high,below,below,0.7743845434714758,0.3108280254777085,-1.1705567998898474,-1.8663321274108773,True,value_low_half,hvn,False,True,-0.3612424588292831,0.7619047619047619,False,False,,True,True,False,False,True,False,True,False,False,True,True,True,True,True,True,False,False,False,False,False,False,False,True,False,False,False,True,True,False,False,False,False,True,False,False,False,True,False,True,True,True
3049,15min,m15_2c_1atr,demand,1895.21,1891.97,2020-07-24 16:00:00+00:00,2020-07-24 15:15:00+00:00,2020-07-24 15:30:00+00:00,2020-07-24 15:45:00+00:00,2,1.1789473684210474,1.015901455767078,0.2901234567901395,2020-07-24 16:00:00+00:00,2020-07-24 16:05:00+00:00,1900.77,1891.450142857143,9.319857142857018,0.0,True,60216,60217,0,1900.79,0.5651558073654448,4.765094498689507,0.3658854366253452,4.030104691978773,1.0,tp1,2020,2020-07,2020-07-24,0.0321893346004694,0.9678106653995304,0.03-0.05R,1,1,1,0.5030864197530485,1,1,1,0.5030864197530485,0,0,0.0,0,0,0.0,True,True,True,False,False,1,1,1,1,True,12,Friday,ny_main,bull,0.858,high,above,above,1.421113689095133,0.7406311637080952,1.7633907147336585,2.350082309371992,True,value_high_half,hvn,False,True,0.7339168288907197,0.8888888888888888,False,False,,True,True,True,True,False,False,True,False,False,True,True,True,True,False,False,False,False,True,True,False,False,True,True,False,False,False,True,False,True,False,False,False,False,False,False,False,True,False,True,True,True
3135,15min,m15_2c_1atr,demand,1971.82,1967.59,2020-08-04 15:30:00+00:00,2020-08-04 14:30:00+00:00,2020-08-04 14:45:00+00:00,2020-08-04 15:15:00+00:00,3,1.5054161162483108,1.5645970937912732,0.137115839243481,2020-08-04 15:50:00+00:00,2020-08-04 16:05:00+00:00,1974.93,1967.1905714285713,7.739428571428789,0.3333333333333333,True,62148,62149,2,1974.92,0.8159509202454261,9.454186355581522,0.4586901949202411,9.407671293561451,1.0,tp1,2020,2020-08,2020-08-04,0.0387625516834011,0.9612374483165989,0.03-0.05R,9,3,2,1.0,20,4,2,1.0,4,3,1.0,6,3,1.0,True,True,True,True,True,17,7,32,7,True,12,Tuesday,ny_main,bull,0.418,mid,inside,above,0.5549915397631456,1.0,0.6474084971447512,0.5198151453155572,True,below_value,mid_volume,False,True,-0.7810654164205427,0.5526315789473685,False,False,,False,True,True,True,False,False,True,False,False,False,True,True,True,True,True,True,True,True,True,True,True,True,False,False,True,False,False,False,False,True,False,False,False,False,True,False,True,False,True,True,True
3163,15min,m15_2c_1atr,demand,2051.91,2048.3,2020-08-06 14:45:00+00:00,2020-08-06 14:00:00+00:00,2020-08-06 14:15:00+00:00,2020-08-06 14:30:00+00:00,2,1.7270408163265225,0.9209183673468534,0.0941828254848134,2020-08-06 18:10:00+00:00,2020-08-06 18:50:00+00:00,2056.17,2047.662285714286,8.5077142857142,3.4166666666666665,True,62733,62734,7,2056.17,0.8333333333333334,2.2414951136783303,1.6996339456627811,-3.4098465258421258,1.0,tp1,2020,2020-08,2020-08-06,0.0352621150552443,0.9647378849447557,0.03-0.05R,5,4,2,1.0,5,4,2,1.0,4,4,1.0,4,4,1.0,True,True,True,True,True,13,7,13,7,True,14,Thursday,ny_main,bull,0.982,high,above,above,0.6009490940465989,0.956521739130368,0.1996309192988833,0.2307217041350793,True,value_high_half,hvn,True,True,0.1004970279074484,0.9375,False,False,,True,True,True,True,False,False,True,False,False,False,False,False,True,True,True,True,True,True,True,True,True,True,True,False,False,False,True,False,True,False,False,False,True,False,True,False,True,False,True,True,True
3257,15min,m15_2c_1atr,supply,1956.35,1948.34,2020-08-14 17:15:00+00:00,2020-08-14 16:15:00+00:00,2020-08-14 16:30:00+00:00,2020-08-14 17:00:00+00:00,3,1.4983645165511028,1.467224911683891,0.2908863920100071,2020-08-14 17:50:00+00:00,2020-08-14 18:20:00+00:00,1945.23,1956.9511428571427,11.721142857142697,0.5833333333333334,True,64383,64384,5,1945.23,0.7521613832852678,1.3514040561622582,1.0041682917316817,-3.5653519890796095,1.0,tp1,2020,2020-08,2020-08-14,0.0255947737909519,0.974405226209048,<=0.03R,5,2,2,1.0,13,4,2,1.0,11,4,0.9413233458177528,11,4,0.9413233458177528,True,True,True,True,True,27,7,35,7,True,14,Friday,ny_main,bull,0.604,mid,inside,inside,1.0899987482788838,0.3037249283667457,-0.2486573439623606,-0.3521264783387074,True,value_high_half,mid_volume,False,True,0.4346845748829842,0.6545454545454545,True,True,0.1873381972228767,True,True,False,False,True,True,True,True,False,False,False,False,True,True,True,True,True,True,True,True,True,False,False,False,True,False,False,False,True,False,False,True,False,False,False,False,True,False,True,True,True
3280,15min,m15_2c_1atr,supply,2014.33,2009.09,2020-08-18 16:15:00+00:00,2020-08-18 15:30:00+00:00,2020-08-18 15:45:00+00:00,2020-08-18 16:00:00+00:00,2,1.1675257731958657,1.350515463917524,0.3473282442747964,2020-08-18 16:15:00+00:00,2020-08-18 17:00:00+00:00,2005.05,2014.9804285714283,9.930428571428592,0.0,True,64919,64920,8,2005.06,0.86201022146505,4.42679786514752,0.5105519830822937,3.8366924172456778,1.0,tp1,2020,2020-08,2020-08-18,0.0302101765137455,0.9697898234862544,0.03-0.05R,1,1,1,0.1164122137404821,1,1,1,0.1164122137404821,0,0,0.0,0,0,0.0,True,True,True,False,False,1,1,1,1,True,13,Tuesday,ny_main,bull,0.634,mid,below,below,0.7542147293700057,0.3237731038878209,-1.6797965096757812,-1.6679041536947583,True,above_value,mid_volume,False,False,2.9162890394602425,0.3452380952380952,False,False,,True,False,True,False,True,False,True,False,False,False,False,False,True,True,True,False,False,True,True,False,False,False,True,False,False,False,False,False,False,False,True,False,False,False,False,False,True,False,True,True,True
3336,15min,m15_2c_1atr,supply,1948.28,1941.88,2020-08-24 17:00:00+00:00,2020-08-24 16:15:00+00:00,2020-08-24 16:30:00+00:00,2020-08-24 16:45:00+00:00,2,1.7495198902606588,1.2290809327846126,0.2812499999999989,2020-08-24 17:00:00+00:00,2020-08-24 17:35:00+00:00,1937.36,1949.1037142857144,11.743714285714304,0.0,True,66030,66031,6,1937.32,0.713669064748202,1.9670097073206227,0.1583825998102434,1.9133639880300508,1.0,tp1,2020,2020-08,2020-08-24,0.0255455806145536,0.9744544193854464,<=0.03R,0,0,0,0.0,14,3,2,0.992187500000007,2,1,1.0,21,4,1.0,False,True,False,True,True,4,4,56,7,True,13,Monday,ny_main,bear,0.858,high,below,below,0.4573301684186539,0.1924398625429361,-1.1112711813131686,-1.471778694064267,True,value_low_half,hvn,True,True,-0.2273556674695336,0.935483870967742,True,True,0.0929605101790574,True,False,True,False,True,True,True,True,False,False,False,False,True,True,True,True,True,False,True,True,True,True,True,False,False,False,True,True,False,False,False,True,False,False,True,False,True,False,True,True,True
3381,15min,m15_2c_1atr,demand,1949.35,1945.87,2020-08-28 11:45:00+00:00,2020-08-28 11:00:00+00:00,2020-08-28 11:15:00+00:00,2020-08-28 11:30:00+00:00,2,1.2876754118365294,0.7431360585723047,0.1609195402298685,2020-08-28 13:10:00+00:00,2020-08-28 13:40:00+00:00,1956.33,1945.2694285714283,11.060571428571391,1.4166666666666667,True,67087,67088,5,1956.32,0.5670926517571615,1.8362523248605296,0.4999741682165728,1.1138665013432711,1.0,tp1,2020,2020-08,2020-08-28,0.0271233725976442,0.9728766274023558,<=0.03R,4,4,2,1.0,9,4,2,1.0,0,0,0.0,8,4,1.0,True,True,True,False,True,4,3,25,7,True,9,Friday,london_ny_overlap,bull,0.816,high,inside,inside,1.6716996813962928,0.6224066390041478,0.364369915319507,1.0278712469237432,True,above_value,mid_volume,False,False,1.7503616449679655,0.7063492063492064,False,False,,True,True,True,True,False,True,True,True,False,False,False,False,True,False,False,False,True,True,True,True,True,True,False,False,True,False,False,False,False,False,True,False,True,False,False,False,True,False,True,True,True
3383,15min,m15_2c_1atr,demand,1952.81,1950.43,2020-08-28 14:00:00+00:00,2020-08-28 13:15:00+00:00,2020-08-28 13:30:00+00:00,2020-08-28 13:45:00+00:00,2,1.21542141550581,0.4688335443928292,0.1596638655462722,2020-08-28 15:35:00+00:00,2020-08-28 16:20:00+00:00,1957.59,1949.5897142857143,8.00028571428561,1.5833333333333333,True,67119,67120,8,1957.61,0.6465324384787476,2.381164958394397,0.6162279918574213,1.6861897789364897,1.0,tp1,2020,2020-08,2020-08-28,0.0374986607621161,0.9625013392378838,0.03-0.05R,3,3,2,1.0,4,4,2,1.0,0,0,0.0,10,4,1.0,True,True,True,False,True,3,3,24,7,True,12,Friday,ny_main,bull,0.848,high,above,above,1.6037209302325524,0.848591549295788,0.2820782109369654,0.6011873265723925,True,above_value,mid_volume,False,False,2.921145673368833,0.6111111111111112,False,False,,True,True,True,True,False,False,True,False,False,False,False,False,True,True,False,False,True,True,True,True,True,True,True,False,False,False,False,False,False,False,True,False,True,False,False,False,True,False,True,True,True
3390,15min,m15_2c_1atr,demand,1960.69,1957.42,2020-08-31 12:30:00+00:00,2020-08-31 11:15:00+00:00,2020-08-31 11:30:00+00:00,2020-08-31 12:15:00+00:00,4,2.0224801916344,0.8435599778883317,0.1804281345565509,2020-08-31 15:25:00+00:00,2020-08-31 15:45:00+00:00,1964.95,1956.9722857142856,7.977714285714228,2.9166666666666665,True,67388,67389,3,1964.95,0.5958549222798202,3.4420886755963336,0.3622591504906677,2.188596805386454,1.0,tp1,2020,2020-08,2020-08-31,0.0376047561062963,0.9623952438937036,0.03-0.05R,2,2,2,1.0,5,3,2,1.0,2,1,1.0,2,1,1.0,True,True,True,True,True,6,6,9,7,True,11,Monday,london_ny_overlap,bull,0.48,mid,above,above,1.0524642289348003,0.7407407407407075,0.6879074208296629,0.8164486789376,True,below_value,mid_volume,False,False,-1.403284148699952,0.5227272727272727,False,False,,True,True,True,True,False,False,True,False,False,False,False,True,True,False,False,True,True,True,True,True,True,True,True,False,False,False,False,False,False,True,False,False,True,False,True,True,True,False,True,True,True
3433,15min,m15_2c_1atr,demand,1931.51,1927.3,2020-09-03 15:00:00+00:00,2020-09-03 14:15:00+00:00,2020-09-03 14:30:00+00:00,2020-09-03 14:45:00+00:00,2,2.228906823184144,1.441428222059192,0.2399049881235112,2020-09-03 15:15:00+00:00,2020-09-03 15:25:00+00:00,1934.7,1926.795,7.9050000000002,0.25,True,68212,68213,1,1934.62,0.8140043763675824,1.4180898165717588,1.6356736242883918,-1.0385831752055443,1.0,tp1,2020,2020-09,2020-09-03,0.0379506641366214,0.9620493358633786,0.03-0.05R,3,3,2,0.9049881235154188,7,4,2,0.9049881235154188,0,0,0.0,13,4,1.0,True,True,True,False,True,3,3,33,7,True,11,Thursday,london_ny_overlap,bear,0.528,mid,above,above,0.9514563106795904,0.7495682210708023,0.3920735521486002,0.1190475269802888,True,below_value,mid_volume,False,True,-1.6249209361163444,0.5121951219512195,True,True,0.633530183727032,True,True,True,True,False,False,True,False,False,True,True,True,True,True,True,False,True,True,True,True,True,False,True,False,False,False,False,False,False,True,False,True,False,False,True,True,True,False,True,True,True
3443,15min,m15_2c_1atr,demand,1923.94,1917.27,2020-09-04 19:45:00+00:00,2020-09-04 18:45:00+00:00,2020-09-04 19:00:00+00:00,2020-09-04 19:30:00+00:00,3,1.0361676646706692,1.1183233532934254,0.2023988005997184,2020-09-04 20:15:00+00:00,2020-09-04 20:25:00+00:00,1926.69,1916.8535714285715,9.836428571428542,0.5,True,68548,68549,1,1926.69,0.8344594594595225,1.487328443831232,0.2429743664222024,0.453416600101668,1.0,tp1,2020,2020-09,2020-09-04,0.0304988744463002,0.9695011255536996,0.03-0.05R,0,0,0,0.0,1,1,1,0.3253373313343402,0,0,0.0,12,4,1.0,False,True,False,False,True,0,0,25,5,True,16,Friday,ny_main,bear,0.87,high,below,below,0.5053676865271173,0.8994974874372207,0.3662829942908273,0.1547055189144854,True,below_value,mid_volume,False,False,-1.4888533875535572,0.5882352941176471,True,True,0.3246143527833748,True,True,True,True,False,False,True,False,False,True,True,True,True,True,True,False,True,False,True,False,True,False,False,True,False,False,False,False,False,True,False,True,False,False,False,False,True,False,True,True,True
3468,15min,m15_2c_1atr,supply,1920.67,1913.85,2020-09-08 16:15:00+00:00,2020-09-08 15:15:00+00:00,2020-09-08 15:30:00+00:00,2020-09-08 16:00:00+00:00,3,1.0823360459550062,1.1426519865964826,0.3357771260996933,2020-09-08 16:15:00+00:00,2020-09-08 16:25:00+00:00,1913.36,1921.3407142857145,7.980714285714384,0.0,True,69004,69005,1,1913.35,0.369426751592371,0.8708493690145551,1.22670724066948,-4.03347355231357,-1.0,stop,2020,2020-09,2020-09-08,0.0375906202452335,-1.0375906202452336,0.03-0.05R,0,0,0,0.0,0,0,0,0.0,0,0,0.0,6,3,1.0,False,False,False,False,True,0,0,12,4,False,12,Tuesday,ny_main,bear,0.946,high,inside,inside,1.4266480965645254,0.293209876543188,-0.4873300357699483,-1.0256517110322798,True,below_value,mid_volume,False,True,-1.5023717891345034,0.4909090909090909,True,False,0.3101064823463492,True,False,False,False,True,False,True,False,False,True,True,True,False,False,False,False,True,False,False,False,True,True,False,False,True,False,False,False,False,True,False,False,False,False,False,False,True,False,True,True,True
3470,15min,m15_2c_1atr,demand,1926.64,1917.21,2020-09-08 18:30:00+00:00,2020-09-08 17:30:00+00:00,2020-09-08 17:45:00+00:00,2020-09-08 18:15:00+00:00,3,1.2652439024390123,1.437500000000004,0.3075291622481276,2020-09-08 18:30:00+00:00,2020-09-08 18:35:00+00:00,1927.53,1916.4555714285711,11.074428571428598,0.0,True,69030,69031,0,1927.54,0.3039215686274772,1.9341855755214736,0.6763328646431281,1.8511113117735796,1.0,tp1,2020,2020-09,2020-09-08,0.0270894338308328,0.9729105661691672,<=0.03R,7,4,2,0.3785790031813509,16,4,2,0.8430540827147394,6,3,0.883351007423104,20,4,1.0,True,True,True,True,True,19,7,56,7,True,14,Tuesday,ny_main,bear,0.958,high,above,above,1.3610895803343934,0.7692307692307693,0.8068724629520074,1.241568054545351,True,value_high_half,mid_volume,True,True,0.2415474516582761,0.2678571428571428,True,True,0.2708006279434884,True,True,False,True,False,True,True,True,False,True,True,True,False,False,False,True,True,True,True,True,True,False,True,False,False,False,False,False,True,False,False,True,False,False,False,False,True,False,True,True,True
3594,15min,m15_2c_1atr,supply,1939.24,1934.89,2020-09-21 12:30:00+00:00,2020-09-21 11:45:00+00:00,2020-09-21 12:00:00+00:00,2020-09-21 12:15:00+00:00,2,1.1537009855315643,1.2769972740616078,0.2942528735632183,2020-09-21 12:30:00+00:00,2020-09-21 12:35:00+00:00,1931.24,1939.6875714285711,8.447571428571337,0.0,True,71442,71443,0,1931.24,0.884705882352939,5.805218744186892,0.3906448176145288,3.0233541339015724,1.0,tp1,2020,2020-09,2020-09-21,0.0355131652376849,0.9644868347623152,0.03-0.05R,0,0,0,0.0,0,0,0,0.0,0,0,0.0,17,4,1.0,False,False,False,False,True,0,0,34,4,True,8,Monday,london_ny_overlap,bear,0.876,high,inside,inside,1.002218189151018,0.1722113502935223,-2.333454524705304,-3.943824691510068,True,below_value,mid_volume,False,False,-1.9159352645730952,0.58,True,True,0.2879609544468508,True,True,True,False,True,False,True,False,False,True,True,True,True,True,True,False,True,False,False,False,True,True,False,False,True,False,False,False,False,True,False,True,False,False,False,False,True,False,True,True,True
3621,15min,m15_2c_1atr,demand,1878.29,1873.18,2020-09-23 12:00:00+00:00,2020-09-23 11:00:00+00:00,2020-09-23 11:15:00+00:00,2020-09-23 11:45:00+00:00,3,1.016427104722808,1.0492813141683637,0.2035225048923647,2020-09-23 15:45:00+00:00,2020-09-23 16:00:00+00:00,1881.68,1872.5897142857143,9.090285714285756,3.75,True,72035,72036,2,1881.7,0.4921875000000069,0.6952476741262157,1.139678149358822,-2.082442796077443,-1.0,stop,2020,2020-09,2020-09-23,0.0330022630123207,-1.0330022630123208,0.03-0.05R,4,4,2,1.0,4,4,2,1.0,4,4,0.6966731898238777,4,4,0.6966731898238777,True,True,True,True,True,12,7,12,7,False,12,Wednesday,ny_main,bear,0.794,high,inside,inside,1.7064917127071872,1.0,0.4693652796131971,0.2534247114162398,True,below_value,mid_volume,False,False,-2.9168500125722634,0.6404494382022472,True,False,0.3760330578512322,True,False,True,True,False,False,True,False,False,False,True,True,True,False,False,True,True,True,True,True,True,False,False,False,True,False,False,False,False,True,False,False,False,False,False,False,True,False,True,True,True
3638,15min,m15_2c_1atr,supply,1859.54,1855.59,2020-09-24 15:45:00+00:00,2020-09-24 15:00:00+00:00,2020-09-24 15:15:00+00:00,2020-09-24 15:30:00+00:00,2,1.3973534971644637,1.0453686200378265,0.0632911392405056,2020-09-24 15:50:00+00:00,2020-09-24 15:55:00+00:00,1854.03,1860.1095714285711,6.079571428571398,0.0833333333333333,True,72310,72311,0,1854.07,0.4469135802469051,0.5214183330592057,1.1267241581878702,-1.516554268392991,-1.0,stop,2020,2020-09,2020-09-24,0.0493455835702707,-1.0493455835702707,0.03-0.05R,8,4,2,1.0,8,4,2,1.0,1,1,1.0,1,1,1.0,True,True,True,True,True,10,5,10,5,False,11,Thursday,london_ny_overlap,bear,0.696,high,above,above,0.8117845749672031,0.8859857482185239,-0.1764721545403922,-0.0847801446261047,True,value_low_half,hvn,True,True,-0.1126724158187758,0.935897435897436,False,False,,True,True,True,False,True,False,True,False,False,True,True,True,False,False,False,True,True,True,True,True,True,True,False,True,False,False,True,True,False,False,False,False,False,False,False,False,True,False,True,True,True
3727,15min,m15_2c_1atr,supply,1909.79,1904.85,2020-10-02 19:00:00+00:00,2020-10-02 18:15:00+00:00,2020-10-02 18:30:00+00:00,2020-10-02 18:45:00+00:00,2,1.3522727272727533,0.9356060606060758,0.0323886639676275,2020-10-02 19:20:00+00:00,2020-10-02 19:30:00+00:00,1902.21,1910.2252857142855,8.01528571428571,0.3333333333333333,True,74008,74009,1,1902.23,0.552083333333284,1.8963765662038672,1.038016646764211,-1.5133584044771458,1.0,tp1,2020,2020-10,2020-10-02,0.0374284848592867,0.9625715151407132,0.03-0.05R,10,3,2,0.7570850202429085,14,4,2,0.7570850202429085,5,4,0.8846153846153527,5,4,0.8846153846153527,True,True,True,True,True,20,7,24,7,True,15,Friday,ny_main,bull,0.908,high,below,below,0.7429094236047649,0.798076923076881,-0.2117161640797233,-0.4953629759728487,True,value_low_half,hvn,True,True,-0.1160283030637968,0.9622641509433962,False,False,,True,True,False,False,True,False,True,False,False,True,True,True,True,False,False,True,True,True,True,True,True,False,True,False,False,False,True,True,False,False,False,False,True,False,False,False,True,False,True,True,True
4000,15min,m15_2c_1atr,demand,1880.52,1877.94,2020-10-30 14:45:00+00:00,2020-10-30 14:00:00+00:00,2020-10-30 14:15:00+00:00,2020-10-30 14:30:00+00:00,2,1.3436640839789922,0.9027743064233792,0.2868217054263682,2020-10-30 16:30:00+00:00,2020-10-30 17:05:00+00:00,1884.25,1877.4205714285715,6.82942857142848,1.75,True,79496,79497,6,1884.26,0.8430335097001945,0.0014642513492017,1.2021503576957082,1.2607204116638102,-1.0,stop,2020,2020-10,2020-10-30,0.0439275404760914,-1.0439275404760917,0.03-0.05R,2,2,2,1.0,11,4,2,1.0,1,1,0.8682170542635939,1,1,0.8682170542635939,True,True,True,True,True,4,4,13,5,False,13,Friday,ny_main,bear,0.942,high,above,above,0.7959080999497239,0.6543209876543452,0.2244450587539941,0.6077223774638937,True,above_value,mid_volume,False,False,1.3881102790444928,0.46,False,False,,True,True,False,True,False,False,True,False,False,False,False,False,True,True,True,True,True,True,True,True,True,False,True,False,False,False,False,False,False,False,True,False,True,False,False,False,True,False,True,True,True
4024,15min,m15_2c_1atr,demand,1901.11,1899.96,2020-11-03 15:30:00+00:00,2020-11-03 14:45:00+00:00,2020-11-03 15:00:00+00:00,2020-11-03 15:15:00+00:00,2,2.5962974991880676,0.5228970444949045,0.3391304347827359,2020-11-03 16:55:00+00:00,2020-11-03 17:05:00+00:00,1906.75,1899.4894285714288,7.2605714285714384,1.4166666666666667,True,80036,80037,1,1906.76,0.9261447562776955,1.3318510939713604,3.452896269478973,-1.0811821186840722,1.0,tp1,2020,2020-11,2020-11-03,0.0413190618605382,0.9586809381394618,0.03-0.05R,1,1,1,1.0,1,1,1,1.0,0,0,0.0,20,4,1.0,True,True,True,False,True,1,1,41,5,True,12,Tuesday,ny_main,bull,0.86,high,above,above,0.960053262316901,0.6928020565552853,0.5318265780817911,1.1867223865252197,True,above_value,hvn,False,False,1.003364552180051,0.8095238095238095,True,True,0.2182786157941271,True,False,True,True,False,False,True,False,False,True,True,True,True,True,True,False,True,True,True,False,True,True,True,False,False,False,True,False,False,False,True,True,True,False,True,True,True,False,True,True,True
4062,15min,m15_2c_1atr,demand,1951.67,1948.03,2020-11-06 15:30:00+00:00,2020-11-06 14:45:00+00:00,2020-11-06 15:00:00+00:00,2020-11-06 15:15:00+00:00,2,1.4593939393938984,1.029494949494978,0.1263736263735704,2020-11-06 15:30:00+00:00,2020-11-06 15:40:00+00:00,1958.21,1947.4584285714288,10.751571428571424,0.0,True,80847,80848,1,1958.16,0.767912772585671,0.1990406717954733,1.2574905993808203,-8.067657883897375,-1.0,stop,2020,2020-11,2020-11-06,0.0279028979152549,-1.027902897915255,<=0.03R,5,4,2,0.4587912087912161,5,4,2,0.4587912087912161,3,3,0.7417582417582339,3,3,0.7417582417582339,True,True,True,True,True,11,7,11,7,False,10,Friday,london_ny_overlap,bull,0.844,high,above,above,1.5312115350800106,0.8911917098445653,1.0460009519303648,1.6705349834323904,True,value_high_half,hvn,False,True,0.195320285406776,0.8125,True,True,0.4794908062234819,True,True,False,True,False,True,True,True,False,True,True,True,True,True,True,True,True,True,True,True,True,True,True,False,False,False,True,False,True,False,False,True,False,False,False,False,True,False,True,True,True
4182,15min,m15_2c_1atr,supply,1865.0,1861.63,2020-11-19 15:30:00+00:00,2020-11-19 14:45:00+00:00,2020-11-19 15:00:00+00:00,2020-11-19 15:15:00+00:00,2,1.2271203918535225,1.216292858984236,0.2818991097923075,2020-11-19 15:55:00+00:00,2020-11-19 16:15:00+00:00,1857.7,1865.5287142857144,7.828714285714341,0.4166666666666667,True,83338,83339,3,1857.72,0.9720670391061084,0.2439736501158825,1.1726063393003776,-2.62239740150725,-1.0,stop,2020,2020-11,2020-11-19,0.0383204686045872,-1.0383204686045873,0.03-0.05R,6,3,2,1.0,6,3,2,1.0,0,0,0.0,0,0,0.0,True,True,True,False,False,6,3,6,3,False,11,Thursday,london_ny_overlap,bear,0.912,high,below,below,1.012082736022921,0.7084870848708661,-0.4080468485255147,-0.7616195032291239,True,value_high_half,hvn,True,True,0.0083027681976675,1.0,False,False,,True,True,True,False,True,False,True,False,False,False,False,True,True,True,True,False,False,True,True,True,True,True,True,False,False,False,True,False,True,False,False,False,False,False,False,False,True,False,True,True,True
4225,15min,m15_2c_1atr,supply,1811.69,1809.39,2020-11-24 15:30:00+00:00,2020-11-24 14:45:00+00:00,2020-11-24 15:00:00+00:00,2020-11-24 15:15:00+00:00,2,1.224742941080493,0.5255426799412335,0.3043478260869823,2020-11-24 15:45:00+00:00,2020-11-24 16:00:00+00:00,1805.83,1812.2605714285712,6.430571428571511,0.25,True,84163,84164,2,1805.82,0.7479838709677438,0.872395254809588,1.2798240547385122,-0.992135779979566,-1.0,stop,2020,2020-11,2020-11-24,0.0466521526636151,-1.0466521526636152,0.03-0.05R,2,2,2,0.6347826086956806,2,2,2,0.6347826086956806,0,0,0.0,0,0,0.0,True,True,True,False,False,2,2,2,2,False,11,Tuesday,london_ny_overlap,bear,0.968,high,below,below,1.321927948675772,0.4463894967177225,-0.4413802383215623,-1.5112388455022128,True,below_value,hvn,False,False,-4.309103834362593,0.78125,False,False,,True,True,True,False,True,False,True,False,False,False,True,True,True,True,True,False,False,True,True,False,False,True,True,False,False,False,True,False,False,True,False,False,True,False,False,False,True,False,True,True,True
4311,15min,m15_2c_1atr,supply,1843.94,1841.78,2020-12-03 15:15:00+00:00,2020-12-03 14:30:00+00:00,2020-12-03 14:45:00+00:00,2020-12-03 15:00:00+00:00,2,1.875881523272236,0.8530324400564597,0.0648148148148586,2020-12-03 16:15:00+00:00,2020-12-03 16:35:00+00:00,1837.21,1844.5128571428572,7.302857142857192,1.0,True,86016,86017,3,1837.21,0.7369668246445213,1.8431142410015575,1.0393192488262728,0.3053599374021913,1.0,tp1,2020,2020-12,2020-12-03,0.0410798122065724,0.9589201877934276,0.03-0.05R,2,2,2,0.620370370370309,2,2,2,0.620370370370309,1,1,0.3796296296295858,1,1,0.3796296296295858,True,True,True,True,True,4,4,4,4,True,11,Thursday,london_ny_overlap,bull,0.861,high,below,below,0.5826558265582302,0.2391608391608412,-0.8163378561727094,-0.8950014092111755,True,value_high_half,mid_volume,False,True,0.3573943661971981,0.5081967213114754,False,False,,False,False,True,False,True,False,True,False,False,False,False,True,True,True,True,True,True,True,True,True,True,False,True,False,False,False,False,False,True,False,False,False,True,False,True,False,True,False,True,True,True
4404,15min,m15_2c_1atr,demand,1836.27,1831.72,2020-12-11 15:45:00+00:00,2020-12-11 15:00:00+00:00,2020-12-11 15:15:00+00:00,2020-12-11 15:30:00+00:00,2,1.1138545953360677,1.2482853223593902,0.20000000000002,2020-12-11 16:25:00+00:00,2020-12-11 16:35:00+00:00,1838.56,1831.219857142857,7.340142857142837,0.6666666666666666,True,87672,87673,1,1838.55,0.7096774193547764,1.2424826297658862,1.2016114906288262,-1.4849847219789272,1.0,tp1,2020,2020-12,2020-12-11,0.0408711391370352,0.9591288608629648,0.03-0.05R,14,4,2,1.0,39,4,2,1.0,12,4,1.0,16,4,1.0,True,True,True,True,True,38,7,71,7,True,11,Friday,london_ny_overlap,bear,0.894,high,above,above,0.94200105134044,0.4017660044150294,0.0042426835596722,0.3190273291638962,True,value_low_half,hvn,False,True,-0.3753332944084548,0.9387755102040816,True,True,0.1406615436017383,True,True,True,True,False,False,True,False,False,True,True,True,True,True,True,True,True,True,True,True,True,False,True,False,False,False,True,True,False,False,False,True,False,False,False,False,True,False,True,True,True
4514,15min,m15_2c_1atr,demand,1870.66,1867.15,2020-12-23 17:00:00+00:00,2020-12-23 16:15:00+00:00,2020-12-23 16:30:00+00:00,2020-12-23 16:45:00+00:00,2,2.4566988819404845,0.931210915292774,0.2905982905982862,2020-12-23 17:20:00+00:00,2020-12-23 17:35:00+00:00,1874.62,1866.603285714286,8.016714285713988,0.3333333333333333,True,89892,89893,2,1874.62,0.5049833887043145,0.7359623643459589,0.6349234634781038,0.4752570522302012,0.4752570522302012,time,2020,2020-12,2020-12-23,0.0374218151362346,0.4378352370939666,0.03-0.05R,5,4,2,1.0,15,4,2,1.0,1,1,0.1168091168091404,4,2,1.0,True,True,True,True,True,7,5,23,7,True,12,Wednesday,ny_main,bear,0.818,high,above,above,2.0993389990557167,0.9969969969969996,0.9217892966854152,1.69691251750244,True,value_high_half,hvn,False,True,0.3311830639557013,0.7692307692307693,False,False,,True,True,True,True,False,False,True,False,False,False,True,True,True,False,False,True,True,True,True,True,True,False,True,False,False,False,True,False,True,False,False,False,True,False,True,True,True,False,True,True,True
4536,15min,m15_2c_1atr,demand,1875.59,1869.16,2020-12-28 14:30:00+00:00,2020-12-28 13:45:00+00:00,2020-12-28 14:00:00+00:00,2020-12-28 14:15:00+00:00,2,1.191356649587859,2.005346402316719,0.1632970451010857,2020-12-28 14:40:00+00:00,2020-12-28 15:00:00+00:00,1876.44,1868.7937142857145,7.646285714285796,0.1666666666666666,True,90373,90374,3,1876.44,0.9041095890411855,2.619572528211612,0.6944548240041705,0.4198116732680669,1.0,tp1,2020,2020-12,2020-12-28,0.039234735819445,0.960765264180555,0.03-0.05R,0,0,0,0.0,22,3,2,0.8880248833592818,4,4,0.5101088646967428,14,4,0.6174183514774694,False,True,False,True,True,8,4,50,7,True,10,Monday,london_ny_overlap,bull,0.816,high,above,above,1.7789225155612955,0.9576719576719356,0.7193387719998371,0.0099645927457048,True,below_value,lvn,False,False,-2.926257379866944,0.1166666666666666,True,False,0.3742432581177772,True,True,True,True,False,False,True,False,False,False,False,True,True,True,True,True,True,False,True,True,True,True,True,False,False,True,False,False,False,True,False,False,False,True,False,False,True,False,True,True,True
4626,15min,m15_2c_1atr,demand,1912.57,1908.56,2021-01-06 21:45:00+00:00,2021-01-06 21:00:00+00:00,2021-01-06 21:15:00+00:00,2021-01-06 21:30:00+00:00,2,2.0275697753573763,0.95541184479237,0.2768079800498509,2021-01-07 12:20:00+00:00,2021-01-07 13:05:00+00:00,1915.95,1908.0772857142856,7.872714285714437,14.583333333333334,True,92282,92283,8,1916.15,0.6847290640394045,0.6579687528352854,1.1609718920684364,-2.7538151663067287,-1.0,stop,2021,2021-01,2021-01-07,0.0381062984267535,-1.0381062984267535,0.03-0.05R,0,0,0,0.0,4,4,2,0.6433915211969908,0,0,0.0,0,0,0.0,False,True,False,False,False,0,0,4,3,False,8,Thursday,london_ny_overlap,bear,0.882,high,inside,below,1.0237252124646243,0.7775974025973864,0.1471510143748779,-0.3729759679374818,True,value_low_half,mid_volume,False,True,-0.8491353499428173,0.5535714285714286,False,False,,True,True,True,True,False,False,True,False,False,False,False,False,True,True,False,False,False,False,True,False,True,False,False,False,True,False,False,True,False,False,False,False,True,False,True,True,True,False,True,True,True
4647,15min,m15_2c_1atr,supply,1894.1,1892.16,2021-01-08 14:30:00+00:00,2021-01-08 13:45:00+00:00,2021-01-08 14:00:00+00:00,2021-01-08 14:15:00+00:00,2,1.4463937621832483,0.6617933723196334,0.0257731958762675,2021-01-08 16:00:00+00:00,2021-01-08 16:25:00+00:00,1886.93,1894.9962857142857,8.066285714285641,1.5,True,92598,92599,4,1886.92,0.2046332046332005,8.686773873618687,0.0657055823179343,4.795267781241196,1.0,tp1,2021,2021-01,2021-01-08,0.0371918390478892,0.9628081609521107,0.03-0.05R,2,2,2,1.0,2,2,2,1.0,0,0,0.0,11,4,1.0,True,True,True,False,True,2,2,24,6,True,11,Friday,london_ny_overlap,bear,0.894,high,below,below,0.9650289017341028,0.1769230769230388,-0.2411492520093959,-0.8294355658893727,True,value_low_half,mid_volume,False,True,-2.61830546897139,0.5802469135802469,False,False,,True,True,False,False,True,False,True,False,False,False,False,False,False,False,False,False,True,True,True,False,True,True,True,False,False,False,False,True,False,False,False,False,True,False,False,False,True,False,True,True,True
4697,15min,m15_2c_1atr,demand,1843.74,1837.51,2021-01-14 16:15:00+00:00,2021-01-14 15:30:00+00:00,2021-01-14 15:45:00+00:00,2021-01-14 16:00:00+00:00,2,1.6272371939929544,1.7942810121374124,0.1059390048153856,2021-01-14 16:15:00+00:00,2021-01-14 16:20:00+00:00,1844.39,1836.9671428571428,7.4228571428573105,0.0,True,93701,93702,0,1844.39,0.2056074766354455,1.7688606620476732,1.0319476520400186,-1.877983063895269,1.0,tp1,2021,2021-01,2021-01-14,0.0404157043879898,0.9595842956120102,0.03-0.05R,6,3,2,0.5987158908507235,18,4,2,0.6613162118780267,7,4,0.9550561797752856,7,4,0.9550561797752856,True,True,True,True,True,20,7,32,7,True,11,Thursday,london_ny_overlap,bear,0.66,mid,above,above,0.761495327102822,0.8464673913043309,1.4474635036348358,1.8075538908891444,True,value_high_half,hvn,True,True,0.0505196304849873,0.9814814814814816,True,False,0.3002028397565955,True,True,False,True,False,False,True,False,False,True,True,True,False,False,False,True,True,True,True,True,True,False,True,False,False,False,True,False,True,False,False,False,False,False,True,False,True,False,True,True,True
4717,15min,m15_2c_1atr,supply,1840.78,1838.04,2021-01-18 10:00:00+00:00,2021-01-18 08:45:00+00:00,2021-01-18 09:00:00+00:00,2021-01-18 09:45:00+00:00,4,1.144969003338128,0.9146399618502692,0.0547445255473952,2021-01-18 13:15:00+00:00,2021-01-18 13:25:00+00:00,1833.96,1841.0702857142855,7.110285714285737,3.25,True,94218,94219,1,1833.94,0.7798507462686076,0.611789761311598,1.092783090894473,-1.068874065739757,-1.0,stop,2021,2021-01,2021-01-18,0.042192397331833,-1.042192397331833,0.03-0.05R,2,2,1,0.5000000000000415,9,4,2,1.0,0,0,0.0,0,0,0.0,True,True,True,False,False,2,2,9,3,False,8,Monday,london_ny_overlap,bear,0.391,mid,inside,inside,1.868692349430298,0.086466165413538,-0.137560384701054,-0.0029315087136086,True,above_value,mid_volume,False,False,1.4992365185244465,0.5081967213114754,False,False,,False,False,True,False,True,False,True,False,False,True,True,True,True,True,True,False,False,True,True,False,True,True,False,False,True,False,False,False,False,False,True,False,True,False,False,False,True,False,True,True,True
4762,15min,m15_2c_1atr,supply,1870.68,1866.44,2021-01-21 16:00:00+00:00,2021-01-21 15:15:00+00:00,2021-01-21 15:30:00+00:00,2021-01-21 15:45:00+00:00,2,2.5217200526546883,1.3023255813953538,0.2783018867924136,2021-01-21 16:20:00+00:00,2021-01-21 16:40:00+00:00,1864.88,1871.2652857142857,6.385285714285601,0.3333333333333333,True,95039,95040,3,1864.87,0.7151515151515636,0.6452334608587006,1.0367586191467002,1.9341342819429157,-1.0,stop,2021,2021-01,2021-01-21,0.0469830189945642,-1.046983018994564,0.03-0.05R,6,3,2,0.4033018867924605,6,3,2,0.4033018867924605,2,2,0.4457547169811547,5,3,0.7877358490565828,True,True,True,True,True,10,7,16,7,False,11,Thursday,london_ny_overlap,bull,0.82,high,below,below,0.4645061728394508,0.1757575757575561,-0.3634450460822677,-0.8758915845034992,True,value_high_half,hvn,True,True,0.0485491196277078,0.9761904761904762,False,False,,True,True,False,False,True,False,True,False,False,False,False,True,True,True,True,True,True,True,True,True,True,False,True,False,False,False,True,False,True,False,False,False,False,False,True,True,True,False,True,True,True
4870,15min,m15_2c_1atr,supply,1844.51,1840.39,2021-02-02 15:45:00+00:00,2021-02-02 15:00:00+00:00,2021-02-02 15:15:00+00:00,2021-02-02 15:30:00+00:00,2,2.6520947176684966,0.9551250206987644,0.2451456310679654,2021-02-02 16:25:00+00:00,2021-02-02 16:35:00+00:00,1835.61,1845.125,9.5150000000001,0.6666666666666666,True,97246,97247,1,1835.62,0.7597042513863337,0.6326852338412946,0.978455070940628,0.2774566473988276,0.2774566473988276,time,2021,2021-02,2021-02-02,0.031529164477141,0.2459274829216866,0.03-0.05R,0,0,0,0.0,9,4,2,0.6237864077669913,1,1,0.699029126213582,4,2,1.0,False,True,False,True,True,2,2,17,7,True,11,Tuesday,london_ny_overlap,bear,0.962,high,below,below,1.4816976127321015,0.4667472793228426,-0.4753711218023856,-1.2045461826788444,True,below_value,mid_volume,False,False,-1.870730425643696,0.2894736842105263,False,False,,True,True,False,False,True,False,True,False,False,True,True,True,True,True,True,True,True,False,True,False,True,True,True,False,False,False,False,False,False,True,False,False,True,False,True,True,True,False,True,True,True
4912,15min,m15_2c_1atr,demand,1800.52,1795.62,2021-02-05 16:45:00+00:00,2021-02-05 16:00:00+00:00,2021-02-05 16:15:00+00:00,2021-02-05 16:30:00+00:00,2,1.0736265506685911,1.1052038021588666,0.1836734693877702,2021-02-05 16:55:00+00:00,2021-02-05 17:00:00+00:00,1802.75,1794.9585714285713,7.791428571428696,0.1666666666666666,True,98079,98080,0,1802.76,0.1799999999999662,4.667950128346079,0.050055005500562,4.180234690135605,1.0,tp1,2021,2021-02,2021-02-05,0.0385038503850378,0.961496149614962,0.03-0.05R,7,3,2,1.0,7,3,2,1.0,2,2,0.4040816326530574,2,2,0.4040816326530574,True,True,True,True,True,11,7,11,7,True,12,Friday,ny_main,bear,0.868,high,inside,above,0.7715367146101629,0.386597938144319,0.3227311017170821,0.3018497282315057,True,value_high_half,mid_volume,False,True,0.361936193619348,0.3725490196078431,False,False,,False,True,True,True,False,False,True,False,False,True,True,True,False,False,False,True,True,True,True,True,True,False,False,False,True,False,False,False,True,False,False,False,False,False,False,False,True,False,True,True,True
4932,15min,m15_2c_1atr,demand,1833.49,1832.38,2021-02-09 03:15:00+00:00,2021-02-09 02:30:00+00:00,2021-02-09 02:45:00+00:00,2021-02-09 03:00:00+00:00,2,1.484407484407551,0.6461538461537708,0.1171171171170211,2021-02-09 16:40:00+00:00,2021-02-09 17:05:00+00:00,1839.76,1831.7324285714287,8.027571428571264,13.416666666666666,True,98632,98633,4,1839.72,0.8534201954397956,1.9457939601018468,0.71129856031892,-0.1569590518391991,1.0,tp1,2021,2021-02,2021-02-09,0.0373712028188572,0.9626287971811428,0.03-0.05R,4,2,1,1.0,5,2,1,1.0,4,4,1.0,8,4,1.0,True,True,True,True,True,12,7,21,7,True,12,Tuesday,ny_main,bull,0.898,high,inside,inside,0.6826218967672898,0.8736176935229125,0.3511230873588064,0.1085759427658628,True,below_value,mid_volume,False,False,-1.160375847525523,0.5853658536585366,False,False,,True,True,True,True,False,False,True,False,False,False,False,False,True,True,True,True,True,True,True,True,True,True,False,False,True,False,False,False,False,True,False,False,True,False,False,False,True,False,True,True,True
4964,15min,m15_2c_1atr,supply,1843.08,1841.95,2021-02-11 13:15:00+00:00,2021-02-11 12:15:00+00:00,2021-02-11 12:30:00+00:00,2021-02-11 13:00:00+00:00,3,1.1023622047244677,0.6556154164939255,0.0530973451327006,2021-02-11 13:45:00+00:00,2021-02-11 18:45:00+00:00,1835.4,1843.3785714285711,7.978571428571286,0.5,True,99150,99151,5,1835.73,0.3636363636363636,3.1145926589078616,0.0112802148612253,1.789794091316082,1.0,tp1,2021,2021-02,2021-02-11,0.0376007162041188,0.9623992837958812,0.03-0.05R,4,3,2,1.0,18,4,2,1.0,3,2,1.0,8,2,1.0,True,True,True,True,True,10,7,34,7,True,13,Thursday,ny_main,bull,0.594,mid,missing,below,,0.1760461760461783,-3.5257405105439843,-4.315120430040697,True,value_high_half,hvn,True,True,0.033213965980289,0.9565217391304348,True,False,0.2908478382930945,True,True,True,False,True,False,True,False,False,False,False,False,False,False,False,True,True,True,True,True,True,False,False,False,False,False,True,False,True,False,False,False,True,False,False,False,True,False,True,True,True
5048,15min,m15_2c_1atr,supply,1789.63,1782.51,2021-02-18 15:45:00+00:00,2021-02-18 15:00:00+00:00,2021-02-18 15:15:00+00:00,2021-02-18 15:30:00+00:00,2,1.3073657927589837,2.488888888888947,0.3202247191011463,2021-02-18 15:45:00+00:00,2021-02-18 16:05:00+00:00,1782.4,1790.148428571429,7.748428571428576,0.0,True,100450,100451,3,1782.48,0.8834951456310117,2.8083113626726126,1.1873375246593538,-0.1497077748483374,1.0,tp1,2021,2021-02,2021-02-18,0.0387175279780231,0.9612824720219768,0.03-0.05R,11,3,2,0.3595505617977392,15,3,2,0.4016853932584381,1,1,0.1306179775280966,1,1,0.1306179775280966,True,True,True,True,True,13,5,17,5,True,11,Thursday,london_ny_overlap,bear,0.88,high,inside,below,1.6593684210526716,0.1805337519623343,-0.7852935568366668,-0.8603327270224367,True,value_high_half,hvn,True,True,0.3639447629934389,0.8461538461538461,False,False,,True,True,True,False,True,False,True,False,False,False,False,True,True,True,True,True,True,True,True,True,True,True,False,False,True,False,True,False,True,False,False,False,False,True,False,False,True,False,True,True,True
5049,15min,m15_2c_1atr,supply,1782.87,1778.95,2021-02-18 17:00:00+00:00,2021-02-18 16:15:00+00:00,2021-02-18 16:30:00+00:00,2021-02-18 16:45:00+00:00,2,1.3686354378818752,0.9314324507806854,0.1632653061224809,2021-02-18 17:50:00+00:00,2021-02-18 18:30:00+00:00,1777.08,1783.4109999999998,6.330999999999904,0.8333333333333334,True,100479,100480,7,1777.09,0.6190476190476247,2.596746169641459,1.124624861791222,-0.7171063023219132,1.0,tp1,2021,2021-02,2021-02-18,0.0473858790080563,0.9526141209919436,0.03-0.05R,10,4,2,1.0,13,4,2,1.0,0,0,0.0,0,0,0.0,True,True,True,False,False,10,3,13,3,True,13,Thursday,ny_main,bear,0.94,high,below,below,1.1980544155647035,0.2185185185185029,-0.4087981667687545,-0.8887545771061856,True,value_low_half,hvn,False,True,-0.3696098562628623,0.7619047619047619,False,False,,True,True,True,False,True,False,True,False,False,False,False,False,True,True,False,False,False,True,True,True,True,True,True,False,False,False,True,True,False,False,False,False,True,False,False,False,True,False,True,True,True
5107,15min,m15_2c_1atr,demand,1795.66,1790.6,2021-02-24 19:00:00+00:00,2021-02-24 18:00:00+00:00,2021-02-24 18:15:00+00:00,2021-02-24 18:45:00+00:00,3,1.2877164056059185,0.834295136026404,0.1442687747035559,2021-02-24 20:00:00+00:00,2021-02-24 20:15:00+00:00,1799.08,1790.2759999999998,8.804000000000087,1.0,True,101604,101605,2,1799.1,0.816326530612278,0.7473875511131406,1.0904134484325094,-2.568150840526996,-1.0,stop,2021,2021-02,2021-02-24,0.0340754202635162,-1.0340754202635165,0.03-0.05R,3,3,2,0.0830039525691815,12,4,2,0.9486166007905174,3,2,0.7312252964426718,7,4,0.7312252964426718,True,True,True,True,True,9,7,26,7,False,15,Wednesday,ny_main,bear,0.866,high,below,below,0.4889621087314424,0.7193877551020692,0.0198464863686022,0.1044520692521611,True,below_value,mid_volume,False,False,-1.660608814175346,0.5,True,True,0.1085918854415237,True,True,True,True,False,False,True,False,False,False,True,True,True,True,True,True,True,True,True,True,True,False,False,True,False,False,False,False,False,True,False,True,True,False,False,False,True,False,True,True,True
5204,15min,m15_2c_1atr,supply,1703.73,1698.32,2021-03-04 21:00:00+00:00,2021-03-04 20:15:00+00:00,2021-03-04 20:30:00+00:00,2021-03-04 20:45:00+00:00,2,1.990146599375132,0.9101177601538202,0.2698706099815183,2021-03-04 21:25:00+00:00,2021-03-04 21:35:00+00:00,1695.52,1704.3772857142858,8.857285714285808,0.4166666666666667,True,103273,103274,1,1695.52,0.5411392405063655,0.9257915194916164,1.127885034112342,-0.3183819615812542,-1.0,stop,2021,2021-03,2021-03-04,0.033870421444815,-1.0338704214448151,0.03-0.05R,0,0,0,0.0,0,0,0,0.0,0,0,0.0,0,0,0.0,False,False,False,False,False,0,0,0,0,False,16,Thursday,ny_main,bear,0.964,high,below,below,0.8198630136986099,0.7874015748031609,-0.3832769894731191,-1.3202224934587437,True,below_value,mid_volume,False,False,-1.6060224835083032,0.4603174603174603,False,False,,True,False,True,False,True,False,True,False,False,True,True,True,True,False,False,False,False,False,False,False,False,True,True,False,False,False,False,False,False,True,False,False,True,False,True,False,True,False,True,True,True
5271,15min,m15_2c_1atr,supply,1732.52,1727.39,2021-03-11 16:30:00+00:00,2021-03-11 15:45:00+00:00,2021-03-11 16:00:00+00:00,2021-03-11 16:15:00+00:00,2,1.719838650531747,1.3168316831682982,0.1520467836257291,2021-03-11 17:55:00+00:00,2021-03-11 18:05:00+00:00,1723.21,1733.0117142857143,9.801714285714295,1.4166666666666667,True,104611,104612,1,1723.26,0.819852941176469,2.449571503527076,0.521337375386219,0.4448201480790657,1.0,tp1,2021,2021-03,2021-03-11,0.0306068909228705,0.9693931090771294,0.03-0.05R,10,4,2,1.0,10,4,2,1.0,2,2,0.4483430799220287,3,2,1.0,True,True,True,True,True,14,7,16,7,True,13,Thursday,ny_main,bull,0.95,high,below,below,0.7030042918454954,0.2102040816326436,-0.4539306062398163,-1.0903910653797244,True,value_high_half,mid_volume,False,True,0.4800180726403465,0.6078431372549019,False,False,,True,True,True,False,True,False,True,False,False,True,True,True,True,True,True,True,True,True,True,True,True,False,True,False,False,False,False,False,True,False,False,False,False,False,True,False,True,False,True,True,True
5471,15min,m15_2c_1atr,demand,1718.94,1715.58,2021-04-01 16:00:00+00:00,2021-04-01 15:15:00+00:00,2021-04-01 15:30:00+00:00,2021-04-01 15:45:00+00:00,2,1.162599049128304,1.4909667194929055,0.074404761904759,2021-04-01 16:00:00+00:00,2021-04-01 16:05:00+00:00,1724.48,1715.127857142857,9.352142857143008,0.0,True,108691,108692,0,1724.5,0.9198036006546616,0.6383563736347593,0.341098296799817,0.3507217597189252,0.3507217597189252,time,2021,2021-04,2021-04-01,0.0320782097303897,0.3186435499885354,0.03-0.05R,1,1,1,0.0148809523810059,1,1,1,0.0148809523810059,1,1,0.0803571428571344,5,3,0.5,True,True,True,True,True,3,3,11,5,True,12,Thursday,ny_main,bull,0.77,high,above,above,0.7852998065763857,0.6820987654320969,2.0418476257924265,2.749094846419808,True,value_high_half,hvn,False,True,0.3753150538455593,0.8026315789473685,False,False,,True,True,True,True,False,False,True,False,False,True,True,True,True,True,True,True,True,True,True,True,True,True,True,False,False,False,True,False,True,False,False,False,False,False,False,False,True,False,True,True,True
5472,15min,m15_2c_1atr,demand,1726.96,1721.5,2021-04-01 17:45:00+00:00,2021-04-01 17:00:00+00:00,2021-04-01 17:15:00+00:00,2021-04-01 17:30:00+00:00,2,1.3348700754400402,1.6018440905280749,0.2490842490842707,2021-04-01 17:45:00+00:00,2021-04-01 17:55:00+00:00,1727.8,1721.0308571428573,6.769142857142697,0.0,True,108713,108714,1,1727.8,0.6284153005463985,0.8494428499071618,0.961717035286194,0.3855731892622261,0.3855731892622261,time,2021,2021-04,2021-04-01,0.0443187573864606,0.3412544318757655,0.03-0.05R,0,0,0,0.0,15,4,2,0.5659340659340888,0,0,0.0,29,4,1.0,False,True,False,False,True,0,0,73,7,True,13,Thursday,ny_main,bull,0.89,high,above,above,0.588649544324759,0.7879746835442862,1.0817798953598978,2.207190051653059,True,above_value,mid_volume,False,False,1.5482019247003602,0.6851851851851852,True,True,0.0909090909090973,True,True,True,True,False,False,True,False,False,True,True,True,True,True,False,False,True,False,True,False,True,True,True,False,False,False,False,False,False,False,True,True,False,False,False,False,True,False,True,True,True
5605,15min,m15_2c_1atr,supply,1783.78,1779.84,2021-04-16 16:15:00+00:00,2021-04-16 15:30:00+00:00,2021-04-16 15:45:00+00:00,2021-04-16 16:00:00+00:00,2,1.583539464807726,1.2403867776028947,0.0710659898477078,2021-04-16 17:25:00+00:00,2021-04-16 17:40:00+00:00,1776.97,1784.2262857142855,7.256285714285696,1.1666666666666667,True,111470,111471,2,1776.96,0.898809523809606,0.5305744773004887,1.0721738788045825,0.4906091270622452,-1.0,stop,2021,2021-04,2021-04-16,0.0413434657636729,-1.0413434657636729,0.03-0.05R,3,3,2,1.0,3,3,2,1.0,0,0,0.0,0,0,0.0,True,True,True,False,False,3,3,3,3,False,13,Friday,ny_main,bull,0.96,high,above,above,0.8720091150778493,0.036717062635004,-0.2218693927725813,0.1521651050607642,True,above_value,lvn,False,False,2.1443477576091645,0.22,False,False,,True,False,True,False,True,False,True,False,False,False,True,True,True,True,True,False,False,True,True,True,True,False,False,True,False,True,False,False,False,False,True,False,False,False,True,False,True,False,True,True,True
5688,15min,m15_2c_1atr,demand,1772.88,1768.55,2021-04-26 16:00:00+00:00,2021-04-26 15:15:00+00:00,2021-04-26 15:30:00+00:00,2021-04-26 15:45:00+00:00,2,2.046378322042759,1.5794684731631483,0.2771362586605086,2021-04-26 17:00:00+00:00,2021-04-26 17:15:00+00:00,1776.42,1768.0628571428572,8.35714285714289,1.0,True,113121,113122,2,1776.44,0.7983870967741951,1.091282051282034,0.3254700854700875,0.3494017094016895,1.0,tp1,2021,2021-04,2021-04-26,0.0358974358974357,0.9641025641025642,0.03-0.05R,2,2,2,1.0,14,3,2,1.0,0,0,0.0,2,1,1.0,True,True,True,False,True,2,2,18,7,True,13,Monday,ny_main,bear,0.938,high,below,below,0.8013923805840356,0.5301587301587041,0.304736138322673,0.2209717677443903,True,below_value,mid_volume,False,False,-1.0811111111110896,0.3448275862068966,False,False,,True,True,True,True,False,False,True,False,False,False,True,True,True,True,True,False,True,True,True,False,True,False,False,True,False,False,False,False,False,True,False,False,False,False,True,True,True,False,True,True,True
5768,15min,m15_2c_1atr,demand,1786.01,1780.7,2021-05-04 15:30:00+00:00,2021-05-04 14:45:00+00:00,2021-05-04 15:00:00+00:00,2021-05-04 15:15:00+00:00,2,1.0966057441253367,2.156657963446437,0.2429378531073402,2021-05-04 15:30:00+00:00,2021-05-04 15:35:00+00:00,1786.47,1780.3095714285714,6.160428571428611,0.0,True,114757,114758,0,1786.44,0.1940298507462737,2.0290796094891226,1.6313800060292474,-0.7369617141664435,1.0,tp1,2021,2021-05,2021-05-04,0.0486979106277389,0.951302089372261,0.03-0.05R,11,4,2,0.4444444444444301,22,4,2,0.4444444444444301,0,0,0.0,19,4,0.8342749529190413,True,True,True,False,True,11,3,60,7,True,11,Tuesday,london_ny_overlap,bull,0.806,high,above,above,0.90797546012271,0.8376623376623338,0.8651703042749889,0.8150850497930366,True,below_value,mid_volume,False,True,-1.443893050112457,0.5588235294117647,False,False,,True,True,True,True,False,False,True,False,False,True,True,True,False,False,False,False,True,True,True,True,True,True,True,False,False,False,False,False,False,True,False,False,False,True,False,False,True,False,True,True,True
5804,15min,m15_2c_1atr,supply,1843.23,1837.21,2021-05-07 16:30:00+00:00,2021-05-07 15:45:00+00:00,2021-05-07 16:00:00+00:00,2021-05-07 16:15:00+00:00,2,1.5452300092620948,1.3010188329731411,0.1245847176079738,2021-05-07 16:50:00+00:00,2021-05-07 17:30:00+00:00,1836.77,1843.9824285714285,7.212428571428518,0.3333333333333333,True,115608,115609,7,1836.75,0.7165898617511426,1.1189018955374646,1.0232337037257342,-0.4090161823835932,1.0,tp1,2021,2021-05,2021-05-07,0.0415948660051105,0.9584051339948896,0.03-0.05R,0,0,0,0.0,0,0,0,0.0,0,0,0.0,0,0,0.0,False,False,False,False,False,0,0,0,0,True,13,Friday,ny_main,bull,1.0,high,above,above,0.1119631901840521,0.2635431918008746,-0.2073433095489992,0.4917187312930025,True,above_value,mid_volume,False,False,3.531404123833888,0.2698412698412698,False,False,,True,True,True,False,True,False,True,False,False,False,False,False,True,True,True,False,False,False,False,False,False,False,False,True,False,False,False,False,False,False,True,False,False,False,True,False,True,False,True,True,True
6193,15min,m15_2c_1atr,supply,1790.51,1781.42,2021-06-17 17:15:00+00:00,2021-06-17 16:30:00+00:00,2021-06-17 16:45:00+00:00,2021-06-17 17:00:00+00:00,2,1.203836930455629,1.4532374100719267,0.2156215621562215,2021-06-17 17:20:00+00:00,2021-06-17 17:25:00+00:00,1780.94,1791.202142857143,10.262142857142862,0.0833333333333333,True,123564,123565,0,1780.97,0.0900243309002139,1.34279947100995,1.2034523560938166,0.4794320317394096,1.0,tp1,2021,2021-06,2021-06-17,0.0292336604719147,0.9707663395280852,<=0.03R,0,0,0,0.0,0,0,0,0.0,0,0,0.0,0,0,0.0,False,False,False,False,False,0,0,0,0,True,13,Thursday,ny_main,bear,0.99,high,below,below,0.9391673177809994,0.4972170686456426,-0.4756020068752973,-1.541995925155311,True,below_value,mid_volume,False,False,-3.1460290944525493,0.603448275862069,False,False,,True,True,False,False,True,True,True,True,False,True,True,True,False,False,False,False,False,False,False,False,False,True,True,False,False,False,False,False,False,True,False,False,False,False,False,False,True,False,True,True,True
6194,15min,m15_2c_1atr,supply,1782.81,1777.48,2021-06-17 18:30:00+00:00,2021-06-17 17:30:00+00:00,2021-06-17 17:45:00+00:00,2021-06-17 18:15:00+00:00,3,1.2741952395931742,0.7824263395197553,0.082551594746728,2021-06-17 18:50:00+00:00,2021-06-17 19:05:00+00:00,1773.86,1783.4208571428571,9.56085714285723,0.3333333333333333,True,123584,123585,2,1773.89,0.8048780487804994,0.4560260586319072,1.0794011296058406,0.0972716134237634,-1.0,stop,2021,2021-06,2021-06-17,0.0313779398141227,-1.0313779398141227,0.03-0.05R,3,3,2,1.0,3,3,2,1.0,0,0,0.0,0,0,0.0,True,True,True,False,False,3,3,3,3,False,15,Thursday,ny_main,bear,0.972,high,below,below,0.9776899837322814,0.3835616438355894,-0.3648910951158298,-1.4030614255934144,True,below_value,hvn,False,False,-3.985521322057163,0.9153439153439152,False,False,,True,False,False,False,True,False,True,False,False,False,True,True,True,True,True,False,False,True,True,True,True,True,True,False,False,False,True,False,False,True,False,False,True,False,False,False,True,False,True,True,True
6233,15min,m15_2c_1atr,supply,1783.33,1780.12,2021-06-22 15:45:00+00:00,2021-06-22 15:00:00+00:00,2021-06-22 15:15:00+00:00,2021-06-22 15:30:00+00:00,2,2.571428571428563,1.1758241758241883,0.2959501557631798,2021-06-22 16:05:00+00:00,2021-06-22 16:25:00+00:00,1777.68,1783.7892857142856,6.109285714285534,0.3333333333333333,True,124380,124381,3,1777.63,0.7289156626504514,0.6891149304337922,1.0181222962703491,-2.404536419969644,-1.0,stop,2021,2021-06,2021-06-22,0.049105576990531,-1.049105576990531,0.03-0.05R,8,3,2,1.0,19,4,2,1.0,6,4,1.0,6,4,1.0,True,True,True,True,True,20,7,31,7,False,12,Tuesday,ny_main,bear,0.784,high,below,below,1.2963535911601676,0.1378091872791104,-0.402414679738989,-0.8981873476104286,True,value_low_half,mid_volume,True,True,-0.2496200163685479,0.696969696969697,False,False,,True,True,True,False,True,False,True,False,False,False,False,True,True,True,True,True,True,True,True,True,True,True,True,False,False,False,False,True,False,False,False,False,False,False,True,True,True,False,True,True,True
6294,15min,m15_2c_1atr,demand,1777.75,1774.86,2021-06-28 16:15:00+00:00,2021-06-28 15:15:00+00:00,2021-06-28 15:30:00+00:00,2021-06-28 16:00:00+00:00,3,1.928548439008668,1.302220791760579,0.0795847750865087,2021-06-28 17:55:00+00:00,2021-06-28 18:05:00+00:00,1781.2,1774.5104285714283,6.689571428571526,1.6666666666666667,True,125504,125505,1,1781.19,0.982404692082128,0.1913426014905861,1.0135178422704665,-2.874623614581292,-1.0,stop,2021,2021-06,2021-06-28,0.044845922224357,-1.0448459222243571,0.03-0.05R,7,4,2,1.0,41,4,2,1.0,5,3,1.0,17,4,1.0,True,True,True,True,True,17,7,75,7,False,14,Monday,ny_main,bear,0.876,high,above,above,0.8387402320625054,0.7720430107527043,0.5292920530984964,0.7696206868591876,True,below_value,mid_volume,False,True,-0.664467080957582,0.7096774193548387,True,True,0.7146153846153818,True,True,True,True,False,False,True,False,False,True,True,True,True,True,True,True,True,True,True,True,True,False,True,False,False,False,False,False,False,True,False,True,False,False,True,False,True,False,True,True,True
6710,15min,m15_2c_1atr,supply,1744.18,1741.05,2021-08-09 17:15:00+00:00,2021-08-09 16:15:00+00:00,2021-08-09 16:30:00+00:00,2021-08-09 17:00:00+00:00,3,1.2053557527634955,0.6822357153978104,0.3194888178913627,2021-08-09 17:25:00+00:00,2021-08-09 17:35:00+00:00,1738.33,1744.8522857142857,6.522285714285772,0.1666666666666666,True,133730,133731,1,1738.43,0.6584507042253327,3.158401962502148,0.0613281934466578,1.439679341159947,1.0,tp1,2021,2021-08,2021-08-09,0.0459961450849829,0.954003854915017,0.03-0.05R,3,2,1,0.5367412140575096,3,2,1,0.5367412140575096,0,0,0.0,0,0,0.0,True,True,True,False,False,3,3,3,3,True,13,Monday,ny_main,bear,0.942,high,below,below,0.8502705953096711,0.2244897959183731,-0.7025049172874951,-1.1057959174024743,True,value_high_half,hvn,False,True,0.4392631855615885,0.9156626506024096,False,False,,True,True,True,False,True,False,True,False,False,True,True,True,True,True,False,False,False,True,True,True,True,True,True,False,False,False,True,False,True,False,False,False,True,False,False,False,True,False,True,True,True
6725,15min,m15_2c_1atr,supply,1728.49,1720.95,2021-08-10 17:15:00+00:00,2021-08-10 16:30:00+00:00,2021-08-10 16:45:00+00:00,2021-08-10 17:00:00+00:00,2,1.9229334990676925,2.1868655479593646,0.0013262599469484,2021-08-10 17:15:00+00:00,2021-08-10 17:20:00+00:00,1719.79,1729.1112857142855,9.32128571428575,0.0,True,134003,134004,0,1719.79,0.5033783783783753,0.0,1.2144247421416303,-3.0950665910588695,-1.0,stop,2021,2021-08,2021-08-10,0.0321844012935062,-1.0321844012935062,0.03-0.05R,1,1,1,0.0106100795755872,1,1,1,0.0106100795755872,0,0,0.0,0,0,0.0,True,True,True,False,False,1,1,1,1,False,13,Tuesday,ny_main,bear,0.874,high,below,below,0.7854871890779807,0.8137254901960912,-0.1187849745183157,-0.8908600913499732,True,below_value,lvn,False,True,-0.5396251283544525,0.2340425531914893,False,False,,True,True,True,False,True,False,True,False,False,True,True,True,True,False,False,False,False,True,True,False,False,True,True,False,False,True,False,False,False,True,False,False,False,True,True,False,True,False,True,True,True
6911,15min,m15_2c_1atr,demand,1806.27,1799.14,2021-08-27 18:00:00+00:00,2021-08-27 17:15:00+00:00,2021-08-27 17:30:00+00:00,2021-08-27 17:45:00+00:00,2,1.1123443421764805,1.3511099079588278,0.0575035063113409,2021-08-27 18:05:00+00:00,2021-08-27 18:10:00+00:00,1806.62,1798.494428571429,8.12557142857122,0.0833333333333333,True,137601,137602,0,1806.6,0.2739726027397814,2.0367798308691123,0.014768192127134,0.4861196575186101,1.0,tp1,2021,2021-08,2021-08-27,0.0369204803178687,0.9630795196821312,0.03-0.05R,4,3,2,0.1556802244039475,20,4,2,0.6914446002804934,2,1,0.5792426367461679,9,4,0.5792426367461679,True,True,True,True,True,8,7,38,7,True,14,Friday,ny_main,bull,1.0,high,above,above,0.353112969600441,0.6119873817034732,0.9562020465301794,1.5724536058848373,True,above_value,mid_volume,False,True,1.225144605214601,0.4390243902439024,False,False,,True,True,True,True,False,False,True,False,False,True,True,True,False,False,False,True,True,True,True,True,True,True,True,False,False,False,False,False,False,False,True,False,False,False,False,False,True,False,True,True,True
7133,15min,m15_2c_1atr,demand,1767.27,1765.42,2021-09-21 15:15:00+00:00,2021-09-21 14:15:00+00:00,2021-09-21 14:30:00+00:00,2021-09-21 15:00:00+00:00,3,1.299787384833417,0.917788802267864,0.2270270270270775,2021-09-21 15:15:00+00:00,2021-09-21 15:25:00+00:00,1772.35,1765.0707142857143,7.2792857142856064,0.0,True,142212,142213,1,1772.3,0.9549549549549154,1.2885879697772886,0.3681679913649128,0.1991953684623779,1.0,tp1,2021,2021-09,2021-09-21,0.0412128348542838,0.9587871651457162,0.03-0.05R,2,2,2,0.0810810810810113,2,2,2,0.0810810810810113,0,0,0.0,0,0,0.0,True,True,True,False,False,2,2,2,2,True,11,Tuesday,london_ny_overlap,bull,0.784,high,above,above,0.92627599243863,0.9160739687055294,1.9837768773924465,2.9640545554711073,True,value_high_half,mid_volume,False,True,0.5625551957609777,0.5714285714285714,False,False,,True,True,False,True,False,False,True,False,False,True,True,True,True,True,True,False,False,True,True,False,False,True,True,False,False,False,False,False,True,False,False,False,True,False,False,False,True,False,True,True,True
7217,15min,m15_2c_1atr,supply,1739.78,1737.01,2021-09-29 16:30:00+00:00,2021-09-29 15:30:00+00:00,2021-09-29 15:45:00+00:00,2021-09-29 16:15:00+00:00,3,1.3079287031345983,1.1917639827904136,0.0397111913357042,2021-09-29 16:30:00+00:00,2021-09-29 17:10:00+00:00,1734.21,1740.3055714285713,6.0955714285712475,0.0,True,143889,143890,7,1734.23,0.6050955414012791,2.065433921582499,1.0417399048489695,-4.409758841313478,1.0,tp1,2021,2021-09,2021-09-29,0.0492160584968024,0.9507839415031976,0.03-0.05R,3,1,1,1.0,6,3,2,1.0,4,4,1.0,4,4,1.0,True,True,True,True,True,11,7,14,7,True,13,Wednesday,ny_main,bear,0.87,high,below,below,1.0402377686328357,0.1920000000000072,-1.8714273073727836,-2.5451314072304227,True,value_high_half,hvn,True,True,0.0237877616067848,1.0,False,False,,True,True,True,False,True,False,True,False,False,False,False,False,True,True,False,True,True,True,True,True,True,True,True,False,False,False,True,False,True,False,False,False,False,False,False,False,True,False,True,True,True
7513,15min,m15_2c_1atr,supply,1804.33,1799.59,2021-10-28 17:45:00+00:00,2021-10-28 16:45:00+00:00,2021-10-28 17:00:00+00:00,2021-10-28 17:30:00+00:00,3,1.3080407701019097,0.9394110985277498,0.1476793248944761,2021-10-28 17:50:00+00:00,2021-10-28 17:55:00+00:00,1797.81,1804.9505714285713,7.14057142857132,0.0833333333333333,True,149687,149688,0,1797.81,0.4838709677419142,3.625760243277886,0.9214948783611112,2.760283290653056,1.0,tp1,2021,2021-10,2021-10-28,0.0420134443021773,0.9579865556978228,0.03-0.05R,7,4,2,1.0,21,4,2,1.0,7,4,0.7383966244725724,7,4,0.7383966244725724,True,True,True,True,True,21,7,35,7,True,13,Thursday,ny_main,bull,0.992,high,above,above,0.4550816074612336,0.542918454935607,-0.2935004961185766,-0.406756276984932,True,value_low_half,hvn,True,True,-0.0406129961587663,0.972972972972973,True,True,0.1399010346378721,True,True,True,False,True,False,True,False,False,True,True,True,True,False,False,True,True,True,True,True,True,False,False,True,False,False,True,True,False,False,False,True,True,False,False,False,True,False,True,True,True
7565,15min,m15_2c_1atr,demand,1762.73,1761.98,2021-11-03 19:45:00+00:00,2021-11-03 18:45:00+00:00,2021-11-03 19:00:00+00:00,2021-11-03 19:30:00+00:00,3,1.607912607026914,0.3100088573959266,0.2133333333334424,2021-11-03 20:00:00+00:00,2021-11-03 20:05:00+00:00,1768.45,1761.5827142857142,6.867285714285799,0.25,True,150829,150830,0,1768.45,0.413394919168616,4.4355224563665745,0.8460402321565833,3.4686193339018847,1.0,tp1,2021,2021-11,2021-11-03,0.0436853820390666,0.9563146179609332,0.03-0.05R,1,1,1,1.0,1,1,1,1.0,0,0,0.0,10,4,1.0,True,True,True,False,True,1,1,21,5,True,16,Wednesday,ny_main,bear,0.8,high,below,below,0.8999462076384713,0.5196304849884614,0.6256810763363978,-0.0239000105301163,True,below_value,hvn,False,False,-2.897068918890769,0.913793103448276,True,True,0.4107049608355076,True,False,True,True,False,False,True,False,False,True,True,True,False,False,False,False,True,True,True,False,True,False,False,True,False,False,True,False,False,True,False,True,True,False,True,False,True,False,True,True,True
7589,15min,m15_2c_1atr,demand,1797.41,1784.98,2021-11-05 15:15:00+00:00,2021-11-05 14:30:00+00:00,2021-11-05 14:45:00+00:00,2021-11-05 15:00:00+00:00,2,1.4916286149163136,3.7838660578386794,0.1890587288817294,2021-11-05 15:15:00+00:00,2021-11-05 15:30:00+00:00,1801.85,1784.0791428571429,17.77085714285704,0.0,True,151326,151327,2,1801.72,0.7356725146198827,1.366281874015261,0.3410077494453187,1.1682047654265473,1.0,tp1,2021,2021-11,2021-11-05,0.0168815717547189,0.9831184282452812,<=0.03R,17,4,2,1.0,37,4,2,1.0,5,4,0.1536604987932479,36,4,0.8254223652453692,True,True,True,True,True,27,7,109,7,True,11,Friday,london_ny_overlap,bull,0.97,high,above,above,0.8005613050342024,0.2601626016260531,0.6278972162615203,0.8194115118005201,True,below_value,mid_volume,True,True,-0.0875028135952837,0.6060606060606061,True,True,0.1011969532100172,True,True,True,True,False,True,True,True,True,False,True,True,True,True,True,True,True,True,True,True,True,True,True,False,False,False,False,False,False,True,False,True,False,True,False,False,True,False,True,True,True
7920,15min,m15_2c_1atr,supply,1783.38,1782.29,2021-12-09 13:45:00+00:00,2021-12-09 13:00:00+00:00,2021-12-09 13:15:00+00:00,2021-12-09 13:30:00+00:00,2,1.1399919775370648,0.6121139189731938,0.2660550458714907,2021-12-09 16:20:00+00:00,2021-12-09 16:40:00+00:00,1777.55,1783.754142857143,6.204142857143097,2.5833333333333335,True,157865,157866,3,1777.57,0.7699530516432,1.1975868659190505,1.2411061732943018,-1.096041815376772,1.0,tp1,2021,2021-12,2021-12-09,0.0483547859725049,0.951645214027495,0.03-0.05R,7,4,2,1.0,27,4,2,1.0,4,2,1.0,9,4,1.0,True,True,True,True,True,15,7,45,7,True,11,Thursday,london_ny_overlap,bear,0.936,high,inside,below,1.5329367702136931,0.0696095076400806,-0.3229285741652015,-0.7246224149405778,True,value_low_half,hvn,True,True,-0.0668907872619593,0.8571428571428571,False,False,,True,True,True,False,True,False,True,False,False,False,False,True,True,True,True,True,True,True,True,True,True,True,False,False,True,False,True,True,False,False,False,False,True,False,False,False,True,False,True,True,True
7937,15min,m15_2c_1atr,demand,1772.92,1772.11,2021-12-10 15:15:00+00:00,2021-12-10 14:30:00+00:00,2021-12-10 14:45:00+00:00,2021-12-10 15:00:00+00:00,2,2.204164550533144,0.5759268664297678,0.0864197530866034,2021-12-10 15:25:00+00:00,2021-12-10 15:35:00+00:00,1780.52,1771.6851428571429,8.834857142857118,0.1666666666666666,True,158128,158129,1,1780.52,0.7457420924574247,1.2484638768514331,0.4787853308324205,0.5353793415691129,1.0,tp1,2021,2021-12,2021-12-10,0.0339564064420154,0.9660435935579844,0.03-0.05R,2,1,1,1.0,7,3,2,1.0,5,4,0.8765432098764011,9,4,1.0,True,True,True,True,True,12,6,25,7,True,10,Friday,london_ny_overlap,bear,0.8,high,above,above,0.8735632183907405,0.4537712895376985,1.6992540846683666,2.195078939891371,True,below_value,hvn,False,False,-0.3661632494664147,0.7692307692307693,True,True,0.7379576107899843,False,False,False,True,False,False,True,False,False,True,True,True,True,True,True,True,True,True,True,True,True,False,True,False,False,False,True,False,False,True,False,True,True,False,True,True,True,False,True,True,True
8480,15min,m15_2c_1atr,supply,1808.05,1802.94,2022-02-02 16:00:00+00:00,2022-02-02 15:15:00+00:00,2022-02-02 15:30:00+00:00,2022-02-02 15:45:00+00:00,2,1.1212012870933086,2.55774043618155,0.0665362035225346,2022-02-02 16:00:00+00:00,2022-02-02 16:05:00+00:00,1800.9,1808.481857142857,7.581857142856961,0.0,True,168317,168318,0,1800.89,0.1403508771929562,0.0448438942588712,1.2978350573738262,0.8243362915230164,-1.0,stop,2022,2022-02,2022-02-02,0.0395681419931047,-1.0395681419931049,0.03-0.05R,5,4,2,0.6986301369863026,17,4,2,1.0,1,1,0.8317025440313275,15,4,1.0,True,True,True,True,True,7,5,47,7,False,11,Wednesday,london_ny_overlap,bull,0.668,high,below,below,0.9939718687207478,0.6369230769231273,-0.0261769856102607,0.2062048269252826,True,value_high_half,mid_volume,False,True,0.5598892092024184,0.5714285714285714,True,True,0.4568023833167763,False,True,True,False,True,False,True,False,False,True,True,True,False,False,False,True,True,True,True,True,True,False,True,False,False,False,False,False,True,False,False,True,False,True,False,False,True,False,True,True,True
8600,15min,m15_2c_1atr,supply,1856.13,1854.5,2022-02-15 14:15:00+00:00,2022-02-15 13:00:00+00:00,2022-02-15 13:15:00+00:00,2022-02-15 14:00:00+00:00,4,1.0458254865034349,0.4775057543419448,0.1533742331288241,2022-02-15 16:05:00+00:00,2022-02-15 16:35:00+00:00,1848.14,1856.757142857143,8.61714285714288,1.8333333333333333,True,170807,170808,5,1848.24,0.9146141215106752,0.190318302387279,1.0014920424403018,-1.501657824933663,-1.0,stop,2022,2022-02,2022-02-15,0.0348143236074269,-1.034814323607427,0.03-0.05R,3,3,2,1.0,6,4,2,1.0,0,0,0.0,0,0,0.0,True,True,True,False,False,3,3,6,3,False,11,Tuesday,london_ny_overlap,bull,0.972,high,inside,below,2.0129203246645644,0.4676753782668637,-0.326623310528395,-0.8767870770768461,True,value_low_half,hvn,False,True,-1.7911969496021107,0.9130434782608696,False,False,,True,False,True,False,True,False,True,False,False,False,False,False,True,True,True,False,False,True,True,True,True,False,False,False,True,False,True,True,False,False,False,False,True,False,False,False,True,False,True,True,True
8614,15min,m15_2c_1atr,demand,1865.98,1864.19,2022-02-16 19:30:00+00:00,2022-02-16 18:30:00+00:00,2022-02-16 18:45:00+00:00,2022-02-16 19:15:00+00:00,3,1.8624813153960476,0.7491778774289873,0.0055865921787659,2022-02-16 20:50:00+00:00,2022-02-16 21:10:00+00:00,1871.1,1863.874857142857,7.225142857142828,1.3333333333333333,True,171138,171139,3,1871.1,0.8800000000000021,4.153551091426779,0.6505061689338592,3.819993672888361,1.0,tp1,2022,2022-02,2022-02-16,0.0415216703574819,0.958478329642518,0.03-0.05R,1,1,1,1.0,1,1,1,1.0,2,2,1.0,2,2,1.0,True,True,True,True,True,5,5,5,5,True,16,Wednesday,ny_main,bull,0.662,high,above,above,1.0841889117043413,0.8472418670438562,1.1588906708956808,2.366286088760095,True,above_value,mid_volume,False,False,1.7764354634609425,0.4651162790697674,False,False,,True,True,True,True,False,False,True,False,False,False,False,True,True,True,True,True,True,True,True,True,True,True,True,False,False,False,False,False,False,False,True,False,True,False,True,False,True,False,True,True,True
8626,15min,m15_2c_1atr,demand,1886.92,1885.69,2022-02-17 15:30:00+00:00,2022-02-17 14:45:00+00:00,2022-02-17 15:00:00+00:00,2022-02-17 15:15:00+00:00,2,2.425260718424094,0.49884125144844,0.1138211382112769,2022-02-17 16:10:00+00:00,2022-02-17 16:25:00+00:00,1891.88,1885.074,6.80600000000004,0.6666666666666666,True,171357,171358,2,1891.87,0.7372093023255533,1.5574493094328308,0.7801939465177993,0.3423449897149447,1.0,tp1,2022,2022-02,2022-02-17,0.0440787540405521,0.9559212459594478,0.03-0.05R,2,2,1,1.0,2,2,1,1.0,2,2,0.6422764227641886,2,2,0.6422764227641886,True,True,True,True,True,6,6,6,6,True,11,Thursday,london_ny_overlap,bull,0.87,high,above,above,1.2813651347682349,0.851315789473698,0.3663263670241035,1.2124727840720253,True,value_high_half,hvn,True,True,0.0080811049074439,1.0,False,False,,True,True,True,True,False,False,True,False,False,False,True,True,True,True,True,True,True,True,True,True,True,True,True,False,False,False,True,False,True,False,False,False,True,False,True,True,True,False,True,True,True
8663,15min,m15_2c_1atr,demand,1895.01,1891.41,2022-02-22 14:45:00+00:00,2022-02-22 13:45:00+00:00,2022-02-22 14:00:00+00:00,2022-02-22 14:30:00+00:00,3,1.5708061002178202,1.0980392156862446,0.2888888888888861,2022-02-22 17:45:00+00:00,2022-02-22 18:00:00+00:00,1897.89,1890.943142857143,6.946857142857198,3.0,True,172175,172176,2,1897.92,0.8576923076922697,1.1256889035123616,1.1847083984535591,1.7230813523072703,1.0,tp1,2022,2022-02,2022-02-22,0.0431849962984285,0.9568150037015716,0.03-0.05R,4,3,2,1.0,20,4,2,1.0,12,4,1.0,15,4,1.0,True,True,True,True,True,28,7,50,7,True,13,Tuesday,ny_main,bull,0.81,high,above,above,1.1591591591591206,0.9851301115241774,0.0357638719300358,-0.1300021203995709,True,below_value,lvn,False,False,-2.380932795920022,0.108695652173913,True,False,0.257587548638143,True,True,True,True,False,False,True,False,False,False,True,True,True,True,True,True,True,True,True,True,True,True,True,False,False,True,False,False,False,True,False,False,False,False,True,False,True,False,True,True,True
8710,15min,m15_2c_1atr,demand,1911.65,1908.29,2022-02-28 16:00:00+00:00,2022-02-28 15:15:00+00:00,2022-02-28 15:30:00+00:00,2022-02-28 15:45:00+00:00,2,1.747048903878586,0.8813940415964264,0.0446428571428825,2022-02-28 16:30:00+00:00,2022-02-28 16:40:00+00:00,1914.8,1907.7014285714288,7.098571428571404,0.5,True,173263,173264,1,1914.84,0.9596412556053502,0.3465486013282414,1.0988126383578158,1.7214731334272588,-1.0,stop,2022,2022-02,2022-02-28,0.0422620245522239,-1.0422620245522238,0.03-0.05R,5,3,2,1.0,21,4,2,1.0,2,1,1.0,10,4,1.0,True,True,True,True,True,9,7,41,7,False,11,Monday,london_ny_overlap,bear,0.744,high,above,above,0.7822014051522503,0.8344907407407353,0.3895552313491738,1.199066353632441,True,value_high_half,hvn,True,True,0.1718655665123812,0.9846153846153848,True,True,0.1028542041655956,True,True,False,True,False,False,True,False,False,True,True,True,True,True,True,True,True,True,True,True,True,False,True,False,False,False,True,False,True,False,False,True,True,False,True,False,True,False,True,True,True
8726,15min,m15_2c_1atr,supply,1922.99,1920.44,2022-03-01 15:00:00+00:00,2022-03-01 14:15:00+00:00,2022-03-01 14:30:00+00:00,2022-03-01 14:45:00+00:00,2,1.4118078474514069,0.6545654565456406,0.2862745098039338,2022-03-01 15:15:00+00:00,2022-03-01 15:25:00+00:00,1917.6,1923.608,6.008000000000038,0.25,True,173524,173525,1,1917.57,0.6701754385965146,0.8688415446071516,1.2599866844207916,-1.9806924101198429,-1.0,stop,2022,2022-03,2022-03-01,0.0499334221038611,-1.0499334221038612,0.03-0.05R,2,2,2,1.0,8,4,2,1.0,2,2,1.0,4,2,1.0,True,True,True,True,True,6,6,16,7,False,10,Tuesday,london_ny_overlap,bull,0.704,high,below,below,0.7936670071501327,0.4350877192982453,-0.1841855220804397,0.1822921112172295,True,above_value,hvn,False,False,2.657290279627171,0.8732394366197183,False,False,,True,True,True,False,True,False,True,False,False,True,True,True,True,True,False,True,True,True,True,True,True,False,True,False,False,False,True,False,False,False,True,False,True,False,False,False,True,False,True,True,True
8727,15min,m15_2c_1atr,demand,1919.08,1916.24,2022-03-01 17:00:00+00:00,2022-03-01 16:15:00+00:00,2022-03-01 16:30:00+00:00,2022-03-01 16:45:00+00:00,2,1.2946281610055554,0.5949423911416883,0.0422535211267233,2022-03-01 17:15:00+00:00,2022-03-01 17:35:00+00:00,1922.63,1915.6097142857143,7.020285714285819,0.25,True,173550,173551,3,1922.65,0.905604719764094,3.922917260184706,1.2691791135891832,-0.3632330796467585,1.0,tp1,2022,2022-03,2022-03-01,0.0427333034878508,0.9572666965121492,0.03-0.05R,4,3,2,1.0,4,3,2,1.0,1,1,1.0,2,1,1.0,True,True,True,True,True,6,5,8,7,True,12,Tuesday,ny_main,bull,0.788,high,above,above,0.6452595155709242,0.9973890339425612,1.0664101626318316,1.4274569760776767,True,value_low_half,hvn,False,True,-0.6538195433641394,0.8611111111111112,False,False,,True,True,True,True,False,False,True,False,False,False,False,True,True,True,True,True,True,True,True,True,True,True,True,False,False,False,True,True,False,False,False,False,True,False,False,False,True,False,True,True,True
8773,15min,m15_2c_1atr,demand,1946.99,1942.35,2022-03-04 16:15:00+00:00,2022-03-04 15:30:00+00:00,2022-03-04 15:45:00+00:00,2022-03-04 16:00:00+00:00,2,1.3144694533762296,1.3924973204716176,0.0797413793103685,2022-03-04 16:20:00+00:00,2022-03-04 16:25:00+00:00,1947.87,1941.8267142857144,6.04328571428573,0.0833333333333333,True,174364,174365,0,1947.87,0.2906976744186,9.051367515306229,0.8770063588870668,5.343119873295056,1.0,tp1,2022,2022-03,2022-03-04,0.0496418693709664,0.9503581306290336,0.03-0.05R,4,2,1,0.9719827586206669,4,2,1,0.9719827586206669,0,0,0.0,2,2,0.8275862068965653,True,True,True,False,True,4,3,8,7,True,11,Friday,london_ny_overlap,bull,0.588,mid,above,above,1.028606709199463,0.9445783132530088,1.0263259732167058,1.5344173495382925,True,value_high_half,hvn,False,True,0.8968631066354729,0.8490566037735849,False,False,,True,True,True,True,False,False,True,False,False,True,True,True,False,False,False,False,True,True,True,True,True,True,True,False,False,False,True,False,True,False,False,False,False,False,False,False,True,False,True,True,True
8784,15min,m15_2c_1atr,supply,1992.49,1989.35,2022-03-07 14:30:00+00:00,2022-03-07 13:45:00+00:00,2022-03-07 14:00:00+00:00,2022-03-07 14:15:00+00:00,2,1.5972864631513648,0.6777674992291267,0.0764331210190363,2022-03-07 18:45:00+00:00,2022-03-07 19:10:00+00:00,1983.61,1993.3331428571428,9.723142857142877,4.25,True,174673,174674,4,1983.6,0.824601366742605,0.8968293614645247,1.169374981634402,-7.983015485880518,-1.0,stop,2022,2022-03,2022-03-07,0.0308542211513031,-1.0308542211513032,0.03-0.05R,6,3,2,1.0,6,3,2,1.0,0,0,0.0,0,0,0.0,True,True,True,False,False,6,3,6,3,False,14,Monday,ny_main,bull,0.998,high,below,below,0.9639855942376888,0.0,-0.150124388934717,-0.1884182555680329,True,value_high_half,hvn,False,True,0.3260262701654442,0.9382716049382716,False,False,,True,True,True,False,True,False,True,False,False,False,False,False,True,True,True,False,False,True,True,True,True,False,True,False,False,False,True,False,True,False,False,False,True,False,True,False,True,False,True,True,True
8811,15min,m15_2c_1atr,demand,1992.31,1981.83,2022-03-09 17:45:00+00:00,2022-03-09 16:45:00+00:00,2022-03-09 17:00:00+00:00,2022-03-09 17:30:00+00:00,3,1.0129685275976672,1.1602087616637666,0.2538167938931154,2022-03-09 18:00:00+00:00,2022-03-09 18:05:00+00:00,1995.35,1981.059714285714,14.2902857142858,0.25,True,175212,175213,0,1995.33,0.1697247706422078,0.7109724888035842,1.0258717210492478,0.2806102047344826,-1.0,stop,2022,2022-03,2022-03-09,0.0209932821497119,-1.020993282149712,<=0.03R,0,0,0,0.0,18,4,2,1.0,15,4,0.9007633587786296,15,4,0.9007633587786296,False,True,False,True,True,30,4,48,7,False,13,Wednesday,ny_main,bull,0.958,high,below,below,0.9113355780022472,0.9872611464968089,0.7772194413001223,0.2052367160449391,True,below_value,mid_volume,False,False,-4.4211852207293445,0.6630434782608695,True,True,0.1219783273131452,True,False,True,True,False,True,True,True,False,True,True,True,False,False,False,True,True,False,True,True,True,True,False,True,False,False,False,False,False,True,False,True,False,False,False,False,True,False,True,True,True
8870,15min,m15_2c_1atr,supply,1925.69,1919.37,2022-03-15 15:30:00+00:00,2022-03-15 14:30:00+00:00,2022-03-15 14:45:00+00:00,2022-03-15 15:15:00+00:00,3,1.0513833992095163,1.2490118577075398,0.1424050632911499,2022-03-15 15:35:00+00:00,2022-03-15 16:05:00+00:00,1918.91,1926.501142857143,7.591142857142813,0.0833333333333333,True,176304,176305,5,1918.64,0.8964803312629384,1.559712446836567,1.0841582295156096,0.8417704843991298,1.0,tp1,2022,2022-03,2022-03-15,0.0395197410516017,0.9604802589483984,0.03-0.05R,1,1,1,0.3180379746835346,1,1,1,0.3180379746835346,0,0,0.0,4,2,0.9889240506328858,True,True,True,False,True,1,1,9,5,True,12,Tuesday,ny_main,bear,0.75,high,below,below,0.9465509365006975,0.1093117408906817,-1.312512082231764,-1.9089945180814192,True,below_value,mid_volume,False,False,-4.310286424028031,0.5157894736842106,False,False,,True,False,False,False,True,False,True,False,False,False,False,False,True,True,True,False,True,True,True,False,True,True,True,False,False,False,False,False,False,True,False,False,False,False,False,False,True,False,True,True,True
8887,15min,m15_2c_1atr,supply,1922.01,1918.85,2022-03-16 15:45:00+00:00,2022-03-16 15:00:00+00:00,2022-03-16 15:15:00+00:00,2022-03-16 15:30:00+00:00,2,1.296344892221203,0.8292408622305794,0.2246835443038031,2022-03-16 16:00:00+00:00,2022-03-16 16:15:00+00:00,1911.26,1922.732142857143,11.4721428571429,0.25,True,176582,176583,2,1911.53,0.8314606741573167,1.4147313367785284,1.1323080754622967,-3.2496108586015673,1.0,tp1,2022,2022-03,2022-03-16,0.026150301973725,0.973849698026275,<=0.03R,17,4,2,1.0,18,4,2,1.0,2,1,0.5379746835443042,7,2,1.0,True,True,True,True,True,21,7,32,7,True,12,Wednesday,ny_main,bear,0.648,mid,below,below,0.48533903481979,0.6321243523315887,-1.2902383579010444,-1.8179046554087472,True,value_high_half,mid_volume,False,True,0.2336093642985963,0.7391304347826086,False,False,,True,True,True,False,True,True,True,True,False,False,True,True,True,True,True,True,True,True,True,True,True,True,True,False,False,False,False,False,True,False,False,False,True,False,False,False,True,False,True,True,True
8934,15min,m15_2c_1atr,supply,1929.18,1925.25,2022-03-22 15:30:00+00:00,2022-03-22 14:30:00+00:00,2022-03-22 14:45:00+00:00,2022-03-22 15:15:00+00:00,3,1.3009956599437866,1.4046464130712482,0.1882951653944013,2022-03-22 15:30:00+00:00,2022-03-22 15:35:00+00:00,1922.6,1929.7135714285712,7.113571428571504,0.0,True,177678,177679,0,1922.76,0.334051724137914,1.6588010844462056,1.0177728687619143,-0.954513505372042,1.0,tp1,2022,2022-03,2022-03-22,0.0421729089265986,0.9578270910734014,0.03-0.05R,3,2,1,0.6208651399491132,21,4,2,1.0,1,1,0.6870229007633593,11,4,1.0,True,True,True,True,True,5,5,43,7,True,11,Tuesday,london_ny_overlap,bear,0.546,mid,below,below,0.8878388460581729,0.1422413793103594,-1.3498526845730645,-1.9127947196737225,True,below_value,hvn,False,True,-1.059242895873048,0.8055555555555556,True,False,0.2966360856269113,True,True,True,False,True,False,True,False,False,True,True,True,False,False,False,True,True,True,True,True,True,True,True,False,False,False,True,False,False,True,False,False,False,False,False,False,True,False,True,True,True
8947,15min,m15_2c_1atr,demand,1930.4,1925.02,2022-03-23 15:15:00+00:00,2022-03-23 14:15:00+00:00,2022-03-23 14:30:00+00:00,2022-03-23 15:00:00+00:00,3,1.7784390020599603,1.7239642938888031,0.2657992565055403,2022-03-23 16:15:00+00:00,2022-03-23 16:45:00+00:00,1931.37,1924.569,6.800999999999931,1.0,True,177968,177969,5,1931.39,0.7633587786259197,5.062490810175035,0.8116453462726125,4.658138509042844,1.0,tp1,2022,2022-03,2022-03-23,0.0441111601235117,0.9558888398764884,0.03-0.05R,3,3,2,1.0,21,4,2,1.0,4,4,0.2509293680297177,9,4,0.8959107806691572,True,True,True,True,True,11,7,39,7,True,12,Wednesday,ny_main,bull,0.766,high,inside,below,2.101473684210461,0.2074829931973183,0.077864646197523,0.4786212902605475,True,value_high_half,mid_volume,False,True,0.8763417144537711,0.5,True,True,0.3731958762886585,True,True,True,True,False,False,True,False,False,False,False,False,True,True,True,True,True,True,True,True,True,True,False,False,True,False,False,False,True,False,False,True,False,False,True,False,True,False,True,True,True
9020,15min,m15_2c_1atr,demand,1934.35,1929.75,2022-03-30 17:45:00+00:00,2022-03-30 17:00:00+00:00,2022-03-30 17:15:00+00:00,2022-03-30 17:30:00+00:00,2,1.105769230769196,1.105769230769196,0.3130434782608876,2022-03-30 18:30:00+00:00,2022-03-30 18:45:00+00:00,1937.31,1929.4181428571428,7.891857142857134,0.75,True,179360,179361,2,1937.31,0.8256880733944505,0.0392809948771721,1.1391488514381938,0.6779139438481074,-1.0,stop,2022,2022-03,2022-03-30,0.0380138660101732,-1.0380138660101732,0.03-0.05R,1,1,1,1.0,9,4,2,1.0,2,2,0.7978260869565533,14,4,0.7978260869565533,True,True,True,True,True,5,5,37,7,False,14,Wednesday,ny_main,bull,0.838,high,above,above,0.7471837488457551,0.2400000000000849,0.5077152886677712,1.529622185497574,True,above_value,mid_volume,False,False,0.9883605162644994,0.5849056603773585,True,True,0.4265536723163952,True,True,False,True,False,False,True,False,False,False,True,True,True,True,True,True,True,True,True,True,True,True,True,False,False,False,False,False,False,False,True,True,False,False,False,False,True,False,True,True,True
9096,15min,m15_2c_1atr,supply,1931.89,1926.9,2022-04-06 17:30:00+00:00,2022-04-06 16:45:00+00:00,2022-04-06 17:00:00+00:00,2022-04-06 17:15:00+00:00,2,1.0852713178294282,1.2307963354475056,0.2605210420842043,2022-04-06 17:30:00+00:00,2022-04-06 17:35:00+00:00,1925.32,1932.3937142857144,7.073714285714459,0.0,True,180726,180727,0,1925.31,0.331658291457326,1.3811697229178084,1.2412149608207106,-0.8453833104450905,1.0,tp1,2022,2022-04,2022-04-06,0.0424105339688171,0.9575894660311828,0.03-0.05R,7,4,2,1.0,41,4,2,1.0,2,2,1.0,19,4,1.0,True,True,True,True,True,11,7,79,7,True,13,Wednesday,ny_main,bear,0.894,high,below,below,0.7853595732940859,0.1903114186851774,-0.3956840079211052,-0.2063264309427163,True,above_value,mid_volume,False,False,0.8687091041279348,0.7058823529411765,True,True,0.2765027322404314,True,True,True,False,True,False,True,False,False,True,True,True,False,False,False,True,True,True,True,True,True,True,True,False,False,False,False,False,False,False,True,True,False,False,False,False,True,False,True,True,True
9242,15min,m15_2c_1atr,supply,1946.86,1940.7,2022-04-21 18:45:00+00:00,2022-04-21 17:45:00+00:00,2022-04-21 18:00:00+00:00,2022-04-21 18:30:00+00:00,3,1.74706649282917,1.606258148631004,0.2889610389610413,2022-04-21 18:50:00+00:00,2022-04-21 19:00:00+00:00,1939.98,1947.2522857142856,7.272285714285545,0.0833333333333333,True,183503,183504,1,1940.01,0.5138888888889569,0.2323891093387942,1.193572466899813,0.5101559737555663,-1.0,stop,2022,2022-04,2022-04-21,0.0412525046163526,-1.0412525046163528,0.03-0.05R,6,3,2,1.0,14,3,2,1.0,0,0,0.0,11,4,0.4594155844155834,True,True,True,False,True,6,3,36,7,False,15,Thursday,ny_main,bear,0.876,high,below,below,1.3242473555736791,0.2477477477477242,-0.7778212518440139,-1.2590911449978184,True,below_value,hvn,False,True,-1.095941539307773,0.8604651162790697,True,False,0.2231866088034678,True,True,True,False,True,False,True,False,False,True,True,True,True,False,False,False,True,True,True,True,True,True,True,False,False,False,True,False,False,True,False,False,False,False,True,False,True,False,True,True,True
9331,15min,m15_2c_1atr,supply,1913.86,1908.21,2022-04-29 18:15:00+00:00,2022-04-29 17:30:00+00:00,2022-04-29 17:45:00+00:00,2022-04-29 18:00:00+00:00,2,1.1254865118775954,1.0616024694671538,0.3486725663716946,2022-04-29 18:40:00+00:00,2022-04-29 19:05:00+00:00,1908.09,1914.2974285714288,6.207428571428636,0.4166666666666667,True,185160,185161,4,1908.09,0.8944444444445377,8.638037374574136,0.5638405596980518,7.109223971278559,1.0,tp1,2022,2022-04,2022-04-29,0.0483291908312615,0.9516708091687384,0.03-0.05R,1,1,1,0.0371681415928874,8,4,2,0.4884955752212491,1,1,0.2566371681416071,1,1,0.2566371681416071,True,True,True,True,True,3,3,10,5,True,15,Friday,ny_main,bull,0.93,high,below,below,0.7130977130976727,0.4551495016610947,-0.1659186804728167,-0.4439112829975823,True,value_low_half,hvn,False,True,-0.6790251311792487,0.9714285714285714,False,False,,True,True,True,False,True,False,True,False,False,False,False,False,True,True,True,True,True,True,True,True,True,False,True,False,False,False,True,True,False,False,False,False,False,False,False,False,True,False,True,True,True
9360,15min,m15_2c_1atr,demand,1864.0,1856.79,2022-05-03 16:15:00+00:00,2022-05-03 15:30:00+00:00,2022-05-03 15:45:00+00:00,2022-05-03 16:00:00+00:00,2,1.5150360016941742,2.137653536637038,0.0596393897364541,2022-05-03 16:15:00+00:00,2022-05-03 16:35:00+00:00,1867.33,1856.2385714285713,11.09142857142865,0.0,True,185682,185683,3,1867.28,0.7793427230046815,0.971921689850583,0.531942297784631,-0.277691911385875,-0.277691911385875,time,2022,2022-05,2022-05-03,0.0270479134466767,-0.3047398248325518,<=0.03R,14,4,2,0.6588072122052672,14,4,2,0.6588072122052672,2,2,1.0,2,2,1.0,True,True,True,True,True,18,7,18,7,False,12,Tuesday,ny_main,bear,0.814,high,above,above,0.8950146627565957,0.9587242026266788,1.3058500367728931,1.9749151061006336,True,value_low_half,hvn,True,True,-0.2123261205564143,0.9772727272727272,False,False,,True,True,False,True,False,True,True,True,False,False,False,True,True,True,True,True,True,True,True,True,True,False,True,False,False,False,True,True,False,False,False,False,False,True,True,False,True,False,True,True,True
9386,15min,m15_2c_1atr,demand,1896.02,1894.25,2022-05-05 13:15:00+00:00,2022-05-05 12:15:00+00:00,2022-05-05 12:30:00+00:00,2022-05-05 13:00:00+00:00,3,1.0500846842487837,0.599564481006531,0.3050847457626944,2022-05-05 13:40:00+00:00,2022-05-05 14:10:00+00:00,1900.12,1893.962142857143,6.157857142856983,0.4166666666666667,True,186205,186206,5,1900.13,0.9401330376940172,1.5671035842710217,1.159494258206714,-2.848393457835586,1.0,tp1,2022,2022-05,2022-05-05,0.0487182461431401,0.95128175385686,0.03-0.05R,5,4,2,1.0,5,4,2,1.0,0,0,0.0,8,4,1.0,True,True,True,False,True,5,3,21,7,True,10,Thursday,london_ny_overlap,bull,0.548,mid,above,above,0.94407278565694,0.904081632653053,1.0681555849988835,1.2631651143776823,True,value_high_half,hvn,False,True,4.447163902099638,0.8795180722891566,True,True,0.1686746987951817,True,True,True,True,False,False,True,False,False,False,False,False,True,True,True,False,True,True,True,True,True,True,True,False,False,False,True,False,True,False,False,True,True,False,False,False,True,False,True,True,True
9390,15min,m15_2c_1atr,supply,1886.35,1882.79,2022-05-05 18:30:00+00:00,2022-05-05 17:45:00+00:00,2022-05-05 18:00:00+00:00,2022-05-05 18:15:00+00:00,2,1.0845964503174108,0.6456794921621926,0.1376404494382069,2022-05-05 18:30:00+00:00,2022-05-05 18:50:00+00:00,1879.81,1886.9361428571428,7.126142857142895,0.0,True,186261,186262,3,1879.81,0.5953608247422373,1.9267084978850433,1.1857747128280176,-1.2348896417617097,1.0,tp1,2022,2022-05,2022-05-05,0.0420985105146039,0.957901489485396,0.03-0.05R,0,0,0,0.0,5,4,2,0.7022471910112468,1,1,0.8904494382022174,5,4,0.8904494382022174,False,True,False,True,True,2,2,15,7,True,14,Thursday,ny_main,bull,0.99,high,below,below,0.4374999999999987,0.080206985769714,-1.52652211286264,-2.620138420672005,True,value_low_half,mid_volume,False,True,-2.3406771846119887,0.6021505376344086,True,False,0.1432038834951426,True,True,True,False,True,False,True,False,False,False,False,True,True,False,False,True,True,False,True,False,True,False,True,False,False,False,False,True,False,False,False,False,True,False,False,False,True,False,True,True,True
9434,15min,m15_2c_1atr,supply,1859.87,1856.9,2022-05-10 18:00:00+00:00,2022-05-10 17:15:00+00:00,2022-05-10 17:30:00+00:00,2022-05-10 17:45:00+00:00,2,2.2051093548980045,0.7641977577650737,0.0875420875420903,2022-05-11 16:45:00+00:00,2022-05-11 17:10:00+00:00,1850.52,1860.6907142857144,10.170714285714212,22.75,True,187345,187346,4,1850.48,0.6658163265305743,1.4590912283165978,0.8101692534588171,0.9399536484303688,1.0,tp1,2022,2022-05,2022-05-11,0.0294964534026268,0.9705035465973731,<=0.03R,3,3,2,1.0,4,4,2,1.0,5,4,1.0,7,4,1.0,True,True,True,True,True,13,7,18,7,True,13,Wednesday,ny_main,bear,0.986,high,below,below,0.414696160691573,0.3652777777777706,-0.1220219644607951,-0.0368916890654802,True,above_value,lvn,False,False,1.3406138071493874,0.1785714285714285,True,True,0.3473913043478265,True,True,True,False,True,True,True,True,False,False,False,False,True,True,False,True,True,True,True,True,True,True,True,False,False,True,False,False,False,False,True,True,True,False,True,True,True,False,True,True,True
9515,15min,m15_2c_1atr,demand,1811.93,1808.18,2022-05-18 15:45:00+00:00,2022-05-18 15:00:00+00:00,2022-05-18 15:15:00+00:00,2022-05-18 15:30:00+00:00,2,1.7567178502878449,1.2595969289827305,0.0826666666666521,2022-05-18 15:50:00+00:00,2022-05-18 16:05:00+00:00,1813.73,1807.7025714285712,6.0274285714285725,0.0833333333333333,True,188711,188712,2,1813.73,0.8762886597937741,5.182973075464544,0.6619738339021629,5.045269245354582,1.0,tp1,2022,2022-05,2022-05-18,0.0497724687144482,0.9502275312855518,0.03-0.05R,5,3,2,1.0,18,3,2,1.0,5,4,0.6506666666666205,5,4,0.6506666666666205,True,True,True,True,True,15,7,28,7,True,12,Wednesday,ny_main,bear,0.712,high,below,below,0.6606813996317372,0.7758620689655299,0.5504181371588397,0.2965112503483422,True,value_low_half,mid_volume,False,True,-0.944847364429265,0.6304347826086957,False,False,,True,True,True,True,False,False,True,False,False,False,True,True,True,True,True,True,True,True,True,True,True,False,False,True,False,False,False,True,False,False,False,False,False,False,True,False,True,False,True,True,True
9657,15min,m15_2c_1atr,demand,1852.18,1850.94,2022-06-02 12:30:00+00:00,2022-06-02 11:30:00+00:00,2022-06-02 11:45:00+00:00,2022-06-02 12:15:00+00:00,3,1.2895522388058558,0.7402985074626762,0.0241935483870745,2022-06-02 15:30:00+00:00,2022-06-02 15:50:00+00:00,1856.5,1850.477142857143,6.022857142856992,3.0,True,191698,191699,3,1856.53,0.7660256410255711,2.915559772296079,0.1776565464895574,1.293406072106288,1.0,tp1,2022,2022-06,2022-06-02,0.0498102466793181,0.950189753320682,0.03-0.05R,3,3,2,1.0,16,4,2,1.0,10,4,1.0,18,4,1.0,True,True,True,True,True,23,7,52,7,True,11,Thursday,london_ny_overlap,bull,0.76,high,inside,above,1.324080051646261,0.5862068965517174,0.4714205018635775,1.0468231545486375,True,above_value,hvn,False,False,0.881641366223922,0.7857142857142857,True,True,0.2337228714524165,True,False,False,True,False,False,True,False,False,False,False,True,True,True,True,True,True,True,True,True,True,True,False,False,True,False,True,False,False,False,True,True,True,False,False,False,True,False,True,True,True
10063,15min,m15_2c_1atr,demand,1704.22,1697.98,2022-07-14 17:45:00+00:00,2022-07-14 17:00:00+00:00,2022-07-14 17:15:00+00:00,2022-07-14 17:30:00+00:00,2,1.2836300361397266,1.169321375987155,0.1201923076923075,2022-07-14 18:25:00+00:00,2022-07-14 18:35:00+00:00,1707.72,1697.4488571428572,10.271142857142875,0.6666666666666666,True,199921,199922,1,1707.72,0.8567164179105063,0.8606637180449985,0.8421652897159938,-0.3115524771203687,-0.3115524771203687,time,2022,2022-07,2022-07-14,0.0292080447300341,-0.3407605218504029,<=0.03R,0,0,0,0.0,0,0,0,0.0,0,0,0.0,0,0,0.0,False,False,False,False,False,0,0,0,0,False,14,Thursday,ny_main,bear,0.978,high,below,below,0.6915535444947326,0.896511627906964,0.8378028445089223,0.5391025222193914,True,below_value,mid_volume,False,False,-2.6433280480681005,0.2906976744186046,False,False,,False,False,False,True,False,True,True,True,False,True,True,True,True,True,True,False,False,False,False,False,False,False,False,True,False,False,False,False,False,True,False,False,False,False,False,False,True,False,True,True,True
10196,15min,m15_2c_1atr,demand,1736.91,1735.39,2022-07-28 08:45:00+00:00,2022-07-28 08:00:00+00:00,2022-07-28 08:15:00+00:00,2022-07-28 08:30:00+00:00,2,1.1230692575984726,1.0602889885400764,0.1184210526316222,2022-07-28 15:20:00+00:00,2022-07-28 15:35:00+00:00,1744.65,1734.9738571428572,9.67614285714285,6.583333333333333,True,202645,202646,2,1744.41,0.9273885350318544,2.4028169429967687,0.3730825446975759,1.0045325026205638,1.0,tp1,2022,2022-07,2022-07-28,0.031004089587055,0.968995910412945,0.03-0.05R,10,4,2,1.0,10,4,2,1.0,3,3,0.9210526315790182,6,3,1.0,True,True,True,True,True,16,7,22,7,True,11,Thursday,london_ny_overlap,bull,0.892,high,above,above,0.8476944573823633,0.9771126760563388,2.1623842687434403,2.178232578651152,True,value_low_half,hvn,False,True,-0.2687021097544679,0.8767123287671232,True,True,0.1619870410367172,True,True,True,True,False,False,True,False,False,False,True,True,True,True,True,True,True,True,True,True,True,True,True,False,False,False,True,True,False,False,False,True,False,False,False,False,True,False,True,True,True
10247,15min,m15_2c_1atr,supply,1788.0,1784.93,2022-08-02 16:30:00+00:00,2022-08-02 15:30:00+00:00,2022-08-02 15:45:00+00:00,2022-08-02 16:15:00+00:00,3,2.2281563768425494,0.9181798760948248,0.0684039087948015,2022-08-02 17:10:00+00:00,2022-08-02 17:35:00+00:00,1782.12,1788.6337142857142,6.513714285714286,0.6666666666666666,True,203497,203498,4,1782.15,0.841849148418419,4.274059127993671,0.0122817791034538,3.775111851916822,1.0,tp1,2022,2022-08,2022-08-02,0.0460566716378629,0.953943328362137,0.03-0.05R,2,2,2,1.0,2,2,2,1.0,0,0,0.0,0,0,0.0,True,True,True,False,False,2,2,2,2,True,13,Tuesday,ny_main,bull,0.982,high,above,above,0.6619385342789499,0.3251461988303992,-0.3340456592041123,0.0806532558855895,True,above_value,lvn,False,False,2.259079743837201,0.1041666666666666,False,False,,False,False,True,False,True,False,True,False,False,False,False,False,True,True,True,False,False,True,True,False,False,False,False,True,False,True,False,False,False,False,True,False,True,False,True,True,True,False,True,True,True
10331,15min,m15_2c_1atr,demand,1796.77,1791.58,2022-08-10 17:45:00+00:00,2022-08-10 16:30:00+00:00,2022-08-10 16:45:00+00:00,2022-08-10 17:30:00+00:00,4,1.2637459570714749,1.0682152308144814,0.3121387283237189,2022-08-10 19:20:00+00:00,2022-08-10 19:30:00+00:00,1798.63,1791.3718571428572,7.258142857142957,1.5833333333333333,True,205176,205177,1,1798.56,1.0,0.2011533843761395,1.0057669218808545,-1.1325211092959513,-1.0,stop,2022,2022-08,2022-08-10,0.041332887200582,-1.041332887200582,0.03-0.05R,6,4,2,1.0,18,4,2,1.0,2,2,0.2177263969171671,2,2,0.2177263969171671,True,True,True,True,True,10,7,22,7,False,15,Wednesday,ny_main,bull,0.852,high,above,above,0.6105263157894825,0.6133333333333818,0.3159522605366041,0.7691058568785631,True,value_high_half,hvn,True,True,0.0585549235341516,0.975,False,False,,True,True,False,True,False,False,True,False,False,True,True,True,True,True,True,True,True,True,True,True,True,True,True,False,False,False,True,False,True,False,False,False,False,False,False,False,True,False,True,True,True
10495,15min,m15_2c_1atr,supply,1755.97,1741.38,2022-08-26 17:45:00+00:00,2022-08-26 17:00:00+00:00,2022-08-26 17:15:00+00:00,2022-08-26 17:30:00+00:00,2,1.7545931758530469,3.350721784776894,0.1322823851953443,2022-08-26 17:45:00+00:00,2022-08-26 17:55:00+00:00,1740.76,1756.7941428571428,16.034142857142797,0.0,True,208469,208470,1,1740.79,1.0,1.274779711152103,0.293748162403446,0.0168390666345911,1.0,tp1,2022,2022-08,2022-08-26,0.0187100740384359,0.981289925961564,<=0.03R,14,4,2,0.1734064427690189,48,4,2,0.2803289924605854,7,4,0.3522960932145393,16,4,0.420836189170674,True,True,True,True,True,28,7,80,7,True,13,Friday,ny_main,bear,1.0,high,below,below,0.6227871084884393,0.292753623188409,-1.103747510758607,-1.3826065701349115,True,below_value,lvn,True,True,-0.4100624560090423,0.2432432432432432,False,False,,True,True,True,False,True,True,True,True,True,True,True,True,True,True,True,True,True,True,True,True,True,True,True,False,False,True,False,False,False,True,False,False,False,True,True,False,True,False,True,True,True
10564,15min,m15_2c_1atr,demand,1711.81,1704.63,2022-09-02 16:15:00+00:00,2022-09-02 15:30:00+00:00,2022-09-02 15:45:00+00:00,2022-09-02 16:00:00+00:00,2,2.110531163647567,3.086275713847034,0.0501392757660039,2022-09-02 16:15:00+00:00,2022-09-02 17:00:00+00:00,1712.2,1704.150142857143,8.049857142857036,0.0,True,209838,209839,8,1712.2,0.6811023622047413,0.7167829065289607,0.5602583896786164,-0.0981383875490216,-0.0981383875490216,time,2022,2022-09,2022-09-02,0.0372677421072251,-0.1354061296562467,0.03-0.05R,5,4,2,1.0,13,4,2,1.0,2,2,0.2799442896935984,2,2,0.2799442896935984,True,True,True,True,True,9,7,17,7,False,13,Friday,ny_main,bear,0.884,high,above,above,0.763942307692299,0.28521126760568,0.7934655695328576,1.5475570682539743,True,above_value,mid_volume,False,True,1.6112087171023692,0.5918367346938775,True,False,0.3295838020247503,True,True,True,True,False,False,True,False,False,False,False,False,True,True,False,True,True,True,True,True,True,False,True,False,False,False,False,False,False,False,True,False,False,True,True,True,True,False,True,True,True
10767,15min,m15_2c_1atr,supply,1672.03,1669.73,2022-09-22 13:00:00+00:00,2022-09-22 12:15:00+00:00,2022-09-22 12:30:00+00:00,2022-09-22 12:45:00+00:00,2,1.2234563868017247,0.5259719046063251,0.1130434782608678,2022-09-22 14:00:00+00:00,2022-09-22 14:10:00+00:00,1665.74,1672.4262857142858,6.686285714285759,1.0,True,213623,213624,1,1665.71,0.6837416481068886,0.1495598666780607,1.0080335014101305,2.4423126228527203,-1.0,stop,2022,2022-09,2022-09-22,0.0448679600034182,-1.0448679600034183,0.03-0.05R,4,3,2,1.0,13,3,2,1.0,3,3,0.778260869565217,3,3,0.778260869565217,True,True,True,True,True,10,7,19,7,False,10,Thursday,london_ny_overlap,bear,0.948,high,inside,below,0.6179670500466102,0.0367965367965534,-0.4124631947399539,-0.1825127420918511,True,value_high_half,hvn,False,True,0.5429023160413766,0.75,True,True,0.5491452991453024,True,True,True,False,True,False,True,False,False,True,True,True,True,True,False,True,True,True,True,True,True,True,False,False,True,False,True,False,True,False,False,True,True,False,False,False,True,False,True,True,True
10798,15min,m15_2c_1atr,supply,1645.23,1642.35,2022-09-26 18:45:00+00:00,2022-09-26 18:00:00+00:00,2022-09-26 18:15:00+00:00,2022-09-26 18:30:00+00:00,2,2.3052099533437267,0.7838258164852614,0.0555555555555818,2022-09-27 14:40:00+00:00,2022-09-27 14:55:00+00:00,1637.73,1645.5452857142857,7.815285714285665,19.916666666666668,True,214460,214461,2,1637.73,0.9771241830065563,2.936552909134139,0.3493154440930822,0.3314018315754756,1.0,tp1,2022,2022-09,2022-09-27,0.038386312537701,0.9616136874622988,0.03-0.05R,4,4,2,1.0,13,4,2,1.0,4,4,0.8923611111110552,4,4,0.8923611111110552,True,True,True,True,True,12,7,21,7,True,10,Tuesday,london_ny_overlap,bear,0.582,mid,above,above,1.3000580383052147,0.0,-0.3535086658507343,0.1181727675096017,True,above_value,hvn,False,False,1.7964794267644062,0.8888888888888888,True,True,0.2745481191988218,True,True,True,False,True,False,True,False,False,False,True,True,True,True,True,True,True,True,True,True,True,True,False,True,False,False,True,False,False,False,True,True,True,False,True,True,True,False,True,True,True
10830,15min,m15_2c_1atr,demand,1629.18,1622.39,2022-09-28 15:15:00+00:00,2022-09-28 14:30:00+00:00,2022-09-28 14:45:00+00:00,2022-09-28 15:00:00+00:00,2,1.2437863564252185,1.6756566190727913,0.3210603829160641,2022-09-28 15:15:00+00:00,2022-09-28 15:20:00+00:00,1631.98,1621.8957142857143,10.08428571428567,0.0,True,214741,214742,0,1632.08,0.9252336448598766,3.0542569769089196,0.0029749256268566,2.2797846720498764,1.0,tp1,2022,2022-09,2022-09-28,0.0297492562685934,0.9702507437314066,<=0.03R,5,1,1,0.3284241531664256,18,4,2,0.4094256259205029,4,3,0.3151693667157414,4,3,0.3151693667157414,True,True,True,True,True,13,7,26,7,True,11,Wednesday,london_ny_overlap,bear,0.906,high,above,above,3.488327775130975,0.7686996547756005,1.6570341707906109,2.2633636301180364,True,value_low_half,mid_volume,False,True,-0.3436039099022458,0.4313725490196078,False,False,,True,True,True,True,False,True,True,True,False,True,True,True,True,True,True,True,True,True,True,True,True,False,True,False,False,False,False,True,False,False,False,False,False,False,False,False,True,False,True,True,True
10843,15min,m15_2c_1atr,demand,1644.82,1643.81,2022-09-29 12:30:00+00:00,2022-09-29 11:45:00+00:00,2022-09-29 12:00:00+00:00,2022-09-29 12:15:00+00:00,2,1.495002630194624,0.3719095213045756,0.0495049504950049,2022-09-29 17:20:00+00:00,2022-09-29 17:45:00+00:00,1650.45,1643.184857142857,7.265142857143019,4.833333333333333,True,215046,215047,4,1650.43,0.8548895899053547,3.424571338681676,0.1720544281893936,3.014393581878158,1.0,tp1,2022,2022-09,2022-09-29,0.0412930627654544,0.9587069372345456,0.03-0.05R,3,2,1,1.0,9,2,1,1.0,1,1,1.0,1,1,1.0,True,True,True,True,True,5,5,11,5,True,13,Thursday,ny_main,bull,0.96,high,above,above,0.7018688816375181,0.9556074766355008,0.3175485249009891,0.4731310443601726,True,below_value,mid_volume,False,False,-1.298666823973536,0.6976744186046512,False,False,,True,True,True,True,False,False,True,False,False,False,False,False,True,True,True,True,True,True,True,True,True,True,True,False,False,False,False,False,False,True,False,False,True,False,False,False,True,False,True,True,True
10860,15min,m15_2c_1atr,supply,1672.13,1668.57,2022-09-30 13:30:00+00:00,2022-09-30 12:15:00+00:00,2022-09-30 12:30:00+00:00,2022-09-30 13:15:00+00:00,4,1.5123263110712135,1.116987897803704,0.3314606741573052,2022-09-30 15:30:00+00:00,2022-09-30 15:55:00+00:00,1665.17,1672.5945714285715,7.424571428571426,2.0,True,215300,215301,4,1665.15,0.7666666666666523,0.4269606711306187,1.0115061956438074,-0.4969983837450704,-1.0,stop,2022,2022-09,2022-09-30,0.0404063726622027,-1.0404063726622028,0.03-0.05R,5,4,2,1.0,5,4,2,1.0,4,4,0.9943820224719156,12,4,1.0,True,True,True,True,True,13,7,29,7,False,11,Friday,london_ny_overlap,bull,0.704,high,below,below,1.34233835252441,0.1372997711670306,-0.3329500053798002,-0.5767859086362845,True,value_high_half,mid_volume,False,True,0.9562841530054526,0.4210526315789473,True,True,0.409602400600138,True,False,False,False,True,False,True,False,False,False,False,False,True,True,True,True,True,True,True,True,True,False,True,False,False,False,False,False,True,False,False,True,False,False,True,False,True,False,True,True,True
10861,15min,m15_2c_1atr,demand,1664.23,1662.22,2022-09-30 15:45:00+00:00,2022-09-30 15:00:00+00:00,2022-09-30 15:15:00+00:00,2022-09-30 15:30:00+00:00,2,1.6793686583990728,0.6344983089064213,0.1691542288556814,2022-09-30 15:55:00+00:00,2022-09-30 16:35:00+00:00,1669.47,1661.6462857142858,7.823714285714232,0.1666666666666666,True,215308,215309,7,1669.39,0.8764607679465763,0.7490048570280755,1.0774933352810294,2.7097104042654445,-1.0,stop,2022,2022-09,2022-09-30,0.038344958550926,-1.038344958550926,0.03-0.05R,6,4,2,0.6666666666667421,6,4,2,0.6666666666667421,4,4,0.8358208955224236,8,4,1.0,True,True,True,True,True,14,7,22,7,False,12,Friday,ny_main,bull,0.732,high,inside,inside,1.2813358697950166,0.8523809523809773,0.9247161013026756,0.8011988678229295,True,value_low_half,hvn,True,True,-0.0031954132125887,1.0,True,True,0.2488372093023134,False,True,True,True,False,False,True,False,False,False,False,False,True,True,True,True,True,True,True,True,True,True,False,False,True,False,True,True,False,False,False,True,True,False,True,False,True,False,True,True,True
10947,15min,m15_2c_1atr,demand,1664.19,1662.68,2022-10-11 14:15:00+00:00,2022-10-11 13:30:00+00:00,2022-10-11 13:45:00+00:00,2022-10-11 14:00:00+00:00,2,2.071927554980576,0.5469598965071041,0.1721854304635711,2022-10-11 17:05:00+00:00,2022-10-11 17:35:00+00:00,1668.6,1662.1967142857145,6.40328571428563,2.8333333333333335,True,217252,217253,5,1668.59,0.584192439862464,2.3893982999799808,1.01354215469738,0.0359190594114661,1.0,tp1,2022,2022-10,2022-10-11,0.0468509470584304,0.9531490529415696,0.03-0.05R,8,4,2,1.0,8,4,2,1.0,2,2,1.0,17,4,1.0,True,True,True,True,True,12,7,42,7,True,13,Tuesday,ny_main,bear,0.786,high,above,above,1.2332427536231458,0.7074829931972411,0.250271529513472,0.3813790548265376,True,below_value,mid_volume,False,False,-0.751957700287817,0.4814814814814814,True,True,0.2034346103038338,True,True,False,True,False,False,True,False,False,False,False,False,True,False,False,True,True,True,True,True,True,False,True,False,False,False,False,False,False,True,False,True,True,False,True,True,True,False,True,True,True
10975,15min,m15_2c_1atr,supply,1655.22,1644.77,2022-10-13 16:30:00+00:00,2022-10-13 15:45:00+00:00,2022-10-13 16:00:00+00:00,2022-10-13 16:15:00+00:00,2,1.2581224941241544,2.0226738559380726,0.1406698564593321,2022-10-13 16:30:00+00:00,2022-10-13 16:45:00+00:00,1643.9,1656.2404285714283,12.340428571428449,0.0,True,217794,217795,2,1643.86,0.4166666666667395,0.1231723834550777,1.1053100725837268,-0.1807068520426505,-1.0,stop,2022,2022-10,2022-10-13,0.0243103388398182,-1.0243103388398185,<=0.03R,1,1,1,1.0,1,1,1,1.0,0,0,0.0,6,4,0.3062200956937829,True,True,True,False,True,1,1,13,5,False,12,Thursday,ny_main,bear,1.0,high,below,below,0.2016666666666738,0.7330097087378791,-1.0378766095768754,-2.468726448784323,True,below_value,mid_volume,False,False,-1.6008358126020414,0.6493506493506493,True,True,0.1128480703468462,True,True,True,False,True,True,True,True,False,False,True,True,False,False,False,False,True,True,True,False,True,True,True,False,False,False,False,False,False,True,False,True,False,True,False,False,True,False,True,True,True
11027,15min,m15_2c_1atr,supply,1647.0,1641.93,2022-10-19 11:30:00+00:00,2022-10-19 10:45:00+00:00,2022-10-19 11:00:00+00:00,2022-10-19 11:15:00+00:00,2,1.7931555108203028,1.786109713135357,0.3471400394477343,2022-10-19 11:50:00+00:00,2022-10-19 12:00:00+00:00,1640.84,1647.2572857142857,6.417285714285754,0.3333333333333333,True,218841,218842,1,1640.85,0.6875000000000999,2.8641392667126375,0.2103693150197212,0.9240666948642862,1.0,tp1,2022,2022-10,2022-10-19,0.0467487366710444,0.9532512633289556,0.03-0.05R,4,4,2,0.1972386587771228,8,4,2,0.4398422090729874,0,0,0.0,4,4,0.8560157790926968,True,True,True,False,True,4,3,16,7,True,8,Wednesday,london_ny_overlap,bear,0.836,high,inside,inside,2.131313131313099,0.5893719806763598,-0.1331717629208424,-0.7835830658292003,True,below_value,lvn,False,False,-1.135215155495173,0.075,True,True,0.1128480703468462,True,True,True,False,True,False,True,False,False,True,True,True,True,True,False,False,True,True,True,True,True,True,False,False,True,True,False,False,False,True,False,True,False,False,True,False,True,False,True,True,True
11058,15min,m15_2c_1atr,demand,1635.77,1629.31,2022-10-21 16:45:00+00:00,2022-10-21 16:00:00+00:00,2022-10-21 16:15:00+00:00,2022-10-21 16:30:00+00:00,2,1.838125311617044,1.5030746219046047,0.2167182662538476,2022-10-21 17:35:00+00:00,2022-10-21 17:45:00+00:00,1639.97,1628.649571428571,11.320428571428693,0.8333333333333334,True,219462,219463,1,1639.99,0.5802047781569994,2.69424428656156,0.2959251921305441,0.8939590878689408,1.0,tp1,2022,2022-10,2022-10-21,0.026500763474376,0.973499236525624,<=0.03R,2,2,2,1.0,10,4,2,1.0,4,2,0.6315789473684414,10,4,0.6315789473684414,True,True,True,True,True,10,6,30,7,True,13,Friday,ny_main,bear,1.0,high,above,above,0.5383886255924005,0.1207243460764398,0.43077900395267,1.391577762884797,True,value_high_half,mid_volume,False,True,0.5556326741794136,0.6607142857142857,True,True,0.2481012658227829,True,True,True,True,False,True,True,True,False,True,True,True,True,False,False,True,True,True,True,True,True,False,True,False,False,False,False,False,True,False,False,True,False,False,True,False,True,False,True,True,True
11253,15min,m15_2c_1atr,demand,1737.11,1728.7,2022-11-10 16:30:00+00:00,2022-11-10 15:45:00+00:00,2022-11-10 16:00:00+00:00,2022-11-10 16:15:00+00:00,2,1.5294302307329717,1.8480615288023592,0.1581450653983564,2022-11-10 16:35:00+00:00,2022-11-10 16:40:00+00:00,1738.14,1727.9262857142858,10.213714285714332,0.0833333333333333,True,223313,223314,0,1738.1,0.3362445414847632,2.7874286673380007,0.0655980754168133,2.323346760657908,1.0,tp1,2022,2022-11,2022-11-10,0.0293722725746893,0.9706277274253108,<=0.03R,0,0,0,0.0,0,0,0,0.0,0,0,0.0,0,0,0.0,False,False,False,False,False,0,0,0,0,True,11,Thursday,london_ny_overlap,bull,0.982,high,above,above,0.2698436788587015,0.769087523277461,2.276163792134558,4.425083639695467,True,above_value,mid_volume,False,False,2.609726418261147,0.4567901234567901,False,False,,True,True,False,True,False,True,True,True,False,True,True,True,False,False,False,False,False,False,False,False,False,True,True,False,False,False,False,False,False,False,True,False,False,False,True,False,True,False,True,True,True
11288,15min,m15_2c_1atr,supply,1786.54,1775.45,2022-11-15 16:45:00+00:00,2022-11-15 15:30:00+00:00,2022-11-15 15:45:00+00:00,2022-11-15 16:30:00+00:00,4,1.7241647241647011,3.0159285159284925,0.2110009017132493,2022-11-15 20:30:00+00:00,2022-11-15 21:15:00+00:00,1774.73,1787.3638571428571,12.633857142857096,3.75,True,224196,224197,8,1774.87,0.523452157598542,0.3482705202573668,0.8168526747854384,0.1005235365288273,0.1005235365288273,time,2022,2022-11,2022-11-15,0.0237457172902745,0.0767778192385528,<=0.03R,7,4,2,1.0,7,4,2,1.0,1,1,0.8115419296663721,1,1,0.8115419296663721,True,True,True,True,True,9,5,9,5,True,16,Tuesday,ny_main,bull,0.944,high,inside,below,0.7688838782412308,0.2980295566502592,-0.0848938256098205,0.0906325044781488,True,above_value,mid_volume,False,True,0.8109162454628662,0.3846153846153846,False,False,,True,True,True,False,True,True,True,True,False,False,False,False,True,False,False,True,True,True,True,True,True,False,False,False,True,False,False,False,False,False,True,False,False,True,True,False,True,False,True,True,True
11317,15min,m15_2c_1atr,supply,1766.65,1764.58,2022-11-17 14:45:00+00:00,2022-11-17 14:00:00+00:00,2022-11-17 14:15:00+00:00,2022-11-17 14:30:00+00:00,2,1.239867907535279,0.8700090063044714,0.1690821256039172,2022-11-17 15:00:00+00:00,2022-11-17 15:05:00+00:00,1759.75,1767.046857142857,7.296857142857334,0.25,True,224674,224675,0,1759.74,0.8017543859648947,0.7208582951564073,1.0374329456908682,-0.0808567289243768,-1.0,stop,2022,2022-11,2022-11-17,0.0411135909785023,-1.0411135909785023,0.03-0.05R,3,1,1,0.7584541062802124,14,4,2,0.9806763285023248,1,1,0.8260869565216914,1,1,0.8260869565216914,True,True,True,True,True,5,5,16,5,False,10,Thursday,london_ny_overlap,bear,0.714,high,below,below,1.1100381194409468,0.3834586466165336,-1.2441649341198828,-1.6232433866863456,True,below_value,mid_volume,False,True,-1.2519088452953964,0.6363636363636364,False,False,,True,True,True,False,True,False,True,False,False,True,True,True,True,True,True,True,True,True,True,True,True,True,True,False,False,False,False,False,False,True,False,False,True,False,False,False,True,False,True,True,True
11377,15min,m15_2c_1atr,demand,1744.58,1743.02,2022-11-23 20:45:00+00:00,2022-11-23 19:45:00+00:00,2022-11-23 20:00:00+00:00,2022-11-23 20:30:00+00:00,3,1.5487465181058695,0.8690807799442791,0.089743589743657,2022-11-23 20:50:00+00:00,2022-11-23 21:05:00+00:00,1751.25,1742.6592857142855,8.590714285714284,0.0833333333333333,True,225850,225851,2,1751.25,0.6997219647821892,0.8613951941465144,0.4027604556414776,0.1629666583520518,0.1629666583520518,time,2022,2022-11,2022-11-23,0.0349214267897231,0.1280452315623287,0.03-0.05R,1,1,1,1.0,10,3,2,1.0,0,0,0.0,0,0,0.0,True,True,True,False,False,1,1,10,3,True,16,Wednesday,ny_main,bear,0.8,high,above,above,0.9613193403299244,0.6431881371640344,1.8386377074367897,2.729523713452866,True,above_value,mid_volume,False,False,0.7042487735927445,0.6666666666666666,False,False,,True,True,False,True,False,False,True,False,False,False,True,True,True,True,False,False,False,True,True,False,True,False,True,False,False,False,False,False,False,False,True,False,True,False,True,False,True,False,True,True,True
11731,15min,m15_2c_1atr,supply,1822.98,1818.6,2022-12-30 17:15:00+00:00,2022-12-30 16:30:00+00:00,2022-12-30 16:45:00+00:00,2022-12-30 17:00:00+00:00,2,1.8318407960198952,1.5253731343283945,0.2237442922374415,2022-12-30 17:20:00+00:00,2022-12-30 17:40:00+00:00,1816.82,1823.4018571428571,6.581857142857189,0.0833333333333333,True,232900,232901,3,1816.79,0.7159090909090895,0.3798320057300344,1.0939161765025065,-2.196948321142525,-1.0,stop,2022,2022-12,2022-12-30,0.0455798406876041,-1.0455798406876042,0.03-0.05R,8,4,2,0.5205479452055122,12,4,2,0.5570776255707748,2,2,1.0,9,3,1.0,True,True,True,True,True,12,7,30,7,False,12,Friday,ny_main,bull,0.932,high,below,below,0.7522388059701198,0.032142857142907,-0.6815958049794428,-0.7723206940281367,True,above_value,mid_volume,False,True,0.6138085212597302,0.4074074074074074,False,False,,False,True,True,False,True,False,True,False,False,False,False,True,True,True,True,True,True,True,True,True,True,False,True,False,False,False,False,False,False,False,True,False,False,False,True,False,True,False,True,True,True
11782,15min,m15_2c_1atr,supply,1836.33,1831.42,2023-01-05 17:30:00+00:00,2023-01-05 16:00:00+00:00,2023-01-05 16:15:00+00:00,2023-01-05 17:15:00+00:00,5,1.7512402551381776,1.2179305457122187,0.285132382892084,2023-01-05 18:15:00+00:00,2023-01-05 18:55:00+00:00,1830.17,1836.6527142857144,6.48271428571411,0.75,True,233743,233744,7,1830.15,0.2827586206895459,0.0709579320831296,1.0767094911743638,-4.9793957557461805,-1.0,stop,2023,2023-01,2023-01-05,0.0462769122281244,-1.0462769122281244,0.03-0.05R,3,3,2,1.0,6,4,2,1.0,0,0,0.0,2,2,0.3849287169042624,True,True,True,False,True,3,3,10,7,False,13,Thursday,ny_main,bear,0.966,high,below,below,0.826021180030255,0.5219780219780652,-0.1644029195449823,-1.1897942770824157,True,below_value,lvn,False,False,-2.834460873972619,0.2428571428571428,False,False,,True,True,False,False,True,False,True,False,False,False,False,False,False,False,False,False,True,True,True,True,True,True,True,False,False,True,False,False,False,True,False,False,False,False,True,False,True,False,True,True,True
11843,15min,m15_2c_1atr,demand,1878.37,1877.25,2023-01-12 04:00:00+00:00,2023-01-12 02:45:00+00:00,2023-01-12 03:00:00+00:00,2023-01-12 03:45:00+00:00,4,2.2344523940559107,0.8629609246008599,0.2142857142857432,2023-01-12 15:30:00+00:00,2023-01-12 15:35:00+00:00,1893.91,1876.604142857143,17.30585714285712,11.5,True,235083,235084,0,1893.69,0.3496647756575522,0.9141413724502828,0.811863861120524,0.7170982574025234,0.7170982574025234,time,2023,2023-01,2023-01-12,0.0173351714118259,0.6997630859906975,<=0.03R,3,3,2,1.0,9,4,2,1.0,5,4,1.0,5,4,1.0,True,True,True,True,True,13,7,19,7,True,10,Thursday,london_ny_overlap,bull,0.942,high,above,above,1.494038155802883,0.7130784708249469,1.1345796611538288,1.6617838839912484,True,value_high_half,hvn,True,True,0.0323589866354052,0.9215686274509804,False,False,,True,True,True,True,False,True,True,True,True,True,True,True,False,False,False,True,True,True,True,True,True,True,True,False,False,False,True,False,True,False,False,False,True,False,True,True,True,False,True,True,True
11933,15min,m15_2c_1atr,demand,1925.43,1920.71,2023-01-20 17:30:00+00:00,2023-01-20 16:30:00+00:00,2023-01-20 16:45:00+00:00,2023-01-20 17:15:00+00:00,3,2.3679222357228684,1.6058323207776308,0.3495762711864579,2023-01-20 18:00:00+00:00,2023-01-20 18:05:00+00:00,1927.24,1920.354857142857,6.88514285714291,0.5,True,236737,236738,0,1927.24,0.4017857142857532,1.2040418291974293,1.0050626608017292,-1.1270644866793826,1.0,tp1,2023,2023-01,2023-01-20,0.0435720806705947,0.9564279193294052,0.03-0.05R,9,4,2,1.0,11,4,2,1.0,4,4,0.5423728813559175,4,4,0.5423728813559175,True,True,True,True,True,17,7,19,7,True,13,Friday,ny_main,bull,0.918,high,inside,inside,0.6530078465562594,0.6929577464788924,0.3456074035869435,0.2353284931731238,True,below_value,lvn,False,True,-0.8249647273632366,0.2051282051282051,True,True,0.141577060931893,False,True,True,True,False,False,True,False,False,True,True,True,False,False,False,True,True,True,True,True,True,True,False,False,True,True,False,False,False,True,False,True,False,False,True,True,True,False,True,True,True
11951,15min,m15_2c_1atr,supply,1922.63,1919.76,2023-01-23 16:30:00+00:00,2023-01-23 15:45:00+00:00,2023-01-23 16:00:00+00:00,2023-01-23 16:15:00+00:00,2,1.5466732869910795,0.997517378351581,0.0174216027874398,2023-01-23 16:50:00+00:00,2023-01-23 17:00:00+00:00,1916.67,1923.221142857143,6.55114285714285,0.3333333333333333,True,237000,237001,1,1916.67,0.9915966386554697,0.8074926948405903,1.1768938898338417,-2.4743774259671243,-1.0,stop,2023,2023-01,2023-01-23,0.0457935365694099,-1.04579353656941,0.03-0.05R,3,2,1,1.0,5,4,2,1.0,0,0,0.0,4,4,1.0,True,True,True,False,True,3,3,13,7,False,12,Monday,ny_main,bull,0.976,high,below,below,0.6687046236148272,0.5280898876404456,-1.0680501137795988,-1.9235973472678387,True,value_low_half,mid_volume,False,True,-0.8479436521435496,0.6,True,False,0.4236354531797643,True,True,True,False,True,False,True,False,False,True,True,True,True,True,True,False,True,True,True,True,True,False,True,False,False,False,False,True,False,False,False,False,True,False,True,False,True,False,True,True,True
11953,15min,m15_2c_1atr,demand,1923.07,1919.24,2023-01-23 20:15:00+00:00,2023-01-23 19:00:00+00:00,2023-01-23 19:15:00+00:00,2023-01-23 20:00:00+00:00,4,1.5685953792680458,1.096299325291329,0.321148825065285,2023-01-24 16:55:00+00:00,2023-01-24 17:15:00+00:00,1928.11,1918.633857142857,9.476142857142804,20.666666666666668,True,237279,237280,3,1928.18,0.8391203703703607,1.2188503459816642,0.868496826617202,0.4463841526841887,1.0,tp1,2023,2023-01,2023-01-24,0.0316584505449777,0.9683415494550224,0.03-0.05R,3,2,2,1.0,15,4,2,1.0,0,0,0.0,7,4,1.0,True,True,True,False,True,3,3,29,7,True,12,Tuesday,ny_main,bull,0.95,high,below,below,0.5992639938020616,0.878787878787882,0.2440777461001183,-0.5224589101268328,True,below_value,mid_volume,False,False,-1.6457117874964318,0.7166666666666667,True,True,0.141577060931893,True,True,True,True,False,False,True,False,False,False,False,True,True,True,True,False,True,True,True,True,True,True,False,True,False,False,False,False,False,True,False,True,False,False,True,False,True,False,True,True,True
12012,15min,m15_2c_1atr,demand,1931.45,1927.82,2023-01-27 15:30:00+00:00,2023-01-27 14:30:00+00:00,2023-01-27 14:45:00+00:00,2023-01-27 15:15:00+00:00,3,1.0293406972730847,1.754228512254093,0.2148760330578372,2023-01-27 15:30:00+00:00,2023-01-27 15:35:00+00:00,1934.18,1927.4775714285713,6.702428571428754,0.0,True,238087,238088,0,1934.22,0.383073496659248,0.0522198776562716,1.0637935076837692,-1.0563335251614496,-1.0,stop,2023,2023-01,2023-01-27,0.0447598951339587,-1.0447598951339587,0.03-0.05R,9,4,2,0.4407713498622833,27,4,2,0.9201101928374154,1,1,0.1046831955923134,1,1,0.1046831955923134,True,True,True,True,True,11,5,29,5,False,10,Friday,london_ny_overlap,bear,0.561,mid,above,above,1.0363516192994018,0.5100222717149129,0.6512199067830077,1.4492516381942393,True,value_low_half,hvn,True,True,-0.1663576102478813,0.8666666666666667,False,False,,True,True,False,True,False,False,True,False,False,True,True,True,False,False,False,True,True,True,True,True,True,False,True,False,False,False,True,True,False,False,False,False,False,False,False,False,True,False,True,True,True
12156,15min,m15_2c_1atr,supply,1868.54,1866.33,2023-02-10 17:00:00+00:00,2023-02-10 16:15:00+00:00,2023-02-10 16:30:00+00:00,2023-02-10 16:45:00+00:00,2,1.826086956521771,0.7155411655874306,0.2624434389140928,2023-02-10 17:15:00+00:00,2023-02-10 17:25:00+00:00,1862.72,1869.1011428571428,6.381142857142777,0.25,True,240869,240870,1,1862.72,0.7014925373134248,1.6439061520551843,0.6111757857974252,1.5279394644936164,1.0,tp1,2023,2023-02,2023-02-10,0.0470135219844189,0.952986478015581,0.03-0.05R,4,3,2,1.0,11,3,2,1.0,0,0,0.0,0,0,0.0,True,True,True,False,False,4,3,11,3,True,12,Friday,ny_main,bear,0.84,high,inside,inside,0.6745005875440765,0.5102803738317878,-0.1007105158968003,-0.0443868927231034,True,value_high_half,hvn,False,True,0.5774827617086045,0.75,False,False,,False,True,True,False,True,False,True,False,False,True,True,True,True,True,True,False,False,True,True,True,True,True,False,False,True,False,True,False,True,False,False,False,True,False,True,False,True,False,True,True,True
12183,15min,m15_2c_1atr,demand,1857.2,1853.75,2023-02-14 14:30:00+00:00,2023-02-14 13:30:00+00:00,2023-02-14 13:45:00+00:00,2023-02-14 14:15:00+00:00,3,1.813783962889392,1.6003976143141572,0.1971014492753781,2023-02-14 15:30:00+00:00,2023-02-14 15:35:00+00:00,1865.39,1853.0041428571428,12.385857142857276,1.0,True,241399,241400,0,1865.36,0.2621595330739245,0.1429049261254165,1.1109445104439268,-2.295359915110533,-1.0,stop,2023,2023-02,2023-02-14,0.0242211739195623,-1.0242211739195624,<=0.03R,10,4,2,1.0,15,4,2,1.0,6,4,0.7275362318840457,6,4,0.7275362318840457,True,True,True,True,True,22,7,27,7,False,10,Tuesday,london_ny_overlap,bear,0.924,high,above,above,0.9263551401869063,0.5666342412451311,0.5427539772682844,0.6038598396998822,True,value_low_half,hvn,False,True,-0.2240458587559593,0.7631578947368421,False,False,,False,True,True,True,False,True,True,True,False,True,True,True,False,False,False,True,True,True,True,True,True,False,True,False,False,False,True,True,False,False,False,False,False,False,True,False,True,False,True,True,True
12184,15min,m15_2c_1atr,supply,1866.55,1858.72,2023-02-14 16:30:00+00:00,2023-02-14 15:45:00+00:00,2023-02-14 16:00:00+00:00,2023-02-14 16:15:00+00:00,2,2.3571705676968824,1.4175611017716163,0.1213282247764785,2023-02-14 17:00:00+00:00,2023-02-14 17:40:00+00:00,1856.54,1867.3504285714284,10.810428571428474,0.5,True,241424,241425,7,1856.54,0.9027027027027308,2.4032349715222305,0.3274615781057969,1.9286931930807645,1.0,tp1,2023,2023-02,2023-02-14,0.0277509811954068,0.9722490188045932,<=0.03R,7,4,2,1.0,33,4,2,1.0,9,4,0.611749680715199,10,4,0.611749680715199,True,True,True,True,True,25,7,53,7,True,12,Tuesday,ny_main,bear,1.0,high,below,below,0.4612377850162817,0.0145190562613298,-0.2865183865123861,-0.3696389224261918,True,above_value,mid_volume,False,True,0.4056268418061952,0.5098039215686274,True,False,0.3798195242001713,True,True,True,False,True,True,True,True,False,False,False,False,True,True,True,True,True,True,True,True,True,True,True,False,False,False,False,False,False,False,True,False,False,False,True,True,True,False,True,True,True
12273,15min,m15_2c_1atr,supply,1830.13,1829.12,2023-02-23 10:30:00+00:00,2023-02-23 09:45:00+00:00,2023-02-23 10:00:00+00:00,2023-02-23 10:15:00+00:00,2,1.0824215900801388,0.5156819839534117,0.0495049504949937,2023-02-23 16:15:00+00:00,2023-02-23 16:35:00+00:00,1824.52,1830.7985714285712,6.2785714285714675,5.75,True,243311,243312,3,1824.53,0.5957446808510677,2.4671217292377565,0.8202502844141163,2.127872582480062,1.0,tp1,2023,2023-02,2023-02-23,0.04778156996587,0.95221843003413,0.03-0.05R,3,2,1,1.0,4,3,2,1.0,3,3,1.0,3,3,1.0,True,True,True,True,True,9,7,10,7,True,11,Thursday,london_ny_overlap,bear,0.95,high,below,below,0.66626335954833,0.1154639175257641,-0.394591743984803,-0.5715382654031158,True,value_high_half,mid_volume,False,True,0.5375426621160376,0.625,False,False,,True,True,False,False,True,False,True,False,False,False,False,True,True,False,False,True,True,True,True,True,True,True,True,False,False,False,False,False,True,False,False,False,True,False,False,False,True,False,True,True,True
12288,15min,m15_2c_1atr,supply,1817.67,1814.14,2023-02-24 16:30:00+00:00,2023-02-24 15:45:00+00:00,2023-02-24 16:00:00+00:00,2023-02-24 16:15:00+00:00,2,1.41129032258065,1.1722011385199191,0.2464589235127188,2023-02-24 16:30:00+00:00,2023-02-24 16:45:00+00:00,1809.76,1818.2042857142856,8.444285714285797,0.0,True,243589,243590,2,1809.76,0.870454545454511,0.3659279309761328,1.0729149044154795,-0.7590932160378977,-1.0,stop,2023,2023-02,2023-02-24,0.0355269835899167,-1.0355269835899168,0.03-0.05R,2,2,1,1.0,2,2,1,1.0,0,0,0.0,0,0,0.0,True,True,True,False,False,2,2,2,2,False,11,Friday,london_ny_overlap,bear,0.958,high,below,below,1.086542278682042,0.551263001485888,-0.1928511264692067,-1.0458388265938303,True,below_value,mid_volume,False,False,-0.8698189815597714,0.625,False,False,,True,True,False,False,True,False,True,False,False,False,True,True,True,True,True,False,False,True,True,False,False,True,True,False,False,False,False,False,False,True,False,False,False,False,False,False,True,False,True,True,True
12326,15min,m15_2c_1atr,demand,1833.76,1831.36,2023-03-01 13:15:00+00:00,2023-03-01 12:30:00+00:00,2023-03-01 12:45:00+00:00,2023-03-01 13:00:00+00:00,2,1.4234449760764858,1.004784688995245,0.2624999999999408,2023-03-01 17:10:00+00:00,2023-03-01 17:20:00+00:00,1839.16,1830.825,8.335000000000264,3.9166666666666665,True,244424,244425,1,1839.33,0.7995867768594951,0.4679064187162255,1.064187162567467,-0.1907618476304853,-1.0,stop,2023,2023-03,2023-03-01,0.0359928014397109,-1.0359928014397108,0.03-0.05R,7,4,2,1.0,8,4,2,1.0,5,4,1.0,11,4,1.0,True,True,True,True,True,17,7,30,7,False,12,Wednesday,ny_main,bull,0.976,high,inside,above,1.017273751408213,0.6322795341098104,0.0074389631610057,0.2906165959998112,True,value_high_half,mid_volume,False,True,0.3971205758848039,0.6222222222222222,True,False,0.2659883720930172,True,True,False,True,False,False,True,False,False,True,True,True,True,True,True,True,True,True,True,True,True,True,False,False,True,False,False,False,True,False,False,False,False,False,False,False,True,False,True,True,True
12442,15min,m15_2c_1atr,demand,1899.92,1894.51,2023-03-13 15:45:00+00:00,2023-03-13 14:30:00+00:00,2023-03-13 14:45:00+00:00,2023-03-13 15:30:00+00:00,4,2.226520105746481,1.0538472241547312,0.3475046210721036,2023-03-13 15:55:00+00:00,2023-03-13 16:10:00+00:00,1902.87,1893.661,9.208999999999833,0.1666666666666666,True,246630,246631,2,1902.87,0.6557788944723337,1.2759257248344242,0.8057335215549984,0.5179715495711039,1.0,tp1,2023,2023-03,2023-03-13,0.0325768270170491,0.9674231729829508,0.03-0.05R,1,1,1,1.0,1,1,1,1.0,0,0,0.0,0,0,0.0,True,True,True,False,False,1,1,1,1,True,12,Monday,ny_main,bull,1.0,high,above,above,1.083010085337468,0.9846285226302446,1.187665990910185,2.1533368325580966,True,above_value,mid_volume,False,False,1.5707460093387349,0.2631578947368421,False,False,,True,True,False,True,False,False,True,False,False,False,True,True,True,True,False,False,False,True,True,False,False,True,True,False,False,False,False,False,False,False,True,False,False,False,True,True,True,False,True,True,True
12510,15min,m15_2c_1atr,supply,1988.62,1981.59,2023-03-20 12:45:00+00:00,2023-03-20 12:00:00+00:00,2023-03-20 12:15:00+00:00,2023-03-20 12:30:00+00:00,2,1.4294677190851914,0.9959522363893892,0.2588904694168095,2023-03-20 12:55:00+00:00,2023-03-20 13:30:00+00:00,1981.03,1989.2665714285713,8.236571428571324,0.1666666666666666,True,247978,247979,6,1981.06,0.9927272727272792,2.4949701678923533,0.6750381573470257,1.9923338420979957,1.0,tp1,2023,2023-03,2023-03-20,0.0364229221590125,0.9635770778409876,0.03-0.05R,1,1,1,1.0,3,2,1,1.0,5,4,1.0,5,4,1.0,True,True,True,True,True,11,5,13,7,True,9,Monday,london_ny_overlap,bull,0.902,high,inside,inside,1.0850468426815691,0.8711943793911108,-0.154695256696962,-0.657387507662923,True,value_high_half,mid_volume,False,True,1.257197863188585,0.3170731707317073,False,False,,True,True,True,False,True,False,True,False,False,False,False,False,True,True,True,True,True,True,True,True,True,False,False,False,True,False,False,False,True,False,False,False,True,False,False,False,True,False,True,True,True
12524,15min,m15_2c_1atr,supply,1969.34,1966.54,2023-03-21 14:15:00+00:00,2023-03-21 13:15:00+00:00,2023-03-21 13:30:00+00:00,2023-03-21 14:00:00+00:00,3,1.749999999999978,1.0745614035087538,0.3357142857142294,2023-03-21 14:35:00+00:00,2023-03-21 14:45:00+00:00,1963.18,1969.8084285714283,6.628428571428458,0.3333333333333333,True,248269,248270,1,1963.11,0.7102040816326436,4.361516411991725,0.4028104053966516,3.2677428392853978,1.0,tp1,2023,2023-03,2023-03-21,0.0452595961119859,0.954740403888014,0.03-0.05R,2,2,2,1.0,2,2,2,1.0,0,0,0.0,0,0,0.0,True,True,True,False,False,2,2,2,2,True,10,Tuesday,london_ny_overlap,bull,0.482,mid,below,below,0.9547004383828348,0.8726591760299115,-0.4613575623139189,-1.3324088337433042,True,below_value,mid_volume,False,False,-1.404556132675289,0.7346938775510204,False,False,,True,True,False,False,True,False,True,False,False,True,True,True,True,True,True,False,False,True,True,False,False,False,True,False,False,False,False,False,False,True,False,False,False,False,True,False,True,False,True,True,True
12571,15min,m15_2c_1atr,supply,1994.76,1990.6,2023-03-24 18:00:00+00:00,2023-03-24 17:15:00+00:00,2023-03-24 17:30:00+00:00,2023-03-24 17:45:00+00:00,2,1.098218962807756,0.7627029858564853,0.0360576923076588,2023-03-24 18:15:00+00:00,2023-03-24 18:25:00+00:00,1988.13,1995.3082857142856,7.178285714285494,0.25,True,249141,249142,1,1988.45,0.4802259887005185,6.139348829804383,0.0794061455182231,4.917608661041412,1.0,tp1,2023,2023-03,2023-03-24,0.0417927081674905,0.9582072918325096,0.03-0.05R,11,4,2,0.620192307692278,13,4,2,0.620192307692278,1,1,0.4999999999999727,5,4,1.0,True,True,True,True,True,13,5,23,7,True,14,Friday,ny_main,bull,0.878,high,below,below,0.817977528089905,0.0202205882352763,-0.8497384218675257,-1.267738655640862,True,value_low_half,hvn,True,True,-0.149060659130739,0.8863636363636364,False,False,,True,True,False,False,True,False,True,False,False,True,True,True,True,False,False,True,True,True,True,True,True,False,True,False,False,False,True,True,False,False,False,False,True,False,False,False,True,False,True,True,True
12679,15min,m15_2c_1atr,supply,2032.09,2030.1,2023-04-05 16:45:00+00:00,2023-04-05 16:00:00+00:00,2023-04-05 16:15:00+00:00,2023-04-05 16:30:00+00:00,2,2.0414605418138816,0.6563015312131838,0.1658291457287201,2023-04-05 17:00:00+00:00,2023-04-05 17:10:00+00:00,2024.32,2032.8701428571428,8.550142857142873,0.25,True,251322,251323,1,2024.42,0.5399610136452331,2.7438138042806295,0.3216320529314458,1.7192695193062792,1.0,tp1,2023,2023-04,2023-04-05,0.0350871330470668,0.9649128669529332,0.03-0.05R,2,2,2,1.0,2,2,2,1.0,0,0,0.0,0,0,0.0,True,True,True,False,False,2,2,2,2,True,13,Wednesday,ny_main,bull,0.948,high,inside,inside,0.7559808612440332,0.4814814814814802,-0.2278135105187563,-0.1273499775303442,True,above_value,mid_volume,False,False,1.2099213045729973,0.6530612244897959,False,False,,True,True,True,False,True,False,True,False,False,True,True,True,True,False,False,False,False,True,True,False,False,False,False,False,True,False,False,False,False,False,True,False,True,False,True,True,True,False,True,True,True
12774,15min,m15_2c_1atr,demand,1987.36,1981.22,2023-04-17 18:30:00+00:00,2023-04-17 17:45:00+00:00,2023-04-17 18:00:00+00:00,2023-04-17 18:15:00+00:00,2,1.3993619930122905,1.305787634816927,0.3127035830619076,2023-04-17 19:10:00+00:00,2023-04-17 19:40:00+00:00,1988.89,1980.9257142857143,7.964285714285779,0.6666666666666666,True,253284,253285,5,1988.89,0.1910828025478943,2.8853811659192328,0.0313901345291477,2.0654708520178975,1.0,tp1,2023,2023-04,2023-04-17,0.0376681614349772,0.9623318385650228,0.03-0.05R,0,0,0,0.0,0,0,0,0.0,0,0,0.0,8,4,0.526058631921838,False,False,False,False,True,0,0,16,4,True,15,Monday,ny_main,bear,0.888,high,below,below,0.9201990732796016,0.8463768115942129,0.0718877753521027,-0.9535197871757788,True,below_value,lvn,False,False,-2.506188340807159,0.0461538461538461,True,True,0.0788907996560635,True,True,True,True,False,False,True,False,False,False,False,False,False,False,False,False,True,False,False,False,True,False,False,True,False,True,False,False,False,True,False,True,False,False,False,False,True,False,True,True,True
12822,15min,m15_2c_1atr,supply,1998.03,1994.28,2023-04-21 09:45:00+00:00,2023-04-21 09:00:00+00:00,2023-04-21 09:15:00+00:00,2023-04-21 09:30:00+00:00,2,4.077441077441072,1.4730639730639876,0.3066666666666303,2023-04-21 16:30:00+00:00,2023-04-21 16:50:00+00:00,1979.42,1998.7931428571428,19.37314285714274,6.75,True,254354,254355,3,1979.42,0.9260997067448684,0.4036515942542067,0.4160398784768306,-0.2709937173701459,-0.2709937173701459,time,2023,2023-04,2023-04-21,0.015485355278294,-0.2864790726484399,<=0.03R,0,0,0,0.0,17,4,2,1.0,4,4,0.3200000000000121,12,4,1.0,False,True,False,True,True,8,4,41,7,False,12,Friday,ny_main,bear,0.98,high,below,below,0.6230664857530473,0.0662862159789285,-2.4221813693999295,-2.640710690586663,True,value_low_half,mid_volume,False,True,-0.4436554287231259,0.2903225806451613,True,True,0.2140495867768617,True,True,True,False,True,True,True,True,True,False,False,True,True,True,True,True,True,False,True,True,True,True,True,False,False,False,False,True,False,False,False,True,False,False,True,True,True,False,True,True,True
12867,15min,m15_2c_1atr,demand,2000.18,1993.92,2023-04-26 16:30:00+00:00,2023-04-26 15:30:00+00:00,2023-04-26 15:45:00+00:00,2023-04-26 16:15:00+00:00,3,3.094193047193659,1.7020780734123104,0.1996805111821089,2023-04-26 17:00:00+00:00,2023-04-26 17:25:00+00:00,2001.78,1993.2318571428573,8.548142857142693,0.5,True,255189,255190,4,2001.75,0.8192771084337174,0.2714039808145439,1.0189347727994622,-2.028510787639784,-1.0,stop,2023,2023-04,2023-04-26,0.0350953423467092,-1.0350953423467093,0.03-0.05R,15,4,2,1.0,25,4,2,1.0,2,2,1.0,18,4,1.0,True,True,True,True,True,19,7,61,7,False,13,Wednesday,ny_main,bull,0.972,high,above,above,0.2329246935201614,0.938517179023484,0.2410597118275591,0.5678780078270396,True,value_low_half,hvn,True,True,-0.0818891321423002,0.98,True,False,0.2101449275362272,True,True,True,True,False,False,True,False,False,False,False,False,True,True,True,True,True,True,True,True,True,True,True,False,False,False,True,True,False,False,False,False,False,False,True,True,True,False,True,True,True
12878,15min,m15_2c_1atr,supply,2001.04,2000.09,2023-04-27 14:30:00+00:00,2023-04-27 13:30:00+00:00,2023-04-27 14:00:00+00:00,2023-04-27 14:15:00+00:00,2,1.0518977536793506,0.5151045701007231,0.1368421052632662,2023-04-27 15:30:00+00:00,2023-04-27 15:35:00+00:00,1992.6,2001.5484285714283,8.948428571428622,1.0,True,255442,255443,0,1992.18,0.422393822393823,2.0651670684397803,0.0078226025319871,0.7275020354731027,1.0,tp1,2023,2023-04,2023-04-27,0.0335254394227236,0.9664745605772764,0.03-0.05R,11,4,2,1.0,15,4,2,1.0,6,4,1.0,14,4,1.0,True,True,True,True,True,23,7,43,7,True,11,Thursday,london_ny_overlap,bull,0.808,high,below,below,1.601959038290268,0.0364089775561107,-3.48947969919718,-4.197423296667795,True,value_high_half,hvn,False,True,0.1469531761362782,0.9607843137254902,True,True,0.1420047732696963,True,True,True,False,True,False,True,False,False,True,True,True,False,False,False,True,True,True,True,True,True,False,True,False,False,False,True,False,True,False,False,True,True,False,False,False,True,False,True,True,True
12879,15min,m15_2c_1atr,supply,1988.33,1981.83,2023-04-27 16:30:00+00:00,2023-04-27 15:45:00+00:00,2023-04-27 16:00:00+00:00,2023-04-27 16:15:00+00:00,2,1.5421006178287855,1.6063548102383158,0.2800000000000252,2023-04-27 16:30:00+00:00,2023-04-27 16:35:00+00:00,1981.7,1989.3654285714283,7.665428571428492,0.0,True,255454,255455,0,1981.81,0.5375854214122656,0.988855343098916,1.129747661112967,-1.1062656081106403,-1.0,stop,2023,2023-04,2023-04-27,0.039136755003914,-1.039136755003914,0.03-0.05R,0,0,0,0.0,13,3,2,0.6630769230769147,0,0,0.0,4,2,0.4938461538461594,False,True,False,False,True,0,0,21,7,False,12,Thursday,ny_main,bull,0.942,high,below,below,1.14970442562707,0.3325791855203627,-1.9542945367064015,-3.316162545292875,True,below_value,mid_volume,False,False,-1.8485593946848844,0.4,False,False,,True,True,True,False,True,False,True,False,False,True,True,True,True,False,False,False,True,False,True,False,True,False,True,False,False,False,False,False,False,True,False,False,False,False,True,False,True,False,True,True,True
12880,15min,m15_2c_1atr,demand,1982.96,1974.12,2023-04-27 17:15:00+00:00,2023-04-27 16:30:00+00:00,2023-04-27 16:45:00+00:00,2023-04-27 17:00:00+00:00,2,1.3489278752436802,1.7231968810916478,0.2703619909502331,2023-04-27 17:15:00+00:00,2023-04-27 17:55:00+00:00,1982.97,1973.5172857142857,9.452714285714364,0.0,True,255470,255471,7,1983.01,0.4125874125874493,1.2663029515331876,0.7119648173616003,0.9415285103295884,1.0,tp1,2023,2023-04,2023-04-27,0.0317369160785259,0.968263083921474,0.03-0.05R,0,0,0,0.0,26,4,2,1.0,5,4,1.0,15,4,1.0,False,True,False,True,True,10,4,56,7,True,13,Thursday,ny_main,bear,0.984,high,below,below,0.8740434835418228,0.8171806167401027,0.0453744932308672,-0.7850229892386199,True,below_value,lvn,False,False,-2.0851153863591576,0.1578947368421052,True,True,0.0788907996560635,True,False,True,True,False,False,True,False,False,False,False,False,False,False,False,True,True,False,True,True,True,False,False,True,False,True,False,False,False,True,False,True,False,False,False,False,True,False,True,True,True
12891,15min,m15_2c_1atr,demand,1987.42,1976.24,2023-04-28 16:15:00+00:00,2023-04-28 15:30:00+00:00,2023-04-28 15:45:00+00:00,2023-04-28 16:00:00+00:00,2,1.960278053624664,3.8857994041708297,0.0966010733452523,2023-04-28 16:15:00+00:00,2023-04-28 16:30:00+00:00,1988.55,1975.567,12.982999999999947,0.0,True,255729,255730,2,1988.56,0.613513513513501,1.342524840175625,0.8834629900639355,-0.2133559269814367,1.0,tp1,2023,2023-04,2023-04-28,0.0231071401062929,0.9768928598937072,<=0.03R,8,3,2,1.0,35,4,2,1.0,9,4,0.7880143112701159,20,4,0.7880143112701159,True,True,True,True,True,26,7,75,7,True,12,Friday,ny_main,bear,0.832,high,above,above,0.60933868582293,0.1267123287671266,0.1318439752970004,0.2920089725910545,True,value_low_half,hvn,True,True,-0.1093737965031255,0.7575757575757576,True,True,0.0788907996560635,True,True,False,True,False,True,True,True,False,False,True,True,True,True,False,True,True,True,True,True,True,False,True,False,False,False,True,True,False,False,False,True,False,True,True,False,True,False,True,True,True
12943,15min,m15_2c_1atr,demand,2047.27,2043.1,2023-05-04 17:45:00+00:00,2023-05-04 17:00:00+00:00,2023-05-04 17:15:00+00:00,2023-05-04 17:30:00+00:00,2,3.069355774811316,0.8470690655833016,0.0359712230215493,2023-05-04 18:10:00+00:00,2023-05-04 18:45:00+00:00,2051.26,2042.4142857142856,8.845714285714621,0.4166666666666667,True,256860,256861,6,2051.25,0.7295081967213771,0.3244509043927402,1.1090116279069542,-3.771317829457236,-1.0,stop,2023,2023-05,2023-05-04,0.0339147286821692,-1.0339147286821693,0.03-0.05R,0,0,0,0.0,0,0,0,0.0,0,0,0.0,1,1,1.0,False,False,False,False,True,0,0,2,2,False,14,Thursday,ny_main,bull,0.97,high,above,above,0.5672161597399621,0.4838709677419092,0.2440090408647893,0.837717027280342,True,value_high_half,mid_volume,False,True,1.179667312661448,0.6634615384615384,False,False,,True,True,True,True,False,False,True,False,False,False,False,False,True,True,True,False,True,False,False,False,False,True,True,False,False,False,False,False,True,False,False,False,True,False,True,True,True,False,True,True,True
12988,15min,m15_2c_1atr,demand,2025.95,2024.5,2023-05-09 19:15:00+00:00,2023-05-09 18:15:00+00:00,2023-05-09 18:30:00+00:00,2023-05-09 19:00:00+00:00,3,1.876880984952047,0.555403556771557,0.0206896551723943,2023-05-10 15:20:00+00:00,2023-05-10 15:30:00+00:00,2029.99,2023.9472857142855,6.042714285714283,20.083333333333332,True,257925,257926,1,2029.78,0.9750000000000224,3.0052719922456945,1.404997754084023,0.1224615239130964,1.0,tp1,2023,2023-05,2023-05-10,0.0496465637485519,0.950353436251448,0.03-0.05R,4,3,2,1.0,15,4,2,1.0,5,4,1.0,9,4,1.0,True,True,True,True,True,14,7,33,7,True,11,Wednesday,london_ny_overlap,bull,0.789,high,above,above,0.8572774375883673,0.8876651982378755,4.122406000135355,4.754672308081632,True,below_value,mid_volume,False,True,-0.6660913969597544,0.3870967741935484,True,True,0.306900434293067,True,True,True,True,False,False,True,False,False,True,True,True,True,True,True,True,True,True,True,True,True,True,True,False,False,False,False,False,False,True,False,True,True,False,True,False,True,False,True,True,True
13225,15min,m15_2c_1atr,demand,1971.16,1966.44,2023-06-01 16:45:00+00:00,2023-06-01 16:00:00+00:00,2023-06-01 16:15:00+00:00,2023-06-01 16:30:00+00:00,2,1.6291312091826804,1.3077379774391416,0.2796610169491856,2023-06-01 17:05:00+00:00,2023-06-01 17:10:00+00:00,1972.55,1965.930142857143,6.619857142856972,0.3333333333333333,True,262317,262318,0,1972.41,0.3189873417721459,1.635986965622975,1.4728414510455936,-1.129933749109853,1.0,tp1,2023,2023-06,2023-06-01,0.0453181984937105,0.9546818015062896,0.03-0.05R,4,3,2,1.0,4,3,2,1.0,0,0,0.0,4,3,0.5360169491525335,True,True,True,False,True,4,3,12,7,True,13,Thursday,ny_main,bull,0.942,high,above,above,0.6956201693043869,0.320209973753283,0.6564331057685441,1.4856729879157553,True,value_high_half,mid_volume,False,True,0.6873260104879712,0.5652173913043478,True,False,0.3330838323353295,True,True,False,True,False,False,True,False,False,True,True,True,False,False,False,False,True,True,True,True,True,True,True,False,False,False,False,False,True,False,False,False,False,False,True,False,True,False,True,True,True
13419,15min,m15_2c_1atr,demand,1929.29,1924.29,2023-06-21 17:45:00+00:00,2023-06-21 17:00:00+00:00,2023-06-21 17:15:00+00:00,2023-06-21 17:30:00+00:00,2,1.073318457124629,1.1157156518967164,0.1879999999999654,2023-06-21 18:10:00+00:00,2023-06-21 18:30:00+00:00,1930.8,1923.8404285714284,6.959571428571508,0.4166666666666667,True,266153,266154,3,1930.79,0.2195121951220459,0.9813822690231448,1.023051501529213,-1.9900650696881632,-1.0,stop,2023,2023-06,2023-06-21,0.0431061025925236,-1.0431061025925237,0.03-0.05R,0,0,0,0.0,5,4,2,0.7059999999999945,0,0,0.0,4,4,0.2659999999999854,False,True,False,False,True,0,0,13,7,False,14,Wednesday,ny_main,bear,0.994,high,below,below,0.5955299206921494,0.7673469387755405,0.2369067721867958,0.1615838294202902,True,below_value,mid_volume,False,False,-1.502966110392664,0.5,True,True,0.260695949800339,True,True,True,True,False,False,True,False,False,False,False,True,False,False,False,False,True,False,True,False,True,False,False,True,False,False,False,False,False,True,False,True,False,False,False,False,True,False,True,True,True
13507,15min,m15_2c_1atr,demand,1912.95,1907.64,2023-06-30 16:30:00+00:00,2023-06-30 15:45:00+00:00,2023-06-30 16:00:00+00:00,2023-06-30 16:15:00+00:00,2,1.1206592113007758,2.187757504414338,0.2580037664783676,2023-06-30 16:30:00+00:00,2023-06-30 17:05:00+00:00,1914.04,1907.1637142857144,6.876285714285586,0.0,True,268068,268069,6,1914.05,0.7591973244147073,2.4722649270786183,0.5744380271741562,2.1028794615033477,1.0,tp1,2023,2023-06,2023-06-30,0.043628204595505,0.956371795404495,0.03-0.05R,3,1,1,0.2429378531073402,12,3,2,0.3540489642184371,3,2,0.8531073446327719,5,2,0.8531073446327719,True,True,True,True,True,9,7,22,7,True,13,Friday,ny_main,bear,0.916,high,above,above,0.5301151461470405,0.7906602254428426,1.449853794231236,2.287734313008792,True,value_high_half,mid_volume,True,True,0.2246852536668614,0.6896551724137931,False,False,,True,True,False,True,False,False,True,False,False,False,False,False,True,True,True,True,True,True,True,True,True,False,True,False,False,False,False,False,True,False,False,False,False,True,False,False,True,False,True,True,True
13647,15min,m15_2c_1atr,supply,1962.63,1958.62,2023-07-14 16:00:00+00:00,2023-07-14 15:15:00+00:00,2023-07-14 15:30:00+00:00,2023-07-14 15:45:00+00:00,2,1.8935472110827705,2.046664236237803,0.1820448877805432,2023-07-14 16:40:00+00:00,2023-07-14 17:05:00+00:00,1953.54,1963.161142857143,9.621142857143012,0.6666666666666666,True,270796,270797,4,1953.54,0.547226386806623,0.8075963651481706,0.8845103046860927,0.1361584605333413,0.1361584605333413,time,2023,2023-07,2023-07-14,0.0311813268396977,0.1049771336936435,0.03-0.05R,14,4,2,1.0,22,4,2,1.0,6,4,0.5735660847879873,14,4,0.5735660847879873,True,True,True,True,True,26,7,50,7,True,13,Friday,ny_main,bull,0.906,high,below,below,0.4600326264273578,0.2788605697151339,-1.4142433521785287,-1.5625609016924515,True,value_high_half,hvn,True,True,0.0389766585496222,0.8333333333333334,True,False,0.1935047361298864,False,True,True,False,True,False,True,False,False,False,False,False,True,False,False,True,True,True,True,True,True,False,True,False,False,False,True,False,True,False,False,False,False,True,True,False,True,False,True,True,True
13743,15min,m15_2c_1atr,supply,1963.47,1960.3,2023-07-25 15:45:00+00:00,2023-07-25 15:00:00+00:00,2023-07-25 15:15:00+00:00,2023-07-25 15:30:00+00:00,2,1.1007473841554123,1.326756352765359,0.0315457413248917,2023-07-25 16:00:00+00:00,2023-07-25 16:05:00+00:00,1957.25,1963.853,6.6030000000000655,0.25,True,272716,272717,0,1957.24,0.4898419864559913,0.8571861275177989,1.2342874451007133,-1.44176889292744,-1.0,stop,2023,2023-07,2023-07-25,0.0454338936846883,-1.0454338936846883,0.03-0.05R,9,4,2,0.4132492113564401,20,4,2,0.5993690851735165,3,1,0.981072555205065,10,4,0.981072555205065,True,True,True,True,True,15,7,40,7,False,12,Tuesday,ny_main,bear,0.852,high,below,below,0.7792276964048535,0.1647855530474058,-0.6636273974662849,-1.009758767652206,True,value_high_half,hvn,False,True,0.3233378767226972,0.8275862068965517,True,False,0.1935047361298864,True,True,True,False,True,False,True,False,False,True,True,True,True,False,False,True,True,True,True,True,True,True,True,False,False,False,True,False,True,False,False,False,False,False,False,False,True,False,True,True,True
14628,15min,m15_2c_1atr,demand,1977.65,1963.08,2023-10-25 18:45:00+00:00,2023-10-25 18:00:00+00:00,2023-10-25 18:15:00+00:00,2023-10-25 18:30:00+00:00,2,1.2063933287004984,2.8350243224461824,0.1249142072752172,2023-10-25 19:50:00+00:00,2023-10-25 20:10:00+00:00,1979.6,1962.7177142857145,16.882285714285672,1.0833333333333333,True,290927,290928,3,1979.61,0.8257839721254289,0.8215712158137106,0.4620227457351731,0.3328933116707362,0.3328933116707362,time,2023,2023-10,2023-10-25,0.017770105605199,0.3151232060655372,<=0.03R,24,4,2,0.3411118737131072,56,4,2,0.6129032258064491,11,4,0.6129032258064491,15,4,0.6129032258064491,True,True,True,True,True,46,7,86,7,True,16,Wednesday,ny_main,bull,0.992,high,above,above,0.7092004381161077,0.8662790697674334,0.006109624406484,0.2501204741263751,True,below_value,mid_volume,True,True,-0.2301228675873274,0.627906976744186,True,True,0.1993865030674852,True,True,True,True,False,True,True,True,True,False,False,True,True,True,True,True,True,True,True,True,True,True,True,False,False,False,False,False,False,True,False,True,False,True,False,False,True,False,True,True,True
14654,15min,m15_2c_1atr,supply,1986.14,1984.81,2023-10-27 13:45:00+00:00,2023-10-27 13:00:00+00:00,2023-10-27 13:15:00+00:00,2023-10-27 13:30:00+00:00,2,1.240823634735878,0.8334825425246941,0.0601503759397879,2023-10-27 15:20:00+00:00,2023-10-27 15:55:00+00:00,1978.91,1986.5674285714288,7.657428571428682,1.5833333333333333,True,291428,291429,6,1978.85,0.9703588143526004,0.2664079698518923,1.0852207007200996,-2.5674415133763104,-1.0,stop,2023,2023-10,2023-10-27,0.0391776426252746,-1.0391776426252746,0.03-0.05R,8,3,2,1.0,11,4,2,1.0,0,0,0.0,0,0,0.0,True,True,True,False,False,8,3,11,3,False,11,Friday,london_ny_overlap,bull,0.708,high,below,below,0.5036516094130896,0.3652365236523774,-0.8985185030264804,-1.3500314156910178,True,value_low_half,hvn,False,True,-0.2318010521995533,0.9428571428571428,False,False,,True,True,False,False,True,False,True,False,False,False,False,False,True,True,True,False,False,True,True,True,True,False,True,False,False,False,True,True,False,False,False,False,True,False,False,False,True,False,True,True,True
14665,15min,m15_2c_1atr,demand,2000.08,1995.0,2023-10-30 15:15:00+00:00,2023-10-30 14:30:00+00:00,2023-10-30 14:45:00+00:00,2023-10-30 15:00:00+00:00,2,2.276718659734324,2.0543038705950223,0.0393700787401669,2023-10-30 15:30:00+00:00,2023-10-30 16:05:00+00:00,2000.75,1994.5775714285712,6.172428571428554,0.25,True,291718,291719,6,2000.7,0.5912806539509617,0.2818987664035943,1.189159164024338,-0.5880991506006165,-1.0,stop,2023,2023-10,2023-10-30,0.0486032355868263,-1.0486032355868264,0.03-0.05R,2,2,1,0.3444881889763829,2,2,1,0.3444881889763829,0,0,0.0,0,0,0.0,True,True,True,False,False,2,2,2,2,False,12,Monday,ny_main,bull,0.766,high,above,above,0.560410056138675,0.6839237057220549,0.6215011618474678,1.0457212021605846,True,value_high_half,mid_volume,False,True,0.4520100909574791,0.6129032258064516,False,False,,True,True,True,True,False,False,True,False,False,False,False,False,True,False,False,False,False,True,True,False,False,True,True,False,False,False,False,False,True,False,False,False,False,True,True,True,True,False,True,True,True
14726,15min,m15_2c_1atr,demand,1988.08,1986.91,2023-11-03 14:45:00+00:00,2023-11-03 14:00:00+00:00,2023-11-03 14:15:00+00:00,2023-11-03 14:30:00+00:00,2,6.520435166127671,0.481623052043453,0.0940170940172152,2023-11-03 15:25:00+00:00,2023-11-03 15:40:00+00:00,1996.46,1986.0945714285715,10.365428571428538,0.6666666666666666,True,292817,292818,2,1996.46,0.6796116504854064,0.3502025965434446,1.149011825022752,-1.2204029879544769,-1.0,stop,2023,2023-11,2023-11-03,0.0289423633506988,-1.0289423633506989,<=0.03R,5,3,2,1.0,10,4,2,1.0,1,1,1.0,3,2,1.0,True,True,True,True,True,7,5,16,7,False,11,Friday,london_ny_overlap,bull,1.0,high,above,above,0.3593537671750058,0.9482456140350944,0.808851020037687,1.428453204785902,True,value_high_half,hvn,False,True,0.2165853524077191,0.9803921568627452,False,False,,True,True,True,True,False,True,True,True,False,False,True,True,True,True,False,True,True,True,True,True,True,True,True,False,False,False,True,False,True,False,False,False,True,False,True,True,True,False,True,True,True
14868,15min,m15_2c_1atr,demand,2000.31,1993.88,2023-11-21 16:15:00+00:00,2023-11-21 15:30:00+00:00,2023-11-21 15:45:00+00:00,2023-11-21 16:00:00+00:00,2,1.7997293640054437,2.4362652232746753,0.0933125972006456,2023-11-21 16:15:00+00:00,2023-11-21 16:30:00+00:00,2001.42,1993.4027142857144,8.017285714285663,0.0,True,296103,296104,2,2001.47,0.7248908296943704,0.7670925322071831,1.1500151458455945,-1.1263163521676416,-1.0,stop,2023,2023-11,2023-11-21,0.0374191479125463,-1.0374191479125463,0.03-0.05R,1,1,1,1.0,1,1,1,1.0,0,0,0.0,4,4,0.1819595645411936,True,True,True,False,True,1,1,9,5,False,11,Tuesday,london_ny_overlap,bull,0.918,high,above,above,0.8097205346293761,0.7420147420147492,2.29585046468597,3.715590291289921,True,value_high_half,lvn,False,True,0.6043192387876269,0.2465753424657534,False,False,,True,True,True,True,False,False,True,False,False,False,True,True,True,True,True,False,True,True,True,False,True,True,True,False,False,True,False,False,True,False,False,False,False,True,True,False,True,False,True,True,True
14961,15min,m15_2c_1atr,supply,2038.35,2032.77,2023-11-30 16:45:00+00:00,2023-11-30 16:00:00+00:00,2023-11-30 16:15:00+00:00,2023-11-30 16:30:00+00:00,2,1.2547016484792026,1.8137915022057096,0.2132616487455322,2023-11-30 16:45:00+00:00,2023-11-30 17:10:00+00:00,2032.63,2038.8545714285713,6.224571428571153,0.0,True,297957,297958,4,2032.71,0.9082278481012732,0.0257045809235431,1.1052969797117715,-3.760901496373961,-1.0,stop,2023,2023-11,2023-11-30,0.0481960892316187,-1.0481960892316189,0.03-0.05R,1,1,1,0.1326164874552005,1,1,1,0.1326164874552005,0,0,0.0,0,0,0.0,True,True,True,False,False,1,1,1,1,False,12,Thursday,ny_main,bull,0.982,high,below,below,0.6102423768569316,0.2261029411764716,-0.7585573965629112,-1.1766120962112567,True,below_value,mid_volume,False,False,-1.4764068667952637,0.4705882352941176,False,False,,True,True,True,False,True,False,True,False,False,False,False,False,True,True,True,False,False,True,True,False,False,False,True,False,False,False,False,False,False,True,False,False,False,False,False,False,True,False,True,True,True
15169,15min,m15_2c_1atr,demand,2043.3,2037.0,2023-12-21 16:45:00+00:00,2023-12-21 16:00:00+00:00,2023-12-21 16:15:00+00:00,2023-12-21 16:30:00+00:00,2,1.0689804772234293,1.9132321041214744,0.3380952380952579,2023-12-21 16:45:00+00:00,2023-12-21 16:50:00+00:00,2045.92,2036.5012857142856,9.41871428571426,0.0,True,302093,302094,0,2045.96,0.9022346368715318,2.625623758171431,0.9757170375089194,1.507636771776539,1.0,tp1,2023,2023-12,2023-12-21,0.0318514810938709,0.9681485189061292,0.03-0.05R,1,1,1,0.2142857142857014,18,4,2,1.0,1,1,0.3650793650793605,17,4,0.5936507936507994,True,True,True,True,True,3,3,52,7,True,11,Thursday,london_ny_overlap,bull,0.95,high,above,above,0.9380566801619348,0.0752941176470438,0.4180356892355958,1.0178031333710609,True,above_value,mid_volume,False,True,0.5733266596896868,0.4210526315789473,True,True,0.1659772492243981,True,True,True,True,False,False,True,False,False,True,True,True,True,True,True,True,True,True,True,True,True,True,True,False,False,False,False,False,False,False,True,True,False,False,False,False,True,False,True,True,True
15192,15min,m15_2c_1atr,supply,2063.9,2061.93,2023-12-26 16:00:00+00:00,2023-12-26 15:15:00+00:00,2023-12-26 15:30:00+00:00,2023-12-26 15:45:00+00:00,2,2.599659284497344,1.5661555934129845,0.0507614213197442,2023-12-26 16:25:00+00:00,2023-12-26 16:40:00+00:00,2056.65,2064.2022857142856,7.552285714285517,0.4166666666666667,True,302643,302644,2,2056.7,1.0,0.2780615140165654,1.0102901675935791,-2.9461279461280228,-1.0,stop,2023,2023-12,2023-12-26,0.0397230734309396,-1.0397230734309395,0.03-0.05R,5,3,2,0.9289340101521272,7,3,2,0.9289340101521272,1,1,0.9796954314721024,1,1,0.9796954314721024,True,True,True,True,True,7,5,9,5,False,11,Tuesday,london_ny_overlap,bull,0.624,mid,below,below,0.6543066821164244,0.1767955801104674,-2.207588623810251,-2.9626984167516195,True,value_low_half,hvn,True,True,-0.1105625543827868,0.88,True,False,0.4191729323308176,True,True,True,False,True,False,True,False,False,False,True,True,True,True,True,True,True,True,True,True,True,False,True,False,False,False,True,True,False,False,False,False,False,False,True,True,True,False,True,True,True
15483,15min,m15_2c_1atr,demand,2012.67,2012.2,2024-01-25 01:15:00+00:00,2024-01-24 23:30:00+00:00,2024-01-24 23:45:00+00:00,2024-01-25 01:00:00+00:00,2,2.5966754155730705,0.2878390201225027,0.1914893617024261,2024-01-25 15:30:00+00:00,2024-01-25 15:35:00+00:00,2018.23,2011.739,6.4909999999999854,14.25,True,308390,308391,0,2018.28,0.1521942110177288,1.3326143891542306,0.8812201509782838,0.5869665690956638,1.0,tp1,2024,2024-01,2024-01-25,0.0462178400862734,0.9537821599137266,0.03-0.05R,5,3,2,1.0,6,3,2,1.0,0,0,0.0,7,4,1.0,True,True,True,False,True,5,3,20,7,True,10,Thursday,london_ny_overlap,bear,0.846,high,above,above,1.332796996513795,0.7120300751879745,0.9373485135574172,0.9934853437095958,True,below_value,hvn,False,False,-0.4336773994762072,0.7916666666666666,False,False,,True,True,True,True,False,False,True,False,False,True,True,True,False,False,False,False,True,True,True,True,True,False,True,False,False,False,True,False,False,True,False,False,True,False,True,True,True,False,True,True,True
15849,15min,m15_2c_1atr,demand,2116.33,2108.09,2024-03-04 19:00:00+00:00,2024-03-04 18:15:00+00:00,2024-03-04 18:30:00+00:00,2024-03-04 18:45:00+00:00,2,1.1180281690141276,1.6247887323943648,0.2609223300971053,2024-03-04 19:00:00+00:00,2024-03-04 19:05:00+00:00,2116.79,2107.432,9.35799999999972,0.0,True,315847,315848,0,2116.78,0.7314285714285559,2.670442402222802,0.6721521692669536,1.600769395169958,1.0,tp1,2024,2024-03,2024-03-04,0.0320581320795051,0.9679418679204947,0.03-0.05R,0,0,0,0.0,0,0,0,0.0,0,0,0.0,0,0,0.0,False,False,False,False,False,0,0,0,0,True,14,Monday,ny_main,bull,1.0,high,above,above,0.3071192052979611,0.3327586206896165,0.7686889220305831,2.5805541782156847,True,above_value,mid_volume,False,False,3.04124812994239,0.3086419753086419,False,False,,True,True,False,True,False,False,True,False,False,True,True,True,True,True,True,False,False,False,False,False,False,True,True,False,False,False,False,False,False,False,True,False,False,False,False,False,True,False,True,True,True
15891,15min,m15_2c_1atr,demand,2158.12,2156.8,2024-03-08 08:45:00+00:00,2024-03-08 07:45:00+00:00,2024-03-08 08:00:00+00:00,2024-03-08 08:30:00+00:00,3,2.1909814323606867,0.8169761273207623,0.25,2024-03-08 15:30:00+00:00,2024-03-08 15:35:00+00:00,2178.25,2156.146285714286,22.103714285713977,6.75,True,316909,316910,0,2178.31,0.4872478111914546,0.7663870325607981,0.6546411075061723,0.2035856934193376,0.2035856934193376,time,2024,2024-03,2024-03-08,0.0135723795612891,0.1900133138580484,<=0.03R,8,4,2,1.0,10,4,2,1.0,4,4,1.0,4,4,1.0,True,True,True,True,True,16,7,18,7,True,10,Friday,london_ny_overlap,bull,0.836,high,above,above,0.6251868460388309,0.8378473443545522,2.889077285647091,3.4476782555956773,True,value_high_half,hvn,False,True,0.0321212982950527,0.9692307692307692,False,False,,False,True,False,True,False,True,True,True,True,True,True,True,True,False,False,True,True,True,True,True,True,True,True,False,False,False,True,False,True,False,False,False,True,False,True,True,True,False,True,True,True
15892,15min,m15_2c_1atr,demand,2161.51,2159.09,2024-03-08 10:15:00+00:00,2024-03-08 09:15:00+00:00,2024-03-08 09:30:00+00:00,2024-03-08 10:00:00+00:00,3,2.244500846023593,1.4331641285955965,0.1363636363636022,2024-03-08 15:30:00+00:00,2024-03-08 15:35:00+00:00,2178.25,2158.436285714286,19.813714285714013,5.25,True,316909,316910,0,2178.31,0.4872478111914546,0.854963373132621,0.7303022437561284,0.227115417892372,0.227115417892372,time,2024,2024-03,2024-03-08,0.0151410278594914,0.2119743900328805,<=0.03R,4,3,2,1.0,4,3,2,1.0,0,0,0.0,0,0,0.0,True,True,True,False,False,4,3,4,3,True,10,Friday,london_ny_overlap,bull,0.836,high,above,above,0.6251868460388309,0.8378473443545522,2.889077285647091,3.4476782555956773,True,value_high_half,hvn,False,True,0.1791688296706582,0.8615384615384616,False,False,,False,True,False,True,False,True,True,True,True,True,True,True,True,False,False,False,False,True,True,True,True,True,True,False,False,False,True,False,True,False,False,False,False,False,True,True,True,False,True,True,True
15896,15min,m15_2c_1atr,demand,2166.67,2164.62,2024-03-08 15:45:00+00:00,2024-03-08 15:00:00+00:00,2024-03-08 15:15:00+00:00,2024-03-08 15:30:00+00:00,2,4.067638266068689,0.5362481315396591,0.3365853658534334,2024-03-08 16:05:00+00:00,2024-03-08 16:45:00+00:00,2169.85,2163.618142857142,6.2318571428572795,0.3333333333333333,True,316923,316924,7,2169.65,0.7845433255269141,4.0662036081882755,0.311303670082298,2.086055521169979,1.0,tp1,2024,2024-03,2024-03-08,0.0481397427962302,0.9518602572037698,0.03-0.05R,3,2,2,1.0,3,2,2,1.0,0,0,0.0,0,0,0.0,True,True,True,False,False,3,3,3,3,True,11,Friday,london_ny_overlap,bull,0.986,high,above,above,0.3971984805317916,0.3718592964824149,0.1674782196802028,0.3941913982304481,True,value_high_half,hvn,False,True,1.2668775645874577,0.8082191780821918,False,False,,True,False,False,True,False,False,True,False,False,False,False,False,True,True,True,False,False,True,True,True,True,True,True,False,False,False,True,False,True,False,False,False,True,False,True,True,True,False,True,True,True
15922,15min,m15_2c_1atr,supply,2180.91,2179.65,2024-03-12 05:15:00+00:00,2024-03-12 04:15:00+00:00,2024-03-12 04:30:00+00:00,2024-03-12 05:00:00+00:00,3,1.868764044944095,0.7928089887639447,0.1428571428570397,2024-03-12 14:40:00+00:00,2024-03-12 14:55:00+00:00,2172.57,2181.7434285714285,9.173428571428303,9.416666666666666,True,317465,317466,2,2172.57,0.8308115543328719,2.3927803905691345,0.1635157442302349,0.7052979101131078,1.0,tp1,2024,2024-03,2024-03-12,0.0327031488460469,0.967296851153953,0.03-0.05R,7,4,2,1.0,17,4,2,1.0,1,1,0.6984126984125552,1,1,0.6984126984125552,True,True,True,True,True,9,5,19,5,True,10,Tuesday,london_ny_overlap,bull,0.85,high,below,below,1.423044289835339,0.0,-0.8430546171135573,-1.1690528190185665,True,value_high_half,hvn,False,True,0.3303018033450468,0.926829268292683,False,False,,True,True,False,False,True,False,True,False,False,False,True,True,True,True,True,True,True,True,True,True,True,False,True,False,False,False,True,False,True,False,False,False,True,False,True,False,True,False,True,True,True
16053,15min,m15_2c_1atr,supply,2183.69,2179.15,2024-03-26 17:15:00+00:00,2024-03-26 16:30:00+00:00,2024-03-26 16:45:00+00:00,2024-03-26 17:00:00+00:00,2,1.308770408900398,0.9183643982083376,0.2246696035242268,2024-03-26 19:30:00+00:00,2024-03-26 19:45:00+00:00,2177.35,2183.9102857142857,6.560285714285783,2.25,True,320283,320284,2,2177.4,0.6696428571429224,0.5914376551544027,2.5273289490875457,-2.088323679282281,-1.0,stop,2024,2024-03,2024-03-26,0.0457297156047205,-1.0457297156047205,0.03-0.05R,0,0,0,0.0,9,4,2,0.5308370044052585,0,0,0.0,7,4,0.6850220264316514,False,True,False,False,True,0,0,23,7,False,15,Tuesday,ny_main,bull,0.682,high,below,below,1.373012048192688,0.094339622641817,-0.1430471930577044,-0.909515334059834,True,value_high_half,mid_volume,False,True,1.39780497365097,0.265625,True,True,0.408229561450994,True,True,True,False,True,False,True,False,False,False,True,True,True,True,False,False,True,False,True,False,True,False,True,False,False,False,False,False,True,False,False,True,True,False,False,False,True,False,True,True,True
16130,15min,m15_2c_1atr,demand,2276.74,2273.51,2024-04-03 17:15:00+00:00,2024-04-03 16:15:00+00:00,2024-04-03 16:30:00+00:00,2024-04-03 17:00:00+00:00,3,1.1795048143053892,0.7775103163685351,0.232198142414892,2024-04-03 17:15:00+00:00,2024-04-03 17:20:00+00:00,2279.04,2272.819142857143,6.2208571428568575,0.0,True,321622,321623,0,2279.09,0.096952908587229,4.134478482524457,0.778027832636811,2.3517659486521256,1.0,tp1,2024,2024-04,2024-04-03,0.048224865659305,0.9517751343406948,0.03-0.05R,4,3,2,0.4922600619194754,4,3,2,0.4922600619194754,0,0,0.0,0,0,0.0,True,True,True,False,False,4,3,4,3,True,13,Wednesday,ny_main,bull,0.836,high,above,above,0.689666611378292,0.0360110803324389,0.1672383982343325,0.3947458111847195,True,value_high_half,hvn,False,True,0.5425297386671815,0.9594594594594594,False,False,,True,True,False,True,False,False,True,False,False,True,True,True,False,False,False,False,False,True,True,True,True,True,True,False,False,False,True,False,True,False,False,False,True,False,False,False,True,False,True,True,True
16193,15min,m15_2c_1atr,demand,2335.31,2329.83,2024-04-11 13:15:00+00:00,2024-04-11 12:30:00+00:00,2024-04-11 12:45:00+00:00,2024-04-11 13:00:00+00:00,2,1.0460490951441446,1.3746640387027471,0.2682481751824443,2024-04-11 13:15:00+00:00,2024-04-11 13:20:00+00:00,2335.53,2329.4232857142856,6.106714285714588,0.0,True,323230,323231,0,2335.65,0.2277580071173968,10.666947388120256,0.6124406391091857,9.442066109901958,1.0,tp1,2024,2024-04,2024-04-11,0.0491262544739957,0.9508737455260042,0.03-0.05R,9,4,2,1.0,12,4,2,1.0,1,1,0.3412408759123877,1,1,0.3412408759123877,True,True,True,True,True,11,5,14,5,True,9,Thursday,london_ny_overlap,bear,0.64,mid,inside,inside,1.5259728825497592,0.4298507462686847,0.45156039473516,0.0458758098109166,True,value_low_half,mid_volume,False,True,-1.01200084216436,0.7213114754098361,False,False,,True,True,True,True,False,False,True,False,False,True,True,True,False,False,False,True,True,True,True,True,True,False,False,False,True,False,False,True,False,False,False,False,False,False,False,False,True,False,True,True,True
16206,15min,m15_2c_1atr,demand,2399.92,2394.4,2024-04-12 16:45:00+00:00,2024-04-12 16:00:00+00:00,2024-04-12 16:15:00+00:00,2024-04-12 16:30:00+00:00,2,1.619741100323652,1.2504854368932052,0.0724637681159587,2024-04-12 16:45:00+00:00,2024-04-12 16:50:00+00:00,2402.81,2393.5614285714287,9.248571428571267,0.0,True,323548,323549,0,2402.78,0.0380228136882632,3.101019462465282,2.220883534136581,-5.5684275563794605,1.0,tp1,2024,2024-04,2024-04-12,0.0324374420759968,0.9675625579240033,0.03-0.05R,0,0,0,0.0,0,0,0,0.0,0,0,0.0,0,0,0.0,False,False,False,False,False,0,0,0,0,True,12,Friday,ny_main,bull,0.728,high,above,above,0.7982173044413823,0.664756446991384,1.1589348218577775,1.5988808398808747,True,value_high_half,hvn,True,True,0.1524559777571695,0.951048951048951,False,False,,True,True,True,True,False,False,True,False,False,True,True,True,False,False,False,False,False,False,False,False,False,True,True,False,False,False,True,False,True,False,False,False,False,False,True,False,True,False,True,True,True
16216,15min,m15_2c_1atr,supply,2356.07,2349.05,2024-04-15 11:45:00+00:00,2024-04-15 11:00:00+00:00,2024-04-15 11:15:00+00:00,2024-04-15 11:30:00+00:00,2,1.7867635444637222,1.5523613963038874,0.1780626780626785,2024-04-15 11:50:00+00:00,2024-04-15 12:25:00+00:00,2348.72,2356.575285714286,7.85528571428631,0.0833333333333333,True,323771,323772,6,2348.68,0.7712765957447812,0.2953425355083334,1.057886409514947,-2.7268263407712574,-1.0,stop,2024,2024-04,2024-04-15,0.038190845108841,-1.038190845108841,0.03-0.05R,1,1,1,0.3703703703704231,19,4,2,1.0,0,0,0.0,6,4,1.0,True,True,True,False,True,1,1,31,7,False,8,Monday,london_ny_overlap,bear,0.63,mid,below,below,0.5545425966677074,0.1541353383458183,-0.5925965832213365,-1.1978157175430322,True,value_low_half,mid_volume,True,True,-0.4060959863239585,0.6981132075471698,False,False,,True,True,False,False,True,False,True,False,False,False,False,False,True,True,True,False,True,True,True,False,True,True,True,False,False,False,False,True,False,False,False,False,False,False,True,False,True,False,True,True,True
16258,15min,m15_2c_1atr,demand,2379.24,2369.66,2024-04-18 18:30:00+00:00,2024-04-18 17:30:00+00:00,2024-04-18 17:45:00+00:00,2024-04-18 18:15:00+00:00,3,1.2621222768798264,1.3464511595221182,0.20354906054278,2024-04-18 18:45:00+00:00,2024-04-18 18:55:00+00:00,2382.53,2369.070428571428,13.459571428571962,0.25,True,324677,324678,1,2382.5,0.2187500000000296,2.624897842215202,0.725134529861902,1.274929152912895,1.0,tp1,2024,2024-04,2024-04-18,0.022288971204771,0.977711028795229,<=0.03R,14,4,2,0.3434237995824623,42,4,2,0.9227557411273708,11,4,1.0,11,4,1.0,True,True,True,True,True,36,7,64,7,True,14,Thursday,ny_main,bull,0.874,high,above,above,0.7186685381993012,0.9389830508474368,0.3338569459583195,0.3911280455507978,True,value_low_half,hvn,False,True,-0.3937718246176359,0.7692307692307693,True,True,0.3698156682027664,True,True,True,True,False,True,True,True,False,True,True,True,False,False,False,True,True,True,True,True,True,True,True,False,False,False,True,True,False,False,False,True,False,False,False,False,True,False,True,True,True
16286,15min,m15_2c_1atr,supply,2347.41,2343.76,2024-04-22 16:00:00+00:00,2024-04-22 15:15:00+00:00,2024-04-22 15:30:00+00:00,2024-04-22 15:45:00+00:00,2,1.8467123840258208,0.6871050154631612,0.1753424657534072,2024-04-22 17:50:00+00:00,2024-04-22 18:05:00+00:00,2339.86,2348.068857142857,8.208857142856687,1.8333333333333333,True,325219,325220,2,2339.84,0.6666666666666666,5.896070446556323,0.2448574710243139,1.869931432947084,1.0,tp1,2024,2024-04,2024-04-22,0.036545891197663,0.963454108802337,0.03-0.05R,0,0,0,0.0,0,0,0,0.0,0,0,0.0,2,1,1.0,False,False,False,False,True,0,0,4,4,True,14,Monday,ny_main,bear,0.866,high,below,below,0.3255813953488256,0.2544217687074713,-0.4739966686529659,-1.1733242704205549,True,value_low_half,mid_volume,False,True,-1.847394800041865,0.5398230088495575,False,False,,True,True,True,False,True,False,True,False,False,False,True,True,True,True,False,False,True,False,False,False,True,True,True,False,False,False,False,True,False,False,False,False,True,False,True,False,True,False,True,True,True
16288,15min,m15_2c_1atr,supply,2337.95,2333.61,2024-04-22 20:00:00+00:00,2024-04-22 18:30:00+00:00,2024-04-22 18:45:00+00:00,2024-04-22 19:45:00+00:00,5,1.2105343279038516,0.9249505251940268,0.2741935483871289,2024-04-22 20:05:00+00:00,2024-04-22 20:15:00+00:00,2330.98,2338.3901428571426,7.410142857142546,0.0833333333333333,True,325245,325246,1,2331.09,0.7128712871286338,5.333230514160349,0.4696265736153371,0.3117348807618958,1.0,tp1,2024,2024-04,2024-04-22,0.0404850494495978,0.959514950550402,0.03-0.05R,0,0,0,0.0,0,0,0,0.0,1,1,1.0,3,1,1.0,False,False,False,True,True,2,2,6,4,True,16,Monday,ny_main,bear,0.626,mid,below,below,0.462222222222206,0.6763990267639822,-0.062232436082114,-1.0132272975778405,True,below_value,hvn,False,False,-3.3697056158548926,0.9830508474576272,False,False,,True,True,True,False,True,False,True,False,False,True,True,True,True,True,True,True,True,False,False,False,True,True,True,False,False,False,True,False,False,True,False,False,True,False,False,False,True,False,True,True,True
16296,15min,m15_2c_1atr,supply,2309.74,2306.28,2024-04-23 12:15:00+00:00,2024-04-23 11:15:00+00:00,2024-04-23 11:30:00+00:00,2024-04-23 12:00:00+00:00,3,2.2655145326001587,0.7610369206597872,0.1531791907515214,2024-04-23 13:55:00+00:00,2024-04-23 14:05:00+00:00,2301.54,2310.1362857142853,8.596285714285386,1.6666666666666667,True,325447,325448,1,2301.61,0.7467811158797579,0.1931066573603121,1.027187821982947,-1.5750988799149692,-1.0,stop,2024,2024-04,2024-04-23,0.0348987934988546,-1.0348987934988547,0.03-0.05R,6,4,2,1.0,6,4,2,1.0,1,1,1.0,1,1,1.0,True,True,True,True,True,8,5,8,5,False,10,Tuesday,london_ny_overlap,bear,0.588,mid,inside,above,1.2190284081358151,0.1527377521613187,-0.1386122229133318,-0.5624910967310197,True,value_high_half,hvn,False,True,0.6118921793466103,0.8387096774193549,False,False,,True,True,True,False,True,False,True,False,False,True,True,True,True,True,True,True,True,True,True,True,True,True,False,False,True,False,True,False,True,False,False,False,True,False,True,True,True,False,True,True,True
16299,15min,m15_2c_1atr,demand,2316.89,2310.66,2024-04-23 17:00:00+00:00,2024-04-23 16:15:00+00:00,2024-04-23 16:30:00+00:00,2024-04-23 16:45:00+00:00,2,3.146227013316374,1.1061509194673411,0.2006420545746382,2024-04-23 17:40:00+00:00,2024-04-23 18:15:00+00:00,2319.36,2309.8172857142854,9.542714285714736,0.6666666666666666,True,325497,325498,6,2319.35,0.405982905982803,1.881016182876881,0.789083668917183,0.555397535891201,1.0,tp1,2024,2024-04,2024-04-23,0.0314375963712016,0.9685624036287984,0.03-0.05R,0,0,0,0.0,0,0,0,0.0,0,0,0.0,2,2,0.1894060995185052,False,False,False,False,True,0,0,4,4,True,14,Tuesday,ny_main,bear,0.92,high,above,above,0.7343797468354198,0.7461669505962846,0.4525006340226067,1.172533557465067,True,value_high_half,mid_volume,False,True,1.1553316666416236,0.4666666666666667,False,False,,True,False,True,True,False,False,True,False,False,False,False,False,False,False,False,False,True,False,False,False,True,False,True,False,False,False,False,False,True,False,False,False,False,False,True,True,True,False,True,True,True
16316,15min,m15_2c_1atr,supply,2333.61,2330.14,2024-04-24 19:00:00+00:00,2024-04-24 18:15:00+00:00,2024-04-24 18:30:00+00:00,2024-04-24 18:45:00+00:00,2,1.4528142702181523,0.5855128359648414,0.0086455331412674,2024-04-24 20:20:00+00:00,2024-04-24 20:30:00+00:00,2324.31,2334.0698571428575,9.759857142857529,1.3333333333333333,True,325800,325801,1,2324.29,0.9068702290076796,1.960069673150888,1.0635401572036756,-0.8002166308054489,1.0,tp1,2024,2024-04,2024-04-24,0.0307381548324758,0.969261845167524,0.03-0.05R,0,0,0,0.0,10,3,2,1.0,3,2,1.0,4,2,1.0,False,True,False,True,True,6,4,18,7,True,16,Wednesday,ny_main,bear,0.706,high,above,above,0.8637585897818988,0.3733681462141379,-0.335940449387418,-0.1206470824340738,True,above_value,mid_volume,False,False,0.8837219514336804,0.36,False,False,,True,True,True,False,True,False,True,False,False,True,True,True,True,True,True,True,True,False,True,True,True,True,False,True,False,False,False,False,False,False,True,False,True,False,False,False,True,False,True,True,True
16347,15min,m15_2c_1atr,supply,2345.31,2338.43,2024-04-26 17:45:00+00:00,2024-04-26 17:00:00+00:00,2024-04-26 17:15:00+00:00,2024-04-26 17:30:00+00:00,2,1.6375552072944817,1.3722752528850382,0.0421511627906917,2024-04-26 19:15:00+00:00,2024-04-26 19:25:00+00:00,2336.25,2345.715142857143,9.465142857142837,1.5,True,326339,326340,1,2336.05,0.9912280701754456,1.7231646945182302,1.1082769862351882,-1.0406604684858656,1.0,tp1,2024,2024-04,2024-04-26,0.0316952426950012,0.9683047573049988,0.03-0.05R,4,4,2,1.0,6,4,2,1.0,1,1,0.7877906976744167,4,1,1.0,True,True,True,True,True,6,5,14,7,True,15,Friday,ny_main,bull,0.792,high,below,below,0.7569204152249072,0.152492668621702,-0.1529058031082703,-0.6450520950271298,True,value_high_half,mid_volume,False,True,0.9635353779280272,0.5094339622641509,False,False,,True,True,True,False,True,False,True,False,False,True,True,True,True,True,True,True,True,True,True,True,True,False,True,False,False,False,False,False,True,False,False,False,False,False,True,False,True,False,True,True,True
16357,15min,m15_2c_1atr,demand,2336.63,2325.65,2024-04-29 17:30:00+00:00,2024-04-29 16:30:00+00:00,2024-04-29 16:45:00+00:00,2024-04-29 17:15:00+00:00,3,1.7786611543966218,2.444267769120696,0.2950819672130944,2024-04-29 17:30:00+00:00,2024-04-29 17:35:00+00:00,2338.37,2324.989285714286,13.38071428571402,0.0,True,326593,326594,0,2338.36,0.1641791044775349,0.6255271446111184,1.028345700101428,-2.994608444990162,-1.0,stop,2024,2024-04,2024-04-29,0.0224203277638396,-1.0224203277638395,<=0.03R,10,4,2,1.0,33,4,2,1.0,9,4,0.5582877959926816,17,4,0.989071038251376,True,True,True,True,True,28,7,67,7,False,13,Monday,ny_main,bull,0.81,high,below,below,0.4372980458531548,0.6114130434782881,0.5174380091290848,0.485702184807653,True,value_low_half,mid_volume,True,True,-0.0455879997864495,0.5238095238095238,True,True,0.182789317507415,True,True,True,True,False,True,True,True,False,True,True,True,False,False,False,True,True,True,True,True,True,True,False,True,False,False,False,True,False,False,False,True,False,True,True,False,True,False,True,True,True
16372,15min,m15_2c_1atr,supply,2306.92,2299.51,2024-04-30 18:00:00+00:00,2024-04-30 17:15:00+00:00,2024-04-30 17:30:00+00:00,2024-04-30 17:45:00+00:00,2,1.3647260273973,1.268835616438328,0.0769230769230391,2024-04-30 18:25:00+00:00,2024-04-30 18:35:00+00:00,2297.55,2307.5785714285716,10.028571428571468,0.4166666666666667,True,326881,326882,1,2297.63,0.5991902834007553,1.5854700854700885,1.2334757834757677,-0.7069800569800234,1.0,tp1,2024,2024-04,2024-04-30,0.0299145299145297,0.9700854700854702,<=0.03R,2,2,2,0.4655870445344589,2,2,2,0.4655870445344589,0,0,0.0,2,1,0.7584345479082323,True,True,True,False,True,2,2,6,6,True,14,Tuesday,ny_main,bear,0.96,high,below,below,0.6023738872403508,0.0182926829268585,-0.6547233935448895,-1.5269199139302878,True,below_value,mid_volume,False,False,-3.1445156695156427,0.2523364485981308,False,False,,True,True,True,False,True,True,True,True,False,True,True,True,True,False,False,False,True,True,True,False,True,True,True,False,False,False,False,False,False,True,False,False,False,False,False,False,True,False,True,True,True
16413,15min,m15_2c_1atr,supply,2308.94,2302.25,2024-05-03 16:45:00+00:00,2024-05-03 16:00:00+00:00,2024-05-03 16:15:00+00:00,2024-05-03 16:30:00+00:00,2,2.7425507784307466,0.965666563563255,0.1270553064274891,2024-05-03 17:00:00+00:00,2024-05-03 17:15:00+00:00,2290.02,2310.4174285714284,20.397428571428463,0.25,True,327693,327694,2,2289.97,0.6608594657375111,0.3559272177165092,1.2423134568783316,-1.787970472468518,-1.0,stop,2024,2024-05,2024-05-03,0.0147077362692777,-1.0147077362692778,<=0.03R,17,4,2,1.0,32,4,2,1.0,3,2,0.9461883408071564,5,2,1.0,True,True,True,True,True,23,7,42,7,False,13,Friday,ny_main,bear,1.0,high,below,below,0.2602436323366454,0.5249343832021073,-0.7010973380496827,-1.1034069434761145,True,above_value,hvn,False,True,0.2130170469667181,0.7662337662337663,False,False,,True,True,False,False,True,True,True,True,True,False,True,True,True,True,False,True,True,True,True,True,True,True,True,False,False,False,True,False,False,False,True,False,True,False,True,True,True,False,True,True,True
16426,15min,m15_2c_1atr,supply,2330.66,2325.79,2024-05-06 17:45:00+00:00,2024-05-06 17:00:00+00:00,2024-05-06 17:15:00+00:00,2024-05-06 17:30:00+00:00,2,1.3231538765302586,0.8974595234960938,0.0657084188912055,2024-05-06 19:00:00+00:00,2024-05-06 19:30:00+00:00,2324.8,2331.059857142857,6.259857142856617,1.25,True,327986,327987,5,2324.77,0.7460317460317947,2.3546863232846555,0.8211050001141543,1.450512334832105,1.0,tp1,2024,2024-05,2024-05-06,0.0479244163490763,0.9520755836509236,0.03-0.05R,1,1,1,1.0,11,4,2,1.0,0,0,0.0,12,4,1.0,True,True,True,False,True,1,1,35,7,True,15,Monday,ny_main,bull,0.836,high,above,above,0.5056196613217138,0.5631720430107292,-0.4439994910861041,-0.2648606137247554,True,value_high_half,mid_volume,False,True,0.5551244893767865,0.5,True,False,0.3082508250825112,True,False,True,False,True,False,True,False,False,False,False,False,True,True,True,False,True,True,True,False,True,False,False,True,False,False,False,False,True,False,False,False,True,False,False,False,True,False,True,True,True
16463,15min,m15_2c_1atr,demand,2312.67,2310.8,2024-05-09 15:00:00+00:00,2024-05-09 13:45:00+00:00,2024-05-09 14:00:00+00:00,2024-05-09 14:45:00+00:00,4,1.736082474226664,0.7711340206185262,0.3422459893047647,2024-05-09 16:10:00+00:00,2024-05-09 16:35:00+00:00,2319.64,2310.0327142857145,9.607285714285354,1.1666666666666667,True,328779,328780,4,2319.63,0.4976303317535565,6.122436841088112,0.2258702472825843,4.408112890514795,1.0,tp1,2024,2024-05,2024-05-09,0.0312263014676373,0.9687736985323626,0.03-0.05R,6,4,2,1.0,17,4,2,1.0,14,4,1.0,18,4,1.0,True,True,True,True,True,34,7,53,7,True,12,Thursday,ny_main,bull,0.904,high,above,above,0.6388888888889396,0.457943925233632,0.2033559392952872,0.731560779938932,True,value_high_half,hvn,False,True,0.2066140280442136,0.9111111111111112,True,True,0.2245024875621979,True,True,True,True,False,False,True,False,False,False,False,False,True,False,False,True,True,True,True,True,True,True,True,False,False,False,True,False,True,False,False,True,True,False,True,False,True,False,True,True,True
16490,15min,m15_2c_1atr,supply,2349.41,2345.32,2024-05-13 16:45:00+00:00,2024-05-13 16:00:00+00:00,2024-05-13 16:15:00+00:00,2024-05-13 16:30:00+00:00,2,1.4267515923566043,1.0726863994004594,0.2542787286063673,2024-05-13 17:00:00+00:00,2024-05-13 17:10:00+00:00,2342.33,2349.973142857142,7.64314285714272,0.25,True,329336,329337,1,2342.26,0.7020648967550867,1.3319128256887618,1.0218309595903068,-1.109491233972584,1.0,tp1,2024,2024-05,2024-05-13,0.0392508691263885,0.9607491308736116,0.03-0.05R,3,3,2,0.4254278728606145,4,3,2,0.4694376528117892,0,0,0.0,1,1,0.6234718826405672,True,True,True,False,True,3,3,6,5,True,13,Monday,ny_main,bull,0.862,high,above,above,0.8292250399007363,0.4045174537987359,-0.3346394409772674,-0.4352277304489688,True,value_high_half,hvn,False,True,0.5383910881836005,0.9230769230769232,False,False,,True,True,True,False,True,False,True,False,False,True,True,True,True,True,True,False,True,True,True,True,True,False,False,True,False,False,True,False,True,False,False,False,False,False,False,False,True,False,True,True,True
16502,15min,m15_2c_1atr,demand,2340.2,2338.13,2024-05-14 12:00:00+00:00,2024-05-14 11:15:00+00:00,2024-05-14 11:30:00+00:00,2024-05-14 11:45:00+00:00,2,1.9320673976999188,0.7750735490772059,0.3188405797103391,2024-05-14 15:30:00+00:00,2024-05-14 15:40:00+00:00,2345.13,2337.678142857143,7.45185714285708,3.5,True,329594,329595,1,2345.07,0.6970260223048775,4.5330981730345306,0.1449303145907934,2.242394034085487,1.0,tp1,2024,2024-05,2024-05-14,0.0402584207196675,0.9597415792803324,0.03-0.05R,12,4,2,1.0,15,4,2,1.0,4,3,1.0,5,3,1.0,True,True,True,True,True,20,7,25,7,True,11,Tuesday,london_ny_overlap,bear,0.762,high,inside,inside,0.8827680400637352,0.9404536862003674,0.5278555823309458,0.7888916893824851,True,value_low_half,mid_volume,False,True,-0.615282863332257,0.696969696969697,False,False,,True,True,True,True,False,False,True,False,False,True,True,True,True,True,False,True,True,True,True,True,True,False,False,False,True,False,False,True,False,False,False,False,True,False,True,False,True,False,True,True,True
16514,15min,m15_2c_1atr,demand,2359.6,2356.9,2024-05-15 10:15:00+00:00,2024-05-15 09:30:00+00:00,2024-05-15 09:45:00+00:00,2024-05-15 10:00:00+00:00,2,2.0877669902910942,1.4679611650484448,0.0592592592592093,2024-05-15 15:25:00+00:00,2024-05-15 15:35:00+00:00,2370.81,2356.252285714286,14.557714285714155,5.166666666666667,True,329869,329870,1,2370.87,0.4826254826254837,0.3496428010676846,1.2975938137855263,0.206763228136302,-1.0,stop,2024,2024-05,2024-05-15,0.0206076307112578,-1.020607630711258,<=0.03R,4,3,2,1.0,5,3,2,1.0,4,4,1.0,9,4,1.0,True,True,True,True,True,12,7,23,7,False,11,Wednesday,london_ny_overlap,bull,0.828,high,above,above,0.4619010212098242,0.7947232947232907,2.4647053018502727,2.6709252479940258,True,value_low_half,hvn,True,True,0.0,1.0,False,False,,True,True,True,True,False,True,True,True,False,True,True,True,True,False,False,True,True,True,True,True,True,True,True,False,False,False,True,True,False,False,False,False,False,False,True,True,True,False,True,True,True
16529,15min,m15_2c_1atr,supply,2380.66,2376.89,2024-05-16 16:45:00+00:00,2024-05-16 16:00:00+00:00,2024-05-16 16:15:00+00:00,2024-05-16 16:30:00+00:00,2,1.5419418758256342,0.8715323645970838,0.1644562334217225,2024-05-16 16:50:00+00:00,2024-05-16 17:00:00+00:00,2375.19,2381.516,6.326000000000022,0.0833333333333333,True,330162,330163,1,2375.19,0.4727272727272301,0.6639266519127819,1.0101169775529324,-6.711982295289265,-1.0,stop,2024,2024-05,2024-05-16,0.0474233322794813,-1.0474233322794813,0.03-0.05R,1,1,1,0.535809018567637,3,3,2,0.535809018567637,0,0,0.0,7,4,0.6047745358090746,True,True,True,False,True,1,1,17,7,False,13,Thursday,ny_main,bull,0.884,high,below,below,0.5518940560517278,0.3913043478260354,-0.3961543095087652,-1.09763930466523,True,below_value,mid_volume,False,False,-1.4977869111603432,0.7325581395348837,False,False,,True,False,True,False,True,False,True,False,False,True,True,True,True,False,False,False,True,True,True,False,True,False,True,False,False,False,False,False,False,True,False,False,True,False,True,False,True,False,True,True,True
16540,15min,m15_2c_1atr,demand,2403.67,2398.81,2024-05-17 17:45:00+00:00,2024-05-17 17:00:00+00:00,2024-05-17 17:15:00+00:00,2024-05-17 17:30:00+00:00,2,1.554877162378207,0.9890972525076452,0.0637860082304397,2024-05-17 18:25:00+00:00,2024-05-17 18:55:00+00:00,2408.15,2398.062857142857,10.087142857143135,0.6666666666666666,True,330461,330462,5,2408.15,0.2222222222224227,4.155785299532536,0.2339611952981226,1.826086956521696,1.0,tp1,2024,2024-05,2024-05-17,0.0297408299107766,0.9702591700892234,<=0.03R,1,1,1,1.0,1,1,1,1.0,0,0,0.0,0,0,0.0,True,True,True,False,False,1,1,1,1,True,14,Friday,ny_main,bull,0.978,high,above,above,0.3166372462489252,0.7815126050420136,0.2980164494192032,1.174433448660354,True,above_value,mid_volume,False,False,2.279138932162499,0.6966292134831461,False,False,,True,True,False,True,False,True,True,True,False,False,False,False,False,False,False,False,False,True,True,False,False,True,True,False,False,False,False,False,False,False,True,False,True,False,True,False,True,False,True,True,True
16593,15min,m15_2c_1atr,demand,2361.86,2358.62,2024-05-23 13:00:00+00:00,2024-05-23 11:45:00+00:00,2024-05-23 12:00:00+00:00,2024-05-23 12:45:00+00:00,4,1.1139919535091525,1.013857845328644,0.2253086419752978,2024-05-23 15:35:00+00:00,2024-05-23 16:05:00+00:00,2364.81,2358.075,6.735000000000127,2.5833333333333335,True,331531,331532,5,2364.83,0.4288840262581982,0.7542687453600343,1.4758723088344272,-3.5902004454342062,-1.0,stop,2024,2024-05,2024-05-23,0.0445434298440971,-1.0445434298440972,0.03-0.05R,4,4,2,1.0,4,4,2,1.0,3,3,1.0,12,4,1.0,True,True,True,True,True,10,7,28,7,False,12,Thursday,ny_main,bear,0.482,mid,inside,inside,1.1872048089308072,0.6944114149821934,0.2096896558372155,0.269126729128795,True,value_low_half,mid_volume,False,True,-0.3726800296956453,0.4434782608695652,True,True,0.5923165137614619,True,True,True,True,False,False,True,False,False,False,False,False,False,False,False,True,True,True,True,True,True,False,False,False,True,False,False,True,False,False,False,True,False,False,False,False,True,False,True,True,True
16700,15min,m15_2c_1atr,demand,2336.77,2331.78,2024-06-03 17:15:00+00:00,2024-06-03 16:30:00+00:00,2024-06-03 16:45:00+00:00,2024-06-03 17:00:00+00:00,2,1.8573619631900704,1.3393404907974795,0.2004008016032152,2024-06-03 17:20:00+00:00,2024-06-03 17:25:00+00:00,2339.57,2331.0628571428574,8.507142857142753,0.0833333333333333,True,333438,333439,0,2339.49,0.1640625000000222,1.7843828715365264,1.0167926112510726,-1.5492863140218835,1.0,tp1,2024,2024-06,2024-06-03,0.0352644836272044,0.9647355163727956,0.03-0.05R,0,0,0,0.0,14,4,2,0.9318637274549688,0,0,0.0,11,4,0.8196392785570881,False,True,False,False,True,0,0,36,7,True,13,Monday,ny_main,bear,0.88,high,above,above,0.7617498192336033,0.5770750988142499,1.0614671533382214,1.8717009089720769,True,value_high_half,mid_volume,False,True,1.0020990764064042,0.6909090909090909,True,True,0.3219877467665178,True,True,True,True,False,False,True,False,False,True,True,True,False,False,False,False,True,False,True,False,True,False,True,False,False,False,False,False,True,False,False,True,False,False,True,False,True,False,True,True,True
16736,15min,m15_2c_1atr,supply,2363.94,2362.91,2024-06-06 12:45:00+00:00,2024-06-06 12:00:00+00:00,2024-06-06 12:15:00+00:00,2024-06-06 12:30:00+00:00,2,1.576851275669105,0.4486621032981599,0.0194174757281339,2024-06-06 15:30:00+00:00,2024-06-06 15:40:00+00:00,2358.25,2364.4238571428573,6.173857142857287,2.75,True,334245,334246,1,2358.24,0.8695652173914171,0.7564152995348994,1.203461600758906,6.6927366545571045,-1.0,stop,2024,2024-06,2024-06-06,0.0485919892634831,-1.0485919892634832,0.03-0.05R,1,1,1,0.7475728155338177,1,1,1,0.7475728155338177,0,0,0.0,8,4,1.0,True,True,True,False,True,1,1,17,5,False,11,Thursday,london_ny_overlap,bull,0.554,mid,below,below,0.5867001254705413,0.0617906683480191,-0.7256987192735913,-1.2182391628817462,True,value_high_half,mid_volume,False,True,1.2431450586574733,0.6790123456790124,False,False,,True,True,True,False,True,False,True,False,False,True,True,True,True,True,True,False,True,True,True,False,True,False,True,False,False,False,False,False,True,False,False,False,True,False,True,False,True,False,True,True,True
16757,15min,m15_2c_1atr,supply,2313.26,2307.58,2024-06-07 20:45:00+00:00,2024-06-07 19:30:00+00:00,2024-06-07 19:45:00+00:00,2024-06-07 20:30:00+00:00,4,1.3060338983050892,1.078237288135635,0.26408450704224,2024-06-07 20:45:00+00:00,2024-06-07 20:55:00+00:00,2305.86,2313.706,7.846000000000004,0.0,True,334584,334585,1,2305.85,0.8112449799195943,2.4279887840938277,1.0107060922762978,-0.6538363497323033,1.0,tp1,2024,2024-06,2024-06-07,0.0382360438439969,0.9617639561560032,0.03-0.05R,2,2,2,0.97711267605632,2,2,2,0.97711267605632,0,0,0.0,4,4,0.0880281690140799,True,True,True,False,True,2,2,10,6,True,16,Friday,ny_main,bear,0.834,high,below,below,1.117313563017822,0.3799126637554169,-0.6248401625857489,-1.7729955409746674,True,below_value,hvn,False,False,-8.45398929390771,0.8402366863905325,False,False,,True,True,True,False,True,False,True,False,False,True,True,True,True,True,True,False,True,True,True,False,True,True,True,False,False,False,True,False,False,True,False,False,False,False,False,False,True,False,True,True,True
16880,15min,m15_2c_1atr,demand,2343.67,2335.85,2024-06-20 16:45:00+00:00,2024-06-20 15:30:00+00:00,2024-06-20 15:45:00+00:00,2024-06-20 16:30:00+00:00,4,1.7705345501955558,2.039113428943978,0.2864450127876898,2024-06-20 16:45:00+00:00,2024-06-20 16:50:00+00:00,2345.64,2335.2637142857143,10.376285714285586,0.0,True,336988,336989,0,2345.77,0.1428571428571934,2.228157612137627,1.0466172866701358,-1.328028196161569,1.0,tp1,2024,2024-06,2024-06-20,0.0289120797422698,0.9710879202577302,<=0.03R,2,2,1,1.0,2,2,1,1.0,3,2,0.3657289002557631,18,4,0.6240409207161134,True,True,True,True,True,8,6,38,6,True,12,Thursday,ny_main,bull,0.882,high,above,above,1.0089426617570056,0.9757281553397904,1.7062497405481782,2.2745908646218993,True,value_high_half,hvn,False,True,0.5792053308368263,0.9555555555555556,True,False,0.1947439353099685,True,True,False,True,False,True,True,True,False,True,True,True,False,False,False,True,True,True,True,True,True,True,True,False,False,False,True,False,True,False,False,False,False,True,True,False,True,False,True,True,True
16922,15min,m15_2c_1atr,supply,2326.9,2321.68,2024-06-25 16:45:00+00:00,2024-06-25 16:00:00+00:00,2024-06-25 16:15:00+00:00,2024-06-25 16:30:00+00:00,2,1.2991949910554903,1.6341681574240583,0.2298850574713054,2024-06-25 16:45:00+00:00,2024-06-25 17:10:00+00:00,2321.37,2327.4952857142857,6.1252857142858375,0.0,True,337820,337821,4,2321.39,0.3603351955307234,0.2987615738041195,1.1232129113510692,3.2145439279799803,-1.0,stop,2024,2024-06,2024-06-25,0.0489773071810051,-1.0489773071810051,0.03-0.05R,1,1,1,0.1858237547893117,13,3,2,0.613026819923394,1,1,0.9636015325670412,14,4,1.0,True,True,True,True,True,3,3,41,7,False,13,Tuesday,ny_main,bear,0.888,high,below,below,1.1655629139073107,0.6244477172312606,-0.394128195081633,-0.9403122312625004,True,below_value,mid_volume,True,True,-0.3199850735825729,0.4848484848484848,False,False,,True,True,True,False,True,False,True,False,False,False,False,False,False,False,False,True,True,True,True,True,True,True,True,False,False,False,False,False,False,True,False,False,False,False,False,False,True,False,True,True,True
16951,15min,m15_2c_1atr,demand,2324.93,2319.59,2024-06-27 17:15:00+00:00,2024-06-27 16:30:00+00:00,2024-06-27 16:45:00+00:00,2024-06-27 17:00:00+00:00,2,1.6111595466434108,1.3035745422841567,0.2715355805244114,2024-06-27 17:15:00+00:00,2024-06-27 17:20:00+00:00,2325.37,2318.967142857143,6.402857142857101,0.0,True,338374,338375,0,2325.39,0.6317365269461184,2.2443105756358745,0.9730031236055424,0.3514056224899621,1.0,tp1,2024,2024-06,2024-06-27,0.0468540829986616,0.9531459170013384,0.03-0.05R,0,0,0,0.0,27,4,2,0.7546816479401561,4,4,0.157303370786468,11,4,0.8970037453183972,False,True,False,True,True,8,4,49,7,True,13,Thursday,ny_main,bear,0.898,high,above,above,0.5929631482407806,0.338919925512113,0.3638664593057912,1.4201666634408003,True,above_value,hvn,False,False,3.671798304328483,0.7611940298507462,True,True,0.3065539112050984,True,True,False,True,False,False,True,False,False,True,True,True,True,True,False,True,True,False,True,True,True,False,True,False,False,False,True,False,False,False,True,True,False,False,True,False,True,False,True,True,True
17026,15min,m15_2c_1atr,demand,2361.33,2359.6,2024-07-05 07:30:00+00:00,2024-07-05 06:30:00+00:00,2024-07-05 06:45:00+00:00,2024-07-05 07:15:00+00:00,3,1.0195121951217747,0.8439024390243778,0.2080924855492043,2024-07-05 15:30:00+00:00,2024-07-05 15:35:00+00:00,2370.29,2358.885714285714,11.404285714285834,8.0,True,339976,339977,0,2370.25,0.1531494442157186,1.9860954528372663,0.4927971940373146,0.3472378804960536,1.0,tp1,2024,2024-07,2024-07-05,0.0263059000375795,0.9736940999624204,<=0.03R,4,3,2,0.8265895953756193,4,3,2,0.8265895953756193,1,1,0.4219653179190812,5,2,1.0,True,True,True,True,True,6,5,14,7,True,11,Friday,london_ny_overlap,bull,0.892,high,above,above,0.8553314121037993,0.8645533141210388,1.5254387264612226,1.9147462647347997,True,value_high_half,mid_volume,False,True,0.2380683953401079,0.6410256410256411,True,False,0.2490989187024506,True,True,True,True,False,True,True,True,False,True,True,True,False,False,False,True,True,True,True,True,True,True,True,False,False,False,False,False,True,False,False,False,True,False,False,False,True,False,True,True,True
17055,15min,m15_2c_1atr,supply,2368.28,2366.9,2024-07-09 09:00:00+00:00,2024-07-09 07:45:00+00:00,2024-07-09 08:00:00+00:00,2024-07-09 08:45:00+00:00,4,1.362399720962636,0.6738751307987852,0.3043478260869852,2024-07-09 16:40:00+00:00,2024-07-09 17:05:00+00:00,2360.83,2368.9207142857144,8.090714285714512,7.666666666666667,True,340546,340547,4,2360.88,0.6176735798016068,1.4040787498896208,1.0753067890880237,-1.9058885847973424,1.0,tp1,2024,2024-07,2024-07-09,0.0370795444513099,0.96292045554869,0.03-0.05R,3,3,2,1.0,7,4,2,1.0,4,4,0.8115942028984074,8,4,1.0,True,True,True,True,True,11,7,23,7,True,13,Tuesday,ny_main,bear,0.89,high,below,below,0.5627766955905811,0.2702883970489682,-0.511451444187783,-0.3737454998008626,True,above_value,mid_volume,False,False,0.4128189282246025,0.6491228070175439,True,True,0.1301421091997067,True,True,True,False,True,False,True,False,False,False,False,False,True,True,False,True,True,True,True,True,True,True,True,False,False,False,False,False,False,False,True,True,True,False,False,False,True,False,True,True,True
17168,15min,m15_2c_1atr,supply,2406.05,2401.65,2024-07-19 16:30:00+00:00,2024-07-19 15:45:00+00:00,2024-07-19 16:00:00+00:00,2024-07-19 16:15:00+00:00,2,1.8945298534144424,1.1011798355381162,0.1000000000000103,2024-07-19 16:35:00+00:00,2024-07-19 17:05:00+00:00,2400.01,2406.762142857143,6.752142857142644,0.0833333333333333,True,342746,342747,5,2400.0,0.788934426229472,0.5805564371099413,1.2470115307309677,1.7816566169470869,-1.0,stop,2024,2024-07,2024-07-19,0.0444303395747395,-1.0444303395747396,0.03-0.05R,0,0,0,0.0,0,0,0,0.0,0,0,0.0,2,2,0.5090909090909523,False,False,False,False,True,0,0,4,4,False,13,Friday,ny_main,bear,0.908,high,below,below,1.214339966580612,0.475945017182114,-0.3092209416021752,-1.30298798380797,True,below_value,hvn,False,False,-3.391515920871734,0.8145695364238411,False,False,,True,True,True,False,True,False,True,False,False,False,False,False,True,True,True,False,True,False,False,False,True,True,True,False,False,False,True,False,False,True,False,False,False,False,True,False,True,False,True,True,True
17169,15min,m15_2c_1atr,demand,2398.31,2393.87,2024-07-19 17:00:00+00:00,2024-07-19 16:15:00+00:00,2024-07-19 16:30:00+00:00,2024-07-19 16:45:00+00:00,2,1.6821275922115595,0.984011397815451,0.1238738738738109,2024-07-19 17:50:00+00:00,2024-07-19 18:05:00+00:00,2401.82,2393.259,8.56100000000015,0.8333333333333334,True,342758,342759,2,2401.81,0.967254408060428,1.214811353813743,1.518514192267232,-1.5675738815558742,1.0,tp1,2024,2024-07,2024-07-19,0.0350426352061668,0.9649573647938332,0.03-0.05R,0,0,0,0.0,0,0,0,0.0,0,0,0.0,4,4,1.0,False,False,False,False,True,0,0,8,4,True,14,Friday,ny_main,bear,0.958,high,below,below,1.0268464996788953,0.8846880907372582,0.8121153989770786,0.2309657275100881,True,below_value,mid_volume,False,False,-3.5813573180702396,0.6577181208053692,True,True,0.4629213483146149,True,True,True,True,False,False,True,False,False,False,True,True,True,True,True,False,True,False,False,False,True,False,False,True,False,False,False,False,False,True,False,True,True,False,True,False,True,False,True,True,True
17204,15min,m15_2c_1atr,demand,2428.35,2419.27,2024-07-24 17:45:00+00:00,2024-07-24 17:00:00+00:00,2024-07-24 17:15:00+00:00,2024-07-24 17:30:00+00:00,2,1.5517040489368192,1.851441887561888,0.2356828193832978,2024-07-24 17:45:00+00:00,2024-07-24 17:55:00+00:00,2431.82,2418.5387142857144,13.281285714285788,0.0,True,343584,343585,1,2431.73,0.9785156249999766,0.0150587830351915,1.1023029181770454,-5.16817433768245,-1.0,stop,2024,2024-07,2024-07-24,0.0225881745528078,-1.0225881745528078,<=0.03R,1,1,1,0.4185022026431952,2,2,2,0.8006607929515462,0,0,0.0,7,4,0.3050660792951546,True,True,True,False,True,1,1,16,6,False,13,Wednesday,ny_main,bull,0.952,high,above,above,0.5704845814978053,0.7439759036144803,1.202900488559106,1.9696115529077096,True,above_value,mid_volume,False,True,0.5692219987307524,0.3389830508474576,True,True,0.3595375722543349,True,False,False,True,False,True,True,True,False,True,True,True,True,True,True,False,True,True,True,False,True,True,True,False,False,False,False,False,False,False,True,True,False,False,True,False,True,False,True,True,True
17217,15min,m15_2c_1atr,supply,2372.05,2364.52,2024-07-25 17:15:00+00:00,2024-07-25 16:30:00+00:00,2024-07-25 16:45:00+00:00,2024-07-25 17:00:00+00:00,2,1.3956619296933237,1.1264023934181229,0.0677290836653054,2024-07-25 17:20:00+00:00,2024-07-25 17:25:00+00:00,2364.36,2372.8258571428573,8.465857142857203,0.0833333333333333,True,343854,343855,0,2364.24,0.0113636363637127,1.3253235686201923,1.0170263748501929,-2.3978670626549854,1.0,tp1,2024,2024-07,2024-07-25,0.035436459054015,0.964563540945985,0.03-0.05R,1,1,1,1.0,1,1,1,1.0,0,0,0.0,6,4,0.4648074369189783,True,True,True,False,True,1,1,13,5,True,13,Thursday,ny_main,bear,1.0,high,below,below,0.5114221033134636,0.89047097480832,-0.1793007339944949,-0.586406498177265,True,value_low_half,hvn,False,True,-0.7636556926140412,0.8356164383561644,False,False,,True,True,True,False,True,False,True,False,False,True,True,True,False,False,False,False,True,True,True,False,True,True,True,False,False,False,True,True,False,False,False,False,False,False,False,False,True,False,True,True,True
17235,15min,m15_2c_1atr,demand,2374.79,2371.05,2024-07-26 16:00:00+00:00,2024-07-26 15:15:00+00:00,2024-07-26 15:30:00+00:00,2024-07-26 15:45:00+00:00,2,1.409746394828498,1.3018398806563056,0.3475935828876478,2024-07-26 16:10:00+00:00,2024-07-26 16:15:00+00:00,2376.6,2370.436571428572,6.163428571428085,0.1666666666666666,True,344116,344117,0,2376.53,0.0775193798448929,4.3174021880218705,0.3163823474874792,2.102725755609294,1.0,tp1,2024,2024-07,2024-07-26,0.0486742073057705,0.9513257926942296,0.03-0.05R,5,2,2,0.9171122994652504,11,3,2,1.0,0,0,0.0,7,4,0.7459893048128681,True,True,True,False,True,5,3,25,7,True,12,Friday,ny_main,bear,0.592,mid,above,above,0.4492784837390304,0.8412098298676463,0.9111871679766164,1.4100124935821297,True,value_high_half,hvn,False,True,1.5689319488226834,0.9423076923076924,False,False,,True,True,True,True,False,False,True,False,False,True,True,True,False,False,False,False,True,True,True,True,True,False,True,False,False,False,True,False,True,False,False,False,False,False,False,False,True,False,True,True,True
17236,15min,m15_2c_1atr,demand,2379.61,2374.15,2024-07-26 16:45:00+00:00,2024-07-26 16:00:00+00:00,2024-07-26 16:15:00+00:00,2024-07-26 16:30:00+00:00,2,1.43779342723005,1.495305164319262,0.1904761904761825,2024-07-26 16:50:00+00:00,2024-07-26 16:55:00+00:00,2380.28,2373.5848571428573,6.695142857142855,0.0833333333333333,True,344124,344125,0,2380.33,0.3460076045626679,3.424870908547751,0.0716937652029217,0.167285452140128,1.0,tp1,2024,2024-07,2024-07-26,0.0448086032518243,0.9551913967481755,0.03-0.05R,5,3,2,0.2179487179487265,10,3,2,0.2545787545787296,0,0,0.0,7,4,0.1300366300366358,True,True,True,False,True,5,3,24,7,True,12,Friday,ny_main,bear,0.746,high,above,above,0.3819813221022388,0.6112412177986273,0.8333151551062571,1.4865410805295105,True,above_value,mid_volume,False,False,2.0358042077412364,0.3833333333333333,True,False,0.131790744466806,True,True,True,True,False,False,True,False,False,True,True,True,False,False,False,False,True,True,True,True,True,False,True,False,False,False,False,False,False,False,True,False,False,False,False,False,True,False,True,True,True
17248,15min,m15_2c_1atr,supply,2395.96,2391.91,2024-07-29 17:15:00+00:00,2024-07-29 16:00:00+00:00,2024-07-29 16:15:00+00:00,2024-07-29 17:00:00+00:00,4,1.0118483412321808,1.1196682464455407,0.1209876543210406,2024-07-29 17:25:00+00:00,2024-07-29 17:30:00+00:00,2390.31,2396.5662857142856,6.256285714285696,0.1666666666666666,True,344407,344408,0,2390.32,0.33502538071062,3.2958852810887262,1.1892040005480329,0.412385258254545,1.0,tp1,2024,2024-07,2024-07-29,0.0479517742156461,0.952048225784354,0.03-0.05R,8,4,2,0.837037037036968,12,4,2,0.837037037036968,0,0,0.0,0,0,0.0,True,True,True,False,False,8,3,12,3,True,13,Monday,ny_main,bull,0.836,high,below,below,0.790604697651148,0.0649224806201198,-1.8824913038322848,-2.2203570358732105,True,value_high_half,hvn,True,True,0.1894095081517934,0.96875,False,False,,True,True,True,False,True,False,True,False,False,True,True,True,False,False,False,False,False,True,True,True,True,False,True,False,False,False,True,False,True,False,False,False,False,False,False,False,True,False,True,True,True
17285,15min,m15_2c_1atr,supply,2454.11,2448.98,2024-08-01 17:30:00+00:00,2024-08-01 16:45:00+00:00,2024-08-01 17:00:00+00:00,2024-08-01 17:15:00+00:00,2,1.4203152364273337,0.898423817863411,0.2436647173489227,2024-08-01 17:30:00+00:00,2024-08-01 17:50:00+00:00,2446.05,2455.1614285714286,9.111428571428403,0.0,True,345239,345240,3,2446.05,0.963636363636314,1.2160551897147085,1.0536218250235276,1.8449357165256344,1.0,tp1,2024,2024-08,2024-08-01,0.0329256820319855,0.9670743179680144,0.03-0.05R,6,4,2,1.0,6,4,2,1.0,0,0,0.0,2,2,0.4327485380117363,True,True,True,False,True,6,3,10,7,True,13,Thursday,ny_main,bull,0.984,high,above,above,0.7447306791568976,0.6361256544502512,-0.0969211252464056,0.3584745103552205,True,value_high_half,mid_volume,False,True,0.581138287864553,0.6470588235294118,False,False,,False,True,True,False,True,False,True,False,False,False,False,True,True,True,True,False,True,True,True,True,True,False,False,True,False,False,False,False,True,False,False,False,True,False,False,False,True,False,True,True,True
17339,15min,m15_2c_1atr,supply,2407.12,2402.85,2024-08-07 17:00:00+00:00,2024-08-07 15:45:00+00:00,2024-08-07 16:00:00+00:00,2024-08-07 16:45:00+00:00,4,1.0007485029939347,1.1186377245508925,0.2154566744730858,2024-08-07 17:30:00+00:00,2024-08-07 17:45:00+00:00,2400.66,2407.5699999999997,6.9099999999998545,0.5,True,346342,346343,2,2400.83,0.5975975975976817,2.891461649782987,1.0984081041968603,-2.439942112879954,1.0,tp1,2024,2024-08,2024-08-07,0.0434153400868315,0.9565846599131684,0.03-0.05R,0,0,0,0.0,1,1,1,0.96955503512878,1,1,0.1194379391100153,11,4,0.796252927400493,False,True,False,True,True,2,2,23,5,True,13,Wednesday,ny_main,bear,0.608,mid,above,above,0.865533230293634,0.2422222222222545,-0.2867088531140427,-0.0045528641341771,True,above_value,lvn,False,False,2.8560057887120243,0.1428571428571428,True,False,0.1937786843447114,False,False,True,False,True,False,True,False,False,False,True,True,True,False,False,True,True,False,True,False,True,True,False,True,False,True,False,False,False,False,True,False,False,False,False,False,True,False,True,True,True
17340,15min,m15_2c_1atr,supply,2401.84,2398.01,2024-08-07 18:45:00+00:00,2024-08-07 18:00:00+00:00,2024-08-07 18:15:00+00:00,2024-08-07 18:30:00+00:00,2,1.6820748059279949,0.946012702893414,0.2898172323760178,2024-08-07 19:50:00+00:00,2024-08-07 20:10:00+00:00,2395.62,2402.2365714285716,6.61657142857166,1.0833333333333333,True,346371,346372,3,2395.61,0.5623342175066051,2.2579670092407964,1.3828914414025044,-4.6066154244751845,1.0,tp1,2024,2024-08,2024-08-07,0.0453407029968029,0.9546592970031972,0.03-0.05R,1,1,1,0.9112271540470764,3,2,2,1.0,1,1,0.728459530026114,9,4,1.0,True,True,True,True,True,3,3,21,7,True,16,Wednesday,ny_main,bear,0.502,mid,inside,inside,0.9443507588532584,0.2164179104478137,-0.3542468508825338,-0.5218005362587168,True,above_value,hvn,False,False,0.8576949650228837,0.875,True,True,0.106036410092626,True,False,True,False,True,False,True,False,False,False,False,True,True,False,False,True,True,True,True,True,True,True,False,False,True,False,True,False,False,False,True,True,True,False,True,False,True,False,True,True,True
17353,15min,m15_2c_1atr,demand,2415.47,2409.18,2024-08-08 17:30:00+00:00,2024-08-08 16:45:00+00:00,2024-08-08 17:00:00+00:00,2024-08-08 17:15:00+00:00,2,1.6873134328358477,1.095273631840801,0.2019077901430825,2024-08-08 17:50:00+00:00,2024-08-08 18:25:00+00:00,2415.94,2408.5454285714286,7.394571428571453,0.3333333333333333,True,346626,346627,6,2416.3,0.8118811881189812,2.712800896410478,0.2353077547235735,1.978478420462896,1.0,tp1,2024,2024-08,2024-08-08,0.0405703025385416,0.9594296974614585,0.03-0.05R,3,3,2,0.7583465818759951,5,3,2,0.7583465818759951,7,4,0.4356120826709463,24,4,0.6995230524642474,True,True,True,True,True,17,7,53,7,True,14,Thursday,ny_main,bull,0.792,high,above,above,0.5915028833705582,0.6085858585858861,0.024317415488115,0.6136324014205778,True,above_value,mid_volume,False,False,2.3767435570495405,0.6896551724137931,True,True,0.261657032755299,True,True,True,True,False,False,True,False,False,False,False,False,True,True,True,True,True,True,True,True,True,True,True,False,False,False,False,False,False,False,True,True,False,False,True,False,True,False,True,True,True
17355,15min,m15_2c_1atr,demand,2416.71,2412.03,2024-08-08 19:15:00+00:00,2024-08-08 18:00:00+00:00,2024-08-08 18:15:00+00:00,2024-08-08 19:00:00+00:00,4,1.3149076678489091,0.8012718600953705,0.1837606837607173,2024-08-08 20:05:00+00:00,2024-08-08 20:15:00+00:00,2421.75,2411.609428571429,10.140571428571093,0.8333333333333334,True,346648,346649,1,2421.76,0.7652582159624534,1.5078045756790726,0.4733461061648031,0.6114053871294963,1.0,tp1,2024,2024-08,2024-08-08,0.029584131635299,0.970415868364701,<=0.03R,5,4,2,1.0,5,4,2,1.0,4,4,0.5555555555555556,19,4,0.6709401709401672,True,True,True,True,True,13,7,43,7,True,16,Thursday,ny_main,bull,0.716,high,above,above,0.6791891891891224,0.814159292035384,0.6344270300482434,1.3427828213840658,True,above_value,mid_volume,False,False,1.9841090950073803,0.5977011494252874,True,True,0.261657032755299,True,True,True,True,False,True,True,True,False,True,True,True,True,True,True,True,True,True,True,True,True,True,True,False,False,False,False,False,False,False,True,True,True,False,False,False,True,False,True,True,True
17525,15min,m15_2c_1atr,demand,2509.07,2503.61,2024-08-27 17:00:00+00:00,2024-08-27 16:15:00+00:00,2024-08-27 16:30:00+00:00,2024-08-27 16:45:00+00:00,2,1.579338842975229,1.579338842975229,0.0879120879120906,2024-08-27 17:00:00+00:00,2024-08-27 17:05:00+00:00,2512.45,2502.992285714286,9.457714285713791,0.0,True,350198,350199,0,2512.44,0.0945179584120989,1.7551809558336149,1.0330191529213255,-0.6523774998489454,1.0,tp1,2024,2024-08,2024-08-27,0.0317201377560284,0.9682798622439716,0.03-0.05R,6,4,2,0.8223443223443602,20,4,2,1.0,6,4,0.5,12,4,0.967032967032914,True,True,True,True,True,18,7,44,7,True,13,Tuesday,ny_main,bull,0.828,high,above,above,0.8607685433422932,0.783536585365882,1.0874333150202111,1.2237096087853174,True,below_value,mid_volume,True,True,-0.2548184399734134,0.2894736842105263,True,True,0.1630934150076312,True,True,True,True,False,False,True,False,False,True,True,True,False,False,False,True,True,True,True,True,True,True,True,False,False,False,False,False,False,True,False,True,False,False,True,False,True,False,True,True,True
17567,15min,m15_2c_1atr,supply,2512.42,2506.41,2024-08-30 18:30:00+00:00,2024-08-30 17:30:00+00:00,2024-08-30 17:45:00+00:00,2024-08-30 18:15:00+00:00,3,1.0653552478322204,1.0889090203184104,0.2029950083194268,2024-08-30 18:40:00+00:00,2024-08-30 18:45:00+00:00,2504.94,2513.0175714285715,8.077571428571446,0.1666666666666666,True,351046,351047,0,2505.06,0.3224299065421007,1.834709866827033,0.2934050191889217,0.5323382204693987,1.0,tp1,2024,2024-08,2024-08-30,0.0371398758467006,0.9628601241532994,0.03-0.05R,0,0,0,0.0,22,4,2,0.7271214642262449,3,3,0.5956738768718465,11,3,0.9101497504159828,False,True,False,True,True,6,4,44,7,True,14,Friday,ny_main,bear,0.976,high,below,below,0.9884014120020906,0.4100185528757121,-0.9297413199143432,-1.782088298569556,True,below_value,lvn,False,False,-1.2794687229188424,0.2407407407407407,True,True,0.1803278688524615,True,True,True,False,True,False,True,False,False,True,True,True,False,False,False,True,True,False,True,True,True,True,True,False,False,True,False,False,False,True,False,True,False,False,False,False,True,False,True,True,True
17602,15min,m15_2c_1atr,demand,2490.1,2485.3,2024-09-04 17:15:00+00:00,2024-09-04 16:30:00+00:00,2024-09-04 16:45:00+00:00,2024-09-04 17:00:00+00:00,2,1.2254871636251046,1.039282400247406,0.083333333333357,2024-09-04 17:15:00+00:00,2024-09-04 17:25:00+00:00,2491.72,2484.456857142857,7.263142857142611,0.0,True,351828,351829,1,2491.55,0.5448275862069873,4.374139490972176,0.0426812477872564,1.978482357106444,1.0,tp1,2024,2024-09,2024-09-04,0.0413044333425134,0.9586955666574866,0.03-0.05R,4,3,2,0.4874999999999633,7,4,2,0.4874999999999633,0,0,0.0,8,4,1.0,True,True,True,False,True,4,3,23,7,True,13,Wednesday,ny_main,bear,0.924,high,above,above,0.9150873004029696,0.7676767676767408,0.6837660563449567,0.9544387142424992,True,value_low_half,hvn,False,True,-0.7641320168365247,0.8461538461538461,True,True,0.4847140039447648,True,True,False,True,False,False,True,False,False,True,True,True,True,False,False,False,True,True,True,True,True,False,True,False,False,False,True,True,False,False,False,True,False,False,False,False,True,False,True,True,True
17674,15min,m15_2c_1atr,demand,2550.56,2542.98,2024-09-12 18:00:00+00:00,2024-09-12 17:00:00+00:00,2024-09-12 17:15:00+00:00,2024-09-12 17:45:00+00:00,3,1.3539703903095368,1.020188425302808,0.275725593667568,2024-09-12 18:10:00+00:00,2024-09-12 18:25:00+00:00,2552.47,2542.3182857142856,10.151714285714206,0.1666666666666666,True,353496,353497,2,2552.51,0.6091954022988842,3.2240860094002692,0.7447018096873158,2.962061298584374,1.0,tp1,2024,2024-09,2024-09-12,0.0295516591145762,0.9704483408854238,<=0.03R,0,0,0,0.0,0,0,0,0.0,0,0,0.0,0,0,0.0,False,False,False,False,False,0,0,0,0,True,14,Thursday,ny_main,bull,0.974,high,above,above,0.4455719557195296,0.9076923076923008,0.8081247305979761,2.069774462834643,True,above_value,hvn,False,False,3.3019053784019827,0.7802197802197802,False,False,,True,True,True,True,False,True,True,True,False,False,True,True,True,True,False,False,False,False,False,False,False,True,True,False,False,False,True,False,False,False,True,False,False,False,False,False,True,False,True,True,True
17787,15min,m15_2c_1atr,demand,2636.71,2631.04,2024-09-24 17:30:00+00:00,2024-09-24 16:00:00+00:00,2024-09-24 16:15:00+00:00,2024-09-24 17:15:00+00:00,5,1.3082893511331646,1.2322260167649768,0.0846560846560867,2024-09-24 17:35:00+00:00,2024-09-24 17:40:00+00:00,2638.85,2630.4427142857144,8.407285714285536,0.0833333333333333,True,355695,355696,0,2638.85,0.2833876221498284,3.7776758253896494,0.0523355592938174,2.3099012761041173,1.0,tp1,2024,2024-09,2024-09-24,0.0356833358821438,0.9643166641178562,0.03-0.05R,4,4,2,0.4356261022927281,4,4,2,0.4356261022927281,1,1,0.4303350970017677,1,1,0.4303350970017677,True,True,True,True,True,6,5,6,5,True,13,Tuesday,ny_main,bull,0.904,high,above,above,0.787988531763989,0.5753846153845819,0.9561833003639014,1.5497866167257768,True,above_value,mid_volume,False,True,0.6690625477901962,0.7352941176470589,False,False,,True,True,True,True,False,False,True,False,False,True,True,True,False,False,False,True,True,True,True,True,True,True,True,False,False,False,False,False,False,False,True,False,False,False,False,False,True,False,True,True,True
17799,15min,m15_2c_1atr,supply,2659.81,2655.34,2024-09-25 19:45:00+00:00,2024-09-25 18:30:00+00:00,2024-09-25 18:45:00+00:00,2024-09-25 19:30:00+00:00,4,1.278411910669994,1.035235732009898,0.1923937360179342,2024-09-25 20:05:00+00:00,2024-09-25 20:10:00+00:00,2653.91,2660.2445714285714,6.334571428571508,0.3333333333333333,True,356001,356002,0,2653.9,0.358649789029514,0.0473591628703726,1.0718957196337366,-3.057823282666563,-1.0,stop,2024,2024-09,2024-09-25,0.0473591628704157,-1.0473591628704155,0.03-0.05R,2,1,1,0.5391498881431683,2,1,1,0.5391498881431683,5,4,0.30648769574943,5,4,0.30648769574943,True,True,True,True,True,12,6,12,6,False,16,Wednesday,ny_main,bull,0.838,high,below,below,0.6079756674551635,0.6810035842294322,-0.1757763503435341,-0.5942373770217456,True,value_low_half,hvn,True,True,-0.106558116458464,0.951219512195122,True,False,0.4478873239436517,True,True,True,False,True,False,True,False,False,True,True,True,False,False,False,True,True,True,True,True,True,False,True,False,False,False,True,True,False,False,False,False,False,False,False,False,True,False,True,True,True
17813,15min,m15_2c_1atr,demand,2669.41,2667.08,2024-09-26 13:45:00+00:00,2024-09-26 12:30:00+00:00,2024-09-26 12:45:00+00:00,2024-09-26 13:30:00+00:00,4,2.21109399075496,0.8376990241396454,0.3433476394848722,2024-09-26 15:40:00+00:00,2024-09-26 15:50:00+00:00,2675.41,2666.301,9.108999999999924,1.9166666666666667,True,356225,356226,1,2675.6,0.4700460829493338,0.4995059830936678,1.2844439565265031,-1.034142057305978,-1.0,stop,2024,2024-09,2024-09-26,0.032934460423757,-1.032934460423757,0.03-0.05R,3,3,2,1.0,3,3,2,1.0,2,2,1.0,2,2,1.0,True,True,True,True,True,7,7,7,7,False,11,Thursday,london_ny_overlap,bull,0.978,high,above,above,1.1578521316783743,0.6257062146892488,0.0996513501817457,0.7338046430149474,True,above_value,hvn,False,True,0.9325941376660404,0.8169014084507042,False,False,,True,True,True,True,False,False,True,False,False,True,True,True,True,False,False,True,True,True,True,True,True,True,True,False,False,False,True,False,False,False,True,False,True,False,True,True,True,False,True,True,True
17815,15min,m15_2c_1atr,demand,2668.73,2663.01,2024-09-26 18:45:00+00:00,2024-09-26 17:15:00+00:00,2024-09-26 17:30:00+00:00,2024-09-26 18:30:00+00:00,5,1.0111111111110875,0.7805068226120556,0.2989510489510658,2024-09-26 19:05:00+00:00,2024-09-26 19:50:00+00:00,2669.95,2662.4947142857145,7.45528571428531,0.3333333333333333,True,356273,356274,8,2669.95,0.51724137931023,1.0650161917719625,1.0113629831184512,-3.140054036446009,1.0,tp1,2024,2024-09,2024-09-26,0.0402399064901242,0.9597600935098758,0.03-0.05R,7,4,2,1.0,7,4,2,1.0,3,2,1.0,3,2,1.0,True,True,True,True,True,13,7,13,7,True,15,Thursday,ny_main,bull,0.968,high,inside,inside,1.1019517205958194,0.2123076923077091,0.0227568153735604,-0.0644336766052966,True,value_high_half,hvn,False,True,0.6196945599478987,0.8208955223880597,False,False,,True,True,True,True,False,False,True,False,False,False,False,False,True,False,False,True,True,True,True,True,True,True,False,False,True,False,True,False,True,False,False,False,True,False,False,False,True,False,True,True,True
17845,15min,m15_2c_1atr,demand,2636.49,2632.95,2024-09-30 19:45:00+00:00,2024-09-30 18:15:00+00:00,2024-09-30 18:30:00+00:00,2024-09-30 19:30:00+00:00,5,1.161445783132471,0.8530120481927703,0.2881355932203368,2024-09-30 20:30:00+00:00,2024-09-30 20:50:00+00:00,2638.93,2632.689714285714,6.240285714285619,0.75,True,356837,356838,3,2638.91,0.4301075268814049,0.1458266562886832,1.007966668192858,3.695343619797676,-1.0,stop,2024,2024-09,2024-09-30,0.0480747218533957,-1.0480747218533957,0.03-0.05R,5,3,2,1.0,9,3,2,1.0,0,0,0.0,4,4,0.1497175141243518,True,True,True,False,True,5,3,17,7,False,16,Monday,ny_main,bear,0.41,mid,below,below,1.9258679196032555,0.1715481171549176,0.0621456858303025,0.0806880575982119,True,below_value,hvn,False,False,-2.9694153198114415,0.84,True,True,0.4192598822540021,True,True,True,True,False,False,True,False,False,False,False,True,False,False,False,False,True,True,True,True,True,False,False,True,False,False,True,False,False,True,False,True,True,False,False,False,True,False,True,True,True
17906,15min,m15_2c_1atr,demand,2646.58,2632.04,2024-10-04 16:30:00+00:00,2024-10-04 15:45:00+00:00,2024-10-04 16:00:00+00:00,2024-10-04 16:15:00+00:00,2,2.3441258094357047,2.690101757631797,0.1485557083906681,2024-10-04 17:20:00+00:00,2024-10-04 17:40:00+00:00,2650.79,2631.2604285714287,19.529571428571217,0.8333333333333334,True,357903,357904,3,2650.7,0.4095744680850729,0.9923412846452796,0.6651451644758458,-0.0762945569722002,-0.0762945569722002,time,2024,2024-10,2024-10-04,0.0153613201957472,-0.0916558771679475,<=0.03R,2,2,2,1.0,36,4,2,1.0,5,4,0.3397524071526868,17,4,0.4642365887207714,True,True,True,True,True,12,6,70,7,False,13,Friday,ny_main,bull,0.996,high,below,below,0.4172525973344763,0.9819944598337794,0.5553610518661116,0.2751369011773211,True,below_value,lvn,False,False,-0.9698113483581808,0.1388888888888889,True,True,0.2099385817978921,True,True,True,True,False,True,True,True,True,False,False,True,False,False,False,True,True,True,True,True,True,True,False,True,False,True,False,False,False,True,False,True,False,True,True,True,True,False,True,True,True
17976,15min,m15_2c_1atr,demand,2641.07,2639.38,2024-10-11 15:00:00+00:00,2024-10-11 14:15:00+00:00,2024-10-11 14:30:00+00:00,2024-10-11 14:45:00+00:00,2,2.152552552552524,0.7105105105105393,0.0177514792897895,2024-10-11 15:45:00+00:00,2024-10-11 16:05:00+00:00,2646.1,2638.843142857143,7.256857142856916,0.75,True,359264,359265,3,2646.09,0.7467362924282459,2.8607425489193683,0.3968660183472065,0.7151856372298421,1.0,tp1,2024,2024-10,2024-10-11,0.0413402102444991,0.9586597897555008,0.03-0.05R,6,3,2,1.0,19,4,2,1.0,2,1,1.0,16,4,1.0,True,True,True,True,True,10,7,51,7,True,12,Friday,ny_main,bull,0.612,mid,above,above,0.6072449952334648,0.9615384615384952,1.2434770637126558,1.7650040725728935,True,value_high_half,hvn,False,True,2.0635654947046307,0.9558823529411764,True,True,0.4236778846153715,True,True,True,True,False,False,True,False,False,False,False,True,True,True,True,True,True,True,True,True,True,True,True,False,False,False,True,False,True,False,False,True,True,False,True,True,True,False,True,True,True
17978,15min,m15_2c_1atr,demand,2649.93,2646.64,2024-10-11 17:15:00+00:00,2024-10-11 16:15:00+00:00,2024-10-11 16:30:00+00:00,2024-10-11 17:00:00+00:00,3,1.2120007229351089,0.8324597867341325,0.188449848024285,2024-10-11 17:20:00+00:00,2024-10-11 17:25:00+00:00,2652.82,2646.010142857143,6.809857142857254,0.0833333333333333,True,359280,359281,0,2652.83,0.7176470588235263,1.2614067842832208,1.0984077702489936,-1.033795548469633,1.0,tp1,2024,2024-10,2024-10-11,0.0440537875768311,0.9559462124231688,0.03-0.05R,2,2,2,1.0,8,3,2,1.0,1,1,0.4984802431611992,21,4,1.0,True,True,True,True,True,4,4,50,7,True,13,Friday,ny_main,bull,0.79,high,above,above,0.4495412844035955,0.8163771712159442,0.9362611977747696,1.7647170569622963,True,value_high_half,mid_volume,False,True,0.4456774843189208,0.410958904109589,True,True,0.4236778846153715,True,True,True,True,False,False,True,False,False,True,True,True,True,True,True,True,True,True,True,True,True,True,True,False,False,False,False,False,True,False,False,True,True,False,False,False,True,False,True,True,True
18027,15min,m15_2c_1atr,demand,2691.84,2686.81,2024-10-17 18:00:00+00:00,2024-10-17 17:15:00+00:00,2024-10-17 17:30:00+00:00,2024-10-17 17:45:00+00:00,2,1.2474226804122963,1.0371134020618815,0.0695825049702484,2024-10-17 18:10:00+00:00,2024-10-17 18:30:00+00:00,2693.29,2686.197857142857,7.09214285714279,0.1666666666666666,True,360397,360398,3,2693.28,0.798861480075911,0.3863430355524592,1.3084902809950416,3.275455735723672,-1.0,stop,2024,2024-10,2024-10-17,0.0423003323597546,-1.0423003323597546,0.03-0.05R,0,0,0,0.0,0,0,0,0.0,0,0,0.0,0,0,0.0,False,False,False,False,False,0,0,0,0,False,14,Thursday,ny_main,bull,0.976,high,above,above,1.6344789961811097,0.4596577017115018,0.427399997198832,1.1039919104945584,True,above_value,mid_volume,False,False,0.997582838150855,0.360655737704918,False,False,,True,True,True,True,False,False,True,False,False,False,False,True,True,True,True,False,False,False,False,False,False,True,True,False,False,False,False,False,False,False,True,False,False,False,False,False,True,False,True,True,True
18210,15min,m15_2c_1atr,supply,2747.15,2741.55,2024-11-05 17:30:00+00:00,2024-11-05 16:45:00+00:00,2024-11-05 17:00:00+00:00,2024-11-05 17:15:00+00:00,2,3.1011873117136117,1.3893319156476756,0.2285714285713868,2024-11-05 17:45:00+00:00,2024-11-05 18:20:00+00:00,2740.51,2747.6375714285714,7.127571428571173,0.25,True,363983,363984,6,2740.51,0.8172588832486478,1.0915358867978144,1.0971478964985053,10.150722546249389,1.0,tp1,2024,2024-11,2024-11-05,0.0420900727556987,0.9579099272443014,0.03-0.05R,8,4,2,0.7392857142857036,25,4,2,0.8107142857142924,1,1,0.9392857142856872,7,3,0.9392857142856872,True,True,True,True,True,10,5,39,7,True,13,Tuesday,ny_main,bear,0.906,high,below,below,0.639346741267196,0.0392609699769227,-0.5156628677020465,-0.6017238346579605,True,above_value,mid_volume,False,True,0.9259816006254225,0.5686274509803921,True,False,0.435945273631828,True,True,True,False,True,False,True,False,False,False,False,False,True,True,True,True,True,True,True,True,True,True,True,False,False,False,False,False,False,False,True,False,False,False,True,True,True,False,True,True,True
18244,15min,m15_2c_1atr,supply,2696.15,2694.02,2024-11-08 08:30:00+00:00,2024-11-08 07:45:00+00:00,2024-11-08 08:00:00+00:00,2024-11-08 08:15:00+00:00,2,2.7581888246628825,0.7182080924855784,0.2206572769951999,2024-11-08 13:40:00+00:00,2024-11-08 14:05:00+00:00,2690.26,2696.4990000000003,6.239000000000033,5.166666666666667,True,364760,364761,4,2690.25,0.7118644067796904,0.6427312069242181,1.0081743869209698,5.649943901266199,-1.0,stop,2024,2024-11,2024-11-08,0.0480846289469463,-1.0480846289469463,0.03-0.05R,6,4,2,1.0,8,4,2,1.0,0,0,0.0,0,0,0.0,True,True,True,False,False,6,3,8,3,False,9,Friday,london_ny_overlap,bear,0.516,mid,inside,inside,1.732352941176453,0.198653198653261,-0.0314381153768465,0.0592961633408195,True,value_high_half,hvn,False,True,1.0153870812630237,0.956989247311828,False,False,,True,True,True,False,True,False,True,False,False,False,False,False,True,True,True,False,False,True,True,True,True,True,False,False,True,False,True,False,True,False,False,False,True,False,True,True,True,False,True,True,True
18275,15min,m15_2c_1atr,demand,2595.01,2589.71,2024-11-12 13:30:00+00:00,2024-11-12 12:15:00+00:00,2024-11-12 12:30:00+00:00,2024-11-12 13:15:00+00:00,4,1.192422731804597,1.0568295114656456,0.2999999999999314,2024-11-12 13:40:00+00:00,2024-11-12 14:00:00+00:00,2598.02,2589.1402857142857,8.879714285714272,0.1666666666666666,True,365311,365312,3,2597.92,0.8711484593837492,2.1475916213520603,0.6182631358795092,1.3694134302905356,1.0,tp1,2024,2024-11,2024-11-12,0.0337848708130892,0.9662151291869108,0.03-0.05R,0,0,0,0.0,0,0,0,0.0,0,0,0.0,0,0,0.0,False,False,False,False,False,0,0,0,0,True,9,Tuesday,london_ny_overlap,bear,0.758,high,inside,inside,1.33008036739379,0.6601208459214446,0.9488245102357336,0.6396498738831624,True,below_value,hvn,False,False,-3.4224074133659297,0.7755102040816326,False,False,,True,True,True,True,False,False,True,False,False,False,False,True,True,True,True,False,False,False,False,False,False,False,False,False,True,False,True,False,False,True,False,False,False,False,False,False,True,False,True,True,True
18277,15min,m15_2c_1atr,demand,2606.62,2600.88,2024-11-12 15:30:00+00:00,2024-11-12 14:30:00+00:00,2024-11-12 14:45:00+00:00,2024-11-12 15:15:00+00:00,3,2.2592691384369266,1.071752467324592,0.0034843205574882,2024-11-12 15:40:00+00:00,2024-11-12 15:50:00+00:00,2609.04,2600.1330000000003,8.906999999999698,0.1666666666666666,True,365333,365334,1,2609.03,0.7083333333334567,0.903783541035192,1.1575165600090147,-0.6421915347479503,-1.0,stop,2024,2024-11,2024-11-12,0.0336813742000685,-1.0336813742000686,0.03-0.05R,2,2,1,1.0,2,2,1,1.0,0,0,0.0,0,0,0.0,True,True,True,False,False,2,2,2,2,False,10,Tuesday,london_ny_overlap,bear,0.846,high,above,above,1.1500186127311065,0.9159159159159224,0.8922613522967549,1.4375627785459084,True,value_low_half,mid_volume,False,True,-2.133153699337672,0.6464646464646465,False,False,,True,True,True,True,False,False,True,False,False,True,True,True,True,True,True,False,False,True,True,False,False,False,True,False,False,False,False,True,False,False,False,False,False,False,True,True,True,False,True,True,True
18289,15min,m15_2c_1atr,demand,2608.72,2605.87,2024-11-13 14:15:00+00:00,2024-11-13 13:30:00+00:00,2024-11-13 13:45:00+00:00,2024-11-13 14:00:00+00:00,2,1.0755755755754728,0.9984984984984656,0.0947368421052598,2024-11-13 15:10:00+00:00,2024-11-13 15:35:00+00:00,2612.46,2605.37,7.0900000000001455,0.9166666666666666,True,365606,365607,4,2611.09,0.5752941176470439,0.5543018335683717,1.5952045133991133,-6.836389280676905,-1.0,stop,2024,2024-11,2024-11-13,0.0423131170662896,-1.0423131170662896,0.03-0.05R,5,3,2,0.961403508771884,7,3,2,0.961403508771884,0,0,0.0,0,0,0.0,True,True,True,False,False,5,3,7,3,False,10,Wednesday,london_ny_overlap,bear,0.388,mid,below,below,0.8578281726994927,0.0138445154419713,0.0259691897196376,0.164549732335612,True,value_low_half,mid_volume,True,True,-0.1346967559943452,0.7307692307692307,False,False,,True,True,False,True,False,False,True,False,False,False,False,False,True,False,False,False,False,True,True,True,True,False,False,True,False,False,False,True,False,False,False,False,True,False,False,False,True,False,True,True,True
18306,15min,m15_2c_1atr,demand,2559.95,2555.84,2024-11-14 16:30:00+00:00,2024-11-14 15:45:00+00:00,2024-11-14 16:00:00+00:00,2024-11-14 16:15:00+00:00,2,1.3262434554974902,0.9414267015706144,0.2238442822384783,2024-11-14 16:45:00+00:00,2024-11-14 16:50:00+00:00,2561.65,2555.1185714285716,6.531428571428478,0.25,True,365897,365898,0,2561.64,0.0031948881789838,2.4282589676291004,1.0135608048993854,1.2202537182852011,1.0,tp1,2024,2024-11,2024-11-14,0.0459317585301843,0.9540682414698156,0.03-0.05R,5,4,2,0.2968369829683448,5,4,2,0.2968369829683448,1,1,0.6180048661800891,1,1,0.6180048661800891,True,True,True,True,True,7,5,7,5,True,11,Thursday,london_ny_overlap,bear,0.744,high,above,above,0.9823815309841992,0.349736379613343,0.2370824179343154,0.8047696213266798,True,value_low_half,hvn,True,True,-0.0543525809273876,0.9708029197080292,False,False,,True,True,False,True,False,False,True,False,False,True,True,True,False,False,False,True,True,True,True,True,True,False,True,False,False,False,True,True,False,False,False,False,True,False,False,False,True,False,True,True,True
18327,15min,m15_2c_1atr,supply,2576.03,2570.94,2024-11-15 17:45:00+00:00,2024-11-15 17:00:00+00:00,2024-11-15 17:15:00+00:00,2024-11-15 17:30:00+00:00,2,1.3786975045648513,0.8674376141205399,0.0923379174852232,2024-11-15 17:55:00+00:00,2024-11-15 18:20:00+00:00,2569.71,2576.578142857143,6.868142857143084,0.1666666666666666,True,366191,366192,4,2569.72,0.9598765432098458,1.4807496308005523,1.0949102481435642,-5.586663061338902,1.0,tp1,2024,2024-11,2024-11-15,0.0436799301121103,0.9563200698878896,0.03-0.05R,9,3,2,0.9607072691551538,12,4,2,0.9607072691551538,5,3,1.0,5,3,1.0,True,True,True,True,True,19,7,22,7,True,13,Friday,ny_main,bear,0.97,high,inside,inside,0.8636971046770527,0.0108527131783194,-0.4963147069887476,-0.4655783682001768,True,above_value,mid_volume,False,True,0.9806144310168964,0.6521739130434783,False,False,,True,True,True,False,True,False,True,False,False,False,False,False,True,True,True,True,True,True,True,True,True,True,False,False,True,False,False,False,False,False,True,False,True,False,False,False,True,False,True,True,True
18356,15min,m15_2c_1atr,supply,2636.99,2632.52,2024-11-19 16:30:00+00:00,2024-11-19 15:45:00+00:00,2024-11-19 16:00:00+00:00,2024-11-19 16:15:00+00:00,2,1.5279407224452513,0.9660389008953054,0.1140939597314958,2024-11-19 19:20:00+00:00,2024-11-19 19:45:00+00:00,2630.12,2637.3671428571424,7.247142857142535,2.8333333333333335,True,366760,366761,4,2630.11,0.6327683615818658,0.5188251527695548,1.0100532229450705,-2.518233786714088,-1.0,stop,2024,2024-11,2024-11-19,0.0413956238911904,-1.0413956238911906,0.03-0.05R,4,2,2,1.0,4,2,2,1.0,2,2,1.0,2,2,1.0,True,True,True,True,True,8,7,8,7,False,14,Tuesday,ny_main,bull,0.712,high,below,below,1.6576576576576536,0.2086330935251386,-0.07016353413312,-0.1216998903073562,True,value_high_half,mid_volume,False,True,1.1735659373152654,0.609375,False,False,,True,True,True,False,True,False,True,False,False,False,False,False,True,True,False,True,True,True,True,True,True,False,True,False,False,False,False,False,True,False,False,False,True,False,True,False,True,False,True,True,True
18384,15min,m15_2c_1atr,demand,2661.98,2660.17,2024-11-21 09:45:00+00:00,2024-11-21 09:00:00+00:00,2024-11-21 09:15:00+00:00,2024-11-21 09:30:00+00:00,2,1.3368455712874814,0.8343760289759284,0.0552486187844818,2024-11-21 15:00:00+00:00,2024-11-21 15:10:00+00:00,2666.66,2659.7312857142856,6.92871428571425,5.25,True,367257,367258,1,2666.66,0.9656357388316448,6.275334529185001,0.7620461433784542,3.339724954124722,1.0,tp1,2024,2024-11,2024-11-21,0.0432980763283233,0.9567019236716766,0.03-0.05R,0,0,0,0.0,0,0,0,0.0,0,0,0.0,1,1,1.0,False,False,False,False,True,0,0,2,2,True,10,Thursday,london_ny_overlap,bull,0.71,high,inside,inside,2.1528351483289394,0.9443651925819808,0.0538788050202821,0.124534596281373,True,value_high_half,mid_volume,False,True,1.562338920846975,0.7125,False,False,,True,True,True,True,False,False,True,False,False,True,True,True,True,True,True,False,True,False,False,False,False,True,False,False,True,False,False,False,True,False,False,False,True,False,False,False,True,False,True,True,True
18412,15min,m15_2c_1atr,supply,2688.8,2686.21,2024-11-25 14:30:00+00:00,2024-11-25 13:45:00+00:00,2024-11-25 14:00:00+00:00,2024-11-25 14:15:00+00:00,2,1.210419360798131,0.6698688342878506,0.030888030888001,2024-11-25 15:20:00+00:00,2024-11-25 15:35:00+00:00,2682.41,2689.403,6.993000000000393,0.8333333333333334,True,367814,367815,2,2682.42,0.5191986644407354,11.02388102388036,0.0471900471900341,8.100958100957595,1.0,tp1,2024,2024-11,2024-11-25,0.0429000429000404,0.9570999570999597,0.03-0.05R,1,1,1,1.0,2,2,1,1.0,0,0,0.0,7,4,0.5250965250965448,True,True,True,False,True,1,1,16,6,True,10,Monday,london_ny_overlap,bull,0.868,high,inside,below,1.4636457870575688,0.3238578680203131,-0.2529731127692793,0.2746734409790135,True,value_high_half,mid_volume,False,True,2.538967538967412,0.4960629921259842,False,False,,True,True,True,False,True,False,True,False,False,False,True,True,True,False,False,False,True,True,True,False,True,False,False,False,True,False,False,False,True,False,False,False,True,False,False,False,True,False,True,True,True
18444,15min,m15_2c_1atr,demand,2650.27,2645.86,2024-11-27 16:00:00+00:00,2024-11-27 15:15:00+00:00,2024-11-27 15:30:00+00:00,2024-11-27 15:45:00+00:00,2,1.886010362694298,1.1030909415758117,0.0408163265305764,2024-11-27 16:05:00+00:00,2024-11-27 16:30:00+00:00,2651.73,2645.2202857142856,6.509714285714381,0.0833333333333333,True,368377,368378,4,2651.73,0.4587813620072462,0.5330495084269278,1.5622805477527972,-2.2858146067415563,-1.0,stop,2024,2024-11,2024-11-27,0.0460849719101116,-1.0460849719101115,0.03-0.05R,6,3,2,0.7528344671201402,14,4,2,0.7528344671201402,0,0,0.0,3,3,0.6825396825396515,True,True,True,False,True,6,3,20,7,False,11,Wednesday,london_ny_overlap,bull,0.706,high,above,above,1.1417475728155306,0.8985849056604107,0.5311145152188513,0.9091982528122868,True,value_high_half,hvn,True,True,0.0483892205056256,0.9390243902439024,False,False,,True,True,True,True,False,False,True,False,False,False,False,False,True,False,False,False,True,True,True,True,True,True,True,False,False,False,True,False,True,False,False,False,False,False,True,False,True,False,True,True,True
18473,15min,m15_2c_1atr,supply,2649.35,2643.5,2024-12-02 18:15:00+00:00,2024-12-02 17:15:00+00:00,2024-12-02 17:30:00+00:00,2024-12-02 18:00:00+00:00,3,1.1696555650441192,1.1656703672075155,0.2102564102564166,2024-12-02 18:20:00+00:00,2024-12-02 18:35:00+00:00,2640.88,2649.875285714286,8.995285714285728,0.0833333333333333,True,369173,369174,2,2640.91,0.7411003236245488,0.8159829752092514,1.0227579525783128,-0.4502358378197793,-1.0,stop,2024,2024-12,2024-12-02,0.0333508028014673,-1.0333508028014673,0.03-0.05R,7,4,2,0.8068376068375852,16,4,2,0.8068376068375852,0,0,0.0,7,4,0.7401709401709392,True,True,True,False,True,7,3,30,7,False,13,Monday,ny_main,bear,0.8,high,inside,inside,1.0859330686329864,0.2037037037037126,-0.4703928470099556,-0.4332962764553408,True,value_high_half,mid_volume,True,True,0.1862086489748797,0.7166666666666667,False,False,,True,True,True,False,True,False,True,False,False,False,True,True,True,True,True,False,True,True,True,True,True,True,False,False,True,False,False,False,True,False,False,False,False,False,False,False,True,False,True,True,True
18524,15min,m15_2c_1atr,demand,2636.36,2633.62,2024-12-06 13:30:00+00:00,2024-12-06 12:45:00+00:00,2024-12-06 13:00:00+00:00,2024-12-06 13:15:00+00:00,2,1.2052765563526684,0.887757463550208,0.2408759124088512,2024-12-06 14:00:00+00:00,2024-12-06 14:15:00+00:00,2639.62,2633.2965714285715,6.323428571428394,0.5,True,370225,370226,2,2639.61,0.9446640316207778,0.6230797035966283,1.325230435568462,2.7121362732695644,-1.0,stop,2024,2024-12,2024-12-06,0.0474426170251233,-1.0474426170251234,0.03-0.05R,2,2,2,1.0,14,4,2,1.0,4,4,0.0218978102189562,10,4,1.0,True,True,True,True,True,10,6,34,7,False,9,Friday,london_ny_overlap,bear,0.4,mid,inside,inside,1.82312925170075,0.2811244979920507,0.307559349391258,0.2976189614117923,True,value_low_half,mid_volume,False,True,-1.148111332008019,0.5609756097560976,True,True,0.1656206415620624,True,True,True,True,False,False,True,False,False,False,True,True,True,True,True,True,True,True,True,True,True,False,False,False,True,False,False,True,False,False,False,True,True,False,False,False,True,False,True,True,True
18526,15min,m15_2c_1atr,supply,2643.56,2631.24,2024-12-06 16:15:00+00:00,2024-12-06 15:30:00+00:00,2024-12-06 15:45:00+00:00,2024-12-06 16:00:00+00:00,2,1.5720601237842364,2.541703507220778,0.0073051948052065,2024-12-06 16:20:00+00:00,2024-12-06 16:30:00+00:00,2629.72,2644.674285714286,14.954285714286016,0.0833333333333333,True,370252,370253,1,2629.82,0.483180428134537,0.2527703477263822,1.2157050057317489,-2.727646159724849,-1.0,stop,2024,2024-12,2024-12-06,0.0200611387084443,-1.0200611387084444,<=0.03R,16,4,2,0.8214285714285886,40,4,2,0.8214285714285886,7,2,0.5259740259740204,15,2,0.666396103896098,True,True,True,True,True,30,7,70,7,False,11,Friday,london_ny_overlap,bear,0.932,high,below,below,1.024157226695801,0.5230769230769371,-0.6728678972760188,-1.1838354923497911,True,value_high_half,hvn,True,True,0.0769010317156791,0.9264705882352942,False,False,,True,True,True,False,True,True,True,True,False,True,True,True,True,False,False,True,True,True,True,True,True,True,True,False,False,False,True,False,True,False,False,False,False,True,True,False,True,False,True,True,True
18616,15min,m15_2c_1atr,supply,2646.93,2642.66,2024-12-17 16:00:00+00:00,2024-12-17 15:00:00+00:00,2024-12-17 15:15:00+00:00,2024-12-17 15:45:00+00:00,3,2.0437317784255877,1.2448979591836686,0.2833723653395882,2024-12-17 17:15:00+00:00,2024-12-17 17:40:00+00:00,2640.02,2647.430857142857,7.410857142856912,1.25,True,372198,372199,4,2640.03,0.4829721362228906,0.4398951345516049,1.0268717711466295,0.7178656796977853,-1.0,stop,2024,2024-12,2024-12-17,0.0404811473513776,-1.0404811473513775,0.03-0.05R,5,3,2,1.0,5,3,2,1.0,0,0,0.0,13,4,1.0,True,True,True,False,True,5,3,31,7,False,12,Tuesday,ny_main,bear,0.904,high,below,below,0.7520025129574519,0.0175054704596015,-0.2342544054194834,-0.5314888527140262,True,value_low_half,mid_volume,False,True,-1.0734250906006868,0.4509803921568627,False,False,,True,False,True,False,True,False,True,False,False,False,False,False,True,False,False,False,True,True,True,True,True,True,True,False,False,False,False,True,False,False,False,False,False,False,True,True,True,False,True,True,True
18646,15min,m15_2c_1atr,supply,2605.61,2600.69,2024-12-19 16:00:00+00:00,2024-12-19 15:15:00+00:00,2024-12-19 15:30:00+00:00,2024-12-19 15:45:00+00:00,2,1.4427564604541654,1.0787783868441758,0.0467479674796778,2024-12-19 16:35:00+00:00,2024-12-19 16:45:00+00:00,2595.06,2606.2657142857142,11.205714285714294,0.5833333333333334,True,372739,372740,1,2595.08,0.8339694656487965,0.7157062723100438,1.0200152983171695,-2.953850076491576,-1.0,stop,2024,2024-12,2024-12-19,0.0267720550739418,-1.026772055073942,<=0.03R,3,2,1,0.3882113821138782,3,2,1,0.3882113821138782,0,0,0.0,0,0,0.0,True,True,True,False,False,3,3,3,3,False,11,Thursday,london_ny_overlap,bear,0.904,high,below,below,1.0041114664230169,0.155388471177926,-1.31367043141682,-2.761024723242442,True,below_value,hvn,False,True,-2.9984701682814787,0.7787610619469026,False,False,,True,True,False,False,True,True,True,True,False,True,True,True,True,True,True,False,False,True,True,True,True,True,True,False,False,False,True,False,False,True,False,False,False,False,False,False,True,False,True,True,True
18754,15min,m15_2c_1atr,demand,2651.07,2646.96,2025-01-02 18:00:00+00:00,2025-01-02 16:45:00+00:00,2025-01-02 17:00:00+00:00,2025-01-02 17:45:00+00:00,4,1.4215111674323386,0.911452558213231,0.3333333333332964,2025-01-02 18:00:00+00:00,2025-01-02 18:10:00+00:00,2652.74,2646.458857142857,6.28114285714264,0.0,True,374925,374926,1,2652.76,0.631970260223137,2.0107805676856763,1.4264919941775662,-1.7878911935953343,1.0,tp1,2025,2025-01,2025-01-02,0.0477620087336261,0.952237991266374,0.03-0.05R,0,0,0,0.0,0,0,0,0.0,1,1,0.072992700729969,6,3,1.0,False,False,False,True,True,2,2,12,4,True,13,Thursday,ny_main,bull,0.978,high,above,above,0.6187965260545663,0.8195991091314065,0.7386748027396531,1.586426476681342,True,above_value,mid_volume,False,False,2.430290211062727,0.6911764705882353,False,False,,True,True,True,True,False,False,True,False,False,True,True,True,True,True,False,True,True,False,False,False,True,True,True,False,False,False,False,False,False,False,True,False,True,False,False,False,True,False,True,True,True
18755,15min,m15_2c_1atr,demand,2654.49,2650.0,2025-01-02 19:00:00+00:00,2025-01-02 18:00:00+00:00,2025-01-02 18:15:00+00:00,2025-01-02 18:45:00+00:00,3,1.2692431561997044,1.012238325281756,0.1024498886414384,2025-01-02 19:30:00+00:00,2025-01-02 20:00:00+00:00,2656.59,2649.61,6.980000000000018,0.5,True,374947,374948,5,2656.59,0.6460905349795347,1.2578796561604186,1.24498567335244,-2.136103151862503,1.0,tp1,2025,2025-01,2025-01-02,0.0429799426934096,0.9570200573065905,0.03-0.05R,1,1,1,0.2383073496659723,1,1,1,0.2383073496659723,0,0,0.0,9,3,0.5367483296213745,True,True,True,False,True,1,1,19,5,True,15,Thursday,ny_main,bull,0.9,high,above,above,0.7584109484888675,0.257042253521001,0.254677948546704,1.223593394289734,True,above_value,mid_volume,False,False,2.649713467048688,0.5769230769230769,False,False,,True,True,True,True,False,False,True,False,False,False,False,False,True,True,False,False,True,True,True,False,True,True,True,False,False,False,False,False,False,False,True,False,False,False,False,False,True,False,True,True,True
18857,15min,m15_2c_1atr,supply,2674.53,2671.82,2025-01-14 11:15:00+00:00,2025-01-14 10:30:00+00:00,2025-01-14 10:45:00+00:00,2025-01-14 11:00:00+00:00,2,1.3114754098359966,1.1106557377049375,0.0295202952029247,2025-01-14 15:30:00+00:00,2025-01-14 15:35:00+00:00,2667.45,2675.088,7.638000000000375,4.25,True,377102,377103,0,2667.33,0.0083102493074713,0.98193244304787,1.1586802827965343,-1.9245875883738612,-1.0,stop,2025,2025-01,2025-01-14,0.0392772977219148,-1.039277297721915,0.03-0.05R,10,4,2,1.0,15,4,2,1.0,1,1,0.9261992619925202,1,1,0.9261992619925202,True,True,True,True,True,12,5,17,5,False,10,Tuesday,london_ny_overlap,bear,0.74,high,below,below,1.0812437311935472,0.2029962546816451,-0.9843273698073756,-1.1589796638704457,True,above_value,mid_volume,False,True,0.4484158156585511,0.5526315789473685,True,False,0.3495989304812837,True,True,False,False,True,False,True,False,False,True,True,True,False,False,False,True,True,True,True,True,True,True,True,False,False,False,False,False,False,False,True,False,False,False,False,False,True,False,True,True,True
18974,15min,m15_2c_1atr,supply,2754.83,2745.14,2025-01-27 17:15:00+00:00,2025-01-27 16:30:00+00:00,2025-01-27 16:45:00+00:00,2025-01-27 17:00:00+00:00,2,2.13923408572148,1.720263758559479,0.3044375644994635,2025-01-27 17:20:00+00:00,2025-01-27 17:25:00+00:00,2744.08,2755.614285714286,11.534285714285945,0.0833333333333333,True,379578,379579,0,2744.1,0.4368600682593231,1.172157542729725,1.007431260837226,-1.155684914540471,1.0,tp1,2025,2025-01,2025-01-27,0.0260094129303933,0.9739905870696066,<=0.03R,2,1,1,0.2920536635706823,21,4,2,0.3622291021671562,0,0,0.0,5,3,0.3746130030959844,True,True,True,False,True,2,2,31,7,True,12,Monday,ny_main,bear,1.0,high,below,below,1.9000991571640775,0.3768736616702157,-1.2316437578237454,-2.185886737913755,True,below_value,lvn,False,True,-0.6298612831310537,0.238095238095238,True,False,0.251194539249134,True,True,True,False,True,True,True,True,False,True,True,True,False,False,False,False,True,True,True,False,True,True,True,False,False,True,False,False,False,True,False,False,False,False,True,True,True,False,True,True,True
18998,15min,m15_2c_1atr,demand,2756.95,2752.26,2025-01-29 16:00:00+00:00,2025-01-29 15:15:00+00:00,2025-01-29 15:30:00+00:00,2025-01-29 15:45:00+00:00,2,1.46386255924165,1.9449052132700424,0.3347547974413311,2025-01-29 16:25:00+00:00,2025-01-29 16:35:00+00:00,2759.17,2751.909571428572,7.260428571428292,0.4166666666666667,True,380120,380121,1,2759.18,0.6739130434782222,0.2630698699407649,1.260256183224192,4.434999901619491,-1.0,stop,2025,2025-01,2025-01-29,0.0413198748598091,-1.0413198748598091,0.03-0.05R,3,3,2,1.0,19,4,2,1.0,4,4,0.622601279317669,10,4,1.0,True,True,True,True,True,11,7,39,7,False,11,Wednesday,london_ny_overlap,bull,0.574,mid,inside,inside,1.2415571023460008,0.184491978609651,0.059087840144359,-0.1702134806432369,True,below_value,lvn,False,True,-0.4331700214469968,0.1379310344827586,True,False,0.3087615838247622,True,True,True,True,False,False,True,False,False,True,True,True,True,True,False,True,True,True,True,True,True,True,False,False,True,True,False,False,False,True,False,False,False,False,False,False,True,False,True,True,True
19038,15min,m15_2c_1atr,demand,2815.54,2813.46,2025-02-03 17:00:00+00:00,2025-02-03 16:15:00+00:00,2025-02-03 16:30:00+00:00,2025-02-03 16:45:00+00:00,2,3.953563714902793,0.5241180705543336,0.0192307692307524,2025-02-03 17:25:00+00:00,2025-02-03 18:10:00+00:00,2822.36,2812.3494285714287,10.010571428571438,0.4166666666666667,True,380967,380968,8,2822.31,0.5843793584379375,0.0649313582784004,1.0099323572223766,1.9799069555041504,-1.0,stop,2025,2025-02,2025-02-03,0.0299683192054113,-1.0299683192054114,<=0.03R,0,0,0,0.0,0,0,0,0.0,0,0,0.0,0,0,0.0,False,False,False,False,False,0,0,0,0,False,13,Monday,ny_main,bull,0.99,high,above,above,0.6715622409095817,0.5013169446883319,0.1449450838766947,1.0776377002104391,True,above_value,mid_volume,False,False,2.772069526500554,0.5213675213675214,False,False,,True,True,True,True,False,True,True,True,False,False,False,False,True,False,False,False,False,False,False,False,False,True,True,False,False,False,False,False,False,False,True,False,True,False,True,True,True,False,True,True,True
19206,15min,m15_2c_1atr,demand,2926.79,2924.3,2025-02-19 21:30:00+00:00,2025-02-19 20:45:00+00:00,2025-02-19 21:00:00+00:00,2025-02-19 21:15:00+00:00,2,1.2035549478722207,0.5957955904973058,0.1124497991968773,2025-02-20 16:05:00+00:00,2025-02-20 16:35:00+00:00,2934.42,2923.3437142857147,11.076285714285405,18.583333333333332,True,384506,384507,5,2934.42,0.9384328358209104,1.3894549487966843,1.1601361983130225,-0.8251863698506577,1.0,tp1,2025,2025-02,2025-02-20,0.0270848917894092,0.9729151082105908,<=0.03R,1,1,1,1.0,9,4,2,1.0,1,1,1.0,4,3,1.0,True,True,True,True,True,3,3,17,7,True,11,Thursday,london_ny_overlap,bull,0.966,high,inside,below,2.0353468103135004,0.9358736059479912,0.3667457582856165,-0.4928432255019654,True,value_low_half,mid_volume,False,True,-0.9664792220187476,0.3698630136986301,True,True,0.2961595273264571,False,True,True,True,False,True,True,True,False,False,False,False,True,True,True,True,True,True,True,True,True,True,False,False,True,False,False,True,False,False,False,True,True,False,False,False,True,False,True,True,True
19251,15min,m15_2c_1atr,demand,2940.55,2933.28,2025-02-24 18:15:00+00:00,2025-02-24 17:30:00+00:00,2025-02-24 17:45:00+00:00,2025-02-24 18:00:00+00:00,2,1.2194125159642737,1.299872286079184,0.0316368638239365,2025-02-24 18:35:00+00:00,2025-02-24 18:45:00+00:00,2942.76,2932.7627142857145,9.99728571428568,0.3333333333333333,True,385084,385085,1,2942.75,0.9094076655053054,1.0992983809891077,1.0272788328260998,-3.9430702619282583,1.0,tp1,2025,2025-02,2025-02-24,0.0300081450679471,0.9699918549320528,0.03-0.05R,4,3,2,0.7716643741403221,34,4,2,1.0,4,3,0.6781292984869743,13,4,0.6781292984869743,True,True,True,True,True,12,7,60,7,True,13,Monday,ny_main,bull,0.946,high,below,below,1.003001435469096,0.953352769679214,0.3627782530878035,0.1919718534014748,True,value_low_half,hvn,False,True,-0.4336176962318395,0.9295774647887324,True,True,0.3391089108910933,True,True,True,True,False,False,True,False,False,True,True,True,True,True,True,True,True,True,True,True,True,True,False,True,False,False,True,True,False,False,False,True,False,False,False,False,True,False,True,True,True
19307,15min,m15_2c_1atr,supply,2850.81,2846.36,2025-02-28 20:15:00+00:00,2025-02-28 18:45:00+00:00,2025-02-28 19:00:00+00:00,2025-02-28 20:00:00+00:00,5,1.080252986647972,0.8756148981025632,0.1685393258427035,2025-02-28 20:15:00+00:00,2025-02-28 20:25:00+00:00,2843.51,2851.3165714285715,7.80657142857126,0.0,True,386208,386209,1,2843.5,0.5428571428571294,0.6917249203967619,1.1362222303553888,-5.7438787834426055,-1.0,stop,2025,2025-02,2025-02-28,0.0384291622442639,-1.0384291622442638,0.03-0.05R,1,1,1,1.0,1,1,1,1.0,0,0,0.0,0,0,0.0,True,True,True,False,False,1,1,1,1,False,15,Friday,ny_main,bear,0.82,high,below,below,0.7323788546255916,0.1644144144144249,-0.9489552034707164,-1.4918974433212135,True,value_low_half,hvn,False,True,-2.0066427551879755,0.8348623853211009,False,False,,True,True,True,False,True,False,True,False,False,True,True,True,True,False,False,False,False,True,True,False,False,True,True,False,False,False,True,True,False,False,False,False,True,False,False,False,True,False,True,True,True
19362,15min,m15_2c_1atr,supply,2905.4,2901.12,2025-03-06 11:30:00+00:00,2025-03-06 10:45:00+00:00,2025-03-06 11:00:00+00:00,2025-03-06 11:15:00+00:00,2,1.0748560460652925,0.9584133077415607,0.053738317757011,2025-03-06 12:30:00+00:00,2025-03-06 13:00:00+00:00,2899.24,2905.971142857143,6.731142857143368,1.0,True,387223,387224,5,2899.3,0.5890410958902966,0.0876522772612912,1.2657583089264937,-2.94600789507178,-1.0,stop,2025,2025-03,2025-03-06,0.0445689545396629,-1.044568954539663,0.03-0.05R,1,1,1,1.0,2,2,1,1.0,0,0,0.0,0,0,0.0,True,True,True,False,False,1,1,2,2,False,8,Thursday,london_ny_overlap,bull,0.872,high,below,below,0.751141552511413,0.2142857142856701,-0.0923599664927875,-0.97576010471301,True,below_value,mid_volume,False,False,-2.3012436860645664,0.6578947368421053,False,False,,True,True,True,False,True,False,True,False,False,False,False,False,True,False,False,False,False,True,True,False,False,False,True,False,False,False,False,False,False,True,False,False,True,False,False,False,True,False,True,True,True
19366,15min,m15_2c_1atr,demand,2911.44,2906.37,2025-03-06 17:00:00+00:00,2025-03-06 16:15:00+00:00,2025-03-06 16:30:00+00:00,2025-03-06 16:45:00+00:00,2,1.21574973031282,0.9571197411003328,0.0453648915187398,2025-03-06 17:20:00+00:00,2025-03-06 17:45:00+00:00,2913.87,2905.6091428571426,8.260857142857276,0.3333333333333333,True,387280,387281,4,2913.85,0.9157894736842844,0.9175803271884384,1.369107321965869,0.5156849859924783,-1.0,stop,2025,2025-03,2025-03-06,0.0363158440839754,-1.0363158440839757,0.03-0.05R,0,0,0,0.0,13,4,2,1.0,9,4,1.0,29,4,1.0,False,True,False,True,True,18,4,71,7,False,12,Thursday,ny_main,bull,0.904,high,above,above,0.7015756426963521,0.5068493150685802,0.3171526234012422,0.8178331563107639,True,value_low_half,mid_volume,False,True,-1.0101857296026155,0.3947368421052631,True,False,0.2183246073298239,True,True,True,True,False,False,True,False,False,False,False,False,True,True,True,True,True,False,True,True,True,True,True,False,False,False,False,True,False,False,False,False,True,False,False,False,True,False,True,True,True
19475,15min,m15_2c_1atr,demand,3031.45,3026.73,2025-03-18 15:00:00+00:00,2025-03-18 14:15:00+00:00,2025-03-18 14:30:00+00:00,2025-03-18 14:45:00+00:00,2,1.454251883745972,1.1855041263006458,0.3199152542373479,2025-03-18 15:35:00+00:00,2025-03-18 15:50:00+00:00,3034.64,3026.055428571429,8.584571428571053,0.5833333333333334,True,389477,389478,2,3034.62,0.7827160493826867,0.3541236770285674,1.0903281634826696,-0.8468681355255625,-1.0,stop,2025,2025-03,2025-03-18,0.0349464154962406,-1.034946415496241,0.03-0.05R,1,1,1,1.0,1,1,1,1.0,3,3,0.3855932203390341,3,3,0.3855932203390341,True,True,True,True,True,7,5,7,5,False,11,Tuesday,london_ny_overlap,bull,0.904,high,above,above,0.7694748990190444,0.5721393034826026,0.3777295973647955,1.1156998245188257,True,above_value,hvn,False,False,3.534247487186486,0.85,True,True,0.5838509316770256,True,True,True,True,False,False,True,False,False,False,True,True,True,True,True,True,True,True,True,True,True,True,True,False,False,False,True,False,False,False,True,True,False,False,False,False,True,False,True,True,True
19574,15min,m15_2c_1atr,demand,3037.1,3034.63,2025-03-27 12:00:00+00:00,2025-03-27 11:15:00+00:00,2025-03-27 11:30:00+00:00,2025-03-27 11:45:00+00:00,2,1.2608506944444742,0.7504340277777182,0.3238866396760291,2025-03-27 15:35:00+00:00,2025-03-27 16:00:00+00:00,3040.82,3033.8128571428574,7.007142857142753,3.5833333333333335,True,391410,391411,4,3040.79,0.6421404682274959,6.569011213047971,0.0057084607543272,5.601427115188666,1.0,tp1,2025,2025-03,2025-03-27,0.0428134556574929,0.957186544342507,0.03-0.05R,2,2,2,1.0,7,3,2,1.0,4,4,0.5384615384615526,8,4,1.0,True,True,True,True,True,10,6,23,7,True,12,Thursday,ny_main,bull,0.976,high,below,below,1.231810490693795,0.972850678733055,0.3785414581220365,0.4176506117269246,True,value_high_half,hvn,False,True,2.727930682976564,0.9540229885057472,False,False,,True,True,True,True,False,False,True,False,False,False,False,False,True,True,False,True,True,True,True,True,True,True,False,True,False,False,True,False,True,False,False,False,True,False,False,False,True,False,True,True,True
19604,15min,m15_2c_1atr,demand,3116.31,3111.92,2025-03-31 13:45:00+00:00,2025-03-31 12:45:00+00:00,2025-03-31 13:00:00+00:00,2025-03-31 13:30:00+00:00,3,1.1828648831695892,1.0406366407043233,0.1025056947608851,2025-03-31 14:25:00+00:00,2025-03-31 14:40:00+00:00,3117.67,3111.4058571428573,6.264142857142815,0.6666666666666666,True,391928,391929,2,3117.72,0.9790575916229376,1.460694656662662,1.1909051517708638,2.496750210951215,1.0,tp1,2025,2025-03,2025-03-31,0.0478916280872999,0.9521083719127,0.03-0.05R,3,2,1,0.3576309794988051,3,2,1,0.3576309794988051,0,0,0.0,0,0,0.0,True,True,True,False,False,3,3,3,3,True,10,Monday,london_ny_overlap,bull,0.786,high,inside,above,1.622921126296807,0.8221415607986197,0.0259187173872402,0.1179585029376867,True,value_low_half,mid_volume,False,True,-1.2986613149673176,0.5757575757575758,False,False,,True,True,True,True,False,False,True,False,False,False,True,True,True,True,True,False,False,True,True,True,True,True,False,False,True,False,False,True,False,False,False,False,False,False,False,False,True,False,True,True,True
19662,15min,m15_2c_1atr,supply,3050.58,3031.36,2025-04-04 18:45:00+00:00,2025-04-04 18:00:00+00:00,2025-04-04 18:15:00+00:00,2025-04-04 18:30:00+00:00,2,1.4816732745367676,1.088599401246045,0.2970863683662901,2025-04-04 19:25:00+00:00,2025-04-04 20:10:00+00:00,3027.17,3051.642857142857,24.47285714285681,0.6666666666666666,True,393098,393099,8,3027.16,0.6059113300492556,2.264958262798478,1.1310489755414248,2.2935613799545043,1.0,tp1,2025,2025-04,2025-04-04,0.0122584787811571,0.9877415212188428,<=0.03R,0,0,0,0.0,0,0,0,0.0,0,0,0.0,20,4,0.5098855359000952,False,False,False,False,True,0,0,40,4,True,16,Friday,ny_main,bear,0.94,high,below,below,1.2219154809938448,0.3253873659118069,-0.3026712983122365,-1.4855107861602626,True,below_value,mid_volume,False,False,-2.5448601949682104,0.4297872340425532,True,True,0.1229868228404284,True,False,True,False,True,True,True,True,True,False,False,False,True,True,False,False,True,False,False,False,True,True,True,False,False,False,False,False,False,True,False,True,False,False,False,False,True,False,True,True,True
19663,15min,m15_2c_1atr,supply,3036.95,3026.81,2025-04-04 20:30:00+00:00,2025-04-04 19:30:00+00:00,2025-04-04 19:45:00+00:00,2025-04-04 20:15:00+00:00,3,1.0907704042715598,0.7734553775743592,0.1854043392505062,2025-04-04 20:35:00+00:00,2025-04-04 20:45:00+00:00,3023.88,3037.8455714285715,13.965571428571366,0.0833333333333333,True,393105,393106,1,3023.93,0.2423728813559778,0.411010750928322,1.2308841129717052,3.8315653801696334,-1.0,stop,2025,2025-04,2025-04-04,0.0214813981321413,-1.0214813981321411,<=0.03R,1,1,1,0.5512820512820277,1,1,1,0.5512820512820277,0,0,0.0,16,4,0.7869822485207217,True,True,True,False,True,1,1,33,5,False,16,Friday,ny_main,bear,0.916,high,below,below,1.3651245551601476,0.8233766233766617,-0.097082809388726,-1.24764120543838,True,below_value,mid_volume,False,False,-5.683261899160198,0.5063291139240507,True,True,0.4228543876566963,True,True,True,False,True,True,True,True,False,True,True,True,False,False,False,False,True,True,True,False,True,True,True,False,False,False,False,False,False,True,False,True,True,False,False,False,True,False,True,True,True
19683,15min,m15_2c_1atr,demand,2997.4,2990.88,2025-04-08 08:15:00+00:00,2025-04-08 07:30:00+00:00,2025-04-08 07:45:00+00:00,2025-04-08 08:00:00+00:00,2,1.5368631868820417,1.142571035173362,0.0690184049079477,2025-04-08 12:25:00+00:00,2025-04-08 12:35:00+00:00,3001.93,2990.139,11.790999999999713,4.166666666666667,True,393559,393560,1,3001.95,0.8064085447262714,1.7708421677551198,1.1602069374947137,3.4857094394030503,1.0,tp1,2025,2025-04,2025-04-08,0.0254431345941826,0.9745568654058174,<=0.03R,3,3,2,0.3052147239263477,6,4,2,1.0,1,1,0.6487730061349739,4,2,1.0,True,True,True,True,True,5,5,14,7,True,8,Tuesday,london_ny_overlap,bear,0.532,mid,inside,inside,0.741626794258386,0.888513513513501,0.2840436200039689,0.3414091359673321,True,value_low_half,lvn,False,True,-2.8928844033585364,0.0742857142857142,False,False,,True,True,True,True,False,True,True,True,False,True,True,True,True,True,True,True,True,True,True,True,True,False,False,False,True,True,False,True,False,False,False,False,False,False,True,False,True,False,True,True,True
19692,15min,m15_2c_1atr,supply,3017.7,3010.21,2025-04-08 18:15:00+00:00,2025-04-08 17:30:00+00:00,2025-04-08 17:45:00+00:00,2025-04-08 18:00:00+00:00,2,1.0190866239085277,0.8102928676299991,0.1842456608811341,2025-04-08 18:35:00+00:00,2025-04-08 18:45:00+00:00,3005.2,3018.4779999999996,13.277999999999793,0.3333333333333333,True,393633,393634,1,3005.11,0.8874458874458887,2.6555204097002796,1.147763217352047,-6.418888386805343,1.0,tp1,2025,2025-04,2025-04-08,0.0225937641211029,0.9774062358788972,<=0.03R,7,3,2,1.0,14,4,2,1.0,1,1,0.3791722296394891,6,3,0.6849132176235325,True,True,True,True,True,9,5,26,7,True,14,Tuesday,ny_main,bear,0.682,high,below,below,0.5545144804088754,0.0348837209302018,-0.6161004047612656,-0.8031412732016281,True,value_high_half,hvn,False,True,0.504970628106645,0.7777777777777778,True,True,0.3982377332411863,True,True,True,False,True,True,True,True,False,True,True,True,True,True,True,True,True,True,True,True,True,True,True,False,False,False,True,False,True,False,False,True,True,False,False,False,True,False,True,True,True
19702,15min,m15_2c_1atr,demand,3045.55,3041.41,2025-04-09 14:30:00+00:00,2025-04-09 13:45:00+00:00,2025-04-09 14:00:00+00:00,2025-04-09 14:15:00+00:00,2,2.427520381785663,0.5762577053092551,0.089371980676295,2025-04-09 15:40:00+00:00,2025-04-09 16:10:00+00:00,3055.97,3040.002285714286,15.96771428571401,1.1666666666666667,True,393878,393879,5,3055.75,0.7876404494382188,5.581888453486603,0.4546674539696103,5.441605382289377,1.0,tp1,2025,2025-04,2025-04-09,0.0187879113210588,0.9812120886789412,<=0.03R,3,3,2,1.0,3,3,2,1.0,0,0,0.0,0,0,0.0,True,True,True,False,False,3,3,3,3,True,12,Wednesday,ny_main,bull,0.74,high,above,above,0.8948327381386175,0.7268588770864982,0.4087995343672093,0.9200824091805656,True,value_high_half,hvn,False,True,2.268953423873213,0.8325123152709359,False,False,,True,False,True,True,False,True,True,True,True,False,False,False,True,True,True,False,False,True,True,True,True,True,True,False,False,False,True,False,True,False,False,False,True,False,True,True,True,False,True,True,True
19761,15min,m15_2c_1atr,supply,3230.16,3226.59,2025-04-15 12:45:00+00:00,2025-04-15 12:00:00+00:00,2025-04-15 12:15:00+00:00,2025-04-15 12:30:00+00:00,2,1.1345218800648416,0.8100486223662309,0.2885154061625445,2025-04-15 13:10:00+00:00,2025-04-15 13:25:00+00:00,3224.32,3230.571571428571,6.251571428570969,0.4166666666666667,True,394949,394950,2,3224.51,0.545454545454295,2.0202920408584646,1.026941797490931,-11.328351728708997,1.0,tp1,2025,2025-04,2025-04-15,0.0479879344621958,0.9520120655378042,0.03-0.05R,9,4,2,0.980392156862825,15,4,2,1.0,0,0,0.0,0,0,0.0,True,True,True,False,False,9,3,15,3,True,9,Tuesday,london_ny_overlap,bull,0.09,low,inside,inside,1.1668536624458834,0.3118644067797049,-0.2738057671281328,-0.26066436592156,True,above_value,mid_volume,False,False,3.1392107127353146,0.6216216216216216,False,False,,True,True,True,False,True,False,True,False,False,False,True,True,True,False,False,False,False,True,True,True,True,False,False,False,True,False,False,False,False,False,True,False,True,False,False,False,True,False,True,True,True
19754,15min,m15_2c_1atr,demand,3213.01,3211.4,2025-04-15 04:30:00+00:00,2025-04-15 03:45:00+00:00,2025-04-15 04:00:00+00:00,2025-04-15 04:15:00+00:00,2,3.4032983508245565,0.4827586206896928,0.031055900620946,2025-04-15 16:50:00+00:00,2025-04-15 17:05:00+00:00,3219.83,3210.5888571428573,9.241142857142677,12.333333333333334,True,394993,394994,2,3219.94,0.9800285306704882,10.78979099678478,0.3159782339846789,9.45770467474667,1.0,tp1,2025,2025-04,2025-04-15,0.0324635171902059,0.967536482809794,0.03-0.05R,1,1,1,1.0,11,4,2,1.0,4,4,1.0,8,4,1.0,True,True,True,True,True,9,5,27,7,True,13,Tuesday,ny_main,bull,0.294,low,below,below,0.8672861567786252,0.8209459459459738,0.2378382888732402,-0.093265375853946,True,value_low_half,hvn,False,True,-1.1410926292357462,0.943661971830986,False,False,,False,True,True,True,False,False,True,False,False,False,True,True,True,True,True,True,True,True,True,True,True,True,False,True,False,False,True,True,False,False,False,False,True,False,True,True,True,False,True,True,True
19765,15min,m15_2c_1atr,demand,3218.56,3211.69,2025-04-15 17:30:00+00:00,2025-04-15 16:45:00+00:00,2025-04-15 17:00:00+00:00,2025-04-15 17:15:00+00:00,2,1.8483281627024963,1.105136159944838,0.2954876273653242,2025-04-15 18:00:00+00:00,2025-04-15 18:25:00+00:00,3221.59,3211.1164285714285,10.473571428571631,0.5,True,395009,395010,4,3221.7,0.9221902017289866,10.643933710700198,0.2921639500784178,10.554184000545384,1.0,tp1,2025,2025-04,2025-04-15,0.0286435245174924,0.9713564754825076,<=0.03R,4,2,2,0.4104803493450085,17,4,2,1.0,4,4,0.5240174672489034,8,4,1.0,True,True,True,True,True,12,7,33,7,True,14,Tuesday,ny_main,bull,0.416,mid,inside,inside,0.7764505119453711,0.948717948717889,0.1330582156945682,0.0752812061700163,True,value_low_half,mid_volume,False,True,-0.7280229148195999,0.4929577464788732,False,False,,True,True,True,True,False,True,True,True,False,False,False,False,True,True,True,True,True,True,True,True,True,True,False,False,True,False,False,True,False,False,False,False,False,False,True,False,True,False,True,True,True
19778,15min,m15_2c_1atr,demand,3300.52,3293.0,2025-04-16 15:00:00+00:00,2025-04-16 14:15:00+00:00,2025-04-16 14:30:00+00:00,2025-04-16 14:45:00+00:00,2,1.521682967337138,0.971396936704202,0.3444148936170415,2025-04-16 16:20:00+00:00,2025-04-16 16:50:00+00:00,3304.96,3291.9864285714284,12.973571428571631,1.3333333333333333,True,395266,395267,5,3304.94,0.8826086956521834,4.070583053460264,1.1762374057149134,-1.2147772944998052,1.0,tp1,2025,2025-04,2025-04-16,0.023123933270935,0.9768760667290648,<=0.03R,5,3,2,1.0,5,3,2,1.0,0,0,0.0,0,0,0.0,True,True,True,False,False,5,3,5,3,True,12,Wednesday,ny_main,bull,0.66,mid,above,above,0.789699570815463,0.7293986636970982,0.6855895109205329,1.0135550364201615,True,value_low_half,hvn,False,True,-0.7700269779221206,0.9285714285714286,False,False,,True,True,True,True,False,True,True,True,False,False,False,False,True,True,True,False,False,True,True,True,True,True,True,False,False,False,True,True,False,False,False,False,True,False,True,False,True,False,True,True,True
19793,15min,m15_2c_1atr,demand,3323.73,3321.42,2025-04-17 13:45:00+00:00,2025-04-17 12:45:00+00:00,2025-04-17 13:00:00+00:00,2025-04-17 13:30:00+00:00,3,1.1651097901249785,0.3923328885114558,0.1515151515151157,2025-04-17 14:25:00+00:00,2025-04-17 15:00:00+00:00,3327.46,3320.763,6.697000000000116,0.6666666666666666,True,395520,395521,6,3327.5,0.9444444444444936,2.2233836045990167,1.096013140212038,13.99880543526928,1.0,tp1,2025,2025-04,2025-04-17,0.0447961773928616,0.9552038226071384,0.03-0.05R,5,3,2,1.0,5,3,2,1.0,1,1,1.0,1,1,1.0,True,True,True,True,True,7,5,7,5,True,11,Thursday,london_ny_overlap,bull,0.332,mid,above,above,2.2176332385309694,0.81057268722466,1.41119199927486,1.6023340375202333,True,value_low_half,hvn,False,True,-0.6234134687173525,0.8991596638655462,False,False,,True,False,True,True,False,False,True,False,False,False,False,False,True,True,True,True,True,True,True,True,True,True,True,False,False,False,True,True,False,False,False,False,True,False,False,False,True,False,True,True,True
19789,15min,m15_2c_1atr,supply,3341.21,3336.82,2025-04-17 09:00:00+00:00,2025-04-17 08:15:00+00:00,2025-04-17 08:30:00+00:00,2025-04-17 08:45:00+00:00,2,1.3076052796982711,0.772595851665595,0.0022779043279644,2025-04-17 15:10:00+00:00,2025-04-17 15:25:00+00:00,3328.15,3342.128142857143,13.978142857142757,6.166666666666667,True,395525,395526,2,3328.17,0.8656488549618191,3.149202326080535,1.465859965047467,-6.340613406645121,1.0,tp1,2025,2025-04,2025-04-17,0.0214620785512076,0.9785379214487924,<=0.03R,3,3,2,0.6856492027335548,3,3,2,0.6856492027335548,3,3,0.851936218678894,3,3,0.851936218678894,True,True,True,True,True,9,7,9,7,True,11,Thursday,london_ny_overlap,bull,0.514,mid,inside,above,1.9501957372770775,0.0150462962962828,-0.3716088167929059,-0.2801972292969489,True,value_high_half,hvn,False,True,0.6985906568418325,0.9831932773109244,False,False,,False,True,True,False,True,True,True,True,False,False,True,True,True,True,True,True,True,True,True,True,True,False,False,False,True,False,True,False,True,False,False,False,True,False,False,False,True,False,True,True,True
19813,15min,m15_2c_1atr,supply,3426.24,3414.8,2025-04-21 19:45:00+00:00,2025-04-21 18:30:00+00:00,2025-04-21 18:45:00+00:00,2025-04-21 19:30:00+00:00,4,1.0838981774363805,1.206205753878552,0.2333916083916229,2025-04-21 19:45:00+00:00,2025-04-21 19:50:00+00:00,3413.52,3426.8864285714285,13.366428571428514,0.0,True,395854,395855,0,3413.5,0.1131221719456995,0.5566183936301032,1.0848073531769404,0.6852989900069391,-1.0,stop,2025,2025-04,2025-04-21,0.0224442900657298,-1.0224442900657298,<=0.03R,2,2,1,0.6162587412587389,2,2,1,0.6162587412587389,0,0,0.0,0,0,0.0,True,True,True,False,False,2,2,2,2,False,15,Monday,ny_main,bull,0.852,high,above,above,0.5459119496855375,0.5471124620061404,-0.2035248133835513,0.0814979937745148,True,above_value,hvn,False,True,1.9279645166461887,0.9390862944162436,False,False,,True,True,True,False,True,True,True,True,False,True,True,True,False,False,False,False,False,True,True,False,False,False,False,True,False,False,True,False,False,False,True,False,False,False,False,False,True,False,True,True,True
19825,15min,m15_2c_1atr,supply,3472.71,3466.0,2025-04-22 11:45:00+00:00,2025-04-22 11:00:00+00:00,2025-04-22 11:15:00+00:00,2025-04-22 11:30:00+00:00,2,1.5844074190506157,0.5906318767683161,0.0819672131147807,2025-04-22 13:05:00+00:00,2025-04-22 13:25:00+00:00,3457.36,3473.581857142857,16.22185714285706,1.3333333333333333,True,396053,396054,3,3457.52,0.6684587813619647,10.210298274814464,0.4629556242459345,7.471401019788171,1.0,tp1,2025,2025-04,2025-04-22,0.0184935668806637,0.9815064331193364,<=0.03R,2,2,2,1.0,2,2,2,1.0,0,0,0.0,0,0,0.0,True,True,True,False,False,2,2,2,2,True,9,Tuesday,london_ny_overlap,bull,0.946,high,inside,inside,1.337051237364964,0.2507317073170447,-0.1269474430651018,-0.5565954943367816,True,above_value,hvn,False,True,2.9654434493144333,0.8794642857142857,False,False,,True,True,True,False,True,True,True,True,True,False,False,True,True,True,False,False,False,True,True,False,False,False,False,False,True,False,True,False,False,False,True,False,True,False,True,False,True,False,True,True,True
19830,15min,m15_2c_1atr,supply,3433.86,3423.49,2025-04-22 18:30:00+00:00,2025-04-22 17:15:00+00:00,2025-04-22 17:30:00+00:00,2025-04-22 18:15:00+00:00,4,1.2388316151202574,0.6564478205824061,0.1456123432979911,2025-04-22 18:35:00+00:00,2025-04-22 18:50:00+00:00,3422.45,3435.172142857143,12.722142857143352,0.0833333333333333,True,396118,396119,2,3422.51,0.9186206896551524,12.747852450732182,0.6013137948458654,9.807310089270292,1.0,tp1,2025,2025-04,2025-04-22,0.0235809331312101,0.97641906686879,<=0.03R,5,3,2,1.0,7,4,2,1.0,0,0,0.0,0,0,0.0,True,True,True,False,False,5,3,7,3,True,14,Tuesday,ny_main,bull,1.0,high,below,below,0.8162744180108253,0.1861528412802037,-0.4544162872895641,-1.0177522632780616,True,value_high_half,hvn,True,True,0.2299140980293131,0.972972972972973,False,False,,True,True,False,False,True,True,True,True,False,False,True,True,True,True,True,False,False,True,True,True,True,False,True,False,False,False,True,False,True,False,False,False,True,False,False,False,True,False,True,True,True
19862,15min,m15_2c_1atr,demand,3327.71,3319.64,2025-04-24 19:15:00+00:00,2025-04-24 18:15:00+00:00,2025-04-24 18:30:00+00:00,2025-04-24 19:00:00+00:00,3,1.273656044757935,0.9160788129409028,0.1747211895911128,2025-04-24 19:30:00+00:00,2025-04-24 19:50:00+00:00,3328.36,3318.911857142857,9.448142857143011,0.25,True,396682,396683,3,3328.41,0.2686567164178522,4.487654414321723,1.1716588293995778,-3.6462192116364207,1.0,tp1,2025,2025-04,2025-04-24,0.031752271799446,0.968247728200554,0.03-0.05R,4,3,2,1.0,5,3,2,1.0,7,4,1.0,8,4,1.0,True,True,True,True,True,18,7,21,7,True,15,Thursday,ny_main,bear,0.536,mid,inside,below,1.3031109632340647,0.962472406181001,0.3343718818214596,0.3722966707739103,True,value_low_half,hvn,False,True,-0.5371425979406104,0.942528735632184,True,True,0.2374014807738148,True,True,True,True,False,False,True,False,False,False,False,True,False,False,False,True,True,True,True,True,True,False,False,False,True,False,True,True,False,False,False,True,True,False,False,False,True,False,True,True,True
19872,15min,m15_2c_1atr,supply,3308.98,3303.71,2025-04-25 13:00:00+00:00,2025-04-25 12:00:00+00:00,2025-04-25 12:15:00+00:00,2025-04-25 12:45:00+00:00,3,1.726541554959795,0.7325985502929174,0.168880455407946,2025-04-25 13:25:00+00:00,2025-04-25 13:50:00+00:00,3300.15,3309.775857142857,9.625857142857058,0.4166666666666667,True,396886,396887,4,3300.18,0.8970976253298479,3.622534542378436,1.285080363900803,0.7968121577299385,1.0,tp1,2025,2025-04,2025-04-25,0.0311660557130351,0.9688339442869648,0.03-0.05R,1,1,1,1.0,1,1,1,1.0,0,0,0.0,0,0,0.0,True,True,True,False,False,1,1,1,1,True,9,Friday,london_ny_overlap,bear,0.282,low,inside,inside,1.895112979506048,0.0408858603066075,-0.4019011407254922,-1.0282344368998586,True,below_value,mid_volume,False,False,-1.8081506656178936,0.2883435582822086,False,False,,True,True,True,False,True,False,True,False,False,False,False,False,True,True,True,False,False,True,True,False,False,True,False,False,True,False,False,False,False,True,False,False,True,False,True,False,True,False,True,True,True
19888,15min,m15_2c_1atr,demand,3294.44,3287.1,2025-04-28 15:00:00+00:00,2025-04-28 14:00:00+00:00,2025-04-28 14:15:00+00:00,2025-04-28 14:45:00+00:00,3,1.104693140794192,1.3249097472924305,0.2506811989100966,2025-04-28 15:00:00+00:00,2025-04-28 15:05:00+00:00,3295.06,3286.436142857143,8.623857142857105,0.0,True,397177,397178,0,3295.2,0.368029739776863,6.7232097006643015,0.93809531697784,2.164924544867247,1.0,tp1,2025,2025-04,2025-04-28,0.0347872181821195,0.9652127818178804,0.03-0.05R,0,0,0,0.0,13,4,2,0.9359673024522828,4,2,1.0,11,4,1.0,False,True,False,True,True,8,4,35,7,True,11,Monday,london_ny_overlap,bear,0.12,low,above,above,1.9336917562723752,0.4278350515463422,0.9192474243625608,1.3873478015283534,True,value_low_half,hvn,True,True,-0.2875743369721901,0.872,True,False,0.1808298604819715,True,True,True,True,False,False,True,False,False,True,True,True,False,False,False,True,True,False,True,True,True,False,True,False,False,False,True,True,False,False,False,False,False,False,False,False,True,False,True,True,True
19952,15min,m15_2c_1atr,supply,3320.78,3311.49,2025-05-05 18:15:00+00:00,2025-05-05 17:15:00+00:00,2025-05-05 17:30:00+00:00,2025-05-05 18:00:00+00:00,3,1.002005700411644,1.3729547133960094,0.2712594187298028,2025-05-05 18:15:00+00:00,2025-05-05 18:25:00+00:00,3310.74,3321.592571428572,10.852571428571991,0.0,True,398597,398598,1,3310.65,0.9169435215946778,0.4653275063184006,1.05320661331084,-8.618233993259892,-1.0,stop,2025,2025-05,2025-05-05,0.0276432181971342,-1.0276432181971342,<=0.03R,0,0,0,0.0,18,4,2,0.9009687836383174,0,0,0.0,14,4,0.9041980624326924,False,True,False,False,True,0,0,46,7,False,14,Monday,ny_main,bull,0.66,mid,inside,inside,1.476443057722268,0.2432989690722295,-0.4449822170298849,0.0100196480408093,True,value_high_half,hvn,True,True,0.17369155433868,0.943502824858757,True,True,0.2691947565543055,False,False,False,False,True,True,True,True,False,True,True,True,True,True,True,False,True,False,True,False,True,False,False,False,True,False,True,False,True,False,False,True,False,False,False,False,True,False,True,True,True
19970,15min,m15_2c_1atr,demand,3378.78,3373.18,2025-05-06 16:00:00+00:00,2025-05-06 15:15:00+00:00,2025-05-06 15:30:00+00:00,2025-05-06 15:45:00+00:00,2,2.325607946112583,0.8950793469574673,0.2357142857142996,2025-05-06 17:40:00+00:00,2025-05-06 18:00:00+00:00,3386.33,3372.213857142857,14.116142857143132,1.6666666666666667,True,398868,398869,3,3386.36,0.8244803695150632,3.6511390201693374,1.5117444061003928,-0.1133454100168919,1.0,tp1,2025,2025-05,2025-05-06,0.0212522643781684,0.9787477356218316,<=0.03R,5,3,2,1.0,5,3,2,1.0,0,0,0.0,1,1,1.0,True,True,True,False,True,5,3,7,5,True,14,Tuesday,ny_main,bull,0.822,high,above,above,0.6817202447643003,0.9809428284854512,0.7695537406889894,1.1686842721757316,True,value_low_half,mid_volume,True,True,-0.196229241091754,0.5837837837837838,False,False,,True,True,True,True,False,True,True,True,False,False,False,True,True,True,True,False,True,True,True,True,True,True,True,False,False,False,False,True,False,False,False,False,True,False,True,True,True,False,True,True,True
19994,15min,m15_2c_1atr,demand,3358.68,3349.58,2025-05-08 16:15:00+00:00,2025-05-08 15:30:00+00:00,2025-05-08 15:45:00+00:00,2025-05-08 16:00:00+00:00,2,1.4924698795181184,1.370481927710829,0.0923076923077092,2025-05-08 16:20:00+00:00,2025-05-08 16:30:00+00:00,3360.84,3348.5584285714285,12.281571428571624,0.0833333333333333,True,399402,399403,1,3360.79,0.7220902612826454,0.7116353188865722,1.6414837561503288,-1.9663607495550584,-1.0,stop,2025,2025-05,2025-05-08,0.0244268416093795,-1.0244268416093796,<=0.03R,0,0,0,0.0,5,3,2,0.7879120879120538,1,1,0.920879120879092,5,3,0.920879120879092,False,True,False,True,True,2,2,15,7,False,12,Thursday,ny_main,bear,0.49,mid,above,above,2.4851528384279264,0.5875486381323067,1.3229261793299152,2.077296642967503,True,value_low_half,mid_volume,False,True,-2.574589105628593,0.3206521739130434,False,False,,True,True,False,True,False,True,True,True,False,True,True,True,True,True,True,True,True,False,True,False,True,False,True,False,False,False,False,True,False,False,False,False,False,False,False,False,True,False,True,True,True
20007,15min,m15_2c_1atr,demand,3324.86,3320.32,2025-05-09 12:00:00+00:00,2025-05-09 11:15:00+00:00,2025-05-09 11:30:00+00:00,2025-05-09 11:45:00+00:00,2,1.0530074768441378,0.7092958375181274,0.1651982378854638,2025-05-09 12:00:00+00:00,2025-05-09 12:05:00+00:00,3326.12,3319.7202857142856,6.3997142857142535,0.0,True,399625,399626,0,3326.12,0.625,3.3579624090361717,7.533148801285815,-16.892941649180802,1.0,tp1,2025,2025-05,2025-05-09,0.0468770927273541,0.9531229072726458,0.03-0.05R,1,1,1,0.9625550660792788,5,4,2,0.9625550660792788,0,0,0.0,9,4,1.0,True,True,True,False,True,1,1,23,7,True,8,Friday,london_ny_overlap,bear,0.344,mid,inside,above,1.2755775577557764,0.5742574257425553,0.2293872673990872,0.8032951975740665,True,value_high_half,mid_volume,False,True,2.162596544488627,0.6397849462365591,True,True,0.2374014807738148,True,True,True,True,False,False,True,False,False,True,True,True,True,True,False,False,True,True,True,False,True,False,False,False,True,False,False,False,True,False,False,True,True,False,False,False,True,False,True,True,True
20195,15min,m15_2c_1atr,demand,3300.84,3295.52,2025-05-29 14:30:00+00:00,2025-05-29 13:45:00+00:00,2025-05-29 14:00:00+00:00,2025-05-29 14:15:00+00:00,2,1.1265060240964144,1.0682730923695138,0.0770676691729026,2025-05-29 14:35:00+00:00,2025-05-29 14:45:00+00:00,3301.43,3294.9144285714287,6.515571428571093,0.0833333333333333,True,403491,403492,1,3301.46,0.4472573839661565,4.561380429301509,1.2232234865925908,0.1887785305531928,1.0,tp1,2025,2025-05,2025-05-29,0.0460435440373634,0.9539564559626366,0.03-0.05R,2,1,1,0.4304511278195287,27,4,2,1.0,4,4,0.7030075187970153,9,4,1.0,True,True,True,True,True,10,6,45,7,True,10,Thursday,london_ny_overlap,bear,0.522,mid,above,above,3.406756385608412,0.0769230769230769,0.5966993689396016,1.993593806360699,True,value_high_half,hvn,True,True,0.1427349865158712,0.9562043795620438,True,True,0.1207574133619198,True,True,False,True,False,False,True,False,False,True,True,True,False,False,False,True,True,True,True,True,True,False,True,False,False,False,True,False,True,False,False,True,False,False,False,False,True,False,True,True,True
20212,15min,m15_2c_1atr,supply,3306.17,3296.01,2025-05-30 16:30:00+00:00,2025-05-30 15:30:00+00:00,2025-05-30 15:45:00+00:00,2025-05-30 16:15:00+00:00,3,1.445142378559483,1.489112227805674,0.2844488188976741,2025-05-30 16:35:00+00:00,2025-05-30 16:45:00+00:00,3289.63,3307.198,17.567999999999756,0.0833333333333333,True,403791,403792,1,3289.73,0.7530726256982767,1.0240209471767123,1.0968806921675915,-4.929417122040136,1.0,tp1,2025,2025-05,2025-05-30,0.0170765027322406,0.9829234972677592,<=0.03R,4,2,1,1.0,20,4,2,1.0,6,4,0.6338582677165499,7,4,1.0,True,True,True,True,True,16,7,34,7,True,12,Friday,ny_main,bear,0.916,high,below,below,0.6914808563560373,0.0970384373030859,-1.977097017329086,-2.3259343999388205,True,value_high_half,hvn,False,True,0.3324225865209601,0.7640449438202247,True,False,0.2464327034323144,True,True,True,False,True,True,True,True,True,True,True,True,True,True,True,True,True,True,True,True,True,True,True,False,False,False,True,False,True,False,False,False,False,False,False,False,True,False,True,True,True
20220,15min,m15_2c_1atr,supply,3354.64,3350.13,2025-06-02 12:30:00+00:00,2025-06-02 11:30:00+00:00,2025-06-02 11:45:00+00:00,2025-06-02 12:15:00+00:00,3,1.0670003412580886,0.7182345580707251,0.1485587583148798,2025-06-02 13:25:00+00:00,2025-06-02 13:35:00+00:00,3348.41,3355.0842857142857,6.674285714285816,0.9166666666666666,True,404029,404030,1,3348.45,0.293478260869687,0.5723458904109066,1.4518407534246436,-1.595676369863003,-1.0,stop,2025,2025-06,2025-06-02,0.0449486301369856,-1.0449486301369857,0.03-0.05R,0,0,0,0.0,0,0,0,0.0,0,0,0.0,5,4,0.8359201773836318,False,False,False,False,True,0,0,10,4,False,9,Monday,london_ny_overlap,bull,0.414,mid,below,below,1.0900192792525685,0.0379061371841223,-0.5099534260868437,0.4336128395137021,True,above_value,hvn,False,False,6.687607020547876,0.7704918032786885,True,True,0.1854467301197413,True,True,True,False,True,False,True,False,False,True,True,True,False,False,False,False,True,False,False,False,True,False,True,False,False,False,True,False,False,False,True,True,True,False,False,False,True,False,True,True,True
20276,15min,m15_2c_1atr,supply,3358.56,3346.69,2025-06-06 16:45:00+00:00,2025-06-06 16:00:00+00:00,2025-06-06 16:15:00+00:00,2025-06-06 16:30:00+00:00,2,1.2956521739129927,1.7202898550724577,0.2139848357203022,2025-06-06 16:45:00+00:00,2025-06-06 17:00:00+00:00,3343.26,3359.797,16.536999999999807,0.0,True,405174,405175,2,3343.28,0.8736654804270373,3.0017536433452805,0.1064280099171424,1.2535526395356025,1.0,tp1,2025,2025-06,2025-06-06,0.0181411380540608,0.9818588619459392,<=0.03R,1,1,1,1.0,10,3,2,1.0,4,4,1.0,15,4,1.0,True,True,True,True,True,9,5,40,7,True,13,Friday,ny_main,bear,0.944,high,below,below,0.5556643232179503,0.0133214920070727,-1.7182867699604945,-2.4679059553663,True,value_low_half,mid_volume,True,True,-0.3099111084235387,0.7023809523809523,True,True,0.1053116364752791,True,True,True,False,True,True,True,True,True,False,True,True,True,True,True,True,True,True,True,True,True,True,True,False,False,False,False,True,False,False,False,True,False,False,False,False,True,False,True,True,True
20290,15min,m15_2c_1atr,supply,3321.04,3315.53,2025-06-09 16:30:00+00:00,2025-06-09 15:45:00+00:00,2025-06-09 16:00:00+00:00,2025-06-09 16:15:00+00:00,2,1.2815235754876415,1.1847642451235838,0.1161524500907259,2025-06-09 16:30:00+00:00,2025-06-09 16:40:00+00:00,3313.12,3321.7154285714287,8.595428571428783,0.0,True,405446,405447,1,3312.91,0.5451559934318694,0.0639875016619797,1.0040220715330288,-1.9394030049195192,-1.0,stop,2025,2025-06,2025-06-09,0.0349022736338244,-1.0349022736338245,0.03-0.05R,5,3,2,0.716878402903809,6,3,2,0.716878402903809,1,1,0.5571687840290092,3,1,0.5571687840290092,True,True,True,True,True,7,5,12,7,False,12,Monday,ny_main,bear,0.574,mid,below,below,0.8142361111111955,0.4515669515669338,-0.4514905307850084,-0.6637546655627025,True,value_high_half,hvn,True,True,0.1204128440366773,0.9852941176470588,False,False,,True,True,True,False,True,False,True,False,False,True,True,True,True,False,False,True,True,True,True,True,True,True,True,False,False,False,True,False,True,False,False,False,False,False,False,False,True,False,True,True,True
20291,15min,m15_2c_1atr,demand,3316.25,3310.78,2025-06-09 17:00:00+00:00,2025-06-09 16:15:00+00:00,2025-06-09 16:30:00+00:00,2025-06-09 16:45:00+00:00,2,1.0327711504182262,1.0500479912244192,0.3144424131626805,2025-06-09 17:40:00+00:00,2025-06-09 17:50:00+00:00,3321.11,3310.0820000000003,11.027999999999793,0.6666666666666666,True,405460,405461,1,3321.19,0.870481927710762,1.5551323902793266,1.0972071091766538,0.6338411316648452,1.0,tp1,2025,2025-06,2025-06-09,0.0272034820457023,0.9727965179542976,<=0.03R,13,4,2,1.0,13,4,2,1.0,0,0,0.0,9,4,1.0,True,True,True,False,True,13,3,31,7,True,13,Monday,ny_main,bear,0.768,high,above,above,0.6671408250356333,0.88439306358379,0.2027494694466381,0.3347437922267746,True,value_low_half,mid_volume,False,True,-0.4747007616974765,0.4705882352941176,False,False,,True,True,True,True,False,True,True,True,False,True,True,True,True,True,True,False,True,True,True,True,True,False,True,False,False,False,False,True,False,False,False,False,False,False,False,False,True,False,True,True,True
20315,15min,m15_2c_1atr,demand,3333.17,3328.37,2025-06-11 14:45:00+00:00,2025-06-11 13:45:00+00:00,2025-06-11 14:00:00+00:00,2025-06-11 14:30:00+00:00,3,1.0051618958235986,1.0511496949789332,0.2791666666666864,2025-06-11 14:50:00+00:00,2025-06-11 15:15:00+00:00,3334.81,3327.718142857143,7.091857142856952,0.0833333333333333,True,405981,405982,4,3334.68,0.500904159132027,3.668996635981,1.1915073625687471,7.16314485425963,1.0,tp1,2025,2025-06,2025-06-11,0.0423020365409031,0.9576979634590967,0.03-0.05R,7,4,2,1.0,12,4,2,1.0,1,1,1.0,3,2,1.0,True,True,True,True,True,9,5,18,7,True,11,Wednesday,london_ny_overlap,bull,0.768,high,above,above,0.9945355191256998,0.7198697068403999,0.9514334031029849,0.8049118632693194,True,value_low_half,mid_volume,False,True,-1.2662409604577043,0.5606060606060606,False,False,,True,True,True,True,False,False,True,False,False,False,False,False,True,False,False,True,True,True,True,True,True,True,True,False,False,False,False,True,False,False,False,False,False,False,False,False,True,False,True,True,True
20360,15min,m15_2c_1atr,supply,3416.64,3405.67,2025-06-16 17:00:00+00:00,2025-06-16 16:15:00+00:00,2025-06-16 16:30:00+00:00,2025-06-16 16:45:00+00:00,2,3.8649813272048834,1.4706501963037195,0.137648131267073,2025-06-16 18:55:00+00:00,2025-06-16 19:05:00+00:00,3403.38,3417.181428571429,13.80142857142846,1.9166666666666667,True,406855,406856,1,3403.19,0.4668989547038272,2.690301211054786,0.0507193872269823,1.3839147086223005,1.0,tp1,2025,2025-06,2025-06-16,0.0217368802401409,0.978263119759859,<=0.03R,2,1,1,0.3263445761166811,2,1,1,0.3263445761166811,0,0,0.0,0,0,0.0,True,True,True,False,False,2,2,2,2,True,15,Monday,ny_main,bull,0.938,high,below,below,0.6177705423699258,0.1946050096338637,-0.1500487109818663,-0.5737965573550529,True,value_low_half,mid_volume,True,True,-0.2242521478108059,0.5190839694656488,False,False,,True,True,True,False,True,True,True,True,False,True,True,True,True,False,False,False,False,True,True,False,False,False,True,False,False,False,False,True,False,False,False,False,False,False,True,True,True,False,True,True,True
20370,15min,m15_2c_1atr,demand,3391.58,3384.23,2025-06-17 16:15:00+00:00,2025-06-17 15:30:00+00:00,2025-06-17 15:45:00+00:00,2025-06-17 16:00:00+00:00,2,1.331592689294986,1.279373368146208,0.330612244897941,2025-06-17 16:35:00+00:00,2025-06-17 16:40:00+00:00,3394.53,3383.387142857143,11.142857142857338,0.3333333333333333,True,407102,407103,0,3394.63,0.3960573476702625,0.2279487179487107,1.26089743589743,-0.6183333333333519,-1.0,stop,2025,2025-06,2025-06-17,0.0269230769230764,-1.0269230769230764,<=0.03R,12,4,2,1.0,18,4,2,1.0,6,3,1.0,10,4,1.0,True,True,True,True,True,24,7,38,7,False,12,Tuesday,ny_main,bear,0.548,mid,inside,above,2.1899742930591595,0.6781045751634256,0.698447939817723,0.9083392697925566,True,value_low_half,hvn,False,True,-0.659166666666678,0.855072463768116,True,True,0.1113589886596066,True,True,True,True,False,True,True,True,False,True,True,True,False,False,False,True,True,True,True,True,True,False,False,False,True,False,True,True,False,False,False,True,False,False,False,False,True,False,True,True,True
20421,15min,m15_2c_1atr,demand,3358.77,3354.14,2025-06-23 11:30:00+00:00,2025-06-23 10:30:00+00:00,2025-06-23 10:45:00+00:00,2025-06-23 11:15:00+00:00,3,1.1077476397421837,0.9713771916679316,0.2073434125269025,2025-06-23 15:30:00+00:00,2025-06-23 16:05:00+00:00,3362.66,3353.4244285714285,9.235571428571347,4.0,True,408169,408170,6,3362.6,0.5155131264916053,3.339262788287567,1.0806044950424716,-6.044022335999031,1.0,tp1,2025,2025-06,2025-06-23,0.0324831010533808,0.9675168989466192,0.03-0.05R,4,3,2,1.0,7,3,2,1.0,4,4,1.0,14,4,1.0,True,True,True,True,True,12,7,35,7,True,12,Monday,ny_main,bear,0.762,high,inside,inside,0.7410536779323642,0.8916372202591171,0.125225162478117,0.1738936293434397,True,value_low_half,hvn,False,True,-0.5733267335921799,0.9782608695652174,True,True,0.7696057651547281,True,True,True,True,False,False,True,False,False,False,False,False,True,False,False,True,True,True,True,True,True,False,False,False,True,False,True,True,False,False,False,True,True,False,False,False,True,False,True,True,True
20498,15min,m15_2c_1atr,demand,3280.22,3276.94,2025-06-30 15:30:00+00:00,2025-06-30 14:45:00+00:00,2025-06-30 15:00:00+00:00,2025-06-30 15:15:00+00:00,2,1.3132188200149728,0.6858849887975541,0.3414634146341396,2025-06-30 16:15:00+00:00,2025-06-30 16:30:00+00:00,3282.97,3276.3441428571427,6.625857142857058,0.75,True,409554,409555,2,3283.08,0.5893271461716928,11.328345658782895,0.7561285871369482,10.276406287057354,1.0,tp1,2025,2025-06,2025-06-30,0.0452771609064062,0.9547228390935938,0.03-0.05R,7,4,2,1.0,7,4,2,1.0,2,1,1.0,2,1,1.0,True,True,True,True,True,11,7,11,7,True,12,Monday,ny_main,bear,0.588,mid,below,below,0.8368897983046182,0.9108061749571204,0.099915591682376,-0.0718808551027904,True,value_low_half,hvn,False,True,-0.2520428623790056,0.8936170212765957,False,False,,True,True,True,True,False,False,True,False,False,False,True,True,True,False,False,True,True,True,True,True,True,False,False,True,False,False,True,True,False,False,False,False,True,False,False,False,True,False,True,True,True
20578,15min,m15_2c_1atr,demand,3307.89,3300.49,2025-07-07 16:00:00+00:00,2025-07-07 15:15:00+00:00,2025-07-07 15:30:00+00:00,2025-07-07 15:45:00+00:00,2,1.2623104790017188,1.3900442774721893,0.0135135135135625,2025-07-07 16:00:00+00:00,2025-07-07 16:05:00+00:00,3310.12,3299.7902857142853,10.329714285714545,0.0,True,410881,410882,0,3310.22,0.1550387596898851,3.466698014050912,0.371743098965497,-0.1732864966531978,1.0,tp1,2025,2025-07,2025-07-07,0.0290424296066817,0.9709575703933182,<=0.03R,5,2,2,1.0,8,3,2,1.0,0,0,0.0,12,4,1.0,True,True,True,False,True,5,3,32,7,True,12,Monday,ny_main,bear,0.895,high,below,below,0.5200264375413011,0.1735357917570845,0.2896384391576916,0.2130003061771281,True,value_low_half,hvn,False,True,-0.4898489793660717,0.8888888888888888,True,False,0.160232319781348,True,True,True,True,False,True,True,True,False,True,True,True,False,False,False,False,True,True,True,True,True,False,False,True,False,False,True,True,False,False,False,False,False,False,False,False,True,False,True,True,True
20605,15min,m15_2c_1atr,demand,3293.27,3288.12,2025-07-09 16:00:00+00:00,2025-07-09 15:15:00+00:00,2025-07-09 15:30:00+00:00,2025-07-09 15:45:00+00:00,2,1.4005074302283549,1.3066328379848149,0.1300970873786526,2025-07-09 16:40:00+00:00,2025-07-09 16:45:00+00:00,3296.17,3287.462857142857,8.707142857143026,0.6666666666666666,True,411441,411442,0,3296.21,0.524163568773254,3.9232157506151655,0.3353568498769502,2.6001640689088767,1.0,tp1,2025,2025-07,2025-07-09,0.0344544708777679,0.965545529122232,0.03-0.05R,9,4,2,1.0,9,4,2,1.0,1,1,0.8912621359223426,3,2,0.8912621359223426,True,True,True,True,True,11,5,15,7,True,12,Wednesday,ny_main,bear,0.878,high,above,above,0.7543186180421946,0.5875518672199022,0.893094340943769,1.3560259684881248,True,value_low_half,hvn,False,True,-0.5231337161608108,0.810126582278481,False,False,,True,True,True,True,False,False,True,False,False,True,True,True,True,False,False,True,True,True,True,True,True,False,True,False,False,False,True,True,False,False,False,False,False,False,False,False,True,False,True,True,True
20665,15min,m15_2c_1atr,supply,3355.59,3349.33,2025-07-15 16:00:00+00:00,2025-07-15 15:15:00+00:00,2025-07-15 15:30:00+00:00,2025-07-15 15:45:00+00:00,2,1.3131411822179326,1.427129132063235,0.2747603833866125,2025-07-15 16:00:00+00:00,2025-07-15 16:10:00+00:00,3348.53,3356.473142857143,7.943142857142902,0.0,True,412538,412539,1,3348.55,0.6740088105726806,3.5552677961224513,0.4595158447537374,2.8225603395561243,1.0,tp1,2025,2025-07,2025-07-15,0.0377684255962013,0.9622315744037986,0.03-0.05R,6,4,2,1.0,6,4,2,1.0,1,1,0.3913738019169628,10,4,1.0,True,True,True,True,True,8,5,26,7,True,12,Tuesday,ny_main,bull,0.784,high,below,below,0.8773421508423944,0.1166666666666655,-1.3069522293239713,-2.1562591556521253,True,value_high_half,lvn,False,True,0.4670695298730281,0.2156862745098039,True,True,0.1372455089820363,True,True,False,False,True,False,True,False,False,True,True,True,True,True,False,True,True,True,True,True,True,False,True,False,False,True,False,False,True,False,False,True,False,False,False,False,True,False,True,True,True
20684,15min,m15_2c_1atr,supply,3340.21,3336.26,2025-07-16 15:30:00+00:00,2025-07-16 14:45:00+00:00,2025-07-16 15:00:00+00:00,2025-07-16 15:15:00+00:00,2,1.646277856804227,1.3110478899952314,0.2784810126583327,2025-07-16 15:30:00+00:00,2025-07-16 15:40:00+00:00,3334.78,3340.789,6.0090000000000146,0.0,True,412808,412809,1,3334.93,0.6805111821086374,2.507904809452509,1.3080379430853142,3.1769013146946414,1.0,tp1,2025,2025-07,2025-07-16,0.0499251123315026,0.9500748876684972,0.03-0.05R,4,2,2,0.5189873417722218,7,2,2,1.0,1,1,0.6050632911392362,8,4,0.982278481012616,True,True,True,True,True,6,5,23,7,True,11,Wednesday,london_ny_overlap,bear,0.422,mid,below,below,1.0540599693587582,0.3095975232198125,-0.7495270831017151,-1.0176034359328017,True,value_high_half,hvn,False,True,1.4952571143285247,0.8823529411764706,True,True,0.1822962313759795,True,True,True,False,True,False,True,False,False,True,True,True,True,True,False,True,True,True,True,True,True,True,True,False,False,False,True,False,True,False,False,True,False,False,True,False,True,False,True,True,True
20825,15min,m15_2c_1atr,supply,3334.06,3329.78,2025-07-30 14:15:00+00:00,2025-07-30 12:45:00+00:00,2025-07-30 13:00:00+00:00,2025-07-30 14:00:00+00:00,5,1.2971145175833148,1.350766456266837,0.2593457943925685,2025-07-30 14:20:00+00:00,2025-07-30 14:35:00+00:00,3328.37,3334.4204285714286,6.050428571428711,0.0833333333333333,True,415555,415556,2,3328.4,0.0923913043478811,9.959625056076042,0.5817769697541922,2.983259745472462,1.0,tp1,2025,2025-07,2025-07-30,0.0495832644676871,0.9504167355323128,0.03-0.05R,4,3,2,1.0,7,3,2,1.0,1,1,0.0397196261681374,14,4,0.766355140186902,True,True,True,True,True,6,5,35,7,True,10,Wednesday,london_ny_overlap,bear,0.258,low,below,below,1.6590909090909722,0.0126582278480903,-0.7259789893922085,-0.8747210739818423,True,above_value,mid_volume,False,True,0.6065686019880508,0.4390243902439024,True,False,0.479280261723004,False,False,True,False,True,False,True,False,False,False,True,True,False,False,False,True,True,True,True,True,True,True,True,False,False,False,False,False,False,False,True,False,False,False,False,False,True,False,True,True,True
20824,15min,m15_2c_1atr,demand,3325.0,3323.3,2025-07-30 10:00:00+00:00,2025-07-30 09:15:00+00:00,2025-07-30 09:30:00+00:00,2025-07-30 09:45:00+00:00,2,1.3296733461432753,0.6533077134229197,0.26470588235313,2025-07-30 14:45:00+00:00,2025-07-30 14:55:00+00:00,3329.04,3322.885571428571,6.154428571428525,4.75,True,415559,415560,1,3329.01,0.8311258278146468,0.4630811726747177,1.036651888303454,-3.47554606439034,-1.0,stop,2025,2025-07,2025-07-30,0.0487453865973402,-1.0487453865973402,0.03-0.05R,6,3,2,1.0,6,3,2,1.0,2,1,1.0,8,4,1.0,True,True,True,True,True,10,7,22,7,False,10,Wednesday,london_ny_overlap,bear,0.408,mid,inside,inside,1.4938400501149018,0.8903394255875057,0.5738857609843778,0.546409448744929,True,value_low_half,mid_volume,False,True,-0.5037023281725013,0.6341463414634146,True,False,0.3419098601277885,True,True,False,True,False,False,True,False,False,True,True,True,True,True,True,True,True,True,True,True,True,False,False,False,True,False,False,True,False,False,False,False,True,False,False,False,True,False,True,True,True
20841,15min,m15_2c_1atr,supply,3309.43,3304.81,2025-07-31 16:45:00+00:00,2025-07-31 16:00:00+00:00,2025-07-31 16:15:00+00:00,2025-07-31 16:30:00+00:00,2,1.1544227886057004,0.9697151424287654,0.2922077922077794,2025-07-31 16:45:00+00:00,2025-07-31 16:50:00+00:00,3302.48,3310.057857142857,7.577857142856828,0.0,True,415858,415859,0,3302.57,0.3571428571428142,2.7435196531248143,3.747761334715975,-5.520030163069312,1.0,tp1,2025,2025-07,2025-07-31,0.0395890281836193,0.9604109718163808,0.03-0.05R,8,4,2,1.0,8,4,2,1.0,2,2,1.0,5,2,1.0,True,True,True,True,True,12,7,18,7,True,12,Thursday,ny_main,bear,0.798,high,below,below,0.9644535840188136,0.1854460093896533,-0.8107487898029292,-0.7372647372134269,True,value_high_half,hvn,False,True,0.642661890847406,0.9010989010989012,False,False,,True,True,False,False,True,False,True,False,False,True,True,True,False,False,False,True,True,True,True,True,True,True,True,False,False,False,True,False,True,False,False,False,True,False,False,False,True,False,True,True,True
20895,15min,m15_2c_1atr,supply,3367.48,3365.01,2025-08-06 12:45:00+00:00,2025-08-06 12:00:00+00:00,2025-08-06 12:15:00+00:00,2025-08-06 12:30:00+00:00,2,1.0163339382941292,0.6973180076627895,0.3279352226722533,2025-08-06 13:20:00+00:00,2025-08-06 13:35:00+00:00,3361.88,3367.8861428571427,6.0061428571425495,0.5833333333333334,True,416923,416924,2,3361.92,0.9540816326529878,0.3096829436529638,1.1421639749780028,-2.5324072972910048,-1.0,stop,2025,2025-08,2025-08-06,0.0499488618795068,-1.049948861879507,0.03-0.05R,1,1,1,1.0,3,3,2,1.0,5,4,0.5425101214575927,7,4,1.0,True,True,True,True,True,11,5,17,7,False,9,Wednesday,london_ny_overlap,bull,0.604,mid,inside,inside,1.889554473979838,0.3218997361477075,-0.615438118835432,-1.5900060316859133,True,below_value,hvn,False,False,-2.3317793687416644,0.7804878048780488,True,True,0.4100974313551724,True,True,True,False,True,False,True,False,False,False,True,True,True,True,True,True,True,True,True,True,True,False,False,False,True,False,True,False,False,True,False,True,True,False,False,False,True,False,True,True,True
20930,15min,m15_2c_1atr,demand,3388.59,3383.89,2025-08-08 15:30:00+00:00,2025-08-08 14:45:00+00:00,2025-08-08 15:00:00+00:00,2025-08-08 15:15:00+00:00,2,1.579818255798117,0.8924454089245002,0.2106382978723785,2025-08-08 15:45:00+00:00,2025-08-08 15:50:00+00:00,3396.55,3383.073571428571,13.476428571429096,0.25,True,417502,417503,0,3396.53,0.2174672489082727,0.3821487252874972,1.141993957703907,-2.6401653681029624,-1.0,stop,2025,2025-08,2025-08-08,0.022261090793448,-1.022261090793448,<=0.03R,15,4,2,1.0,15,4,2,1.0,1,1,1.0,5,4,1.0,True,True,True,True,True,17,5,25,7,False,11,Friday,london_ny_overlap,bull,0.914,high,inside,below,1.8831184194960795,0.3074235807860173,0.0150455594555197,-0.0880190313624636,True,below_value,hvn,False,True,-1.0395929400540385,0.8245614035087719,True,True,0.1924560651521558,True,True,True,True,False,True,True,True,False,True,True,True,False,False,False,True,True,True,True,True,True,True,False,False,True,False,True,False,False,True,False,True,True,False,True,False,True,False,True,True,True
20957,15min,m15_2c_1atr,demand,3348.12,3343.86,2025-08-12 10:45:00+00:00,2025-08-12 10:00:00+00:00,2025-08-12 10:15:00+00:00,2025-08-12 10:30:00+00:00,2,2.296008697002617,0.9262307811771454,0.1150234741783589,2025-08-12 11:35:00+00:00,2025-08-12 12:05:00+00:00,3349.61,3343.373142857143,6.236857142856934,0.8333333333333334,True,418009,418010,5,3349.64,0.5670103092784101,0.3623619955105335,1.223372577763584,2.292821476018174,-1.0,stop,2025,2025-08,2025-08-12,0.048101149846536,-1.048101149846536,0.03-0.05R,9,4,2,1.0,9,4,2,1.0,1,1,1.0,10,4,1.0,True,True,True,True,True,11,5,29,7,False,8,Tuesday,london_ny_overlap,bear,0.784,high,above,above,1.1755312298776517,0.8396793587174826,0.1752291894463466,0.1041851376887743,True,below_value,mid_volume,False,True,-1.4045535755188874,0.3777777777777777,True,True,0.1200774693350647,True,True,True,True,False,False,True,False,False,False,False,False,True,False,False,True,True,True,True,True,True,False,True,False,False,False,False,False,False,True,False,True,True,False,True,True,True,False,True,True,True
21025,15min,m15_2c_1atr,demand,3333.14,3329.57,2025-08-19 06:00:00+00:00,2025-08-19 05:00:00+00:00,2025-08-19 05:15:00+00:00,2025-08-19 05:45:00+00:00,3,1.454064538881999,0.8813260447892065,0.2212885154062976,2025-08-19 16:05:00+00:00,2025-08-19 16:35:00+00:00,3335.71,3329.0042857142857,6.7057142857142935,10.083333333333334,True,419443,419444,5,3335.77,0.9006622516556637,0.5458031529612047,1.1602045164039485,1.61056668086922,-1.0,stop,2025,2025-08,2025-08-19,0.0447379633574775,-1.0447379633574776,0.03-0.05R,4,4,2,1.0,14,4,2,1.0,3,2,1.0,11,4,1.0,True,True,True,True,True,10,7,36,7,False,12,Tuesday,ny_main,bear,0.604,mid,below,below,1.636539578091724,0.9482248520710176,0.578747573261719,0.1153349581665564,True,below_value,mid_volume,False,True,-0.3571580741371933,0.4864864864864865,False,False,,True,True,True,True,False,False,True,False,False,False,False,False,True,True,True,True,True,True,True,True,True,False,False,True,False,False,False,False,False,True,False,False,True,False,False,False,True,False,True,True,True
21032,15min,m15_2c_1atr,supply,3340.17,3336.1,2025-08-19 16:00:00+00:00,2025-08-19 15:15:00+00:00,2025-08-19 15:30:00+00:00,2025-08-19 15:45:00+00:00,2,1.1986301369863146,1.501053740779845,0.3046683046682388,2025-08-19 16:30:00+00:00,2025-08-19 17:00:00+00:00,3334.09,3340.8207142857145,6.7307142857143845,0.5,True,419448,419449,5,3333.98,0.7541899441340427,3.347341610951907,1.1558951501644363,-1.662527857370248,1.0,tp1,2025,2025-08,2025-08-19,0.0445717924227946,0.9554282075772054,0.03-0.05R,10,4,2,1.0,30,4,2,1.0,5,3,0.8722358722358818,11,3,0.8722358722358818,True,True,True,True,True,20,7,52,7,True,13,Tuesday,ny_main,bear,0.772,high,below,below,1.466019417475712,0.537974683544271,-0.1170034613253232,-0.5279064106472097,True,value_high_half,hvn,False,True,0.6514910325798806,0.8378378378378378,True,True,0.2255451713395545,True,True,True,False,True,False,True,False,False,False,False,False,True,True,True,True,True,True,True,True,True,True,True,False,False,False,True,False,True,False,False,True,False,False,False,False,True,False,True,True,True
21061,15min,m15_2c_1atr,demand,3341.34,3336.08,2025-08-21 17:30:00+00:00,2025-08-21 16:45:00+00:00,2025-08-21 17:00:00+00:00,2025-08-21 17:15:00+00:00,2,1.009380863039397,0.9868667917448588,0.2699619771862279,2025-08-21 18:05:00+00:00,2025-08-21 18:30:00+00:00,3343.0,3335.5302857142856,7.469714285714417,0.5833333333333334,True,420018,420019,4,3342.99,0.6402214022140303,0.4324127906976692,1.0535878212973964,3.7364213586290456,-1.0,stop,2025,2025-08,2025-08-21,0.0401621787025696,-1.0401621787025697,0.03-0.05R,9,4,2,0.9334600760456474,31,4,2,0.9334600760456474,3,2,1.0,11,4,1.0,True,True,True,True,True,15,7,53,7,False,14,Thursday,ny_main,bull,0.956,high,above,above,0.54859777180175,0.9268817204300775,0.4803357373945531,0.7790863351651995,True,value_low_half,hvn,True,True,-0.1392288861689033,0.8301886792452831,False,False,,True,True,True,True,False,False,True,False,False,False,False,False,True,True,False,True,True,True,True,True,True,True,True,False,False,False,True,True,False,False,False,False,True,False,False,False,True,False,True,True,True
21099,15min,m15_2c_1atr,demand,3370.78,3367.32,2025-08-26 14:15:00+00:00,2025-08-26 13:30:00+00:00,2025-08-26 13:45:00+00:00,2025-08-26 14:00:00+00:00,2,1.974612129760185,0.976022566995759,0.2947976878612633,2025-08-26 16:00:00+00:00,2025-08-26 16:30:00+00:00,3373.89,3366.8098571428573,7.080142857142619,1.75,True,420822,420823,5,3373.87,0.7955271565494233,2.894009402554558,0.4943403079034084,1.1398075099373106,1.0,tp1,2025,2025-08,2025-08-26,0.0423720263917207,0.9576279736082792,0.03-0.05R,4,3,2,1.0,7,4,2,1.0,2,2,1.0,8,4,1.0,True,True,True,True,True,8,7,23,7,True,12,Tuesday,ny_main,bull,0.816,high,above,above,1.2455882352940673,0.8635346756151918,0.5385706702855398,0.5783183816708604,True,below_value,mid_volume,False,True,-0.5932083694840644,0.7285714285714285,False,False,,True,True,True,True,False,False,True,False,False,False,False,False,True,True,True,True,True,True,True,True,True,True,True,False,False,False,False,False,False,True,False,False,True,False,True,False,True,False,True,True,True
21113,15min,m15_2c_1atr,demand,3376.04,3373.84,2025-08-27 15:30:00+00:00,2025-08-27 14:30:00+00:00,2025-08-27 14:45:00+00:00,2025-08-27 15:15:00+00:00,3,2.251748251748213,0.7427055702916949,0.177272727272684,2025-08-27 16:45:00+00:00,2025-08-27 17:15:00+00:00,3379.65,3373.3278571428573,6.322142857142808,1.25,True,421107,421108,5,3379.58,0.7806451612902544,5.36052423454979,0.0980680149135525,4.680375098858874,1.0,tp1,2025,2025-08,2025-08-27,0.0474522652807596,0.9525477347192404,0.03-0.05R,14,4,2,1.0,18,4,2,1.0,1,1,1.0,3,2,1.0,True,True,True,True,True,16,5,24,7,True,13,Wednesday,ny_main,bull,0.768,high,above,above,0.8356500408830785,0.9004329004328903,0.8196675748303086,0.985994734392491,True,value_low_half,mid_volume,True,True,-0.0490340074567762,0.5,False,False,,True,False,True,True,False,False,True,False,False,False,False,False,True,True,True,True,True,True,True,True,True,True,True,False,False,False,False,True,False,False,False,False,True,False,True,True,True,False,True,True,True
21197,15min,m15_2c_1atr,demand,3541.54,3536.65,2025-09-04 15:00:00+00:00,2025-09-04 14:00:00+00:00,2025-09-04 14:15:00+00:00,2025-09-04 14:45:00+00:00,3,1.1224989203973228,0.9854613502230888,0.179959100204526,2025-09-04 15:35:00+00:00,2025-09-04 15:50:00+00:00,3546.41,3535.911285714286,10.49871428571396,0.5833333333333334,True,422716,422717,2,3546.4,0.1054481546572765,1.180144507490781,1.0753697731695335,4.3014790926781785,1.0,tp1,2025,2025-09,2025-09-04,0.0285749275421489,0.9714250724578511,<=0.03R,4,3,2,1.0,7,4,2,1.0,4,4,1.0,4,4,1.0,True,True,True,True,True,12,7,15,7,True,11,Thursday,london_ny_overlap,bull,0.806,high,above,above,1.5242435751360637,0.9920382165605528,0.5247763284366472,0.9391609792523254,True,below_value,hvn,False,False,-2.3483827951722462,0.953846153846154,True,False,0.404500261643117,True,True,False,True,False,True,True,True,False,False,True,True,False,False,False,True,True,True,True,True,True,True,True,False,False,False,True,False,False,True,False,False,True,False,False,False,True,False,True,True,True
21210,15min,m15_2c_1atr,demand,3585.07,3575.11,2025-09-05 17:00:00+00:00,2025-09-05 16:15:00+00:00,2025-09-05 16:30:00+00:00,2025-09-05 16:45:00+00:00,2,1.7420494699646716,1.1731448763251004,0.2449799196787194,2025-09-05 17:25:00+00:00,2025-09-05 18:00:00+00:00,3590.31,3573.880285714286,16.429714285714,0.4166666666666667,True,423018,423019,6,3590.39,0.952702702702654,3.41515372843635,0.7456003060656781,2.902667640512018,1.0,tp1,2025,2025-09,2025-09-05,0.0182595993322206,0.9817404006677792,<=0.03R,1,1,1,0.7238955823293183,1,1,1,0.7238955823293183,0,0,0.0,0,0,0.0,True,True,True,False,False,1,1,1,1,True,14,Friday,ny_main,bull,1.0,high,above,above,0.226006583945279,0.0561403508771969,0.0955241571779849,0.9246500524469192,True,above_value,mid_volume,False,True,1.664058152476387,0.7217391304347827,False,False,,True,False,True,True,False,True,True,True,True,False,False,False,True,True,True,False,False,True,True,False,False,True,True,False,False,False,False,False,False,False,True,False,False,False,True,False,True,False,True,True,True
21221,15min,m15_2c_1atr,demand,3621.93,3615.79,2025-09-08 16:00:00+00:00,2025-09-08 15:00:00+00:00,2025-09-08 15:15:00+00:00,2025-09-08 15:45:00+00:00,3,1.406562500000044,1.3431249999999533,0.3306188925081087,2025-09-08 16:30:00+00:00,2025-09-08 16:35:00+00:00,3625.78,3615.04,10.740000000000236,0.5,True,423277,423278,0,3625.69,0.277397260273947,4.576350093109735,0.2513966480447126,1.4869646182494831,1.0,tp1,2025,2025-09,2025-09-08,0.0279329608938541,0.972067039106146,<=0.03R,1,1,1,1.0,1,1,1,1.0,0,0,0.0,0,0,0.0,True,True,True,False,False,1,1,1,1,True,12,Monday,ny_main,bull,0.715,high,above,above,1.566320645905411,0.9766637856525516,1.2860304878345303,2.363011316712911,True,above_value,mid_volume,False,False,2.8966480446926433,0.6862745098039216,False,False,,True,True,False,True,False,True,True,True,False,True,True,True,False,False,False,False,False,True,True,False,False,True,True,False,False,False,False,False,False,False,True,False,False,False,False,False,True,False,True,True,True
21234,15min,m15_2c_1atr,demand,3646.19,3641.99,2025-09-09 11:45:00+00:00,2025-09-09 11:00:00+00:00,2025-09-09 11:15:00+00:00,2025-09-09 11:30:00+00:00,2,1.113231552162848,0.6234096692112353,0.3452380952381377,2025-09-09 15:35:00+00:00,2025-09-09 16:05:00+00:00,3652.95,3641.256714285714,11.693285714285594,3.8333333333333335,True,423547,423548,5,3653.03,0.8165680473373039,1.87971118957157,1.0074157330824658,-0.0222349822242112,1.0,tp1,2025,2025-09,2025-09-09,0.025655748720267,0.9743442512797328,<=0.03R,7,3,2,1.0,7,3,2,1.0,2,1,1.0,2,1,1.0,True,True,True,True,True,11,7,11,7,True,12,Tuesday,ny_main,bull,0.478,mid,inside,inside,0.8380743982494487,0.743259085580344,0.5027379421883708,0.482798872571875,True,value_high_half,mid_volume,False,True,0.7132298144234374,0.6578947368421053,False,False,,True,True,True,True,False,True,True,True,False,False,False,False,True,True,True,True,True,True,True,True,True,True,False,False,True,False,False,False,True,False,False,False,True,False,False,False,True,False,True,True,True
21263,15min,m15_2c_1atr,demand,3619.53,3614.2,2025-09-11 13:15:00+00:00,2025-09-11 12:15:00+00:00,2025-09-11 12:30:00+00:00,2025-09-11 13:00:00+00:00,3,1.0302757793765598,1.1184052757794525,0.3020637898686701,2025-09-11 14:30:00+00:00,2025-09-11 15:15:00+00:00,3620.07,3613.789142857143,6.280857142857258,1.25,True,424089,424090,8,3619.94,0.3680297397770321,3.2272665241322223,1.1192739844425352,4.706364008551968,1.0,tp1,2025,2025-09,2025-09-11,0.0477641814129091,0.9522358185870908,0.03-0.05R,1,1,1,0.7598499061913493,6,4,2,0.9061913696060104,0,0,0.0,0,0,0.0,True,True,True,False,False,1,1,6,3,True,11,Thursday,london_ny_overlap,bear,0.436,mid,above,above,0.9400367462836048,0.7111368909512602,0.7476992708172677,0.2276765245876528,True,below_value,lvn,False,False,-4.519287631351451,0.1728395061728395,False,False,,False,False,True,True,False,False,True,False,False,False,False,False,False,False,False,False,False,True,True,False,True,False,True,False,False,True,False,False,False,True,False,False,False,False,False,False,True,False,True,True,True
21292,15min,m15_2c_1atr,demand,3637.82,3634.16,2025-09-15 10:45:00+00:00,2025-09-15 10:00:00+00:00,2025-09-15 10:15:00+00:00,2025-09-15 10:30:00+00:00,2,1.659860788863006,1.1888631090488269,0.1420765027322234,2025-09-15 12:35:00+00:00,2025-09-15 13:00:00+00:00,3641.34,3633.673,7.667000000000371,1.8333333333333333,True,424614,424615,4,3641.33,0.7320261437907913,7.510108256162402,0.562149471762063,6.705360636493722,1.0,tp1,2025,2025-09,2025-09-15,0.0391287335333227,0.9608712664666772,0.03-0.05R,2,2,1,1.0,19,3,2,1.0,8,4,1.0,16,4,1.0,True,True,True,True,True,18,6,51,7,True,9,Monday,london_ny_overlap,bull,0.486,mid,inside,inside,1.2727272727272727,0.9528023598819192,0.6075572448886813,0.6539988671752428,True,below_value,mid_volume,False,True,-0.8164862397286964,0.575,True,True,0.2164948453608187,True,True,True,True,False,False,True,False,False,False,False,False,True,True,True,True,True,True,True,True,True,True,False,False,True,False,False,False,False,True,False,True,False,False,True,False,True,False,True,True,True
21376,15min,m15_2c_1atr,demand,3718.9,3713.46,2025-09-22 16:15:00+00:00,2025-09-22 15:30:00+00:00,2025-09-22 15:45:00+00:00,2025-09-22 16:00:00+00:00,2,1.5648960739029336,1.1725943033102373,0.0367647058823191,2025-09-22 16:30:00+00:00,2025-09-22 16:55:00+00:00,3720.14,3712.591428571429,7.548571428571449,0.25,True,426041,426042,4,3720.17,0.8995363214837612,9.407077971233916,0.4345193035578757,7.153671461014364,1.0,tp1,2025,2025-09,2025-09-22,0.0397426192278575,0.9602573807721424,0.03-0.05R,6,4,2,1.0,6,4,2,1.0,3,3,0.533088235294129,3,3,0.533088235294129,True,True,True,True,True,12,7,12,7,True,12,Monday,ny_main,bull,0.828,high,inside,inside,1.1301603996845273,0.9953325554259084,0.2424707007758624,0.4343102381277949,True,value_high_half,mid_volume,False,True,3.700037850113578,0.6292134831460674,True,False,0.2905852417302804,True,True,True,True,False,False,True,False,False,False,False,False,True,True,True,True,True,True,True,True,True,True,False,False,True,False,False,False,True,False,False,False,False,False,True,False,True,False,True,True,True
21470,15min,m15_2c_1atr,supply,3889.67,3886.12,2025-10-01 14:30:00+00:00,2025-10-01 13:45:00+00:00,2025-10-01 14:00:00+00:00,2025-10-01 14:15:00+00:00,2,1.033891599630731,0.6554134247659541,0.042253521126784,2025-10-01 15:15:00+00:00,2025-10-01 15:25:00+00:00,3881.12,3890.422,9.302000000000136,0.75,True,427955,427956,1,3881.14,0.8501664816870281,3.03913136959789,1.169640937432805,-1.3771231993119502,1.0,tp1,2025,2025-10,2025-10-01,0.0322511287895071,0.9677488712104928,0.03-0.05R,0,0,0,0.0,0,0,0,0.0,0,0,0.0,0,0,0.0,False,False,False,False,False,0,0,0,0,True,11,Wednesday,london_ny_overlap,bull,0.57,mid,below,below,0.6811499934954731,0.1526181353767739,-0.9368662232432978,-0.7457204811378466,True,above_value,hvn,False,False,2.971941517953083,0.9064327485380116,False,False,,True,True,True,False,True,False,True,False,False,True,True,True,True,True,True,False,False,False,False,False,False,False,True,False,False,False,True,False,False,False,True,False,True,False,False,False,True,False,True,True,True
21487,15min,m15_2c_1atr,demand,3888.53,3881.53,2025-10-02 16:15:00+00:00,2025-10-02 15:30:00+00:00,2025-10-02 15:45:00+00:00,2025-10-02 16:00:00+00:00,2,1.6796785304248176,1.4064293915040125,0.0414285714285662,2025-10-02 16:15:00+00:00,2025-10-02 16:20:00+00:00,3890.46,3880.7742857142857,9.685714285714312,0.0,True,428242,428243,0,3890.41,0.1623529411764834,0.692772861356934,1.3525073746312557,-1.5445427728613563,-1.0,stop,2025,2025-10,2025-10-02,0.0309734513274335,-1.0309734513274336,0.03-0.05R,1,1,1,0.2428571428571168,1,1,1,0.2428571428571168,0,0,0.0,0,0,0.0,True,True,True,False,False,1,1,1,1,False,12,Thursday,ny_main,bull,0.452,mid,above,above,1.5493074792243284,0.9939577039274978,1.319125174441795,2.264082744519002,True,above_value,lvn,False,False,2.0938053097345284,0.2051282051282051,False,False,,True,True,False,True,False,False,True,False,False,True,True,True,False,False,False,False,False,True,True,False,False,True,True,False,False,True,False,False,False,False,True,False,False,False,True,False,True,False,True,True,True
21535,15min,m15_2c_1atr,demand,3976.36,3963.19,2025-10-07 19:45:00+00:00,2025-10-07 19:00:00+00:00,2025-10-07 19:15:00+00:00,2025-10-07 19:30:00+00:00,2,1.2119491946356142,1.3083090896189644,0.1154138192862546,2025-10-07 19:45:00+00:00,2025-10-07 20:00:00+00:00,3976.74,3962.064857142858,14.67514285714242,0.0,True,429108,429109,2,3976.7,0.6956521739130177,5.621751065942578,0.1703560929073508,4.8047232443589385,1.0,tp1,2025,2025-10,2025-10-07,0.0204427311488821,0.979557268851118,<=0.03R,12,4,2,0.7615793470007357,12,4,2,0.7615793470007357,3,3,0.0501138952163895,3,3,0.0501138952163895,True,True,True,True,True,18,7,18,7,True,16,Tuesday,ny_main,bull,0.928,high,above,above,0.5975042457358238,0.6075514874141966,0.5975074016269816,0.7953146380844245,True,value_high_half,mid_volume,True,True,0.4105581839067216,0.4795918367346938,False,False,,True,True,True,True,False,True,True,True,False,False,True,True,True,True,False,True,True,True,True,True,True,True,True,False,False,False,False,False,True,False,False,False,False,False,False,False,True,False,True,True,True
21544,15min,m15_2c_1atr,demand,4028.19,4021.44,2025-10-08 10:15:00+00:00,2025-10-08 09:15:00+00:00,2025-10-08 09:30:00+00:00,2025-10-08 10:00:00+00:00,3,1.8084129544608227,1.1726020598089073,0.1466666666667017,2025-10-08 16:35:00+00:00,2025-10-08 16:55:00+00:00,4036.49,4020.405714285714,16.08428571428567,6.333333333333333,True,429347,429348,3,4036.65,0.5653061224489654,1.4144240163424855,1.3112176925126409,-0.761612931876723,1.0,tp1,2025,2025-10,2025-10-08,0.0186517452704503,0.9813482547295496,<=0.03R,2,2,2,1.0,2,2,2,1.0,0,0,0.0,0,0,0.0,True,True,True,False,False,2,2,2,2,True,12,Wednesday,ny_main,bull,0.86,high,inside,below,1.484407484407473,0.8615635179152895,0.067240578646524,0.1400752011598812,True,value_high_half,mid_volume,False,True,2.7085442756905693,0.4302325581395348,False,False,,True,True,True,True,False,True,True,True,True,False,False,True,True,False,False,False,False,True,True,False,False,True,False,False,True,False,False,False,True,False,False,False,False,False,True,False,True,False,True,True,True
21569,15min,m15_2c_1atr,supply,4027.22,4018.2,2025-10-09 18:45:00+00:00,2025-10-09 18:00:00+00:00,2025-10-09 18:15:00+00:00,2025-10-09 18:30:00+00:00,2,1.2626511180057554,0.6755108590991763,0.1308203991131145,2025-10-09 19:00:00+00:00,2025-10-09 19:15:00+00:00,4016.76,4028.351428571428,11.591428571427969,0.25,True,429651,429652,2,4016.78,0.7677966101694366,6.203721962041266,0.5348779886615848,2.836578752773142,1.0,tp1,2025,2025-10,2025-10-09,0.0258811929997548,0.9741188070002452,<=0.03R,3,3,2,1.0,3,3,2,1.0,0,0,0.0,0,0,0.0,True,True,True,False,False,3,3,3,3,True,15,Thursday,ny_main,bull,0.996,high,below,below,0.2271190023251033,0.2983565107458554,-0.3436528582434212,-0.9027771516345916,True,below_value,hvn,False,True,-1.3406457973872985,0.9043478260869564,False,False,,True,True,True,False,True,True,True,True,False,False,True,True,True,True,True,False,False,True,True,True,True,False,True,False,False,False,True,False,False,True,False,False,True,False,False,False,True,False,True,True,True
21570,15min,m15_2c_1atr,supply,4021.81,4013.88,2025-10-09 19:45:00+00:00,2025-10-09 19:00:00+00:00,2025-10-09 19:15:00+00:00,2025-10-09 19:30:00+00:00,2,1.9452456164446603,0.5082635169161666,0.2862547288776833,2025-10-10 18:20:00+00:00,2025-10-10 18:45:00+00:00,4007.92,4023.6124285714286,15.692428571428536,22.583333333333332,True,429921,429922,4,4008.35,0.5508166969147164,2.088905477618887,1.4420967345489737,-6.645880178794154,1.0,tp1,2025,2025-10,2025-10-10,0.0191174997951696,0.9808825002048304,<=0.03R,4,4,2,1.0,5,4,2,1.0,4,4,1.0,4,4,1.0,True,True,True,True,True,12,7,13,7,True,14,Friday,ny_main,bear,0.96,high,inside,above,0.6518544034906493,0.2559171597633166,-0.0753870413717745,0.3368587180344179,True,above_value,mid_volume,False,False,1.9815288537693545,0.3355704697986577,True,True,0.1401137980085365,True,True,True,False,True,True,True,True,True,False,False,False,True,False,False,True,True,True,True,True,True,True,False,False,True,False,False,False,False,False,True,True,True,False,True,False,True,False,True,True,True
21632,15min,m15_2c_1atr,demand,4242.14,4236.64,2025-10-16 14:30:00+00:00,2025-10-16 13:15:00+00:00,2025-10-16 13:30:00+00:00,2025-10-16 14:15:00+00:00,4,1.0338227297444331,0.8374116367591181,0.2000000000000661,2025-10-16 14:45:00+00:00,2025-10-16 15:10:00+00:00,4243.23,4235.989428571429,7.240571428570547,0.25,True,430982,430983,4,4243.18,0.4608695652174578,1.092455212690634,1.5302659616448768,9.758898271645204,1.0,tp1,2025,2025-10,2025-10-16,0.0414331939073525,0.9585668060926474,0.03-0.05R,0,0,0,0.0,0,0,0,0.0,0,0,0.0,0,0,0.0,False,False,False,False,False,0,0,0,0,True,11,Thursday,london_ny_overlap,bull,0.192,low,above,above,1.1854599406528137,0.9698189134809544,0.4444814908634902,1.1598121004886537,True,above_value,mid_volume,False,False,4.093599558046475,0.4135338345864661,False,False,,True,False,True,True,False,False,True,False,False,False,False,False,True,False,False,False,False,False,False,False,False,True,True,False,False,False,False,False,False,False,True,False,True,False,False,False,True,False,True,True,True
21678,15min,m15_2c_1atr,supply,4233.14,4219.32,2025-10-21 16:00:00+00:00,2025-10-21 15:15:00+00:00,2025-10-21 15:30:00+00:00,2025-10-21 15:45:00+00:00,2,1.105489621258673,0.9148423093290844,0.2112879884225059,2025-10-21 16:35:00+00:00,2025-10-21 16:45:00+00:00,4205.53,4236.264714285715,30.7347142857152,0.5833333333333334,True,431829,431830,1,4205.54,0.7516142918639552,6.538860199959825,0.1148538413985295,5.919365259385437,1.0,tp1,2025,2025-10,2025-10-21,0.0097609496939242,0.9902390503060756,<=0.03R,1,1,1,1.0,8,4,2,1.0,0,0,0.0,0,0,0.0,True,True,True,False,False,1,1,8,3,True,12,Tuesday,ny_main,bear,0.95,high,below,below,0.8652714192282641,0.15747460087081,-1.7051061457831111,-3.159737740056523,True,below_value,mid_volume,False,False,-3.888762358059422,0.4021164021164021,False,False,,True,True,False,False,True,True,True,True,True,True,True,True,True,True,True,False,False,True,True,False,True,True,True,False,False,False,False,False,False,True,False,False,True,False,False,False,True,False,True,True,True
21736,15min,m15_2c_1atr,supply,4045.7,4029.12,2025-10-27 13:45:00+00:00,2025-10-27 12:30:00+00:00,2025-10-27 12:45:00+00:00,2025-10-27 13:30:00+00:00,4,1.548888888888867,1.2281481481481338,0.3335343787696154,2025-10-27 13:45:00+00:00,2025-10-27 13:50:00+00:00,4024.37,4047.032714285714,22.662714285714173,0.0,True,432907,432908,0,4024.5,0.2959572845156423,0.0966344971917401,1.1521126582996728,5.042643990443725,-1.0,stop,2025,2025-10,2025-10-27,0.0132376023550325,-1.0132376023550325,<=0.03R,1,1,1,1.0,1,1,1,1.0,0,0,0.0,8,4,0.077804583835945,True,True,True,False,True,1,1,17,5,False,9,Monday,london_ny_overlap,bear,0.706,high,inside,inside,1.334256202747307,0.3424866514111512,-0.5675378845318835,-1.4735780064776347,True,below_value,mid_volume,False,False,-1.890329616298656,0.712707182320442,True,True,0.2987197724039803,True,True,False,False,True,True,True,True,True,True,True,True,False,False,False,False,True,True,True,False,True,True,False,False,True,False,False,False,False,True,False,True,False,False,True,False,True,False,True,True,True
21754,15min,m15_2c_1atr,demand,3909.29,3901.33,2025-10-28 12:45:00+00:00,2025-10-28 12:00:00+00:00,2025-10-28 12:15:00+00:00,2025-10-28 12:30:00+00:00,2,1.0189657967255892,0.6021505376344153,0.3391959798994731,2025-10-28 14:50:00+00:00,2025-10-28 15:05:00+00:00,3927.74,3900.14,27.59999999999991,2.0833333333333335,True,433198,433199,2,3927.71,0.9618863049095514,3.714855072463787,0.4695652173912907,3.360507246376822,1.0,tp1,2025,2025-10,2025-10-28,0.0108695652173913,0.9891304347826086,<=0.03R,2,2,2,1.0,2,2,2,1.0,1,1,1.0,5,4,1.0,True,True,True,True,True,4,4,12,6,True,11,Tuesday,london_ny_overlap,bear,0.43,mid,inside,inside,1.4096129837702505,0.6307600239377583,0.3101798881670866,0.0654425448997145,True,below_value,hvn,False,False,-3.0594202898550846,0.7955271565495208,True,True,0.3246041412911163,True,True,True,True,False,True,True,True,True,False,True,True,True,True,True,True,True,True,True,True,True,False,False,False,True,False,True,False,False,True,False,True,True,False,False,False,True,False,True,True,True
21756,15min,m15_2c_1atr,demand,3916.58,3906.14,2025-10-28 15:30:00+00:00,2025-10-28 14:45:00+00:00,2025-10-28 15:00:00+00:00,2025-10-28 15:15:00+00:00,2,1.7476783119590318,0.9233685008528648,0.3266283524904058,2025-10-28 15:40:00+00:00,2025-10-28 15:50:00+00:00,3930.97,3904.544,26.42599999999993,0.1666666666666666,True,433207,433208,1,3931.11,0.7429078014184363,3.757662907742392,0.4839930371603722,3.0897600847650155,1.0,tp1,2025,2025-10,2025-10-28,0.0113524559146295,0.9886475440853704,<=0.03R,3,3,2,0.4808429118773903,3,3,2,0.4808429118773903,1,1,1.0,5,4,1.0,True,True,True,True,True,5,5,13,7,True,11,Tuesday,london_ny_overlap,bear,0.642,mid,above,above,1.2521208760742677,0.9290573372206004,0.9978493320063776,1.109852535747925,True,below_value,mid_volume,False,False,-2.966396730492717,0.5238095238095238,True,True,0.3246041412911163,True,True,True,True,False,True,True,True,True,True,True,True,True,True,True,True,True,True,True,True,True,False,True,False,False,False,False,False,False,True,False,True,True,False,True,False,True,False,True,True,True
21776,15min,m15_2c_1atr,supply,4011.99,4004.77,2025-10-29 18:00:00+00:00,2025-10-29 17:00:00+00:00,2025-10-29 17:15:00+00:00,2025-10-29 17:45:00+00:00,3,1.7250187828700332,0.7594290007512943,0.1551246537396013,2025-10-29 20:00:00+00:00,2025-10-29 20:05:00+00:00,3993.92,4013.2842857142855,19.364285714285415,2.0,True,433534,433535,0,3993.86,0.0345670391061377,4.04869052010335,1.0364441165621552,-1.6050165990409653,1.0,tp1,2025,2025-10,2025-10-29,0.0154924382146811,0.9845075617853188,<=0.03R,3,3,2,1.0,9,4,2,1.0,1,1,0.594182825484776,5,4,1.0,True,True,True,True,True,5,5,19,7,True,16,Wednesday,ny_main,bull,0.262,low,below,below,1.0978095527837397,0.1504888268156412,-1.0025846225726571,-1.7560318102242936,True,value_low_half,hvn,False,True,-0.4838804869052028,0.8391959798994975,True,True,0.2987197724039803,True,False,True,False,True,True,True,True,True,True,True,True,False,False,False,True,True,True,True,True,True,False,True,False,False,False,True,True,False,False,False,True,True,False,True,False,True,False,True,True,True
21788,15min,m15_2c_1atr,supply,3986.94,3979.8,2025-10-30 13:30:00+00:00,2025-10-30 12:45:00+00:00,2025-10-30 13:00:00+00:00,2025-10-30 13:15:00+00:00,2,1.567712892334621,0.624984369138419,0.2605042016806947,2025-10-30 14:00:00+00:00,2025-10-30 14:30:00+00:00,3971.02,3988.163285714286,17.143285714285867,0.5,True,433743,433744,5,3971.02,0.7244488977955917,0.620651150387894,1.0686399506679,-2.8419289517761688,-1.0,stop,2025,2025-10,2025-10-30,0.017499562510937,-1.017499562510937,<=0.03R,7,4,2,1.0,9,4,2,1.0,5,4,0.5168067226890924,5,4,0.5168067226890924,True,True,True,True,True,17,7,19,7,False,10,Thursday,london_ny_overlap,bear,0.488,mid,inside,inside,1.8937242327072965,0.7691745799854024,-0.025753478432542,-0.0521072454640593,True,value_high_half,mid_volume,False,True,0.8236460755147651,0.2780269058295964,True,False,0.1897445059853546,True,True,True,False,True,True,True,True,True,False,False,False,True,True,True,True,True,True,True,True,True,True,False,False,True,False,False,False,True,False,False,False,True,False,True,False,True,False,True,True,True
21786,15min,m15_2c_1atr,demand,3962.18,3955.91,2025-10-30 10:45:00+00:00,2025-10-30 09:45:00+00:00,2025-10-30 10:00:00+00:00,2025-10-30 10:30:00+00:00,3,1.0885064535955868,0.5395205900430246,0.1164274322169091,2025-10-30 14:55:00+00:00,2025-10-30 15:05:00+00:00,3974.73,3954.242714285714,20.487285714285917,4.166666666666667,True,433750,433751,1,3974.74,0.8826998689384016,3.4924099267141036,0.5588832097956079,2.1930674773901284,1.0,tp1,2025,2025-10,2025-10-30,0.0146432282042519,0.985356771795748,<=0.03R,6,4,2,1.0,14,4,2,1.0,7,4,1.0,17,4,1.0,True,True,True,True,True,20,7,48,7,True,11,Thursday,london_ny_overlap,bear,0.688,high,inside,below,1.716166528288471,0.8786295005807366,0.1080027951721136,-0.0473119724280308,True,value_low_half,hvn,False,True,-0.4981138127479676,0.8523809523809524,True,True,0.2482185273159138,True,True,True,True,False,True,True,True,True,True,True,True,True,True,True,True,True,True,True,True,True,False,False,False,True,False,True,True,False,False,False,True,True,False,False,False,True,False,True,True,True
21812,15min,m15_2c_1atr,demand,4004.95,3994.51,2025-11-03 13:30:00+00:00,2025-11-03 12:00:00+00:00,2025-11-03 12:15:00+00:00,2025-11-03 13:15:00+00:00,5,1.0041533546325367,1.1674121405750326,0.2863984674329838,2025-11-03 13:30:00+00:00,2025-11-03 13:40:00+00:00,4005.23,3993.773,11.45699999999988,0.0,True,434272,434273,1,4005.21,0.3677248677248145,2.2204765645457205,1.7456576765296508,-1.2682203019988088,1.0,tp1,2025,2025-11,2025-11-03,0.0261848651479447,0.9738151348520552,<=0.03R,5,3,2,1.0,21,4,2,1.0,5,3,1.0,15,4,1.0,True,True,True,True,True,15,7,51,7,True,8,Monday,london_ny_overlap,bull,0.194,low,inside,inside,0.7624273196297994,0.5816831683168144,0.2111948433527788,-0.121897155789051,True,value_low_half,hvn,False,True,-1.3982717989002489,0.953125,True,True,0.461730709153385,True,True,True,True,False,True,True,True,False,True,True,True,False,False,False,True,True,True,True,True,True,True,False,False,True,False,True,True,False,False,False,True,False,False,False,False,True,False,True,True,True
21813,15min,m15_2c_1atr,demand,4007.78,4002.07,2025-11-03 15:00:00+00:00,2025-11-03 14:15:00+00:00,2025-11-03 14:30:00+00:00,2025-11-03 14:45:00+00:00,2,1.1820734116668343,0.8312363522928273,0.318739054290665,2025-11-03 16:30:00+00:00,2025-11-03 16:50:00+00:00,4020.39,4000.9372857142857,19.452714285714137,1.5,True,434310,434311,3,4020.49,0.6589975349219338,0.528460956605409,1.2831114277111648,-3.147632721103947,-1.0,stop,2025,2025-11,2025-11-03,0.0154220123522976,-1.0154220123522977,<=0.03R,7,4,2,1.0,21,4,2,1.0,6,3,1.0,8,3,1.0,True,True,True,True,True,19,7,37,7,False,11,Monday,london_ny_overlap,bull,0.042,low,above,above,0.9312793838150996,0.7516483516483626,1.0781445564826304,1.5022345741903442,True,value_low_half,hvn,False,True,-0.5821809662992262,0.828125,False,False,,True,True,False,True,False,True,True,True,True,False,False,True,True,True,False,True,True,True,True,True,True,True,True,False,False,False,True,True,False,False,False,False,True,False,False,False,True,False,True,True,True
21837,15min,m15_2c_1atr,supply,3986.11,3979.95,2025-11-05 11:30:00+00:00,2025-11-05 10:30:00+00:00,2025-11-05 10:45:00+00:00,2025-11-05 11:15:00+00:00,3,2.304800404244546,0.8715512885295977,0.2970779220778953,2025-11-05 16:10:00+00:00,2025-11-05 16:45:00+00:00,3976.46,3987.146,10.68600000000015,4.666666666666667,True,434861,434862,6,3976.49,0.7030456852792717,1.0237694179299928,1.2146734044544112,-0.3874227961819029,1.0,tp1,2025,2025-11,2025-11-05,0.0280741156653561,0.971925884334644,<=0.03R,1,1,1,1.0,10,4,2,1.0,2,1,1.0,8,4,1.0,True,True,True,True,True,5,5,26,7,True,11,Wednesday,london_ny_overlap,bear,0.232,low,above,above,1.0464093795798863,0.4479283314669735,-0.2510953315267158,0.1920293568217613,True,value_high_half,mid_volume,False,True,1.5702788695488967,0.2589285714285714,True,False,0.1897445059853546,True,True,True,False,True,True,True,True,False,False,False,False,True,True,True,True,True,True,True,True,True,True,False,True,False,False,False,False,True,False,False,False,True,False,True,True,True,False,True,True,True
21844,15min,m15_2c_1atr,demand,3982.17,3976.08,2025-11-05 19:00:00+00:00,2025-11-05 18:00:00+00:00,2025-11-05 18:15:00+00:00,2025-11-05 18:45:00+00:00,3,1.2498900518955107,0.7499340311373177,0.2889983579639041,2025-11-05 19:15:00+00:00,2025-11-05 19:45:00+00:00,3983.29,3975.409142857143,7.880857142857167,0.25,True,434897,434898,5,3983.24,0.4392523364485478,0.8856904615161508,1.8589348511764552,0.7296160678678875,-1.0,stop,2025,2025-11,2025-11-05,0.0380669252800636,-1.0380669252800636,0.03-0.05R,2,1,1,0.2775041050903143,21,4,2,1.0,7,3,1.0,19,4,1.0,True,True,True,True,True,16,6,59,7,False,14,Wednesday,ny_main,bear,0.294,low,above,above,0.9998132935026226,0.6413612565445466,0.0006802199354758,0.426709805364419,True,above_value,hvn,False,False,5.250063444875451,0.7563025210084033,True,False,0.3292243504646334,True,True,False,True,False,False,True,False,False,False,False,False,False,False,False,True,True,True,True,True,True,False,True,False,False,False,True,False,False,False,True,False,True,False,False,False,True,False,True,True,True
21947,15min,m15_2c_1atr,supply,4092.28,4076.11,2025-11-17 15:45:00+00:00,2025-11-17 15:00:00+00:00,2025-11-17 15:15:00+00:00,2025-11-17 15:30:00+00:00,2,1.388164493480457,1.6218655967903792,0.3481756338899248,2025-11-17 16:35:00+00:00,2025-11-17 17:05:00+00:00,4071.23,4093.686142857143,22.456142857142822,0.8333333333333334,True,437073,437074,5,4071.1,0.6307506053268642,3.257905886394431,0.4800468214233555,1.1110545634983682,1.0,tp1,2025,2025-11,2025-11-17,0.0133593735089985,0.9866406264910016,<=0.03R,11,4,2,1.0,11,4,2,1.0,1,1,0.5967841682127426,8,4,0.5967841682127426,True,True,True,True,True,13,5,27,7,True,12,Monday,ny_main,bear,0.848,high,below,below,0.527897851965155,0.4645280690931356,-0.3317330155601247,-0.5339903431367,True,value_low_half,hvn,True,True,-0.1805741985966226,0.8571428571428571,True,True,0.2653807781842359,True,True,True,False,True,True,True,True,True,False,False,False,True,True,False,True,True,True,True,True,True,True,True,False,False,False,True,True,False,False,False,True,False,False,False,False,True,False,True,True,True
21992,15min,m15_2c_1atr,demand,4083.45,4072.27,2025-11-20 17:00:00+00:00,2025-11-20 16:00:00+00:00,2025-11-20 16:15:00+00:00,2025-11-20 16:45:00+00:00,3,1.0731348768834958,0.8217567070929713,0.1511627906976815,2025-11-20 17:05:00+00:00,2025-11-20 17:15:00+00:00,4092.49,4070.391,22.098999999999705,0.0833333333333333,True,437903,437904,1,4092.69,0.5928143712574646,0.2887008461921442,1.0009502692429606,-1.05525136884022,-1.0,stop,2025,2025-11,2025-11-20,0.0135752748993168,-1.013575274899317,<=0.03R,6,3,2,0.836314847942759,19,4,2,0.836314847942759,6,2,1.0,21,4,1.0,True,True,True,True,True,18,7,61,7,False,12,Thursday,ny_main,bear,0.926,high,above,above,1.3874004344678017,0.719354838709678,0.5306455457595705,1.1042998359581149,True,value_high_half,hvn,True,True,0.1407303497895703,0.8913043478260869,True,True,0.3731973267674998,True,True,True,True,False,True,True,True,True,True,True,True,True,False,False,True,True,True,True,True,True,False,True,False,False,False,True,False,True,False,False,True,True,False,False,False,True,False,True,True,True
21994,15min,m15_2c_1atr,supply,4082.69,4068.78,2025-11-20 19:00:00+00:00,2025-11-20 18:00:00+00:00,2025-11-20 18:15:00+00:00,2025-11-20 18:45:00+00:00,3,1.5113975924187069,0.8312985571587047,0.3026599568655701,2025-11-20 20:00:00+00:00,2025-11-20 20:20:00+00:00,4061.36,4084.1588571428574,22.798857142857287,1.0,True,437940,437941,3,4061.68,0.7739837398374224,0.2201864755125548,1.0632111885307372,-1.220675221815619,-1.0,stop,2025,2025-11,2025-11-20,0.0131585543134993,-1.013158554313499,<=0.03R,8,3,2,1.0,32,4,2,1.0,9,3,0.9043853342918806,15,4,1.0,True,True,True,True,True,26,7,62,7,False,15,Thursday,ny_main,bear,0.91,high,inside,inside,1.363770400122044,0.3752327746740994,-0.1415595364822631,-0.4987226536049547,True,value_low_half,hvn,True,True,-0.0225888515715016,0.9928057553956836,True,True,0.2653807781842359,True,True,True,False,True,True,True,True,True,False,False,True,True,True,True,True,True,True,True,True,True,True,False,False,True,False,True,True,False,False,False,True,True,False,True,False,True,False,True,True,True
22016,15min,m15_2c_1atr,supply,4077.26,4070.94,2025-11-24 13:00:00+00:00,2025-11-24 12:00:00+00:00,2025-11-24 12:15:00+00:00,2025-11-24 12:45:00+00:00,3,1.265920570466481,0.8762998910567661,0.1819620253164653,2025-11-24 13:30:00+00:00,2025-11-24 14:10:00+00:00,4068.69,4077.8377142857144,9.1477142857143,0.5,True,438418,438419,7,4069.15,0.7514677103718076,0.3137395758503171,1.2975919043008262,-7.625948714745253,-1.0,stop,2025,2025-11,2025-11-24,0.0327950776150169,-1.032795077615017,0.03-0.05R,0,0,0,0.0,32,4,2,1.0,4,2,1.0,14,4,1.0,False,True,False,True,True,8,4,60,7,False,9,Monday,london_ny_overlap,bear,0.028,low,inside,inside,1.3634782608695062,0.3595238095238229,-0.028148392098787,0.4410841602594397,True,value_high_half,lvn,False,True,0.4208701627260908,0.1388888888888889,True,True,0.2653807781842359,False,True,True,False,True,False,True,False,False,False,False,False,True,True,True,True,True,False,True,True,True,True,False,False,True,True,False,False,True,False,False,True,True,False,False,False,True,False,True,True,True
22018,15min,m15_2c_1atr,demand,4074.22,4065.82,2025-11-24 14:45:00+00:00,2025-11-24 14:00:00+00:00,2025-11-24 14:15:00+00:00,2025-11-24 14:30:00+00:00,2,1.7325249643367064,1.3980028530669808,0.1452380952380777,2025-11-24 15:50:00+00:00,2025-11-24 16:05:00+00:00,4079.28,4064.892428571429,14.387571428571391,1.0833333333333333,True,438441,438442,2,4079.3,0.3857142857143429,5.32403959766863,0.7520379692790538,3.570442743240664,1.0,tp1,2025,2025-11,2025-11-24,0.0208513300169789,0.979148669983021,<=0.03R,7,3,2,1.0,34,4,2,1.0,1,1,1.0,14,3,1.0,True,True,True,True,True,9,5,62,7,True,11,Monday,london_ny_overlap,bull,0.054,low,above,above,1.2816041848299518,0.5467224546722501,0.3994688498973202,1.0857427208421,True,value_high_half,hvn,True,True,0.0187661970152798,0.9888888888888888,True,True,0.5198733731973285,True,True,False,True,False,True,True,True,False,False,True,True,False,False,False,True,True,True,True,True,True,True,True,False,False,False,True,False,True,False,False,True,False,False,True,False,True,False,True,True,True
22045,15min,m15_2c_1atr,supply,4173.05,4166.34,2025-11-26 14:30:00+00:00,2025-11-26 13:45:00+00:00,2025-11-26 14:00:00+00:00,2025-11-26 14:15:00+00:00,2,1.6884596334818984,1.163199603764256,0.0700447093888737,2025-11-26 15:25:00+00:00,2025-11-26 15:35:00+00:00,4159.87,4174.063428571429,14.19342857142874,0.9166666666666666,True,438987,438988,1,4159.81,0.7938829787233671,1.6000362340720893,0.827847897417306,0.1902288785554532,1.0,tp1,2025,2025-11,2025-11-26,0.0211365420617184,0.9788634579382816,<=0.03R,7,4,2,1.0,7,4,2,1.0,0,0,0.0,4,4,1.0,True,True,True,False,True,7,3,15,7,True,10,Wednesday,london_ny_overlap,bull,0.362,mid,below,below,1.8348936170212489,0.0463999999999941,-0.8716373542821163,-0.972197639866222,True,above_value,lvn,False,True,0.5245385188316257,0.1666666666666666,False,False,,True,True,True,False,True,True,True,True,False,True,True,True,True,True,True,False,True,True,True,True,True,False,True,False,False,True,False,False,False,False,True,False,False,False,True,False,True,False,True,True,True
22072,15min,m15_2c_1atr,demand,4169.5,4162.12,2025-11-28 13:30:00+00:00,2025-11-28 12:45:00+00:00,2025-11-28 13:00:00+00:00,2025-11-28 13:15:00+00:00,2,1.2222853894258092,0.8391131324616377,0.2682926829268894,2025-11-28 14:00:00+00:00,2025-11-28 14:15:00+00:00,4175.84,4161.393428571429,14.446571428571588,0.5,True,439485,439486,2,4175.84,0.8448275862069334,6.144710559104383,0.5150010877519431,3.5593220338982707,1.0,tp1,2025,2025-11,2025-11-28,0.020766172893222,0.979233827106778,<=0.03R,4,2,1,0.2181571815717681,10,3,2,0.8983739837398389,0,0,0.0,1,1,1.0,True,True,True,False,True,4,3,12,5,True,9,Friday,london_ny_overlap,bull,0.554,mid,inside,inside,1.3068860809089768,0.4560143626571089,0.2309738217683722,0.2116535127775817,True,value_high_half,lvn,False,True,0.5925281332199016,0.0459770114942528,False,False,,True,True,True,True,False,True,True,True,False,False,True,True,True,True,True,False,True,True,True,True,True,True,False,False,True,True,False,False,True,False,False,False,True,False,False,False,True,False,True,True,True
22092,15min,m15_2c_1atr,supply,4240.11,4227.03,2025-12-01 19:00:00+00:00,2025-12-01 18:15:00+00:00,2025-12-01 18:30:00+00:00,2025-12-01 18:45:00+00:00,2,1.0072048382855874,0.963029187483562,0.1957186544342129,2025-12-01 19:00:00+00:00,2025-12-01 19:05:00+00:00,4226.29,4241.461428571428,15.171428571427896,0.0,True,439792,439793,0,4226.28,0.0044843049326293,0.1937853107344455,1.0348399246704671,2.1659133709981915,-1.0,stop,2025,2025-12,2025-12-01,0.0197740112994359,-1.019774011299436,<=0.03R,3,2,1,1.0,3,2,1,1.0,0,0,0.0,2,2,0.7652905198776273,True,True,True,False,True,3,3,7,7,False,14,Monday,ny_main,bull,1.0,high,below,below,0.653275199833892,0.6497064579256207,-0.2707346197456109,-0.6329700986376167,True,value_low_half,mid_volume,False,True,-0.5391713747646383,0.5,False,False,,True,True,True,False,True,True,True,True,True,True,True,True,False,False,False,False,True,True,True,True,True,False,True,False,False,False,False,True,False,False,False,False,True,False,False,False,True,False,True,True,True
22110,15min,m15_2c_1atr,demand,4210.59,4205.94,2025-12-03 14:45:00+00:00,2025-12-03 14:00:00+00:00,2025-12-03 14:15:00+00:00,2025-12-03 14:30:00+00:00,2,1.3117010816125745,0.9144542772862247,0.2000000000000391,2025-12-03 16:50:00+00:00,2025-12-03 17:20:00+00:00,4221.93,4204.168571428571,17.76142857142895,2.0833333333333335,True,440323,440324,5,4222.41,0.5735849056603264,0.4256414381082225,1.467787340143171,-0.1998713102228001,-1.0,stop,2025,2025-12,2025-12-03,0.0168905332582639,-1.0168905332582638,<=0.03R,5,4,2,1.0,13,4,2,1.0,1,1,1.0,2,1,1.0,True,True,True,True,True,7,5,17,7,False,12,Wednesday,ny_main,bull,0.954,high,above,above,0.4775095463077241,0.6503144654088291,0.1155026633764236,0.4712329097510445,True,value_high_half,hvn,True,True,0.0008445266628804,1.0,False,False,,True,True,True,True,False,True,True,True,True,False,False,False,True,False,False,True,True,True,True,True,True,True,True,False,False,False,True,False,True,False,False,False,True,False,False,False,True,False,True,True,True
22123,15min,m15_2c_1atr,supply,4201.85,4193.37,2025-12-04 14:45:00+00:00,2025-12-04 14:00:00+00:00,2025-12-04 14:15:00+00:00,2025-12-04 14:30:00+00:00,2,1.456084923543651,1.500315935801961,0.2806603773583805,2025-12-04 15:25:00+00:00,2025-12-04 15:35:00+00:00,4190.95,4202.762857142858,11.812857142857863,0.6666666666666666,True,440578,440579,1,4190.92,0.5540372670807373,0.2158664892973779,1.3036642883056866,-3.541903494981051,-1.0,stop,2025,2025-12,2025-12-04,0.0253960575643955,-1.0253960575643957,<=0.03R,5,3,2,1.0,6,3,2,1.0,0,0,0.0,5,3,1.0,True,True,True,False,True,5,3,16,7,False,10,Thursday,london_ny_overlap,bear,0.542,mid,below,below,1.3492081320903129,0.5034403669724999,-0.3068071054362666,-0.4813131332099887,True,value_high_half,mid_volume,True,True,0.0304752690773239,0.7322834645669292,False,False,,False,True,True,False,True,True,True,True,False,True,True,True,True,False,False,False,True,True,True,True,True,True,True,False,False,False,False,False,True,False,False,False,False,False,False,False,True,False,True,True,True
22137,15min,m15_2c_1atr,demand,4229.55,4224.14,2025-12-05 15:00:00+00:00,2025-12-05 14:15:00+00:00,2025-12-05 14:30:00+00:00,2025-12-05 14:45:00+00:00,2,1.0937500000001086,1.4258283132529277,0.1996303142328939,2025-12-05 15:00:00+00:00,2025-12-05 15:30:00+00:00,4233.03,4223.395714285714,9.634285714285395,0.0,True,440853,440854,5,4233.07,0.6649831649830773,2.7319098457890036,3.0951957295374384,-3.5996441281139333,1.0,tp1,2025,2025-12,2025-12-05,0.0311387900355882,0.9688612099644118,0.03-0.05R,4,3,2,0.373382624768869,16,4,2,1.0,0,0,0.0,1,1,1.0,True,True,True,False,True,4,3,18,5,True,10,Friday,london_ny_overlap,bull,0.224,low,above,above,1.294493882091301,0.3252240717029614,0.9415213217628354,1.547805015083181,True,above_value,mid_volume,False,False,1.8781880189799225,0.7444444444444445,False,False,,True,True,False,True,False,False,True,False,False,False,False,False,True,True,False,False,True,True,True,True,True,True,True,False,False,False,False,False,False,False,True,False,False,False,False,False,True,False,True,True,True
22138,15min,m15_2c_1atr,demand,4233.26,4221.64,2025-12-05 15:45:00+00:00,2025-12-05 15:00:00+00:00,2025-12-05 15:15:00+00:00,2025-12-05 15:30:00+00:00,2,1.0939933259176502,2.2619577308119614,0.0611015490533599,2025-12-05 15:45:00+00:00,2025-12-05 15:55:00+00:00,4236.93,4220.710285714286,16.219714285713962,0.0,True,440858,440859,1,4236.91,0.9900662251654966,1.3822684916063666,2.0789515404534735,-3.4729341718191913,1.0,tp1,2025,2025-12,2025-12-05,0.018496010146383,0.981503989853617,<=0.03R,6,3,2,0.465576592082608,18,4,2,1.0,0,0,0.0,1,1,0.9802065404475416,True,True,True,False,True,6,3,20,5,True,10,Friday,london_ny_overlap,bull,0.278,low,above,above,1.239020495075955,0.6100131752305692,0.8269888714818652,1.4870429781936128,True,above_value,hvn,False,False,1.1529179657912567,0.8666666666666667,False,False,,True,True,False,True,False,True,True,True,True,True,True,True,True,True,True,False,True,True,True,True,True,True,True,False,False,False,True,False,False,False,True,False,False,True,False,False,True,False,True,True,True
22151,15min,m15_2c_1atr,supply,4215.5,4211.06,2025-12-08 15:30:00+00:00,2025-12-08 14:45:00+00:00,2025-12-08 15:00:00+00:00,2025-12-08 15:15:00+00:00,2,2.039520305260434,0.8470973017170325,0.2860360360361601,2025-12-08 16:20:00+00:00,2025-12-08 16:35:00+00:00,4206.91,4216.389857142857,9.479857142857329,0.8333333333333334,True,441140,441141,2,4206.87,0.3141993957703438,3.8798053014661646,0.6255368525746505,0.1350231317530108,1.0,tp1,2025,2025-12,2025-12-08,0.0316460465046182,0.9683539534953818,0.03-0.05R,6,3,2,1.0,21,4,2,1.0,1,1,1.0,5,4,1.0,True,True,True,True,True,8,5,31,7,True,11,Monday,london_ny_overlap,bear,0.626,mid,below,below,0.6696244995130716,0.0,-1.0914711734153857,-1.3810096175357345,True,value_high_half,mid_volume,False,True,0.4778553022198038,0.3777777777777777,True,True,0.1706369756602839,True,True,True,False,True,False,True,False,False,False,True,True,False,False,False,True,True,True,True,True,True,True,True,False,False,False,False,False,True,False,False,True,True,False,True,True,True,False,True,True,True
22179,15min,m15_2c_1atr,demand,4200.34,4193.64,2025-12-10 15:45:00+00:00,2025-12-10 15:00:00+00:00,2025-12-10 15:15:00+00:00,2025-12-10 15:30:00+00:00,2,1.4940983606558105,1.5377049180327682,0.0313432835820958,2025-12-10 15:55:00+00:00,2025-12-10 16:00:00+00:00,4200.81,4192.888428571429,7.921571428571042,0.1666666666666666,True,441685,441686,0,4200.8,0.50391644908601,0.78646011794195,1.1664352311050836,4.159528232133054,-1.0,stop,2025,2025-12,2025-12-10,0.0378712737371752,-1.0378712737371751,0.03-0.05R,5,4,2,1.0,24,4,2,1.0,1,1,1.0,9,4,1.0,True,True,True,True,True,7,5,42,7,False,11,Wednesday,london_ny_overlap,bear,0.284,low,above,above,1.109198150804899,0.7670886075949076,1.0875548227101008,1.3067950117367733,True,below_value,mid_volume,False,False,-1.1058411931255436,0.4285714285714285,True,True,0.2336363636363578,True,True,False,True,False,False,True,False,False,True,True,True,True,False,False,True,True,True,True,True,True,False,True,False,False,False,False,False,False,True,False,True,False,False,False,False,True,False,True,True,True
22191,15min,m15_2c_1atr,supply,4226.03,4218.65,2025-12-11 12:45:00+00:00,2025-12-11 12:00:00+00:00,2025-12-11 12:15:00+00:00,2025-12-11 12:30:00+00:00,2,1.0515695067264383,1.4478699551570342,0.2750677506774682,2025-12-11 12:55:00+00:00,2025-12-11 13:15:00+00:00,4215.26,4226.560714285714,11.300714285714092,0.1666666666666666,True,441928,441929,3,4215.31,0.7311827956988775,0.8902092155995702,1.276910435497091,-10.489602427153958,-1.0,stop,2025,2025-12,2025-12-11,0.0265469945009801,-1.0265469945009802,<=0.03R,2,1,1,0.1720867208672652,10,3,2,0.2615176151761873,0,0,0.0,5,4,0.1598915989160262,True,True,True,False,True,2,2,20,7,False,8,Thursday,london_ny_overlap,bull,0.388,mid,inside,above,1.9237104464673924,0.2114537444932438,-0.2721649599154519,-0.2896167551009621,True,value_high_half,lvn,False,True,0.6273939700398441,0.1951219512195122,True,True,0.250388399792856,True,True,True,False,True,True,True,True,False,False,False,True,True,True,True,False,True,True,True,False,True,False,False,False,True,True,False,False,True,False,False,True,False,False,False,False,True,False,True,True,True
22219,15min,m15_2c_1atr,supply,4335.17,4320.81,2025-12-15 17:30:00+00:00,2025-12-15 16:30:00+00:00,2025-12-15 16:45:00+00:00,2025-12-15 17:15:00+00:00,3,1.4674583238181538,1.5303341706629578,0.2075208913649401,2025-12-15 17:30:00+00:00,2025-12-15 17:40:00+00:00,4319.32,4337.019285714286,17.699285714285907,0.0,True,442533,442534,1,4319.33,0.4672897196261629,2.697848985027615,0.8926913919044358,1.379716695588996,1.0,tp1,2025,2025-12,2025-12-15,0.0169498365551473,0.9830501634448526,<=0.03R,2,2,1,0.0299442896936142,7,4,2,0.3398328690807953,2,2,0.2869080779944279,2,2,0.2869080779944279,True,True,True,True,True,6,6,11,7,True,12,Monday,ny_main,bull,0.904,high,below,below,0.3849725019640852,0.8747855917667191,-0.1971719469699948,-0.8455695403541214,True,value_high_half,hvn,True,True,0.0418095968360177,0.839622641509434,False,False,,True,True,True,False,True,True,True,True,True,True,True,True,True,False,False,True,True,True,True,True,True,False,True,False,False,False,True,False,True,False,False,False,False,False,False,False,True,False,True,True,True
22246,15min,m15_2c_1atr,supply,4344.77,4332.89,2025-12-17 18:00:00+00:00,2025-12-17 17:15:00+00:00,2025-12-17 17:30:00+00:00,2025-12-17 17:45:00+00:00,2,1.2045045045044973,1.0702702702702824,0.0631313131313125,2025-12-17 18:00:00+00:00,2025-12-17 18:05:00+00:00,4332.06,4346.522285714286,14.462285714285828,0.0,True,443090,443091,0,4332.01,0.2056074766355151,1.5993322533486063,1.0219684697143054,0.14866253111545,1.0,tp1,2025,2025-12,2025-12-17,0.0207436089928482,0.9792563910071518,<=0.03R,4,4,2,0.808922558922524,16,4,2,1.0,5,4,0.808922558922524,7,4,1.0,True,True,True,True,True,14,7,30,7,True,13,Wednesday,ny_main,bull,0.92,high,above,above,0.716168717047421,0.2960000000000036,-0.4695311560664373,-0.207775985020726,True,above_value,mid_volume,False,False,1.5267296218736248,0.504424778761062,True,False,0.1517467248908392,True,True,True,False,True,True,True,True,False,True,True,True,False,False,False,True,True,True,True,True,True,False,False,True,False,False,False,False,False,False,True,False,False,False,False,False,True,False,True,True,True
22247,15min,m15_2c_1atr,demand,4335.49,4328.56,2025-12-17 20:15:00+00:00,2025-12-17 19:00:00+00:00,2025-12-17 19:15:00+00:00,2025-12-17 20:00:00+00:00,4,1.080201990197497,0.7204812119411362,0.1197691197691199,2025-12-17 20:40:00+00:00,2025-12-17 21:05:00+00:00,4336.61,4327.731000000001,8.878999999998996,0.4166666666666667,True,443126,443127,4,4336.56,0.1088825214900094,1.0778240792883995,1.0631827908549012,-0.3716634756165836,1.0,tp1,2025,2025-12,2025-12-17,0.0337875886924241,0.9662124113075758,0.03-0.05R,4,3,2,1.0,6,3,2,1.0,0,0,0.0,1,1,1.0,True,True,True,False,True,4,3,8,5,True,16,Wednesday,ny_main,bull,0.764,high,above,above,0.9926054806437312,0.800403225806497,0.006803315015574,0.2828566584196496,True,value_high_half,hvn,False,True,1.7203513909225547,0.9791666666666666,False,False,,True,True,True,True,False,False,True,False,False,False,False,False,False,False,False,False,True,True,True,True,True,True,True,False,False,False,True,False,True,False,False,False,True,False,False,False,True,False,True,True,True
22297,15min,m15_2c_1atr,demand,4486.16,4483.5,2025-12-23 15:15:00+00:00,2025-12-23 14:15:00+00:00,2025-12-23 14:30:00+00:00,2025-12-23 15:00:00+00:00,3,1.953834472285622,0.5655277145026314,0.233082706766889,2025-12-23 15:30:00+00:00,2025-12-23 15:35:00+00:00,4491.88,4482.633285714286,9.246714285714006,0.25,True,444164,444165,0,4491.83,0.3491864831038848,0.0562361920063775,1.9953033509973064,-2.058028334389084,-1.0,stop,2025,2025-12,2025-12-23,0.0324439569267857,-1.0324439569267858,0.03-0.05R,6,4,2,1.0,6,4,2,1.0,2,1,1.0,2,1,1.0,True,True,True,True,True,10,7,10,7,False,10,Tuesday,london_ny_overlap,bull,0.376,mid,inside,inside,1.923750505186559,0.6236024844720899,0.1720112272704724,0.5317536962472701,True,value_high_half,hvn,True,True,0.0627249833917779,0.9881656804733728,False,False,,True,True,True,True,False,False,True,False,False,True,True,True,False,False,False,True,True,True,True,True,True,True,False,False,True,False,True,False,True,False,False,False,True,False,True,False,True,False,True,True,True
22396,15min,m15_2c_1atr,demand,4482.01,4463.16,2026-01-06 18:45:00+00:00,2026-01-06 17:30:00+00:00,2026-01-06 17:45:00+00:00,2026-01-06 18:30:00+00:00,4,1.1643472498343472,1.7488402915838683,0.2944297082227674,2026-01-06 19:40:00+00:00,2026-01-06 19:55:00+00:00,4490.26,4462.419285714285,27.840714285714967,0.9166666666666666,True,446379,446380,2,4490.28,0.758147512864516,0.3717577032608687,1.0419991276906715,-1.3688585576108865,-1.0,stop,2026,2026-01,2026-01-06,0.0107755856017648,-1.0107755856017648,<=0.03R,8,3,2,0.5862068965517224,8,3,2,0.5862068965517224,4,4,0.2848806366047632,13,4,0.8891246684350077,True,True,True,True,True,16,7,34,7,False,14,Tuesday,ny_main,bull,0.548,mid,above,above,0.4372037023102377,0.7598522167487025,0.4303318688570562,1.0962262959801117,True,above_value,lvn,False,True,0.4789747799984502,0.1794871794871795,True,True,0.1510312707917512,True,True,False,True,False,True,True,True,True,False,True,True,True,True,True,True,True,True,True,True,True,True,True,False,False,True,False,False,False,False,True,True,False,False,False,False,True,False,True,True,True
22419,15min,m15_2c_1atr,supply,4433.94,4430.02,2026-01-08 13:30:00+00:00,2026-01-08 12:45:00+00:00,2026-01-08 13:00:00+00:00,2026-01-08 13:15:00+00:00,2,1.0160052620039066,0.6016224512166963,0.2066326530613706,2026-01-08 14:40:00+00:00,2026-01-08 15:05:00+00:00,4423.85,4435.075714285714,11.225714285713366,1.1666666666666667,True,446873,446874,4,4423.83,0.603715170278578,0.5719012471367293,1.0983710867906156,-5.629931280224421,-1.0,stop,2026,2026-01,2026-01-08,0.0267243573428375,-1.0267243573428375,<=0.03R,4,3,2,1.0,4,3,2,1.0,1,1,0.7831632653062154,1,1,0.7831632653062154,True,True,True,True,True,6,5,6,5,False,10,Thursday,london_ny_overlap,bear,0.406,mid,inside,inside,2.0645595158036776,0.2626913779209788,-0.4821871669965432,-0.8183937079612867,True,value_low_half,hvn,False,True,-2.3401628913211776,0.9655172413793104,False,False,,True,True,True,False,True,True,True,True,False,False,False,False,True,True,False,True,True,True,True,True,True,True,False,False,True,False,True,True,False,False,False,False,True,False,False,False,True,False,True,True,True
22436,15min,m15_2c_1atr,demand,4468.81,4461.21,2026-01-09 15:30:00+00:00,2026-01-09 14:30:00+00:00,2026-01-09 14:45:00+00:00,2026-01-09 15:15:00+00:00,3,1.1147880041364084,1.222566930943415,0.224999999999994,2026-01-09 15:30:00+00:00,2026-01-09 15:35:00+00:00,4487.19,4459.752428571429,27.437571428570664,0.0,True,447155,447156,0,4487.09,0.4758667573079526,4.852470283188476,0.2992247335509799,4.505500799217079,1.0,tp1,2026,2026-01,2026-01-09,0.0109339123100235,0.9890660876899764,<=0.03R,6,3,2,0.7421052631579023,17,3,2,1.0,7,4,0.9631578947367576,10,4,1.0,True,True,True,True,True,20,7,37,7,True,10,Friday,london_ny_overlap,bull,0.676,high,above,above,1.6143575515866335,0.8450962419798461,1.590955233531464,1.8079998727428088,True,value_low_half,mid_volume,False,True,-0.3367644991487182,0.7443609022556391,True,True,0.5249064209616986,True,True,True,True,False,True,True,True,True,True,True,True,True,False,False,True,True,True,True,True,True,True,True,False,False,False,False,True,False,False,False,True,False,False,False,False,True,False,True,True,True
22456,15min,m15_2c_1atr,demand,4608.19,4597.52,2026-01-12 17:30:00+00:00,2026-01-12 16:45:00+00:00,2026-01-12 17:00:00+00:00,2026-01-12 17:15:00+00:00,2,1.4044943820224824,0.8563402889244979,0.1780693533271504,2026-01-12 18:40:00+00:00,2026-01-12 19:25:00+00:00,4616.35,4596.619142857143,19.73085714285753,1.1666666666666667,True,447477,447478,8,4616.41,0.1131059245960573,0.2148918300558797,1.2011642387558417,-1.2457644298994766,-1.0,stop,2026,2026-01,2026-01-12,0.015204610617162,-1.0152046106171622,<=0.03R,4,4,2,1.0,4,4,2,1.0,0,0,0.0,0,0,0.0,True,True,True,False,False,4,3,4,3,False,14,Monday,ny_main,bull,0.948,high,above,above,0.65371506475803,0.6677265500794662,0.0053628256171694,0.4925705300984206,True,value_high_half,mid_volume,False,True,1.297713516174762,0.7043478260869566,False,False,,True,True,True,True,False,True,True,True,True,False,False,False,False,False,False,False,False,True,True,True,True,True,True,False,False,False,False,False,True,False,False,False,True,False,False,False,True,False,True,True,True
22599,15min,m15_2c_1atr,supply,5082.28,5066.08,2026-01-26 16:00:00+00:00,2026-01-26 15:00:00+00:00,2026-01-26 15:15:00+00:00,2026-01-26 15:45:00+00:00,3,1.1633986928104167,1.6289592760180651,0.0765432098765306,2026-01-26 16:00:00+00:00,2026-01-26 16:05:00+00:00,5065.38,5084.037285714286,18.657285714285536,0.0,True,450166,450167,0,5065.4,0.2666105971404529,0.0873653341092401,1.0816149952910268,0.0680699228949482,-1.0,stop,2026,2026-01,2026-01-26,0.0160795093452578,-1.016079509345258,<=0.03R,3,3,2,0.9469135802469332,3,3,2,0.9469135802469332,0,0,0.0,0,0,0.0,True,True,True,False,False,3,3,3,3,False,11,Monday,london_ny_overlap,bull,0.544,mid,below,below,1.046909492273738,0.8752528658125783,-0.4512598001627125,-0.939991607133594,True,value_low_half,hvn,False,True,-0.8077273527767702,0.9900497512437813,False,False,,True,False,False,False,True,True,True,True,True,True,True,True,False,False,False,False,False,True,True,True,True,False,True,False,False,False,True,True,False,False,False,False,False,False,False,False,True,False,True,True,True
22600,15min,m15_2c_1atr,demand,5076.05,5067.03,2026-01-26 16:45:00+00:00,2026-01-26 15:45:00+00:00,2026-01-26 16:00:00+00:00,2026-01-26 16:30:00+00:00,3,1.076417805407348,0.7406017242390784,0.2937915742793246,2026-01-26 17:35:00+00:00,2026-01-26 17:50:00+00:00,5085.58,5065.2062857142855,20.373714285714417,0.8333333333333334,True,450187,450188,2,5085.55,0.8085339168490222,0.9605514107813788,1.338489370056624,0.2017305211196326,-1.0,stop,2026,2026-01,2026-01-26,0.0147248555561787,-1.0147248555561788,<=0.03R,5,3,2,1.0,5,3,2,1.0,0,0,0.0,0,0,0.0,True,True,True,False,False,5,3,5,3,False,12,Monday,ny_main,bull,0.88,high,inside,inside,0.7373433096880814,0.7823090178058589,0.3772042946077811,0.4790315908320574,True,value_low_half,hvn,False,True,-0.9674230100409448,0.8258706467661692,False,False,,True,True,True,True,False,True,True,True,True,False,True,True,True,True,True,False,False,True,True,True,True,True,False,False,True,False,True,True,False,False,False,False,True,False,False,False,True,False,True,True,True
22628,15min,m15_2c_1atr,demand,5268.94,5258.34,2026-01-28 15:00:00+00:00,2026-01-28 14:15:00+00:00,2026-01-28 14:30:00+00:00,2026-01-28 14:45:00+00:00,2,1.372743633091538,0.8092926869171249,0.0160377358490642,2026-01-28 15:10:00+00:00,2026-01-28 15:20:00+00:00,5275.9,5256.716571428572,19.183428571427612,0.1666666666666666,True,450709,450710,1,5276.09,0.0984974958264051,0.5046021864109308,1.4163265914033691,13.043549492121842,-1.0,stop,2026,2026-01,2026-01-28,0.0156384975127349,-1.015638497512735,<=0.03R,5,4,2,0.7056603773584857,5,4,2,0.7056603773584857,0,0,0.0,0,0,0.0,True,True,True,False,False,5,3,5,3,False,10,Wednesday,london_ny_overlap,bull,0.606,mid,above,above,1.2870291095890063,0.692307692307675,0.6780489534284607,0.8632172126039483,True,above_value,mid_volume,False,True,9.429492716928742,0.289272030651341,False,False,,False,False,True,True,False,True,True,True,True,True,True,True,False,False,False,False,False,True,True,True,True,True,True,False,False,False,False,False,False,False,True,False,True,False,False,False,True,False,True,True,True
22650,15min,m15_2c_1atr,supply,5144.87,5089.54,2026-01-30 15:00:00+00:00,2026-01-30 13:45:00+00:00,2026-01-30 14:00:00+00:00,2026-01-30 14:45:00+00:00,4,1.5512236103116004,1.2051278062137254,0.2716428700524085,2026-01-30 15:00:00+00:00,2026-01-30 15:10:00+00:00,5081.86,5149.969142857143,68.10914285714352,0.0,True,451259,451260,1,5081.62,0.604838709677425,9.96547558120989,0.4623461502965884,5.217067563826076,1.0,tp1,2026,2026-01,2026-01-30,0.0044046949853595,0.9955953050146404,<=0.03R,4,3,2,1.0,19,4,2,1.0,5,2,0.4935839508404035,5,2,0.4935839508404035,True,True,True,True,True,14,7,29,7,True,10,Friday,london_ny_overlap,bear,0.888,high,below,below,0.8403896778953394,0.4496848511193199,-0.5155301294105837,-0.7557597087016797,True,below_value,mid_volume,False,False,-2.937124027820865,0.4547759932375317,False,False,,True,True,True,False,True,True,True,True,True,True,True,True,True,True,False,True,True,True,True,True,True,True,True,False,False,False,False,False,False,True,False,False,False,False,True,False,True,False,True,True,True
22652,15min,m15_2c_1atr,supply,5113.35,5056.75,2026-01-30 17:15:00+00:00,2026-01-30 16:30:00+00:00,2026-01-30 16:45:00+00:00,2026-01-30 17:00:00+00:00,2,1.065143703534889,1.1285498618509182,0.1538869257950366,2026-01-30 17:15:00+00:00,2026-01-30 17:55:00+00:00,5041.82,5119.436285714286,77.61628571428628,0.0,True,451292,451293,7,5042.17,0.5799717912552778,8.228943115767247,0.2006022300180071,4.840478986368803,1.0,tp1,2026,2026-01,2026-01-30,0.0038651682084392,0.9961348317915608,<=0.03R,4,4,2,0.4206713780918771,29,4,2,0.4206713780918771,4,2,0.4236749116607669,4,2,0.4236749116607669,True,True,True,True,True,12,7,37,7,True,12,Friday,ny_main,bear,0.914,high,below,below,0.722179795680181,0.3275035260930813,-0.0314863522954955,-0.3416764659146785,True,below_value,mid_volume,False,False,-2.9916401933320085,0.7150101419878296,False,False,,True,True,True,False,True,True,True,True,True,False,False,False,True,False,False,True,True,True,True,True,True,True,True,False,False,False,False,False,False,True,False,False,False,False,False,False,True,False,True,True,True
22678,15min,m15_2c_1atr,demand,4910.09,4884.23,2026-02-03 14:15:00+00:00,2026-02-03 13:15:00+00:00,2026-02-03 13:30:00+00:00,2026-02-03 14:00:00+00:00,3,1.1576227390181053,1.2641944269851566,0.2088167053364433,2026-02-03 14:20:00+00:00,2026-02-03 14:35:00+00:00,4917.01,4881.718428571428,35.29157142857184,0.0833333333333333,True,451804,451805,2,4917.02,0.8051082731815561,2.182107423464102,1.0299909731583,3.6912496306280578,1.0,tp1,2026,2026-02,2026-02-03,0.0085006132585278,0.9914993867414722,<=0.03R,2,2,1,0.3808971384377472,4,4,2,0.3808971384377472,0,0,0.0,4,4,0.1546790409899423,True,True,True,False,True,2,2,12,7,True,9,Tuesday,london_ny_overlap,bear,0.356,mid,inside,inside,2.045209975973742,0.6422163588390293,0.0282903079356998,0.384986028580412,True,above_value,mid_volume,False,False,6.44374820373938,0.5131964809384164,True,True,0.3373074101247171,True,True,True,True,False,True,True,True,True,False,True,True,True,True,True,False,True,True,True,False,True,False,False,False,True,False,False,False,False,False,True,True,False,False,False,False,True,False,True,True,True
22681,15min,m15_2c_1atr,supply,4994.02,4964.94,2026-02-03 19:15:00+00:00,2026-02-03 18:30:00+00:00,2026-02-03 18:45:00+00:00,2026-02-03 19:00:00+00:00,2,1.2938298450666057,1.0060045961106263,0.2757909215955741,2026-02-03 19:15:00+00:00,2026-02-03 19:25:00+00:00,4953.72,4997.415714285715,43.69571428571453,0.0,True,451862,451863,1,4953.68,0.7085978072706173,1.6720175237846142,1.0101677183116822,0.6174518586327599,1.0,tp1,2026,2026-02,2026-02-03,0.006865661882499,0.993134338117501,<=0.03R,0,0,0,0.0,1,1,1,1.0,2,2,0.4542640990371271,6,4,0.4542640990371271,False,True,False,True,True,4,4,13,5,True,14,Tuesday,ny_main,bull,0.488,mid,above,above,1.482813611717653,0.3509893455098915,-0.0170560670953531,0.3908882350487207,True,value_high_half,mid_volume,False,True,1.3669532808055531,0.5332428765264586,False,False,,True,True,True,False,True,True,True,True,True,True,True,True,True,True,True,True,True,False,True,True,True,False,False,True,False,False,False,False,True,False,False,False,False,False,False,False,True,False,True,True,True
22734,15min,m15_2c_1atr,demand,5014.9,4995.16,2026-02-09 16:15:00+00:00,2026-02-09 15:30:00+00:00,2026-02-09 15:45:00+00:00,2026-02-09 16:00:00+00:00,2,1.2219249934434977,1.44956726986622,0.2755825734549427,2026-02-09 16:15:00+00:00,2026-02-09 16:20:00+00:00,5015.6,4993.270142857143,22.32985714285769,0.0,True,452929,452930,0,5015.55,0.0134453781512466,3.182734199566153,1.270944091511019,1.318414166810562,1.0,tp1,2026,2026-02,2026-02-09,0.0134349269715752,0.9865650730284248,<=0.03R,10,4,2,1.0,14,4,2,1.0,0,0,0.0,2,1,1.0,True,True,True,False,True,10,3,18,7,True,11,Monday,london_ny_overlap,bull,0.022,low,above,above,0.779626987900874,0.7919605077574219,0.6417435194490158,0.7139459650968388,True,below_value,mid_volume,False,True,-0.4576831788316733,0.7074829931972789,False,False,,True,True,True,True,False,True,True,True,True,True,True,True,False,False,False,False,True,True,True,True,True,True,True,False,False,False,False,False,False,True,False,False,False,False,False,False,True,False,True,True,True
22752,15min,m15_2c_1atr,supply,5043.81,5029.12,2026-02-10 17:45:00+00:00,2026-02-10 17:00:00+00:00,2026-02-10 17:15:00+00:00,2026-02-10 17:30:00+00:00,2,1.516316529270994,0.7812939254644511,0.3253914227365269,2026-02-10 17:55:00+00:00,2026-02-10 18:00:00+00:00,5019.64,5046.186428571429,26.546428571428805,0.1666666666666666,True,453225,453226,0,5019.69,0.5792778649921692,0.5560069958294127,1.317691376294873,-2.0258845688147176,-1.0,stop,2026,2026-02,2026-02-10,0.0113009551997846,-1.0113009551997847,<=0.03R,5,3,2,0.8162014976174455,19,4,2,1.0,1,1,1.0,7,4,1.0,True,True,True,True,True,7,5,33,7,False,13,Tuesday,ny_main,bull,0.38,mid,below,below,0.8462382267276725,0.8650497512438325,-0.5478412972917072,-0.9401449103274496,True,value_high_half,hvn,True,True,0.1587784205569797,0.9570552147239264,True,True,0.1076753966736789,True,True,True,False,True,True,True,True,True,True,True,True,True,False,False,True,True,True,True,True,True,False,True,False,False,False,True,False,True,False,False,True,True,False,True,False,True,False,True,True,True
22790,15min,m15_2c_1atr,demand,4976.31,4965.53,2026-02-13 16:00:00+00:00,2026-02-13 15:00:00+00:00,2026-02-13 15:30:00+00:00,2026-02-13 15:45:00+00:00,2,1.303625093914334,0.7086776859504501,0.2124304267161247,2026-02-13 16:40:00+00:00,2026-02-13 16:50:00+00:00,4998.24,4962.859142857143,35.38085714285717,0.6666666666666666,True,454039,454040,1,4998.15,0.3827014218009475,1.356948470924557,0.9491008051165656,-0.474267763843233,1.0,tp1,2026,2026-02,2026-02-13,0.0084791614513094,0.9915208385486906,<=0.03R,9,4,2,1.0,12,4,2,1.0,2,1,1.0,9,4,1.0,True,True,True,True,True,13,7,30,7,True,11,Friday,london_ny_overlap,bear,0.688,high,above,above,1.2136259143155428,0.3531390134529221,0.451179296172798,1.0351813546802866,True,value_low_half,hvn,False,True,-0.2354380496313561,0.9543010752688172,True,True,0.1838967424707956,True,True,True,True,False,True,True,True,True,True,True,True,False,False,False,True,True,True,True,True,True,False,True,False,False,False,True,True,False,False,False,True,True,False,False,False,True,False,True,True,True
22840,15min,m15_2c_1atr,supply,4996.43,4989.36,2026-02-19 13:45:00+00:00,2026-02-19 13:00:00+00:00,2026-02-19 13:15:00+00:00,2026-02-19 13:30:00+00:00,2,1.0955109144970638,0.7178185510189939,0.0084865629419357,2026-02-19 14:05:00+00:00,2026-02-19 14:10:00+00:00,4983.11,4997.593714285715,14.483714285714996,0.3333333333333333,True,455081,455082,0,4983.12,0.4410994764398099,0.6441717791410677,1.0667153255873572,-2.9488292269148166,-1.0,stop,2026,2026-02,2026-02-19,0.0207129189434428,-1.020712918943443,<=0.03R,3,3,2,0.4441301272984516,16,4,2,1.0,5,4,1.0,13,4,1.0,True,True,True,True,True,13,7,42,7,False,9,Thursday,london_ny_overlap,bull,0.423,mid,inside,inside,1.1901143384703088,0.8028169014084391,-0.1014504191165563,-0.6042930904854584,True,value_low_half,hvn,False,True,-0.3697256031404248,0.9174757281553398,True,True,0.1290228629678121,True,True,False,False,True,True,True,True,False,True,True,True,False,False,False,True,True,True,True,True,True,False,False,False,True,False,True,True,False,False,False,True,True,False,False,False,True,False,True,True,True
22847,15min,m15_2c_1atr,demand,4983.11,4975.34,2026-02-19 21:30:00+00:00,2026-02-19 20:30:00+00:00,2026-02-19 20:45:00+00:00,2026-02-19 21:15:00+00:00,3,1.2633321835115503,0.7504656778198932,0.1583011583012288,2026-02-19 21:35:00+00:00,2026-02-19 21:50:00+00:00,4986.39,4974.473285714286,11.91671428571408,0.0833333333333333,True,455173,455174,2,4986.5,0.3732394366197333,8.577028663222277,0.3826558135632228,8.497308702063219,1.0,tp1,2026,2026-02,2026-02-19,0.0251747245765256,0.9748252754234744,<=0.03R,7,3,2,1.0,20,4,2,1.0,9,4,1.0,17,4,1.0,True,True,True,True,True,25,7,54,7,True,16,Thursday,ny_main,bull,0.38,mid,inside,inside,1.2409656398104616,0.9378787878788049,0.185522067631942,-0.1387005873678931,True,value_low_half,hvn,False,True,-0.505592385245192,0.918032786885246,True,True,0.166072526121689,True,True,True,True,False,True,True,True,False,False,True,True,False,False,False,True,True,True,True,True,True,True,False,False,True,False,True,True,False,False,False,True,True,False,False,False,True,False,True,True,True
22853,15min,m15_2c_1atr,demand,4995.88,4986.16,2026-02-20 06:45:00+00:00,2026-02-20 05:45:00+00:00,2026-02-20 06:00:00+00:00,2026-02-20 06:30:00+00:00,3,1.345163868904819,1.0877697841726872,0.0452674897119853,2026-02-20 17:05:00+00:00,2026-02-20 17:40:00+00:00,5036.44,4982.481714285714,53.95828571428592,10.333333333333334,True,455399,455400,6,5036.47,0.514573396926343,3.38706090419053,0.1623476336217261,3.2213773602888995,1.0,tp1,2026,2026-02,2026-02-20,0.0055598504664979,0.994440149533502,<=0.03R,8,4,2,1.0,18,4,2,1.0,7,4,1.0,17,4,1.0,True,True,True,True,True,22,7,52,7,True,12,Friday,ny_main,bull,0.952,high,above,above,0.6463517341704496,0.95601772928742,0.3994096447731696,0.620471120938727,True,value_low_half,hvn,False,True,-0.1154595613542651,0.8035714285714286,True,True,0.30107973421927,True,True,True,True,False,True,True,True,True,False,False,False,True,False,False,True,True,True,True,True,True,True,True,False,False,False,True,True,False,False,False,True,False,False,False,False,True,False,True,True,True
22854,15min,m15_2c_1atr,demand,5004.82,4998.13,2026-02-20 08:15:00+00:00,2026-02-20 07:30:00+00:00,2026-02-20 07:45:00+00:00,2026-02-20 08:00:00+00:00,2,2.1918872526876307,0.846146896738571,0.3408071748880106,2026-02-20 17:05:00+00:00,2026-02-20 17:40:00+00:00,5036.44,4994.451714285715,41.98828571428476,8.833333333333334,True,455399,455400,6,5036.47,0.514573396926343,4.352642573779185,0.2086296177845404,4.1397260460401615,1.0,tp1,2026,2026-02,2026-02-20,0.0071448499241286,0.9928551500758712,<=0.03R,4,3,2,1.0,9,4,2,1.0,4,4,0.1674140508221162,10,4,1.0,True,True,True,True,True,12,7,29,7,True,12,Friday,ny_main,bull,0.952,high,above,above,0.6463517341704496,0.95601772928742,0.3994096447731696,0.620471120938727,True,value_high_half,hvn,False,True,0.1006233030981539,0.9523809523809524,True,True,0.3450654817586537,True,True,True,True,False,True,True,True,True,False,False,False,True,False,False,True,True,True,True,True,True,True,True,False,False,False,True,False,True,False,False,True,True,False,True,True,True,False,True,True,True
22896,15min,m15_2c_1atr,supply,5180.92,5170.21,2026-02-25 13:15:00+00:00,2026-02-25 12:30:00+00:00,2026-02-25 12:45:00+00:00,2026-02-25 13:00:00+00:00,2,1.576669957222824,1.2334649555774926,0.1988795518207378,2026-02-25 13:30:00+00:00,2026-02-25 13:40:00+00:00,5167.55,5182.0004285714285,14.450428571428349,0.25,True,456179,456180,1,5167.57,0.5028409090909708,0.057437742825221,1.0366474548456155,-1.3674334918391315,-1.0,stop,2026,2026-02,2026-02-25,0.0207606299368286,-1.0207606299368286,<=0.03R,8,4,2,0.5910364145658176,10,4,2,0.8048552754434978,7,4,1.0,9,4,1.0,True,True,True,True,True,22,7,28,7,False,8,Wednesday,london_ny_overlap,bull,0.45,mid,below,below,0.9722222222222195,0.9589603283173456,-0.1694957577856084,-0.7407218922065845,True,value_low_half,mid_volume,False,True,-0.5664191867764408,0.2995391705069124,True,True,0.1437321937321961,True,True,True,False,True,True,True,True,False,True,True,True,True,False,False,True,True,True,True,True,True,False,True,False,False,False,False,True,False,False,False,True,False,False,True,False,True,False,True,True,True
22899,15min,m15_2c_1atr,demand,5181.18,5159.16,2026-02-25 17:15:00+00:00,2026-02-25 16:30:00+00:00,2026-02-25 16:45:00+00:00,2026-02-25 17:00:00+00:00,2,1.7465668822204403,2.239918622393401,0.0921889191644239,2026-02-25 17:25:00+00:00,2026-02-25 17:40:00+00:00,5187.21,5157.304571428571,29.905428571429184,0.1666666666666666,True,456227,456228,2,5187.26,0.7242236024845284,1.0175410102322449,1.3619600836923895,-0.1294079431350193,1.0,tp1,2026,2026-02,2026-02-25,0.0100316234988389,0.989968376501161,<=0.03R,7,3,2,0.7656675749318914,12,3,2,0.7656675749318914,6,4,0.2979109900090949,13,4,1.0,True,True,True,True,True,19,7,38,7,True,12,Wednesday,ny_main,bull,0.758,high,above,above,0.7634050287791486,0.8948919449901638,0.4899355566303718,0.5886693685398752,True,value_low_half,mid_volume,False,True,-0.4540981570474426,0.7044025157232704,True,False,0.1658888888888921,True,True,True,True,False,True,True,True,True,False,True,True,True,True,True,True,True,True,True,True,True,True,True,False,False,False,False,True,False,False,False,False,False,True,True,False,True,False,True,True,True
22902,15min,m15_2c_1atr,supply,5217.64,5207.86,2026-02-25 20:45:00+00:00,2026-02-25 19:00:00+00:00,2026-02-25 19:15:00+00:00,2026-02-25 20:30:00+00:00,6,1.0975056689341742,1.1088435374150445,0.2597137014314717,2026-02-25 21:10:00+00:00,2026-02-25 21:20:00+00:00,5200.79,5218.408714285714,17.618714285714304,0.4166666666666667,True,456271,456272,1,5200.83,0.9765494137352896,3.99064306622019,0.4353325603457399,0.2026254550761604,1.0,tp1,2026,2026-02,2026-02-25,0.0170273491660652,0.9829726508339348,<=0.03R,1,1,1,1.0,1,1,1,1.0,0,0,0.0,0,0,0.0,True,True,True,False,False,1,1,1,1,True,16,Wednesday,ny_main,bull,0.102,low,above,above,1.206896551724142,0.7013996889579904,-0.2999505045213892,0.2270842610520662,True,above_value,mid_volume,False,False,1.6459770860529777,0.375,False,False,,True,True,True,False,True,True,True,True,True,True,True,True,True,True,True,False,False,True,True,False,False,False,False,True,False,False,False,False,False,False,True,False,False,False,False,False,True,False,True,True,True
22965,15min,m15_2c_1atr,demand,5171.36,5159.22,2026-03-04 11:45:00+00:00,2026-03-04 11:00:00+00:00,2026-03-04 11:15:00+00:00,2026-03-04 11:30:00+00:00,2,1.2726691042047784,0.7767824497257423,0.3401976935749841,2026-03-04 14:30:00+00:00,2026-03-04 15:05:00+00:00,5176.59,5157.269428571429,19.320571428571384,2.75,True,457576,457577,6,5176.57,0.3349012229538527,1.021708911301047,1.7131998462039209,-2.8073703824199177,1.0,tp1,2026,2026-03,2026-03-04,0.0155274910532075,0.9844725089467924,<=0.03R,6,4,2,1.0,23,4,2,1.0,0,0,0.0,8,4,1.0,True,True,True,False,True,6,3,39,7,True,10,Wednesday,london_ny_overlap,bear,0.566,mid,inside,inside,2.285772962981976,0.9289400555776104,0.74858892136791,0.9736528930646684,True,value_low_half,hvn,True,True,-0.1790837301469958,0.9975062344139652,True,False,0.2885828291929487,True,True,True,True,False,True,True,True,True,False,False,False,False,False,False,False,True,True,True,True,True,False,False,False,True,False,True,True,False,False,False,False,True,False,False,False,True,False,True,True,True
22966,15min,m15_2c_1atr,supply,5206.08,5192.27,2026-03-04 14:45:00+00:00,2026-03-04 14:00:00+00:00,2026-03-04 14:15:00+00:00,2026-03-04 14:30:00+00:00,2,2.333706726409533,1.0313116765348629,0.2853005068791205,2026-03-04 15:10:00+00:00,2026-03-04 15:55:00+00:00,5180.4,5207.963285714286,27.56328571428639,0.4166666666666667,True,457586,457587,8,5180.36,0.9004878048780949,3.5289696957131373,0.5296901157336624,2.7645470423906833,1.0,tp1,2026,2026-03,2026-03-04,0.010884043473979,0.9891159565260208,<=0.03R,3,2,1,1.0,16,4,2,1.0,2,2,1.0,3,2,1.0,True,True,True,True,True,7,7,22,7,True,10,Wednesday,london_ny_overlap,bear,0.61,mid,below,below,2.1677947119832535,0.0467176802255279,-0.9656473092147264,-0.8767811203933535,True,value_high_half,mid_volume,False,True,1.103823408986053,0.4463840399002494,False,False,,True,True,True,False,True,True,True,True,True,False,False,False,True,True,True,True,True,True,True,True,True,True,True,False,False,False,False,False,True,False,False,False,False,False,True,True,True,False,True,True,True
22969,15min,m15_2c_1atr,supply,5185.1,5163.19,2026-03-04 17:15:00+00:00,2026-03-04 16:30:00+00:00,2026-03-04 16:45:00+00:00,2026-03-04 17:00:00+00:00,2,1.8469643930554192,1.084615112619813,0.2218165221360298,2026-03-04 17:30:00+00:00,2026-03-04 17:40:00+00:00,5152.59,5188.403571428572,35.81357142857178,0.25,True,457607,457608,1,5152.58,0.7702702702702885,1.2174155846746029,1.0423422884381297,2.1994455413949128,1.0,tp1,2026,2026-03,2026-03-04,0.0083767127385866,0.9916232872614134,<=0.03R,7,4,2,0.6503879507074168,19,4,2,0.6503879507074168,2,2,1.0,12,4,1.0,True,True,True,True,True,11,7,43,7,True,12,Wednesday,ny_main,bear,0.868,high,below,below,1.4023814023814063,0.204918032786887,-0.5650426959361297,-1.0367005818810866,True,value_high_half,hvn,True,True,0.206485969006173,0.9794520547945206,True,True,0.1437321937321961,True,True,True,False,True,True,True,True,True,True,True,True,True,True,True,True,True,True,True,True,True,True,True,False,False,False,True,False,True,False,False,True,False,False,True,False,True,False,True,True,True
23001,15min,m15_2c_1atr,demand,5096.88,5087.33,2026-03-09 11:15:00+00:00,2026-03-09 10:30:00+00:00,2026-03-09 10:45:00+00:00,2026-03-09 11:00:00+00:00,2,1.6461413814057184,0.6770305853757425,0.0450261780104055,2026-03-09 11:45:00+00:00,2026-03-09 12:10:00+00:00,5108.87,5085.605714285714,23.264285714285503,0.5,True,458381,458382,4,5108.76,0.4454756380510196,0.0980042984341317,1.0754682222904406,3.371261897451685,-1.0,stop,2026,2026-03,2026-03-09,0.012895302425545,-1.0128953024255452,<=0.03R,5,3,2,1.0,15,4,2,1.0,2,2,1.0,2,2,1.0,True,True,True,True,True,9,7,19,7,False,8,Monday,london_ny_overlap,bear,0.348,mid,above,above,1.2581568402976724,0.7584541062801858,0.2055238990275126,0.3889771932262891,True,value_low_half,hvn,True,True,-0.1566779244703917,0.993975903614458,False,False,,True,True,True,True,False,True,True,True,True,False,False,False,False,False,False,True,True,True,True,True,True,False,True,False,False,False,True,True,False,False,False,False,True,False,True,False,True,False,True,True,True
23005,15min,m15_2c_1atr,demand,5088.4,5060.79,2026-03-09 16:45:00+00:00,2026-03-09 16:00:00+00:00,2026-03-09 16:15:00+00:00,2026-03-09 16:30:00+00:00,2,2.513707088169907,1.5910924508108777,0.1075697211155154,2026-03-09 16:55:00+00:00,2026-03-09 17:00:00+00:00,5093.79,5058.088857142857,35.70114285714317,0.1666666666666666,True,458439,458440,0,5093.72,0.2218963831867381,4.061774733101752,0.3985866798981868,3.7374153688557143,1.0,tp1,2026,2026-03,2026-03-09,0.0084030923379803,0.9915969076620196,<=0.03R,8,3,2,0.3002535313292307,29,4,2,1.0,3,2,0.8272365085113911,9,4,0.8272365085113911,True,True,True,True,True,14,7,47,7,True,13,Monday,ny_main,bear,0.69,high,inside,inside,0.9131009479210171,0.874176548089596,0.0562378519005334,-0.0077548289418135,True,value_low_half,mid_volume,False,True,-0.5925580613665961,0.572289156626506,False,False,,True,True,True,True,False,True,True,True,True,True,True,True,False,False,False,True,True,True,True,True,True,False,False,False,True,False,False,True,False,False,False,False,False,False,True,True,True,False,True,True,True
23017,15min,m15_2c_1atr,demand,5176.61,5156.59,2026-03-10 13:15:00+00:00,2026-03-10 12:30:00+00:00,2026-03-10 12:45:00+00:00,2026-03-10 13:00:00+00:00,2,1.8211543929485856,1.9923230025589864,0.2562437562437678,2026-03-10 13:40:00+00:00,2026-03-10 14:25:00+00:00,5177.77,5155.314857142857,22.455142857143073,0.4166666666666667,True,458684,458685,8,5177.76,0.6279461279462498,2.717862913999937,0.744595574669504,-0.0752611555736735,1.0,tp1,2026,2026-03,2026-03-10,0.0133599684450267,0.9866400315549732,<=0.03R,6,2,2,0.8966033966034087,24,4,2,1.0,0,0,0.0,12,4,1.0,True,True,True,False,True,6,3,48,7,True,10,Tuesday,london_ny_overlap,bull,0.156,low,inside,inside,1.425451155357275,0.9156706507303848,0.1915972130046986,0.1630480841104392,True,value_high_half,mid_volume,False,True,1.4183833165803597,0.6168582375478927,True,False,0.2885828291929487,True,True,True,True,False,True,True,True,True,False,False,False,True,True,False,False,True,True,True,True,True,True,False,False,True,False,False,False,True,False,False,False,False,False,True,False,True,False,True,True,True
23092,15min,m15_2c_1atr,supply,5017.57,5006.31,2026-03-17 17:45:00+00:00,2026-03-17 17:00:00+00:00,2026-03-17 17:15:00+00:00,2026-03-17 17:30:00+00:00,2,1.7180099709181098,0.8186539260489795,0.0719360568384058,2026-03-17 19:00:00+00:00,2026-03-17 19:30:00+00:00,5002.69,5018.359142857143,15.669142857143015,1.25,True,460125,460126,5,5002.7,0.5445682451253059,10.742131942671548,0.872415302140691,8.020859924874975,1.0,tp1,2026,2026-03,2026-03-17,0.019145910068925,0.9808540899310748,<=0.03R,6,3,2,1.0,13,4,2,1.0,5,3,1.0,19,3,1.0,True,True,True,True,True,16,7,51,7,True,15,Tuesday,ny_main,bear,0.654,mid,inside,inside,1.1289907469820295,0.0136674259680973,-0.2892168532483854,-0.5629980730292858,True,value_low_half,hvn,True,True,-0.0836038073009403,0.9253731343283582,True,False,0.2693236714975787,True,True,True,False,True,True,True,True,True,False,False,False,True,False,False,True,True,True,True,True,True,True,False,False,True,False,True,True,False,False,False,False,True,False,True,False,True,False,True,True,True
23125,15min,m15_2c_1atr,supply,4700.42,4684.27,2026-03-20 11:45:00+00:00,2026-03-20 11:00:00+00:00,2026-03-20 11:15:00+00:00,2026-03-20 11:30:00+00:00,2,1.1777414075286186,0.9251227495908186,0.0167182662538973,2026-03-20 14:05:00+00:00,2026-03-20 14:30:00+00:00,4678.38,4702.256,23.876000000000204,2.3333333333333335,True,460891,460892,4,4678.23,0.6044176706827173,24.28547495392843,0.1587368068353129,10.904674149773724,1.0,tp1,2026,2026-03,2026-03-20,0.0125649187468586,0.9874350812531414,<=0.03R,6,4,2,1.0,8,4,2,1.0,6,3,1.0,6,3,1.0,True,True,True,True,True,18,7,20,7,True,10,Friday,london_ny_overlap,bear,0.81,high,above,above,1.698243992606265,0.4164193867457946,-0.1137308885962012,-0.3317034847175383,True,value_high_half,lvn,False,True,3.459331546322648,0.25,False,False,,True,True,True,False,True,True,True,True,True,False,False,False,True,True,False,True,True,True,True,True,True,True,False,True,False,True,False,False,True,False,False,False,True,False,False,False,True,False,True,True,True
23131,15min,m15_2c_1atr,supply,4490.96,4472.63,2026-03-23 02:15:00+00:00,2026-03-23 01:30:00+00:00,2026-03-23 01:45:00+00:00,2026-03-23 02:00:00+00:00,2,1.9860712156522744,0.6954094629017344,0.1822149481724036,2026-03-23 14:50:00+00:00,2026-03-23 15:20:00+00:00,4423.58,4496.504857142857,72.92485714285704,12.583333333333334,True,461177,461178,5,4423.43,0.7961891799931737,0.2974294479248647,1.1130635448622288,0.2265345541594613,-1.0,stop,2026,2026-03,2026-03-23,0.0041138236227506,-1.0041138236227507,<=0.03R,3,3,2,1.0,3,3,2,1.0,2,2,1.0,2,2,1.0,True,True,True,True,True,7,7,7,7,False,11,Monday,london_ny_overlap,bear,0.998,high,inside,inside,3.2378596692476846,0.0941225685003129,-0.0201101959922051,0.7788211976479398,True,value_high_half,mid_volume,False,True,0.59026512613767,0.4267291910902696,False,False,,True,False,True,False,True,True,True,True,True,False,False,False,True,True,True,True,True,True,True,True,True,True,False,False,True,False,False,False,True,False,False,False,True,False,True,False,True,False,True,True,True
23156,15min,m15_2c_1atr,supply,4424.41,4408.88,2026-03-24 19:15:00+00:00,2026-03-24 18:30:00+00:00,2026-03-24 18:45:00+00:00,2026-03-24 19:00:00+00:00,2,1.2249885343641531,0.7122452990892908,0.2086284610431316,2026-03-24 20:25:00+00:00,2026-03-24 20:45:00+00:00,4400.37,4426.698857142857,26.328857142857487,1.1666666666666667,True,461518,461519,3,4400.36,0.7785575048733153,0.6042799318509703,2.519668804462214,-4.346561621686108,-1.0,stop,2026,2026-03,2026-03-24,0.0113943418953672,-1.0113943418953673,<=0.03R,8,4,2,0.8873148744365725,10,4,2,1.0,1,1,0.1603348358016627,1,1,0.1603348358016627,True,True,True,True,True,10,5,12,5,False,16,Tuesday,ny_main,bear,0.458,mid,inside,inside,3.47422718947411,0.2988571428571179,-0.4120146453274437,-0.5893571814363153,True,value_high_half,hvn,True,True,0.2428893880695948,0.7838709677419354,False,False,,True,True,True,False,True,True,True,True,True,False,False,True,True,True,True,True,True,True,True,True,True,True,False,False,True,False,True,False,True,False,False,False,True,False,False,False,True,False,True,True,True
23169,15min,m15_2c_1atr,demand,4552.58,4536.17,2026-03-25 15:30:00+00:00,2026-03-25 14:45:00+00:00,2026-03-25 15:00:00+00:00,2026-03-25 15:15:00+00:00,2,1.5105727063522718,0.9975250748990384,0.1870810481414165,2026-03-25 15:45:00+00:00,2026-03-25 16:15:00+00:00,4553.46,4533.867428571429,19.59257142857132,0.25,True,461740,461741,5,4553.33,0.2846497764530319,1.3178464140927977,1.4495289759967231,-4.993219004287363,1.0,tp1,2026,2026-03,2026-03-25,0.0153119258027824,0.9846880741972176,<=0.03R,5,3,2,1.0,6,3,2,1.0,0,0,0.0,0,0,0.0,True,True,True,False,False,5,3,6,3,True,12,Wednesday,ny_main,bull,0.442,mid,inside,inside,1.3518077505953632,0.9963436928701768,0.244279039905304,0.1845429150179077,True,value_high_half,hvn,False,True,6.845706827660668,0.8348017621145375,False,False,,True,True,True,True,False,True,True,True,True,False,False,False,False,False,False,False,False,True,True,True,True,True,False,False,True,False,True,False,True,False,False,False,True,False,True,False,True,False,True,True,True
23183,15min,m15_2c_1atr,demand,4427.82,4416.97,2026-03-26 12:30:00+00:00,2026-03-26 11:45:00+00:00,2026-03-26 12:00:00+00:00,2026-03-26 12:15:00+00:00,2,1.060703677362664,0.6354850855540881,0.0506912442396506,2026-03-26 12:40:00+00:00,2026-03-26 12:50:00+00:00,4441.06,4414.948714285714,26.11128571428617,0.1666666666666666,True,461975,461976,1,4441.14,0.8082278481012841,1.4782879871319543,1.949731643131865,-0.6127618599510778,1.0,tp1,2026,2026-03,2026-03-26,0.0114892848740827,0.9885107151259171,<=0.03R,2,2,1,0.8470046082949366,7,3,2,1.0,4,4,0.882949308755798,4,4,0.882949308755798,True,True,True,True,True,10,6,15,7,True,8,Thursday,london_ny_overlap,bear,0.318,low,inside,inside,0.9544063282585208,0.7974797479747998,0.493892171860955,-0.0818695586779079,True,below_value,mid_volume,False,False,-5.145476230857924,0.5975975975975976,True,False,0.439144442455699,True,False,True,True,False,True,True,True,True,True,True,True,True,True,True,True,True,True,True,True,True,False,False,False,True,False,False,False,False,True,False,False,True,False,False,False,True,False,True,True,True
23184,15min,m15_2c_1atr,supply,4456.7,4439.55,2026-03-26 14:00:00+00:00,2026-03-26 13:15:00+00:00,2026-03-26 13:30:00+00:00,2026-03-26 13:45:00+00:00,2,1.152846989625028,0.9807205293684996,0.0758017492711492,2026-03-26 14:05:00+00:00,2026-03-26 14:35:00+00:00,4435.72,4458.885,23.164999999999964,0.0833333333333333,True,461996,461997,5,4435.74,0.1749585406302248,0.6583207424994614,1.0753291603712452,0.3621843298079145,-1.0,stop,2026,2026-03,2026-03-26,0.0129505719835959,-1.012950571983596,<=0.03R,3,3,2,0.5142857142857082,18,4,2,1.0,3,2,0.5166180758017411,3,2,0.5166180758017411,True,True,True,True,True,9,7,24,7,False,10,Thursday,london_ny_overlap,bear,0.234,low,below,below,1.0216586528232614,0.2698412698413053,-0.0538263102957743,-0.3159818432718991,True,below_value,hvn,False,True,-4.581264839197072,0.750788643533123,False,False,,True,True,False,False,True,True,True,True,True,False,False,False,False,False,False,True,True,True,True,True,True,True,True,False,False,False,True,False,False,True,False,False,True,False,False,False,True,False,True,True,True
23186,15min,m15_2c_1atr,supply,4469.88,4446.13,2026-03-26 17:45:00+00:00,2026-03-26 16:45:00+00:00,2026-03-26 17:00:00+00:00,2026-03-26 17:30:00+00:00,3,1.301510167464116,1.2428977272727335,0.2012631578947644,2026-03-26 17:45:00+00:00,2026-03-26 17:50:00+00:00,4443.5,4472.052428571428,28.55242857142821,0.0,True,462035,462036,0,4443.52,0.458950201884394,3.232999944963456,1.086072238038317,-2.4106530843010883,1.0,tp1,2026,2026-03,2026-03-26,0.0105069871464525,0.9894930128535476,<=0.03R,4,3,2,0.6703157894736873,16,4,2,1.0,3,2,0.9035789473684226,3,2,0.9035789473684226,True,True,True,True,True,10,7,22,7,True,13,Thursday,ny_main,bear,0.38,mid,below,below,0.8976372065201021,0.3261044176707196,-0.5226912745287214,-0.4775024669707748,True,value_high_half,mid_volume,False,True,0.5167686511530272,0.5136986301369864,False,False,,True,True,True,False,True,True,True,True,True,True,True,True,True,False,False,True,True,True,True,True,True,True,True,False,False,False,False,False,True,False,False,False,False,False,False,False,True,False,True,True,True
23210,15min,m15_2c_1atr,demand,4540.04,4527.85,2026-03-30 14:30:00+00:00,2026-03-30 13:15:00+00:00,2026-03-30 13:30:00+00:00,2026-03-30 14:15:00+00:00,4,1.1246407805921026,1.1405466818151266,0.1345365053321962,2026-03-30 14:35:00+00:00,2026-03-30 14:40:00+00:00,4541.59,4526.252142857144,15.337857142856592,0.0833333333333333,True,462537,462538,0,4541.58,0.2064606741573423,2.55055185581902,1.6221301168910447,2.4507986774089363,1.0,tp1,2026,2026-03,2026-03-30,0.0195594467470784,0.9804405532529216,<=0.03R,0,0,0,0.0,4,2,2,0.9975389663658945,0,0,0.0,0,0,0.0,False,True,False,False,False,0,0,4,3,True,10,Monday,london_ny_overlap,bull,0.092,low,above,above,1.0420711974109838,1.0,1.9505851348755727,2.766484428139776,True,value_high_half,hvn,True,True,0.0779117962091767,0.979757085020243,False,False,,False,False,False,True,False,True,True,True,True,True,True,True,False,False,False,False,False,False,True,False,True,True,True,False,False,False,True,False,True,False,False,False,False,False,False,False,True,False,True,True,True
23241,15min,m15_2c_1atr,demand,4738.78,4728.19,2026-04-01 14:30:00+00:00,2026-04-01 13:45:00+00:00,2026-04-01 14:00:00+00:00,2026-04-01 14:15:00+00:00,2,1.2065352955848905,0.9245447742579184,0.3493862134089402,2026-04-01 15:15:00+00:00,2026-04-01 15:35:00+00:00,4744.67,4726.389142857142,18.280857142857712,0.75,True,463100,463101,3,4744.65,0.6559220389805026,0.4966944344591337,1.1049810105808913,-8.458574933966577,-1.0,stop,2026,2026-04,2026-04-01,0.0164106090680331,-1.0164106090680332,<=0.03R,5,4,2,1.0,5,4,2,1.0,1,1,0.1964117091596608,1,1,0.1964117091596608,True,True,True,True,True,7,5,7,5,False,11,Wednesday,london_ny_overlap,bull,0.246,low,above,above,1.1036554264664715,0.7432878002825903,0.4276817720050865,1.2127811479949342,True,value_high_half,hvn,False,True,2.6112014128751957,0.8961038961038961,False,False,,True,False,True,True,False,True,True,True,True,False,False,True,True,True,False,True,True,True,True,True,True,True,True,False,False,False,True,False,True,False,False,False,True,False,False,False,True,False,True,True,True
23251,15min,m15_2c_1atr,demand,4598.46,4581.62,2026-04-02 10:15:00+00:00,2026-04-02 09:30:00+00:00,2026-04-02 09:45:00+00:00,2026-04-02 10:00:00+00:00,2,1.4460710710710616,0.7374874874874995,0.1698337292161311,2026-04-02 14:40:00+00:00,2026-04-02 15:15:00+00:00,4612.65,4579.709714285714,32.94028571428589,4.416666666666667,True,463372,463373,6,4612.64,0.6292682926829565,2.851523536095612,0.9690262032595748,1.5603993373290277,1.0,tp1,2026,2026-04,2026-04-02,0.0091073891283794,0.9908926108716204,<=0.03R,1,1,1,1.0,4,3,2,1.0,5,4,0.735748218527329,6,4,1.0,True,True,True,True,True,11,5,16,7,True,11,Thursday,london_ny_overlap,bear,0.53,mid,inside,inside,1.9565645710191544,0.805933852140048,0.6417430667265602,0.22616340480467,True,below_value,mid_volume,False,False,-5.683314395746386,0.5945945945945946,True,True,0.4853083183887362,True,False,True,True,False,True,True,True,True,False,False,False,True,True,False,True,True,True,True,True,True,False,False,False,True,False,False,False,False,True,False,True,True,False,False,False,True,False,True,True,True
23296,15min,m15_2c_1atr,supply,4764.46,4756.47,2026-04-08 20:45:00+00:00,2026-04-08 20:00:00+00:00,2026-04-08 20:15:00+00:00,2026-04-08 20:30:00+00:00,2,1.3557246064782038,0.5351897038419062,0.035043804755914,2026-04-09 14:45:00+00:00,2026-04-09 15:05:00+00:00,4751.11,4765.401857142857,14.291857142857223,18.0,True,464474,464475,3,4751.01,0.5578034682080831,1.1181192087402048,1.4378817108643327,-1.6191037853723036,1.0,tp1,2026,2026-04,2026-04-09,0.0209909738812309,0.979009026118769,<=0.03R,3,3,2,1.0,3,3,2,1.0,2,2,1.0,2,2,1.0,True,True,True,True,True,7,7,7,7,True,11,Thursday,london_ny_overlap,bull,0.036,low,above,above,1.9263193968471353,0.0368271954674022,-0.1465468681042175,0.8229487777480531,True,above_value,mid_volume,False,False,2.6039303099667097,0.3504672897196261,False,False,,False,True,True,False,True,True,True,True,False,False,False,True,True,False,False,True,True,True,True,True,True,False,False,True,False,False,False,False,False,False,True,False,True,False,False,False,True,False,True,True,True
23323,15min,m15_2c_1atr,demand,4743.93,4730.86,2026-04-10 12:45:00+00:00,2026-04-10 11:45:00+00:00,2026-04-10 12:00:00+00:00,2026-04-10 12:30:00+00:00,3,1.0737528840798098,1.4558039621291108,0.1185921958684092,2026-04-10 13:05:00+00:00,2026-04-10 13:20:00+00:00,4752.2,4729.779142857143,22.42085714285713,0.3333333333333333,True,464729,464730,2,4752.06,0.8388214904680316,1.9138429778395063,4.093955882915143,-1.429918570718569,1.0,tp1,2026,2026-04,2026-04-10,0.0133803983535738,0.986619601646426,<=0.03R,14,4,2,0.6732976281560646,15,4,2,0.8921193573067562,1,1,0.6732976281560646,5,4,1.0,True,True,True,True,True,16,5,25,7,True,9,Friday,london_ny_overlap,bull,0.142,low,inside,above,1.9552710727231144,0.8328611898016572,0.8162947047167344,0.7067194374711662,True,below_value,mid_volume,False,True,-0.8409580365220969,0.2624113475177305,True,True,0.3891625615763494,True,True,True,True,False,True,True,True,True,False,True,True,True,True,True,True,True,True,True,True,True,True,False,False,True,False,False,False,False,True,False,True,False,False,False,False,True,False,True,True,True
23338,15min,m15_2c_1atr,supply,4744.5,4721.39,2026-04-13 17:30:00+00:00,2026-04-13 16:45:00+00:00,2026-04-13 17:00:00+00:00,2026-04-13 17:15:00+00:00,2,1.2046530193305645,1.844899355648024,0.1583729987018566,2026-04-13 17:40:00+00:00,2026-04-13 17:50:00+00:00,4715.35,4746.454,31.10399999999936,0.1666666666666666,True,465059,465060,1,4715.36,0.7549824150059439,0.4783950617284084,1.0468106995884825,-3.05812757201652,-1.0,stop,2026,2026-04,2026-04-13,0.0096450617283952,-1.0096450617283952,<=0.03R,9,4,2,0.6300302899178107,16,4,2,0.6871484205971585,0,0,0.0,4,3,0.6231068801384613,True,True,True,False,True,9,3,24,7,False,13,Monday,ny_main,bear,0.631,mid,above,above,0.7845245064126222,0.6722689075630088,-0.2383449944434617,-0.1948797977605753,True,value_high_half,hvn,False,True,0.601048096707822,0.75,False,False,,True,True,True,False,True,True,True,True,True,True,True,True,True,True,True,False,True,True,True,True,True,True,False,True,False,False,True,False,True,False,False,False,False,False,False,False,True,False,True,True,True
23367,15min,m15_2c_1atr,supply,4829.72,4817.25,2026-04-16 11:15:00+00:00,2026-04-16 10:15:00+00:00,2026-04-16 10:30:00+00:00,2026-04-16 11:00:00+00:00,3,1.9676781569672936,1.5007306799622082,0.2558139534883348,2026-04-16 12:05:00+00:00,2026-04-16 12:30:00+00:00,4812.93,4830.485285714286,17.555285714285674,0.8333333333333334,True,465823,465824,4,4813.17,0.4742063492064176,2.5747231196140015,0.6345667157632305,1.412110312726327,1.0,tp1,2026,2026-04,2026-04-16,0.0170888702629245,0.9829111297370756,<=0.03R,9,4,2,1.0,13,4,2,1.0,1,1,1.0,2,1,1.0,True,True,True,True,True,11,5,17,7,True,8,Thursday,london_ny_overlap,bull,0.338,mid,inside,inside,1.2322413793102491,0.9749687108886328,-0.1192203168867976,-0.50149089206784,True,value_low_half,mid_volume,True,True,-0.1005395200468394,0.71,False,False,,True,True,True,False,True,True,True,True,True,False,False,False,True,False,False,True,True,True,True,True,True,False,False,False,True,False,False,True,False,False,False,False,False,False,True,False,True,False,True,True,True
23407,15min,m15_2c_1atr,supply,4798.16,4791.91,2026-04-21 15:30:00+00:00,2026-04-21 14:45:00+00:00,2026-04-21 15:00:00+00:00,2026-04-21 15:15:00+00:00,2,1.9928212491027049,0.8973438621679976,0.2416000000000349,2026-04-21 16:40:00+00:00,2026-04-21 17:00:00+00:00,4779.06,4799.849857142857,20.789857142856818,1.1666666666666667,True,466705,466706,3,4779.12,0.8319604612850781,5.317977860082973,0.1688323289515872,2.094290485057992,1.0,tp1,2026,2026-04,2026-04-21,0.0144301135856085,0.9855698864143914,<=0.03R,4,4,2,1.0,20,4,2,1.0,0,0,0.0,10,4,1.0,True,True,True,False,True,4,3,40,7,True,13,Tuesday,ny_main,bear,0.878,high,below,below,0.4063602197166454,0.5625000000000429,-0.1309166394875884,-0.3345478529310748,True,value_high_half,mid_volume,False,True,0.2542105009997977,0.4887218045112781,True,False,0.159751317745643,True,True,True,False,True,True,True,True,True,False,False,True,True,True,True,False,True,True,True,True,True,True,True,False,False,False,False,False,True,False,False,False,True,False,True,False,True,False,True,True,True
23411,15min,m15_2c_1atr,supply,4727.69,4719.72,2026-04-21 20:30:00+00:00,2026-04-21 19:30:00+00:00,2026-04-21 19:45:00+00:00,2026-04-21 20:15:00+00:00,3,1.335564316494024,0.5115063720546031,0.033877038895917,2026-04-21 20:40:00+00:00,2026-04-21 20:55:00+00:00,4707.14,4729.293714285714,22.15371428571325,0.1666666666666666,True,466752,466753,2,4707.31,0.8107638888887129,1.744177048673005,1.0147282622714302,-1.5631690267998408,1.0,tp1,2026,2026-04,2026-04-21,0.0135417472723058,0.9864582527276942,<=0.03R,0,0,0,0.0,0,0,0,0.0,0,0,0.0,1,1,0.3525721455457618,False,False,False,False,True,0,0,2,2,True,16,Tuesday,ny_main,bear,0.966,high,below,below,0.2981629969029458,0.3972929936305432,-0.3781040196281001,-1.5029786309097743,True,below_value,hvn,False,False,-2.574963243828956,0.7657992565055762,False,False,,True,True,True,False,True,True,True,True,True,False,True,True,True,True,True,False,True,False,False,False,False,True,True,False,False,False,True,False,False,True,False,False,True,False,False,False,True,False,True,True,True
23419,15min,m15_2c_1atr,supply,4768.01,4762.39,2026-04-22 11:15:00+00:00,2026-04-22 10:15:00+00:00,2026-04-22 10:30:00+00:00,2026-04-22 11:00:00+00:00,3,1.246459545504521,0.8637611153803662,0.1245551601423188,2026-04-22 12:40:00+00:00,2026-04-22 12:50:00+00:00,4757.92,4768.603857142857,10.68385714285705,1.4166666666666667,True,466931,466932,1,4757.9,0.1785714285714918,6.889833794643483,0.2854774225467188,6.223407811518078,1.0,tp1,2026,2026-04,2026-04-22,0.0280797464800034,0.9719202535199966,<=0.03R,4,4,2,1.0,8,4,2,1.0,0,0,0.0,8,4,1.0,True,True,True,False,True,4,3,24,7,True,8,Wednesday,london_ny_overlap,bear,0.034,low,inside,inside,2.211610486891284,0.4118541033434751,-0.5081907193391061,-0.6061533102479937,True,value_high_half,hvn,False,True,5.1900731410540395,0.976470588235294,True,True,0.1003875968992234,True,True,True,False,True,True,True,True,False,True,True,True,False,False,False,False,True,True,True,True,True,True,False,False,True,False,True,False,True,False,False,True,True,False,False,False,True,False,True,True,True
23421,15min,m15_2c_1atr,supply,4762.49,4755.14,2026-04-22 13:15:00+00:00,2026-04-22 12:30:00+00:00,2026-04-22 12:45:00+00:00,2026-04-22 13:00:00+00:00,2,1.673414959388984,1.2474239301732788,0.278911564625772,2026-04-22 13:20:00+00:00,2026-04-22 13:25:00+00:00,4750.45,4763.389428571429,12.939428571428834,0.0833333333333333,True,466938,466939,0,4750.64,0.4950980392156535,5.111508567390771,0.8130189012542126,3.953806747924303,1.0,tp1,2026,2026-04,2026-04-22,0.0231849496555374,0.9768150503444626,<=0.03R,5,4,2,0.7755102040816655,9,4,2,0.7755102040816655,0,0,0.0,6,4,1.0,True,True,True,False,True,5,3,21,7,True,9,Wednesday,london_ny_overlap,bear,0.132,low,inside,inside,1.9310908666198885,0.829172141918497,-0.140970952718493,-0.4102905723322991,True,value_high_half,hvn,False,True,3.791898516163184,0.7607843137254902,True,True,0.1003875968992234,True,True,True,False,True,True,True,True,False,True,True,True,True,False,False,False,True,True,True,True,True,True,False,False,True,False,True,False,True,False,False,True,False,False,True,False,True,False,True,True,True
23423,15min,m15_2c_1atr,supply,4759.91,4747.29,2026-04-22 16:00:00+00:00,2026-04-22 15:15:00+00:00,2026-04-22 15:30:00+00:00,2026-04-22 15:45:00+00:00,2,1.2031565778076472,1.70031758252334,0.0736925515055704,2026-04-22 16:00:00+00:00,2026-04-22 16:05:00+00:00,4741.56,4761.081,19.52099999999973,0.0,True,466970,466971,0,4741.62,0.3876967095850884,2.9327391014804975,0.9943138158905857,1.0270990215665416,1.0,tp1,2026,2026-04,2026-04-22,0.0153680651605964,0.9846319348394036,<=0.03R,6,3,2,0.8153724247226666,10,4,2,0.8153724247226666,1,1,1.0,7,4,1.0,True,True,True,True,True,8,5,24,7,True,12,Wednesday,ny_main,bear,0.486,mid,below,below,1.527813712807175,0.2701543739279879,-0.8019116558474945,-1.3154769747209032,True,value_low_half,hvn,True,True,-0.084524358383262,0.8861788617886179,True,True,0.1739534883720969,True,True,False,False,True,True,True,True,True,True,True,True,False,False,False,True,True,True,True,True,True,True,True,False,False,False,True,True,False,False,False,True,False,False,False,False,True,False,True,True,True
23415,15min,m15_2c_1atr,demand,4745.31,4736.02,2026-04-22 04:45:00+00:00,2026-04-22 04:00:00+00:00,2026-04-22 04:15:00+00:00,2026-04-22 04:30:00+00:00,2,1.5494451536874407,1.2772267504664483,0.1797631862217523,2026-04-22 15:45:00+00:00,2026-04-22 16:25:00+00:00,4747.15,4734.780000000001,12.36999999999898,11.0,True,466974,466975,7,4747.25,0.4371327849588906,1.1172190784156637,1.124494745351738,-1.276475343573263,1.0,tp1,2026,2026-04,2026-04-22,0.0242522231204547,0.9757477768795452,<=0.03R,3,3,2,1.0,5,3,2,1.0,2,2,0.8740581270183888,9,4,1.0,True,True,True,True,True,7,7,23,7,True,12,Wednesday,ny_main,bear,0.56,mid,inside,inside,1.4333766796705014,0.996353026987587,0.1464334096510732,-0.2655922743954094,True,value_low_half,hvn,False,True,-1.1790622473727026,0.7886178861788617,True,True,0.3891625615763494,False,True,True,True,False,True,True,True,False,False,False,False,False,False,False,True,True,True,True,True,True,False,False,False,True,False,True,True,False,False,False,True,False,False,True,False,True,False,True,True,True
23424,15min,m15_2c_1atr,demand,4750.89,4739.23,2026-04-22 16:45:00+00:00,2026-04-22 16:00:00+00:00,2026-04-22 16:15:00+00:00,2026-04-22 16:30:00+00:00,2,1.516271186440744,1.3833898305085546,0.1672384219553765,2026-04-22 16:50:00+00:00,2026-04-22 16:55:00+00:00,4755.11,4737.8631428571425,17.246857142857152,0.0833333333333333,True,466980,466981,0,4755.13,0.2334682860998107,0.1368365250812079,1.2680571201378237,-1.236747067788743,-1.0,stop,2026,2026-04,2026-04-22,0.0173944735272678,-1.017394473527268,<=0.03R,6,4,2,0.6732418524871226,8,4,2,1.0,2,2,1.0,9,4,1.0,True,True,True,True,True,10,7,26,7,False,12,Wednesday,ny_main,bear,0.624,mid,inside,inside,1.372457873329387,0.2083333333332807,0.2384758047809912,0.0402674397650269,True,value_high_half,hvn,True,True,0.0469650785235937,0.759493670886076,True,True,0.3443508660416331,True,True,True,True,False,True,True,True,True,True,True,True,False,False,False,True,True,True,True,True,True,False,False,False,True,False,True,False,True,False,False,True,False,False,True,False,True,False,True,True,True
23426,15min,m15_2c_1atr,supply,4740.22,4734.33,2026-04-22 18:45:00+00:00,2026-04-22 18:00:00+00:00,2026-04-22 18:15:00+00:00,2026-04-22 18:30:00+00:00,2,1.0133684283438091,0.5711712959756432,0.2937181663836107,2026-04-22 19:05:00+00:00,2026-04-22 19:15:00+00:00,4730.25,4741.169285714286,10.91928571428616,0.3333333333333333,True,467008,467009,1,4730.26,0.815270935960568,0.5806240596585229,1.7565251520899658,1.9460979917576229,-1.0,stop,2026,2026-04,2026-04-22,0.0274743245895193,-1.0274743245895197,<=0.03R,3,3,2,1.0,3,3,2,1.0,2,2,0.6366723259761955,2,2,0.6366723259761955,True,True,True,True,True,7,7,7,7,False,15,Wednesday,ny_main,bear,0.702,high,below,below,1.188043400158013,0.4545454545454948,-0.5527203553544889,-1.3107977063248086,True,value_low_half,mid_volume,False,True,-1.64616994832207,0.6078431372549019,False,False,,True,True,True,False,True,True,True,True,False,True,True,True,True,True,True,True,True,True,True,True,True,True,True,False,False,False,False,True,False,False,False,False,True,False,False,False,True,False,True,True,True
23438,15min,m15_2c_1atr,supply,4741.05,4729.9,2026-04-23 19:00:00+00:00,2026-04-23 18:15:00+00:00,2026-04-23 18:30:00+00:00,2026-04-23 18:45:00+00:00,2,1.2212825464473782,1.0394885796098132,0.243946188340818,2026-04-23 19:35:00+00:00,2026-04-23 20:05:00+00:00,4725.47,4742.217428571429,16.747428571428827,0.5833333333333334,True,467294,467295,5,4725.41,0.6638655462185535,4.035246349119628,0.8932714617169258,0.1683840589600452,1.0,tp1,2026,2026-04,2026-04-23,0.017913197761703,0.982086802238297,<=0.03R,6,3,2,0.8565022421524408,10,4,2,1.0,5,2,1.0,5,2,1.0,True,True,True,True,True,16,7,20,7,True,16,Thursday,ny_main,bear,0.77,high,above,above,1.5592395826665348,0.3557187827911864,-0.8719358793658054,-0.7701593485700822,True,value_low_half,hvn,True,True,-0.0164204312815393,0.8560606060606061,False,False,,True,True,True,False,True,True,True,True,True,False,False,False,True,True,False,True,True,True,True,True,True,True,False,True,False,False,True,True,False,False,False,False,False,False,False,False,True,False,True,True,True
23452,15min,m15_2c_1atr,demand,4676.39,4666.75,2026-04-24 10:30:00+00:00,2026-04-24 09:45:00+00:00,2026-04-24 10:00:00+00:00,2026-04-24 10:15:00+00:00,2,1.4569086844937051,1.1173110356817917,0.1732365145228232,2026-04-24 13:30:00+00:00,2026-04-24 14:05:00+00:00,4689.64,4665.698,23.942000000000007,3.0,True,467498,467499,6,4689.52,0.8850837138508847,2.1213766602622983,0.7263386517417226,0.687912455099797,1.0,tp1,2026,2026-04,2026-04-24,0.012530281513658,0.987469718486342,<=0.03R,10,4,2,1.0,13,4,2,1.0,0,0,0.0,13,4,1.0,True,True,True,False,True,10,3,39,7,True,10,Friday,london_ny_overlap,bear,0.552,mid,above,above,0.6794234997150189,0.7592012529365484,1.3385443190343154,1.4531224467289607,True,value_low_half,mid_volume,False,True,-1.114359702614664,0.3233532934131736,True,False,0.1130820399113113,True,True,True,True,False,True,True,True,True,False,False,False,True,True,True,False,True,True,True,True,True,False,True,False,False,False,False,True,False,False,False,False,False,False,False,False,True,False,True,True,True
23462,15min,m15_2c_1atr,supply,4711.88,4705.43,2026-04-27 12:15:00+00:00,2026-04-27 11:30:00+00:00,2026-04-27 11:45:00+00:00,2026-04-27 12:00:00+00:00,2,1.175252588249878,1.1263564924534906,0.1767441860465674,2026-04-27 12:15:00+00:00,2026-04-27 12:30:00+00:00,4702.47,4712.600571428571,10.130571428570876,0.0,True,467755,467756,2,4702.49,0.6852589641435923,0.2911977888710248,1.0029049270948314,8.87215500465402,-1.0,stop,2026,2026-04,2026-04-27,0.0296133344614619,-1.029613334461462,<=0.03R,4,4,2,1.0,12,4,2,1.0,2,1,1.0,6,2,1.0,True,True,True,True,True,8,7,24,7,False,8,Monday,london_ny_overlap,bear,0.064,low,inside,inside,1.2930104153594524,0.8652849740931503,-0.5118368844406807,-1.017315246051009,True,value_low_half,mid_volume,True,True,-0.2561553430915814,0.5132743362831859,False,False,,True,True,False,False,True,True,True,True,False,False,True,True,True,True,False,True,True,True,True,True,True,True,False,False,True,False,False,True,False,False,False,False,False,False,False,False,True,False,True,True,True
23464,15min,m15_2c_1atr,demand,4708.55,4700.16,2026-04-27 15:15:00+00:00,2026-04-27 14:30:00+00:00,2026-04-27 14:45:00+00:00,2026-04-27 15:00:00+00:00,2,1.0486954430685271,1.4122880846460062,0.3134684147795001,2026-04-27 15:15:00+00:00,2026-04-27 15:20:00+00:00,4710.95,4699.37,11.579999999999927,0.0,True,467789,467790,0,4710.94,0.4604966139955414,0.1450777202072799,1.2003454231433268,-11.633851468048457,-1.0,stop,2026,2026-04,2026-04-27,0.0259067357512954,-1.0259067357512954,<=0.03R,3,2,1,0.7687723480333214,18,4,2,1.0,3,2,1.0,8,4,1.0,True,True,True,True,True,9,7,34,7,False,11,Monday,london_ny_overlap,bear,0.146,low,above,above,1.2145214521451977,0.4851851851851568,0.1340716662683291,-0.0521604799371942,True,value_low_half,hvn,False,True,-0.595423143350646,0.9557522123893806,False,False,,True,True,True,True,False,True,True,True,False,True,True,True,True,False,False,True,True,True,True,True,True,False,True,False,False,False,True,True,False,False,False,False,False,False,False,False,True,False,True,True,True
23478,15min,m15_2c_1atr,supply,4604.21,4594.17,2026-04-28 15:00:00+00:00,2026-04-28 14:15:00+00:00,2026-04-28 14:30:00+00:00,2026-04-28 14:45:00+00:00,2,3.2145226917058154,0.8798748043818434,0.0976095617529449,2026-04-28 15:20:00+00:00,2026-04-28 16:05:00+00:00,4584.1,4606.335714285714,22.235714285713584,0.3333333333333333,True,468074,468075,8,4584.31,0.9332023575639072,1.2025698682943189,1.0321233536781484,2.602569868294368,1.0,tp1,2026,2026-04,2026-04-28,0.0134918085448125,0.9865081914551876,<=0.03R,0,0,0,0.0,0,0,0,0.0,0,0,0.0,1,1,1.0,False,False,False,False,True,0,0,2,2,True,12,Tuesday,ny_main,bear,0.95,high,below,below,0.7693072438881016,0.2131431041936994,-0.6085851004547987,-1.4902086745634455,True,below_value,lvn,False,False,-4.230131705750191,0.2260273972602739,False,False,,True,True,False,False,True,True,True,True,True,False,False,False,True,True,True,False,True,False,False,False,False,True,True,False,False,True,False,False,False,True,False,False,True,False,True,True,True,False,True,True,True
23489,15min,m15_2c_1atr,demand,4546.9,4536.36,2026-04-29 18:45:00+00:00,2026-04-29 18:00:00+00:00,2026-04-29 18:15:00+00:00,2026-04-29 18:30:00+00:00,2,1.181940248405506,0.8255566744992624,0.1328273244781443,2026-04-29 18:50:00+00:00,2026-04-29 19:00:00+00:00,4547.73,4534.886428571428,12.843571428571522,0.0833333333333333,True,468384,468385,1,4547.65,0.1387283236992821,1.3352983705022294,1.2465380123463028,5.413603247872766,1.0,tp1,2026,2026-04,2026-04-29,0.0233579889883764,0.9766420110116236,<=0.03R,4,4,2,0.3026565464896129,4,4,2,0.3026565464896129,1,1,1.0,1,1,1.0,True,True,True,True,True,6,5,6,5,True,15,Wednesday,ny_main,bear,0.926,high,inside,inside,1.3118048080372908,0.680157391793113,0.9003735511013402,0.7971712040210436,True,below_value,mid_volume,False,False,-4.291641176797762,0.4336734693877551,False,False,,True,False,True,True,False,True,True,True,False,True,True,True,False,False,False,True,True,True,True,True,True,False,False,False,True,False,False,False,False,True,False,False,True,False,False,False,True,False,True,True,True
23504,15min,m15_2c_1atr,demand,4617.82,4605.46,2026-04-30 20:30:00+00:00,2026-04-30 19:45:00+00:00,2026-04-30 20:00:00+00:00,2026-04-30 20:15:00+00:00,2,1.0891341893820683,1.299391754899735,0.1124595469255958,2026-04-30 20:30:00+00:00,2026-04-30 20:45:00+00:00,4617.92,4604.403857142857,13.516142857142768,0.0,True,468681,468682,2,4617.99,0.2351190476190597,1.3435785779966791,1.102385507276993,0.4505723314977994,1.0,tp1,2026,2026-04,2026-04-30,0.0221956813545708,0.9778043186454292,<=0.03R,1,1,1,0.5663430420712124,1,1,1,0.5663430420712124,0,0,0.0,6,4,1.0,True,True,True,False,True,1,1,13,5,True,16,Thursday,ny_main,bull,0.448,mid,below,below,2.3919123841618513,0.3369330453564499,0.1471726956476123,-0.0535338986306672,True,value_low_half,mid_volume,True,True,-0.3780664390729003,0.4497991967871486,True,True,0.1718857773485883,False,True,True,True,False,True,True,True,False,False,True,True,False,False,False,False,True,True,True,False,True,True,False,True,False,False,False,True,False,False,False,True,False,False,False,False,True,False,True,True,True
23545,15min,m15_2c_1atr,supply,4557.42,4552.86,2026-05-05 13:30:00+00:00,2026-05-05 12:45:00+00:00,2026-05-05 13:00:00+00:00,2026-05-05 13:15:00+00:00,2,1.150475812847067,0.6328310864393887,0.1666666666666999,2026-05-05 13:30:00+00:00,2026-05-05 13:40:00+00:00,4550.87,4558.196142857143,7.326142857143168,0.0,True,469424,469425,1,4550.91,0.8306709265176592,1.4905524247800883,1.0960747226175502,-20.306729325506677,1.0,tp1,2026,2026-05,2026-05-05,0.0409492424390131,0.9590507575609868,0.03-0.05R,2,2,1,0.8881578947368041,7,3,2,0.8881578947368041,0,0,0.0,4,4,0.5307017543859343,True,True,True,False,True,2,2,15,7,True,9,Tuesday,london_ny_overlap,bear,0.294,low,below,below,1.3444336882865515,0.0780141843972082,-0.7729498556291416,-0.5233120834313909,True,value_high_half,hvn,False,True,4.352904471267017,0.8896103896103896,True,True,0.3140358812000595,False,True,True,False,True,False,True,False,False,True,True,True,True,True,True,False,True,True,True,False,True,True,True,False,False,False,True,False,True,False,False,True,True,False,False,False,True,False,True,True,True
23547,15min,m15_2c_1atr,demand,4564.99,4559.22,2026-05-05 15:30:00+00:00,2026-05-05 14:45:00+00:00,2026-05-05 15:00:00+00:00,2026-05-05 15:15:00+00:00,2,1.367975830815692,0.6972809667673232,0.1039861351820473,2026-05-05 15:45:00+00:00,2026-05-05 16:05:00+00:00,4574.25,4557.938714285715,16.311285714285077,0.25,True,469453,469454,3,4574.34,0.9030797101449536,0.7546921938360484,1.10659578381319,8.201683321802037,-1.0,stop,2026,2026-05,2026-05-05,0.0183921736921857,-1.0183921736921857,<=0.03R,1,1,1,1.0,13,2,1,1.0,1,1,0.8058925476603149,4,4,0.8058925476603149,True,True,True,True,True,3,3,21,7,False,12,Tuesday,ny_main,bear,0.564,mid,above,above,1.085423993747575,0.8631201434548775,1.3242956898692515,2.1413413799200325,True,above_value,mid_volume,False,False,2.382093029366237,0.5194805194805194,False,False,,True,True,True,True,False,True,True,True,True,False,False,True,True,True,True,True,True,True,True,True,True,False,True,False,False,False,False,False,False,False,True,False,True,False,False,False,True,False,True,True,True
23560,15min,m15_2c_1atr,supply,4722.95,4707.63,2026-05-06 14:30:00+00:00,2026-05-06 13:45:00+00:00,2026-05-06 14:00:00+00:00,2026-05-06 14:15:00+00:00,2,1.071171283070483,1.3320084461557358,0.2578328981723168,2026-05-06 14:30:00+00:00,2026-05-06 14:45:00+00:00,4699.67,4724.530714285714,24.860714285713584,0.0,True,469713,469714,2,4699.64,0.8180428134556481,1.577991667863876,1.372848728630987,-2.1069386582388225,1.0,tp1,2026,2026-05,2026-05-06,0.0120672317195808,0.9879327682804192,<=0.03R,1,1,1,1.0,1,1,1,1.0,0,0,0.0,13,4,1.0,True,True,True,False,True,1,1,27,5,True,10,Wednesday,london_ny_overlap,bull,0.916,high,below,below,0.7896592244418312,0.1050384286934644,-0.7405796713311018,0.0304298420050528,True,above_value,mid_volume,False,False,6.216233299813419,0.3724928366762177,True,False,0.2292267545666765,False,False,True,False,True,True,True,True,True,False,True,True,True,True,True,False,True,True,True,False,True,False,True,False,False,False,False,False,False,False,True,False,False,False,False,False,True,False,True,True,True
23574,15min,m15_2c_1atr,supply,4744.55,4737.17,2026-05-07 12:00:00+00:00,2026-05-07 10:45:00+00:00,2026-05-07 11:00:00+00:00,2026-05-07 11:45:00+00:00,4,1.033236006709242,0.6418587314406424,0.0257452574526431,2026-05-07 12:15:00+00:00,2026-05-07 12:50:00+00:00,4736.09,4745.457857142857,9.367857142857249,0.25,True,469966,469967,6,4735.8,0.5333333333333333,1.084559664506263,1.048265345024738,1.5937476172321905,1.0,tp1,2026,2026-05,2026-05-07,0.0320243995425082,0.9679756004574918,0.03-0.05R,0,0,0,0.0,0,0,0,0.0,0,0,0.0,5,2,1.0,False,False,False,False,True,0,0,10,4,True,8,Thursday,london_ny_overlap,bull,0.874,high,inside,inside,0.8165115435754466,0.2433460076045556,-0.4428475569930451,0.0346761607880338,True,above_value,mid_volume,False,False,4.70865421273352,0.5755813953488372,True,False,0.2958384837247647,True,True,True,False,True,False,True,False,False,False,False,False,True,False,False,False,True,False,False,False,True,False,False,False,True,False,False,False,False,False,True,False,True,False,False,False,True,False,True,True,True
23616,15min,m15_2c_1atr,demand,4698.13,4687.28,2026-05-12 14:45:00+00:00,2026-05-12 14:00:00+00:00,2026-05-12 14:15:00+00:00,2026-05-12 14:30:00+00:00,2,1.5664858133949375,1.3510628835719984,0.245161290322559,2026-05-12 15:20:00+00:00,2026-05-12 15:40:00+00:00,4701.69,4686.023714285714,15.66628571428555,0.5833333333333334,True,470827,470828,3,4701.71,0.7281964436917927,0.6306536329150997,1.4310986285380416,-1.463652611613632,-1.0,stop,2026,2026-05,2026-05-12,0.0191494018091627,-1.0191494018091627,<=0.03R,3,3,2,1.0,21,4,2,1.0,0,0,0.0,12,4,1.0,True,True,True,False,True,3,3,45,7,False,11,Tuesday,london_ny_overlap,bull,0.578,mid,inside,inside,1.0011906533710768,0.6929217668973103,0.1747840416563863,0.1067984457124177,True,below_value,mid_volume,False,False,-2.300800627370907,0.5574712643678161,True,True,0.1166895133653262,True,True,True,True,False,True,True,True,True,False,False,True,True,True,True,False,True,True,True,True,True,True,False,False,True,False,False,False,False,True,False,True,False,False,True,False,True,False,True,True,True
23618,15min,m15_2c_1atr,supply,4687.97,4671.73,2026-05-12 18:15:00+00:00,2026-05-12 17:30:00+00:00,2026-05-12 17:45:00+00:00,2026-05-12 18:00:00+00:00,2,1.387463855983589,1.060348848055268,0.1564039408866906,2026-05-12 19:10:00+00:00,2026-05-12 19:25:00+00:00,4667.52,4689.506285714286,21.98628571428526,0.9166666666666666,True,470872,470873,2,4667.49,0.6531604538088505,0.1059751533423835,1.040648716082738,-1.405421561492891,-1.0,stop,2026,2026-05,2026-05-12,0.0136448695290573,-1.0136448695290574,<=0.03R,2,2,2,1.0,11,3,2,1.0,8,4,0.8146551724137876,16,4,0.8146551724137876,True,True,True,True,True,18,6,43,7,False,15,Tuesday,ny_main,bear,0.992,high,below,below,0.611573253329737,0.2248587570621361,-0.1768669000774532,-0.7948615354525002,True,below_value,mid_volume,False,True,-0.8823682295456925,0.5171102661596958,True,True,0.1383996937212785,True,False,True,False,True,True,True,True,True,False,True,True,True,True,False,True,True,True,True,True,True,True,True,False,False,False,False,False,False,True,False,True,False,False,False,False,True,False,True,True,True
23659,15min,m15_2c_1atr,supply,4562.6,4550.0,2026-05-15 12:15:00+00:00,2026-05-15 11:30:00+00:00,2026-05-15 11:45:00+00:00,2026-05-15 12:00:00+00:00,2,1.1767710415278847,0.9793471019320644,0.3182539682539764,2026-05-15 12:20:00+00:00,2026-05-15 12:40:00+00:00,4546.74,4563.982571428572,17.242571428571864,0.0833333333333333,True,471619,471620,3,4546.76,0.7558790593504793,0.8647202107739677,1.4980364214816726,0.1687683308753953,-1.0,stop,2026,2026-05,2026-05-15,0.0173987969974643,-1.0173987969974645,<=0.03R,0,0,0,0.0,0,0,0,0.0,0,0,0.0,9,4,0.7674603174603011,False,False,False,False,True,0,0,18,4,False,8,Friday,london_ny_overlap,bear,0.878,high,below,below,1.5245081314682518,0.0753690753690251,-0.998573343323556,-2.1934973815998533,True,below_value,mid_volume,False,False,-3.360867620010178,0.6976047904191617,True,True,0.3140358812000595,True,False,True,False,True,True,True,True,True,False,False,True,True,True,True,False,True,False,False,False,True,True,True,False,False,False,False,False,False,True,False,True,True,False,False,False,True,False,True,True,True
23722,15min,m15_2c_1atr,supply,4536.83,4529.63,2026-05-22 13:45:00+00:00,2026-05-22 13:00:00+00:00,2026-05-22 13:15:00+00:00,2026-05-22 13:30:00+00:00,2,2.568652738371602,0.8666494712406251,0.2041666666667071,2026-05-22 15:10:00+00:00,2026-05-22 15:30:00+00:00,4521.74,4537.945857142857,16.205857142856985,1.4166666666666667,True,473033,473034,3,4521.82,0.7681755829904515,1.9116545164446632,1.917208064103864,-2.6274451036221684,1.0,tp1,2026,2026-05,2026-05-22,0.0185118255304521,0.9814881744695478,<=0.03R,6,3,2,0.8791666666666788,23,4,2,1.0,2,1,0.9958333333333684,3,1,1.0,True,True,True,True,True,10,7,29,7,True,11,Friday,london_ny_overlap,bear,0.34,mid,below,below,1.4181034482758663,0.4209905660377853,-0.2614830754555003,-0.3576058495571331,True,value_high_half,mid_volume,False,True,0.4924145591099998,0.6060606060606061,False,False,,True,True,True,False,True,True,True,True,True,False,False,True,True,True,True,True,True,True,True,True,True,True,True,False,False,False,False,False,True,False,False,False,True,False,True,True,True,False,True,True,True
23754,15min,m15_2c_1atr,demand,4515.95,4503.79,2026-05-26 16:00:00+00:00,2026-05-26 15:15:00+00:00,2026-05-26 15:30:00+00:00,2026-05-26 15:45:00+00:00,2,1.3350369872225394,1.1448554135843858,0.3429276315789574,2026-05-26 16:50:00+00:00,2026-05-26 17:30:00+00:00,4517.74,4502.543142857143,15.19685714285697,0.8333333333333334,True,473579,473580,7,4517.7,0.6175438596493177,0.4783883885766195,1.0127093947996495,-5.197127225554186,-1.0,stop,2026,2026-05,2026-05-26,0.0197409238752375,-1.0197409238752375,<=0.03R,4,3,2,1.0,23,4,2,1.0,1,1,0.5180921052631791,7,4,0.9564144736842308,True,True,True,True,True,6,5,37,7,False,13,Tuesday,ny_main,bear,0.9,high,inside,inside,1.3635745627588067,0.566294919454804,0.2928699955270144,0.1382361313285068,True,value_low_half,mid_volume,False,True,-1.5055744608847936,0.6153846153846154,True,True,0.0548812664907631,True,True,True,True,False,True,True,True,True,False,False,False,True,True,False,True,True,True,True,True,True,False,False,False,True,False,False,True,False,False,False,True,False,False,False,False,True,False,True,True,True
23768,15min,m15_2c_1atr,supply,4498.74,4492.7,2026-05-27 12:45:00+00:00,2026-05-27 11:45:00+00:00,2026-05-27 12:00:00+00:00,2026-05-27 12:30:00+00:00,3,1.1604716047160362,0.7610476104760899,0.2417218543046432,2026-05-27 12:50:00+00:00,2026-05-27 13:00:00+00:00,4490.17,4499.478999999999,9.308999999999289,0.0833333333333333,True,473801,473802,1,4490.23,0.7770491803280849,13.269953808143647,0.0612310667096092,10.908797937480712,1.0,tp1,2026,2026-05,2026-05-27,0.0322268772156002,0.9677731227843998,0.03-0.05R,3,3,2,1.0,5,3,2,1.0,3,3,0.4701986754967157,5,3,1.0,True,True,True,True,True,9,7,15,7,True,9,Wednesday,london_ny_overlap,bear,0.358,mid,inside,inside,1.9350928641250216,0.1868131868132699,-0.5172063619034318,-0.8595250154266371,True,value_low_half,hvn,False,True,-1.1848748522936403,0.7619047619047619,True,True,0.368773772867228,True,True,True,False,True,False,True,False,False,True,True,True,True,True,True,True,True,True,True,True,True,True,False,False,True,False,True,True,False,False,False,True,True,False,False,False,True,False,True,True,True
23773,15min,m15_2c_1atr,demand,4441.59,4433.17,2026-05-27 19:45:00+00:00,2026-05-27 18:30:00+00:00,2026-05-27 18:45:00+00:00,2026-05-27 19:30:00+00:00,4,1.2515497553017665,0.6410005437737969,0.1971496437054442,2026-05-27 20:10:00+00:00,2026-05-27 20:20:00+00:00,4446.86,4432.4334285714285,14.426571428571153,0.4166666666666667,True,473889,473890,1,4446.85,0.6479217603913084,1.3849444477452917,1.04460024161765,4.2553423246787725,1.0,tp1,2026,2026-05,2026-05-27,0.0207949616778567,0.9792050383221432,<=0.03R,2,2,2,1.0,2,2,2,1.0,0,0,0.0,0,0,0.0,True,True,True,False,False,2,2,2,2,True,16,Wednesday,ny_main,bear,0.864,high,below,below,1.3287689622767485,0.8274559193954908,0.4517452802301669,0.527913237440372,True,below_value,mid_volume,False,False,-3.422157526785949,0.6951672862453532,False,False,,True,True,True,True,False,True,True,True,False,True,True,True,True,True,False,False,False,True,True,False,False,False,False,True,False,False,False,False,False,True,False,False,True,False,False,False,True,False,True,True,True
23800,15min,m15_2c_1atr,supply,4541.08,4535.5,2026-05-29 14:30:00+00:00,2026-05-29 13:45:00+00:00,2026-05-29 14:00:00+00:00,2026-05-29 14:15:00+00:00,2,1.2827918170878168,0.6714801444043174,0.0931899641576225,2026-05-29 14:55:00+00:00,2026-05-29 15:05:00+00:00,4529.34,4541.988,12.648000000000138,0.4166666666666667,True,474378,474379,1,4529.48,0.8753651411880337,1.308507273877293,1.5828589500315708,2.2240670461732925,1.0,tp1,2026,2026-05,2026-05-29,0.0237191650853887,0.9762808349146112,<=0.03R,0,0,0,0.0,12,4,2,0.9050179211469978,1,1,0.6344086021505394,7,2,1.0,False,True,False,True,True,2,2,26,7,True,11,Friday,london_ny_overlap,bull,0.686,high,inside,inside,0.6271498280137986,0.1191709844559687,-0.3689707297333327,0.1231043788467959,True,above_value,mid_volume,False,True,2.9680581910183075,0.6049382716049383,False,False,,True,True,True,False,True,True,True,True,False,True,True,True,True,True,True,True,True,False,True,False,True,False,False,False,True,False,False,False,False,False,True,False,True,False,False,False,True,False,True,True,True
23803,15min,m15_2c_1atr,demand,4526.92,4517.16,2026-05-29 16:45:00+00:00,2026-05-29 16:00:00+00:00,2026-05-29 16:15:00+00:00,2026-05-29 16:30:00+00:00,2,1.0779686333084693,1.0204630321135293,0.0215163934426261,2026-05-29 17:25:00+00:00,2026-05-29 17:35:00+00:00,4536.41,4515.568,20.841999999999643,0.6666666666666666,True,474408,474409,1,4536.37,0.6197053406997943,2.826504174263548,1.0776317052106523,-2.856731599654591,1.0,tp1,2026,2026-05,2026-05-29,0.0143940120909704,0.9856059879090296,<=0.03R,5,3,2,1.0,11,3,2,1.0,1,1,0.7858606557376948,3,1,1.0,True,True,True,True,True,7,5,17,7,True,13,Friday,ny_main,bull,0.912,high,above,above,0.4766247188279212,0.9023941068139872,0.5472182572964495,0.8791773608631821,True,value_high_half,hvn,False,True,1.0214950580558646,0.7823834196891192,False,False,,True,True,True,True,False,True,True,True,True,True,True,True,True,True,False,True,True,True,True,True,True,True,True,False,False,False,True,False,True,False,False,False,False,False,False,False,True,False,True,True,True
23828,15min,m15_2c_1atr,supply,4534.15,4524.07,2026-06-02 16:00:00+00:00,2026-06-02 15:15:00+00:00,2026-06-02 15:30:00+00:00,2026-06-02 15:45:00+00:00,2,2.405236329935096,1.6348470806301896,0.2946428571428845,2026-06-02 16:05:00+00:00,2026-06-02 16:10:00+00:00,4516.55,4535.366714285714,18.816714285713715,0.0833333333333333,True,474943,474944,0,4516.53,0.3303730017762151,4.7867017924795086,0.0919395370377196,3.295474388271937,1.0,tp1,2026,2026-06,2026-06-02,0.0159432723186837,0.9840567276813162,<=0.03R,3,1,1,0.8749999999999775,11,3,2,0.9692460317459918,1,1,0.918650793650822,9,2,1.0,True,True,True,True,True,5,5,29,7,True,12,Tuesday,ny_main,bull,0.21,low,below,below,1.052473763118505,0.1567862714508076,-1.2486205479578243,-1.6086044195579234,True,above_value,hvn,False,True,2.46376701564724,0.9672131147540984,False,False,,False,False,True,False,True,True,True,True,True,True,True,True,False,False,False,True,True,True,True,True,True,False,True,False,False,False,True,False,False,False,True,False,False,False,True,True,True,False,True,True,True
23837,15min,m15_2c_1atr,supply,4457.56,4450.77,2026-06-03 12:00:00+00:00,2026-06-03 11:15:00+00:00,2026-06-03 11:30:00+00:00,2026-06-03 11:45:00+00:00,2,1.3217707531995098,0.6648017343870091,0.2002945508099675,2026-06-03 12:00:00+00:00,2026-06-03 12:20:00+00:00,4450.14,4458.714714285715,8.574714285714435,0.0,True,475173,475174,3,4450.16,0.2091097308488702,1.2956699931693303,1.9790746880361416,-1.9732435899571572,1.0,tp1,2026,2026-06,2026-06-03,0.0349865884744175,0.9650134115255824,0.03-0.05R,0,0,0,0.0,11,4,2,1.0,1,1,0.3240058910163091,5,4,1.0,False,True,False,True,True,2,2,21,7,True,8,Wednesday,london_ny_overlap,bear,0.818,high,below,below,2.4197073041519888,0.0144230769230278,-1.0621733874079582,-1.8144340819666624,True,value_low_half,mid_volume,False,True,-3.9167485797109407,0.4946236559139785,True,True,0.1285349894643466,True,False,False,False,True,False,True,False,False,False,False,True,False,False,False,True,True,False,True,False,True,True,True,False,False,False,False,True,False,False,False,True,True,False,False,False,True,False,True,True,True
23838,15min,m15_2c_1atr,supply,4466.1,4458.05,2026-06-03 16:45:00+00:00,2026-06-03 16:00:00+00:00,2026-06-03 16:15:00+00:00,2026-06-03 16:30:00+00:00,2,3.278599014515895,0.7504328139565964,0.2521739130435539,2026-06-03 17:15:00+00:00,2026-06-03 17:35:00+00:00,4449.14,4467.8484285714285,18.70842857142816,0.5,True,475236,475237,3,4449.16,0.4534482758621446,1.354469719530578,1.3095701708168497,-1.496117105353605,1.0,tp1,2026,2026-06,2026-06-03,0.016035553112043,0.9839644468879568,<=0.03R,1,1,1,0.139130434782592,5,4,2,1.0,1,1,1.0,1,1,1.0,True,True,True,True,True,3,3,7,5,True,13,Wednesday,ny_main,bear,0.868,high,inside,inside,2.1422289968927073,0.1768488745981219,-0.1828948076094447,-0.4392571893949966,True,value_low_half,hvn,False,True,-1.3723760871723123,0.9936305732484076,False,False,,True,True,True,False,True,True,True,True,True,False,False,True,True,False,False,True,True,True,True,True,True,True,False,False,True,False,True,True,False,False,False,False,True,False,True,True,True,False,True,True,True
23852,15min,m15_2c_1atr,demand,4466.05,4459.65,2026-06-04 13:15:00+00:00,2026-06-04 11:45:00+00:00,2026-06-04 12:00:00+00:00,2026-06-04 13:00:00+00:00,5,1.1156957928802524,0.9061488673139754,0.0078125000000277,2026-06-04 13:20:00+00:00,2026-06-04 13:40:00+00:00,4469.11,4458.869142857143,10.24085714285684,0.0833333333333333,True,475465,475466,3,4469.1,0.344023323615216,4.527941299556522,1.1483413776748264,-0.4003571129648332,1.0,tp1,2026,2026-06,2026-06-04,0.0292944228998697,0.9707055771001304,<=0.03R,4,3,2,1.0,18,4,2,1.0,9,4,1.0,12,4,1.0,True,True,True,True,True,22,7,42,7,True,9,Thursday,london_ny_overlap,bear,0.232,low,inside,inside,1.1108585597686031,0.7665615141956578,0.4493201968319963,0.6133062147918638,True,value_low_half,hvn,True,True,-0.0390592305331241,0.9401709401709402,True,True,0.531714389271475,False,True,False,True,False,True,True,True,False,False,False,True,False,False,False,True,True,True,True,True,True,False,False,False,True,False,True,True,False,False,False,True,True,False,False,False,True,False,True,True,True
23889,15min,m15_2c_1atr,supply,4281.93,4263.23,2026-06-09 19:15:00+00:00,2026-06-09 18:30:00+00:00,2026-06-09 18:45:00+00:00,2026-06-09 19:00:00+00:00,2,1.109301771387765,1.039796647867231,0.0529411764706231,2026-06-09 19:15:00+00:00,2026-06-09 19:20:00+00:00,4254.52,4284.036428571429,29.51642857142815,0.0,True,476361,476362,0,4254.62,0.5009615384615594,5.002298961837323,0.6714904532584757,4.8318853907026105,1.0,tp1,2026,2026-06,2026-06-09,0.0101638312804008,0.9898361687195992,<=0.03R,1,1,1,0.1743315508021439,1,1,1,0.1743315508021439,0,0,0.0,0,0,0.0,True,True,True,False,False,1,1,1,1,True,15,Tuesday,ny_main,bear,0.988,high,below,below,0.635869565217385,0.7814371257485603,-0.9167542605564007,-2.075141604624142,True,below_value,mid_volume,False,False,-1.852188853665058,0.3217821782178218,False,False,,True,True,False,False,True,True,True,True,True,True,True,True,True,False,False,False,False,True,True,False,False,True,True,False,False,False,False,False,False,True,False,False,False,False,False,False,True,False,True,True,True
23910,15min,m15_2c_1atr,demand,4071.4,4057.0,2026-06-11 07:15:00+00:00,2026-06-11 06:15:00+00:00,2026-06-11 06:30:00+00:00,2026-06-11 07:00:00+00:00,3,1.1712457337884077,0.860068259385674,0.1576388888888866,2026-06-11 15:20:00+00:00,2026-06-11 15:45:00+00:00,4073.06,4055.2155714285714,17.84442857142858,8.083333333333334,True,476870,476871,4,4073.29,0.6180904522613129,1.094459254989563,1.1247208012104706,6.600379470182778,1.0,tp1,2026,2026-06,2026-06-11,0.0168119701227273,0.9831880298772726,<=0.03R,5,4,2,0.8430555555555413,5,4,2,0.8430555555555413,1,1,1.0,1,1,1.0,True,True,True,True,True,7,5,7,5,True,11,Thursday,london_ny_overlap,bear,0.556,mid,below,below,0.7103049421661692,0.799999999999988,0.1978983086789787,-0.2004394562154593,True,value_low_half,mid_volume,False,True,-1.5158793060659284,0.6273885350318471,False,False,,True,False,True,True,False,True,True,True,True,False,False,False,True,True,False,True,True,True,True,True,True,False,False,True,False,False,False,True,False,False,False,False,True,False,False,False,True,False,True,True,True
23913,15min,m15_2c_1atr,supply,4112.62,4104.2,2026-06-11 11:45:00+00:00,2026-06-11 11:00:00+00:00,2026-06-11 11:15:00+00:00,2026-06-11 11:30:00+00:00,2,1.3674623115578026,0.7404522613065377,0.2315914489310928,2026-06-11 19:15:00+00:00,2026-06-11 19:25:00+00:00,4087.85,4114.241857142857,26.391857142857138,7.5,True,476914,476915,1,4087.82,0.8342490842491251,0.6024585505269519,2.3344321571047404,-4.962515494497755,-1.0,stop,2026,2026-06,2026-06-11,0.0113671424627726,-1.0113671424627726,<=0.03R,11,4,2,1.0,11,4,2,1.0,4,4,0.6828978622327732,4,4,0.6828978622327732,True,True,True,True,True,19,7,19,7,False,15,Thursday,ny_main,bear,0.91,high,below,below,0.4505961811056587,0.002843938855312,-0.307809622366716,-0.1728972693502346,True,above_value,hvn,False,True,0.7259814986224052,0.7914691943127962,False,False,,False,True,False,False,True,True,True,True,True,True,True,True,True,True,True,True,True,True,True,True,True,True,True,False,False,False,True,False,False,False,True,False,True,False,False,False,True,False,True,True,True
23947,15min,m15_2c_1atr,supply,4359.79,4349.6,2026-06-15 19:30:00+00:00,2026-06-15 18:30:00+00:00,2026-06-15 18:45:00+00:00,2026-06-15 19:15:00+00:00,3,1.4326768066166045,0.9999299081796692,0.3415112855740628,2026-06-16 15:40:00+00:00,2026-06-16 16:05:00+00:00,4347.37,4360.754142857143,13.38414285714316,20.166666666666668,True,477702,477703,4,4347.44,0.9418758256275276,2.542561026374418,0.1710979944283681,0.3519089754400143,1.0,tp1,2026,2026-06,2026-06-16,0.0224145844229306,0.9775854155770692,<=0.03R,4,4,2,1.0,4,4,2,1.0,3,3,0.5652600588812997,4,3,0.5652600588812997,True,True,True,True,True,10,7,12,7,True,12,Tuesday,ny_main,bull,0.076,low,inside,inside,0.5441308243727847,0.1231135822081146,-0.3594165798012508,0.2095506300624612,True,above_value,mid_volume,False,False,2.3867796646350468,0.5080645161290323,True,False,0.29147797447509,True,True,True,False,True,True,True,True,False,False,False,False,True,True,True,True,True,True,True,True,True,False,False,False,True,False,False,False,False,False,True,False,True,False,False,False,True,False,True,True,True
23963,15min,m15_2c_1atr,demand,4327.36,4321.63,2026-06-16 19:00:00+00:00,2026-06-16 17:45:00+00:00,2026-06-16 18:00:00+00:00,2026-06-16 18:45:00+00:00,4,1.1324194358717308,0.5757554008468742,0.0680628272250345,2026-06-16 20:20:00+00:00,2026-06-16 20:35:00+00:00,4337.35,4320.811571428571,16.538428571428994,1.3333333333333333,True,477756,477757,2,4337.45,0.7108753315649119,0.7443270651037345,1.1851186414324997,-2.0963297601257183,-1.0,stop,2026,2026-06,2026-06-16,0.0181395710423338,-1.0181395710423338,<=0.03R,7,4,2,1.0,8,4,2,1.0,6,4,1.0,7,4,1.0,True,True,True,True,True,19,7,22,7,False,16,Tuesday,ny_main,bull,0.402,mid,below,below,0.3740087766572058,0.7374784110534636,0.1220355148815182,0.2064166982175815,True,value_high_half,hvn,True,True,0.1055118382295685,0.9175257731958762,True,False,0.2582993593476952,True,True,True,True,False,True,True,True,True,False,True,True,True,True,True,True,True,True,True,True,True,True,False,True,False,False,True,False,True,False,False,False,True,False,False,False,True,False,True,True,True
23977,15min,m15_2c_1atr,demand,4334.41,4324.17,2026-06-17 16:45:00+00:00,2026-06-17 16:00:00+00:00,2026-06-17 16:15:00+00:00,2026-06-17 16:30:00+00:00,2,1.6783625730994416,1.7465886939570794,0.1708984375000036,2026-06-17 17:45:00+00:00,2026-06-17 18:15:00+00:00,4348.17,4322.550714285714,25.61928571428598,1.0,True,478004,478005,5,4348.18,0.674778761061922,1.3368834862129395,1.235397440544206,-4.739398332729204,1.0,tp1,2026,2026-06,2026-06-17,0.0117099283463907,0.9882900716536092,<=0.03R,14,4,2,1.0,23,4,2,1.0,8,4,1.0,9,4,1.0,True,True,True,True,True,30,7,41,7,True,14,Wednesday,ny_main,bull,0.586,mid,above,above,0.4144045832765112,0.6392939370682662,0.7640211936568351,1.4570941248722422,True,value_high_half,hvn,True,True,0.1186606072434244,0.9887640449438202,True,False,0.2636466591166573,True,True,True,True,False,True,True,True,True,False,False,False,True,True,False,True,True,True,True,True,True,True,True,False,False,False,True,False,True,False,False,False,False,False,True,False,True,False,True,True,True
23978,15min,m15_2c_1atr,demand,4345.28,4339.39,2026-06-17 17:30:00+00:00,2026-06-17 16:45:00+00:00,2026-06-17 17:00:00+00:00,2026-06-17 17:15:00+00:00,2,2.70012171145018,0.772025091283515,0.3123938879457262,2026-06-17 17:45:00+00:00,2026-06-17 18:15:00+00:00,4348.17,4337.770714285714,10.399285714285725,0.25,True,478004,478005,5,4348.18,0.674778761061922,3.2934954323785943,3.043478260869527,-11.6758019094718,1.0,tp1,2026,2026-06,2026-06-17,0.028848135174119,0.9711518648258808,<=0.03R,0,0,0,0.0,4,3,2,1.0,1,1,1.0,1,1,1.0,False,True,False,True,True,2,2,6,5,True,14,Wednesday,ny_main,bull,0.586,mid,above,above,0.4144045832765112,0.6392939370682662,0.7640211936568351,1.4570941248722422,True,above_value,hvn,False,True,1.546740847585688,0.9550561797752808,False,False,,True,True,True,True,False,True,True,True,False,False,False,False,True,True,False,True,True,False,True,False,True,True,True,False,False,False,True,False,False,False,True,False,True,False,True,True,True,False,True,True,True
23980,15min,m15_2c_1atr,demand,4355.38,4331.09,2026-06-17 18:30:00+00:00,2026-06-17 17:45:00+00:00,2026-06-17 18:00:00+00:00,2026-06-17 18:15:00+00:00,2,1.0293275132996629,2.3193288773700704,0.3071222725401419,2026-06-17 18:30:00+00:00,2026-06-17 18:35:00+00:00,4359.03,4329.634714285715,29.39528571428491,0.0,True,478008,478009,0,4359.08,0.5576036866359427,0.7957058226052126,1.4461502573299083,-4.5000413088591635,-1.0,stop,2026,2026-06,2026-06-17,0.0102057181180658,-1.010205718118066,<=0.03R,7,4,2,0.3174145738987257,15,4,2,0.6422396047756438,3,1,0.6422396047756438,3,1,0.6422396047756438,True,True,True,True,True,13,7,21,7,False,14,Wednesday,ny_main,bull,0.59,mid,above,above,0.4101525583907243,0.5499231950844558,0.8027732864540467,1.5544702473164465,True,above_value,mid_volume,False,True,0.4757565596038565,0.6292134831460674,True,False,0.2636466591166573,True,True,True,True,False,True,True,True,True,True,True,True,True,False,False,True,True,True,True,True,True,True,True,False,False,False,False,False,False,False,True,False,False,True,False,False,True,False,True,True,True
23991,15min,m15_2c_1atr,supply,4272.76,4263.65,2026-06-18 14:00:00+00:00,2026-06-18 13:15:00+00:00,2026-06-18 13:30:00+00:00,2026-06-18 13:45:00+00:00,2,1.4886999157282204,0.9770933884931446,0.1339187705817976,2026-06-18 15:20:00+00:00,2026-06-18 15:35:00+00:00,4250.22,4274.117285714286,23.897285714285317,1.3333333333333333,True,478248,478249,2,4250.14,0.5599571734475365,0.3787040966995793,1.1126786664355433,0.9821199060264136,-1.0,stop,2026,2026-06,2026-06-18,0.0125537269624167,-1.0125537269624167,<=0.03R,5,4,2,1.0,6,4,2,1.0,1,1,1.0,1,1,1.0,True,True,True,True,True,7,5,8,5,False,11,Thursday,london_ny_overlap,bear,0.612,mid,below,below,1.0842052815147465,0.1079512478235472,-0.8398271260723936,-2.051885058860179,True,value_high_half,hvn,True,True,0.0608855757677181,0.9780564263322884,False,False,,True,True,True,False,True,True,True,True,True,False,True,True,True,False,False,True,True,True,True,True,True,True,True,False,False,False,True,False,True,False,False,False,True,False,False,False,True,False,True,True,True
