zone_id,zone_tf,spec_name,direction,upper,lower,created_timestamp,base_timestamp,impulse_start_timestamp,impulse_end_timestamp,impulse_candles,impulse_atr,zone_width_atr,base_body_ratio,touch_timestamp,entry_timestamp,entry_price,stop_price,risk_units,touch_delay_hours,confirmed,confirm_i,entry_i,bars_to_confirm,confirm_close,confirm_body_ratio,mfe_24h_r,mae_24h_r,close_24h_r,bracket_1r_outcome_r,first_event_24h,year,month,date,cost_r,net_1r_after_cost,cost_bucket,same_dir_intraday_overlap_24h,same_dir_intraday_distinct_specs_24h,same_dir_intraday_distinct_tfs_24h,same_dir_intraday_max_overlap_ratio_24h,same_dir_intraday_overlap_7d,same_dir_intraday_distinct_specs_7d,same_dir_intraday_distinct_tfs_7d,same_dir_intraday_max_overlap_ratio_7d,same_dir_h1_overlap_96h,same_dir_h1_distinct_specs_96h,same_dir_h1_max_overlap_ratio_96h,same_dir_h1_overlap_30d,same_dir_h1_distinct_specs_30d,same_dir_h1_max_overlap_ratio_30d,has_intraday_stack,has_intraday_stack_7d,has_cross_tf_intraday_stack,has_h1_stack,has_h1_stack_30d,stack_score,stack_score_capped,stack_score_7d_30d,stack_score_7d_30d_capped,winner,entry_ny_hour,entry_weekday,entry_session,trend_ema50_200,atr_pct_rank_500,vol_regime,orb30_state,orb15_state,orb30_width_atr,entry_close_location,entry_ema8_distance_atr,entry_ema20_distance_atr,profile_complete,profile_location,volume_node,zone_contains_poc,zone_overlaps_value,poc_distance_r,zone_volume_percentile,ob_overlap_30d,ob_fvg_bos_overlap_30d,ob_min_discount_position_30d,recent_fvg_20,zone_fvg_overlap_100,opposite_fvg_20,dir_demand,dir_supply,cost_le_0p03,cost_le_0p05,risk_ge_10,risk_ge_15,fast_confirm_1,fast_confirm_2,fast_confirm_3,body_ge_45,body_ge_60,body_ge_70,h1_stack_96,h1_stack_30d,intraday_stack_24h,intraday_stack_7d,stack_score3,stack_7d30d_score3,trend_aligned,orb_continuation,orb_reversal,orb_inside,vp_lvn,vp_hvn,vp_value_low,vp_value_high,vp_below_value,vp_above_value,ob_quality,tight_zone,wide_zone,impulse_ge_1p5,impulse_ge_2,base_body_low,base_body_high,ny_main_or_overlap,avoid_after_hours,ema8_aligned
453,15min,m15_2c_1atr,supply,1491.29,1486.18,2019-10-16 16:30:00+00:00,2019-10-16 15:45:00+00:00,2019-10-16 16:00:00+00:00,2019-10-16 16:15:00+00:00,2,1.2529456004011716,1.793431937829011,0.6516634050881056,2019-10-16 16:30:00+00:00,2019-10-16 16:40:00+00:00,1485.39,1491.712,6.321999999999889,0.0,True,5661,5662,1,1485.44,0.4968750000000027,0.4745333755140861,1.1784245491932852,-1.0423916482125963,-1.0,stop,2019,2019-10,2019-10-16,0.0474533375514086,-1.0474533375514086,0.03-0.05R,1,1,1,0.5048923679060622,6,3,2,0.5048923679060622,0,0,0.0,2,2,0.2426614481409067,True,True,True,False,True,1,1,10,7,False,12,Wednesday,ny_main,bear,0.93,high,above,above,0.7877237851662725,0.1154639175257641,-0.263799351147137,0.1695811142552278,True,above_value,mid_volume,False,False,1.183960771907665,0.3666666666666666,False,False,,True,True,True,False,True,False,True,False,False,True,True,True,True,False,False,False,True,True,True,False,True,True,False,True,False,False,False,False,False,False,True,False,False,False,False,False,False,True,True,True,True
1488,15min,m15_2c_1atr,supply,1588.51,1585.82,2020-01-31 19:00:00+00:00,2020-01-31 18:15:00+00:00,2020-01-31 18:30:00+00:00,2020-01-31 18:45:00+00:00,2,2.0146947048391395,0.9541423866227702,0.6059479553903628,2020-01-31 19:35:00+00:00,2020-01-31 19:45:00+00:00,1581.89,1588.876,6.985999999999876,0.5833333333333334,True,26204,26205,1,1581.82,0.7936893203883223,0.0085886057830194,1.0062983109075432,0.687088462639603,-1.0,stop,2020,2020-01,2020-01-31,0.0429430289149735,-1.0429430289149737,0.03-0.05R,3,2,1,1.0,6,4,2,1.0,4,4,0.0594795539033749,4,4,0.0594795539033749,True,True,True,True,True,11,7,14,7,False,14,Friday,ny_main,bull,0.94,high,above,above,0.7095260441107673,0.5700325732898719,-0.0018334737067737,0.2015862833182387,True,above_value,mid_volume,False,True,0.4888348124821105,0.3611111111111111,False,False,,True,True,True,False,True,False,True,False,False,True,True,True,True,True,True,True,True,True,True,True,True,False,False,True,False,False,False,False,False,False,True,False,True,False,True,True,False,False,True,True,True
1688,15min,m15_2c_1atr,supply,1647.78,1643.65,2020-02-21 18:15:00+00:00,2020-02-21 17:30:00+00:00,2020-02-21 17:45:00+00:00,2020-02-21 18:00:00+00:00,2,1.056508395017112,1.0438707347896456,0.4479418886198455,2020-02-21 18:15:00+00:00,2020-02-21 18:25:00+00:00,1642.0,1648.1891428571428,6.18914285714277,0.0,True,30280,30281,1,1641.91,0.7665369649805065,0.5897424060567121,1.0437632720893937,-5.184885975440924,-1.0,stop,2020,2020-02,2020-02-21,0.0484719785800025,-1.0484719785800023,0.03-0.05R,0,0,0,0.0,0,0,0,0.0,0,0,0.0,0,0,0.0,False,False,False,False,False,0,0,0,0,False,13,Friday,ny_main,bull,1.0,high,above,above,0.4877873563218522,0.3173652694611157,-0.3089514037244835,0.2400043517884834,True,above_value,hvn,False,False,1.9332240790324575,0.7611940298507462,False,False,,True,False,True,False,True,False,True,False,False,True,True,True,True,True,True,False,False,False,False,False,False,False,False,True,False,False,True,False,False,False,True,False,False,False,False,False,False,False,True,True,True
1752,15min,m15_2c_1atr,demand,1641.66,1635.62,2020-02-28 00:00:00+00:00,2020-02-27 22:45:00+00:00,2020-02-27 23:00:00+00:00,2020-02-27 23:45:00+00:00,4,1.8638388878987653,1.5070397433612928,0.692052980132439,2020-02-28 01:05:00+00:00,2020-02-28 01:10:00+00:00,1646.46,1635.1561428571426,11.303857142857396,1.0833333333333333,True,31453,31454,0,1646.43,0.7032040472175427,0.2680500966800123,1.027967697498945,-5.40965789174354,-1.0,stop,2020,2020-02,2020-02-28,0.0265396135326747,-1.0265396135326748,<=0.03R,7,4,2,1.0,31,4,2,1.0,12,4,1.0,13,4,1.0,True,True,True,True,True,31,7,57,7,False,20,Thursday,after_hours,bear,0.67,high,below,below,0.9530936302244908,0.8661654135338214,1.2011656885476627,1.0708486474018315,True,below_value,mid_volume,False,False,-0.7174542191666513,0.2708333333333333,False,False,,True,True,True,True,False,True,True,True,False,True,True,True,True,True,True,True,True,True,True,True,True,False,False,True,False,False,False,False,False,True,False,False,False,False,True,False,False,True,False,False,True
1783,15min,m15_2c_1atr,demand,1596.95,1591.44,2020-03-02 19:15:00+00:00,2020-03-02 18:15:00+00:00,2020-03-02 18:30:00+00:00,2020-03-02 19:00:00+00:00,3,1.487539173257758,1.1511714669452382,0.4791288566242971,2020-03-02 19:20:00+00:00,2020-03-02 19:30:00+00:00,1598.03,1591.057,6.972999999999956,0.0833333333333333,True,31949,31950,1,1598.05,0.5161290322580487,0.4961996271332365,1.0942205650365595,6.384626416176719,-1.0,stop,2020,2020-03,2020-03-02,0.0430230890577946,-1.0430230890577947,0.03-0.05R,7,3,2,0.8566243194192441,7,3,2,0.8566243194192441,1,1,0.1633393829401256,3,2,0.3593466424682434,True,True,True,True,True,9,5,13,7,False,14,Monday,ny_main,bear,0.686,high,below,below,1.3727161997564097,0.6965317919075308,0.563390875506032,0.5055153218063284,True,value_low_half,hvn,False,True,-0.7966441990534735,0.8235294117647058,False,False,,True,True,True,True,False,False,True,False,False,True,True,True,True,False,False,True,True,True,True,True,True,False,False,True,False,False,True,True,False,False,False,False,False,False,False,False,False,False,True,True,True
1809,15min,m15_2c_1atr,demand,1640.07,1633.98,2020-03-04 21:45:00+00:00,2020-03-04 20:45:00+00:00,2020-03-04 21:00:00+00:00,2020-03-04 21:30:00+00:00,3,1.0124602980698862,2.0830686537991383,0.6239737274220042,2020-03-04 21:45:00+00:00,2020-03-04 21:50:00+00:00,1640.26,1633.6704285714286,6.589571428571389,0.0,True,32529,32530,0,1640.29,0.6829268292682792,5.214299650963659,0.9439157109718918,5.108071194744986,1.0,tp1,2020,2020-03,2020-03-04,0.0455264812365862,0.9544735187634138,0.03-0.05R,10,4,2,0.8653530377668395,20,4,2,1.0,6,3,1.0,24,4,1.0,True,True,True,True,True,22,7,68,7,True,16,Wednesday,ny_main,bull,0.202,low,below,below,1.9568381430363573,0.5917431192660211,0.2008037228001487,-0.1314471799562173,True,below_value,mid_volume,False,True,-0.8687970169315066,0.7083333333333334,True,True,0.1600318471337579,True,True,True,True,False,False,True,False,False,True,True,True,True,True,False,True,True,True,True,True,True,True,False,True,False,False,False,False,False,True,False,True,False,True,False,False,False,False,True,True,True
1854,15min,m15_2c_1atr,demand,1656.05,1649.98,2020-03-10 16:45:00+00:00,2020-03-10 16:00:00+00:00,2020-03-10 16:15:00+00:00,2020-03-10 16:30:00+00:00,2,1.5353118552610938,1.3486748135216542,0.5551894563426941,2020-03-10 16:45:00+00:00,2020-03-10 16:50:00+00:00,1658.82,1649.357142857143,9.462857142857048,0.0,True,33585,33586,0,1658.8,0.4513274336282972,0.3170289855072496,1.333635265700485,-1.1000905797101408,-1.0,stop,2020,2020-03,2020-03-10,0.0317028985507249,-1.031702898550725,0.03-0.05R,4,4,2,0.7775947281713471,7,4,2,1.0,1,1,0.7775947281713471,8,3,0.7990115321251994,True,True,True,True,True,6,5,23,7,False,12,Tuesday,ny_main,bear,0.678,high,below,below,0.8884781269254253,0.5648535564853684,0.2604223003598343,-0.1441398618725111,True,below_value,mid_volume,False,False,-1.0287590579710382,0.4761904761904761,False,False,,True,True,True,True,False,False,True,False,False,True,True,True,True,False,False,True,True,True,True,True,True,False,False,True,False,False,False,False,False,True,False,False,False,False,True,False,False,False,True,True,True
1861,15min,m15_2c_1atr,demand,1662.3,1659.02,2020-03-11 09:00:00+00:00,2020-03-11 08:15:00+00:00,2020-03-11 08:30:00+00:00,2020-03-11 08:45:00+00:00,2,1.667472793228479,1.388149939540509,0.939024390243888,2020-03-11 09:00:00+00:00,2020-03-11 09:05:00+00:00,1665.84,1658.6467142857143,7.193285714285594,0.0,True,33768,33769,0,1665.88,0.6359447004608918,0.1112148233471961,1.016225448334766,-3.429587114968359,-1.0,stop,2020,2020-03,2020-03-11,0.041705558755189,-1.041705558755189,0.03-0.05R,7,4,2,0.7256097560976003,20,4,2,1.0,2,1,1.0,9,4,1.0,True,True,True,True,True,11,7,38,7,False,5,Wednesday,asia_late,bear,0.19,low,below,below,1.4957936062815325,0.4654471544715304,0.6369115395490509,1.2933576531791258,True,value_low_half,hvn,False,True,-0.2905487259945041,0.7551020408163265,True,True,0.0664062499999931,True,True,False,True,False,False,True,False,False,True,True,True,True,True,False,True,True,True,True,True,True,False,False,True,False,False,True,True,False,False,False,True,False,False,True,False,False,True,False,True,True
1906,15min,m15_2c_1atr,supply,1550.89,1544.37,2020-03-16 07:30:00+00:00,2020-03-16 06:45:00+00:00,2020-03-16 07:00:00+00:00,2020-03-16 07:15:00+00:00,2,1.1394444444444178,1.2677777777778103,0.2423312883435393,2020-03-16 07:45:00+00:00,2020-03-16 07:50:00+00:00,1541.18,1551.5794285714287,10.399428571428643,0.25,True,34581,34582,0,1541.22,0.4797843665768073,8.650475300840649,0.6086872905104564,5.597422935326081,1.0,tp1,2020,2020-03,2020-03-16,0.0288477388867518,0.971152261113248,<=0.03R,6,4,2,0.579754601227006,6,4,2,0.579754601227006,0,0,0.0,0,0,0.0,True,True,True,False,False,6,3,6,3,True,3,Monday,asia_late,bear,0.468,mid,above,above,3.3177809388335566,0.0346420323325832,-0.4781865220834362,-0.495380244973085,True,value_high_half,hvn,True,True,0.0365404692565628,0.9148936170212766,False,False,,True,True,True,False,True,True,True,True,False,True,True,True,True,False,False,False,False,True,True,True,True,True,False,True,False,False,True,False,True,False,False,False,False,False,False,False,True,False,False,True,True
2049,15min,m15_2c_1atr,demand,1586.56,1583.64,2020-04-01 09:00:00+00:00,2020-04-01 08:15:00+00:00,2020-04-01 08:30:00+00:00,2020-04-01 08:45:00+00:00,2,1.654681381274448,1.4553221787112125,0.5753424657533991,2020-04-01 09:00:00+00:00,2020-04-01 09:05:00+00:00,1589.48,1583.3375714285714,6.142428571428582,0.0,True,37883,37884,0,1589.46,0.5428571428571779,1.776170430495161,1.4456822569016596,1.2893922831825573,1.0,tp1,2020,2020-04,2020-04-01,0.0488406167872176,0.9511593832127824,0.03-0.05R,2,2,1,0.2602739726027503,2,2,1,0.2602739726027503,0,0,0.0,2,2,1.0,True,True,True,False,True,2,2,6,6,True,5,Wednesday,asia_late,bear,0.056,low,below,below,1.440963855421595,0.7080924855491194,1.004239150606855,1.904210107849664,True,below_value,mid_volume,False,False,-3.1990603995627698,0.6767676767676768,False,False,,True,True,False,True,False,False,True,False,False,True,True,True,True,False,False,False,True,True,True,False,True,False,False,True,False,False,False,False,False,True,False,False,False,False,True,False,False,False,False,True,True
2084,15min,m15_2c_1atr,demand,1628.79,1623.84,2020-04-06 10:45:00+00:00,2020-04-06 09:45:00+00:00,2020-04-06 10:00:00+00:00,2020-04-06 10:30:00+00:00,3,1.2252883031301554,1.427100494233959,0.8222222222222018,2020-04-06 10:45:00+00:00,2020-04-06 10:50:00+00:00,1630.77,1623.2284285714286,7.5415714285713875,0.0,True,38730,38731,0,1630.81,0.6688524590163915,5.733553067757794,0.3434297512833537,3.3998219393457534,1.0,tp1,2020,2020-04,2020-04-06,0.0397795078706599,0.96022049212934,0.03-0.05R,0,0,0,0.0,0,0,0,0.0,0,0,0.0,0,0,0.0,False,False,False,False,False,0,0,0,0,True,6,Monday,asia_late,bull,0.512,mid,below,below,1.2058474911102135,0.6612149532710152,1.3620397111607487,2.3163629408274313,True,value_high_half,mid_volume,False,True,1.0694057699229167,0.4,False,False,,True,True,False,True,False,False,True,False,False,True,True,True,True,True,False,False,False,False,False,False,False,True,False,True,False,False,False,False,True,False,False,False,False,False,False,False,False,True,False,True,True
2126,15min,m15_2c_1atr,supply,1689.87,1682.79,2020-04-09 21:00:00+00:00,2020-04-09 20:00:00+00:00,2020-04-09 20:15:00+00:00,2020-04-09 20:45:00+00:00,3,1.0749728359290278,1.196667873958693,0.8559322033898316,2020-04-09 21:00:00+00:00,2020-04-09 21:05:00+00:00,1677.86,1690.7131428571429,12.853142857142757,0.0,True,39677,39678,0,1677.71,0.7854889589905493,0.2606366425109984,1.0207620148490812,-3.1432001066998936,-1.0,stop,2020,2020-04,2020-04-09,0.0233405948517318,-1.0233405948517318,<=0.03R,1,1,1,0.3403954802260037,1,1,1,0.3403954802260037,0,0,0.0,0,0,0.0,True,True,True,False,False,1,1,1,1,False,17,Thursday,after_hours,bull,0.888,high,above,above,0.551698579369989,0.7965299684542618,-0.332426023931327,0.2239049941714005,True,above_value,mid_volume,False,False,2.9626995065131547,0.4468085106382978,False,False,,True,True,True,False,True,True,True,True,False,True,True,True,True,True,True,False,False,True,True,False,False,False,False,True,False,False,False,False,False,False,True,False,False,False,False,False,False,True,False,False,True
2148,15min,m15_2c_1atr,supply,1738.6,1732.48,2020-04-14 22:00:00+00:00,2020-04-14 20:45:00+00:00,2020-04-14 21:00:00+00:00,2020-04-14 21:45:00+00:00,4,1.1557061450793424,1.319574926844269,0.4705882352941439,2020-04-14 22:00:00+00:00,2020-04-14 22:05:00+00:00,1728.39,1739.2614285714285,10.871428571428396,0.0,True,40240,40241,0,1728.19,0.9227722772277024,1.9197109067017504,0.2768725361366659,0.708278580814733,1.0,tp1,2020,2020-04,2020-04-14,0.027595269382392,0.972404730617608,<=0.03R,0,0,0,0.0,0,0,0,0.0,0,0,0.0,0,0,0.0,False,False,False,False,False,0,0,0,0,True,18,Tuesday,after_hours,bull,0.784,high,above,above,0.6335602723267677,0.4077603812117077,-1.6616935288051753,-1.7324260487972385,True,value_low_half,hvn,True,True,-0.0193166885676777,1.0,False,False,,True,True,True,False,True,True,True,True,False,True,True,True,True,True,True,False,False,False,False,False,False,False,False,True,False,False,True,True,False,False,False,False,False,False,False,False,False,False,False,False,True
2171,15min,m15_2c_1atr,demand,1718.22,1709.93,2020-04-16 23:00:00+00:00,2020-04-16 21:15:00+00:00,2020-04-16 21:30:00+00:00,2020-04-16 22:45:00+00:00,6,1.1125827814569536,1.5372185430463507,0.587454764776829,2020-04-16 23:00:00+00:00,2020-04-16 23:05:00+00:00,1719.11,1709.496,9.613999999999804,0.0,True,40804,40805,0,1719.1,0.4519230769229602,0.0384855419180492,1.0682338256709163,-3.900561680882126,-1.0,stop,2020,2020-04,2020-04-16,0.031204493447057,-1.031204493447057,0.03-0.05R,6,4,2,0.2846803377563221,32,4,2,0.9746682750301524,6,3,0.9746682750301524,6,3,0.9746682750301524,True,True,True,True,True,18,7,44,7,False,19,Thursday,after_hours,bull,0.732,high,below,below,0.9943239703100236,0.551601423487539,0.3473160325911548,0.1463397416190811,True,below_value,hvn,False,True,-0.9023299355107272,0.8,False,False,,False,True,True,True,False,False,True,False,False,True,True,True,True,False,False,True,True,True,True,True,True,True,False,True,False,False,True,False,False,True,False,False,False,False,False,False,False,False,False,False,True
2177,15min,m15_2c_1atr,supply,1705.78,1696.7,2020-04-17 10:30:00+00:00,2020-04-17 09:45:00+00:00,2020-04-17 10:00:00+00:00,2020-04-17 10:15:00+00:00,2,1.7014997000600085,1.5251349730053885,0.6134361233480156,2020-04-17 10:30:00+00:00,2020-04-17 10:35:00+00:00,1696.47,1706.5132857142858,10.04328571428573,0.0,True,40930,40931,0,1696.6,0.5869120654396658,2.4882295207885834,0.5426510959703037,1.9007723710225624,1.0,tp1,2020,2020-04,2020-04-17,0.0298707025304751,0.9701292974695248,<=0.03R,3,3,2,0.0859030837004382,3,3,2,0.0859030837004382,0,0,0.0,0,0,0.0,True,True,True,False,False,3,3,3,3,True,6,Friday,asia_late,bear,0.934,high,above,above,1.3303093742731018,0.3558282208589068,-0.4409766877562722,-1.0954882318155026,True,below_value,lvn,False,False,-2.1417293714350696,0.0849056603773584,False,False,,True,True,True,False,True,True,True,True,False,True,True,True,True,False,False,False,False,True,True,True,True,True,False,True,False,True,False,False,False,True,False,False,False,False,True,False,False,False,False,True,True
2200,15min,m15_2c_1atr,supply,1697.64,1692.79,2020-04-20 21:30:00+00:00,2020-04-20 20:15:00+00:00,2020-04-20 20:30:00+00:00,2020-04-20 21:15:00+00:00,4,1.7519453708114705,1.078291249801523,0.3010309278350506,2020-04-20 21:45:00+00:00,2020-04-20 21:55:00+00:00,1690.43,1698.2074285714286,7.7774285714285725,0.25,True,41341,41342,1,1690.49,0.7000000000000134,3.984607472172221,0.9720436427757908,0.7354615921531205,1.0,tp1,2020,2020-04,2020-04-20,0.038573160427611,0.961426839572389,0.03-0.05R,2,2,2,1.0,9,4,2,1.0,0,0,0.0,0,0,0.0,True,True,True,False,False,2,2,9,3,True,17,Monday,after_hours,bear,0.63,mid,above,above,1.3984608135699466,0.2380106571936269,-0.4435407079267424,-0.4025535465377931,True,above_value,mid_volume,False,False,1.667003416479942,0.7049180327868853,False,False,,True,True,True,False,True,False,True,False,False,True,True,True,True,True,True,False,False,True,True,False,True,True,False,True,False,False,False,False,False,False,True,False,False,False,True,False,True,False,False,False,True
2227,15min,m15_2c_1atr,demand,1711.25,1708.16,2020-04-23 08:00:00+00:00,2020-04-23 06:15:00+00:00,2020-04-23 06:30:00+00:00,2020-04-23 07:45:00+00:00,6,1.2748678519942316,1.0394041326285248,0.0776699029126263,2020-04-23 10:20:00+00:00,2020-04-23 10:30:00+00:00,1714.27,1707.6247142857144,6.645285714285592,2.3333333333333335,True,42032,42033,1,1714.26,0.7259887005649612,3.67177590988249,0.1053378334802418,2.1293290624933348,1.0,tp1,2020,2020-04,2020-04-23,0.0451447857772435,0.9548552142227564,0.03-0.05R,3,2,2,0.9741100323624824,6,2,2,1.0,1,1,0.928802588996753,2,1,1.0,True,True,True,True,True,5,5,10,7,True,6,Thursday,asia_late,bull,0.298,low,below,below,1.4493257938234054,0.8402777777777712,0.6199675168673687,0.9427214840342818,True,value_low_half,hvn,True,True,-0.0820130274953367,0.9692307692307692,False,False,,True,True,True,True,False,False,True,False,False,True,True,True,True,True,True,True,True,True,True,True,True,True,False,True,False,False,True,True,False,False,False,False,False,False,False,False,True,False,False,True,True
2345,15min,m15_2c_1atr,demand,1687.49,1684.33,2020-05-06 21:30:00+00:00,2020-05-06 20:45:00+00:00,2020-05-06 21:00:00+00:00,2020-05-06 21:15:00+00:00,2,1.0038376085639185,0.893556857200593,0.7848101265822639,2020-05-06 22:00:00+00:00,2020-05-06 22:10:00+00:00,1690.03,1684.0065714285713,6.023428571428667,0.5,True,44654,44655,1,1690.02,0.8810810810809522,0.1593776681529301,1.0841001802485315,4.799592069063594,-1.0,stop,2020,2020-05,2020-05-06,0.0498055212977887,-1.0498055212977888,0.03-0.05R,0,0,0,0.0,9,4,2,0.8607594936708725,0,0,0.0,14,4,1.0,False,True,False,False,True,0,0,37,7,False,18,Wednesday,after_hours,bear,0.574,mid,below,below,0.7688927943760988,0.9303797468354362,0.686142743186274,0.4458153908828149,True,below_value,mid_volume,False,False,-2.795749928849235,0.603448275862069,True,True,0.1395173453997001,True,True,True,True,False,False,True,False,False,True,True,True,True,True,True,False,True,False,True,False,True,False,False,True,False,False,False,False,False,True,False,True,True,False,False,False,False,True,False,False,True
2572,15min,m15_2c_1atr,supply,1743.86,1738.55,2020-06-01 11:45:00+00:00,2020-06-01 11:00:00+00:00,2020-06-01 11:15:00+00:00,2020-06-01 11:30:00+00:00,2,1.8859020310633297,2.220430107526873,0.4821092278719344,2020-06-01 11:45:00+00:00,2020-06-01 11:50:00+00:00,1737.65,1744.2324285714285,6.582428571428409,0.0,True,49450,49451,0,1737.65,0.4552845528454773,1.589079150118325,0.8477114395468553,-0.2947240488746908,1.0,tp1,2020,2020-06,2020-06-01,0.0455758838466057,0.9544241161533944,0.03-0.05R,5,3,2,0.4821092278719344,5,3,2,0.4821092278719344,0,0,0.0,8,4,1.0,True,True,True,False,True,5,3,21,7,True,7,Monday,asia_late,bull,0.776,high,above,above,1.537951973502638,0.4938574938574993,-1.0202358383749222,-1.2774036467062209,True,value_low_half,mid_volume,True,True,-0.2347158018100305,0.6071428571428571,True,True,0.3034090909090929,False,True,True,False,True,False,True,False,False,True,True,True,True,False,False,False,True,True,True,True,True,False,False,True,False,False,False,True,False,False,False,True,False,True,True,False,False,False,False,True,True
2629,15min,m15_2c_1atr,demand,1680.69,1677.36,2020-06-08 03:15:00+00:00,2020-06-08 01:45:00+00:00,2020-06-08 02:00:00+00:00,2020-06-08 03:00:00+00:00,5,1.6588868940754382,1.394973070018034,0.4264264264264285,2020-06-08 03:55:00+00:00,2020-06-08 04:05:00+00:00,1684.42,1677.008857142857,7.411142857142977,0.6666666666666666,True,50737,50738,1,1684.42,0.6390532544378734,2.745865299356125,0.0148425151316719,1.7055399205828612,1.0,tp1,2020,2020-06,2020-06-08,0.0404795867226949,0.9595204132773052,0.03-0.05R,2,2,2,1.0,3,3,2,1.0,0,0,0.0,0,0,0.0,True,True,True,False,False,2,2,3,3,True,0,Monday,post_close,bear,0.624,mid,below,below,1.2342857142857255,0.9830508474576426,1.2658807159057852,1.4999488547275184,True,below_value,mid_volume,False,False,-0.5026215351401161,0.3125,False,False,,True,True,True,True,False,False,True,False,False,True,True,True,True,True,False,False,False,True,True,False,True,False,False,True,False,False,False,False,False,True,False,False,False,False,True,False,False,False,False,True,True
2642,15min,m15_2c_1atr,demand,1697.37,1692.54,2020-06-09 10:15:00+00:00,2020-06-09 09:15:00+00:00,2020-06-09 09:30:00+00:00,2020-06-09 10:00:00+00:00,3,1.3572319201994705,2.107855361595998,0.6335403726708057,2020-06-09 10:15:00+00:00,2020-06-09 10:20:00+00:00,1698.56,1692.1722857142856,6.38771428571431,0.0,True,51088,51089,0,1698.54,0.629166666666639,3.487945609876084,0.322494073444549,3.3439191304736844,1.0,tp1,2020,2020-06,2020-06-09,0.0469651563268773,0.9530348436731226,0.03-0.05R,7,4,2,0.1345755693581989,8,4,2,0.693581780538341,0,0,0.0,5,4,0.7267080745341705,True,True,True,False,True,7,3,18,7,True,6,Tuesday,asia_late,bear,0.632,mid,below,below,0.9016248153619194,0.7985347985348166,0.7915235796721051,0.7768886315769055,True,value_low_half,hvn,True,True,-0.0461824037214407,0.8378378378378378,True,True,0.4683992911990497,True,True,True,True,False,False,True,False,False,True,True,True,True,True,False,False,True,True,True,True,True,False,False,True,False,False,True,True,False,False,False,True,False,True,False,False,False,False,False,True,True
3096,15min,m15_2c_1atr,demand,1946.33,1939.52,2020-07-30 18:45:00+00:00,2020-07-30 18:00:00+00:00,2020-07-30 18:15:00+00:00,2020-07-30 18:30:00+00:00,2,1.3558349878667528,1.051621442753137,0.6916299559471475,2020-07-30 19:40:00+00:00,2020-07-30 19:50:00+00:00,1948.19,1939.145857142857,9.044142857143015,0.9166666666666666,True,61365,61366,1,1948.2,0.9550561797753212,3.8809647917356944,0.0386990791198867,2.53976527823844,1.0,tp1,2020,2020-07,2020-07-30,0.0331706392456043,0.9668293607543956,0.03-0.05R,0,0,0,0.0,9,4,2,0.7165932452275948,5,4,0.2202643171806185,5,4,0.2202643171806185,False,True,False,True,True,10,4,19,7,True,15,Thursday,ny_main,bull,0.838,high,below,below,0.7326007326007343,0.8610354223433295,0.3322735442246412,0.0577578352489342,True,below_value,mid_volume,False,False,-1.2521916315215678,0.379746835443038,True,True,0.4139620330679743,True,True,True,True,False,False,True,False,False,True,True,True,True,True,True,True,True,False,True,True,True,True,False,True,False,False,False,False,False,True,False,True,False,False,False,False,False,True,True,True,True
3146,15min,m15_2c_1atr,demand,2033.56,2027.49,2020-08-05 10:45:00+00:00,2020-08-05 10:00:00+00:00,2020-08-05 10:15:00+00:00,2020-08-05 10:30:00+00:00,2,1.6544142906217374,1.4596358639642462,0.1894563426688428,2020-08-05 10:55:00+00:00,2020-08-05 11:05:00+00:00,2034.92,2026.833,8.086999999999989,0.1666666666666666,True,62364,62365,1,2034.9,0.7061611374407961,2.5547174477556425,0.7641894398417302,1.7793990354890432,1.0,tp1,2020,2020-08,2020-08-05,0.0370965747495981,0.9629034252504018,0.03-0.05R,0,0,0,0.0,0,0,0,0.0,0,0,0.0,0,0,0.0,False,False,False,False,False,0,0,0,0,True,7,Wednesday,asia_late,bull,0.804,high,below,below,0.545109211775882,0.0106666666666569,0.1573615842931744,1.3262306745203298,True,above_value,mid_volume,False,False,6.649561023865483,0.4507042253521127,False,False,,True,True,False,True,False,False,True,False,False,True,True,True,True,True,True,False,False,False,False,False,False,True,False,True,False,False,False,False,False,False,True,False,False,False,True,False,True,False,False,True,True
3234,15min,m15_2c_1atr,demand,1921.29,1915.69,2020-08-13 03:00:00+00:00,2020-08-13 01:45:00+00:00,2020-08-13 02:00:00+00:00,2020-08-13 02:45:00+00:00,4,1.0588235294117478,0.9688581314878756,1.0,2020-08-13 03:00:00+00:00,2020-08-13 03:10:00+00:00,1924.56,1915.1777142857145,9.382285714285672,0.0,True,63925,63926,1,1924.57,0.7521739130434638,4.447743467933513,0.4604421706559427,3.4970156525976104,1.0,tp1,2020,2020-08,2020-08-13,0.0319751507399964,0.9680248492600037,0.03-0.05R,5,3,2,0.944642857142866,11,4,2,1.0,0,0,0.0,0,0,0.0,True,True,True,False,False,5,3,11,3,True,23,Wednesday,after_hours,bear,0.642,mid,below,below,1.0609361905902333,0.8721058434399269,1.042245362338896,0.7530141434448763,True,below_value,hvn,False,True,-1.892928923807791,0.7544910179640718,False,False,,True,True,True,True,False,False,True,False,False,True,True,True,True,True,True,False,False,True,True,True,True,False,False,True,False,False,True,False,False,True,False,False,True,False,False,False,False,True,False,False,True
3309,15min,m15_2c_1atr,supply,1950.63,1942.51,2020-08-20 09:45:00+00:00,2020-08-20 09:00:00+00:00,2020-08-20 09:15:00+00:00,2020-08-20 09:30:00+00:00,2,1.0031441337084088,1.8811848419659432,0.8633004926108238,2020-08-20 09:45:00+00:00,2020-08-20 09:50:00+00:00,1941.73,1951.2278571428571,9.497857142857129,0.0,True,65385,65386,0,1941.8,0.5309734513274491,1.7856659396856498,1.0370760321877035,0.0315860720463215,1.0,tp1,2020,2020-08,2020-08-20,0.0315860720463262,0.9684139279536738,0.03-0.05R,5,3,2,0.7155172413792932,14,4,2,0.7795566502463132,0,0,0.0,19,4,1.0,True,True,True,False,True,5,3,52,7,True,5,Thursday,asia_late,bear,0.586,mid,above,above,1.5358556276713808,0.4551201011377971,-0.7694778053744167,-0.7061769339287561,True,value_low_half,hvn,False,True,-4.388358276302915,0.8493150684931506,True,True,0.0929605101790574,True,True,True,False,True,False,True,False,False,True,True,True,True,False,False,False,True,True,True,True,True,True,False,True,False,False,True,True,False,False,False,True,False,False,False,False,False,True,False,True,True
3335,15min,m15_2c_1atr,supply,1958.81,1950.03,2020-08-24 15:45:00+00:00,2020-08-24 15:00:00+00:00,2020-08-24 15:15:00+00:00,2020-08-24 15:30:00+00:00,2,3.1053351573186982,2.4021887824897186,0.9851936218678948,2020-08-24 15:45:00+00:00,2020-08-24 15:50:00+00:00,1949.55,1959.485,9.934999999999944,0.0,True,66009,66010,0,1949.57,0.6167146974063389,2.988424760946172,0.2697533970810346,2.7166582788122957,1.0,tp1,2020,2020-08,2020-08-24,0.0301962757926524,0.9698037242073476,0.03-0.05R,0,0,0,0.0,9,3,2,0.5922551252847451,0,0,0.0,9,4,0.7198177676537535,False,True,False,False,True,0,0,27,7,True,11,Monday,london_ny_overlap,bear,0.402,mid,above,above,0.7911615174031704,0.4388646288209656,-0.3716929986207739,0.240220818159153,True,above_value,mid_volume,False,False,1.9798691494715837,0.6774193548387096,True,False,0.476333133612943,True,True,True,False,True,False,True,False,False,True,True,True,True,True,False,False,True,False,True,False,True,True,False,True,False,False,False,False,False,False,True,False,False,True,True,True,False,True,True,True,True
3427,15min,m15_2c_1atr,supply,1940.71,1938.56,2020-09-03 09:00:00+00:00,2020-09-03 08:15:00+00:00,2020-09-03 08:30:00+00:00,2020-09-03 08:45:00+00:00,2,2.833034111310595,0.7719928186714777,0.8465116279070171,2020-09-03 10:55:00+00:00,2020-09-03 11:05:00+00:00,1934.06,1941.2004285714288,7.140428571428629,1.9166666666666667,True,68160,68161,1,1934.05,0.5633333333333516,0.9467218854410412,1.0279495028309746,-0.9159114098793464,-1.0,stop,2020,2020-09,2020-09-03,0.0420142848568509,-1.042014284856851,0.03-0.05R,0,0,0,0.0,3,3,2,1.0,0,0,0.0,7,4,1.0,False,True,False,False,True,0,0,17,7,False,7,Thursday,asia_late,bear,0.756,high,above,above,0.730599796679072,0.0732984293193658,-0.3350494262532284,-0.9075753225595592,True,value_low_half,hvn,False,True,-0.3662245163355524,0.8977272727272727,True,False,0.476333133612943,True,True,True,False,True,False,True,False,False,True,True,True,True,False,False,False,True,False,True,False,True,True,False,True,False,False,True,True,False,False,False,False,True,False,True,True,False,True,False,True,True
3443,15min,m15_2c_1atr,demand,1923.94,1917.27,2020-09-04 19:45:00+00:00,2020-09-04 18:45:00+00:00,2020-09-04 19:00:00+00:00,2020-09-04 19:30:00+00:00,3,1.0361676646706692,1.1183233532934254,0.2023988005997184,2020-09-04 20:15:00+00:00,2020-09-04 20:25:00+00:00,1926.69,1916.8535714285715,9.836428571428542,0.5,True,68548,68549,1,1926.69,0.8344594594595225,1.487328443831232,0.2429743664222024,0.453416600101668,1.0,tp1,2020,2020-09,2020-09-04,0.0304988744463002,0.9695011255536996,0.03-0.05R,0,0,0,0.0,1,1,1,0.3253373313343402,0,0,0.0,12,4,1.0,False,True,False,False,True,0,0,25,5,True,16,Friday,ny_main,bear,0.87,high,below,below,0.5053676865271173,0.8994974874372207,0.3662829942908273,0.1547055189144854,True,below_value,mid_volume,False,False,-1.4888533875535572,0.5882352941176471,True,True,0.3246143527833748,True,True,True,True,False,False,True,False,False,True,True,True,True,True,True,False,True,False,True,False,True,False,False,True,False,False,False,False,False,True,False,True,False,False,False,False,True,False,True,True,True
3971,15min,m15_2c_1atr,demand,1877.33,1870.53,2020-10-28 17:30:00+00:00,2020-10-28 16:45:00+00:00,2020-10-28 17:00:00+00:00,2020-10-28 17:15:00+00:00,2,1.0122236671001248,1.2379713914174229,0.695588235294125,2020-10-28 17:30:00+00:00,2020-10-28 17:40:00+00:00,1879.41,1869.9854285714289,9.424571428571426,0.0,True,78966,78967,1,1879.41,0.8287671232876755,0.5888861941429651,1.0737888801309776,-1.0536288122233746,-1.0,stop,2020,2020-10,2020-10-28,0.0318316861698902,-1.0318316861698902,0.03-0.05R,0,0,0,0.0,0,0,0,0.0,0,0,0.0,5,4,0.3132352941176652,False,False,False,False,True,0,0,10,4,False,13,Wednesday,ny_main,bear,0.996,high,below,below,0.915057393652928,0.2941176470587842,0.0969759714835409,-0.8901539190309345,True,below_value,lvn,False,False,-3.4823864669860125,0.2073170731707317,True,True,0.511912427559566,True,True,True,True,False,False,True,False,False,True,True,True,True,True,True,False,True,False,False,False,True,False,False,True,False,True,False,False,False,True,False,True,False,False,False,False,False,True,True,True,True
3986,15min,m15_2c_1atr,demand,1864.16,1859.93,2020-10-29 15:45:00+00:00,2020-10-29 15:00:00+00:00,2020-10-29 15:15:00+00:00,2020-10-29 15:30:00+00:00,2,1.062949324916749,1.038400841662288,0.4231678486998069,2020-10-29 15:45:00+00:00,2020-10-29 15:55:00+00:00,1869.08,1859.208,9.871999999999844,0.0,True,79221,79222,1,1869.07,0.7318255250403769,2.098865478119971,0.4771069692058459,1.176053484602949,1.0,tp1,2020,2020-10,2020-10-29,0.0303889789303084,0.9696110210696915,0.03-0.05R,0,0,0,0.0,0,0,0,0.0,0,0,0.0,0,0,0.0,False,False,False,False,False,0,0,0,0,True,11,Thursday,london_ny_overlap,bear,0.978,high,below,below,0.4869190520160029,0.7959558823529365,0.7033339844683605,-0.0572497902957835,True,below_value,mid_volume,False,False,-1.6415113452188193,0.2549019607843137,False,False,,True,False,True,True,False,False,True,False,False,True,True,True,True,True,True,False,False,False,False,False,False,False,False,True,False,False,False,False,False,True,False,False,False,False,False,False,False,False,True,True,True
4658,15min,m15_2c_1atr,demand,1838.1,1831.86,2021-01-11 16:45:00+00:00,2021-01-11 15:45:00+00:00,2021-01-11 16:00:00+00:00,2021-01-11 16:30:00+00:00,3,1.0954875781645852,1.476423863444319,0.5128205128205193,2021-01-11 16:45:00+00:00,2021-01-11 16:50:00+00:00,1841.21,1831.155714285714,10.054285714285925,0.0,True,92879,92880,0,1841.31,0.4603854389721263,2.2468030690536533,0.4485649332196544,0.2536231884057873,1.0,tp1,2021,2021-01,2021-01-11,0.0298380221653872,0.9701619778346128,<=0.03R,7,4,2,1.0,7,4,2,1.0,1,1,0.6137820512820752,1,1,0.6137820512820752,True,True,True,True,True,9,5,9,5,True,11,Monday,london_ny_overlap,bear,0.752,high,below,below,1.3734177215189964,0.8814159292035288,0.6406306060350494,0.0399753335898007,True,below_value,hvn,False,True,-1.5684853651605224,0.8,False,False,,True,True,True,True,False,True,True,True,False,True,True,True,True,False,False,True,True,True,True,True,True,False,False,True,False,False,True,False,False,True,False,False,False,False,False,False,False,False,True,True,True
4796,15min,m15_2c_1atr,demand,1854.16,1847.18,2021-01-25 18:45:00+00:00,2021-01-25 18:00:00+00:00,2021-01-25 18:15:00+00:00,2021-01-25 18:30:00+00:00,2,1.3832083958020716,1.4650674662668597,0.6045845272206327,2021-01-25 18:45:00+00:00,2021-01-25 18:55:00+00:00,1854.96,1846.6762857142855,8.283714285714268,0.0,True,95618,95619,1,1854.94,0.5521472392638225,0.8148518607939865,0.7943296657813884,-0.2776532266409084,-0.2776532266409084,time,2021,2021-01,2021-01-25,0.0362156382575105,-0.3138688648984189,0.03-0.05R,8,4,2,0.4183381088825308,17,4,2,0.4183381088825308,4,4,0.4183381088825308,16,4,0.6275071633237637,True,True,True,True,True,16,7,49,7,False,13,Monday,ny_main,bear,0.962,high,below,below,0.5988613632866493,0.735294117647072,0.2159938574094022,-0.3064962295515839,True,value_low_half,mid_volume,False,True,-0.552892077397985,0.475,True,True,0.2232764073371274,True,True,True,True,False,False,True,False,False,True,True,True,True,False,False,True,True,True,True,True,True,False,False,True,False,False,False,True,False,False,False,True,False,False,False,False,False,False,True,True,True
5141,15min,m15_2c_1atr,demand,1732.13,1726.71,2021-02-26 23:30:00+00:00,2021-02-26 22:45:00+00:00,2021-02-26 23:00:00+00:00,2021-02-26 23:15:00+00:00,2,1.624188129899233,1.6994400895856856,0.7472324723247048,2021-02-26 23:30:00+00:00,2021-02-26 23:35:00+00:00,1732.59,1726.3734285714286,6.216571428571342,0.0,True,102193,102194,0,1732.69,0.5808823529411925,4.381836565860895,1.013420351135221,-1.2161044213622658,1.0,tp1,2021,2021-02,2021-02-26,0.0482581119588204,0.9517418880411797,0.03-0.05R,1,1,1,0.7306273062730596,1,1,1,0.7306273062730596,1,1,0.9575645756457536,1,1,0.9575645756457536,True,True,True,True,True,3,3,3,3,True,18,Friday,after_hours,bear,0.612,mid,below,below,1.10757507844015,0.8956228956228384,1.136388500529555,0.907193562586991,True,below_value,hvn,False,False,-5.361476238624936,0.9572649572649572,False,False,,True,True,True,True,False,False,True,False,False,True,True,True,True,False,False,True,True,True,True,True,True,False,False,True,False,False,True,False,False,True,False,False,False,False,True,False,False,True,False,False,True
5540,15min,m15_2c_1atr,demand,1738.3,1731.65,2021-04-09 16:45:00+00:00,2021-04-09 16:00:00+00:00,2021-04-09 16:15:00+00:00,2021-04-09 16:30:00+00:00,2,1.6959324294287137,2.0693487441653375,0.8060150375939864,2021-04-09 16:45:00+00:00,2021-04-09 16:50:00+00:00,1740.1,1731.1067142857144,8.993285714285548,0.0,True,110080,110081,0,1740.07,0.8009049773755442,0.746112178927154,1.069686909281535,-0.7583435261226699,-1.0,stop,2021,2021-04,2021-04-09,0.0333582196241646,-1.0333582196241646,0.03-0.05R,0,0,0,0.0,30,4,2,0.7112781954887392,11,4,0.678195488721817,39,4,0.8706766917293357,False,True,False,True,True,22,4,108,7,False,12,Friday,ny_main,bull,0.986,high,below,below,0.7382465057179219,0.4176136363636463,0.1302165238139691,-0.7278455951670884,True,below_value,mid_volume,False,False,-2.1988626435595315,0.4444444444444444,True,True,0.2044052863436083,True,True,True,True,False,False,True,False,False,True,True,True,True,True,True,True,True,False,True,True,True,True,False,True,False,False,False,False,False,True,False,True,False,True,True,False,False,True,True,True,True
6929,15min,m15_2c_1atr,demand,1810.54,1801.64,2021-08-31 16:45:00+00:00,2021-08-31 16:00:00+00:00,2021-08-31 16:15:00+00:00,2021-08-31 16:30:00+00:00,2,3.210287443267847,2.6928895612707877,0.6775280898876478,2021-08-31 16:55:00+00:00,2021-08-31 17:05:00+00:00,1814.46,1800.988142857143,13.47185714285706,0.1666666666666666,True,138140,138141,1,1814.55,0.7261261261261271,0.4141967911943388,0.7608453601688221,-0.3110187374738933,-0.3110187374738933,time,2021,2021-08,2021-08-31,0.0222686446878679,-0.3332873821617613,<=0.03R,5,4,2,0.1449438202247172,11,4,2,0.6393258426966196,1,1,0.130337078651671,7,2,0.5337078651685475,True,True,True,True,True,7,5,25,7,False,13,Tuesday,ny_main,bull,0.946,high,below,below,0.6873721405988198,0.1381118881119208,0.0153591803706072,-0.3044693819082793,True,below_value,lvn,False,True,-0.5685927276968846,0.1428571428571428,False,False,,True,True,True,True,False,True,True,True,False,True,True,True,True,True,True,True,True,True,True,True,True,True,False,True,False,True,False,False,False,True,False,False,False,True,True,True,False,True,True,True,True
7008,15min,m15_2c_1atr,demand,1790.52,1785.22,2021-09-08 18:15:00+00:00,2021-09-08 17:15:00+00:00,2021-09-08 17:30:00+00:00,2021-09-08 18:00:00+00:00,3,1.867269497820102,1.1981269174874656,0.7584905660377389,2021-09-08 19:00:00+00:00,2021-09-08 19:10:00+00:00,1791.97,1784.9227142857144,7.0472857142856355,0.75,True,139773,139774,1,1791.99,0.7551020408162444,1.269992499645274,1.064239524842403,0.7194259187934554,1.0,tp1,2021,2021-09,2021-09-08,0.0425695809936961,0.957430419006304,0.03-0.05R,3,3,2,1.0,3,3,2,1.0,0,0,0.0,19,4,1.0,True,True,True,False,True,3,3,41,7,True,15,Wednesday,ny_main,bear,0.968,high,below,below,0.2968885798713747,0.8025210084033589,0.1500745353653438,-0.2071656329105166,True,below_value,mid_volume,False,False,-1.4019582007257412,0.5897435897435898,True,True,0.2665589660743258,True,True,True,True,False,False,True,False,False,True,True,True,True,True,True,False,True,True,True,True,True,False,False,True,False,False,False,False,False,True,False,True,False,False,True,False,False,True,True,True,True
7172,15min,m15_2c_1atr,demand,1744.9,1740.84,2021-09-24 17:15:00+00:00,2021-09-24 16:30:00+00:00,2021-09-24 16:45:00+00:00,2021-09-24 17:00:00+00:00,2,1.2169853268118582,1.26367274344157,0.4704433497536387,2021-09-24 17:15:00+00:00,2021-09-24 17:25:00+00:00,1746.49,1740.3411428571428,6.148857142857196,0.0,True,143064,143065,1,1746.56,0.833333333333304,2.3370196552204443,0.2650899121788175,1.0440964639189656,1.0,tp1,2021,2021-09,2021-09-24,0.0487895543887361,0.951210445611264,0.03-0.05R,4,3,2,1.0,6,4,2,1.0,4,4,1.0,4,4,1.0,True,True,True,True,True,12,7,14,7,True,13,Friday,ny_main,bear,0.886,high,below,below,0.7139821504461922,0.8237179487179571,0.3203545148784135,-0.5024904770211909,True,below_value,mid_volume,False,False,-1.525486733887835,0.4871794871794871,False,False,,True,True,True,True,False,False,True,False,False,True,True,True,True,True,True,True,True,True,True,True,True,False,False,True,False,False,False,False,False,True,False,False,False,False,False,False,False,False,True,True,True
7513,15min,m15_2c_1atr,supply,1804.33,1799.59,2021-10-28 17:45:00+00:00,2021-10-28 16:45:00+00:00,2021-10-28 17:00:00+00:00,2021-10-28 17:30:00+00:00,3,1.3080407701019097,0.9394110985277498,0.1476793248944761,2021-10-28 17:50:00+00:00,2021-10-28 17:55:00+00:00,1797.81,1804.9505714285713,7.14057142857132,0.0833333333333333,True,149687,149688,0,1797.81,0.4838709677419142,3.625760243277886,0.9214948783611112,2.760283290653056,1.0,tp1,2021,2021-10,2021-10-28,0.0420134443021773,0.9579865556978228,0.03-0.05R,7,4,2,1.0,21,4,2,1.0,7,4,0.7383966244725724,7,4,0.7383966244725724,True,True,True,True,True,21,7,35,7,True,13,Thursday,ny_main,bull,0.992,high,above,above,0.4550816074612336,0.542918454935607,-0.2935004961185766,-0.406756276984932,True,value_low_half,hvn,True,True,-0.0406129961587663,0.972972972972973,True,True,0.1399010346378721,True,True,True,False,True,False,True,False,False,True,True,True,True,False,False,True,True,True,True,True,True,False,False,True,False,False,True,True,False,False,False,True,True,False,False,False,True,False,True,True,True
7566,15min,m15_2c_1atr,demand,1768.71,1763.98,2021-11-03 21:00:00+00:00,2021-11-03 20:15:00+00:00,2021-11-03 20:30:00+00:00,2021-11-03 20:45:00+00:00,2,2.365428702430049,1.5181109582760297,0.2156448202959784,2021-11-03 21:20:00+00:00,2021-11-03 21:25:00+00:00,1770.56,1763.4432857142858,7.116714285714124,0.3333333333333333,True,150845,150846,0,1770.56,0.482456140350843,3.9835799024430503,0.2473051368006948,2.953610213381039,1.0,tp1,2021,2021-11,2021-11-03,0.0421542846819368,0.9578457153180632,0.03-0.05R,0,0,0,0.0,0,0,0,0.0,0,0,0.0,12,4,1.0,False,False,False,False,True,0,0,24,4,True,17,Wednesday,after_hours,bear,0.858,high,below,below,0.7656750572081964,0.9662921348314072,0.8414160385598713,1.133152618530614,True,value_low_half,mid_volume,False,True,-2.2348796595540144,0.6551724137931034,True,True,0.1379310344827663,True,True,False,True,False,False,True,False,False,True,True,True,True,False,False,False,True,False,False,False,True,False,False,True,False,False,False,True,False,False,False,True,False,False,True,True,True,False,False,False,True
8591,15min,m15_2c_1atr,supply,1870.9,1866.22,2022-02-14 18:15:00+00:00,2022-02-14 17:30:00+00:00,2022-02-14 17:45:00+00:00,2022-02-14 18:00:00+00:00,2,1.0793706293706398,1.1454545454545508,0.7670940170939892,2022-02-14 18:15:00+00:00,2022-02-14 18:20:00+00:00,1863.35,1871.365,8.0150000000001,0.0,True,170552,170553,0,1863.35,0.7974276527331505,0.3792888334372958,1.0617592014971784,1.583281347473446,-1.0,stop,2022,2022-02,2022-02-14,0.0374298190892072,-1.0374298190892073,0.03-0.05R,0,0,0,0.0,0,0,0,0.0,0,0,0.0,0,0,0.0,False,False,False,False,False,0,0,0,0,False,13,Monday,ny_main,bull,0.956,high,above,above,0.5711718188353623,0.2259036144578356,-0.3862609616949988,0.3534635231951771,True,above_value,lvn,False,False,1.7230193387398345,0.1707317073170731,False,False,,True,True,True,False,True,False,True,False,False,True,True,True,True,True,True,False,False,False,False,False,False,False,False,True,False,True,False,False,False,False,True,False,False,False,False,False,False,True,True,True,True
8622,15min,m15_2c_1atr,demand,1875.05,1870.57,2022-02-17 08:15:00+00:00,2022-02-17 07:00:00+00:00,2022-02-17 07:15:00+00:00,2022-02-17 08:00:00+00:00,4,1.043721973094194,1.75784753363228,0.0446428571428671,2022-02-17 08:25:00+00:00,2022-02-17 08:35:00+00:00,1876.82,1870.2644285714284,6.555571428571511,0.1666666666666666,True,171263,171264,1,1876.79,0.7252475247524975,3.9142278105863784,0.4499989104142617,2.27745211270673,1.0,tp1,2022,2022-02,2022-02-17,0.0457626010590767,0.9542373989409232,0.03-0.05R,2,2,1,0.2477678571428845,8,4,2,0.2477678571428845,1,1,0.3727678571428718,1,1,0.3727678571428718,True,True,True,True,True,4,4,10,5,True,3,Thursday,asia_late,bull,0.762,high,below,below,1.6144637185437754,0.5574162679425881,0.2678733035159755,0.7829276163599317,True,value_high_half,mid_volume,False,True,0.6193205343328305,0.5471698113207547,False,False,,True,True,True,True,False,False,True,False,False,True,True,True,True,True,True,True,True,True,True,True,True,True,False,True,False,False,False,False,True,False,False,False,False,False,False,False,True,False,False,True,True
8695,15min,m15_2c_1atr,supply,1919.94,1915.82,2022-02-25 09:45:00+00:00,2022-02-25 08:45:00+00:00,2022-02-25 09:00:00+00:00,2022-02-25 09:30:00+00:00,3,1.4781463928383407,1.5186940494997887,0.5995145631067855,2022-02-25 09:45:00+00:00,2022-02-25 09:55:00+00:00,1913.76,1920.35,6.5900000000001455,0.0,True,172906,172907,1,1913.71,0.9333333333333902,4.681335356600793,2.4294385432472896,2.0227617602427364,1.0,tp1,2022,2022-02,2022-02-25,0.0455235204855832,0.9544764795144168,0.03-0.05R,2,2,1,1.0,2,2,1,1.0,2,2,0.7912621359223052,2,2,0.7912621359223052,True,True,True,True,True,6,6,6,6,True,4,Friday,asia_late,bear,0.614,mid,above,above,2.2925684485006608,0.0802292263610234,-0.90303686648762,-0.552823136764087,True,value_low_half,hvn,False,True,-0.9666160849772004,0.7795698924731183,False,False,,True,True,True,False,True,False,True,False,False,True,True,True,True,True,True,True,True,True,True,True,True,True,False,True,False,False,True,True,False,False,False,False,False,False,False,False,False,False,False,True,True
8754,15min,m15_2c_1atr,demand,1929.89,1923.66,2022-03-03 12:00:00+00:00,2022-03-03 11:15:00+00:00,2022-03-03 11:30:00+00:00,2022-03-03 11:45:00+00:00,2,1.2685997710797334,1.6638687523845814,0.8667736757624154,2022-03-03 12:00:00+00:00,2022-03-03 12:05:00+00:00,1930.64,1923.2934285714289,7.346571428571451,0.0,True,174036,174037,0,1930.64,0.7500000000000279,2.749581923540588,0.9936607941508404,2.3371446350095,1.0,tp1,2022,2022-03,2022-03-03,0.0408353751020883,0.9591646248979117,0.03-0.05R,14,3,2,1.0,17,4,2,1.0,6,4,0.5698234349919653,6,4,0.5698234349919653,True,True,True,True,True,26,7,29,7,True,7,Thursday,asia_late,bull,0.51,mid,below,below,0.9815597387629872,0.7469879518072773,0.4402165519609767,0.589742385745628,True,value_low_half,hvn,True,True,-0.2688328860887357,0.8333333333333334,False,False,,True,True,True,True,False,False,True,False,False,True,True,True,True,True,True,True,True,True,True,True,True,True,False,True,False,False,True,True,False,False,False,False,False,False,False,False,False,True,False,True,True
8763,15min,m15_2c_1atr,supply,1950.84,1941.76,2022-03-04 03:15:00+00:00,2022-03-04 02:30:00+00:00,2022-03-04 02:45:00+00:00,2022-03-04 03:00:00+00:00,2,1.9879437374414244,2.8381335119445956,0.8149779735682985,2022-03-04 03:15:00+00:00,2022-03-04 03:20:00+00:00,1941.68,1951.5748571428571,9.894857142857065,0.0,True,174207,174208,0,1941.61,0.5709570957095821,1.2167937167937228,1.4168976668976765,-5.126905751905795,1.0,tp1,2022,2022-03,2022-03-04,0.0303187803187805,0.9696812196812196,0.03-0.05R,0,0,0,0.0,6,4,2,0.5991189427312883,5,4,0.6762114537445099,9,4,0.6762114537445099,False,True,False,True,True,10,4,24,7,True,22,Thursday,after_hours,bull,0.486,mid,above,above,1.077604386334905,0.2620689655172403,-0.6287758914829236,0.1873175369106426,True,above_value,mid_volume,False,False,1.773648648648658,0.3793103448275862,True,False,0.2878876535985994,True,True,True,False,True,False,True,False,False,True,True,True,True,False,False,True,True,False,True,True,True,False,False,True,False,False,False,False,False,False,True,False,False,True,True,False,False,True,False,False,True
8803,15min,m15_2c_1atr,supply,2046.63,2043.8,2022-03-09 02:45:00+00:00,2022-03-09 02:00:00+00:00,2022-03-09 02:15:00+00:00,2022-03-09 02:30:00+00:00,2,1.0459876136513464,0.5220714191593357,0.1484098939929504,2022-03-09 03:20:00+00:00,2022-03-09 03:30:00+00:00,2040.6,2047.2715714285716,6.671571428571724,0.5833333333333334,True,175037,175038,1,2040.58,0.7097701149425328,0.485642705723626,1.0867004989186049,9.978158925932611,-1.0,stop,2022,2022-03,2022-03-09,0.0449669171966319,-1.0449669171966318,0.03-0.05R,3,3,2,0.9222614840989344,3,3,2,0.9222614840989344,1,1,1.0,1,1,1.0,True,True,True,True,True,5,5,5,5,False,22,Tuesday,after_hours,bull,0.461,mid,above,above,1.7372262773722669,0.1183932346723405,-0.7676812466436636,-1.1805265272612266,True,value_high_half,mid_volume,False,True,5.390783923256245,0.5862068965517241,False,False,,True,True,True,False,True,False,True,False,False,True,True,True,True,True,True,True,True,True,True,True,True,False,False,True,False,False,False,False,True,False,False,False,True,False,False,False,True,False,False,False,True
8806,15min,m15_2c_1atr,supply,2056.59,2051.68,2022-03-09 08:00:00+00:00,2022-03-09 07:00:00+00:00,2022-03-09 07:15:00+00:00,2022-03-09 07:45:00+00:00,3,1.8967303334412051,1.1126578180641609,0.9633401221995356,2022-03-09 08:15:00+00:00,2022-03-09 08:25:00+00:00,2049.68,2057.1298571428574,7.449857142857581,0.25,True,175096,175097,1,2049.7,0.9824561403510264,10.584095572301806,0.3583961341540472,9.145141805211434,1.0,tp1,2022,2022-03,2022-03-09,0.0402692285566334,0.9597307714433666,0.03-0.05R,8,4,2,1.0,8,4,2,1.0,1,1,1.0,1,1,1.0,True,True,True,True,True,10,5,10,5,True,3,Wednesday,asia_late,bull,0.508,mid,above,above,2.1722846441947703,0.0597484276729762,-0.5831816345553325,-0.4303786070868936,True,above_value,hvn,False,False,6.024947745881668,0.9655172413793104,False,False,,True,True,True,False,True,False,True,False,False,True,True,True,True,True,True,True,True,True,True,True,True,False,False,True,False,False,True,False,False,False,True,False,False,False,True,False,False,True,False,True,True
8807,15min,m15_2c_1atr,supply,2052.23,2048.63,2022-03-09 09:15:00+00:00,2022-03-09 08:30:00+00:00,2022-03-09 08:45:00+00:00,2022-03-09 09:00:00+00:00,2,1.396357328707717,0.874241110147418,0.6305555555555664,2022-03-09 09:20:00+00:00,2022-03-09 09:25:00+00:00,2046.2,2052.801857142857,6.601857142856943,0.0833333333333333,True,175108,175109,0,2046.22,0.7689768976898269,11.4164845389829,0.463505939887085,9.253456819509964,1.0,tp1,2022,2022-03,2022-03-09,0.0454417588124567,0.9545582411875432,0.03-0.05R,6,4,2,1.0,6,4,2,1.0,1,1,1.0,1,1,1.0,True,True,True,True,True,8,5,8,5,True,4,Wednesday,asia_late,bull,0.61,mid,above,above,1.9699175157690567,0.0096818810511668,-1.4144941258616668,-1.7407842186443607,True,value_high_half,hvn,True,True,0.0272650552875181,1.0,False,False,,True,True,True,False,True,False,True,False,False,True,True,True,True,True,True,True,True,True,True,True,True,False,False,True,False,False,True,False,True,False,False,False,True,False,False,False,False,False,False,True,True
9053,15min,m15_2c_1atr,demand,1921.03,1918.05,2022-04-01 21:30:00+00:00,2022-04-01 20:30:00+00:00,2022-04-01 20:45:00+00:00,2022-04-01 21:15:00+00:00,3,1.831477732793458,1.0556680161943328,0.3053691275167278,2022-04-01 22:10:00+00:00,2022-04-01 22:20:00+00:00,1924.15,1917.8001428571429,6.349857142857218,0.6666666666666666,True,179955,179956,1,1924.14,0.885057471264473,0.4204819006051586,1.0929379738576752,1.2267992530765397,-1.0,stop,2022,2022-04,2022-04-01,0.0472451573713688,-1.0472451573713688,0.03-0.05R,1,1,1,1.0,15,4,2,1.0,11,4,0.7013422818792392,19,4,1.0,True,True,True,True,True,23,5,53,7,False,18,Friday,after_hours,bear,0.418,mid,below,below,1.2108328479906794,0.7707641196013856,0.4269351999678296,0.1436071058492599,True,below_value,lvn,False,False,-2.0016198339670006,0.2291666666666666,True,True,0.3251748251748274,True,True,True,True,False,False,True,False,False,True,True,True,True,True,True,True,True,True,True,True,True,False,False,True,False,True,False,False,False,True,False,True,False,False,True,False,True,False,False,False,True
9501,15min,m15_2c_1atr,supply,1835.96,1830.03,2022-05-17 15:30:00+00:00,2022-05-17 14:30:00+00:00,2022-05-17 14:45:00+00:00,2022-05-17 15:15:00+00:00,3,1.3794700282994294,2.1358374067404333,0.8145025295109402,2022-05-17 15:30:00+00:00,2022-05-17 15:35:00+00:00,1828.81,1836.4405714285715,7.630571428571557,0.0,True,188429,188430,0,1828.81,0.7099697885196417,2.825476466843844,0.7024375631856865,2.153180814018739,1.0,tp1,2022,2022-05,2022-05-17,0.0393155352529292,0.9606844647470708,0.03-0.05R,2,2,2,0.0455311973018514,5,3,2,0.4536256323777446,0,0,0.0,4,4,0.0472175379426593,True,True,True,False,True,2,2,13,7,True,11,Tuesday,london_ny_overlap,bull,0.642,mid,above,above,1.269903869854589,0.75064935064935,-0.2421245783001601,0.3216455075034542,True,value_high_half,lvn,False,True,0.7528925000935814,0.2222222222222222,True,True,0.3559718969555007,True,True,True,False,True,False,True,False,False,True,True,True,True,True,True,False,True,True,True,False,True,False,False,True,False,True,False,False,True,False,False,True,False,True,False,False,False,True,True,True,True
9766,15min,m15_2c_1atr,demand,1820.59,1809.05,2022-06-14 01:45:00+00:00,2022-06-14 01:00:00+00:00,2022-06-14 01:15:00+00:00,2022-06-14 01:30:00+00:00,2,1.274002806173575,3.2383243134896755,0.2746967071057067,2022-06-14 01:45:00+00:00,2022-06-14 01:55:00+00:00,1821.11,1808.6967142857145,12.41328571428562,0.0,True,193739,193740,1,1821.11,0.6930693069305192,0.8394231986466235,1.0077911914653723,-0.8225058405164881,-1.0,stop,2022,2022-06,2022-06-14,0.0241676544715916,-1.0241676544715916,<=0.03R,1,1,1,0.0987868284228662,1,1,1,0.0987868284228662,0,0,0.0,9,4,0.523396880415943,True,True,True,False,True,1,1,19,5,False,21,Monday,after_hours,bear,0.906,high,below,below,1.0549494949495049,0.6714285714286758,0.2012269350432863,-0.677146486781487,True,below_value,lvn,False,False,-3.377832506646136,0.1395348837209302,False,False,,True,True,True,True,False,True,True,True,False,True,True,True,True,True,False,False,True,True,True,False,True,False,False,True,False,True,False,False,False,True,False,False,False,True,False,False,True,False,False,False,True
9787,15min,m15_2c_1atr,demand,1815.25,1813.22,2022-06-15 08:45:00+00:00,2022-06-15 08:00:00+00:00,2022-06-15 08:15:00+00:00,2022-06-15 08:30:00+00:00,2,2.4591304347825376,1.2356521739130024,0.4679802955665311,2022-06-15 21:00:00+00:00,2022-06-15 21:10:00+00:00,1818.98,1812.707,6.272999999999911,12.25,True,194246,194247,1,1818.92,0.9080068143100593,5.383389128009001,0.5356288857006496,5.109198150805103,1.0,tp1,2022,2022-06,2022-06-15,0.0478240076518419,0.952175992348158,0.03-0.05R,3,3,2,1.0,4,4,2,1.0,2,1,0.9310344827586824,6,2,1.0,True,True,True,True,True,7,7,16,7,True,17,Wednesday,after_hours,bear,0.794,high,below,below,0.845152603231616,0.6725838264299898,0.0453700637580503,-0.4326473549822777,True,value_low_half,mid_volume,False,True,-1.0385780328391463,0.6031746031746031,False,False,,False,True,True,True,False,False,True,False,False,True,True,True,True,True,True,True,True,True,True,True,True,False,False,True,False,False,False,True,False,False,False,False,False,False,True,True,False,False,False,False,True
9932,15min,m15_2c_1atr,supply,1823.62,1817.92,2022-06-30 16:45:00+00:00,2022-06-30 15:45:00+00:00,2022-06-30 16:00:00+00:00,2022-06-30 16:30:00+00:00,3,1.1311768754301326,1.098417068134867,0.3894736842105435,2022-06-30 16:50:00+00:00,2022-06-30 17:00:00+00:00,1817.07,1824.1644285714283,7.09442857142858,0.0833333333333333,True,197186,197187,1,1817.03,0.8631578947368534,4.592336038339929,0.138136565916919,2.090372727089655,1.0,tp1,2022,2022-06,2022-06-30,0.0422867038521173,0.9577132961478828,0.03-0.05R,6,4,2,0.4210526315789368,21,4,2,0.492982456140357,4,3,0.4438596491228164,7,3,0.8456140350877351,True,True,True,True,True,14,7,35,7,True,13,Thursday,ny_main,bear,1.0,high,above,above,0.422634605331932,0.3626373626373578,-0.0290301755251514,0.2495080159715732,True,above_value,mid_volume,False,True,0.5666418316183693,0.7209302325581395,True,False,0.208655332302929,True,True,True,False,True,False,True,False,False,True,True,True,True,True,True,True,True,True,True,True,True,True,False,True,False,False,False,False,False,False,True,False,False,False,False,False,False,False,True,True,True
10063,15min,m15_2c_1atr,demand,1704.22,1697.98,2022-07-14 17:45:00+00:00,2022-07-14 17:00:00+00:00,2022-07-14 17:15:00+00:00,2022-07-14 17:30:00+00:00,2,1.2836300361397266,1.169321375987155,0.1201923076923075,2022-07-14 18:25:00+00:00,2022-07-14 18:35:00+00:00,1707.72,1697.4488571428572,10.271142857142875,0.6666666666666666,True,199921,199922,1,1707.72,0.8567164179105063,0.8606637180449985,0.8421652897159938,-0.3115524771203687,-0.3115524771203687,time,2022,2022-07,2022-07-14,0.0292080447300341,-0.3407605218504029,<=0.03R,0,0,0,0.0,0,0,0,0.0,0,0,0.0,0,0,0.0,False,False,False,False,False,0,0,0,0,False,14,Thursday,ny_main,bear,0.978,high,below,below,0.6915535444947326,0.896511627906964,0.8378028445089223,0.5391025222193914,True,below_value,mid_volume,False,False,-2.6433280480681005,0.2906976744186046,False,False,,False,False,False,True,False,True,True,True,False,True,True,True,True,True,True,False,False,False,False,False,False,False,False,True,False,False,False,False,False,True,False,False,False,False,False,False,True,False,True,True,True
10837,15min,m15_2c_1atr,supply,1658.52,1655.84,2022-09-29 05:00:00+00:00,2022-09-29 04:15:00+00:00,2022-09-29 04:30:00+00:00,2022-09-29 04:45:00+00:00,2,1.4100318471337872,1.49363057324849,0.869402985074579,2022-09-29 15:25:00+00:00,2022-09-29 15:35:00+00:00,1649.05,1658.984,9.933999999999967,10.416666666666666,True,215020,215021,1,1649.23,0.9516837481698492,0.4529897322327375,1.059995973424603,-1.8300785182202657,-1.0,stop,2022,2022-09,2022-09-29,0.0301993154821824,-1.0301993154821825,0.03-0.05R,7,4,2,1.0,9,4,2,1.0,0,0,0.0,1,1,0.1567164179104712,True,True,True,False,True,7,3,11,5,False,11,Thursday,london_ny_overlap,bull,0.716,high,above,above,0.9825581395349138,0.2940446650124236,-0.2154734128261443,0.1639245562648339,True,value_high_half,mid_volume,False,True,0.6976041876383994,0.3793103448275862,False,False,,False,True,True,False,True,False,True,False,False,True,True,True,True,True,True,False,True,True,True,True,True,False,False,True,False,False,False,False,True,False,False,False,False,False,False,False,False,True,True,True,True
10895,15min,m15_2c_1atr,supply,1725.75,1722.47,2022-10-05 10:15:00+00:00,2022-10-05 09:30:00+00:00,2022-10-05 09:45:00+00:00,2022-10-05 10:00:00+00:00,2,1.2173913043478424,1.349001175088122,0.7530487804878194,2022-10-05 10:15:00+00:00,2022-10-05 10:20:00+00:00,1719.79,1726.1635714285717,6.373571428571495,0.0,True,216061,216062,0,1719.79,0.8921568627451198,3.0296985318838554,0.8990249915947486,0.345175389443016,1.0,tp1,2022,2022-10,2022-10-05,0.047069371287683,0.9529306287123168,0.03-0.05R,5,4,2,0.6249999999999913,5,4,2,0.6249999999999913,3,3,0.6676829268292905,8,4,1.0,True,True,True,True,True,11,7,21,7,True,6,Wednesday,asia_late,bull,0.622,mid,above,above,1.9405576012624877,0.223340040241473,-0.9382026806078708,-0.8185039362820868,True,above_value,hvn,False,True,2.409951809929391,0.9824561403508772,True,True,0.1919735208936734,True,True,True,False,True,False,True,False,False,True,True,True,True,True,True,True,True,True,True,True,True,False,False,True,False,False,True,False,False,False,True,True,False,False,False,False,False,True,False,True,True
11002,15min,m15_2c_1atr,supply,1668.44,1664.2,2022-10-17 17:30:00+00:00,2022-10-17 16:30:00+00:00,2022-10-17 16:45:00+00:00,2022-10-17 17:15:00+00:00,3,1.2692874692874938,1.4584766584766682,0.4245283018867808,2022-10-17 17:40:00+00:00,2022-10-17 17:50:00+00:00,1662.57,1668.7865714285715,6.216571428571569,0.1666666666666666,True,218359,218360,1,1662.53,0.8144329896906612,2.692802647302082,0.2091184851548735,1.97375677911568,1.0,tp1,2022,2022-10,2022-10-17,0.0482581119588186,0.9517418880411812,0.03-0.05R,0,0,0,0.0,25,4,2,0.9363207547169856,4,4,0.0778301886792815,11,4,0.5235849056603826,False,True,False,True,True,8,4,47,7,True,13,Monday,ny_main,bear,0.812,high,above,above,1.6004545454546173,0.1812080536912618,-0.4562824710832917,0.141940454155082,True,above_value,mid_volume,False,False,1.4590035848883105,0.5102040816326531,True,True,0.1595547309833053,True,True,True,False,True,False,True,False,False,True,True,True,True,True,True,True,True,False,True,True,True,True,False,True,False,False,False,False,False,False,True,True,False,False,False,False,False,False,True,True,True
11239,15min,m15_2c_1atr,supply,1722.38,1711.54,2022-11-09 17:45:00+00:00,2022-11-09 17:00:00+00:00,2022-11-09 17:15:00+00:00,2022-11-09 17:30:00+00:00,2,1.366936905181582,2.674656327106144,0.4252767527675127,2022-11-09 17:45:00+00:00,2022-11-09 17:55:00+00:00,1710.67,1723.092142857143,12.422142857142944,0.0,True,223052,223053,1,1710.67,0.6236559139784499,0.6850669886722962,1.925593697889687,-3.167730435282588,-1.0,stop,2022,2022-11,2022-11-09,0.0241504226323958,-1.024150422632396,<=0.03R,11,4,2,0.3957564575645669,11,4,2,0.3957564575645669,0,0,0.0,0,0,0.0,True,True,True,False,False,11,3,11,3,False,12,Wednesday,ny_main,bull,0.916,high,above,above,0.6636009904491994,0.6612903225806807,-0.0627815603824899,0.1810700428602874,True,above_value,mid_volume,True,True,0.419412339715945,0.4285714285714285,False,False,,False,True,True,False,True,True,True,True,False,True,True,True,True,True,False,False,False,True,True,True,True,False,False,True,False,False,False,False,False,False,True,False,False,True,False,False,False,False,True,True,True
11617,15min,m15_2c_1atr,demand,1786.83,1785.24,2022-12-20 05:00:00+00:00,2022-12-20 04:15:00+00:00,2022-12-20 04:30:00+00:00,2022-12-20 04:45:00+00:00,2,1.4348046676813646,1.1293759512936994,0.8364779874213809,2022-12-20 05:00:00+00:00,2022-12-20 05:05:00+00:00,1792.24,1784.9287142857142,7.311285714285759,0.0,True,230817,230818,0,1792.3,0.8716094032549656,3.960999628753962,0.7180679575607138,3.121202055530561,1.0,tp1,2022,2022-12,2022-12-20,0.041032454717755,0.9589675452822448,0.03-0.05R,2,1,1,1.0,10,4,2,1.0,1,1,0.647798742138381,14,4,1.0,True,True,True,True,True,4,4,38,7,True,0,Tuesday,post_close,bear,0.626,mid,below,below,1.6444600280505588,0.7972251867662682,2.9796250462895806,3.3609649545212124,True,value_low_half,hvn,True,True,-0.0977940170773361,0.7666666666666667,True,True,0.4124668435013327,True,True,True,True,False,False,True,False,False,True,True,True,True,True,True,True,True,True,True,True,True,False,False,True,False,False,True,True,False,False,False,True,False,False,False,False,False,True,False,True,True
11795,15min,m15_2c_1atr,supply,1852.57,1847.58,2023-01-06 16:30:00+00:00,2023-01-06 15:45:00+00:00,2023-01-06 16:00:00+00:00,2023-01-06 16:15:00+00:00,2,1.5179789784252076,1.2882168541397876,0.8176352705411116,2023-01-06 16:30:00+00:00,2023-01-06 16:40:00+00:00,1845.76,1853.3418571428572,7.581857142857189,0.0,True,233992,233993,1,1845.79,0.6403061224489653,0.6660637235505713,1.1764927552616231,-3.665328886627825,-1.0,stop,2023,2023-01,2023-01-06,0.0395681419931036,-1.0395681419931035,0.03-0.05R,0,0,0,0.0,17,4,2,0.4909819639278183,5,4,0.7494989979959924,5,4,0.7494989979959924,False,True,False,True,True,10,4,27,7,False,11,Friday,london_ny_overlap,bear,0.972,high,above,above,0.6077913502806489,0.0707070707070918,-0.3902933843339943,0.2118580081229426,True,above_value,mid_volume,False,False,1.7574849735269942,0.3703703703703703,True,False,0.1436403508771869,False,False,True,False,True,False,True,False,False,True,True,True,True,True,False,True,True,False,True,True,True,True,False,True,False,False,False,False,False,False,True,False,False,False,True,False,False,True,True,True,True
12088,15min,m15_2c_1atr,supply,1880.5,1877.34,2023-02-06 11:15:00+00:00,2023-02-06 10:30:00+00:00,2023-02-06 10:45:00+00:00,2023-02-06 11:00:00+00:00,2,2.460111317254184,1.1725417439703312,0.7594936708860851,2023-02-07 10:00:00+00:00,2023-02-07 10:10:00+00:00,1874.21,1880.821428571429,6.6114285714286325,22.75,True,239954,239955,1,1874.21,0.8063583815028712,1.2765773552290371,1.5306828003456912,-1.6910112359550502,1.0,tp1,2023,2023-02,2023-02-07,0.045375972342264,0.954624027657736,0.03-0.05R,2,2,1,1.0,8,3,2,1.0,1,1,1.0,4,2,1.0,True,True,True,True,True,4,4,16,7,True,5,Tuesday,asia_late,bear,0.434,mid,above,above,2.3020465772757777,0.1711026615969757,-0.5339209737022232,-0.2403567071280672,True,above_value,lvn,False,False,0.8576058772688017,0.2222222222222222,False,False,,False,True,False,False,True,False,True,False,False,True,True,True,True,True,True,True,True,True,True,True,True,True,False,True,False,True,False,False,False,False,True,False,False,False,True,True,False,True,False,True,True
12523,15min,m15_2c_1atr,supply,1978.79,1973.26,2023-03-21 09:45:00+00:00,2023-03-21 09:00:00+00:00,2023-03-21 09:15:00+00:00,2023-03-21 09:30:00+00:00,2,1.417109458023364,2.0568544102019097,0.8408679927667475,2023-03-21 09:45:00+00:00,2023-03-21 09:55:00+00:00,1973.09,1979.2381428571427,6.14814285714283,0.0,True,248211,248212,1,1973.09,0.8181818181818432,6.31410181936475,0.0748193414968578,5.071450147547456,1.0,tp1,2023,2023-03,2023-03-21,0.0487952227153381,0.9512047772846618,0.03-0.05R,1,1,1,0.7703435804701649,4,3,2,0.7703435804701649,1,1,0.6401446654611177,1,1,0.6401446654611177,True,True,True,True,True,3,3,6,5,True,5,Tuesday,asia_late,bull,0.52,mid,above,above,0.9364548494983148,0.0150753768844083,-1.6320489064138122,-2.517725647258697,True,value_low_half,hvn,True,True,-0.1992471594209494,0.8481012658227848,False,False,,True,True,True,False,True,False,True,False,False,True,True,True,True,True,True,True,True,True,True,True,True,False,False,True,False,False,True,True,False,False,False,False,False,True,False,False,False,True,False,True,True
12568,15min,m15_2c_1atr,demand,1988.0,1981.29,2023-03-24 11:15:00+00:00,2023-03-24 10:30:00+00:00,2023-03-24 10:45:00+00:00,2023-03-24 11:00:00+00:00,2,1.1071264367816267,2.159540229885069,0.5558867362146047,2023-03-24 11:15:00+00:00,2023-03-24 11:20:00+00:00,1988.37,1980.828142857143,7.541857142856998,0.0,True,249056,249057,0,1988.44,0.8433734939759168,1.933210842346581,1.1111321576724245,-4.520106832345274,1.0,tp1,2023,2023-03,2023-03-24,0.0397780008713284,0.9602219991286716,0.03-0.05R,7,3,2,0.7347242921013468,8,3,2,0.7347242921013468,4,4,0.470938897168415,4,4,0.470938897168415,True,True,True,True,True,15,7,16,7,True,7,Friday,asia_late,bull,0.57,mid,below,below,1.369935798096095,0.8113772455089576,0.5923909329749757,0.282609031096964,True,value_low_half,mid_volume,False,True,-0.9420756539692968,0.5540540540540541,True,True,0.2898682417083091,True,True,True,True,False,False,True,False,False,True,True,True,True,True,True,True,True,True,True,True,True,True,False,True,False,False,False,True,False,False,False,True,False,True,False,False,False,False,False,True,True
12743,15min,m15_2c_1atr,supply,2047.07,2039.8,2023-04-13 17:30:00+00:00,2023-04-13 16:45:00+00:00,2023-04-13 17:00:00+00:00,2023-04-13 17:15:00+00:00,2,1.020522081759985,1.6709899852240948,0.8019257221457967,2023-04-13 17:30:00+00:00,2023-04-13 17:40:00+00:00,2037.28,2047.6711428571427,10.391142857142768,0.0,True,252708,252709,1,2037.22,0.9460869565217486,4.179521020649497,0.9777557810223156,3.8282603316011192,1.0,tp1,2023,2023-04,2023-04-13,0.0288707415656193,0.9711292584343808,<=0.03R,1,1,1,0.8294360385144413,1,1,1,0.8294360385144413,0,0,0.0,0,0,0.0,True,True,True,False,False,1,1,1,1,True,13,Thursday,ny_main,bull,0.952,high,above,above,0.6327562432970814,0.0337243401759549,-0.7833641166944925,0.2164049990290034,True,above_value,hvn,False,False,2.5199345596524676,0.7558139534883721,False,False,,True,True,True,False,True,True,True,True,False,True,True,True,True,True,True,False,False,True,True,False,False,False,False,True,False,False,True,False,False,False,True,False,False,False,False,False,False,True,True,True,True
12944,15min,m15_2c_1atr,supply,2059.58,2053.5,2023-05-04 18:15:00+00:00,2023-05-04 17:30:00+00:00,2023-05-04 17:45:00+00:00,2023-05-04 18:00:00+00:00,2,2.045365853658551,1.0380487804877985,0.7368421052630949,2023-05-04 19:10:00+00:00,2023-05-04 19:20:00+00:00,2050.02,2060.087571428571,10.067571428571227,0.9166666666666666,True,256867,256868,1,2050.08,0.7867803837953117,5.01809203524764,0.2950065982716645,3.194414882295419,1.0,tp1,2023,2023-05,2023-05-04,0.0297986462900691,0.9702013537099308,<=0.03R,3,3,2,0.5888157894736793,3,3,2,0.5888157894736793,1,1,0.5888157894736793,1,1,0.5888157894736793,True,True,True,True,True,5,5,5,5,True,15,Thursday,ny_main,bull,0.964,high,above,above,0.573474178403757,0.1933028919330213,-0.237438706279396,0.295801290481112,True,above_value,mid_volume,False,True,2.164375008868684,0.5,False,False,,True,True,True,False,True,True,True,True,False,True,True,True,True,True,True,True,True,True,True,True,True,False,False,True,False,False,False,False,False,False,True,False,False,False,True,True,False,True,True,True,True
13707,15min,m15_2c_1atr,demand,1978.22,1972.41,2023-07-20 16:15:00+00:00,2023-07-20 15:30:00+00:00,2023-07-20 15:45:00+00:00,2023-07-20 16:00:00+00:00,2,1.872238805970144,2.428059701492498,0.8588640275387359,2023-07-20 16:15:00+00:00,2023-07-20 16:25:00+00:00,1978.51,1971.9651428571428,6.544857142857154,0.0,True,271892,271893,1,1978.53,0.8809523809524776,0.2475225913476406,1.222333784432704,-2.6906622429824747,-1.0,stop,2023,2023-07,2023-07-20,0.0458375169162264,-1.0458375169162264,0.03-0.05R,10,4,2,0.4371772805507724,25,4,2,0.5989672977624872,4,4,0.2719449225473222,4,4,0.2719449225473222,True,True,True,True,True,18,7,33,7,False,12,Thursday,ny_main,bull,0.836,high,below,below,0.9209997127262028,0.6173285198555621,0.3990810555469353,-0.1943349919539669,True,value_low_half,mid_volume,True,True,-0.2956519841096519,0.5555555555555556,False,False,,True,True,True,True,False,False,True,False,False,True,True,True,True,True,True,True,True,True,True,True,True,True,False,True,False,False,False,True,False,False,False,False,False,True,True,False,False,True,True,True,True
14386,15min,m15_2c_1atr,demand,1832.6,1827.19,2023-10-02 18:30:00+00:00,2023-10-02 17:30:00+00:00,2023-10-02 17:45:00+00:00,2023-10-02 18:15:00+00:00,3,1.2971162790697777,1.4091162790697356,0.4121996303142473,2023-10-02 18:35:00+00:00,2023-10-02 18:40:00+00:00,1832.92,1826.7758571428571,6.144142857142924,0.0833333333333333,True,286217,286218,0,1832.9,0.6050420168066223,0.1236950405729005,1.070938640749624,-1.2304401404357377,-1.0,stop,2023,2023-10,2023-10-02,0.0488269896998297,-1.0488269896998297,0.03-0.05R,0,0,0,0.0,0,0,0,0.0,0,0,0.0,0,0,0.0,False,False,False,False,False,0,0,0,0,False,14,Monday,ny_main,bear,0.99,high,below,below,0.6318651441000585,0.3976833976833648,0.2862681547224064,-0.1495402856911658,True,value_low_half,mid_volume,False,True,-0.7901834499755809,0.4318181818181818,False,False,,True,True,True,True,False,False,True,False,False,True,True,True,True,True,False,False,False,False,False,False,False,False,False,True,False,False,False,True,False,False,False,False,False,False,False,False,False,False,True,True,True
14609,15min,m15_2c_1atr,demand,1961.91,1953.51,2023-10-24 14:45:00+00:00,2023-10-24 14:00:00+00:00,2023-10-24 14:15:00+00:00,2023-10-24 14:30:00+00:00,2,1.023607609443064,2.6953930781572675,0.3714285714285815,2023-10-24 14:45:00+00:00,2023-10-24 14:50:00+00:00,1963.18,1953.0485714285712,10.131428571428614,0.0,True,290587,290588,0,1963.18,0.6562500000000481,1.423293852227841,0.4145516074450112,1.319655950366594,1.0,tp1,2023,2023-10,2023-10-24,0.0296108291032147,0.9703891708967852,<=0.03R,0,0,0,0.0,4,2,1,0.6202380952380928,0,0,0.0,4,4,0.2000000000000054,False,True,False,False,True,0,0,12,7,True,10,Tuesday,london_ny_overlap,bear,0.794,high,below,below,1.011743450767861,0.7735042735042772,0.1082856572042466,-1.0934851336587408,True,below_value,mid_volume,False,False,-1.8299492385786689,0.3888888888888889,True,True,0.2020026121027468,True,True,True,True,False,True,True,True,False,True,True,True,True,True,False,False,True,False,True,False,True,False,False,True,False,False,False,False,False,True,False,True,False,True,False,False,False,False,True,True,True
14820,15min,m15_2c_1atr,demand,1962.21,1955.46,2023-11-15 17:45:00+00:00,2023-11-15 16:45:00+00:00,2023-11-15 17:00:00+00:00,2023-11-15 17:30:00+00:00,3,1.07033639143731,1.9266055045871575,0.6977777777777832,2023-11-15 17:45:00+00:00,2023-11-15 17:50:00+00:00,1963.41,1955.065,8.345000000000027,0.0,True,295036,295037,0,1963.41,1.0,2.9418813660874625,0.8232474535650205,2.074295985620118,1.0,tp1,2023,2023-11,2023-11-15,0.0359496704613539,0.964050329538646,0.03-0.05R,2,2,1,0.0207407407407555,8,4,2,0.5303703703703596,1,1,0.0888888888889091,5,4,0.0888888888889091,True,True,True,True,True,4,4,18,7,True,12,Wednesday,ny_main,bull,0.962,high,below,below,0.8077466209401217,0.5932721712538426,0.2460302838753172,-0.6092286830897269,True,below_value,lvn,False,True,-0.4691431995206652,0.2162162162162162,True,False,0.2779141104294469,True,True,True,True,False,False,True,False,False,True,True,True,True,True,True,True,True,True,True,True,True,True,False,True,False,True,False,False,False,True,False,False,False,False,False,False,False,True,True,True,True
15173,15min,m15_2c_1atr,supply,2054.11,2048.86,2023-12-22 02:15:00+00:00,2023-12-22 01:30:00+00:00,2023-12-22 01:45:00+00:00,2023-12-22 02:00:00+00:00,2,1.9675174013922017,2.436194895591623,0.9352380952381542,2023-12-22 02:15:00+00:00,2023-12-22 02:20:00+00:00,2047.43,2054.4645714285716,7.034571428571553,0.0,True,302195,302196,0,2047.42,0.9594594594593986,0.0824499411072054,1.017830307461104,-1.4641972300068724,-1.0,stop,2023,2023-12,2023-12-22,0.0426465212623362,-1.0426465212623364,0.03-0.05R,0,0,0,0.0,0,0,0,0.0,0,0,0.0,5,4,0.1961904761904276,False,False,False,False,True,0,0,10,4,False,21,Thursday,after_hours,bull,0.666,high,above,above,1.4847805190643548,0.6374501992030955,-0.1974039808469624,0.9671887016363352,True,above_value,lvn,False,False,2.0946549693351013,0.1521739130434782,True,True,0.3126954346466442,True,True,True,False,True,False,True,False,False,True,True,True,True,True,True,False,True,False,False,False,True,False,False,True,False,True,False,False,False,False,True,True,False,True,True,False,False,True,False,False,True
15964,15min,m15_2c_1atr,demand,2160.04,2156.51,2024-03-15 16:15:00+00:00,2024-03-15 15:30:00+00:00,2024-03-15 15:45:00+00:00,2024-03-15 16:00:00+00:00,2,1.4513089005235345,1.0349738219894735,0.3682719546742991,2024-03-15 16:40:00+00:00,2024-03-15 16:50:00+00:00,2163.72,2156.0080000000003,7.711999999999534,0.4166666666666667,True,318316,318317,1,2163.71,0.9969135802469864,0.3851141078838737,1.026970954356859,-0.5718360995850779,-1.0,stop,2024,2024-03,2024-03-15,0.0389004149377616,-1.0389004149377616,0.03-0.05R,3,2,1,0.6685552407931566,12,3,2,0.6685552407931566,4,3,1.0,8,4,1.0,True,True,True,True,True,11,7,28,7,False,12,Friday,ny_main,bear,0.89,high,below,below,0.8124431508095695,0.6215780998389863,0.6405368539205771,0.2822504701426789,True,value_low_half,hvn,False,True,-0.4505964730290611,0.8974358974358975,True,True,0.3343419062027452,True,True,True,True,False,False,True,False,False,True,True,True,True,True,True,True,True,True,True,True,True,False,False,True,False,False,True,True,False,False,False,True,False,False,False,False,False,False,True,True,True
16003,15min,m15_2c_1atr,supply,2164.92,2157.51,2024-03-20 16:45:00+00:00,2024-03-20 16:00:00+00:00,2024-03-20 16:15:00+00:00,2024-03-20 16:30:00+00:00,2,1.5270103092783542,2.1389690721649264,0.7098515519567972,2024-03-20 16:45:00+00:00,2024-03-20 16:50:00+00:00,2157.16,2165.381428571429,8.221428571428987,0.0,True,319144,319145,0,2157.15,0.5584415584416543,0.2992180712423872,1.6882710686358966,-2.0203301476975675,-1.0,stop,2024,2024-03,2024-03-20,0.0364900086880954,-1.0364900086880957,0.03-0.05R,10,4,2,0.2860998650472857,44,4,2,0.6099865047233564,14,4,0.4156545209176771,18,4,0.7705802968961064,True,True,True,True,True,38,7,80,7,False,12,Wednesday,ny_main,bear,0.962,high,above,above,0.6301703163016501,0.6,-0.0823026139004903,0.2756329042298418,True,above_value,mid_volume,False,True,0.482276281494346,0.3870967741935484,True,True,0.1880239520957755,True,True,True,False,True,False,True,False,False,True,True,True,True,False,False,True,True,True,True,True,True,True,False,True,False,False,False,False,False,False,True,True,False,True,True,False,False,True,True,True,True
16011,15min,m15_2c_1atr,demand,2204.3,2196.89,2024-03-21 11:15:00+00:00,2024-03-21 10:30:00+00:00,2024-03-21 10:45:00+00:00,2024-03-21 11:00:00+00:00,2,1.4194135030688833,2.3582632416459144,0.7408906882590489,2024-03-21 11:15:00+00:00,2024-03-21 11:25:00+00:00,2204.6,2196.472571428571,8.127428571428482,0.0,True,319355,319356,1,2204.61,0.8764478764479741,0.8821978485551758,1.135660549813697,-4.657069535259831,-1.0,stop,2024,2024-03,2024-03-21,0.0369120438726011,-1.0369120438726012,0.03-0.05R,5,4,2,0.3063427800269753,5,4,2,0.3063427800269753,0,0,0.0,0,0,0.0,True,True,True,False,False,5,3,5,3,False,7,Thursday,asia_late,bull,0.846,high,below,below,1.0143140277471745,0.8231884057970785,0.3546042941292113,0.2467256738422123,True,value_low_half,hvn,True,True,-0.3881916613934905,0.7906976744186046,False,False,,True,True,True,True,False,False,True,False,False,True,True,True,True,True,True,False,False,True,True,True,True,True,False,True,False,False,True,True,False,False,False,False,False,True,False,False,False,True,False,True,True
16170,15min,m15_2c_1atr,demand,2344.62,2339.27,2024-04-09 06:00:00+00:00,2024-04-09 04:45:00+00:00,2024-04-09 05:00:00+00:00,2024-04-09 05:45:00+00:00,4,1.5552238805968417,1.5970149253730577,0.4205607476635585,2024-04-09 06:00:00+00:00,2024-04-09 06:10:00+00:00,2346.42,2338.923,7.497000000000298,0.0,True,322592,322593,1,2346.49,0.9239999999999782,2.5210084033612565,1.081766039749207,0.9390422835800564,1.0,tp1,2024,2024-04,2024-04-09,0.0400160064025594,0.9599839935974406,0.03-0.05R,5,3,2,1.0,5,3,2,1.0,0,0,0.0,0,0,0.0,True,True,True,False,False,5,3,5,3,True,2,Tuesday,post_close,bull,0.55,mid,below,below,2.080618892507993,0.4272997032640673,0.4392457956331879,0.952550736965172,True,value_high_half,hvn,False,True,0.4928638121914848,0.8688524590163934,False,False,,True,True,True,True,False,False,True,False,False,True,True,True,True,True,True,False,False,True,True,True,True,True,False,True,False,False,True,False,True,False,False,False,False,False,True,False,False,False,False,True,True
16215,15min,m15_2c_1atr,supply,2362.48,2356.08,2024-04-15 10:00:00+00:00,2024-04-15 08:45:00+00:00,2024-04-15 09:00:00+00:00,2024-04-15 09:45:00+00:00,4,1.807947019867595,1.854304635761592,0.6109374999999686,2024-04-15 10:05:00+00:00,2024-04-15 10:10:00+00:00,2355.43,2363.011,7.581000000000131,0.0833333333333333,True,323744,323745,0,2355.56,0.7240143369175657,4.106318427647951,1.588180978762664,-1.6752407334124857,1.0,tp1,2024,2024-04,2024-04-15,0.0395726157499003,0.9604273842500995,0.03-0.05R,5,3,2,1.0,15,4,2,1.0,0,0,0.0,2,1,0.8140624999999941,True,True,True,False,True,5,3,19,7,True,6,Monday,asia_late,bear,0.438,mid,above,above,0.6966824644549605,0.5380875202593395,-0.9154387887319412,-1.114461465752035,True,value_high_half,hvn,False,True,0.4656377786571276,0.8604651162790697,False,False,,True,True,True,False,True,False,True,False,False,True,True,True,True,True,True,False,True,True,True,True,True,True,False,True,False,False,True,False,True,False,False,False,False,False,True,False,False,False,False,True,True
16272,15min,m15_2c_1atr,supply,2400.96,2397.87,2024-04-19 21:00:00+00:00,2024-04-19 20:15:00+00:00,2024-04-19 20:30:00+00:00,2024-04-19 20:45:00+00:00,2,1.0726643598615957,0.7128027681661121,0.087378640776689,2024-04-19 21:55:00+00:00,2024-04-19 22:05:00+00:00,2395.05,2401.267142857143,6.21714285714279,0.9166666666666666,True,324991,324992,1,2395.13,0.9874213836478096,11.284926470588408,0.0659466911764479,10.607766544117808,1.0,tp1,2024,2024-04,2024-04-19,0.0482536764705887,0.9517463235294112,0.03-0.05R,3,3,2,1.0,6,4,2,1.0,4,4,1.0,8,4,1.0,True,True,True,True,True,11,7,22,7,True,18,Friday,after_hours,bull,0.442,mid,above,above,0.9611398963730672,0.2027833001988138,-0.2797611561723249,0.2830715707791641,True,above_value,mid_volume,False,False,2.760914522058848,0.5057471264367817,True,True,0.3654207804419336,True,True,True,False,True,False,True,False,False,True,True,True,True,True,True,True,True,True,True,True,True,False,False,True,False,False,False,False,False,False,True,True,True,False,False,False,True,False,False,False,True
16316,15min,m15_2c_1atr,supply,2333.61,2330.14,2024-04-24 19:00:00+00:00,2024-04-24 18:15:00+00:00,2024-04-24 18:30:00+00:00,2024-04-24 18:45:00+00:00,2,1.4528142702181523,0.5855128359648414,0.0086455331412674,2024-04-24 20:20:00+00:00,2024-04-24 20:30:00+00:00,2324.31,2334.0698571428575,9.759857142857529,1.3333333333333333,True,325800,325801,1,2324.29,0.9068702290076796,1.960069673150888,1.0635401572036756,-0.8002166308054489,1.0,tp1,2024,2024-04,2024-04-24,0.0307381548324758,0.969261845167524,0.03-0.05R,0,0,0,0.0,10,3,2,1.0,3,2,1.0,4,2,1.0,False,True,False,True,True,6,4,18,7,True,16,Wednesday,ny_main,bear,0.706,high,above,above,0.8637585897818988,0.3733681462141379,-0.335940449387418,-0.1206470824340738,True,above_value,mid_volume,False,False,0.8837219514336804,0.36,False,False,,True,True,True,False,True,False,True,False,False,True,True,True,True,True,True,True,True,False,True,True,True,True,False,True,False,False,False,False,False,False,True,False,True,False,False,False,True,False,True,True,True
16490,15min,m15_2c_1atr,supply,2349.41,2345.32,2024-05-13 16:45:00+00:00,2024-05-13 16:00:00+00:00,2024-05-13 16:15:00+00:00,2024-05-13 16:30:00+00:00,2,1.4267515923566043,1.0726863994004594,0.2542787286063673,2024-05-13 17:00:00+00:00,2024-05-13 17:10:00+00:00,2342.33,2349.973142857142,7.64314285714272,0.25,True,329336,329337,1,2342.26,0.7020648967550867,1.3319128256887618,1.0218309595903068,-1.109491233972584,1.0,tp1,2024,2024-05,2024-05-13,0.0392508691263885,0.9607491308736116,0.03-0.05R,3,3,2,0.4254278728606145,4,3,2,0.4694376528117892,0,0,0.0,1,1,0.6234718826405672,True,True,True,False,True,3,3,6,5,True,13,Monday,ny_main,bull,0.862,high,above,above,0.8292250399007363,0.4045174537987359,-0.3346394409772674,-0.4352277304489688,True,value_high_half,hvn,False,True,0.5383910881836005,0.9230769230769232,False,False,,True,True,True,False,True,False,True,False,False,True,True,True,True,True,True,False,True,True,True,True,True,False,False,True,False,False,True,False,True,False,False,False,False,False,False,False,True,False,True,True,True
16749,15min,m15_2c_1atr,supply,2379.18,2374.68,2024-06-07 10:45:00+00:00,2024-06-07 10:00:00+00:00,2024-06-07 10:15:00+00:00,2024-06-07 10:30:00+00:00,2,1.4674444862626417,1.1855476100865767,0.8200000000000122,2024-06-07 10:55:00+00:00,2024-06-07 11:00:00+00:00,2373.54,2379.708142857143,6.168142857142811,0.1666666666666666,True,334465,334466,0,2373.6,0.5806451612904172,14.060958380619418,0.0697130416656756,12.96338328276639,1.0,tp1,2024,2024-06,2024-06-07,0.0486370058132805,0.9513629941867194,0.03-0.05R,4,4,2,0.59777777777779,7,4,2,0.59777777777779,0,0,0.0,2,2,0.8400000000000445,True,True,True,False,True,4,3,11,7,True,7,Friday,asia_late,bull,0.92,high,above,above,1.073613633188955,0.0095860566448715,-3.721643450956919,-4.5572962156101156,True,value_high_half,hvn,False,True,0.6776756143316829,0.927536231884058,False,False,,True,True,True,False,True,False,True,False,False,True,True,True,True,False,False,False,True,True,True,True,True,False,False,True,False,False,True,False,True,False,False,False,False,False,False,False,False,True,False,True,True
16802,15min,m15_2c_1atr,supply,2331.2,2324.96,2024-06-12 22:00:00+00:00,2024-06-12 21:15:00+00:00,2024-06-12 21:30:00+00:00,2024-06-12 21:45:00+00:00,2,1.5889444281093388,1.2843281387826664,0.7580128205128499,2024-06-13 01:00:00+00:00,2024-06-13 01:10:00+00:00,2323.38,2331.414571428571,8.034571428571326,3.0,True,335451,335452,1,2323.34,0.854166666666647,3.451335301020636,0.410725080900366,2.5253369368088183,1.0,tp1,2024,2024-06,2024-06-13,0.0373386437182181,0.9626613562817818,0.03-0.05R,1,1,1,0.7836538461538531,2,1,1,0.7836538461538531,2,2,1.0,8,3,1.0,True,True,True,True,True,5,5,18,6,True,21,Wednesday,after_hours,bull,0.802,high,above,above,0.5688592839300736,0.1932773109243761,-0.0539457952293378,-0.4876139160622544,True,value_high_half,hvn,False,True,1.845773621137243,0.8852459016393442,False,False,,True,True,True,False,True,False,True,False,False,True,True,True,True,True,True,True,True,True,True,True,True,False,False,True,False,False,True,False,True,False,False,False,False,False,True,False,False,True,False,False,True
16876,15min,m15_2c_1atr,supply,2344.5,2342.06,2024-06-20 11:00:00+00:00,2024-06-20 10:15:00+00:00,2024-06-20 10:30:00+00:00,2024-06-20 10:45:00+00:00,2,2.1550302363935816,0.938977460142954,0.8073770491802278,2024-06-20 15:30:00+00:00,2024-06-20 15:40:00+00:00,2337.44,2344.8915714285713,7.451571428571242,4.5,True,336974,336975,1,2337.42,0.7924528301887144,0.2710837598972456,1.0588370621728973,-1.6506585379881569,-1.0,stop,2024,2024-06,2024-06-20,0.0402599643411754,-1.0402599643411754,0.03-0.05R,3,3,2,1.0,3,3,2,1.0,2,2,1.0,12,4,1.0,True,True,True,True,True,7,7,27,7,False,11,Thursday,london_ny_overlap,bull,0.728,high,above,above,1.4734955185659626,0.3312020460358173,-0.1746876195388909,0.0739494566330196,True,value_high_half,mid_volume,False,True,1.2789248672379725,0.4285714285714285,True,True,0.4956167814652442,True,False,True,False,True,False,True,False,False,True,True,True,True,True,True,True,True,True,True,True,True,False,False,True,False,False,False,False,True,False,False,True,True,False,True,True,False,True,True,True,True
17221,15min,m15_2c_1atr,demand,2359.68,2356.63,2024-07-25 22:30:00+00:00,2024-07-25 21:45:00+00:00,2024-07-25 22:00:00+00:00,2024-07-25 22:15:00+00:00,2,1.2621786197564224,0.7222598105547461,0.7508196721313519,2024-07-25 23:05:00+00:00,2024-07-25 23:15:00+00:00,2362.3,2356.252,6.048000000000229,0.5833333333333334,True,343924,343925,1,2362.21,0.735955056179662,0.5224867724867286,1.0631613756613836,5.869708994708772,-1.0,stop,2024,2024-07,2024-07-25,0.0496031746031727,-1.0496031746031729,0.03-0.05R,3,2,1,1.0,3,2,1,1.0,0,0,0.0,3,1,1.0,True,True,True,False,True,3,3,9,7,False,19,Thursday,after_hours,bear,0.628,mid,below,below,0.9849385652002084,0.8027681660899001,0.1625249103403739,0.07079620250479,True,below_value,mid_volume,False,False,-2.743882275132213,0.6145833333333334,True,False,0.256081946222793,True,True,True,True,False,False,True,False,False,True,True,True,True,True,True,False,True,True,True,True,True,False,False,True,False,False,False,False,False,True,False,False,True,False,False,False,False,True,False,False,True
17278,15min,m15_2c_1atr,supply,2458.37,2450.78,2024-08-01 05:00:00+00:00,2024-08-01 04:15:00+00:00,2024-08-01 04:30:00+00:00,2024-08-01 04:45:00+00:00,2,2.079143389199289,2.473463687150735,0.7417654808959603,2024-08-01 05:00:00+00:00,2024-08-01 05:05:00+00:00,2450.12,2459.0095714285712,8.889571428571344,0.0,True,345086,345087,0,2450.15,0.584112149532745,2.231828627444665,1.3701447924534824,-0.6805727417359294,1.0,tp1,2024,2024-08,2024-08-01,0.0337474086811194,0.9662525913188804,0.03-0.05R,0,0,0,0.0,0,0,0,0.0,0,0,0.0,2,2,0.7496706192358744,False,False,False,False,True,0,0,4,4,True,1,Thursday,post_close,bull,0.554,mid,above,above,1.4686606553771726,0.2485207100592066,-0.522307160524671,0.5011033954827225,True,above_value,mid_volume,False,False,3.748774647660998,0.6542056074766355,False,False,,True,True,True,False,True,False,True,False,False,True,True,True,True,False,False,False,True,False,False,False,True,False,False,True,False,False,False,False,False,False,True,False,False,True,True,True,False,True,False,True,True
17389,15min,m15_2c_1atr,supply,2473.71,2466.96,2024-08-13 17:30:00+00:00,2024-08-13 16:30:00+00:00,2024-08-13 16:45:00+00:00,2024-08-13 17:15:00+00:00,3,1.2313200498132155,1.4710460772104552,0.9333333333333604,2024-08-13 17:30:00+00:00,2024-08-13 17:35:00+00:00,2464.82,2474.359857142857,9.539857142856818,0.0,True,347444,347445,0,2464.83,0.8223844282239363,0.9947738061367184,1.0807289716827455,1.9098818490843847,-1.0,stop,2024,2024-08,2024-08-13,0.0314470117851431,-1.031447011785143,0.03-0.05R,2,1,1,0.6800000000000216,2,1,1,0.6800000000000216,4,4,0.136296296296307,16,4,1.0,True,True,True,True,True,10,6,34,6,False,13,Tuesday,ny_main,bull,0.904,high,above,above,0.6748761075235629,0.9637096774193848,-0.1032759948090477,0.3508606765633855,True,above_value,hvn,False,True,0.6378502223753232,0.7678571428571429,True,False,0.2599502487562099,True,True,True,False,True,False,True,False,False,True,True,True,True,True,True,True,True,True,True,True,True,False,False,True,False,False,True,False,False,False,True,False,False,False,False,False,False,True,True,True,True
17410,15min,m15_2c_1atr,demand,2451.49,2443.22,2024-08-15 17:30:00+00:00,2024-08-15 16:30:00+00:00,2024-08-15 16:45:00+00:00,2024-08-15 17:15:00+00:00,3,1.1317916901673015,1.0883624741492632,0.8790810157194677,2024-08-15 17:30:00+00:00,2024-08-15 17:35:00+00:00,2454.21,2442.3515714285713,11.858428571428703,0.0,True,347996,347997,0,2454.26,0.5351351351351663,3.87150790878092,0.3052681034586485,2.8553530340083393,1.0,tp1,2024,2024-08,2024-08-15,0.0252984616125959,0.974701538387404,<=0.03R,5,4,2,0.3107617896009878,11,4,2,0.8379685610640691,6,4,0.8379685610640691,10,4,0.8379685610640691,True,True,True,True,True,17,7,31,7,True,13,Thursday,ny_main,bear,1.0,high,below,below,0.4486201888162318,0.6509274873524079,0.5341280538970796,0.2411153839299676,True,value_low_half,mid_volume,True,True,-0.2862942572492475,0.6891891891891891,True,True,0.4052469997209046,True,True,True,True,False,True,True,True,False,True,True,True,True,False,False,True,True,True,True,True,True,False,False,True,False,False,False,True,False,False,False,True,False,False,False,False,False,True,True,True,True
17450,15min,m15_2c_1atr,demand,2510.63,2505.17,2024-08-20 20:30:00+00:00,2024-08-20 19:15:00+00:00,2024-08-20 19:30:00+00:00,2024-08-20 20:15:00+00:00,4,1.127560521415287,0.8896648044692836,0.7600732600732717,2024-08-20 20:30:00+00:00,2024-08-20 20:35:00+00:00,2511.02,2504.7165714285716,6.303428571428412,0.0,True,348860,348861,0,2511.0,0.6562499999998413,1.4230350829480596,1.0105611458616708,0.8138428066358823,1.0,tp1,2024,2024-08,2024-08-20,0.0475931465868926,0.9524068534131072,0.03-0.05R,3,3,2,0.5659340659340888,6,3,2,0.5659340659340888,0,0,0.0,0,0,0.0,True,True,True,False,False,3,3,6,3,True,16,Tuesday,ny_main,bull,0.912,high,below,below,0.5448755749498343,0.7272727272727956,0.1523649718100223,-0.3971274202420621,True,value_high_half,mid_volume,False,True,0.5790499501405422,0.2794117647058823,False,False,,True,True,True,True,False,False,True,False,False,True,True,True,True,True,False,False,False,True,True,True,True,True,False,True,False,False,False,False,True,False,False,False,True,False,False,False,False,True,True,True,True
17539,15min,m15_2c_1atr,demand,2500.24,2496.15,2024-08-28 16:00:00+00:00,2024-08-28 15:15:00+00:00,2024-08-28 15:30:00+00:00,2024-08-28 15:45:00+00:00,2,1.5171421721409497,1.372812275233637,0.7310513447433894,2024-08-28 16:00:00+00:00,2024-08-28 16:05:00+00:00,2502.58,2495.7155714285714,6.8644285714285616,0.0,True,350462,350463,0,2502.45,0.708502024291425,3.184533100247677,0.88863915423195,2.4415724958898193,1.0,tp1,2024,2024-08,2024-08-28,0.0437035649622276,0.9562964350377724,0.03-0.05R,0,0,0,0.0,9,4,2,1.0,0,0,0.0,5,4,0.2176039119804254,False,True,False,False,True,0,0,19,7,True,12,Wednesday,ny_main,bear,0.756,high,below,below,1.2389380530974448,0.9176829268292732,1.2970225939668163,0.5950129853786412,True,below_value,mid_volume,False,False,-2.6302262179767792,0.3098591549295774,True,True,0.1355339805825157,True,True,True,True,False,False,True,False,False,True,True,True,True,True,True,False,True,False,True,False,True,False,False,True,False,False,False,False,False,True,False,True,False,False,True,False,False,True,True,True,True
17876,15min,m15_2c_1atr,demand,2651.12,2643.92,2024-10-02 16:00:00+00:00,2024-10-02 15:15:00+00:00,2024-10-02 15:30:00+00:00,2024-10-02 15:45:00+00:00,2,1.2223168654173604,2.1465076660987723,0.7750000000000726,2024-10-02 16:00:00+00:00,2024-10-02 16:05:00+00:00,2652.46,2643.3012857142858,9.158714285714268,0.0,True,357332,357333,0,2652.47,0.857585139318875,1.189031523451502,1.1267957136840991,-0.6321848044797277,1.0,tp1,2024,2024-10,2024-10-02,0.0327556893512814,0.9672443106487184,0.03-0.05R,8,4,2,0.7916666666666614,22,4,2,0.7916666666666614,4,3,1.0,11,4,1.0,True,True,True,True,True,16,7,44,7,True,12,Wednesday,ny_main,bull,0.716,high,below,below,0.8466460268318806,0.3535156249999969,0.3095144727264625,0.0405044557671826,True,below_value,mid_volume,False,False,-1.6083043471479204,0.4285714285714285,True,False,0.4790619765494135,True,True,True,True,False,False,True,False,False,True,True,True,True,True,True,True,True,True,True,True,True,True,False,True,False,False,False,False,False,True,False,False,False,True,False,False,False,True,True,True,True
18082,15min,m15_2c_1atr,demand,2719.32,2708.83,2024-10-23 18:45:00+00:00,2024-10-23 18:00:00+00:00,2024-10-23 18:15:00+00:00,2024-10-23 18:30:00+00:00,2,1.0686390532544792,1.448323471400439,0.6558627264060967,2024-10-23 18:45:00+00:00,2024-10-23 18:55:00+00:00,2721.41,2708.084142857143,13.325857142856876,0.0,True,361506,361507,1,2721.42,0.8405315614617995,1.644922331450173,0.7031442630332067,0.9215167075824994,1.0,tp1,2024,2024-10,2024-10-23,0.0225126231494092,0.9774873768505908,<=0.03R,0,0,0,0.0,15,4,2,0.5405147759771158,4,4,0.0409914204004081,7,4,0.7464251668255244,False,True,False,True,True,8,4,29,7,True,14,Wednesday,ny_main,bull,0.998,high,below,below,0.3317336532693339,0.8241758241757913,0.0766794159705901,-1.2236921494220958,True,below_value,lvn,False,False,-2.7896892185976405,0.1632653061224489,True,True,0.6524390243902635,True,True,True,True,False,True,True,True,False,True,True,True,True,True,True,True,True,False,True,True,True,True,False,True,False,True,False,False,False,True,False,True,False,False,False,False,False,True,True,True,True
18218,15min,m15_2c_1atr,supply,2748.26,2743.55,2024-11-06 05:00:00+00:00,2024-11-06 04:15:00+00:00,2024-11-06 04:30:00+00:00,2024-11-06 04:45:00+00:00,2,1.704415656776757,0.9185123276222392,0.5244161358810575,2024-11-06 05:20:00+00:00,2024-11-06 05:25:00+00:00,2740.08,2749.0538571428574,8.973857142857469,0.3333333333333333,True,364104,364105,0,2740.07,0.7407407407407647,10.78354585542091,0.398936593597252,9.18779948103185,1.0,tp1,2024,2024-11,2024-11-06,0.0334304408042396,0.9665695591957604,0.03-0.05R,8,3,2,1.0,23,4,2,1.0,1,1,0.6921443736729805,7,3,0.6921443736729805,True,True,True,True,True,10,5,37,7,True,0,Wednesday,post_close,bear,0.978,high,above,above,1.5420571560800729,0.0594214229867256,-1.2717044538716238,-1.549790450350083,True,above_value,mid_volume,False,True,0.4630116051387418,0.3333333333333333,True,False,0.435945273631828,True,True,True,False,True,False,True,False,False,True,True,True,True,True,True,True,True,True,True,True,True,True,False,True,False,False,False,False,False,False,True,False,True,False,True,False,False,False,False,True,True
18419,15min,m15_2c_1atr,demand,2623.06,2619.51,2024-11-26 03:30:00+00:00,2024-11-26 02:45:00+00:00,2024-11-26 03:00:00+00:00,2024-11-26 03:15:00+00:00,2,1.1076207097149142,0.578243164630559,0.4985915492958078,2024-11-26 05:00:00+00:00,2024-11-26 05:10:00+00:00,2627.84,2619.0488571428573,8.791142857142859,1.5,True,367965,367966,1,2627.84,0.7471264367817099,0.4095030712730241,1.127270954532194,1.1454710910331494,-1.0,stop,2024,2024-11,2024-11-26,0.0341252559394195,-1.0341252559394196,0.03-0.05R,5,3,2,1.0,14,4,2,1.0,1,1,1.0,10,4,1.0,True,True,True,True,True,7,5,34,7,False,0,Tuesday,post_close,bear,0.91,high,below,below,0.9301648884578212,0.8951048951049073,0.2868508976801508,0.4412932925346683,True,value_low_half,hvn,False,True,-0.6216484123631092,0.797752808988764,True,True,0.2853403141361628,True,True,True,True,False,False,True,False,False,True,True,True,True,True,True,True,True,True,True,True,True,False,False,True,False,False,True,True,False,False,False,True,True,False,False,False,False,False,False,True,True
19039,15min,m15_2c_1atr,supply,2830.59,2818.64,2025-02-03 17:30:00+00:00,2025-02-03 16:45:00+00:00,2025-02-03 17:00:00+00:00,2025-02-03 17:15:00+00:00,2,1.6911845730027537,2.3044077134986782,0.977405857740588,2025-02-03 17:30:00+00:00,2025-02-03 17:35:00+00:00,2815.19,2831.6197142857145,16.429714285714454,0.0,True,380960,380961,0,2815.23,0.7798053527980117,0.480227462437383,1.1199220923761766,-1.5374582637729248,-1.0,stop,2025,2025-02,2025-02-03,0.0182595993322201,-1.01825959933222,<=0.03R,0,0,0,0.0,0,0,0,0.0,0,0,0.0,0,0,0.0,False,False,False,False,False,0,0,0,0,False,12,Monday,ny_main,bull,0.982,high,above,above,0.7179941750031151,0.3844282238443079,-0.3463379821402635,0.8708627528069572,True,above_value,mid_volume,False,False,2.3046657623817106,0.2991452991452991,False,False,,True,True,True,False,True,True,True,True,True,True,True,True,True,True,True,False,False,False,False,False,False,False,False,True,False,False,False,False,False,False,True,False,False,True,True,False,False,True,True,True,True
19114,15min,m15_2c_1atr,supply,2918.39,2912.56,2025-02-11 09:45:00+00:00,2025-02-11 09:00:00+00:00,2025-02-11 09:15:00+00:00,2025-02-11 09:30:00+00:00,2,1.770840038622446,1.3134856775023618,0.0583190394511406,2025-02-11 09:50:00+00:00,2025-02-11 09:55:00+00:00,2912.05,2919.029,6.9789999999998145,0.0833333333333333,True,382524,382525,0,2912.06,0.5827586206896557,4.337297607107148,0.4527869322252383,2.9015618283422464,1.0,tp1,2025,2025-02,2025-02-11,0.0429861011606258,0.9570138988393742,0.03-0.05R,1,1,1,0.0857632933104641,1,1,1,0.0857632933104641,0,0,0.0,0,0,0.0,True,True,True,False,False,1,1,1,1,True,4,Tuesday,asia_late,bull,0.836,high,above,above,1.2954966070326566,0.9684418145956905,-0.4657755111187212,-1.0096162888795437,True,value_high_half,mid_volume,False,True,1.6083966184267384,0.55,False,False,,True,True,True,False,True,False,True,False,False,True,True,True,True,False,False,False,False,True,True,False,False,False,False,True,False,False,False,False,True,False,False,False,False,False,True,False,True,False,False,True,True
19231,15min,m15_2c_1atr,demand,2924.53,2916.81,2025-02-21 11:15:00+00:00,2025-02-21 10:15:00+00:00,2025-02-21 10:30:00+00:00,2025-02-21 11:00:00+00:00,3,1.2803376714737578,1.900809004572708,0.6126943005181169,2025-02-21 11:15:00+00:00,2025-02-21 11:25:00+00:00,2925.03,2916.3377142857144,8.692285714285845,0.0,True,384720,384721,1,2924.97,0.4767441860463979,2.7311573480589684,0.4141603392170754,1.9764651743746025,1.0,tp1,2025,2025-02,2025-02-21,0.0345133616014194,0.9654866383985804,0.03-0.05R,3,3,2,0.0414507772020923,14,4,2,0.854922279792765,1,1,0.3911917098445443,11,4,0.5259067357512709,True,True,True,True,True,5,5,36,7,True,6,Friday,asia_late,bear,0.744,high,below,below,1.7089321448062735,0.6747967479674105,0.0576542978180322,-0.600353900391432,True,below_value,lvn,False,False,-2.1950497978502694,0.027027027027027,True,True,0.2961595273264571,True,False,True,True,False,False,True,False,False,True,True,True,True,False,False,True,True,True,True,True,True,False,False,True,False,True,False,False,False,True,False,True,False,False,False,False,False,False,False,True,True
19246,15min,m15_2c_1atr,demand,2942.03,2937.8,2025-02-24 13:30:00+00:00,2025-02-24 12:30:00+00:00,2025-02-24 12:45:00+00:00,2025-02-24 13:15:00+00:00,3,1.2022792022791262,1.205128205128191,0.9125295508274494,2025-02-24 13:30:00+00:00,2025-02-24 13:35:00+00:00,2944.15,2937.3992857142857,6.750714285714366,0.0,True,385022,385023,0,2944.14,0.671698113207428,1.7894402708707753,1.2028356787641217,-2.590836948471065,1.0,tp1,2025,2025-02,2025-02-24,0.0444397418262612,0.9555602581737388,0.03-0.05R,1,1,1,0.5460992907801266,14,4,2,1.0,1,1,1.0,5,4,1.0,True,True,True,True,True,3,3,24,7,True,8,Monday,london_ny_overlap,bull,0.634,mid,below,below,1.5295522388058678,0.8396739130434514,0.7607135469503591,0.8337566655629995,True,value_low_half,hvn,True,True,-0.1236906147497658,0.9454545454545454,False,False,,True,True,True,True,False,False,True,False,False,True,True,True,True,True,False,True,True,True,True,True,True,True,False,True,False,False,True,True,False,False,False,False,False,False,False,False,False,True,True,True,True
19251,15min,m15_2c_1atr,demand,2940.55,2933.28,2025-02-24 18:15:00+00:00,2025-02-24 17:30:00+00:00,2025-02-24 17:45:00+00:00,2025-02-24 18:00:00+00:00,2,1.2194125159642737,1.299872286079184,0.0316368638239365,2025-02-24 18:35:00+00:00,2025-02-24 18:45:00+00:00,2942.76,2932.7627142857145,9.99728571428568,0.3333333333333333,True,385084,385085,1,2942.75,0.9094076655053054,1.0992983809891077,1.0272788328260998,-3.9430702619282583,1.0,tp1,2025,2025-02,2025-02-24,0.0300081450679471,0.9699918549320528,0.03-0.05R,4,3,2,0.7716643741403221,34,4,2,1.0,4,3,0.6781292984869743,13,4,0.6781292984869743,True,True,True,True,True,12,7,60,7,True,13,Monday,ny_main,bull,0.946,high,below,below,1.003001435469096,0.953352769679214,0.3627782530878035,0.1919718534014748,True,value_low_half,hvn,False,True,-0.4336176962318395,0.9295774647887324,True,True,0.3391089108910933,True,True,True,True,False,False,True,False,False,True,True,True,True,True,True,True,True,True,True,True,True,True,False,True,False,False,True,True,False,False,False,True,False,False,False,False,True,False,True,True,True
19344,15min,m15_2c_1atr,demand,2908.49,2902.14,2025-03-05 05:30:00+00:00,2025-03-05 04:45:00+00:00,2025-03-05 05:00:00+00:00,2025-03-05 05:15:00+00:00,2,1.2612792689891632,1.2692747001713378,0.5275590551181034,2025-03-05 05:35:00+00:00,2025-03-05 05:40:00+00:00,2910.53,2901.5604285714285,8.969571428571726,0.0833333333333333,True,386859,386860,0,2910.56,0.6757812500000215,1.3445458454775163,1.343430965008656,0.6778473250831872,1.0,tp1,2025,2025-03,2025-03-05,0.033446414066605,0.9665535859333948,0.03-0.05R,4,3,2,0.6881889763779454,9,4,2,0.6881889763779454,1,1,0.7984251968503593,20,4,1.0,True,True,True,True,True,6,5,49,7,True,0,Wednesday,post_close,bull,0.784,high,below,below,1.3604766633565897,0.8268656716416958,0.2829402217201958,-0.0122940132729858,True,value_low_half,mid_volume,False,True,-1.051889722394773,0.7241379310344828,True,False,0.1382198952879521,True,True,True,True,False,False,True,False,False,True,True,True,True,True,False,True,True,True,True,True,True,True,False,True,False,False,False,True,False,False,False,False,False,False,False,False,False,False,False,True,True
19504,15min,m15_2c_1atr,supply,3045.84,3043.21,2025-03-20 12:15:00+00:00,2025-03-20 11:15:00+00:00,2025-03-20 11:30:00+00:00,2025-03-20 12:00:00+00:00,3,2.822349570200566,0.7535816618911538,0.5361216730037247,2025-03-20 18:15:00+00:00,2025-03-20 18:20:00+00:00,3039.91,3046.2547142857143,6.344714285714417,6.0,True,390059,390060,0,3039.9,0.5795454545454473,0.926755679643274,1.0780627293810376,3.8472969626009377,-1.0,stop,2025,2025-03,2025-03-20,0.0472834530430269,-1.047283453043027,0.03-0.05R,5,4,2,1.0,8,4,2,1.0,5,4,0.84790874524712,5,4,0.84790874524712,True,True,True,True,True,15,7,18,7,False,14,Thursday,ny_main,bull,0.852,high,above,above,1.109831709477387,0.0438413361169181,-0.1245955764915575,0.0887132952622774,True,value_high_half,mid_volume,False,True,1.934681287010534,0.3870967741935484,True,False,0.4228543876566963,True,True,True,False,True,False,True,False,False,True,True,True,True,False,False,True,True,True,True,True,True,False,False,True,False,False,False,False,True,False,False,False,True,False,True,True,False,False,True,True,True
19639,15min,m15_2c_1atr,supply,3163.09,3152.24,2025-04-03 05:30:00+00:00,2025-04-03 04:30:00+00:00,2025-04-03 04:45:00+00:00,2025-04-03 05:15:00+00:00,3,1.156811909341815,1.270385548214471,0.7078341013824496,2025-04-03 06:05:00+00:00,2025-04-03 06:10:00+00:00,3144.83,3163.896,19.06600000000026,0.5833333333333334,True,392654,392655,0,3144.87,0.5488621151271779,4.742473513059837,0.2895206126088276,2.3764816951641317,1.0,tp1,2025,2025-04,2025-04-03,0.0157348159026537,0.9842651840973464,<=0.03R,2,2,1,1.0,2,2,1,1.0,0,0,0.0,0,0,0.0,True,True,True,False,False,2,2,2,2,True,2,Thursday,post_close,bull,0.968,high,above,above,2.121212121212108,0.6010709504685277,-0.0737331529242584,0.14671290768423,True,above_value,mid_volume,False,False,1.7001468582817332,0.4375,False,False,,True,True,True,False,True,True,True,True,True,True,True,True,True,False,False,False,False,True,True,False,False,False,False,True,False,False,False,False,False,False,True,False,False,False,False,False,False,True,False,True,True
19659,15min,m15_2c_1atr,supply,3136.59,3109.16,2025-04-04 14:45:00+00:00,2025-04-04 14:00:00+00:00,2025-04-04 14:15:00+00:00,2025-04-04 14:30:00+00:00,2,2.319344524380487,2.5580868638422887,0.8724024790375515,2025-04-04 14:45:00+00:00,2025-04-04 14:55:00+00:00,3107.39,3138.2794285714285,30.889428571428653,0.0,True,393035,393036,1,3107.37,0.525925925925944,4.391470035980864,0.1583065866269653,2.4626548148696115,1.0,tp1,2025,2025-04,2025-04-04,0.009712060529261,0.990287939470739,<=0.03R,9,4,2,0.4232592052497267,49,4,2,0.5067444403937275,15,4,0.9613561793656604,15,4,0.9613561793656604,True,True,True,True,True,39,7,79,7,True,10,Friday,london_ny_overlap,bear,0.954,high,above,above,1.4461828463713515,0.8840579710144911,-0.1152820681291344,0.4508318539804793,True,above_value,mid_volume,True,True,0.4249026481551698,0.5987261146496815,True,True,0.101185552798458,True,True,True,False,True,True,True,True,True,True,True,True,True,False,False,True,True,True,True,True,True,True,False,True,False,False,False,False,False,False,True,True,False,True,True,True,False,True,True,True,True
19677,15min,m15_2c_1atr,demand,2972.47,2964.2,2025-04-07 22:45:00+00:00,2025-04-07 21:45:00+00:00,2025-04-07 22:00:00+00:00,2025-04-07 22:30:00+00:00,3,1.41063117498159,0.9453743773985426,0.71584038694076,2025-04-07 23:00:00+00:00,2025-04-07 23:10:00+00:00,2977.44,2963.4667142857143,13.973285714285794,0.25,True,393410,393411,1,2977.43,0.7605042016807598,3.246909919949265,0.1889319415619498,0.3055831024505914,1.0,tp1,2025,2025-04,2025-04-07,0.0214695388138589,0.9785304611861412,<=0.03R,1,1,1,0.8053204353083826,1,1,1,0.8053204353083826,0,0,0.0,0,0,0.0,True,True,True,False,False,1,1,1,1,True,19,Monday,after_hours,bear,0.692,high,below,below,1.0894336721619096,0.8674928503336605,0.512636882537432,-0.0167968847630437,True,below_value,mid_volume,False,False,-4.287824726774533,0.5416666666666666,False,False,,True,True,False,True,False,True,True,True,False,True,True,True,True,True,True,False,False,True,True,False,False,False,False,True,False,False,False,False,False,True,False,False,True,False,False,False,False,True,False,False,True
19680,15min,m15_2c_1atr,demand,2983.27,2978.69,2025-04-08 03:15:00+00:00,2025-04-08 02:30:00+00:00,2025-04-08 02:45:00+00:00,2025-04-08 03:00:00+00:00,2,1.1144174973962164,0.9540246987055472,0.3951965065502127,2025-04-08 03:55:00+00:00,2025-04-08 04:05:00+00:00,2990.78,2977.8928571428573,12.887142857142862,0.6666666666666666,True,393457,393458,1,2990.7,0.5936794582392424,2.485422902117261,1.104977275246665,1.155415142445395,1.0,tp1,2025,2025-04,2025-04-08,0.0232790156301961,0.9767209843698038,<=0.03R,6,4,2,1.0,6,4,2,1.0,0,0,0.0,4,3,0.4344978165938457,True,True,True,False,True,6,3,14,7,True,0,Tuesday,post_close,bear,0.44,mid,below,below,0.825199645075439,0.6898550724637734,1.3372335016409658,1.8476066949035137,True,below_value,mid_volume,False,False,-3.6679968961312466,0.6354166666666666,True,True,0.3687031082529318,True,True,True,True,False,True,True,True,False,True,True,True,True,False,False,False,True,True,True,True,True,False,False,True,False,False,False,False,False,True,False,True,True,False,False,False,False,False,False,True,True
19729,15min,m15_2c_1atr,demand,3212.9,3202.69,2025-04-11 11:15:00+00:00,2025-04-11 10:15:00+00:00,2025-04-11 10:30:00+00:00,2025-04-11 11:00:00+00:00,3,1.0612847649519868,0.8795225203052013,0.5808031341821562,2025-04-11 12:30:00+00:00,2025-04-11 12:40:00+00:00,3221.77,3201.687,20.083000000000084,1.25,True,394388,394389,1,3221.8,0.8950000000000576,1.1960364487377324,0.7683115072449221,-0.6727082607180056,1.0,tp1,2025,2025-04,2025-04-11,0.0149380072698301,0.9850619927301698,<=0.03R,4,3,2,0.7238001958863709,4,3,2,0.7238001958863709,1,1,1.0,1,1,1.0,True,True,True,True,True,6,5,6,5,True,8,Friday,london_ny_overlap,bull,0.7,high,below,below,1.240936340279723,0.8616666666666788,0.5723634639718118,0.9935801422790814,True,value_low_half,hvn,False,True,-0.4956928745705266,0.9184549356223176,False,False,,True,True,True,True,False,True,True,True,True,True,True,True,True,True,True,True,True,True,True,True,True,True,False,True,False,False,True,True,False,False,False,False,True,False,False,False,False,False,True,True,True
19802,15min,m15_2c_1atr,demand,3382.68,3374.22,2025-04-21 06:00:00+00:00,2025-04-21 05:00:00+00:00,2025-04-21 05:15:00+00:00,2025-04-21 05:45:00+00:00,3,1.0518731988472243,1.2190201729106698,0.009456264775405,2025-04-21 06:00:00+00:00,2025-04-21 06:05:00+00:00,3383.08,3373.583714285714,9.496285714285932,0.0,True,395689,395690,0,3382.85,0.5662983425415038,0.2285103950416728,1.4321388813671083,10.606252068477684,-1.0,stop,2025,2025-04,2025-04-21,0.0315912988536864,-1.0315912988536864,0.03-0.05R,0,0,0,0.0,0,0,0,0.0,0,0,0.0,0,0,0.0,False,False,False,False,False,0,0,0,0,False,2,Monday,post_close,bull,0.592,mid,below,below,0.7287228460489055,0.1373737373737886,0.4333192431221433,2.381059505449804,True,value_high_half,mid_volume,False,True,0.7055390077323112,0.5327102803738317,False,False,,True,False,False,True,False,False,True,False,False,True,True,True,True,False,False,False,False,False,False,False,False,True,False,True,False,False,False,False,True,False,False,False,False,False,False,False,True,False,False,True,True
19866,15min,m15_2c_1atr,supply,3367.76,3361.78,2025-04-25 02:30:00+00:00,2025-04-25 01:45:00+00:00,2025-04-25 02:00:00+00:00,2025-04-25 02:15:00+00:00,2,1.7148538476834043,0.8323722410021942,0.2324414715718843,2025-04-25 04:10:00+00:00,2025-04-25 04:15:00+00:00,3355.45,3368.739428571429,13.289428571429198,1.6666666666666667,True,396771,396772,0,3355.4,0.629255989911713,6.785092339775628,0.0797626470019397,6.18536753165751,1.0,tp1,2025,2025-04,2025-04-25,0.0225743340571442,0.9774256659428556,<=0.03R,4,3,2,1.0,7,4,2,1.0,4,3,1.0,4,3,1.0,True,True,True,True,True,12,7,15,7,True,0,Friday,post_close,bull,0.706,high,above,above,1.279682066567333,0.5044699872286181,-0.197000751280587,0.113357090990642,True,above_value,mid_volume,False,False,2.710425042461152,0.32,False,False,,True,False,True,False,True,True,True,True,False,True,True,True,True,True,False,True,True,True,True,True,True,False,False,True,False,False,False,False,False,False,True,False,True,False,True,False,True,False,False,True,True
19894,15min,m15_2c_1atr,supply,3340.43,3337.31,2025-04-29 03:30:00+00:00,2025-04-29 02:45:00+00:00,2025-04-29 03:00:00+00:00,2025-04-29 03:15:00+00:00,2,1.0902787038272006,0.5824776636884696,0.1185897435897127,2025-04-29 04:35:00+00:00,2025-04-29 04:45:00+00:00,3330.13,3341.3744285714283,11.244428571428216,1.0833333333333333,True,397329,397330,1,3330.11,0.4756410256410192,2.700003811411462,0.34683843427223,1.8329077257309072,1.0,tp1,2025,2025-04,2025-04-29,0.0266798795594016,0.9733201204405983,<=0.03R,1,1,1,1.0,11,4,2,1.0,0,0,0.0,11,3,1.0,True,True,True,False,True,1,1,33,7,True,0,Tuesday,post_close,bull,0.166,low,above,above,1.4512972234866062,0.432558139534865,-0.7208411443143424,-1.2524496709726003,True,above_value,mid_volume,False,False,3.745855090139987,0.6785714285714286,False,False,,True,True,False,False,True,True,True,True,False,True,True,True,True,False,False,False,True,True,True,False,True,False,False,True,False,False,False,False,False,False,True,False,True,False,False,False,True,False,False,True,True
19917,15min,m15_2c_1atr,supply,3319.86,3304.02,2025-04-30 17:30:00+00:00,2025-04-30 16:30:00+00:00,2025-04-30 16:45:00+00:00,2025-04-30 17:15:00+00:00,3,1.275794684731649,1.4445023449713486,0.8851010101010008,2025-04-30 17:30:00+00:00,2025-04-30 17:35:00+00:00,3295.62,3321.3297142857145,25.709714285714657,0.0,True,397759,397760,0,3295.5,0.7362110311750768,3.6437588904693583,0.7425208926031245,3.2715260490753315,1.0,tp1,2025,2025-04,2025-04-30,0.0116687411095304,0.9883312588904696,<=0.03R,9,4,2,0.5347222222222047,26,4,2,0.7784090909090792,6,4,0.9236111111110809,10,4,0.9236111111110809,True,True,True,True,True,21,7,46,7,True,13,Wednesday,ny_main,bear,0.92,high,above,above,0.6674356016916622,0.1135091926458549,-0.6395912730761605,-0.1812695857579912,True,value_high_half,hvn,True,True,0.0851818100995741,0.91869918699187,True,True,0.2045880149812777,True,True,True,False,True,True,True,True,True,True,True,True,True,True,True,True,True,True,True,True,True,True,False,True,False,False,True,False,True,False,False,True,False,False,False,False,False,True,True,True,True
19948,15min,m15_2c_1atr,demand,3271.17,3260.52,2025-05-05 05:45:00+00:00,2025-05-05 05:00:00+00:00,2025-05-05 05:15:00+00:00,2025-05-05 05:30:00+00:00,2,1.0806042562575802,1.644062189877618,0.3295774647887073,2025-05-05 05:45:00+00:00,2025-05-05 05:50:00+00:00,3271.42,3259.768428571429,11.651571428571517,0.0,True,398446,398447,0,3271.34,0.6729166666667087,0.0952661198366968,1.1225953580755363,7.771483920010708,-1.0,stop,2025,2025-05,2025-05-05,0.025747599955861,-1.025747599955861,<=0.03R,0,0,0,0.0,8,4,2,0.3004694835680981,0,0,0.0,6,4,0.3943661971831208,False,True,False,False,True,0,0,20,7,False,1,Monday,post_close,bear,0.58,mid,below,below,1.5233394141002052,0.5688405797101237,1.010318647937695,2.2921910791025257,True,value_high_half,hvn,True,True,0.1798040730251182,0.9552238805970148,True,True,0.1548361934477458,True,True,True,True,False,True,True,True,False,True,True,True,True,True,False,False,True,False,True,False,True,False,False,True,False,False,True,False,True,False,False,True,False,False,False,False,True,False,False,True,True
19960,15min,m15_2c_1atr,demand,3333.2,3323.82,2025-05-06 04:00:00+00:00,2025-05-06 03:15:00+00:00,2025-05-06 03:30:00+00:00,2025-05-06 03:45:00+00:00,2,1.013984984542943,1.9331664949212015,0.8795309168443821,2025-05-06 04:00:00+00:00,2025-05-06 04:05:00+00:00,3349.87,3322.7577142857144,27.112285714285463,0.0,True,398701,398702,0,3349.88,0.973824527387302,3.24576101503802,0.131674622996418,0.8944284615303636,1.0,tp1,2025,2025-05,2025-05-06,0.0110650943694477,0.9889349056305522,<=0.03R,1,1,1,0.6226012793176872,1,1,1,0.6226012793176872,0,0,0.0,5,3,1.0,True,True,True,False,True,1,1,11,5,True,0,Tuesday,post_close,bull,0.704,high,below,below,0.7906837265094164,0.9257467994310066,3.534523428504246,4.274378091530538,True,value_high_half,mid_volume,False,True,0.5444026429768396,0.689119170984456,False,False,,True,True,True,True,False,True,True,True,True,True,True,True,True,True,True,False,True,True,True,False,True,True,False,True,False,False,False,False,True,False,False,False,False,False,False,False,False,True,False,True,True
20081,15min,m15_2c_1atr,demand,3176.35,3154.31,2025-05-16 15:30:00+00:00,2025-05-16 14:45:00+00:00,2025-05-16 15:00:00+00:00,2025-05-16 15:15:00+00:00,2,1.0961347869177331,2.184340931615454,0.4886569872958257,2025-05-16 15:30:00+00:00,2025-05-16 15:40:00+00:00,3179.18,3152.8612857142857,26.318714285714123,0.0,True,401048,401049,1,3179.2,0.6632183908045748,2.685541521242381,0.5000244258566666,2.0308742828297315,1.0,tp1,2025,2025-05,2025-05-16,0.0113987331122341,0.9886012668877658,<=0.03R,2,2,1,0.1052631578947238,9,4,2,0.3207803992740551,0,0,0.0,0,0,0.0,True,True,True,False,False,2,2,9,3,True,11,Friday,london_ny_overlap,bear,0.948,high,below,below,1.0002678451854856,0.6592655849700919,0.1546142177036001,-0.9639206099931288,True,below_value,lvn,False,False,-1.4218019768660113,0.2,False,False,,True,True,True,True,False,True,True,True,True,True,True,True,True,True,False,False,False,True,True,False,True,False,False,True,False,True,False,False,False,True,False,False,False,True,False,False,False,False,True,True,True
20099,15min,m15_2c_1atr,demand,3218.55,3210.44,2025-05-20 09:15:00+00:00,2025-05-20 08:30:00+00:00,2025-05-20 08:45:00+00:00,2025-05-20 09:00:00+00:00,2,1.0015191271924286,1.5680154674768858,0.4796547472256802,2025-05-20 09:15:00+00:00,2025-05-20 09:20:00+00:00,3218.84,3209.738142857143,9.10185714285717,0.0,True,401524,401525,0,3218.81,0.5258620689654936,0.0131841225495461,1.087690110338556,10.327562663820538,-1.0,stop,2025,2025-05,2025-05-20,0.0329603063738953,-1.0329603063738952,0.03-0.05R,4,3,2,1.0,7,3,2,1.0,5,4,1.0,19,4,1.0,True,True,True,True,True,14,7,45,7,False,5,Tuesday,asia_late,bull,0.274,low,below,below,0.9602114635503284,0.3234782608695082,0.1182495406423949,-0.0816678113347367,True,below_value,mid_volume,False,True,-1.5661638911996054,0.2941176470588235,True,True,0.1837930192824055,True,True,True,True,False,False,True,False,False,True,True,True,True,False,False,True,True,True,True,True,True,True,False,True,False,False,False,False,False,True,False,True,False,False,False,False,False,False,False,True,True
20151,15min,m15_2c_1atr,supply,3343.97,3338.69,2025-05-26 10:15:00+00:00,2025-05-26 09:30:00+00:00,2025-05-26 09:45:00+00:00,2025-05-26 10:00:00+00:00,2,2.0677540777916823,1.3249686323713403,0.5151515151515882,2025-05-26 11:00:00+00:00,2025-05-26 11:10:00+00:00,3336.17,3344.500571428571,8.330571428571147,0.75,True,402650,402651,1,3336.16,0.5780821917808424,1.4896937270638595,1.2700209212196385,5.31656206056882,1.0,tp1,2025,2025-05,2025-05-26,0.0360119353843,0.9639880646157,0.03-0.05R,1,1,1,1.0,5,4,2,1.0,0,0,0.0,5,4,0.7500000000000431,True,True,True,False,True,1,1,15,7,True,7,Monday,asia_late,bull,0.164,low,above,above,1.117818889970832,0.145187601957573,-0.698649714780483,-1.596593613424521,True,value_low_half,mid_volume,False,True,-0.8306753095311956,0.6122448979591837,False,False,,True,True,False,False,True,False,True,False,False,True,True,True,True,False,False,False,True,True,True,False,True,False,False,True,False,False,False,True,False,False,False,False,False,False,True,True,False,False,False,True,True
20177,15min,m15_2c_1atr,demand,3307.99,3298.36,2025-05-28 09:45:00+00:00,2025-05-28 09:00:00+00:00,2025-05-28 09:15:00+00:00,2025-05-28 09:30:00+00:00,2,1.160686827268114,1.7275756022551925,0.7435098650052508,2025-05-28 09:45:00+00:00,2025-05-28 09:50:00+00:00,3308.09,3297.7657142857142,10.324285714285908,0.0,True,403156,403157,0,3308.12,0.5035211267604799,1.6892209768921835,1.0296111802961032,-2.2790922927909,1.0,tp1,2025,2025-05,2025-05-28,0.0290577002905764,0.9709422997094236,<=0.03R,11,4,2,1.0,23,4,2,1.0,0,0,0.0,10,4,1.0,True,True,True,False,True,11,3,43,7,True,5,Wednesday,asia_late,bear,0.424,mid,below,below,1.309279838360518,0.84154929577456,0.6641036506859195,0.9235884940371704,True,value_high_half,mid_volume,False,True,0.6223190812231967,0.6428571428571429,True,True,0.2505473881764095,True,True,True,True,False,True,True,True,False,True,True,True,True,False,False,False,True,True,True,True,True,False,False,True,False,False,False,False,True,False,False,True,False,False,False,False,False,True,False,True,True
20213,15min,m15_2c_1atr,demand,3285.29,3273.39,2025-05-30 18:45:00+00:00,2025-05-30 17:30:00+00:00,2025-05-30 17:45:00+00:00,2025-05-30 18:30:00+00:00,4,1.2907111419967745,1.2863871515713283,0.4016806722688831,2025-05-30 19:35:00+00:00,2025-05-30 19:45:00+00:00,3287.83,3272.7694285714283,15.06057142857162,0.8333333333333334,True,403827,403828,1,3287.85,0.66873065015475,6.081442555774708,0.1215093337380418,5.788624981028933,1.0,tp1,2025,2025-05,2025-05-30,0.0199195629078765,0.9800804370921234,<=0.03R,0,0,0,0.0,6,3,2,0.5126050420167951,4,4,0.5857142857142644,5,4,0.8571428571428353,False,True,False,True,True,8,4,16,7,True,15,Friday,ny_main,bear,0.92,high,below,below,0.6409749670619194,0.749241658240642,0.487137022658262,0.3962268327439854,True,value_low_half,mid_volume,False,True,-1.056400819547708,0.3888888888888889,False,False,,True,False,True,True,False,True,True,True,True,True,True,True,True,True,False,True,True,False,True,True,True,False,False,True,False,False,False,True,False,False,False,False,False,False,False,False,False,False,True,True,True
20229,15min,m15_2c_1atr,supply,3375.52,3371.77,2025-06-03 05:45:00+00:00,2025-06-03 05:00:00+00:00,2025-06-03 05:15:00+00:00,2025-06-03 05:30:00+00:00,2,1.0592000000000046,0.6000000000000124,0.4746666666665987,2025-06-03 05:50:00+00:00,2025-06-03 06:00:00+00:00,3368.71,3376.277857142857,7.567857142857065,0.0833333333333333,True,404214,404215,1,3368.91,0.9556451612903633,4.692213308164305,0.5219443133553376,1.173383671543207,1.0,tp1,2025,2025-06,2025-06-03,0.0396413402548375,0.9603586597451624,0.03-0.05R,0,0,0,0.0,0,0,0,0.0,0,0,0.0,0,0,0.0,False,False,False,False,False,0,0,0,0,True,2,Tuesday,post_close,bull,0.782,high,above,above,0.4825960026948483,0.7898305084746003,-0.4022229661958618,-0.9753243491625028,True,value_high_half,hvn,True,True,0.0521944313355337,0.9887005649717514,False,False,,True,True,True,False,True,False,True,False,False,True,True,True,True,True,True,False,False,False,False,False,False,False,False,True,False,False,True,False,True,False,False,False,True,False,False,False,False,False,False,True,True
20309,15min,m15_2c_1atr,demand,3326.2,3315.56,2025-06-11 03:00:00+00:00,2025-06-11 02:15:00+00:00,2025-06-11 02:30:00+00:00,2025-06-11 02:45:00+00:00,2,1.3666136724961162,2.368203497615265,0.3731203007518653,2025-06-11 03:00:00+00:00,2025-06-11 03:10:00+00:00,3327.99,3314.9144285714287,13.075571428571038,0.0,True,405836,405837,1,3328.02,0.755747126436809,3.488184072807639,0.656950256202948,3.001780856340703,1.0,tp1,2025,2025-06,2025-06-11,0.0229435479465531,0.9770564520534468,<=0.03R,3,2,1,0.4276315789473906,15,3,2,0.6203007518796981,4,4,0.5817669172932451,11,4,0.5817669172932451,True,True,True,True,True,11,7,37,7,True,23,Tuesday,after_hours,bear,0.494,mid,below,below,1.5188271604938874,0.6214689265536273,0.5185198924595015,0.5647736943217501,True,value_low_half,mid_volume,False,True,-0.5636464945536472,0.5319148936170213,True,True,0.3346848507187631,True,True,True,True,False,True,True,True,False,True,True,True,True,True,True,True,True,True,True,True,True,False,False,True,False,False,False,True,False,False,False,True,False,True,False,False,False,False,False,False,True
20411,15min,m15_2c_1atr,supply,3373.39,3369.01,2025-06-20 20:45:00+00:00,2025-06-20 19:30:00+00:00,2025-06-20 19:45:00+00:00,2025-06-20 20:30:00+00:00,4,1.0202541699762169,1.2176330420968362,0.8264840182648805,2025-06-20 20:45:00+00:00,2025-06-20 20:55:00+00:00,3367.54,3373.6894285714284,6.149428571428416,0.0,True,407951,407952,1,3367.56,0.8533333333333152,0.4650838637736699,4.746782511731765,-1.8066719323515044,-1.0,stop,2025,2025-06,2025-06-20,0.0487850206755576,-1.0487850206755576,0.03-0.05R,1,1,1,0.0502283105022413,10,4,2,0.9840182648402478,5,3,0.3424657534246845,13,4,0.9954337899543416,True,True,True,True,True,11,5,36,7,False,16,Friday,ny_main,bear,0.04,low,above,above,0.8701056556867869,0.2154255319148926,-0.5584841172755212,0.2587025205503395,True,value_high_half,mid_volume,False,True,0.4797193699762869,0.7313432835820896,True,True,0.3612288135593286,True,True,True,False,True,False,True,False,False,True,True,True,True,True,True,True,True,True,True,True,True,True,False,True,False,False,False,False,True,False,False,True,False,False,False,False,False,True,True,True,True
20427,15min,m15_2c_1atr,supply,3390.43,3383.41,2025-06-23 20:30:00+00:00,2025-06-23 19:45:00+00:00,2025-06-23 20:00:00+00:00,2025-06-23 20:15:00+00:00,2,1.5939393939393975,1.063636363636365,0.4928774928774993,2025-06-23 20:30:00+00:00,2025-06-23 20:35:00+00:00,3382.84,3391.320428571428,8.480428571428092,0.0,True,408223,408224,0,3382.89,0.6909448818896653,10.30018698515973,0.5895928440274578,7.720128699695563,1.0,tp1,2025,2025-06,2025-06-23,0.0353755706416474,0.9646244293583526,0.03-0.05R,3,2,1,0.4729344729344327,26,4,2,0.858974358974325,0,0,0.0,15,4,1.0,True,True,True,False,True,3,3,56,7,True,16,Monday,ny_main,bull,0.804,high,above,above,0.7123745819397616,0.5672609400324082,-0.4640509110561551,0.0095945083791493,True,above_value,hvn,False,False,2.791132523625994,0.8695652173913043,True,False,0.29580879806027,True,True,True,False,True,False,True,False,False,True,True,True,True,True,False,False,True,True,True,True,True,False,False,True,False,False,True,False,False,False,True,False,False,False,True,False,False,False,True,True,True
20595,15min,m15_2c_1atr,demand,3300.16,3295.94,2025-07-08 20:30:00+00:00,2025-07-08 19:30:00+00:00,2025-07-08 19:45:00+00:00,2025-07-08 20:15:00+00:00,3,1.5292164674635385,0.653829127932685,0.4644549763033482,2025-07-08 23:50:00+00:00,2025-07-09 01:00:00+00:00,3302.03,3295.683,6.347000000000207,3.3333333333333335,True,411252,411253,1,3301.85,0.935714285714186,0.946904049157014,1.2289270521506108,2.5193004569086592,-1.0,stop,2025,2025-07,2025-07-09,0.0472664250827147,-1.0472664250827146,0.03-0.05R,2,2,2,1.0,5,4,2,1.0,5,4,1.0,12,4,1.0,True,True,True,True,True,12,6,29,7,False,21,Tuesday,after_hours,bear,0.134,low,below,below,1.552759948652057,0.8165137614678344,0.2375768645326083,-0.1584924754816861,True,below_value,mid_volume,False,False,-5.703481959980879,0.7280701754385965,True,True,0.3611497450162218,True,False,True,True,False,False,True,False,False,True,True,True,True,True,True,True,True,True,True,True,True,False,False,True,False,False,False,False,False,True,False,True,True,False,True,False,False,False,False,False,True
20744,15min,m15_2c_1atr,supply,3433.22,3427.92,2025-07-23 02:45:00+00:00,2025-07-23 02:00:00+00:00,2025-07-23 02:15:00+00:00,2025-07-23 02:30:00+00:00,2,1.3426808749299448,2.0807627593942075,0.7490566037736716,2025-07-23 02:45:00+00:00,2025-07-23 02:50:00+00:00,3427.49,3433.589857142857,6.099857142857218,0.0,True,414034,414035,0,3427.54,0.5105263157895833,0.1950865359843812,1.0737956392421537,5.8083327478394295,-1.0,stop,2025,2025-07,2025-07-23,0.0491814796599445,-1.0491814796599446,0.03-0.05R,3,3,2,0.6433962264151,3,3,2,0.6433962264151,0,0,0.0,0,0,0.0,True,True,True,False,False,3,3,3,3,False,22,Tuesday,after_hours,bull,0.262,low,above,above,1.055354659249003,0.5107296137337498,-0.618073307836614,-0.4267313265838076,True,value_high_half,hvn,True,True,0.2163985105037085,0.7524752475247525,False,False,,True,True,True,False,True,False,True,False,False,True,True,True,True,False,False,False,False,True,True,True,True,False,False,True,False,False,True,False,True,False,False,False,False,True,False,False,False,True,False,False,True
20894,15min,m15_2c_1atr,supply,3375.19,3370.16,2025-08-06 11:15:00+00:00,2025-08-06 10:30:00+00:00,2025-08-06 10:45:00+00:00,2025-08-06 11:00:00+00:00,2,1.5773429454170618,1.4504634397529117,0.8787276341948105,2025-08-06 11:15:00+00:00,2025-08-06 11:20:00+00:00,3367.31,3375.655142857143,8.345142857142946,0.0,True,416896,416897,0,3367.26,0.5233160621762055,1.0844631607778248,1.0712818405916138,-1.4787044645302674,1.0,tp1,2025,2025-08,2025-08-06,0.0359490550534096,0.9640509449465904,0.03-0.05R,9,4,2,0.9065606361828557,19,4,2,0.9065606361828557,5,4,1.0,11,4,1.0,True,True,True,True,True,19,7,41,7,True,7,Wednesday,asia_late,bull,0.536,mid,above,above,1.9834938101788675,0.2946954813359707,-1.275422347545348,-1.8233673345289376,True,value_low_half,hvn,False,True,-0.9077136400985716,0.8170731707317073,True,True,0.2697235333782886,True,True,True,False,True,False,True,False,False,True,True,True,True,False,False,True,True,True,True,True,True,False,False,True,False,False,True,True,False,False,False,True,False,False,True,False,False,True,False,True,True
21012,15min,m15_2c_1atr,demand,3328.48,3325.82,2025-08-18 03:30:00+00:00,2025-08-18 02:45:00+00:00,2025-08-18 03:00:00+00:00,2025-08-18 03:15:00+00:00,2,3.7428280773144302,0.757680569684596,0.4360902255640498,2025-08-19 03:00:00+00:00,2025-08-19 03:10:00+00:00,3333.32,3325.445285714286,7.874714285714163,23.5,True,419282,419283,1,3333.3,0.9164785553047704,1.531484135478855,1.2914754276799452,-2.504217840103114,1.0,tp1,2025,2025-08,2025-08-19,0.0380966202855438,0.9619033797144562,0.03-0.05R,2,2,2,1.0,2,2,2,1.0,2,2,1.0,5,2,1.0,True,True,True,True,True,6,6,12,6,True,23,Monday,after_hours,bear,0.112,low,below,below,1.5990888382686366,0.8642186165670247,1.262419312831896,1.218493185704388,True,below_value,lvn,False,False,-2.742956660559144,0.125,False,False,,True,True,True,True,False,False,True,False,False,True,True,True,True,True,True,True,True,True,True,True,True,False,False,True,False,True,False,False,False,True,False,False,True,False,True,True,False,False,False,False,True
21211,15min,m15_2c_1atr,supply,3595.36,3584.34,2025-09-05 17:30:00+00:00,2025-09-05 16:45:00+00:00,2025-09-05 17:00:00+00:00,2025-09-05 17:15:00+00:00,2,1.568253042781132,1.124407841994025,0.9019963702358998,2025-09-05 17:35:00+00:00,2025-09-05 17:40:00+00:00,3576.37,3596.667142857143,20.29714285714317,0.0833333333333333,True,423014,423015,0,3576.44,0.4777358490565982,0.0965653153153156,1.1188766891891735,-2.943764076576531,-1.0,stop,2025,2025-09,2025-09-05,0.0147804054054051,-1.0147804054054053,<=0.03R,0,0,0,0.0,0,0,0,0.0,0,0,0.0,0,0,0.0,False,False,False,False,False,0,0,0,0,False,13,Friday,ny_main,bull,1.0,high,above,above,0.2430555555555301,0.515471698113202,-0.0495436139324274,0.8913458199708109,True,above_value,mid_volume,False,False,1.827843468468458,0.391304347826087,False,False,,True,True,True,False,True,True,True,True,True,True,True,True,True,False,False,False,False,False,False,False,False,False,False,True,False,False,False,False,False,False,True,False,False,False,True,False,False,True,True,True,True
21229,15min,m15_2c_1atr,demand,3646.79,3642.55,2025-09-09 05:15:00+00:00,2025-09-09 04:30:00+00:00,2025-09-09 04:45:00+00:00,2025-09-09 05:00:00+00:00,2,1.5605095541401643,0.99497150519607,0.1273584905660357,2025-09-09 06:00:00+00:00,2025-09-09 06:05:00+00:00,3650.62,3641.863571428571,8.756428571428387,0.75,True,423427,423428,0,3650.74,0.5071999999999389,1.0004078636104548,1.372705767191478,-1.1237458193979817,1.0,tp1,2025,2025-09,2025-09-09,0.0342605432743297,0.9657394567256702,0.03-0.05R,1,1,1,1.0,1,1,1,1.0,0,0,0.0,0,0,0.0,True,True,True,False,False,1,1,1,1,True,2,Tuesday,post_close,bull,0.612,mid,below,below,0.7594900849858223,0.5551425030978844,0.1607540210760311,1.116725644244314,True,value_high_half,hvn,False,True,1.018680153356747,0.7567567567567568,False,False,,True,True,True,True,False,False,True,False,False,True,True,True,True,False,False,False,False,True,True,False,False,True,False,True,False,False,True,False,True,False,False,False,True,False,True,False,True,False,False,True,True
21257,15min,m15_2c_1atr,supply,3638.96,3634.41,2025-09-11 06:30:00+00:00,2025-09-11 05:45:00+00:00,2025-09-11 06:00:00+00:00,2025-09-11 06:15:00+00:00,2,1.0619985412107462,1.161560904449341,0.261538461538463,2025-09-11 07:30:00+00:00,2025-09-11 07:40:00+00:00,3631.83,3639.2804285714287,7.450428571428802,1.0,True,423998,423999,1,3631.85,0.9166666666666295,2.522002569363137,1.1422161716487966,-3.0964661668551408,1.0,tp1,2025,2025-09,2025-09-11,0.0402661400111198,0.9597338599888802,0.03-0.05R,2,2,1,1.0,9,4,2,1.0,4,3,1.0,4,3,1.0,True,True,True,True,True,10,6,17,7,True,3,Thursday,asia_late,bull,0.288,low,above,above,1.0572985158745016,0.3675417661098802,-0.5806363119387841,-1.463977736825836,True,below_value,mid_volume,False,False,-1.14959829731748,0.3636363636363636,False,False,,True,True,True,False,True,False,True,False,False,True,True,True,True,True,True,True,True,True,True,True,True,False,False,True,False,False,False,False,False,True,False,False,False,False,False,False,True,False,False,True,True
21308,15min,m15_2c_1atr,demand,3680.46,3674.82,2025-09-16 06:30:00+00:00,2025-09-16 05:45:00+00:00,2025-09-16 06:00:00+00:00,2025-09-16 06:15:00+00:00,2,1.0419287211739587,1.3794549266247231,0.0336879432624217,2025-09-16 07:35:00+00:00,2025-09-16 07:45:00+00:00,3682.75,3674.5614285714287,8.188571428571322,1.0833333333333333,True,424827,424828,1,3682.76,0.7955390334573547,2.492498255408249,1.027041172365662,-0.5739706908583244,1.0,tp1,2025,2025-09,2025-09-16,0.0366364270760646,0.9633635729239354,0.03-0.05R,4,3,2,0.4982269503546115,4,3,2,0.4982269503546115,0,0,0.0,0,0,0.0,True,True,True,False,False,4,3,4,3,True,3,Tuesday,asia_late,bull,0.176,low,below,below,0.926174496644383,0.6455696202531828,0.7088009668340707,1.0974708087919027,True,value_low_half,hvn,False,True,-0.4408583391486049,0.9074074074074074,False,False,,True,True,True,True,False,False,True,False,False,True,True,True,True,True,True,False,False,True,True,True,True,True,False,True,False,False,True,True,False,False,False,False,False,False,False,False,True,False,False,True,True
21388,15min,m15_2c_1atr,demand,3778.12,3767.76,2025-09-23 18:15:00+00:00,2025-09-23 17:15:00+00:00,2025-09-23 17:30:00+00:00,2025-09-23 18:00:00+00:00,3,1.1965683646112983,1.5553887399463315,0.5878378378378266,2025-09-23 18:20:00+00:00,2025-09-23 18:30:00+00:00,3780.38,3767.145142857143,13.23485714285698,0.0833333333333333,True,426336,426337,1,3780.36,0.8833922261484326,0.1284486852899148,1.149237943094011,-3.114502828029935,-1.0,stop,2025,2025-09,2025-09-23,0.0226674150511638,-1.022667415051164,<=0.03R,0,0,0,0.0,0,0,0,0.0,0,0,0.0,0,0,0.0,False,False,False,False,False,0,0,0,0,False,14,Tuesday,ny_main,bull,0.894,high,below,below,0.9756480754124208,0.1380368098159051,0.1067500693632553,0.1347400970722467,True,value_high_half,mid_volume,False,True,1.903307283796064,0.65,False,False,,True,True,False,True,False,True,True,True,False,True,True,True,True,True,True,False,False,False,False,False,False,True,False,True,False,False,False,False,True,False,False,False,False,False,False,False,False,False,True,True,True
21497,15min,m15_2c_1atr,demand,3859.25,3853.45,2025-10-03 09:30:00+00:00,2025-10-03 08:45:00+00:00,2025-10-03 09:00:00+00:00,2025-10-03 09:15:00+00:00,2,1.1327382666282453,1.1690181399366826,0.0965517241379186,2025-10-03 09:30:00+00:00,2025-10-03 09:40:00+00:00,3860.76,3852.886142857142,7.87385714285756,0.0,True,428438,428439,1,3860.74,0.9426229508195392,11.275287116497005,0.7429649654371678,10.988261334977734,1.0,tp1,2025,2025-10,2025-10-03,0.0381007674583139,0.961899232541686,0.03-0.05R,5,3,2,0.8965517241379499,18,4,2,0.9879310344827308,2,2,0.9879310344827308,2,2,0.9879310344827308,True,True,True,True,True,9,7,22,7,True,5,Friday,asia_late,bear,0.354,mid,below,below,0.7911496486769649,0.0965732087227233,0.5626091811286086,1.0878470889125589,True,value_low_half,hvn,True,True,-0.1143023023749533,0.9866666666666668,False,False,,True,True,True,True,False,False,True,False,False,True,True,True,True,True,True,True,True,True,True,True,True,False,False,True,False,False,True,True,False,False,False,False,False,False,False,False,True,False,False,True,True
21576,15min,m15_2c_1atr,demand,3964.59,3947.09,2025-10-10 07:45:00+00:00,2025-10-10 07:00:00+00:00,2025-10-10 07:15:00+00:00,2025-10-10 07:30:00+00:00,2,1.6988640814728078,1.9193106149627943,0.7942857142857195,2025-10-10 07:45:00+00:00,2025-10-10 07:50:00+00:00,3966.22,3946.1537142857146,20.066285714285183,0.0,True,429790,429791,0,3966.23,0.8000000000001025,5.581501309944332,0.678252078824469,5.2839873561910595,1.0,tp1,2025,2025-10,2025-10-10,0.0149504499373508,0.9850495500626492,<=0.03R,2,2,2,0.289142857142854,24,4,2,0.5354285714285911,10,4,1.0,10,4,1.0,True,True,True,True,True,22,6,44,7,True,3,Friday,asia_late,bear,0.83,high,below,below,0.92882853403143,0.9024390243902196,0.1668664631712359,-0.5606034218572724,True,below_value,mid_volume,False,False,-4.131806014352534,0.5927601809954751,False,False,,True,True,True,True,False,True,True,True,True,True,True,True,True,True,True,True,True,True,True,True,True,False,False,True,False,False,False,False,False,True,False,False,False,False,True,False,False,True,False,True,True
21590,15min,m15_2c_1atr,demand,4036.21,4025.24,2025-10-13 03:45:00+00:00,2025-10-13 03:00:00+00:00,2025-10-13 03:15:00+00:00,2025-10-13 03:30:00+00:00,2,1.7628534057752132,0.7726129389274764,0.2898814949863046,2025-10-13 04:00:00+00:00,2025-10-13 04:10:00+00:00,4049.7,4023.365714285714,26.33428571428567,0.25,True,430022,430023,1,4049.66,0.9006711409396242,3.808343278724102,0.4393511988716398,3.4855701421286795,1.0,tp1,2025,2025-10,2025-10-13,0.011391993056309,0.988608006943691,<=0.03R,0,0,0,0.0,21,4,2,0.9854147675478714,1,1,0.1704649042843981,1,1,0.1704649042843981,False,True,False,True,True,2,2,23,5,True,0,Monday,post_close,bull,0.99,high,below,below,0.3964421855146289,0.4790723981900384,0.1344909379048313,0.8204082239287838,True,below_value,hvn,False,True,-0.3047358142562695,0.8333333333333334,False,False,,True,True,True,True,False,True,True,True,True,True,True,True,True,True,True,True,True,False,True,False,True,True,False,True,False,False,True,False,False,True,False,False,True,False,True,False,True,False,False,True,True
21697,15min,m15_2c_1atr,supply,4104.03,4094.94,2025-10-23 02:30:00+00:00,2025-10-23 01:45:00+00:00,2025-10-23 02:00:00+00:00,2025-10-23 02:15:00+00:00,2,1.2259734537643685,0.7008867103596217,0.4488448844884561,2025-10-23 02:30:00+00:00,2025-10-23 02:40:00+00:00,4090.56,4105.336428571429,14.776428571428823,0.0,True,432212,432213,1,4090.63,0.7674418604650862,1.6553391018513786,1.0570889930874516,-2.852516072895979,1.0,tp1,2025,2025-10,2025-10-23,0.0203026055010389,0.9796973944989612,<=0.03R,2,1,1,1.0,2,1,1,1.0,0,0,0.0,0,0,0.0,True,True,True,False,False,2,2,2,2,True,22,Wednesday,after_hours,bear,0.506,mid,above,above,1.7722225385798214,0.464446444644446,-0.3522433251963177,0.0652266015837619,True,value_high_half,mid_volume,False,True,4.110262483685314,0.4754098360655737,False,False,,True,True,True,False,True,True,True,True,False,True,True,True,True,True,True,False,False,True,True,False,False,True,False,True,False,False,False,False,True,False,False,False,True,False,False,False,False,False,False,False,True
21802,15min,m15_2c_1atr,supply,4035.54,4020.67,2025-10-31 15:45:00+00:00,2025-10-31 15:00:00+00:00,2025-10-31 15:15:00+00:00,2025-10-31 15:30:00+00:00,2,1.6535861372289795,1.6176859118812523,0.5447209145931691,2025-10-31 15:45:00+00:00,2025-10-31 15:50:00+00:00,4019.31,4036.903142857143,17.593142857142993,0.0,True,434034,434035,0,4019.35,0.4807417974322091,3.219436143952157,0.6457061192672492,0.5217942055346105,1.0,tp1,2025,2025-10,2025-10-31,0.0170520982200856,0.9829479017799144,<=0.03R,7,4,2,1.0,19,4,2,1.0,6,3,1.0,10,4,1.0,True,True,True,True,True,19,7,39,7,True,11,Friday,london_ny_overlap,bull,0.338,mid,above,above,0.80249480249478,0.4991922455573329,-0.3330486681102648,-0.0047873205457809,True,value_high_half,mid_volume,True,True,0.2191194621281011,0.4621212121212121,True,True,0.1401137980085365,True,True,True,False,True,True,True,True,True,True,True,True,True,False,False,True,True,True,True,True,True,False,False,True,False,False,False,False,True,False,False,True,False,False,True,False,False,False,True,True,True
21832,15min,m15_2c_1atr,demand,3939.65,3930.08,2025-11-05 03:15:00+00:00,2025-11-05 02:30:00+00:00,2025-11-05 02:45:00+00:00,2025-11-05 03:00:00+00:00,2,1.6987322893363588,1.4272930648769766,0.7293625914315464,2025-11-05 03:15:00+00:00,2025-11-05 03:25:00+00:00,3944.47,3929.049571428571,15.420428571428602,0.0,True,434701,434702,1,3944.32,0.7926045016077893,2.9895407761503936,0.6426539933112739,2.180224748246778,1.0,tp1,2025,2025-11,2025-11-05,0.0194547122092214,0.9805452877907784,<=0.03R,1,1,1,0.4806687565308077,6,4,2,1.0,0,0,0.0,9,4,1.0,True,True,True,False,True,1,1,24,7,True,22,Tuesday,after_hours,bear,0.128,low,below,below,1.1024400080661314,0.76719056974457,0.8747053499817101,0.8002474257995488,True,value_low_half,hvn,True,True,-0.154664962063325,0.9432624113475178,True,True,0.3174307036247297,True,True,True,True,False,True,True,True,True,True,True,True,True,True,True,False,True,True,True,False,True,False,False,True,False,False,True,True,False,False,False,True,False,False,True,False,False,True,False,False,True
21905,15min,m15_2c_1atr,supply,4210.65,4206.08,2025-11-12 21:15:00+00:00,2025-11-12 20:30:00+00:00,2025-11-12 20:45:00+00:00,2025-11-12 21:00:00+00:00,2,1.4278468975354344,0.5070132340121659,0.4354485776805051,2025-11-13 01:05:00+00:00,2025-11-13 01:15:00+00:00,4198.9,4211.498142857143,12.598142857143102,3.8333333333333335,True,436331,436332,1,4198.9,0.790216368767682,1.501014888815771,1.139056777075993,0.7890051821696604,1.0,tp1,2025,2025-11,2025-11-13,0.0238130336670933,0.9761869663329068,<=0.03R,1,1,1,1.0,1,1,1,1.0,0,0,0.0,0,0,0.0,True,True,True,False,False,1,1,1,1,True,20,Wednesday,after_hours,bull,0.748,high,above,above,1.7373658536585714,0.3300970873786679,-0.0745316412510874,0.3944260324217505,True,value_high_half,hvn,False,True,0.9616496762561014,0.7702702702702703,False,False,,True,True,True,False,True,True,True,True,False,True,True,True,True,True,True,False,False,True,True,False,False,False,False,True,False,False,True,False,True,False,False,False,True,False,False,False,False,False,False,False,True
21935,15min,m15_2c_1atr,demand,4095.32,4081.03,2025-11-14 18:45:00+00:00,2025-11-14 18:00:00+00:00,2025-11-14 18:15:00+00:00,2025-11-14 18:30:00+00:00,2,1.2461272399455174,0.7361371748169365,0.6648005598320521,2025-11-14 19:25:00+00:00,2025-11-14 19:35:00+00:00,4104.42,4079.678571428571,24.74142857142851,0.6666666666666666,True,436827,436828,1,4104.35,0.7580872011252567,0.2433165887175748,1.1482764593798689,-1.4247358392516922,-1.0,stop,2025,2025-11,2025-11-14,0.0121254113978867,-1.0121254113978868,<=0.03R,0,0,0,0.0,10,4,2,0.5997200839747887,7,4,1.0,12,4,1.0,False,True,False,True,True,14,4,34,7,False,14,Friday,ny_main,bear,0.97,high,below,below,1.8141433650849663,0.4290322580645052,0.3301234802177327,0.3026278012096478,True,below_value,mid_volume,False,False,-3.1758473352964955,0.6062322946175638,True,True,0.3731973267674998,True,True,True,True,False,True,True,True,True,True,True,True,True,True,True,True,True,False,True,True,True,False,False,True,False,False,False,False,False,True,False,True,True,False,False,False,False,True,True,True,True
21959,15min,m15_2c_1atr,demand,4010.86,4002.32,2025-11-18 10:00:00+00:00,2025-11-18 09:15:00+00:00,2025-11-18 09:30:00+00:00,2025-11-18 09:45:00+00:00,2,1.331317204301095,1.0043682795698885,0.7142857142857066,2025-11-18 10:00:00+00:00,2025-11-18 10:05:00+00:00,4018.77,4001.204142857143,17.565857142857112,0.0,True,437265,437266,0,4018.76,0.562796208530802,4.545750278543606,0.0341571717861709,3.914981172892224,1.0,tp1,2025,2025-11,2025-11-18,0.017078585893088,0.982921414106912,<=0.03R,1,1,1,0.3641686182669953,1,1,1,0.3641686182669953,0,0,0.0,11,4,1.0,True,True,True,False,True,1,1,23,5,True,5,Tuesday,asia_late,bear,0.58,mid,below,below,1.4478125249939808,0.8953560371517,1.2135572181373524,0.9807074530732772,True,below_value,mid_volume,False,False,-3.823326095265977,0.3802083333333333,True,True,0.1100900900900923,True,False,True,True,False,True,True,True,True,True,True,True,True,False,False,False,True,True,True,False,True,False,False,True,False,False,False,False,False,True,False,True,False,False,False,False,False,True,False,True,True
22128,15min,m15_2c_1atr,supply,4209.07,4204.22,2025-12-05 02:45:00+00:00,2025-12-05 02:00:00+00:00,2025-12-05 02:15:00+00:00,2025-12-05 02:30:00+00:00,2,1.1199999999998802,1.5976470588233498,0.4474226804124365,2025-12-05 02:45:00+00:00,2025-12-05 02:55:00+00:00,4202.69,4209.521428571428,6.83142857142866,0.0,True,440702,440703,1,4202.72,0.8553191489357437,1.1447093266415151,1.0934755332497097,0.4186532831450742,1.0,tp1,2025,2025-12,2025-12-05,0.0439146800501876,0.9560853199498124,0.03-0.05R,6,4,2,0.657731958762878,15,4,2,1.0,0,0,0.0,5,3,1.0,True,True,True,False,True,6,3,25,7,True,21,Thursday,after_hours,bull,0.03,low,above,above,2.8150925708928702,0.1501272264631302,-1.2406506418184822,-1.6544479893619912,True,value_low_half,mid_volume,True,True,-0.3081346716854193,0.6506024096385542,False,False,,True,True,True,False,True,False,True,False,False,True,True,True,True,True,True,False,True,True,True,True,True,False,False,True,False,False,False,True,False,False,False,False,False,False,False,False,False,False,False,False,True
22130,15min,m15_2c_1atr,demand,4202.24,4196.85,2025-12-05 05:00:00+00:00,2025-12-05 04:15:00+00:00,2025-12-05 04:30:00+00:00,2025-12-05 04:45:00+00:00,2,1.8123971475590193,1.0348326933624503,0.7365491651207204,2025-12-05 05:10:00+00:00,2025-12-05 05:20:00+00:00,4204.18,4196.286428571429,7.893571428571704,0.1666666666666666,True,440731,440732,1,4204.17,0.584158415841865,6.989231743733364,1.340331191747297,1.0755587729616578,1.0,tp1,2025,2025-12,2025-12-05,0.038005610352003,0.961994389647997,0.03-0.05R,4,4,2,1.0,16,4,2,1.0,7,4,1.0,8,4,1.0,True,True,True,True,True,18,7,32,7,True,0,Friday,post_close,bear,0.28,low,below,below,1.242824723001024,0.3794466403162581,0.0239295641312598,-0.1326033251309075,True,value_low_half,mid_volume,False,True,-1.1661388109672834,0.6506024096385542,True,True,0.1718181818181702,True,True,True,True,False,False,True,False,False,True,True,True,True,False,False,True,True,True,True,True,True,False,False,True,False,False,False,True,False,False,False,True,False,False,True,False,False,True,False,True,True
22155,15min,m15_2c_1atr,demand,4190.32,4188.37,2025-12-09 01:45:00+00:00,2025-12-08 23:45:00+00:00,2025-12-09 01:00:00+00:00,2025-12-09 01:30:00+00:00,3,1.1939086294415726,0.5543147208121311,0.3487179487181305,2025-12-09 02:55:00+00:00,2025-12-09 03:05:00+00:00,4194.74,4187.9244285714285,6.815571428571275,1.1666666666666667,True,441254,441255,1,4194.79,0.5544041450776689,0.3873482990631266,1.2706197991993198,3.173615041187285,-1.0,stop,2025,2025-12,2025-12-09,0.0440168521662589,-1.044016852166259,0.03-0.05R,1,1,1,0.974358974359345,14,4,2,1.0,0,0,0.0,9,4,1.0,True,True,True,False,True,1,1,32,7,False,22,Monday,after_hours,bear,0.018,low,below,below,1.3428819444444688,0.864066193853364,0.9810686888787516,1.212311622094635,True,below_value,mid_volume,False,False,-2.847156720954278,0.6829268292682927,False,False,,True,True,True,True,False,False,True,False,False,True,True,True,True,False,False,False,True,True,True,False,True,False,False,True,False,False,False,False,False,True,False,False,True,False,False,False,True,False,False,False,True
22175,15min,m15_2c_1atr,supply,4212.16,4205.09,2025-12-10 08:30:00+00:00,2025-12-10 07:30:00+00:00,2025-12-10 07:45:00+00:00,2025-12-10 08:15:00+00:00,3,1.113070011866543,1.677911510425433,0.8882602545970174,2025-12-10 08:30:00+00:00,2025-12-10 08:35:00+00:00,4203.35,4212.729857142857,9.379857142856965,0.0,True,441596,441597,0,4203.42,0.9809523809523976,1.6578077643583264,1.678063936398675,-1.159932377891772,1.0,tp1,2025,2025-12,2025-12-10,0.0319834295374593,0.9680165704625407,0.03-0.05R,6,2,2,0.5799151343705266,32,4,2,0.9434229137199924,4,4,0.5106082036774853,14,4,0.8161244695897828,True,True,True,True,True,14,7,60,7,True,3,Wednesday,asia_late,bull,0.124,low,above,above,1.2367579097047736,0.7149321266967879,-0.4530352122623646,-0.6609150778641116,True,value_high_half,hvn,True,True,0.3598135822964171,0.976470588235294,True,True,0.173536895674292,True,True,True,False,True,False,True,False,False,True,True,True,True,True,True,True,True,True,True,True,True,False,False,True,False,False,True,False,True,False,False,True,False,False,False,False,False,True,False,True,True
22199,15min,m15_2c_1atr,supply,4280.25,4275.64,2025-12-12 03:00:00+00:00,2025-12-12 02:15:00+00:00,2025-12-12 02:30:00+00:00,2025-12-12 02:45:00+00:00,2,1.6995419024521627,0.8695769334410349,0.4533622559653566,2025-12-12 03:10:00+00:00,2025-12-12 03:20:00+00:00,4271.28,4281.025,9.74499999999989,0.1666666666666666,True,442085,442086,1,4271.32,0.5580110497239411,0.6782965623396353,1.0651616213443025,-5.266290405336192,-1.0,stop,2025,2025-12,2025-12-12,0.0307850179579274,-1.0307850179579274,0.03-0.05R,0,0,0,0.0,0,0,0,0.0,0,0,0.0,0,0,0.0,False,False,False,False,False,0,0,0,0,False,22,Thursday,after_hours,bull,0.638,mid,above,above,1.5838686652391267,0.1278969957081397,-1.1740513627605718,-1.1916078515066,True,above_value,mid_volume,False,False,6.58748075936382,0.6604938271604939,False,False,,True,True,True,False,True,False,True,False,False,True,True,True,True,False,False,False,False,False,False,False,False,False,False,True,False,False,False,False,False,False,True,False,True,False,True,False,False,False,False,False,True
22331,15min,m15_2c_1atr,supply,4485.86,4466.21,2025-12-29 10:45:00+00:00,2025-12-29 10:00:00+00:00,2025-12-29 10:15:00+00:00,2025-12-29 10:30:00+00:00,2,1.0955564294140885,1.5454187966967683,0.469720101781157,2025-12-29 10:45:00+00:00,2025-12-29 10:50:00+00:00,4461.25,4487.344285714285,26.094285714285434,0.0,True,444896,444897,0,4461.21,0.8143115942028815,6.059947443337418,0.5713894667688607,3.199551078506541,1.0,tp1,2025,2025-12,2025-12-29,0.0114967699551079,0.988503230044892,<=0.03R,0,0,0,0.0,10,3,2,0.4519083969465788,0,0,0.0,8,4,0.2325699745546968,False,True,False,False,True,0,0,26,7,True,5,Monday,asia_late,bull,0.972,high,above,above,0.8312295465170804,0.4440993788819905,-1.021748025690583,-1.921668018237356,True,below_value,hvn,False,False,-1.502819445965203,0.9627659574468084,True,True,0.2345789379581626,True,True,True,False,True,True,True,True,True,True,True,True,True,True,True,False,True,False,True,False,True,False,False,True,False,False,True,False,False,True,False,True,False,False,False,False,False,False,False,True,True
22340,15min,m15_2c_1atr,demand,4341.09,4323.62,2025-12-30 02:00:00+00:00,2025-12-30 01:15:00+00:00,2025-12-30 01:30:00+00:00,2025-12-30 01:45:00+00:00,2,1.358581254661487,2.0268500870142145,0.3840870062965048,2025-12-30 02:00:00+00:00,2025-12-30 02:10:00+00:00,4345.86,4322.346571428571,23.51342857142845,0.0,True,445062,445063,1,4345.85,0.9355322338832794,2.4836871331883663,0.9045894747074466,0.3240701362139538,1.0,tp1,2025,2025-12,2025-12-30,0.0127586667800771,0.9872413332199228,<=0.03R,2,1,1,0.4556382369776715,2,1,1,0.4556382369776715,0,0,0.0,9,4,1.0,True,True,True,False,True,2,2,20,6,True,21,Monday,after_hours,bear,0.638,mid,below,below,1.3088499918207506,0.9222689075630442,0.8268926759173632,0.7101165415010271,True,value_high_half,hvn,True,True,0.0682588672733939,0.993006993006993,True,True,0.0594718236639753,True,True,True,True,False,True,True,True,True,True,True,True,True,True,True,False,True,True,True,False,True,False,False,True,False,False,True,False,True,False,False,True,False,True,False,False,False,False,False,False,True
22405,15min,m15_2c_1atr,supply,4467.35,4458.95,2026-01-07 13:30:00+00:00,2026-01-07 12:30:00+00:00,2026-01-07 12:45:00+00:00,2026-01-07 13:15:00+00:00,3,1.0935758953950618,1.3371233655486554,0.7380952380951685,2026-01-07 13:30:00+00:00,2026-01-07 13:35:00+00:00,4455.26,4468.012142857143,12.752142857142644,0.0,True,446579,446580,0,4455.24,0.776031434184618,2.4921301742005073,1.0021845068055757,2.120427939281946,1.0,tp1,2026,2026-01,2026-01-07,0.0235254579062346,0.9764745420937654,<=0.03R,2,2,1,0.0154761904762024,9,4,2,1.0,1,1,1.0,6,4,1.0,True,True,True,True,True,4,4,21,7,True,8,Wednesday,london_ny_overlap,bull,0.192,low,above,above,1.7339520494972598,0.0,-1.4125382745210866,-1.712446824738141,True,below_value,hvn,False,True,-1.7722511622697048,0.9565217391304348,True,True,0.1259804219614533,True,True,True,False,True,True,True,True,False,True,True,True,True,True,True,True,True,True,True,True,True,False,False,True,False,False,True,False,False,True,False,True,False,False,False,False,False,True,True,True,True
22414,15min,m15_2c_1atr,supply,4445.9,4437.42,2026-01-08 06:30:00+00:00,2026-01-08 05:15:00+00:00,2026-01-08 05:30:00+00:00,2026-01-08 06:15:00+00:00,4,1.013501867279568,1.136838073350508,0.1922169811320982,2026-01-08 06:30:00+00:00,2026-01-08 06:40:00+00:00,4434.72,4446.452857142856,11.73285714285612,0.0,True,446772,446773,1,4434.76,0.9462915601022904,2.2961159137954463,1.2358456106174218,-2.793863387313019,1.0,tp1,2026,2026-01,2026-01-08,0.0255692195300156,0.9744307804699844,<=0.03R,4,3,2,0.7688679245282857,5,3,2,0.7688679245282857,1,1,0.2900943396226607,5,4,0.2900943396226607,True,True,True,True,True,6,5,15,7,True,1,Thursday,post_close,bear,0.272,low,above,above,2.252148396562617,0.0059084194977793,-1.0678944742233203,-1.8681752632437243,True,value_low_half,mid_volume,False,True,-0.9878241811762826,0.7448979591836735,True,True,0.1329117772238131,True,False,True,False,True,True,True,True,False,True,True,True,True,True,True,True,True,True,True,True,True,True,False,True,False,False,False,True,False,False,False,True,False,False,False,False,True,False,False,True,True
22537,15min,m15_2c_1atr,demand,4715.12,4705.76,2026-01-20 09:45:00+00:00,2026-01-20 08:30:00+00:00,2026-01-20 08:45:00+00:00,2026-01-20 09:30:00+00:00,4,1.206102685912709,1.1971496437054308,0.1923076923077184,2026-01-20 09:55:00+00:00,2026-01-20 10:05:00+00:00,4720.73,4704.954142857143,15.775857142856694,0.1666666666666666,True,448991,448992,1,4720.71,0.7706896551724335,10.627631733843202,0.3473662286857679,8.798254113428557,1.0,tp1,2026,2026-01,2026-01-20,0.0190163993806092,0.9809836006193908,<=0.03R,0,0,0,0.0,0,0,0,0.0,0,0,0.0,0,0,0.0,False,False,False,False,False,0,0,0,0,True,5,Tuesday,asia_late,bull,0.598,mid,below,below,0.7933250044619509,0.8910798122065827,1.0675343951280152,2.5202756770122616,True,above_value,mid_volume,False,False,2.674339632893046,0.68,False,False,,True,True,False,True,False,True,True,True,True,True,True,True,True,True,True,False,False,False,False,False,False,True,False,True,False,False,False,False,False,False,True,False,False,False,False,False,True,False,False,True,True
22579,15min,m15_2c_1atr,supply,4961.43,4956.55,2026-01-23 08:15:00+00:00,2026-01-23 07:30:00+00:00,2026-01-23 07:45:00+00:00,2026-01-23 08:00:00+00:00,2,1.2114972989501085,0.696361227193971,0.7418032786884856,2026-01-23 08:20:00+00:00,2026-01-23 08:30:00+00:00,4953.03,4962.400000000001,9.3700000000008,0.0833333333333333,True,449799,449800,1,4952.98,0.9477124183007002,5.676627534684638,1.0960512273211909,-14.9445037353243,1.0,tp1,2026,2026-01,2026-01-23,0.0320170757737432,0.9679829242262568,0.03-0.05R,2,1,1,1.0,2,1,1,1.0,0,0,0.0,0,0,0.0,True,True,True,False,False,2,2,2,2,True,3,Friday,asia_late,bull,0.388,mid,above,above,2.655440153272189,0.5142857142857004,-0.2610575222553175,0.0929763010991315,True,above_value,hvn,False,False,13.95304162219729,0.7870967741935484,False,False,,True,True,True,False,True,False,True,False,False,True,True,True,True,True,True,False,False,True,True,False,False,False,False,True,False,False,True,False,False,False,True,False,True,False,False,False,False,True,False,True,True
22586,15min,m15_2c_1atr,supply,4982.85,4965.45,2026-01-23 20:45:00+00:00,2026-01-23 20:00:00+00:00,2026-01-23 20:15:00+00:00,2026-01-23 20:30:00+00:00,2,1.310989073203862,1.379154164071824,0.8655172413793062,2026-01-23 20:45:00+00:00,2026-01-23 20:50:00+00:00,4958.71,4984.3991428571435,25.68914285714345,0.0,True,449947,449948,0,4958.69,0.7305764411029018,0.0015570780318519,1.208292552718184,-2.278005160601406,-1.0,stop,2026,2026-01,2026-01-23,0.0116780852388999,-1.0116780852389,<=0.03R,1,1,1,0.0241379310344861,1,1,1,0.0241379310344861,4,4,0.1011494252873656,4,4,0.1011494252873656,True,True,True,True,True,9,5,9,5,False,15,Friday,ny_main,bull,0.742,high,above,above,1.4947213077534556,0.726315789473685,-0.4442617642358226,0.0750782452186675,True,above_value,lvn,False,False,0.8525002224396849,0.2485207100591716,False,False,,True,True,True,False,True,True,True,True,True,True,True,True,True,True,True,True,True,True,True,True,True,False,False,True,False,True,False,False,False,False,True,False,False,False,False,False,False,True,True,True,True
22606,15min,m15_2c_1atr,demand,5037.57,5008.57,2026-01-26 22:30:00+00:00,2026-01-26 21:45:00+00:00,2026-01-26 22:00:00+00:00,2026-01-26 22:15:00+00:00,2,1.2594887178818366,1.323855484544149,0.1855172413793141,2026-01-26 22:35:00+00:00,2026-01-26 22:45:00+00:00,5046.6,5005.886571428571,40.713428571429176,0.0833333333333333,True,450246,450247,1,5046.67,0.6416861826698473,0.3463230804858864,1.0080212214993842,3.5096528347964555,-1.0,stop,2026,2026-01,2026-01-26,0.007368576180551,-1.007368576180551,<=0.03R,2,2,2,0.6406896551724113,2,2,2,0.6406896551724113,0,0,0.0,0,0,0.0,True,True,True,False,False,2,2,2,2,False,17,Monday,after_hours,bull,1.0,high,below,below,0.4676733436055519,0.6871095968199704,0.1356986064027303,-0.334783625380781,True,below_value,lvn,False,False,-1.6746317466332448,0.2288557213930348,False,False,,True,True,True,True,False,True,True,True,True,True,True,True,True,True,False,False,False,True,True,False,False,True,False,True,False,True,False,False,False,True,False,False,False,False,False,False,True,False,False,False,True
22610,15min,m15_2c_1atr,demand,5049.65,5029.06,2026-01-27 03:15:00+00:00,2026-01-27 02:30:00+00:00,2026-01-27 02:45:00+00:00,2026-01-27 03:00:00+00:00,2,1.789847126362652,0.9296910275430204,0.6323457989315207,2026-01-27 04:00:00+00:00,2026-01-27 04:10:00+00:00,5065.44,5026.991857142858,38.44814285714165,0.75,True,450299,450300,1,5065.57,0.828282828282854,4.7352092057206665,0.4861093049264921,4.634294058416499,1.0,tp1,2026,2026-01,2026-01-27,0.0078027175750642,0.9921972824249358,<=0.03R,2,2,2,1.0,5,3,2,1.0,0,0,0.0,0,0,0.0,True,True,True,False,False,2,2,5,3,True,23,Monday,after_hours,bull,0.902,high,below,below,0.5648144702073086,0.7970132743363286,0.3598360206709118,0.5941305301789022,True,below_value,mid_volume,False,False,-1.349740095193208,0.3681818181818181,False,False,,True,True,True,True,False,True,True,True,True,True,True,True,True,True,True,False,False,True,True,False,True,True,False,True,False,False,False,False,False,True,False,False,True,False,True,False,False,False,False,False,True
22611,15min,m15_2c_1atr,demand,5067.03,5057.21,2026-01-27 04:45:00+00:00,2026-01-27 03:45:00+00:00,2026-01-27 04:00:00+00:00,2026-01-27 04:30:00+00:00,3,1.0574172373272457,0.557072814943861,0.3431771894093677,2026-01-27 04:50:00+00:00,2026-01-27 05:00:00+00:00,5072.62,5055.655285714286,16.964714285713853,0.0833333333333333,True,450309,450310,1,5072.58,0.8316326530611488,1.6652210891514745,1.0238899227809175,9.909981221527282,1.0,tp1,2026,2026-01,2026-01-27,0.0176837637785997,0.9823162362214004,<=0.03R,5,3,2,1.0,5,3,2,1.0,0,0,0.0,0,0,0.0,True,True,True,False,False,5,3,5,3,True,0,Tuesday,post_close,bull,0.874,high,below,below,0.5264769154393085,0.2346041055718219,0.0121082284816467,0.4234541081210692,True,value_low_half,mid_volume,False,True,-1.71709346290204,0.6818181818181818,False,False,,True,True,True,True,False,True,True,True,True,True,True,True,True,True,True,False,False,True,True,True,True,True,False,True,False,False,False,True,False,False,False,False,True,False,False,False,True,False,False,True,True
22637,15min,m15_2c_1atr,supply,5595.47,5574.34,2026-01-29 09:00:00+00:00,2026-01-29 08:15:00+00:00,2026-01-29 08:30:00+00:00,2026-01-29 08:45:00+00:00,2,1.2433446360291358,1.067094726210231,0.0974917179366015,2026-01-29 09:00:00+00:00,2026-01-29 09:05:00+00:00,5568.58,5597.957857142857,29.377857142857465,0.0,True,450910,450911,0,5568.82,0.520146520146494,15.779911984244515,0.1661115028325531,14.338009676870186,1.0,tp1,2026,2026-01,2026-01-29,0.0102117727151157,0.9897882272848842,<=0.03R,0,0,0,0.0,0,0,0,0.0,0,0,0.0,0,0,0.0,False,False,False,False,False,0,0,0,0,True,4,Thursday,asia_late,bull,0.82,high,above,above,1.2488406908387304,0.0875608061153133,-0.1952715156786276,0.780398275122584,True,above_value,mid_volume,False,False,10.506382357946856,0.7035971223021583,False,False,,True,True,True,False,True,True,True,True,True,True,True,True,True,False,False,False,False,False,False,False,False,False,False,True,False,False,False,False,False,False,True,False,False,False,False,False,True,False,False,True,True
22674,15min,m15_2c_1atr,demand,4794.46,4762.25,2026-02-03 05:45:00+00:00,2026-02-03 05:00:00+00:00,2026-02-03 05:15:00+00:00,2026-02-03 05:30:00+00:00,2,1.05331063185775,0.8530836171017802,0.456069543620009,2026-02-03 05:45:00+00:00,2026-02-03 05:50:00+00:00,4795.56,4758.643857142857,36.91614285714331,0.0,True,451699,451700,0,4795.57,0.7804314329737858,7.698799982972899,0.2318768792591783,7.681734278074148,1.0,tp1,2026,2026-02,2026-02-03,0.0081265261422605,0.9918734738577396,<=0.03R,1,1,1,0.6271344303011424,8,4,2,1.0,0,0,0.0,2,1,1.0,True,True,True,False,True,1,1,12,7,True,0,Tuesday,post_close,bear,0.582,mid,below,below,1.1785651605857952,0.8693846734616812,0.4398430995367602,0.8690104746238435,True,value_high_half,mid_volume,False,True,1.95321055829231,0.4033898305084746,False,False,,True,True,True,True,False,True,True,True,True,True,True,True,True,True,True,False,True,True,True,False,True,False,False,True,False,False,False,False,True,False,False,False,True,False,False,False,False,False,False,True,True
22675,15min,m15_2c_1atr,demand,4824.72,4808.15,2026-02-03 07:30:00+00:00,2026-02-03 06:45:00+00:00,2026-02-03 07:00:00+00:00,2026-02-03 07:15:00+00:00,2,1.0539797359229208,0.5746773354472939,0.6946288473144109,2026-02-03 07:30:00+00:00,2026-02-03 07:35:00+00:00,4831.16,4805.694714285714,25.46528571428553,0.0,True,451720,451721,0,4831.14,0.4507269789983856,10.17895510414746,0.6974200171662399,9.210577985717324,1.0,tp1,2026,2026-02,2026-02-03,0.0117807435332133,0.9882192564667868,<=0.03R,1,1,1,1.0,6,4,2,1.0,0,0,0.0,5,4,1.0,True,True,True,False,True,1,1,16,7,True,2,Tuesday,post_close,bear,0.484,mid,below,below,1.6131425826082386,0.1799564270152567,0.1875051706243439,0.8326957835931622,True,value_high_half,hvn,False,True,4.326870754023696,0.848587570621469,True,False,0.3249722178123419,True,True,True,True,False,True,True,True,True,True,True,True,True,False,False,False,True,True,True,False,True,False,False,True,False,False,True,False,True,False,False,False,True,False,False,False,False,True,False,True,True
22681,15min,m15_2c_1atr,supply,4994.02,4964.94,2026-02-03 19:15:00+00:00,2026-02-03 18:30:00+00:00,2026-02-03 18:45:00+00:00,2026-02-03 19:00:00+00:00,2,1.2938298450666057,1.0060045961106263,0.2757909215955741,2026-02-03 19:15:00+00:00,2026-02-03 19:25:00+00:00,4953.72,4997.415714285715,43.69571428571453,0.0,True,451862,451863,1,4953.68,0.7085978072706173,1.6720175237846142,1.0101677183116822,0.6174518586327599,1.0,tp1,2026,2026-02,2026-02-03,0.006865661882499,0.993134338117501,<=0.03R,0,0,0,0.0,1,1,1,1.0,2,2,0.4542640990371271,6,4,0.4542640990371271,False,True,False,True,True,4,4,13,5,True,14,Tuesday,ny_main,bull,0.488,mid,above,above,1.482813611717653,0.3509893455098915,-0.0170560670953531,0.3908882350487207,True,value_high_half,mid_volume,False,True,1.3669532808055531,0.5332428765264586,False,False,,True,True,True,False,True,True,True,True,True,True,True,True,True,True,True,True,True,False,True,True,True,False,False,True,False,False,False,False,True,False,False,False,False,False,False,False,True,False,True,True,True
22809,15min,m15_2c_1atr,supply,4967.21,4960.29,2026-02-17 05:45:00+00:00,2026-02-17 04:45:00+00:00,2026-02-17 05:00:00+00:00,2026-02-17 05:30:00+00:00,3,1.0093312597201094,0.5381026438569319,0.8684971098264805,2026-02-17 05:55:00+00:00,2026-02-17 06:00:00+00:00,4956.46,4968.251142857142,11.791142857142404,0.1666666666666666,True,454431,454432,0,4956.45,0.580219780219829,9.691172550825485,0.3205796118151546,1.871743924010806,1.0,tp1,2026,2026-02,2026-02-17,0.0254428263345377,0.9745571736654622,<=0.03R,0,0,0,0.0,4,2,2,1.0,0,0,0.0,5,4,1.0,False,True,False,False,True,0,0,14,7,True,1,Tuesday,post_close,bear,0.544,mid,above,above,1.2996652102366133,0.5158648925281686,-0.4570272105193445,-1.0392309459527334,True,below_value,mid_volume,False,False,-2.459473212338654,0.6473988439306358,False,False,,True,True,True,False,True,True,True,True,False,True,True,True,True,False,False,False,True,False,True,False,True,True,False,True,False,False,False,False,False,True,False,False,True,False,False,False,False,True,False,True,True
22814,15min,m15_2c_1atr,demand,4922.92,4907.85,2026-02-17 13:30:00+00:00,2026-02-17 12:45:00+00:00,2026-02-17 13:00:00+00:00,2026-02-17 13:15:00+00:00,2,1.3088186576559109,1.3978665606572205,0.47047113470473,2026-02-17 13:35:00+00:00,2026-02-17 13:40:00+00:00,4927.22,4906.7047142857145,20.51528571428571,0.0833333333333333,True,454523,454524,0,4927.23,0.4969325153372635,0.8539973678163092,2.8149742004219855,0.1164984993767429,-1.0,stop,2026,2026-02,2026-02-17,0.0146232425995947,-1.014623242599595,<=0.03R,2,2,1,0.3045786330458018,6,3,2,1.0,1,1,1.0,9,4,1.0,True,True,True,True,True,4,4,24,7,False,8,Tuesday,london_ny_overlap,bear,0.308,low,below,below,1.5805672486370352,0.7685421994884581,0.331223874677153,0.4112915444996815,True,below_value,lvn,False,True,-3.771090545725477,0.1831501831501831,True,True,0.1797505502567914,True,True,True,True,False,True,True,True,True,True,True,True,True,False,False,True,True,True,True,True,True,False,False,True,False,True,False,False,False,True,False,True,False,False,False,False,False,False,True,True,True
22832,15min,m15_2c_1atr,supply,4984.02,4972.16,2026-02-19 02:00:00+00:00,2026-02-19 01:15:00+00:00,2026-02-19 01:30:00+00:00,2026-02-19 01:45:00+00:00,2,1.03498271937965,1.3996459580208256,0.5236087689713096,2026-02-19 02:00:00+00:00,2026-02-19 02:05:00+00:00,4962.1,4985.582285714286,23.482285714285354,0.0,True,454936,454937,0,4962.02,0.9564902102972904,0.0523799094758568,1.129361950649727,-2.1118046430135786,-1.0,stop,2026,2026-02,2026-02-19,0.0127755876770333,-1.0127755876770332,<=0.03R,0,0,0,0.0,5,2,2,1.0,0,0,0.0,8,4,1.0,False,True,False,False,True,0,0,21,7,False,21,Wednesday,after_hours,bull,0.218,low,above,above,1.997687861271671,0.4829586656997732,-1.042051470506329,-1.3820112399738191,True,value_low_half,hvn,False,True,-0.8585194918966342,0.9292929292929292,True,True,0.2098595428256693,True,True,False,False,True,True,True,True,True,True,True,True,True,True,True,False,True,False,True,False,True,False,False,True,False,False,True,True,False,False,False,True,False,False,False,False,False,False,False,False,True
22851,15min,m15_2c_1atr,supply,5014.73,5006.77,2026-02-20 03:45:00+00:00,2026-02-20 03:00:00+00:00,2026-02-20 03:15:00+00:00,2026-02-20 03:30:00+00:00,2,1.5300493295352915,0.7742652678384755,0.6369346733668675,2026-02-20 04:05:00+00:00,2026-02-20 04:15:00+00:00,4997.87,5015.969428571428,18.09942857142778,0.3333333333333333,True,455238,455239,1,4997.16,0.5157629255989906,0.8862158237040211,1.1039022542148875,-8.706352213172064,-1.0,stop,2026,2026-02,2026-02-20,0.016575108922145,-1.016575108922145,<=0.03R,6,3,2,1.0,13,4,2,1.0,13,3,1.0,20,4,1.0,True,True,True,True,True,32,7,53,7,False,23,Thursday,after_hours,bull,0.472,mid,above,above,1.1274978133620976,0.8341158059467377,-0.0534429877429276,0.0740717153418633,True,above_value,mid_volume,False,False,0.4696280861274436,0.4545454545454545,True,True,0.2098595428256693,True,True,True,False,True,True,True,True,True,True,True,True,True,False,False,True,True,True,True,True,True,False,False,True,False,False,False,False,False,False,True,True,True,False,True,False,False,False,False,False,True
22856,15min,m15_2c_1atr,supply,5040.75,5028.2,2026-02-20 12:00:00+00:00,2026-02-20 11:00:00+00:00,2026-02-20 11:15:00+00:00,2026-02-20 11:45:00+00:00,3,1.1292382545233934,1.3357153717500485,0.7450199203186708,2026-02-20 12:00:00+00:00,2026-02-20 12:05:00+00:00,5024.75,5041.681428571429,16.931428571429024,0.0,True,455332,455333,0,5024.76,0.8066825775657356,1.0394870064124135,1.0701991225109335,-7.904235572055134,1.0,tp1,2026,2026-02,2026-02-20,0.017718528518393,0.9822814714816068,<=0.03R,1,1,1,0.0868525896414446,7,4,2,0.7561752988047525,0,0,0.0,10,4,1.0,True,True,True,False,True,1,1,27,7,True,7,Friday,asia_late,bull,0.404,mid,above,above,1.2684246112238362,0.733853006681492,-0.1111316126813306,0.6244331015674873,True,above_value,mid_volume,False,False,1.9032652716840743,0.3472222222222222,True,True,0.1787498725400195,True,True,True,False,True,True,True,True,True,True,True,True,True,True,True,False,True,True,True,False,True,False,False,True,False,False,False,False,False,False,True,True,False,False,False,False,False,True,False,True,True
22876,15min,m15_2c_1atr,supply,5247.2,5236.76,2026-02-24 02:15:00+00:00,2026-02-24 01:30:00+00:00,2026-02-24 01:45:00+00:00,2026-02-24 02:00:00+00:00,2,1.25000000000001,1.0829875518671708,0.5632183908046298,2026-02-24 02:20:00+00:00,2026-02-24 02:30:00+00:00,5227.57,5248.8051428571425,21.23514285714282,0.0833333333333333,True,455769,455770,1,5227.58,0.679828326180285,6.2952248967345055,0.2307495660832036,1.9646677340795984,1.0,tp1,2026,2026-02,2026-02-24,0.0141275244540721,0.9858724755459278,<=0.03R,1,1,1,0.1187739463601369,1,1,1,0.1187739463601369,0,0,0.0,0,0,0.0,True,True,True,False,False,1,1,1,1,True,21,Monday,after_hours,bull,0.578,mid,above,above,0.881897453784411,0.7302798982188634,-0.1516477374741433,0.4402581203270234,True,value_high_half,mid_volume,False,True,1.5413129179392473,0.504,False,False,,True,True,True,False,True,True,True,True,True,True,True,True,True,True,False,False,False,True,True,False,False,False,False,True,False,False,False,False,True,False,False,False,False,False,False,False,False,False,False,False,True
22885,15min,m15_2c_1atr,demand,5139.36,5125.23,2026-02-24 17:45:00+00:00,2026-02-24 16:45:00+00:00,2026-02-24 17:00:00+00:00,2026-02-24 17:30:00+00:00,3,1.135559627538217,0.7397629108859116,0.6128803963198717,2026-02-24 18:30:00+00:00,2026-02-24 18:40:00+00:00,5146.3,5123.974142857142,22.325857142857785,0.75,True,455963,455964,1,5146.24,0.9338677354708684,3.1953980330301612,0.956290272010022,2.788694722966893,1.0,tp1,2026,2026-02,2026-02-24,0.0134373340329274,0.9865626659670724,<=0.03R,3,3,2,0.1656050955414102,9,4,2,1.0,2,1,1.0,6,3,1.0,True,True,True,True,True,7,7,21,7,True,13,Tuesday,ny_main,bull,0.942,high,below,below,1.4570850517469485,0.6477707006369549,0.1146230646468981,-0.0630353353612554,True,below_value,mid_volume,False,False,-1.7000467107325383,0.5,False,False,,True,True,True,True,False,True,True,True,True,True,True,True,True,True,True,True,True,True,True,True,True,True,False,True,False,False,False,False,False,True,False,False,True,False,False,False,False,False,True,True,True
22902,15min,m15_2c_1atr,supply,5217.64,5207.86,2026-02-25 20:45:00+00:00,2026-02-25 19:00:00+00:00,2026-02-25 19:15:00+00:00,2026-02-25 20:30:00+00:00,6,1.0975056689341742,1.1088435374150445,0.2597137014314717,2026-02-25 21:10:00+00:00,2026-02-25 21:20:00+00:00,5200.79,5218.408714285714,17.618714285714304,0.4166666666666667,True,456271,456272,1,5200.83,0.9765494137352896,3.99064306622019,0.4353325603457399,0.2026254550761604,1.0,tp1,2026,2026-02,2026-02-25,0.0170273491660652,0.9829726508339348,<=0.03R,1,1,1,1.0,1,1,1,1.0,0,0,0.0,0,0,0.0,True,True,True,False,False,1,1,1,1,True,16,Wednesday,ny_main,bull,0.102,low,above,above,1.206896551724142,0.7013996889579904,-0.2999505045213892,0.2270842610520662,True,above_value,mid_volume,False,False,1.6459770860529777,0.375,False,False,,True,True,True,False,True,True,True,True,True,True,True,True,True,True,True,False,False,True,True,False,False,False,False,True,False,False,False,False,False,False,True,False,False,False,False,False,True,False,True,True,True
22920,15min,m15_2c_1atr,supply,5199.49,5190.87,2026-02-26 23:30:00+00:00,2026-02-26 22:30:00+00:00,2026-02-26 22:45:00+00:00,2026-02-26 23:15:00+00:00,3,1.4820647419073112,0.95983456613377,0.5266821345707681,2026-02-26 23:40:00+00:00,2026-02-26 23:45:00+00:00,5189.42,5200.346714285714,10.926714285714295,0.1666666666666666,True,456576,456577,0,5189.5,0.5824175824175956,2.060088642514432,1.0067070221083312,-18.112489704132695,1.0,tp1,2026,2026-02,2026-02-26,0.0274556460574999,0.9725443539425,<=0.03R,3,2,1,0.5011600928073972,8,4,2,0.6798143851507827,0,0,0.0,0,0,0.0,True,True,True,False,False,3,3,8,3,True,18,Thursday,after_hours,bull,0.244,low,above,above,2.548248109909815,0.2812500000000381,-0.5452063617604406,-0.1739392416228286,True,value_high_half,hvn,False,True,0.8172630643116082,0.835820895522388,False,False,,True,True,True,False,True,True,True,True,False,True,True,True,True,False,False,False,False,True,True,True,True,False,False,True,False,False,True,False,True,False,False,False,True,False,False,False,False,False,False,False,True
23041,15min,m15_2c_1atr,demand,5148.83,5137.29,2026-03-12 08:00:00+00:00,2026-03-12 07:15:00+00:00,2026-03-12 07:30:00+00:00,2026-03-12 07:45:00+00:00,2,1.7923348736070035,1.4638035698106575,0.3474870017331222,2026-03-12 08:20:00+00:00,2026-03-12 08:25:00+00:00,5156.42,5136.2594285714285,20.16057142857153,0.3333333333333333,True,459164,459165,0,5156.33,0.6703662597114115,1.7504464159179056,1.2777415606133655,-3.549006547433454,1.0,tp1,2026,2026-03,2026-03-12,0.0148805305972052,0.9851194694027948,<=0.03R,4,3,2,1.0,14,4,2,1.0,1,1,1.0,13,4,1.0,True,True,True,True,True,6,5,40,7,True,4,Thursday,asia_late,bear,0.02,low,below,below,1.5546243639629216,0.9420849420849102,0.6394618175062674,0.4924089523798767,True,below_value,lvn,False,False,-1.770287123380873,0.20625,True,False,0.2885828291929487,True,True,True,True,False,True,True,True,True,True,True,True,True,True,False,True,True,True,True,True,True,False,False,True,False,True,False,False,False,True,False,False,False,False,True,False,True,False,False,True,True
23054,15min,m15_2c_1atr,supply,5109.42,5102.7,2026-03-13 07:45:00+00:00,2026-03-13 07:00:00+00:00,2026-03-13 07:15:00+00:00,2026-03-13 07:30:00+00:00,2,1.2447745358090228,0.9981962864721768,0.7083333333333389,2026-03-13 07:45:00+00:00,2026-03-13 07:55:00+00:00,5099.41,5110.344,10.934000000000196,0.0,True,459434,459435,1,5099.42,0.58160237388727,3.468081214560032,1.787086153283301,7.974208889701668,1.0,tp1,2026,2026-03,2026-03-13,0.0274373513810128,0.9725626486189872,<=0.03R,5,3,2,0.6622023809523288,15,4,2,1.0,0,0,0.0,1,1,0.5342261904761919,True,True,True,False,True,5,3,17,5,True,3,Friday,asia_late,bear,0.02,low,above,above,1.681022446568471,0.6303448275862922,-0.426771052741501,-0.7346523505071049,True,below_value,hvn,False,False,-6.739528077556172,0.8641509433962264,True,False,0.2565539323594109,True,True,True,False,True,True,True,True,False,True,True,True,True,False,False,False,True,True,True,True,True,True,False,True,False,False,True,False,False,True,False,False,True,False,False,False,False,True,False,True,True
23113,15min,m15_2c_1atr,demand,4582.98,4546.57,2026-03-19 16:15:00+00:00,2026-03-19 15:30:00+00:00,2026-03-19 15:45:00+00:00,2026-03-19 16:00:00+00:00,2,1.743561263450197,0.8846581048247104,0.4669046965119491,2026-03-19 16:30:00+00:00,2026-03-19 16:35:00+00:00,4606.05,4541.4088571428565,64.64114285714368,0.25,True,460640,460641,0,4606.24,0.8401753686727702,2.0070808507628644,1.009573734552067,-0.6939852548575876,1.0,tp1,2026,2026-03,2026-03-19,0.0046410070543306,0.9953589929456692,<=0.03R,0,0,0,0.0,0,0,0,0.0,0,0,0.0,0,0,0.0,False,False,False,False,False,0,0,0,0,True,12,Thursday,ny_main,bear,1.0,high,below,below,0.5172672792648805,0.7720320466132505,0.2392054230239545,-0.4101481017311273,True,below_value,mid_volume,False,False,-4.516860115627324,0.4105534105534105,False,False,,True,True,True,True,False,True,True,True,True,True,True,True,True,True,True,False,False,False,False,False,False,False,False,True,False,False,False,False,False,True,False,False,True,False,True,False,False,False,True,True,True
23149,15min,m15_2c_1atr,demand,4349.34,4332.13,2026-03-24 07:45:00+00:00,2026-03-24 06:45:00+00:00,2026-03-24 07:00:00+00:00,2026-03-24 07:30:00+00:00,3,1.0689116791673243,0.7376090616868212,0.4352120859965001,2026-03-24 07:55:00+00:00,2026-03-24 08:05:00+00:00,4357.94,4329.113428571429,28.826571428570787,0.1666666666666666,True,461366,461367,1,4357.93,0.5533617929562171,8.487655238718437,0.2244456998998762,6.69902768279283,1.0,tp1,2026,2026-03,2026-03-24,0.0104070649103508,0.9895929350896492,<=0.03R,4,3,2,1.0,7,3,2,1.0,0,0,0.0,0,0,0.0,True,True,True,False,False,4,3,7,3,True,4,Tuesday,asia_late,bear,0.596,mid,below,below,2.982862644415929,0.7283646442870453,0.750533929263243,0.561143109335262,True,value_low_half,hvn,False,True,-2.3074197417065916,0.9230769230769232,False,False,,True,True,True,True,False,True,True,True,True,True,True,True,True,False,False,False,False,True,True,True,True,False,False,True,False,False,True,True,False,False,False,False,True,False,False,False,False,False,False,True,True
23242,15min,m15_2c_1atr,supply,4763.1,4744.97,2026-04-01 15:15:00+00:00,2026-04-01 14:30:00+00:00,2026-04-01 14:45:00+00:00,2026-04-01 15:00:00+00:00,2,1.536004189578423,1.6615606179628053,0.8394925537782268,2026-04-01 15:15:00+00:00,2026-04-01 15:20:00+00:00,4739.15,4764.628428571429,25.478428571429504,0.0,True,463097,463098,0,4739.33,0.4536637931034646,0.894874655871292,1.146852519498255,6.12243410391961,-1.0,stop,2026,2026-04,2026-04-01,0.0117746665246226,-1.0117746665246226,<=0.03R,0,0,0,0.0,0,0,0,0.0,0,0,0.0,0,0,0.0,False,False,False,False,False,0,0,0,0,False,11,Wednesday,london_ny_overlap,bull,0.186,low,above,above,1.1625574592562136,0.5683658885183619,-0.3626904679185479,0.4700677429589045,True,value_high_half,lvn,False,True,2.680110345446184,0.1974025974025974,False,False,,True,True,True,False,True,True,True,True,True,True,True,True,True,False,False,False,False,False,False,False,False,False,False,True,False,True,False,False,True,False,False,False,False,False,True,False,False,True,True,True,True
23258,15min,m15_2c_1atr,demand,4629.37,4600.93,2026-04-06 04:15:00+00:00,2026-04-06 03:15:00+00:00,2026-04-06 03:30:00+00:00,2026-04-06 04:00:00+00:00,3,1.7199258928001215,1.2718328754871222,0.7985232067510674,2026-04-06 04:15:00+00:00,2026-04-06 04:25:00+00:00,4632.98,4598.9685714285715,34.01142857142804,0.0,True,463518,463519,1,4632.95,0.5477663230240656,2.1639784946237004,0.4895413306451582,0.0538054435484125,1.0,tp1,2026,2026-04,2026-04-06,0.0088205645161291,0.9911794354838708,<=0.03R,1,1,1,1.0,11,4,2,1.0,2,1,1.0,7,4,1.0,True,True,True,True,True,5,5,25,7,True,0,Monday,post_close,bear,0.918,high,below,below,0.4947087512652821,0.9117776797529776,0.5100621769307245,0.2526371005832747,True,below_value,mid_volume,False,True,-0.5762768817204498,0.48,True,True,0.1718857773485883,True,True,True,True,False,True,True,True,True,True,True,True,True,False,False,True,True,True,True,True,True,False,False,True,False,False,False,False,False,True,False,True,False,False,True,False,False,True,False,True,True
23333,15min,m15_2c_1atr,supply,4740.03,4728.3,2026-04-13 11:45:00+00:00,2026-04-13 10:45:00+00:00,2026-04-13 11:00:00+00:00,2026-04-13 11:30:00+00:00,3,1.5575141649429078,1.4769313787210825,0.1244671781756258,2026-04-13 11:45:00+00:00,2026-04-13 11:55:00+00:00,4725.16,4741.087142857143,15.927142857142826,0.0,True,464988,464989,1,4725.21,0.7665198237884563,1.3542918647412168,1.0108529912996929,-3.338326307292145,1.0,tp1,2026,2026-04,2026-04-13,0.0188357700242174,0.9811642299757826,<=0.03R,1,1,1,1.0,6,3,2,1.0,0,0,0.0,3,3,0.6385336743393061,True,True,True,False,True,1,1,12,7,True,7,Monday,asia_late,bear,0.126,low,above,above,1.2752595155709194,0.3223404255318691,-0.4839234419983093,-0.1925323244511849,True,value_high_half,mid_volume,False,True,1.250381200107633,0.648936170212766,False,False,,True,True,True,False,True,True,True,True,True,True,True,True,True,True,True,False,True,True,True,False,True,True,False,True,False,False,False,False,True,False,False,False,False,False,True,False,True,False,False,True,True
23338,15min,m15_2c_1atr,supply,4744.5,4721.39,2026-04-13 17:30:00+00:00,2026-04-13 16:45:00+00:00,2026-04-13 17:00:00+00:00,2026-04-13 17:15:00+00:00,2,1.2046530193305645,1.844899355648024,0.1583729987018566,2026-04-13 17:40:00+00:00,2026-04-13 17:50:00+00:00,4715.35,4746.454,31.10399999999936,0.1666666666666666,True,465059,465060,1,4715.36,0.7549824150059439,0.4783950617284084,1.0468106995884825,-3.05812757201652,-1.0,stop,2026,2026-04,2026-04-13,0.0096450617283952,-1.0096450617283952,<=0.03R,9,4,2,0.6300302899178107,16,4,2,0.6871484205971585,0,0,0.0,4,3,0.6231068801384613,True,True,True,False,True,9,3,24,7,False,13,Monday,ny_main,bear,0.631,mid,above,above,0.7845245064126222,0.6722689075630088,-0.2383449944434617,-0.1948797977605753,True,value_high_half,hvn,False,True,0.601048096707822,0.75,False,False,,True,True,True,False,True,True,True,True,True,True,True,True,True,True,True,False,True,True,True,True,True,True,False,True,False,False,True,False,True,False,False,False,False,False,False,False,True,False,True,True,True
23346,15min,m15_2c_1atr,demand,4766.79,4759.36,2026-04-14 09:30:00+00:00,2026-04-14 08:45:00+00:00,2026-04-14 09:00:00+00:00,2026-04-14 09:15:00+00:00,2,1.229152542372963,1.1753672316384762,0.1534320323013961,2026-04-14 09:30:00+00:00,2026-04-14 09:40:00+00:00,4767.7,4758.487571428571,9.212428571428973,0.0,True,465237,465238,1,4767.69,0.694767441860193,3.119698543892408,1.5793880937242677,4.638299192085076,1.0,tp1,2026,2026-04,2026-04-14,0.0325647029633865,0.9674352970366136,0.03-0.05R,5,3,2,0.8532974427994479,17,4,2,1.0,0,0,0.0,1,1,0.034993270524927,True,True,True,False,True,5,3,19,5,True,5,Tuesday,asia_late,bull,0.006,low,below,below,1.5244835064490354,0.8877887788778471,0.4453551239205131,0.5329861785465312,True,above_value,mid_volume,False,False,3.943042783816702,0.4093959731543624,True,False,0.3891625615763494,True,True,True,True,False,False,True,False,False,True,True,True,True,True,False,False,True,True,True,True,True,True,False,True,False,False,False,False,False,False,True,False,False,False,False,False,True,False,False,True,True
23449,15min,m15_2c_1atr,demand,4670.81,4659.51,2026-04-24 08:00:00+00:00,2026-04-24 07:15:00+00:00,2026-04-24 07:30:00+00:00,2026-04-24 07:45:00+00:00,2,1.534503271862043,1.1763831052944744,0.9318584070796084,2026-04-24 08:05:00+00:00,2026-04-24 08:15:00+00:00,4673.64,4658.644142857143,14.995857142856948,0.0833333333333333,True,467428,467429,1,4673.47,0.6438679245284465,4.453896790542205,0.4594602318735928,2.580712768288406,1.0,tp1,2026,2026-04,2026-04-24,0.0200055253355691,0.9799944746644308,<=0.03R,0,0,0,0.0,3,3,2,0.204424778761094,0,0,0.0,14,4,1.0,False,True,False,False,True,0,0,31,7,True,4,Friday,asia_late,bear,0.58,mid,below,below,0.6631696073756168,0.685358255451649,0.3284802435314386,-0.3821315500696769,True,below_value,lvn,False,False,-2.2066094445132847,0.0778443113772455,True,False,0.1130820399113113,True,True,True,True,False,True,True,True,False,True,True,True,True,True,False,False,True,False,True,False,True,False,False,True,False,True,False,False,False,True,False,False,False,False,True,False,False,True,False,True,True
23475,15min,m15_2c_1atr,supply,4642.9,4625.85,2026-04-28 09:45:00+00:00,2026-04-28 09:00:00+00:00,2026-04-28 09:15:00+00:00,2026-04-28 09:30:00+00:00,2,1.0876016550150185,1.7028106719930864,0.5008797653959137,2026-04-28 09:45:00+00:00,2026-04-28 09:50:00+00:00,4625.67,4644.265428571428,18.59542857142787,0.0,True,467999,468000,0,4625.68,0.5171974522292704,3.8106139757852646,0.737815745805462,2.979764611886282,1.0,tp1,2026,2026-04,2026-04-28,0.0161329973572619,0.983867002642738,<=0.03R,0,0,0,0.0,0,0,0,0.0,0,0,0.0,0,0,0.0,False,False,False,False,False,0,0,0,0,True,5,Tuesday,asia_late,bear,0.784,high,above,above,1.1823043266893412,0.6824817518247566,-0.9244331631026472,-2.3852329109411503,True,below_value,lvn,False,False,-3.166100731362666,0.1861702127659574,False,False,,True,True,True,False,True,True,True,True,True,True,True,True,True,False,False,False,False,False,False,False,False,True,False,True,False,True,False,False,False,True,False,False,False,False,False,False,False,False,False,True,True
23525,15min,m15_2c_1atr,supply,4613.74,4601.01,2026-05-04 05:30:00+00:00,2026-05-04 04:45:00+00:00,2026-05-04 05:00:00+00:00,2026-05-04 05:15:00+00:00,2,1.9260899653978585,1.2333564013840483,0.9057344854674108,2026-05-04 05:35:00+00:00,2026-05-04 05:40:00+00:00,4600.67,4614.820571428571,14.150571428571311,0.0833333333333333,True,469052,469053,0,4600.63,0.7965571205007644,0.1491105861449091,1.1603771680093835,4.557413128192725,-1.0,stop,2026,2026-05,2026-05-04,0.0212005572717913,-1.0212005572717913,<=0.03R,2,2,2,0.6590730557737396,18,4,2,0.7384131971720314,0,0,0.0,4,4,0.3652788688138095,True,True,True,False,True,2,2,26,7,False,1,Monday,post_close,bull,0.768,high,above,above,4.720092128437956,1.0,-0.0258601539432673,-0.4892888197846472,True,value_high_half,lvn,True,True,0.0441678276495652,0.1866666666666666,True,True,0.2973442541573711,True,True,True,False,True,True,True,True,False,True,True,True,True,True,True,False,True,True,True,False,True,False,False,True,False,True,False,False,True,False,False,True,False,False,True,False,False,True,False,True,True
23540,15min,m15_2c_1atr,demand,4527.17,4513.71,2026-05-05 04:00:00+00:00,2026-05-05 03:15:00+00:00,2026-05-05 03:30:00+00:00,2026-05-05 03:45:00+00:00,2,2.315099571464453,2.3750945298713324,0.7384843982169074,2026-05-05 04:00:00+00:00,2026-05-05 04:05:00+00:00,4534.35,4512.774857142857,21.575142857142964,0.0,True,469309,469310,0,4534.24,0.4994400895856541,4.6006647861957,0.2915392051699676,4.571928012395167,1.0,tp1,2026,2026-05,2026-05-05,0.0139048905486471,0.9860951094513528,<=0.03R,3,1,1,0.3254086181277932,8,4,2,1.0,0,0,0.0,1,1,1.0,True,True,True,False,True,3,3,10,5,True,0,Tuesday,post_close,bear,0.182,low,below,below,1.557823892316275,0.9487179487179952,1.9076232399293835,2.307403400277227,True,value_low_half,hvn,True,True,-0.1302424748056383,0.9551569506726456,False,False,,True,True,True,True,False,True,True,True,True,True,True,True,True,False,False,False,True,True,True,True,True,False,False,True,False,False,True,True,False,False,False,False,False,True,True,True,False,True,False,True,True
23611,15min,m15_2c_1atr,supply,4769.48,4755.45,2026-05-12 03:45:00+00:00,2026-05-12 02:45:00+00:00,2026-05-12 03:00:00+00:00,2026-05-12 03:30:00+00:00,3,1.1806624888093122,1.7584601611458832,0.8139700641482737,2026-05-12 03:45:00+00:00,2026-05-12 03:55:00+00:00,4752.82,4770.912571428571,18.09257142857132,0.0,True,470686,470687,1,4752.88,0.7995226730309941,6.321378940054356,0.164708483355469,2.775724843661152,1.0,tp1,2026,2026-05,2026-05-12,0.0165813909418231,0.9834186090581768,<=0.03R,0,0,0,0.0,4,4,2,0.5694939415538081,0,0,0.0,14,4,1.0,False,True,False,False,True,0,0,32,7,True,23,Monday,after_hours,bull,0.452,mid,above,above,1.0823567708333324,0.0457317073171012,-0.6824392963387543,0.3067365033126099,True,above_value,lvn,False,False,4.958664961152208,0.1935483870967742,True,True,0.1003875968992234,False,False,True,False,True,True,True,True,True,True,True,True,True,True,True,False,True,False,True,False,True,False,False,True,False,True,False,False,False,False,True,True,False,False,False,False,False,True,False,False,True
23638,15min,m15_2c_1atr,demand,4691.11,4687.93,2026-05-14 01:30:00+00:00,2026-05-13 23:45:00+00:00,2026-05-14 01:00:00+00:00,2026-05-14 01:15:00+00:00,2,1.2053941908714163,0.5772821576762303,0.5911949685536084,2026-05-14 03:00:00+00:00,2026-05-14 03:10:00+00:00,4696.15,4687.296857142857,8.853142857142302,1.5,True,471229,471230,1,4696.12,0.755281690140921,1.2379784418770583,1.0809720518944388,-9.189956754663935,1.0,tp1,2026,2026-05,2026-05-14,0.0338862712192624,0.9661137287807376,0.03-0.05R,7,4,2,1.0,19,4,2,1.0,1,1,1.0,5,2,1.0,True,True,True,True,True,9,5,29,7,True,23,Wednesday,after_hours,bear,0.018,low,below,below,2.5253977968175954,0.814777327935232,0.2211958419405833,0.6385797497141582,True,value_low_half,mid_volume,False,True,-1.1555218485767995,0.6181818181818182,False,False,,True,True,True,True,False,False,True,False,False,True,True,True,True,True,True,True,True,True,True,True,True,False,False,True,False,False,False,True,False,False,False,False,True,False,False,False,False,False,False,False,True
23658,15min,m15_2c_1atr,supply,4586.19,4566.03,2026-05-15 11:00:00+00:00,2026-05-15 10:00:00+00:00,2026-05-15 10:15:00+00:00,2026-05-15 10:45:00+00:00,3,1.1135433823920116,1.4996015089527326,0.8030753968254278,2026-05-15 11:00:00+00:00,2026-05-15 11:05:00+00:00,4561.13,4587.554428571428,26.424428571427597,0.0,True,471600,471601,0,4561.1,0.6664392905866047,3.0528569343303618,0.4329327299955136,0.5290559060609875,1.0,tp1,2026,2026-05,2026-05-15,0.0113531310313512,0.9886468689686488,<=0.03R,0,0,0,0.0,0,0,0,0.0,0,0,0.0,12,4,1.0,False,False,False,False,True,0,0,24,4,True,7,Friday,asia_late,bear,0.94,high,above,above,1.3939583008371232,0.5532060027285581,-0.66586503032257,-1.5547925104817548,True,below_value,hvn,False,False,-1.443361391785805,0.8187919463087249,True,True,0.3003848003847956,True,True,True,False,True,True,True,True,True,True,True,True,True,True,False,False,True,False,False,False,True,True,False,True,False,False,True,False,False,True,False,True,False,False,False,False,False,True,False,True,True
23773,15min,m15_2c_1atr,demand,4441.59,4433.17,2026-05-27 19:45:00+00:00,2026-05-27 18:30:00+00:00,2026-05-27 18:45:00+00:00,2026-05-27 19:30:00+00:00,4,1.2515497553017665,0.6410005437737969,0.1971496437054442,2026-05-27 20:10:00+00:00,2026-05-27 20:20:00+00:00,4446.86,4432.4334285714285,14.426571428571153,0.4166666666666667,True,473889,473890,1,4446.85,0.6479217603913084,1.3849444477452917,1.04460024161765,4.2553423246787725,1.0,tp1,2026,2026-05,2026-05-27,0.0207949616778567,0.9792050383221432,<=0.03R,2,2,2,1.0,2,2,2,1.0,0,0,0.0,0,0,0.0,True,True,True,False,False,2,2,2,2,True,16,Wednesday,ny_main,bear,0.864,high,below,below,1.3287689622767485,0.8274559193954908,0.4517452802301669,0.527913237440372,True,below_value,mid_volume,False,False,-3.422157526785949,0.6951672862453532,False,False,,True,True,True,True,False,True,True,True,False,True,True,True,True,True,False,False,False,True,True,False,False,False,False,True,False,False,False,False,False,True,False,False,True,False,False,False,True,False,True,True,True
23774,15min,m15_2c_1atr,demand,4455.73,4451.71,2026-05-28 01:30:00+00:00,2026-05-27 23:30:00+00:00,2026-05-27 23:45:00+00:00,2026-05-28 01:15:00+00:00,3,1.219909003171065,0.7759547773334383,0.3283582089551901,2026-05-28 01:30:00+00:00,2026-05-28 01:40:00+00:00,4461.5,4450.935428571429,10.564571428571073,0.0,True,473941,473942,1,4461.52,0.9288888888889536,0.0908697533535331,1.140604716572968,2.698642362613699,-1.0,stop,2026,2026-05,2026-05-28,0.028396797922978,-1.028396797922978,<=0.03R,1,1,1,0.7885572139304591,1,1,1,0.7885572139304591,0,0,0.0,0,0,0.0,True,True,True,False,False,1,1,1,1,False,21,Wednesday,after_hours,bear,0.104,low,below,below,2.6317468758308427,0.4707520891364863,0.3951071275570832,1.0117328828159546,True,value_high_half,hvn,True,True,0.186472306360827,0.8857142857142857,False,False,,True,True,False,True,False,True,True,True,False,True,True,True,True,True,True,False,False,True,True,False,False,False,False,True,False,False,True,False,True,False,False,False,True,False,False,False,True,False,False,False,True
23776,15min,m15_2c_1atr,demand,4452.56,4444.57,2026-05-28 03:45:00+00:00,2026-05-28 03:00:00+00:00,2026-05-28 03:15:00+00:00,2026-05-28 03:30:00+00:00,2,1.1393168117883408,1.2487162313017388,0.3091364205255483,2026-05-28 03:45:00+00:00,2026-05-28 03:50:00+00:00,4453.8,4443.535428571428,10.2645714285718,0.0,True,473967,473968,0,4453.87,0.564668769716064,0.4812670489338634,1.0482658798641489,5.1039637031673815,-1.0,stop,2026,2026-05,2026-05-28,0.0292267438623827,-1.0292267438623828,<=0.03R,3,2,2,0.4568210262828823,3,2,2,0.4568210262828823,0,0,0.0,0,0,0.0,True,True,True,False,False,3,3,3,3,False,23,Wednesday,after_hours,bear,0.288,low,below,below,2.137566137566036,0.8921568627450418,0.8096377978247874,0.7909427749604643,True,value_low_half,hvn,True,True,-0.3102905973389137,0.9699570815450644,False,False,,True,True,True,True,False,True,True,True,False,True,True,True,True,False,False,False,False,True,True,True,True,False,False,True,False,False,True,True,False,False,False,False,False,False,False,False,True,False,False,False,True
23775,15min,m15_2c_1atr,supply,4462.1,4456.7,2026-05-28 02:15:00+00:00,2026-05-28 01:15:00+00:00,2026-05-28 01:30:00+00:00,2026-05-28 02:00:00+00:00,3,1.2621985417836057,1.0600112170500544,0.381481481481517,2026-05-28 03:55:00+00:00,2026-05-28 04:05:00+00:00,4445.87,4463.297714285714,17.4277142857145,1.6666666666666667,True,473970,473971,1,4445.95,0.8667699457785155,4.546207190517485,1.2359624243815095,-3.445661262029248,1.0,tp1,2026,2026-05,2026-05-28,0.0172139613423608,0.9827860386576392,<=0.03R,6,4,2,1.0,6,4,2,1.0,0,0,0.0,0,0,0.0,True,True,True,False,False,6,3,6,3,True,0,Thursday,post_close,bear,0.466,mid,above,above,1.6031804057758623,0.0163226116178659,-1.3438698032088787,-1.5775931111258443,True,value_high_half,mid_volume,False,True,0.4676459498007832,0.5665236051502146,False,False,,True,True,True,False,True,True,True,True,True,True,True,True,True,True,True,False,False,True,True,True,True,True,False,True,False,False,False,False,True,False,False,False,False,False,False,False,False,False,False,True,True
23782,15min,m15_2c_1atr,demand,4391.87,4385.95,2026-05-28 12:30:00+00:00,2026-05-28 11:45:00+00:00,2026-05-28 12:00:00+00:00,2026-05-28 12:15:00+00:00,2,1.1085180863477202,0.6907817969661668,0.501689189189226,2026-05-28 12:30:00+00:00,2026-05-28 12:35:00+00:00,4393.0,4385.056857142857,7.943142857143357,0.0,True,474072,474073,0,4392.93,0.6432637571156968,1.4087622747381796,1.6265601956763214,18.684040142439724,1.0,tp1,2026,2026-05,2026-05-28,0.0377684255961991,0.9622315744038008,0.03-0.05R,2,2,1,0.792229729729806,2,2,1,0.792229729729806,0,0,0.0,0,0,0.0,True,True,True,False,False,2,2,2,2,True,8,Thursday,london_ny_overlap,bear,0.466,mid,below,below,1.5813576129090057,0.1489675516224566,0.0832554096543315,0.0959971182038458,True,below_value,hvn,False,False,-7.848278838890212,0.8565737051792829,False,False,,True,True,True,True,False,False,True,False,False,True,True,True,True,True,False,False,False,True,True,False,False,False,False,True,False,False,True,False,False,True,False,False,True,False,False,False,False,False,True,True,True
23795,15min,m15_2c_1atr,demand,4512.9,4502.66,2026-05-29 09:15:00+00:00,2026-05-29 08:30:00+00:00,2026-05-29 08:45:00+00:00,2026-05-29 09:00:00+00:00,2,1.3593699428201858,1.5466609127198228,0.2753906250000663,2026-05-29 09:15:00+00:00,2026-05-29 09:25:00+00:00,4518.72,4501.546285714286,17.173714285714595,0.0,True,474310,474311,1,4518.73,0.8549528301886316,4.460304784720724,1.0364676914886457,-0.8600352698476176,1.0,tp1,2026,2026-05,2026-05-29,0.017468556598123,0.9825314434018768,<=0.03R,0,0,0,0.0,21,4,2,1.0,1,1,0.4755859374999995,7,4,1.0,False,True,False,True,True,2,2,35,7,True,5,Friday,asia_late,bull,0.36,mid,below,below,0.8054242860078739,0.5765217391303652,0.6393662212915207,1.2955573499396742,True,value_high_half,hvn,False,True,0.4093465096160023,0.939929328621908,True,True,0.0548812664907631,True,True,True,True,False,True,True,True,True,True,True,True,True,True,True,True,True,False,True,False,True,True,False,True,False,False,True,False,True,False,False,True,False,False,False,False,True,False,False,True,True
23856,15min,m15_2c_1atr,supply,4482.4,4476.89,2026-06-04 23:45:00+00:00,2026-06-04 22:45:00+00:00,2026-06-04 23:00:00+00:00,2026-06-04 23:30:00+00:00,3,1.2899033655447496,1.285238253915191,0.4791288566244389,2026-06-05 01:00:00+00:00,2026-06-05 01:05:00+00:00,4473.8,4482.8655714285715,9.065571428571277,1.25,True,475590,475591,0,4473.91,0.9157894736841986,18.039679162924394,0.8526765313036427,16.22401865771627,1.0,tp1,2026,2026-06,2026-06-05,0.0330922327802208,0.9669077672197792,0.03-0.05R,2,1,1,1.0,8,2,1,1.0,4,2,1.0,9,4,1.0,True,True,True,True,True,10,6,26,7,True,21,Thursday,after_hours,bull,0.03,low,above,above,1.7528529507662836,0.2296650717703911,-0.3222680788229202,-0.6211929887063088,True,value_high_half,hvn,True,True,0.2090326037284432,0.8202247191011236,True,True,0.2274392726285833,True,True,True,False,True,False,True,False,False,True,True,True,True,True,True,True,True,True,True,True,True,False,False,True,False,False,True,False,True,False,False,True,False,False,False,False,False,False,False,False,True
23893,15min,m15_2c_1atr,supply,4226.61,4216.6,2026-06-10 03:45:00+00:00,2026-06-10 03:00:00+00:00,2026-06-10 03:15:00+00:00,2026-06-10 03:30:00+00:00,2,1.993406747562508,0.982955741039411,0.3136863136862772,2026-06-10 03:55:00+00:00,2026-06-10 04:05:00+00:00,4194.63,4228.586285714286,33.956285714285514,0.1666666666666666,True,476454,476455,1,4194.71,0.9830578512396752,5.024695617053886,0.8030913695760004,2.9399564145498145,1.0,tp1,2026,2026-06,2026-06-10,0.0088348885541915,0.9911651114458084,<=0.03R,0,0,0,0.0,0,0,0,0.0,0,0,0.0,0,0,0.0,False,False,False,False,False,0,0,0,0,True,0,Wednesday,post_close,bear,0.926,high,above,above,1.1503288775726468,0.5132408575031691,-1.0954223376292622,-2.333688231773388,True,below_value,mid_volume,False,False,-3.2731789611854216,0.35625,False,False,,True,False,False,False,True,True,True,True,True,True,True,True,True,True,True,False,False,False,False,False,False,True,False,True,False,False,False,False,False,True,False,False,True,False,True,False,True,False,False,True,True
23953,15min,m15_2c_1atr,demand,4315.77,4306.94,2026-06-16 04:00:00+00:00,2026-06-16 03:15:00+00:00,2026-06-16 03:30:00+00:00,2026-06-16 03:45:00+00:00,2,1.8192371475952993,1.464344941956941,0.593431483578628,2026-06-16 04:05:00+00:00,2026-06-16 04:10:00+00:00,4318.9,4306.061,12.838999999999942,0.0833333333333333,True,477559,477560,0,4318.95,0.4977375565611052,2.8047355713062063,0.8762364670145689,1.8163408365138036,1.0,tp1,2026,2026-06,2026-06-16,0.0233663057870551,0.9766336942129448,<=0.03R,7,4,2,0.7293318233295469,9,4,2,0.7293318233295469,2,1,0.7293318233295469,3,1,0.7293318233295469,True,True,True,True,True,11,7,15,7,True,0,Tuesday,post_close,bull,0.078,low,below,below,0.5400778210116866,0.4135922330097226,0.6925231415392975,0.4237852836910446,True,value_low_half,mid_volume,False,True,-0.8875301814783463,0.6493506493506493,False,False,,True,True,True,True,False,True,True,True,False,True,True,True,True,False,False,True,True,True,True,True,True,True,False,True,False,False,False,True,False,False,False,False,False,False,True,False,False,False,False,True,True
