[03:25:44] === M15 OTE MEGA-SWEEP START ===
[03:25:44] Loading M1/M5/M15 …
[03:25:44] Loaded: m1=2,374,995 m5=475,810 m15=158,645
[03:25:44] Building H4 frame …
[03:25:44] H4 bars: 10,385
[03:25:44] Building sweep->CHoCH candidates for swing_k=2 …
[03:26:03]   k=2: 12,992 candidates  (fvg=78% ob=86% h4up=53%)  [18.2s]
[03:26:03] Building sweep->CHoCH candidates for swing_k=3 …
[03:26:13]   k=3: 9,119 candidates  (fvg=84% ob=89% h4up=53%)  [10.9s]
[03:26:13] Building sweep->CHoCH candidates for swing_k=4 …
[03:26:21]   k=4: 6,781 candidates  (fvg=88% ob=91% h4up=53%)  [7.5s]
[03:26:21] Building sweep->CHoCH candidates for swing_k=5 …
[03:26:27]   k=5: 5,431 candidates  (fvg=91% ob=93% h4up=53%)  [5.7s]
[03:26:27] GRID SIZE: 27,648 configs across 10 levers
[03:26:27] Levers: swing_k=4, ote_fib=4, sweep_lb=3, min_conf=3, require_fvg=2, sl_buf_atr=4, tp_mode=3, session=2, h4_trend=2, wait_bars=2
[03:26:27] Running grid … (progress every 500 configs; best-PF tracked live)
[03:26:27]   ** NEW BEST PF=0.861 n=5178 /yr=772 MAR=-0.12 pos=3/8 :: k2 fib0.5 lb3 conf3 fvg0 sl0.05 bsl all h4t0 w48
[03:26:27]   >> NEW INTRADAY-FREQ BEST PF=0.861 /yr=772 MAR=-0.12 pos=3/8 :: k2 fib0.5 lb3 conf3 fvg0 sl0.05 bsl all h4t0 w48
[03:26:27]   ** NEW BEST PF=0.893 n=6411 /yr=955 MAR=-0.11 pos=3/8 :: k2 fib0.5 lb3 conf3 fvg0 sl0.05 bsl all h4t0 w96
[03:26:27]   >> NEW INTRADAY-FREQ BEST PF=0.893 /yr=955 MAR=-0.11 pos=3/8 :: k2 fib0.5 lb3 conf3 fvg0 sl0.05 bsl all h4t0 w96
[03:26:27]   ** NEW BEST PF=0.914 n=2803 /yr=418 MAR=-0.09 pos=3/8 :: k2 fib0.5 lb3 conf3 fvg0 sl0.05 bsl all h4t1 w48
[03:26:27]   >> NEW INTRADAY-FREQ BEST PF=0.914 /yr=418 MAR=-0.09 pos=3/8 :: k2 fib0.5 lb3 conf3 fvg0 sl0.05 bsl all h4t1 w48
[03:26:27]   ** NEW BEST PF=0.952 n=3502 /yr=522 MAR=-0.07 pos=3/8 :: k2 fib0.5 lb3 conf3 fvg0 sl0.05 bsl all h4t1 w96
[03:26:27]   >> NEW INTRADAY-FREQ BEST PF=0.952 /yr=522 MAR=-0.07 pos=3/8 :: k2 fib0.5 lb3 conf3 fvg0 sl0.05 bsl all h4t1 w96
[03:26:27]   ** NEW BEST PF=0.965 n=1579 /yr=235 MAR=-0.05 pos=4/8 :: k2 fib0.5 lb3 conf3 fvg0 sl0.05 bsl kz h4t1 w48
[03:26:27]   >> NEW INTRADAY-FREQ BEST PF=0.965 /yr=235 MAR=-0.05 pos=4/8 :: k2 fib0.5 lb3 conf3 fvg0 sl0.05 bsl kz h4t1 w48
[03:26:27]   ** NEW BEST PF=1.004 n=1930 /yr=288 MAR=0.01 pos=5/8 :: k2 fib0.5 lb3 conf3 fvg0 sl0.05 bsl kz h4t1 w96
[03:26:27]   >> NEW INTRADAY-FREQ BEST PF=1.004 /yr=288 MAR=0.01 pos=5/8 :: k2 fib0.5 lb3 conf3 fvg0 sl0.05 bsl kz h4t1 w96
[03:26:27]   ** NEW BEST PF=1.056 n=5178 /yr=772 MAR=0.16 pos=4/8 :: k2 fib0.5 lb3 conf3 fvg0 sl0.05 2R all h4t0 w48
[03:26:27]   >> NEW INTRADAY-FREQ BEST PF=1.056 /yr=772 MAR=0.16 pos=4/8 :: k2 fib0.5 lb3 conf3 fvg0 sl0.05 2R all h4t0 w48
[03:26:27]   ** NEW BEST PF=1.086 n=6411 /yr=955 MAR=0.27 pos=4/8 :: k2 fib0.5 lb3 conf3 fvg0 sl0.05 2R all h4t0 w96
[03:26:27]   >> NEW INTRADAY-FREQ BEST PF=1.086 /yr=955 MAR=0.27 pos=4/8 :: k2 fib0.5 lb3 conf3 fvg0 sl0.05 2R all h4t0 w96
[03:26:27]   ** NEW BEST PF=1.121 n=3502 /yr=522 MAR=0.50 pos=6/8 :: k2 fib0.5 lb3 conf3 fvg0 sl0.05 2R all h4t1 w96
[03:26:27]   >> NEW INTRADAY-FREQ BEST PF=1.121 /yr=522 MAR=0.50 pos=6/8 :: k2 fib0.5 lb3 conf3 fvg0 sl0.05 2R all h4t1 w96
[03:26:27]   ** NEW BEST PF=1.143 n=3486 /yr=520 MAR=0.45 pos=6/8 :: k2 fib0.5 lb3 conf3 fvg0 sl0.05 2R kz h4t0 w96
[03:26:27]   >> NEW INTRADAY-FREQ BEST PF=1.143 /yr=520 MAR=0.45 pos=6/8 :: k2 fib0.5 lb3 conf3 fvg0 sl0.05 2R kz h4t0 w96
[03:26:27]   ** NEW BEST PF=1.157 n=1579 /yr=235 MAR=0.35 pos=4/8 :: k2 fib0.5 lb3 conf3 fvg0 sl0.05 2R kz h4t1 w48
[03:26:27]   >> NEW INTRADAY-FREQ BEST PF=1.157 /yr=235 MAR=0.35 pos=4/8 :: k2 fib0.5 lb3 conf3 fvg0 sl0.05 2R kz h4t1 w48
[03:26:27]   ** NEW BEST PF=1.175 n=1930 /yr=288 MAR=0.48 pos=6/8 :: k2 fib0.5 lb3 conf3 fvg0 sl0.05 2R kz h4t1 w96
[03:26:27]   >> NEW INTRADAY-FREQ BEST PF=1.175 /yr=288 MAR=0.48 pos=6/8 :: k2 fib0.5 lb3 conf3 fvg0 sl0.05 2R kz h4t1 w96
[03:26:27]   ** NEW BEST PF=1.179 n=5178 /yr=772 MAR=0.92 pos=6/8 :: k2 fib0.5 lb3 conf3 fvg0 sl0.05 3R all h4t0 w48
[03:26:27]   >> NEW INTRADAY-FREQ BEST PF=1.179 /yr=772 MAR=0.92 pos=6/8 :: k2 fib0.5 lb3 conf3 fvg0 sl0.05 3R all h4t0 w48
[03:26:27]   ** NEW BEST PF=1.205 n=6411 /yr=955 MAR=1.16 pos=6/8 :: k2 fib0.5 lb3 conf3 fvg0 sl0.05 3R all h4t0 w96
[03:26:27]   >> NEW INTRADAY-FREQ BEST PF=1.205 /yr=955 MAR=1.16 pos=6/8 :: k2 fib0.5 lb3 conf3 fvg0 sl0.05 3R all h4t0 w96
[03:26:28]   ** NEW BEST PF=1.230 n=3502 /yr=522 MAR=0.80 pos=6/8 :: k2 fib0.5 lb3 conf3 fvg0 sl0.05 3R all h4t1 w96
[03:26:28]   >> NEW INTRADAY-FREQ BEST PF=1.230 /yr=522 MAR=0.80 pos=6/8 :: k2 fib0.5 lb3 conf3 fvg0 sl0.05 3R all h4t1 w96
[03:26:28]   ** NEW BEST PF=1.258 n=2855 /yr=426 MAR=0.68 pos=6/8 :: k2 fib0.5 lb3 conf3 fvg0 sl0.05 3R kz h4t0 w48
[03:26:28]   >> NEW INTRADAY-FREQ BEST PF=1.258 /yr=426 MAR=0.68 pos=6/8 :: k2 fib0.5 lb3 conf3 fvg0 sl0.05 3R kz h4t0 w48
[03:26:28]   ** NEW BEST PF=1.279 n=3486 /yr=520 MAR=1.01 pos=6/8 :: k2 fib0.5 lb3 conf3 fvg0 sl0.05 3R kz h4t0 w96
[03:26:28]   >> NEW INTRADAY-FREQ BEST PF=1.279 /yr=520 MAR=1.01 pos=6/8 :: k2 fib0.5 lb3 conf3 fvg0 sl0.05 3R kz h4t0 w96
[03:26:28]   ** NEW BEST PF=1.284 n=1579 /yr=235 MAR=0.45 pos=6/8 :: k2 fib0.5 lb3 conf3 fvg0 sl0.05 3R kz h4t1 w48
[03:26:28]   >> NEW INTRADAY-FREQ BEST PF=1.284 /yr=235 MAR=0.45 pos=6/8 :: k2 fib0.5 lb3 conf3 fvg0 sl0.05 3R kz h4t1 w48
[03:26:28]   ** NEW BEST PF=1.299 n=1930 /yr=288 MAR=0.62 pos=6/8 :: k2 fib0.5 lb3 conf3 fvg0 sl0.05 3R kz h4t1 w96
[03:26:28]   >> NEW INTRADAY-FREQ BEST PF=1.299 /yr=288 MAR=0.62 pos=6/8 :: k2 fib0.5 lb3 conf3 fvg0 sl0.05 3R kz h4t1 w96
[03:26:32]   ** NEW BEST PF=1.303 n=2768 /yr=413 MAR=0.83 pos=7/8 :: k2 fib0.5 lb3 conf3 fvg1 sl0.05 3R kz h4t0 w96
[03:26:32]   >> NEW INTRADAY-FREQ BEST PF=1.303 /yr=413 MAR=0.83 pos=7/8 :: k2 fib0.5 lb3 conf3 fvg1 sl0.05 3R kz h4t0 w96
[03:26:32]   ** NEW BEST PF=1.314 n=1573 /yr=235 MAR=0.66 pos=6/8 :: k2 fib0.5 lb3 conf3 fvg1 sl0.05 3R kz h4t1 w96
[03:26:32]   >> NEW INTRADAY-FREQ BEST PF=1.314 /yr=235 MAR=0.66 pos=6/8 :: k2 fib0.5 lb3 conf3 fvg1 sl0.05 3R kz h4t1 w96
[03:26:47]   500/27,648 (2%) | 20s el, ETA 1090s | kept=500 thin=0 | best PF=1.314
[03:26:51]   ** NEW BEST PF=1.319 n=2203 /yr=329 MAR=0.65 pos=6/8 :: k2 fib0.5 lb6 conf3 fvg0 sl0.05 3R kz h4t1 w96
[03:26:51]   >> NEW INTRADAY-FREQ BEST PF=1.319 /yr=329 MAR=0.65 pos=6/8 :: k2 fib0.5 lb6 conf3 fvg0 sl0.05 3R kz h4t1 w96
[03:26:55]   ** NEW BEST PF=1.320 n=1757 /yr=262 MAR=0.59 pos=6/8 :: k2 fib0.5 lb6 conf3 fvg1 sl0.05 3R kz h4t1 w96
[03:26:55]   >> NEW INTRADAY-FREQ BEST PF=1.320 /yr=262 MAR=0.59 pos=6/8 :: k2 fib0.5 lb6 conf3 fvg1 sl0.05 3R kz h4t1 w96
[03:27:08]   1,000/27,648 (4%) | 42s el, ETA 1115s | kept=1,000 thin=0 | best PF=1.320
[03:27:16]   ** NEW BEST PF=1.329 n=2358 /yr=352 MAR=0.79 pos=6/8 :: k2 fib0.5 lb10 conf3 fvg0 sl0.05 3R kz h4t1 w96
[03:27:16]   >> NEW INTRADAY-FREQ BEST PF=1.329 /yr=352 MAR=0.79 pos=6/8 :: k2 fib0.5 lb10 conf3 fvg0 sl0.05 3R kz h4t1 w96
[03:27:25]   ** NEW BEST PF=1.331 n=2196 /yr=327 MAR=0.76 pos=6/8 :: k2 fib0.5 lb10 conf4 fvg0 sl0.05 3R kz h4t1 w96
[03:27:25]   >> NEW INTRADAY-FREQ BEST PF=1.331 /yr=327 MAR=0.76 pos=6/8 :: k2 fib0.5 lb10 conf4 fvg0 sl0.05 3R kz h4t1 w96
[03:27:31]   1,500/27,648 (5%) | 65s el, ETA 1126s | kept=1,500 thin=0 | best PF=1.331
[03:27:46]   ** NEW BEST PF=1.338 n=1105 /yr=165 MAR=0.72 pos=6/8 :: k2 fib0.618 lb3 conf3 fvg1 sl0.05 3R kz h4t1 w48
[03:27:46]   ** NEW BEST PF=1.341 n=1424 /yr=212 MAR=1.01 pos=6/8 :: k2 fib0.618 lb3 conf3 fvg1 sl0.05 3R kz h4t1 w96
[03:27:46]   >> NEW INTRADAY-FREQ BEST PF=1.341 /yr=212 MAR=1.01 pos=6/8 :: k2 fib0.618 lb3 conf3 fvg1 sl0.05 3R kz h4t1 w96
[03:27:47]   ** NEW BEST PF=1.347 n=1123 /yr=168 MAR=0.70 pos=5/8 :: k2 fib0.618 lb3 conf3 fvg1 sl0.25 3R kz h4t1 w48
[03:27:47]   ** NEW BEST PF=1.348 n=1446 /yr=216 MAR=1.26 pos=6/8 :: k2 fib0.618 lb3 conf3 fvg1 sl0.25 3R kz h4t1 w96
[03:27:47]   >> NEW INTRADAY-FREQ BEST PF=1.348 /yr=216 MAR=1.26 pos=6/8 :: k2 fib0.618 lb3 conf3 fvg1 sl0.25 3R kz h4t1 w96
[03:27:52]   2,000/27,648 (7%) | 85s el, ETA 1093s | kept=2,000 thin=0 | best PF=1.348
[03:28:04]   ** NEW BEST PF=1.359 n=1597 /yr=238 MAR=0.91 pos=6/8 :: k2 fib0.618 lb6 conf3 fvg0 sl0.05 3R kz h4t1 w48
[03:28:04]   >> NEW INTRADAY-FREQ BEST PF=1.359 /yr=238 MAR=0.91 pos=6/8 :: k2 fib0.618 lb6 conf3 fvg0 sl0.05 3R kz h4t1 w48
[03:28:04]   ** NEW BEST PF=1.359 n=2014 /yr=300 MAR=1.04 pos=6/8 :: k2 fib0.618 lb6 conf3 fvg0 sl0.05 3R kz h4t1 w96
[03:28:04]   >> NEW INTRADAY-FREQ BEST PF=1.359 /yr=300 MAR=1.04 pos=6/8 :: k2 fib0.618 lb6 conf3 fvg0 sl0.05 3R kz h4t1 w96
[03:28:06]   ** NEW BEST PF=1.380 n=1634 /yr=244 MAR=0.87 pos=6/8 :: k2 fib0.618 lb6 conf3 fvg0 sl0.25 3R kz h4t1 w48
[03:28:06]   >> NEW INTRADAY-FREQ BEST PF=1.380 /yr=244 MAR=0.87 pos=6/8 :: k2 fib0.618 lb6 conf3 fvg0 sl0.25 3R kz h4t1 w48
[03:28:12]   2,500/27,648 (9%) | 105s el, ETA 1057s | kept=2,500 thin=0 | best PF=1.380
[03:28:15]   ** NEW BEST PF=1.382 n=1509 /yr=225 MAR=0.86 pos=6/8 :: k2 fib0.618 lb6 conf4 fvg0 sl0.25 3R kz h4t1 w48
[03:28:15]   >> NEW INTRADAY-FREQ BEST PF=1.382 /yr=225 MAR=0.86 pos=6/8 :: k2 fib0.618 lb6 conf4 fvg0 sl0.25 3R kz h4t1 w48
[03:28:33]   3,000/27,648 (11%) | 127s el, ETA 1041s | kept=3,000 thin=0 | best PF=1.382
[03:28:53]   ★★★ FULL GATE PASS :: PF=1.353 /yr=238 MAR=1.63 pos=8/8 :: k2 fib0.705 lb3 conf3 fvg0 sl0.05 bsl kz h4t1 w96
[03:28:54]   ★★★ FULL GATE PASS :: PF=1.375 /yr=238 MAR=2.19 pos=8/8 :: k2 fib0.705 lb3 conf3 fvg0 sl0.05 2R kz h4t1 w96
[03:28:54]   ** NEW BEST PF=1.411 n=1599 /yr=238 MAR=1.86 pos=7/8 :: k2 fib0.705 lb3 conf3 fvg0 sl0.05 3R kz h4t1 w96
[03:28:54]   >> NEW INTRADAY-FREQ BEST PF=1.411 /yr=238 MAR=1.86 pos=7/8 :: k2 fib0.705 lb3 conf3 fvg0 sl0.05 3R kz h4t1 w96
[03:28:54]   ★★★ FULL GATE PASS :: PF=1.411 /yr=238 MAR=1.86 pos=7/8 :: k2 fib0.705 lb3 conf3 fvg0 sl0.05 3R kz h4t1 w96
[03:28:55]   ★★★ FULL GATE PASS :: PF=1.329 /yr=241 MAR=1.63 pos=8/8 :: k2 fib0.705 lb3 conf3 fvg0 sl0.1 2R kz h4t1 w96
[03:28:55]   3,500/27,648 (13%) | 148s el, ETA 1022s | kept=3,500 thin=0 | best PF=1.411
[03:28:55]   ★★★ FULL GATE PASS :: PF=1.357 /yr=241 MAR=1.58 pos=7/8 :: k2 fib0.705 lb3 conf3 fvg0 sl0.1 3R kz h4t1 w96
[03:28:58]   ★★★ FULL GATE PASS :: PF=1.322 /yr=335 MAR=1.55 pos=7/8 :: k2 fib0.705 lb3 conf3 fvg1 sl0.05 3R kz h4t0 w96
[03:29:01]   ★★★ FULL GATE PASS :: PF=1.325 /yr=225 MAR=1.67 pos=8/8 :: k2 fib0.705 lb3 conf4 fvg0 sl0.05 bsl kz h4t1 w96
[03:29:01]   ★★★ FULL GATE PASS :: PF=1.351 /yr=225 MAR=1.82 pos=8/8 :: k2 fib0.705 lb3 conf4 fvg0 sl0.05 2R kz h4t1 w96
[03:29:02]   ★★★ FULL GATE PASS :: PF=1.390 /yr=225 MAR=1.89 pos=7/8 :: k2 fib0.705 lb3 conf4 fvg0 sl0.05 3R kz h4t1 w96
[03:29:02]   ★★★ FULL GATE PASS :: PF=1.311 /yr=227 MAR=1.73 pos=8/8 :: k2 fib0.705 lb3 conf4 fvg0 sl0.1 2R kz h4t1 w96
[03:29:05]   ★★★ FULL GATE PASS :: PF=1.322 /yr=335 MAR=1.55 pos=7/8 :: k2 fib0.705 lb3 conf4 fvg1 sl0.05 3R kz h4t0 w96
[03:29:14]   4,000/27,648 (14%) | 167s el, ETA 987s | kept=4,000 thin=0 | best PF=1.411
[03:29:15]   ★★★ FULL GATE PASS :: PF=1.373 /yr=274 MAR=1.95 pos=8/8 :: k2 fib0.705 lb6 conf3 fvg0 sl0.05 bsl kz h4t1 w96
[03:29:15]   ★★★ FULL GATE PASS :: PF=1.330 /yr=211 MAR=1.70 pos=7/8 :: k2 fib0.705 lb6 conf3 fvg0 sl0.05 2R kz h4t1 w48
[03:29:15]   ★★★ FULL GATE PASS :: PF=1.385 /yr=274 MAR=2.44 pos=8/8 :: k2 fib0.705 lb6 conf3 fvg0 sl0.05 2R kz h4t1 w96
[03:29:16]   ★★★ FULL GATE PASS :: PF=1.345 /yr=493 MAR=1.51 pos=7/8 :: k2 fib0.705 lb6 conf3 fvg0 sl0.05 3R kz h4t0 w96
[03:29:16]   ** NEW BEST PF=1.424 n=1418 /yr=211 MAR=1.71 pos=6/8 :: k2 fib0.705 lb6 conf3 fvg0 sl0.05 3R kz h4t1 w48
[03:29:16]   >> NEW INTRADAY-FREQ BEST PF=1.424 /yr=211 MAR=1.71 pos=6/8 :: k2 fib0.705 lb6 conf3 fvg0 sl0.05 3R kz h4t1 w48
[03:29:16]   ** NEW BEST PF=1.446 n=1839 /yr=274 MAR=1.90 pos=7/8 :: k2 fib0.705 lb6 conf3 fvg0 sl0.05 3R kz h4t1 w96
[03:29:16]   >> NEW INTRADAY-FREQ BEST PF=1.446 /yr=274 MAR=1.90 pos=7/8 :: k2 fib0.705 lb6 conf3 fvg0 sl0.05 3R kz h4t1 w96
[03:29:16]   ★★★ FULL GATE PASS :: PF=1.446 /yr=274 MAR=1.90 pos=7/8 :: k2 fib0.705 lb6 conf3 fvg0 sl0.05 3R kz h4t1 w96
[03:29:16]   ★★★ FULL GATE PASS :: PF=1.331 /yr=277 MAR=1.62 pos=7/8 :: k2 fib0.705 lb6 conf3 fvg0 sl0.1 bsl kz h4t1 w96
[03:29:17]   ★★★ FULL GATE PASS :: PF=1.370 /yr=277 MAR=2.01 pos=8/8 :: k2 fib0.705 lb6 conf3 fvg0 sl0.1 2R kz h4t1 w96
[03:29:17]   ★★★ FULL GATE PASS :: PF=1.405 /yr=277 MAR=1.65 pos=7/8 :: k2 fib0.705 lb6 conf3 fvg0 sl0.1 3R kz h4t1 w96
[03:29:20]   ★★★ FULL GATE PASS :: PF=1.364 /yr=217 MAR=1.60 pos=8/8 :: k2 fib0.705 lb6 conf3 fvg1 sl0.05 bsl kz h4t1 w96
[03:29:20]   ★★★ FULL GATE PASS :: PF=1.381 /yr=217 MAR=1.86 pos=8/8 :: k2 fib0.705 lb6 conf3 fvg1 sl0.05 2R kz h4t1 w96
[03:29:20]   ★★★ FULL GATE PASS :: PF=1.326 /yr=381 MAR=1.51 pos=7/8 :: k2 fib0.705 lb6 conf3 fvg1 sl0.05 3R kz h4t0 w96
[03:29:20]   ★★★ FULL GATE PASS :: PF=1.429 /yr=217 MAR=1.69 pos=8/8 :: k2 fib0.705 lb6 conf3 fvg1 sl0.05 3R kz h4t1 w96
[03:29:21]   ★★★ FULL GATE PASS :: PF=1.372 /yr=219 MAR=1.69 pos=8/8 :: k2 fib0.705 lb6 conf3 fvg1 sl0.1 2R kz h4t1 w96
[03:29:24]   ★★★ FULL GATE PASS :: PF=1.359 /yr=256 MAR=1.84 pos=8/8 :: k2 fib0.705 lb6 conf4 fvg0 sl0.05 bsl kz h4t1 w96
[03:29:24]   ★★★ FULL GATE PASS :: PF=1.378 /yr=256 MAR=2.36 pos=8/8 :: k2 fib0.705 lb6 conf4 fvg0 sl0.05 2R kz h4t1 w96
[03:29:24]   ★★★ FULL GATE PASS :: PF=1.435 /yr=256 MAR=1.91 pos=7/8 :: k2 fib0.705 lb6 conf4 fvg0 sl0.05 3R kz h4t1 w96
[03:29:25]   ★★★ FULL GATE PASS :: PF=1.317 /yr=259 MAR=1.59 pos=7/8 :: k2 fib0.705 lb6 conf4 fvg0 sl0.1 bsl kz h4t1 w96
[03:29:25]   ★★★ FULL GATE PASS :: PF=1.362 /yr=259 MAR=1.91 pos=7/8 :: k2 fib0.705 lb6 conf4 fvg0 sl0.1 2R kz h4t1 w96
[03:29:28]   ★★★ FULL GATE PASS :: PF=1.364 /yr=217 MAR=1.60 pos=8/8 :: k2 fib0.705 lb6 conf4 fvg1 sl0.05 bsl kz h4t1 w96
[03:29:28]   ★★★ FULL GATE PASS :: PF=1.381 /yr=217 MAR=1.86 pos=8/8 :: k2 fib0.705 lb6 conf4 fvg1 sl0.05 2R kz h4t1 w96
[03:29:29]   ★★★ FULL GATE PASS :: PF=1.326 /yr=381 MAR=1.51 pos=7/8 :: k2 fib0.705 lb6 conf4 fvg1 sl0.05 3R kz h4t0 w96
[03:29:29]   ★★★ FULL GATE PASS :: PF=1.429 /yr=217 MAR=1.69 pos=8/8 :: k2 fib0.705 lb6 conf4 fvg1 sl0.05 3R kz h4t1 w96
[03:29:29]   ★★★ FULL GATE PASS :: PF=1.372 /yr=219 MAR=1.69 pos=8/8 :: k2 fib0.705 lb6 conf4 fvg1 sl0.1 2R kz h4t1 w96
[03:29:35]   4,500/27,648 (16%) | 188s el, ETA 969s | kept=4,500 thin=0 | best PF=1.446
[03:29:39]   ★★★ FULL GATE PASS :: PF=1.349 /yr=294 MAR=1.61 pos=7/8 :: k2 fib0.705 lb10 conf3 fvg0 sl0.05 bsl kz h4t1 w96
[03:29:40]   ★★★ FULL GATE PASS :: PF=1.351 /yr=294 MAR=1.98 pos=7/8 :: k2 fib0.705 lb10 conf3 fvg0 sl0.05 2R kz h4t1 w96
[03:29:40]   ★★★ FULL GATE PASS :: PF=1.429 /yr=294 MAR=1.93 pos=7/8 :: k2 fib0.705 lb10 conf3 fvg0 sl0.05 3R kz h4t1 w96
[03:29:41]   ★★★ FULL GATE PASS :: PF=1.346 /yr=297 MAR=1.65 pos=7/8 :: k2 fib0.705 lb10 conf3 fvg0 sl0.1 2R kz h4t1 w96
[03:29:41]   ★★★ FULL GATE PASS :: PF=1.393 /yr=297 MAR=1.59 pos=7/8 :: k2 fib0.705 lb10 conf3 fvg0 sl0.1 3R kz h4t1 w96
[03:29:45]   ★★★ FULL GATE PASS :: PF=1.350 /yr=230 MAR=1.93 pos=8/8 :: k2 fib0.705 lb10 conf3 fvg1 sl0.05 2R kz h4t1 w96
[03:29:45]   ★★★ FULL GATE PASS :: PF=1.403 /yr=230 MAR=1.69 pos=7/8 :: k2 fib0.705 lb10 conf3 fvg1 sl0.05 3R kz h4t1 w96
[03:29:46]   ★★★ FULL GATE PASS :: PF=1.348 /yr=232 MAR=1.79 pos=7/8 :: k2 fib0.705 lb10 conf3 fvg1 sl0.1 2R kz h4t1 w96
[03:29:48]   ★★★ FULL GATE PASS :: PF=1.342 /yr=273 MAR=1.59 pos=7/8 :: k2 fib0.705 lb10 conf4 fvg0 sl0.05 bsl kz h4t1 w96
[03:29:49]   ★★★ FULL GATE PASS :: PF=1.352 /yr=273 MAR=1.90 pos=7/8 :: k2 fib0.705 lb10 conf4 fvg0 sl0.05 2R kz h4t1 w96
[03:29:49]   ★★★ FULL GATE PASS :: PF=1.420 /yr=273 MAR=1.86 pos=7/8 :: k2 fib0.705 lb10 conf4 fvg0 sl0.05 3R kz h4t1 w96
[03:29:50]   ★★★ FULL GATE PASS :: PF=1.344 /yr=276 MAR=1.66 pos=7/8 :: k2 fib0.705 lb10 conf4 fvg0 sl0.1 2R kz h4t1 w96
[03:29:53]   ★★★ FULL GATE PASS :: PF=1.350 /yr=230 MAR=1.93 pos=8/8 :: k2 fib0.705 lb10 conf4 fvg1 sl0.05 2R kz h4t1 w96
[03:29:54]   ★★★ FULL GATE PASS :: PF=1.403 /yr=230 MAR=1.69 pos=7/8 :: k2 fib0.705 lb10 conf4 fvg1 sl0.05 3R kz h4t1 w96
[03:29:54]   ★★★ FULL GATE PASS :: PF=1.348 /yr=232 MAR=1.79 pos=7/8 :: k2 fib0.705 lb10 conf4 fvg1 sl0.1 2R kz h4t1 w96
[03:29:57]   ★★★ FULL GATE PASS :: PF=1.311 /yr=207 MAR=1.69 pos=7/8 :: k2 fib0.705 lb10 conf5 fvg0 sl0.05 bsl kz h4t1 w96
[03:29:57]   5,000/27,648 (18%) | 211s el, ETA 954s | kept=5,000 thin=0 | best PF=1.446
[03:29:57]   ★★★ FULL GATE PASS :: PF=1.319 /yr=207 MAR=1.95 pos=8/8 :: k2 fib0.705 lb10 conf5 fvg0 sl0.05 2R kz h4t1 w96
[03:29:58]   ★★★ FULL GATE PASS :: PF=1.360 /yr=207 MAR=1.69 pos=8/8 :: k2 fib0.705 lb10 conf5 fvg0 sl0.05 3R kz h4t1 w96
[03:30:01]   ★★★ FULL GATE PASS :: PF=1.311 /yr=207 MAR=1.69 pos=7/8 :: k2 fib0.705 lb10 conf5 fvg1 sl0.05 bsl kz h4t1 w96
[03:30:01]   ★★★ FULL GATE PASS :: PF=1.319 /yr=207 MAR=1.95 pos=8/8 :: k2 fib0.705 lb10 conf5 fvg1 sl0.05 2R kz h4t1 w96
[03:30:01]   ★★★ FULL GATE PASS :: PF=1.360 /yr=207 MAR=1.69 pos=8/8 :: k2 fib0.705 lb10 conf5 fvg1 sl0.05 3R kz h4t1 w96
[03:30:04]   ★★★ FULL GATE PASS :: PF=1.324 /yr=693 MAR=1.74 pos=7/8 :: k2 fib0.786 lb3 conf3 fvg0 sl0.05 bsl all h4t0 w96
[03:30:05]   ★★★ FULL GATE PASS :: PF=1.426 /yr=385 MAR=2.13 pos=7/8 :: k2 fib0.786 lb3 conf3 fvg0 sl0.05 bsl all h4t1 w96
[03:30:05]   ★★★ FULL GATE PASS :: PF=1.400 /yr=291 MAR=1.57 pos=7/8 :: k2 fib0.786 lb3 conf3 fvg0 sl0.05 bsl kz h4t0 w48
[03:30:05]   ★★★ FULL GATE PASS :: PF=1.433 /yr=385 MAR=1.71 pos=8/8 :: k2 fib0.786 lb3 conf3 fvg0 sl0.05 bsl kz h4t0 w96
[03:30:05]   ** NEW BEST PF=1.580 n=1083 /yr=162 MAR=1.71 pos=6/8 :: k2 fib0.786 lb3 conf3 fvg0 sl0.05 bsl kz h4t1 w48
[03:30:05]   ** NEW BEST PF=1.584 n=1445 /yr=215 MAR=2.61 pos=8/8 :: k2 fib0.786 lb3 conf3 fvg0 sl0.05 bsl kz h4t1 w96
[03:30:05]   >> NEW INTRADAY-FREQ BEST PF=1.584 /yr=215 MAR=2.61 pos=8/8 :: k2 fib0.786 lb3 conf3 fvg0 sl0.05 bsl kz h4t1 w96
[03:30:05]   ★★★ FULL GATE PASS :: PF=1.584 /yr=215 MAR=2.61 pos=8/8 :: k2 fib0.786 lb3 conf3 fvg0 sl0.05 bsl kz h4t1 w96
[03:30:05]   ★★★ FULL GATE PASS :: PF=1.331 /yr=385 MAR=1.57 pos=7/8 :: k2 fib0.786 lb3 conf3 fvg0 sl0.05 2R all h4t1 w96
[03:30:05]   ★★★ FULL GATE PASS :: PF=1.362 /yr=385 MAR=2.34 pos=7/8 :: k2 fib0.786 lb3 conf3 fvg0 sl0.05 2R kz h4t0 w96
[03:30:05]   ★★★ FULL GATE PASS :: PF=1.490 /yr=215 MAR=1.88 pos=8/8 :: k2 fib0.786 lb3 conf3 fvg0 sl0.05 2R kz h4t1 w96
[03:30:05]   ★★★ FULL GATE PASS :: PF=1.312 /yr=693 MAR=1.54 pos=8/8 :: k2 fib0.786 lb3 conf3 fvg0 sl0.05 3R all h4t0 w96
[03:30:05]   ★★★ FULL GATE PASS :: PF=1.403 /yr=279 MAR=1.78 pos=7/8 :: k2 fib0.786 lb3 conf3 fvg0 sl0.05 3R all h4t1 w48
[03:30:05]   ★★★ FULL GATE PASS :: PF=1.437 /yr=385 MAR=2.30 pos=7/8 :: k2 fib0.786 lb3 conf3 fvg0 sl0.05 3R all h4t1 w96
[03:30:05]   ★★★ FULL GATE PASS :: PF=1.365 /yr=291 MAR=1.51 pos=7/8 :: k2 fib0.786 lb3 conf3 fvg0 sl0.05 3R kz h4t0 w48
[03:30:05]   ★★★ FULL GATE PASS :: PF=1.409 /yr=385 MAR=1.57 pos=8/8 :: k2 fib0.786 lb3 conf3 fvg0 sl0.05 3R kz h4t0 w96
[03:30:05]   ★★★ FULL GATE PASS :: PF=1.579 /yr=215 MAR=3.03 pos=8/8 :: k2 fib0.786 lb3 conf3 fvg0 sl0.05 3R kz h4t1 w96
[03:30:06]   ★★★ FULL GATE PASS :: PF=1.351 /yr=390 MAR=1.70 pos=7/8 :: k2 fib0.786 lb3 conf3 fvg0 sl0.1 bsl all h4t1 w96
[03:30:06]   ★★★ FULL GATE PASS :: PF=1.354 /yr=391 MAR=1.51 pos=8/8 :: k2 fib0.786 lb3 conf3 fvg0 sl0.1 bsl kz h4t0 w96
[03:30:06]   ★★★ FULL GATE PASS :: PF=1.497 /yr=219 MAR=2.30 pos=7/8 :: k2 fib0.786 lb3 conf3 fvg0 sl0.1 bsl kz h4t1 w96
[03:30:06]   ★★★ FULL GATE PASS :: PF=1.438 /yr=219 MAR=1.88 pos=8/8 :: k2 fib0.786 lb3 conf3 fvg0 sl0.1 2R kz h4t1 w96
[03:30:06]   ★★★ FULL GATE PASS :: PF=1.356 /yr=390 MAR=1.93 pos=7/8 :: k2 fib0.786 lb3 conf3 fvg0 sl0.1 3R all h4t1 w96
[03:30:06]   ★★★ FULL GATE PASS :: PF=1.498 /yr=219 MAR=2.36 pos=7/8 :: k2 fib0.786 lb3 conf3 fvg0 sl0.1 3R kz h4t1 w96
[03:30:07]   ★★★ FULL GATE PASS :: PF=1.352 /yr=227 MAR=1.57 pos=7/8 :: k2 fib0.786 lb3 conf3 fvg0 sl0.25 2R kz h4t1 w96
[03:30:07]   ★★★ FULL GATE PASS :: PF=1.395 /yr=227 MAR=1.97 pos=7/8 :: k2 fib0.786 lb3 conf3 fvg0 sl0.25 3R kz h4t1 w96
[03:30:09]   ★★★ FULL GATE PASS :: PF=1.457 /yr=304 MAR=2.12 pos=7/8 :: k2 fib0.786 lb3 conf3 fvg1 sl0.05 bsl all h4t1 w96
[03:30:09]   ★★★ FULL GATE PASS :: PF=1.443 /yr=225 MAR=1.78 pos=7/8 :: k2 fib0.786 lb3 conf3 fvg1 sl0.05 bsl kz h4t0 w48
[03:30:09]   ★★★ FULL GATE PASS :: PF=1.444 /yr=302 MAR=2.06 pos=8/8 :: k2 fib0.786 lb3 conf3 fvg1 sl0.05 bsl kz h4t0 w96
[03:30:09]   ** NEW BEST PF=1.627 n=855 /yr=129 MAR=1.69 pos=7/8 :: k2 fib0.786 lb3 conf3 fvg1 sl0.05 bsl kz h4t1 w48
[03:30:09]   ★★★ FULL GATE PASS :: PF=1.384 /yr=304 MAR=2.25 pos=7/8 :: k2 fib0.786 lb3 conf3 fvg1 sl0.05 2R all h4t1 w96
[03:30:09]   ★★★ FULL GATE PASS :: PF=1.397 /yr=302 MAR=2.01 pos=8/8 :: k2 fib0.786 lb3 conf3 fvg1 sl0.05 2R kz h4t0 w96
[03:30:09]   ★★★ FULL GATE PASS :: PF=1.474 /yr=304 MAR=2.26 pos=7/8 :: k2 fib0.786 lb3 conf3 fvg1 sl0.05 3R all h4t1 w96
[03:30:09]   ★★★ FULL GATE PASS :: PF=1.411 /yr=225 MAR=1.91 pos=7/8 :: k2 fib0.786 lb3 conf3 fvg1 sl0.05 3R kz h4t0 w48
[03:30:09]   ★★★ FULL GATE PASS :: PF=1.417 /yr=302 MAR=1.71 pos=8/8 :: k2 fib0.786 lb3 conf3 fvg1 sl0.05 3R kz h4t0 w96
[03:30:10]   ★★★ FULL GATE PASS :: PF=1.383 /yr=308 MAR=1.79 pos=7/8 :: k2 fib0.786 lb3 conf3 fvg1 sl0.1 bsl all h4t1 w96
[03:30:10]   ★★★ FULL GATE PASS :: PF=1.375 /yr=228 MAR=1.66 pos=7/8 :: k2 fib0.786 lb3 conf3 fvg1 sl0.1 bsl kz h4t0 w48
[03:30:10]   ★★★ FULL GATE PASS :: PF=1.377 /yr=307 MAR=1.71 pos=7/8 :: k2 fib0.786 lb3 conf3 fvg1 sl0.1 bsl kz h4t0 w96
[03:30:10]   ★★★ FULL GATE PASS :: PF=1.314 /yr=308 MAR=1.50 pos=7/8 :: k2 fib0.786 lb3 conf3 fvg1 sl0.1 2R all h4t1 w96
[03:30:10]   ★★★ FULL GATE PASS :: PF=1.377 /yr=308 MAR=1.83 pos=7/8 :: k2 fib0.786 lb3 conf3 fvg1 sl0.1 3R all h4t1 w96
[03:30:10]   ★★★ FULL GATE PASS :: PF=1.366 /yr=228 MAR=1.64 pos=7/8 :: k2 fib0.786 lb3 conf3 fvg1 sl0.1 3R kz h4t0 w48
[03:30:10]   ★★★ FULL GATE PASS :: PF=1.374 /yr=307 MAR=1.65 pos=7/8 :: k2 fib0.786 lb3 conf3 fvg1 sl0.1 3R kz h4t0 w96
[03:30:12]   ★★★ FULL GATE PASS :: PF=1.322 /yr=650 MAR=1.89 pos=7/8 :: k2 fib0.786 lb3 conf4 fvg0 sl0.05 bsl all h4t0 w96
[03:30:12]   ★★★ FULL GATE PASS :: PF=1.423 /yr=360 MAR=2.16 pos=7/8 :: k2 fib0.786 lb3 conf4 fvg0 sl0.05 bsl all h4t1 w96
[03:30:12]   ★★★ FULL GATE PASS :: PF=1.418 /yr=360 MAR=1.64 pos=8/8 :: k2 fib0.786 lb3 conf4 fvg0 sl0.05 bsl kz h4t0 w96
[03:30:12]   ★★★ FULL GATE PASS :: PF=1.544 /yr=203 MAR=2.18 pos=7/8 :: k2 fib0.786 lb3 conf4 fvg0 sl0.05 bsl kz h4t1 w96
[03:30:13]   ★★★ FULL GATE PASS :: PF=1.343 /yr=360 MAR=2.01 pos=7/8 :: k2 fib0.786 lb3 conf4 fvg0 sl0.05 2R all h4t1 w96
[03:30:13]   ★★★ FULL GATE PASS :: PF=1.352 /yr=360 MAR=2.04 pos=7/8 :: k2 fib0.786 lb3 conf4 fvg0 sl0.05 2R kz h4t0 w96
[03:30:13]   ★★★ FULL GATE PASS :: PF=1.470 /yr=203 MAR=2.30 pos=7/8 :: k2 fib0.786 lb3 conf4 fvg0 sl0.05 2R kz h4t1 w96
[03:30:13]   ★★★ FULL GATE PASS :: PF=1.313 /yr=650 MAR=1.57 pos=7/8 :: k2 fib0.786 lb3 conf4 fvg0 sl0.05 3R all h4t0 w96
[03:30:13]   ★★★ FULL GATE PASS :: PF=1.412 /yr=258 MAR=1.75 pos=7/8 :: k2 fib0.786 lb3 conf4 fvg0 sl0.05 3R all h4t1 w48
[03:30:13]   ★★★ FULL GATE PASS :: PF=1.438 /yr=360 MAR=2.48 pos=7/8 :: k2 fib0.786 lb3 conf4 fvg0 sl0.05 3R all h4t1 w96
[03:30:13]   ★★★ FULL GATE PASS :: PF=1.546 /yr=203 MAR=2.16 pos=8/8 :: k2 fib0.786 lb3 conf4 fvg0 sl0.05 3R kz h4t1 w96
[03:30:13]   ★★★ FULL GATE PASS :: PF=1.349 /yr=366 MAR=1.79 pos=7/8 :: k2 fib0.786 lb3 conf4 fvg0 sl0.1 bsl all h4t1 w96
[03:30:13]   ★★★ FULL GATE PASS :: PF=1.463 /yr=206 MAR=1.95 pos=7/8 :: k2 fib0.786 lb3 conf4 fvg0 sl0.1 bsl kz h4t1 w96
[03:30:14]   ★★★ FULL GATE PASS :: PF=1.425 /yr=206 MAR=2.32 pos=7/8 :: k2 fib0.786 lb3 conf4 fvg0 sl0.1 2R kz h4t1 w96
[03:30:14]   ★★★ FULL GATE PASS :: PF=1.354 /yr=366 MAR=2.04 pos=7/8 :: k2 fib0.786 lb3 conf4 fvg0 sl0.1 3R all h4t1 w96
[03:30:14]   ★★★ FULL GATE PASS :: PF=1.464 /yr=206 MAR=2.00 pos=7/8 :: k2 fib0.786 lb3 conf4 fvg0 sl0.1 3R kz h4t1 w96
[03:30:15]   ★★★ FULL GATE PASS :: PF=1.377 /yr=213 MAR=1.91 pos=7/8 :: k2 fib0.786 lb3 conf4 fvg0 sl0.25 3R kz h4t1 w96
[03:30:16]   ★★★ FULL GATE PASS :: PF=1.457 /yr=304 MAR=2.12 pos=7/8 :: k2 fib0.786 lb3 conf4 fvg1 sl0.05 bsl all h4t1 w96
[03:30:16]   ★★★ FULL GATE PASS :: PF=1.443 /yr=225 MAR=1.78 pos=7/8 :: k2 fib0.786 lb3 conf4 fvg1 sl0.05 bsl kz h4t0 w48
[03:30:16]   ★★★ FULL GATE PASS :: PF=1.444 /yr=302 MAR=2.06 pos=8/8 :: k2 fib0.786 lb3 conf4 fvg1 sl0.05 bsl kz h4t0 w96
[03:30:17]   ★★★ FULL GATE PASS :: PF=1.384 /yr=304 MAR=2.25 pos=7/8 :: k2 fib0.786 lb3 conf4 fvg1 sl0.05 2R all h4t1 w96
[03:30:17]   ★★★ FULL GATE PASS :: PF=1.397 /yr=302 MAR=2.01 pos=8/8 :: k2 fib0.786 lb3 conf4 fvg1 sl0.05 2R kz h4t0 w96
[03:30:17]   ★★★ FULL GATE PASS :: PF=1.474 /yr=304 MAR=2.26 pos=7/8 :: k2 fib0.786 lb3 conf4 fvg1 sl0.05 3R all h4t1 w96
[03:30:17]   ★★★ FULL GATE PASS :: PF=1.411 /yr=225 MAR=1.91 pos=7/8 :: k2 fib0.786 lb3 conf4 fvg1 sl0.05 3R kz h4t0 w48
[03:30:17]   ★★★ FULL GATE PASS :: PF=1.417 /yr=302 MAR=1.71 pos=8/8 :: k2 fib0.786 lb3 conf4 fvg1 sl0.05 3R kz h4t0 w96
[03:30:17]   ★★★ FULL GATE PASS :: PF=1.383 /yr=308 MAR=1.79 pos=7/8 :: k2 fib0.786 lb3 conf4 fvg1 sl0.1 bsl all h4t1 w96
[03:30:17]   5,500/27,648 (20%) | 230s el, ETA 928s | kept=5,500 thin=0 | best PF=1.627
[03:30:17]   ★★★ FULL GATE PASS :: PF=1.375 /yr=228 MAR=1.66 pos=7/8 :: k2 fib0.786 lb3 conf4 fvg1 sl0.1 bsl kz h4t0 w48
[03:30:17]   ★★★ FULL GATE PASS :: PF=1.377 /yr=307 MAR=1.71 pos=7/8 :: k2 fib0.786 lb3 conf4 fvg1 sl0.1 bsl kz h4t0 w96
[03:30:17]   ★★★ FULL GATE PASS :: PF=1.314 /yr=308 MAR=1.50 pos=7/8 :: k2 fib0.786 lb3 conf4 fvg1 sl0.1 2R all h4t1 w96
[03:30:18]   ★★★ FULL GATE PASS :: PF=1.377 /yr=308 MAR=1.83 pos=7/8 :: k2 fib0.786 lb3 conf4 fvg1 sl0.1 3R all h4t1 w96
[03:30:18]   ★★★ FULL GATE PASS :: PF=1.366 /yr=228 MAR=1.64 pos=7/8 :: k2 fib0.786 lb3 conf4 fvg1 sl0.1 3R kz h4t0 w48
[03:30:18]   ★★★ FULL GATE PASS :: PF=1.374 /yr=307 MAR=1.65 pos=7/8 :: k2 fib0.786 lb3 conf4 fvg1 sl0.1 3R kz h4t0 w96
[03:30:20]   ★★★ FULL GATE PASS :: PF=1.316 /yr=487 MAR=1.91 pos=7/8 :: k2 fib0.786 lb3 conf5 fvg0 sl0.05 bsl all h4t0 w96
[03:30:20]   ★★★ FULL GATE PASS :: PF=1.426 /yr=274 MAR=1.86 pos=7/8 :: k2 fib0.786 lb3 conf5 fvg0 sl0.05 bsl all h4t1 w96
[03:30:20]   ★★★ FULL GATE PASS :: PF=1.416 /yr=203 MAR=1.67 pos=7/8 :: k2 fib0.786 lb3 conf5 fvg0 sl0.05 bsl kz h4t0 w48
[03:30:20]   ★★★ FULL GATE PASS :: PF=1.414 /yr=274 MAR=1.63 pos=7/8 :: k2 fib0.786 lb3 conf5 fvg0 sl0.05 bsl kz h4t0 w96
[03:30:20]   ★★★ FULL GATE PASS :: PF=1.364 /yr=274 MAR=2.15 pos=7/8 :: k2 fib0.786 lb3 conf5 fvg0 sl0.05 2R all h4t1 w96
[03:30:20]   ★★★ FULL GATE PASS :: PF=1.386 /yr=274 MAR=1.72 pos=7/8 :: k2 fib0.786 lb3 conf5 fvg0 sl0.05 2R kz h4t0 w96
[03:30:20]   ★★★ FULL GATE PASS :: PF=1.437 /yr=274 MAR=2.11 pos=7/8 :: k2 fib0.786 lb3 conf5 fvg0 sl0.05 3R all h4t1 w96
[03:30:20]   ★★★ FULL GATE PASS :: PF=1.386 /yr=203 MAR=1.84 pos=7/8 :: k2 fib0.786 lb3 conf5 fvg0 sl0.05 3R kz h4t0 w48
[03:30:21]   ★★★ FULL GATE PASS :: PF=1.357 /yr=278 MAR=1.69 pos=7/8 :: k2 fib0.786 lb3 conf5 fvg0 sl0.1 bsl all h4t1 w96
[03:30:21]   ★★★ FULL GATE PASS :: PF=1.354 /yr=206 MAR=1.64 pos=7/8 :: k2 fib0.786 lb3 conf5 fvg0 sl0.1 bsl kz h4t0 w48
[03:30:21]   ★★★ FULL GATE PASS :: PF=1.344 /yr=206 MAR=1.61 pos=7/8 :: k2 fib0.786 lb3 conf5 fvg0 sl0.1 3R kz h4t0 w48
[03:30:23]   ★★★ FULL GATE PASS :: PF=1.316 /yr=487 MAR=1.91 pos=7/8 :: k2 fib0.786 lb3 conf5 fvg1 sl0.05 bsl all h4t0 w96
[03:30:23]   ★★★ FULL GATE PASS :: PF=1.426 /yr=274 MAR=1.86 pos=7/8 :: k2 fib0.786 lb3 conf5 fvg1 sl0.05 bsl all h4t1 w96
[03:30:23]   ★★★ FULL GATE PASS :: PF=1.416 /yr=203 MAR=1.67 pos=7/8 :: k2 fib0.786 lb3 conf5 fvg1 sl0.05 bsl kz h4t0 w48
[03:30:23]   ★★★ FULL GATE PASS :: PF=1.414 /yr=274 MAR=1.63 pos=7/8 :: k2 fib0.786 lb3 conf5 fvg1 sl0.05 bsl kz h4t0 w96
[03:30:23]   ★★★ FULL GATE PASS :: PF=1.364 /yr=274 MAR=2.15 pos=7/8 :: k2 fib0.786 lb3 conf5 fvg1 sl0.05 2R all h4t1 w96
[03:30:23]   ★★★ FULL GATE PASS :: PF=1.386 /yr=274 MAR=1.72 pos=7/8 :: k2 fib0.786 lb3 conf5 fvg1 sl0.05 2R kz h4t0 w96
[03:30:24]   ★★★ FULL GATE PASS :: PF=1.437 /yr=274 MAR=2.11 pos=7/8 :: k2 fib0.786 lb3 conf5 fvg1 sl0.05 3R all h4t1 w96
[03:30:24]   ★★★ FULL GATE PASS :: PF=1.386 /yr=203 MAR=1.84 pos=7/8 :: k2 fib0.786 lb3 conf5 fvg1 sl0.05 3R kz h4t0 w48
[03:30:24]   ★★★ FULL GATE PASS :: PF=1.357 /yr=278 MAR=1.69 pos=7/8 :: k2 fib0.786 lb3 conf5 fvg1 sl0.1 bsl all h4t1 w96
[03:30:24]   ★★★ FULL GATE PASS :: PF=1.354 /yr=206 MAR=1.64 pos=7/8 :: k2 fib0.786 lb3 conf5 fvg1 sl0.1 bsl kz h4t0 w48
[03:30:24]   ★★★ FULL GATE PASS :: PF=1.344 /yr=206 MAR=1.61 pos=7/8 :: k2 fib0.786 lb3 conf5 fvg1 sl0.1 3R kz h4t0 w48
[03:30:26]   ★★★ FULL GATE PASS :: PF=1.319 /yr=815 MAR=1.83 pos=7/8 :: k2 fib0.786 lb6 conf3 fvg0 sl0.05 bsl all h4t0 w96
[03:30:26]   ★★★ FULL GATE PASS :: PF=1.432 /yr=443 MAR=2.19 pos=7/8 :: k2 fib0.786 lb6 conf3 fvg0 sl0.05 bsl all h4t1 w96
[03:30:26]   ★★★ FULL GATE PASS :: PF=1.427 /yr=339 MAR=1.72 pos=7/8 :: k2 fib0.786 lb6 conf3 fvg0 sl0.05 bsl kz h4t0 w48
[03:30:26]   ★★★ FULL GATE PASS :: PF=1.452 /yr=445 MAR=1.78 pos=8/8 :: k2 fib0.786 lb6 conf3 fvg0 sl0.05 bsl kz h4t0 w96
[03:30:26]   ** NEW BEST PF=1.648 n=1252 /yr=187 MAR=2.10 pos=7/8 :: k2 fib0.786 lb6 conf3 fvg0 sl0.05 bsl kz h4t1 w48
[03:30:26]   >> NEW INTRADAY-FREQ BEST PF=1.630 /yr=247 MAR=3.06 pos=8/8 :: k2 fib0.786 lb6 conf3 fvg0 sl0.05 bsl kz h4t1 w96
[03:30:26]   ★★★ FULL GATE PASS :: PF=1.630 /yr=247 MAR=3.06 pos=8/8 :: k2 fib0.786 lb6 conf3 fvg0 sl0.05 bsl kz h4t1 w96
[03:30:27]   ★★★ FULL GATE PASS :: PF=1.323 /yr=443 MAR=1.71 pos=7/8 :: k2 fib0.786 lb6 conf3 fvg0 sl0.05 2R all h4t1 w96
[03:30:27]   ★★★ FULL GATE PASS :: PF=1.345 /yr=445 MAR=1.97 pos=7/8 :: k2 fib0.786 lb6 conf3 fvg0 sl0.05 2R kz h4t0 w96
[03:30:27]   ★★★ FULL GATE PASS :: PF=1.486 /yr=247 MAR=2.73 pos=8/8 :: k2 fib0.786 lb6 conf3 fvg0 sl0.05 2R kz h4t1 w96
[03:30:27]   ★★★ FULL GATE PASS :: PF=1.311 /yr=815 MAR=1.67 pos=7/8 :: k2 fib0.786 lb6 conf3 fvg0 sl0.05 3R all h4t0 w96
[03:30:27]   ★★★ FULL GATE PASS :: PF=1.423 /yr=325 MAR=1.96 pos=8/8 :: k2 fib0.786 lb6 conf3 fvg0 sl0.05 3R all h4t1 w48
[03:30:27]   ★★★ FULL GATE PASS :: PF=1.443 /yr=443 MAR=2.72 pos=7/8 :: k2 fib0.786 lb6 conf3 fvg0 sl0.05 3R all h4t1 w96
[03:30:27]   ★★★ FULL GATE PASS :: PF=1.388 /yr=339 MAR=1.61 pos=7/8 :: k2 fib0.786 lb6 conf3 fvg0 sl0.05 3R kz h4t0 w48
[03:30:27]   ★★★ FULL GATE PASS :: PF=1.423 /yr=445 MAR=1.58 pos=8/8 :: k2 fib0.786 lb6 conf3 fvg0 sl0.05 3R kz h4t0 w96
[03:30:27]   ★★★ FULL GATE PASS :: PF=1.614 /yr=247 MAR=3.64 pos=8/8 :: k2 fib0.786 lb6 conf3 fvg0 sl0.05 3R kz h4t1 w96
[03:30:28]   ★★★ FULL GATE PASS :: PF=1.369 /yr=450 MAR=2.11 pos=7/8 :: k2 fib0.786 lb6 conf3 fvg0 sl0.1 bsl all h4t1 w96
[03:30:28]   ★★★ FULL GATE PASS :: PF=1.376 /yr=453 MAR=1.53 pos=7/8 :: k2 fib0.786 lb6 conf3 fvg0 sl0.1 bsl kz h4t0 w96
[03:30:28]   ★★★ FULL GATE PASS :: PF=1.557 /yr=251 MAR=2.87 pos=8/8 :: k2 fib0.786 lb6 conf3 fvg0 sl0.1 bsl kz h4t1 w96
[03:30:28]   ★★★ FULL GATE PASS :: PF=1.458 /yr=251 MAR=2.88 pos=8/8 :: k2 fib0.786 lb6 conf3 fvg0 sl0.1 2R kz h4t1 w96
[03:30:28]   ★★★ FULL GATE PASS :: PF=1.387 /yr=450 MAR=2.36 pos=7/8 :: k2 fib0.786 lb6 conf3 fvg0 sl0.1 3R all h4t1 w96
[03:30:28]   ★★★ FULL GATE PASS :: PF=1.379 /yr=453 MAR=1.55 pos=8/8 :: k2 fib0.786 lb6 conf3 fvg0 sl0.1 3R kz h4t0 w96
[03:30:28]   ★★★ FULL GATE PASS :: PF=1.570 /yr=251 MAR=3.04 pos=8/8 :: k2 fib0.786 lb6 conf3 fvg0 sl0.1 3R kz h4t1 w96
[03:30:29]   ★★★ FULL GATE PASS :: PF=1.374 /yr=261 MAR=1.57 pos=7/8 :: k2 fib0.786 lb6 conf3 fvg0 sl0.25 2R kz h4t1 w96
[03:30:31]   ★★★ FULL GATE PASS :: PF=1.464 /yr=257 MAR=2.07 pos=8/8 :: k2 fib0.786 lb6 conf3 fvg1 sl0.05 bsl kz h4t0 w48
[03:30:31]   ★★★ FULL GATE PASS :: PF=1.454 /yr=343 MAR=1.86 pos=8/8 :: k2 fib0.786 lb6 conf3 fvg1 sl0.05 bsl kz h4t0 w96
[03:30:31]   ** NEW BEST PF=1.695 n=962 /yr=145 MAR=2.09 pos=8/8 :: k2 fib0.786 lb6 conf3 fvg1 sl0.05 bsl kz h4t1 w48
[03:30:31]   ★★★ FULL GATE PASS :: PF=1.375 /yr=342 MAR=2.42 pos=8/8 :: k2 fib0.786 lb6 conf3 fvg1 sl0.05 2R all h4t1 w96
[03:30:31]   ★★★ FULL GATE PASS :: PF=1.374 /yr=343 MAR=1.88 pos=8/8 :: k2 fib0.786 lb6 conf3 fvg1 sl0.05 2R kz h4t0 w96
[03:30:32]   ★★★ FULL GATE PASS :: PF=1.326 /yr=620 MAR=1.73 pos=7/8 :: k2 fib0.786 lb6 conf3 fvg1 sl0.05 3R all h4t0 w96
[03:30:32]   ★★★ FULL GATE PASS :: PF=1.429 /yr=257 MAR=2.17 pos=8/8 :: k2 fib0.786 lb6 conf3 fvg1 sl0.05 3R kz h4t0 w48
[03:30:32]   ★★★ FULL GATE PASS :: PF=1.424 /yr=343 MAR=1.56 pos=8/8 :: k2 fib0.786 lb6 conf3 fvg1 sl0.05 3R kz h4t0 w96
[03:30:32]   ★★★ FULL GATE PASS :: PF=1.393 /yr=261 MAR=1.85 pos=7/8 :: k2 fib0.786 lb6 conf3 fvg1 sl0.1 bsl kz h4t0 w48
[03:30:32]   ★★★ FULL GATE PASS :: PF=1.385 /yr=349 MAR=1.58 pos=8/8 :: k2 fib0.786 lb6 conf3 fvg1 sl0.1 bsl kz h4t0 w96
[03:30:32]   ★★★ FULL GATE PASS :: PF=1.310 /yr=347 MAR=1.89 pos=7/8 :: k2 fib0.786 lb6 conf3 fvg1 sl0.1 2R all h4t1 w96
[03:30:33]   ★★★ FULL GATE PASS :: PF=1.385 /yr=261 MAR=1.92 pos=7/8 :: k2 fib0.786 lb6 conf3 fvg1 sl0.1 3R kz h4t0 w48
[03:30:33]   ★★★ FULL GATE PASS :: PF=1.387 /yr=349 MAR=1.53 pos=8/8 :: k2 fib0.786 lb6 conf3 fvg1 sl0.1 3R kz h4t0 w96
[03:30:33]   ★★★ FULL GATE PASS :: PF=1.392 /yr=204 MAR=1.89 pos=7/8 :: k2 fib0.786 lb6 conf3 fvg1 sl0.25 2R kz h4t1 w96
[03:30:35]   ★★★ FULL GATE PASS :: PF=1.323 /yr=755 MAR=1.95 pos=7/8 :: k2 fib0.786 lb6 conf4 fvg0 sl0.05 bsl all h4t0 w96
[03:30:35]   ★★★ FULL GATE PASS :: PF=1.433 /yr=411 MAR=2.20 pos=7/8 :: k2 fib0.786 lb6 conf4 fvg0 sl0.05 bsl all h4t1 w96
[03:30:35]   ★★★ FULL GATE PASS :: PF=1.430 /yr=312 MAR=1.91 pos=7/8 :: k2 fib0.786 lb6 conf4 fvg0 sl0.05 bsl kz h4t0 w48
[03:30:35]   ★★★ FULL GATE PASS :: PF=1.447 /yr=413 MAR=1.70 pos=8/8 :: k2 fib0.786 lb6 conf4 fvg0 sl0.05 bsl kz h4t0 w96
[03:30:35]   ★★★ FULL GATE PASS :: PF=1.603 /yr=230 MAR=2.79 pos=7/8 :: k2 fib0.786 lb6 conf4 fvg0 sl0.05 bsl kz h4t1 w96
[03:30:35]   ★★★ FULL GATE PASS :: PF=1.344 /yr=411 MAR=2.25 pos=7/8 :: k2 fib0.786 lb6 conf4 fvg0 sl0.05 2R all h4t1 w96
[03:30:35]   ★★★ FULL GATE PASS :: PF=1.350 /yr=413 MAR=1.96 pos=8/8 :: k2 fib0.786 lb6 conf4 fvg0 sl0.05 2R kz h4t0 w96
[03:30:35]   ★★★ FULL GATE PASS :: PF=1.480 /yr=230 MAR=2.76 pos=8/8 :: k2 fib0.786 lb6 conf4 fvg0 sl0.05 2R kz h4t1 w96
[03:30:36]   ★★★ FULL GATE PASS :: PF=1.317 /yr=755 MAR=1.75 pos=7/8 :: k2 fib0.786 lb6 conf4 fvg0 sl0.05 3R all h4t0 w96
[03:30:36]   ★★★ FULL GATE PASS :: PF=1.448 /yr=411 MAR=2.73 pos=7/8 :: k2 fib0.786 lb6 conf4 fvg0 sl0.05 3R all h4t1 w96
[03:30:36]   ★★★ FULL GATE PASS :: PF=1.394 /yr=312 MAR=1.63 pos=7/8 :: k2 fib0.786 lb6 conf4 fvg0 sl0.05 3R kz h4t0 w48
[03:30:36]   ★★★ FULL GATE PASS :: PF=1.596 /yr=230 MAR=2.89 pos=8/8 :: k2 fib0.786 lb6 conf4 fvg0 sl0.05 3R kz h4t1 w96
[03:30:36]   ★★★ FULL GATE PASS :: PF=1.369 /yr=418 MAR=2.14 pos=7/8 :: k2 fib0.786 lb6 conf4 fvg0 sl0.1 bsl all h4t1 w96
[03:30:36]   ★★★ FULL GATE PASS :: PF=1.358 /yr=318 MAR=1.61 pos=7/8 :: k2 fib0.786 lb6 conf4 fvg0 sl0.1 bsl kz h4t0 w48
[03:30:36]   ★★★ FULL GATE PASS :: PF=1.530 /yr=234 MAR=2.52 pos=7/8 :: k2 fib0.786 lb6 conf4 fvg0 sl0.1 bsl kz h4t1 w96
[03:30:37]   ★★★ FULL GATE PASS :: PF=1.453 /yr=234 MAR=2.97 pos=8/8 :: k2 fib0.786 lb6 conf4 fvg0 sl0.1 2R kz h4t1 w96
[03:30:37]   ★★★ FULL GATE PASS :: PF=1.385 /yr=418 MAR=2.32 pos=7/8 :: k2 fib0.786 lb6 conf4 fvg0 sl0.1 3R all h4t1 w96
[03:30:37]   ★★★ FULL GATE PASS :: PF=1.546 /yr=234 MAR=2.70 pos=7/8 :: k2 fib0.786 lb6 conf4 fvg0 sl0.1 3R kz h4t1 w96
[03:30:37]   6,000/27,648 (22%) | 250s el, ETA 903s | kept=6,000 thin=0 | best PF=1.695
[03:30:39]   ★★★ FULL GATE PASS :: PF=1.464 /yr=257 MAR=2.07 pos=8/8 :: k2 fib0.786 lb6 conf4 fvg1 sl0.05 bsl kz h4t0 w48
[03:30:39]   ★★★ FULL GATE PASS :: PF=1.454 /yr=343 MAR=1.86 pos=8/8 :: k2 fib0.786 lb6 conf4 fvg1 sl0.05 bsl kz h4t0 w96
[03:30:40]   ★★★ FULL GATE PASS :: PF=1.375 /yr=342 MAR=2.42 pos=8/8 :: k2 fib0.786 lb6 conf4 fvg1 sl0.05 2R all h4t1 w96
[03:30:40]   ★★★ FULL GATE PASS :: PF=1.374 /yr=343 MAR=1.88 pos=8/8 :: k2 fib0.786 lb6 conf4 fvg1 sl0.05 2R kz h4t0 w96
[03:30:40]   ★★★ FULL GATE PASS :: PF=1.326 /yr=620 MAR=1.73 pos=7/8 :: k2 fib0.786 lb6 conf4 fvg1 sl0.05 3R all h4t0 w96
[03:30:40]   ★★★ FULL GATE PASS :: PF=1.429 /yr=257 MAR=2.17 pos=8/8 :: k2 fib0.786 lb6 conf4 fvg1 sl0.05 3R kz h4t0 w48
[03:30:40]   ★★★ FULL GATE PASS :: PF=1.424 /yr=343 MAR=1.56 pos=8/8 :: k2 fib0.786 lb6 conf4 fvg1 sl0.05 3R kz h4t0 w96
[03:30:40]   ★★★ FULL GATE PASS :: PF=1.393 /yr=261 MAR=1.85 pos=7/8 :: k2 fib0.786 lb6 conf4 fvg1 sl0.1 bsl kz h4t0 w48
[03:30:40]   ★★★ FULL GATE PASS :: PF=1.385 /yr=349 MAR=1.58 pos=8/8 :: k2 fib0.786 lb6 conf4 fvg1 sl0.1 bsl kz h4t0 w96
[03:30:41]   ★★★ FULL GATE PASS :: PF=1.310 /yr=347 MAR=1.89 pos=7/8 :: k2 fib0.786 lb6 conf4 fvg1 sl0.1 2R all h4t1 w96
[03:30:41]   ★★★ FULL GATE PASS :: PF=1.385 /yr=261 MAR=1.92 pos=7/8 :: k2 fib0.786 lb6 conf4 fvg1 sl0.1 3R kz h4t0 w48
[03:30:41]   ★★★ FULL GATE PASS :: PF=1.387 /yr=349 MAR=1.53 pos=8/8 :: k2 fib0.786 lb6 conf4 fvg1 sl0.1 3R kz h4t0 w96
[03:30:42]   ★★★ FULL GATE PASS :: PF=1.392 /yr=204 MAR=1.89 pos=7/8 :: k2 fib0.786 lb6 conf4 fvg1 sl0.25 2R kz h4t1 w96
[03:30:43]   ★★★ FULL GATE PASS :: PF=1.453 /yr=231 MAR=2.13 pos=7/8 :: k2 fib0.786 lb6 conf5 fvg0 sl0.05 bsl kz h4t0 w48
[03:30:43]   ★★★ FULL GATE PASS :: PF=1.433 /yr=309 MAR=1.53 pos=8/8 :: k2 fib0.786 lb6 conf5 fvg0 sl0.05 bsl kz h4t0 w96
[03:30:44]   ★★★ FULL GATE PASS :: PF=1.369 /yr=306 MAR=2.31 pos=7/8 :: k2 fib0.786 lb6 conf5 fvg0 sl0.05 2R all h4t1 w96
[03:30:44]   ★★★ FULL GATE PASS :: PF=1.371 /yr=309 MAR=1.64 pos=8/8 :: k2 fib0.786 lb6 conf5 fvg0 sl0.05 2R kz h4t0 w96
[03:30:44]   ★★★ FULL GATE PASS :: PF=1.319 /yr=556 MAR=1.74 pos=7/8 :: k2 fib0.786 lb6 conf5 fvg0 sl0.05 3R all h4t0 w96
[03:30:44]   ★★★ FULL GATE PASS :: PF=1.420 /yr=231 MAR=1.91 pos=7/8 :: k2 fib0.786 lb6 conf5 fvg0 sl0.05 3R kz h4t0 w48
[03:30:44]   ★★★ FULL GATE PASS :: PF=1.383 /yr=234 MAR=1.91 pos=7/8 :: k2 fib0.786 lb6 conf5 fvg0 sl0.1 bsl kz h4t0 w48
[03:30:45]   ★★★ FULL GATE PASS :: PF=1.374 /yr=234 MAR=1.92 pos=7/8 :: k2 fib0.786 lb6 conf5 fvg0 sl0.1 3R kz h4t0 w48
[03:30:47]   ★★★ FULL GATE PASS :: PF=1.453 /yr=231 MAR=2.13 pos=7/8 :: k2 fib0.786 lb6 conf5 fvg1 sl0.05 bsl kz h4t0 w48
[03:30:47]   ★★★ FULL GATE PASS :: PF=1.433 /yr=309 MAR=1.53 pos=8/8 :: k2 fib0.786 lb6 conf5 fvg1 sl0.05 bsl kz h4t0 w96
[03:30:47]   ★★★ FULL GATE PASS :: PF=1.369 /yr=306 MAR=2.31 pos=7/8 :: k2 fib0.786 lb6 conf5 fvg1 sl0.05 2R all h4t1 w96
[03:30:47]   ★★★ FULL GATE PASS :: PF=1.371 /yr=309 MAR=1.64 pos=8/8 :: k2 fib0.786 lb6 conf5 fvg1 sl0.05 2R kz h4t0 w96
[03:30:47]   ★★★ FULL GATE PASS :: PF=1.319 /yr=556 MAR=1.74 pos=7/8 :: k2 fib0.786 lb6 conf5 fvg1 sl0.05 3R all h4t0 w96
[03:30:47]   ★★★ FULL GATE PASS :: PF=1.420 /yr=231 MAR=1.91 pos=7/8 :: k2 fib0.786 lb6 conf5 fvg1 sl0.05 3R kz h4t0 w48
[03:30:48]   ★★★ FULL GATE PASS :: PF=1.383 /yr=234 MAR=1.91 pos=7/8 :: k2 fib0.786 lb6 conf5 fvg1 sl0.1 bsl kz h4t0 w48
[03:30:48]   ★★★ FULL GATE PASS :: PF=1.374 /yr=234 MAR=1.92 pos=7/8 :: k2 fib0.786 lb6 conf5 fvg1 sl0.1 3R kz h4t0 w48
[03:30:50]   ★★★ FULL GATE PASS :: PF=1.313 /yr=883 MAR=1.81 pos=7/8 :: k2 fib0.786 lb10 conf3 fvg0 sl0.05 bsl all h4t0 w96
[03:30:50]   ★★★ FULL GATE PASS :: PF=1.421 /yr=478 MAR=2.03 pos=7/8 :: k2 fib0.786 lb10 conf3 fvg0 sl0.05 bsl all h4t1 w96
[03:30:50]   ★★★ FULL GATE PASS :: PF=1.441 /yr=487 MAR=1.87 pos=8/8 :: k2 fib0.786 lb10 conf3 fvg0 sl0.05 bsl kz h4t0 w96
[03:30:51]   ★★★ FULL GATE PASS :: PF=1.602 /yr=266 MAR=2.79 pos=7/8 :: k2 fib0.786 lb10 conf3 fvg0 sl0.05 bsl kz h4t1 w96
[03:30:51]   ★★★ FULL GATE PASS :: PF=1.321 /yr=487 MAR=1.84 pos=7/8 :: k2 fib0.786 lb10 conf3 fvg0 sl0.05 2R kz h4t0 w96
[03:30:51]   ★★★ FULL GATE PASS :: PF=1.446 /yr=266 MAR=2.02 pos=8/8 :: k2 fib0.786 lb10 conf3 fvg0 sl0.05 2R kz h4t1 w96
[03:30:51]   ★★★ FULL GATE PASS :: PF=1.304 /yr=883 MAR=1.65 pos=7/8 :: k2 fib0.786 lb10 conf3 fvg0 sl0.05 3R all h4t0 w96
[03:30:51]   ★★★ FULL GATE PASS :: PF=1.425 /yr=478 MAR=2.41 pos=7/8 :: k2 fib0.786 lb10 conf3 fvg0 sl0.05 3R all h4t1 w96
[03:30:51]   ★★★ FULL GATE PASS :: PF=1.414 /yr=487 MAR=1.66 pos=8/8 :: k2 fib0.786 lb10 conf3 fvg0 sl0.05 3R kz h4t0 w96
[03:30:51]   ★★★ FULL GATE PASS :: PF=1.563 /yr=202 MAR=1.89 pos=7/8 :: k2 fib0.786 lb10 conf3 fvg0 sl0.05 3R kz h4t1 w48
[03:30:51]   ★★★ FULL GATE PASS :: PF=1.580 /yr=266 MAR=3.11 pos=8/8 :: k2 fib0.786 lb10 conf3 fvg0 sl0.05 3R kz h4t1 w96
[03:30:52]   ★★★ FULL GATE PASS :: PF=1.357 /yr=485 MAR=2.01 pos=7/8 :: k2 fib0.786 lb10 conf3 fvg0 sl0.1 bsl all h4t1 w96
[03:30:52]   ★★★ FULL GATE PASS :: PF=1.364 /yr=495 MAR=1.55 pos=7/8 :: k2 fib0.786 lb10 conf3 fvg0 sl0.1 bsl kz h4t0 w96
[03:30:52]   ★★★ FULL GATE PASS :: PF=1.530 /yr=270 MAR=2.58 pos=7/8 :: k2 fib0.786 lb10 conf3 fvg0 sl0.1 bsl kz h4t1 w96
[03:30:52]   ★★★ FULL GATE PASS :: PF=1.425 /yr=270 MAR=2.35 pos=8/8 :: k2 fib0.786 lb10 conf3 fvg0 sl0.1 2R kz h4t1 w96
[03:30:52]   ★★★ FULL GATE PASS :: PF=1.374 /yr=485 MAR=2.16 pos=7/8 :: k2 fib0.786 lb10 conf3 fvg0 sl0.1 3R all h4t1 w96
[03:30:53]   ★★★ FULL GATE PASS :: PF=1.370 /yr=495 MAR=1.59 pos=7/8 :: k2 fib0.786 lb10 conf3 fvg0 sl0.1 3R kz h4t0 w96
[03:30:53]   ★★★ FULL GATE PASS :: PF=1.547 /yr=270 MAR=2.81 pos=7/8 :: k2 fib0.786 lb10 conf3 fvg0 sl0.1 3R kz h4t1 w96
[03:30:55]   ★★★ FULL GATE PASS :: PF=1.461 /yr=278 MAR=1.82 pos=7/8 :: k2 fib0.786 lb10 conf3 fvg1 sl0.05 bsl kz h4t0 w48
[03:30:55]   ★★★ FULL GATE PASS :: PF=1.457 /yr=369 MAR=2.13 pos=8/8 :: k2 fib0.786 lb10 conf3 fvg1 sl0.05 bsl kz h4t0 w96
[03:30:55]   ★★★ FULL GATE PASS :: PF=1.620 /yr=207 MAR=2.71 pos=8/8 :: k2 fib0.786 lb10 conf3 fvg1 sl0.05 bsl kz h4t1 w96
[03:30:56]   ★★★ FULL GATE PASS :: PF=1.362 /yr=363 MAR=2.05 pos=7/8 :: k2 fib0.786 lb10 conf3 fvg1 sl0.05 2R all h4t1 w96
[03:30:56]   ★★★ FULL GATE PASS :: PF=1.354 /yr=369 MAR=1.81 pos=8/8 :: k2 fib0.786 lb10 conf3 fvg1 sl0.05 2R kz h4t0 w96
[03:30:56]   ★★★ FULL GATE PASS :: PF=1.471 /yr=207 MAR=2.46 pos=8/8 :: k2 fib0.786 lb10 conf3 fvg1 sl0.05 2R kz h4t1 w96
[03:30:56]   ★★★ FULL GATE PASS :: PF=1.418 /yr=278 MAR=1.82 pos=8/8 :: k2 fib0.786 lb10 conf3 fvg1 sl0.05 3R kz h4t0 w48
[03:30:56]   ★★★ FULL GATE PASS :: PF=1.422 /yr=369 MAR=1.76 pos=8/8 :: k2 fib0.786 lb10 conf3 fvg1 sl0.05 3R kz h4t0 w96
[03:30:56]   ★★★ FULL GATE PASS :: PF=1.601 /yr=207 MAR=2.79 pos=8/8 :: k2 fib0.786 lb10 conf3 fvg1 sl0.05 3R kz h4t1 w96
[03:30:56]   ★★★ FULL GATE PASS :: PF=1.384 /yr=375 MAR=1.75 pos=8/8 :: k2 fib0.786 lb10 conf3 fvg1 sl0.1 bsl kz h4t0 w96
[03:30:56]   ★★★ FULL GATE PASS :: PF=1.550 /yr=210 MAR=2.36 pos=7/8 :: k2 fib0.786 lb10 conf3 fvg1 sl0.1 bsl kz h4t1 w96
[03:30:57]   ★★★ FULL GATE PASS :: PF=1.303 /yr=368 MAR=1.66 pos=7/8 :: k2 fib0.786 lb10 conf3 fvg1 sl0.1 2R all h4t1 w96
[03:30:57]   ★★★ FULL GATE PASS :: PF=1.440 /yr=210 MAR=2.64 pos=8/8 :: k2 fib0.786 lb10 conf3 fvg1 sl0.1 2R kz h4t1 w96
[03:30:57]   ★★★ FULL GATE PASS :: PF=1.383 /yr=375 MAR=1.69 pos=8/8 :: k2 fib0.786 lb10 conf3 fvg1 sl0.1 3R kz h4t0 w96
[03:30:57]   ★★★ FULL GATE PASS :: PF=1.556 /yr=210 MAR=2.43 pos=7/8 :: k2 fib0.786 lb10 conf3 fvg1 sl0.1 3R kz h4t1 w96
[03:30:58]   6,500/27,648 (24%) | 271s el, ETA 883s | kept=6,500 thin=0 | best PF=1.695
[03:30:59]   ★★★ FULL GATE PASS :: PF=1.417 /yr=342 MAR=1.58 pos=7/8 :: k2 fib0.786 lb10 conf4 fvg0 sl0.05 bsl kz h4t0 w48
[03:30:59]   ★★★ FULL GATE PASS :: PF=1.441 /yr=450 MAR=1.79 pos=8/8 :: k2 fib0.786 lb10 conf4 fvg0 sl0.05 bsl kz h4t0 w96
[03:31:00]   ★★★ FULL GATE PASS :: PF=1.585 /yr=247 MAR=2.71 pos=7/8 :: k2 fib0.786 lb10 conf4 fvg0 sl0.05 bsl kz h4t1 w96
[03:31:00]   ★★★ FULL GATE PASS :: PF=1.328 /yr=450 MAR=1.85 pos=8/8 :: k2 fib0.786 lb10 conf4 fvg0 sl0.05 2R kz h4t0 w96
[03:31:00]   ★★★ FULL GATE PASS :: PF=1.450 /yr=247 MAR=2.31 pos=8/8 :: k2 fib0.786 lb10 conf4 fvg0 sl0.05 2R kz h4t1 w96
[03:31:00]   ★★★ FULL GATE PASS :: PF=1.415 /yr=450 MAR=1.52 pos=7/8 :: k2 fib0.786 lb10 conf4 fvg0 sl0.05 3R kz h4t0 w96
[03:31:00]   ★★★ FULL GATE PASS :: PF=1.571 /yr=247 MAR=2.72 pos=8/8 :: k2 fib0.786 lb10 conf4 fvg0 sl0.05 3R kz h4t1 w96
[03:31:01]   ★★★ FULL GATE PASS :: PF=1.513 /yr=251 MAR=2.41 pos=7/8 :: k2 fib0.786 lb10 conf4 fvg0 sl0.1 bsl kz h4t1 w96
[03:31:01]   ★★★ FULL GATE PASS :: PF=1.427 /yr=251 MAR=2.50 pos=8/8 :: k2 fib0.786 lb10 conf4 fvg0 sl0.1 2R kz h4t1 w96
[03:31:01]   ★★★ FULL GATE PASS :: PF=1.374 /yr=448 MAR=2.15 pos=7/8 :: k2 fib0.786 lb10 conf4 fvg0 sl0.1 3R all h4t1 w96
[03:31:01]   ★★★ FULL GATE PASS :: PF=1.368 /yr=457 MAR=1.51 pos=7/8 :: k2 fib0.786 lb10 conf4 fvg0 sl0.1 3R kz h4t0 w96
[03:31:01]   ★★★ FULL GATE PASS :: PF=1.530 /yr=251 MAR=2.59 pos=7/8 :: k2 fib0.786 lb10 conf4 fvg0 sl0.1 3R kz h4t1 w96
[03:31:04]   ★★★ FULL GATE PASS :: PF=1.461 /yr=278 MAR=1.82 pos=7/8 :: k2 fib0.786 lb10 conf4 fvg1 sl0.05 bsl kz h4t0 w48
[03:31:04]   ★★★ FULL GATE PASS :: PF=1.457 /yr=369 MAR=2.13 pos=8/8 :: k2 fib0.786 lb10 conf4 fvg1 sl0.05 bsl kz h4t0 w96
[03:31:04]   ★★★ FULL GATE PASS :: PF=1.620 /yr=207 MAR=2.71 pos=8/8 :: k2 fib0.786 lb10 conf4 fvg1 sl0.05 bsl kz h4t1 w96
[03:31:04]   ★★★ FULL GATE PASS :: PF=1.362 /yr=363 MAR=2.05 pos=7/8 :: k2 fib0.786 lb10 conf4 fvg1 sl0.05 2R all h4t1 w96
[03:31:04]   ★★★ FULL GATE PASS :: PF=1.354 /yr=369 MAR=1.81 pos=8/8 :: k2 fib0.786 lb10 conf4 fvg1 sl0.05 2R kz h4t0 w96
[03:31:05]   ★★★ FULL GATE PASS :: PF=1.471 /yr=207 MAR=2.46 pos=8/8 :: k2 fib0.786 lb10 conf4 fvg1 sl0.05 2R kz h4t1 w96
[03:31:05]   ★★★ FULL GATE PASS :: PF=1.418 /yr=278 MAR=1.82 pos=8/8 :: k2 fib0.786 lb10 conf4 fvg1 sl0.05 3R kz h4t0 w48
[03:31:05]   ★★★ FULL GATE PASS :: PF=1.422 /yr=369 MAR=1.76 pos=8/8 :: k2 fib0.786 lb10 conf4 fvg1 sl0.05 3R kz h4t0 w96
[03:31:05]   ★★★ FULL GATE PASS :: PF=1.601 /yr=207 MAR=2.79 pos=8/8 :: k2 fib0.786 lb10 conf4 fvg1 sl0.05 3R kz h4t1 w96
[03:31:05]   ★★★ FULL GATE PASS :: PF=1.384 /yr=375 MAR=1.75 pos=8/8 :: k2 fib0.786 lb10 conf4 fvg1 sl0.1 bsl kz h4t0 w96
[03:31:05]   ★★★ FULL GATE PASS :: PF=1.550 /yr=210 MAR=2.36 pos=7/8 :: k2 fib0.786 lb10 conf4 fvg1 sl0.1 bsl kz h4t1 w96
[03:31:05]   ★★★ FULL GATE PASS :: PF=1.303 /yr=368 MAR=1.66 pos=7/8 :: k2 fib0.786 lb10 conf4 fvg1 sl0.1 2R all h4t1 w96
[03:31:06]   ★★★ FULL GATE PASS :: PF=1.440 /yr=210 MAR=2.64 pos=8/8 :: k2 fib0.786 lb10 conf4 fvg1 sl0.1 2R kz h4t1 w96
[03:31:06]   ★★★ FULL GATE PASS :: PF=1.383 /yr=375 MAR=1.69 pos=8/8 :: k2 fib0.786 lb10 conf4 fvg1 sl0.1 3R kz h4t0 w96
[03:31:06]   ★★★ FULL GATE PASS :: PF=1.556 /yr=210 MAR=2.43 pos=7/8 :: k2 fib0.786 lb10 conf4 fvg1 sl0.1 3R kz h4t1 w96
[03:31:08]   ★★★ FULL GATE PASS :: PF=1.451 /yr=248 MAR=1.87 pos=7/8 :: k2 fib0.786 lb10 conf5 fvg0 sl0.05 bsl kz h4t0 w48
[03:31:08]   ★★★ FULL GATE PASS :: PF=1.437 /yr=331 MAR=1.75 pos=8/8 :: k2 fib0.786 lb10 conf5 fvg0 sl0.05 bsl kz h4t0 w96
[03:31:08]   ★★★ FULL GATE PASS :: PF=1.354 /yr=331 MAR=1.62 pos=8/8 :: k2 fib0.786 lb10 conf5 fvg0 sl0.05 2R kz h4t0 w96
[03:31:09]   ★★★ FULL GATE PASS :: PF=1.409 /yr=248 MAR=1.87 pos=7/8 :: k2 fib0.786 lb10 conf5 fvg0 sl0.05 3R kz h4t0 w48
[03:31:12]   ★★★ FULL GATE PASS :: PF=1.451 /yr=248 MAR=1.87 pos=7/8 :: k2 fib0.786 lb10 conf5 fvg1 sl0.05 bsl kz h4t0 w48
[03:31:12]   ★★★ FULL GATE PASS :: PF=1.437 /yr=331 MAR=1.75 pos=8/8 :: k2 fib0.786 lb10 conf5 fvg1 sl0.05 bsl kz h4t0 w96
[03:31:12]   ★★★ FULL GATE PASS :: PF=1.354 /yr=331 MAR=1.62 pos=8/8 :: k2 fib0.786 lb10 conf5 fvg1 sl0.05 2R kz h4t0 w96
[03:31:12]   ★★★ FULL GATE PASS :: PF=1.409 /yr=248 MAR=1.87 pos=7/8 :: k2 fib0.786 lb10 conf5 fvg1 sl0.05 3R kz h4t0 w48
[03:31:18]   7,000/27,648 (25%) | 292s el, ETA 860s | kept=7,000 thin=0 | best PF=1.695
[03:31:33]   7,500/27,648 (27%) | 307s el, ETA 823s | kept=7,500 thin=0 | best PF=1.695
[03:31:50]   8,000/27,648 (29%) | 323s el, ETA 794s | kept=8,000 thin=0 | best PF=1.695
[03:32:08]   8,500/27,648 (31%) | 341s el, ETA 769s | kept=8,500 thin=0 | best PF=1.695
[03:32:23]   9,000/27,648 (33%) | 357s el, ETA 739s | kept=9,000 thin=0 | best PF=1.695
[03:32:39]   9,500/27,648 (34%) | 373s el, ETA 712s | kept=9,500 thin=0 | best PF=1.695
[03:32:56]   10,000/27,648 (36%) | 389s el, ETA 687s | kept=10,000 thin=0 | best PF=1.695
[03:33:09]   ★★★ FULL GATE PASS :: PF=1.419 /yr=277 MAR=1.66 pos=7/8 :: k3 fib0.705 lb3 conf3 fvg0 sl0.05 3R kz h4t0 w96
[03:33:12]   10,500/27,648 (38%) | 406s el, ETA 662s | kept=10,500 thin=0 | best PF=1.695
[03:33:15]   ★★★ FULL GATE PASS :: PF=1.406 /yr=267 MAR=1.54 pos=7/8 :: k3 fib0.705 lb3 conf4 fvg0 sl0.05 3R kz h4t0 w96
[03:33:26]   ★★★ FULL GATE PASS :: PF=1.395 /yr=324 MAR=1.60 pos=7/8 :: k3 fib0.705 lb6 conf3 fvg0 sl0.05 3R kz h4t0 w96
[03:33:27]   11,000/27,648 (40%) | 420s el, ETA 636s | kept=11,000 thin=0 | best PF=1.695
[03:33:32]   ★★★ FULL GATE PASS :: PF=1.385 /yr=310 MAR=1.59 pos=7/8 :: k3 fib0.705 lb6 conf4 fvg0 sl0.05 3R kz h4t0 w96
[03:33:43]   11,500/27,648 (42%) | 436s el, ETA 612s | kept=11,500 thin=0 | best PF=1.695
[03:33:44]   ★★★ FULL GATE PASS :: PF=1.391 /yr=354 MAR=1.66 pos=7/8 :: k3 fib0.705 lb10 conf3 fvg0 sl0.05 3R kz h4t0 w96
[03:33:48]   ★★★ FULL GATE PASS :: PF=1.397 /yr=294 MAR=1.54 pos=7/8 :: k3 fib0.705 lb10 conf3 fvg1 sl0.05 3R kz h4t0 w96
[03:33:51]   ★★★ FULL GATE PASS :: PF=1.393 /yr=338 MAR=1.80 pos=7/8 :: k3 fib0.705 lb10 conf4 fvg0 sl0.05 3R kz h4t0 w96
[03:33:55]   ★★★ FULL GATE PASS :: PF=1.397 /yr=294 MAR=1.54 pos=7/8 :: k3 fib0.705 lb10 conf4 fvg1 sl0.05 3R kz h4t0 w96
[03:34:00]   12,000/27,648 (43%) | 453s el, ETA 591s | kept=12,000 thin=0 | best PF=1.695
[03:34:03]   ★★★ FULL GATE PASS :: PF=1.364 /yr=316 MAR=1.78 pos=8/8 :: k3 fib0.786 lb3 conf3 fvg0 sl0.05 bsl all h4t0 w48
[03:34:03]   ★★★ FULL GATE PASS :: PF=1.377 /yr=440 MAR=2.19 pos=7/8 :: k3 fib0.786 lb3 conf3 fvg0 sl0.05 bsl all h4t0 w96
[03:34:03]   ★★★ FULL GATE PASS :: PF=1.441 /yr=245 MAR=1.71 pos=7/8 :: k3 fib0.786 lb3 conf3 fvg0 sl0.05 bsl all h4t1 w96
[03:34:03]   ★★★ FULL GATE PASS :: PF=1.573 /yr=248 MAR=1.65 pos=7/8 :: k3 fib0.786 lb3 conf3 fvg0 sl0.05 bsl kz h4t0 w96
[03:34:03]   ** NEW BEST PF=1.764 n=668 /yr=100 MAR=1.45 pos=7/8 :: k3 fib0.786 lb3 conf3 fvg0 sl0.05 bsl kz h4t1 w48
[03:34:03]   ★★★ FULL GATE PASS :: PF=1.381 /yr=245 MAR=2.17 pos=8/8 :: k3 fib0.786 lb3 conf3 fvg0 sl0.05 2R all h4t1 w96
[03:34:03]   ★★★ FULL GATE PASS :: PF=1.495 /yr=248 MAR=2.42 pos=8/8 :: k3 fib0.786 lb3 conf3 fvg0 sl0.05 2R kz h4t0 w96
[03:34:03]   ★★★ FULL GATE PASS :: PF=1.343 /yr=316 MAR=1.62 pos=8/8 :: k3 fib0.786 lb3 conf3 fvg0 sl0.05 3R all h4t0 w48
[03:34:03]   ★★★ FULL GATE PASS :: PF=1.361 /yr=440 MAR=1.89 pos=7/8 :: k3 fib0.786 lb3 conf3 fvg0 sl0.05 3R all h4t0 w96
[03:34:04]   ★★★ FULL GATE PASS :: PF=1.450 /yr=245 MAR=2.38 pos=8/8 :: k3 fib0.786 lb3 conf3 fvg0 sl0.05 3R all h4t1 w96
[03:34:04]   ★★★ FULL GATE PASS :: PF=1.548 /yr=248 MAR=1.71 pos=8/8 :: k3 fib0.786 lb3 conf3 fvg0 sl0.05 3R kz h4t0 w96
[03:34:04]   ★★★ FULL GATE PASS :: PF=1.322 /yr=447 MAR=1.77 pos=7/8 :: k3 fib0.786 lb3 conf3 fvg0 sl0.1 bsl all h4t0 w96
[03:34:04]   ★★★ FULL GATE PASS :: PF=1.430 /yr=252 MAR=1.89 pos=8/8 :: k3 fib0.786 lb3 conf3 fvg0 sl0.1 2R kz h4t0 w96
[03:34:04]   ★★★ FULL GATE PASS :: PF=1.316 /yr=447 MAR=1.64 pos=7/8 :: k3 fib0.786 lb3 conf3 fvg0 sl0.1 3R all h4t0 w96
[03:34:06]   ★★★ FULL GATE PASS :: PF=1.382 /yr=373 MAR=2.17 pos=7/8 :: k3 fib0.786 lb3 conf3 fvg1 sl0.05 bsl all h4t0 w96
[03:34:06]   ★★★ FULL GATE PASS :: PF=1.458 /yr=210 MAR=1.72 pos=7/8 :: k3 fib0.786 lb3 conf3 fvg1 sl0.05 bsl all h4t1 w96
[03:34:06]   ★★★ FULL GATE PASS :: PF=1.602 /yr=213 MAR=1.92 pos=7/8 :: k3 fib0.786 lb3 conf3 fvg1 sl0.05 bsl kz h4t0 w96
[03:34:06]   ** NEW BEST PF=1.885 n=576 /yr=87 MAR=1.77 pos=8/8 :: k3 fib0.786 lb3 conf3 fvg1 sl0.05 bsl kz h4t1 w48
[03:34:06]   ★★★ FULL GATE PASS :: PF=1.428 /yr=210 MAR=2.41 pos=8/8 :: k3 fib0.786 lb3 conf3 fvg1 sl0.05 2R all h4t1 w96
[03:34:06]   ★★★ FULL GATE PASS :: PF=1.569 /yr=213 MAR=2.45 pos=8/8 :: k3 fib0.786 lb3 conf3 fvg1 sl0.05 2R kz h4t0 w96
[03:34:06]   ★★★ FULL GATE PASS :: PF=1.345 /yr=266 MAR=2.06 pos=7/8 :: k3 fib0.786 lb3 conf3 fvg1 sl0.05 3R all h4t0 w48
[03:34:06]   ★★★ FULL GATE PASS :: PF=1.364 /yr=373 MAR=1.78 pos=7/8 :: k3 fib0.786 lb3 conf3 fvg1 sl0.05 3R all h4t0 w96
[03:34:07]   ★★★ FULL GATE PASS :: PF=1.473 /yr=210 MAR=2.30 pos=7/8 :: k3 fib0.786 lb3 conf3 fvg1 sl0.05 3R all h4t1 w96
[03:34:07]   ★★★ FULL GATE PASS :: PF=1.577 /yr=213 MAR=1.91 pos=8/8 :: k3 fib0.786 lb3 conf3 fvg1 sl0.05 3R kz h4t0 w96
[03:34:07]   ★★★ FULL GATE PASS :: PF=1.328 /yr=378 MAR=1.62 pos=7/8 :: k3 fib0.786 lb3 conf3 fvg1 sl0.1 bsl all h4t0 w96
[03:34:07]   ★★★ FULL GATE PASS :: PF=1.533 /yr=217 MAR=1.79 pos=7/8 :: k3 fib0.786 lb3 conf3 fvg1 sl0.1 bsl kz h4t0 w96
[03:34:07]   ★★★ FULL GATE PASS :: PF=1.322 /yr=214 MAR=1.65 pos=7/8 :: k3 fib0.786 lb3 conf3 fvg1 sl0.1 2R all h4t1 w96
[03:34:07]   ★★★ FULL GATE PASS :: PF=1.498 /yr=217 MAR=2.35 pos=8/8 :: k3 fib0.786 lb3 conf3 fvg1 sl0.1 2R kz h4t0 w96
[03:34:07]   ★★★ FULL GATE PASS :: PF=1.512 /yr=217 MAR=1.70 pos=7/8 :: k3 fib0.786 lb3 conf3 fvg1 sl0.1 3R kz h4t0 w96
[03:34:08]   ★★★ FULL GATE PASS :: PF=1.391 /yr=222 MAR=1.77 pos=7/8 :: k3 fib0.786 lb3 conf3 fvg1 sl0.25 2R kz h4t0 w96
[03:34:09]   ★★★ FULL GATE PASS :: PF=1.361 /yr=303 MAR=1.86 pos=8/8 :: k3 fib0.786 lb3 conf4 fvg0 sl0.05 bsl all h4t0 w48
[03:34:09]   ★★★ FULL GATE PASS :: PF=1.379 /yr=423 MAR=2.29 pos=7/8 :: k3 fib0.786 lb3 conf4 fvg0 sl0.05 bsl all h4t0 w96
[03:34:09]   ★★★ FULL GATE PASS :: PF=1.443 /yr=235 MAR=1.81 pos=7/8 :: k3 fib0.786 lb3 conf4 fvg0 sl0.05 bsl all h4t1 w96
[03:34:09]   ★★★ FULL GATE PASS :: PF=1.573 /yr=239 MAR=1.71 pos=7/8 :: k3 fib0.786 lb3 conf4 fvg0 sl0.05 bsl kz h4t0 w96
[03:34:09]   ★★★ FULL GATE PASS :: PF=1.392 /yr=235 MAR=2.57 pos=8/8 :: k3 fib0.786 lb3 conf4 fvg0 sl0.05 2R all h4t1 w96
[03:34:09]   ★★★ FULL GATE PASS :: PF=1.508 /yr=239 MAR=2.43 pos=8/8 :: k3 fib0.786 lb3 conf4 fvg0 sl0.05 2R kz h4t0 w96
[03:34:09]   ★★★ FULL GATE PASS :: PF=1.340 /yr=303 MAR=1.68 pos=8/8 :: k3 fib0.786 lb3 conf4 fvg0 sl0.05 3R all h4t0 w48
[03:34:09]   ★★★ FULL GATE PASS :: PF=1.362 /yr=423 MAR=1.99 pos=7/8 :: k3 fib0.786 lb3 conf4 fvg0 sl0.05 3R all h4t0 w96
[03:34:09]   ★★★ FULL GATE PASS :: PF=1.450 /yr=235 MAR=2.60 pos=8/8 :: k3 fib0.786 lb3 conf4 fvg0 sl0.05 3R all h4t1 w96
[03:34:09]   ★★★ FULL GATE PASS :: PF=1.548 /yr=239 MAR=1.80 pos=8/8 :: k3 fib0.786 lb3 conf4 fvg0 sl0.05 3R kz h4t0 w96
[03:34:10]   ★★★ FULL GATE PASS :: PF=1.327 /yr=430 MAR=1.91 pos=7/8 :: k3 fib0.786 lb3 conf4 fvg0 sl0.1 bsl all h4t0 w96
[03:34:10]   ★★★ FULL GATE PASS :: PF=1.505 /yr=243 MAR=1.57 pos=7/8 :: k3 fib0.786 lb3 conf4 fvg0 sl0.1 bsl kz h4t0 w96
[03:34:10]   ★★★ FULL GATE PASS :: PF=1.442 /yr=243 MAR=2.08 pos=8/8 :: k3 fib0.786 lb3 conf4 fvg0 sl0.1 2R kz h4t0 w96
[03:34:10]   ★★★ FULL GATE PASS :: PF=1.320 /yr=430 MAR=1.72 pos=7/8 :: k3 fib0.786 lb3 conf4 fvg0 sl0.1 3R all h4t0 w96
[03:34:10]   ★★★ FULL GATE PASS :: PF=1.488 /yr=243 MAR=1.50 pos=7/8 :: k3 fib0.786 lb3 conf4 fvg0 sl0.1 3R kz h4t0 w96
[03:34:12]   ★★★ FULL GATE PASS :: PF=1.382 /yr=373 MAR=2.17 pos=7/8 :: k3 fib0.786 lb3 conf4 fvg1 sl0.05 bsl all h4t0 w96
[03:34:12]   ★★★ FULL GATE PASS :: PF=1.458 /yr=210 MAR=1.72 pos=7/8 :: k3 fib0.786 lb3 conf4 fvg1 sl0.05 bsl all h4t1 w96
[03:34:12]   ★★★ FULL GATE PASS :: PF=1.602 /yr=213 MAR=1.92 pos=7/8 :: k3 fib0.786 lb3 conf4 fvg1 sl0.05 bsl kz h4t0 w96
[03:34:12]   ★★★ FULL GATE PASS :: PF=1.428 /yr=210 MAR=2.41 pos=8/8 :: k3 fib0.786 lb3 conf4 fvg1 sl0.05 2R all h4t1 w96
[03:34:12]   ★★★ FULL GATE PASS :: PF=1.569 /yr=213 MAR=2.45 pos=8/8 :: k3 fib0.786 lb3 conf4 fvg1 sl0.05 2R kz h4t0 w96
[03:34:12]   ★★★ FULL GATE PASS :: PF=1.345 /yr=266 MAR=2.06 pos=7/8 :: k3 fib0.786 lb3 conf4 fvg1 sl0.05 3R all h4t0 w48
[03:34:12]   ★★★ FULL GATE PASS :: PF=1.364 /yr=373 MAR=1.78 pos=7/8 :: k3 fib0.786 lb3 conf4 fvg1 sl0.05 3R all h4t0 w96
[03:34:12]   ★★★ FULL GATE PASS :: PF=1.473 /yr=210 MAR=2.30 pos=7/8 :: k3 fib0.786 lb3 conf4 fvg1 sl0.05 3R all h4t1 w96
[03:34:12]   ★★★ FULL GATE PASS :: PF=1.577 /yr=213 MAR=1.91 pos=8/8 :: k3 fib0.786 lb3 conf4 fvg1 sl0.05 3R kz h4t0 w96
[03:34:13]   ★★★ FULL GATE PASS :: PF=1.328 /yr=378 MAR=1.62 pos=7/8 :: k3 fib0.786 lb3 conf4 fvg1 sl0.1 bsl all h4t0 w96
[03:34:13]   ★★★ FULL GATE PASS :: PF=1.533 /yr=217 MAR=1.79 pos=7/8 :: k3 fib0.786 lb3 conf4 fvg1 sl0.1 bsl kz h4t0 w96
[03:34:13]   ★★★ FULL GATE PASS :: PF=1.322 /yr=214 MAR=1.65 pos=7/8 :: k3 fib0.786 lb3 conf4 fvg1 sl0.1 2R all h4t1 w96
[03:34:13]   ★★★ FULL GATE PASS :: PF=1.498 /yr=217 MAR=2.35 pos=8/8 :: k3 fib0.786 lb3 conf4 fvg1 sl0.1 2R kz h4t0 w96
[03:34:13]   ★★★ FULL GATE PASS :: PF=1.512 /yr=217 MAR=1.70 pos=7/8 :: k3 fib0.786 lb3 conf4 fvg1 sl0.1 3R kz h4t0 w96
[03:34:14]   ★★★ FULL GATE PASS :: PF=1.391 /yr=222 MAR=1.77 pos=7/8 :: k3 fib0.786 lb3 conf4 fvg1 sl0.25 2R kz h4t0 w96
[03:34:15]   ★★★ FULL GATE PASS :: PF=1.362 /yr=345 MAR=1.70 pos=7/8 :: k3 fib0.786 lb3 conf5 fvg0 sl0.05 bsl all h4t0 w96
[03:34:15]   ** NEW BEST PF=1.889 n=530 /yr=80 MAR=1.55 pos=8/8 :: k3 fib0.786 lb3 conf5 fvg0 sl0.05 bsl kz h4t1 w48
[03:34:15]   ★★★ FULL GATE PASS :: PF=1.339 /yr=246 MAR=1.84 pos=7/8 :: k3 fib0.786 lb3 conf5 fvg0 sl0.05 3R all h4t0 w48
[03:34:15]   ★★★ FULL GATE PASS :: PF=1.349 /yr=345 MAR=1.69 pos=7/8 :: k3 fib0.786 lb3 conf5 fvg0 sl0.05 3R all h4t0 w96
[03:34:15]   12,500/27,648 (45%) | 468s el, ETA 568s | kept=12,500 thin=0 | best PF=1.889
[03:34:15]   ** NEW BEST PF=1.891 n=530 /yr=80 MAR=1.90 pos=8/8 :: k3 fib0.786 lb3 conf5 fvg0 sl0.05 3R kz h4t1 w48
[03:34:16]   ★★★ FULL GATE PASS :: PF=1.494 /yr=201 MAR=2.26 pos=8/8 :: k3 fib0.786 lb3 conf5 fvg0 sl0.1 2R kz h4t0 w96
[03:34:16]   ★★★ FULL GATE PASS :: PF=1.400 /yr=206 MAR=1.59 pos=7/8 :: k3 fib0.786 lb3 conf5 fvg0 sl0.25 2R kz h4t0 w96
[03:34:17]   ★★★ FULL GATE PASS :: PF=1.362 /yr=345 MAR=1.70 pos=7/8 :: k3 fib0.786 lb3 conf5 fvg1 sl0.05 bsl all h4t0 w96
[03:34:18]   ★★★ FULL GATE PASS :: PF=1.339 /yr=246 MAR=1.84 pos=7/8 :: k3 fib0.786 lb3 conf5 fvg1 sl0.05 3R all h4t0 w48
[03:34:18]   ★★★ FULL GATE PASS :: PF=1.349 /yr=345 MAR=1.69 pos=7/8 :: k3 fib0.786 lb3 conf5 fvg1 sl0.05 3R all h4t0 w96
[03:34:18]   ★★★ FULL GATE PASS :: PF=1.494 /yr=201 MAR=2.26 pos=8/8 :: k3 fib0.786 lb3 conf5 fvg1 sl0.1 2R kz h4t0 w96
[03:34:19]   ★★★ FULL GATE PASS :: PF=1.400 /yr=206 MAR=1.59 pos=7/8 :: k3 fib0.786 lb3 conf5 fvg1 sl0.25 2R kz h4t0 w96
[03:34:20]   ★★★ FULL GATE PASS :: PF=1.355 /yr=521 MAR=1.86 pos=7/8 :: k3 fib0.786 lb6 conf3 fvg0 sl0.05 bsl all h4t0 w96
[03:34:20]   ★★★ FULL GATE PASS :: PF=1.450 /yr=282 MAR=2.33 pos=7/8 :: k3 fib0.786 lb6 conf3 fvg0 sl0.05 bsl all h4t1 w96
[03:34:20]   ★★★ FULL GATE PASS :: PF=1.584 /yr=212 MAR=2.28 pos=8/8 :: k3 fib0.786 lb6 conf3 fvg0 sl0.05 bsl kz h4t0 w48
[03:34:20]   ★★★ FULL GATE PASS :: PF=1.560 /yr=290 MAR=1.80 pos=7/8 :: k3 fib0.786 lb6 conf3 fvg0 sl0.05 bsl kz h4t0 w96
[03:34:20]   ★★★ FULL GATE PASS :: PF=1.365 /yr=282 MAR=2.48 pos=8/8 :: k3 fib0.786 lb6 conf3 fvg0 sl0.05 2R all h4t1 w96
[03:34:20]   ★★★ FULL GATE PASS :: PF=1.399 /yr=212 MAR=1.52 pos=8/8 :: k3 fib0.786 lb6 conf3 fvg0 sl0.05 2R kz h4t0 w48
[03:34:20]   ★★★ FULL GATE PASS :: PF=1.442 /yr=290 MAR=1.94 pos=8/8 :: k3 fib0.786 lb6 conf3 fvg0 sl0.05 2R kz h4t0 w96
[03:34:20]   ★★★ FULL GATE PASS :: PF=1.340 /yr=521 MAR=1.73 pos=7/8 :: k3 fib0.786 lb6 conf3 fvg0 sl0.05 3R all h4t0 w96
[03:34:20]   ★★★ FULL GATE PASS :: PF=1.471 /yr=202 MAR=1.83 pos=7/8 :: k3 fib0.786 lb6 conf3 fvg0 sl0.05 3R all h4t1 w48
[03:34:20]   ★★★ FULL GATE PASS :: PF=1.452 /yr=282 MAR=3.34 pos=8/8 :: k3 fib0.786 lb6 conf3 fvg0 sl0.05 3R all h4t1 w96
[03:34:20]   ★★★ FULL GATE PASS :: PF=1.537 /yr=212 MAR=2.16 pos=8/8 :: k3 fib0.786 lb6 conf3 fvg0 sl0.05 3R kz h4t0 w48
[03:34:20]   ★★★ FULL GATE PASS :: PF=1.527 /yr=290 MAR=1.79 pos=8/8 :: k3 fib0.786 lb6 conf3 fvg0 sl0.05 3R kz h4t0 w96
[03:34:21]   ★★★ FULL GATE PASS :: PF=1.306 /yr=529 MAR=1.62 pos=7/8 :: k3 fib0.786 lb6 conf3 fvg0 sl0.1 bsl all h4t0 w96
[03:34:21]   ★★★ FULL GATE PASS :: PF=1.376 /yr=287 MAR=1.84 pos=7/8 :: k3 fib0.786 lb6 conf3 fvg0 sl0.1 bsl all h4t1 w96
[03:34:21]   ★★★ FULL GATE PASS :: PF=1.512 /yr=216 MAR=2.00 pos=7/8 :: k3 fib0.786 lb6 conf3 fvg0 sl0.1 bsl kz h4t0 w48
[03:34:21]   ★★★ FULL GATE PASS :: PF=1.494 /yr=295 MAR=1.62 pos=7/8 :: k3 fib0.786 lb6 conf3 fvg0 sl0.1 bsl kz h4t0 w96
[03:34:21]   ★★★ FULL GATE PASS :: PF=1.395 /yr=295 MAR=1.85 pos=8/8 :: k3 fib0.786 lb6 conf3 fvg0 sl0.1 2R kz h4t0 w96
[03:34:21]   ★★★ FULL GATE PASS :: PF=1.301 /yr=529 MAR=1.64 pos=7/8 :: k3 fib0.786 lb6 conf3 fvg0 sl0.1 3R all h4t0 w96
[03:34:21]   ★★★ FULL GATE PASS :: PF=1.374 /yr=287 MAR=1.74 pos=7/8 :: k3 fib0.786 lb6 conf3 fvg0 sl0.1 3R all h4t1 w96
[03:34:21]   ★★★ FULL GATE PASS :: PF=1.493 /yr=216 MAR=1.93 pos=8/8 :: k3 fib0.786 lb6 conf3 fvg0 sl0.1 3R kz h4t0 w48
[03:34:21]   ★★★ FULL GATE PASS :: PF=1.485 /yr=295 MAR=1.60 pos=7/8 :: k3 fib0.786 lb6 conf3 fvg0 sl0.1 3R kz h4t0 w96
[03:34:22]   ★★★ FULL GATE PASS :: PF=1.345 /yr=223 MAR=1.63 pos=7/8 :: k3 fib0.786 lb6 conf3 fvg0 sl0.25 2R kz h4t0 w48
[03:34:23]   ★★★ FULL GATE PASS :: PF=1.367 /yr=432 MAR=2.42 pos=7/8 :: k3 fib0.786 lb6 conf3 fvg1 sl0.05 bsl all h4t0 w96
[03:34:23]   ★★★ FULL GATE PASS :: PF=1.454 /yr=237 MAR=1.71 pos=7/8 :: k3 fib0.786 lb6 conf3 fvg1 sl0.05 bsl all h4t1 w96
[03:34:23]   ★★★ FULL GATE PASS :: PF=1.559 /yr=244 MAR=2.00 pos=8/8 :: k3 fib0.786 lb6 conf3 fvg1 sl0.05 bsl kz h4t0 w96
[03:34:23]   ★★★ FULL GATE PASS :: PF=1.402 /yr=237 MAR=2.60 pos=7/8 :: k3 fib0.786 lb6 conf3 fvg1 sl0.05 2R all h4t1 w96
[03:34:24]   ★★★ FULL GATE PASS :: PF=1.497 /yr=244 MAR=1.90 pos=8/8 :: k3 fib0.786 lb6 conf3 fvg1 sl0.05 2R kz h4t0 w96
[03:34:24]   ★★★ FULL GATE PASS :: PF=1.326 /yr=310 MAR=1.73 pos=7/8 :: k3 fib0.786 lb6 conf3 fvg1 sl0.05 3R all h4t0 w48
[03:34:24]   ★★★ FULL GATE PASS :: PF=1.350 /yr=432 MAR=1.89 pos=7/8 :: k3 fib0.786 lb6 conf3 fvg1 sl0.05 3R all h4t0 w96
[03:34:24]   ★★★ FULL GATE PASS :: PF=1.459 /yr=237 MAR=2.02 pos=7/8 :: k3 fib0.786 lb6 conf3 fvg1 sl0.05 3R all h4t1 w96
[03:34:24]   ★★★ FULL GATE PASS :: PF=1.526 /yr=244 MAR=1.90 pos=8/8 :: k3 fib0.786 lb6 conf3 fvg1 sl0.05 3R kz h4t0 w96
[03:34:24]   ★★★ FULL GATE PASS :: PF=1.314 /yr=438 MAR=1.93 pos=7/8 :: k3 fib0.786 lb6 conf3 fvg1 sl0.1 bsl all h4t0 w96
[03:34:24]   ★★★ FULL GATE PASS :: PF=1.492 /yr=249 MAR=1.80 pos=7/8 :: k3 fib0.786 lb6 conf3 fvg1 sl0.1 bsl kz h4t0 w96
[03:34:24]   ★★★ FULL GATE PASS :: PF=1.437 /yr=249 MAR=1.97 pos=8/8 :: k3 fib0.786 lb6 conf3 fvg1 sl0.1 2R kz h4t0 w96
[03:34:24]   ★★★ FULL GATE PASS :: PF=1.308 /yr=438 MAR=1.80 pos=7/8 :: k3 fib0.786 lb6 conf3 fvg1 sl0.1 3R all h4t0 w96
[03:34:25]   ★★★ FULL GATE PASS :: PF=1.473 /yr=249 MAR=1.75 pos=8/8 :: k3 fib0.786 lb6 conf3 fvg1 sl0.1 3R kz h4t0 w96
[03:34:26]   ★★★ FULL GATE PASS :: PF=1.359 /yr=497 MAR=1.84 pos=7/8 :: k3 fib0.786 lb6 conf4 fvg0 sl0.05 bsl all h4t0 w96
[03:34:26]   ★★★ FULL GATE PASS :: PF=1.452 /yr=270 MAR=2.34 pos=7/8 :: k3 fib0.786 lb6 conf4 fvg0 sl0.05 bsl all h4t1 w96
[03:34:26]   ★★★ FULL GATE PASS :: PF=1.583 /yr=202 MAR=2.47 pos=8/8 :: k3 fib0.786 lb6 conf4 fvg0 sl0.05 bsl kz h4t0 w48
[03:34:26]   ★★★ FULL GATE PASS :: PF=1.559 /yr=278 MAR=1.90 pos=8/8 :: k3 fib0.786 lb6 conf4 fvg0 sl0.05 bsl kz h4t0 w96
[03:34:27]   ★★★ FULL GATE PASS :: PF=1.376 /yr=270 MAR=2.83 pos=8/8 :: k3 fib0.786 lb6 conf4 fvg0 sl0.05 2R all h4t1 w96
[03:34:27]   ★★★ FULL GATE PASS :: PF=1.459 /yr=278 MAR=1.94 pos=8/8 :: k3 fib0.786 lb6 conf4 fvg0 sl0.05 2R kz h4t0 w96
[03:34:27]   ★★★ FULL GATE PASS :: PF=1.343 /yr=497 MAR=1.71 pos=8/8 :: k3 fib0.786 lb6 conf4 fvg0 sl0.05 3R all h4t0 w96
[03:34:27]   ★★★ FULL GATE PASS :: PF=1.451 /yr=270 MAR=3.40 pos=8/8 :: k3 fib0.786 lb6 conf4 fvg0 sl0.05 3R all h4t1 w96
[03:34:27]   ★★★ FULL GATE PASS :: PF=1.538 /yr=202 MAR=2.37 pos=8/8 :: k3 fib0.786 lb6 conf4 fvg0 sl0.05 3R kz h4t0 w48
[03:34:27]   ★★★ FULL GATE PASS :: PF=1.525 /yr=278 MAR=1.90 pos=8/8 :: k3 fib0.786 lb6 conf4 fvg0 sl0.05 3R kz h4t0 w96
[03:34:27]   ★★★ FULL GATE PASS :: PF=1.315 /yr=505 MAR=1.64 pos=7/8 :: k3 fib0.786 lb6 conf4 fvg0 sl0.1 bsl all h4t0 w96
[03:34:27]   ★★★ FULL GATE PASS :: PF=1.516 /yr=206 MAR=2.18 pos=8/8 :: k3 fib0.786 lb6 conf4 fvg0 sl0.1 bsl kz h4t0 w48
[03:34:27]   ★★★ FULL GATE PASS :: PF=1.496 /yr=283 MAR=1.72 pos=7/8 :: k3 fib0.786 lb6 conf4 fvg0 sl0.1 bsl kz h4t0 w96
[03:34:27]   ★★★ FULL GATE PASS :: PF=1.408 /yr=283 MAR=1.97 pos=8/8 :: k3 fib0.786 lb6 conf4 fvg0 sl0.1 2R kz h4t0 w96
[03:34:28]   ★★★ FULL GATE PASS :: PF=1.308 /yr=505 MAR=1.66 pos=8/8 :: k3 fib0.786 lb6 conf4 fvg0 sl0.1 3R all h4t0 w96
[03:34:28]   ★★★ FULL GATE PASS :: PF=1.381 /yr=275 MAR=1.74 pos=7/8 :: k3 fib0.786 lb6 conf4 fvg0 sl0.1 3R all h4t1 w96
[03:34:28]   ★★★ FULL GATE PASS :: PF=1.498 /yr=206 MAR=2.09 pos=8/8 :: k3 fib0.786 lb6 conf4 fvg0 sl0.1 3R kz h4t0 w48
[03:34:28]   ★★★ FULL GATE PASS :: PF=1.483 /yr=283 MAR=1.67 pos=8/8 :: k3 fib0.786 lb6 conf4 fvg0 sl0.1 3R kz h4t0 w96
[03:34:30]   ★★★ FULL GATE PASS :: PF=1.367 /yr=432 MAR=2.42 pos=7/8 :: k3 fib0.786 lb6 conf4 fvg1 sl0.05 bsl all h4t0 w96
[03:34:30]   ★★★ FULL GATE PASS :: PF=1.454 /yr=237 MAR=1.71 pos=7/8 :: k3 fib0.786 lb6 conf4 fvg1 sl0.05 bsl all h4t1 w96
[03:34:30]   ★★★ FULL GATE PASS :: PF=1.559 /yr=244 MAR=2.00 pos=8/8 :: k3 fib0.786 lb6 conf4 fvg1 sl0.05 bsl kz h4t0 w96
[03:34:30]   ★★★ FULL GATE PASS :: PF=1.402 /yr=237 MAR=2.60 pos=7/8 :: k3 fib0.786 lb6 conf4 fvg1 sl0.05 2R all h4t1 w96
[03:34:30]   ★★★ FULL GATE PASS :: PF=1.497 /yr=244 MAR=1.90 pos=8/8 :: k3 fib0.786 lb6 conf4 fvg1 sl0.05 2R kz h4t0 w96
[03:34:30]   ★★★ FULL GATE PASS :: PF=1.326 /yr=310 MAR=1.73 pos=7/8 :: k3 fib0.786 lb6 conf4 fvg1 sl0.05 3R all h4t0 w48
[03:34:30]   ★★★ FULL GATE PASS :: PF=1.350 /yr=432 MAR=1.89 pos=7/8 :: k3 fib0.786 lb6 conf4 fvg1 sl0.05 3R all h4t0 w96
[03:34:30]   ★★★ FULL GATE PASS :: PF=1.459 /yr=237 MAR=2.02 pos=7/8 :: k3 fib0.786 lb6 conf4 fvg1 sl0.05 3R all h4t1 w96
[03:34:30]   ★★★ FULL GATE PASS :: PF=1.526 /yr=244 MAR=1.90 pos=8/8 :: k3 fib0.786 lb6 conf4 fvg1 sl0.05 3R kz h4t0 w96
[03:34:30]   ★★★ FULL GATE PASS :: PF=1.314 /yr=438 MAR=1.93 pos=7/8 :: k3 fib0.786 lb6 conf4 fvg1 sl0.1 bsl all h4t0 w96
[03:34:30]   ★★★ FULL GATE PASS :: PF=1.492 /yr=249 MAR=1.80 pos=7/8 :: k3 fib0.786 lb6 conf4 fvg1 sl0.1 bsl kz h4t0 w96
[03:34:31]   ★★★ FULL GATE PASS :: PF=1.437 /yr=249 MAR=1.97 pos=8/8 :: k3 fib0.786 lb6 conf4 fvg1 sl0.1 2R kz h4t0 w96
[03:34:31]   13,000/27,648 (47%) | 484s el, ETA 545s | kept=13,000 thin=0 | best PF=1.891
[03:34:31]   ★★★ FULL GATE PASS :: PF=1.308 /yr=438 MAR=1.80 pos=7/8 :: k3 fib0.786 lb6 conf4 fvg1 sl0.1 3R all h4t0 w96
[03:34:31]   ★★★ FULL GATE PASS :: PF=1.473 /yr=249 MAR=1.75 pos=8/8 :: k3 fib0.786 lb6 conf4 fvg1 sl0.1 3R kz h4t0 w96
[03:34:33]   ★★★ FULL GATE PASS :: PF=1.345 /yr=396 MAR=1.86 pos=7/8 :: k3 fib0.786 lb6 conf5 fvg0 sl0.05 bsl all h4t0 w96
[03:34:33]   ★★★ FULL GATE PASS :: PF=1.531 /yr=225 MAR=1.61 pos=8/8 :: k3 fib0.786 lb6 conf5 fvg0 sl0.05 bsl kz h4t0 w96
[03:34:33]   ★★★ FULL GATE PASS :: PF=1.390 /yr=217 MAR=2.07 pos=7/8 :: k3 fib0.786 lb6 conf5 fvg0 sl0.05 2R all h4t1 w96
[03:34:33]   ★★★ FULL GATE PASS :: PF=1.493 /yr=225 MAR=1.86 pos=8/8 :: k3 fib0.786 lb6 conf5 fvg0 sl0.05 2R kz h4t0 w96
[03:34:33]   ★★★ FULL GATE PASS :: PF=1.318 /yr=284 MAR=1.62 pos=7/8 :: k3 fib0.786 lb6 conf5 fvg0 sl0.05 3R all h4t0 w48
[03:34:33]   ★★★ FULL GATE PASS :: PF=1.335 /yr=396 MAR=1.75 pos=7/8 :: k3 fib0.786 lb6 conf5 fvg0 sl0.05 3R all h4t0 w96
[03:34:33]   ★★★ FULL GATE PASS :: PF=1.506 /yr=225 MAR=1.56 pos=8/8 :: k3 fib0.786 lb6 conf5 fvg0 sl0.05 3R kz h4t0 w96
[03:34:34]   ★★★ FULL GATE PASS :: PF=1.430 /yr=229 MAR=1.79 pos=8/8 :: k3 fib0.786 lb6 conf5 fvg0 sl0.1 2R kz h4t0 w96
[03:34:35]   ★★★ FULL GATE PASS :: PF=1.345 /yr=396 MAR=1.86 pos=7/8 :: k3 fib0.786 lb6 conf5 fvg1 sl0.05 bsl all h4t0 w96
[03:34:35]   ★★★ FULL GATE PASS :: PF=1.531 /yr=225 MAR=1.61 pos=8/8 :: k3 fib0.786 lb6 conf5 fvg1 sl0.05 bsl kz h4t0 w96
[03:34:36]   ★★★ FULL GATE PASS :: PF=1.390 /yr=217 MAR=2.07 pos=7/8 :: k3 fib0.786 lb6 conf5 fvg1 sl0.05 2R all h4t1 w96
[03:34:36]   ★★★ FULL GATE PASS :: PF=1.493 /yr=225 MAR=1.86 pos=8/8 :: k3 fib0.786 lb6 conf5 fvg1 sl0.05 2R kz h4t0 w96
[03:34:36]   ★★★ FULL GATE PASS :: PF=1.318 /yr=284 MAR=1.62 pos=7/8 :: k3 fib0.786 lb6 conf5 fvg1 sl0.05 3R all h4t0 w48
[03:34:36]   ★★★ FULL GATE PASS :: PF=1.335 /yr=396 MAR=1.75 pos=7/8 :: k3 fib0.786 lb6 conf5 fvg1 sl0.05 3R all h4t0 w96
[03:34:36]   ★★★ FULL GATE PASS :: PF=1.506 /yr=225 MAR=1.56 pos=8/8 :: k3 fib0.786 lb6 conf5 fvg1 sl0.05 3R kz h4t0 w96
[03:34:36]   ★★★ FULL GATE PASS :: PF=1.430 /yr=229 MAR=1.79 pos=8/8 :: k3 fib0.786 lb6 conf5 fvg1 sl0.1 2R kz h4t0 w96
[03:34:38]   ★★★ FULL GATE PASS :: PF=1.346 /yr=567 MAR=1.77 pos=7/8 :: k3 fib0.786 lb10 conf3 fvg0 sl0.05 bsl all h4t0 w96
[03:34:38]   ★★★ FULL GATE PASS :: PF=1.451 /yr=303 MAR=2.31 pos=7/8 :: k3 fib0.786 lb10 conf3 fvg0 sl0.05 bsl all h4t1 w96
[03:34:38]   ★★★ FULL GATE PASS :: PF=1.547 /yr=235 MAR=1.82 pos=7/8 :: k3 fib0.786 lb10 conf3 fvg0 sl0.05 bsl kz h4t0 w48
[03:34:38]   ★★★ FULL GATE PASS :: PF=1.537 /yr=317 MAR=1.72 pos=7/8 :: k3 fib0.786 lb10 conf3 fvg0 sl0.05 bsl kz h4t0 w96
[03:34:39]   ★★★ FULL GATE PASS :: PF=1.357 /yr=303 MAR=2.27 pos=8/8 :: k3 fib0.786 lb10 conf3 fvg0 sl0.05 2R all h4t1 w96
[03:34:39]   ★★★ FULL GATE PASS :: PF=1.415 /yr=317 MAR=1.51 pos=8/8 :: k3 fib0.786 lb10 conf3 fvg0 sl0.05 2R kz h4t0 w96
[03:34:39]   ★★★ FULL GATE PASS :: PF=1.336 /yr=567 MAR=1.66 pos=7/8 :: k3 fib0.786 lb10 conf3 fvg0 sl0.05 3R all h4t0 w96
[03:34:39]   ★★★ FULL GATE PASS :: PF=1.450 /yr=219 MAR=1.68 pos=7/8 :: k3 fib0.786 lb10 conf3 fvg0 sl0.05 3R all h4t1 w48
[03:34:39]   ★★★ FULL GATE PASS :: PF=1.450 /yr=303 MAR=3.14 pos=8/8 :: k3 fib0.786 lb10 conf3 fvg0 sl0.05 3R all h4t1 w96
[03:34:39]   ★★★ FULL GATE PASS :: PF=1.513 /yr=235 MAR=1.71 pos=8/8 :: k3 fib0.786 lb10 conf3 fvg0 sl0.05 3R kz h4t0 w48
[03:34:39]   ★★★ FULL GATE PASS :: PF=1.515 /yr=317 MAR=1.69 pos=7/8 :: k3 fib0.786 lb10 conf3 fvg0 sl0.05 3R kz h4t0 w96
[03:34:39]   ★★★ FULL GATE PASS :: PF=1.368 /yr=309 MAR=1.79 pos=7/8 :: k3 fib0.786 lb10 conf3 fvg0 sl0.1 bsl all h4t1 w96
[03:34:39]   ★★★ FULL GATE PASS :: PF=1.475 /yr=239 MAR=1.55 pos=7/8 :: k3 fib0.786 lb10 conf3 fvg0 sl0.1 bsl kz h4t0 w48
[03:34:39]   ★★★ FULL GATE PASS :: PF=1.470 /yr=323 MAR=1.51 pos=7/8 :: k3 fib0.786 lb10 conf3 fvg0 sl0.1 bsl kz h4t0 w96
[03:34:40]   ★★★ FULL GATE PASS :: PF=1.367 /yr=309 MAR=1.72 pos=7/8 :: k3 fib0.786 lb10 conf3 fvg0 sl0.1 3R all h4t1 w96
[03:34:40]   ★★★ FULL GATE PASS :: PF=1.465 /yr=323 MAR=1.51 pos=7/8 :: k3 fib0.786 lb10 conf3 fvg0 sl0.1 3R kz h4t0 w96
[03:34:42]   ★★★ FULL GATE PASS :: PF=1.383 /yr=464 MAR=2.27 pos=7/8 :: k3 fib0.786 lb10 conf3 fvg1 sl0.05 bsl all h4t0 w96
[03:34:42]   ★★★ FULL GATE PASS :: PF=1.488 /yr=251 MAR=2.01 pos=7/8 :: k3 fib0.786 lb10 conf3 fvg1 sl0.05 bsl all h4t1 w96
[03:34:42]   ★★★ FULL GATE PASS :: PF=1.574 /yr=263 MAR=2.21 pos=8/8 :: k3 fib0.786 lb10 conf3 fvg1 sl0.05 bsl kz h4t0 w96
[03:34:42]   ★★★ FULL GATE PASS :: PF=1.415 /yr=251 MAR=2.66 pos=8/8 :: k3 fib0.786 lb10 conf3 fvg1 sl0.05 2R all h4t1 w96
[03:34:42]   ★★★ FULL GATE PASS :: PF=1.497 /yr=263 MAR=1.63 pos=8/8 :: k3 fib0.786 lb10 conf3 fvg1 sl0.05 2R kz h4t0 w96
[03:34:42]   ★★★ FULL GATE PASS :: PF=1.345 /yr=333 MAR=1.74 pos=7/8 :: k3 fib0.786 lb10 conf3 fvg1 sl0.05 3R all h4t0 w48
[03:34:42]   ★★★ FULL GATE PASS :: PF=1.364 /yr=464 MAR=1.75 pos=7/8 :: k3 fib0.786 lb10 conf3 fvg1 sl0.05 3R all h4t0 w96
[03:34:42]   ★★★ FULL GATE PASS :: PF=1.484 /yr=251 MAR=2.33 pos=7/8 :: k3 fib0.786 lb10 conf3 fvg1 sl0.05 3R all h4t1 w96
[03:34:42]   ★★★ FULL GATE PASS :: PF=1.541 /yr=263 MAR=2.07 pos=8/8 :: k3 fib0.786 lb10 conf3 fvg1 sl0.05 3R kz h4t0 w96
[03:34:43]   ★★★ FULL GATE PASS :: PF=1.326 /yr=471 MAR=1.77 pos=7/8 :: k3 fib0.786 lb10 conf3 fvg1 sl0.1 bsl all h4t0 w96
[03:34:43]   ★★★ FULL GATE PASS :: PF=1.504 /yr=268 MAR=1.94 pos=7/8 :: k3 fib0.786 lb10 conf3 fvg1 sl0.1 bsl kz h4t0 w96
[03:34:43]   ★★★ FULL GATE PASS :: PF=1.323 /yr=256 MAR=1.72 pos=7/8 :: k3 fib0.786 lb10 conf3 fvg1 sl0.1 2R all h4t1 w96
[03:34:43]   ★★★ FULL GATE PASS :: PF=1.441 /yr=268 MAR=1.56 pos=8/8 :: k3 fib0.786 lb10 conf3 fvg1 sl0.1 2R kz h4t0 w96
[03:34:43]   ★★★ FULL GATE PASS :: PF=1.322 /yr=471 MAR=1.68 pos=7/8 :: k3 fib0.786 lb10 conf3 fvg1 sl0.1 3R all h4t0 w96
[03:34:43]   ★★★ FULL GATE PASS :: PF=1.487 /yr=268 MAR=1.91 pos=8/8 :: k3 fib0.786 lb10 conf3 fvg1 sl0.1 3R kz h4t0 w96
[03:34:45]   ★★★ FULL GATE PASS :: PF=1.361 /yr=540 MAR=1.89 pos=7/8 :: k3 fib0.786 lb10 conf4 fvg0 sl0.05 bsl all h4t0 w96
[03:34:45]   ★★★ FULL GATE PASS :: PF=1.467 /yr=288 MAR=2.36 pos=7/8 :: k3 fib0.786 lb10 conf4 fvg0 sl0.05 bsl all h4t1 w96
[03:34:45]   ★★★ FULL GATE PASS :: PF=1.562 /yr=223 MAR=1.99 pos=7/8 :: k3 fib0.786 lb10 conf4 fvg0 sl0.05 bsl kz h4t0 w48
[03:34:45]   ★★★ FULL GATE PASS :: PF=1.549 /yr=303 MAR=1.86 pos=7/8 :: k3 fib0.786 lb10 conf4 fvg0 sl0.05 bsl kz h4t0 w96
[03:34:45]   ★★★ FULL GATE PASS :: PF=1.343 /yr=207 MAR=1.52 pos=7/8 :: k3 fib0.786 lb10 conf4 fvg0 sl0.05 2R all h4t1 w48
[03:34:45]   ★★★ FULL GATE PASS :: PF=1.383 /yr=288 MAR=2.54 pos=8/8 :: k3 fib0.786 lb10 conf4 fvg0 sl0.05 2R all h4t1 w96
[03:34:45]   ★★★ FULL GATE PASS :: PF=1.444 /yr=303 MAR=1.59 pos=8/8 :: k3 fib0.786 lb10 conf4 fvg0 sl0.05 2R kz h4t0 w96
[03:34:46]   ★★★ FULL GATE PASS :: PF=1.350 /yr=540 MAR=1.78 pos=7/8 :: k3 fib0.786 lb10 conf4 fvg0 sl0.05 3R all h4t0 w96
[03:34:46]   ★★★ FULL GATE PASS :: PF=1.466 /yr=207 MAR=1.65 pos=7/8 :: k3 fib0.786 lb10 conf4 fvg0 sl0.05 3R all h4t1 w48
[03:34:46]   ★★★ FULL GATE PASS :: PF=1.465 /yr=288 MAR=3.27 pos=8/8 :: k3 fib0.786 lb10 conf4 fvg0 sl0.05 3R all h4t1 w96
[03:34:46]   ★★★ FULL GATE PASS :: PF=1.530 /yr=223 MAR=1.89 pos=8/8 :: k3 fib0.786 lb10 conf4 fvg0 sl0.05 3R kz h4t0 w48
[03:34:46]   ★★★ FULL GATE PASS :: PF=1.527 /yr=303 MAR=1.85 pos=8/8 :: k3 fib0.786 lb10 conf4 fvg0 sl0.05 3R kz h4t0 w96
[03:34:46]   ★★★ FULL GATE PASS :: PF=1.315 /yr=548 MAR=1.67 pos=7/8 :: k3 fib0.786 lb10 conf4 fvg0 sl0.1 bsl all h4t0 w96
[03:34:46]   ★★★ FULL GATE PASS :: PF=1.391 /yr=293 MAR=1.88 pos=7/8 :: k3 fib0.786 lb10 conf4 fvg0 sl0.1 bsl all h4t1 w96
[03:34:46]   ★★★ FULL GATE PASS :: PF=1.496 /yr=227 MAR=1.75 pos=7/8 :: k3 fib0.786 lb10 conf4 fvg0 sl0.1 bsl kz h4t0 w48
[03:34:46]   ★★★ FULL GATE PASS :: PF=1.486 /yr=308 MAR=1.66 pos=7/8 :: k3 fib0.786 lb10 conf4 fvg0 sl0.1 bsl kz h4t0 w96
[03:34:46]   ★★★ FULL GATE PASS :: PF=1.305 /yr=293 MAR=1.72 pos=7/8 :: k3 fib0.786 lb10 conf4 fvg0 sl0.1 2R all h4t1 w96
[03:34:46]   ★★★ FULL GATE PASS :: PF=1.400 /yr=308 MAR=1.59 pos=8/8 :: k3 fib0.786 lb10 conf4 fvg0 sl0.1 2R kz h4t0 w96
[03:34:46]   ★★★ FULL GATE PASS :: PF=1.310 /yr=548 MAR=1.63 pos=7/8 :: k3 fib0.786 lb10 conf4 fvg0 sl0.1 3R all h4t0 w96
[03:34:47]   ★★★ FULL GATE PASS :: PF=1.388 /yr=293 MAR=1.77 pos=7/8 :: k3 fib0.786 lb10 conf4 fvg0 sl0.1 3R all h4t1 w96
[03:34:47]   ★★★ FULL GATE PASS :: PF=1.481 /yr=227 MAR=1.69 pos=7/8 :: k3 fib0.786 lb10 conf4 fvg0 sl0.1 3R kz h4t0 w48
[03:34:47]   ★★★ FULL GATE PASS :: PF=1.478 /yr=308 MAR=1.63 pos=7/8 :: k3 fib0.786 lb10 conf4 fvg0 sl0.1 3R kz h4t0 w96
[03:34:47]   13,500/27,648 (49%) | 501s el, ETA 525s | kept=13,500 thin=0 | best PF=1.891
[03:34:49]   ★★★ FULL GATE PASS :: PF=1.383 /yr=464 MAR=2.27 pos=7/8 :: k3 fib0.786 lb10 conf4 fvg1 sl0.05 bsl all h4t0 w96
[03:34:49]   ★★★ FULL GATE PASS :: PF=1.488 /yr=251 MAR=2.01 pos=7/8 :: k3 fib0.786 lb10 conf4 fvg1 sl0.05 bsl all h4t1 w96
[03:34:49]   ★★★ FULL GATE PASS :: PF=1.574 /yr=263 MAR=2.21 pos=8/8 :: k3 fib0.786 lb10 conf4 fvg1 sl0.05 bsl kz h4t0 w96
[03:34:49]   ★★★ FULL GATE PASS :: PF=1.415 /yr=251 MAR=2.66 pos=8/8 :: k3 fib0.786 lb10 conf4 fvg1 sl0.05 2R all h4t1 w96
[03:34:49]   ★★★ FULL GATE PASS :: PF=1.497 /yr=263 MAR=1.63 pos=8/8 :: k3 fib0.786 lb10 conf4 fvg1 sl0.05 2R kz h4t0 w96
[03:34:49]   ★★★ FULL GATE PASS :: PF=1.345 /yr=333 MAR=1.74 pos=7/8 :: k3 fib0.786 lb10 conf4 fvg1 sl0.05 3R all h4t0 w48
[03:34:49]   ★★★ FULL GATE PASS :: PF=1.364 /yr=464 MAR=1.75 pos=7/8 :: k3 fib0.786 lb10 conf4 fvg1 sl0.05 3R all h4t0 w96
[03:34:49]   ★★★ FULL GATE PASS :: PF=1.484 /yr=251 MAR=2.33 pos=7/8 :: k3 fib0.786 lb10 conf4 fvg1 sl0.05 3R all h4t1 w96
[03:34:49]   ★★★ FULL GATE PASS :: PF=1.541 /yr=263 MAR=2.07 pos=8/8 :: k3 fib0.786 lb10 conf4 fvg1 sl0.05 3R kz h4t0 w96
[03:34:49]   ★★★ FULL GATE PASS :: PF=1.326 /yr=471 MAR=1.77 pos=7/8 :: k3 fib0.786 lb10 conf4 fvg1 sl0.1 bsl all h4t0 w96
[03:34:49]   ★★★ FULL GATE PASS :: PF=1.504 /yr=268 MAR=1.94 pos=7/8 :: k3 fib0.786 lb10 conf4 fvg1 sl0.1 bsl kz h4t0 w96
[03:34:50]   ★★★ FULL GATE PASS :: PF=1.323 /yr=256 MAR=1.72 pos=7/8 :: k3 fib0.786 lb10 conf4 fvg1 sl0.1 2R all h4t1 w96
[03:34:50]   ★★★ FULL GATE PASS :: PF=1.441 /yr=268 MAR=1.56 pos=8/8 :: k3 fib0.786 lb10 conf4 fvg1 sl0.1 2R kz h4t0 w96
[03:34:50]   ★★★ FULL GATE PASS :: PF=1.322 /yr=471 MAR=1.68 pos=7/8 :: k3 fib0.786 lb10 conf4 fvg1 sl0.1 3R all h4t0 w96
[03:34:50]   ★★★ FULL GATE PASS :: PF=1.487 /yr=268 MAR=1.91 pos=8/8 :: k3 fib0.786 lb10 conf4 fvg1 sl0.1 3R kz h4t0 w96
[03:34:52]   ★★★ FULL GATE PASS :: PF=1.360 /yr=423 MAR=1.86 pos=7/8 :: k3 fib0.786 lb10 conf5 fvg0 sl0.05 bsl all h4t0 w96
[03:34:52]   ★★★ FULL GATE PASS :: PF=1.549 /yr=240 MAR=1.64 pos=8/8 :: k3 fib0.786 lb10 conf5 fvg0 sl0.05 bsl kz h4t0 w96
[03:34:52]   ★★★ FULL GATE PASS :: PF=1.397 /yr=230 MAR=2.21 pos=7/8 :: k3 fib0.786 lb10 conf5 fvg0 sl0.05 2R all h4t1 w96
[03:34:52]   ★★★ FULL GATE PASS :: PF=1.496 /yr=240 MAR=1.78 pos=8/8 :: k3 fib0.786 lb10 conf5 fvg0 sl0.05 2R kz h4t0 w96
[03:34:52]   ★★★ FULL GATE PASS :: PF=1.346 /yr=423 MAR=1.71 pos=7/8 :: k3 fib0.786 lb10 conf5 fvg0 sl0.05 3R all h4t0 w96
[03:34:52]   ★★★ FULL GATE PASS :: PF=1.468 /yr=230 MAR=1.60 pos=7/8 :: k3 fib0.786 lb10 conf5 fvg0 sl0.05 3R all h4t1 w96
[03:34:52]   ★★★ FULL GATE PASS :: PF=1.524 /yr=240 MAR=1.59 pos=8/8 :: k3 fib0.786 lb10 conf5 fvg0 sl0.05 3R kz h4t0 w96
[03:34:53]   ★★★ FULL GATE PASS :: PF=1.436 /yr=245 MAR=1.71 pos=8/8 :: k3 fib0.786 lb10 conf5 fvg0 sl0.1 2R kz h4t0 w96
[03:34:55]   ★★★ FULL GATE PASS :: PF=1.360 /yr=423 MAR=1.86 pos=7/8 :: k3 fib0.786 lb10 conf5 fvg1 sl0.05 bsl all h4t0 w96
[03:34:55]   ★★★ FULL GATE PASS :: PF=1.549 /yr=240 MAR=1.64 pos=8/8 :: k3 fib0.786 lb10 conf5 fvg1 sl0.05 bsl kz h4t0 w96
[03:34:55]   ★★★ FULL GATE PASS :: PF=1.397 /yr=230 MAR=2.21 pos=7/8 :: k3 fib0.786 lb10 conf5 fvg1 sl0.05 2R all h4t1 w96
[03:34:55]   ★★★ FULL GATE PASS :: PF=1.496 /yr=240 MAR=1.78 pos=8/8 :: k3 fib0.786 lb10 conf5 fvg1 sl0.05 2R kz h4t0 w96
[03:34:55]   ★★★ FULL GATE PASS :: PF=1.346 /yr=423 MAR=1.71 pos=7/8 :: k3 fib0.786 lb10 conf5 fvg1 sl0.05 3R all h4t0 w96
[03:34:55]   ★★★ FULL GATE PASS :: PF=1.468 /yr=230 MAR=1.60 pos=7/8 :: k3 fib0.786 lb10 conf5 fvg1 sl0.05 3R all h4t1 w96
[03:34:55]   ★★★ FULL GATE PASS :: PF=1.524 /yr=240 MAR=1.59 pos=8/8 :: k3 fib0.786 lb10 conf5 fvg1 sl0.05 3R kz h4t0 w96
[03:34:56]   ★★★ FULL GATE PASS :: PF=1.436 /yr=245 MAR=1.71 pos=8/8 :: k3 fib0.786 lb10 conf5 fvg1 sl0.1 2R kz h4t0 w96
[03:35:02]   14,000/27,648 (51%) | 515s el, ETA 502s | kept=14,000 thin=0 | best PF=1.891
[03:35:15]   14,500/27,648 (52%) | 528s el, ETA 479s | kept=14,500 thin=0 | best PF=1.891
[03:35:28]   15,000/27,648 (54%) | 541s el, ETA 456s | kept=15,000 thin=0 | best PF=1.891
[03:35:42]   15,500/27,648 (56%) | 556s el, ETA 436s | kept=15,500 thin=0 | best PF=1.891
[03:35:55]   16,000/27,648 (58%) | 568s el, ETA 413s | kept=16,000 thin=0 | best PF=1.891
[03:36:08]   16,500/27,648 (60%) | 581s el, ETA 392s | kept=16,500 thin=0 | best PF=1.891
[03:36:21]   17,000/27,648 (61%) | 595s el, ETA 372s | kept=17,000 thin=0 | best PF=1.891
[03:36:34]   17,500/27,648 (63%) | 607s el, ETA 352s | kept=17,500 thin=0 | best PF=1.891
[03:36:42]   ★★★ FULL GATE PASS :: PF=1.326 /yr=234 MAR=1.56 pos=7/8 :: k4 fib0.705 lb6 conf3 fvg0 sl0.05 2R kz h4t0 w96
[03:36:45]   ★★★ FULL GATE PASS :: PF=1.336 /yr=208 MAR=1.80 pos=8/8 :: k4 fib0.705 lb6 conf3 fvg1 sl0.05 2R kz h4t0 w96
[03:36:46]   ★★★ FULL GATE PASS :: PF=1.341 /yr=209 MAR=1.69 pos=7/8 :: k4 fib0.705 lb6 conf3 fvg1 sl0.1 2R kz h4t0 w96
[03:36:46]   18,000/27,648 (65%) | 619s el, ETA 332s | kept=18,000 thin=0 | best PF=1.891
[03:36:48]   ★★★ FULL GATE PASS :: PF=1.325 /yr=227 MAR=1.66 pos=7/8 :: k4 fib0.705 lb6 conf4 fvg0 sl0.05 2R kz h4t0 w96
[03:36:48]   ★★★ FULL GATE PASS :: PF=1.341 /yr=229 MAR=1.69 pos=7/8 :: k4 fib0.705 lb6 conf4 fvg0 sl0.1 2R kz h4t0 w96
[03:36:50]   ★★★ FULL GATE PASS :: PF=1.336 /yr=208 MAR=1.80 pos=8/8 :: k4 fib0.705 lb6 conf4 fvg1 sl0.05 2R kz h4t0 w96
[03:36:51]   ★★★ FULL GATE PASS :: PF=1.341 /yr=209 MAR=1.69 pos=7/8 :: k4 fib0.705 lb6 conf4 fvg1 sl0.1 2R kz h4t0 w96
[03:36:58]   ★★★ FULL GATE PASS :: PF=1.314 /yr=251 MAR=1.62 pos=8/8 :: k4 fib0.705 lb10 conf3 fvg0 sl0.05 2R kz h4t0 w96
[03:36:59]   18,500/27,648 (67%) | 632s el, ETA 313s | kept=18,500 thin=0 | best PF=1.891
[03:37:00]   ★★★ FULL GATE PASS :: PF=1.323 /yr=222 MAR=1.80 pos=8/8 :: k4 fib0.705 lb10 conf3 fvg1 sl0.05 2R kz h4t0 w96
[03:37:01]   ★★★ FULL GATE PASS :: PF=1.323 /yr=223 MAR=1.72 pos=8/8 :: k4 fib0.705 lb10 conf3 fvg1 sl0.1 2R kz h4t0 w96
[03:37:03]   ★★★ FULL GATE PASS :: PF=1.311 /yr=243 MAR=1.65 pos=8/8 :: k4 fib0.705 lb10 conf4 fvg0 sl0.05 2R kz h4t0 w96
[03:37:04]   ★★★ FULL GATE PASS :: PF=1.316 /yr=245 MAR=1.66 pos=7/8 :: k4 fib0.705 lb10 conf4 fvg0 sl0.1 2R kz h4t0 w96
[03:37:06]   ★★★ FULL GATE PASS :: PF=1.323 /yr=222 MAR=1.80 pos=8/8 :: k4 fib0.705 lb10 conf4 fvg1 sl0.05 2R kz h4t0 w96
[03:37:06]   ★★★ FULL GATE PASS :: PF=1.323 /yr=223 MAR=1.72 pos=8/8 :: k4 fib0.705 lb10 conf4 fvg1 sl0.1 2R kz h4t0 w96
[03:37:08]   ★★★ FULL GATE PASS :: PF=1.317 /yr=206 MAR=1.52 pos=8/8 :: k4 fib0.705 lb10 conf5 fvg0 sl0.05 2R kz h4t0 w96
[03:37:09]   ★★★ FULL GATE PASS :: PF=1.314 /yr=208 MAR=1.56 pos=7/8 :: k4 fib0.705 lb10 conf5 fvg0 sl0.1 2R kz h4t0 w96
[03:37:11]   ★★★ FULL GATE PASS :: PF=1.317 /yr=206 MAR=1.52 pos=8/8 :: k4 fib0.705 lb10 conf5 fvg1 sl0.05 2R kz h4t0 w96
[03:37:11]   ★★★ FULL GATE PASS :: PF=1.314 /yr=208 MAR=1.56 pos=7/8 :: k4 fib0.705 lb10 conf5 fvg1 sl0.1 2R kz h4t0 w96
[03:37:13]   19,000/27,648 (69%) | 646s el, ETA 294s | kept=19,000 thin=0 | best PF=1.891
[03:37:13]   ★★★ FULL GATE PASS :: PF=1.370 /yr=303 MAR=2.12 pos=7/8 :: k4 fib0.786 lb3 conf3 fvg0 sl0.05 2R all h4t0 w96
[03:37:13]   ★★★ FULL GATE PASS :: PF=1.390 /yr=210 MAR=2.00 pos=7/8 :: k4 fib0.786 lb3 conf3 fvg0 sl0.05 3R all h4t0 w48
[03:37:13]   ★★★ FULL GATE PASS :: PF=1.427 /yr=303 MAR=2.81 pos=7/8 :: k4 fib0.786 lb3 conf3 fvg0 sl0.05 3R all h4t0 w96
[03:37:15]   ★★★ FULL GATE PASS :: PF=1.388 /yr=269 MAR=2.18 pos=7/8 :: k4 fib0.786 lb3 conf3 fvg1 sl0.05 2R all h4t0 w96
[03:37:18]   ★★★ FULL GATE PASS :: PF=1.375 /yr=295 MAR=2.01 pos=7/8 :: k4 fib0.786 lb3 conf4 fvg0 sl0.05 2R all h4t0 w96
[03:37:18]   ★★★ FULL GATE PASS :: PF=1.389 /yr=204 MAR=1.95 pos=7/8 :: k4 fib0.786 lb3 conf4 fvg0 sl0.05 3R all h4t0 w48
[03:37:18]   ★★★ FULL GATE PASS :: PF=1.431 /yr=295 MAR=2.76 pos=8/8 :: k4 fib0.786 lb3 conf4 fvg0 sl0.05 3R all h4t0 w96
[03:37:20]   ★★★ FULL GATE PASS :: PF=1.388 /yr=269 MAR=2.18 pos=7/8 :: k4 fib0.786 lb3 conf4 fvg1 sl0.05 2R all h4t0 w96
[03:37:22]   ★★★ FULL GATE PASS :: PF=1.389 /yr=251 MAR=1.94 pos=7/8 :: k4 fib0.786 lb3 conf5 fvg0 sl0.05 2R all h4t0 w96
[03:37:24]   ★★★ FULL GATE PASS :: PF=1.389 /yr=251 MAR=1.94 pos=7/8 :: k4 fib0.786 lb3 conf5 fvg1 sl0.05 2R all h4t0 w96
[03:37:24]   19,500/27,648 (71%) | 658s el, ETA 275s | kept=19,500 thin=0 | best PF=1.891
[03:37:26]   ★★★ FULL GATE PASS :: PF=1.599 /yr=208 MAR=2.05 pos=8/8 :: k4 fib0.786 lb6 conf3 fvg0 sl0.05 bsl kz h4t0 w96
[03:37:26]   ★★★ FULL GATE PASS :: PF=1.340 /yr=359 MAR=2.00 pos=7/8 :: k4 fib0.786 lb6 conf3 fvg0 sl0.05 2R all h4t0 w96
[03:37:26]   ★★★ FULL GATE PASS :: PF=1.522 /yr=208 MAR=2.58 pos=8/8 :: k4 fib0.786 lb6 conf3 fvg0 sl0.05 2R kz h4t0 w96
[03:37:26]   ★★★ FULL GATE PASS :: PF=1.378 /yr=251 MAR=1.76 pos=7/8 :: k4 fib0.786 lb6 conf3 fvg0 sl0.05 3R all h4t0 w48
[03:37:26]   ★★★ FULL GATE PASS :: PF=1.422 /yr=359 MAR=2.54 pos=7/8 :: k4 fib0.786 lb6 conf3 fvg0 sl0.05 3R all h4t0 w96
[03:37:27]   ★★★ FULL GATE PASS :: PF=1.597 /yr=208 MAR=2.65 pos=8/8 :: k4 fib0.786 lb6 conf3 fvg0 sl0.05 3R kz h4t0 w96
[03:37:27]   ★★★ FULL GATE PASS :: PF=1.562 /yr=210 MAR=1.85 pos=7/8 :: k4 fib0.786 lb6 conf3 fvg0 sl0.1 bsl kz h4t0 w96
[03:37:27]   ★★★ FULL GATE PASS :: PF=1.491 /yr=210 MAR=2.15 pos=8/8 :: k4 fib0.786 lb6 conf3 fvg0 sl0.1 2R kz h4t0 w96
[03:37:27]   ★★★ FULL GATE PASS :: PF=1.550 /yr=210 MAR=2.01 pos=8/8 :: k4 fib0.786 lb6 conf3 fvg0 sl0.1 3R kz h4t0 w96
[03:37:29]   ★★★ FULL GATE PASS :: PF=1.381 /yr=314 MAR=2.21 pos=7/8 :: k4 fib0.786 lb6 conf3 fvg1 sl0.05 2R all h4t0 w96
[03:37:29]   ★★★ FULL GATE PASS :: PF=1.452 /yr=314 MAR=2.64 pos=7/8 :: k4 fib0.786 lb6 conf3 fvg1 sl0.05 3R all h4t0 w96
[03:37:31]   ★★★ FULL GATE PASS :: PF=1.603 /yr=202 MAR=1.84 pos=7/8 :: k4 fib0.786 lb6 conf4 fvg0 sl0.05 bsl kz h4t0 w96
[03:37:31]   ★★★ FULL GATE PASS :: PF=1.354 /yr=347 MAR=2.04 pos=7/8 :: k4 fib0.786 lb6 conf4 fvg0 sl0.05 2R all h4t0 w96
[03:37:31]   ★★★ FULL GATE PASS :: PF=1.532 /yr=202 MAR=2.59 pos=8/8 :: k4 fib0.786 lb6 conf4 fvg0 sl0.05 2R kz h4t0 w96
[03:37:32]   ★★★ FULL GATE PASS :: PF=1.383 /yr=243 MAR=1.85 pos=7/8 :: k4 fib0.786 lb6 conf4 fvg0 sl0.05 3R all h4t0 w48
[03:37:32]   ★★★ FULL GATE PASS :: PF=1.432 /yr=347 MAR=2.67 pos=7/8 :: k4 fib0.786 lb6 conf4 fvg0 sl0.05 3R all h4t0 w96
[03:37:32]   ★★★ FULL GATE PASS :: PF=1.593 /yr=202 MAR=2.44 pos=8/8 :: k4 fib0.786 lb6 conf4 fvg0 sl0.05 3R kz h4t0 w96
[03:37:32]   ★★★ FULL GATE PASS :: PF=1.568 /yr=204 MAR=1.71 pos=7/8 :: k4 fib0.786 lb6 conf4 fvg0 sl0.1 bsl kz h4t0 w96
[03:37:32]   ★★★ FULL GATE PASS :: PF=1.500 /yr=204 MAR=2.22 pos=8/8 :: k4 fib0.786 lb6 conf4 fvg0 sl0.1 2R kz h4t0 w96
[03:37:32]   ★★★ FULL GATE PASS :: PF=1.556 /yr=204 MAR=1.89 pos=8/8 :: k4 fib0.786 lb6 conf4 fvg0 sl0.1 3R kz h4t0 w96
[03:37:34]   ★★★ FULL GATE PASS :: PF=1.381 /yr=314 MAR=2.21 pos=7/8 :: k4 fib0.786 lb6 conf4 fvg1 sl0.05 2R all h4t0 w96
[03:37:34]   ★★★ FULL GATE PASS :: PF=1.452 /yr=314 MAR=2.64 pos=7/8 :: k4 fib0.786 lb6 conf4 fvg1 sl0.05 3R all h4t0 w96
[03:37:36]   ★★★ FULL GATE PASS :: PF=1.379 /yr=291 MAR=2.02 pos=7/8 :: k4 fib0.786 lb6 conf5 fvg0 sl0.05 2R all h4t0 w96
[03:37:37]   ★★★ FULL GATE PASS :: PF=1.449 /yr=291 MAR=2.49 pos=7/8 :: k4 fib0.786 lb6 conf5 fvg0 sl0.05 3R all h4t0 w96
[03:37:37]   20,000/27,648 (72%) | 670s el, ETA 256s | kept=20,000 thin=0 | best PF=1.891
[03:37:39]   ★★★ FULL GATE PASS :: PF=1.379 /yr=291 MAR=2.02 pos=7/8 :: k4 fib0.786 lb6 conf5 fvg1 sl0.05 2R all h4t0 w96
[03:37:39]   ★★★ FULL GATE PASS :: PF=1.449 /yr=291 MAR=2.49 pos=7/8 :: k4 fib0.786 lb6 conf5 fvg1 sl0.05 3R all h4t0 w96
[03:37:41]   ★★★ FULL GATE PASS :: PF=1.591 /yr=224 MAR=2.04 pos=8/8 :: k4 fib0.786 lb10 conf3 fvg0 sl0.05 bsl kz h4t0 w96
[03:37:41]   ★★★ FULL GATE PASS :: PF=1.323 /yr=391 MAR=2.04 pos=7/8 :: k4 fib0.786 lb10 conf3 fvg0 sl0.05 2R all h4t0 w96
[03:37:41]   ★★★ FULL GATE PASS :: PF=1.412 /yr=207 MAR=3.58 pos=8/8 :: k4 fib0.786 lb10 conf3 fvg0 sl0.05 2R all h4t1 w96
[03:37:41]   ★★★ FULL GATE PASS :: PF=1.509 /yr=224 MAR=2.71 pos=8/8 :: k4 fib0.786 lb10 conf3 fvg0 sl0.05 2R kz h4t0 w96
[03:37:41]   ★★★ FULL GATE PASS :: PF=1.381 /yr=276 MAR=1.75 pos=7/8 :: k4 fib0.786 lb10 conf3 fvg0 sl0.05 3R all h4t0 w48
[03:37:41]   ★★★ FULL GATE PASS :: PF=1.411 /yr=391 MAR=2.59 pos=7/8 :: k4 fib0.786 lb10 conf3 fvg0 sl0.05 3R all h4t0 w96
[03:37:41]   ★★★ FULL GATE PASS :: PF=1.601 /yr=224 MAR=2.85 pos=8/8 :: k4 fib0.786 lb10 conf3 fvg0 sl0.05 3R kz h4t0 w96
[03:37:42]   ★★★ FULL GATE PASS :: PF=1.549 /yr=226 MAR=1.96 pos=7/8 :: k4 fib0.786 lb10 conf3 fvg0 sl0.1 bsl kz h4t0 w96
[03:37:42]   ★★★ FULL GATE PASS :: PF=1.340 /yr=210 MAR=2.10 pos=7/8 :: k4 fib0.786 lb10 conf3 fvg0 sl0.1 2R all h4t1 w96
[03:37:42]   ★★★ FULL GATE PASS :: PF=1.473 /yr=226 MAR=2.24 pos=8/8 :: k4 fib0.786 lb10 conf3 fvg0 sl0.1 2R kz h4t0 w96
[03:37:42]   ★★★ FULL GATE PASS :: PF=1.544 /yr=226 MAR=2.00 pos=8/8 :: k4 fib0.786 lb10 conf3 fvg0 sl0.1 3R kz h4t0 w96
[03:37:44]   ★★★ FULL GATE PASS :: PF=1.368 /yr=340 MAR=2.11 pos=7/8 :: k4 fib0.786 lb10 conf3 fvg1 sl0.05 2R all h4t0 w96
[03:37:44]   ★★★ FULL GATE PASS :: PF=1.416 /yr=238 MAR=2.33 pos=7/8 :: k4 fib0.786 lb10 conf3 fvg1 sl0.05 3R all h4t0 w48
[03:37:44]   ★★★ FULL GATE PASS :: PF=1.446 /yr=340 MAR=2.93 pos=7/8 :: k4 fib0.786 lb10 conf3 fvg1 sl0.05 3R all h4t0 w96
[03:37:45]   ★★★ FULL GATE PASS :: PF=1.325 /yr=343 MAR=1.77 pos=7/8 :: k4 fib0.786 lb10 conf3 fvg1 sl0.1 2R all h4t0 w96
[03:37:45]   ★★★ FULL GATE PASS :: PF=1.386 /yr=343 MAR=2.25 pos=7/8 :: k4 fib0.786 lb10 conf3 fvg1 sl0.1 3R all h4t0 w96
[03:37:45]   ★★★ FULL GATE PASS :: PF=1.401 /yr=204 MAR=1.57 pos=7/8 :: k4 fib0.786 lb10 conf3 fvg1 sl0.25 2R kz h4t0 w96
[03:37:46]   ★★★ FULL GATE PASS :: PF=1.591 /yr=217 MAR=1.90 pos=8/8 :: k4 fib0.786 lb10 conf4 fvg0 sl0.05 bsl kz h4t0 w96
[03:37:46]   ★★★ FULL GATE PASS :: PF=1.338 /yr=377 MAR=1.91 pos=7/8 :: k4 fib0.786 lb10 conf4 fvg0 sl0.05 2R all h4t0 w96
[03:37:46]   ★★★ FULL GATE PASS :: PF=1.425 /yr=200 MAR=3.56 pos=8/8 :: k4 fib0.786 lb10 conf4 fvg0 sl0.05 2R all h4t1 w96
[03:37:47]   ★★★ FULL GATE PASS :: PF=1.518 /yr=217 MAR=2.55 pos=8/8 :: k4 fib0.786 lb10 conf4 fvg0 sl0.05 2R kz h4t0 w96
[03:37:47]   ★★★ FULL GATE PASS :: PF=1.391 /yr=265 MAR=1.90 pos=7/8 :: k4 fib0.786 lb10 conf4 fvg0 sl0.05 3R all h4t0 w48
[03:37:47]   ★★★ FULL GATE PASS :: PF=1.424 /yr=377 MAR=2.86 pos=7/8 :: k4 fib0.786 lb10 conf4 fvg0 sl0.05 3R all h4t0 w96
[03:37:47]   ★★★ FULL GATE PASS :: PF=1.594 /yr=217 MAR=2.50 pos=8/8 :: k4 fib0.786 lb10 conf4 fvg0 sl0.05 3R kz h4t0 w96
[03:37:47]   ★★★ FULL GATE PASS :: PF=1.554 /yr=219 MAR=1.87 pos=7/8 :: k4 fib0.786 lb10 conf4 fvg0 sl0.1 bsl kz h4t0 w96
[03:37:47]   ★★★ FULL GATE PASS :: PF=1.349 /yr=203 MAR=2.13 pos=7/8 :: k4 fib0.786 lb10 conf4 fvg0 sl0.1 2R all h4t1 w96
[03:37:47]   ★★★ FULL GATE PASS :: PF=1.483 /yr=219 MAR=2.31 pos=8/8 :: k4 fib0.786 lb10 conf4 fvg0 sl0.1 2R kz h4t0 w96
[03:37:47]   ★★★ FULL GATE PASS :: PF=1.363 /yr=381 MAR=2.41 pos=7/8 :: k4 fib0.786 lb10 conf4 fvg0 sl0.1 3R all h4t0 w96
[03:37:47]   ★★★ FULL GATE PASS :: PF=1.549 /yr=219 MAR=1.95 pos=8/8 :: k4 fib0.786 lb10 conf4 fvg0 sl0.1 3R kz h4t0 w96
[03:37:49]   ★★★ FULL GATE PASS :: PF=1.368 /yr=340 MAR=2.11 pos=7/8 :: k4 fib0.786 lb10 conf4 fvg1 sl0.05 2R all h4t0 w96
[03:37:49]   ★★★ FULL GATE PASS :: PF=1.416 /yr=238 MAR=2.33 pos=7/8 :: k4 fib0.786 lb10 conf4 fvg1 sl0.05 3R all h4t0 w48
[03:37:49]   ★★★ FULL GATE PASS :: PF=1.446 /yr=340 MAR=2.93 pos=7/8 :: k4 fib0.786 lb10 conf4 fvg1 sl0.05 3R all h4t0 w96
[03:37:50]   ★★★ FULL GATE PASS :: PF=1.325 /yr=343 MAR=1.77 pos=7/8 :: k4 fib0.786 lb10 conf4 fvg1 sl0.1 2R all h4t0 w96
[03:37:50]   ★★★ FULL GATE PASS :: PF=1.386 /yr=343 MAR=2.25 pos=7/8 :: k4 fib0.786 lb10 conf4 fvg1 sl0.1 3R all h4t0 w96
[03:37:50]   20,500/27,648 (74%) | 684s el, ETA 238s | kept=20,500 thin=0 | best PF=1.891
[03:37:51]   ★★★ FULL GATE PASS :: PF=1.401 /yr=204 MAR=1.57 pos=7/8 :: k4 fib0.786 lb10 conf4 fvg1 sl0.25 2R kz h4t0 w96
[03:37:52]   ★★★ FULL GATE PASS :: PF=1.367 /yr=315 MAR=1.90 pos=7/8 :: k4 fib0.786 lb10 conf5 fvg0 sl0.05 2R all h4t0 w96
[03:37:52]   ★★★ FULL GATE PASS :: PF=1.424 /yr=220 MAR=2.08 pos=7/8 :: k4 fib0.786 lb10 conf5 fvg0 sl0.05 3R all h4t0 w48
[03:37:52]   ★★★ FULL GATE PASS :: PF=1.445 /yr=315 MAR=2.48 pos=7/8 :: k4 fib0.786 lb10 conf5 fvg0 sl0.05 3R all h4t0 w96
[03:37:54]   ★★★ FULL GATE PASS :: PF=1.367 /yr=315 MAR=1.90 pos=7/8 :: k4 fib0.786 lb10 conf5 fvg1 sl0.05 2R all h4t0 w96
[03:37:54]   ★★★ FULL GATE PASS :: PF=1.424 /yr=220 MAR=2.08 pos=7/8 :: k4 fib0.786 lb10 conf5 fvg1 sl0.05 3R all h4t0 w48
[03:37:54]   ★★★ FULL GATE PASS :: PF=1.445 /yr=315 MAR=2.48 pos=7/8 :: k4 fib0.786 lb10 conf5 fvg1 sl0.05 3R all h4t0 w96
[03:38:02]   21,000/27,648 (76%) | 695s el, ETA 220s | kept=21,000 thin=0 | best PF=1.891
[03:38:13]   21,500/27,648 (78%) | 706s el, ETA 202s | kept=21,500 thin=0 | best PF=1.891
[03:38:24]   22,000/27,648 (80%) | 718s el, ETA 184s | kept=22,000 thin=0 | best PF=1.891
[03:38:36]   22,500/27,648 (81%) | 730s el, ETA 167s | kept=22,500 thin=0 | best PF=1.891
[03:38:47]   23,000/27,648 (83%) | 740s el, ETA 150s | kept=23,000 thin=0 | best PF=1.891
[03:38:58]   23,500/27,648 (85%) | 752s el, ETA 133s | kept=23,500 thin=0 | best PF=1.891
[03:39:10]   24,000/27,648 (87%) | 763s el, ETA 116s | kept=24,000 thin=0 | best PF=1.891
[03:39:20]   24,500/27,648 (89%) | 774s el, ETA 99s | kept=24,500 thin=0 | best PF=1.891
[03:39:31]   25,000/27,648 (90%) | 784s el, ETA 83s | kept=25,000 thin=0 | best PF=1.891
[03:39:42]   25,500/27,648 (92%) | 795s el, ETA 67s | kept=25,500 thin=0 | best PF=1.891
[03:39:52]   ★★★ FULL GATE PASS :: PF=1.408 /yr=223 MAR=1.87 pos=7/8 :: k5 fib0.786 lb3 conf3 fvg0 sl0.05 bsl all h4t0 w96
[03:39:52]   ★★★ FULL GATE PASS :: PF=1.394 /yr=223 MAR=1.54 pos=7/8 :: k5 fib0.786 lb3 conf3 fvg0 sl0.05 3R all h4t0 w96
[03:39:53]   26,000/27,648 (94%) | 807s el, ETA 51s | kept=26,000 thin=0 | best PF=1.891
[03:39:54]   ★★★ FULL GATE PASS :: PF=1.462 /yr=204 MAR=2.32 pos=7/8 :: k5 fib0.786 lb3 conf3 fvg1 sl0.05 bsl all h4t0 w96
[03:39:54]   ★★★ FULL GATE PASS :: PF=1.454 /yr=204 MAR=2.01 pos=7/8 :: k5 fib0.786 lb3 conf3 fvg1 sl0.05 3R all h4t0 w96
[03:39:54]   ★★★ FULL GATE PASS :: PF=1.384 /yr=206 MAR=1.58 pos=7/8 :: k5 fib0.786 lb3 conf3 fvg1 sl0.1 3R all h4t0 w96
[03:39:55]   ★★★ FULL GATE PASS :: PF=1.424 /yr=219 MAR=2.16 pos=7/8 :: k5 fib0.786 lb3 conf4 fvg0 sl0.05 bsl all h4t0 w96
[03:39:56]   ★★★ FULL GATE PASS :: PF=1.411 /yr=219 MAR=1.79 pos=7/8 :: k5 fib0.786 lb3 conf4 fvg0 sl0.05 3R all h4t0 w96
[03:39:57]   ★★★ FULL GATE PASS :: PF=1.462 /yr=204 MAR=2.32 pos=7/8 :: k5 fib0.786 lb3 conf4 fvg1 sl0.05 bsl all h4t0 w96
[03:39:58]   ★★★ FULL GATE PASS :: PF=1.454 /yr=204 MAR=2.01 pos=7/8 :: k5 fib0.786 lb3 conf4 fvg1 sl0.05 3R all h4t0 w96
[03:39:58]   ★★★ FULL GATE PASS :: PF=1.384 /yr=206 MAR=1.58 pos=7/8 :: k5 fib0.786 lb3 conf4 fvg1 sl0.1 3R all h4t0 w96
[03:40:03]   ★★★ FULL GATE PASS :: PF=1.425 /yr=267 MAR=1.91 pos=7/8 :: k5 fib0.786 lb6 conf3 fvg0 sl0.05 bsl all h4t0 w96
[03:40:03]   26,500/27,648 (96%) | 816s el, ETA 35s | kept=26,500 thin=0 | best PF=1.891
[03:40:03]   ★★★ FULL GATE PASS :: PF=1.412 /yr=267 MAR=1.67 pos=7/8 :: k5 fib0.786 lb6 conf3 fvg0 sl0.05 3R all h4t0 w96
[03:40:05]   ★★★ FULL GATE PASS :: PF=1.465 /yr=240 MAR=2.08 pos=7/8 :: k5 fib0.786 lb6 conf3 fvg1 sl0.05 bsl all h4t0 w96
[03:40:05]   ** NEW BEST PF=1.930 n=350 /yr=53 MAR=1.91 pos=7/8 :: k5 fib0.786 lb6 conf3 fvg1 sl0.05 bsl kz h4t1 w48
[03:40:05]   ★★★ FULL GATE PASS :: PF=1.449 /yr=240 MAR=1.85 pos=7/8 :: k5 fib0.786 lb6 conf3 fvg1 sl0.05 3R all h4t0 w96
[03:40:05]   ★★★ FULL GATE PASS :: PF=1.413 /yr=242 MAR=1.72 pos=7/8 :: k5 fib0.786 lb6 conf3 fvg1 sl0.1 bsl all h4t0 w96
[03:40:06]   ★★★ FULL GATE PASS :: PF=1.391 /yr=242 MAR=1.69 pos=7/8 :: k5 fib0.786 lb6 conf3 fvg1 sl0.1 3R all h4t0 w96
[03:40:06]   ** NEW BEST PF=1.968 n=353 /yr=53 MAR=1.94 pos=7/8 :: k5 fib0.786 lb6 conf3 fvg1 sl0.1 3R kz h4t1 w48
[03:40:07]   ★★★ FULL GATE PASS :: PF=1.441 /yr=260 MAR=2.05 pos=7/8 :: k5 fib0.786 lb6 conf4 fvg0 sl0.05 bsl all h4t0 w96
[03:40:07]   ★★★ FULL GATE PASS :: PF=1.429 /yr=260 MAR=1.83 pos=7/8 :: k5 fib0.786 lb6 conf4 fvg0 sl0.05 3R all h4t0 w96
[03:40:08]   ★★★ FULL GATE PASS :: PF=1.362 /yr=263 MAR=1.63 pos=7/8 :: k5 fib0.786 lb6 conf4 fvg0 sl0.1 3R all h4t0 w96
[03:40:09]   ★★★ FULL GATE PASS :: PF=1.465 /yr=240 MAR=2.08 pos=7/8 :: k5 fib0.786 lb6 conf4 fvg1 sl0.05 bsl all h4t0 w96
[03:40:09]   ★★★ FULL GATE PASS :: PF=1.449 /yr=240 MAR=1.85 pos=7/8 :: k5 fib0.786 lb6 conf4 fvg1 sl0.05 3R all h4t0 w96
[03:40:10]   ★★★ FULL GATE PASS :: PF=1.413 /yr=242 MAR=1.72 pos=7/8 :: k5 fib0.786 lb6 conf4 fvg1 sl0.1 bsl all h4t0 w96
[03:40:10]   ★★★ FULL GATE PASS :: PF=1.391 /yr=242 MAR=1.69 pos=7/8 :: k5 fib0.786 lb6 conf4 fvg1 sl0.1 3R all h4t0 w96
[03:40:11]   ★★★ FULL GATE PASS :: PF=1.461 /yr=225 MAR=1.84 pos=7/8 :: k5 fib0.786 lb6 conf5 fvg0 sl0.05 bsl all h4t0 w96
[03:40:11]   ★★★ FULL GATE PASS :: PF=1.452 /yr=225 MAR=1.68 pos=7/8 :: k5 fib0.786 lb6 conf5 fvg0 sl0.05 3R all h4t0 w96
[03:40:12]   ★★★ FULL GATE PASS :: PF=1.392 /yr=227 MAR=1.52 pos=7/8 :: k5 fib0.786 lb6 conf5 fvg0 sl0.1 3R all h4t0 w96
[03:40:13]   ★★★ FULL GATE PASS :: PF=1.461 /yr=225 MAR=1.84 pos=7/8 :: k5 fib0.786 lb6 conf5 fvg1 sl0.05 bsl all h4t0 w96
[03:40:13]   ★★★ FULL GATE PASS :: PF=1.452 /yr=225 MAR=1.68 pos=7/8 :: k5 fib0.786 lb6 conf5 fvg1 sl0.05 3R all h4t0 w96
[03:40:13]   27,000/27,648 (98%) | 827s el, ETA 20s | kept=27,000 thin=0 | best PF=1.968
[03:40:14]   ★★★ FULL GATE PASS :: PF=1.392 /yr=227 MAR=1.52 pos=7/8 :: k5 fib0.786 lb6 conf5 fvg1 sl0.1 3R all h4t0 w96
[03:40:15]   ★★★ FULL GATE PASS :: PF=1.401 /yr=291 MAR=1.92 pos=7/8 :: k5 fib0.786 lb10 conf3 fvg0 sl0.05 bsl all h4t0 w96
[03:40:15]   ★★★ FULL GATE PASS :: PF=1.349 /yr=201 MAR=1.57 pos=7/8 :: k5 fib0.786 lb10 conf3 fvg0 sl0.05 3R all h4t0 w48
[03:40:15]   ★★★ FULL GATE PASS :: PF=1.392 /yr=291 MAR=1.70 pos=7/8 :: k5 fib0.786 lb10 conf3 fvg0 sl0.05 3R all h4t0 w96
[03:40:17]   ★★★ FULL GATE PASS :: PF=1.442 /yr=259 MAR=2.07 pos=7/8 :: k5 fib0.786 lb10 conf3 fvg1 sl0.05 bsl all h4t0 w96
[03:40:18]   ★★★ FULL GATE PASS :: PF=1.433 /yr=259 MAR=1.88 pos=7/8 :: k5 fib0.786 lb10 conf3 fvg1 sl0.05 3R all h4t0 w96
[03:40:18]   ★★★ FULL GATE PASS :: PF=1.386 /yr=262 MAR=1.74 pos=7/8 :: k5 fib0.786 lb10 conf3 fvg1 sl0.1 bsl all h4t0 w96
[03:40:18]   ★★★ FULL GATE PASS :: PF=1.371 /yr=262 MAR=1.59 pos=7/8 :: k5 fib0.786 lb10 conf3 fvg1 sl0.1 3R all h4t0 w96
[03:40:20]   ★★★ FULL GATE PASS :: PF=1.418 /yr=284 MAR=2.04 pos=7/8 :: k5 fib0.786 lb10 conf4 fvg0 sl0.05 bsl all h4t0 w96
[03:40:20]   ★★★ FULL GATE PASS :: PF=1.412 /yr=284 MAR=1.84 pos=7/8 :: k5 fib0.786 lb10 conf4 fvg0 sl0.05 3R all h4t0 w96
[03:40:20]   ★★★ FULL GATE PASS :: PF=1.362 /yr=286 MAR=1.72 pos=7/8 :: k5 fib0.786 lb10 conf4 fvg0 sl0.1 bsl all h4t0 w96
[03:40:20]   ★★★ FULL GATE PASS :: PF=1.343 /yr=286 MAR=1.54 pos=7/8 :: k5 fib0.786 lb10 conf4 fvg0 sl0.1 3R all h4t0 w96
[03:40:22]   ★★★ FULL GATE PASS :: PF=1.442 /yr=259 MAR=2.07 pos=7/8 :: k5 fib0.786 lb10 conf4 fvg1 sl0.05 bsl all h4t0 w96
[03:40:22]   ★★★ FULL GATE PASS :: PF=1.433 /yr=259 MAR=1.88 pos=7/8 :: k5 fib0.786 lb10 conf4 fvg1 sl0.05 3R all h4t0 w96
[03:40:22]   ★★★ FULL GATE PASS :: PF=1.386 /yr=262 MAR=1.74 pos=7/8 :: k5 fib0.786 lb10 conf4 fvg1 sl0.1 bsl all h4t0 w96
[03:40:23]   ★★★ FULL GATE PASS :: PF=1.371 /yr=262 MAR=1.59 pos=7/8 :: k5 fib0.786 lb10 conf4 fvg1 sl0.1 3R all h4t0 w96
[03:40:24]   ★★★ FULL GATE PASS :: PF=1.437 /yr=244 MAR=1.84 pos=7/8 :: k5 fib0.786 lb10 conf5 fvg0 sl0.05 bsl all h4t0 w96
[03:40:24]   ★★★ FULL GATE PASS :: PF=1.435 /yr=244 MAR=1.71 pos=7/8 :: k5 fib0.786 lb10 conf5 fvg0 sl0.05 3R all h4t0 w96
[03:40:25]   ★★★ FULL GATE PASS :: PF=1.371 /yr=246 MAR=1.52 pos=7/8 :: k5 fib0.786 lb10 conf5 fvg0 sl0.1 3R all h4t0 w96
[03:40:25]   27,500/27,648 (99%) | 838s el, ETA 5s | kept=27,500 thin=0 | best PF=1.968
[03:40:26]   ★★★ FULL GATE PASS :: PF=1.437 /yr=244 MAR=1.84 pos=7/8 :: k5 fib0.786 lb10 conf5 fvg1 sl0.05 bsl all h4t0 w96
[03:40:26]   ★★★ FULL GATE PASS :: PF=1.435 /yr=244 MAR=1.71 pos=7/8 :: k5 fib0.786 lb10 conf5 fvg1 sl0.05 3R all h4t0 w96
[03:40:27]   ★★★ FULL GATE PASS :: PF=1.371 /yr=246 MAR=1.52 pos=7/8 :: k5 fib0.786 lb10 conf5 fvg1 sl0.1 3R all h4t0 w96

Done. 27648 configs with >=30 trades. (842s)
Leaderboard -> /Users/subash/SUBASH/GoldDigger/research/ict_ote/mega_sweep_leaderboard.csv

=== TOP 20 by PF (n>=100) ===
 swing_k  ote_fib  sweep_lb  min_conf  require_fvg  sl_buf_atr tp_mode session  h4_trend  wait_bars   n  per_yr    pf  net_r  mar    wr pos_years  avg_rr  gate_pass
       5    0.786         6         4            1        0.10      3R      kz         1         48 353    53.0 1.968  222.8 1.94 0.462       7/8    3.00      False
       5    0.786         6         3            1        0.10      3R      kz         1         48 353    53.0 1.968  222.8 1.94 0.462       7/8    3.00      False
       5    0.786        10         4            1        0.10      3R      kz         1         48 382    58.0 1.964  241.3 2.64 0.463       8/8    3.00      False
       5    0.786        10         3            1        0.10      3R      kz         1         48 382    58.0 1.964  241.3 2.64 0.463       8/8    3.00      False
       5    0.786        10         5            0        0.10      3R      kz         1         48 362    55.0 1.961  227.4 2.28 0.461       8/8    3.00      False
       5    0.786        10         5            1        0.10      3R      kz         1         48 362    55.0 1.961  227.4 2.28 0.461       8/8    3.00      False
       5    0.786         6         5            1        0.10      3R      kz         1         48 334    51.0 1.949  207.3 1.67 0.458       7/8    3.00      False
       5    0.786         6         5            0        0.10      3R      kz         1         48 334    51.0 1.949  207.3 1.67 0.458       7/8    3.00      False
       5    0.786         6         3            1        0.05     bsl      kz         1         48 350    53.0 1.930  226.5 1.91 0.431       7/8    3.38      False
       5    0.786         6         4            1        0.05     bsl      kz         1         48 350    53.0 1.930  226.5 1.91 0.431       7/8    3.38      False
       5    0.786        10         3            1        0.05     bsl      kz         1         48 379    57.0 1.922  244.6 2.89 0.433       7/8    3.38      False
       5    0.786        10         4            1        0.05     bsl      kz         1         48 379    57.0 1.922  244.6 2.89 0.433       7/8    3.38      False
       5    0.786        10         5            1        0.05     bsl      kz         1         48 359    54.0 1.909  228.4 2.45 0.429       7/8    3.38      False
       5    0.786        10         5            0        0.05     bsl      kz         1         48 359    54.0 1.909  228.4 2.45 0.429       7/8    3.38      False
       5    0.786         6         4            1        0.10     bsl      kz         1         48 353    53.0 1.904  214.3 1.70 0.445       7/8    3.13      False
       5    0.786         6         3            1        0.10     bsl      kz         1         48 353    53.0 1.904  214.3 1.70 0.445       7/8    3.13      False
       5    0.786         6         5            0        0.05     bsl      kz         1         48 331    50.0 1.901  208.5 1.75 0.426       7/8    3.38      False
       5    0.786         6         5            1        0.05     bsl      kz         1         48 331    50.0 1.901  208.5 1.75 0.426       7/8    3.38      False
       3    0.786         3         5            0        0.05      3R      kz         1         48 530    80.0 1.891  315.2 1.90 0.464       8/8    3.00      False
       3    0.786         3         5            1        0.05      3R      kz         1         48 530    80.0 1.891  315.2 1.90 0.464       8/8    3.00      False

=== TOP 10 that CLEAR intraday freq (per_yr>=200), by PF ===
 swing_k  ote_fib  sweep_lb  min_conf  require_fvg  sl_buf_atr tp_mode session  h4_trend  wait_bars    n  per_yr    pf  net_r  mar    wr pos_years  avg_rr  gate_pass
       2    0.786         6         3            0        0.05     bsl      kz         1         96 1658   247.0 1.630  786.5 3.06 0.418       8/8    3.29       True
       2    0.786        10         3            1        0.05     bsl      kz         1         96 1387   207.0 1.620  646.4 2.71 0.410       8/8    3.31       True
       2    0.786        10         4            1        0.05     bsl      kz         1         96 1387   207.0 1.620  646.4 2.71 0.410       8/8    3.31       True
       2    0.786         6         3            0        0.05      3R      kz         1         96 1658   247.0 1.614  741.9 3.64 0.439       8/8    3.00       True
       2    0.786        10         3            0        0.05     bsl      kz         1         48 1355   202.0 1.607  629.1 1.79 0.423       6/8    3.26      False
       4    0.786         6         4            0        0.05     bsl      kz         0         96 1357   202.0 1.603  616.9 1.84 0.393       7/8    3.36       True
       2    0.786         6         4            0        0.05     bsl      kz         1         96 1545   230.0 1.603  705.2 2.79 0.410       7/8    3.30       True
       3    0.786         3         3            1        0.05     bsl      kz         0         96 1427   213.0 1.602  646.7 1.92 0.395       7/8    3.36       True
       3    0.786         3         4            1        0.05     bsl      kz         0         96 1427   213.0 1.602  646.7 1.92 0.395       7/8    3.36       True
       2    0.786        10         3            0        0.05     bsl      kz         1         96 1784   266.0 1.602  817.6 2.79 0.417       7/8    3.28       True

=== Any FULL gate passes? ===
 swing_k  ote_fib  sweep_lb  min_conf  require_fvg  sl_buf_atr tp_mode session  h4_trend  wait_bars    n  per_yr    pf  net_r  mar    wr pos_years  avg_rr  gate_pass
       2    0.705         3         3            0        0.05     bsl      kz         1         96 1599   238.0 1.353  373.4 1.63 0.453       8/8    2.21       True
       2    0.705         3         3            0        0.05      2R      kz         1         96 1599   238.0 1.375  374.6 2.19 0.485       8/8    2.00       True
       2    0.705         3         3            0        0.05      3R      kz         1         96 1599   238.0 1.411  493.1 1.86 0.383       7/8    3.00       True
       2    0.705         3         3            0        0.10      2R      kz         1         96 1615   241.0 1.329  338.1 1.63 0.472       8/8    2.00       True
       2    0.705         3         3            0        0.10      3R      kz         1         96 1615   241.0 1.357  436.2 1.58 0.370       7/8    3.00       True
       2    0.705         3         3            1        0.05      3R      kz         0         96 2249   335.0 1.322  553.2 1.55 0.364       7/8    3.00       True
       2    0.705         3         4            0        0.05     bsl      kz         1         96 1506   225.0 1.325  327.1 1.67 0.446       8/8    2.22       True
       2    0.705         3         4            0        0.05      2R      kz         1         96 1506   225.0 1.351  333.3 1.82 0.479       8/8    2.00       True
       2    0.705         3         4            0        0.05      3R      kz         1         96 1506   225.0 1.390  440.8 1.89 0.378       7/8    3.00       True
       2    0.705         3         4            0        0.10      2R      kz         1         96 1522   227.0 1.311  302.4 1.73 0.466       8/8    2.00       True
       2    0.705         3         4            1        0.05      3R      kz         0         96 2249   335.0 1.322  553.2 1.55 0.364       7/8    3.00       True
       2    0.705         6         3            0        0.05     bsl      kz         1         96 1839   274.0 1.373  451.0 1.95 0.462       8/8    2.20       True
       2    0.705         6         3            0        0.05      2R      kz         1         48 1418   211.0 1.330  298.4 1.70 0.484       7/8    2.00       True
       2    0.705         6         3            0        0.05      2R      kz         1         96 1839   274.0 1.385  440.7 2.44 0.490       8/8    2.00       True
       2    0.705         6         3            0        0.05      3R      kz         0         96 3310   493.0 1.345  875.9 1.51 0.374       7/8    3.00       True
       2    0.705         6         3            0        0.05      3R      kz         1         96 1839   274.0 1.446  610.2 1.90 0.392       7/8    3.00       True
       2    0.705         6         3            0        0.10     bsl      kz         1         96 1856   277.0 1.331  393.1 1.62 0.469       7/8    2.05       True
       2    0.705         6         3            0        0.10      2R      kz         1         96 1856   277.0 1.370  430.3 2.01 0.482       8/8    2.00       True
       2    0.705         6         3            0        0.10      3R      kz         1         96 1856   277.0 1.405  561.5 1.65 0.380       7/8    3.00       True
       2    0.705         6         3            1        0.05     bsl      kz         1         96 1455   217.0 1.364  348.2 1.60 0.452       8/8    2.22       True
       2    0.705         6         3            1        0.05      2R      kz         1         96 1455   217.0 1.381  344.8 1.86 0.483       8/8    2.00       True
       2    0.705         6         3            1        0.05      3R      kz         0         96 2553   381.0 1.326  636.2 1.51 0.366       7/8    3.00       True
       2    0.705         6         3            1        0.05      3R      kz         1         96 1455   217.0 1.429  462.2 1.69 0.384       8/8    3.00       True
       2    0.705         6         3            1        0.10      2R      kz         1         96 1467   219.0 1.372  340.2 1.69 0.476       8/8    2.00       True
       2    0.705         6         4            0        0.05     bsl      kz         1         96 1717   256.0 1.359  407.2 1.84 0.456       8/8    2.21       True
       2    0.705         6         4            0        0.05      2R      kz         1         96 1717   256.0 1.378  405.1 2.36 0.486       8/8    2.00       True
       2    0.705         6         4            0        0.05      3R      kz         1         96 1717   256.0 1.435  554.5 1.91 0.387       7/8    3.00       True
       2    0.705         6         4            0        0.10     bsl      kz         1         96 1734   259.0 1.317  353.5 1.59 0.463       7/8    2.06       True
       2    0.705         6         4            0        0.10      2R      kz         1         96 1734   259.0 1.362  393.6 1.91 0.478       7/8    2.00       True
       2    0.705         6         4            1        0.05     bsl      kz         1         96 1455   217.0 1.364  348.2 1.60 0.452       8/8    2.22       True
       2    0.705         6         4            1        0.05      2R      kz         1         96 1455   217.0 1.381  344.8 1.86 0.483       8/8    2.00       True
       2    0.705         6         4            1        0.05      3R      kz         0         96 2553   381.0 1.326  636.2 1.51 0.366       7/8    3.00       True
       2    0.705         6         4            1        0.05      3R      kz         1         96 1455   217.0 1.429  462.2 1.69 0.384       8/8    3.00       True
       2    0.705         6         4            1        0.10      2R      kz         1         96 1467   219.0 1.372  340.2 1.69 0.476       8/8    2.00       True
       2    0.705        10         3            0        0.05     bsl      kz         1         96 1974   294.0 1.349  456.3 1.61 0.460       7/8    2.20       True
       2    0.705        10         3            0        0.05      2R      kz         1         96 1974   294.0 1.351  437.8 1.98 0.486       7/8    2.00       True
       2    0.705        10         3            0        0.05      3R      kz         1         96 1974   294.0 1.429  634.3 1.93 0.391       7/8    3.00       True
       2    0.705        10         3            0        0.10      2R      kz         1         96 1992   297.0 1.346  436.1 1.65 0.480       7/8    2.00       True
       2    0.705        10         3            0        0.10      3R      kz         1         96 1992   297.0 1.393  588.2 1.59 0.380       7/8    3.00       True
       2    0.705        10         3            1        0.05      2R      kz         1         96 1542   230.0 1.350  339.3 1.93 0.479       8/8    2.00       True
       2    0.705        10         3            1        0.05      3R      kz         1         96 1542   230.0 1.403  464.8 1.69 0.381       7/8    3.00       True
       2    0.705        10         3            1        0.10      2R      kz         1         96 1554   232.0 1.348  340.2 1.79 0.474       7/8    2.00       True
       2    0.705        10         4            0        0.05     bsl      kz         1         96 1834   273.0 1.342  416.9 1.59 0.455       7/8    2.21       True
       2    0.705        10         4            0        0.05      2R      kz         1         96 1834   273.0 1.352  407.0 1.90 0.484       7/8    2.00       True
       2    0.705        10         4            0        0.05      3R      kz         1         96 1834   273.0 1.420  576.5 1.86 0.387       7/8    3.00       True
       2    0.705        10         4            0        0.10      2R      kz         1         96 1851   276.0 1.344  402.2 1.66 0.476       7/8    2.00       True
       2    0.705        10         4            1        0.05      2R      kz         1         96 1542   230.0 1.350  339.3 1.93 0.479       8/8    2.00       True
       2    0.705        10         4            1        0.05      3R      kz         1         96 1542   230.0 1.403  464.8 1.69 0.381       7/8    3.00       True
       2    0.705        10         4            1        0.10      2R      kz         1         96 1554   232.0 1.348  340.2 1.79 0.474       7/8    2.00       True
       2    0.705        10         5            0        0.05     bsl      kz         1         96 1385   207.0 1.311  288.5 1.69 0.443       7/8    2.22       True
       2    0.705        10         5            0        0.05      2R      kz         1         96 1385   207.0 1.319  280.6 1.95 0.472       8/8    2.00       True
       2    0.705        10         5            0        0.05      3R      kz         1         96 1385   207.0 1.360  377.1 1.69 0.373       8/8    3.00       True
       2    0.705        10         5            1        0.05     bsl      kz         1         96 1385   207.0 1.311  288.5 1.69 0.443       7/8    2.22       True
       2    0.705        10         5            1        0.05      2R      kz         1         96 1385   207.0 1.319  280.6 1.95 0.472       8/8    2.00       True
       2    0.705        10         5            1        0.05      3R      kz         1         96 1385   207.0 1.360  377.1 1.69 0.373       8/8    3.00       True
       2    0.786         3         3            0        0.05     bsl     all         0         96 4654   693.0 1.324 1232.4 1.74 0.366       7/8    3.29       True
       2    0.786         3         3            0        0.05     bsl     all         1         96 2582   385.0 1.426  874.8 2.13 0.382       7/8    3.29       True
       2    0.786         3         3            0        0.05     bsl      kz         0         48 1955   291.0 1.400  631.2 1.57 0.382       7/8    3.28       True
       2    0.786         3         3            0        0.05     bsl      kz         0         96 2583   385.0 1.433  889.0 1.71 0.383       8/8    3.30       True
       2    0.786         3         3            0        0.05     bsl      kz         1         96 1445   215.0 1.584  643.4 2.61 0.406       8/8    3.31       True
       2    0.786         3         3            0        0.05      2R     all         1         96 2582   385.0 1.331  547.5 1.57 0.503       7/8    2.00       True
       2    0.786         3         3            0        0.05      2R      kz         0         96 2583   385.0 1.362  593.8 2.34 0.508       7/8    2.00       True
       2    0.786         3         3            0        0.05      2R      kz         1         96 1445   215.0 1.490  427.6 1.88 0.530       8/8    2.00       True
       2    0.786         3         3            0        0.05      3R     all         0         96 4654   693.0 1.312 1151.2 1.54 0.387       8/8    3.00       True
       2    0.786         3         3            0        0.05      3R     all         1         48 1869   279.0 1.403  584.6 1.78 0.407       7/8    3.00       True
       2    0.786         3         3            0        0.05      3R     all         1         96 2582   385.0 1.437  863.5 2.30 0.408       7/8    3.00       True
       2    0.786         3         3            0        0.05      3R      kz         0         48 1955   291.0 1.365  561.7 1.51 0.399       7/8    3.00       True
       2    0.786         3         3            0        0.05      3R      kz         0         96 2583   385.0 1.409  813.4 1.57 0.403       8/8    3.00       True
       2    0.786         3         3            0        0.05      3R      kz         1         96 1445   215.0 1.579  614.6 3.03 0.430       8/8    3.00       True
       2    0.786         3         3            0        0.10     bsl     all         1         96 2619   390.0 1.351  710.1 1.70 0.388       7/8    2.99       True
       2    0.786         3         3            0        0.10     bsl      kz         0         96 2626   391.0 1.354  719.2 1.51 0.387       8/8    3.01       True
       2    0.786         3         3            0        0.10     bsl      kz         1         96 1467   219.0 1.497  541.3 2.30 0.411       7/8    3.01       True
       2    0.786         3         3            0        0.10      2R      kz         1         96 1467   219.0 1.438  395.8 1.88 0.512       8/8    2.00       True
       2    0.786         3         3            0        0.10      3R     all         1         96 2619   390.0 1.356  724.7 1.93 0.386       7/8    3.00       True
       2    0.786         3         3            0        0.10      3R      kz         1         96 1467   219.0 1.498  545.3 2.36 0.410       7/8    3.00       True
       2    0.786         3         3            0        0.25      2R      kz         1         96 1520   227.0 1.352  338.6 1.57 0.477       7/8    2.00       True
       2    0.786         3         3            0        0.25      3R      kz         1         96 1520   227.0 1.395  451.3 1.97 0.377       7/8    3.00       True
       2    0.786         3         3            1        0.05     bsl     all         1         96 2039   304.0 1.457  731.4 2.12 0.380       7/8    3.32       True
       2    0.786         3         3            1        0.05     bsl      kz         0         48 1506   225.0 1.443  530.1 1.78 0.382       7/8    3.31       True
       2    0.786         3         3            1        0.05     bsl      kz         0         96 2029   302.0 1.444  710.5 2.06 0.378       8/8    3.33       True
       2    0.786         3         3            1        0.05      2R     all         1         96 2039   304.0 1.384  490.8 2.25 0.505       7/8    2.00       True
       2    0.786         3         3            1        0.05      2R      kz         0         96 2029   302.0 1.397  503.9 2.01 0.508       8/8    2.00       True
       2    0.786         3         3            1        0.05      3R     all         1         96 2039   304.0 1.474  725.8 2.26 0.408       7/8    3.00       True
       2    0.786         3         3            1        0.05      3R      kz         0         48 1506   225.0 1.411  476.9 1.91 0.402       7/8    3.00       True
       2    0.786         3         3            1        0.05      3R      kz         0         96 2029   302.0 1.417  645.4 1.71 0.399       8/8    3.00       True
       2    0.786         3         3            1        0.10     bsl     all         1         96 2065   308.0 1.383  604.6 1.79 0.385       7/8    3.04       True
       2    0.786         3         3            1        0.10     bsl      kz         0         48 1527   228.0 1.375  442.3 1.66 0.388       7/8    3.02       True
       2    0.786         3         3            1        0.10     bsl      kz         0         96 2058   307.0 1.377  595.0 1.71 0.383       7/8    3.05       True
       2    0.786         3         3            1        0.10      2R     all         1         96 2065   308.0 1.314  416.3 1.50 0.484       7/8    2.00       True
       2    0.786         3         3            1        0.10      3R     all         1         96 2065   308.0 1.377  596.8 1.83 0.385       7/8    3.00       True
       2    0.786         3         3            1        0.10      3R      kz         0         48 1527   228.0 1.366  432.4 1.64 0.386       7/8    3.00       True
       2    0.786         3         3            1        0.10      3R      kz         0         96 2058   307.0 1.374  590.1 1.65 0.385       7/8    3.00       True
       2    0.786         3         4            0        0.05     bsl     all         0         96 4359   650.0 1.322 1148.7 1.89 0.363       7/8    3.30       True
       2    0.786         3         4            0        0.05     bsl     all         1         96 2416   360.0 1.423  813.3 2.16 0.379       7/8    3.30       True
       2    0.786         3         4            0        0.05     bsl      kz         0         96 2417   360.0 1.418  803.9 1.64 0.378       8/8    3.31       True
       2    0.786         3         4            0        0.05     bsl      kz         1         96 1358   203.0 1.544  568.2 2.18 0.398       7/8    3.31       True
       2    0.786         3         4            0        0.05      2R     all         1         96 2416   360.0 1.343  529.3 2.01 0.502       7/8    2.00       True
       2    0.786         3         4            0        0.05      2R      kz         0         96 2417   360.0 1.352  541.2 2.04 0.504       7/8    2.00       True
       2    0.786         3         4            0        0.05      2R      kz         1         96 1358   203.0 1.470  387.8 2.30 0.524       7/8    2.00       True
       2    0.786         3         4            0        0.05      3R     all         0         96 4359   650.0 1.313 1080.3 1.57 0.385       7/8    3.00       True
       2    0.786         3         4            0        0.05      3R     all         1         48 1733   258.0 1.412  551.5 1.75 0.405       7/8    3.00       True
       2    0.786         3         4            0        0.05      3R     all         1         96 2416   360.0 1.438  807.3 2.48 0.406       7/8    3.00       True
       2    0.786         3         4            0        0.05      3R      kz         1         96 1358   203.0 1.546  547.8 2.16 0.423       8/8    3.00       True
       2    0.786         3         4            0        0.10     bsl     all         1         96 2453   366.0 1.349  661.8 1.79 0.384       7/8    3.01       True
       2    0.786         3         4            0        0.10     bsl      kz         1         96 1380   206.0 1.463  478.5 1.95 0.403       7/8    3.02       True
       2    0.786         3         4            0        0.10      2R      kz         1         96 1380   206.0 1.425  362.8 2.32 0.508       7/8    2.00       True
       2    0.786         3         4            0        0.10      3R     all         1         96 2453   366.0 1.354  674.0 2.04 0.384       7/8    3.00       True
       2    0.786         3         4            0        0.10      3R      kz         1         96 1380   206.0 1.464  481.3 2.00 0.403       7/8    3.00       True
       2    0.786         3         4            0        0.25      3R      kz         1         96 1427   213.0 1.377  405.6 1.91 0.373       7/8    3.00       True
       2    0.786         3         4            1        0.05     bsl     all         1         96 2039   304.0 1.457  731.4 2.12 0.380       7/8    3.32       True
       2    0.786         3         4            1        0.05     bsl      kz         0         48 1506   225.0 1.443  530.1 1.78 0.382       7/8    3.31       True
       2    0.786         3         4            1        0.05     bsl      kz         0         96 2029   302.0 1.444  710.5 2.06 0.378       8/8    3.33       True
       2    0.786         3         4            1        0.05      2R     all         1         96 2039   304.0 1.384  490.8 2.25 0.505       7/8    2.00       True
       2    0.786         3         4            1        0.05      2R      kz         0         96 2029   302.0 1.397  503.9 2.01 0.508       8/8    2.00       True
       2    0.786         3         4            1        0.05      3R     all         1         96 2039   304.0 1.474  725.8 2.26 0.408       7/8    3.00       True
       2    0.786         3         4            1        0.05      3R      kz         0         48 1506   225.0 1.411  476.9 1.91 0.402       7/8    3.00       True
       2    0.786         3         4            1        0.05      3R      kz         0         96 2029   302.0 1.417  645.4 1.71 0.399       8/8    3.00       True
       2    0.786         3         4            1        0.10     bsl     all         1         96 2065   308.0 1.383  604.6 1.79 0.385       7/8    3.04       True
       2    0.786         3         4            1        0.10     bsl      kz         0         48 1527   228.0 1.375  442.3 1.66 0.388       7/8    3.02       True
       2    0.786         3         4            1        0.10     bsl      kz         0         96 2058   307.0 1.377  595.0 1.71 0.383       7/8    3.05       True
       2    0.786         3         4            1        0.10      2R     all         1         96 2065   308.0 1.314  416.3 1.50 0.484       7/8    2.00       True
       2    0.786         3         4            1        0.10      3R     all         1         96 2065   308.0 1.377  596.8 1.83 0.385       7/8    3.00       True
       2    0.786         3         4            1        0.10      3R      kz         0         48 1527   228.0 1.366  432.4 1.64 0.386       7/8    3.00       True
       2    0.786         3         4            1        0.10      3R      kz         0         96 2058   307.0 1.374  590.1 1.65 0.385       7/8    3.00       True
       2    0.786         3         5            0        0.05     bsl     all         0         96 3271   487.0 1.316  844.7 1.91 0.355       7/8    3.32       True
       2    0.786         3         5            0        0.05     bsl     all         1         96 1839   274.0 1.426  620.0 1.86 0.373       7/8    3.33       True
       2    0.786         3         5            0        0.05     bsl      kz         0         48 1356   203.0 1.416  452.1 1.67 0.375       7/8    3.32       True
       2    0.786         3         5            0        0.05     bsl      kz         0         96 1839   274.0 1.414  605.6 1.63 0.371       7/8    3.34       True
       2    0.786         3         5            0        0.05      2R     all         1         96 1839   274.0 1.364  422.4 2.15 0.500       7/8    2.00       True
       2    0.786         3         5            0        0.05      2R      kz         0         96 1839   274.0 1.386  446.1 1.72 0.504       7/8    2.00       True
       2    0.786         3         5            0        0.05      3R     all         1         96 1839   274.0 1.437  609.4 2.11 0.400       7/8    3.00       True
       2    0.786         3         5            0        0.05      3R      kz         0         48 1356   203.0 1.386  405.7 1.84 0.396       7/8    3.00       True
       2    0.786         3         5            0        0.10     bsl     all         1         96 1862   278.0 1.357  512.7 1.69 0.378       7/8    3.05       True
       2    0.786         3         5            0        0.10     bsl      kz         0         48 1376   206.0 1.354  378.6 1.64 0.382       7/8    3.03       True
       2    0.786         3         5            0        0.10      3R      kz         0         48 1376   206.0 1.344  368.8 1.61 0.382       7/8    3.00       True
       2    0.786         3         5            1        0.05     bsl     all         0         96 3271   487.0 1.316  844.7 1.91 0.355       7/8    3.32       True
       2    0.786         3         5            1        0.05     bsl     all         1         96 1839   274.0 1.426  620.0 1.86 0.373       7/8    3.33       True
       2    0.786         3         5            1        0.05     bsl      kz         0         48 1356   203.0 1.416  452.1 1.67 0.375       7/8    3.32       True
       2    0.786         3         5            1        0.05     bsl      kz         0         96 1839   274.0 1.414  605.6 1.63 0.371       7/8    3.34       True
       2    0.786         3         5            1        0.05      2R     all         1         96 1839   274.0 1.364  422.4 2.15 0.500       7/8    2.00       True
       2    0.786         3         5            1        0.05      2R      kz         0         96 1839   274.0 1.386  446.1 1.72 0.504       7/8    2.00       True
       2    0.786         3         5            1        0.05      3R     all         1         96 1839   274.0 1.437  609.4 2.11 0.400       7/8    3.00       True
       2    0.786         3         5            1        0.05      3R      kz         0         48 1356   203.0 1.386  405.7 1.84 0.396       7/8    3.00       True
       2    0.786         3         5            1        0.10     bsl     all         1         96 1862   278.0 1.357  512.7 1.69 0.378       7/8    3.05       True
       2    0.786         3         5            1        0.10     bsl      kz         0         48 1376   206.0 1.354  378.6 1.64 0.382       7/8    3.03       True
       2    0.786         3         5            1        0.10      3R      kz         0         48 1376   206.0 1.344  368.8 1.61 0.382       7/8    3.00       True
       2    0.786         6         3            0        0.05     bsl     all         0         96 5467   815.0 1.319 1436.0 1.83 0.371       7/8    3.27       True
       2    0.786         6         3            0        0.05     bsl     all         1         96 2975   443.0 1.432 1021.0 2.19 0.388       7/8    3.28       True
       2    0.786         6         3            0        0.05     bsl      kz         0         48 2277   339.0 1.427  778.2 1.72 0.391       7/8    3.26       True
       2    0.786         6         3            0        0.05     bsl      kz         0         96 2987   445.0 1.452 1067.0 1.78 0.390       8/8    3.28       True
       2    0.786         6         3            0        0.05     bsl      kz         1         96 1658   247.0 1.630  786.5 3.06 0.418       8/8    3.29       True
       2    0.786         6         3            0        0.05      2R     all         1         96 2975   443.0 1.323  617.7 1.71 0.506       7/8    2.00       True
       2    0.786         6         3            0        0.05      2R      kz         0         96 2987   445.0 1.345  658.6 1.97 0.509       7/8    2.00       True
       2    0.786         6         3            0        0.05      2R      kz         1         96 1658   247.0 1.486  486.9 2.73 0.533       8/8    2.00       True
       2    0.786         6         3            0        0.05      3R     all         0         96 5467   815.0 1.311 1358.5 1.67 0.391       7/8    3.00       True
       2    0.786         6         3            0        0.05      3R     all         1         48 2178   325.0 1.423  713.4 1.96 0.414       8/8    3.00       True
       2    0.786         6         3            0        0.05      3R     all         1         96 2975   443.0 1.443 1009.7 2.72 0.413       7/8    3.00       True
       2    0.786         6         3            0        0.05      3R      kz         0         48 2277   339.0 1.388  691.4 1.61 0.407       7/8    3.00       True
       2    0.786         6         3            0        0.05      3R      kz         0         96 2987   445.0 1.423  972.2 1.58 0.408       8/8    3.00       True
       2    0.786         6         3            0        0.05      3R      kz         1         96 1658   247.0 1.614  741.9 3.64 0.439       8/8    3.00       True
       2    0.786         6         3            0        0.10     bsl     all         1         96 3018   450.0 1.369  853.2 2.11 0.396       7/8    2.97       True
       2    0.786         6         3            0        0.10     bsl      kz         0         96 3036   453.0 1.376  873.0 1.53 0.396       7/8    2.98       True
       2    0.786         6         3            0        0.10     bsl      kz         1         96 1683   251.0 1.557  680.5 2.87 0.425       8/8    2.98       True
       2    0.786         6         3            0        0.10      2R      kz         1         96 1683   251.0 1.458  470.5 2.88 0.519       8/8    2.00       True
       2    0.786         6         3            0        0.10      3R     all         1         96 3018   450.0 1.387  901.8 2.36 0.395       7/8    3.00       True
       2    0.786         6         3            0        0.10      3R      kz         0         96 3036   453.0 1.379  888.3 1.55 0.393       8/8    3.00       True
       2    0.786         6         3            0        0.10      3R      kz         1         96 1683   251.0 1.570  702.0 3.04 0.424       8/8    3.00       True
       2    0.786         6         3            0        0.25      2R      kz         1         96 1753   261.0 1.374  411.5 1.57 0.483       7/8    2.00       True
       2    0.786         6         3            1        0.05     bsl      kz         0         48 1720   257.0 1.464  630.5 2.07 0.389       8/8    3.30       True
       2    0.786         6         3            1        0.05     bsl      kz         0         96 2304   343.0 1.454  822.3 1.86 0.382       8/8    3.32       True
       2    0.786         6         3            1        0.05      2R     all         1         96 2294   342.0 1.375  540.5 2.42 0.506       8/8    2.00       True
       2    0.786         6         3            1        0.05      2R      kz         0         96 2304   343.0 1.374  542.5 1.88 0.507       8/8    2.00       True
       2    0.786         6         3            1        0.05      3R     all         0         96 4162   620.0 1.326 1067.8 1.73 0.386       7/8    3.00       True
       2    0.786         6         3            1        0.05      3R      kz         0         48 1720   257.0 1.429  566.3 2.17 0.408       8/8    3.00       True
       2    0.786         6         3            1        0.05      3R      kz         0         96 2304   343.0 1.424  745.1 1.56 0.402       8/8    3.00       True
       2    0.786         6         3            1        0.10     bsl      kz         0         48 1746   261.0 1.393  524.8 1.85 0.395       7/8    3.00       True
       2    0.786         6         3            1        0.10     bsl      kz         0         96 2338   349.0 1.385  687.3 1.58 0.388       8/8    3.03       True
       2    0.786         6         3            1        0.10      2R     all         1         96 2325   347.0 1.310  463.5 1.89 0.485       7/8    2.00       True
       2    0.786         6         3            1        0.10      3R      kz         0         48 1746   261.0 1.385  517.5 1.92 0.392       7/8    3.00       True
       2    0.786         6         3            1        0.10      3R      kz         0         96 2338   349.0 1.387  691.2 1.53 0.389       8/8    3.00       True
       2    0.786         6         3            1        0.25      2R      kz         1         96 1369   204.0 1.392  333.5 1.89 0.482       7/8    2.00       True
       2    0.786         6         4            0        0.05     bsl     all         0         96 5067   755.0 1.323 1342.3 1.95 0.368       7/8    3.28       True
       2    0.786         6         4            0        0.05     bsl     all         1         96 2759   411.0 1.433  949.2 2.20 0.385       7/8    3.29       True
       2    0.786         6         4            0        0.05     bsl      kz         0         48 2093   312.0 1.430  719.0 1.91 0.388       7/8    3.28       True
       2    0.786         6         4            0        0.05     bsl      kz         0         96 2768   413.0 1.447  976.8 1.70 0.386       8/8    3.30       True
       2    0.786         6         4            0        0.05     bsl      kz         1         96 1545   230.0 1.603  705.2 2.79 0.410       7/8    3.30       True
       2    0.786         6         4            0        0.05      2R     all         1         96 2759   411.0 1.344  605.3 2.25 0.506       7/8    2.00       True
       2    0.786         6         4            0        0.05      2R      kz         0         96 2768   413.0 1.350  616.0 1.96 0.507       8/8    2.00       True
       2    0.786         6         4            0        0.05      2R      kz         1         96 1545   230.0 1.480  448.9 2.76 0.529       8/8    2.00       True
       2    0.786         6         4            0        0.05      3R     all         0         96 5067   755.0 1.317 1276.0 1.75 0.390       7/8    3.00       True
       2    0.786         6         4            0        0.05      3R     all         1         96 2759   411.0 1.448  942.3 2.73 0.410       7/8    3.00       True
       2    0.786         6         4            0        0.05      3R      kz         0         48 2093   312.0 1.394  642.1 1.63 0.405       7/8    3.00       True
       2    0.786         6         4            0        0.05      3R      kz         1         96 1545   230.0 1.596  670.9 2.89 0.433       8/8    3.00       True
       2    0.786         6         4            0        0.10     bsl     all         1         96 2801   418.0 1.369  792.2 2.14 0.392       7/8    2.99       True
       2    0.786         6         4            0        0.10     bsl      kz         0         48 2131   318.0 1.358  589.1 1.61 0.395       7/8    2.97       True
       2    0.786         6         4            0        0.10     bsl      kz         1         96 1570   234.0 1.530  609.4 2.52 0.418       7/8    3.00       True
       2    0.786         6         4            0        0.10      2R      kz         1         96 1570   234.0 1.453  434.6 2.97 0.515       8/8    2.00       True
       2    0.786         6         4            0        0.10      3R     all         1         96 2801   418.0 1.385  830.5 2.32 0.392       7/8    3.00       True
       2    0.786         6         4            0        0.10      3R      kz         1         96 1570   234.0 1.546  629.1 2.70 0.418       7/8    3.00       True
       2    0.786         6         4            1        0.05     bsl      kz         0         48 1720   257.0 1.464  630.5 2.07 0.389       8/8    3.30       True
       2    0.786         6         4            1        0.05     bsl      kz         0         96 2304   343.0 1.454  822.3 1.86 0.382       8/8    3.32       True
       2    0.786         6         4            1        0.05      2R     all         1         96 2294   342.0 1.375  540.5 2.42 0.506       8/8    2.00       True
       2    0.786         6         4            1        0.05      2R      kz         0         96 2304   343.0 1.374  542.5 1.88 0.507       8/8    2.00       True
       2    0.786         6         4            1        0.05      3R     all         0         96 4162   620.0 1.326 1067.8 1.73 0.386       7/8    3.00       True
       2    0.786         6         4            1        0.05      3R      kz         0         48 1720   257.0 1.429  566.3 2.17 0.408       8/8    3.00       True
       2    0.786         6         4            1        0.05      3R      kz         0         96 2304   343.0 1.424  745.1 1.56 0.402       8/8    3.00       True
       2    0.786         6         4            1        0.10     bsl      kz         0         48 1746   261.0 1.393  524.8 1.85 0.395       7/8    3.00       True
       2    0.786         6         4            1        0.10     bsl      kz         0         96 2338   349.0 1.385  687.3 1.58 0.388       8/8    3.03       True
       2    0.786         6         4            1        0.10      2R     all         1         96 2325   347.0 1.310  463.5 1.89 0.485       7/8    2.00       True
       2    0.786         6         4            1        0.10      3R      kz         0         48 1746   261.0 1.385  517.5 1.92 0.392       7/8    3.00       True
       2    0.786         6         4            1        0.10      3R      kz         0         96 2338   349.0 1.387  691.2 1.53 0.389       8/8    3.00       True
       2    0.786         6         4            1        0.25      2R      kz         1         96 1369   204.0 1.392  333.5 1.89 0.482       7/8    2.00       True
       2    0.786         6         5            0        0.05     bsl      kz         0         48 1542   231.0 1.453  553.1 2.13 0.385       7/8    3.30       True
       2    0.786         6         5            0        0.05     bsl      kz         0         96 2076   309.0 1.433  710.1 1.53 0.377       8/8    3.32       True
       2    0.786         6         5            0        0.05      2R     all         1         96 2054   306.0 1.369  477.6 2.31 0.503       7/8    2.00       True
       2    0.786         6         5            0        0.05      2R      kz         0         96 2076   309.0 1.371  485.0 1.64 0.504       8/8    2.00       True
       2    0.786         6         5            0        0.05      3R     all         0         96 3732   556.0 1.319  937.0 1.74 0.383       7/8    3.00       True
       2    0.786         6         5            0        0.05      3R      kz         0         48 1542   231.0 1.420  497.3 1.91 0.405       7/8    3.00       True
       2    0.786         6         5            0        0.10     bsl      kz         0         48 1566   234.0 1.383  461.2 1.91 0.391       7/8    3.01       True
       2    0.786         6         5            0        0.10      3R      kz         0         48 1566   234.0 1.374  452.2 1.92 0.389       7/8    3.00       True
       2    0.786         6         5            1        0.05     bsl      kz         0         48 1542   231.0 1.453  553.1 2.13 0.385       7/8    3.30       True
       2    0.786         6         5            1        0.05     bsl      kz         0         96 2076   309.0 1.433  710.1 1.53 0.377       8/8    3.32       True
       2    0.786         6         5            1        0.05      2R     all         1         96 2054   306.0 1.369  477.6 2.31 0.503       7/8    2.00       True
       2    0.786         6         5            1        0.05      2R      kz         0         96 2076   309.0 1.371  485.0 1.64 0.504       8/8    2.00       True
       2    0.786         6         5            1        0.05      3R     all         0         96 3732   556.0 1.319  937.0 1.74 0.383       7/8    3.00       True
       2    0.786         6         5            1        0.05      3R      kz         0         48 1542   231.0 1.420  497.3 1.91 0.405       7/8    3.00       True
       2    0.786         6         5            1        0.10     bsl      kz         0         48 1566   234.0 1.383  461.2 1.91 0.391       7/8    3.01       True
       2    0.786         6         5            1        0.10      3R      kz         0         48 1566   234.0 1.374  452.2 1.92 0.389       7/8    3.00       True
       2    0.786        10         3            0        0.05     bsl     all         0         96 5929   883.0 1.313 1529.5 1.81 0.373       7/8    3.26       True
       2    0.786        10         3            0        0.05     bsl     all         1         96 3204   478.0 1.421 1077.8 2.03 0.390       7/8    3.27       True
       2    0.786        10         3            0        0.05     bsl      kz         0         96 3268   487.0 1.441 1145.9 1.87 0.392       8/8    3.27       True
       2    0.786        10         3            0        0.05     bsl      kz         1         96 1784   266.0 1.602  817.6 2.79 0.417       7/8    3.28       True
       2    0.786        10         3            0        0.05      2R      kz         0         96 3268   487.0 1.321  676.2 1.84 0.507       7/8    2.00       True
       2    0.786        10         3            0        0.05      2R      kz         1         96 1784   266.0 1.446  488.2 2.02 0.530       8/8    2.00       True
       2    0.786        10         3            0        0.05      3R     all         0         96 5929   883.0 1.304 1442.4 1.65 0.392       7/8    3.00       True
       2    0.786        10         3            0        0.05      3R     all         1         96 3204   478.0 1.425 1051.6 2.41 0.413       7/8    3.00       True
       2    0.786        10         3            0        0.05      3R      kz         0         96 3268   487.0 1.414 1046.7 1.66 0.410       8/8    3.00       True
       2    0.786        10         3            0        0.05      3R      kz         1         48 1355   202.0 1.563  569.7 1.89 0.439       7/8    3.00       True
       2    0.786        10         3            0        0.05      3R      kz         1         96 1784   266.0 1.580  764.2 3.11 0.437       8/8    3.00       True
       2    0.786        10         3            0        0.10     bsl     all         1         96 3251   485.0 1.357  892.2 2.01 0.397       7/8    2.95       True
       2    0.786        10         3            0        0.10     bsl      kz         0         96 3320   495.0 1.364  926.8 1.55 0.397       7/8    2.96       True
       2    0.786        10         3            0        0.10     bsl      kz         1         96 1811   270.0 1.530  702.7 2.58 0.425       7/8    2.97       True
       2    0.786        10         3            0        0.10      2R      kz         1         96 1811   270.0 1.425  475.8 2.35 0.516       8/8    2.00       True
       2    0.786        10         3            0        0.10      3R     all         1         96 3251   485.0 1.374  944.2 2.16 0.395       7/8    3.00       True
       2    0.786        10         3            0        0.10      3R      kz         0         96 3320   495.0 1.370  951.7 1.59 0.393       7/8    3.00       True
       2    0.786        10         3            0        0.10      3R      kz         1         96 1811   270.0 1.547  732.3 2.81 0.423       7/8    3.00       True
       2    0.786        10         3            1        0.05     bsl      kz         0         48 1859   278.0 1.461  676.6 1.82 0.391       7/8    3.29       True
       2    0.786        10         3            1        0.05     bsl      kz         0         96 2478   369.0 1.457  889.2 2.13 0.385       8/8    3.31       True
       2    0.786        10         3            1        0.05     bsl      kz         1         96 1387   207.0 1.620  646.4 2.71 0.410       8/8    3.31       True
       2    0.786        10         3            1        0.05      2R     all         1         96 2434   363.0 1.362  556.4 2.05 0.506       7/8    2.00       True
       2    0.786        10         3            1        0.05      2R      kz         0         96 2478   369.0 1.354  555.4 1.81 0.505       8/8    2.00       True
       2    0.786        10         3            1        0.05      2R      kz         1         96 1387   207.0 1.471  395.8 2.46 0.526       8/8    2.00       True
       2    0.786        10         3            1        0.05      3R      kz         0         48 1859   278.0 1.418  598.7 1.82 0.407       8/8    3.00       True
       2    0.786        10         3            1        0.05      3R      kz         0         96 2478   369.0 1.422  797.9 1.76 0.404       8/8    3.00       True
       2    0.786        10         3            1        0.05      3R      kz         1         96 1387   207.0 1.601  604.8 2.79 0.432       8/8    3.00       True
       2    0.786        10         3            1        0.10     bsl      kz         0         96 2514   375.0 1.384  736.6 1.75 0.390       8/8    3.02       True
       2    0.786        10         3            1        0.10     bsl      kz         1         96 1408   210.0 1.550  563.5 2.36 0.418       7/8    3.02       True
       2    0.786        10         3            1        0.10      2R     all         1         96 2468   368.0 1.303  482.6 1.66 0.486       7/8    2.00       True
       2    0.786        10         3            1        0.10      2R      kz         1         96 1408   210.0 1.440  379.0 2.64 0.511       8/8    2.00       True
       2    0.786        10         3            1        0.10      3R      kz         0         96 2514   375.0 1.383  737.1 1.69 0.389       8/8    3.00       True
       2    0.786        10         3            1        0.10      3R      kz         1         96 1408   210.0 1.556  571.5 2.43 0.418       7/8    3.00       True
       2    0.786        10         4            0        0.05     bsl      kz         0         48 2297   342.0 1.417  768.7 1.58 0.390       7/8    3.27       True
       2    0.786        10         4            0        0.05     bsl      kz         0         96 3016   450.0 1.441 1055.3 1.79 0.389       8/8    3.29       True
       2    0.786        10         4            0        0.05     bsl      kz         1         96 1656   247.0 1.585  739.9 2.71 0.411       7/8    3.29       True
       2    0.786        10         4            0        0.05      2R      kz         0         96 3016   450.0 1.328  634.9 1.85 0.506       8/8    2.00       True
       2    0.786        10         4            0        0.05      2R      kz         1         96 1656   247.0 1.450  456.0 2.31 0.527       8/8    2.00       True
       2    0.786        10         4            0        0.05      3R      kz         0         96 3016   450.0 1.415  964.5 1.52 0.407       7/8    3.00       True
       2    0.786        10         4            0        0.05      3R      kz         1         96 1656   247.0 1.571  697.0 2.72 0.432       8/8    3.00       True
       2    0.786        10         4            0        0.10     bsl      kz         1         96 1682   251.0 1.513  635.8 2.41 0.418       7/8    2.99       True
       2    0.786        10         4            0        0.10      2R      kz         1         96 1682   251.0 1.427  443.5 2.50 0.513       8/8    2.00       True
       2    0.786        10         4            0        0.10      3R     all         1         96 3004   448.0 1.374  870.2 2.15 0.392       7/8    3.00       True
       2    0.786        10         4            0        0.10      3R      kz         0         96 3065   457.0 1.368  871.6 1.51 0.391       7/8    3.00       True
       2    0.786        10         4            0        0.10      3R      kz         1         96 1682   251.0 1.530  660.0 2.59 0.417       7/8    3.00       True
       2    0.786        10         4            1        0.05     bsl      kz         0         48 1859   278.0 1.461  676.6 1.82 0.391       7/8    3.29       True
       2    0.786        10         4            1        0.05     bsl      kz         0         96 2478   369.0 1.457  889.2 2.13 0.385       8/8    3.31       True
       2    0.786        10         4            1        0.05     bsl      kz         1         96 1387   207.0 1.620  646.4 2.71 0.410       8/8    3.31       True
       2    0.786        10         4            1        0.05      2R     all         1         96 2434   363.0 1.362  556.4 2.05 0.506       7/8    2.00       True
       2    0.786        10         4            1        0.05      2R      kz         0         96 2478   369.0 1.354  555.4 1.81 0.505       8/8    2.00       True
       2    0.786        10         4            1        0.05      2R      kz         1         96 1387   207.0 1.471  395.8 2.46 0.526       8/8    2.00       True
       2    0.786        10         4            1        0.05      3R      kz         0         48 1859   278.0 1.418  598.7 1.82 0.407       8/8    3.00       True
       2    0.786        10         4            1        0.05      3R      kz         0         96 2478   369.0 1.422  797.9 1.76 0.404       8/8    3.00       True
       2    0.786        10         4            1        0.05      3R      kz         1         96 1387   207.0 1.601  604.8 2.79 0.432       8/8    3.00       True
       2    0.786        10         4            1        0.10     bsl      kz         0         96 2514   375.0 1.384  736.6 1.75 0.390       8/8    3.02       True
       2    0.786        10         4            1        0.10     bsl      kz         1         96 1408   210.0 1.550  563.5 2.36 0.418       7/8    3.02       True
       2    0.786        10         4            1        0.10      2R     all         1         96 2468   368.0 1.303  482.6 1.66 0.486       7/8    2.00       True
       2    0.786        10         4            1        0.10      2R      kz         1         96 1408   210.0 1.440  379.0 2.64 0.511       8/8    2.00       True
       2    0.786        10         4            1        0.10      3R      kz         0         96 2514   375.0 1.383  737.1 1.69 0.389       8/8    3.00       True
       2    0.786        10         4            1        0.10      3R      kz         1         96 1408   210.0 1.556  571.5 2.43 0.418       7/8    3.00       True
       2    0.786        10         5            0        0.05     bsl      kz         0         48 1657   248.0 1.451  591.5 1.87 0.387       7/8    3.30       True
       2    0.786        10         5            0        0.05     bsl      kz         0         96 2220   331.0 1.437  765.4 1.75 0.380       8/8    3.32       True
       2    0.786        10         5            0        0.05      2R      kz         0         96 2220   331.0 1.354  498.0 1.62 0.503       8/8    2.00       True
       2    0.786        10         5            0        0.05      3R      kz         0         48 1657   248.0 1.409  523.1 1.87 0.404       7/8    3.00       True
       2    0.786        10         5            1        0.05     bsl      kz         0         48 1657   248.0 1.451  591.5 1.87 0.387       7/8    3.30       True
       2    0.786        10         5            1        0.05     bsl      kz         0         96 2220   331.0 1.437  765.4 1.75 0.380       8/8    3.32       True
       2    0.786        10         5            1        0.05      2R      kz         0         96 2220   331.0 1.354  498.0 1.62 0.503       8/8    2.00       True
       2    0.786        10         5            1        0.05      3R      kz         0         48 1657   248.0 1.409  523.1 1.87 0.404       7/8    3.00       True
       3    0.705         3         3            0        0.05      3R      kz         0         96 1857   277.0 1.419  576.6 1.66 0.379       7/8    3.00       True
       3    0.705         3         4            0        0.05      3R      kz         0         96 1791   267.0 1.406  540.0 1.54 0.376       7/8    3.00       True
       3    0.705         6         3            0        0.05      3R      kz         0         96 2172   324.0 1.395  643.5 1.60 0.378       7/8    3.00       True
       3    0.705         6         4            0        0.05      3R      kz         0         96 2080   310.0 1.385  600.4 1.59 0.374       7/8    3.00       True
       3    0.705        10         3            0        0.05      3R      kz         0         96 2375   354.0 1.391  698.6 1.66 0.379       7/8    3.00       True
       3    0.705        10         3            1        0.05      3R      kz         0         96 1969   294.0 1.397  582.6 1.54 0.375       7/8    3.00       True
       3    0.705        10         4            0        0.05      3R      kz         0         96 2269   338.0 1.393  667.9 1.80 0.377       7/8    3.00       True
       3    0.705        10         4            1        0.05      3R      kz         0         96 1969   294.0 1.397  582.6 1.54 0.375       7/8    3.00       True
       3    0.786         3         3            0        0.05     bsl     all         0         48 2120   316.0 1.364  620.4 1.78 0.365       8/8    3.31       True
       3    0.786         3         3            0        0.05     bsl     all         0         96 2953   440.0 1.377  891.2 2.19 0.364       7/8    3.33       True
       3    0.786         3         3            0        0.05     bsl     all         1         96 1642   245.0 1.441  567.7 1.71 0.373       7/8    3.34       True
       3    0.786         3         3            0        0.05     bsl      kz         0         96 1661   248.0 1.573  724.4 1.65 0.394       7/8    3.34       True
       3    0.786         3         3            0        0.05      2R     all         1         96 1642   245.0 1.381  392.1 2.17 0.499       8/8    2.00       True
       3    0.786         3         3            0        0.05      2R      kz         0         96 1661   248.0 1.495  496.0 2.42 0.521       8/8    2.00       True
       3    0.786         3         3            0        0.05      3R     all         0         48 2120   316.0 1.343  566.0 1.62 0.386       8/8    3.00       True
       3    0.786         3         3            0        0.05      3R     all         0         96 2953   440.0 1.361  822.7 1.89 0.386       7/8    3.00       True
       3    0.786         3         3            0        0.05      3R     all         1         96 1642   245.0 1.450  555.1 2.38 0.399       8/8    3.00       True
       3    0.786         3         3            0        0.05      3R      kz         0         96 1661   248.0 1.548  666.5 1.71 0.417       8/8    3.00       True
       3    0.786         3         3            0        0.10     bsl     all         0         96 3000   447.0 1.322  749.8 1.77 0.371       7/8    3.05       True
       3    0.786         3         3            0        0.10      2R      kz         0         96 1690   252.0 1.430  447.9 1.89 0.502       8/8    2.00       True
       3    0.786         3         3            0        0.10      3R     all         0         96 3000   447.0 1.316  736.2 1.64 0.372       7/8    3.00       True
       3    0.786         3         3            1        0.05     bsl     all         0         96 2500   373.0 1.382  761.5 2.17 0.359       7/8    3.35       True
       3    0.786         3         3            1        0.05     bsl     all         1         96 1410   210.0 1.458  502.9 1.72 0.371       7/8    3.35       True
       3    0.786         3         3            1        0.05     bsl      kz         0         96 1427   213.0 1.602  646.7 1.92 0.395       7/8    3.36       True
       3    0.786         3         3            1        0.05      2R     all         1         96 1410   210.0 1.428  370.5 2.41 0.503       8/8    2.00       True
       3    0.786         3         3            1        0.05      2R      kz         0         96 1427   213.0 1.569  476.8 2.45 0.529       8/8    2.00       True
       3    0.786         3         3            1        0.05      3R     all         0         48 1787   266.0 1.345  477.2 2.06 0.382       7/8    3.00       True
       3    0.786         3         3            1        0.05      3R     all         0         96 2500   373.0 1.364  698.8 1.78 0.382       7/8    3.00       True
       3    0.786         3         3            1        0.05      3R     all         1         96 1410   210.0 1.473  495.5 2.30 0.399       7/8    3.00       True
       3    0.786         3         3            1        0.05      3R      kz         0         96 1427   213.0 1.577  595.4 1.91 0.418       8/8    3.00       True
       3    0.786         3         3            1        0.10     bsl     all         0         96 2538   378.0 1.328  645.9 1.62 0.366       7/8    3.08       True
       3    0.786         3         3            1        0.10     bsl      kz         0         96 1453   217.0 1.533  568.8 1.79 0.401       7/8    3.10       True
       3    0.786         3         3            1        0.10      2R     all         1         96 1435   214.0 1.322  294.3 1.65 0.477       7/8    2.00       True
       3    0.786         3         3            1        0.10      2R      kz         0         96 1453   217.0 1.498  435.4 2.35 0.511       8/8    2.00       True
       3    0.786         3         3            1        0.10      3R      kz         0         96 1453   217.0 1.512  544.4 1.70 0.403       7/8    3.00       True
       3    0.786         3         3            1        0.25      2R      kz         0         96 1487   222.0 1.391  360.8 1.77 0.476       7/8    2.00       True
       3    0.786         3         4            0        0.05     bsl     all         0         48 2034   303.0 1.361  590.7 1.86 0.363       8/8    3.32       True
       3    0.786         3         4            0        0.05     bsl     all         0         96 2838   423.0 1.379  859.7 2.29 0.362       7/8    3.34       True
       3    0.786         3         4            0        0.05     bsl     all         1         96 1578   235.0 1.443  547.5 1.81 0.371       7/8    3.34       True
       3    0.786         3         4            0        0.05     bsl      kz         0         96 1604   239.0 1.573  698.5 1.71 0.393       7/8    3.35       True
       3    0.786         3         4            0        0.05      2R     all         1         96 1578   235.0 1.392  385.2 2.57 0.499       8/8    2.00       True
       3    0.786         3         4            0        0.05      2R      kz         0         96 1604   239.0 1.508  489.2 2.43 0.522       8/8    2.00       True
       3    0.786         3         4            0        0.05      3R     all         0         48 2034   303.0 1.340  537.4 1.68 0.384       8/8    3.00       True
       3    0.786         3         4            0        0.05      3R     all         0         96 2838   423.0 1.362  790.8 1.99 0.385       7/8    3.00       True
       3    0.786         3         4            0        0.05      3R     all         1         96 1578   235.0 1.450  532.2 2.60 0.397       8/8    3.00       True
       3    0.786         3         4            0        0.05      3R      kz         0         96 1604   239.0 1.548  642.8 1.80 0.416       8/8    3.00       True
       3    0.786         3         4            0        0.10     bsl     all         0         96 2883   430.0 1.327  731.5 1.91 0.370       7/8    3.06       True
       3    0.786         3         4            0        0.10     bsl      kz         0         96 1632   243.0 1.505  609.5 1.57 0.399       7/8    3.08       True
       3    0.786         3         4            0        0.10      2R      kz         0         96 1632   243.0 1.442  442.3 2.08 0.503       8/8    2.00       True
       3    0.786         3         4            0        0.10      3R     all         0         96 2883   430.0 1.320  713.0 1.72 0.372       7/8    3.00       True
       3    0.786         3         4            0        0.10      3R      kz         0         96 1632   243.0 1.488  587.3 1.50 0.401       7/8    3.00       True
       3    0.786         3         4            1        0.05     bsl     all         0         96 2500   373.0 1.382  761.5 2.17 0.359       7/8    3.35       True
       3    0.786         3         4            1        0.05     bsl     all         1         96 1410   210.0 1.458  502.9 1.72 0.371       7/8    3.35       True
       3    0.786         3         4            1        0.05     bsl      kz         0         96 1427   213.0 1.602  646.7 1.92 0.395       7/8    3.36       True
       3    0.786         3         4            1        0.05      2R     all         1         96 1410   210.0 1.428  370.5 2.41 0.503       8/8    2.00       True
       3    0.786         3         4            1        0.05      2R      kz         0         96 1427   213.0 1.569  476.8 2.45 0.529       8/8    2.00       True
       3    0.786         3         4            1        0.05      3R     all         0         48 1787   266.0 1.345  477.2 2.06 0.382       7/8    3.00       True
       3    0.786         3         4            1        0.05      3R     all         0         96 2500   373.0 1.364  698.8 1.78 0.382       7/8    3.00       True
       3    0.786         3         4            1        0.05      3R     all         1         96 1410   210.0 1.473  495.5 2.30 0.399       7/8    3.00       True
       3    0.786         3         4            1        0.05      3R      kz         0         96 1427   213.0 1.577  595.4 1.91 0.418       8/8    3.00       True
       3    0.786         3         4            1        0.10     bsl     all         0         96 2538   378.0 1.328  645.9 1.62 0.366       7/8    3.08       True
       3    0.786         3         4            1        0.10     bsl      kz         0         96 1453   217.0 1.533  568.8 1.79 0.401       7/8    3.10       True
       3    0.786         3         4            1        0.10      2R     all         1         96 1435   214.0 1.322  294.3 1.65 0.477       7/8    2.00       True
       3    0.786         3         4            1        0.10      2R      kz         0         96 1453   217.0 1.498  435.4 2.35 0.511       8/8    2.00       True
       3    0.786         3         4            1        0.10      3R      kz         0         96 1453   217.0 1.512  544.4 1.70 0.403       7/8    3.00       True
       3    0.786         3         4            1        0.25      2R      kz         0         96 1487   222.0 1.391  360.8 1.77 0.476       7/8    2.00       True
       3    0.786         3         5            0        0.05     bsl     all         0         96 2315   345.0 1.362  669.7 1.70 0.355       7/8    3.35       True
       3    0.786         3         5            0        0.05      3R     all         0         48 1654   246.0 1.339  434.2 1.84 0.380       7/8    3.00       True
       3    0.786         3         5            0        0.05      3R     all         0         96 2315   345.0 1.349  622.6 1.69 0.379       7/8    3.00       True
       3    0.786         3         5            0        0.10      2R      kz         0         96 1345   201.0 1.494  400.0 2.26 0.509       8/8    2.00       True
       3    0.786         3         5            0        0.25      2R      kz         0         96 1378   206.0 1.400  340.6 1.59 0.477       7/8    2.00       True
       3    0.786         3         5            1        0.05     bsl     all         0         96 2315   345.0 1.362  669.7 1.70 0.355       7/8    3.35       True
       3    0.786         3         5            1        0.05      3R     all         0         48 1654   246.0 1.339  434.2 1.84 0.380       7/8    3.00       True
       3    0.786         3         5            1        0.05      3R     all         0         96 2315   345.0 1.349  622.6 1.69 0.379       7/8    3.00       True
       3    0.786         3         5            1        0.10      2R      kz         0         96 1345   201.0 1.494  400.0 2.26 0.509       8/8    2.00       True
       3    0.786         3         5            1        0.25      2R      kz         0         96 1378   206.0 1.400  340.6 1.59 0.477       7/8    2.00       True
       3    0.786         6         3            0        0.05     bsl     all         0         96 3496   521.0 1.355 1004.8 1.86 0.365       7/8    3.31       True
       3    0.786         6         3            0        0.05     bsl     all         1         96 1893   282.0 1.450  667.6 2.33 0.378       7/8    3.32       True
       3    0.786         6         3            0        0.05     bsl      kz         0         48 1420   212.0 1.584  634.5 2.28 0.405       8/8    3.31       True
       3    0.786         6         3            0        0.05     bsl      kz         0         96 1944   290.0 1.560  833.0 1.80 0.397       7/8    3.33       True
       3    0.786         6         3            0        0.05      2R     all         1         96 1893   282.0 1.365  434.9 2.48 0.500       8/8    2.00       True
       3    0.786         6         3            0        0.05      2R      kz         0         48 1420   212.0 1.399  355.1 1.52 0.515       8/8    2.00       True
       3    0.786         6         3            0        0.05      2R      kz         0         96 1944   290.0 1.442  528.8 1.94 0.516       8/8    2.00       True
       3    0.786         6         3            0        0.05      3R     all         0         96 3496   521.0 1.340  929.4 1.73 0.387       7/8    3.00       True
       3    0.786         6         3            0        0.05      3R     all         1         48 1357   202.0 1.471  481.7 1.83 0.409       7/8    3.00       True
       3    0.786         6         3            0        0.05      3R     all         1         96 1893   282.0 1.452  644.9 3.34 0.403       8/8    3.00       True
       3    0.786         6         3            0        0.05      3R      kz         0         48 1420   212.0 1.537  566.1 2.16 0.423       8/8    3.00       True
       3    0.786         6         3            0        0.05      3R      kz         0         96 1944   290.0 1.527  757.4 1.79 0.417       8/8    3.00       True
       3    0.786         6         3            0        0.10     bsl     all         0         96 3553   529.0 1.306  849.8 1.62 0.373       7/8    3.03       True
       3    0.786         6         3            0        0.10     bsl     all         1         96 1928   287.0 1.376  552.5 1.84 0.384       7/8    3.04       True
       3    0.786         6         3            0        0.10     bsl      kz         0         48 1446   216.0 1.512  549.5 2.00 0.411       7/8    3.02       True
       3    0.786         6         3            0        0.10     bsl      kz         0         96 1978   295.0 1.494  724.6 1.62 0.403       7/8    3.05       True
       3    0.786         6         3            0        0.10      2R      kz         0         96 1978   295.0 1.395  488.4 1.85 0.499       8/8    2.00       True
       3    0.786         6         3            0        0.10      3R     all         0         96 3553   529.0 1.301  838.3 1.64 0.373       7/8    3.00       True
       3    0.786         6         3            0        0.10      3R     all         1         96 1928   287.0 1.374  551.8 1.74 0.383       7/8    3.00       True
       3    0.786         6         3            0        0.10      3R      kz         0         48 1446   216.0 1.493  532.4 1.93 0.409       8/8    3.00       True
       3    0.786         6         3            0        0.10      3R      kz         0         96 1978   295.0 1.485  712.4 1.60 0.404       7/8    3.00       True
       3    0.786         6         3            0        0.25      2R      kz         0         48 1497   223.0 1.345  327.6 1.63 0.476       7/8    2.00       True
       3    0.786         6         3            1        0.05     bsl     all         0         96 2896   432.0 1.367  853.8 2.42 0.360       7/8    3.34       True
       3    0.786         6         3            1        0.05     bsl     all         1         96 1592   237.0 1.454  565.4 1.71 0.373       7/8    3.34       True
       3    0.786         6         3            1        0.05     bsl      kz         0         96 1640   244.0 1.559  700.2 2.00 0.391       8/8    3.35       True
       3    0.786         6         3            1        0.05      2R     all         1         96 1592   237.0 1.402  397.1 2.60 0.501       7/8    2.00       True
       3    0.786         6         3            1        0.05      2R      kz         0         96 1640   244.0 1.497  491.1 1.90 0.520       8/8    2.00       True
       3    0.786         6         3            1        0.05      3R     all         0         48 2078   310.0 1.326  530.0 1.73 0.382       7/8    3.00       True
       3    0.786         6         3            1        0.05      3R     all         0         96 2896   432.0 1.350  784.9 1.89 0.383       7/8    3.00       True
       3    0.786         6         3            1        0.05      3R     all         1         96 1592   237.0 1.459  547.1 2.02 0.399       7/8    3.00       True
       3    0.786         6         3            1        0.05      3R      kz         0         96 1640   244.0 1.526  635.6 1.90 0.413       8/8    3.00       True
       3    0.786         6         3            1        0.10     bsl     all         0         96 2940   438.0 1.314  720.4 1.93 0.368       7/8    3.07       True
       3    0.786         6         3            1        0.10     bsl      kz         0         96 1670   249.0 1.492  611.2 1.80 0.397       7/8    3.08       True
       3    0.786         6         3            1        0.10      2R      kz         0         96 1670   249.0 1.437  448.4 1.97 0.502       8/8    2.00       True
       3    0.786         6         3            1        0.10      3R     all         0         96 2940   438.0 1.308  704.3 1.80 0.370       7/8    3.00       True
       3    0.786         6         3            1        0.10      3R      kz         0         96 1670   249.0 1.473  586.4 1.75 0.399       8/8    3.00       True
       3    0.786         6         4            0        0.05     bsl     all         0         96 3338   497.0 1.359  968.4 1.84 0.364       7/8    3.32       True
       3    0.786         6         4            0        0.05     bsl     all         1         96 1810   270.0 1.452  640.6 2.34 0.376       7/8    3.33       True
       3    0.786         6         4            0        0.05     bsl      kz         0         48 1358   202.0 1.583  605.9 2.47 0.402       8/8    3.32       True
       3    0.786         6         4            0        0.05     bsl      kz         0         96 1864   278.0 1.559  796.8 1.90 0.394       8/8    3.34       True
       3    0.786         6         4            0        0.05      2R     all         1         96 1810   270.0 1.376  426.7 2.83 0.499       8/8    2.00       True
       3    0.786         6         4            0        0.05      2R      kz         0         96 1864   278.0 1.459  523.3 1.94 0.517       8/8    2.00       True
       3    0.786         6         4            0        0.05      3R     all         0         96 3338   497.0 1.343  892.2 1.71 0.386       8/8    3.00       True
       3    0.786         6         4            0        0.05      3R     all         1         96 1810   270.0 1.451  614.7 3.40 0.401       8/8    3.00       True
       3    0.786         6         4            0        0.05      3R      kz         0         48 1358   202.0 1.538  541.4 2.37 0.421       8/8    3.00       True
       3    0.786         6         4            0        0.05      3R      kz         0         96 1864   278.0 1.525  722.9 1.90 0.415       8/8    3.00       True
       3    0.786         6         4            0        0.10     bsl     all         0         96 3390   505.0 1.315  833.2 1.64 0.373       7/8    3.04       True
       3    0.786         6         4            0        0.10     bsl      kz         0         48 1383   206.0 1.516  529.1 2.18 0.409       8/8    3.03       True
       3    0.786         6         4            0        0.10     bsl      kz         0         96 1896   283.0 1.496  697.5 1.72 0.401       7/8    3.06       True
       3    0.786         6         4            0        0.10      2R      kz         0         96 1896   283.0 1.408  480.3 1.97 0.499       8/8    2.00       True
       3    0.786         6         4            0        0.10      3R     all         0         96 3390   505.0 1.308  814.9 1.66 0.373       8/8    3.00       True
       3    0.786         6         4            0        0.10      3R     all         1         96 1842   275.0 1.381  533.9 1.74 0.383       7/8    3.00       True
       3    0.786         6         4            0        0.10      3R      kz         0         48 1383   206.0 1.498  513.0 2.09 0.408       8/8    3.00       True
       3    0.786         6         4            0        0.10      3R      kz         0         96 1896   283.0 1.483  679.3 1.67 0.402       8/8    3.00       True
       3    0.786         6         4            1        0.05     bsl     all         0         96 2896   432.0 1.367  853.8 2.42 0.360       7/8    3.34       True
       3    0.786         6         4            1        0.05     bsl     all         1         96 1592   237.0 1.454  565.4 1.71 0.373       7/8    3.34       True
       3    0.786         6         4            1        0.05     bsl      kz         0         96 1640   244.0 1.559  700.2 2.00 0.391       8/8    3.35       True
       3    0.786         6         4            1        0.05      2R     all         1         96 1592   237.0 1.402  397.1 2.60 0.501       7/8    2.00       True
       3    0.786         6         4            1        0.05      2R      kz         0         96 1640   244.0 1.497  491.1 1.90 0.520       8/8    2.00       True
       3    0.786         6         4            1        0.05      3R     all         0         48 2078   310.0 1.326  530.0 1.73 0.382       7/8    3.00       True
       3    0.786         6         4            1        0.05      3R     all         0         96 2896   432.0 1.350  784.9 1.89 0.383       7/8    3.00       True
       3    0.786         6         4            1        0.05      3R     all         1         96 1592   237.0 1.459  547.1 2.02 0.399       7/8    3.00       True
       3    0.786         6         4            1        0.05      3R      kz         0         96 1640   244.0 1.526  635.6 1.90 0.413       8/8    3.00       True
       3    0.786         6         4            1        0.10     bsl     all         0         96 2940   438.0 1.314  720.4 1.93 0.368       7/8    3.07       True
       3    0.786         6         4            1        0.10     bsl      kz         0         96 1670   249.0 1.492  611.2 1.80 0.397       7/8    3.08       True
       3    0.786         6         4            1        0.10      2R      kz         0         96 1670   249.0 1.437  448.4 1.97 0.502       8/8    2.00       True
       3    0.786         6         4            1        0.10      3R     all         0         96 2940   438.0 1.308  704.3 1.80 0.370       7/8    3.00       True
       3    0.786         6         4            1        0.10      3R      kz         0         96 1670   249.0 1.473  586.4 1.75 0.399       8/8    3.00       True
       3    0.786         6         5            0        0.05     bsl     all         0         96 2657   396.0 1.345  739.1 1.86 0.355       7/8    3.34       True
       3    0.786         6         5            0        0.05     bsl      kz         0         96 1508   225.0 1.531  615.1 1.61 0.385       8/8    3.35       True
       3    0.786         6         5            0        0.05      2R     all         1         96 1459   217.0 1.390  353.4 2.07 0.497       7/8    2.00       True
       3    0.786         6         5            0        0.05      2R      kz         0         96 1508   225.0 1.493  447.5 1.86 0.518       8/8    2.00       True
       3    0.786         6         5            0        0.05      3R     all         0         48 1907   284.0 1.318  475.5 1.62 0.379       7/8    3.00       True
       3    0.786         6         5            0        0.05      3R     all         0         96 2657   396.0 1.335  691.1 1.75 0.379       7/8    3.00       True
       3    0.786         6         5            0        0.05      3R      kz         0         96 1508   225.0 1.506  564.1 1.56 0.408       8/8    3.00       True
       3    0.786         6         5            0        0.10      2R      kz         0         96 1536   229.0 1.430  406.8 1.79 0.500       8/8    2.00       True
       3    0.786         6         5            1        0.05     bsl     all         0         96 2657   396.0 1.345  739.1 1.86 0.355       7/8    3.34       True
       3    0.786         6         5            1        0.05     bsl      kz         0         96 1508   225.0 1.531  615.1 1.61 0.385       8/8    3.35       True
       3    0.786         6         5            1        0.05      2R     all         1         96 1459   217.0 1.390  353.4 2.07 0.497       7/8    2.00       True
       3    0.786         6         5            1        0.05      2R      kz         0         96 1508   225.0 1.493  447.5 1.86 0.518       8/8    2.00       True
       3    0.786         6         5            1        0.05      3R     all         0         48 1907   284.0 1.318  475.5 1.62 0.379       7/8    3.00       True
       3    0.786         6         5            1        0.05      3R     all         0         96 2657   396.0 1.335  691.1 1.75 0.379       7/8    3.00       True
       3    0.786         6         5            1        0.05      3R      kz         0         96 1508   225.0 1.506  564.1 1.56 0.408       8/8    3.00       True
       3    0.786         6         5            1        0.10      2R      kz         0         96 1536   229.0 1.430  406.8 1.79 0.500       8/8    2.00       True
       3    0.786        10         3            0        0.05     bsl     all         0         96 3807   567.0 1.346 1070.7 1.77 0.366       7/8    3.31       True
       3    0.786        10         3            0        0.05     bsl     all         1         96 2031   303.0 1.451  719.5 2.31 0.381       7/8    3.32       True
       3    0.786        10         3            0        0.05     bsl      kz         0         48 1573   235.0 1.547  665.8 1.82 0.402       7/8    3.30       True
       3    0.786        10         3            0        0.05     bsl      kz         0         96 2128   317.0 1.537  881.1 1.72 0.396       7/8    3.32       True
       3    0.786        10         3            0        0.05      2R     all         1         96 2031   303.0 1.357  458.0 2.27 0.501       8/8    2.00       True
       3    0.786        10         3            0        0.05      2R      kz         0         96 2128   317.0 1.415  548.8 1.51 0.514       8/8    2.00       True
       3    0.786        10         3            0        0.05      3R     all         0         96 3807   567.0 1.336 1001.8 1.66 0.388       7/8    3.00       True
       3    0.786        10         3            0        0.05      3R     all         1         48 1466   219.0 1.450  501.4 1.68 0.408       7/8    3.00       True
       3    0.786        10         3            0        0.05      3R     all         1         96 2031   303.0 1.450  691.0 3.14 0.404       8/8    3.00       True
       3    0.786        10         3            0        0.05      3R      kz         0         48 1573   235.0 1.513  604.3 1.71 0.421       8/8    3.00       True
       3    0.786        10         3            0        0.05      3R      kz         0         96 2128   317.0 1.515  813.4 1.69 0.417       7/8    3.00       True
       3    0.786        10         3            0        0.10     bsl     all         1         96 2070   309.0 1.368  584.3 1.79 0.385       7/8    3.03       True
       3    0.786        10         3            0        0.10     bsl      kz         0         48 1601   239.0 1.475  569.7 1.55 0.408       7/8    3.00       True
       3    0.786        10         3            0        0.10     bsl      kz         0         96 2165   323.0 1.470  760.5 1.51 0.402       7/8    3.03       True
       3    0.786        10         3            0        0.10      3R     all         1         96 2070   309.0 1.367  584.5 1.72 0.384       7/8    3.00       True
       3    0.786        10         3            0        0.10      3R      kz         0         96 2165   323.0 1.465  753.8 1.51 0.403       7/8    3.00       True
       3    0.786        10         3            1        0.05     bsl     all         0         96 3112   464.0 1.383  952.9 2.27 0.365       7/8    3.33       True
       3    0.786        10         3            1        0.05     bsl     all         1         96 1687   251.0 1.488  638.3 2.01 0.380       7/8    3.34       True
       3    0.786        10         3            1        0.05     bsl      kz         0         96 1767   263.0 1.574  771.2 2.21 0.394       8/8    3.34       True
       3    0.786        10         3            1        0.05      2R     all         1         96 1687   251.0 1.415  431.4 2.66 0.505       8/8    2.00       True
       3    0.786        10         3            1        0.05      2R      kz         0         96 1767   263.0 1.497  528.9 1.63 0.521       8/8    2.00       True
       3    0.786        10         3            1        0.05      3R     all         0         48 2238   333.0 1.345  602.3 1.74 0.387       7/8    3.00       True
       3    0.786        10         3            1        0.05      3R     all         0         96 3112   464.0 1.364  873.9 1.75 0.387       7/8    3.00       True
       3    0.786        10         3            1        0.05      3R     all         1         96 1687   251.0 1.484  607.4 2.33 0.405       7/8    3.00       True
       3    0.786        10         3            1        0.05      3R      kz         0         96 1767   263.0 1.541  701.4 2.07 0.416       8/8    3.00       True
       3    0.786        10         3            1        0.10     bsl     all         0         96 3159   471.0 1.326  800.7 1.77 0.372       7/8    3.06       True
       3    0.786        10         3            1        0.10     bsl      kz         0         96 1798   268.0 1.504  670.3 1.94 0.400       7/8    3.07       True
       3    0.786        10         3            1        0.10      2R     all         1         96 1718   256.0 1.323  353.8 1.72 0.481       7/8    2.00       True
       3    0.786        10         3            1        0.10      2R      kz         0         96 1798   268.0 1.441  486.3 1.56 0.504       8/8    2.00       True
       3    0.786        10         3            1        0.10      3R     all         0         96 3159   471.0 1.322  788.9 1.68 0.374       7/8    3.00       True
       3    0.786        10         3            1        0.10      3R      kz         0         96 1798   268.0 1.487  647.3 1.91 0.402       8/8    3.00       True
       3    0.786        10         4            0        0.05     bsl     all         0         96 3624   540.0 1.361 1056.7 1.89 0.366       7/8    3.32       True
       3    0.786        10         4            0        0.05     bsl     all         1         96 1933   288.0 1.467  706.4 2.36 0.380       7/8    3.33       True
       3    0.786        10         4            0        0.05     bsl      kz         0         48 1499   223.0 1.562  649.0 1.99 0.402       7/8    3.31       True
       3    0.786        10         4            0        0.05     bsl      kz         0         96 2035   303.0 1.549  858.1 1.86 0.395       7/8    3.33       True
       3    0.786        10         4            0        0.05      2R     all         1         48 1386   207.0 1.343  303.1 1.52 0.500       7/8    2.00       True
       3    0.786        10         4            0        0.05      2R     all         1         96 1933   288.0 1.383  462.7 2.54 0.503       8/8    2.00       True
       3    0.786        10         4            0        0.05      2R      kz         0         96 2035   303.0 1.444  555.1 1.59 0.516       8/8    2.00       True
       3    0.786        10         4            0        0.05      3R     all         0         96 3624   540.0 1.350  986.6 1.78 0.389       7/8    3.00       True
       3    0.786        10         4            0        0.05      3R     all         1         48 1386   207.0 1.466  488.1 1.65 0.408       7/8    3.00       True
       3    0.786        10         4            0        0.05      3R     all         1         96 1933   288.0 1.465  674.7 3.27 0.405       8/8    3.00       True
       3    0.786        10         4            0        0.05      3R      kz         0         48 1499   223.0 1.530  591.0 1.89 0.422       8/8    3.00       True
       3    0.786        10         4            0        0.05      3R      kz         0         96 2035   303.0 1.527  791.7 1.85 0.417       8/8    3.00       True
       3    0.786        10         4            0        0.10     bsl     all         0         96 3681   548.0 1.315  903.5 1.67 0.375       7/8    3.03       True
       3    0.786        10         4            0        0.10     bsl     all         1         96 1968   293.0 1.391  585.4 1.88 0.385       7/8    3.04       True
       3    0.786        10         4            0        0.10     bsl      kz         0         48 1525   227.0 1.496  563.0 1.75 0.409       7/8    3.01       True
       3    0.786        10         4            0        0.10     bsl      kz         0         96 2069   308.0 1.486  748.4 1.66 0.402       7/8    3.04       True
       3    0.786        10         4            0        0.10      2R     all         1         96 1968   293.0 1.305  385.7 1.72 0.480       7/8    2.00       True
       3    0.786        10         4            0        0.10      2R      kz         0         96 2069   308.0 1.400  515.4 1.59 0.500       8/8    2.00       True
       3    0.786        10         4            0        0.10      3R     all         0         96 3681   548.0 1.310  892.0 1.63 0.375       7/8    3.00       True
       3    0.786        10         4            0        0.10      3R     all         1         96 1968   293.0 1.388  582.2 1.77 0.386       7/8    3.00       True
       3    0.786        10         4            0        0.10      3R      kz         0         48 1525   227.0 1.481  549.1 1.69 0.407       7/8    3.00       True
       3    0.786        10         4            0        0.10      3R      kz         0         96 2069   308.0 1.478  734.4 1.63 0.403       7/8    3.00       True
       3    0.786        10         4            1        0.05     bsl     all         0         96 3112   464.0 1.383  952.9 2.27 0.365       7/8    3.33       True
       3    0.786        10         4            1        0.05     bsl     all         1         96 1687   251.0 1.488  638.3 2.01 0.380       7/8    3.34       True
       3    0.786        10         4            1        0.05     bsl      kz         0         96 1767   263.0 1.574  771.2 2.21 0.394       8/8    3.34       True
       3    0.786        10         4            1        0.05      2R     all         1         96 1687   251.0 1.415  431.4 2.66 0.505       8/8    2.00       True
       3    0.786        10         4            1        0.05      2R      kz         0         96 1767   263.0 1.497  528.9 1.63 0.521       8/8    2.00       True
       3    0.786        10         4            1        0.05      3R     all         0         48 2238   333.0 1.345  602.3 1.74 0.387       7/8    3.00       True
       3    0.786        10         4            1        0.05      3R     all         0         96 3112   464.0 1.364  873.9 1.75 0.387       7/8    3.00       True
       3    0.786        10         4            1        0.05      3R     all         1         96 1687   251.0 1.484  607.4 2.33 0.405       7/8    3.00       True
       3    0.786        10         4            1        0.05      3R      kz         0         96 1767   263.0 1.541  701.4 2.07 0.416       8/8    3.00       True
       3    0.786        10         4            1        0.10     bsl     all         0         96 3159   471.0 1.326  800.7 1.77 0.372       7/8    3.06       True
       3    0.786        10         4            1        0.10     bsl      kz         0         96 1798   268.0 1.504  670.3 1.94 0.400       7/8    3.07       True
       3    0.786        10         4            1        0.10      2R     all         1         96 1718   256.0 1.323  353.8 1.72 0.481       7/8    2.00       True
       3    0.786        10         4            1        0.10      2R      kz         0         96 1798   268.0 1.441  486.3 1.56 0.504       8/8    2.00       True
       3    0.786        10         4            1        0.10      3R     all         0         96 3159   471.0 1.322  788.9 1.68 0.374       7/8    3.00       True
       3    0.786        10         4            1        0.10      3R      kz         0         96 1798   268.0 1.487  647.3 1.91 0.402       8/8    3.00       True
       3    0.786        10         5            0        0.05     bsl     all         0         96 2841   423.0 1.360  821.0 1.86 0.359       7/8    3.34       True
       3    0.786        10         5            0        0.05     bsl      kz         0         96 1612   240.0 1.549  676.2 1.64 0.389       8/8    3.35       True
       3    0.786        10         5            0        0.05      2R     all         1         96 1541   230.0 1.397  379.4 2.21 0.500       7/8    2.00       True
       3    0.786        10         5            0        0.05      2R      kz         0         96 1612   240.0 1.496  481.1 1.78 0.519       8/8    2.00       True
       3    0.786        10         5            0        0.05      3R     all         0         96 2841   423.0 1.346  761.3 1.71 0.382       7/8    3.00       True
       3    0.786        10         5            0        0.05      3R     all         1         96 1541   230.0 1.468  537.4 1.60 0.400       7/8    3.00       True
       3    0.786        10         5            0        0.05      3R      kz         0         96 1612   240.0 1.524  621.7 1.59 0.412       8/8    3.00       True
       3    0.786        10         5            0        0.10      2R      kz         0         96 1641   245.0 1.436  439.3 1.71 0.502       8/8    2.00       True
       3    0.786        10         5            1        0.05     bsl     all         0         96 2841   423.0 1.360  821.0 1.86 0.359       7/8    3.34       True
       3    0.786        10         5            1        0.05     bsl      kz         0         96 1612   240.0 1.549  676.2 1.64 0.389       8/8    3.35       True
       3    0.786        10         5            1        0.05      2R     all         1         96 1541   230.0 1.397  379.4 2.21 0.500       7/8    2.00       True
       3    0.786        10         5            1        0.05      2R      kz         0         96 1612   240.0 1.496  481.1 1.78 0.519       8/8    2.00       True
       3    0.786        10         5            1        0.05      3R     all         0         96 2841   423.0 1.346  761.3 1.71 0.382       7/8    3.00       True
       3    0.786        10         5            1        0.05      3R     all         1         96 1541   230.0 1.468  537.4 1.60 0.400       7/8    3.00       True
       3    0.786        10         5            1        0.05      3R      kz         0         96 1612   240.0 1.524  621.7 1.59 0.412       8/8    3.00       True
       3    0.786        10         5            1        0.10      2R      kz         0         96 1641   245.0 1.436  439.3 1.71 0.502       8/8    2.00       True
       4    0.705         6         3            0        0.05      2R      kz         0         96 1569   234.0 1.326  322.6 1.56 0.465       7/8    2.00       True
       4    0.705         6         3            1        0.05      2R      kz         0         96 1395   208.0 1.336  294.0 1.80 0.463       8/8    2.00       True
       4    0.705         6         3            1        0.10      2R      kz         0         96 1405   209.0 1.341  300.0 1.69 0.461       7/8    2.00       True
       4    0.705         6         4            0        0.05      2R      kz         0         96 1524   227.0 1.325  312.9 1.66 0.463       7/8    2.00       True
       4    0.705         6         4            0        0.10      2R      kz         0         96 1535   229.0 1.341  328.1 1.69 0.463       7/8    2.00       True
       4    0.705         6         4            1        0.05      2R      kz         0         96 1395   208.0 1.336  294.0 1.80 0.463       8/8    2.00       True
       4    0.705         6         4            1        0.10      2R      kz         0         96 1405   209.0 1.341  300.0 1.69 0.461       7/8    2.00       True
       4    0.705        10         3            0        0.05      2R      kz         0         96 1683   251.0 1.314  335.2 1.62 0.465       8/8    2.00       True
       4    0.705        10         3            1        0.05      2R      kz         0         96 1486   222.0 1.323  302.5 1.80 0.462       8/8    2.00       True
       4    0.705        10         3            1        0.10      2R      kz         0         96 1496   223.0 1.323  304.1 1.72 0.459       8/8    2.00       True
       4    0.705        10         4            0        0.05      2R      kz         0         96 1631   243.0 1.311  322.9 1.65 0.462       8/8    2.00       True
       4    0.705        10         4            0        0.10      2R      kz         0         96 1642   245.0 1.316  328.5 1.66 0.459       7/8    2.00       True
       4    0.705        10         4            1        0.05      2R      kz         0         96 1486   222.0 1.323  302.5 1.80 0.462       8/8    2.00       True
       4    0.705        10         4            1        0.10      2R      kz         0         96 1496   223.0 1.323  304.1 1.72 0.459       8/8    2.00       True
       4    0.705        10         5            0        0.05      2R      kz         0         96 1384   206.0 1.317  277.3 1.52 0.460       8/8    2.00       True
       4    0.705        10         5            0        0.10      2R      kz         0         96 1393   208.0 1.314  275.8 1.56 0.456       7/8    2.00       True
       4    0.705        10         5            1        0.05      2R      kz         0         96 1384   206.0 1.317  277.3 1.52 0.460       8/8    2.00       True
       4    0.705        10         5            1        0.10      2R      kz         0         96 1393   208.0 1.314  275.8 1.56 0.456       7/8    2.00       True
       4    0.786         3         3            0        0.05      2R     all         0         96 2035   303.0 1.370  473.0 2.12 0.491       7/8    2.00       True
       4    0.786         3         3            0        0.05      3R     all         0         48 1410   210.0 1.390  418.4 2.00 0.388       7/8    3.00       True
       4    0.786         3         3            0        0.05      3R     all         0         96 2035   303.0 1.427  653.6 2.81 0.392       7/8    3.00       True
       4    0.786         3         3            1        0.05      2R     all         0         96 1804   269.0 1.388  437.0 2.18 0.490       7/8    2.00       True
       4    0.786         3         4            0        0.05      2R     all         0         96 1979   295.0 1.375  465.4 2.01 0.491       7/8    2.00       True
       4    0.786         3         4            0        0.05      3R     all         0         48 1369   204.0 1.389  406.0 1.95 0.386       7/8    3.00       True
       4    0.786         3         4            0        0.05      3R     all         0         96 1979   295.0 1.431  639.9 2.76 0.391       8/8    3.00       True
       4    0.786         3         4            1        0.05      2R     all         0         96 1804   269.0 1.388  437.0 2.18 0.490       7/8    2.00       True
       4    0.786         3         5            0        0.05      2R     all         0         96 1686   251.0 1.389  408.9 1.94 0.489       7/8    2.00       True
       4    0.786         3         5            1        0.05      2R     all         0         96 1686   251.0 1.389  408.9 1.94 0.489       7/8    2.00       True
       4    0.786         6         3            0        0.05     bsl      kz         0         96 1397   208.0 1.599  631.9 2.05 0.394       8/8    3.35       True
       4    0.786         6         3            0        0.05      2R     all         0         96 2408   359.0 1.340  522.5 2.00 0.490       7/8    2.00       True
       4    0.786         6         3            0        0.05      2R      kz         0         96 1397   208.0 1.522  435.0 2.58 0.521       8/8    2.00       True
       4    0.786         6         3            0        0.05      3R     all         0         48 1686   251.0 1.378  490.4 1.76 0.389       7/8    3.00       True
       4    0.786         6         3            0        0.05      3R     all         0         96 2408   359.0 1.422  769.1 2.54 0.394       7/8    3.00       True
       4    0.786         6         3            0        0.05      3R      kz         0         96 1397   208.0 1.597  600.5 2.65 0.422       8/8    3.00       True
       4    0.786         6         3            0        0.10     bsl      kz         0         96 1410   210.0 1.562  577.5 1.85 0.404       7/8    3.09       True
       4    0.786         6         3            0        0.10      2R      kz         0         96 1410   210.0 1.491  417.0 2.15 0.509       8/8    2.00       True
       4    0.786         6         3            0        0.10      3R      kz         0         96 1410   210.0 1.550  562.0 2.01 0.409       8/8    3.00       True
       4    0.786         6         3            1        0.05      2R     all         0         96 2107   314.0 1.381  503.7 2.21 0.492       7/8    2.00       True
       4    0.786         6         3            1        0.05      3R     all         0         96 2107   314.0 1.452  712.3 2.64 0.394       7/8    3.00       True
       4    0.786         6         4            0        0.05     bsl      kz         0         96 1357   202.0 1.603  616.9 1.84 0.393       7/8    3.36       True
       4    0.786         6         4            0        0.05      2R     all         0         96 2331   347.0 1.354  523.9 2.04 0.491       7/8    2.00       True
       4    0.786         6         4            0        0.05      2R      kz         0         96 1357   202.0 1.532  429.7 2.59 0.520       8/8    2.00       True
       4    0.786         6         4            0        0.05      3R     all         0         48 1628   243.0 1.383  478.7 1.85 0.388       7/8    3.00       True
       4    0.786         6         4            0        0.05      3R     all         0         96 2331   347.0 1.432  760.5 2.67 0.394       7/8    3.00       True
       4    0.786         6         4            0        0.05      3R      kz         0         96 1357   202.0 1.593  580.2 2.44 0.419       8/8    3.00       True
       4    0.786         6         4            0        0.10     bsl      kz         0         96 1369   204.0 1.568  566.8 1.71 0.403       7/8    3.11       True
       4    0.786         6         4            0        0.10      2R      kz         0         96 1369   204.0 1.500  410.8 2.22 0.508       8/8    2.00       True
       4    0.786         6         4            0        0.10      3R      kz         0         96 1369   204.0 1.556  549.8 1.89 0.408       8/8    3.00       True
       4    0.786         6         4            1        0.05      2R     all         0         96 2107   314.0 1.381  503.7 2.21 0.492       7/8    2.00       True
       4    0.786         6         4            1        0.05      3R     all         0         96 2107   314.0 1.452  712.3 2.64 0.394       7/8    3.00       True
       4    0.786         6         5            0        0.05      2R     all         0         96 1950   291.0 1.379  463.5 2.02 0.490       7/8    2.00       True
       4    0.786         6         5            0        0.05      3R     all         0         96 1950   291.0 1.449  654.0 2.49 0.392       7/8    3.00       True
       4    0.786         6         5            1        0.05      2R     all         0         96 1950   291.0 1.379  463.5 2.02 0.490       7/8    2.00       True
       4    0.786         6         5            1        0.05      3R     all         0         96 1950   291.0 1.449  654.0 2.49 0.392       7/8    3.00       True
       4    0.786        10         3            0        0.05     bsl      kz         0         96 1501   224.0 1.591  672.1 2.04 0.395       8/8    3.35       True
       4    0.786        10         3            0        0.05      2R     all         0         96 2623   391.0 1.323  543.4 2.04 0.489       7/8    2.00       True
       4    0.786        10         3            0        0.05      2R     all         1         96 1392   207.0 1.412  354.3 3.58 0.503       8/8    2.00       True
       4    0.786        10         3            0        0.05      2R      kz         0         96 1501   224.0 1.509  457.9 2.71 0.521       8/8    2.00       True
       4    0.786        10         3            0        0.05      3R     all         0         48 1852   276.0 1.381  543.0 1.75 0.391       7/8    3.00       True
       4    0.786        10         3            0        0.05      3R     all         0         96 2623   391.0 1.411  819.9 2.59 0.394       7/8    3.00       True
       4    0.786        10         3            0        0.05      3R      kz         0         96 1501   224.0 1.601  649.5 2.85 0.424       8/8    3.00       True
       4    0.786        10         3            0        0.10     bsl      kz         0         96 1516   226.0 1.549  608.5 1.96 0.404       7/8    3.09       True
       4    0.786        10         3            0        0.10      2R     all         1         96 1406   210.0 1.340  302.8 2.10 0.482       7/8    2.00       True
       4    0.786        10         3            0        0.10      2R      kz         0         96 1516   226.0 1.473  434.5 2.24 0.507       8/8    2.00       True
       4    0.786        10         3            0        0.10      3R      kz         0         96 1516   226.0 1.544  599.5 2.00 0.410       8/8    3.00       True
       4    0.786        10         3            1        0.05      2R     all         0         96 2278   340.0 1.368  527.7 2.11 0.491       7/8    2.00       True
       4    0.786        10         3            1        0.05      3R     all         0         48 1599   238.0 1.416  503.4 2.33 0.391       7/8    3.00       True
       4    0.786        10         3            1        0.05      3R     all         0         96 2278   340.0 1.446  761.3 2.93 0.394       7/8    3.00       True
       4    0.786        10         3            1        0.10      2R     all         0         96 2298   343.0 1.325  476.6 1.77 0.476       7/8    2.00       True
       4    0.786        10         3            1        0.10      3R     all         0         96 2298   343.0 1.386  669.6 2.25 0.379       7/8    3.00       True
       4    0.786        10         3            1        0.25      2R      kz         0         96 1369   204.0 1.401  339.5 1.57 0.476       7/8    2.00       True
       4    0.786        10         4            0        0.05     bsl      kz         0         96 1454   217.0 1.591  650.4 1.90 0.393       8/8    3.36       True
       4    0.786        10         4            0        0.05      2R     all         0         96 2530   377.0 1.338  544.9 1.91 0.489       7/8    2.00       True
       4    0.786        10         4            0        0.05      2R     all         1         96 1345   200.0 1.425  351.8 3.56 0.502       8/8    2.00       True
       4    0.786        10         4            0        0.05      2R      kz         0         96 1454   217.0 1.518  450.7 2.55 0.520       8/8    2.00       True
       4    0.786        10         4            0        0.05      3R     all         0         48 1780   265.0 1.391  533.3 1.90 0.391       7/8    3.00       True
       4    0.786        10         4            0        0.05      3R     all         0         96 2530   377.0 1.424  811.5 2.86 0.394       7/8    3.00       True
       4    0.786        10         4            0        0.05      3R      kz         0         96 1454   217.0 1.594  623.2 2.50 0.420       8/8    3.00       True
       4    0.786        10         4            0        0.10     bsl      kz         0         96 1467   219.0 1.554  594.2 1.87 0.403       7/8    3.10       True
       4    0.786        10         4            0        0.10      2R     all         1         96 1359   203.0 1.349  299.6 2.13 0.481       7/8    2.00       True
       4    0.786        10         4            0        0.10      2R      kz         0         96 1467   219.0 1.483  428.2 2.31 0.506       8/8    2.00       True
       4    0.786        10         4            0        0.10      3R     all         0         96 2553   381.0 1.363  708.1 2.41 0.378       7/8    3.00       True
       4    0.786        10         4            0        0.10      3R      kz         0         96 1467   219.0 1.549  583.2 1.95 0.408       8/8    3.00       True
       4    0.786        10         4            1        0.05      2R     all         0         96 2278   340.0 1.368  527.7 2.11 0.491       7/8    2.00       True
       4    0.786        10         4            1        0.05      3R     all         0         48 1599   238.0 1.416  503.4 2.33 0.391       7/8    3.00       True
       4    0.786        10         4            1        0.05      3R     all         0         96 2278   340.0 1.446  761.3 2.93 0.394       7/8    3.00       True
       4    0.786        10         4            1        0.10      2R     all         0         96 2298   343.0 1.325  476.6 1.77 0.476       7/8    2.00       True
       4    0.786        10         4            1        0.10      3R     all         0         96 2298   343.0 1.386  669.6 2.25 0.379       7/8    3.00       True
       4    0.786        10         4            1        0.25      2R      kz         0         96 1369   204.0 1.401  339.5 1.57 0.476       7/8    2.00       True
       4    0.786        10         5            0        0.05      2R     all         0         96 2112   315.0 1.367  487.8 1.90 0.489       7/8    2.00       True
       4    0.786        10         5            0        0.05      3R     all         0         48 1474   220.0 1.424  472.1 2.08 0.391       7/8    3.00       True
       4    0.786        10         5            0        0.05      3R     all         0         96 2112   315.0 1.445  703.4 2.48 0.393       7/8    3.00       True
       4    0.786        10         5            1        0.05      2R     all         0         96 2112   315.0 1.367  487.8 1.90 0.489       7/8    2.00       True
       4    0.786        10         5            1        0.05      3R     all         0         48 1474   220.0 1.424  472.1 2.08 0.391       7/8    3.00       True
       4    0.786        10         5            1        0.05      3R     all         0         96 2112   315.0 1.445  703.4 2.48 0.393       7/8    3.00       True
       5    0.786         3         3            0        0.05     bsl     all         0         96 1498   223.0 1.408  482.3 1.87 0.353       7/8    3.38       True
       5    0.786         3         3            0        0.05      3R     all         0         96 1498   223.0 1.394  446.6 1.54 0.379       7/8    3.00       True
       5    0.786         3         3            1        0.05     bsl     all         0         96 1367   204.0 1.462  488.7 2.32 0.358       7/8    3.39       True
       5    0.786         3         3            1        0.05      3R     all         0         96 1367   204.0 1.454  459.6 2.01 0.386       7/8    3.00       True
       5    0.786         3         3            1        0.10      3R     all         0         96 1380   206.0 1.384  397.6 1.58 0.370       7/8    3.00       True
       5    0.786         3         4            0        0.05     bsl     all         0         96 1469   219.0 1.424  487.5 2.16 0.355       7/8    3.39       True
       5    0.786         3         4            0        0.05      3R     all         0         96 1469   219.0 1.411  454.2 1.79 0.381       7/8    3.00       True
       5    0.786         3         4            1        0.05     bsl     all         0         96 1367   204.0 1.462  488.7 2.32 0.358       7/8    3.39       True
       5    0.786         3         4            1        0.05      3R     all         0         96 1367   204.0 1.454  459.6 2.01 0.386       7/8    3.00       True
       5    0.786         3         4            1        0.10      3R     all         0         96 1380   206.0 1.384  397.6 1.58 0.370       7/8    3.00       True
       5    0.786         6         3            0        0.05     bsl     all         0         96 1789   267.0 1.425  599.2 1.91 0.361       7/8    3.37       True
       5    0.786         6         3            0        0.05      3R     all         0         96 1789   267.0 1.412  557.1 1.67 0.386       7/8    3.00       True
       5    0.786         6         3            1        0.05     bsl     all         0         96 1606   240.0 1.465  579.3 2.08 0.362       7/8    3.38       True
       5    0.786         6         3            1        0.05      3R     all         0         96 1606   240.0 1.449  537.6 1.85 0.388       7/8    3.00       True
       5    0.786         6         3            1        0.10     bsl     all         0         96 1620   242.0 1.413  507.0 1.72 0.368       7/8    3.14       True
       5    0.786         6         3            1        0.10      3R     all         0         96 1620   242.0 1.391  475.7 1.69 0.373       7/8    3.00       True
       5    0.786         6         4            0        0.05     bsl     all         0         96 1746   260.0 1.441  603.0 2.05 0.361       7/8    3.37       True
       5    0.786         6         4            0        0.05      3R     all         0         96 1746   260.0 1.429  563.1 1.83 0.387       7/8    3.00       True
       5    0.786         6         4            0        0.10      3R     all         0         96 1762   263.0 1.362  485.2 1.63 0.371       7/8    3.00       True
       5    0.786         6         4            1        0.05     bsl     all         0         96 1606   240.0 1.465  579.3 2.08 0.362       7/8    3.38       True
       5    0.786         6         4            1        0.05      3R     all         0         96 1606   240.0 1.449  537.6 1.85 0.388       7/8    3.00       True
       5    0.786         6         4            1        0.10     bsl     all         0         96 1620   242.0 1.413  507.0 1.72 0.368       7/8    3.14       True
       5    0.786         6         4            1        0.10      3R     all         0         96 1620   242.0 1.391  475.7 1.69 0.373       7/8    3.00       True
       5    0.786         6         5            0        0.05     bsl     all         0         96 1506   225.0 1.461  538.6 1.84 0.360       7/8    3.39       True
       5    0.786         6         5            0        0.05      3R     all         0         96 1506   225.0 1.452  506.0 1.68 0.387       7/8    3.00       True
       5    0.786         6         5            0        0.10      3R     all         0         96 1519   227.0 1.392  446.7 1.52 0.373       7/8    3.00       True
       5    0.786         6         5            1        0.05     bsl     all         0         96 1506   225.0 1.461  538.6 1.84 0.360       7/8    3.39       True
       5    0.786         6         5            1        0.05      3R     all         0         96 1506   225.0 1.452  506.0 1.68 0.387       7/8    3.00       True
       5    0.786         6         5            1        0.10      3R     all         0         96 1519   227.0 1.392  446.7 1.52 0.373       7/8    3.00       True
       5    0.786        10         3            0        0.05     bsl     all         0         96 1952   291.0 1.401  622.1 1.92 0.358       7/8    3.36       True
       5    0.786        10         3            0        0.05      3R     all         0         48 1349   201.0 1.349  363.5 1.57 0.378       7/8    3.00       True
       5    0.786        10         3            0        0.05      3R     all         0         96 1952   291.0 1.392  583.4 1.70 0.384       7/8    3.00       True
       5    0.786        10         3            1        0.05     bsl     all         0         96 1740   259.0 1.442  600.1 2.07 0.359       7/8    3.38       True
       5    0.786        10         3            1        0.05      3R     all         0         96 1740   259.0 1.433  564.2 1.88 0.386       7/8    3.00       True
       5    0.786        10         3            1        0.10     bsl     all         0         96 1755   262.0 1.386  517.3 1.74 0.365       7/8    3.14       True
       5    0.786        10         3            1        0.10      3R     all         0         96 1755   262.0 1.371  492.2 1.59 0.371       7/8    3.00       True
       5    0.786        10         4            0        0.05     bsl     all         0         96 1902   284.0 1.418  627.7 2.04 0.359       7/8    3.37       True
       5    0.786        10         4            0        0.05      3R     all         0         96 1902   284.0 1.412  591.6 1.84 0.385       7/8    3.00       True
       5    0.786        10         4            0        0.10     bsl     all         0         96 1919   286.0 1.362  534.6 1.72 0.364       7/8    3.12       True
       5    0.786        10         4            0        0.10      3R     all         0         96 1919   286.0 1.343  504.5 1.54 0.369       7/8    3.00       True
       5    0.786        10         4            1        0.05     bsl     all         0         96 1740   259.0 1.442  600.1 2.07 0.359       7/8    3.38       True
       5    0.786        10         4            1        0.05      3R     all         0         96 1740   259.0 1.433  564.2 1.88 0.386       7/8    3.00       True
       5    0.786        10         4            1        0.10     bsl     all         0         96 1755   262.0 1.386  517.3 1.74 0.365       7/8    3.14       True
       5    0.786        10         4            1        0.10      3R     all         0         96 1755   262.0 1.371  492.2 1.59 0.371       7/8    3.00       True
       5    0.786        10         5            0        0.05     bsl     all         0         96 1636   244.0 1.437  558.3 1.84 0.357       7/8    3.38       True
       5    0.786        10         5            0        0.05      3R     all         0         96 1636   244.0 1.435  531.9 1.71 0.385       7/8    3.00       True
       5    0.786        10         5            0        0.10      3R     all         0         96 1650   246.0 1.371  462.1 1.52 0.370       7/8    3.00       True
       5    0.786        10         5            1        0.05     bsl     all         0         96 1636   244.0 1.437  558.3 1.84 0.357       7/8    3.38       True
       5    0.786        10         5            1        0.05      3R     all         0         96 1636   244.0 1.435  531.9 1.71 0.385       7/8    3.00       True
       5    0.786        10         5            1        0.10      3R     all         0         96 1650   246.0 1.371  462.1 1.52 0.370       7/8    3.00       True
