iter,net_r,max_dd_r
0,256.10667497371514,-10.103320024420228
1,256.10667497371514,-6.574718548093955
2,256.10667497371514,-7.661258264542511
3,256.10667497371514,-9.047803669963969
4,256.10667497371514,-8.745695571329591
5,256.10667497371514,-13.851312387819084
6,256.10667497371514,-7.441941719486543
7,256.10667497371514,-18.519839951238673
8,256.10667497371514,-8.747227701618982
9,256.10667497371514,-13.549243378409578
10,256.10667497371514,-8.600390485954847
11,256.10667497371514,-10.140622590876063
12,256.10667497371514,-6.585524256413208
13,256.10667497371514,-8.21722987395998
14,256.10667497371514,-9.282793546229755
15,256.10667497371514,-7.733893970969888
16,256.10667497371514,-7.669247326495849
17,256.10667497371514,-7.655325888627573
18,256.10667497371514,-10.801088731316867
19,256.10667497371514,-6.788846710682975
20,256.10667497371514,-13.44827216135738
21,256.10667497371514,-8.822683006187422
22,256.10667497371514,-10.009353114130448
23,256.10667497371514,-9.615794634390397
24,256.10667497371514,-7.956883445322788
25,256.10667497371514,-9.68279456301127
26,256.10667497371514,-8.404297401514143
27,256.10667497371514,-12.298816552253399
28,256.10667497371514,-6.596704325658351
29,256.10667497371514,-10.774711324999856
30,256.10667497371514,-10.967895405231047
31,256.10667497371514,-7.581856818101926
32,256.10667497371514,-10.11927474649903
33,256.10667497371514,-8.909015577966443
34,256.1066749737152,-10.115993167462463
35,256.10667497371514,-7.254621635837424
36,256.10667497371514,-8.556359189676584
37,256.10667497371514,-8.872820052059197
38,256.10667497371514,-8.224894534776713
39,256.10667497371514,-8.802698173468855
40,256.10667497371514,-9.184231031741461
41,256.10667497371514,-9.530602436213115
42,256.10667497371514,-15.047721813322141
43,256.10667497371514,-8.494886050448262
44,256.10667497371514,-8.684211911285814
45,256.10667497371514,-8.507008271259991
46,256.10667497371514,-14.184605697233621
47,256.10667497371514,-9.723404020639208
48,256.10667497371514,-8.067563438900322
49,256.10667497371514,-6.546201637937514
50,256.10667497371514,-8.505001226322406
51,256.10667497371514,-11.681743410506812
52,256.10667497371514,-10.109513380033064
53,256.10667497371514,-8.058317850149265
54,256.10667497371514,-6.923109120544353
55,256.10667497371514,-9.204805635840671
56,256.10667497371514,-10.697777066890154
57,256.10667497371514,-14.700707759152863
58,256.10667497371514,-11.916950210178754
59,256.10667497371514,-7.595500791759676
60,256.10667497371514,-8.683785479538926
61,256.10667497371514,-7.569653434720891
62,256.10667497371514,-12.076121564123053
63,256.10667497371514,-8.430560368817224
64,256.10667497371514,-10.521758431451616
65,256.10667497371514,-8.496910265890932
66,256.10667497371514,-10.469558236704586
67,256.10667497371514,-7.54490482345787
68,256.10667497371514,-8.962361711974424
69,256.10667497371514,-10.494516827787692
70,256.10667497371514,-14.656710723013063
71,256.10667497371514,-8.972448107198431
72,256.10667497371514,-7.720435127771552
73,256.10667497371514,-9.815753645261651
74,256.10667497371514,-11.575742879244945
75,256.10667497371514,-7.425678947197724
76,256.10667497371514,-7.785022582662592
77,256.10667497371514,-9.067756625246389
78,256.10667497371514,-10.00337082849606
79,256.10667497371514,-11.963146585968815
80,256.10667497371514,-9.124366744681453
81,256.10667497371514,-11.232518069265709
82,256.10667497371514,-10.02024505905698
83,256.10667497371514,-8.540098701713099
84,256.10667497371514,-11.166601991475318
85,256.10667497371514,-8.093208040671072
86,256.10667497371514,-7.366025040929024
87,256.10667497371514,-12.934275920457182
88,256.10667497371514,-8.060110342096417
89,256.10667497371514,-9.66958518063749
90,256.10667497371514,-8.62243824268974
91,256.10667497371514,-8.70703278967953
92,256.10667497371514,-10.32103971466961
93,256.10667497371514,-12.732981701666674
94,256.10667497371514,-6.571496447638111
95,256.10667497371514,-9.599383571041898
96,256.10667497371514,-7.676707184709144
97,256.1066749737151,-9.576732202749547
98,256.10667497371514,-11.024057184237506
99,256.10667497371514,-8.375776171449928
100,256.10667497371514,-8.432481730294981
101,256.1066749737152,-14.727237668370634
102,256.10667497371514,-7.933933042747725
103,256.10667497371514,-12.982054516247137
104,256.10667497371514,-8.444563858568443
105,256.10667497371514,-7.222635852379732
106,256.10667497371514,-9.688317216319263
107,256.10667497371514,-6.39813759027588
108,256.10667497371514,-12.509261919877815
109,256.10667497371514,-9.957127400293729
110,256.10667497371514,-9.401033977254428
111,256.10667497371514,-6.19439523833819
112,256.10667497371514,-11.758037330215618
113,256.10667497371514,-9.562011993787848
114,256.10667497371514,-12.968158058098346
115,256.10667497371514,-8.446594719743835
116,256.10667497371514,-7.21912190139912
117,256.10667497371514,-9.302806188208308
118,256.10667497371514,-10.318986218380886
119,256.10667497371514,-6.255632190369113
120,256.10667497371514,-11.88444961841137
121,256.10667497371514,-12.891243892814046
122,256.10667497371514,-10.530053444924675
123,256.10667497371514,-9.778598568642877
124,256.10667497371514,-10.44793019599748
125,256.10667497371514,-9.497970352151292
126,256.10667497371514,-9.59361851587316
127,256.10667497371514,-8.100528341932424
128,256.10667497371514,-9.902211531674467
129,256.10667497371514,-10.751991594933443
130,256.10667497371514,-6.4229857836737665
131,256.10667497371514,-12.759309430619282
132,256.10667497371514,-10.477488059693755
133,256.10667497371514,-10.905753972071807
134,256.10667497371514,-8.532081889247536
135,256.10667497371514,-8.315636255285256
136,256.10667497371514,-6.489327774774322
137,256.10667497371514,-15.99896414731495
138,256.10667497371514,-14.016856504893184
139,256.10667497371514,-7.6087985896217845
140,256.10667497371514,-8.614918705859708
141,256.10667497371514,-6.78600476192122
142,256.10667497371514,-9.875445479883581
143,256.10667497371514,-9.255490352611837
144,256.10667497371514,-9.155323761899272
145,256.10667497371514,-7.636442545702397
146,256.10667497371514,-9.511825403256978
147,256.10667497371514,-8.49586473203837
148,256.10667497371514,-8.299225900365457
149,256.10667497371514,-8.484511976198576
150,256.10667497371514,-9.046217004362234
151,256.10667497371514,-13.496640725019631
152,256.1066749737152,-9.097226966672224
153,256.10667497371514,-18.225618393415118
154,256.10667497371514,-6.993200320933397
155,256.10667497371514,-6.86875604601282
156,256.10667497371514,-8.344860240028964
157,256.10667497371514,-9.72369614620112
158,256.10667497371514,-10.71834709942138
159,256.10667497371514,-8.43107379598112
160,256.10667497371514,-8.947477940397732
161,256.10667497371514,-11.246732058204316
162,256.10667497371514,-10.141517399314658
163,256.10667497371514,-8.548064697099065
164,256.10667497371514,-14.922363230092174
165,256.10667497371514,-10.673791508883085
166,256.10667497371514,-10.483145400463144
167,256.10667497371514,-11.400997266575587
168,256.10667497371514,-7.806191427915593
169,256.10667497371514,-9.6188496156893
170,256.10667497371514,-6.279848819500675
171,256.10667497371514,-14.127140839641598
172,256.10667497371514,-7.58970918746391
173,256.10667497371514,-8.31421550213517
174,256.10667497371514,-11.672257830131855
175,256.10667497371514,-10.237573940164452
176,256.10667497371514,-7.670041046479923
177,256.10667497371514,-9.345170699449824
178,256.10667497371514,-8.779905497173786
179,256.10667497371514,-9.701533802212555
180,256.10667497371514,-9.190799815608187
181,256.10667497371514,-7.333198515606682
182,256.10667497371514,-9.846708372931033
183,256.10667497371514,-10.321012675356684
184,256.10667497371514,-11.654722261190955
185,256.10667497371514,-6.975277433886049
186,256.10667497371514,-9.633596663137137
187,256.10667497371514,-8.529853988737784
188,256.10667497371514,-12.36063420975259
189,256.10667497371514,-8.770210676919916
190,256.10667497371514,-13.614064619559752
191,256.10667497371514,-8.845659537334962
192,256.10667497371514,-7.408921229255043
193,256.10667497371514,-7.214606649109783
194,256.10667497371514,-7.255275822150168
195,256.10667497371514,-11.14012468161728
196,256.10667497371514,-6.801631512807473
197,256.10667497371514,-9.05685431227603
198,256.10667497371514,-9.999352604552229
199,256.10667497371514,-6.159165554204719
200,256.10667497371514,-11.574701171781484
201,256.10667497371514,-8.318928913501601
202,256.10667497371514,-8.981350100494183
203,256.10667497371514,-7.676938051173266
204,256.10667497371514,-7.306523909721278
205,256.10667497371514,-8.362249175939795
206,256.10667497371514,-11.718646151533441
207,256.10667497371514,-7.4107760263904225
208,256.10667497371514,-7.438931530731338
209,256.10667497371514,-6.174916434813156
210,256.1066749737152,-14.03753656569279
211,256.10667497371514,-9.728539040646979
212,256.10667497371514,-9.560372857296223
213,256.10667497371514,-9.070987650506828
214,256.10667497371514,-11.445193041587062
215,256.10667497371514,-8.885368503311355
216,256.10667497371514,-14.087827461996262
217,256.10667497371514,-13.146537078405515
218,256.10667497371514,-7.214683177757081
219,256.10667497371514,-9.343983440350087
220,256.10667497371514,-7.934028915362404
221,256.10667497371514,-7.920421492232407
222,256.10667497371514,-8.406884111038238
223,256.1066749737152,-8.194935263399842
224,256.10667497371514,-8.323725288412087
225,256.10667497371514,-12.184807964738042
226,256.1066749737152,-8.47048007494815
227,256.10667497371514,-10.71381211785149
228,256.10667497371514,-6.2841311819130965
229,256.10667497371514,-9.379327699850762
230,256.10667497371514,-8.585014824753813
231,256.10667497371514,-8.381958019315988
232,256.10667497371514,-7.191664341987703
233,256.10667497371514,-8.27837249786171
234,256.10667497371514,-9.850917179863302
235,256.10667497371514,-10.30507505522564
236,256.10667497371514,-7.728898131467403
237,256.10667497371514,-9.392915366102649
238,256.10667497371514,-10.436296038276225
239,256.10667497371514,-11.309767342491341
240,256.10667497371514,-7.501176217893715
241,256.10667497371514,-9.823030414322616
242,256.10667497371514,-16.70135316669552
243,256.10667497371514,-8.274791299036679
244,256.10667497371514,-16.277637407043425
245,256.10667497371514,-9.826476725249762
246,256.10667497371514,-10.770707421701992
247,256.10667497371514,-8.767244212203849
248,256.10667497371514,-7.604520315042208
249,256.10667497371514,-8.547598358581752
250,256.10667497371514,-7.33059358539051
251,256.10667497371514,-9.972204427408744
252,256.10667497371514,-7.581790835271317
253,256.10667497371514,-11.794504375642438
254,256.10667497371514,-10.663115587976705
255,256.10667497371514,-10.106431902971934
256,256.10667497371514,-9.443478541578102
257,256.10667497371514,-9.471730955767214
258,256.10667497371514,-10.304452874099496
259,256.10667497371514,-10.604969960161412
260,256.10667497371514,-8.314746962817622
261,256.10667497371514,-10.269605788464489
262,256.10667497371514,-9.516707679000888
263,256.10667497371514,-7.37900489022978
264,256.10667497371514,-10.361689597326603
265,256.10667497371514,-10.1439496872066
266,256.10667497371514,-8.516112251728906
267,256.10667497371514,-9.830554486584006
268,256.10667497371514,-7.384699507567248
269,256.10667497371514,-7.589092374548841
270,256.10667497371514,-10.822854263446061
271,256.10667497371514,-10.80790927090419
272,256.10667497371514,-7.275434977688292
273,256.10667497371514,-12.770957532201152
274,256.10667497371514,-9.595424135749106
275,256.10667497371514,-10.912565307921483
276,256.10667497371514,-10.450658784873752
277,256.10667497371514,-8.427288697946778
278,256.10667497371514,-8.409842655700798
279,256.10667497371514,-11.637622612861264
280,256.10667497371514,-9.561579161973583
281,256.10667497371514,-9.55021360071764
282,256.10667497371514,-11.113380830399763
283,256.10667497371514,-7.745589615378137
284,256.10667497371514,-9.216431264699025
285,256.10667497371514,-9.324699778457443
286,256.10667497371514,-7.643815186288734
287,256.10667497371514,-7.630904923741298
288,256.10667497371514,-8.683915583337082
289,256.10667497371514,-10.63432872109533
290,256.10667497371514,-8.795209715551252
291,256.10667497371514,-8.428982049573875
292,256.10667497371514,-9.5745211529063
293,256.10667497371514,-12.053303620226075
294,256.10667497371514,-6.21212917979534
295,256.10667497371514,-7.223522495369167
296,256.10667497371514,-8.877178916972436
297,256.10667497371514,-9.546593780859666
298,256.10667497371514,-8.540718769128574
299,256.10667497371514,-11.766022688980712
300,256.10667497371514,-14.291798161057251
301,256.10667497371514,-6.825183526700037
302,256.10667497371514,-8.046226982560713
303,256.10667497371514,-9.408741184156554
304,256.10667497371514,-8.646057357193598
305,256.10667497371514,-8.327702489961878
306,256.10667497371514,-8.582507071068491
307,256.10667497371514,-11.903312842234024
308,256.10667497371514,-16.4044771340724
309,256.10667497371514,-9.608387180700205
310,256.10667497371514,-10.863917849038828
311,256.10667497371514,-10.509756037078112
312,256.10667497371514,-9.267005063758631
313,256.10667497371514,-12.50677752113441
314,256.10667497371514,-7.287254813156558
315,256.10667497371514,-7.922885138226022
316,256.10667497371514,-8.488490911750159
317,256.10667497371514,-12.339861807189067
318,256.10667497371514,-10.143062874287153
319,256.10667497371514,-8.503095081891104
320,256.10667497371514,-9.995651500740678
321,256.10667497371514,-9.542960470128548
322,256.10667497371514,-10.103881787199555
323,256.10667497371514,-7.33754947635369
324,256.10667497371514,-7.139196157525504
325,256.10667497371514,-10.127857805691526
326,256.10667497371514,-9.653419200159163
327,256.10667497371514,-7.660277570072651
328,256.10667497371514,-8.025951977980611
329,256.10667497371514,-9.555345162203594
330,256.10667497371514,-7.2373472092065185
331,256.10667497371514,-14.252548930883393
332,256.10667497371514,-6.624999431745458
333,256.10667497371514,-9.604434461711236
334,256.10667497371514,-8.893570919610568
335,256.10667497371514,-8.420488055900897
336,256.10667497371514,-7.374465443620181
337,256.10667497371514,-8.48537159347066
338,256.10667497371514,-11.830077555455773
339,256.10667497371514,-9.442118814288044
340,256.10667497371514,-8.45072262200702
341,256.10667497371514,-6.452771218598912
342,256.10667497371514,-11.517181027853738
343,256.10667497371514,-8.357860163983005
344,256.10667497371514,-10.78575229658449
345,256.10667497371514,-7.003115882879557
346,256.10667497371514,-7.490742741036115
347,256.10667497371514,-8.716028772448439
348,256.10667497371514,-14.226275947721376
349,256.10667497371514,-9.754081331153287
350,256.10667497371514,-11.305011401833603
351,256.10667497371514,-10.940877430668195
352,256.10667497371514,-8.847786139642778
353,256.10667497371514,-12.453775781432729
354,256.10667497371514,-20.229542251811466
355,256.10667497371514,-9.417002420417305
356,256.10667497371514,-8.69644762292161
357,256.10667497371514,-10.97527177133648
358,256.10667497371514,-8.608961752135968
359,256.10667497371514,-7.56329867185913
360,256.10667497371514,-10.955876492294372
361,256.10667497371514,-9.494962517807352
362,256.10667497371514,-10.542256941924933
363,256.10667497371514,-8.534284949803947
364,256.10667497371514,-7.436026282724271
365,256.10667497371514,-10.011584534047387
366,256.10667497371514,-9.633363604580765
367,256.10667497371514,-8.075648757995253
368,256.10667497371514,-9.85686974072361
369,256.10667497371514,-8.635160515647925
370,256.10667497371514,-8.440423454426536
371,256.10667497371514,-10.193439476333538
372,256.10667497371514,-6.56089735450243
373,256.10667497371514,-10.433291076693166
374,256.1066749737152,-9.485073019135655
375,256.10667497371514,-7.538490971834818
376,256.10667497371514,-9.437038697038354
377,256.10667497371514,-8.41186086664203
378,256.10667497371514,-7.3289489423048195
379,256.10667497371514,-7.333025934079188
380,256.10667497371514,-12.456026647888109
381,256.10667497371514,-8.50896967960901
382,256.10667497371514,-9.336178581794542
383,256.10667497371514,-7.16008145394261
384,256.10667497371514,-8.338276121076575
385,256.10667497371514,-7.2363882516510785
386,256.10667497371514,-7.5370027762137966
387,256.10667497371514,-8.254673293973067
388,256.10667497371514,-9.126551499748814
389,256.10667497371514,-8.566743639070694
390,256.10667497371514,-11.275000294288805
391,256.10667497371514,-8.286250229727276
392,256.10667497371514,-11.209644234597107
393,256.10667497371514,-9.388344376290885
394,256.10667497371514,-7.374699582358446
395,256.10667497371514,-10.526194475691764
396,256.10667497371514,-10.916098303858973
397,256.10667497371514,-7.329217372615112
398,256.10667497371514,-9.13549250278335
399,256.10667497371514,-16.55668586125151
400,256.10667497371514,-9.709003067097722
401,256.10667497371514,-8.545346314033623
402,256.10667497371514,-8.837560844888301
403,256.10667497371514,-7.337900537664154
404,256.10667497371514,-8.38047507466375
405,256.10667497371514,-10.922702930478351
406,256.10667497371514,-7.883148202503946
407,256.10667497371514,-8.011063489359174
408,256.10667497371514,-10.6677970555277
409,256.10667497371514,-11.967248712734062
410,256.10667497371514,-14.866240724435556
411,256.10667497371514,-10.71447522747475
412,256.10667497371514,-9.3494528627716
413,256.10667497371514,-10.945015092351294
414,256.10667497371514,-8.627700899590252
415,256.10667497371514,-13.566595559345302
416,256.10667497371514,-8.265223135639985
417,256.10667497371514,-7.622217508793952
418,256.10667497371514,-10.671757813359704
419,256.10667497371514,-10.62412491493913
420,256.10667497371514,-8.396906090799774
421,256.10667497371514,-6.539641572123628
422,256.10667497371514,-9.230189627708484
423,256.10667497371514,-7.259621907975401
424,256.10667497371514,-10.606071483660656
425,256.10667497371514,-7.456555606862338
426,256.10667497371514,-9.70881735068288
427,256.10667497371514,-7.668987348116431
428,256.10667497371514,-9.004926429344081
429,256.10667497371514,-11.68866066119989
430,256.10667497371514,-7.6023159544182874
431,256.10667497371514,-8.68944022777194
432,256.10667497371514,-8.351087078790357
433,256.10667497371514,-13.601258861363753
434,256.10667497371514,-8.371459672294236
435,256.10667497371514,-7.4363076917235205
436,256.10667497371514,-7.917172025000895
437,256.10667497371514,-7.8162103267624445
438,256.10667497371514,-9.77351140987858
439,256.10667497371514,-8.772725237418342
440,256.10667497371514,-15.564167197127176
441,256.10667497371514,-7.6756487129554785
442,256.10667497371514,-7.464360473426524
443,256.10667497371514,-7.490589269473212
444,256.10667497371514,-8.814814304812558
445,256.10667497371514,-12.051126600444562
446,256.10667497371514,-8.991779530793252
447,256.10667497371514,-10.42896123606593
448,256.10667497371514,-9.286296324667177
449,256.10667497371514,-12.857292079355673
450,256.10667497371514,-9.951855823779907
451,256.10667497371514,-8.736438323564737
452,256.10667497371514,-6.293556647524028
453,256.10667497371514,-7.859050424736807
454,256.10667497371514,-11.031089915546062
455,256.10667497371514,-8.884397735730118
456,256.10667497371514,-8.539034115714259
457,256.10667497371514,-13.251866716270484
458,256.10667497371514,-10.371970655118531
459,256.10667497371514,-11.799657411111852
460,256.10667497371514,-8.630689749943116
461,256.10667497371514,-8.968253424494332
462,256.1066749737152,-8.468200499952673
463,256.10667497371514,-17.284189421375796
464,256.10667497371514,-6.329572091866709
465,256.10667497371514,-8.841563071324536
466,256.10667497371514,-10.621756521582853
467,256.10667497371514,-9.114853288676898
468,256.10667497371514,-11.718654250575952
469,256.10667497371514,-9.027117863456937
470,256.10667497371514,-9.49279091566288
471,256.10667497371514,-6.684173433661584
472,256.10667497371514,-9.53177626112793
473,256.10667497371514,-8.847816011906332
474,256.10667497371514,-10.941982576160342
475,256.10667497371514,-7.910643565308874
476,256.10667497371514,-10.735243132056553
477,256.10667497371514,-8.065509106321343
478,256.10667497371514,-8.438133993814091
479,256.10667497371514,-8.22226173927757
480,256.10667497371514,-8.344153935466778
481,256.10667497371514,-9.122295021087297
482,256.10667497371514,-10.72109856506546
483,256.10667497371514,-7.92977980512228
484,256.10667497371514,-5.755610491143074
485,256.10667497371514,-7.257817100764896
486,256.10667497371514,-11.038363799136818
487,256.10667497371514,-9.684549835149681
488,256.10667497371514,-9.711512492471314
489,256.10667497371514,-16.877763560863997
490,256.10667497371514,-7.8072339815463465
491,256.10667497371514,-10.572621080784451
492,256.10667497371514,-7.863005935378119
493,256.10667497371514,-6.551207119257384
494,256.10667497371514,-10.78495113264259
495,256.10667497371514,-7.361992457698307
496,256.10667497371514,-10.29927648349377
497,256.10667497371514,-9.409536530559546
498,256.10667497371514,-8.280021242966285
499,256.1066749737152,-9.615122826786816
500,256.10667497371514,-8.72898708186878
501,256.10667497371514,-7.7228711298710095
502,256.10667497371514,-10.377667272722434
503,256.10667497371514,-10.828223468931867
504,256.10667497371514,-9.368923095864176
505,256.10667497371514,-7.913668095035376
506,256.10667497371514,-8.432740696624222
507,256.10667497371514,-8.90103348720374
508,256.10667497371514,-10.987656267601011
509,256.10667497371514,-8.432679873380486
510,256.10667497371514,-10.828441450113871
511,256.10667497371514,-11.855758879468084
512,256.10667497371514,-9.506566414808333
513,256.10667497371514,-9.551055098699578
514,256.10667497371514,-9.156436508369296
515,256.10667497371514,-8.71123791061018
516,256.10667497371514,-10.777249746299361
517,256.10667497371514,-9.944768818809166
518,256.10667497371514,-9.57809313688415
519,256.10667497371514,-9.310827249283136
520,256.10667497371514,-9.923559982403091
521,256.10667497371514,-7.6551504313238325
522,256.10667497371514,-6.684606050987043
523,256.10667497371514,-10.794900339107272
524,256.10667497371514,-8.64794882814175
525,256.10667497371514,-14.173109990207662
526,256.10667497371514,-9.508559440966863
527,256.10667497371514,-7.632364088314702
528,256.10667497371514,-8.532598328488888
529,256.10667497371514,-9.81476257031926
530,256.10667497371514,-9.078658831950278
531,256.10667497371514,-10.005505471837438
532,256.10667497371514,-7.695304276464981
533,256.10667497371514,-10.139086356591974
534,256.10667497371514,-11.273897730361696
535,256.10667497371514,-7.3946700007655295
536,256.10667497371514,-12.387694006261768
537,256.10667497371514,-7.667402596815492
538,256.10667497371514,-8.50769088509703
539,256.10667497371514,-9.230897375773282
540,256.10667497371514,-8.373299121700626
541,256.10667497371514,-6.815075161774217
542,256.10667497371514,-12.412379248565259
543,256.10667497371514,-9.622459519072521
544,256.10667497371514,-10.46844914815171
545,256.10667497371514,-9.5405834921946
546,256.10667497371514,-11.725392778883503
547,256.10667497371514,-7.922726595370136
548,256.10667497371514,-13.172003165042511
549,256.10667497371514,-7.925455659689504
550,256.10667497371514,-7.43699827569327
551,256.10667497371514,-8.894538643671723
552,256.10667497371514,-9.51993884122447
553,256.10667497371514,-11.62332912218956
554,256.10667497371514,-9.19371404815336
555,256.10667497371514,-6.578861756167015
556,256.10667497371514,-8.27820378047781
557,256.10667497371514,-11.38441056606905
558,256.10667497371514,-9.8494549360897
559,256.10667497371514,-9.7759321010263
560,256.10667497371514,-8.548090644459228
561,256.1066749737152,-11.17914830719402
562,256.10667497371514,-7.488634970806487
563,256.10667497371514,-6.6833090190669395
564,256.10667497371514,-11.283257909507078
565,256.10667497371514,-12.795602195292076
566,256.10667497371514,-11.673726318991285
567,256.10667497371514,-8.261822194628763
568,256.10667497371514,-11.389714737773687
569,256.10667497371514,-10.531038155787492
570,256.10667497371514,-8.147582750421833
571,256.10667497371514,-13.087115753896995
572,256.10667497371514,-10.940965727931513
573,256.10667497371514,-8.407089048950667
574,256.10667497371514,-7.667893505364049
575,256.10667497371514,-9.69508785616031
576,256.10667497371514,-8.98464501346271
577,256.10667497371514,-8.764004380982641
578,256.10667497371514,-9.507387843783619
579,256.10667497371514,-9.488536565349747
580,256.10667497371514,-11.153932092692077
581,256.10667497371514,-11.039538478033968
582,256.10667497371514,-8.697842156960775
583,256.10667497371514,-13.890735864988244
584,256.10667497371514,-8.543737864541782
585,256.10667497371514,-11.598811262287583
586,256.10667497371514,-7.372356619032061
587,256.10667497371514,-8.797027011227527
588,256.10667497371514,-18.801367259960045
589,256.10667497371514,-8.300059371117015
590,256.10667497371514,-11.364649643568661
591,256.1066749737152,-10.105060596064504
592,256.10667497371514,-6.2904669553332155
593,256.10667497371514,-11.850956059470036
594,256.10667497371514,-10.239075820317414
595,256.10667497371514,-11.976013288434586
596,256.10667497371514,-8.615098689383935
597,256.10667497371514,-9.32581704155561
598,256.10667497371514,-8.527527861000188
599,256.10667497371514,-7.355229800166285
600,256.10667497371514,-7.902960035854164
601,256.10667497371514,-11.906759441488987
602,256.10667497371514,-9.861640027345786
603,256.10667497371514,-7.382069205268493
604,256.10667497371514,-7.636608407358068
605,256.10667497371514,-10.030971973728072
606,256.10667497371514,-10.841029842767249
607,256.10667497371514,-7.3456914570219
608,256.10667497371514,-8.57261527087141
609,256.10667497371514,-10.963140828395062
610,256.10667497371514,-9.811289602593348
611,256.10667497371514,-10.1999643170648
612,256.10667497371514,-9.683764146958765
613,256.10667497371514,-9.586851685599754
614,256.10667497371514,-7.8799932755697455
615,256.10667497371514,-7.823005776880905
616,256.10667497371514,-11.498482520977007
617,256.10667497371514,-10.151776004542569
618,256.10667497371514,-8.03263666898881
619,256.10667497371514,-10.297982708493805
620,256.10667497371514,-11.332988054721568
621,256.10667497371514,-9.127507965746915
622,256.10667497371514,-10.338284755597925
623,256.10667497371514,-11.10729945599816
624,256.10667497371514,-12.21798930482288
625,256.10667497371514,-10.689934774327703
626,256.10667497371514,-11.59062217540557
627,256.10667497371514,-9.34082155885708
628,256.10667497371514,-8.768624239739907
629,256.1066749737152,-8.754639794484888
630,256.10667497371514,-9.50923076875199
631,256.10667497371514,-6.449510826258276
632,256.10667497371514,-9.064396629629417
633,256.10667497371514,-10.244458679766495
634,256.10667497371514,-9.618812859700771
635,256.10667497371514,-9.789732631993587
636,256.10667497371514,-8.8289364730703
637,256.10667497371514,-10.332120742536006
638,256.10667497371514,-10.765230496940688
639,256.10667497371514,-7.511359754537779
640,256.10667497371514,-7.410982274461588
641,256.10667497371514,-8.013291962721638
642,256.10667497371514,-12.193881803491706
643,256.10667497371514,-8.39652774277252
644,256.10667497371514,-12.53052825895504
645,256.10667497371514,-12.205110293922331
646,256.10667497371514,-9.995580045864756
647,256.10667497371514,-7.677750467427302
648,256.10667497371514,-9.972212198014006
649,256.10667497371514,-15.132668786584446
650,256.10667497371514,-7.446575922335327
651,256.10667497371514,-9.304506508949615
652,256.10667497371514,-8.390567317973222
653,256.10667497371514,-9.345456331832423
654,256.10667497371514,-7.646005507748043
655,256.10667497371514,-10.559822069959383
656,256.10667497371514,-7.62750049112509
657,256.10667497371514,-9.339728545855213
658,256.10667497371514,-10.29789848811285
659,256.10667497371514,-10.647786188599373
660,256.10667497371514,-7.4516711561819875
661,256.10667497371514,-6.583387239965589
662,256.10667497371514,-7.700661221872252
663,256.10667497371514,-11.75229277570972
664,256.10667497371514,-12.125259685389821
665,256.10667497371514,-8.37464676472905
666,256.10667497371514,-11.35853118265586
667,256.10667497371514,-9.532668938692908
668,256.10667497371514,-9.870768972668898
669,256.10667497371514,-10.995752531707495
670,256.10667497371514,-12.721182411401935
671,256.10667497371514,-9.378574350038491
672,256.10667497371514,-13.073339708742878
673,256.1066749737151,-8.34806878242351
674,256.10667497371514,-8.399804176538765
675,256.10667497371514,-8.981915317822263
676,256.10667497371514,-11.069097863185235
677,256.10667497371514,-8.949553982612919
678,256.10667497371514,-10.043948399806652
679,256.10667497371514,-6.850744435035708
680,256.10667497371514,-8.271143624878505
681,256.10667497371514,-8.636169660699636
682,256.10667497371514,-7.143273065542331
683,256.10667497371514,-7.518408879527454
684,256.10667497371514,-7.54386160683822
685,256.10667497371514,-12.750176600740502
686,256.10667497371514,-6.76506732257846
687,256.10667497371514,-7.623609182920433
688,256.10667497371514,-11.329321157814974
689,256.10667497371514,-8.566218834653938
690,256.10667497371514,-7.584427901433003
691,256.10667497371514,-10.526167217069911
692,256.10667497371514,-11.194353054815018
693,256.10667497371514,-6.417118894106466
694,256.10667497371514,-7.200337670723542
695,256.10667497371514,-8.437786906990993
696,256.10667497371514,-13.897912686275305
697,256.10667497371514,-8.2977533160375
698,256.10667497371514,-10.134178548866089
699,256.10667497371514,-13.509230131722603
700,256.10667497371514,-7.312331653385186
701,256.10667497371514,-9.597858064298748
702,256.10667497371514,-9.024947485123818
703,256.10667497371514,-11.554129501413996
704,256.10667497371514,-8.818023599727638
705,256.10667497371514,-9.472464145594273
706,256.10667497371514,-16.57072794517355
707,256.10667497371514,-8.543130751686974
708,256.10667497371514,-8.71752026439583
709,256.10667497371514,-8.624890270432786
710,256.10667497371514,-7.475964826887434
711,256.10667497371514,-12.212477180200565
712,256.10667497371514,-8.42002248955798
713,256.10667497371514,-11.397391737053894
714,256.10667497371514,-8.753038800105188
715,256.10667497371514,-12.69200853937852
716,256.10667497371514,-8.597143208346424
717,256.10667497371514,-8.24531514489928
718,256.10667497371514,-10.856149905673409
719,256.10667497371514,-11.799744022506445
720,256.10667497371514,-9.466831800291587
721,256.10667497371514,-13.533370952524393
722,256.10667497371514,-6.399480849369269
723,256.10667497371514,-11.680287591158681
724,256.10667497371514,-8.776747925310199
725,256.10667497371514,-9.854270906027068
726,256.10667497371514,-7.68733008194765
727,256.10667497371514,-11.217972357141171
728,256.10667497371514,-7.39058063146868
729,256.10667497371514,-9.758143977641055
730,256.10667497371514,-8.809250391193174
731,256.10667497371514,-12.799191540530614
732,256.10667497371514,-9.16902134512452
733,256.10667497371514,-10.882181623216937
734,256.10667497371514,-14.259408011081227
735,256.1066749737152,-8.424329506875715
736,256.10667497371514,-7.463776342332238
737,256.10667497371514,-16.105880778190468
738,256.10667497371514,-9.469012905628205
739,256.10667497371514,-8.853568744167745
740,256.10667497371514,-7.257382669840695
741,256.10667497371514,-6.413294987609959
742,256.10667497371514,-8.590516296052588
743,256.10667497371514,-12.682440313399212
744,256.10667497371514,-8.916895901823949
745,256.10667497371514,-9.308344504347858
746,256.10667497371514,-10.607621328168165
747,256.10667497371514,-11.036781249369028
748,256.10667497371514,-8.897333025037824
749,256.10667497371514,-5.504584566214703
750,256.10667497371514,-9.576934499622197
751,256.10667497371514,-8.273974231260432
752,256.10667497371514,-10.440235653703255
753,256.10667497371514,-9.542205374973026
754,256.10667497371514,-7.850468460715462
755,256.1066749737152,-8.61224654494481
756,256.10667497371514,-6.528039089122046
757,256.10667497371514,-9.446073413123784
758,256.10667497371514,-8.262169899908741
759,256.10667497371514,-8.689471003743975
760,256.10667497371514,-9.826510828064016
761,256.10667497371514,-8.970982583973893
762,256.10667497371514,-11.14501599573444
763,256.10667497371514,-10.963136577546578
764,256.10667497371514,-8.387382445381519
765,256.10667497371514,-9.857325997292108
766,256.10667497371514,-12.588508525890177
767,256.1066749737152,-13.042289074961019
768,256.10667497371514,-10.214511039222629
769,256.10667497371514,-9.783732812757364
770,256.10667497371514,-6.792306813965439
771,256.10667497371514,-7.769464029403423
772,256.10667497371514,-7.854183332235493
773,256.10667497371514,-9.771948695909956
774,256.10667497371514,-7.9974484352736255
775,256.10667497371514,-10.85647452833858
776,256.10667497371514,-7.7273608257537205
777,256.10667497371514,-9.870962323408307
778,256.10667497371514,-6.487774459162381
779,256.10667497371514,-13.03282847392785
780,256.10667497371514,-7.78658990771126
781,256.10667497371514,-8.378860211002959
782,256.10667497371514,-9.61471420610485
783,256.10667497371514,-10.312652960439323
784,256.10667497371514,-6.492728804374131
785,256.10667497371514,-10.600813142067977
786,256.10667497371514,-7.3479343692422905
787,256.10667497371514,-7.320068840606865
788,256.10667497371514,-15.00778958364868
789,256.10667497371514,-8.505682679879499
790,256.10667497371514,-12.292000070770424
791,256.10667497371514,-13.600240330984093
792,256.10667497371514,-7.623134303522001
793,256.10667497371514,-7.378197833434868
794,256.10667497371514,-14.455149237537597
795,256.10667497371514,-6.620118011845065
796,256.10667497371514,-10.77061284628573
797,256.10667497371514,-8.504719506159859
798,256.10667497371514,-8.65845822039789
799,256.10667497371514,-7.703194549959363
800,256.10667497371514,-7.591828532369803
801,256.10667497371514,-8.98860936365324
802,256.10667497371514,-8.8544000436587
803,256.10667497371514,-10.159936486255077
804,256.10667497371514,-5.7474660058495886
805,256.10667497371514,-10.670263520945895
806,256.10667497371514,-8.035927808992454
807,256.10667497371514,-9.508775941058445
808,256.10667497371514,-9.863321211997373
809,256.10667497371514,-9.044481901996345
810,256.10667497371514,-8.888983555137173
811,256.10667497371514,-6.2291551738942985
812,256.10667497371514,-7.68421367075571
813,256.10667497371514,-9.795467523041395
814,256.10667497371514,-8.654932337700714
815,256.10667497371514,-9.624184550792478
816,256.10667497371514,-8.57312926815149
817,256.10667497371514,-10.084098013762258
818,256.10667497371514,-9.373258119619948
819,256.10667497371514,-12.827446982098877
820,256.10667497371514,-11.287868909799805
821,256.10667497371514,-7.62241194245405
822,256.10667497371514,-8.561866486356564
823,256.10667497371514,-6.923607143429031
824,256.10667497371514,-8.553796805990999
825,256.10667497371514,-8.58915239149772
826,256.10667497371514,-17.17160621441613
827,256.10667497371514,-8.832219155809057
828,256.10667497371514,-7.227468271895134
829,256.10667497371514,-10.47050316032879
830,256.10667497371514,-12.109982289277127
831,256.10667497371514,-8.091935492928599
832,256.10667497371514,-11.067193171310066
833,256.10667497371514,-10.46271980655893
834,256.10667497371514,-12.861924303674044
835,256.1066749737152,-6.76821610746228
836,256.10667497371514,-9.815387086455235
837,256.10667497371514,-10.922616986715468
838,256.10667497371514,-7.291118089079056
839,256.10667497371514,-9.959592902835908
840,256.10667497371514,-9.788476033076137
841,256.10667497371514,-9.555540004832636
842,256.10667497371514,-10.217324198263015
843,256.10667497371514,-10.215569973466842
844,256.10667497371514,-14.472049505450187
845,256.10667497371514,-11.095474365389208
846,256.10667497371514,-8.564698827336912
847,256.10667497371514,-10.435130221760907
848,256.10667497371514,-9.635011263350819
849,256.10667497371514,-14.632664949617691
850,256.10667497371514,-8.75500530182208
851,256.10667497371514,-9.472628678914162
852,256.10667497371514,-8.372686904981663
853,256.10667497371514,-6.4505998526176995
854,256.10667497371514,-11.007019033889378
855,256.10667497371514,-6.481008630158769
856,256.10667497371514,-8.00411709239161
857,256.10667497371514,-8.074152578560728
858,256.10667497371514,-9.88808508730115
859,256.10667497371514,-7.80595498195386
860,256.10667497371514,-7.198899610663119
861,256.10667497371514,-10.542174992118817
862,256.10667497371514,-7.515265706988174
863,256.10667497371514,-8.451423004987817
864,256.10667497371514,-7.875654397127647
865,256.10667497371514,-7.469174542390817
866,256.10667497371514,-8.551712253905762
867,256.10667497371514,-6.969552638752733
868,256.10667497371514,-7.86684597238866
869,256.10667497371514,-8.182936069018808
870,256.10667497371514,-9.380812035899424
871,256.10667497371514,-10.038824006674538
872,256.10667497371514,-19.341770938879776
873,256.10667497371514,-7.97252414082331
874,256.10667497371514,-6.60652613402236
875,256.10667497371514,-7.843288687046368
876,256.10667497371514,-8.851319019873927
877,256.10667497371514,-7.788754896538293
878,256.10667497371514,-9.84802937486532
879,256.10667497371514,-7.261763927038544
880,256.10667497371514,-10.168973575604497
881,256.10667497371514,-9.354277718113778
882,256.10667497371514,-13.015773052840117
883,256.10667497371514,-8.582038618710492
884,256.10667497371514,-8.376066133517309
885,256.10667497371514,-12.362768911095984
886,256.10667497371514,-10.427413530920226
887,256.10667497371514,-7.898297504426509
888,256.10667497371514,-8.428953173514582
889,256.10667497371514,-12.432538878320344
890,256.10667497371514,-8.018158631747497
891,256.10667497371514,-13.103543440610906
892,256.10667497371514,-8.650988962212637
893,256.10667497371514,-8.600565043828169
894,256.10667497371514,-11.916766056248292
895,256.10667497371514,-6.734250842787787
896,256.10667497371514,-10.36491398356543
897,256.10667497371514,-15.044172787227524
898,256.10667497371514,-7.711677860799625
899,256.10667497371514,-9.85420700237566
900,256.10667497371514,-11.421600314201129
901,256.10667497371514,-10.547227614773561
902,256.10667497371514,-10.781035956210872
903,256.10667497371514,-9.187831205162524
904,256.10667497371514,-8.637722128508777
905,256.10667497371514,-7.345524852167657
906,256.10667497371514,-8.513371896975528
907,256.10667497371514,-7.753149504118568
908,256.10667497371514,-9.527400718547234
909,256.10667497371514,-8.667235248042346
910,256.10667497371514,-5.673747107226603
911,256.10667497371514,-10.44586989226687
912,256.10667497371514,-8.765127497853229
913,256.10667497371514,-7.93986781375574
914,256.10667497371514,-12.071907074561437
915,256.10667497371514,-7.479713857028543
916,256.10667497371514,-13.296343463779024
917,256.10667497371514,-10.842155234501108
918,256.10667497371514,-8.63877622335923
919,256.10667497371514,-8.816466794850612
920,256.10667497371514,-10.07734809554833
921,256.10667497371514,-13.337655013001267
922,256.10667497371514,-8.439098095519995
923,256.10667497371514,-14.269306291426396
924,256.10667497371514,-11.389330864051914
925,256.10667497371514,-7.552889774978022
926,256.10667497371514,-10.00721752412403
927,256.10667497371514,-8.451085946648902
928,256.10667497371514,-8.100095889069848
929,256.10667497371514,-6.570112992461404
930,256.10667497371514,-8.605672307743305
931,256.10667497371514,-7.425751748894868
932,256.10667497371514,-10.698409960670176
933,256.10667497371514,-9.832740780488429
934,256.10667497371514,-6.82408777382156
935,256.10667497371514,-8.495045405319502
936,256.10667497371514,-11.643473958394424
937,256.10667497371514,-8.679606403274185
938,256.10667497371514,-10.288749195688837
939,256.10667497371514,-20.205057050259214
940,256.10667497371514,-6.896482871406079
941,256.10667497371514,-6.5136700749548595
942,256.10667497371514,-9.380931527681398
943,256.10667497371514,-9.337197114668271
944,256.10667497371514,-9.468455816602074
945,256.10667497371514,-6.462743495088837
946,256.10667497371514,-12.627064637721844
947,256.10667497371514,-7.894975808346167
948,256.1066749737152,-10.862890960584224
949,256.10667497371514,-14.37606960656538
950,256.10667497371514,-11.034513167424677
951,256.10667497371514,-12.557244141285334
952,256.10667497371514,-11.689499396605584
953,256.10667497371514,-7.848011981909963
954,256.10667497371514,-14.308893804784304
955,256.10667497371514,-9.272999375665691
956,256.10667497371514,-9.782730043415057
957,256.10667497371514,-12.794946628024206
958,256.10667497371514,-9.45727944874399
959,256.10667497371514,-12.26468462207734
960,256.10667497371514,-7.36279933825044
961,256.10667497371514,-7.801362686101584
962,256.10667497371514,-7.834928055415219
963,256.10667497371514,-9.418679929319481
964,256.10667497371514,-6.9257133013230305
965,256.10667497371514,-10.032038171729596
966,256.10667497371514,-6.612961373600868
967,256.10667497371514,-7.984068615303926
968,256.10667497371514,-7.3082757623271135
969,256.10667497371514,-8.081281797554709
970,256.10667497371514,-10.572150871645363
971,256.10667497371514,-6.806503382801765
972,256.10667497371514,-6.842794894996686
973,256.10667497371514,-11.262860700062362
974,256.10667497371514,-8.560301656817046
975,256.10667497371514,-7.278485723363389
976,256.10667497371514,-10.480601171205592
977,256.10667497371514,-9.432994530792694
978,256.10667497371514,-8.606829642006439
979,256.10667497371514,-8.847588798689443
980,256.10667497371514,-7.962277579525576
981,256.10667497371514,-9.301440849999011
982,256.10667497371514,-10.920450032390022
983,256.10667497371514,-10.1314575412257
984,256.10667497371514,-8.047329386763153
985,256.10667497371514,-8.650309118726668
986,256.10667497371514,-8.26697745535364
987,256.10667497371514,-10.40517972140782
988,256.10667497371514,-9.604864674925452
989,256.10667497371514,-9.831885258337735
990,256.10667497371514,-8.60242944421418
991,256.10667497371514,-10.197415684291329
992,256.10667497371514,-12.55018144962338
993,256.10667497371514,-14.315002299945448
994,256.10667497371514,-6.693816934070231
995,256.10667497371514,-10.53751455847676
996,256.10667497371514,-10.796940536611503
997,256.10667497371514,-7.586931314259644
998,256.10667497371514,-10.991841398876716
999,256.10667497371514,-9.515274595577267
1000,256.10667497371514,-11.002223318290191
1001,256.10667497371514,-8.430608286294046
1002,256.10667497371514,-6.7901248333323
1003,256.10667497371514,-11.593030014015085
1004,256.10667497371514,-6.882187512388768
1005,256.10667497371514,-9.997172645659646
1006,256.10667497371514,-7.480792580689382
1007,256.10667497371514,-9.679609162831568
1008,256.10667497371514,-7.948785630809992
1009,256.10667497371514,-9.173204975944088
1010,256.10667497371514,-9.305489410510091
1011,256.10667497371514,-9.108294017648547
1012,256.10667497371514,-7.014243210190692
1013,256.10667497371514,-8.619531706597314
1014,256.10667497371514,-12.485502808146208
1015,256.10667497371514,-11.004190850472895
1016,256.10667497371514,-8.492354533133238
1017,256.10667497371514,-8.830565059849107
1018,256.10667497371514,-10.367893833420027
1019,256.10667497371514,-8.695330937865617
1020,256.1066749737152,-10.965564581671885
1021,256.10667497371514,-8.65122229114115
1022,256.10667497371514,-7.895574763009563
1023,256.10667497371514,-8.094779537371863
1024,256.10667497371514,-8.697198347699867
1025,256.10667497371514,-10.568458977736412
1026,256.10667497371514,-8.004123884761825
1027,256.10667497371514,-10.97259677238901
1028,256.10667497371514,-12.53691634108128
1029,256.10667497371514,-7.489445907283212
1030,256.10667497371514,-9.423884656736249
1031,256.10667497371514,-7.637419632006889
1032,256.10667497371514,-7.036048536930792
1033,256.10667497371514,-10.753015295641774
1034,256.10667497371514,-12.619636133469236
1035,256.10667497371514,-8.714088403053978
1036,256.10667497371514,-8.569746803210945
1037,256.10667497371514,-7.4469970111645125
1038,256.10667497371514,-7.86220573816459
1039,256.10667497371514,-8.737122227817082
1040,256.10667497371514,-8.971966564374696
1041,256.10667497371514,-11.675845389600966
1042,256.10667497371514,-8.004133165256889
1043,256.10667497371514,-9.526981101673698
1044,256.10667497371514,-9.527903114487344
1045,256.10667497371514,-12.602698389040967
1046,256.10667497371514,-9.82627305297116
1047,256.10667497371514,-10.812720184103313
1048,256.10667497371514,-10.62354330272359
1049,256.10667497371514,-12.135344927099041
1050,256.10667497371514,-19.88517517832994
1051,256.10667497371514,-7.3983067734940775
1052,256.10667497371514,-7.550406094827123
1053,256.10667497371514,-10.77208883536511
1054,256.10667497371514,-10.46775027420707
1055,256.10667497371514,-7.132788300566041
1056,256.10667497371514,-6.9284491503596115
1057,256.10667497371514,-8.642526221537896
1058,256.10667497371514,-12.169509920819735
1059,256.10667497371514,-8.588813856110022
1060,256.10667497371514,-6.312431478733288
1061,256.10667497371514,-8.735768092609419
1062,256.10667497371514,-7.2109894104627585
1063,256.10667497371514,-12.645684998715467
1064,256.10667497371514,-8.762664853234071
1065,256.10667497371514,-9.267410230733987
1066,256.10667497371514,-8.742536570699663
1067,256.10667497371514,-8.647525969072468
1068,256.10667497371514,-10.464226576146123
1069,256.10667497371514,-9.20985315763096
1070,256.10667497371514,-10.166348992102598
1071,256.10667497371514,-10.24565069357764
1072,256.10667497371514,-11.737738416672482
1073,256.10667497371514,-9.89803473524961
1074,256.10667497371514,-8.420410969678699
1075,256.10667497371514,-6.731551861533774
1076,256.10667497371514,-8.207967464218598
1077,256.10667497371514,-10.633473487657625
1078,256.10667497371514,-6.45060451775376
1079,256.10667497371514,-13.379654711307339
1080,256.10667497371514,-6.4692907834362074
1081,256.10667497371514,-10.026007553410508
1082,256.10667497371514,-7.548990478213227
1083,256.10667497371514,-8.796755305143051
1084,256.10667497371514,-7.021253194088246
1085,256.10667497371514,-9.564558016938616
1086,256.10667497371514,-10.52116268682704
1087,256.10667497371514,-13.943492993948013
1088,256.10667497371514,-6.467267416864241
1089,256.1066749737152,-12.85771188730422
1090,256.10667497371514,-7.834637559049018
1091,256.10667497371514,-8.91179375342972
1092,256.10667497371514,-11.567617175813012
1093,256.10667497371514,-7.1452862707716065
1094,256.10667497371514,-8.040559684491491
1095,256.10667497371514,-11.084384917248713
1096,256.10667497371514,-7.752020897386899
1097,256.10667497371514,-7.45479637845942
1098,256.10667497371514,-7.402332852134364
1099,256.10667497371514,-10.10963964534718
1100,256.10667497371514,-8.620613524786847
1101,256.10667497371514,-13.063670117965906
1102,256.10667497371514,-10.741239712602706
1103,256.10667497371514,-8.663826124949704
1104,256.10667497371514,-8.55534199435587
1105,256.10667497371514,-9.846541225393622
1106,256.10667497371514,-5.51944180804923
1107,256.1066749737152,-6.691134219808134
1108,256.10667497371514,-8.995347029670853
1109,256.10667497371514,-11.989077313378399
1110,256.10667497371514,-10.594135785839526
1111,256.10667497371514,-8.690345862393542
1112,256.10667497371514,-10.446891701053787
1113,256.10667497371514,-9.563640247654547
1114,256.10667497371514,-6.552943043222399
1115,256.10667497371514,-8.465195763334464
1116,256.10667497371514,-8.534058956060449
1117,256.10667497371514,-11.537062850742984
1118,256.10667497371514,-7.359890631195071
1119,256.10667497371514,-8.918720096909908
1120,256.10667497371514,-9.436535849004656
1121,256.10667497371514,-7.667353801486726
1122,256.10667497371514,-7.236711365021989
1123,256.10667497371514,-9.576557712970725
1124,256.10667497371514,-12.929205035958361
1125,256.10667497371514,-9.150471629944008
1126,256.10667497371514,-9.808877840623637
1127,256.10667497371514,-7.328639409440715
1128,256.10667497371514,-10.041361060346688
1129,256.10667497371514,-9.316132870298105
1130,256.10667497371514,-8.736314696129028
1131,256.10667497371514,-7.7927932924264525
1132,256.10667497371514,-17.016394020555893
1133,256.10667497371514,-12.138521493209012
1134,256.10667497371514,-13.725010722661253
1135,256.10667497371514,-11.26788608582942
1136,256.10667497371514,-10.660668589874119
1137,256.10667497371514,-8.755175756796007
1138,256.10667497371514,-8.449757696788822
1139,256.10667497371514,-9.100490570057923
1140,256.10667497371514,-9.292777494051972
1141,256.10667497371514,-8.312423670820351
1142,256.10667497371514,-18.83605888781375
1143,256.10667497371514,-9.654844686866994
1144,256.10667497371514,-8.970214606670396
1145,256.10667497371514,-13.92431582257764
1146,256.10667497371514,-14.90207884208138
1147,256.10667497371514,-6.684266307316221
1148,256.10667497371514,-6.339996979751362
1149,256.10667497371514,-8.056111952329175
1150,256.10667497371514,-9.363644041246314
1151,256.10667497371514,-6.739244712474786
1152,256.10667497371514,-7.628811762888802
1153,256.10667497371514,-9.416943041436355
1154,256.10667497371514,-8.15397619922301
1155,256.10667497371514,-9.120894205784651
1156,256.10667497371514,-11.870781048228451
1157,256.10667497371514,-8.376478834398597
1158,256.10667497371514,-7.956755116547214
1159,256.10667497371514,-10.071898543112297
1160,256.10667497371514,-11.681609397173496
1161,256.10667497371514,-9.517788649654392
1162,256.10667497371514,-8.652828946322687
1163,256.10667497371514,-11.8234377718004
1164,256.10667497371514,-7.7337257982489405
1165,256.10667497371514,-6.697054930125233
1166,256.10667497371514,-8.701129371630685
1167,256.10667497371514,-9.447120961894434
1168,256.10667497371514,-8.118652591765567
1169,256.10667497371514,-8.726859781184146
1170,256.10667497371514,-10.262371968892694
1171,256.10667497371514,-10.091144972741176
1172,256.10667497371514,-10.547371005317615
1173,256.10667497371514,-8.451400822703818
1174,256.10667497371514,-8.588452351148447
1175,256.10667497371514,-9.845811584038728
1176,256.10667497371514,-7.403134442592481
1177,256.1066749737152,-8.820466260896112
1178,256.10667497371514,-10.704519542992017
1179,256.10667497371514,-19.980392931191545
1180,256.1066749737152,-7.543223281783497
1181,256.10667497371514,-8.772352461314284
1182,256.10667497371514,-9.706172829584322
1183,256.10667497371514,-7.790455471034562
1184,256.10667497371514,-7.545592741439634
1185,256.10667497371514,-7.584241660420105
1186,256.10667497371514,-12.20243876894105
1187,256.10667497371514,-9.136953944771568
1188,256.10667497371514,-7.5637630719671165
1189,256.10667497371514,-14.15243768661503
1190,256.10667497371514,-12.766684660121598
1191,256.10667497371514,-9.807574377969871
1192,256.10667497371514,-7.840457392731722
1193,256.10667497371514,-6.514198963494181
1194,256.10667497371514,-7.3037546607131105
1195,256.10667497371514,-10.460282900861763
1196,256.10667497371514,-7.537430130765159
1197,256.10667497371514,-13.81097481882037
1198,256.1066749737152,-7.511894137170657
1199,256.10667497371514,-8.649011953160382
1200,256.10667497371514,-10.201540541005826
1201,256.10667497371514,-11.30052726887918
1202,256.10667497371514,-7.908305341164208
1203,256.10667497371514,-10.370236402512834
1204,256.10667497371514,-13.25704912427122
1205,256.10667497371514,-8.380239984723865
1206,256.1066749737152,-8.914686696916487
1207,256.10667497371514,-11.301781681102547
1208,256.10667497371514,-7.641180325362143
1209,256.10667497371514,-9.391095683018335
1210,256.10667497371514,-6.85473416315088
1211,256.10667497371514,-8.565650861393436
1212,256.10667497371514,-10.379193118730669
1213,256.10667497371514,-10.347733799140627
1214,256.10667497371514,-9.807612692911903
1215,256.10667497371514,-7.605045879050991
1216,256.10667497371514,-12.31455097995999
1217,256.10667497371514,-7.389977917833448
1218,256.10667497371514,-11.42376393474865
1219,256.10667497371514,-7.663089987578587
1220,256.10667497371514,-12.487640520764927
1221,256.10667497371514,-9.184506448638075
1222,256.10667497371514,-11.094981836479661
1223,256.10667497371514,-7.639353417007012
1224,256.10667497371514,-10.264886246970832
1225,256.10667497371514,-10.092243740424848
1226,256.10667497371514,-8.760679981726824
1227,256.10667497371514,-9.590237021867779
1228,256.10667497371514,-8.862343607741636
1229,256.10667497371514,-11.684981951834345
1230,256.10667497371514,-9.997807429019915
1231,256.10667497371514,-10.068088134387324
1232,256.10667497371514,-6.897997658641465
1233,256.10667497371514,-9.522913524326015
1234,256.10667497371514,-13.336098961880253
1235,256.10667497371514,-6.54381023554221
1236,256.10667497371514,-7.56188044748842
1237,256.10667497371514,-18.31966813366313
1238,256.10667497371514,-10.676828634632017
1239,256.10667497371514,-9.435001349731266
1240,256.10667497371514,-8.789010618765836
1241,256.10667497371514,-8.338327801917785
1242,256.10667497371514,-8.892524262448944
1243,256.10667497371514,-10.65795528631142
1244,256.10667497371514,-6.231199998391503
1245,256.10667497371514,-8.630191746954502
1246,256.10667497371514,-6.626698563107433
1247,256.10667497371514,-9.39337212440202
1248,256.10667497371514,-8.440590773186045
1249,256.10667497371514,-10.755862943587942
1250,256.10667497371514,-15.084109743675867
1251,256.10667497371514,-9.614809641961203
1252,256.10667497371514,-9.889584961670217
1253,256.1066749737152,-11.741432991338485
1254,256.10667497371514,-8.151393450905204
1255,256.10667497371514,-12.793603188760287
1256,256.10667497371514,-11.028309652597045
1257,256.10667497371514,-6.984555826984149
1258,256.10667497371514,-8.437802614475371
1259,256.10667497371514,-9.577999683824013
1260,256.10667497371514,-15.034557795517259
1261,256.10667497371514,-9.403650957430777
1262,256.10667497371514,-8.500695944807347
1263,256.10667497371514,-9.836379655872634
1264,256.10667497371514,-8.763097988458725
1265,256.10667497371514,-6.769253886692724
1266,256.10667497371514,-13.597186052112619
1267,256.10667497371514,-6.568449475271052
1268,256.10667497371514,-7.33107762327279
1269,256.10667497371514,-12.671638429624807
1270,256.10667497371514,-9.470566017109249
1271,256.1066749737152,-6.647745413551519
1272,256.10667497371514,-9.446320989319034
1273,256.10667497371514,-14.158244631515572
1274,256.10667497371514,-7.532489165497989
1275,256.10667497371514,-8.64481482744202
1276,256.10667497371514,-13.242200333409762
1277,256.10667497371514,-13.300157758097372
1278,256.10667497371514,-10.890898952195329
1279,256.10667497371514,-8.710994772779486
1280,256.10667497371514,-16.15643840981147
1281,256.10667497371514,-7.382501651767857
1282,256.10667497371514,-9.331568212926925
1283,256.10667497371514,-6.230765071061768
1284,256.10667497371514,-6.5842860148181614
1285,256.10667497371514,-8.530777609289885
1286,256.10667497371514,-6.778391985354119
1287,256.10667497371514,-7.4303689842186245
1288,256.10667497371514,-11.026155082195999
1289,256.10667497371514,-9.840014723313303
1290,256.10667497371514,-12.776042606761763
1291,256.10667497371514,-10.961686739941968
1292,256.10667497371514,-9.95414502162101
1293,256.10667497371514,-8.506285986181823
1294,256.10667497371514,-11.120177393142399
1295,256.10667497371514,-13.09784983551586
1296,256.10667497371514,-8.328478753806252
1297,256.10667497371514,-9.36722152096749
1298,256.10667497371514,-9.685594185746425
1299,256.10667497371514,-9.101746058340154
1300,256.10667497371514,-8.913467594983814
1301,256.10667497371514,-12.706572820754019
1302,256.10667497371514,-9.772741439864461
1303,256.10667497371514,-11.358993887955469
1304,256.10667497371514,-9.969514156397452
1305,256.10667497371514,-8.385755951109283
1306,256.10667497371514,-8.210697015831101
1307,256.10667497371514,-11.032110237658571
1308,256.10667497371514,-9.033323335601793
1309,256.10667497371514,-7.466377976807536
1310,256.10667497371514,-8.244145083266432
1311,256.10667497371514,-9.87280426646575
1312,256.10667497371514,-6.9188333931136015
1313,256.10667497371514,-11.32783266822348
1314,256.10667497371514,-14.818787487832111
1315,256.10667497371514,-9.044147959821082
1316,256.10667497371514,-11.673285842742745
1317,256.10667497371514,-8.290733221406697
1318,256.10667497371514,-8.71564109131944
1319,256.10667497371514,-13.706483169051936
1320,256.10667497371514,-8.650369443549067
1321,256.10667497371514,-11.991867939189973
1322,256.10667497371514,-6.803194186822708
1323,256.10667497371514,-8.503072408109905
1324,256.10667497371514,-8.204152577040702
1325,256.10667497371514,-9.757769738840878
1326,256.10667497371514,-7.658123692301672
1327,256.10667497371514,-8.656184374721477
1328,256.10667497371514,-11.663102612055738
1329,256.10667497371514,-8.509087561394514
1330,256.10667497371514,-10.43654046162797
1331,256.10667497371514,-10.006241745066433
1332,256.10667497371514,-8.449968073934293
1333,256.10667497371514,-9.911262771725404
1334,256.10667497371514,-7.564537923283575
1335,256.10667497371514,-6.9309540742830364
1336,256.10667497371514,-7.263434744891924
1337,256.10667497371514,-9.748337020703275
1338,256.10667497371514,-11.400998960052192
1339,256.10667497371514,-10.353737583368142
1340,256.10667497371514,-5.245170955406257
1341,256.10667497371514,-7.642653974160936
1342,256.10667497371514,-7.442794136821931
1343,256.10667497371514,-6.264376622585445
1344,256.10667497371514,-8.639563375172912
1345,256.1066749737152,-9.748678629632707
1346,256.10667497371514,-8.454377967217482
1347,256.10667497371514,-7.529266308534375
1348,256.10667497371514,-9.267900963739748
1349,256.10667497371514,-9.602642984410721
1350,256.10667497371514,-10.469980831593062
1351,256.10667497371514,-9.949160301015915
1352,256.10667497371514,-12.110231239760473
1353,256.10667497371514,-7.6031569606085725
1354,256.10667497371514,-9.6456542955341
1355,256.10667497371514,-8.653161952206858
1356,256.10667497371514,-8.27814161944059
1357,256.10667497371514,-9.47928132711015
1358,256.1066749737152,-9.370389366215342
1359,256.10667497371514,-10.053270057372444
1360,256.10667497371514,-8.73201804973192
1361,256.10667497371514,-10.426497156274486
1362,256.10667497371514,-6.48539172855493
1363,256.10667497371514,-11.184195666275713
1364,256.10667497371514,-10.65512880238623
1365,256.10667497371514,-8.329075871142436
1366,256.1066749737152,-8.142814613036734
1367,256.10667497371514,-9.86067582602432
1368,256.10667497371514,-9.442627616893617
1369,256.10667497371514,-7.189825688161903
1370,256.10667497371514,-6.182799665828924
1371,256.10667497371514,-10.565630835569237
1372,256.10667497371514,-10.009176769475516
1373,256.10667497371514,-8.926439910180019
1374,256.10667497371514,-11.925587323419762
1375,256.10667497371514,-10.908893841267997
1376,256.10667497371514,-10.179065190023948
1377,256.10667497371514,-8.347454688581621
1378,256.10667497371514,-6.653439651906439
1379,256.10667497371514,-9.451220281805544
1380,256.10667497371514,-9.734034917309131
1381,256.10667497371514,-7.591640467179502
1382,256.10667497371514,-10.86573110075686
1383,256.10667497371514,-9.603773156722099
1384,256.10667497371514,-12.328287529808364
1385,256.10667497371514,-7.843452312730022
1386,256.10667497371514,-10.355228697151091
1387,256.10667497371514,-7.261392684923749
1388,256.10667497371514,-9.0922459049591
1389,256.10667497371514,-11.096929538718456
1390,256.10667497371514,-9.294420775398123
1391,256.10667497371514,-8.005536891260206
1392,256.10667497371514,-9.7802937167844
1393,256.10667497371514,-7.472870699253207
1394,256.10667497371514,-7.652451224462158
1395,256.10667497371514,-7.858355311366722
1396,256.10667497371514,-8.598014491105658
1397,256.10667497371514,-8.594066133870456
1398,256.10667497371514,-7.393429805349825
1399,256.1066749737152,-8.792366305767558
1400,256.10667497371514,-11.897555583666598
1401,256.10667497371514,-11.567364794768274
1402,256.10667497371514,-10.616702265209227
1403,256.10667497371514,-9.094339416832945
1404,256.10667497371514,-9.8108869412628
1405,256.10667497371514,-7.223342853982757
1406,256.10667497371514,-10.469021664916166
1407,256.10667497371514,-9.416170207160391
1408,256.10667497371514,-6.818210393211871
1409,256.1066749737152,-13.116450773420837
1410,256.10667497371514,-9.463553726383225
1411,256.10667497371514,-9.098225561399772
1412,256.10667497371514,-6.485387726222626
1413,256.10667497371514,-8.554272907034914
1414,256.10667497371514,-7.370221449507213
1415,256.10667497371514,-9.930327342869731
1416,256.10667497371514,-10.907929738353772
1417,256.10667497371514,-10.22902008777713
1418,256.10667497371514,-11.9615717744289
1419,256.10667497371514,-12.876749792214625
1420,256.10667497371514,-10.78684250566539
1421,256.10667497371514,-6.707964596097796
1422,256.10667497371514,-12.21689112369998
1423,256.10667497371514,-8.847003691348107
1424,256.10667497371514,-7.732298006628838
1425,256.10667497371514,-9.686540054270921
1426,256.10667497371514,-10.75686673320834
1427,256.10667497371514,-7.204087139294131
1428,256.10667497371514,-6.718059372632112
1429,256.10667497371514,-9.064885025077785
1430,256.10667497371514,-8.741319705617286
1431,256.10667497371514,-17.72222603526734
1432,256.10667497371514,-8.031118265130097
1433,256.10667497371514,-9.90344647367624
1434,256.10667497371514,-8.409400460184656
1435,256.10667497371514,-11.843956151615448
1436,256.10667497371514,-11.506614074203355
1437,256.10667497371514,-6.281013280265597
1438,256.10667497371514,-9.473907886338367
1439,256.10667497371514,-9.400294904069694
1440,256.10667497371514,-12.860821004756978
1441,256.10667497371514,-6.48458367637113
1442,256.10667497371514,-12.800610903275249
1443,256.10667497371514,-6.728716495415142
1444,256.10667497371514,-12.624417392908327
1445,256.10667497371514,-9.215051336632058
1446,256.10667497371514,-12.015845363927584
1447,256.10667497371514,-8.364253403424314
1448,256.10667497371514,-8.675475432734288
1449,256.10667497371514,-15.190397833924123
1450,256.10667497371514,-7.852795940400995
1451,256.10667497371514,-14.424301303746859
1452,256.10667497371514,-11.50392059628389
1453,256.10667497371514,-9.667837666771234
1454,256.10667497371514,-11.041286928065915
1455,256.10667497371514,-7.881461179792922
1456,256.10667497371514,-8.473945227348139
1457,256.10667497371514,-10.441122097079859
1458,256.10667497371514,-11.747173860843905
1459,256.10667497371514,-9.993035020859509
1460,256.10667497371514,-10.650366486454544
1461,256.10667497371514,-9.742928544038875
1462,256.10667497371514,-8.830421358120226
1463,256.10667497371514,-6.612033656096429
1464,256.10667497371514,-7.361847456495314
1465,256.10667497371514,-7.801125094536133
1466,256.10667497371514,-10.051282689133785
1467,256.10667497371514,-10.62841931723257
1468,256.10667497371514,-7.702084209596393
1469,256.10667497371514,-8.038062425453802
1470,256.10667497371514,-7.701022969648278
1471,256.10667497371514,-11.83993818266
1472,256.10667497371514,-12.62161665238989
1473,256.10667497371514,-10.772382261235485
1474,256.10667497371514,-7.59270797772902
1475,256.10667497371514,-6.391445584924497
1476,256.10667497371514,-7.444673357649982
1477,256.10667497371514,-6.555708879065662
1478,256.10667497371514,-9.836599211281339
1479,256.10667497371514,-11.611149683142713
1480,256.10667497371514,-11.007568310844164
1481,256.10667497371514,-6.893616966842455
1482,256.1066749737152,-7.473327791620797
1483,256.10667497371514,-15.78432518679773
1484,256.10667497371514,-9.564330608660612
1485,256.10667497371514,-7.521388833796493
1486,256.10667497371514,-10.355966599471913
1487,256.10667497371514,-5.626893658403603
1488,256.10667497371514,-10.354138185709644
1489,256.10667497371514,-11.777783266450541
1490,256.10667497371514,-10.569235060734773
1491,256.10667497371514,-7.582568861194176
1492,256.10667497371514,-9.263149415897146
1493,256.10667497371514,-11.409697653600233
1494,256.10667497371514,-6.577600723650988
1495,256.10667497371514,-9.349340592150071
1496,256.10667497371514,-8.537720092996777
1497,256.10667497371514,-8.826140770593781
1498,256.10667497371514,-7.907969384361621
1499,256.10667497371514,-10.452004861164738
1500,256.10667497371514,-8.760597232370325
1501,256.10667497371514,-11.321337431247855
1502,256.10667497371514,-10.127705703130403
1503,256.10667497371514,-6.724812556421
1504,256.10667497371514,-9.079140073944558
1505,256.10667497371514,-9.552614266387423
1506,256.10667497371514,-9.178270781980107
1507,256.10667497371514,-9.470248537848065
1508,256.10667497371514,-10.187776083994066
1509,256.10667497371514,-7.657519378879357
1510,256.10667497371514,-9.286341154819198
1511,256.10667497371514,-9.73485458733083
1512,256.10667497371514,-8.787671266711804
1513,256.10667497371514,-9.496529110002768
1514,256.10667497371514,-8.505815555194282
1515,256.10667497371514,-8.818974231651168
1516,256.10667497371514,-9.326774102234975
1517,256.10667497371514,-8.301905445104609
1518,256.10667497371514,-8.428131924098984
1519,256.10667497371514,-9.862181388283346
1520,256.10667497371514,-8.477468508885266
1521,256.10667497371514,-9.769880012365945
1522,256.10667497371514,-10.364780171510517
1523,256.10667497371514,-6.551122454240129
1524,256.10667497371514,-12.280071687260687
1525,256.10667497371514,-8.27065934548287
1526,256.10667497371514,-7.72666062002034
1527,256.10667497371514,-9.235117682388868
1528,256.10667497371514,-8.88459201517253
1529,256.10667497371514,-8.575814837927055
1530,256.10667497371514,-11.345802428262886
1531,256.10667497371514,-7.716412818735961
1532,256.10667497371514,-9.989281518584672
1533,256.10667497371514,-7.930439872465968
1534,256.10667497371514,-7.766361326788832
1535,256.10667497371514,-13.176719368339718
1536,256.10667497371514,-6.522718999823866
1537,256.10667497371514,-6.571673743864295
1538,256.1066749737151,-11.748209767616117
1539,256.10667497371514,-9.147408335405856
1540,256.10667497371514,-13.885740703674244
1541,256.10667497371514,-7.492568665268465
1542,256.10667497371514,-9.461416382740538
1543,256.10667497371514,-9.208059190587292
1544,256.10667497371514,-14.74910107109028
1545,256.10667497371514,-9.612075487514126
1546,256.10667497371514,-13.595013463244335
1547,256.10667497371514,-8.372698670809338
1548,256.10667497371514,-13.986433522065688
1549,256.10667497371514,-9.794974597917218
1550,256.10667497371514,-8.949787553898943
1551,256.10667497371514,-11.052106909198955
1552,256.10667497371514,-7.826707707616592
1553,256.10667497371514,-9.360623684312133
1554,256.10667497371514,-10.471978368260924
1555,256.10667497371514,-12.232075169102075
1556,256.10667497371514,-10.709558130413768
1557,256.10667497371514,-9.242814935387116
1558,256.10667497371514,-6.771625075598195
1559,256.10667497371514,-7.561350835641605
1560,256.10667497371514,-8.250101440488635
1561,256.10667497371514,-7.249258183959057
1562,256.10667497371514,-10.84166040854694
1563,256.10667497371514,-10.671742682754655
1564,256.10667497371514,-11.121151996068392
1565,256.10667497371514,-10.690771507919749
1566,256.10667497371514,-8.385528846753616
1567,256.10667497371514,-12.84045405175354
1568,256.10667497371514,-11.436330579544773
1569,256.10667497371514,-11.708985462144426
1570,256.10667497371514,-10.73402567743048
1571,256.10667497371514,-14.092376506391304
1572,256.10667497371514,-13.717603365768525
1573,256.10667497371514,-9.55240867072942
1574,256.10667497371514,-15.098285356531903
1575,256.10667497371514,-9.436949823417166
1576,256.10667497371514,-9.353601300839188
1577,256.10667497371514,-7.923135439487069
1578,256.10667497371514,-10.616690391833604
1579,256.10667497371514,-15.187163158316011
1580,256.10667497371514,-6.7746887825451765
1581,256.10667497371514,-9.83807172088774
1582,256.10667497371514,-7.500813431313446
1583,256.10667497371514,-9.110658780093445
1584,256.10667497371514,-12.341568751460642
1585,256.10667497371514,-8.027621605920313
1586,256.10667497371514,-7.660335910695181
1587,256.10667497371514,-10.79708480469165
1588,256.10667497371514,-6.725511791107849
1589,256.10667497371514,-10.421190643914258
1590,256.10667497371514,-6.691281160314787
1591,256.10667497371514,-7.173105206157814
1592,256.10667497371514,-10.456362287849402
1593,256.1066749737152,-14.59480804473841
1594,256.10667497371514,-8.29483677408308
1595,256.10667497371514,-9.467848120274937
1596,256.10667497371514,-9.51111662695719
1597,256.10667497371514,-7.505408967244236
1598,256.10667497371514,-8.445422310986551
1599,256.10667497371514,-7.287888639633394
1600,256.10667497371514,-15.370291413989236
1601,256.10667497371514,-16.428322273722415
1602,256.10667497371514,-9.615769567368346
1603,256.10667497371514,-11.822557124299436
1604,256.10667497371514,-13.430380027680428
1605,256.10667497371514,-11.281596562158157
1606,256.10667497371514,-7.274517242033426
1607,256.10667497371514,-10.693270541083763
1608,256.10667497371514,-12.405031434592559
1609,256.10667497371514,-9.072453977523566
1610,256.10667497371514,-10.889185465426436
1611,256.10667497371514,-12.683305043347985
1612,256.10667497371514,-12.616702498087989
1613,256.10667497371514,-6.597599680711994
1614,256.10667497371514,-9.588272691352259
1615,256.10667497371514,-8.229377932966287
1616,256.10667497371514,-15.986405840426727
1617,256.10667497371514,-8.512629109454906
1618,256.10667497371514,-8.618378085726846
1619,256.10667497371514,-9.004685171225077
1620,256.10667497371514,-11.577437458185557
1621,256.10667497371514,-11.987842460641332
1622,256.10667497371514,-9.533561096661145
1623,256.10667497371514,-9.402661676994569
1624,256.10667497371514,-7.682811683800805
1625,256.10667497371514,-11.338539163537515
1626,256.10667497371514,-10.84525120409235
1627,256.10667497371514,-8.702043745122438
1628,256.10667497371514,-7.612311714215554
1629,256.10667497371514,-11.766490116043855
1630,256.10667497371514,-7.511340354031191
1631,256.10667497371514,-8.629356974982286
1632,256.10667497371514,-10.949279353493516
1633,256.10667497371514,-10.965407743374328
1634,256.10667497371514,-6.45168738267256
1635,256.1066749737152,-9.396971751789863
1636,256.10667497371514,-10.943858655132384
1637,256.10667497371514,-7.403862778543726
1638,256.10667497371514,-7.357771521959933
1639,256.10667497371514,-8.77990560649748
1640,256.10667497371514,-8.441917581286077
1641,256.10667497371514,-8.981776642571234
1642,256.10667497371514,-9.749398401127166
1643,256.10667497371514,-11.571307298556604
1644,256.1066749737152,-8.513891076440373
1645,256.10667497371514,-9.24225512921129
1646,256.10667497371514,-7.1689950120976675
1647,256.10667497371514,-6.412533476134712
1648,256.10667497371514,-13.989603772123104
1649,256.10667497371514,-8.312420577978699
1650,256.10667497371514,-6.733838912987608
1651,256.10667497371514,-7.283806729121169
1652,256.10667497371514,-8.464741705190022
1653,256.10667497371514,-8.954638521872653
1654,256.1066749737152,-10.121222777578936
1655,256.10667497371514,-10.734289925571545
1656,256.10667497371514,-12.94173280990274
1657,256.10667497371514,-8.44531976777003
1658,256.10667497371514,-9.586114734293528
1659,256.10667497371514,-7.417146830003432
1660,256.10667497371514,-10.983058935291638
1661,256.1066749737152,-6.561644221346853
1662,256.10667497371514,-9.633680639429087
1663,256.10667497371514,-8.367868763075734
1664,256.10667497371514,-7.743534086163606
1665,256.10667497371514,-10.404706670575877
1666,256.10667497371514,-13.033706236618883
1667,256.10667497371514,-5.9890107824168695
1668,256.10667497371514,-8.00317455924911
1669,256.10667497371514,-12.46279240812698
1670,256.10667497371514,-7.684736840111405
1671,256.10667497371514,-8.869795812191445
1672,256.10667497371514,-9.641945909511264
1673,256.10667497371514,-7.042686305713026
1674,256.10667497371514,-8.708209778294986
1675,256.10667497371514,-11.297679629352103
1676,256.10667497371514,-10.522273108210541
1677,256.10667497371514,-7.690736725995237
1678,256.10667497371514,-7.896761491928377
1679,256.10667497371514,-8.601160112377357
1680,256.10667497371514,-9.930510067895433
1681,256.10667497371514,-10.77925974558076
1682,256.10667497371514,-13.353468006209653
1683,256.10667497371514,-10.412389925223891
1684,256.10667497371514,-12.430175910440937
1685,256.10667497371514,-9.740236499414948
1686,256.10667497371514,-7.953214218472508
1687,256.10667497371514,-8.243719101738236
1688,256.10667497371514,-8.464306597323258
1689,256.10667497371514,-12.84144165677688
1690,256.10667497371514,-7.329915799380672
1691,256.10667497371514,-11.524013041342272
1692,256.10667497371514,-9.838435299611675
1693,256.10667497371514,-6.974761253881155
1694,256.10667497371514,-9.902572329086127
1695,256.10667497371514,-10.369963714229986
1696,256.10667497371514,-7.660777033814422
1697,256.10667497371514,-8.800433495319709
1698,256.10667497371514,-9.477025967009581
1699,256.10667497371514,-8.246519683686017
1700,256.10667497371514,-9.16165229537745
1701,256.10667497371514,-9.198151193042548
1702,256.10667497371514,-9.004434326384995
1703,256.10667497371514,-8.452154597764945
1704,256.10667497371514,-8.418507344070491
1705,256.10667497371514,-11.032967644015699
1706,256.10667497371514,-8.591549302249405
1707,256.10667497371514,-6.956394489283067
1708,256.10667497371514,-8.792848943753626
1709,256.10667497371514,-12.27659461717522
1710,256.10667497371514,-16.80952473989342
1711,256.10667497371514,-9.530136409607707
1712,256.10667497371514,-13.925280792740239
1713,256.10667497371514,-7.6697199510417775
1714,256.10667497371514,-8.984953731073574
1715,256.10667497371514,-10.950828854589034
1716,256.10667497371514,-15.51131691152142
1717,256.10667497371514,-9.714135897043434
1718,256.10667497371514,-12.049519410424125
1719,256.10667497371514,-8.619003156321241
1720,256.10667497371514,-8.402493233879028
1721,256.10667497371514,-6.680840761052977
1722,256.10667497371514,-10.76690700185128
1723,256.10667497371514,-7.495678494340105
1724,256.10667497371514,-11.807700622966593
1725,256.10667497371514,-13.15382732419809
1726,256.10667497371514,-7.486027690662658
1727,256.10667497371514,-10.616514042456862
1728,256.10667497371514,-8.762843044977217
1729,256.10667497371514,-7.203759335344856
1730,256.10667497371514,-9.456673288695214
1731,256.10667497371514,-7.291453834073629
1732,256.10667497371514,-9.430260027833015
1733,256.10667497371514,-8.938551054755095
1734,256.10667497371514,-11.48765059624749
1735,256.10667497371514,-11.653882297671865
1736,256.10667497371514,-11.433631457943676
1737,256.10667497371514,-8.524970718789376
1738,256.10667497371514,-11.758320401004863
1739,256.10667497371514,-11.473055519262545
1740,256.10667497371514,-13.877216874190282
1741,256.10667497371514,-7.821772349462108
1742,256.10667497371514,-10.540066818415681
1743,256.10667497371514,-11.099884031812934
1744,256.10667497371514,-9.092834947950564
1745,256.10667497371514,-7.366184371419763
1746,256.10667497371514,-9.869881424720546
1747,256.10667497371514,-9.690385281296784
1748,256.10667497371514,-9.501403849899816
1749,256.10667497371514,-8.500407088544705
1750,256.10667497371514,-7.492277602726119
1751,256.10667497371514,-9.304065377936666
1752,256.10667497371514,-7.719424018050123
1753,256.10667497371514,-8.353532449400285
1754,256.10667497371514,-9.07992833954107
1755,256.10667497371514,-12.134286645586997
1756,256.10667497371514,-8.292250213520866
1757,256.10667497371514,-8.76123731132325
1758,256.10667497371514,-6.472532887213781
1759,256.10667497371514,-8.559392184330914
1760,256.10667497371514,-9.937593253051574
1761,256.10667497371514,-9.132948972005352
1762,256.10667497371514,-13.555229183415037
1763,256.10667497371514,-8.966086869219339
1764,256.10667497371514,-9.366056940179302
1765,256.10667497371514,-8.426169899363416
1766,256.10667497371514,-7.799312834732526
1767,256.10667497371514,-9.985031443741477
1768,256.10667497371514,-6.154273700861751
1769,256.10667497371514,-12.456471316807026
1770,256.10667497371514,-8.696785790290562
1771,256.10667497371514,-7.601689293353164
1772,256.10667497371514,-8.736373839912858
1773,256.10667497371514,-6.422690100612918
1774,256.10667497371514,-7.439747812359656
1775,256.10667497371514,-11.7097474580886
1776,256.10667497371514,-9.97175530345455
1777,256.10667497371514,-11.353207218380618
1778,256.10667497371514,-10.451456215833296
1779,256.10667497371514,-8.520334543076274
1780,256.10667497371514,-8.592114673332702
1781,256.10667497371514,-10.796906543870733
1782,256.10667497371514,-11.488586189545302
1783,256.10667497371514,-9.618133637210661
1784,256.10667497371514,-10.169810776577382
1785,256.10667497371514,-7.587617909925566
1786,256.10667497371514,-12.492532796608941
1787,256.10667497371514,-8.208575050128587
1788,256.10667497371514,-11.716750854126946
1789,256.10667497371514,-13.32738297856217
1790,256.10667497371514,-11.181343043825564
1791,256.10667497371514,-11.998333735201811
1792,256.10667497371514,-9.321475163911963
1793,256.10667497371514,-12.811006194737786
1794,256.10667497371514,-8.50756591426779
1795,256.10667497371514,-8.535595698062593
1796,256.10667497371514,-9.295489117467476
1797,256.10667497371514,-8.416379914682892
1798,256.10667497371514,-11.21967184943476
1799,256.10667497371514,-13.325473057203688
1800,256.10667497371514,-8.516648097410268
1801,256.10667497371514,-14.801985713019153
1802,256.10667497371514,-13.856451835114484
1803,256.10667497371514,-9.366834477141074
1804,256.10667497371514,-9.756591726455348
1805,256.10667497371514,-8.437672957326328
1806,256.10667497371514,-8.731272607824565
1807,256.10667497371514,-7.62441247196616
1808,256.1066749737152,-11.983907469820998
1809,256.10667497371514,-9.48000926244113
1810,256.10667497371514,-12.31488941657004
1811,256.10667497371514,-9.075131011026343
1812,256.10667497371514,-8.39872618855631
1813,256.10667497371514,-9.838965669690339
1814,256.10667497371514,-8.132069338523891
1815,256.10667497371514,-9.191161856371096
1816,256.10667497371514,-7.493344040672525
1817,256.10667497371514,-9.714279923020207
1818,256.10667497371514,-10.538469704488435
1819,256.10667497371514,-7.9910189066952455
1820,256.10667497371514,-8.53344108291168
1821,256.10667497371514,-13.253526835471234
1822,256.10667497371514,-13.511472884702727
1823,256.10667497371514,-7.285357591009301
1824,256.10667497371514,-11.683295856934095
1825,256.10667497371514,-9.336468089941874
1826,256.10667497371514,-9.600456038647323
1827,256.10667497371514,-8.6736067764148
1828,256.10667497371514,-7.795482655363074
1829,256.10667497371514,-11.64390079504048
1830,256.10667497371514,-9.963602884305473
1831,256.10667497371514,-8.79714566261827
1832,256.10667497371514,-9.082012070362254
1833,256.10667497371514,-7.476413252848289
1834,256.10667497371514,-11.336623572613348
1835,256.10667497371514,-9.392273215319932
1836,256.10667497371514,-7.845205149777641
1837,256.10667497371514,-8.814986550972002
1838,256.10667497371514,-9.781408488215703
1839,256.10667497371514,-7.803940431502127
1840,256.10667497371514,-15.34383866156292
1841,256.10667497371514,-13.625165110539456
1842,256.10667497371514,-9.64806644331562
1843,256.10667497371514,-6.731583600367188
1844,256.10667497371514,-7.000092730947074
1845,256.10667497371514,-8.4806901819574
1846,256.10667497371514,-12.891218267205005
1847,256.10667497371514,-7.437871488536246
1848,256.10667497371514,-8.98546599333747
1849,256.10667497371514,-7.391856648497509
1850,256.10667497371514,-7.754889301684074
1851,256.10667497371514,-8.304690069994834
1852,256.10667497371514,-11.425230113455754
1853,256.10667497371514,-12.2593894926989
1854,256.10667497371514,-9.295944401372296
1855,256.10667497371514,-8.680316472046062
1856,256.10667497371514,-12.1481464299805
1857,256.10667497371514,-11.190460518727718
1858,256.10667497371514,-9.206491810612818
1859,256.10667497371514,-7.308002058214981
1860,256.10667497371514,-9.136372466000097
1861,256.10667497371514,-11.092021875547317
1862,256.10667497371514,-8.737937301626545
1863,256.10667497371514,-8.570891473347672
1864,256.10667497371514,-8.34863436834354
1865,256.10667497371514,-9.451824805479092
1866,256.10667497371514,-6.028395397368655
1867,256.10667497371514,-12.398067869064114
1868,256.10667497371514,-12.632576340137106
1869,256.10667497371514,-10.878794552091264
1870,256.10667497371514,-9.297756604116785
1871,256.10667497371514,-6.356867544555882
1872,256.10667497371514,-8.50174916080262
1873,256.10667497371514,-10.803574227256945
1874,256.10667497371514,-9.088207683957563
1875,256.10667497371514,-7.578502228685011
1876,256.10667497371514,-8.630543916077954
1877,256.1066749737152,-9.157774499811419
1878,256.10667497371514,-6.655553459628884
1879,256.10667497371514,-9.625506132223677
1880,256.10667497371514,-8.571995692859701
1881,256.10667497371514,-8.7751864207061
1882,256.10667497371514,-13.106932343117705
1883,256.10667497371514,-9.697451849030106
1884,256.10667497371514,-8.659604291299019
1885,256.10667497371514,-11.910995647563668
1886,256.10667497371514,-8.602693541897182
1887,256.10667497371514,-10.123580288991917
1888,256.10667497371514,-7.429898350815215
1889,256.10667497371514,-11.502980576557292
1890,256.10667497371514,-6.301247973029945
1891,256.10667497371514,-9.585025651777585
1892,256.10667497371514,-7.680862234931347
1893,256.10667497371514,-10.31195501204678
1894,256.10667497371514,-8.247964301547611
1895,256.10667497371514,-10.145054912597274
1896,256.10667497371514,-10.411456031717194
1897,256.10667497371514,-8.46251321268386
1898,256.10667497371514,-9.57618257340161
1899,256.10667497371514,-7.91766777447252
1900,256.10667497371514,-8.821387792887123
1901,256.10667497371514,-9.69245068938693
1902,256.10667497371514,-9.850735799891366
1903,256.10667497371514,-5.597146805098532
1904,256.10667497371514,-10.596722983230768
1905,256.10667497371514,-7.412290866597658
1906,256.10667497371514,-6.5071395212312915
1907,256.10667497371514,-14.16902084733374
1908,256.10667497371514,-14.286495359573022
1909,256.10667497371514,-10.357186671307318
1910,256.10667497371514,-11.02732145979985
1911,256.10667497371514,-9.75292117647765
1912,256.10667497371514,-9.338127678053553
1913,256.10667497371514,-10.342137238779571
1914,256.10667497371514,-14.788955479724166
1915,256.10667497371514,-8.483971810754412
1916,256.10667497371514,-10.956547382919211
1917,256.10667497371514,-11.082072444850127
1918,256.10667497371514,-9.438849477475102
1919,256.10667497371514,-9.411707670902047
1920,256.10667497371514,-8.349745288498662
1921,256.10667497371514,-7.44981877749683
1922,256.10667497371514,-11.380718969247084
1923,256.10667497371514,-11.245008593741574
1924,256.10667497371514,-6.289643845899292
1925,256.10667497371514,-8.713075493051775
1926,256.10667497371514,-8.711457527950614
1927,256.10667497371514,-8.983440869250188
1928,256.10667497371514,-11.319701684917703
1929,256.10667497371514,-13.796474409212124
1930,256.10667497371514,-9.128190911030284
1931,256.10667497371514,-7.3538763637627085
1932,256.10667497371514,-8.553188372338838
1933,256.10667497371514,-12.860665066094526
1934,256.10667497371514,-8.520569434603232
1935,256.10667497371514,-11.419213774343959
1936,256.10667497371514,-11.891674759455356
1937,256.10667497371514,-8.558240766032952
1938,256.10667497371514,-9.415149107190615
1939,256.10667497371514,-13.285163908329409
1940,256.10667497371514,-9.473461327690707
1941,256.10667497371514,-12.66319876967998
1942,256.10667497371514,-11.48672063776118
1943,256.10667497371514,-7.387813801092918
1944,256.10667497371514,-13.528955777249955
1945,256.10667497371514,-9.308112000006304
1946,256.10667497371514,-12.532950488662678
1947,256.10667497371514,-9.288098983597692
1948,256.10667497371514,-10.048230839583013
1949,256.10667497371514,-8.523032533744015
1950,256.10667497371514,-8.405958397454697
1951,256.10667497371514,-8.781664076973996
1952,256.10667497371514,-10.28072768198436
1953,256.10667497371514,-9.814438425634277
1954,256.10667497371514,-9.270112394557273
1955,256.10667497371514,-7.369041104386753
1956,256.10667497371514,-8.080259675862578
1957,256.10667497371514,-9.805741384142351
1958,256.10667497371514,-8.985330099081182
1959,256.10667497371514,-8.841307019860523
1960,256.10667497371514,-10.637603620415831
1961,256.10667497371514,-8.499694057753203
1962,256.10667497371514,-8.056066773137132
1963,256.10667497371514,-8.018883133617258
1964,256.10667497371514,-7.602031754334348
1965,256.10667497371514,-9.446244893382143
1966,256.10667497371514,-6.342556274496616
1967,256.10667497371514,-7.784668969788541
1968,256.10667497371514,-8.058984635169598
1969,256.10667497371514,-9.980914091360876
1970,256.10667497371514,-8.292283995179957
1971,256.10667497371514,-9.413725930362617
1972,256.10667497371514,-14.245037671292142
1973,256.10667497371514,-9.411190264407537
1974,256.10667497371514,-8.023883362502687
1975,256.10667497371514,-9.120328641760608
1976,256.10667497371514,-7.662362688766109
1977,256.10667497371514,-9.303462164389941
1978,256.10667497371514,-8.081990610909614
1979,256.10667497371514,-11.757927145243698
1980,256.10667497371514,-13.230840458565421
1981,256.10667497371514,-8.86658875937195
1982,256.10667497371514,-13.506069819137622
1983,256.10667497371514,-8.034081239511394
1984,256.10667497371514,-8.828530244832905
1985,256.10667497371514,-10.082579716951244
1986,256.10667497371514,-7.380601023599709
1987,256.10667497371514,-7.349870060893778
1988,256.10667497371514,-9.325586016536079
1989,256.10667497371514,-7.267842602546892
1990,256.10667497371514,-7.435186191188393
1991,256.10667497371514,-8.126737479182026
1992,256.10667497371514,-7.114675414990144
1993,256.10667497371514,-8.360640443809213
1994,256.10667497371514,-9.807230497075704
1995,256.10667497371514,-7.67598392424334
1996,256.10667497371514,-8.50230701721955
1997,256.10667497371514,-9.409610469647024
1998,256.10667497371514,-8.87506099160214
1999,256.10667497371514,-13.954498448874535
2000,256.10667497371514,-10.719089993347694
2001,256.10667497371514,-9.97560446648042
2002,256.10667497371514,-10.833702639933634
2003,256.10667497371514,-8.552543322437067
2004,256.10667497371514,-8.623558202552772
2005,256.10667497371514,-9.130619159757202
2006,256.10667497371514,-7.907334636169395
2007,256.10667497371514,-10.049535115009633
2008,256.10667497371514,-7.579440510213402
2009,256.10667497371514,-8.143775467488837
2010,256.10667497371514,-5.721136551972066
2011,256.10667497371514,-7.3372359575410115
2012,256.10667497371514,-10.471150684570816
2013,256.10667497371514,-9.004968621731592
2014,256.10667497371514,-10.458733533489745
2015,256.10667497371514,-8.00927456944433
2016,256.10667497371514,-9.60722307509129
2017,256.10667497371514,-11.625095534619334
2018,256.10667497371514,-9.308756720927
2019,256.10667497371514,-6.844005024740426
2020,256.10667497371514,-8.678704897367979
2021,256.10667497371514,-8.053321657567494
2022,256.10667497371514,-7.494654082741732
2023,256.1066749737152,-8.48209871148488
2024,256.10667497371514,-8.408560764970076
2025,256.10667497371514,-9.567461730042595
2026,256.10667497371514,-10.321583862339537
2027,256.10667497371514,-8.147718507551133
2028,256.10667497371514,-7.927596539852679
2029,256.10667497371514,-9.928166006746423
2030,256.10667497371514,-7.535618304322838
2031,256.10667497371514,-7.509341135588926
2032,256.10667497371514,-7.845763672188127
2033,256.10667497371514,-8.559106127654871
2034,256.10667497371514,-9.79596147772449
2035,256.10667497371514,-10.524524124878795
2036,256.10667497371514,-8.67211829976668
2037,256.10667497371514,-9.399330611049066
2038,256.10667497371514,-10.004181640292089
2039,256.10667497371514,-10.189325167747512
2040,256.10667497371514,-7.235607980758516
2041,256.10667497371514,-12.8771802851806
2042,256.10667497371514,-11.916806632307882
2043,256.10667497371514,-8.641073541587545
2044,256.10667497371514,-8.528687421738795
2045,256.10667497371514,-9.859041734885537
2046,256.10667497371514,-8.187430522430446
2047,256.10667497371514,-10.095827388241844
2048,256.10667497371514,-10.170436366787499
2049,256.10667497371514,-8.169954502673178
2050,256.10667497371514,-8.410185368475595
2051,256.1066749737152,-10.578196212662881
2052,256.10667497371514,-11.627293083295285
2053,256.10667497371514,-8.901064520808276
2054,256.10667497371514,-8.417887610216624
2055,256.10667497371514,-8.727023077650369
2056,256.10667497371514,-8.64843382732466
2057,256.10667497371514,-11.420229949046359
2058,256.10667497371514,-9.076965330451868
2059,256.10667497371514,-9.788699289409038
2060,256.10667497371514,-7.062760244634774
2061,256.10667497371514,-11.670567858827848
2062,256.10667497371514,-8.291243223485893
2063,256.10667497371514,-13.855807163425268
2064,256.10667497371514,-9.579934687214774
2065,256.10667497371514,-14.196222131484063
2066,256.10667497371514,-8.328892237892319
2067,256.10667497371514,-9.572642879137561
2068,256.10667497371514,-7.48519764135434
2069,256.10667497371514,-10.848475174170545
2070,256.10667497371514,-9.52465080925603
2071,256.10667497371514,-7.644646893489597
2072,256.10667497371514,-6.60336854945816
2073,256.10667497371514,-12.285250710592024
2074,256.10667497371514,-12.866092099208345
2075,256.10667497371514,-10.141938152678456
2076,256.10667497371514,-11.650980885289329
2077,256.10667497371514,-7.321574744229821
2078,256.10667497371514,-12.468802852412182
2079,256.10667497371514,-7.495387962248799
2080,256.10667497371514,-7.741125823291128
2081,256.10667497371514,-9.568193796089481
2082,256.10667497371514,-6.3726040890911975
2083,256.10667497371514,-9.169850620335666
2084,256.10667497371514,-7.8937291022618865
2085,256.10667497371514,-7.785618161951611
2086,256.10667497371514,-9.27200338382761
2087,256.10667497371514,-9.434968385078747
2088,256.10667497371514,-7.9810546086932845
2089,256.10667497371514,-14.235180353684182
2090,256.10667497371514,-10.677830383216389
2091,256.10667497371514,-8.319763011189679
2092,256.10667497371514,-8.461036099855733
2093,256.10667497371514,-7.515531884306376
2094,256.10667497371514,-8.991159904408976
2095,256.10667497371514,-9.910179980519302
2096,256.10667497371514,-9.271669800426032
2097,256.10667497371514,-6.60708655169055
2098,256.10667497371514,-8.397732409959005
2099,256.10667497371514,-7.671010804846247
2100,256.10667497371514,-8.373126191376059
2101,256.10667497371514,-7.457586783345867
2102,256.10667497371514,-14.149908400168215
2103,256.10667497371514,-9.088348531873976
2104,256.10667497371514,-8.580142224362561
2105,256.10667497371514,-7.386792896909825
2106,256.10667497371514,-14.630310355526774
2107,256.10667497371514,-7.679822222976753
2108,256.10667497371514,-10.206833057908554
2109,256.10667497371514,-6.529664861695167
2110,256.10667497371514,-10.064711528997947
2111,256.10667497371514,-10.108092253087804
2112,256.10667497371514,-9.811647273407402
2113,256.10667497371514,-11.016841621497917
2114,256.10667497371514,-8.662166054630376
2115,256.10667497371514,-12.495985954042055
2116,256.10667497371514,-6.888850053803196
2117,256.10667497371514,-9.36628029188384
2118,256.10667497371514,-7.407030008611173
2119,256.10667497371514,-6.978837131329674
2120,256.10667497371514,-10.79449586492644
2121,256.10667497371514,-8.2760531220448
2122,256.10667497371514,-12.877271890168789
2123,256.10667497371514,-8.259846833341726
2124,256.10667497371514,-11.474387581162148
2125,256.10667497371514,-9.888132997632084
2126,256.10667497371514,-8.805229861648797
2127,256.10667497371514,-7.61995248138399
2128,256.10667497371514,-6.566010252992463
2129,256.10667497371514,-8.547510919690012
2130,256.10667497371514,-7.331758906103815
2131,256.10667497371514,-13.505227274484113
2132,256.10667497371514,-9.873985833832535
2133,256.10667497371514,-6.873685778454146
2134,256.10667497371514,-7.6684802950687185
2135,256.10667497371514,-10.49743453049102
2136,256.10667497371514,-10.144078924718471
2137,256.10667497371514,-8.482640419547845
2138,256.10667497371514,-8.428848087569179
2139,256.10667497371514,-11.173183792588077
2140,256.10667497371514,-7.654276757242556
2141,256.10667497371514,-7.7689873208743165
2142,256.10667497371514,-8.61726904541419
2143,256.10667497371514,-15.075397017192671
2144,256.10667497371514,-15.518175775892416
2145,256.10667497371514,-9.800401510027175
2146,256.10667497371514,-7.599282452205028
2147,256.10667497371514,-7.858449394999866
2148,256.10667497371514,-11.20205396683361
2149,256.10667497371514,-7.546402258814453
2150,256.10667497371514,-10.652250596363073
2151,256.10667497371514,-8.485377259742563
2152,256.10667497371514,-9.742018908431902
2153,256.10667497371514,-8.379731035265486
2154,256.10667497371514,-9.094683386793491
2155,256.10667497371514,-9.8430920172964
2156,256.10667497371514,-8.549992394511833
2157,256.10667497371514,-10.146594102611203
2158,256.10667497371514,-5.955185119811432
2159,256.10667497371514,-7.63214255152166
2160,256.10667497371514,-9.418209783757213
2161,256.10667497371514,-8.493233128723261
2162,256.10667497371514,-10.531099410222424
2163,256.10667497371514,-9.758160052360466
2164,256.10667497371514,-12.538899621900185
2165,256.10667497371514,-8.623064644608746
2166,256.10667497371514,-9.076106555290679
2167,256.10667497371514,-11.012672339952871
2168,256.10667497371514,-9.65183867507568
2169,256.10667497371514,-10.861260613274524
2170,256.10667497371514,-6.521900833111772
2171,256.10667497371514,-10.30389338035744
2172,256.10667497371514,-7.337190952438021
2173,256.10667497371514,-8.647470655336946
2174,256.10667497371514,-8.620660674796682
2175,256.1066749737152,-7.388964646371278
2176,256.10667497371514,-10.973482647032156
2177,256.10667497371514,-7.850052020133603
2178,256.10667497371514,-10.926752282402987
2179,256.10667497371514,-7.032516262125029
2180,256.10667497371514,-11.563610116435314
2181,256.10667497371514,-11.136988861270481
2182,256.10667497371514,-12.627725311826993
2183,256.10667497371514,-8.549696990189275
2184,256.10667497371514,-12.468325258076803
2185,256.10667497371514,-8.26245922220771
2186,256.10667497371514,-8.744447574490565
2187,256.10667497371514,-9.57710404297515
2188,256.10667497371514,-15.080177750886094
2189,256.10667497371514,-8.42344707615792
2190,256.10667497371514,-8.68620868517462
2191,256.10667497371514,-11.80361694968507
2192,256.10667497371514,-9.93848105704393
2193,256.10667497371514,-8.132780111981557
2194,256.10667497371514,-10.343618551205353
2195,256.10667497371514,-7.287117082228349
2196,256.10667497371514,-12.580857923900652
2197,256.10667497371514,-8.425373655188118
2198,256.10667497371514,-9.95145524623797
2199,256.10667497371514,-11.931661550236015
2200,256.10667497371514,-8.405008124718037
2201,256.10667497371514,-10.840416659001875
2202,256.10667497371514,-11.22552789928612
2203,256.10667497371514,-8.62750816445893
2204,256.10667497371514,-8.120422565450735
2205,256.10667497371514,-10.48237050930382
2206,256.10667497371514,-7.577162774615189
2207,256.10667497371514,-9.840815444740159
2208,256.10667497371514,-10.344467814037557
2209,256.10667497371514,-8.566451453886614
2210,256.10667497371514,-14.386461472027321
2211,256.10667497371514,-12.209564990164893
2212,256.10667497371514,-10.649059575521562
2213,256.10667497371514,-9.160189120265244
2214,256.10667497371514,-9.709969438583073
2215,256.10667497371514,-8.514524710541593
2216,256.10667497371514,-7.533851889613743
2217,256.10667497371514,-7.573372712781146
2218,256.10667497371514,-11.67872563784161
2219,256.10667497371514,-13.242944723799376
2220,256.10667497371514,-10.374556088667305
2221,256.10667497371514,-9.330130668793743
2222,256.10667497371514,-7.362448779105705
2223,256.10667497371514,-11.66670327317695
2224,256.10667497371514,-10.763720647663291
2225,256.10667497371514,-8.736485771729178
2226,256.10667497371514,-7.607211630382039
2227,256.10667497371514,-11.478923960158312
2228,256.10667497371514,-7.796255290839227
2229,256.10667497371514,-10.008627318435117
2230,256.10667497371514,-11.897866444606791
2231,256.10667497371514,-8.993991973618193
2232,256.10667497371514,-7.761951735326448
2233,256.10667497371514,-8.663719333784883
2234,256.10667497371514,-7.655749995308582
2235,256.10667497371514,-8.988308792892383
2236,256.10667497371514,-10.00320902186968
2237,256.10667497371514,-9.874993555694974
2238,256.10667497371514,-10.069197482148581
2239,256.10667497371514,-8.66733910865776
2240,256.10667497371514,-12.263970533929836
2241,256.10667497371514,-11.710887360829645
2242,256.10667497371514,-11.465313746424428
2243,256.10667497371514,-9.503468485224602
2244,256.10667497371514,-11.68367005384674
2245,256.10667497371514,-9.344860494623617
2246,256.10667497371514,-12.33372952848174
2247,256.10667497371514,-11.225957529165214
2248,256.10667497371514,-11.979967657681783
2249,256.10667497371514,-11.964838181529728
2250,256.10667497371514,-8.657665453628482
2251,256.10667497371514,-8.580213607960644
2252,256.10667497371514,-7.404419642346767
2253,256.10667497371514,-12.00889455100181
2254,256.10667497371514,-11.054394879322729
2255,256.10667497371514,-11.834770171193256
2256,256.10667497371514,-9.509448666451448
2257,256.10667497371514,-11.056034147125075
2258,256.10667497371514,-9.95529699178735
2259,256.10667497371514,-9.546724850348497
2260,256.10667497371514,-9.54221928058216
2261,256.10667497371514,-8.815625982879794
2262,256.10667497371514,-7.57406443084605
2263,256.10667497371514,-10.92679810498636
2264,256.10667497371514,-7.904280450056405
2265,256.10667497371514,-9.15321000748898
2266,256.10667497371514,-9.612691795606509
2267,256.10667497371514,-10.507619089101752
2268,256.10667497371514,-10.533275234225286
2269,256.10667497371514,-8.374589385420165
2270,256.10667497371514,-9.261262583805866
2271,256.10667497371514,-7.3310814300076
2272,256.10667497371514,-14.202229336007903
2273,256.10667497371514,-8.069672925258828
2274,256.10667497371514,-14.16212379419781
2275,256.10667497371514,-19.144402956676856
2276,256.10667497371514,-9.371639451267555
2277,256.10667497371514,-7.928415463354843
2278,256.10667497371514,-11.307526866888225
2279,256.10667497371514,-11.571913974977733
2280,256.10667497371514,-8.785814804269165
2281,256.10667497371514,-7.989079249353139
2282,256.10667497371514,-8.3401664949631
2283,256.10667497371514,-8.738101776806502
2284,256.10667497371514,-8.524528479834828
2285,256.10667497371514,-10.657931638499804
2286,256.10667497371514,-8.376219885043838
2287,256.10667497371514,-9.959526135950071
2288,256.10667497371514,-7.361034243013357
2289,256.10667497371514,-6.5121096494255255
2290,256.10667497371514,-8.17136597434353
2291,256.10667497371514,-7.901780111224383
2292,256.10667497371514,-10.742647563299286
2293,256.10667497371514,-7.829385698270599
2294,256.10667497371514,-7.362884288367582
2295,256.10667497371514,-8.732069801219504
2296,256.10667497371514,-11.575287540401376
2297,256.10667497371514,-7.997559660944347
2298,256.10667497371514,-5.405408659082044
2299,256.10667497371514,-12.312279102283654
2300,256.10667497371514,-7.551141715167887
2301,256.10667497371514,-18.126890131861586
2302,256.10667497371514,-9.576961282254672
2303,256.10667497371514,-9.554914762050316
2304,256.10667497371514,-9.430011023475465
2305,256.10667497371514,-8.613435734331006
2306,256.10667497371514,-17.13254306691457
2307,256.10667497371514,-9.71460546197214
2308,256.10667497371514,-9.722668621771732
2309,256.10667497371514,-9.757961220396055
2310,256.10667497371514,-12.206360836917327
2311,256.10667497371514,-9.421687960405308
2312,256.10667497371514,-9.717964207352424
2313,256.10667497371514,-8.687668993020331
2314,256.10667497371514,-10.564140485792308
2315,256.10667497371514,-9.670104629805365
2316,256.10667497371514,-7.853281071358509
2317,256.10667497371514,-9.45111452847405
2318,256.10667497371514,-10.334638542917247
2319,256.10667497371514,-8.427543678183042
2320,256.10667497371514,-11.566690771548423
2321,256.10667497371514,-11.632910205604517
2322,256.10667497371514,-8.69944322836298
2323,256.10667497371514,-8.569344384729106
2324,256.10667497371514,-8.510300355179226
2325,256.10667497371514,-8.422029296611868
2326,256.10667497371514,-9.919043349184989
2327,256.10667497371514,-8.893161404722743
2328,256.10667497371514,-6.52396249145616
2329,256.10667497371514,-10.392865528665112
2330,256.10667497371514,-10.62330235097221
2331,256.10667497371514,-8.334458339992043
2332,256.10667497371514,-7.481733359023039
2333,256.10667497371514,-8.393906828383834
2334,256.10667497371514,-10.448301968171265
2335,256.10667497371514,-10.595468145347144
2336,256.10667497371514,-10.98066244680632
2337,256.10667497371514,-13.558105928791989
2338,256.10667497371514,-7.423586795256675
2339,256.10667497371514,-7.5704497980065355
2340,256.10667497371514,-7.612598191298115
2341,256.10667497371514,-6.402311217066114
2342,256.10667497371514,-9.300887037109618
2343,256.10667497371514,-8.278576418256648
2344,256.10667497371514,-6.8219492879837205
2345,256.10667497371514,-7.03177492826342
2346,256.10667497371514,-10.254954724766662
2347,256.10667497371514,-9.452696398285667
2348,256.10667497371514,-7.545273917417008
2349,256.10667497371514,-9.572442496992082
2350,256.10667497371514,-10.671027722052045
2351,256.10667497371514,-7.211881522335844
2352,256.10667497371514,-7.768977785832959
2353,256.10667497371514,-7.483071101002075
2354,256.10667497371514,-13.865665268163934
2355,256.10667497371514,-8.735689361440706
2356,256.10667497371514,-8.92741116981339
2357,256.10667497371514,-6.813590773236854
2358,256.10667497371514,-9.64098560729326
2359,256.10667497371514,-8.52220788334732
2360,256.10667497371514,-11.62575963257936
2361,256.10667497371514,-11.712896745088841
2362,256.10667497371514,-9.103746210330527
2363,256.10667497371514,-9.71265764816857
2364,256.10667497371514,-9.119782535316517
2365,256.10667497371514,-9.759100655356235
2366,256.10667497371514,-9.682430407455339
2367,256.10667497371514,-10.756717087574657
2368,256.10667497371514,-7.59751562254317
2369,256.10667497371514,-9.94460765205551
2370,256.10667497371514,-10.121662776725373
2371,256.10667497371514,-10.974125231530564
2372,256.10667497371514,-11.955476369783497
2373,256.10667497371514,-11.866524463933985
2374,256.10667497371514,-11.309485340209658
2375,256.10667497371514,-11.109749136898927
2376,256.10667497371514,-6.490528261594619
2377,256.10667497371514,-11.00925560300766
2378,256.10667497371514,-9.398324835848086
2379,256.10667497371514,-8.491283858379319
2380,256.10667497371514,-10.93778878989266
2381,256.10667497371514,-6.631446770713495
2382,256.10667497371514,-11.667504566487992
2383,256.10667497371514,-9.476339998127344
2384,256.10667497371514,-9.763137068254167
2385,256.10667497371514,-10.114935340265092
2386,256.10667497371514,-7.282654929465923
2387,256.10667497371514,-8.463229436379038
2388,256.10667497371514,-15.698685064173521
2389,256.10667497371514,-10.655095673399629
2390,256.10667497371514,-7.569903391770822
2391,256.10667497371514,-11.932866924780882
2392,256.10667497371514,-10.87247113397055
2393,256.10667497371514,-6.9232861554466325
2394,256.10667497371514,-10.129590139416734
2395,256.10667497371514,-11.74278090833144
2396,256.10667497371514,-11.548765775492441
2397,256.10667497371514,-12.58521495691636
2398,256.10667497371514,-9.677715062217587
2399,256.10667497371514,-7.63006537437856
2400,256.10667497371514,-11.751692345334362
2401,256.10667497371514,-12.978524908514316
2402,256.10667497371514,-11.131380009428542
2403,256.10667497371514,-12.080280776334746
2404,256.10667497371514,-8.101367779128651
2405,256.10667497371514,-8.512307655072988
2406,256.10667497371514,-8.813606713596734
2407,256.10667497371514,-7.952930727362713
2408,256.10667497371514,-8.989455748886627
2409,256.10667497371514,-8.365201207760663
2410,256.10667497371514,-7.6131791663492825
2411,256.10667497371514,-7.9034164478403
2412,256.10667497371514,-8.393582939254657
2413,256.10667497371514,-9.563363475967591
2414,256.10667497371514,-7.810059931368869
2415,256.10667497371514,-13.362664056749907
2416,256.10667497371514,-8.727583813186598
2417,256.10667497371514,-9.135738670295638
2418,256.10667497371514,-6.194305454865429
2419,256.10667497371514,-7.621800370530906
2420,256.10667497371514,-7.479387591480645
2421,256.1066749737152,-7.673421925006338
2422,256.10667497371514,-9.043057190971695
2423,256.10667497371514,-12.029626207228707
2424,256.10667497371514,-6.3443826271359285
2425,256.10667497371514,-12.87644123570098
2426,256.10667497371514,-13.063913121589849
2427,256.10667497371514,-7.918641983592529
2428,256.10667497371514,-8.349260791421841
2429,256.10667497371514,-8.171561559859725
2430,256.10667497371514,-11.110315571001347
2431,256.10667497371514,-9.619429798132586
2432,256.10667497371514,-7.903832354807406
2433,256.10667497371514,-10.676835651145495
2434,256.10667497371514,-11.625663963908991
2435,256.10667497371514,-14.153041088183553
2436,256.10667497371514,-8.507985830925222
2437,256.10667497371514,-6.730020890194112
2438,256.10667497371514,-9.592873778776235
2439,256.10667497371514,-12.13610011981418
2440,256.10667497371514,-7.4845808772456905
2441,256.10667497371514,-13.622155184060219
2442,256.10667497371514,-8.434240303184879
2443,256.10667497371514,-7.487044019543873
2444,256.10667497371514,-15.293108877396925
2445,256.10667497371514,-15.110024549476535
2446,256.10667497371514,-9.02567906344072
2447,256.10667497371514,-7.63775505412281
2448,256.10667497371514,-9.697971101323532
2449,256.10667497371514,-8.726711781213794
2450,256.10667497371514,-8.566043637416954
2451,256.10667497371514,-6.646848301274673
2452,256.10667497371514,-10.52249101922223
2453,256.10667497371514,-12.720567200856834
2454,256.10667497371514,-11.406809698292768
2455,256.10667497371514,-9.751871254654304
2456,256.10667497371514,-11.966689889173807
2457,256.10667497371514,-8.811845655631974
2458,256.10667497371514,-11.732963610896718
2459,256.10667497371514,-9.585266195986378
2460,256.10667497371514,-11.737839188551021
2461,256.10667497371514,-9.360216861934475
2462,256.10667497371514,-11.173270410761035
2463,256.10667497371514,-9.412107197460926
2464,256.10667497371514,-9.818377357263245
2465,256.10667497371514,-14.02675889127309
2466,256.10667497371514,-7.2858353550219235
2467,256.10667497371514,-10.476867685444425
2468,256.10667497371514,-13.252548792820654
2469,256.10667497371514,-9.971216800501338
2470,256.10667497371514,-7.170933177945614
2471,256.10667497371514,-17.245782736408515
2472,256.10667497371514,-8.494084023573436
2473,256.10667497371514,-7.041852477431377
2474,256.10667497371514,-9.39592994493917
2475,256.10667497371514,-8.86873821411396
2476,256.10667497371514,-7.22958683182577
2477,256.10667497371514,-13.575148265663103
2478,256.1066749737152,-12.112515352913277
2479,256.10667497371514,-7.776772936369213
2480,256.10667497371514,-10.518941588559738
2481,256.10667497371514,-7.441438638170453
2482,256.10667497371514,-7.845337469171255
2483,256.10667497371514,-8.582261693122206
2484,256.10667497371514,-7.566106696360734
2485,256.10667497371514,-13.713958531440483
2486,256.10667497371514,-18.15783630408896
2487,256.10667497371514,-10.889418621144756
2488,256.1066749737152,-7.8368773257137265
2489,256.10667497371514,-8.46575225681616
2490,256.10667497371514,-7.155591143204674
2491,256.10667497371514,-10.374448674307729
2492,256.10667497371514,-9.854212045963777
2493,256.10667497371514,-14.976758571930048
2494,256.10667497371514,-8.493458504794717
2495,256.10667497371514,-6.516572462548993
2496,256.10667497371514,-15.18944956779205
2497,256.10667497371514,-6.624058957346875
2498,256.10667497371514,-13.067587829618901
2499,256.10667497371514,-9.419343501358895
2500,256.10667497371514,-14.362032990469933
2501,256.10667497371514,-9.09288993944719
2502,256.10667497371514,-9.94593968058522
2503,256.10667497371514,-11.114056664929674
2504,256.10667497371514,-6.559244114006127
2505,256.10667497371514,-9.264060787096497
2506,256.10667497371514,-8.116764332569002
2507,256.10667497371514,-8.73851373079708
2508,256.10667497371514,-8.423137548869136
2509,256.10667497371514,-8.521580617016014
2510,256.10667497371514,-13.059474701227344
2511,256.10667497371514,-7.765034629440976
2512,256.10667497371514,-6.334787737092768
2513,256.10667497371514,-7.407636036377049
2514,256.10667497371514,-12.52264468168579
2515,256.10667497371514,-12.02326455727112
2516,256.10667497371514,-9.275776738476765
2517,256.10667497371514,-9.544341135184112
2518,256.10667497371514,-9.103514033322135
2519,256.10667497371514,-9.254599274236108
2520,256.10667497371514,-6.383026729562893
2521,256.10667497371514,-12.28792222749145
2522,256.10667497371514,-8.312196769933507
2523,256.10667497371514,-8.778989492873038
2524,256.10667497371514,-11.951950399702952
2525,256.10667497371514,-11.718649893871032
2526,256.10667497371514,-6.6546224376604926
2527,256.10667497371514,-9.838609052256771
2528,256.10667497371514,-9.515913857678967
2529,256.10667497371514,-9.45159758109007
2530,256.10667497371514,-8.4219010766611
2531,256.10667497371514,-9.088858384907525
2532,256.10667497371514,-7.227553091381985
2533,256.10667497371514,-10.792041226617755
2534,256.10667497371514,-9.86664425729714
2535,256.10667497371514,-11.203518037825859
2536,256.10667497371514,-15.77107212265955
2537,256.10667497371514,-11.166648375622568
2538,256.10667497371514,-7.5170188625056085
2539,256.10667497371514,-8.241707112652307
2540,256.10667497371514,-7.30928359962067
2541,256.10667497371514,-8.062364124483985
2542,256.10667497371514,-12.58212137767088
2543,256.10667497371514,-7.549973295166659
2544,256.10667497371514,-8.359066684205274
2545,256.10667497371514,-8.394570433328113
2546,256.10667497371514,-10.876491103165677
2547,256.10667497371514,-9.840311481158295
2548,256.10667497371514,-9.137788839390765
2549,256.10667497371514,-7.590488213749666
2550,256.10667497371514,-6.976666600802673
2551,256.10667497371514,-9.360046510784201
2552,256.10667497371514,-8.541026311288036
2553,256.10667497371514,-10.656246429707167
2554,256.10667497371514,-11.313486056332934
2555,256.10667497371514,-9.325058475566607
2556,256.10667497371514,-12.397202218461404
2557,256.10667497371514,-15.348261696928972
2558,256.10667497371514,-9.581121241667404
2559,256.10667497371514,-10.075139040171592
2560,256.10667497371514,-8.92340343491017
2561,256.10667497371514,-8.377447751505173
2562,256.10667497371514,-8.379276956083089
2563,256.1066749737152,-9.986390546758969
2564,256.10667497371514,-7.520916297831576
2565,256.10667497371514,-8.574773631847819
2566,256.10667497371514,-8.240505237592814
2567,256.10667497371514,-9.482560323042817
2568,256.10667497371514,-9.52198363920445
2569,256.10667497371514,-10.47910192221164
2570,256.10667497371514,-7.9228904478938205
2571,256.10667497371514,-7.88104730708767
2572,256.10667497371514,-9.241943589049868
2573,256.10667497371514,-8.56427888591972
2574,256.10667497371514,-7.750901692698548
2575,256.10667497371514,-6.151136513508874
2576,256.10667497371514,-9.193558643144886
2577,256.10667497371514,-9.15466128100158
2578,256.10667497371514,-8.036999581819188
2579,256.10667497371514,-8.050068126192372
2580,256.10667497371514,-8.343056918114371
2581,256.10667497371514,-8.552018533340402
2582,256.10667497371514,-10.678456040601844
2583,256.10667497371514,-8.58951551480098
2584,256.10667497371514,-6.868711728767153
2585,256.10667497371514,-9.533216400527323
2586,256.10667497371514,-8.52105014536566
2587,256.10667497371514,-8.447597153627001
2588,256.10667497371514,-8.902126309947008
2589,256.10667497371514,-8.470521854521678
2590,256.10667497371514,-12.333365980952834
2591,256.10667497371514,-8.819111965210823
2592,256.10667497371514,-12.442888939831157
2593,256.10667497371514,-12.66099359825094
2594,256.10667497371514,-7.249858068143027
2595,256.10667497371514,-13.896207290139472
2596,256.10667497371514,-7.588762406038597
2597,256.10667497371514,-7.7103203419382424
2598,256.10667497371514,-8.555813997355813
2599,256.1066749737152,-9.484692740541746
2600,256.10667497371514,-6.411611827630535
2601,256.10667497371514,-8.372449932217904
2602,256.10667497371514,-9.736724208176454
2603,256.10667497371514,-10.359049652607249
2604,256.10667497371514,-11.362342258037756
2605,256.10667497371514,-13.122599878118734
2606,256.10667497371514,-12.043617461613394
2607,256.10667497371514,-6.736283625601686
2608,256.10667497371514,-8.14325074283218
2609,256.10667497371514,-9.9386181082495
2610,256.10667497371514,-8.286314429390359
2611,256.10667497371514,-8.633985177959573
2612,256.10667497371514,-12.495956114228903
2613,256.10667497371514,-8.346689631951108
2614,256.10667497371514,-14.466292666621186
2615,256.10667497371514,-8.704132108412342
2616,256.10667497371514,-8.591235447810135
2617,256.10667497371514,-9.634184475938502
2618,256.10667497371514,-7.389418355161212
2619,256.10667497371514,-8.806291784829256
2620,256.10667497371514,-8.56851110019429
2621,256.10667497371514,-7.326684121036408
2622,256.10667497371514,-8.270381015109507
2623,256.10667497371514,-8.571591053213274
2624,256.10667497371514,-9.146065277800545
2625,256.10667497371514,-7.734225812591603
2626,256.10667497371514,-8.79381887198059
2627,256.10667497371514,-11.75496728296136
2628,256.10667497371514,-8.649873207010998
2629,256.10667497371514,-9.631083306898105
2630,256.10667497371514,-9.870065691217775
2631,256.10667497371514,-11.70890463794678
2632,256.10667497371514,-9.202537740800238
2633,256.1066749737152,-8.31706926846752
2634,256.10667497371514,-13.052421538871116
2635,256.10667497371514,-7.646153582560203
2636,256.10667497371514,-8.45376164660119
2637,256.10667497371514,-8.96285746707278
2638,256.10667497371514,-11.465528199239913
2639,256.10667497371514,-8.66849870163989
2640,256.10667497371514,-8.366673042827443
2641,256.10667497371514,-9.56163373332491
2642,256.10667497371514,-9.955090322654812
2643,256.10667497371514,-9.29257593042974
2644,256.10667497371514,-7.438699938364024
2645,256.10667497371514,-7.689324108382152
2646,256.10667497371514,-10.89797752888569
2647,256.10667497371514,-7.549917249163457
2648,256.10667497371514,-9.828700262956858
2649,256.1066749737152,-7.671609656612802
2650,256.10667497371514,-9.57149951035315
2651,256.10667497371514,-13.001708917488088
2652,256.10667497371514,-7.781173033202435
2653,256.10667497371514,-7.978232655387217
2654,256.10667497371514,-8.421467434321727
2655,256.10667497371514,-12.704136867529769
2656,256.10667497371514,-10.854727571579616
2657,256.1066749737152,-7.577540008483595
2658,256.10667497371514,-10.34840024978979
2659,256.10667497371514,-12.14734064666871
2660,256.10667497371514,-8.458146524196437
2661,256.10667497371514,-8.33987456356627
2662,256.10667497371514,-11.336701673092325
2663,256.10667497371514,-9.449094853537957
2664,256.10667497371514,-12.438366559595408
2665,256.10667497371514,-8.672014950177335
2666,256.10667497371514,-9.04034282478456
2667,256.10667497371514,-7.488908825131375
2668,256.10667497371514,-7.548053338726902
2669,256.10667497371514,-8.31325591414651
2670,256.10667497371514,-10.005837923267514
2671,256.10667497371514,-9.835374902582771
2672,256.10667497371514,-6.729944703573381
2673,256.10667497371514,-8.384769638696056
2674,256.10667497371514,-11.792007279810846
2675,256.10667497371514,-13.55826999885636
2676,256.10667497371514,-9.719216534072128
2677,256.10667497371514,-8.209149457779688
2678,256.10667497371514,-7.560533195759682
2679,256.10667497371514,-7.746620704798659
2680,256.10667497371514,-7.9449040550577195
2681,256.10667497371514,-9.166921780808366
2682,256.10667497371514,-10.499693877401882
2683,256.10667497371514,-8.48692938269295
2684,256.10667497371514,-7.115415169361711
2685,256.10667497371514,-16.842386192590894
2686,256.10667497371514,-6.391695036828253
2687,256.10667497371514,-8.657390244068601
2688,256.10667497371514,-10.558437801525649
2689,256.10667497371514,-7.311254279004999
2690,256.10667497371514,-12.483096212185444
2691,256.10667497371514,-8.933771714230794
2692,256.10667497371514,-8.40805395631699
2693,256.10667497371514,-7.865334203715708
2694,256.10667497371514,-7.849939300324593
2695,256.10667497371514,-6.6569979605860965
2696,256.10667497371514,-9.60688591735406
2697,256.10667497371514,-11.186527826673895
2698,256.10667497371514,-8.467984505233431
2699,256.10667497371514,-6.345011822678117
2700,256.10667497371514,-6.587250739003068
2701,256.10667497371514,-9.019712403045267
2702,256.10667497371514,-18.218997516482403
2703,256.10667497371514,-8.64546650850528
2704,256.10667497371514,-11.001860126302518
2705,256.10667497371514,-10.03452954809677
2706,256.10667497371514,-8.380786759820422
2707,256.10667497371514,-6.76243376703529
2708,256.10667497371514,-13.988712279995156
2709,256.10667497371514,-6.744103953969841
2710,256.10667497371514,-10.658146426947809
2711,256.10667497371514,-8.83427845978905
2712,256.10667497371514,-12.388028465519668
2713,256.10667497371514,-13.412525282887117
2714,256.10667497371514,-12.518118119386287
2715,256.10667497371514,-7.381612327975915
2716,256.10667497371514,-6.661058632841048
2717,256.10667497371514,-9.418884821019617
2718,256.10667497371514,-10.931512032883887
2719,256.10667497371514,-6.707057425418668
2720,256.10667497371514,-8.599741337518424
2721,256.10667497371514,-9.638224232516002
2722,256.10667497371514,-6.621447188658067
2723,256.10667497371514,-9.57078611582262
2724,256.10667497371514,-9.779880837796412
2725,256.10667497371514,-10.916777652002764
2726,256.10667497371514,-6.898552972396203
2727,256.10667497371514,-9.351802975765871
2728,256.10667497371514,-12.805986269729999
2729,256.10667497371514,-8.728242913595551
2730,256.10667497371514,-8.769383544133461
2731,256.10667497371514,-7.146402376225126
2732,256.10667497371514,-8.004277991377307
2733,256.10667497371514,-10.96673417732864
2734,256.10667497371514,-11.00988484076278
2735,256.10667497371514,-6.698436500339341
2736,256.10667497371514,-7.67327529612308
2737,256.10667497371514,-6.818146442865526
2738,256.10667497371514,-7.512920589676838
2739,256.10667497371514,-11.118154583386627
2740,256.10667497371514,-9.31208861409496
2741,256.10667497371514,-7.8357607094613115
2742,256.10667497371514,-10.794060682734994
2743,256.10667497371514,-10.955363174067958
2744,256.10667497371514,-7.5052322536048734
2745,256.10667497371514,-10.558457244922366
2746,256.10667497371514,-8.45478701840591
2747,256.10667497371514,-10.946110388584472
2748,256.10667497371514,-11.55116260514535
2749,256.10667497371514,-7.715675147358603
2750,256.10667497371514,-7.4344855113166375
2751,256.10667497371514,-7.2663237940920595
2752,256.10667497371514,-8.003619611063414
2753,256.10667497371514,-8.547325902727522
2754,256.10667497371514,-8.485051501026277
2755,256.10667497371514,-7.489162147817751
2756,256.10667497371514,-9.88232832026597
2757,256.10667497371514,-8.847640898096728
2758,256.10667497371514,-8.33691118719463
2759,256.10667497371514,-7.4872186634784015
2760,256.10667497371514,-7.615625980137267
2761,256.10667497371514,-11.379642041316044
2762,256.10667497371514,-11.742432274245147
2763,256.10667497371514,-8.399833148931876
2764,256.10667497371514,-13.435414777294673
2765,256.1066749737152,-11.78620824484426
2766,256.10667497371514,-8.291783779854313
2767,256.10667497371514,-9.976952026145426
2768,256.10667497371514,-18.36406468231027
2769,256.10667497371514,-9.734736416024418
2770,256.10667497371514,-9.111077182947298
2771,256.10667497371514,-8.016688333013533
2772,256.10667497371514,-9.435841027001075
2773,256.10667497371514,-11.31994507149048
2774,256.10667497371514,-7.449604455464815
2775,256.10667497371514,-7.518890102195144
2776,256.10667497371514,-7.785893682176962
2777,256.10667497371514,-10.704009924140166
2778,256.10667497371514,-7.256309560307656
2779,256.10667497371514,-9.507253473522582
2780,256.10667497371514,-8.72847379518916
2781,256.10667497371514,-8.479287177408594
2782,256.1066749737152,-6.154309556992857
2783,256.10667497371514,-9.278724333353324
2784,256.10667497371514,-9.822774328291104
2785,256.10667497371514,-8.861712232133328
2786,256.10667497371514,-6.628232143743201
2787,256.10667497371514,-8.758672356349905
2788,256.10667497371514,-10.24441114396582
2789,256.10667497371514,-11.328562349572877
2790,256.10667497371514,-11.751512729872672
2791,256.10667497371514,-14.583464519505483
2792,256.10667497371514,-11.28206822041658
2793,256.10667497371514,-8.640095435823923
2794,256.10667497371514,-10.680481662908363
2795,256.10667497371514,-9.397144265510406
2796,256.10667497371514,-10.461365984197542
2797,256.10667497371514,-12.068056157363827
2798,256.10667497371514,-14.26134662325397
2799,256.10667497371514,-17.293190764672758
2800,256.10667497371514,-8.533404219599532
2801,256.10667497371514,-8.434020549630532
2802,256.10667497371514,-7.715330985542948
2803,256.10667497371514,-9.356809113868565
2804,256.10667497371514,-7.576507467179447
2805,256.10667497371514,-9.408877246506052
2806,256.10667497371514,-7.474580465827103
2807,256.10667497371514,-10.55422154725639
2808,256.10667497371514,-12.728211076389897
2809,256.10667497371514,-9.541324713178724
2810,256.10667497371514,-6.443029580684623
2811,256.10667497371514,-10.678846187802193
2812,256.1066749737152,-10.107675779209586
2813,256.10667497371514,-8.724971918855019
2814,256.10667497371514,-9.103731481283518
2815,256.10667497371514,-8.60634089094063
2816,256.10667497371514,-9.456544944709549
2817,256.10667497371514,-6.875275501063072
2818,256.10667497371514,-12.41378470283765
2819,256.10667497371514,-11.590049874888251
2820,256.10667497371514,-6.856026594661415
2821,256.10667497371514,-11.99476849259554
2822,256.10667497371514,-11.077057684578826
2823,256.10667497371514,-11.488832213823514
2824,256.10667497371514,-8.225085441779626
2825,256.10667497371514,-9.26776058660181
2826,256.10667497371514,-11.20823873542605
2827,256.10667497371514,-9.939847776064518
2828,256.10667497371514,-8.659604362022492
2829,256.10667497371514,-6.530935562186869
2830,256.10667497371514,-9.76574163270854
2831,256.10667497371514,-11.845884438698079
2832,256.10667497371514,-9.363547353211175
2833,256.10667497371514,-7.999866647462326
2834,256.10667497371514,-9.77250840417392
2835,256.10667497371514,-13.16032129519985
2836,256.10667497371514,-9.321879373915664
2837,256.10667497371514,-8.849430768068316
2838,256.10667497371514,-9.148404649914141
2839,256.10667497371514,-13.100722838702495
2840,256.10667497371514,-9.739675052840958
2841,256.10667497371514,-7.843967477656697
2842,256.10667497371514,-8.43293579898112
2843,256.10667497371514,-11.0093276257183
2844,256.10667497371514,-10.925220168965843
2845,256.10667497371514,-8.573490805446724
2846,256.10667497371514,-10.00030392568047
2847,256.10667497371514,-8.050686170897905
2848,256.10667497371514,-10.912233653292901
2849,256.10667497371514,-13.031818738675806
2850,256.10667497371514,-10.40153868640084
2851,256.10667497371514,-12.891107467762321
2852,256.10667497371514,-14.324245203497256
2853,256.10667497371514,-7.787582758564923
2854,256.10667497371514,-7.371491173762415
2855,256.10667497371514,-6.22058553812505
2856,256.10667497371514,-7.396586347705366
2857,256.10667497371514,-8.272424799615322
2858,256.10667497371514,-9.04727314767914
2859,256.10667497371514,-8.5994728359274
2860,256.10667497371514,-8.396429672990507
2861,256.10667497371514,-8.454863210713228
2862,256.10667497371514,-10.081372750710372
2863,256.10667497371514,-9.446728026208902
2864,256.10667497371514,-10.593554499272045
2865,256.10667497371514,-9.687830144657745
2866,256.10667497371514,-6.347177318423576
2867,256.10667497371514,-10.341916258101293
2868,256.10667497371514,-10.550933200536484
2869,256.10667497371514,-8.562895073283215
2870,256.10667497371514,-6.999398537970734
2871,256.10667497371514,-9.764032260740535
2872,256.10667497371514,-7.873038418602704
2873,256.10667497371514,-11.002243690966012
2874,256.10667497371514,-8.398254451052253
2875,256.10667497371514,-7.284909062420347
2876,256.10667497371514,-6.361952752989453
2877,256.10667497371514,-9.783466228709749
2878,256.10667497371514,-8.416219007731613
2879,256.10667497371514,-7.529338022002424
2880,256.10667497371514,-7.741618828278604
2881,256.1066749737152,-8.008275210260258
2882,256.10667497371514,-10.48523987415308
2883,256.10667497371514,-9.564733229185464
2884,256.10667497371514,-7.537246278639984
2885,256.10667497371514,-10.562604980350372
2886,256.10667497371514,-11.927280304930802
2887,256.10667497371514,-12.969806908764724
2888,256.10667497371514,-8.392643639873967
2889,256.10667497371514,-8.499345163929206
2890,256.10667497371514,-11.77048340096323
2891,256.10667497371514,-6.936823174245971
2892,256.10667497371514,-8.918516298665509
2893,256.10667497371514,-7.669488176959334
2894,256.10667497371514,-7.514281950455171
2895,256.10667497371514,-8.577766282961832
2896,256.10667497371514,-9.40648844478693
2897,256.10667497371514,-8.375775944009149
2898,256.10667497371514,-6.866631800162423
2899,256.10667497371514,-6.645813041603418
2900,256.10667497371514,-13.596337761287344
2901,256.10667497371514,-10.291467567220693
2902,256.10667497371514,-5.979051510324737
2903,256.10667497371514,-7.593834250405671
2904,256.10667497371514,-8.480640181803494
2905,256.10667497371514,-12.52172375801483
2906,256.10667497371514,-10.38764510274271
2907,256.10667497371514,-6.339888278410882
2908,256.10667497371514,-8.679408121585539
2909,256.10667497371514,-8.602985223335095
2910,256.10667497371514,-9.60652918019349
2911,256.10667497371514,-7.488672291547516
2912,256.10667497371514,-10.606761296397735
2913,256.10667497371514,-9.620091662698243
2914,256.10667497371514,-7.197732537599643
2915,256.10667497371514,-12.854345283998391
2916,256.10667497371514,-12.457791700576877
2917,256.10667497371514,-11.950195396641982
2918,256.10667497371514,-6.569650818557875
2919,256.10667497371514,-8.758435909876415
2920,256.10667497371514,-7.435207098939657
2921,256.10667497371514,-8.474246846177977
2922,256.10667497371514,-11.162277844401302
2923,256.10667497371514,-7.776472019931845
2924,256.10667497371514,-10.302179352753143
2925,256.10667497371514,-6.512629902918121
2926,256.10667497371514,-14.208742368954518
2927,256.10667497371514,-7.719181915859679
2928,256.10667497371514,-11.693632120728722
2929,256.10667497371514,-9.564765153975117
2930,256.10667497371514,-8.451404258386702
2931,256.10667497371514,-6.465253771815291
2932,256.10667497371514,-14.036509665711137
2933,256.10667497371514,-11.46997377817126
2934,256.10667497371514,-8.321805156168807
2935,256.10667497371514,-8.976051807407202
2936,256.10667497371514,-9.29678179775324
2937,256.10667497371514,-10.058034634070253
2938,256.10667497371514,-8.188171987800569
2939,256.10667497371514,-8.767131686481449
2940,256.10667497371514,-8.509616687530738
2941,256.10667497371514,-8.362820225237883
2942,256.10667497371514,-13.197676354267685
2943,256.10667497371514,-7.9564441850831145
2944,256.10667497371514,-7.909755608091842
2945,256.10667497371514,-8.138732047438893
2946,256.10667497371514,-12.106613435225881
2947,256.10667497371514,-9.786858778578534
2948,256.10667497371514,-7.404683287788316
2949,256.10667497371514,-7.711778075684407
2950,256.10667497371514,-10.721495293206413
2951,256.10667497371514,-7.421965064932053
2952,256.10667497371514,-8.84326137810578
2953,256.10667497371514,-7.62272881004678
2954,256.10667497371514,-10.949546524387031
2955,256.10667497371514,-6.77711105156304
2956,256.10667497371514,-13.58836572135283
2957,256.10667497371514,-10.385687024701937
2958,256.10667497371514,-11.134656170653088
2959,256.10667497371514,-8.375021679302861
2960,256.10667497371514,-7.647703738781232
2961,256.10667497371514,-11.389231825879222
2962,256.10667497371514,-9.171474716125573
2963,256.10667497371514,-11.26407806417232
2964,256.10667497371514,-9.58567697549421
2965,256.10667497371514,-10.835102058100338
2966,256.10667497371514,-6.791435812408878
2967,256.10667497371514,-8.519951754177669
2968,256.10667497371514,-9.392804179481743
2969,256.10667497371514,-8.332549130770492
2970,256.10667497371514,-14.687030668332815
2971,256.10667497371514,-9.435973747742842
2972,256.10667497371514,-8.475182717663586
2973,256.10667497371514,-8.125775791147504
2974,256.10667497371514,-6.431288174356524
2975,256.10667497371514,-8.299430593665619
2976,256.10667497371514,-8.712465145402035
2977,256.10667497371514,-6.463637410925237
2978,256.10667497371514,-10.306384387056873
2979,256.10667497371514,-7.344944238364684
2980,256.10667497371514,-9.181262672146019
2981,256.10667497371514,-10.503175481703764
2982,256.10667497371514,-9.828445912961492
2983,256.10667497371514,-11.193443699781938
2984,256.10667497371514,-6.9465170041821285
2985,256.10667497371514,-9.516630597081228
2986,256.10667497371514,-8.066670744480515
2987,256.10667497371514,-7.725427289120418
2988,256.10667497371514,-10.208187817836688
2989,256.10667497371514,-11.095165672161528
2990,256.10667497371514,-10.140667230128827
2991,256.10667497371514,-7.225776827238548
2992,256.10667497371514,-8.942867236011248
2993,256.10667497371514,-8.602706783598379
2994,256.10667497371514,-7.45123200204263
2995,256.10667497371514,-6.318350968807749
2996,256.10667497371514,-9.721616558165294
2997,256.1066749737152,-9.316829434819518
2998,256.10667497371514,-7.58777192332056
2999,256.10667497371514,-9.37608214728698
3000,256.10667497371514,-9.27388587020316
3001,256.10667497371514,-5.560958347643009
3002,256.10667497371514,-7.4387021734644065
3003,256.10667497371514,-8.297237046066812
3004,256.10667497371514,-8.49624909540384
3005,256.10667497371514,-9.106581499977636
3006,256.10667497371514,-9.763005352715737
3007,256.10667497371514,-8.784666676484106
3008,256.10667497371514,-7.241833300838389
3009,256.10667497371514,-7.542405561881921
3010,256.10667497371514,-11.293870189396927
3011,256.10667497371514,-7.292871680379257
3012,256.10667497371514,-8.399622054795266
3013,256.10667497371514,-11.895607699551732
3014,256.10667497371514,-11.557433200127763
3015,256.10667497371514,-11.189171130452507
3016,256.10667497371514,-8.206789897019263
3017,256.10667497371514,-9.55347457383536
3018,256.10667497371514,-9.423315921965767
3019,256.10667497371514,-12.667295094081283
3020,256.10667497371514,-13.059985827700004
3021,256.10667497371514,-11.089959757141287
3022,256.10667497371514,-8.486235083075705
3023,256.10667497371514,-16.37418079021794
3024,256.10667497371514,-8.824348018964145
3025,256.10667497371514,-8.292447888584427
3026,256.10667497371514,-11.941183293481025
3027,256.10667497371514,-8.875669972298567
3028,256.10667497371514,-8.26237080093108
3029,256.10667497371514,-9.356247680780925
3030,256.10667497371514,-7.802660437454051
3031,256.10667497371514,-8.152252097413623
3032,256.10667497371514,-8.865508758302553
3033,256.10667497371514,-9.470739339165078
3034,256.10667497371514,-11.944135885092209
3035,256.10667497371514,-9.347567273457823
3036,256.10667497371514,-13.116078657055482
3037,256.10667497371514,-9.688202608072672
3038,256.10667497371514,-9.850787396277326
3039,256.10667497371514,-6.603216951072966
3040,256.10667497371514,-8.433318212606338
3041,256.1066749737152,-8.595621987956903
3042,256.10667497371514,-10.907783299618785
3043,256.10667497371514,-7.921572994046869
3044,256.10667497371514,-10.568089770041404
3045,256.10667497371514,-8.524532528130578
3046,256.10667497371514,-7.74632204757026
3047,256.10667497371514,-6.75057763190415
3048,256.10667497371514,-13.02194114763424
3049,256.10667497371514,-10.12602403752814
3050,256.10667497371514,-10.787382236911412
3051,256.10667497371514,-7.433203045546179
3052,256.10667497371514,-9.921992819116014
3053,256.10667497371514,-9.816995707941004
3054,256.10667497371514,-7.247850013693494
3055,256.10667497371514,-14.06109099954412
3056,256.10667497371514,-11.89165650970287
3057,256.10667497371514,-7.071969544367761
3058,256.10667497371514,-6.819316064258118
3059,256.10667497371514,-10.67306677880029
3060,256.10667497371514,-11.183765067709999
3061,256.10667497371514,-7.861652741769802
3062,256.10667497371514,-7.377876191792808
3063,256.10667497371514,-11.592694933050097
3064,256.10667497371514,-8.458829479136426
3065,256.10667497371514,-7.9377584792861455
3066,256.10667497371514,-9.037496323942932
3067,256.10667497371514,-20.577717263817398
3068,256.10667497371514,-8.090616982423
3069,256.10667497371514,-8.635918994376311
3070,256.10667497371514,-8.379401893607223
3071,256.10667497371514,-9.832628686526292
3072,256.10667497371514,-12.143365939627047
3073,256.10667497371514,-6.848523675408558
3074,256.10667497371514,-11.063336255229526
3075,256.10667497371514,-7.899383724179046
3076,256.10667497371514,-7.359598571513999
3077,256.10667497371514,-8.616852351519292
3078,256.10667497371514,-9.418908504426852
3079,256.10667497371514,-8.630045467478482
3080,256.10667497371514,-7.670069256005746
3081,256.10667497371514,-10.788972018554325
3082,256.10667497371514,-19.894979630952047
3083,256.10667497371514,-8.465795703913386
3084,256.10667497371514,-9.301469444064665
3085,256.10667497371514,-11.492901676387334
3086,256.10667497371514,-6.347491730372127
3087,256.10667497371514,-9.398359510744726
3088,256.10667497371514,-11.037687084618767
3089,256.10667497371514,-14.994481080665565
3090,256.10667497371514,-8.724562998043439
3091,256.10667497371514,-8.368126704218724
3092,256.10667497371514,-8.438982154853704
3093,256.10667497371514,-7.727762674796942
3094,256.10667497371514,-10.895054850508131
3095,256.10667497371514,-9.268330121672733
3096,256.10667497371514,-6.453647091654659
3097,256.10667497371514,-7.134895696322694
3098,256.10667497371514,-7.465435347447453
3099,256.10667497371514,-9.035338099914256
3100,256.10667497371514,-11.742500652084
3101,256.10667497371514,-7.234148792425287
3102,256.10667497371514,-6.445768362021443
3103,256.1066749737152,-7.539263887452734
3104,256.10667497371514,-10.901661755015112
3105,256.10667497371514,-8.465993741626306
3106,256.10667497371514,-7.942319408269942
3107,256.10667497371514,-8.822749310342289
3108,256.10667497371514,-12.008235019240459
3109,256.10667497371514,-6.429153056198373
3110,256.10667497371514,-7.593430581462513
3111,256.10667497371514,-9.652689937223556
3112,256.10667497371514,-6.397978291088421
3113,256.10667497371514,-10.637036529452814
3114,256.10667497371514,-7.374217865615009
3115,256.10667497371514,-15.041669430608266
3116,256.10667497371514,-10.930475495761414
3117,256.10667497371514,-10.872855140794258
3118,256.10667497371514,-7.592111724095361
3119,256.10667497371514,-9.882275254918056
3120,256.10667497371514,-7.193239170267908
3121,256.10667497371514,-11.773836012219455
3122,256.10667497371514,-8.34895949635785
3123,256.10667497371514,-7.738985431469672
3124,256.10667497371514,-9.184209414536065
3125,256.10667497371514,-9.65808976331354
3126,256.10667497371514,-9.382201441304957
3127,256.10667497371514,-8.51594197492355
3128,256.10667497371514,-6.222188982024676
3129,256.10667497371514,-8.328078621701906
3130,256.10667497371514,-6.913774686108749
3131,256.10667497371514,-9.217698454492293
3132,256.10667497371514,-8.336791044640606
3133,256.10667497371514,-8.996444606440178
3134,256.10667497371514,-8.769949445982874
3135,256.10667497371514,-14.931686139213497
3136,256.10667497371514,-12.661690378126394
3137,256.10667497371514,-10.775675810900154
3138,256.10667497371514,-8.518835399974506
3139,256.10667497371514,-7.646490873142284
3140,256.10667497371514,-7.608973531574705
3141,256.10667497371514,-9.42468633124139
3142,256.10667497371514,-11.095689216226916
3143,256.10667497371514,-8.923851319144802
3144,256.10667497371514,-7.565730870274891
3145,256.10667497371514,-7.837559171286443
3146,256.10667497371514,-13.25417335549663
3147,256.10667497371514,-7.538448397260083
3148,256.10667497371514,-11.170465467291777
3149,256.10667497371514,-10.731130145413971
3150,256.10667497371514,-9.5135892002791
3151,256.10667497371514,-12.122067433665649
3152,256.10667497371514,-7.418486123243895
3153,256.10667497371514,-7.49427208269006
3154,256.10667497371514,-15.112440693067242
3155,256.10667497371514,-6.607502205225513
3156,256.10667497371514,-6.7596068225842885
3157,256.10667497371514,-9.866471614714044
3158,256.10667497371514,-7.357095589045485
3159,256.10667497371514,-10.9714420982761
3160,256.10667497371514,-9.891445295849309
3161,256.1066749737152,-10.721570093743068
3162,256.10667497371514,-9.61637473168011
3163,256.10667497371514,-9.877322915297
3164,256.10667497371514,-8.524668047635998
3165,256.10667497371514,-9.927497241149496
3166,256.10667497371514,-9.322402943430177
3167,256.10667497371514,-14.323018432224387
3168,256.10667497371514,-9.331735447264222
3169,256.10667497371514,-10.222440997405258
3170,256.10667497371514,-7.4245008067611025
3171,256.10667497371514,-15.283101359065626
3172,256.10667497371514,-7.554686170545722
3173,256.10667497371514,-5.694818058819607
3174,256.10667497371514,-7.4830505032576955
3175,256.1066749737152,-10.460349380943565
3176,256.10667497371514,-9.690922568073262
3177,256.10667497371514,-9.417152684848901
3178,256.10667497371514,-9.307334413034766
3179,256.10667497371514,-9.34516140084358
3180,256.10667497371514,-10.357420027178634
3181,256.10667497371514,-6.870646547169677
3182,256.10667497371514,-7.890418987705061
3183,256.10667497371514,-13.926475954005717
3184,256.10667497371514,-12.822769643628902
3185,256.10667497371514,-6.830978934712874
3186,256.10667497371514,-7.623411233504896
3187,256.10667497371514,-6.381896373003258
3188,256.10667497371514,-6.688115707045029
3189,256.10667497371514,-7.4417412464134145
3190,256.10667497371514,-9.90310693923496
3191,256.10667497371514,-8.316908387501144
3192,256.10667497371514,-8.825971762809827
3193,256.10667497371514,-10.495466029939628
3194,256.10667497371514,-10.078200092895973
3195,256.10667497371514,-8.835720199658908
3196,256.10667497371514,-8.020569202556018
3197,256.10667497371514,-9.419549821520548
3198,256.10667497371514,-9.258422655546838
3199,256.10667497371514,-8.613670197704778
3200,256.10667497371514,-7.191356292464966
3201,256.10667497371514,-12.078695787299011
3202,256.10667497371514,-14.506203017335281
3203,256.10667497371514,-8.570511420826406
3204,256.10667497371514,-7.3311628406976865
3205,256.10667497371514,-10.290500886929692
3206,256.10667497371514,-8.668468397205459
3207,256.10667497371514,-8.99242943159581
3208,256.10667497371514,-11.361467638171547
3209,256.1066749737152,-8.835936143645851
3210,256.10667497371514,-10.73574620143603
3211,256.10667497371514,-14.273310867815631
3212,256.10667497371514,-8.467336665600897
3213,256.10667497371514,-14.296212266285293
3214,256.10667497371514,-11.975280639911436
3215,256.10667497371514,-19.7652688708973
3216,256.10667497371514,-9.03003869349837
3217,256.10667497371514,-7.534947237138468
3218,256.10667497371514,-8.502092746924575
3219,256.10667497371514,-11.747584104831791
3220,256.10667497371514,-9.63636680495327
3221,256.10667497371514,-8.316937800071713
3222,256.1066749737152,-7.60523967776021
3223,256.10667497371514,-10.95355874328655
3224,256.10667497371514,-10.488907409578744
3225,256.10667497371514,-7.617839922363018
3226,256.10667497371514,-10.093955527724507
3227,256.10667497371514,-6.942356687987285
3228,256.10667497371514,-7.237781417424074
3229,256.10667497371514,-11.631734791474514
3230,256.10667497371514,-8.72072363108623
3231,256.10667497371514,-8.056084882747484
3232,256.10667497371514,-7.216405320456047
3233,256.10667497371514,-9.469654692953242
3234,256.10667497371514,-7.316698922141796
3235,256.10667497371514,-8.522863986239287
3236,256.10667497371514,-6.416000273402194
3237,256.10667497371514,-9.876656312354765
3238,256.10667497371514,-12.224279837275489
3239,256.10667497371514,-10.586013458285265
3240,256.10667497371514,-6.4031161321040315
3241,256.10667497371514,-8.898993371154177
3242,256.10667497371514,-7.881859948145944
3243,256.10667497371514,-14.351588156431113
3244,256.10667497371514,-8.377786836208227
3245,256.10667497371514,-8.404335057209835
3246,256.10667497371514,-12.718940802941086
3247,256.10667497371514,-11.58569734781301
3248,256.10667497371514,-12.142954594092274
3249,256.10667497371514,-9.306186590416843
3250,256.10667497371514,-8.862183836013234
3251,256.10667497371514,-9.81183595032654
3252,256.10667497371514,-8.420856778694542
3253,256.10667497371514,-9.537712429161331
3254,256.10667497371514,-8.302245073285803
3255,256.10667497371514,-14.895487285769434
3256,256.10667497371514,-7.615264279427123
3257,256.10667497371514,-12.249599435627118
3258,256.10667497371514,-9.480005464499271
3259,256.10667497371514,-9.349661996610777
3260,256.10667497371514,-13.641444083136122
3261,256.10667497371514,-12.866130109909676
3262,256.10667497371514,-12.026211413427205
3263,256.10667497371514,-10.138373040745009
3264,256.10667497371514,-9.569764534063324
3265,256.10667497371514,-8.739696501028178
3266,256.10667497371514,-12.324104956834228
3267,256.10667497371514,-7.996228122253044
3268,256.10667497371514,-15.921255821711554
3269,256.10667497371514,-10.18007953069477
3270,256.10667497371514,-12.22314885269708
3271,256.10667497371514,-9.520700196992621
3272,256.10667497371514,-6.734641253505641
3273,256.10667497371514,-7.429808306910317
3274,256.1066749737152,-10.2349647872866
3275,256.10667497371514,-12.11675321343398
3276,256.10667497371514,-10.253166566937681
3277,256.10667497371514,-9.262476005201293
3278,256.10667497371514,-10.149649253465839
3279,256.10667497371514,-12.938769527666167
3280,256.10667497371514,-10.537333207607784
3281,256.10667497371514,-8.346840780172098
3282,256.10667497371514,-10.549494359677595
3283,256.10667497371514,-10.40804550930855
3284,256.10667497371514,-7.3162293438590495
3285,256.10667497371514,-8.887823651412859
3286,256.10667497371514,-14.166116780275502
3287,256.10667497371514,-12.054478568665978
3288,256.10667497371514,-6.203416224098618
3289,256.10667497371514,-7.737468463667369
3290,256.10667497371514,-8.801155841203865
3291,256.10667497371514,-7.558612076151661
3292,256.10667497371514,-8.547873705292261
3293,256.10667497371514,-8.125125817245987
3294,256.10667497371514,-7.438325811665322
3295,256.10667497371514,-10.752074106886795
3296,256.10667497371514,-10.181567470755775
3297,256.10667497371514,-6.198931977848055
3298,256.10667497371514,-8.346527485786272
3299,256.10667497371514,-7.466253189115072
3300,256.10667497371514,-8.357192376446534
3301,256.10667497371514,-8.60623680029039
3302,256.10667497371514,-8.296370885287402
3303,256.10667497371514,-9.159758784158043
3304,256.10667497371514,-12.37744544321788
3305,256.10667497371514,-8.312305900387429
3306,256.10667497371514,-7.2013160640706815
3307,256.10667497371514,-6.839153362038132
3308,256.10667497371514,-7.393251993948326
3309,256.10667497371514,-8.875425050025143
3310,256.10667497371514,-8.310046393011582
3311,256.10667497371514,-6.341146626770129
3312,256.10667497371514,-9.31399515290434
3313,256.10667497371514,-11.610829177004632
3314,256.10667497371514,-8.331295162313609
3315,256.10667497371514,-11.31287441434199
3316,256.10667497371514,-11.949081028137556
3317,256.10667497371514,-9.826073263659794
3318,256.10667497371514,-12.957708889929108
3319,256.10667497371514,-10.693920009146339
3320,256.10667497371514,-14.677669551752516
3321,256.10667497371514,-7.720801978419331
3322,256.10667497371514,-10.677187800333485
3323,256.10667497371514,-10.481853962245992
3324,256.10667497371514,-9.587206512100586
3325,256.10667497371514,-9.466400009907673
3326,256.10667497371514,-11.40879810986695
3327,256.10667497371514,-10.406384767671767
3328,256.10667497371514,-8.753152276764126
3329,256.10667497371514,-9.97488816190534
3330,256.10667497371514,-10.852346046458667
3331,256.10667497371514,-7.6420834499398325
3332,256.10667497371514,-10.37134032317806
3333,256.10667497371514,-6.7116980320846835
3334,256.10667497371514,-8.481311544670405
3335,256.10667497371514,-11.12117379955211
3336,256.10667497371514,-7.12363684748081
3337,256.10667497371514,-10.069657804937108
3338,256.10667497371514,-12.960721749293889
3339,256.10667497371514,-9.189847605464598
3340,256.10667497371514,-11.752358051833028
3341,256.10667497371514,-7.133120649348292
3342,256.10667497371514,-12.002745878768806
3343,256.10667497371514,-9.137347480685122
3344,256.10667497371514,-8.401525029601387
3345,256.10667497371514,-8.714787677861551
3346,256.10667497371514,-10.842334106498502
3347,256.10667497371514,-9.326863575639777
3348,256.10667497371514,-11.00295175279264
3349,256.10667497371514,-8.991460996016997
3350,256.10667497371514,-9.604902558777837
3351,256.10667497371514,-14.403609469923424
3352,256.10667497371514,-5.780485841051249
3353,256.10667497371514,-10.149195615452452
3354,256.10667497371514,-7.45071346364422
3355,256.10667497371514,-12.347382984169911
3356,256.10667497371514,-6.480648832536531
3357,256.10667497371514,-10.438116197279783
3358,256.10667497371514,-16.118876297102304
3359,256.10667497371514,-9.988913702821094
3360,256.10667497371514,-10.44604273327441
3361,256.10667497371514,-8.620381411835126
3362,256.10667497371514,-8.611026633109617
3363,256.10667497371514,-9.112039006453074
3364,256.10667497371514,-9.459567535640033
3365,256.10667497371514,-10.284027551860136
3366,256.10667497371514,-7.48564935296784
3367,256.10667497371514,-7.51093870601089
3368,256.10667497371514,-9.377630680118699
3369,256.10667497371514,-7.578048434593839
3370,256.10667497371514,-8.225754352406042
3371,256.10667497371514,-10.89134093982426
3372,256.10667497371514,-7.7131173566034334
3373,256.10667497371514,-8.37474457049209
3374,256.10667497371514,-8.425184123031329
3375,256.10667497371514,-13.753944348050783
3376,256.10667497371514,-7.638635247126942
3377,256.10667497371514,-8.301935625449104
3378,256.10667497371514,-9.902173261134607
3379,256.10667497371514,-9.52206859681165
3380,256.10667497371514,-10.253988559800888
3381,256.10667497371514,-13.375267208065537
3382,256.10667497371514,-7.835113726900701
3383,256.10667497371514,-7.403052961316746
3384,256.10667497371514,-6.132034857521077
3385,256.10667497371514,-8.830725271832236
3386,256.10667497371514,-9.535250107082149
3387,256.10667497371514,-7.308111674153622
3388,256.10667497371514,-7.061625765438748
3389,256.10667497371514,-13.38085037051178
3390,256.10667497371514,-10.875068440210242
3391,256.10667497371514,-8.08171988825734
3392,256.10667497371514,-8.469152296234427
3393,256.10667497371514,-8.739282053023274
3394,256.10667497371514,-13.00349420122388
3395,256.10667497371514,-10.579039743701628
3396,256.10667497371514,-10.43714415752818
3397,256.10667497371514,-7.497174181765558
3398,256.10667497371514,-6.482986623253296
3399,256.10667497371514,-7.298371758049825
3400,256.10667497371514,-11.190218643760858
3401,256.10667497371514,-13.23751771230593
3402,256.10667497371514,-8.53094316433797
3403,256.10667497371514,-10.659962708429
3404,256.10667497371514,-8.347077512763036
3405,256.10667497371514,-8.577276973568246
3406,256.10667497371514,-9.274713261293364
3407,256.10667497371514,-10.13273414510158
3408,256.10667497371514,-10.18430700054573
3409,256.10667497371514,-9.651256021206194
3410,256.10667497371514,-8.689747749118851
3411,256.10667497371514,-12.74447324153789
3412,256.10667497371514,-6.86895327697539
3413,256.10667497371514,-7.759125867882979
3414,256.10667497371514,-7.717406569331956
3415,256.10667497371514,-7.609161220261399
3416,256.10667497371514,-10.434900210011733
3417,256.10667497371514,-9.974558115352181
3418,256.10667497371514,-9.92628135359691
3419,256.10667497371514,-11.568721246975812
3420,256.10667497371514,-8.7770021543664
3421,256.10667497371514,-10.861289841691786
3422,256.10667497371514,-8.388531991614144
3423,256.10667497371514,-9.579865398650554
3424,256.10667497371514,-7.50333394038762
3425,256.10667497371514,-9.345139901345817
3426,256.10667497371514,-13.68038439211098
3427,256.10667497371514,-9.671765415438855
3428,256.10667497371514,-8.042328110235147
3429,256.10667497371514,-7.243682686689596
3430,256.10667497371514,-8.249209284685193
3431,256.10667497371514,-11.379071828420436
3432,256.10667497371514,-7.906573591290467
3433,256.10667497371514,-9.573369997951403
3434,256.10667497371514,-7.4005180268124064
3435,256.1066749737152,-14.178775527029558
3436,256.10667497371514,-9.668268423422404
3437,256.10667497371514,-10.688376127638112
3438,256.10667497371514,-7.6780303478297185
3439,256.1066749737152,-8.347718315310054
3440,256.10667497371514,-9.929696241486624
3441,256.10667497371514,-10.993443999133433
3442,256.10667497371514,-8.791710988427383
3443,256.10667497371514,-9.554585390246956
3444,256.10667497371514,-6.904347585016147
3445,256.10667497371514,-10.741203413375132
3446,256.10667497371514,-10.664022233187211
3447,256.10667497371514,-8.167436938122364
3448,256.10667497371514,-6.23655140198737
3449,256.10667497371514,-11.189906901517446
3450,256.10667497371514,-8.230711158428306
3451,256.10667497371514,-7.93166382628246
3452,256.10667497371514,-8.568619999632048
3453,256.10667497371514,-7.547742386039914
3454,256.10667497371514,-6.832299326822579
3455,256.1066749737152,-11.032714740461103
3456,256.10667497371514,-8.043421269010054
3457,256.10667497371514,-10.114014521106867
3458,256.10667497371514,-8.790809818720646
3459,256.10667497371514,-9.05614271044135
3460,256.10667497371514,-6.687804301442384
3461,256.10667497371514,-10.60535833716537
3462,256.10667497371514,-10.401971993613245
3463,256.10667497371514,-9.111929032143138
3464,256.10667497371514,-9.269152975641113
3465,256.10667497371514,-9.489440294129224
3466,256.10667497371514,-10.783801806208231
3467,256.10667497371514,-13.25603852718399
3468,256.10667497371514,-11.7005137393256
3469,256.10667497371514,-7.277087371482082
3470,256.10667497371514,-10.469462578643828
3471,256.10667497371514,-15.088387600217374
3472,256.10667497371514,-7.2249828551992294
3473,256.10667497371514,-7.29782995121883
3474,256.10667497371514,-10.827671931996576
3475,256.10667497371514,-9.867007252641471
3476,256.10667497371514,-8.782211100511887
3477,256.10667497371514,-8.17717709765904
3478,256.10667497371514,-7.943653574351572
3479,256.10667497371514,-7.611973391898479
3480,256.10667497371514,-9.615507789309873
3481,256.10667497371514,-7.27662287079346
3482,256.10667497371514,-7.405838095151466
3483,256.10667497371514,-10.490689110216607
3484,256.10667497371514,-9.523412110227326
3485,256.10667497371514,-8.467162512390559
3486,256.10667497371514,-10.4227036544481
3487,256.10667497371514,-10.377100671841816
3488,256.10667497371514,-8.538765153005642
3489,256.10667497371514,-11.291408020913082
3490,256.10667497371514,-10.907999728975852
3491,256.10667497371514,-8.480399396235157
3492,256.10667497371514,-12.5819826965417
3493,256.10667497371514,-7.4437936539569876
3494,256.10667497371514,-10.90589373183792
3495,256.10667497371514,-6.860597238011167
3496,256.10667497371514,-6.4183122584134935
3497,256.10667497371514,-8.48523216636437
3498,256.10667497371514,-11.648044080371207
3499,256.10667497371514,-13.66540536427759
3500,256.10667497371514,-7.227493686198244
3501,256.10667497371514,-7.400017276715349
3502,256.10667497371514,-10.084549765059261
3503,256.10667497371514,-12.1233851227924
3504,256.10667497371514,-7.575944658121685
3505,256.10667497371514,-14.07612769659005
3506,256.10667497371514,-8.144526285296422
3507,256.10667497371514,-11.463405651367237
3508,256.10667497371514,-7.533009805090529
3509,256.1066749737152,-9.968382951589746
3510,256.10667497371514,-9.614650400947372
3511,256.10667497371514,-7.455418058818111
3512,256.10667497371514,-10.41426964424096
3513,256.10667497371514,-9.579769523818868
3514,256.10667497371514,-8.960832326697172
3515,256.10667497371514,-10.954876312254513
3516,256.10667497371514,-10.788241927112528
3517,256.10667497371514,-9.645647725606011
3518,256.10667497371514,-7.611869646001921
3519,256.10667497371514,-10.002099686684033
3520,256.10667497371514,-7.311425829600097
3521,256.10667497371514,-14.311000910934496
3522,256.10667497371514,-7.37100770385257
3523,256.10667497371514,-12.811450590725968
3524,256.10667497371514,-10.80450551950883
3525,256.10667497371514,-10.22703716453833
3526,256.10667497371514,-7.612427065190149
3527,256.10667497371514,-8.207856357214723
3528,256.10667497371514,-6.077240960098123
3529,256.10667497371514,-13.132145459758078
3530,256.10667497371514,-7.448841772330553
3531,256.10667497371514,-10.963253172005608
3532,256.10667497371514,-7.869438949600976
3533,256.10667497371514,-10.629785871292484
3534,256.10667497371514,-8.869281091728354
3535,256.10667497371514,-10.19929452692756
3536,256.10667497371514,-9.138263068564186
3537,256.10667497371514,-9.323883238450875
3538,256.10667497371514,-11.118435440937162
3539,256.10667497371514,-5.485467231363714
3540,256.10667497371514,-11.955009691251007
3541,256.10667497371514,-9.457747197086547
3542,256.10667497371514,-7.888560462896294
3543,256.10667497371514,-6.906048974885394
3544,256.10667497371514,-13.391591834642412
3545,256.10667497371514,-7.670055772777857
3546,256.10667497371514,-11.362564721005697
3547,256.10667497371514,-9.88962143252715
3548,256.10667497371514,-9.441305280992538
3549,256.10667497371514,-9.505306480350008
3550,256.10667497371514,-14.39704267460985
3551,256.10667497371514,-9.974589722966968
3552,256.10667497371514,-7.451931300611577
3553,256.10667497371514,-7.277739240001637
3554,256.10667497371514,-10.866649576216794
3555,256.10667497371514,-8.216947983533743
3556,256.10667497371514,-8.513989083780544
3557,256.10667497371514,-6.9142811720634825
3558,256.10667497371514,-9.518576730642167
3559,256.1066749737152,-8.42708469982287
3560,256.10667497371514,-10.428757361022264
3561,256.10667497371514,-8.674069632768948
3562,256.10667497371514,-8.40674999858345
3563,256.10667497371514,-7.554806584953425
3564,256.10667497371514,-11.375882303613054
3565,256.10667497371514,-11.10731681107115
3566,256.10667497371514,-10.40712201900098
3567,256.10667497371514,-11.006838879809465
3568,256.10667497371514,-6.792278458445537
3569,256.10667497371514,-7.4333921236237686
3570,256.10667497371514,-7.7373576290747295
3571,256.10667497371514,-15.906313168683074
3572,256.10667497371514,-9.364159099997636
3573,256.10667497371514,-11.793070922630605
3574,256.10667497371514,-8.434159908112989
3575,256.10667497371514,-9.17994013544947
3576,256.10667497371514,-13.783417500201324
3577,256.10667497371514,-7.5550163596220035
3578,256.10667497371514,-10.940564097381156
3579,256.10667497371514,-7.786313716927275
3580,256.10667497371514,-5.663982850497973
3581,256.10667497371514,-12.763723485858293
3582,256.10667497371514,-7.507700117539429
3583,256.10667497371514,-7.233737193569558
3584,256.10667497371514,-7.278085631826968
3585,256.10667497371514,-8.03676461318328
3586,256.10667497371514,-11.541840769131033
3587,256.10667497371514,-6.701472171938647
3588,256.10667497371514,-11.601747021654198
3589,256.10667497371514,-11.03439293222074
3590,256.10667497371514,-5.627968072277022
3591,256.10667497371514,-11.146494025154283
3592,256.10667497371514,-7.360765667701685
3593,256.10667497371514,-7.411714838043025
3594,256.10667497371514,-8.084600952556215
3595,256.10667497371514,-7.978428655739023
3596,256.10667497371514,-12.158490102057755
3597,256.10667497371514,-10.976960127964674
3598,256.10667497371514,-9.436551912529069
3599,256.10667497371514,-8.451311090426458
3600,256.10667497371514,-8.61517357494921
3601,256.10667497371514,-12.852062318941591
3602,256.10667497371514,-7.831842751237545
3603,256.10667497371514,-9.011535210444933
3604,256.10667497371514,-6.181439274878812
3605,256.10667497371514,-10.454558498959187
3606,256.10667497371514,-9.442246401815623
3607,256.10667497371514,-7.841635339662162
3608,256.10667497371514,-15.788138028402344
3609,256.10667497371514,-6.880660872895334
3610,256.10667497371514,-12.549803933117374
3611,256.10667497371514,-7.517351552309691
3612,256.10667497371514,-12.505101551686556
3613,256.10667497371514,-8.138910540296637
3614,256.10667497371514,-8.480851661899464
3615,256.10667497371514,-9.535779063764465
3616,256.10667497371514,-9.623712588057685
3617,256.10667497371514,-14.474524776811563
3618,256.10667497371514,-7.607391970840844
3619,256.10667497371514,-7.446239723132884
3620,256.10667497371514,-9.03108512110974
3621,256.10667497371514,-12.677127193224806
3622,256.10667497371514,-6.51893933757448
3623,256.10667497371514,-8.908979063890428
3624,256.10667497371514,-11.109192468064137
3625,256.10667497371514,-8.232529229865733
3626,256.10667497371514,-10.017060086692425
3627,256.10667497371514,-7.650083747768264
3628,256.10667497371514,-7.290233964784463
3629,256.10667497371514,-9.149785692320677
3630,256.10667497371514,-9.805396042000007
3631,256.10667497371514,-11.480798190226153
3632,256.10667497371514,-10.330758814184037
3633,256.10667497371514,-10.323178215315778
3634,256.10667497371514,-8.137965737732884
3635,256.10667497371514,-8.486525718828773
3636,256.10667497371514,-12.981887474335387
3637,256.10667497371514,-7.68948775598173
3638,256.10667497371514,-10.692231410620956
3639,256.10667497371514,-9.762582873236596
3640,256.10667497371514,-8.293516361396712
3641,256.10667497371514,-9.75714551692326
3642,256.10667497371514,-9.457405040766716
3643,256.10667497371514,-7.95253345075707
3644,256.10667497371514,-12.662914511603567
3645,256.10667497371514,-7.8914123859630365
3646,256.10667497371514,-9.735315130360117
3647,256.10667497371514,-10.53788735473836
3648,256.10667497371514,-11.803429999951078
3649,256.10667497371514,-8.428798845596745
3650,256.10667497371514,-10.814497300225469
3651,256.10667497371514,-11.67424596649471
3652,256.10667497371514,-13.670764499019086
3653,256.10667497371514,-11.71113776680128
3654,256.10667497371514,-11.439733204543653
3655,256.10667497371514,-12.35574194759758
3656,256.10667497371514,-9.422813535082977
3657,256.10667497371514,-8.458457868048583
3658,256.10667497371514,-9.836981217887953
3659,256.10667497371514,-9.653572392901737
3660,256.10667497371514,-10.922815976508026
3661,256.10667497371514,-9.992467406516496
3662,256.10667497371514,-9.67856385927064
3663,256.10667497371514,-9.870038337595076
3664,256.10667497371514,-12.786391082620511
3665,256.10667497371514,-7.70616172198126
3666,256.10667497371514,-9.000737695668136
3667,256.10667497371514,-8.977994754997422
3668,256.10667497371514,-9.429228668906717
3669,256.10667497371514,-9.947517697886042
3670,256.10667497371514,-6.918823449993482
3671,256.10667497371514,-11.172958683859719
3672,256.10667497371514,-9.772852002479084
3673,256.10667497371514,-9.873672853834108
3674,256.10667497371514,-10.942076011110373
3675,256.10667497371514,-10.645082544605657
3676,256.10667497371514,-9.362652863388917
3677,256.10667497371514,-7.50099906943646
3678,256.10667497371514,-10.421177959125245
3679,256.10667497371514,-9.49459976211612
3680,256.10667497371514,-11.753490564106812
3681,256.10667497371514,-10.778979604809564
3682,256.10667497371514,-10.209219369581888
3683,256.10667497371514,-9.690518983782386
3684,256.10667497371514,-11.263995868529236
3685,256.10667497371514,-7.618857430921011
3686,256.10667497371514,-8.736223223233864
3687,256.10667497371514,-10.619791758818337
3688,256.10667497371514,-14.773984898869692
3689,256.10667497371514,-7.044796523066695
3690,256.10667497371514,-7.690386959361156
3691,256.10667497371514,-10.755387152959827
3692,256.10667497371514,-12.010667667019675
3693,256.10667497371514,-6.5737290734466285
3694,256.10667497371514,-8.98977922796962
3695,256.10667497371514,-9.657645471840468
3696,256.10667497371514,-9.56728859860874
3697,256.10667497371514,-10.584822333093882
3698,256.10667497371514,-9.171111505728675
3699,256.10667497371514,-7.24310690380031
3700,256.10667497371514,-8.867204379009479
3701,256.10667497371514,-9.00660227153783
3702,256.10667497371514,-18.94823705366204
3703,256.1066749737152,-9.692406574172821
3704,256.10667497371514,-7.9218058929925235
3705,256.10667497371514,-7.6786579399742205
3706,256.10667497371514,-11.478159053566245
3707,256.10667497371514,-15.5821496700177
3708,256.10667497371514,-11.446741465726944
3709,256.10667497371514,-6.507732990705051
3710,256.10667497371514,-7.388120018925434
3711,256.10667497371514,-8.751080554096191
3712,256.10667497371514,-6.697936435276375
3713,256.10667497371514,-10.038794151259566
3714,256.10667497371514,-9.420770697962553
3715,256.10667497371514,-12.262450546128875
3716,256.10667497371514,-7.1631590097751
3717,256.10667497371514,-8.397953758146343
3718,256.10667497371514,-9.381264813965949
3719,256.10667497371514,-7.2477639836174035
3720,256.10667497371514,-7.015270718818783
3721,256.10667497371514,-10.110449008585789
3722,256.10667497371514,-11.725354292221567
3723,256.10667497371514,-17.315449596500514
3724,256.10667497371514,-7.281372097206088
3725,256.10667497371514,-7.474244940901627
3726,256.10667497371514,-8.06837652822287
3727,256.10667497371514,-10.601225450248947
3728,256.10667497371514,-11.55317495965588
3729,256.10667497371514,-8.714835102562887
3730,256.10667497371514,-12.666296464856288
3731,256.10667497371514,-12.493609525643109
3732,256.10667497371514,-7.863118877511269
3733,256.10667497371514,-7.616940990591189
3734,256.10667497371514,-10.469664566562756
3735,256.10667497371514,-9.784779531089498
3736,256.10667497371514,-11.650207853897783
3737,256.10667497371514,-9.86984416574565
3738,256.10667497371514,-5.965248607141177
3739,256.10667497371514,-10.576638419932237
3740,256.10667497371514,-9.563996729555868
3741,256.10667497371514,-8.717484443521897
3742,256.10667497371514,-9.537175355787582
3743,256.10667497371514,-7.714580892014585
3744,256.10667497371514,-8.840426851674806
3745,256.10667497371514,-8.520232532439564
3746,256.10667497371514,-8.751742458061898
3747,256.10667497371514,-8.704846014683625
3748,256.10667497371514,-10.918842789657646
3749,256.10667497371514,-8.515418637074532
3750,256.10667497371514,-10.462753741338346
3751,256.10667497371514,-7.601024890575644
3752,256.10667497371514,-8.81799635710044
3753,256.10667497371514,-7.275487675571341
3754,256.10667497371514,-15.663179032523516
3755,256.10667497371514,-6.271572178799403
3756,256.10667497371514,-9.521048439399692
3757,256.10667497371514,-7.7477020099134535
3758,256.10667497371514,-11.086299169086148
3759,256.10667497371514,-11.340552093400163
3760,256.10667497371514,-7.426096464984624
3761,256.10667497371514,-12.926994052133153
3762,256.10667497371514,-11.714507338089419
3763,256.10667497371514,-7.282655735889421
3764,256.10667497371514,-7.100186492294995
3765,256.10667497371514,-7.9650637638421316
3766,256.10667497371514,-9.572342893722123
3767,256.10667497371514,-8.419650374713456
3768,256.10667497371514,-10.537296007067312
3769,256.10667497371514,-9.665070833967718
3770,256.10667497371514,-9.522604447840024
3771,256.10667497371514,-9.962610703865806
3772,256.10667497371514,-7.650577288900493
3773,256.10667497371514,-9.449274918212126
3774,256.10667497371514,-6.382018536375682
3775,256.10667497371514,-10.756959509865084
3776,256.10667497371514,-9.425962766539953
3777,256.10667497371514,-10.245026394092449
3778,256.10667497371514,-9.255714873437334
3779,256.10667497371514,-9.700165243527607
3780,256.10667497371514,-7.802197140809568
3781,256.10667497371514,-8.531934349570264
3782,256.10667497371514,-9.878129539985792
3783,256.10667497371514,-8.707477537452235
3784,256.10667497371514,-8.640356149480255
3785,256.10667497371514,-7.365133901506262
3786,256.10667497371514,-10.201547266684969
3787,256.10667497371514,-7.509608340903895
3788,256.10667497371514,-8.73815176005536
3789,256.10667497371514,-11.848347248715356
3790,256.10667497371514,-7.943235585024638
3791,256.10667497371514,-9.270006080781698
3792,256.10667497371514,-10.51849216648936
3793,256.10667497371514,-12.866103155555653
3794,256.10667497371514,-8.539860240001673
3795,256.10667497371514,-11.110737239233856
3796,256.10667497371514,-6.563755226373523
3797,256.10667497371514,-10.495454101151324
3798,256.10667497371514,-9.30691905511705
3799,256.10667497371514,-7.331109798143016
3800,256.10667497371514,-7.68811485547424
3801,256.10667497371514,-9.771029592826734
3802,256.10667497371514,-10.016984194830457
3803,256.10667497371514,-9.25578211098994
3804,256.10667497371514,-9.618608548344028
3805,256.10667497371514,-8.529313487128675
3806,256.10667497371514,-7.465072187135377
3807,256.10667497371514,-8.696504368321143
3808,256.10667497371514,-7.617289943016331
3809,256.10667497371514,-11.303989971852275
3810,256.10667497371514,-8.409070647692147
3811,256.1066749737152,-8.433189368941981
3812,256.10667497371514,-9.449835765328999
3813,256.10667497371514,-8.281110557149418
3814,256.10667497371514,-6.504855536698216
3815,256.10667497371514,-7.497954943077346
3816,256.10667497371514,-10.542206817105665
3817,256.10667497371514,-10.776707544421427
3818,256.10667497371514,-8.386043370429917
3819,256.10667497371514,-8.479599377803623
3820,256.10667497371514,-10.448505025047663
3821,256.10667497371514,-10.047838473006294
3822,256.10667497371514,-12.861069128045074
3823,256.10667497371514,-8.68271824787886
3824,256.10667497371514,-9.530883292403814
3825,256.10667497371514,-8.539118568746005
3826,256.10667497371514,-11.171071682374901
3827,256.10667497371514,-7.9427816299784695
3828,256.10667497371514,-10.244244130587191
3829,256.10667497371514,-10.523131196628754
3830,256.10667497371514,-6.525661441385608
3831,256.10667497371514,-6.897772105602229
3832,256.10667497371514,-10.637079187136138
3833,256.10667497371514,-7.484604625174526
3834,256.10667497371514,-6.6541003879289455
3835,256.10667497371514,-7.735591645874294
3836,256.10667497371514,-7.3968844995469
3837,256.10667497371514,-8.347350453766737
3838,256.10667497371514,-10.29501398461153
3839,256.10667497371514,-8.107047156593737
3840,256.10667497371514,-13.674944816695415
3841,256.10667497371514,-8.317123007497514
3842,256.10667497371514,-9.553488147973534
3843,256.10667497371514,-8.394443988158457
3844,256.10667497371514,-12.734706968256774
3845,256.10667497371514,-9.863992963178134
3846,256.10667497371514,-8.298198346447236
3847,256.10667497371514,-10.907579786068084
3848,256.10667497371514,-12.6856915433751
3849,256.10667497371514,-7.809770431996618
3850,256.10667497371514,-8.531133568785094
3851,256.10667497371514,-15.517247187212917
3852,256.10667497371514,-6.860818597315699
3853,256.10667497371514,-7.995790886516257
3854,256.10667497371514,-6.665690968992479
3855,256.10667497371514,-7.679432592957909
3856,256.10667497371514,-10.20895132125517
3857,256.10667497371514,-8.930378250667701
3858,256.10667497371514,-7.550025630762281
3859,256.10667497371514,-15.313778945972047
3860,256.10667497371514,-8.468458545967962
3861,256.10667497371514,-9.379657196790305
3862,256.10667497371514,-9.393440300832765
3863,256.10667497371514,-7.345439007317978
3864,256.10667497371514,-8.743024933102618
3865,256.10667497371514,-9.635388395148524
3866,256.10667497371514,-7.099313139456239
3867,256.10667497371514,-7.256694742825744
3868,256.10667497371514,-7.020567750213758
3869,256.10667497371514,-8.448200883691328
3870,256.10667497371514,-6.350447690070524
3871,256.10667497371514,-11.428091336289384
3872,256.10667497371514,-10.239912921365814
3873,256.10667497371514,-13.086425560366166
3874,256.10667497371514,-8.49462550390595
3875,256.10667497371514,-8.939260959087136
3876,256.10667497371514,-10.395521571035168
3877,256.10667497371514,-12.85299389040921
3878,256.10667497371514,-8.366282693862132
3879,256.10667497371514,-11.416565129973662
3880,256.10667497371514,-10.115605872729333
3881,256.10667497371514,-9.58887415285622
3882,256.10667497371514,-8.578830937217163
3883,256.10667497371514,-10.845551520387062
3884,256.10667497371514,-10.118966627644028
3885,256.10667497371514,-8.870389918952693
3886,256.10667497371514,-8.948044395190138
3887,256.10667497371514,-6.840946318527671
3888,256.10667497371514,-7.39349122935883
3889,256.10667497371514,-7.8975007085545315
3890,256.10667497371514,-9.289675042188463
3891,256.10667497371514,-7.372569394936718
3892,256.10667497371514,-7.756152947818862
3893,256.10667497371514,-7.290069784555641
3894,256.10667497371514,-7.913039980169742
3895,256.10667497371514,-7.22486858614397
3896,256.10667497371514,-11.531732103607904
3897,256.10667497371514,-14.42697431278043
3898,256.10667497371514,-7.244408490524947
3899,256.10667497371514,-7.02731263522594
3900,256.10667497371514,-12.175966077958236
3901,256.10667497371514,-10.550189495118872
3902,256.10667497371514,-7.820208099396538
3903,256.10667497371514,-7.441714279579422
3904,256.10667497371514,-8.59367446200244
3905,256.10667497371514,-9.089110631365145
3906,256.10667497371514,-13.530499897947834
3907,256.10667497371514,-8.958322786997055
3908,256.10667497371514,-8.673602918170062
3909,256.10667497371514,-10.580322019786394
3910,256.10667497371514,-8.316298612598558
3911,256.10667497371514,-9.214492204432958
3912,256.10667497371514,-9.592165512267457
3913,256.10667497371514,-8.694596495707922
3914,256.10667497371514,-11.003236060189437
3915,256.10667497371514,-7.261887432632761
3916,256.10667497371514,-10.487153497313273
3917,256.10667497371514,-8.205213027148332
3918,256.10667497371514,-7.6010957294640065
3919,256.10667497371514,-7.817700548782284
3920,256.10667497371514,-9.323329110496815
3921,256.10667497371514,-6.537433025546534
3922,256.10667497371514,-8.260828214220474
3923,256.10667497371514,-10.618327908246606
3924,256.10667497371514,-11.701736691954721
3925,256.10667497371514,-8.289483971073633
3926,256.10667497371514,-10.05884131331834
3927,256.10667497371514,-7.432954452349232
3928,256.10667497371514,-9.477629763575464
3929,256.10667497371514,-8.515492542281436
3930,256.10667497371514,-7.684778573670329
3931,256.10667497371514,-10.01596638768315
3932,256.10667497371514,-9.059852769368291
3933,256.10667497371514,-8.36698189558362
3934,256.10667497371514,-11.27469238479091
3935,256.10667497371514,-9.15394294700949
3936,256.10667497371514,-12.245962630379418
3937,256.10667497371514,-8.240042975027407
3938,256.10667497371514,-11.873487960869426
3939,256.10667497371514,-8.661649700865931
3940,256.10667497371514,-9.559538018991447
3941,256.10667497371514,-7.688349605932245
3942,256.10667497371514,-15.272662097254397
3943,256.10667497371514,-10.415109471342987
3944,256.10667497371514,-8.847212858595654
3945,256.10667497371514,-7.462448149370005
3946,256.10667497371514,-9.694561071031984
3947,256.10667497371514,-11.474135770824631
3948,256.10667497371514,-6.543603320546211
3949,256.10667497371514,-10.247091604254848
3950,256.10667497371514,-9.413689846170598
3951,256.10667497371514,-9.335233662116416
3952,256.10667497371514,-8.481778858570976
3953,256.10667497371514,-9.984856172919166
3954,256.10667497371514,-6.5934772710963045
3955,256.10667497371514,-9.636858030319871
3956,256.10667497371514,-10.518211459923862
3957,256.10667497371514,-8.071934870043833
3958,256.10667497371514,-7.859922511900834
3959,256.10667497371514,-7.532546734000594
3960,256.10667497371514,-9.433652669328708
3961,256.10667497371514,-8.669523149144766
3962,256.10667497371514,-9.586758484574688
3963,256.10667497371514,-10.014140403348776
3964,256.10667497371514,-9.714667692963644
3965,256.10667497371514,-7.653548509228301
3966,256.10667497371514,-16.92650458925678
3967,256.10667497371514,-10.501321114709175
3968,256.10667497371514,-12.011120197277876
3969,256.10667497371514,-8.500813853843212
3970,256.10667497371514,-13.039005501414422
3971,256.10667497371514,-11.278767136848273
3972,256.10667497371514,-11.677114893981184
3973,256.1066749737152,-8.426038605142452
3974,256.10667497371514,-8.866768722026578
3975,256.1066749737152,-8.999747106237692
3976,256.10667497371514,-8.632866907964448
3977,256.10667497371514,-9.342826473283218
3978,256.10667497371514,-9.25675991819243
3979,256.10667497371514,-11.205774472545215
3980,256.1066749737152,-10.349540796877317
3981,256.10667497371514,-14.395339024268976
3982,256.10667497371514,-9.29119354137947
3983,256.10667497371514,-7.535890483843431
3984,256.10667497371514,-21.044133642197764
3985,256.10667497371514,-8.255624763863892
3986,256.10667497371514,-9.187766885941897
3987,256.10667497371514,-9.238565237240039
3988,256.10667497371514,-10.042370539285798
3989,256.10667497371514,-12.033733037976626
3990,256.10667497371514,-9.138813681721132
3991,256.10667497371514,-6.932234960621287
3992,256.10667497371514,-9.828363740977295
3993,256.10667497371514,-8.776659848072995
3994,256.10667497371514,-8.964396549032188
3995,256.10667497371514,-8.434059817314846
3996,256.10667497371514,-7.2845228771468555
3997,256.10667497371514,-6.1768143773381325
3998,256.10667497371514,-10.656087220285258
3999,256.10667497371514,-15.17212559258681
4000,256.10667497371514,-7.3941962534480155
4001,256.10667497371514,-10.688790870495964
4002,256.10667497371514,-14.291105969957272
4003,256.10667497371514,-8.892972563010716
4004,256.10667497371514,-8.657064181014306
4005,256.10667497371514,-11.725578462920737
4006,256.10667497371514,-9.658698862011619
4007,256.10667497371514,-8.378588107783017
4008,256.10667497371514,-8.418085985699719
4009,256.10667497371514,-9.509899955981325
4010,256.10667497371514,-9.610505669480304
4011,256.10667497371514,-6.893455784201251
4012,256.10667497371514,-8.26807031938506
4013,256.1066749737152,-11.633395625952787
4014,256.10667497371514,-14.974162351401915
4015,256.10667497371514,-6.342505307064485
4016,256.10667497371514,-12.590609684549548
4017,256.10667497371514,-8.203294553697617
4018,256.10667497371514,-11.79826295685939
4019,256.10667497371514,-9.55595017655412
4020,256.10667497371514,-15.285753325449107
4021,256.10667497371514,-7.940595950954645
4022,256.10667497371514,-7.465553111967552
4023,256.10667497371514,-10.470474907769656
4024,256.10667497371514,-8.728302417786725
4025,256.10667497371514,-8.02963766450641
4026,256.10667497371514,-8.65293822349551
4027,256.10667497371514,-8.894768762307322
4028,256.10667497371514,-8.853018032699438
4029,256.10667497371514,-10.403384701372216
4030,256.10667497371514,-10.443502147336666
4031,256.10667497371514,-12.006814710256391
4032,256.10667497371514,-6.536016257664439
4033,256.10667497371514,-11.484948227514565
4034,256.10667497371514,-8.919241478411891
4035,256.10667497371514,-9.345879668326603
4036,256.10667497371514,-11.098408301945119
4037,256.10667497371514,-10.731853029302812
4038,256.10667497371514,-8.556052230670701
4039,256.10667497371514,-12.163217365043153
4040,256.10667497371514,-8.266562600810147
4041,256.10667497371514,-15.881717830514646
4042,256.10667497371514,-10.937938777816498
4043,256.10667497371514,-9.48021785364952
4044,256.10667497371514,-8.398549859303074
4045,256.10667497371514,-6.4191093426699695
4046,256.10667497371514,-11.838822855471022
4047,256.10667497371514,-8.842111233117606
4048,256.10667497371514,-9.81996713306114
4049,256.10667497371514,-17.91979646876419
4050,256.10667497371514,-6.801483628414715
4051,256.10667497371514,-9.803599675904259
4052,256.10667497371514,-10.972802095278382
4053,256.10667497371514,-12.659439028881252
4054,256.10667497371514,-12.18182880299372
4055,256.10667497371514,-6.861372449195855
4056,256.10667497371514,-7.263635124490378
4057,256.10667497371514,-10.408050230025196
4058,256.10667497371514,-10.08619606243461
4059,256.10667497371514,-8.984357799638076
4060,256.10667497371514,-11.054063354279378
4061,256.10667497371514,-9.40885423451347
4062,256.10667497371514,-9.571414263094177
4063,256.10667497371514,-10.690275150048205
4064,256.10667497371514,-10.11821108919932
4065,256.10667497371514,-12.100425057409389
4066,256.10667497371514,-7.428578493022883
4067,256.10667497371514,-6.610997133844478
4068,256.10667497371514,-8.95658604524283
4069,256.10667497371514,-12.313818469356278
4070,256.10667497371514,-8.97212790761787
4071,256.10667497371514,-8.426213492147156
4072,256.10667497371514,-8.667368416802297
4073,256.10667497371514,-8.899792193962213
4074,256.10667497371514,-13.167626867646419
4075,256.10667497371514,-6.373684437369803
4076,256.10667497371514,-11.584795497482986
4077,256.10667497371514,-7.724184742528223
4078,256.10667497371514,-8.331429332616977
4079,256.10667497371514,-10.90373504330691
4080,256.10667497371514,-10.182215115274886
4081,256.10667497371514,-11.42031752621159
4082,256.10667497371514,-9.184959131590716
4083,256.10667497371514,-8.432716474492445
4084,256.10667497371514,-6.735975143062255
4085,256.10667497371514,-7.249698598665162
4086,256.10667497371514,-13.493522734383149
4087,256.10667497371514,-16.8290475531512
4088,256.10667497371514,-9.928762758673631
4089,256.10667497371514,-11.947014455615232
4090,256.10667497371514,-8.669885356955945
4091,256.10667497371514,-6.361603162007917
4092,256.10667497371514,-8.468445356895842
4093,256.10667497371514,-9.407928133863095
4094,256.10667497371514,-10.093460348521006
4095,256.10667497371514,-8.44587294569088
4096,256.10667497371514,-7.755434388080218
4097,256.10667497371514,-10.593708383756415
4098,256.10667497371514,-10.875781596317012
4099,256.10667497371514,-10.701914479459049
4100,256.10667497371514,-11.563755508155424
4101,256.10667497371514,-11.102589431543421
4102,256.10667497371514,-7.3975619708079705
4103,256.10667497371514,-9.627093944144839
4104,256.10667497371514,-9.524714943284152
4105,256.10667497371514,-7.512281509268746
4106,256.1066749737152,-6.496274333157743
4107,256.1066749737152,-7.347796247809811
4108,256.10667497371514,-10.782448518087953
4109,256.10667497371514,-8.4792604686521
4110,256.10667497371514,-11.94427879421766
4111,256.10667497371514,-8.566390157427342
4112,256.10667497371514,-9.743244855102992
4113,256.10667497371514,-11.342848131957595
4114,256.10667497371514,-8.33185895615162
4115,256.10667497371514,-12.402208654631693
4116,256.10667497371514,-10.751354709628117
4117,256.10667497371514,-10.920344185657854
4118,256.10667497371514,-6.53586406747128
4119,256.10667497371514,-7.582177296419218
4120,256.10667497371514,-7.386684313423956
4121,256.10667497371514,-7.058221277123522
4122,256.10667497371514,-6.622680509118084
4123,256.10667497371514,-12.135275019225077
4124,256.10667497371514,-9.255964075808208
4125,256.10667497371514,-10.366163653968826
4126,256.10667497371514,-9.26111384267638
4127,256.10667497371514,-8.53078886305579
4128,256.10667497371514,-13.588379330233522
4129,256.10667497371514,-11.191369957188854
4130,256.10667497371514,-7.361988539171776
4131,256.10667497371514,-9.103636210792303
4132,256.10667497371514,-7.171056228152537
4133,256.10667497371514,-8.420621675229597
4134,256.10667497371514,-10.214967303105894
4135,256.10667497371514,-9.638285193493004
4136,256.10667497371514,-8.265420160125146
4137,256.10667497371514,-9.018198055388751
4138,256.10667497371514,-10.945418767093457
4139,256.10667497371514,-7.924057473195617
4140,256.10667497371514,-8.216141008235837
4141,256.10667497371514,-6.864997028548828
4142,256.10667497371514,-7.545867258399522
4143,256.10667497371514,-11.73711148651509
4144,256.10667497371514,-6.6687461384242965
4145,256.10667497371514,-8.519860066679769
4146,256.10667497371514,-14.71046727482684
4147,256.10667497371514,-6.711943048589433
4148,256.10667497371514,-8.42971486921823
4149,256.10667497371514,-12.823053987826057
4150,256.10667497371514,-7.629652130223036
4151,256.10667497371514,-8.407088363607551
4152,256.10667497371514,-7.543095185699514
4153,256.10667497371514,-8.205302639190933
4154,256.10667497371514,-8.432061286776175
4155,256.10667497371514,-11.90856932520802
4156,256.10667497371514,-16.535389207297015
4157,256.10667497371514,-11.821633943902185
4158,256.10667497371514,-8.958014806635411
4159,256.10667497371514,-8.163113861970459
4160,256.10667497371514,-11.467609302036422
4161,256.10667497371514,-6.26545478814802
4162,256.10667497371514,-8.18944957560571
4163,256.10667497371514,-8.798247523649877
4164,256.10667497371514,-9.066808782000749
4165,256.10667497371514,-7.303066245659451
4166,256.10667497371514,-7.578058395445325
4167,256.10667497371514,-7.763748778598099
4168,256.10667497371514,-7.31350230496912
4169,256.10667497371514,-9.703889406718076
4170,256.10667497371514,-8.382195563215618
4171,256.10667497371514,-6.4551178562295775
4172,256.10667497371514,-10.034881836542485
4173,256.10667497371514,-8.245094922421217
4174,256.10667497371514,-9.523257192691844
4175,256.10667497371514,-7.4337008156993
4176,256.10667497371514,-13.24582638144119
4177,256.10667497371514,-9.342958130887695
4178,256.10667497371514,-7.6237257837491725
4179,256.10667497371514,-10.12644706508192
4180,256.10667497371514,-8.782893490145753
4181,256.10667497371514,-10.136324336186732
4182,256.10667497371514,-8.816168131520953
4183,256.10667497371514,-8.672618612064241
4184,256.10667497371514,-6.890543417215753
4185,256.10667497371514,-9.78709355685369
4186,256.10667497371514,-8.676581055667697
4187,256.10667497371514,-9.51479389640611
4188,256.10667497371514,-7.583028495151268
4189,256.10667497371514,-6.660983662905061
4190,256.10667497371514,-7.782369529668969
4191,256.10667497371514,-9.58691534375086
4192,256.10667497371514,-11.553602621560714
4193,256.10667497371514,-12.058444725242936
4194,256.10667497371514,-10.788750516590504
4195,256.1066749737152,-6.699415702051525
4196,256.10667497371514,-9.610641355735936
4197,256.10667497371514,-9.541019871999666
4198,256.10667497371514,-12.374023703033117
4199,256.10667497371514,-10.950088558222731
4200,256.10667497371514,-9.87771062968369
4201,256.10667497371514,-10.841841122474449
4202,256.10667497371514,-9.374339364748408
4203,256.10667497371514,-10.491551462938343
4204,256.10667497371514,-9.635739502334673
4205,256.10667497371514,-14.066052617256076
4206,256.10667497371514,-8.839092884628286
4207,256.10667497371514,-8.734848590310975
4208,256.10667497371514,-11.80289009343673
4209,256.10667497371514,-7.884284909698437
4210,256.10667497371514,-8.5370191253525
4211,256.10667497371514,-9.316456531198014
4212,256.10667497371514,-9.962318019113866
4213,256.10667497371514,-8.688563280601176
4214,256.10667497371514,-6.371908214219502
4215,256.10667497371514,-9.332023628316847
4216,256.10667497371514,-9.77674539726732
4217,256.10667497371514,-12.90607412906104
4218,256.10667497371514,-10.868831122433193
4219,256.10667497371514,-9.143606039537218
4220,256.10667497371514,-10.621939877935109
4221,256.10667497371514,-9.895505591256963
4222,256.10667497371514,-8.442758159810325
4223,256.10667497371514,-7.365294727119434
4224,256.10667497371514,-8.57036086123469
4225,256.10667497371514,-8.631874750283657
4226,256.10667497371514,-14.152811511745199
4227,256.10667497371514,-7.594607383902371
4228,256.10667497371514,-7.416834889906198
4229,256.10667497371514,-11.147323709928514
4230,256.1066749737152,-8.787290891982252
4231,256.10667497371514,-8.195569187775973
4232,256.10667497371514,-6.285823761306716
4233,256.10667497371514,-12.84194047409133
4234,256.10667497371514,-12.48994271597411
4235,256.10667497371514,-9.72623488315977
4236,256.10667497371514,-9.167748414691232
4237,256.10667497371514,-9.425414580242954
4238,256.10667497371514,-8.761487733726995
4239,256.10667497371514,-10.719092037000735
4240,256.10667497371514,-6.436761512041797
4241,256.10667497371514,-8.955406400428132
4242,256.10667497371514,-9.165348917584865
4243,256.10667497371514,-8.789032477240369
4244,256.10667497371514,-8.389825760528538
4245,256.10667497371514,-7.241487960083184
4246,256.10667497371514,-8.634489065978471
4247,256.10667497371514,-9.610758340501825
4248,256.10667497371514,-6.525352858462817
4249,256.10667497371514,-8.914567897115191
4250,256.10667497371514,-6.35008573376237
4251,256.10667497371514,-8.239556897276278
4252,256.10667497371514,-9.853134902788113
4253,256.10667497371514,-10.990999836247155
4254,256.10667497371514,-10.995233490039396
4255,256.10667497371514,-7.66246680870168
4256,256.10667497371514,-7.70781339673861
4257,256.10667497371514,-8.364719661228577
4258,256.10667497371514,-8.902563318768767
4259,256.10667497371514,-12.049793465166069
4260,256.10667497371514,-18.260835390653526
4261,256.10667497371514,-11.606439149001204
4262,256.10667497371514,-8.905537905727243
4263,256.10667497371514,-8.674062777195758
4264,256.10667497371514,-7.630848095695114
4265,256.10667497371514,-10.059108090021198
4266,256.10667497371514,-10.309868418725955
4267,256.10667497371514,-7.599368815893996
4268,256.10667497371514,-10.211168877902594
4269,256.10667497371514,-13.087899773855781
4270,256.10667497371514,-8.882260980810145
4271,256.10667497371514,-9.804727430086075
4272,256.10667497371514,-6.84551822767159
4273,256.10667497371514,-8.887540263590978
4274,256.10667497371514,-9.369961969915181
4275,256.10667497371514,-8.367766653808843
4276,256.10667497371514,-8.414271598014011
4277,256.10667497371514,-8.307445066243247
4278,256.10667497371514,-7.88690642037281
4279,256.10667497371514,-11.267524713885408
4280,256.10667497371514,-14.443858257934181
4281,256.10667497371514,-10.452987540709444
4282,256.10667497371514,-8.460226677534678
4283,256.10667497371514,-9.826913988546742
4284,256.10667497371514,-10.790561197402667
4285,256.10667497371514,-7.770767668229368
4286,256.10667497371514,-9.625306921139838
4287,256.10667497371514,-8.745212621901175
4288,256.10667497371514,-10.590323244427992
4289,256.10667497371514,-6.250516734009068
4290,256.10667497371514,-7.52086742292407
4291,256.10667497371514,-8.337381932178744
4292,256.10667497371514,-8.718885550530548
4293,256.10667497371514,-9.101103088084074
4294,256.10667497371514,-8.019423913643784
4295,256.10667497371514,-13.004469717428236
4296,256.10667497371514,-9.570721096199208
4297,256.10667497371514,-12.207642269713133
4298,256.10667497371514,-9.887418874328915
4299,256.10667497371514,-8.780431149763643
4300,256.10667497371514,-8.741552847050997
4301,256.10667497371514,-7.6277996855180135
4302,256.10667497371514,-9.483125759482363
4303,256.10667497371514,-6.951147412718342
4304,256.10667497371514,-11.059224771471463
4305,256.10667497371514,-10.040350662511855
4306,256.10667497371514,-9.470952483047483
4307,256.10667497371514,-9.53836591186888
4308,256.10667497371514,-9.431574714383359
4309,256.10667497371514,-7.3958319980465035
4310,256.10667497371514,-7.7470133923849005
4311,256.10667497371514,-9.407770868992685
4312,256.10667497371514,-11.769043273887739
4313,256.10667497371514,-6.8673079026850985
4314,256.10667497371514,-8.791678973629644
4315,256.10667497371514,-10.610360846582111
4316,256.10667497371514,-11.918518072556097
4317,256.10667497371514,-9.489555438910855
4318,256.10667497371514,-7.800303218270685
4319,256.10667497371514,-12.838612451799378
4320,256.10667497371514,-13.786640721063419
4321,256.10667497371514,-8.42915194364565
4322,256.10667497371514,-11.667515940196523
4323,256.10667497371514,-10.086985178651162
4324,256.10667497371514,-12.295152658483204
4325,256.10667497371514,-8.439678449421876
4326,256.10667497371514,-9.977792710545302
4327,256.10667497371514,-7.4077154203355065
4328,256.10667497371514,-8.648306607814632
4329,256.10667497371514,-8.169899623282461
4330,256.10667497371514,-8.459490047889261
4331,256.10667497371514,-9.708099899918992
4332,256.10667497371514,-8.37290748481837
4333,256.10667497371514,-8.023954347499142
4334,256.10667497371514,-13.03407152340094
4335,256.10667497371514,-6.746906924117923
4336,256.10667497371514,-6.844635407828946
4337,256.10667497371514,-10.022152082820242
4338,256.10667497371514,-14.517943015020904
4339,256.10667497371514,-10.947965249676201
4340,256.10667497371514,-10.26582193191716
4341,256.10667497371514,-8.184822370862518
4342,256.10667497371514,-7.2063578140912625
4343,256.10667497371514,-11.063268321793117
4344,256.10667497371514,-7.78552095715267
4345,256.10667497371514,-7.109256915354496
4346,256.10667497371514,-9.818472037028016
4347,256.10667497371514,-7.9254746148275
4348,256.10667497371514,-10.223958879622643
4349,256.10667497371514,-7.565823596508238
4350,256.10667497371514,-11.79122361985754
4351,256.1066749737152,-12.642472556463474
4352,256.10667497371514,-7.623021966111793
4353,256.10667497371514,-8.375736951088882
4354,256.10667497371514,-8.890774408285296
4355,256.10667497371514,-8.098385877511554
4356,256.10667497371514,-9.868216175157215
4357,256.10667497371514,-7.907916564349971
4358,256.10667497371514,-8.759907020073683
4359,256.10667497371514,-8.701048556184418
4360,256.10667497371514,-12.856038432557
4361,256.10667497371514,-9.964665963796108
4362,256.10667497371514,-11.911979328677893
4363,256.10667497371514,-8.257969001636894
4364,256.10667497371514,-11.257909593031787
4365,256.10667497371514,-6.393081498471986
4366,256.10667497371514,-7.254057686892253
4367,256.10667497371514,-9.400099817304351
4368,256.10667497371514,-9.751358542851127
4369,256.10667497371514,-7.15198416461336
4370,256.10667497371514,-7.48847336616781
4371,256.10667497371514,-11.134865217298838
4372,256.1066749737152,-7.001704085937462
4373,256.10667497371514,-10.539199646382093
4374,256.10667497371514,-8.976176676879874
4375,256.10667497371514,-8.779556307216751
4376,256.10667497371514,-8.439685197289663
4377,256.10667497371514,-10.755983133661445
4378,256.10667497371514,-9.535768206860077
4379,256.10667497371514,-12.825648754448252
4380,256.10667497371514,-14.630452417865424
4381,256.10667497371514,-5.3530784877928
4382,256.10667497371514,-7.740553457489284
4383,256.10667497371514,-11.925453995752008
4384,256.10667497371514,-7.991141243213264
4385,256.10667497371514,-11.763433986300043
4386,256.10667497371514,-13.974334725782143
4387,256.10667497371514,-8.650286691820554
4388,256.10667497371514,-9.042863404588914
4389,256.10667497371514,-8.674011908099658
4390,256.10667497371514,-8.5114409403146
4391,256.10667497371514,-6.869715768189138
4392,256.10667497371514,-8.686515121074336
4393,256.10667497371514,-8.81871441906678
4394,256.10667497371514,-7.610731534360255
4395,256.10667497371514,-9.707492665378163
4396,256.10667497371514,-10.067446336851134
4397,256.10667497371514,-11.597793249977755
4398,256.1066749737152,-10.23560071485337
4399,256.10667497371514,-6.972849671308786
4400,256.10667497371514,-11.51551458341767
4401,256.10667497371514,-10.231248757263103
4402,256.10667497371514,-8.376051993559678
4403,256.10667497371514,-11.589441726356377
4404,256.10667497371514,-7.376245309884943
4405,256.10667497371514,-7.436184082056116
4406,256.10667497371514,-9.255798007438415
4407,256.10667497371514,-11.864909894017808
4408,256.10667497371514,-8.313295156850444
4409,256.10667497371514,-7.851766787769719
4410,256.10667497371514,-9.37980020294794
4411,256.10667497371514,-8.133417970328225
4412,256.10667497371514,-10.014231474801761
4413,256.10667497371514,-11.823266345944319
4414,256.10667497371514,-9.374061466028671
4415,256.10667497371514,-8.968732631014134
4416,256.10667497371514,-8.255830108897527
4417,256.10667497371514,-9.851452686068072
4418,256.10667497371514,-7.341175582479906
4419,256.10667497371514,-8.443905201440543
4420,256.10667497371514,-10.626798436036466
4421,256.10667497371514,-9.69419973215642
4422,256.10667497371514,-7.928049746751839
4423,256.10667497371514,-10.469374310457304
4424,256.10667497371514,-8.24383833357782
4425,256.10667497371514,-9.922829580381176
4426,256.10667497371514,-7.151145917925348
4427,256.10667497371514,-12.378690473586683
4428,256.10667497371514,-8.371814296068322
4429,256.10667497371514,-7.7777428649743285
4430,256.10667497371514,-10.379298069060994
4431,256.10667497371514,-13.009902698624025
4432,256.10667497371514,-7.500594782253799
4433,256.10667497371514,-11.642539320606687
4434,256.10667497371514,-9.711224157475357
4435,256.10667497371514,-8.785918100438067
4436,256.10667497371514,-6.183385193562685
4437,256.10667497371514,-7.518625860509957
4438,256.10667497371514,-9.794206218803254
4439,256.10667497371514,-15.118264384577694
4440,256.10667497371514,-9.465114530176411
4441,256.10667497371514,-6.618447185998079
4442,256.10667497371514,-7.30533501838944
4443,256.10667497371514,-8.617603971456347
4444,256.10667497371514,-8.237085726012445
4445,256.10667497371514,-11.108863686139784
4446,256.10667497371514,-10.133641158283183
4447,256.10667497371514,-9.235424211485828
4448,256.10667497371514,-10.87767803883792
4449,256.10667497371514,-12.823778158901405
4450,256.10667497371514,-11.723952835314464
4451,256.10667497371514,-9.485981134556056
4452,256.10667497371514,-9.309951694877782
4453,256.1066749737152,-12.958030715315962
4454,256.10667497371514,-8.144369049760371
4455,256.10667497371514,-10.615715134441132
4456,256.10667497371514,-6.468702000979739
4457,256.10667497371514,-10.190528278334426
4458,256.10667497371514,-12.026644132204211
4459,256.10667497371514,-9.880016079363912
4460,256.10667497371514,-13.300108397631803
4461,256.10667497371514,-8.635614834826299
4462,256.10667497371514,-10.047084048812508
4463,256.10667497371514,-8.61994930599974
4464,256.10667497371514,-8.45218832846112
4465,256.10667497371514,-9.112532461930158
4466,256.10667497371514,-17.643996349114232
4467,256.10667497371514,-8.781515065451876
4468,256.10667497371514,-9.684834582943836
4469,256.10667497371514,-11.012344114873969
4470,256.10667497371514,-11.183338801803515
4471,256.10667497371514,-6.697864491083237
4472,256.10667497371514,-6.543652341231166
4473,256.10667497371514,-10.768314244866815
4474,256.10667497371514,-9.206805038493087
4475,256.10667497371514,-13.155702715657474
4476,256.10667497371514,-15.412690551381942
4477,256.10667497371514,-11.3503411571427
4478,256.10667497371514,-6.7175176507245435
4479,256.10667497371514,-9.723177722066964
4480,256.10667497371514,-19.697176222014036
4481,256.10667497371514,-9.140736918763935
4482,256.10667497371514,-9.746780199398046
4483,256.10667497371514,-9.165120395652266
4484,256.10667497371514,-11.866194472902635
4485,256.10667497371514,-12.448848823743305
4486,256.10667497371514,-8.747279746463022
4487,256.10667497371514,-9.545043081702204
4488,256.10667497371514,-12.599975203170942
4489,256.10667497371514,-8.303037471417412
4490,256.10667497371514,-6.738790119533595
4491,256.10667497371514,-6.7595800790828235
4492,256.10667497371514,-14.554637629390783
4493,256.10667497371514,-12.046995039371694
4494,256.10667497371514,-10.47306204359558
4495,256.10667497371514,-11.930649459707922
4496,256.10667497371514,-11.15104726460224
4497,256.10667497371514,-8.408992229565868
4498,256.10667497371514,-9.312305501155691
4499,256.10667497371514,-10.879257862731777
4500,256.10667497371514,-8.19459354810914
4501,256.10667497371514,-8.587339722209862
4502,256.10667497371514,-10.371338624474092
4503,256.10667497371514,-7.940126493138337
4504,256.1066749737152,-6.570865482422931
4505,256.10667497371514,-9.181967061836453
4506,256.10667497371514,-8.783444291824509
4507,256.10667497371514,-6.710509468786242
4508,256.10667497371514,-10.566920135601947
4509,256.10667497371514,-6.916878684439762
4510,256.10667497371514,-7.098989385164515
4511,256.10667497371514,-11.730361755989335
4512,256.10667497371514,-10.360699349302095
4513,256.10667497371514,-13.041535753751063
4514,256.10667497371514,-8.353891295989001
4515,256.10667497371514,-17.218842215465457
4516,256.10667497371514,-6.322167662827056
4517,256.10667497371514,-7.6705237610473915
4518,256.10667497371514,-9.673924931576831
4519,256.10667497371514,-7.3558159754353625
4520,256.10667497371514,-12.319834179683113
4521,256.10667497371514,-6.765511769958678
4522,256.10667497371514,-10.8907990690426
4523,256.10667497371514,-10.259620089177446
4524,256.10667497371514,-6.765875773382987
4525,256.10667497371514,-12.148324282666977
4526,256.10667497371514,-10.072842218622412
4527,256.10667497371514,-11.384164485107789
4528,256.10667497371514,-7.66659497033433
4529,256.10667497371514,-12.01949515391945
4530,256.10667497371514,-9.481899570760731
4531,256.10667497371514,-13.41945720317655
4532,256.10667497371514,-10.214935555530161
4533,256.10667497371514,-9.285871894941096
4534,256.10667497371514,-8.836583113831185
4535,256.10667497371514,-8.917863370988243
4536,256.10667497371514,-6.828091619731836
4537,256.10667497371514,-9.771781419191107
4538,256.10667497371514,-12.653882277304263
4539,256.10667497371514,-8.567258527624773
4540,256.10667497371514,-8.454023593480173
4541,256.10667497371514,-7.757843607945659
4542,256.10667497371514,-12.135163936550505
4543,256.10667497371514,-13.223315442937235
4544,256.10667497371514,-9.404027644196901
4545,256.10667497371514,-10.220560277196086
4546,256.1066749737152,-10.776542758029642
4547,256.10667497371514,-9.346789986688327
4548,256.10667497371514,-7.146147687073011
4549,256.10667497371514,-11.348685079470485
4550,256.10667497371514,-7.283454903069363
4551,256.10667497371514,-7.953083956479361
4552,256.10667497371514,-8.498939635186488
4553,256.10667497371514,-12.34580940118056
4554,256.10667497371514,-10.08926564084743
4555,256.10667497371514,-9.489587602734431
4556,256.10667497371514,-7.294020004900489
4557,256.10667497371514,-8.295023634145196
4558,256.10667497371514,-7.174345983154296
4559,256.10667497371514,-7.227756697871577
4560,256.10667497371514,-8.684210358793166
4561,256.10667497371514,-9.56051138533168
4562,256.10667497371514,-8.434800693234536
4563,256.10667497371514,-10.036948790592731
4564,256.10667497371514,-8.345865305052527
4565,256.10667497371514,-16.65056740692863
4566,256.10667497371514,-8.33375103099155
4567,256.10667497371514,-9.066002228822185
4568,256.10667497371514,-10.992321125817085
4569,256.10667497371514,-5.517240045966444
4570,256.10667497371514,-8.798873154256146
4571,256.10667497371514,-9.832921669027144
4572,256.10667497371514,-10.470120639822575
4573,256.10667497371514,-8.418336797259137
4574,256.10667497371514,-10.305858620530216
4575,256.10667497371514,-12.462076605344691
4576,256.10667497371514,-8.414858750510632
4577,256.10667497371514,-16.895653644584876
4578,256.10667497371514,-10.322252097952287
4579,256.10667497371514,-11.923699626003746
4580,256.10667497371514,-6.640168667013029
4581,256.10667497371514,-9.996772767435658
4582,256.10667497371514,-9.331858166022442
4583,256.10667497371514,-6.619585405074233
4584,256.1066749737152,-8.75776276531775
4585,256.10667497371514,-7.724843859573419
4586,256.10667497371514,-12.19030110963908
4587,256.10667497371514,-8.955044412880426
4588,256.10667497371514,-9.495706197339047
4589,256.10667497371514,-11.815787390631256
4590,256.10667497371514,-8.450090811435047
4591,256.10667497371514,-7.552556567163322
4592,256.10667497371514,-7.253221878984334
4593,256.10667497371514,-8.581558153572928
4594,256.10667497371514,-7.541610218346264
4595,256.10667497371514,-17.97481908977958
4596,256.10667497371514,-7.633153612684605
4597,256.10667497371514,-9.641486078196394
4598,256.10667497371514,-11.383272498906138
4599,256.10667497371514,-9.329381929495321
4600,256.10667497371514,-8.440072221656816
4601,256.10667497371514,-7.552849703165656
4602,256.10667497371514,-9.659928729659168
4603,256.10667497371514,-7.62706397272936
4604,256.10667497371514,-6.436505768751388
4605,256.10667497371514,-8.623836006676413
4606,256.10667497371514,-10.904970837600926
4607,256.10667497371514,-8.599358312576484
4608,256.10667497371514,-8.795585353039982
4609,256.10667497371514,-6.738324826237545
4610,256.10667497371514,-9.510925671815059
4611,256.10667497371514,-11.627602986633832
4612,256.10667497371514,-12.079962807273944
4613,256.10667497371514,-9.402098694396923
4614,256.10667497371514,-15.183606995689797
4615,256.10667497371514,-7.499311044722587
4616,256.10667497371514,-8.557768075550314
4617,256.10667497371514,-9.516767203669787
4618,256.10667497371514,-8.131305642883348
4619,256.10667497371514,-8.990141003467073
4620,256.1066749737152,-10.136593892850602
4621,256.10667497371514,-10.02462036860311
4622,256.10667497371514,-7.124783443342055
4623,256.10667497371514,-9.294481374729735
4624,256.10667497371514,-10.175534000264978
4625,256.10667497371514,-9.221505337365443
4626,256.10667497371514,-10.085965678717258
4627,256.10667497371514,-8.211053139389822
4628,256.10667497371514,-16.286465952942756
4629,256.10667497371514,-9.765273648404161
4630,256.10667497371514,-11.889168472462828
4631,256.10667497371514,-6.506434487803915
4632,256.10667497371514,-12.3395740284334
4633,256.10667497371514,-10.059987473416783
4634,256.10667497371514,-9.176514458965158
4635,256.10667497371514,-13.014436444726325
4636,256.10667497371514,-11.904210353793985
4637,256.10667497371514,-10.099952642977428
4638,256.10667497371514,-8.461459753271555
4639,256.10667497371514,-8.931393893023092
4640,256.10667497371514,-10.601337451646884
4641,256.10667497371514,-11.66519448029598
4642,256.10667497371514,-9.221821758130659
4643,256.10667497371514,-6.362145798326324
4644,256.10667497371514,-8.440240792979353
4645,256.10667497371514,-7.98442784693998
4646,256.10667497371514,-9.709802055165158
4647,256.10667497371514,-10.976104666123092
4648,256.10667497371514,-12.8257410960655
4649,256.10667497371514,-9.567574411090362
4650,256.10667497371514,-7.741777816818853
4651,256.10667497371514,-6.254349104043712
4652,256.10667497371514,-10.523051568086828
4653,256.10667497371514,-11.751452468806747
4654,256.10667497371514,-9.629585791642722
4655,256.10667497371514,-7.881823231677146
4656,256.10667497371514,-7.898171621696626
4657,256.10667497371514,-9.770875274020142
4658,256.10667497371514,-7.890600939309337
4659,256.10667497371514,-8.663596502846218
4660,256.10667497371514,-10.088396680046838
4661,256.10667497371514,-10.10659110247228
4662,256.10667497371514,-8.734871126268132
4663,256.10667497371514,-7.483200884850675
4664,256.10667497371514,-11.504541278585492
4665,256.10667497371514,-11.559904759791266
4666,256.10667497371514,-8.448724916188553
4667,256.10667497371514,-7.777778731148231
4668,256.10667497371514,-6.943984986026409
4669,256.10667497371514,-10.750966562655549
4670,256.10667497371514,-6.386365068299426
4671,256.10667497371514,-9.577739748498402
4672,256.10667497371514,-7.288464797553722
4673,256.10667497371514,-8.467762782797905
4674,256.10667497371514,-8.561356120481548
4675,256.10667497371514,-10.214965870438363
4676,256.10667497371514,-13.116182622952095
4677,256.10667497371514,-7.546301694055501
4678,256.10667497371514,-7.985904188227153
4679,256.10667497371514,-11.178022306233217
4680,256.10667497371514,-7.597102255672581
4681,256.10667497371514,-8.608791041932466
4682,256.1066749737152,-10.962455677620326
4683,256.10667497371514,-8.89230487484059
4684,256.10667497371514,-7.729590621540019
4685,256.10667497371514,-11.44280620372814
4686,256.10667497371514,-11.109656282073928
4687,256.10667497371514,-7.61773198644579
4688,256.10667497371514,-9.391086464266039
4689,256.10667497371514,-8.750759490666653
4690,256.10667497371514,-6.394118347321495
4691,256.10667497371514,-8.844892520661329
4692,256.10667497371514,-7.171846269807986
4693,256.10667497371514,-8.397150017161152
4694,256.10667497371514,-8.947793784332404
4695,256.10667497371514,-8.804688821255297
4696,256.10667497371514,-10.376797722410558
4697,256.10667497371514,-9.799414563309853
4698,256.10667497371514,-13.423191013299736
4699,256.10667497371514,-10.640567575611328
4700,256.10667497371514,-8.48205079603872
4701,256.10667497371514,-14.449352290044573
4702,256.10667497371514,-7.771249945370357
4703,256.10667497371514,-9.611117138018159
4704,256.10667497371514,-7.854537550680618
4705,256.10667497371514,-13.980290211344254
4706,256.10667497371514,-10.659341852956487
4707,256.10667497371514,-9.57201634324798
4708,256.10667497371514,-11.119864074792972
4709,256.10667497371514,-10.348426454418416
4710,256.10667497371514,-9.663791223014911
4711,256.10667497371514,-13.613365730608251
4712,256.10667497371514,-7.65445757776213
4713,256.10667497371514,-7.298358481137981
4714,256.10667497371514,-9.030014995120013
4715,256.10667497371514,-10.951640005939424
4716,256.10667497371514,-8.454889686406574
4717,256.10667497371514,-9.010870649560118
4718,256.10667497371514,-11.279270019566951
4719,256.10667497371514,-7.498088166596574
4720,256.10667497371514,-7.9006992517526555
4721,256.10667497371514,-9.076145982457312
4722,256.10667497371514,-11.627367428241683
4723,256.10667497371514,-9.698192564241396
4724,256.10667497371514,-12.59021482454446
4725,256.10667497371514,-9.494336657252603
4726,256.10667497371514,-11.571761153221317
4727,256.10667497371514,-11.160290599185174
4728,256.10667497371514,-11.232866101719083
4729,256.10667497371514,-14.709021150336355
4730,256.10667497371514,-10.72082496892051
4731,256.1066749737152,-9.324744049804366
4732,256.10667497371514,-9.732045435010477
4733,256.10667497371514,-9.417032939353348
4734,256.10667497371514,-10.21128057808545
4735,256.10667497371514,-7.361618904259416
4736,256.10667497371514,-7.054753675947666
4737,256.10667497371514,-7.983008762646705
4738,256.10667497371514,-12.867566183761555
4739,256.10667497371514,-14.198599318776076
4740,256.10667497371514,-11.570660343814836
4741,256.10667497371514,-7.694524346472804
4742,256.10667497371514,-11.604683854983264
4743,256.10667497371514,-8.334177093758939
4744,256.10667497371514,-8.856584652166177
4745,256.10667497371514,-8.019604734196918
4746,256.10667497371514,-8.98921393987689
4747,256.10667497371514,-11.748370784978789
4748,256.10667497371514,-9.088276964935858
4749,256.10667497371514,-12.029313822730472
4750,256.10667497371514,-7.431855646149415
4751,256.10667497371514,-9.193945323577083
4752,256.10667497371514,-7.38309936261841
4753,256.10667497371514,-8.88864715696397
4754,256.10667497371514,-7.6106750320405325
4755,256.10667497371514,-7.280528927514235
4756,256.10667497371514,-9.386609875405384
4757,256.10667497371514,-11.074597076237765
4758,256.10667497371514,-12.43592209453601
4759,256.10667497371514,-9.554872281062583
4760,256.10667497371514,-10.68387934261595
4761,256.10667497371514,-13.58039507748191
4762,256.10667497371514,-8.689501497687182
4763,256.10667497371514,-10.687409416257992
4764,256.10667497371514,-10.737709242686293
4765,256.10667497371514,-8.845010737169162
4766,256.10667497371514,-12.508730417302417
4767,256.10667497371514,-12.04031734743873
4768,256.10667497371514,-8.313591020206118
4769,256.10667497371514,-11.971705725390962
4770,256.10667497371514,-8.26144459355379
4771,256.10667497371514,-7.702889723221212
4772,256.10667497371514,-6.586797911443512
4773,256.10667497371514,-7.604618057018005
4774,256.10667497371514,-12.797819382115762
4775,256.10667497371514,-8.288508962123672
4776,256.10667497371514,-7.850133007515041
4777,256.10667497371514,-12.608701347193204
4778,256.10667497371514,-8.117418959381666
4779,256.10667497371514,-7.591568933141076
4780,256.10667497371514,-9.320570073421578
4781,256.1066749737152,-7.996267124196379
4782,256.10667497371514,-13.336460185502773
4783,256.10667497371514,-9.868800286669753
4784,256.10667497371514,-7.39548884905679
4785,256.10667497371514,-6.5117046782020225
4786,256.10667497371514,-8.440154785136194
4787,256.10667497371514,-9.883575771359915
4788,256.10667497371514,-9.480488431226675
4789,256.10667497371514,-10.896058403785798
4790,256.10667497371514,-10.958136447383637
4791,256.10667497371514,-7.535874090009742
4792,256.10667497371514,-11.374472907739516
4793,256.10667497371514,-8.150617056032829
4794,256.10667497371514,-14.605655362047813
4795,256.10667497371514,-10.858148653903527
4796,256.10667497371514,-8.039387384279706
4797,256.10667497371514,-9.158629134046464
4798,256.10667497371514,-8.595599481066898
4799,256.10667497371514,-6.5547666167706495
4800,256.10667497371514,-8.045985964922458
4801,256.10667497371514,-11.447070865867214
4802,256.10667497371514,-8.357618872268233
4803,256.10667497371514,-15.228833274294942
4804,256.10667497371514,-8.514625752949385
4805,256.10667497371514,-8.472454400194739
4806,256.10667497371514,-7.319500132128525
4807,256.10667497371514,-11.682336808918606
4808,256.10667497371514,-8.906039465965655
4809,256.10667497371514,-11.834394463479839
4810,256.10667497371514,-9.487424885212462
4811,256.10667497371514,-7.269756118586898
4812,256.10667497371514,-9.92224920520016
4813,256.10667497371514,-7.368001358628774
4814,256.10667497371514,-8.243844388583454
4815,256.10667497371514,-10.141237678173518
4816,256.10667497371514,-6.301409721056018
4817,256.10667497371514,-9.386984652752687
4818,256.10667497371514,-7.873180644399284
4819,256.10667497371514,-11.784975671802052
4820,256.10667497371514,-6.70256334960969
4821,256.10667497371514,-7.199555302265708
4822,256.10667497371514,-6.581981578488467
4823,256.10667497371514,-11.232308412457769
4824,256.10667497371514,-7.74341985619364
4825,256.10667497371514,-7.349511236898067
4826,256.10667497371514,-7.274824692345163
4827,256.10667497371514,-10.654857811095571
4828,256.10667497371514,-7.492304076194628
4829,256.10667497371514,-8.689775916714552
4830,256.10667497371514,-13.020578314614795
4831,256.10667497371514,-12.770476894062568
4832,256.10667497371514,-7.251165912532713
4833,256.1066749737152,-10.970499607490524
4834,256.10667497371514,-7.401882010381286
4835,256.10667497371514,-11.200540734441773
4836,256.10667497371514,-10.837694351455326
4837,256.10667497371514,-5.688377036668612
4838,256.10667497371514,-13.151174303920868
4839,256.10667497371514,-7.8262449138698855
4840,256.10667497371514,-7.6448053240245315
4841,256.10667497371514,-9.58045380721606
4842,256.10667497371514,-11.874207436873562
4843,256.10667497371514,-7.875616355403309
4844,256.10667497371514,-9.477951162815685
4845,256.10667497371514,-9.991335413280455
4846,256.10667497371514,-8.644522275700865
4847,256.10667497371514,-9.370342802789878
4848,256.10667497371514,-11.057096197350319
4849,256.10667497371514,-7.319251662375365
4850,256.10667497371514,-10.838654298527999
4851,256.10667497371514,-8.995556050155585
4852,256.10667497371514,-8.423237698201092
4853,256.10667497371514,-10.418248989541695
4854,256.10667497371514,-11.54563153097724
4855,256.10667497371514,-8.36256837130901
4856,256.10667497371514,-13.763425075245948
4857,256.10667497371514,-7.90016087034445
4858,256.10667497371514,-11.12552470107994
4859,256.10667497371514,-11.4759554306695
4860,256.10667497371514,-9.931097921481864
4861,256.10667497371514,-12.208541405071088
4862,256.10667497371514,-9.527366623954222
4863,256.10667497371514,-11.218295681421786
4864,256.10667497371514,-11.209199016597893
4865,256.10667497371514,-10.743240600241961
4866,256.10667497371514,-7.595563829062774
4867,256.10667497371514,-8.634630428319525
4868,256.1066749737152,-9.481111927199606
4869,256.10667497371514,-7.739222299501478
4870,256.10667497371514,-6.489074016673214
4871,256.10667497371514,-8.264424782758283
4872,256.10667497371514,-9.499614228390982
4873,256.10667497371514,-10.176467958008146
4874,256.10667497371514,-7.668073140778375
4875,256.10667497371514,-7.3459783098934786
4876,256.10667497371514,-8.361870312733918
4877,256.10667497371514,-8.651557588090867
4878,256.10667497371514,-8.526742466790694
4879,256.10667497371514,-12.11976415506604
4880,256.10667497371514,-8.216982530714432
4881,256.10667497371514,-14.015228250408313
4882,256.10667497371514,-9.429957047151362
4883,256.10667497371514,-8.255021128955981
4884,256.10667497371514,-9.904417191987726
4885,256.10667497371514,-13.289841849609047
4886,256.10667497371514,-8.505104232290421
4887,256.10667497371514,-13.551426943357654
4888,256.10667497371514,-9.13069716294973
4889,256.10667497371514,-6.716651143553548
4890,256.10667497371514,-11.915995384605793
4891,256.10667497371514,-9.608306672144522
4892,256.10667497371514,-7.2456485676313775
4893,256.10667497371514,-12.979050038206367
4894,256.10667497371514,-8.275564522204377
4895,256.10667497371514,-7.313856509541665
4896,256.10667497371514,-9.062951753657046
4897,256.10667497371514,-10.46356660022937
4898,256.10667497371514,-7.357681307442618
4899,256.10667497371514,-8.581174048525952
4900,256.10667497371514,-9.910528248541858
4901,256.10667497371514,-10.79751959569495
4902,256.10667497371514,-9.895497560207673
4903,256.10667497371514,-8.56858982239325
4904,256.10667497371514,-11.64904305485615
4905,256.10667497371514,-9.7731139181235
4906,256.10667497371514,-6.7761331356585615
4907,256.10667497371514,-8.461782242430317
4908,256.10667497371514,-9.395361495276433
4909,256.10667497371514,-12.198896415836096
4910,256.10667497371514,-6.436513206383765
4911,256.10667497371514,-7.221398594278526
4912,256.10667497371514,-9.439375304010497
4913,256.10667497371514,-8.25179814039629
4914,256.10667497371514,-11.213801374698164
4915,256.10667497371514,-8.418651476875496
4916,256.10667497371514,-11.821849511008665
4917,256.10667497371514,-6.85733029799357
4918,256.10667497371514,-7.997344133533375
4919,256.10667497371514,-8.028322950994522
4920,256.10667497371514,-7.555723785900767
4921,256.10667497371514,-13.497557915501261
4922,256.10667497371514,-6.336107711498286
4923,256.10667497371514,-8.304773239421365
4924,256.10667497371514,-12.773482143262981
4925,256.10667497371514,-7.469594134195347
4926,256.10667497371514,-12.562308766270462
4927,256.10667497371514,-12.933285761399901
4928,256.10667497371514,-11.701827873590588
4929,256.10667497371514,-10.324047615262714
4930,256.10667497371514,-10.602433778852657
4931,256.10667497371514,-10.515567399691925
4932,256.10667497371514,-8.10808700660911
4933,256.10667497371514,-12.609156838170344
4934,256.10667497371514,-14.599282101017849
4935,256.10667497371514,-10.358673541184658
4936,256.10667497371514,-8.3339226528402
4937,256.10667497371514,-18.74432478423941
4938,256.10667497371514,-8.887009435402327
4939,256.10667497371514,-10.536743289029594
4940,256.10667497371514,-13.017486951716087
4941,256.10667497371514,-7.174643422416949
4942,256.10667497371514,-8.088201354445602
4943,256.10667497371514,-11.72995377303333
4944,256.10667497371514,-9.65494923419935
4945,256.10667497371514,-6.8857242606515
4946,256.10667497371514,-8.831951630859592
4947,256.10667497371514,-7.47036303794485
4948,256.10667497371514,-7.674704873365705
4949,256.10667497371514,-9.31896086984932
4950,256.10667497371514,-8.071764709197309
4951,256.10667497371514,-9.173680941733949
4952,256.10667497371514,-10.782142331390872
4953,256.10667497371514,-16.95172045205115
4954,256.10667497371514,-7.37720050419307
4955,256.10667497371514,-9.627485301490765
4956,256.10667497371514,-10.932076816504377
4957,256.10667497371514,-6.5597210785686855
4958,256.10667497371514,-8.642525541374681
4959,256.10667497371514,-7.020078899073042
4960,256.10667497371514,-6.158345310965267
4961,256.10667497371514,-9.553240297247754
4962,256.10667497371514,-9.344200056464643
4963,256.10667497371514,-9.777181947032446
4964,256.10667497371514,-7.947632618510937
4965,256.10667497371514,-7.913046098792826
4966,256.10667497371514,-8.843026493958007
4967,256.10667497371514,-9.677280942560643
4968,256.10667497371514,-9.035250488456235
4969,256.10667497371514,-12.38083856521797
4970,256.10667497371514,-6.655198881026763
4971,256.10667497371514,-8.686144402042345
4972,256.10667497371514,-19.906619136690196
4973,256.10667497371514,-8.97600795065938
4974,256.10667497371514,-13.900848533898783
4975,256.10667497371514,-11.369841349811594
4976,256.10667497371514,-11.708540036926564
4977,256.10667497371514,-6.248331910995782
4978,256.10667497371514,-7.37644088928721
4979,256.10667497371514,-10.343339027633192
4980,256.10667497371514,-10.855482574008192
4981,256.10667497371514,-12.567358147022276
4982,256.10667497371514,-7.920679554978989
4983,256.10667497371514,-8.534225710346009
4984,256.10667497371514,-8.00148899476509
4985,256.10667497371514,-7.404469832067036
4986,256.10667497371514,-11.746122608288147
4987,256.10667497371514,-11.184520244328713
4988,256.10667497371514,-11.290433525228792
4989,256.10667497371514,-11.865017169120508
4990,256.10667497371514,-10.022614971493624
4991,256.10667497371514,-6.77553956573189
4992,256.10667497371514,-10.901078693552435
4993,256.10667497371514,-9.303841326994188
4994,256.10667497371514,-13.397937627000545
4995,256.10667497371514,-7.718697225240248
4996,256.10667497371514,-8.41874676325363
4997,256.10667497371514,-12.001259681961102
4998,256.10667497371514,-7.533595335060994
4999,256.10667497371514,-10.917129799831088
