win_start,win_end,anchor,minor_lb,sl_buf,rr,n,net,yr_r,wr,pf,dd,mar,pos_years,years_dict,trades_per_year,gate_trades_yr_ge_200,gate_pf_ge_1p3,gate_mar_ge_1p5,gate_pos_years_ge_7,gate_ALL_PASS,label
19,22,19:55,3,0.2,1.5,3945,-2638827907674.1562,-130160645019.79948,0.4223067173637516,7.450563607855454e-10,-2638827907688.625,-0.04932517374117377,1/21,"{2006: -30.89, 2007: -2638827906761.38, 2008: -72.82, 2009: -78.83, 2010: -63.23, 2011: -21.6, 2012: -51.33, 2013: -35.22, 2014: -47.87, 2015: -74.36, 2016: -33.04, 2017: -60.16, 2018: -44.46, 2019: -46.16, 2020: -10.47, 2021: -85.34, 2022: -29.85, 2023: -67.05, 2024: -52.81, 2025: -7.9, 2026: 0.63}",194.58781040999745,False,False,False,False,False,w19-22_anc19:55_ml3_sl0.2_RR1.5
19,22,19:55,3,0.2,2.0,3945,-2638827907460.052,-130160645009.23874,0.3726235741444867,9.200041034540479e-10,-2638827907479.8687,-0.0493251737410738,2/21,"{2006: -23.33, 2007: -2638827906749.28, 2008: -63.81, 2009: -74.83, 2010: -46.11, 2011: 5.4, 2012: -44.77, 2013: -16.18, 2014: -25.38, 2015: -56.18, 2016: -18.12, 2017: -50.69, 2018: -28.36, 2019: -40.86, 2020: -11.32, 2021: -75.34, 2022: -22.58, 2023: -62.99, 2024: -52.81, 2025: -8.13, 2026: 5.63}",194.58781040999745,False,False,False,False,False,w19-22_anc19:55_ml3_sl0.2_RR2.0
19,22,19:55,3,0.2,3.0,3945,-2638827907091.8555,-130160644991.0774,0.31254752851711026,1.176328333638352e-09,-2638827907157.504,-0.04932517374021711,5/21,"{2006: 6.87, 2007: -2638827906725.73, 2008: -54.73, 2009: -44.46, 2010: -28.61, 2011: 32.25, 2012: -26.16, 2013: 16.98, 2014: -8.83, 2015: -35.42, 2016: -19.48, 2017: -40.61, 2018: -26.21, 2019: -25.49, 2020: -3.3, 2021: -78.0, 2022: -3.52, 2023: -45.15, 2024: -27.04, 2025: 31.36, 2026: 13.41}",194.58781040999745,False,False,False,False,False,w19-22_anc19:55_ml3_sl0.2_RR3.0
19,22,19:55,3,0.5,1.5,3949,-831.4975114104934,-41.01375921590108,0.4218789566978982,0.7156447670771905,-840.1895106948957,-0.04881489080002894,0/21,"{2006: -24.12, 2007: -53.23, 2008: -61.76, 2009: -53.28, 2010: -31.18, 2011: -3.3, 2012: -186.11, 2013: -19.57, 2014: -25.31, 2015: -50.75, 2016: -16.92, 2017: -51.08, 2018: -28.27, 2019: -22.0, 2020: -6.21, 2021: -65.88, 2022: -31.06, 2023: -49.15, 2024: -36.57, 2025: -11.59, 2026: -4.16}",194.78511110496322,False,False,False,False,False,w19-22_anc19:55_ml3_sl0.5_RR1.5
19,22,19:55,3,0.5,2.0,3949,-697.4066358242289,-34.39970348046621,0.3671815649531527,0.7807932217379653,-717.7116361178122,-0.047929700104262354,3/21,"{2006: -15.1, 2007: -44.05, 2008: -48.26, 2009: -27.78, 2010: -24.87, 2011: 6.2, 2012: -178.46, 2013: -3.5, 2014: -18.98, 2015: -41.32, 2016: -22.06, 2017: -45.78, 2018: -20.27, 2019: -18.03, 2020: -17.9, 2021: -69.99, 2022: -35.91, 2023: -49.25, 2024: -32.57, 2025: 4.64, 2026: 5.84}",194.78511110496322,False,False,False,False,False,w19-22_anc19:55_ml3_sl0.5_RR2.0
19,22,19:55,3,0.5,3.0,3949,-381.31161863236383,-18.808261838672664,0.31299063053937703,0.8888741171272118,-448.78349464495335,-0.04190943308544016,5/21,"{2006: -9.98, 2007: -14.29, 2008: -37.25, 2009: -39.97, 2010: -10.27, 2011: 18.91, 2012: -148.43, 2013: 18.15, 2014: -16.92, 2015: -19.4, 2016: -22.32, 2017: -33.11, 2018: -14.1, 2019: -1.6, 2020: 15.95, 2021: -54.24, 2022: -13.15, 2023: -30.28, 2024: -13.67, 2025: 35.15, 2026: 9.51}",194.78511110496322,False,False,False,False,False,w19-22_anc19:55_ml3_sl0.5_RR3.0
19,22,19:55,3,1.0,1.5,3949,-439.30568278038976,-21.668829128746506,0.42162572803241327,0.8306806218344244,-457.5813620274128,-0.047355139275642895,1/21,"{2006: -1.46, 2007: -25.89, 2008: -29.56, 2009: -31.72, 2010: -22.69, 2011: -4.51, 2012: -21.37, 2013: 4.89, 2014: -18.06, 2015: -28.86, 2016: -22.41, 2017: -29.95, 2018: -22.48, 2019: -9.81, 2020: -8.31, 2021: -74.99, 2022: -14.88, 2023: -39.89, 2024: -32.79, 2025: -1.63, 2026: -2.94}",194.78511110496322,False,False,False,False,False,w19-22_anc19:55_ml3_sl1.0_RR1.5
19,22,19:55,3,1.0,2.0,3949,-234.8150151583123,-11.582291419783612,0.38009622689288425,0.9150463493989026,-276.0010512148689,-0.04196466415182858,7/21,"{2006: -3.37, 2007: -20.98, 2008: -26.13, 2009: -22.95, 2010: -19.34, 2011: 1.67, 2012: 0.5, 2013: 9.85, 2014: -13.42, 2015: -17.35, 2016: -13.95, 2017: -24.8, 2018: -9.92, 2019: 3.92, 2020: 4.8, 2021: -67.81, 2022: -6.89, 2023: -22.53, 2024: -12.0, 2025: 18.83, 2026: 7.06}",194.78511110496322,False,False,False,True,False,w19-22_anc19:55_ml3_sl1.0_RR2.0
19,22,19:55,3,1.0,3.0,3949,-83.06331134091218,-4.0971122634301675,0.3294504937958977,0.9721013707606778,-158.4445920396895,-0.025858328206013265,8/21,"{2006: 6.77, 2007: -5.95, 2008: -22.73, 2009: -9.69, 2010: -7.95, 2011: 10.19, 2012: -8.01, 2013: -0.3, 2014: 20.22, 2015: 4.81, 2016: -6.94, 2017: -21.94, 2018: -11.62, 2019: 16.12, 2020: 14.21, 2021: -78.83, 2022: -2.01, 2023: -14.28, 2024: -17.35, 2025: 33.66, 2026: 18.55}",194.78511110496322,False,False,False,True,False,w19-22_anc19:55_ml3_sl1.0_RR3.0
19,22,19:55,5,0.2,1.5,3561,-2638827907433.54,-130159912614.55849,0.42740803145183937,6.958668219601245e-10,-2638827907450.795,-0.04932489619616679,1/21,"{2006: -22.98, 2007: -2638827906753.49, 2008: -51.78, 2009: -88.53, 2010: -22.98, 2011: -23.39, 2012: -36.21, 2013: -10.4, 2014: -37.75, 2015: -63.87, 2016: -20.21, 2017: -49.64, 2018: -42.78, 2019: -31.97, 2020: -13.38, 2021: -56.66, 2022: -13.89, 2023: -35.71, 2024: -49.8, 2025: -12.7, 2026: 4.57}",175.64595535569845,False,False,False,False,False,w19-22_anc19:55_ml5_sl0.2_RR1.5
19,22,19:55,5,0.2,2.0,3561,-2638827907259.983,-130159912605.9978,0.37629879247402415,8.470758942980094e-10,-2638827907285.479,-0.04932489619601275,3/21,"{2006: -20.0, 2007: -2638827906740.38, 2008: -44.28, 2009: -80.53, 2010: -13.32, 2011: 6.61, 2012: -33.02, 2013: 6.51, 2014: -21.22, 2015: -48.87, 2016: -14.89, 2017: -39.72, 2018: -34.68, 2019: -27.89, 2020: -19.72, 2021: -57.66, 2022: -9.24, 2023: -31.38, 2024: -39.16, 2025: -10.24, 2026: 13.1}",175.64595535569845,False,False,False,False,False,w19-22_anc19:55_ml5_sl0.2_RR2.0
19,22,19:55,5,0.2,3.0,3561,-2638827906965.995,-130159912591.49687,0.3164841336703173,1.0603965917146282e-09,-2638827907033.5806,-0.04932489619522601,8/21,"{2006: 3.77, 2007: -2638827906710.96, 2008: -37.42, 2009: -58.52, 2010: 4.73, 2011: 14.47, 2012: -20.34, 2013: 27.22, 2014: -19.08, 2015: -25.99, 2016: -25.99, 2017: -17.66, 2018: -26.36, 2019: -12.19, 2020: 1.82, 2021: -72.93, 2022: 4.35, 2023: -18.06, 2024: -30.09, 2025: 28.33, 2026: 24.93}",175.64595535569845,False,False,False,True,False,w19-22_anc19:55_ml5_sl0.2_RR3.0
19,22,19:55,5,0.5,1.5,3564,-696.1836286577125,-34.33918521723693,0.42368125701459036,0.733507805578881,-709.6474511555199,-0.04838907708513909,2/21,"{2006: -19.25, 2007: -52.03, 2008: -47.28, 2009: -60.18, 2010: -17.61, 2011: -8.92, 2012: -171.14, 2013: 5.44, 2014: -27.98, 2015: -45.73, 2016: -12.27, 2017: -38.94, 2018: -33.62, 2019: -20.9, 2020: -10.32, 2021: -46.98, 2022: -13.96, 2023: -21.64, 2024: -40.41, 2025: -14.66, 2026: 2.22}",175.79393004428792,False,False,False,False,False,w19-22_anc19:55_ml5_sl0.5_RR1.5
19,22,19:55,5,0.5,2.0,3564,-580.5508845806239,-28.635612118719326,0.36924803591470257,0.7953268747367659,-605.6119453399485,-0.04728376370225868,3/21,"{2006: -15.03, 2007: -38.0, 2008: -35.93, 2009: -41.68, 2010: -3.98, 2011: -2.42, 2012: -166.0, 2013: 17.12, 2014: -29.93, 2015: -27.78, 2016: -31.22, 2017: -26.71, 2018: -15.61, 2019: -8.95, 2020: -20.59, 2021: -59.01, 2022: -20.42, 2023: -36.5, 2024: -32.83, 2025: 1.7, 2026: 13.24}",175.79393004428792,False,False,False,False,False,w19-22_anc19:55_ml5_sl0.5_RR2.0
19,22,19:55,5,0.5,3.0,3564,-357.2890343867703,-17.623244533271347,0.3164983164983165,0.8829901750905685,-423.2003183332365,-0.041642796023122194,6/21,"{2006: -7.63, 2007: -10.48, 2008: -37.02, 2009: -47.81, 2010: -6.1, 2011: 14.63, 2012: -160.41, 2013: 22.06, 2014: -26.12, 2015: -8.74, 2016: -27.4, 2017: -24.44, 2018: -11.42, 2019: 8.9, 2020: 17.31, 2021: -39.41, 2022: -13.79, 2023: -17.69, 2024: -29.66, 2025: 23.05, 2026: 24.89}",175.79393004428792,False,False,False,False,False,w19-22_anc19:55_ml5_sl0.5_RR3.0
19,22,19:55,5,1.0,1.5,3564,-346.6320732609578,-17.097591031970623,0.42536475869809204,0.8493335124315351,-365.142476613496,-0.046824437382749245,2/21,"{2006: -5.06, 2007: -24.39, 2008: -20.06, 2009: -35.7, 2010: -10.71, 2011: -4.26, 2012: -4.39, 2013: 19.87, 2014: -30.76, 2015: -9.1, 2016: -23.7, 2017: -18.96, 2018: -17.19, 2019: -0.84, 2020: -11.9, 2021: -60.74, 2022: -13.07, 2023: -29.1, 2024: -40.06, 2025: -8.96, 2026: 2.44}",175.79393004428792,False,False,False,False,False,w19-22_anc19:55_ml5_sl1.0_RR1.5
19,22,19:55,5,1.0,2.0,3564,-198.51286831515455,-9.791626623312352,0.3824354657687991,0.9193182927640526,-240.29963420003867,-0.04074757190500449,6/21,"{2006: -1.2, 2007: -18.93, 2008: -27.52, 2009: -33.22, 2010: -5.12, 2011: -2.2, 2012: -2.17, 2013: 18.45, 2014: -23.04, 2015: 4.02, 2016: -13.18, 2017: -20.92, 2018: -6.72, 2019: 15.29, 2020: 3.35, 2021: -52.01, 2022: -8.51, 2023: -15.75, 2024: -29.73, 2025: 4.19, 2026: 16.43}",175.79393004428792,False,False,False,False,False,w19-22_anc19:55_ml5_sl1.0_RR2.0
19,22,19:55,5,1.0,3.0,3564,-26.35258814380103,-1.299838674701821,0.3425925925925926,0.9899035655200663,-114.83666171352986,-0.011319021776724777,11/21,"{2006: 7.41, 2007: -5.14, 2008: -19.44, 2009: -19.04, 2010: -8.36, 2011: 7.88, 2012: 8.74, 2013: 15.23, 2014: 2.48, 2015: 21.73, 2016: -8.29, 2017: -20.95, 2018: -9.7, 2019: 20.36, 2020: 10.68, 2021: -52.68, 2022: 1.15, 2023: -6.22, 2024: -31.99, 2025: 31.01, 2026: 28.79}",175.79393004428792,False,False,False,True,False,w19-22_anc19:55_ml5_sl1.0_RR3.0
19,22,19:55,10,0.2,1.5,2826,-465.90123246380017,-22.980529929093382,0.4295824486907289,0.7629740200878277,-484.01266074501876,-0.04747919175031598,1/21,"{2006: -26.72, 2007: -53.07, 2008: -22.75, 2009: -50.99, 2010: -27.97, 2011: -7.46, 2012: -17.22, 2013: -8.97, 2014: -24.18, 2015: -36.0, 2016: -9.95, 2017: -30.6, 2018: -27.4, 2019: -29.06, 2020: -32.11, 2021: -19.94, 2022: -4.87, 2023: -15.52, 2024: -13.51, 2025: -14.69, 2026: 7.1}",139.3921566512788,False,False,False,False,False,w19-22_anc19:55_ml10_sl0.2_RR1.5
19,22,19:55,10,0.2,2.0,2826,-305.4028779847922,-15.063965254708968,0.3842887473460722,0.8559283490114712,-332.7922709879668,-0.04526536992577468,3/21,"{2006: -17.45, 2007: -39.32, 2008: -14.8, 2009: -44.21, 2010: -17.81, 2011: -2.32, 2012: -5.19, 2013: 4.04, 2014: -20.65, 2015: -15.05, 2016: -7.98, 2017: -21.8, 2018: -17.11, 2019: -24.05, 2020: -21.74, 2021: -24.38, 2022: 4.0, 2023: -13.65, 2024: -14.04, 2025: -5.52, 2026: 13.62}",139.3921566512788,False,False,False,False,False,w19-22_anc19:55_ml10_sl0.2_RR2.0
19,22,19:55,10,0.2,3.0,2826,-111.27627880563345,-5.488690901219474,0.3273177636234961,0.9518358732392537,-195.70906957543934,-0.02804515351856888,6/21,"{2006: -12.7, 2007: -26.66, 2008: -9.76, 2009: -48.28, 2010: 6.51, 2011: 9.08, 2012: 5.87, 2013: -10.52, 2014: -14.82, 2015: 9.53, 2016: -19.79, 2017: -0.78, 2018: -0.26, 2019: -24.4, 2020: -0.18, 2021: -25.91, 2022: -2.42, 2023: -0.06, 2024: -2.71, 2025: 27.62, 2026: 29.36}",139.3921566512788,False,False,False,False,False,w19-22_anc19:55_ml10_sl0.2_RR3.0
19,22,19:55,10,0.5,1.5,2827,-318.2441181585915,-15.697358093315808,0.4297842235585426,0.8295849653921288,-332.33041187775524,-0.04723419083020888,2/21,"{2006: -21.57, 2007: -27.43, 2008: -21.21, 2009: -35.97, 2010: -16.01, 2011: -12.11, 2012: -2.81, 2013: 4.27, 2014: -31.04, 2015: -5.81, 2016: -10.51, 2017: -29.93, 2018: -20.92, 2019: -20.89, 2020: -26.54, 2021: -19.24, 2022: -3.8, 2023: -1.89, 2024: -6.22, 2025: -13.28, 2026: 4.66}",139.4414815474753,False,False,False,False,False,w19-22_anc19:55_ml10_sl0.5_RR1.5
19,22,19:55,10,0.5,2.0,2827,-191.8048152055569,-9.46075260000091,0.38273788468340997,0.9048387203577235,-223.61448923932966,-0.042308316568320736,5/21,"{2006: -14.5, 2007: -19.27, 2008: -12.98, 2009: -31.17, 2010: 1.08, 2011: -0.86, 2012: 13.42, 2013: 9.77, 2014: -23.99, 2015: 8.24, 2016: -15.62, 2017: -18.27, 2018: -9.19, 2019: -15.61, 2020: -14.52, 2021: -25.41, 2022: -4.28, 2023: -15.05, 2024: -12.98, 2025: -4.28, 2026: 13.67}",139.4414815474753,False,False,False,False,False,w19-22_anc19:55_ml10_sl0.5_RR2.0
19,22,19:55,10,0.5,3.0,2827,-3.9056733391804563,-0.19264693203247182,0.3363990095507605,0.9981910245762873,-85.09180501891781,-0.0022639892524273296,10/21,"{2006: -13.76, 2007: -3.63, 2008: 2.34, 2009: -34.37, 2010: 7.03, 2011: 15.13, 2012: 19.15, 2013: -6.51, 2014: -18.69, 2015: 25.91, 2016: -11.3, 2017: -7.25, 2018: -3.07, 2019: 1.61, 2020: 7.56, 2021: -15.37, 2022: -16.5, 2023: 6.09, 2024: -10.71, 2025: 23.22, 2026: 29.19}",139.4414815474753,False,False,False,True,False,w19-22_anc19:55_ml10_sl0.5_RR3.0
19,22,19:55,10,1.0,1.5,2827,-199.33350581614803,-9.832104482863802,0.43155288291475064,0.8866167154202497,-213.32104468634677,-0.04609064472434157,4/21,"{2006: -17.54, 2007: -14.79, 2008: -12.33, 2009: -26.92, 2010: -6.16, 2011: -7.15, 2012: 3.81, 2013: 9.97, 2014: -15.78, 2015: 8.81, 2016: -14.77, 2017: -7.77, 2018: -17.79, 2019: -3.68, 2020: -13.53, 2021: -33.94, 2022: -1.15, 2023: -9.14, 2024: -11.75, 2025: -14.98, 2026: 7.24}",139.4414815474753,False,False,False,False,False,w19-22_anc19:55_ml10_sl1.0_RR1.5
19,22,19:55,10,1.0,2.0,2827,-84.20068710752116,-4.153190151251557,0.39228864520693313,0.954925635701852,-118.59450141740227,-0.035020090321338695,7/21,"{2006: -13.66, 2007: -3.56, 2008: -12.85, 2009: -21.06, 2010: 6.41, 2011: -0.7, 2012: 6.99, 2013: -6.55, 2014: -13.45, 2015: 17.48, 2016: -3.51, 2017: -6.56, 2018: -10.75, 2019: 6.06, 2020: 1.06, 2021: -21.68, 2022: -7.99, 2023: -3.75, 2024: -14.21, 2025: 1.32, 2026: 16.74}",139.4414815474753,False,False,False,True,False,w19-22_anc19:55_ml10_sl1.0_RR2.0
19,22,19:55,10,1.0,3.0,2827,38.32489513458206,1.8903714742545985,0.35691545808277325,1.0194004613117944,-64.52172043899441,0.02929821866795932,10/21,"{2006: -6.23, 2007: 3.6, 2008: -9.86, 2009: -4.78, 2010: -0.75, 2011: 9.14, 2012: 18.29, 2013: -7.5, 2014: 4.22, 2015: 31.28, 2016: -3.52, 2017: -8.44, 2018: -24.27, 2019: 20.39, 2020: 5.94, 2021: -29.78, 2022: -5.24, 2023: 13.35, 2024: -11.13, 2025: 14.72, 2026: 28.91}",139.4414815474753,False,False,False,True,False,w19-22_anc19:55_ml10_sl1.0_RR3.0
19,22,19:45,3,0.2,1.5,3945,-2638827907674.1562,-130160645019.79948,0.4223067173637516,7.450563607855454e-10,-2638827907688.625,-0.04932517374117377,1/21,"{2006: -30.89, 2007: -2638827906761.38, 2008: -72.82, 2009: -78.83, 2010: -63.23, 2011: -21.6, 2012: -51.33, 2013: -35.22, 2014: -47.87, 2015: -74.36, 2016: -33.04, 2017: -60.16, 2018: -44.46, 2019: -46.16, 2020: -10.47, 2021: -85.34, 2022: -29.85, 2023: -67.05, 2024: -52.81, 2025: -7.9, 2026: 0.63}",194.58781040999745,False,False,False,False,False,w19-22_anc19:45_ml3_sl0.2_RR1.5
19,22,19:45,3,0.2,2.0,3945,-2638827907460.052,-130160645009.23874,0.3726235741444867,9.200041034540479e-10,-2638827907479.8687,-0.0493251737410738,2/21,"{2006: -23.33, 2007: -2638827906749.28, 2008: -63.81, 2009: -74.83, 2010: -46.11, 2011: 5.4, 2012: -44.77, 2013: -16.18, 2014: -25.38, 2015: -56.18, 2016: -18.12, 2017: -50.69, 2018: -28.36, 2019: -40.86, 2020: -11.32, 2021: -75.34, 2022: -22.58, 2023: -62.99, 2024: -52.81, 2025: -8.13, 2026: 5.63}",194.58781040999745,False,False,False,False,False,w19-22_anc19:45_ml3_sl0.2_RR2.0
19,22,19:45,3,0.2,3.0,3945,-2638827907091.8555,-130160644991.0774,0.31254752851711026,1.176328333638352e-09,-2638827907157.504,-0.04932517374021711,5/21,"{2006: 6.87, 2007: -2638827906725.73, 2008: -54.73, 2009: -44.46, 2010: -28.61, 2011: 32.25, 2012: -26.16, 2013: 16.98, 2014: -8.83, 2015: -35.42, 2016: -19.48, 2017: -40.61, 2018: -26.21, 2019: -25.49, 2020: -3.3, 2021: -78.0, 2022: -3.52, 2023: -45.15, 2024: -27.04, 2025: 31.36, 2026: 13.41}",194.58781040999745,False,False,False,False,False,w19-22_anc19:45_ml3_sl0.2_RR3.0
19,22,19:45,3,0.5,1.5,3949,-831.4975114104934,-41.01375921590108,0.4218789566978982,0.7156447670771905,-840.1895106948957,-0.04881489080002894,0/21,"{2006: -24.12, 2007: -53.23, 2008: -61.76, 2009: -53.28, 2010: -31.18, 2011: -3.3, 2012: -186.11, 2013: -19.57, 2014: -25.31, 2015: -50.75, 2016: -16.92, 2017: -51.08, 2018: -28.27, 2019: -22.0, 2020: -6.21, 2021: -65.88, 2022: -31.06, 2023: -49.15, 2024: -36.57, 2025: -11.59, 2026: -4.16}",194.78511110496322,False,False,False,False,False,w19-22_anc19:45_ml3_sl0.5_RR1.5
19,22,19:45,3,0.5,2.0,3949,-697.4066358242289,-34.39970348046621,0.3671815649531527,0.7807932217379653,-717.7116361178122,-0.047929700104262354,3/21,"{2006: -15.1, 2007: -44.05, 2008: -48.26, 2009: -27.78, 2010: -24.87, 2011: 6.2, 2012: -178.46, 2013: -3.5, 2014: -18.98, 2015: -41.32, 2016: -22.06, 2017: -45.78, 2018: -20.27, 2019: -18.03, 2020: -17.9, 2021: -69.99, 2022: -35.91, 2023: -49.25, 2024: -32.57, 2025: 4.64, 2026: 5.84}",194.78511110496322,False,False,False,False,False,w19-22_anc19:45_ml3_sl0.5_RR2.0
19,22,19:45,3,0.5,3.0,3949,-381.31161863236383,-18.808261838672664,0.31299063053937703,0.8888741171272118,-448.78349464495335,-0.04190943308544016,5/21,"{2006: -9.98, 2007: -14.29, 2008: -37.25, 2009: -39.97, 2010: -10.27, 2011: 18.91, 2012: -148.43, 2013: 18.15, 2014: -16.92, 2015: -19.4, 2016: -22.32, 2017: -33.11, 2018: -14.1, 2019: -1.6, 2020: 15.95, 2021: -54.24, 2022: -13.15, 2023: -30.28, 2024: -13.67, 2025: 35.15, 2026: 9.51}",194.78511110496322,False,False,False,False,False,w19-22_anc19:45_ml3_sl0.5_RR3.0
19,22,19:45,3,1.0,1.5,3949,-439.30568278038976,-21.668829128746506,0.42162572803241327,0.8306806218344244,-457.5813620274128,-0.047355139275642895,1/21,"{2006: -1.46, 2007: -25.89, 2008: -29.56, 2009: -31.72, 2010: -22.69, 2011: -4.51, 2012: -21.37, 2013: 4.89, 2014: -18.06, 2015: -28.86, 2016: -22.41, 2017: -29.95, 2018: -22.48, 2019: -9.81, 2020: -8.31, 2021: -74.99, 2022: -14.88, 2023: -39.89, 2024: -32.79, 2025: -1.63, 2026: -2.94}",194.78511110496322,False,False,False,False,False,w19-22_anc19:45_ml3_sl1.0_RR1.5
19,22,19:45,3,1.0,2.0,3949,-234.8150151583123,-11.582291419783612,0.38009622689288425,0.9150463493989026,-276.0010512148689,-0.04196466415182858,7/21,"{2006: -3.37, 2007: -20.98, 2008: -26.13, 2009: -22.95, 2010: -19.34, 2011: 1.67, 2012: 0.5, 2013: 9.85, 2014: -13.42, 2015: -17.35, 2016: -13.95, 2017: -24.8, 2018: -9.92, 2019: 3.92, 2020: 4.8, 2021: -67.81, 2022: -6.89, 2023: -22.53, 2024: -12.0, 2025: 18.83, 2026: 7.06}",194.78511110496322,False,False,False,True,False,w19-22_anc19:45_ml3_sl1.0_RR2.0
19,22,19:45,3,1.0,3.0,3949,-83.06331134091218,-4.0971122634301675,0.3294504937958977,0.9721013707606778,-158.4445920396895,-0.025858328206013265,8/21,"{2006: 6.77, 2007: -5.95, 2008: -22.73, 2009: -9.69, 2010: -7.95, 2011: 10.19, 2012: -8.01, 2013: -0.3, 2014: 20.22, 2015: 4.81, 2016: -6.94, 2017: -21.94, 2018: -11.62, 2019: 16.12, 2020: 14.21, 2021: -78.83, 2022: -2.01, 2023: -14.28, 2024: -17.35, 2025: 33.66, 2026: 18.55}",194.78511110496322,False,False,False,True,False,w19-22_anc19:45_ml3_sl1.0_RR3.0
19,22,19:45,5,0.2,1.5,3561,-2638827907433.54,-130159912614.55849,0.42740803145183937,6.958668219601245e-10,-2638827907450.795,-0.04932489619616679,1/21,"{2006: -22.98, 2007: -2638827906753.49, 2008: -51.78, 2009: -88.53, 2010: -22.98, 2011: -23.39, 2012: -36.21, 2013: -10.4, 2014: -37.75, 2015: -63.87, 2016: -20.21, 2017: -49.64, 2018: -42.78, 2019: -31.97, 2020: -13.38, 2021: -56.66, 2022: -13.89, 2023: -35.71, 2024: -49.8, 2025: -12.7, 2026: 4.57}",175.64595535569845,False,False,False,False,False,w19-22_anc19:45_ml5_sl0.2_RR1.5
19,22,19:45,5,0.2,2.0,3561,-2638827907259.983,-130159912605.9978,0.37629879247402415,8.470758942980094e-10,-2638827907285.479,-0.04932489619601275,3/21,"{2006: -20.0, 2007: -2638827906740.38, 2008: -44.28, 2009: -80.53, 2010: -13.32, 2011: 6.61, 2012: -33.02, 2013: 6.51, 2014: -21.22, 2015: -48.87, 2016: -14.89, 2017: -39.72, 2018: -34.68, 2019: -27.89, 2020: -19.72, 2021: -57.66, 2022: -9.24, 2023: -31.38, 2024: -39.16, 2025: -10.24, 2026: 13.1}",175.64595535569845,False,False,False,False,False,w19-22_anc19:45_ml5_sl0.2_RR2.0
19,22,19:45,5,0.2,3.0,3561,-2638827906965.995,-130159912591.49687,0.3164841336703173,1.0603965917146282e-09,-2638827907033.5806,-0.04932489619522601,8/21,"{2006: 3.77, 2007: -2638827906710.96, 2008: -37.42, 2009: -58.52, 2010: 4.73, 2011: 14.47, 2012: -20.34, 2013: 27.22, 2014: -19.08, 2015: -25.99, 2016: -25.99, 2017: -17.66, 2018: -26.36, 2019: -12.19, 2020: 1.82, 2021: -72.93, 2022: 4.35, 2023: -18.06, 2024: -30.09, 2025: 28.33, 2026: 24.93}",175.64595535569845,False,False,False,True,False,w19-22_anc19:45_ml5_sl0.2_RR3.0
19,22,19:45,5,0.5,1.5,3564,-696.1836286577125,-34.33918521723693,0.42368125701459036,0.733507805578881,-709.6474511555199,-0.04838907708513909,2/21,"{2006: -19.25, 2007: -52.03, 2008: -47.28, 2009: -60.18, 2010: -17.61, 2011: -8.92, 2012: -171.14, 2013: 5.44, 2014: -27.98, 2015: -45.73, 2016: -12.27, 2017: -38.94, 2018: -33.62, 2019: -20.9, 2020: -10.32, 2021: -46.98, 2022: -13.96, 2023: -21.64, 2024: -40.41, 2025: -14.66, 2026: 2.22}",175.79393004428792,False,False,False,False,False,w19-22_anc19:45_ml5_sl0.5_RR1.5
19,22,19:45,5,0.5,2.0,3564,-580.5508845806239,-28.635612118719326,0.36924803591470257,0.7953268747367659,-605.6119453399485,-0.04728376370225868,3/21,"{2006: -15.03, 2007: -38.0, 2008: -35.93, 2009: -41.68, 2010: -3.98, 2011: -2.42, 2012: -166.0, 2013: 17.12, 2014: -29.93, 2015: -27.78, 2016: -31.22, 2017: -26.71, 2018: -15.61, 2019: -8.95, 2020: -20.59, 2021: -59.01, 2022: -20.42, 2023: -36.5, 2024: -32.83, 2025: 1.7, 2026: 13.24}",175.79393004428792,False,False,False,False,False,w19-22_anc19:45_ml5_sl0.5_RR2.0
19,22,19:45,5,0.5,3.0,3564,-357.2890343867703,-17.623244533271347,0.3164983164983165,0.8829901750905685,-423.2003183332365,-0.041642796023122194,6/21,"{2006: -7.63, 2007: -10.48, 2008: -37.02, 2009: -47.81, 2010: -6.1, 2011: 14.63, 2012: -160.41, 2013: 22.06, 2014: -26.12, 2015: -8.74, 2016: -27.4, 2017: -24.44, 2018: -11.42, 2019: 8.9, 2020: 17.31, 2021: -39.41, 2022: -13.79, 2023: -17.69, 2024: -29.66, 2025: 23.05, 2026: 24.89}",175.79393004428792,False,False,False,False,False,w19-22_anc19:45_ml5_sl0.5_RR3.0
19,22,19:45,5,1.0,1.5,3564,-346.6320732609578,-17.097591031970623,0.42536475869809204,0.8493335124315351,-365.142476613496,-0.046824437382749245,2/21,"{2006: -5.06, 2007: -24.39, 2008: -20.06, 2009: -35.7, 2010: -10.71, 2011: -4.26, 2012: -4.39, 2013: 19.87, 2014: -30.76, 2015: -9.1, 2016: -23.7, 2017: -18.96, 2018: -17.19, 2019: -0.84, 2020: -11.9, 2021: -60.74, 2022: -13.07, 2023: -29.1, 2024: -40.06, 2025: -8.96, 2026: 2.44}",175.79393004428792,False,False,False,False,False,w19-22_anc19:45_ml5_sl1.0_RR1.5
19,22,19:45,5,1.0,2.0,3564,-198.51286831515455,-9.791626623312352,0.3824354657687991,0.9193182927640526,-240.29963420003867,-0.04074757190500449,6/21,"{2006: -1.2, 2007: -18.93, 2008: -27.52, 2009: -33.22, 2010: -5.12, 2011: -2.2, 2012: -2.17, 2013: 18.45, 2014: -23.04, 2015: 4.02, 2016: -13.18, 2017: -20.92, 2018: -6.72, 2019: 15.29, 2020: 3.35, 2021: -52.01, 2022: -8.51, 2023: -15.75, 2024: -29.73, 2025: 4.19, 2026: 16.43}",175.79393004428792,False,False,False,False,False,w19-22_anc19:45_ml5_sl1.0_RR2.0
19,22,19:45,5,1.0,3.0,3564,-26.35258814380103,-1.299838674701821,0.3425925925925926,0.9899035655200663,-114.83666171352986,-0.011319021776724777,11/21,"{2006: 7.41, 2007: -5.14, 2008: -19.44, 2009: -19.04, 2010: -8.36, 2011: 7.88, 2012: 8.74, 2013: 15.23, 2014: 2.48, 2015: 21.73, 2016: -8.29, 2017: -20.95, 2018: -9.7, 2019: 20.36, 2020: 10.68, 2021: -52.68, 2022: 1.15, 2023: -6.22, 2024: -31.99, 2025: 31.01, 2026: 28.79}",175.79393004428792,False,False,False,True,False,w19-22_anc19:45_ml5_sl1.0_RR3.0
19,22,19:45,10,0.2,1.5,2826,-465.90123246380017,-22.980529929093382,0.4295824486907289,0.7629740200878277,-484.01266074501876,-0.04747919175031598,1/21,"{2006: -26.72, 2007: -53.07, 2008: -22.75, 2009: -50.99, 2010: -27.97, 2011: -7.46, 2012: -17.22, 2013: -8.97, 2014: -24.18, 2015: -36.0, 2016: -9.95, 2017: -30.6, 2018: -27.4, 2019: -29.06, 2020: -32.11, 2021: -19.94, 2022: -4.87, 2023: -15.52, 2024: -13.51, 2025: -14.69, 2026: 7.1}",139.3921566512788,False,False,False,False,False,w19-22_anc19:45_ml10_sl0.2_RR1.5
19,22,19:45,10,0.2,2.0,2826,-305.4028779847922,-15.063965254708968,0.3842887473460722,0.8559283490114712,-332.7922709879668,-0.04526536992577468,3/21,"{2006: -17.45, 2007: -39.32, 2008: -14.8, 2009: -44.21, 2010: -17.81, 2011: -2.32, 2012: -5.19, 2013: 4.04, 2014: -20.65, 2015: -15.05, 2016: -7.98, 2017: -21.8, 2018: -17.11, 2019: -24.05, 2020: -21.74, 2021: -24.38, 2022: 4.0, 2023: -13.65, 2024: -14.04, 2025: -5.52, 2026: 13.62}",139.3921566512788,False,False,False,False,False,w19-22_anc19:45_ml10_sl0.2_RR2.0
19,22,19:45,10,0.2,3.0,2826,-111.27627880563345,-5.488690901219474,0.3273177636234961,0.9518358732392537,-195.70906957543934,-0.02804515351856888,6/21,"{2006: -12.7, 2007: -26.66, 2008: -9.76, 2009: -48.28, 2010: 6.51, 2011: 9.08, 2012: 5.87, 2013: -10.52, 2014: -14.82, 2015: 9.53, 2016: -19.79, 2017: -0.78, 2018: -0.26, 2019: -24.4, 2020: -0.18, 2021: -25.91, 2022: -2.42, 2023: -0.06, 2024: -2.71, 2025: 27.62, 2026: 29.36}",139.3921566512788,False,False,False,False,False,w19-22_anc19:45_ml10_sl0.2_RR3.0
19,22,19:45,10,0.5,1.5,2827,-318.2441181585915,-15.697358093315808,0.4297842235585426,0.8295849653921288,-332.33041187775524,-0.04723419083020888,2/21,"{2006: -21.57, 2007: -27.43, 2008: -21.21, 2009: -35.97, 2010: -16.01, 2011: -12.11, 2012: -2.81, 2013: 4.27, 2014: -31.04, 2015: -5.81, 2016: -10.51, 2017: -29.93, 2018: -20.92, 2019: -20.89, 2020: -26.54, 2021: -19.24, 2022: -3.8, 2023: -1.89, 2024: -6.22, 2025: -13.28, 2026: 4.66}",139.4414815474753,False,False,False,False,False,w19-22_anc19:45_ml10_sl0.5_RR1.5
19,22,19:45,10,0.5,2.0,2827,-191.8048152055569,-9.46075260000091,0.38273788468340997,0.9048387203577235,-223.61448923932966,-0.042308316568320736,5/21,"{2006: -14.5, 2007: -19.27, 2008: -12.98, 2009: -31.17, 2010: 1.08, 2011: -0.86, 2012: 13.42, 2013: 9.77, 2014: -23.99, 2015: 8.24, 2016: -15.62, 2017: -18.27, 2018: -9.19, 2019: -15.61, 2020: -14.52, 2021: -25.41, 2022: -4.28, 2023: -15.05, 2024: -12.98, 2025: -4.28, 2026: 13.67}",139.4414815474753,False,False,False,False,False,w19-22_anc19:45_ml10_sl0.5_RR2.0
19,22,19:45,10,0.5,3.0,2827,-3.9056733391804563,-0.19264693203247182,0.3363990095507605,0.9981910245762873,-85.09180501891781,-0.0022639892524273296,10/21,"{2006: -13.76, 2007: -3.63, 2008: 2.34, 2009: -34.37, 2010: 7.03, 2011: 15.13, 2012: 19.15, 2013: -6.51, 2014: -18.69, 2015: 25.91, 2016: -11.3, 2017: -7.25, 2018: -3.07, 2019: 1.61, 2020: 7.56, 2021: -15.37, 2022: -16.5, 2023: 6.09, 2024: -10.71, 2025: 23.22, 2026: 29.19}",139.4414815474753,False,False,False,True,False,w19-22_anc19:45_ml10_sl0.5_RR3.0
19,22,19:45,10,1.0,1.5,2827,-199.33350581614803,-9.832104482863802,0.43155288291475064,0.8866167154202497,-213.32104468634677,-0.04609064472434157,4/21,"{2006: -17.54, 2007: -14.79, 2008: -12.33, 2009: -26.92, 2010: -6.16, 2011: -7.15, 2012: 3.81, 2013: 9.97, 2014: -15.78, 2015: 8.81, 2016: -14.77, 2017: -7.77, 2018: -17.79, 2019: -3.68, 2020: -13.53, 2021: -33.94, 2022: -1.15, 2023: -9.14, 2024: -11.75, 2025: -14.98, 2026: 7.24}",139.4414815474753,False,False,False,False,False,w19-22_anc19:45_ml10_sl1.0_RR1.5
19,22,19:45,10,1.0,2.0,2827,-84.20068710752116,-4.153190151251557,0.39228864520693313,0.954925635701852,-118.59450141740227,-0.035020090321338695,7/21,"{2006: -13.66, 2007: -3.56, 2008: -12.85, 2009: -21.06, 2010: 6.41, 2011: -0.7, 2012: 6.99, 2013: -6.55, 2014: -13.45, 2015: 17.48, 2016: -3.51, 2017: -6.56, 2018: -10.75, 2019: 6.06, 2020: 1.06, 2021: -21.68, 2022: -7.99, 2023: -3.75, 2024: -14.21, 2025: 1.32, 2026: 16.74}",139.4414815474753,False,False,False,True,False,w19-22_anc19:45_ml10_sl1.0_RR2.0
19,22,19:45,10,1.0,3.0,2827,38.32489513458206,1.8903714742545985,0.35691545808277325,1.0194004613117944,-64.52172043899441,0.02929821866795932,10/21,"{2006: -6.23, 2007: 3.6, 2008: -9.86, 2009: -4.78, 2010: -0.75, 2011: 9.14, 2012: 18.29, 2013: -7.5, 2014: 4.22, 2015: 31.28, 2016: -3.52, 2017: -8.44, 2018: -24.27, 2019: 20.39, 2020: 5.94, 2021: -29.78, 2022: -5.24, 2023: 13.35, 2024: -11.13, 2025: 14.72, 2026: 28.91}",139.4414815474753,False,False,False,True,False,w19-22_anc19:45_ml10_sl1.0_RR3.0
19,23,19:55,3,0.2,1.5,4127,-2638827907727.313,-130160645022.42145,0.42088684274291255,7.777174151829336e-10,-2638827907741.1377,-0.04932517374118581,0/21,"{2006: -29.87, 2007: -2638827906762.24, 2008: -75.9, 2009: -80.05, 2010: -65.18, 2011: -22.97, 2012: -55.95, 2013: -33.72, 2014: -49.49, 2015: -77.23, 2016: -32.75, 2017: -65.96, 2018: -47.04, 2019: -50.88, 2020: -14.28, 2021: -98.4, 2022: -32.82, 2023: -70.4, 2024: -49.27, 2025: -10.82, 2026: -2.06}",203.5649920309403,True,False,False,False,False,w19-23_anc19:55_ml3_sl0.2_RR1.5
19,23,19:55,3,0.2,2.0,4127,-2638827907491.936,-130160645010.81143,0.37242549067118974,9.62639828121951e-10,-2638827907511.609,-0.04932517374107649,2/21,"{2006: -23.31, 2007: -2638827906748.13, 2008: -65.89, 2009: -75.55, 2010: -47.07, 2011: 5.03, 2012: -51.39, 2013: -13.17, 2014: -27.99, 2015: -56.06, 2016: -15.82, 2017: -54.5, 2018: -27.94, 2019: -45.09, 2020: -17.87, 2021: -87.9, 2022: -23.06, 2023: -62.84, 2024: -46.27, 2025: -10.54, 2026: 3.44}",203.5649920309403,True,False,False,False,False,w19-23_anc19:55_ml3_sl0.2_RR2.0
19,23,19:55,3,0.2,3.0,4127,-2638827907130.594,-130160644992.98819,0.3111218803004604,1.224381822934123e-09,-2638827907193.6353,-0.04932517374026585,5/21,"{2006: 9.89, 2007: -2638827906732.59, 2008: -54.81, 2009: -48.18, 2010: -31.56, 2011: 29.88, 2012: -32.78, 2013: 18.99, 2014: -12.44, 2015: -33.3, 2016: -13.72, 2017: -43.47, 2018: -27.8, 2019: -28.71, 2020: -11.84, 2021: -89.56, 2022: -2.1, 2023: -46.15, 2024: -22.5, 2025: 29.95, 2026: 12.22}",203.5649920309403,True,False,False,False,False,w19-23_anc19:55_ml3_sl0.2_RR3.0
19,23,19:55,3,0.5,1.5,4131,-877.5045495778782,-43.28306436683659,0.41999515855725006,0.7130766520990254,-885.5629507150558,-0.04887632700971432,0/21,"{2006: -22.07, 2007: -55.2, 2008: -64.27, 2009: -54.35, 2010: -32.49, 2011: -4.34, 2012: -192.86, 2013: -17.88, 2014: -28.76, 2015: -52.72, 2016: -14.46, 2017: -54.79, 2018: -32.1, 2019: -26.01, 2020: -12.26, 2021: -75.99, 2022: -33.61, 2023: -49.22, 2024: -32.83, 2025: -14.47, 2026: -6.84}",203.76229272590606,True,False,False,False,False,w19-23_anc19:55_ml3_sl0.5_RR1.5
19,23,19:55,3,0.5,2.0,4131,-745.6250586588769,-36.77808556432364,0.36528685548293394,0.7759299044318637,-765.7964608052332,-0.04802592783681916,3/21,"{2006: -11.05, 2007: -47.51, 2008: -49.77, 2009: -31.35, 2010: -28.17, 2011: 5.16, 2012: -184.97, 2013: -3.31, 2014: -23.93, 2015: -43.29, 2016: -17.6, 2017: -48.79, 2018: -21.6, 2019: -21.55, 2020: -27.19, 2021: -79.11, 2022: -37.35, 2023: -48.32, 2024: -31.83, 2025: 2.26, 2026: 3.66}",203.76229272590606,True,False,False,False,False,w19-23_anc19:55_ml3_sl0.5_RR2.0
19,23,19:55,3,0.5,3.0,4131,-403.36997679778085,-19.896294187632865,0.31227305737109656,0.8874411572531427,-466.6264052584115,-0.04263859473750647,5/21,"{2006: -5.93, 2007: -15.76, 2008: -36.76, 2009: -43.55, 2010: -12.58, 2011: 18.87, 2012: -154.94, 2013: 20.03, 2014: -19.87, 2015: -20.37, 2016: -14.58, 2017: -35.03, 2018: -15.96, 2019: -8.11, 2020: 7.66, 2021: -61.36, 2022: -11.59, 2023: -26.72, 2024: -8.92, 2025: 33.77, 2026: 8.33}",203.76229272590606,True,False,False,False,False,w19-23_anc19:55_ml3_sl0.5_RR3.0
19,23,19:55,3,1.0,1.5,4131,-462.8935650484403,-22.832305519810827,0.4212055192447349,0.8294802730488947,-480.54620384264746,-0.04751323668199688,2/21,"{2006: 3.79, 2007: -26.93, 2008: -31.61, 2009: -35.15, 2010: -26.07, 2011: -0.98, 2012: -27.86, 2013: 4.26, 2014: -20.96, 2015: -27.52, 2016: -19.71, 2017: -33.02, 2018: -25.29, 2019: -10.81, 2020: -12.83, 2021: -79.64, 2022: -16.97, 2023: -36.71, 2024: -28.82, 2025: -4.46, 2026: -5.61}",203.76229272590606,True,False,False,False,False,w19-23_anc19:55_ml3_sl1.0_RR1.5
19,23,19:55,3,1.0,2.0,4131,-249.51079305427464,-12.30716321776763,0.37981118373275236,0.9137271916149976,-286.19563905348303,-0.043002623165294705,6/21,"{2006: 1.37, 2007: -20.52, 2008: -27.18, 2009: -26.38, 2010: -22.22, 2011: 6.7, 2012: -5.99, 2013: 10.22, 2014: -17.82, 2015: -12.52, 2016: -9.25, 2017: -27.2, 2018: -14.28, 2019: 0.92, 2020: -1.21, 2021: -70.46, 2022: -7.94, 2023: -19.11, 2024: -8.02, 2025: 16.5, 2026: 4.89}",203.76229272590606,True,False,False,False,False,w19-23_anc19:55_ml3_sl1.0_RR2.0
19,23,19:55,3,1.0,3.0,4131,-86.55353427439827,-4.269268116020742,0.32946017913338177,0.9721890328686192,-168.6951468600257,-0.025307592989400902,8/21,"{2006: 15.51, 2007: -5.44, 2008: -23.92, 2009: -13.12, 2010: -9.83, 2011: 16.72, 2012: -14.5, 2013: -2.58, 2014: 13.82, 2015: 7.24, 2016: -2.82, 2017: -25.08, 2018: -14.41, 2019: 14.12, 2020: 10.2, 2021: -81.47, 2022: -0.36, 2023: -11.97, 2024: -8.38, 2025: 32.33, 2026: 17.38}",203.76229272590606,True,False,False,True,False,w19-23_anc19:55_ml3_sl1.0_RR3.0
19,23,19:55,5,0.2,1.5,3822,-2638827907491.6533,-130159912617.42491,0.42569335426478283,7.459427806479991e-10,-2638827907506.9614,-0.04932489619620318,0/21,"{2006: -27.32, 2007: -2638827906759.68, 2008: -54.36, 2009: -83.76, 2010: -30.56, 2011: -25.67, 2012: -40.37, 2013: -8.39, 2014: -45.64, 2015: -70.28, 2016: -17.03, 2017: -61.23, 2018: -48.3, 2019: -35.44, 2020: -11.86, 2021: -62.52, 2022: -15.45, 2023: -34.74, 2024: -50.22, 2025: -8.67, 2026: -0.18}",188.51975326298216,False,False,False,False,False,w19-23_anc19:55_ml5_sl0.2_RR1.5
19,23,19:55,5,0.2,2.0,3822,-2638827907299.0425,-130159912607.92441,0.3757195185766614,9.084393349335582e-10,-2638827907323.381,-0.04932489619603438,3/21,"{2006: -22.84, 2007: -2638827906744.58, 2008: -47.86, 2009: -73.26, 2010: -19.9, 2011: 5.33, 2012: -41.17, 2013: 8.53, 2014: -27.61, 2015: -57.29, 2016: -7.71, 2017: -50.31, 2018: -37.05, 2019: -29.85, 2020: -23.58, 2021: -64.52, 2022: -9.03, 2023: -25.41, 2024: -36.07, 2025: -3.71, 2026: 8.85}",188.51975326298216,False,False,False,False,False,w19-23_anc19:55_ml5_sl0.2_RR2.0
19,23,19:55,5,0.2,3.0,3822,-2638827907008.6943,-130159912593.60301,0.31475667189952905,1.129950492647348e-09,-2638827907084.5566,-0.0493248961950713,7/21,"{2006: 3.92, 2007: -2638827906719.16, 2008: -37.99, 2009: -54.24, 2010: -7.85, 2011: 15.19, 2012: -32.99, 2013: 30.23, 2014: -30.47, 2015: -32.41, 2016: -13.05, 2017: -27.23, 2018: -38.16, 2019: -15.16, 2020: 0.96, 2021: -77.0, 2022: 7.44, 2023: -18.25, 2024: -24.01, 2025: 39.86, 2026: 21.67}",188.51975326298216,False,False,False,True,False,w19-23_anc19:55_ml5_sl0.2_RR3.0
19,23,19:55,5,0.5,1.5,3825,-745.6053297641054,-36.776905494163685,0.42169934640522877,0.7332798850318182,-757.4184522164101,-0.04855559748583438,1/21,"{2006: -22.31, 2007: -54.01, 2008: -51.75, 2009: -54.99, 2010: -24.53, 2011: -8.46, 2012: -179.9, 2013: 7.8, 2014: -35.19, 2015: -53.44, 2016: -6.72, 2017: -48.57, 2018: -40.45, 2019: -23.51, 2020: -13.48, 2021: -55.0, 2022: -12.46, 2023: -14.92, 2024: -40.59, 2025: -10.61, 2026: -2.52}",188.66772795157164,False,False,False,False,False,w19-23_anc19:55_ml5_sl0.5_RR1.5
19,23,19:55,5,0.5,2.0,3825,-635.109736442442,-31.32672182340314,0.36705882352941177,0.7909020070491454,-662.4536155993462,-0.04728892874267235,3/21,"{2006: -16.6, 2007: -43.47, 2008: -38.9, 2009: -39.99, 2010: -12.91, 2011: -0.46, 2012: -176.76, 2013: 16.47, 2014: -41.64, 2015: -37.99, 2016: -22.47, 2017: -35.34, 2018: -24.76, 2019: -13.05, 2020: -24.2, 2021: -65.53, 2022: -18.06, 2023: -24.2, 2024: -32.51, 2025: 8.26, 2026: 9.0}",188.66772795157164,False,False,False,False,False,w19-23_anc19:55_ml5_sl0.5_RR2.0
19,23,19:55,5,0.5,3.0,3825,-388.8739450982357,-19.181166975489763,0.3150326797385621,0.8809968551773071,-463.099890697222,-0.04141907040101321,6/21,"{2006: -10.19, 2007: -12.96, 2008: -36.99, 2009: -47.12, 2010: -18.03, 2011: 19.59, 2012: -172.72, 2013: 23.82, 2014: -36.83, 2015: -17.95, 2016: -12.37, 2017: -32.47, 2018: -22.57, 2019: 2.8, 2020: 16.71, 2021: -43.32, 2022: -6.43, 2023: -14.76, 2024: -23.34, 2025: 34.61, 2026: 21.64}",188.66772795157164,False,False,False,False,False,w19-23_anc19:55_ml5_sl0.5_RR3.0
19,23,19:55,5,1.0,1.5,3825,-384.8368160168093,-18.982036002616574,0.4232679738562091,0.8444234787965619,-401.705984010505,-0.04725355548131485,2/21,"{2006: 0.28, 2007: -30.15, 2008: -24.0, 2009: -35.14, 2010: -14.61, 2011: -1.06, 2012: -15.25, 2013: 17.58, 2014: -39.1, 2015: -15.7, 2016: -17.7, 2017: -27.02, 2018: -22.24, 2019: -5.28, 2020: -13.49, 2021: -65.9, 2022: -9.78, 2023: -21.85, 2024: -37.27, 2025: -4.87, 2026: -2.29}",188.66772795157164,False,False,False,False,False,w19-23_anc19:55_ml5_sl1.0_RR1.5
19,23,19:55,5,1.0,2.0,3825,-233.13796257752443,-11.499505803597403,0.3801307189542484,0.9119094640608667,-273.52680722915863,-0.042041604331538904,8/21,"{2006: 4.13, 2007: -23.19, 2008: -29.96, 2009: -34.17, 2010: -13.01, 2011: 3.0, 2012: -14.14, 2013: 18.15, 2014: -33.38, 2015: 0.92, 2016: -4.12, 2017: -28.81, 2018: -14.59, 2019: 8.85, 2020: 2.97, 2021: -55.17, 2022: -2.69, 2023: -15.0, 2024: -25.94, 2025: 10.79, 2026: 12.2}",188.66772795157164,False,False,False,True,False,w19-23_anc19:55_ml5_sl1.0_RR2.0
19,23,19:55,5,1.0,3.0,3825,-48.402067980542164,-2.3874269788356615,0.34065359477124185,0.9827472440616655,-145.87159610712342,-0.016366633687084714,10/21,"{2006: 15.75, 2007: -9.82, 2008: -18.88, 2009: -21.99, 2010: -16.09, 2011: 12.32, 2012: -3.23, 2013: 12.73, 2014: -10.86, 2015: 15.6, 2016: 4.76, 2017: -28.48, 2018: -16.43, 2019: 14.93, 2020: 12.9, 2021: -56.48, 2022: 7.29, 2023: -7.53, 2024: -21.2, 2025: 40.73, 2026: 25.56}",188.66772795157164,False,False,False,True,False,w19-23_anc19:55_ml5_sl1.0_RR3.0
19,23,19:55,10,0.2,1.5,3168,-494.15603959941535,-24.374195358109425,0.4321338383838384,0.7740263354639412,-512.2944497492061,-0.047578488055144495,1/21,"{2006: -21.06, 2007: -58.63, 2008: -22.22, 2009: -48.83, 2010: -34.61, 2011: -11.0, 2012: -16.77, 2013: -3.49, 2014: -30.5, 2015: -46.21, 2016: -3.97, 2017: -45.67, 2018: -29.66, 2019: -31.95, 2020: -27.85, 2021: -18.41, 2022: -4.37, 2023: -10.8, 2024: -17.39, 2025: -16.25, 2026: 5.49}",156.26127115047817,False,False,False,False,False,w19-23_anc19:55_ml10_sl0.2_RR1.5
19,23,19:55,10,0.2,2.0,3168,-310.3332246820357,-15.307154093763206,0.3873106060606061,0.8683264789320361,-337.9331367134074,-0.04529639869778387,4/21,"{2006: -9.79, 2007: -41.38, 2008: -11.76, 2009: -38.06, 2010: -25.45, 2011: -6.86, 2012: -8.75, 2013: 14.48, 2014: -24.51, 2015: -27.77, 2016: 1.0, 2017: -35.36, 2018: -17.06, 2019: -26.43, 2020: -18.2, 2021: -24.35, 2022: 3.99, 2023: -3.79, 2024: -16.49, 2025: -6.3, 2026: 12.51}",156.26127115047817,False,False,False,False,False,w19-23_anc19:55_ml10_sl0.2_RR2.0
19,23,19:55,10,0.2,3.0,3168,-115.29986075173105,-5.687153663048806,0.32891414141414144,0.9552686260875164,-197.1568134552054,-0.028845838819265276,9/21,"{2006: -8.98, 2007: -31.82, 2008: -5.73, 2009: -34.81, 2010: -6.13, 2011: 5.57, 2012: -6.56, 2013: 4.06, 2014: -20.47, 2015: 1.82, 2016: -6.37, 2017: -12.33, 2018: 1.4, 2019: -24.78, 2020: 5.36, 2021: -31.96, 2022: 0.22, 2023: 2.89, 2024: -3.16, 2025: 29.83, 2026: 26.63}",156.26127115047817,False,False,False,True,False,w19-23_anc19:55_ml10_sl0.2_RR3.0
19,23,19:55,10,0.5,1.5,3169,-338.83818047994964,-16.71315807958083,0.4323130325023667,0.8372386199208336,-352.22557696973456,-0.047450154595152894,3/21,"{2006: -16.72, 2007: -31.25, 2008: -20.32, 2009: -30.8, 2010: -22.82, 2011: -12.57, 2012: -6.7, 2013: 9.32, 2014: -36.84, 2015: -17.55, 2016: -2.6, 2017: -42.46, 2018: -23.35, 2019: -20.3, 2020: -24.55, 2021: -19.71, 2022: -6.13, 2023: 5.7, 2024: -9.95, 2025: -12.31, 2026: 3.05}",156.31059604667465,False,False,False,False,False,w19-23_anc19:55_ml10_sl0.5_RR1.5
19,23,19:55,10,0.5,2.0,3169,-206.28984553395827,-10.175225217352308,0.3843483748816661,0.9083922943761179,-235.0795024874002,-0.0432841873055167,3/21,"{2006: -11.15, 2007: -26.75, 2008: -12.59, 2009: -21.5, 2010: -10.23, 2011: -1.82, 2012: 7.52, 2013: 17.74, 2014: -30.49, 2015: -3.51, 2016: -4.7, 2017: -29.29, 2018: -8.2, 2019: -17.02, 2020: -10.78, 2021: -25.05, 2022: -5.51, 2023: -5.21, 2024: -18.28, 2025: -2.04, 2026: 12.56}",156.31059604667465,False,False,False,False,False,w19-23_anc19:55_ml10_sl0.5_RR2.0
19,23,19:55,10,0.5,3.0,3169,1.8448431245320123,0.09099669561634852,0.3385926159671821,1.0007651397808806,-81.58546415858304,0.0011153542675135396,10/21,"{2006: -9.78, 2007: -7.7, 2008: 4.81, 2009: -17.4, 2010: -3.28, 2011: 16.1, 2012: 7.24, 2013: 6.89, 2014: -24.14, 2015: 19.17, 2016: 4.0, 2017: -16.68, 2018: -1.86, 2019: -4.37, 2020: 8.08, 2021: -17.01, 2022: -15.14, 2023: 9.17, 2024: -12.18, 2025: 29.46, 2026: 26.46}",156.31059604667465,False,False,False,True,False,w19-23_anc19:55_ml10_sl0.5_RR3.0
19,23,19:55,10,1.0,1.5,3169,-206.24184652156532,-10.17285767104849,0.4338908172925213,0.894802206372081,-220.4051965078495,-0.046155253289076575,3/21,"{2006: -10.79, 2007: -18.63, 2008: -11.07, 2009: -21.22, 2010: -10.22, 2011: -7.11, 2012: -4.43, 2013: 13.13, 2014: -23.6, 2015: -2.01, 2016: -6.81, 2017: -19.44, 2018: -15.36, 2019: -0.11, 2020: -10.05, 2021: -33.9, 2022: 1.72, 2023: -3.87, 2024: -14.17, 2025: -13.95, 2026: 5.64}",156.31059604667465,False,False,False,False,False,w19-23_anc19:55_ml10_sl1.0_RR1.5
19,23,19:55,10,1.0,2.0,3169,-67.57438134965774,-3.333099345613852,0.39570842537077944,0.9675296450163379,-100.26343125907744,-0.033243419896544654,10/21,"{2006: -2.41, 2007: -5.83, 2008: -12.1, 2009: -10.86, 2010: 1.86, 2011: 1.84, 2012: -6.47, 2013: 0.42, 2014: -19.7, 2015: 8.06, 2016: 6.74, 2017: -17.56, 2018: -8.32, 2019: 10.63, 2020: 5.05, 2021: -20.95, 2022: -4.18, 2023: 3.1, 2024: -16.13, 2025: 3.58, 2026: 15.64}",156.31059604667465,False,False,False,True,False,w19-23_anc19:55_ml10_sl1.0_RR2.0
19,23,19:55,10,1.0,3.0,3169,67.09909784880351,3.309656036270313,0.3606816030293468,1.0305079764823213,-58.31100489445185,0.05675868632792536,13/21,"{2006: 6.45, 2007: 3.84, 2008: -11.31, 2009: 6.1, 2010: -3.14, 2011: 9.32, 2012: 6.84, 2013: 5.42, 2014: -5.18, 2015: 24.0, 2016: 8.45, 2017: -17.44, 2018: -19.9, 2019: 25.62, 2020: 8.9, 2021: -31.05, 2022: -2.38, 2023: 15.87, 2024: -8.61, 2025: 19.11, 2026: 26.18}",156.31059604667465,False,False,False,True,False,w19-23_anc19:55_ml10_sl1.0_RR3.0
19,23,19:45,3,0.2,1.5,4127,-2638827907727.313,-130160645022.42145,0.42088684274291255,7.777174151829336e-10,-2638827907741.1377,-0.04932517374118581,0/21,"{2006: -29.87, 2007: -2638827906762.24, 2008: -75.9, 2009: -80.05, 2010: -65.18, 2011: -22.97, 2012: -55.95, 2013: -33.72, 2014: -49.49, 2015: -77.23, 2016: -32.75, 2017: -65.96, 2018: -47.04, 2019: -50.88, 2020: -14.28, 2021: -98.4, 2022: -32.82, 2023: -70.4, 2024: -49.27, 2025: -10.82, 2026: -2.06}",203.5649920309403,True,False,False,False,False,w19-23_anc19:45_ml3_sl0.2_RR1.5
19,23,19:45,3,0.2,2.0,4127,-2638827907491.936,-130160645010.81143,0.37242549067118974,9.62639828121951e-10,-2638827907511.609,-0.04932517374107649,2/21,"{2006: -23.31, 2007: -2638827906748.13, 2008: -65.89, 2009: -75.55, 2010: -47.07, 2011: 5.03, 2012: -51.39, 2013: -13.17, 2014: -27.99, 2015: -56.06, 2016: -15.82, 2017: -54.5, 2018: -27.94, 2019: -45.09, 2020: -17.87, 2021: -87.9, 2022: -23.06, 2023: -62.84, 2024: -46.27, 2025: -10.54, 2026: 3.44}",203.5649920309403,True,False,False,False,False,w19-23_anc19:45_ml3_sl0.2_RR2.0
19,23,19:45,3,0.2,3.0,4127,-2638827907130.594,-130160644992.98819,0.3111218803004604,1.224381822934123e-09,-2638827907193.6353,-0.04932517374026585,5/21,"{2006: 9.89, 2007: -2638827906732.59, 2008: -54.81, 2009: -48.18, 2010: -31.56, 2011: 29.88, 2012: -32.78, 2013: 18.99, 2014: -12.44, 2015: -33.3, 2016: -13.72, 2017: -43.47, 2018: -27.8, 2019: -28.71, 2020: -11.84, 2021: -89.56, 2022: -2.1, 2023: -46.15, 2024: -22.5, 2025: 29.95, 2026: 12.22}",203.5649920309403,True,False,False,False,False,w19-23_anc19:45_ml3_sl0.2_RR3.0
19,23,19:45,3,0.5,1.5,4131,-877.5045495778782,-43.28306436683659,0.41999515855725006,0.7130766520990254,-885.5629507150558,-0.04887632700971432,0/21,"{2006: -22.07, 2007: -55.2, 2008: -64.27, 2009: -54.35, 2010: -32.49, 2011: -4.34, 2012: -192.86, 2013: -17.88, 2014: -28.76, 2015: -52.72, 2016: -14.46, 2017: -54.79, 2018: -32.1, 2019: -26.01, 2020: -12.26, 2021: -75.99, 2022: -33.61, 2023: -49.22, 2024: -32.83, 2025: -14.47, 2026: -6.84}",203.76229272590606,True,False,False,False,False,w19-23_anc19:45_ml3_sl0.5_RR1.5
19,23,19:45,3,0.5,2.0,4131,-745.6250586588769,-36.77808556432364,0.36528685548293394,0.7759299044318637,-765.7964608052332,-0.04802592783681916,3/21,"{2006: -11.05, 2007: -47.51, 2008: -49.77, 2009: -31.35, 2010: -28.17, 2011: 5.16, 2012: -184.97, 2013: -3.31, 2014: -23.93, 2015: -43.29, 2016: -17.6, 2017: -48.79, 2018: -21.6, 2019: -21.55, 2020: -27.19, 2021: -79.11, 2022: -37.35, 2023: -48.32, 2024: -31.83, 2025: 2.26, 2026: 3.66}",203.76229272590606,True,False,False,False,False,w19-23_anc19:45_ml3_sl0.5_RR2.0
19,23,19:45,3,0.5,3.0,4131,-403.36997679778085,-19.896294187632865,0.31227305737109656,0.8874411572531427,-466.6264052584115,-0.04263859473750647,5/21,"{2006: -5.93, 2007: -15.76, 2008: -36.76, 2009: -43.55, 2010: -12.58, 2011: 18.87, 2012: -154.94, 2013: 20.03, 2014: -19.87, 2015: -20.37, 2016: -14.58, 2017: -35.03, 2018: -15.96, 2019: -8.11, 2020: 7.66, 2021: -61.36, 2022: -11.59, 2023: -26.72, 2024: -8.92, 2025: 33.77, 2026: 8.33}",203.76229272590606,True,False,False,False,False,w19-23_anc19:45_ml3_sl0.5_RR3.0
19,23,19:45,3,1.0,1.5,4131,-462.8935650484403,-22.832305519810827,0.4212055192447349,0.8294802730488947,-480.54620384264746,-0.04751323668199688,2/21,"{2006: 3.79, 2007: -26.93, 2008: -31.61, 2009: -35.15, 2010: -26.07, 2011: -0.98, 2012: -27.86, 2013: 4.26, 2014: -20.96, 2015: -27.52, 2016: -19.71, 2017: -33.02, 2018: -25.29, 2019: -10.81, 2020: -12.83, 2021: -79.64, 2022: -16.97, 2023: -36.71, 2024: -28.82, 2025: -4.46, 2026: -5.61}",203.76229272590606,True,False,False,False,False,w19-23_anc19:45_ml3_sl1.0_RR1.5
19,23,19:45,3,1.0,2.0,4131,-249.51079305427464,-12.30716321776763,0.37981118373275236,0.9137271916149976,-286.19563905348303,-0.043002623165294705,6/21,"{2006: 1.37, 2007: -20.52, 2008: -27.18, 2009: -26.38, 2010: -22.22, 2011: 6.7, 2012: -5.99, 2013: 10.22, 2014: -17.82, 2015: -12.52, 2016: -9.25, 2017: -27.2, 2018: -14.28, 2019: 0.92, 2020: -1.21, 2021: -70.46, 2022: -7.94, 2023: -19.11, 2024: -8.02, 2025: 16.5, 2026: 4.89}",203.76229272590606,True,False,False,False,False,w19-23_anc19:45_ml3_sl1.0_RR2.0
19,23,19:45,3,1.0,3.0,4131,-86.55353427439827,-4.269268116020742,0.32946017913338177,0.9721890328686192,-168.6951468600257,-0.025307592989400902,8/21,"{2006: 15.51, 2007: -5.44, 2008: -23.92, 2009: -13.12, 2010: -9.83, 2011: 16.72, 2012: -14.5, 2013: -2.58, 2014: 13.82, 2015: 7.24, 2016: -2.82, 2017: -25.08, 2018: -14.41, 2019: 14.12, 2020: 10.2, 2021: -81.47, 2022: -0.36, 2023: -11.97, 2024: -8.38, 2025: 32.33, 2026: 17.38}",203.76229272590606,True,False,False,True,False,w19-23_anc19:45_ml3_sl1.0_RR3.0
19,23,19:45,5,0.2,1.5,3822,-2638827907491.6533,-130159912617.42491,0.42569335426478283,7.459427806479991e-10,-2638827907506.9614,-0.04932489619620318,0/21,"{2006: -27.32, 2007: -2638827906759.68, 2008: -54.36, 2009: -83.76, 2010: -30.56, 2011: -25.67, 2012: -40.37, 2013: -8.39, 2014: -45.64, 2015: -70.28, 2016: -17.03, 2017: -61.23, 2018: -48.3, 2019: -35.44, 2020: -11.86, 2021: -62.52, 2022: -15.45, 2023: -34.74, 2024: -50.22, 2025: -8.67, 2026: -0.18}",188.51975326298216,False,False,False,False,False,w19-23_anc19:45_ml5_sl0.2_RR1.5
19,23,19:45,5,0.2,2.0,3822,-2638827907299.0425,-130159912607.92441,0.3757195185766614,9.084393349335582e-10,-2638827907323.381,-0.04932489619603438,3/21,"{2006: -22.84, 2007: -2638827906744.58, 2008: -47.86, 2009: -73.26, 2010: -19.9, 2011: 5.33, 2012: -41.17, 2013: 8.53, 2014: -27.61, 2015: -57.29, 2016: -7.71, 2017: -50.31, 2018: -37.05, 2019: -29.85, 2020: -23.58, 2021: -64.52, 2022: -9.03, 2023: -25.41, 2024: -36.07, 2025: -3.71, 2026: 8.85}",188.51975326298216,False,False,False,False,False,w19-23_anc19:45_ml5_sl0.2_RR2.0
19,23,19:45,5,0.2,3.0,3822,-2638827907008.6943,-130159912593.60301,0.31475667189952905,1.129950492647348e-09,-2638827907084.5566,-0.0493248961950713,7/21,"{2006: 3.92, 2007: -2638827906719.16, 2008: -37.99, 2009: -54.24, 2010: -7.85, 2011: 15.19, 2012: -32.99, 2013: 30.23, 2014: -30.47, 2015: -32.41, 2016: -13.05, 2017: -27.23, 2018: -38.16, 2019: -15.16, 2020: 0.96, 2021: -77.0, 2022: 7.44, 2023: -18.25, 2024: -24.01, 2025: 39.86, 2026: 21.67}",188.51975326298216,False,False,False,True,False,w19-23_anc19:45_ml5_sl0.2_RR3.0
19,23,19:45,5,0.5,1.5,3825,-745.6053297641054,-36.776905494163685,0.42169934640522877,0.7332798850318182,-757.4184522164101,-0.04855559748583438,1/21,"{2006: -22.31, 2007: -54.01, 2008: -51.75, 2009: -54.99, 2010: -24.53, 2011: -8.46, 2012: -179.9, 2013: 7.8, 2014: -35.19, 2015: -53.44, 2016: -6.72, 2017: -48.57, 2018: -40.45, 2019: -23.51, 2020: -13.48, 2021: -55.0, 2022: -12.46, 2023: -14.92, 2024: -40.59, 2025: -10.61, 2026: -2.52}",188.66772795157164,False,False,False,False,False,w19-23_anc19:45_ml5_sl0.5_RR1.5
19,23,19:45,5,0.5,2.0,3825,-635.109736442442,-31.32672182340314,0.36705882352941177,0.7909020070491454,-662.4536155993462,-0.04728892874267235,3/21,"{2006: -16.6, 2007: -43.47, 2008: -38.9, 2009: -39.99, 2010: -12.91, 2011: -0.46, 2012: -176.76, 2013: 16.47, 2014: -41.64, 2015: -37.99, 2016: -22.47, 2017: -35.34, 2018: -24.76, 2019: -13.05, 2020: -24.2, 2021: -65.53, 2022: -18.06, 2023: -24.2, 2024: -32.51, 2025: 8.26, 2026: 9.0}",188.66772795157164,False,False,False,False,False,w19-23_anc19:45_ml5_sl0.5_RR2.0
19,23,19:45,5,0.5,3.0,3825,-388.8739450982357,-19.181166975489763,0.3150326797385621,0.8809968551773071,-463.099890697222,-0.04141907040101321,6/21,"{2006: -10.19, 2007: -12.96, 2008: -36.99, 2009: -47.12, 2010: -18.03, 2011: 19.59, 2012: -172.72, 2013: 23.82, 2014: -36.83, 2015: -17.95, 2016: -12.37, 2017: -32.47, 2018: -22.57, 2019: 2.8, 2020: 16.71, 2021: -43.32, 2022: -6.43, 2023: -14.76, 2024: -23.34, 2025: 34.61, 2026: 21.64}",188.66772795157164,False,False,False,False,False,w19-23_anc19:45_ml5_sl0.5_RR3.0
19,23,19:45,5,1.0,1.5,3825,-384.8368160168093,-18.982036002616574,0.4232679738562091,0.8444234787965619,-401.705984010505,-0.04725355548131485,2/21,"{2006: 0.28, 2007: -30.15, 2008: -24.0, 2009: -35.14, 2010: -14.61, 2011: -1.06, 2012: -15.25, 2013: 17.58, 2014: -39.1, 2015: -15.7, 2016: -17.7, 2017: -27.02, 2018: -22.24, 2019: -5.28, 2020: -13.49, 2021: -65.9, 2022: -9.78, 2023: -21.85, 2024: -37.27, 2025: -4.87, 2026: -2.29}",188.66772795157164,False,False,False,False,False,w19-23_anc19:45_ml5_sl1.0_RR1.5
19,23,19:45,5,1.0,2.0,3825,-233.13796257752443,-11.499505803597403,0.3801307189542484,0.9119094640608667,-273.52680722915863,-0.042041604331538904,8/21,"{2006: 4.13, 2007: -23.19, 2008: -29.96, 2009: -34.17, 2010: -13.01, 2011: 3.0, 2012: -14.14, 2013: 18.15, 2014: -33.38, 2015: 0.92, 2016: -4.12, 2017: -28.81, 2018: -14.59, 2019: 8.85, 2020: 2.97, 2021: -55.17, 2022: -2.69, 2023: -15.0, 2024: -25.94, 2025: 10.79, 2026: 12.2}",188.66772795157164,False,False,False,True,False,w19-23_anc19:45_ml5_sl1.0_RR2.0
19,23,19:45,5,1.0,3.0,3825,-48.402067980542164,-2.3874269788356615,0.34065359477124185,0.9827472440616655,-145.87159610712342,-0.016366633687084714,10/21,"{2006: 15.75, 2007: -9.82, 2008: -18.88, 2009: -21.99, 2010: -16.09, 2011: 12.32, 2012: -3.23, 2013: 12.73, 2014: -10.86, 2015: 15.6, 2016: 4.76, 2017: -28.48, 2018: -16.43, 2019: 14.93, 2020: 12.9, 2021: -56.48, 2022: 7.29, 2023: -7.53, 2024: -21.2, 2025: 40.73, 2026: 25.56}",188.66772795157164,False,False,False,True,False,w19-23_anc19:45_ml5_sl1.0_RR3.0
19,23,19:45,10,0.2,1.5,3168,-494.15603959941535,-24.374195358109425,0.4321338383838384,0.7740263354639412,-512.2944497492061,-0.047578488055144495,1/21,"{2006: -21.06, 2007: -58.63, 2008: -22.22, 2009: -48.83, 2010: -34.61, 2011: -11.0, 2012: -16.77, 2013: -3.49, 2014: -30.5, 2015: -46.21, 2016: -3.97, 2017: -45.67, 2018: -29.66, 2019: -31.95, 2020: -27.85, 2021: -18.41, 2022: -4.37, 2023: -10.8, 2024: -17.39, 2025: -16.25, 2026: 5.49}",156.26127115047817,False,False,False,False,False,w19-23_anc19:45_ml10_sl0.2_RR1.5
19,23,19:45,10,0.2,2.0,3168,-310.3332246820357,-15.307154093763206,0.3873106060606061,0.8683264789320361,-337.9331367134074,-0.04529639869778387,4/21,"{2006: -9.79, 2007: -41.38, 2008: -11.76, 2009: -38.06, 2010: -25.45, 2011: -6.86, 2012: -8.75, 2013: 14.48, 2014: -24.51, 2015: -27.77, 2016: 1.0, 2017: -35.36, 2018: -17.06, 2019: -26.43, 2020: -18.2, 2021: -24.35, 2022: 3.99, 2023: -3.79, 2024: -16.49, 2025: -6.3, 2026: 12.51}",156.26127115047817,False,False,False,False,False,w19-23_anc19:45_ml10_sl0.2_RR2.0
19,23,19:45,10,0.2,3.0,3168,-115.29986075173105,-5.687153663048806,0.32891414141414144,0.9552686260875164,-197.1568134552054,-0.028845838819265276,9/21,"{2006: -8.98, 2007: -31.82, 2008: -5.73, 2009: -34.81, 2010: -6.13, 2011: 5.57, 2012: -6.56, 2013: 4.06, 2014: -20.47, 2015: 1.82, 2016: -6.37, 2017: -12.33, 2018: 1.4, 2019: -24.78, 2020: 5.36, 2021: -31.96, 2022: 0.22, 2023: 2.89, 2024: -3.16, 2025: 29.83, 2026: 26.63}",156.26127115047817,False,False,False,True,False,w19-23_anc19:45_ml10_sl0.2_RR3.0
19,23,19:45,10,0.5,1.5,3169,-338.83818047994964,-16.71315807958083,0.4323130325023667,0.8372386199208336,-352.22557696973456,-0.047450154595152894,3/21,"{2006: -16.72, 2007: -31.25, 2008: -20.32, 2009: -30.8, 2010: -22.82, 2011: -12.57, 2012: -6.7, 2013: 9.32, 2014: -36.84, 2015: -17.55, 2016: -2.6, 2017: -42.46, 2018: -23.35, 2019: -20.3, 2020: -24.55, 2021: -19.71, 2022: -6.13, 2023: 5.7, 2024: -9.95, 2025: -12.31, 2026: 3.05}",156.31059604667465,False,False,False,False,False,w19-23_anc19:45_ml10_sl0.5_RR1.5
19,23,19:45,10,0.5,2.0,3169,-206.28984553395827,-10.175225217352308,0.3843483748816661,0.9083922943761179,-235.0795024874002,-0.0432841873055167,3/21,"{2006: -11.15, 2007: -26.75, 2008: -12.59, 2009: -21.5, 2010: -10.23, 2011: -1.82, 2012: 7.52, 2013: 17.74, 2014: -30.49, 2015: -3.51, 2016: -4.7, 2017: -29.29, 2018: -8.2, 2019: -17.02, 2020: -10.78, 2021: -25.05, 2022: -5.51, 2023: -5.21, 2024: -18.28, 2025: -2.04, 2026: 12.56}",156.31059604667465,False,False,False,False,False,w19-23_anc19:45_ml10_sl0.5_RR2.0
19,23,19:45,10,0.5,3.0,3169,1.8448431245320123,0.09099669561634852,0.3385926159671821,1.0007651397808806,-81.58546415858304,0.0011153542675135396,10/21,"{2006: -9.78, 2007: -7.7, 2008: 4.81, 2009: -17.4, 2010: -3.28, 2011: 16.1, 2012: 7.24, 2013: 6.89, 2014: -24.14, 2015: 19.17, 2016: 4.0, 2017: -16.68, 2018: -1.86, 2019: -4.37, 2020: 8.08, 2021: -17.01, 2022: -15.14, 2023: 9.17, 2024: -12.18, 2025: 29.46, 2026: 26.46}",156.31059604667465,False,False,False,True,False,w19-23_anc19:45_ml10_sl0.5_RR3.0
19,23,19:45,10,1.0,1.5,3169,-206.24184652156532,-10.17285767104849,0.4338908172925213,0.894802206372081,-220.4051965078495,-0.046155253289076575,3/21,"{2006: -10.79, 2007: -18.63, 2008: -11.07, 2009: -21.22, 2010: -10.22, 2011: -7.11, 2012: -4.43, 2013: 13.13, 2014: -23.6, 2015: -2.01, 2016: -6.81, 2017: -19.44, 2018: -15.36, 2019: -0.11, 2020: -10.05, 2021: -33.9, 2022: 1.72, 2023: -3.87, 2024: -14.17, 2025: -13.95, 2026: 5.64}",156.31059604667465,False,False,False,False,False,w19-23_anc19:45_ml10_sl1.0_RR1.5
19,23,19:45,10,1.0,2.0,3169,-67.57438134965774,-3.333099345613852,0.39570842537077944,0.9675296450163379,-100.26343125907744,-0.033243419896544654,10/21,"{2006: -2.41, 2007: -5.83, 2008: -12.1, 2009: -10.86, 2010: 1.86, 2011: 1.84, 2012: -6.47, 2013: 0.42, 2014: -19.7, 2015: 8.06, 2016: 6.74, 2017: -17.56, 2018: -8.32, 2019: 10.63, 2020: 5.05, 2021: -20.95, 2022: -4.18, 2023: 3.1, 2024: -16.13, 2025: 3.58, 2026: 15.64}",156.31059604667465,False,False,False,True,False,w19-23_anc19:45_ml10_sl1.0_RR2.0
19,23,19:45,10,1.0,3.0,3169,67.09909784880351,3.309656036270313,0.3606816030293468,1.0305079764823213,-58.31100489445185,0.05675868632792536,13/21,"{2006: 6.45, 2007: 3.84, 2008: -11.31, 2009: 6.1, 2010: -3.14, 2011: 9.32, 2012: 6.84, 2013: 5.42, 2014: -5.18, 2015: 24.0, 2016: 8.45, 2017: -17.44, 2018: -19.9, 2019: 25.62, 2020: 8.9, 2021: -31.05, 2022: -2.38, 2023: 15.87, 2024: -8.61, 2025: 19.11, 2026: 26.18}",156.31059604667465,False,False,False,True,False,w19-23_anc19:45_ml10_sl1.0_RR3.0
20,22,19:55,3,0.2,1.5,3540,-639.760902771505,-31.56040216922488,0.43531073446327684,0.746086106779413,-652.8337290909797,-0.048343706464386106,3/21,"{2006: -32.75, 2007: -42.59, 2008: -46.06, 2009: -41.42, 2010: -15.86, 2011: -2.26, 2012: -28.34, 2013: 12.84, 2014: -37.63, 2015: -58.76, 2016: -38.7, 2017: -50.39, 2018: -56.51, 2019: -27.15, 2020: 4.39, 2021: -64.02, 2022: -16.19, 2023: -66.62, 2024: -24.2, 2025: -8.07, 2026: 0.55}",174.63371580704268,False,False,False,False,False,w20-22_anc19:55_ml3_sl0.2_RR1.5
20,22,19:55,3,0.2,2.0,3540,-410.03133697985646,-20.227484738452542,0.38813559322033897,0.8495466714013112,-453.6383524810421,-0.04458945022576737,6/21,"{2006: -20.47, 2007: -36.94, 2008: -39.56, 2009: -31.92, 2010: -5.05, 2011: 21.64, 2012: -2.78, 2013: 20.11, 2014: -31.63, 2015: -40.51, 2016: -30.54, 2017: -36.73, 2018: -59.92, 2019: -29.37, 2020: 17.89, 2021: -47.52, 2022: 2.31, 2023: -64.1, 2024: -11.26, 2025: 5.28, 2026: 11.01}",174.63371580704268,False,False,False,False,False,w20-22_anc19:55_ml3_sl0.2_RR2.0
20,22,19:55,3,0.2,3.0,3540,-109.66088661226557,-5.409742403331841,0.3257062146892655,0.963493223853043,-243.9038374734355,-0.02217981668255235,10/21,"{2006: 8.14, 2007: -33.56, 2008: -12.44, 2009: 1.7, 2010: -7.85, 2011: 39.13, 2012: 7.72, 2013: 36.23, 2014: -13.25, 2015: -27.01, 2016: -20.28, 2017: -49.23, 2018: -54.1, 2019: -20.01, 2020: 30.11, 2021: -8.48, 2022: 9.38, 2023: -57.14, 2024: 22.59, 2025: 27.63, 2026: 11.03}",174.63371580704268,False,False,False,True,False,w20-22_anc19:55_ml3_sl0.2_RR3.0
20,22,19:55,3,0.5,1.5,3543,-393.22850946504946,-19.398575076030067,0.4374823595822749,0.8342475774882029,-404.9373131188319,-0.047905131109361135,5/21,"{2006: -27.86, 2007: -27.93, 2008: -45.47, 2009: -27.27, 2010: 10.89, 2011: 12.57, 2012: -5.92, 2013: 16.38, 2014: -36.05, 2015: -30.33, 2016: -8.73, 2017: -33.02, 2018: -60.46, 2019: -24.37, 2020: 8.12, 2021: -42.48, 2022: -7.67, 2023: -47.7, 2024: -10.52, 2025: -6.1, 2026: 0.69}",174.78171048145543,False,False,False,False,False,w20-22_anc19:55_ml3_sl0.5_RR1.5
20,22,19:55,3,0.5,2.0,3543,-207.68383712864272,-10.245367285547891,0.38752469658481514,0.9194260329259658,-250.38332111355072,-0.04091872909099061,8/21,"{2006: -18.06, 2007: -18.26, 2008: -32.04, 2009: -11.27, 2010: 0.19, 2011: 19.39, 2012: 15.51, 2013: 24.62, 2014: -26.53, 2015: -22.83, 2016: -2.37, 2017: -36.64, 2018: -47.8, 2019: -17.39, 2020: 1.98, 2021: -10.73, 2022: -1.17, 2023: -52.36, 2024: 9.84, 2025: 7.11, 2026: 11.1}",174.78171048145543,False,False,False,True,False,w20-22_anc19:55_ml3_sl0.5_RR2.0
20,22,19:55,3,0.5,3.0,3543,54.23903010825517,2.675695867111487,0.33248659328252894,1.0193977922076023,-114.17190259162166,0.023435677310923952,12/21,"{2006: 3.03, 2007: -13.66, 2008: -7.72, 2009: -3.82, 2010: -1.76, 2011: 27.99, 2012: 26.34, 2013: 36.66, 2014: -16.29, 2015: -10.09, 2016: 13.33, 2017: -22.6, 2018: -45.67, 2019: 4.62, 2020: 25.09, 2021: 29.06, 2022: 0.34, 2023: -58.35, 2024: 19.54, 2025: 37.28, 2026: 10.92}",174.78171048145543,False,False,False,True,False,w20-22_anc19:55_ml3_sl0.5_RR3.0
20,22,19:55,3,1.0,1.5,3544,-174.5058124772297,-8.608643633566558,0.44300225733634313,0.9208501210084992,-197.23595727115065,-0.04364642103129199,8/21,"{2006: -8.66, 2007: -20.62, 2008: -7.91, 2009: -18.69, 2010: -4.86, 2011: 11.21, 2012: 7.37, 2013: 28.96, 2014: -23.89, 2015: 1.33, 2016: -11.73, 2017: -33.61, 2018: -44.09, 2019: -5.59, 2020: 5.98, 2021: -16.43, 2022: 1.94, 2023: -37.54, 2024: -4.85, 2025: 2.88, 2026: 4.3}",174.831042039593,False,False,False,True,False,w20-22_anc19:55_ml3_sl1.0_RR1.5
20,22,19:55,3,1.0,2.0,3544,-14.559411642168662,-0.7182384618746415,0.3984198645598194,0.993850672761973,-114.24635589915582,-0.006286751609903635,11/21,"{2006: 3.51, 2007: -19.42, 2008: -0.52, 2009: -4.32, 2010: -9.36, 2011: 15.51, 2012: 23.06, 2013: 39.61, 2014: -14.3, 2015: 7.84, 2016: -3.69, 2017: -22.37, 2018: -41.52, 2019: -0.05, 2020: 6.06, 2021: 5.7, 2022: 6.84, 2023: -38.18, 2024: 11.42, 2025: 9.22, 2026: 10.41}",174.831042039593,False,False,False,True,False,w20-22_anc19:55_ml3_sl1.0_RR2.0
20,22,19:55,3,1.0,3.0,3544,140.96469984646208,6.954008285822636,0.3510158013544018,1.055464426876925,-81.5895097808403,0.0852316468685984,15/21,"{2006: 12.38, 2007: -9.84, 2008: 12.93, 2009: 5.92, 2010: 3.93, 2011: 8.65, 2012: 33.78, 2013: 34.68, 2014: 12.29, 2015: 19.18, 2016: -0.38, 2017: -18.89, 2018: -30.42, 2019: -4.73, 2020: 13.77, 2021: 20.26, 2022: 8.67, 2023: -42.8, 2024: 12.25, 2025: 41.67, 2026: 7.64}",174.831042039593,False,False,False,True,False,w20-22_anc19:55_ml3_sl1.0_RR3.0
20,22,19:55,5,0.2,1.5,2967,-408.8143311155154,-20.167466858647778,0.44455679137175597,0.7996206812580203,-418.2117321824899,-0.04822310161745426,4/21,"{2006: -11.13, 2007: -37.0, 2008: -30.55, 2009: -7.93, 2010: 2.69, 2011: 8.06, 2012: -13.77, 2013: 9.08, 2014: -20.17, 2015: -47.73, 2016: -16.87, 2017: -35.25, 2018: -50.99, 2019: -11.6, 2020: 4.01, 2021: -50.77, 2022: -1.04, 2023: -57.43, 2024: -26.04, 2025: -11.14, 2026: -3.24}",146.36687027662035,False,False,False,False,False,w20-22_anc19:55_ml5_sl0.2_RR1.5
20,22,19:55,5,0.2,2.0,2967,-236.66834601139678,-11.675229221177084,0.3946747556454331,0.8933513750698234,-261.9108960114565,-0.044577103889050826,9/21,"{2006: -2.85, 2007: -34.44, 2008: -24.6, 2009: 3.24, 2010: 0.0, 2011: 21.46, 2012: 4.23, 2013: 11.89, 2014: -19.6, 2015: -33.66, 2016: -10.94, 2017: -20.77, 2018: -51.4, 2019: -8.17, 2020: 9.51, 2021: -33.55, 2022: 12.46, 2023: -57.8, 2024: -6.45, 2025: 1.38, 2026: 3.37}",146.36687027662035,False,False,False,True,False,w20-22_anc19:55_ml5_sl0.2_RR2.0
20,22,19:55,5,0.2,3.0,2967,-20.08882452209577,-0.9910139443327877,0.33198517020559487,0.9917865191742837,-175.90020963063068,-0.005633955447886037,12/21,"{2006: 9.15, 2007: -23.51, 2008: 2.64, 2009: 17.36, 2010: 6.93, 2011: 21.86, 2012: 5.54, 2013: 27.91, 2014: -21.66, 2015: -18.95, 2016: -4.23, 2017: -8.54, 2018: -53.03, 2019: -1.27, 2020: 12.95, 2021: -22.09, 2022: 23.78, 2023: -44.73, 2024: 21.64, 2025: 20.68, 2026: 7.47}",146.36687027662035,False,False,False,True,False,w20-22_anc19:55_ml5_sl0.2_RR3.0
20,22,19:55,5,0.5,1.5,2970,-288.5885834601561,-14.236537835735183,0.4380471380471381,0.8529379276039039,-293.08070129785517,-0.048575487136107,4/21,"{2006: -15.61, 2007: -26.2, 2008: -27.79, 2009: -10.09, 2010: 8.88, 2011: 14.91, 2012: -1.93, 2013: 10.65, 2014: -24.67, 2015: -23.36, 2016: -2.94, 2017: -15.92, 2018: -56.39, 2019: -14.67, 2020: 3.15, 2021: -30.52, 2022: -0.07, 2023: -49.21, 2024: -11.55, 2025: -12.13, 2026: -3.13}",146.5148650898424,False,False,False,False,False,w20-22_anc19:55_ml5_sl0.5_RR1.5
20,22,19:55,5,0.5,2.0,2970,-131.7303993738274,-6.498471950332451,0.3898989898989899,0.9380077518176917,-188.8270523941574,-0.034414941439468896,8/21,"{2006: -12.88, 2007: -17.3, 2008: -13.42, 2009: 1.96, 2010: 8.17, 2011: 19.23, 2012: 13.37, 2013: 20.96, 2014: -31.8, 2015: -20.34, 2016: -3.4, 2017: -4.22, 2018: -40.62, 2019: -3.5, 2020: -2.49, 2021: -10.12, 2022: 3.43, 2023: -51.82, 2024: 9.89, 2025: -0.24, 2026: 3.44}",146.5148650898424,False,False,False,True,False,w20-22_anc19:55_ml5_sl0.5_RR2.0
20,22,19:55,5,0.5,3.0,2970,49.499803006179874,2.441904700142835,0.335016835016835,1.0214879020837688,-106.00330676837905,0.023036118160714388,14/21,"{2006: 5.16, 2007: -21.41, 2008: 11.06, 2009: 9.03, 2010: 14.71, 2011: 13.07, 2012: 13.05, 2013: 28.76, 2014: -14.52, 2015: -8.46, 2016: 10.15, 2017: -3.46, 2018: -38.11, 2019: 15.94, 2020: 19.2, 2021: 11.61, 2022: -5.33, 2023: -60.81, 2024: 21.04, 2025: 21.52, 2026: 7.32}",146.5148650898424,False,False,False,True,False,w20-22_anc19:55_ml5_sl0.5_RR3.0
20,22,19:55,5,1.0,1.5,2971,-132.33863204072938,-6.52847704364369,0.44362167620329856,0.9274850212579901,-154.16744957593573,-0.04234666307058589,7/21,"{2006: -2.62, 2007: -23.66, 2008: -4.59, 2009: -6.52, 2010: -0.74, 2011: 10.15, 2012: 11.79, 2013: 24.4, 2014: -23.06, 2015: 4.07, 2016: -17.07, 2017: -3.86, 2018: -39.07, 2019: 1.11, 2020: 1.66, 2021: -12.68, 2022: 2.3, 2023: -45.6, 2024: -0.95, 2025: -6.92, 2026: -0.48}",146.56419669424974,False,False,False,True,False,w20-22_anc19:55_ml5_sl1.0_RR1.5
20,22,19:55,5,1.0,2.0,2971,-8.804210782861347,-0.43432584345907943,0.3995287781891619,0.9955034262291443,-87.21282829191497,-0.004980068322120261,13/21,"{2006: 1.32, 2007: -21.06, 2008: 4.65, 2009: -1.23, 2010: 1.58, 2011: 9.93, 2012: 14.84, 2013: 32.49, 2014: -12.42, 2015: 12.9, 2016: -6.15, 2017: -5.14, 2018: -35.06, 2019: 11.19, 2020: 10.96, 2021: 2.74, 2022: 3.85, 2023: -48.24, 2024: 9.82, 2025: -0.58, 2026: 4.81}",146.56419669424974,False,False,False,True,False,w20-22_anc19:55_ml5_sl1.0_RR2.0
20,22,19:55,5,1.0,3.0,2971,121.07076689188372,5.972615177605421,0.35644564119824973,1.0579588351223808,-53.300691588732334,0.1120551159765443,15/21,"{2006: 8.76, 2007: -16.65, 2008: 8.49, 2009: 9.86, 2010: 20.3, 2011: -0.76, 2012: 19.67, 2013: 26.07, 2014: 7.88, 2015: 22.28, 2016: -10.72, 2017: -1.88, 2018: -26.33, 2019: 4.21, 2020: 15.06, 2021: 15.48, 2022: 8.29, 2023: -42.02, 2024: 17.09, 2025: 32.93, 2026: 3.07}",146.56419669424974,False,False,False,True,False,w20-22_anc19:55_ml5_sl1.0_RR3.0
20,22,19:55,10,0.2,1.5,2076,-235.47002316238482,-11.616277462053018,0.4407514450867052,0.8294889486075746,-243.0952083286566,-0.0477848886529602,2/21,"{2006: -20.53, 2007: -31.16, 2008: -19.44, 2009: -6.51, 2010: -7.99, 2011: 6.38, 2012: -2.75, 2013: -0.02, 2014: -2.3, 2015: -9.34, 2016: -6.17, 2017: -16.17, 2018: -39.38, 2019: -14.71, 2020: -18.55, 2021: -18.47, 2022: 18.63, 2023: -35.11, 2024: -5.94, 2025: -3.34, 2026: -2.61}",102.4138516119804,False,False,False,False,False,w20-22_anc19:55_ml10_sl0.2_RR1.5
20,22,19:55,10,0.2,2.0,2076,-135.25489515705092,-6.672434856651339,0.3940269749518304,0.9093593870335213,-149.8874485419483,-0.044516301541979726,7/21,"{2006: -7.53, 2007: -27.98, 2008: -9.44, 2009: -12.16, 2010: -5.64, 2011: 8.2, 2012: 13.46, 2013: 3.17, 2014: -11.07, 2015: 2.39, 2016: -2.82, 2017: -9.07, 2018: -40.32, 2019: -6.69, 2020: -19.05, 2021: -12.2, 2022: 31.43, 2023: -29.61, 2024: -6.28, 2025: 4.42, 2026: 1.55}",102.4138516119804,False,False,False,True,False,w20-22_anc19:55_ml10_sl0.2_RR2.0
20,22,19:55,10,0.2,3.0,2076,24.43341066338001,1.2053563073477744,0.34152215799614644,1.015175141020642,-73.95345918506482,0.01629884958229514,11/21,"{2006: -0.8, 2007: -16.5, 2008: 17.56, 2009: -10.18, 2010: 2.2, 2011: 17.85, 2012: 15.24, 2013: -2.01, 2014: -9.29, 2015: 14.93, 2016: 1.3, 2017: 5.01, 2018: -29.36, 2019: -13.22, 2020: -2.78, 2021: -14.03, 2022: 32.76, 2023: -27.41, 2024: 9.14, 2025: 23.46, 2026: 10.58}",102.4138516119804,False,False,False,True,False,w20-22_anc19:55_ml10_sl0.2_RR3.0
20,22,19:55,10,0.5,1.5,2078,-159.6999221022412,-7.878364221880424,0.43888354186718,0.8794530733713766,-165.10377017172647,-0.04771765183609096,6/21,"{2006: -8.95, 2007: -18.8, 2008: -19.23, 2009: -18.92, 2010: 5.36, 2011: 9.52, 2012: 7.08, 2013: 9.11, 2014: -13.19, 2015: 9.58, 2016: -1.13, 2017: -10.72, 2018: -41.11, 2019: -9.63, 2020: -26.04, 2021: -1.29, 2022: 10.99, 2023: -25.38, 2024: -4.38, 2025: -10.02, 2026: -2.57}",102.51251620890909,False,False,False,False,False,w20-22_anc19:55_ml10_sl0.5_RR1.5
20,22,19:55,10,0.5,2.0,2078,-24.47683745334881,-1.207498650711864,0.4013474494706448,0.9825998270045756,-64.48798660312832,-0.01872439681119286,12/21,"{2006: 0.78, 2007: -9.38, 2008: -9.23, 2009: -16.62, 2010: -0.51, 2011: 8.19, 2012: 26.4, 2013: 8.59, 2014: -21.52, 2015: 19.6, 2016: 2.69, 2017: 0.02, 2018: -29.67, 2019: -5.47, 2020: -14.69, 2021: 4.94, 2022: 22.18, 2023: -23.93, 2024: 3.51, 2025: 8.07, 2026: 1.58}",102.51251620890909,False,False,False,True,False,w20-22_anc19:55_ml10_sl0.5_RR2.0
20,22,19:55,10,0.5,3.0,2078,85.26934342918896,4.206532699907493,0.34937439846005774,1.056103336696019,-65.01195604763151,0.06470398609181277,14/21,"{2006: 3.45, 2007: -12.75, 2008: 9.77, 2009: -10.09, 2010: 5.62, 2011: 18.53, 2012: 28.41, 2013: 1.44, 2014: -11.54, 2015: 27.49, 2016: 16.25, 2017: 9.47, 2018: -19.6, 2019: 4.5, 2020: -7.36, 2021: -0.06, 2022: 5.64, 2023: -30.99, 2024: 11.18, 2025: 25.54, 2026: 10.38}",102.51251620890909,False,False,False,True,False,w20-22_anc19:55_ml10_sl0.5_RR3.0
20,22,19:55,10,1.0,1.5,2078,-78.41156462515406,-3.868222709144383,0.44465832531280075,0.9367695690574835,-88.83095445984468,-0.04354588704653604,7/21,"{2006: -4.62, 2007: -17.52, 2008: -8.83, 2009: -17.17, 2010: -4.15, 2011: 1.62, 2012: 22.0, 2013: 13.46, 2014: -13.04, 2015: 22.58, 2016: -3.43, 2017: 0.52, 2018: -33.8, 2019: -3.27, 2020: -16.66, 2021: -3.65, 2022: 11.33, 2023: -21.5, 2024: 0.11, 2025: -2.37, 2026: -0.01}",102.51251620890909,False,False,False,True,False,w20-22_anc19:55_ml10_sl1.0_RR1.5
20,22,19:55,10,1.0,2.0,2078,10.220184784433162,0.504185206146415,0.40712223291626565,1.0077740307218719,-51.54900233193015,0.009780697653465854,12/21,"{2006: -1.02, 2007: -14.7, 2008: -1.24, 2009: -16.32, 2010: -1.4, 2011: 6.14, 2012: 28.39, 2013: 11.87, 2014: -8.74, 2015: 23.06, 2016: 4.46, 2017: 1.18, 2018: -28.4, 2019: 4.46, 2020: -3.82, 2021: 5.29, 2022: 10.25, 2023: -27.86, 2024: 6.24, 2025: 9.85, 2026: 2.53}",102.51251620890909,False,False,False,True,False,w20-22_anc19:55_ml10_sl1.0_RR2.0
20,22,19:55,10,1.0,3.0,2078,85.1398666325763,4.200145311932789,0.36717998075072183,1.060900540121313,-73.44474528318567,0.05718782597363523,11/21,"{2006: 1.61, 2007: -13.49, 2008: -6.67, 2009: -4.52, 2010: 12.98, 2011: 12.53, 2012: 44.57, 2013: 12.5, 2014: -4.72, 2015: 31.55, 2016: -3.85, 2017: 7.14, 2018: -23.78, 2019: -0.06, 2020: -16.71, 2021: -6.78, 2022: 5.32, 2023: -16.37, 2024: 14.86, 2025: 32.96, 2026: 6.05}",102.51251620890909,False,False,False,True,False,w20-22_anc19:55_ml10_sl1.0_RR3.0
20,22,19:45,3,0.2,1.5,3540,-639.760902771505,-31.56040216922488,0.43531073446327684,0.746086106779413,-652.8337290909797,-0.048343706464386106,3/21,"{2006: -32.75, 2007: -42.59, 2008: -46.06, 2009: -41.42, 2010: -15.86, 2011: -2.26, 2012: -28.34, 2013: 12.84, 2014: -37.63, 2015: -58.76, 2016: -38.7, 2017: -50.39, 2018: -56.51, 2019: -27.15, 2020: 4.39, 2021: -64.02, 2022: -16.19, 2023: -66.62, 2024: -24.2, 2025: -8.07, 2026: 0.55}",174.63371580704268,False,False,False,False,False,w20-22_anc19:45_ml3_sl0.2_RR1.5
20,22,19:45,3,0.2,2.0,3540,-410.03133697985646,-20.227484738452542,0.38813559322033897,0.8495466714013112,-453.6383524810421,-0.04458945022576737,6/21,"{2006: -20.47, 2007: -36.94, 2008: -39.56, 2009: -31.92, 2010: -5.05, 2011: 21.64, 2012: -2.78, 2013: 20.11, 2014: -31.63, 2015: -40.51, 2016: -30.54, 2017: -36.73, 2018: -59.92, 2019: -29.37, 2020: 17.89, 2021: -47.52, 2022: 2.31, 2023: -64.1, 2024: -11.26, 2025: 5.28, 2026: 11.01}",174.63371580704268,False,False,False,False,False,w20-22_anc19:45_ml3_sl0.2_RR2.0
20,22,19:45,3,0.2,3.0,3540,-109.66088661226557,-5.409742403331841,0.3257062146892655,0.963493223853043,-243.9038374734355,-0.02217981668255235,10/21,"{2006: 8.14, 2007: -33.56, 2008: -12.44, 2009: 1.7, 2010: -7.85, 2011: 39.13, 2012: 7.72, 2013: 36.23, 2014: -13.25, 2015: -27.01, 2016: -20.28, 2017: -49.23, 2018: -54.1, 2019: -20.01, 2020: 30.11, 2021: -8.48, 2022: 9.38, 2023: -57.14, 2024: 22.59, 2025: 27.63, 2026: 11.03}",174.63371580704268,False,False,False,True,False,w20-22_anc19:45_ml3_sl0.2_RR3.0
20,22,19:45,3,0.5,1.5,3543,-393.22850946504946,-19.398575076030067,0.4374823595822749,0.8342475774882029,-404.9373131188319,-0.047905131109361135,5/21,"{2006: -27.86, 2007: -27.93, 2008: -45.47, 2009: -27.27, 2010: 10.89, 2011: 12.57, 2012: -5.92, 2013: 16.38, 2014: -36.05, 2015: -30.33, 2016: -8.73, 2017: -33.02, 2018: -60.46, 2019: -24.37, 2020: 8.12, 2021: -42.48, 2022: -7.67, 2023: -47.7, 2024: -10.52, 2025: -6.1, 2026: 0.69}",174.78171048145543,False,False,False,False,False,w20-22_anc19:45_ml3_sl0.5_RR1.5
20,22,19:45,3,0.5,2.0,3543,-207.68383712864272,-10.245367285547891,0.38752469658481514,0.9194260329259658,-250.38332111355072,-0.04091872909099061,8/21,"{2006: -18.06, 2007: -18.26, 2008: -32.04, 2009: -11.27, 2010: 0.19, 2011: 19.39, 2012: 15.51, 2013: 24.62, 2014: -26.53, 2015: -22.83, 2016: -2.37, 2017: -36.64, 2018: -47.8, 2019: -17.39, 2020: 1.98, 2021: -10.73, 2022: -1.17, 2023: -52.36, 2024: 9.84, 2025: 7.11, 2026: 11.1}",174.78171048145543,False,False,False,True,False,w20-22_anc19:45_ml3_sl0.5_RR2.0
20,22,19:45,3,0.5,3.0,3543,54.23903010825517,2.675695867111487,0.33248659328252894,1.0193977922076023,-114.17190259162166,0.023435677310923952,12/21,"{2006: 3.03, 2007: -13.66, 2008: -7.72, 2009: -3.82, 2010: -1.76, 2011: 27.99, 2012: 26.34, 2013: 36.66, 2014: -16.29, 2015: -10.09, 2016: 13.33, 2017: -22.6, 2018: -45.67, 2019: 4.62, 2020: 25.09, 2021: 29.06, 2022: 0.34, 2023: -58.35, 2024: 19.54, 2025: 37.28, 2026: 10.92}",174.78171048145543,False,False,False,True,False,w20-22_anc19:45_ml3_sl0.5_RR3.0
20,22,19:45,3,1.0,1.5,3544,-174.5058124772297,-8.608643633566558,0.44300225733634313,0.9208501210084992,-197.23595727115065,-0.04364642103129199,8/21,"{2006: -8.66, 2007: -20.62, 2008: -7.91, 2009: -18.69, 2010: -4.86, 2011: 11.21, 2012: 7.37, 2013: 28.96, 2014: -23.89, 2015: 1.33, 2016: -11.73, 2017: -33.61, 2018: -44.09, 2019: -5.59, 2020: 5.98, 2021: -16.43, 2022: 1.94, 2023: -37.54, 2024: -4.85, 2025: 2.88, 2026: 4.3}",174.831042039593,False,False,False,True,False,w20-22_anc19:45_ml3_sl1.0_RR1.5
20,22,19:45,3,1.0,2.0,3544,-14.559411642168662,-0.7182384618746415,0.3984198645598194,0.993850672761973,-114.24635589915582,-0.006286751609903635,11/21,"{2006: 3.51, 2007: -19.42, 2008: -0.52, 2009: -4.32, 2010: -9.36, 2011: 15.51, 2012: 23.06, 2013: 39.61, 2014: -14.3, 2015: 7.84, 2016: -3.69, 2017: -22.37, 2018: -41.52, 2019: -0.05, 2020: 6.06, 2021: 5.7, 2022: 6.84, 2023: -38.18, 2024: 11.42, 2025: 9.22, 2026: 10.41}",174.831042039593,False,False,False,True,False,w20-22_anc19:45_ml3_sl1.0_RR2.0
20,22,19:45,3,1.0,3.0,3544,140.96469984646208,6.954008285822636,0.3510158013544018,1.055464426876925,-81.5895097808403,0.0852316468685984,15/21,"{2006: 12.38, 2007: -9.84, 2008: 12.93, 2009: 5.92, 2010: 3.93, 2011: 8.65, 2012: 33.78, 2013: 34.68, 2014: 12.29, 2015: 19.18, 2016: -0.38, 2017: -18.89, 2018: -30.42, 2019: -4.73, 2020: 13.77, 2021: 20.26, 2022: 8.67, 2023: -42.8, 2024: 12.25, 2025: 41.67, 2026: 7.64}",174.831042039593,False,False,False,True,False,w20-22_anc19:45_ml3_sl1.0_RR3.0
20,22,19:45,5,0.2,1.5,2967,-408.8143311155154,-20.167466858647778,0.44455679137175597,0.7996206812580203,-418.2117321824899,-0.04822310161745426,4/21,"{2006: -11.13, 2007: -37.0, 2008: -30.55, 2009: -7.93, 2010: 2.69, 2011: 8.06, 2012: -13.77, 2013: 9.08, 2014: -20.17, 2015: -47.73, 2016: -16.87, 2017: -35.25, 2018: -50.99, 2019: -11.6, 2020: 4.01, 2021: -50.77, 2022: -1.04, 2023: -57.43, 2024: -26.04, 2025: -11.14, 2026: -3.24}",146.36687027662035,False,False,False,False,False,w20-22_anc19:45_ml5_sl0.2_RR1.5
20,22,19:45,5,0.2,2.0,2967,-236.66834601139678,-11.675229221177084,0.3946747556454331,0.8933513750698234,-261.9108960114565,-0.044577103889050826,9/21,"{2006: -2.85, 2007: -34.44, 2008: -24.6, 2009: 3.24, 2010: 0.0, 2011: 21.46, 2012: 4.23, 2013: 11.89, 2014: -19.6, 2015: -33.66, 2016: -10.94, 2017: -20.77, 2018: -51.4, 2019: -8.17, 2020: 9.51, 2021: -33.55, 2022: 12.46, 2023: -57.8, 2024: -6.45, 2025: 1.38, 2026: 3.37}",146.36687027662035,False,False,False,True,False,w20-22_anc19:45_ml5_sl0.2_RR2.0
20,22,19:45,5,0.2,3.0,2967,-20.08882452209577,-0.9910139443327877,0.33198517020559487,0.9917865191742837,-175.90020963063068,-0.005633955447886037,12/21,"{2006: 9.15, 2007: -23.51, 2008: 2.64, 2009: 17.36, 2010: 6.93, 2011: 21.86, 2012: 5.54, 2013: 27.91, 2014: -21.66, 2015: -18.95, 2016: -4.23, 2017: -8.54, 2018: -53.03, 2019: -1.27, 2020: 12.95, 2021: -22.09, 2022: 23.78, 2023: -44.73, 2024: 21.64, 2025: 20.68, 2026: 7.47}",146.36687027662035,False,False,False,True,False,w20-22_anc19:45_ml5_sl0.2_RR3.0
20,22,19:45,5,0.5,1.5,2970,-288.5885834601561,-14.236537835735183,0.4380471380471381,0.8529379276039039,-293.08070129785517,-0.048575487136107,4/21,"{2006: -15.61, 2007: -26.2, 2008: -27.79, 2009: -10.09, 2010: 8.88, 2011: 14.91, 2012: -1.93, 2013: 10.65, 2014: -24.67, 2015: -23.36, 2016: -2.94, 2017: -15.92, 2018: -56.39, 2019: -14.67, 2020: 3.15, 2021: -30.52, 2022: -0.07, 2023: -49.21, 2024: -11.55, 2025: -12.13, 2026: -3.13}",146.5148650898424,False,False,False,False,False,w20-22_anc19:45_ml5_sl0.5_RR1.5
20,22,19:45,5,0.5,2.0,2970,-131.7303993738274,-6.498471950332451,0.3898989898989899,0.9380077518176917,-188.8270523941574,-0.034414941439468896,8/21,"{2006: -12.88, 2007: -17.3, 2008: -13.42, 2009: 1.96, 2010: 8.17, 2011: 19.23, 2012: 13.37, 2013: 20.96, 2014: -31.8, 2015: -20.34, 2016: -3.4, 2017: -4.22, 2018: -40.62, 2019: -3.5, 2020: -2.49, 2021: -10.12, 2022: 3.43, 2023: -51.82, 2024: 9.89, 2025: -0.24, 2026: 3.44}",146.5148650898424,False,False,False,True,False,w20-22_anc19:45_ml5_sl0.5_RR2.0
20,22,19:45,5,0.5,3.0,2970,49.499803006179874,2.441904700142835,0.335016835016835,1.0214879020837688,-106.00330676837905,0.023036118160714388,14/21,"{2006: 5.16, 2007: -21.41, 2008: 11.06, 2009: 9.03, 2010: 14.71, 2011: 13.07, 2012: 13.05, 2013: 28.76, 2014: -14.52, 2015: -8.46, 2016: 10.15, 2017: -3.46, 2018: -38.11, 2019: 15.94, 2020: 19.2, 2021: 11.61, 2022: -5.33, 2023: -60.81, 2024: 21.04, 2025: 21.52, 2026: 7.32}",146.5148650898424,False,False,False,True,False,w20-22_anc19:45_ml5_sl0.5_RR3.0
20,22,19:45,5,1.0,1.5,2971,-132.33863204072938,-6.52847704364369,0.44362167620329856,0.9274850212579901,-154.16744957593573,-0.04234666307058589,7/21,"{2006: -2.62, 2007: -23.66, 2008: -4.59, 2009: -6.52, 2010: -0.74, 2011: 10.15, 2012: 11.79, 2013: 24.4, 2014: -23.06, 2015: 4.07, 2016: -17.07, 2017: -3.86, 2018: -39.07, 2019: 1.11, 2020: 1.66, 2021: -12.68, 2022: 2.3, 2023: -45.6, 2024: -0.95, 2025: -6.92, 2026: -0.48}",146.56419669424974,False,False,False,True,False,w20-22_anc19:45_ml5_sl1.0_RR1.5
20,22,19:45,5,1.0,2.0,2971,-8.804210782861347,-0.43432584345907943,0.3995287781891619,0.9955034262291443,-87.21282829191497,-0.004980068322120261,13/21,"{2006: 1.32, 2007: -21.06, 2008: 4.65, 2009: -1.23, 2010: 1.58, 2011: 9.93, 2012: 14.84, 2013: 32.49, 2014: -12.42, 2015: 12.9, 2016: -6.15, 2017: -5.14, 2018: -35.06, 2019: 11.19, 2020: 10.96, 2021: 2.74, 2022: 3.85, 2023: -48.24, 2024: 9.82, 2025: -0.58, 2026: 4.81}",146.56419669424974,False,False,False,True,False,w20-22_anc19:45_ml5_sl1.0_RR2.0
20,22,19:45,5,1.0,3.0,2971,121.07076689188372,5.972615177605421,0.35644564119824973,1.0579588351223808,-53.300691588732334,0.1120551159765443,15/21,"{2006: 8.76, 2007: -16.65, 2008: 8.49, 2009: 9.86, 2010: 20.3, 2011: -0.76, 2012: 19.67, 2013: 26.07, 2014: 7.88, 2015: 22.28, 2016: -10.72, 2017: -1.88, 2018: -26.33, 2019: 4.21, 2020: 15.06, 2021: 15.48, 2022: 8.29, 2023: -42.02, 2024: 17.09, 2025: 32.93, 2026: 3.07}",146.56419669424974,False,False,False,True,False,w20-22_anc19:45_ml5_sl1.0_RR3.0
20,22,19:45,10,0.2,1.5,2076,-235.47002316238482,-11.616277462053018,0.4407514450867052,0.8294889486075746,-243.0952083286566,-0.0477848886529602,2/21,"{2006: -20.53, 2007: -31.16, 2008: -19.44, 2009: -6.51, 2010: -7.99, 2011: 6.38, 2012: -2.75, 2013: -0.02, 2014: -2.3, 2015: -9.34, 2016: -6.17, 2017: -16.17, 2018: -39.38, 2019: -14.71, 2020: -18.55, 2021: -18.47, 2022: 18.63, 2023: -35.11, 2024: -5.94, 2025: -3.34, 2026: -2.61}",102.4138516119804,False,False,False,False,False,w20-22_anc19:45_ml10_sl0.2_RR1.5
20,22,19:45,10,0.2,2.0,2076,-135.25489515705092,-6.672434856651339,0.3940269749518304,0.9093593870335213,-149.8874485419483,-0.044516301541979726,7/21,"{2006: -7.53, 2007: -27.98, 2008: -9.44, 2009: -12.16, 2010: -5.64, 2011: 8.2, 2012: 13.46, 2013: 3.17, 2014: -11.07, 2015: 2.39, 2016: -2.82, 2017: -9.07, 2018: -40.32, 2019: -6.69, 2020: -19.05, 2021: -12.2, 2022: 31.43, 2023: -29.61, 2024: -6.28, 2025: 4.42, 2026: 1.55}",102.4138516119804,False,False,False,True,False,w20-22_anc19:45_ml10_sl0.2_RR2.0
20,22,19:45,10,0.2,3.0,2076,24.43341066338001,1.2053563073477744,0.34152215799614644,1.015175141020642,-73.95345918506482,0.01629884958229514,11/21,"{2006: -0.8, 2007: -16.5, 2008: 17.56, 2009: -10.18, 2010: 2.2, 2011: 17.85, 2012: 15.24, 2013: -2.01, 2014: -9.29, 2015: 14.93, 2016: 1.3, 2017: 5.01, 2018: -29.36, 2019: -13.22, 2020: -2.78, 2021: -14.03, 2022: 32.76, 2023: -27.41, 2024: 9.14, 2025: 23.46, 2026: 10.58}",102.4138516119804,False,False,False,True,False,w20-22_anc19:45_ml10_sl0.2_RR3.0
20,22,19:45,10,0.5,1.5,2078,-159.6999221022412,-7.878364221880424,0.43888354186718,0.8794530733713766,-165.10377017172647,-0.04771765183609096,6/21,"{2006: -8.95, 2007: -18.8, 2008: -19.23, 2009: -18.92, 2010: 5.36, 2011: 9.52, 2012: 7.08, 2013: 9.11, 2014: -13.19, 2015: 9.58, 2016: -1.13, 2017: -10.72, 2018: -41.11, 2019: -9.63, 2020: -26.04, 2021: -1.29, 2022: 10.99, 2023: -25.38, 2024: -4.38, 2025: -10.02, 2026: -2.57}",102.51251620890909,False,False,False,False,False,w20-22_anc19:45_ml10_sl0.5_RR1.5
20,22,19:45,10,0.5,2.0,2078,-24.47683745334881,-1.207498650711864,0.4013474494706448,0.9825998270045756,-64.48798660312832,-0.01872439681119286,12/21,"{2006: 0.78, 2007: -9.38, 2008: -9.23, 2009: -16.62, 2010: -0.51, 2011: 8.19, 2012: 26.4, 2013: 8.59, 2014: -21.52, 2015: 19.6, 2016: 2.69, 2017: 0.02, 2018: -29.67, 2019: -5.47, 2020: -14.69, 2021: 4.94, 2022: 22.18, 2023: -23.93, 2024: 3.51, 2025: 8.07, 2026: 1.58}",102.51251620890909,False,False,False,True,False,w20-22_anc19:45_ml10_sl0.5_RR2.0
20,22,19:45,10,0.5,3.0,2078,85.26934342918896,4.206532699907493,0.34937439846005774,1.056103336696019,-65.01195604763151,0.06470398609181277,14/21,"{2006: 3.45, 2007: -12.75, 2008: 9.77, 2009: -10.09, 2010: 5.62, 2011: 18.53, 2012: 28.41, 2013: 1.44, 2014: -11.54, 2015: 27.49, 2016: 16.25, 2017: 9.47, 2018: -19.6, 2019: 4.5, 2020: -7.36, 2021: -0.06, 2022: 5.64, 2023: -30.99, 2024: 11.18, 2025: 25.54, 2026: 10.38}",102.51251620890909,False,False,False,True,False,w20-22_anc19:45_ml10_sl0.5_RR3.0
20,22,19:45,10,1.0,1.5,2078,-78.41156462515406,-3.868222709144383,0.44465832531280075,0.9367695690574835,-88.83095445984468,-0.04354588704653604,7/21,"{2006: -4.62, 2007: -17.52, 2008: -8.83, 2009: -17.17, 2010: -4.15, 2011: 1.62, 2012: 22.0, 2013: 13.46, 2014: -13.04, 2015: 22.58, 2016: -3.43, 2017: 0.52, 2018: -33.8, 2019: -3.27, 2020: -16.66, 2021: -3.65, 2022: 11.33, 2023: -21.5, 2024: 0.11, 2025: -2.37, 2026: -0.01}",102.51251620890909,False,False,False,True,False,w20-22_anc19:45_ml10_sl1.0_RR1.5
20,22,19:45,10,1.0,2.0,2078,10.220184784433162,0.504185206146415,0.40712223291626565,1.0077740307218719,-51.54900233193015,0.009780697653465854,12/21,"{2006: -1.02, 2007: -14.7, 2008: -1.24, 2009: -16.32, 2010: -1.4, 2011: 6.14, 2012: 28.39, 2013: 11.87, 2014: -8.74, 2015: 23.06, 2016: 4.46, 2017: 1.18, 2018: -28.4, 2019: 4.46, 2020: -3.82, 2021: 5.29, 2022: 10.25, 2023: -27.86, 2024: 6.24, 2025: 9.85, 2026: 2.53}",102.51251620890909,False,False,False,True,False,w20-22_anc19:45_ml10_sl1.0_RR2.0
20,22,19:45,10,1.0,3.0,2078,85.1398666325763,4.200145311932789,0.36717998075072183,1.060900540121313,-73.44474528318567,0.05718782597363523,11/21,"{2006: 1.61, 2007: -13.49, 2008: -6.67, 2009: -4.52, 2010: 12.98, 2011: 12.53, 2012: 44.57, 2013: 12.5, 2014: -4.72, 2015: 31.55, 2016: -3.85, 2017: 7.14, 2018: -23.78, 2019: -0.06, 2020: -16.71, 2021: -6.78, 2022: 5.32, 2023: -16.37, 2024: 14.86, 2025: 32.96, 2026: 6.05}",102.51251620890909,False,False,False,True,False,w20-22_anc19:45_ml10_sl1.0_RR3.0
20,23,19:55,3,0.2,1.5,3846,-682.0495246225187,-33.64656577662641,0.43681747269890797,0.7501939801277294,-690.9008317976094,-0.04869955893537373,1/21,"{2006: -37.98, 2007: -51.12, 2008: -48.62, 2009: -37.84, 2010: -9.14, 2011: -2.16, 2012: -31.78, 2013: 13.29, 2014: -40.2, 2015: -63.46, 2016: -39.5, 2017: -47.98, 2018: -55.18, 2019: -34.53, 2020: -2.86, 2021: -70.15, 2022: -10.45, 2023: -70.25, 2024: -27.75, 2025: -12.77, 2026: -1.63}",189.72917259714296,False,False,False,False,False,w20-23_anc19:55_ml3_sl0.2_RR1.5
20,23,19:55,3,0.2,2.0,3846,-443.48940976130666,-21.878023601042127,0.38845553822152884,0.850150524064647,-482.1086336675265,-0.045379862697355736,6/21,"{2006: -24.2, 2007: -42.47, 2008: -45.12, 2009: -26.84, 2010: -5.33, 2011: 19.24, 2012: -9.21, 2013: 19.57, 2014: -41.19, 2015: -41.21, 2016: -27.83, 2017: -30.76, 2018: -53.08, 2019: -34.75, 2020: 6.41, 2021: -52.15, 2022: 12.05, 2023: -65.22, 2024: -14.31, 2025: 3.08, 2026: 9.83}",189.72917259714296,False,False,False,False,False,w20-23_anc19:55_ml3_sl0.2_RR2.0
20,23,19:55,3,0.2,3.0,3846,-136.45353500590556,-6.731465495222503,0.3244929797191888,0.9582753274744319,-247.34005775518278,-0.02721542784584173,10/21,"{2006: 7.42, 2007: -49.09, 2008: -14.0, 2009: 6.78, 2010: -6.13, 2011: 33.74, 2012: 5.28, 2013: 38.69, 2014: -24.81, 2015: -31.71, 2016: -10.95, 2017: -47.36, 2018: -53.21, 2019: -25.39, 2020: 18.63, 2021: -10.11, 2022: 23.36, 2023: -57.42, 2024: 21.54, 2025: 26.42, 2026: 11.86}",189.72917259714296,False,False,False,True,False,w20-23_anc19:55_ml3_sl0.2_RR3.0
20,23,19:55,3,0.5,1.5,3849,-430.4532873243069,-21.234931369152626,0.4372564302416212,0.8331016332861538,-438.4889673701313,-0.04842751574004389,3/21,"{2006: -31.31, 2007: -31.4, 2008: -47.22, 2009: -20.32, 2010: 11.22, 2011: 13.44, 2012: -13.56, 2013: 14.62, 2014: -44.49, 2015: -33.6, 2016: -5.91, 2017: -29.89, 2018: -60.06, 2019: -29.99, 2020: -1.01, 2021: -48.06, 2022: -1.54, 2023: -45.67, 2024: -13.53, 2025: -10.69, 2026: -1.47}",189.87716727155572,False,False,False,False,False,w20-23_anc19:55_ml3_sl0.5_RR1.5
20,23,19:55,3,0.5,2.0,3849,-249.25284661438684,-12.296031293715602,0.3858144972720187,0.9112860210530774,-281.5206726421076,-0.043677187818272,8/21,"{2006: -23.01, 2007: -24.23, 2008: -33.79, 2009: -2.32, 2010: -1.98, 2011: 13.76, 2012: 9.87, 2013: 24.36, 2014: -40.47, 2015: -25.1, 2016: 4.44, 2017: -32.51, 2018: -47.18, 2019: -24.0, 2020: -11.9, 2021: -14.81, 2022: 7.56, 2023: -47.25, 2024: 4.33, 2025: 5.02, 2026: 9.94}",189.87716727155572,False,False,False,True,False,w20-23_anc19:55_ml3_sl0.5_RR2.0
20,23,19:55,3,0.5,3.0,3849,52.881788223081664,2.608741010146288,0.3315146791374383,1.01737065461497,-108.99868933237948,0.023933691552851796,12/21,"{2006: 0.08, 2007: -22.63, 2008: -4.47, 2009: 10.14, 2010: -2.93, 2011: 25.36, 2012: 24.7, 2013: 39.09, 2014: -26.23, 2015: -13.36, 2016: 27.5, 2017: -16.47, 2018: -43.36, 2019: -3.0, 2020: 14.22, 2021: 23.98, 2022: 14.04, 2023: -55.6, 2024: 19.03, 2025: 31.04, 2026: 11.76}",189.87716727155572,False,False,False,True,False,w20-23_anc19:55_ml3_sl0.5_RR3.0
20,23,19:55,3,1.0,1.5,3850,-198.52247553134646,-9.793423043291453,0.44207792207792207,0.9173165204726281,-216.05642274471163,-0.04532808105808169,5/21,"{2006: -7.48, 2007: -22.33, 2008: -11.44, 2009: -11.43, 2010: -3.61, 2011: 9.55, 2012: 0.45, 2013: 27.48, 2014: -35.93, 2015: -0.73, 2016: -5.49, 2017: -31.62, 2018: -42.37, 2019: -9.96, 2020: -3.76, 2021: -18.98, 2022: 8.48, 2023: -32.61, 2024: -7.33, 2025: -1.58, 2026: 2.16}",189.92649882969332,False,False,False,False,False,w20-23_anc19:55_ml3_sl1.0_RR1.5
20,23,19:55,3,1.0,2.0,3850,-35.241579497754074,-1.7385220278536968,0.3966233766233766,0.9863531484767963,-119.60937396918237,-0.014534998137366984,12/21,"{2006: 6.69, 2007: -22.41, 2008: -1.54, 2009: 4.44, 2010: -10.61, 2011: 10.35, 2012: 18.13, 2013: 39.64, 2014: -26.85, 2015: 6.79, 2016: 7.05, 2017: -19.78, 2018: -41.11, 2019: -5.42, 2020: -4.18, 2021: 2.15, 2022: 15.46, 2023: -37.0, 2024: 9.44, 2025: 4.27, 2026: 9.27}",189.92649882969332,False,False,False,True,False,w20-23_anc19:55_ml3_sl1.0_RR2.0
20,23,19:55,3,1.0,3.0,3850,143.4791780053579,7.078051411303887,0.3496103896103896,1.0517968340811046,-82.14172666148768,0.08616876828597816,15/21,"{2006: 19.56, 2007: -11.77, 2008: 14.08, 2009: 18.67, 2010: 3.68, 2011: 6.49, 2012: 24.86, 2013: 33.05, 2014: -0.25, 2015: 19.68, 2016: 10.3, 2017: -15.84, 2018: -31.31, 2019: -7.1, 2020: 7.53, 2021: 15.06, 2022: 22.0, 2023: -41.31, 2024: 12.27, 2025: 35.31, 2026: 8.5}",189.92649882969332,False,False,False,True,False,w20-23_anc19:55_ml3_sl1.0_RR3.0
20,23,19:55,5,0.2,1.5,3445,-450.02699961266046,-22.200553917520374,0.44644412191582,0.8090172502392371,-460.3402622726476,-0.048226400636604674,4/21,"{2006: -19.71, 2007: -53.61, 2008: -32.19, 2009: 2.96, 2010: -6.46, 2011: 7.15, 2012: -11.57, 2013: 18.43, 2014: -26.98, 2015: -50.29, 2016: -15.15, 2017: -41.38, 2018: -49.61, 2019: -25.72, 2020: 3.65, 2021: -51.4, 2022: -6.2, 2023: -53.68, 2024: -30.8, 2025: -4.48, 2026: -3.01}",169.9473771833357,False,False,False,False,False,w20-23_anc19:55_ml5_sl0.2_RR1.5
20,23,19:55,5,0.2,2.0,3445,-257.1025633889364,-12.683281949219754,0.39593613933236577,0.8998340743265165,-294.60817345779145,-0.04305135801344931,8/21,"{2006: -8.42, 2007: -48.05, 2008: -30.74, 2009: 13.13, 2010: -11.14, 2011: 19.05, 2012: 3.93, 2013: 21.84, 2014: -25.64, 2015: -34.22, 2016: -2.77, 2017: -28.84, 2018: -43.36, 2019: -22.28, 2020: 2.77, 2021: -32.18, 2022: 11.3, 2023: -48.41, 2024: -9.21, 2025: 11.04, 2026: 5.1}",169.9473771833357,False,False,False,True,False,w20-23_anc19:55_ml5_sl0.2_RR2.0
20,23,19:55,5,0.2,3.0,3445,-36.132028577226954,-1.7824509402069824,0.33062409288824385,0.9872749019999214,-187.45443450950665,-0.009508715784030099,11/21,"{2006: 7.08, 2007: -43.12, 2008: -1.5, 2009: 28.25, 2010: -6.22, 2011: 22.45, 2012: 4.75, 2013: 43.27, 2014: -37.66, 2015: -22.52, 2016: 16.93, 2017: -17.71, 2018: -53.86, 2019: -18.39, 2020: 8.21, 2021: -21.34, 2022: 26.86, 2023: -36.5, 2024: 23.88, 2025: 27.78, 2026: 13.2}",169.9473771833357,False,False,False,True,False,w20-23_anc19:55_ml5_sl0.2_RR3.0
20,23,19:55,5,0.5,1.5,3448,-320.7071412612998,-15.820997823315949,0.4390951276102088,0.8587280318969429,-327.14811781664395,-0.04836035105108907,3/21,"{2006: -19.14, 2007: -29.75, 2008: -33.57, 2009: -2.84, 2010: -3.83, 2011: 17.47, 2012: -6.16, 2013: 16.1, 2014: -30.09, 2015: -27.21, 2016: 4.04, 2017: -23.44, 2018: -56.06, 2019: -26.72, 2020: -0.8, 2021: -33.07, 2022: -1.95, 2023: -39.69, 2024: -15.73, 2025: -5.37, 2026: -2.89}",170.0953719965578,False,False,False,False,False,w20-23_anc19:55_ml5_sl0.5_RR1.5
20,23,19:55,5,0.5,2.0,3448,-177.38526626794385,-8.750699783223423,0.3874709976798144,0.9282471516472722,-207.46205071327032,-0.04217976132568752,9/21,"{2006: -17.58, 2007: -24.85, 2008: -21.7, 2009: 7.2, 2010: -4.54, 2011: 17.78, 2012: 8.13, 2013: 28.93, 2014: -46.51, 2015: -22.69, 2016: 10.58, 2017: -7.73, 2018: -42.04, 2019: -21.47, 2020: -10.89, 2021: -11.18, 2022: 1.66, 2023: -36.26, 2024: 4.72, 2025: 5.9, 2026: 5.18}",170.0953719965578,False,False,False,True,False,w20-23_anc19:55_ml5_sl0.5_RR2.0
20,23,19:55,5,0.5,3.0,3448,54.451818593901336,2.6861955741353625,0.33410672853828305,1.02035640175243,-108.30465345049173,0.024802217527645543,13/21,"{2006: 4.73, 2007: -29.96, 2008: 7.77, 2009: 17.28, 2010: -1.0, 2011: 18.63, 2012: 12.45, 2013: 42.52, 2014: -29.22, 2015: -14.82, 2016: 36.94, 2017: -5.93, 2018: -38.97, 2019: 0.97, 2020: 15.8, 2021: 12.67, 2022: -2.13, 2023: -58.88, 2024: 23.87, 2025: 28.66, 2026: 13.05}",170.0953719965578,False,False,False,True,False,w20-23_anc19:55_ml5_sl0.5_RR3.0
20,23,19:55,5,1.0,1.5,3449,-169.19532873307045,-8.346677024632106,0.4407074514351986,0.9204540223687665,-182.48666128098404,-0.045738559553020156,6/21,"{2006: 0.32, 2007: -29.99, 2008: -9.59, 2009: -3.01, 2010: -9.68, 2011: 8.59, 2012: 3.57, 2013: 28.16, 2014: -31.5, 2015: 1.34, 2016: -4.81, 2017: -10.07, 2018: -39.19, 2019: -16.64, 2020: -2.93, 2021: -17.12, 2022: 6.2, 2023: -35.78, 2024: -4.31, 2025: -2.53, 2026: -0.22}",170.14470360096513,False,False,False,False,False,w20-23_anc19:55_ml5_sl1.0_RR1.5
20,23,19:55,5,1.0,2.0,3449,-35.909470994604675,-1.771471817583203,0.39634676717889245,0.9842744152948736,-102.88031372206628,-0.017218763760469064,14/21,"{2006: 7.97, 2007: -28.66, 2008: 0.14, 2009: 1.95, 2010: -9.38, 2011: 9.37, 2012: 9.01, 2013: 41.25, 2014: -25.21, 2015: 8.68, 2016: 13.1, 2017: -11.85, 2018: -36.57, 2019: -5.06, 2020: 6.08, 2021: 2.31, 2022: 8.34, 2023: -44.97, 2024: 8.46, 2025: 2.6, 2026: 6.54}",170.14470360096513,False,False,False,True,False,w20-23_anc19:55_ml5_sl1.0_RR2.0
20,23,19:55,5,1.0,3.0,3449,118.85196719168874,5.863158228536246,0.35401565671209045,1.0488320010014247,-66.4142104207506,0.08828168235971902,14/21,"{2006: 20.4, 2007: -24.16, 2008: 7.02, 2009: 17.76, 2010: 11.43, 2011: -4.95, 2012: 11.67, 2013: 35.44, 2014: -4.91, 2015: 18.9, 2016: 11.03, 2017: -7.74, 2018: -29.04, 2019: -9.04, 2020: 12.18, 2021: 12.14, 2022: 13.8, 2023: -40.85, 2024: 20.72, 2025: 38.25, 2026: 8.8}",170.14470360096513,False,False,False,True,False,w20-23_anc19:55_ml5_sl1.0_RR3.0
20,23,19:55,10,0.2,1.5,2621,-287.09124056748897,-14.162870766174462,0.4418161007249142,0.8347995416501652,-299.9149809106064,-0.04722295206185746,4/21,"{2006: -9.51, 2007: -48.28, 2008: -19.89, 2009: 1.34, 2010: -15.54, 2011: -0.01, 2012: -1.45, 2013: 1.47, 2014: -9.61, 2015: -18.15, 2016: -1.94, 2017: -30.96, 2018: -40.02, 2019: -18.66, 2020: -17.61, 2021: -19.86, 2022: 6.85, 2023: -35.05, 2024: -8.3, 2025: 1.41, 2026: -3.31}",129.29995427504846,False,False,False,False,False,w20-23_anc19:55_ml10_sl0.2_RR1.5
20,23,19:55,10,0.2,2.0,2621,-150.7208604058551,-7.435406470344535,0.39603204883632204,0.9196384905532047,-176.256197618669,-0.04218521998546154,9/21,"{2006: 3.07, 2007: -40.6, 2008: -5.53, 2009: 1.18, 2010: -13.2, 2011: 0.32, 2012: 11.12, 2013: 10.12, 2014: -17.66, 2015: -5.43, 2016: 4.85, 2017: -24.3, 2018: -35.93, 2019: -11.15, 2020: -16.83, 2021: -14.59, 2022: 20.65, 2023: -22.42, 2024: -6.21, 2025: 10.46, 2026: 1.36}",129.29995427504846,False,False,False,True,False,w20-23_anc19:55_ml10_sl0.2_RR2.0
20,23,19:55,10,0.2,3.0,2621,6.13475711780417,0.30264166914178076,0.33880198397558187,1.0030044961712499,-101.78902102002615,0.0029732250699438254,13/21,"{2006: 10.42, 2007: -31.0, 2008: 18.47, 2009: 13.41, 2010: -3.36, 2011: 6.67, 2012: 7.81, 2013: 16.15, 2014: -21.82, 2015: 4.62, 2016: 14.41, 2017: -9.33, 2018: -24.97, 2019: -18.71, 2020: 4.11, 2021: -24.1, 2022: 26.63, 2023: -31.12, 2024: 9.21, 2025: 28.86, 2026: 9.77}",129.29995427504846,False,False,False,True,False,w20-23_anc19:55_ml10_sl0.2_RR3.0
20,23,19:55,10,0.5,1.5,2623,-194.2075275533059,-9.58070371328221,0.43995425085779644,0.8835556402041512,-205.58998221866182,-0.046601024086340676,5/21,"{2006: 2.33, 2007: -30.33, 2008: -19.17, 2009: -7.55, 2010: -1.59, 2011: 6.65, 2012: 2.69, 2013: 10.52, 2014: -20.91, 2015: -0.73, 2016: 3.1, 2017: -25.78, 2018: -42.78, 2019: -9.6, 2020: -23.12, 2021: -4.64, 2022: -2.81, 2023: -20.5, 2024: -4.02, 2025: -2.68, 2026: -3.26}",129.39861887197716,False,False,False,False,False,w20-23_anc19:55_ml10_sl0.5_RR1.5
20,23,19:55,10,0.5,2.0,2623,-37.73099967441425,-1.861356937296311,0.40030499428135724,0.9787903912344709,-90.87099669175582,-0.020483509646210152,12/21,"{2006: 13.99, 2007: -23.25, 2008: -10.85, 2009: 0.75, 2010: -8.05, 2011: 6.47, 2012: 21.35, 2013: 16.5, 2014: -31.4, 2015: 12.79, 2016: 10.41, 2017: -12.55, 2018: -32.87, 2019: -8.44, 2020: -7.52, 2021: 2.91, 2022: 10.48, 2023: -20.8, 2024: 3.8, 2025: 17.17, 2026: 1.38}",129.39861887197716,False,False,False,True,False,w20-23_anc19:55_ml10_sl0.5_RR2.0
20,23,19:55,10,0.5,3.0,2623,103.76212923466355,5.118824328700369,0.34959969500571864,1.054056790668273,-75.13499364796905,0.06812836576101493,13/21,"{2006: 21.25, 2007: -25.21, 2008: 9.23, 2009: 12.18, 2010: 0.57, 2011: 14.46, 2012: 21.8, 2013: 18.28, 2014: -19.95, 2015: 21.99, 2016: 29.35, 2017: -2.61, 2018: -15.34, 2019: -2.21, 2020: 1.39, 2021: -5.74, 2022: -1.88, 2023: -32.62, 2024: 14.3, 2025: 34.96, 2026: 9.56}",129.39861887197716,False,False,False,True,False,w20-23_anc19:55_ml10_sl0.5_RR3.0
20,23,19:55,10,1.0,1.5,2623,-93.25159582944016,-4.60031555773442,0.44452916507815476,0.9403809456550967,-116.26494334799793,-0.03956752074410774,8/21,"{2006: 9.53, 2007: -27.56, 2008: -10.69, 2009: -7.26, 2010: -5.13, 2011: -1.01, 2012: 14.41, 2013: 15.8, 2014: -22.38, 2015: 18.23, 2016: 2.65, 2017: -13.58, 2018: -33.93, 2019: -2.36, 2020: -9.07, 2021: -6.45, 2022: 3.09, 2023: -21.29, 2024: 1.86, 2025: 2.57, 2026: -0.69}",129.39861887197716,False,False,False,True,False,w20-23_anc19:55_ml10_sl1.0_RR1.5
20,23,19:55,10,1.0,2.0,2623,31.045623177231153,1.5315519485907567,0.40907357987037746,1.0187702525462035,-51.942955958386506,0.029485267450272596,13/21,"{2006: 19.26, 2007: -23.55, 2008: -2.35, 2009: -1.64, 2010: -2.78, 2011: 6.6, 2012: 17.43, 2013: 19.62, 2014: -15.96, 2015: 17.69, 2016: 13.32, 2017: -13.31, 2018: -23.53, 2019: 6.56, 2020: 6.04, 2021: 3.67, 2022: 3.96, 2023: -27.56, 2024: 9.99, 2025: 15.27, 2026: 2.31}",129.39861887197716,False,False,False,True,False,w20-23_anc19:55_ml10_sl1.0_RR2.0
20,23,19:55,10,1.0,3.0,2623,132.59062861126702,6.541000464226157,0.36980556614563476,1.0754608290866097,-64.1279628723055,0.10199919303925017,12/21,"{2006: 27.83, 2007: -18.34, 2008: -9.99, 2009: 11.6, 2010: 15.77, 2011: 5.89, 2012: 39.61, 2013: 29.47, 2014: -13.08, 2015: 25.1, 2016: 7.19, 2017: -4.35, 2018: -20.76, 2019: 4.7, 2020: -2.91, 2021: -12.1, 2022: -0.82, 2023: -19.99, 2024: 22.05, 2025: 40.51, 2026: 5.2}",129.39861887197716,False,False,False,True,False,w20-23_anc19:55_ml10_sl1.0_RR3.0
20,23,19:45,3,0.2,1.5,3846,-682.0495246225187,-33.64656577662641,0.43681747269890797,0.7501939801277294,-690.9008317976094,-0.04869955893537373,1/21,"{2006: -37.98, 2007: -51.12, 2008: -48.62, 2009: -37.84, 2010: -9.14, 2011: -2.16, 2012: -31.78, 2013: 13.29, 2014: -40.2, 2015: -63.46, 2016: -39.5, 2017: -47.98, 2018: -55.18, 2019: -34.53, 2020: -2.86, 2021: -70.15, 2022: -10.45, 2023: -70.25, 2024: -27.75, 2025: -12.77, 2026: -1.63}",189.72917259714296,False,False,False,False,False,w20-23_anc19:45_ml3_sl0.2_RR1.5
20,23,19:45,3,0.2,2.0,3846,-443.48940976130666,-21.878023601042127,0.38845553822152884,0.850150524064647,-482.1086336675265,-0.045379862697355736,6/21,"{2006: -24.2, 2007: -42.47, 2008: -45.12, 2009: -26.84, 2010: -5.33, 2011: 19.24, 2012: -9.21, 2013: 19.57, 2014: -41.19, 2015: -41.21, 2016: -27.83, 2017: -30.76, 2018: -53.08, 2019: -34.75, 2020: 6.41, 2021: -52.15, 2022: 12.05, 2023: -65.22, 2024: -14.31, 2025: 3.08, 2026: 9.83}",189.72917259714296,False,False,False,False,False,w20-23_anc19:45_ml3_sl0.2_RR2.0
20,23,19:45,3,0.2,3.0,3846,-136.45353500590556,-6.731465495222503,0.3244929797191888,0.9582753274744319,-247.34005775518278,-0.02721542784584173,10/21,"{2006: 7.42, 2007: -49.09, 2008: -14.0, 2009: 6.78, 2010: -6.13, 2011: 33.74, 2012: 5.28, 2013: 38.69, 2014: -24.81, 2015: -31.71, 2016: -10.95, 2017: -47.36, 2018: -53.21, 2019: -25.39, 2020: 18.63, 2021: -10.11, 2022: 23.36, 2023: -57.42, 2024: 21.54, 2025: 26.42, 2026: 11.86}",189.72917259714296,False,False,False,True,False,w20-23_anc19:45_ml3_sl0.2_RR3.0
20,23,19:45,3,0.5,1.5,3849,-430.4532873243069,-21.234931369152626,0.4372564302416212,0.8331016332861538,-438.4889673701313,-0.04842751574004389,3/21,"{2006: -31.31, 2007: -31.4, 2008: -47.22, 2009: -20.32, 2010: 11.22, 2011: 13.44, 2012: -13.56, 2013: 14.62, 2014: -44.49, 2015: -33.6, 2016: -5.91, 2017: -29.89, 2018: -60.06, 2019: -29.99, 2020: -1.01, 2021: -48.06, 2022: -1.54, 2023: -45.67, 2024: -13.53, 2025: -10.69, 2026: -1.47}",189.87716727155572,False,False,False,False,False,w20-23_anc19:45_ml3_sl0.5_RR1.5
20,23,19:45,3,0.5,2.0,3849,-249.25284661438684,-12.296031293715602,0.3858144972720187,0.9112860210530774,-281.5206726421076,-0.043677187818272,8/21,"{2006: -23.01, 2007: -24.23, 2008: -33.79, 2009: -2.32, 2010: -1.98, 2011: 13.76, 2012: 9.87, 2013: 24.36, 2014: -40.47, 2015: -25.1, 2016: 4.44, 2017: -32.51, 2018: -47.18, 2019: -24.0, 2020: -11.9, 2021: -14.81, 2022: 7.56, 2023: -47.25, 2024: 4.33, 2025: 5.02, 2026: 9.94}",189.87716727155572,False,False,False,True,False,w20-23_anc19:45_ml3_sl0.5_RR2.0
20,23,19:45,3,0.5,3.0,3849,52.881788223081664,2.608741010146288,0.3315146791374383,1.01737065461497,-108.99868933237948,0.023933691552851796,12/21,"{2006: 0.08, 2007: -22.63, 2008: -4.47, 2009: 10.14, 2010: -2.93, 2011: 25.36, 2012: 24.7, 2013: 39.09, 2014: -26.23, 2015: -13.36, 2016: 27.5, 2017: -16.47, 2018: -43.36, 2019: -3.0, 2020: 14.22, 2021: 23.98, 2022: 14.04, 2023: -55.6, 2024: 19.03, 2025: 31.04, 2026: 11.76}",189.87716727155572,False,False,False,True,False,w20-23_anc19:45_ml3_sl0.5_RR3.0
20,23,19:45,3,1.0,1.5,3850,-198.52247553134646,-9.793423043291453,0.44207792207792207,0.9173165204726281,-216.05642274471163,-0.04532808105808169,5/21,"{2006: -7.48, 2007: -22.33, 2008: -11.44, 2009: -11.43, 2010: -3.61, 2011: 9.55, 2012: 0.45, 2013: 27.48, 2014: -35.93, 2015: -0.73, 2016: -5.49, 2017: -31.62, 2018: -42.37, 2019: -9.96, 2020: -3.76, 2021: -18.98, 2022: 8.48, 2023: -32.61, 2024: -7.33, 2025: -1.58, 2026: 2.16}",189.92649882969332,False,False,False,False,False,w20-23_anc19:45_ml3_sl1.0_RR1.5
20,23,19:45,3,1.0,2.0,3850,-35.241579497754074,-1.7385220278536968,0.3966233766233766,0.9863531484767963,-119.60937396918237,-0.014534998137366984,12/21,"{2006: 6.69, 2007: -22.41, 2008: -1.54, 2009: 4.44, 2010: -10.61, 2011: 10.35, 2012: 18.13, 2013: 39.64, 2014: -26.85, 2015: 6.79, 2016: 7.05, 2017: -19.78, 2018: -41.11, 2019: -5.42, 2020: -4.18, 2021: 2.15, 2022: 15.46, 2023: -37.0, 2024: 9.44, 2025: 4.27, 2026: 9.27}",189.92649882969332,False,False,False,True,False,w20-23_anc19:45_ml3_sl1.0_RR2.0
20,23,19:45,3,1.0,3.0,3850,143.4791780053579,7.078051411303887,0.3496103896103896,1.0517968340811046,-82.14172666148768,0.08616876828597816,15/21,"{2006: 19.56, 2007: -11.77, 2008: 14.08, 2009: 18.67, 2010: 3.68, 2011: 6.49, 2012: 24.86, 2013: 33.05, 2014: -0.25, 2015: 19.68, 2016: 10.3, 2017: -15.84, 2018: -31.31, 2019: -7.1, 2020: 7.53, 2021: 15.06, 2022: 22.0, 2023: -41.31, 2024: 12.27, 2025: 35.31, 2026: 8.5}",189.92649882969332,False,False,False,True,False,w20-23_anc19:45_ml3_sl1.0_RR3.0
20,23,19:45,5,0.2,1.5,3445,-450.02699961266046,-22.200553917520374,0.44644412191582,0.8090172502392371,-460.3402622726476,-0.048226400636604674,4/21,"{2006: -19.71, 2007: -53.61, 2008: -32.19, 2009: 2.96, 2010: -6.46, 2011: 7.15, 2012: -11.57, 2013: 18.43, 2014: -26.98, 2015: -50.29, 2016: -15.15, 2017: -41.38, 2018: -49.61, 2019: -25.72, 2020: 3.65, 2021: -51.4, 2022: -6.2, 2023: -53.68, 2024: -30.8, 2025: -4.48, 2026: -3.01}",169.9473771833357,False,False,False,False,False,w20-23_anc19:45_ml5_sl0.2_RR1.5
20,23,19:45,5,0.2,2.0,3445,-257.1025633889364,-12.683281949219754,0.39593613933236577,0.8998340743265165,-294.60817345779145,-0.04305135801344931,8/21,"{2006: -8.42, 2007: -48.05, 2008: -30.74, 2009: 13.13, 2010: -11.14, 2011: 19.05, 2012: 3.93, 2013: 21.84, 2014: -25.64, 2015: -34.22, 2016: -2.77, 2017: -28.84, 2018: -43.36, 2019: -22.28, 2020: 2.77, 2021: -32.18, 2022: 11.3, 2023: -48.41, 2024: -9.21, 2025: 11.04, 2026: 5.1}",169.9473771833357,False,False,False,True,False,w20-23_anc19:45_ml5_sl0.2_RR2.0
20,23,19:45,5,0.2,3.0,3445,-36.132028577226954,-1.7824509402069824,0.33062409288824385,0.9872749019999214,-187.45443450950665,-0.009508715784030099,11/21,"{2006: 7.08, 2007: -43.12, 2008: -1.5, 2009: 28.25, 2010: -6.22, 2011: 22.45, 2012: 4.75, 2013: 43.27, 2014: -37.66, 2015: -22.52, 2016: 16.93, 2017: -17.71, 2018: -53.86, 2019: -18.39, 2020: 8.21, 2021: -21.34, 2022: 26.86, 2023: -36.5, 2024: 23.88, 2025: 27.78, 2026: 13.2}",169.9473771833357,False,False,False,True,False,w20-23_anc19:45_ml5_sl0.2_RR3.0
20,23,19:45,5,0.5,1.5,3448,-320.7071412612998,-15.820997823315949,0.4390951276102088,0.8587280318969429,-327.14811781664395,-0.04836035105108907,3/21,"{2006: -19.14, 2007: -29.75, 2008: -33.57, 2009: -2.84, 2010: -3.83, 2011: 17.47, 2012: -6.16, 2013: 16.1, 2014: -30.09, 2015: -27.21, 2016: 4.04, 2017: -23.44, 2018: -56.06, 2019: -26.72, 2020: -0.8, 2021: -33.07, 2022: -1.95, 2023: -39.69, 2024: -15.73, 2025: -5.37, 2026: -2.89}",170.0953719965578,False,False,False,False,False,w20-23_anc19:45_ml5_sl0.5_RR1.5
20,23,19:45,5,0.5,2.0,3448,-177.38526626794385,-8.750699783223423,0.3874709976798144,0.9282471516472722,-207.46205071327032,-0.04217976132568752,9/21,"{2006: -17.58, 2007: -24.85, 2008: -21.7, 2009: 7.2, 2010: -4.54, 2011: 17.78, 2012: 8.13, 2013: 28.93, 2014: -46.51, 2015: -22.69, 2016: 10.58, 2017: -7.73, 2018: -42.04, 2019: -21.47, 2020: -10.89, 2021: -11.18, 2022: 1.66, 2023: -36.26, 2024: 4.72, 2025: 5.9, 2026: 5.18}",170.0953719965578,False,False,False,True,False,w20-23_anc19:45_ml5_sl0.5_RR2.0
20,23,19:45,5,0.5,3.0,3448,54.451818593901336,2.6861955741353625,0.33410672853828305,1.02035640175243,-108.30465345049173,0.024802217527645543,13/21,"{2006: 4.73, 2007: -29.96, 2008: 7.77, 2009: 17.28, 2010: -1.0, 2011: 18.63, 2012: 12.45, 2013: 42.52, 2014: -29.22, 2015: -14.82, 2016: 36.94, 2017: -5.93, 2018: -38.97, 2019: 0.97, 2020: 15.8, 2021: 12.67, 2022: -2.13, 2023: -58.88, 2024: 23.87, 2025: 28.66, 2026: 13.05}",170.0953719965578,False,False,False,True,False,w20-23_anc19:45_ml5_sl0.5_RR3.0
20,23,19:45,5,1.0,1.5,3449,-169.19532873307045,-8.346677024632106,0.4407074514351986,0.9204540223687665,-182.48666128098404,-0.045738559553020156,6/21,"{2006: 0.32, 2007: -29.99, 2008: -9.59, 2009: -3.01, 2010: -9.68, 2011: 8.59, 2012: 3.57, 2013: 28.16, 2014: -31.5, 2015: 1.34, 2016: -4.81, 2017: -10.07, 2018: -39.19, 2019: -16.64, 2020: -2.93, 2021: -17.12, 2022: 6.2, 2023: -35.78, 2024: -4.31, 2025: -2.53, 2026: -0.22}",170.14470360096513,False,False,False,False,False,w20-23_anc19:45_ml5_sl1.0_RR1.5
20,23,19:45,5,1.0,2.0,3449,-35.909470994604675,-1.771471817583203,0.39634676717889245,0.9842744152948736,-102.88031372206628,-0.017218763760469064,14/21,"{2006: 7.97, 2007: -28.66, 2008: 0.14, 2009: 1.95, 2010: -9.38, 2011: 9.37, 2012: 9.01, 2013: 41.25, 2014: -25.21, 2015: 8.68, 2016: 13.1, 2017: -11.85, 2018: -36.57, 2019: -5.06, 2020: 6.08, 2021: 2.31, 2022: 8.34, 2023: -44.97, 2024: 8.46, 2025: 2.6, 2026: 6.54}",170.14470360096513,False,False,False,True,False,w20-23_anc19:45_ml5_sl1.0_RR2.0
20,23,19:45,5,1.0,3.0,3449,118.85196719168874,5.863158228536246,0.35401565671209045,1.0488320010014247,-66.4142104207506,0.08828168235971902,14/21,"{2006: 20.4, 2007: -24.16, 2008: 7.02, 2009: 17.76, 2010: 11.43, 2011: -4.95, 2012: 11.67, 2013: 35.44, 2014: -4.91, 2015: 18.9, 2016: 11.03, 2017: -7.74, 2018: -29.04, 2019: -9.04, 2020: 12.18, 2021: 12.14, 2022: 13.8, 2023: -40.85, 2024: 20.72, 2025: 38.25, 2026: 8.8}",170.14470360096513,False,False,False,True,False,w20-23_anc19:45_ml5_sl1.0_RR3.0
20,23,19:45,10,0.2,1.5,2621,-287.09124056748897,-14.162870766174462,0.4418161007249142,0.8347995416501652,-299.9149809106064,-0.04722295206185746,4/21,"{2006: -9.51, 2007: -48.28, 2008: -19.89, 2009: 1.34, 2010: -15.54, 2011: -0.01, 2012: -1.45, 2013: 1.47, 2014: -9.61, 2015: -18.15, 2016: -1.94, 2017: -30.96, 2018: -40.02, 2019: -18.66, 2020: -17.61, 2021: -19.86, 2022: 6.85, 2023: -35.05, 2024: -8.3, 2025: 1.41, 2026: -3.31}",129.29995427504846,False,False,False,False,False,w20-23_anc19:45_ml10_sl0.2_RR1.5
20,23,19:45,10,0.2,2.0,2621,-150.7208604058551,-7.435406470344535,0.39603204883632204,0.9196384905532047,-176.256197618669,-0.04218521998546154,9/21,"{2006: 3.07, 2007: -40.6, 2008: -5.53, 2009: 1.18, 2010: -13.2, 2011: 0.32, 2012: 11.12, 2013: 10.12, 2014: -17.66, 2015: -5.43, 2016: 4.85, 2017: -24.3, 2018: -35.93, 2019: -11.15, 2020: -16.83, 2021: -14.59, 2022: 20.65, 2023: -22.42, 2024: -6.21, 2025: 10.46, 2026: 1.36}",129.29995427504846,False,False,False,True,False,w20-23_anc19:45_ml10_sl0.2_RR2.0
20,23,19:45,10,0.2,3.0,2621,6.13475711780417,0.30264166914178076,0.33880198397558187,1.0030044961712499,-101.78902102002615,0.0029732250699438254,13/21,"{2006: 10.42, 2007: -31.0, 2008: 18.47, 2009: 13.41, 2010: -3.36, 2011: 6.67, 2012: 7.81, 2013: 16.15, 2014: -21.82, 2015: 4.62, 2016: 14.41, 2017: -9.33, 2018: -24.97, 2019: -18.71, 2020: 4.11, 2021: -24.1, 2022: 26.63, 2023: -31.12, 2024: 9.21, 2025: 28.86, 2026: 9.77}",129.29995427504846,False,False,False,True,False,w20-23_anc19:45_ml10_sl0.2_RR3.0
20,23,19:45,10,0.5,1.5,2623,-194.2075275533059,-9.58070371328221,0.43995425085779644,0.8835556402041512,-205.58998221866182,-0.046601024086340676,5/21,"{2006: 2.33, 2007: -30.33, 2008: -19.17, 2009: -7.55, 2010: -1.59, 2011: 6.65, 2012: 2.69, 2013: 10.52, 2014: -20.91, 2015: -0.73, 2016: 3.1, 2017: -25.78, 2018: -42.78, 2019: -9.6, 2020: -23.12, 2021: -4.64, 2022: -2.81, 2023: -20.5, 2024: -4.02, 2025: -2.68, 2026: -3.26}",129.39861887197716,False,False,False,False,False,w20-23_anc19:45_ml10_sl0.5_RR1.5
20,23,19:45,10,0.5,2.0,2623,-37.73099967441425,-1.861356937296311,0.40030499428135724,0.9787903912344709,-90.87099669175582,-0.020483509646210152,12/21,"{2006: 13.99, 2007: -23.25, 2008: -10.85, 2009: 0.75, 2010: -8.05, 2011: 6.47, 2012: 21.35, 2013: 16.5, 2014: -31.4, 2015: 12.79, 2016: 10.41, 2017: -12.55, 2018: -32.87, 2019: -8.44, 2020: -7.52, 2021: 2.91, 2022: 10.48, 2023: -20.8, 2024: 3.8, 2025: 17.17, 2026: 1.38}",129.39861887197716,False,False,False,True,False,w20-23_anc19:45_ml10_sl0.5_RR2.0
20,23,19:45,10,0.5,3.0,2623,103.76212923466355,5.118824328700369,0.34959969500571864,1.054056790668273,-75.13499364796905,0.06812836576101493,13/21,"{2006: 21.25, 2007: -25.21, 2008: 9.23, 2009: 12.18, 2010: 0.57, 2011: 14.46, 2012: 21.8, 2013: 18.28, 2014: -19.95, 2015: 21.99, 2016: 29.35, 2017: -2.61, 2018: -15.34, 2019: -2.21, 2020: 1.39, 2021: -5.74, 2022: -1.88, 2023: -32.62, 2024: 14.3, 2025: 34.96, 2026: 9.56}",129.39861887197716,False,False,False,True,False,w20-23_anc19:45_ml10_sl0.5_RR3.0
20,23,19:45,10,1.0,1.5,2623,-93.25159582944016,-4.60031555773442,0.44452916507815476,0.9403809456550967,-116.26494334799793,-0.03956752074410774,8/21,"{2006: 9.53, 2007: -27.56, 2008: -10.69, 2009: -7.26, 2010: -5.13, 2011: -1.01, 2012: 14.41, 2013: 15.8, 2014: -22.38, 2015: 18.23, 2016: 2.65, 2017: -13.58, 2018: -33.93, 2019: -2.36, 2020: -9.07, 2021: -6.45, 2022: 3.09, 2023: -21.29, 2024: 1.86, 2025: 2.57, 2026: -0.69}",129.39861887197716,False,False,False,True,False,w20-23_anc19:45_ml10_sl1.0_RR1.5
20,23,19:45,10,1.0,2.0,2623,31.045623177231153,1.5315519485907567,0.40907357987037746,1.0187702525462035,-51.942955958386506,0.029485267450272596,13/21,"{2006: 19.26, 2007: -23.55, 2008: -2.35, 2009: -1.64, 2010: -2.78, 2011: 6.6, 2012: 17.43, 2013: 19.62, 2014: -15.96, 2015: 17.69, 2016: 13.32, 2017: -13.31, 2018: -23.53, 2019: 6.56, 2020: 6.04, 2021: 3.67, 2022: 3.96, 2023: -27.56, 2024: 9.99, 2025: 15.27, 2026: 2.31}",129.39861887197716,False,False,False,True,False,w20-23_anc19:45_ml10_sl1.0_RR2.0
20,23,19:45,10,1.0,3.0,2623,132.59062861126702,6.541000464226157,0.36980556614563476,1.0754608290866097,-64.1279628723055,0.10199919303925017,12/21,"{2006: 27.83, 2007: -18.34, 2008: -9.99, 2009: 11.6, 2010: 15.77, 2011: 5.89, 2012: 39.61, 2013: 29.47, 2014: -13.08, 2015: 25.1, 2016: 7.19, 2017: -4.35, 2018: -20.76, 2019: 4.7, 2020: -2.91, 2021: -12.1, 2022: -0.82, 2023: -19.99, 2024: 22.05, 2025: 40.51, 2026: 5.2}",129.39861887197716,False,False,False,True,False,w20-23_anc19:45_ml10_sl1.0_RR3.0
