zone_id,zone_tf,spec_name,direction,upper,lower,created_timestamp,base_timestamp,impulse_start_timestamp,impulse_end_timestamp,impulse_candles,impulse_atr,zone_width_atr,base_body_ratio,touch_timestamp,entry_timestamp,entry_price,stop_price,risk_units,touch_delay_hours,confirmed,confirm_i,entry_i,bars_to_confirm,confirm_close,confirm_body_ratio,mfe_24h_r,mae_24h_r,close_24h_r,bracket_1r_outcome_r,first_event_24h,year,month,date,cost_r,net_1r_after_cost,cost_bucket,same_dir_intraday_overlap_24h,same_dir_intraday_distinct_specs_24h,same_dir_intraday_distinct_tfs_24h,same_dir_intraday_max_overlap_ratio_24h,same_dir_intraday_overlap_7d,same_dir_intraday_distinct_specs_7d,same_dir_intraday_distinct_tfs_7d,same_dir_intraday_max_overlap_ratio_7d,same_dir_h1_overlap_96h,same_dir_h1_distinct_specs_96h,same_dir_h1_max_overlap_ratio_96h,same_dir_h1_overlap_30d,same_dir_h1_distinct_specs_30d,same_dir_h1_max_overlap_ratio_30d,has_intraday_stack,has_intraday_stack_7d,has_cross_tf_intraday_stack,has_h1_stack,has_h1_stack_30d,stack_score,stack_score_capped,stack_score_7d_30d,stack_score_7d_30d_capped,winner,entry_ny_hour,entry_weekday,entry_session,trend_ema50_200,atr_pct_rank_500,vol_regime,orb30_state,orb15_state,orb30_width_atr,entry_close_location,entry_ema8_distance_atr,entry_ema20_distance_atr,profile_complete,profile_location,volume_node,zone_contains_poc,zone_overlaps_value,poc_distance_r,zone_volume_percentile,ob_overlap_30d,ob_fvg_bos_overlap_30d,ob_min_discount_position_30d,recent_fvg_20,zone_fvg_overlap_100,opposite_fvg_20,dir_demand,dir_supply,cost_le_0p03,cost_le_0p05,risk_ge_10,risk_ge_15,fast_confirm_1,fast_confirm_2,fast_confirm_3,body_ge_45,body_ge_60,body_ge_70,h1_stack_96,h1_stack_30d,intraday_stack_24h,intraday_stack_7d,stack_score3,stack_7d30d_score3,trend_aligned,orb_continuation,orb_reversal,orb_inside,vp_lvn,vp_hvn,vp_value_low,vp_value_high,vp_below_value,vp_above_value,ob_quality,tight_zone,wide_zone,impulse_ge_1p5,impulse_ge_2,base_body_low,base_body_high,ny_main_or_overlap,avoid_after_hours,ema8_aligned,closed_m15_ema8_aligned,m15_boundary_entry
51,15min,m15_2c_1atr,demand,1341.66,1340.57,2019-06-18 08:15:00+00:00,2019-06-18 06:00:00+00:00,2019-06-18 07:00:00+00:00,2019-06-18 08:00:00+00:00,2,2.662543486664094,0.5898724391187412,0.2660550458714907,2019-06-18 16:00:00+00:00,2019-06-18 20:00:00+00:00,1347.94,1339.6691428571428,8.270857142857267,7.75,True,365,366,3,1347.96,0.5798045602605895,11.014577863755523,0.7943553958822795,8.077760121597219,1.0,tp1,2019,2019-06,2019-06-18,0.0362719358850346,0.9637280641149653,0.03-0.05R,5,4,2,1.0,9,4,2,1.0,5,4,1.0,6,4,1.0,True,True,True,True,True,15,7,21,7,True,16,Tuesday,ny_main,bull,0.6428571428571429,mid,missing,inside,,0.24629080118693,-0.0627965655814035,0.2802030814012395,False,unknown,unknown,False,False,,,True,True,0.0921228304405946,True,True,True,True,False,False,True,False,False,False,False,True,True,False,False,True,True,True,True,True,True,True,False,False,False,False,False,False,False,False,False,True,True,False,True,True,True,False,True,True,False,True,True
68,15min,m15_2c_1atr,supply,1436.56,1425.78,2019-06-25 08:15:00+00:00,2019-06-25 06:00:00+00:00,2019-06-25 07:00:00+00:00,2019-06-25 08:00:00+00:00,2,2.283849918433943,1.8938386246706032,0.9601113172541684,2019-06-25 09:00:00+00:00,2019-06-25 16:00:00+00:00,1425.55,1437.784,12.233999999999924,0.75,True,476,477,6,1425.64,0.4802110817941542,3.574464606833439,0.9947686774562816,1.3879352623835317,1.0,tp1,2019,2019-06,2019-06-25,0.0245218244237372,0.9754781755762628,<=0.03R,1,1,1,1.0,1,1,1,1.0,2,2,1.0,2,2,1.0,True,True,True,True,True,5,5,5,5,True,12,Tuesday,ny_main,bull,0.6952965235173824,high,missing,above,,0.7829457364341038,0.4722448093136163,1.090436915389621,False,unknown,unknown,False,False,,,False,False,,True,True,True,False,True,True,True,True,False,False,False,False,True,False,False,True,True,True,True,True,True,False,False,False,False,False,False,False,False,False,False,False,False,False,True,True,False,True,True,True,False,True,True
80,15min,m15_2c_1atr,demand,1410.78,1408.3,2019-06-28 03:15:00+00:00,2019-06-28 01:00:00+00:00,2019-06-28 02:00:00+00:00,2019-06-28 03:00:00+00:00,2,1.5610232376489055,0.6779925795743064,0.4475806451612467,2019-06-28 09:00:00+00:00,2019-06-28 12:00:00+00:00,1415.15,1407.4395714285713,7.710428571428793,5.75,True,541,542,2,1415.1,0.1236749116607484,0.0207511162988707,1.224315861634493,-1.3086172715987436,-1.0,stop,2019,2019-06,2019-06-28,0.0389083430604179,-1.038908343060418,0.03-0.05R,3,3,2,1.0,9,4,2,1.0,9,4,1.0,9,4,1.0,True,True,True,True,True,21,7,27,7,False,8,Friday,london_ny_overlap,bull,0.628,mid,missing,inside,,0.2901023890784834,-0.3351831059462714,0.0800825571795228,False,unknown,unknown,False,False,,,True,True,0.0884146341463437,True,True,True,True,False,False,True,False,False,False,True,True,False,False,False,True,True,True,True,True,True,True,False,False,False,False,False,False,False,False,False,True,True,False,True,False,False,False,True,True,False,True,True
127,15min,m15_2c_1atr,demand,1419.99,1417.1,2019-07-23 14:15:00+00:00,2019-07-23 11:00:00+00:00,2019-07-23 12:00:00+00:00,2019-07-23 14:00:00+00:00,3,1.6706618030224492,1.0541948931735552,0.719723183391032,2019-07-23 18:00:00+00:00,2019-07-23 19:00:00+00:00,1422.89,1416.3647142857142,6.525285714285928,3.75,True,935,936,0,1422.89,0.2287234042553178,0.0950149966065874,1.0359699630010373,12.866869540468494,-1.0,stop,2019,2019-07,2019-07-23,0.0459749983580342,-1.0459749983580342,0.03-0.05R,3,3,2,1.0,7,4,2,1.0,4,4,1.0,11,4,1.0,True,True,True,True,True,11,7,29,7,False,15,Tuesday,ny_main,bull,0.46,mid,missing,inside,,0.2882562277579933,-0.6815701909828333,-0.6964302532348825,False,unknown,unknown,False,False,,,True,True,0.2439560439560494,True,True,True,True,False,False,True,False,False,True,True,True,False,False,False,True,True,True,True,True,True,True,False,False,False,False,False,False,False,False,False,True,False,False,True,False,False,True,True,True,False,True,True
138,15min,m15_2c_1atr,demand,1416.09,1414.04,2019-07-26 10:15:00+00:00,2019-07-26 08:00:00+00:00,2019-07-26 09:00:00+00:00,2019-07-26 10:00:00+00:00,2,1.9144602851323824,0.8350305498981402,0.5170731707316921,2019-07-26 15:00:00+00:00,2019-07-26 16:00:00+00:00,1419.86,1413.4684285714286,6.391571428571297,4.75,True,1001,1002,0,1419.86,0.0582147477360988,2.263919000469419,1.409668983706248,12.74178046981543,1.0,tp1,2019,2019-07,2019-07-26,0.0469368141078662,0.9530631858921338,0.03-0.05R,1,1,1,1.0,3,2,2,1.0,4,2,1.0,9,4,1.0,True,True,True,True,True,9,5,21,7,True,12,Friday,ny_main,bull,0.17,low,missing,above,,0.3487544483985897,0.6546666693622045,0.8674748145547926,False,unknown,unknown,False,False,,,True,True,0.5255781359495452,True,True,True,True,False,False,True,False,False,True,True,True,False,False,False,True,True,True,True,True,True,True,False,False,False,False,False,False,False,False,False,True,True,False,True,False,False,False,True,True,True,True,True
165,15min,m15_2c_1atr,demand,1498.32,1494.84,2019-08-08 21:15:00+00:00,2019-08-08 19:00:00+00:00,2019-08-08 20:00:00+00:00,2019-08-08 21:00:00+00:00,2,2.0787381045495783,0.6351192804067297,0.5459770114942109,2019-08-09 15:00:00+00:00,2019-08-09 18:00:00+00:00,1501.99,1494.0485714285714,7.94142857142856,17.75,True,1233,1234,2,1501.96,0.4484536082474346,0.4999100557654296,1.5349883072495143,4.215866162978961,-1.0,stop,2019,2019-08,2019-08-09,0.0377765785213168,-1.0377765785213169,0.03-0.05R,1,1,1,1.0,1,1,1,1.0,2,2,1.0,2,2,1.0,True,True,True,True,True,5,5,5,5,False,14,Friday,ny_main,bull,0.564,mid,missing,above,,0.6959876543209843,0.492380499886437,0.5081097495766139,False,unknown,unknown,False,False,,,False,False,,True,True,True,True,False,False,True,False,False,False,True,True,False,False,False,True,True,True,True,True,True,True,False,False,False,False,False,False,False,False,False,False,True,False,True,True,False,False,True,True,True,True,True
179,15min,m15_2c_1atr,supply,1522.81,1517.87,2019-08-15 15:15:00+00:00,2019-08-15 13:00:00+00:00,2019-08-15 14:00:00+00:00,2019-08-15 15:00:00+00:00,2,1.65096077915242,0.910239536720202,0.421052631578974,2019-08-15 16:00:00+00:00,2019-08-15 17:00:00+00:00,1515.07,1524.0225714285714,8.952571428571446,0.75,True,1324,1325,0,1515.1,0.4380368098159504,0.2066445394778729,1.33257803025468,-1.7436331141890706,-1.0,stop,2019,2019-08,2019-08-15,0.0335099253207377,-1.0335099253207378,0.03-0.05R,5,4,2,1.0,5,4,2,1.0,2,1,1.0,2,1,1.0,True,True,True,True,True,9,7,9,7,False,13,Thursday,ny_main,bull,0.88,high,missing,inside,,0.7708333333333222,0.3950865320301029,0.4843064883785659,False,unknown,unknown,False,False,,,False,False,,True,True,True,False,True,False,True,False,False,True,True,True,False,False,False,True,True,True,True,True,True,False,False,False,False,False,False,False,False,False,False,False,True,False,True,False,False,False,True,True,False,True,True
197,15min,m15_2c_1atr,demand,1497.25,1492.52,2019-08-22 16:15:00+00:00,2019-08-22 14:00:00+00:00,2019-08-22 15:00:00+00:00,2019-08-22 16:00:00+00:00,2,3.0850147358875692,1.5012468827930263,0.7484143763213424,2019-08-22 17:00:00+00:00,2019-08-22 18:00:00+00:00,1500.44,1491.8484285714285,8.59157142857157,0.75,True,1440,1441,0,1500.5,0.3666061705989084,6.5890158128397065,1.6248482732245664,-0.7437521823714266,1.0,tp1,2019,2019-08,2019-08-22,0.0349179428343387,0.9650820571656612,0.03-0.05R,1,1,1,1.0,11,4,2,1.0,10,4,1.0,18,4,1.0,True,True,True,True,True,21,5,47,7,True,14,Thursday,ny_main,bull,0.35,mid,missing,above,,0.3699059561128663,0.4086828290306079,0.2345214487911497,False,unknown,unknown,False,False,,,False,False,,False,True,True,True,False,False,True,False,False,True,True,True,False,False,False,True,True,True,True,True,True,True,False,False,False,False,False,False,False,False,False,False,False,False,True,True,False,True,True,True,True,True,True
212,15min,m15_2c_1atr,supply,1550.4,1543.94,2019-08-29 11:15:00+00:00,2019-08-29 09:00:00+00:00,2019-08-29 10:00:00+00:00,2019-08-29 11:00:00+00:00,2,2.730667749137456,1.8355997564441031,0.8126934984520078,2019-08-29 15:00:00+00:00,2019-08-29 17:00:00+00:00,1539.49,1551.3705714285716,11.880571428571557,3.75,True,1554,1555,1,1539.49,0.4002525252525307,1.8972151411668272,1.4780433841565856,3.5057236304169774,1.0,tp1,2019,2019-08,2019-08-29,0.0252513106632674,0.9747486893367324,<=0.03R,3,3,2,1.0,9,4,2,1.0,9,4,1.0,9,4,1.0,True,True,True,True,True,21,7,27,7,True,13,Thursday,ny_main,bull,0.582,mid,missing,inside,,0.3007117437722453,-0.1811851370898849,-0.2635555321430583,False,unknown,unknown,False,False,,,True,True,0.4556126192223028,True,True,True,False,True,True,True,True,False,True,True,True,False,False,False,True,True,True,True,True,True,False,False,False,False,False,False,False,False,False,False,True,False,False,True,True,False,True,True,True,True,True,True
248,15min,m15_2c_1atr,demand,1497.99,1496.7,2019-09-13 10:15:00+00:00,2019-09-13 08:00:00+00:00,2019-09-13 09:00:00+00:00,2019-09-13 10:00:00+00:00,2,2.4642356241234893,0.4221598877980248,0.1937984496124085,2019-09-13 15:00:00+00:00,2019-09-13 17:00:00+00:00,1503.95,1495.7412857142858,8.208714285714223,4.75,True,1803,1804,1,1503.97,0.5287878787878693,0.0730930544195088,1.4070412975757522,-1.4216599084596706,-1.0,stop,2019,2019-09,2019-09-13,0.0365465272097599,-1.03654652720976,0.03-0.05R,3,3,2,1.0,5,4,2,1.0,1,1,1.0,11,4,1.0,True,True,True,True,True,5,5,27,7,False,13,Friday,ny_main,bear,0.712,high,missing,below,,0.2946502057613142,-1.2445310059559296,-1.193850320693563,False,unknown,unknown,False,False,,,True,True,0.1063829787233921,True,True,True,True,False,False,True,False,False,True,True,True,True,False,False,True,True,True,True,True,True,False,False,False,False,False,False,False,False,False,False,True,True,False,True,True,True,False,True,True,False,True,True
305,15min,m15_2c_1atr,demand,1462.3,1459.83,2019-10-01 12:15:00+00:00,2019-10-01 11:30:00+00:00,2019-10-01 11:45:00+00:00,2019-10-01 12:00:00+00:00,2,1.622003687768905,1.0626920712968857,0.2348178137652422,2019-10-01 16:45:00+00:00,2019-10-01 17:05:00+00:00,1474.32,1459.2795714285714,15.040428571428492,4.5,True,2631,2632,3,1474.34,0.8347176079734206,1.5730934718805645,0.1090394460644089,1.5125898768082295,1.0,tp1,2019,2019-10,2019-10-01,0.0199462401337348,0.9800537598662652,<=0.03R,3,3,2,1.0,3,3,2,1.0,3,3,1.0,3,3,1.0,True,True,True,True,True,9,7,9,7,True,13,Tuesday,ny_main,bear,0.626,mid,above,above,1.07804370447452,0.959876543209878,2.6897290545026165,2.9766810898143503,True,value_low_half,mid_volume,False,True,-0.4777124512029471,0.6181818181818182,True,False,0.3459801264679402,True,False,True,True,False,True,True,True,True,False,False,True,True,True,True,True,True,True,True,True,True,False,True,False,False,False,False,True,False,False,False,False,False,False,True,False,True,False,True,True,True,True,False
324,15min,m15_2c_1atr,demand,1490.67,1484.08,2019-10-02 16:00:00+00:00,2019-10-02 15:15:00+00:00,2019-10-02 15:30:00+00:00,2019-10-02 15:45:00+00:00,2,2.9529914529914687,2.81623931623936,0.1335356600910606,2019-10-02 17:10:00+00:00,2019-10-02 17:25:00+00:00,1493.24,1483.631,9.609000000000153,1.1666666666666667,True,2911,2912,2,1493.13,0.6717557251908927,2.7380580705588025,0.0801332084504079,1.7462795296076292,1.0,tp1,2019,2019-10,2019-10-02,0.0312207305650947,0.9687792694349052,0.03-0.05R,3,3,2,1.0,10,4,2,1.0,0,0,0.0,5,3,0.5705614567526416,True,True,True,False,True,3,3,20,7,True,13,Wednesday,ny_main,bull,0.746,high,above,above,0.5782734407269714,0.861189801699713,0.3139228986423436,1.2586632953365868,True,above_value,mid_volume,False,True,0.4292850452700525,0.2978723404255319,False,False,,True,True,True,True,False,False,True,False,False,False,True,True,True,True,False,False,True,True,True,True,True,True,True,False,False,False,False,False,False,False,True,False,False,True,True,True,True,False,True,True,True,True,False
411,15min,m15_2c_1atr,supply,1485.03,1479.96,2019-10-11 17:30:00+00:00,2019-10-11 16:45:00+00:00,2019-10-11 17:00:00+00:00,2019-10-11 17:15:00+00:00,2,1.7215949188426165,1.2522935779816242,0.0532544378698195,2019-10-11 18:00:00+00:00,2019-10-11 18:30:00+00:00,1479.24,1485.424,6.183999999999969,0.5,True,4856,4857,5,1479.24,0.7621359223300864,0.2037516170763255,1.2354463130659992,-2.0003234152651928,-1.0,stop,2019,2019-10,2019-10-11,0.0485122897800778,-1.0485122897800778,0.03-0.05R,2,2,2,1.0,2,2,2,1.0,1,1,0.5128205128205013,4,2,0.6469428007889574,True,True,True,True,True,4,4,10,6,False,14,Friday,ny_main,bear,0.966,high,below,below,0.7422836583980098,0.8475836431226492,0.0634752975286974,-0.8565079906975518,True,below_value,mid_volume,False,False,-1.9817270375161984,0.4576271186440678,False,False,,True,True,True,False,True,False,True,False,False,False,False,False,True,True,True,True,True,True,True,True,True,True,True,False,False,False,False,False,False,True,False,False,False,False,True,False,True,False,True,True,False,True,True
1001,15min,m15_2c_1atr,demand,1468.66,1467.02,2019-12-11 17:30:00+00:00,2019-12-11 16:45:00+00:00,2019-12-11 17:00:00+00:00,2019-12-11 17:15:00+00:00,2,1.9325376232486111,1.191489361702187,0.3536585365854385,2019-12-11 21:00:00+00:00,2019-12-11 21:15:00+00:00,1473.21,1466.8267142857142,6.383285714285876,3.5,True,16668,16669,2,1473.21,0.989445910290247,2.1180314661056214,1.3472685361322971,-0.554573327663745,1.0,tp1,2019,2019-12,2019-12-11,0.0469977396325212,0.9530022603674788,0.03-0.05R,1,1,1,1.0,2,2,1,1.0,4,4,0.4024390243902692,9,4,0.8963414634145961,True,True,True,True,True,9,5,20,6,True,16,Wednesday,ny_main,bull,0.813,high,above,above,0.6779501645509934,0.5327510917030771,0.936040703967756,1.6556209009611362,True,value_high_half,mid_volume,True,True,0.0924288879439812,0.6086956521739131,True,True,0.2134831460674103,True,True,False,True,False,False,True,False,False,False,True,True,True,True,True,True,True,True,True,True,True,True,True,False,False,False,False,False,True,False,False,True,False,False,True,False,False,False,True,True,True,True,True
1248,15min,m15_2c_1atr,supply,1580.08,1578.3,2020-01-08 15:15:00+00:00,2020-01-08 14:30:00+00:00,2020-01-08 14:45:00+00:00,2020-01-08 15:00:00+00:00,2,2.487378640776661,0.6048543689320256,0.7528089887640105,2020-01-08 16:30:00+00:00,2020-01-08 16:40:00+00:00,1573.97,1580.4862857142855,6.5162857142856865,1.25,True,21541,21542,1,1573.93,0.8666666666666191,5.171657824352201,0.158065506204232,3.9531722716709936,1.0,tp1,2020,2020-01,2020-01-08,0.0460384969526901,0.95396150304731,0.03-0.05R,2,2,2,1.0,6,3,2,1.0,5,4,0.5955056179775066,5,4,0.5955056179775066,True,True,True,True,True,12,6,16,7,True,11,Wednesday,london_ny_overlap,bull,0.926,high,below,below,0.5790291262136168,0.0102339181286457,-0.8802293422801555,-1.639458078597487,True,value_high_half,lvn,False,True,1.4486780374446588,0.2045454545454545,False,False,,True,True,True,False,True,False,True,False,False,True,True,True,True,True,True,True,True,True,True,True,True,False,True,False,False,True,False,False,True,False,False,False,True,False,True,True,False,True,True,True,True,True,False
1272,15min,m15_2c_1atr,demand,1547.31,1546.25,2020-01-10 09:15:00+00:00,2020-01-10 08:15:00+00:00,2020-01-10 08:30:00+00:00,2020-01-10 09:00:00+00:00,3,1.971052631578824,0.9763157894736312,0.0283018867924285,2020-01-10 15:25:00+00:00,2020-01-10 15:35:00+00:00,1555.92,1545.957,9.963000000000193,6.166666666666667,True,22080,22081,1,1555.91,0.9707057256990652,0.7286961758506324,0.9384723476864354,-0.4857974505671035,-0.4857974505671035,time,2020,2020-01,2020-01-10,0.0301114122252327,-0.5159088627923363,0.03-0.05R,7,4,2,1.0,17,4,2,1.0,4,3,1.0,9,4,1.0,True,True,True,True,True,15,7,35,7,False,10,Friday,london_ny_overlap,bear,0.308,low,above,above,0.7188552188552353,0.740601503759407,2.431286104210974,2.7396397411010263,True,below_value,mid_volume,False,False,-0.2479172939877526,0.4090909090909091,True,True,0.08525671219972,True,True,True,True,False,False,True,False,False,True,True,True,True,True,True,True,True,True,True,True,True,False,True,False,False,False,False,False,False,True,False,True,True,False,True,False,True,False,True,True,True,True,False
1488,15min,m15_2c_1atr,supply,1588.51,1585.82,2020-01-31 19:00:00+00:00,2020-01-31 18:15:00+00:00,2020-01-31 18:30:00+00:00,2020-01-31 18:45:00+00:00,2,2.0146947048391395,0.9541423866227702,0.6059479553903628,2020-01-31 19:35:00+00:00,2020-01-31 19:45:00+00:00,1581.89,1588.876,6.985999999999876,0.5833333333333334,True,26204,26205,1,1581.82,0.7936893203883223,0.0085886057830194,1.0062983109075432,0.687088462639603,-1.0,stop,2020,2020-01,2020-01-31,0.0429430289149735,-1.0429430289149737,0.03-0.05R,3,2,1,1.0,6,4,2,1.0,4,4,0.0594795539033749,4,4,0.0594795539033749,True,True,True,True,True,11,7,14,7,False,14,Friday,ny_main,bull,0.94,high,above,above,0.7095260441107673,0.5700325732898719,-0.0018334737067737,0.2015862833182387,True,above_value,mid_volume,False,True,0.4888348124821105,0.3611111111111111,False,False,,True,True,True,False,True,False,True,False,False,True,True,True,True,True,True,True,True,True,True,True,True,False,False,True,False,False,False,False,False,False,True,False,True,False,True,True,False,False,True,True,True,True,True
1528,15min,m15_2c_1atr,demand,1554.41,1549.72,2020-02-05 16:15:00+00:00,2020-02-05 15:15:00+00:00,2020-02-05 15:30:00+00:00,2020-02-05 16:00:00+00:00,3,1.71938418474459,2.2974107767670207,0.0682302771855351,2020-02-05 16:30:00+00:00,2020-02-05 16:35:00+00:00,1556.5,1549.4425714285717,7.057428571428545,0.25,True,26994,26995,0,1556.49,0.6305970149253786,1.6691631917736147,0.5611108861989466,0.9507712238371004,1.0,tp1,2020,2020-02,2020-02-05,0.0425084004696167,0.9574915995303832,0.03-0.05R,14,4,2,1.0,14,4,2,1.0,3,2,1.0,31,4,1.0,True,True,True,True,True,20,7,76,7,True,11,Wednesday,london_ny_overlap,bear,0.734,high,inside,inside,1.2859934853419983,0.6503267973855872,0.5253932468245422,0.6488581101533738,True,value_low_half,mid_volume,True,True,-0.3096028500870344,0.7419354838709677,True,True,0.2135697764070914,True,True,True,True,False,False,True,False,False,True,True,True,True,True,False,True,True,True,True,True,True,False,False,False,True,False,False,True,False,False,False,True,False,True,True,False,True,False,True,True,True,True,False
1763,15min,m15_2c_1atr,demand,1625.71,1620.19,2020-02-28 16:00:00+00:00,2020-02-28 15:15:00+00:00,2020-02-28 15:30:00+00:00,2020-02-28 15:45:00+00:00,2,1.5598545454545722,1.1240727272727309,0.0398550724637731,2020-02-28 16:05:00+00:00,2020-02-28 16:10:00+00:00,1627.76,1619.5615714285716,8.198428571428394,0.0833333333333333,True,31633,31634,0,1627.72,0.3223684210526414,0.0902611998815134,1.472233354824119,-3.4506612765513256,-1.0,stop,2020,2020-02,2020-02-28,0.0365923783303428,-1.0365923783303428,0.03-0.05R,5,3,2,0.5742753623188145,6,3,2,0.5742753623188145,3,3,0.0996376811594123,7,4,0.369565217391299,True,True,True,True,True,11,7,20,7,False,11,Friday,london_ny_overlap,bear,0.812,high,inside,inside,2.4663972459212844,0.6893203883495129,0.6484395517033921,0.3282806540472463,True,below_value,mid_volume,False,False,-2.354109672585384,0.3580246913580246,False,False,,True,True,True,True,False,False,True,False,False,True,True,True,False,False,False,True,True,True,True,True,True,False,False,False,True,False,False,False,False,True,False,False,False,False,True,False,True,False,True,True,True,True,False
1806,15min,m15_2c_1atr,supply,1646.56,1640.4,2020-03-04 17:30:00+00:00,2020-03-04 16:45:00+00:00,2020-03-04 17:00:00+00:00,2020-03-04 17:15:00+00:00,2,2.139476961394805,1.5342465753424286,0.4090909090909158,2020-03-04 17:40:00+00:00,2020-03-04 18:15:00+00:00,1640.33,1647.0512857142858,6.721285714285841,0.1666666666666666,True,32486,32487,6,1640.32,0.5527156549521034,0.9447597185912244,1.1203213670853538,-3.0544751216815893,-1.0,stop,2020,2020-03,2020-03-04,0.0446343174137592,-1.0446343174137591,0.03-0.05R,10,4,2,1.0,21,4,2,1.0,2,2,1.0,8,4,1.0,True,True,True,True,True,14,7,37,7,False,13,Wednesday,ny_main,bull,0.656,mid,below,below,1.3059788980070233,0.2269938650306782,-0.1075149750478936,-0.2100085860503842,True,value_high_half,hvn,True,True,0.1086101723734836,0.9583333333333334,False,False,,True,True,True,False,True,False,True,False,False,False,False,False,True,False,False,True,True,True,True,True,True,False,True,False,False,False,True,False,True,False,False,False,False,False,True,True,False,False,True,True,True,True,True
1830,15min,m15_2c_1atr,supply,1688.45,1685.4,2020-03-06 15:45:00+00:00,2020-03-06 15:00:00+00:00,2020-03-06 15:15:00+00:00,2020-03-06 15:30:00+00:00,2,2.768092348675458,0.6319372502589776,0.1344262295082255,2020-03-06 16:10:00+00:00,2020-03-06 16:40:00+00:00,1678.2,1689.297142857143,11.0971428571429,0.4166666666666667,True,33019,33020,5,1678.19,0.8654618473895441,3.21163748712667,1.0615345005149266,0.4271369721936141,1.0,tp1,2020,2020-03,2020-03-06,0.0270339855818742,0.9729660144181258,<=0.03R,3,3,2,1.0,3,3,2,1.0,0,0,0.0,1,1,0.5016393442622936,True,True,True,False,True,3,3,5,5,True,11,Friday,london_ny_overlap,bull,0.848,high,below,below,0.7056417659088258,0.2344827586206959,-0.3794203015216467,-0.462640694307411,True,above_value,mid_volume,False,True,1.2322991761071176,0.7428571428571429,False,False,,True,True,True,False,True,True,True,True,False,False,False,False,True,True,True,False,True,True,True,True,True,False,True,False,False,False,False,False,False,False,True,False,True,False,True,True,True,False,True,True,True,True,False
1854,15min,m15_2c_1atr,demand,1656.05,1649.98,2020-03-10 16:45:00+00:00,2020-03-10 16:00:00+00:00,2020-03-10 16:15:00+00:00,2020-03-10 16:30:00+00:00,2,1.5353118552610938,1.3486748135216542,0.5551894563426941,2020-03-10 16:45:00+00:00,2020-03-10 16:50:00+00:00,1658.82,1649.357142857143,9.462857142857048,0.0,True,33585,33586,0,1658.8,0.4513274336282972,0.3170289855072496,1.333635265700485,-1.1000905797101408,-1.0,stop,2020,2020-03,2020-03-10,0.0317028985507249,-1.031702898550725,0.03-0.05R,4,4,2,0.7775947281713471,7,4,2,1.0,1,1,0.7775947281713471,8,3,0.7990115321251994,True,True,True,True,True,6,5,23,7,False,12,Tuesday,ny_main,bear,0.678,high,below,below,0.8884781269254253,0.5648535564853684,0.2604223003598343,-0.1441398618725111,True,below_value,mid_volume,False,False,-1.0287590579710382,0.4761904761904761,False,False,,True,True,True,True,False,False,True,False,False,True,True,True,True,False,False,True,True,True,True,True,True,False,False,True,False,False,False,False,False,True,False,False,False,False,True,False,False,False,True,True,True,True,False
1876,15min,m15_2c_1atr,supply,1645.05,1642.58,2020-03-12 11:45:00+00:00,2020-03-12 11:00:00+00:00,2020-03-12 11:15:00+00:00,2020-03-12 11:30:00+00:00,2,2.2444076222038043,0.716238608119309,0.4615384615384969,2020-03-12 13:30:00+00:00,2020-03-12 13:50:00+00:00,1638.78,1645.4615714285717,6.681571428571488,1.75,True,34101,34102,3,1638.77,0.7614678899083516,13.083748476620023,0.08081931111158,6.713989437899479,1.0,tp1,2020,2020-03,2020-03-12,0.0448996172842141,0.9551003827157858,0.03-0.05R,6,4,2,1.0,6,4,2,1.0,0,0,0.0,8,4,1.0,True,True,True,False,True,6,3,22,7,True,9,Thursday,london_ny_overlap,bear,0.522,mid,below,below,1.443248871919494,0.0317460317460364,-0.944042235478129,-1.004778824179692,True,value_high_half,hvn,False,True,1.207051377990633,0.9493670886075948,False,False,,True,True,True,False,True,False,True,False,False,False,False,True,True,True,True,False,True,True,True,True,True,True,True,False,False,False,True,False,True,False,False,False,True,False,True,True,False,False,True,True,True,True,False
1927,15min,m15_2c_1atr,demand,1487.5,1480.8,2020-03-17 15:30:00+00:00,2020-03-17 14:30:00+00:00,2020-03-17 14:45:00+00:00,2020-03-17 15:15:00+00:00,3,1.5328467153284795,1.122412348929047,0.3119402985074483,2020-03-17 15:45:00+00:00,2020-03-17 15:50:00+00:00,1492.47,1479.760857142857,12.70914285714298,0.25,True,34953,34954,0,1492.45,0.5610389610389495,4.84297019018924,0.4036464187761389,0.7640169057146666,1.0,tp1,2020,2020-03,2020-03-17,0.0236050537295982,0.9763949462704016,<=0.03R,1,1,1,1.0,1,1,1,1.0,0,0,0.0,0,0,0.0,True,True,True,False,False,1,1,1,1,True,11,Tuesday,london_ny_overlap,bear,0.682,high,above,above,1.0483754512635337,0.7571428571428432,1.0574974825874024,1.5416964806533602,True,value_high_half,hvn,True,True,0.0708151611888019,0.9464285714285714,False,False,,True,True,True,True,False,True,True,True,False,True,True,True,True,False,False,False,False,True,True,False,False,False,True,False,False,False,True,False,True,False,False,False,False,False,True,False,True,False,True,True,True,True,False
1928,15min,m15_2c_1atr,demand,1503.8,1488.23,2020-03-17 16:15:00+00:00,2020-03-17 15:30:00+00:00,2020-03-17 15:45:00+00:00,2020-03-17 16:00:00+00:00,2,1.7760044028618511,1.999449642267466,0.1451509312780989,2020-03-17 16:15:00+00:00,2020-03-17 16:25:00+00:00,1504.29,1486.8645714285717,17.425428571428483,0.0,True,34960,34961,1,1504.26,0.3453689167974889,2.853875288986554,1.078883077276233,-0.5887947006837323,1.0,tp1,2020,2020-03,2020-03-17,0.0172162193182378,0.9827837806817622,<=0.03R,4,1,1,0.4926140012845136,4,1,1,0.4926140012845136,0,0,0.0,0,0,0.0,True,True,True,False,False,4,3,4,3,True,12,Tuesday,ny_main,bear,0.724,high,above,above,0.8859832635983268,0.788403614457835,2.0138474208707473,2.901982348851417,True,value_high_half,mid_volume,False,True,0.7325501319910112,0.5714285714285714,False,False,,True,True,True,True,False,True,True,True,True,True,True,True,False,False,False,False,False,True,True,True,True,False,True,False,False,False,False,False,True,False,False,False,False,False,True,False,True,False,True,True,True,True,False
1936,15min,m15_2c_1atr,demand,1495.4,1489.78,2020-03-18 12:15:00+00:00,2020-03-18 11:30:00+00:00,2020-03-18 11:45:00+00:00,2020-03-18 12:00:00+00:00,2,1.9412892757043976,0.5803215813541936,0.0071174377224537,2020-03-18 12:55:00+00:00,2020-03-18 13:20:00+00:00,1501.69,1488.7064285714284,12.983571428571622,0.6666666666666666,True,35199,35200,4,1501.77,0.8828282828282932,1.6289816801452035,1.2477306486218698,-2.4438576222698667,1.0,tp1,2020,2020-03,2020-03-18,0.0231061231226271,0.9768938768773728,<=0.03R,3,3,2,1.0,5,3,2,1.0,0,0,0.0,0,0,0.0,True,True,True,False,False,3,3,5,3,True,9,Wednesday,london_ny_overlap,bear,0.752,high,inside,above,1.0830800405268488,0.9515962924819747,0.4832442698415267,0.1826753949288798,True,below_value,hvn,False,False,-2.900588655993784,0.9047619047619048,False,False,,True,True,True,True,False,True,True,True,False,False,False,False,True,True,True,False,False,True,True,True,True,False,False,False,True,False,True,False,False,True,False,False,True,False,True,False,True,False,True,True,True,True,False
1952,15min,m15_2c_1atr,supply,1481.48,1471.14,2020-03-19 14:15:00+00:00,2020-03-19 13:30:00+00:00,2020-03-19 13:45:00+00:00,2020-03-19 14:00:00+00:00,2,2.123281596452307,1.6048780487804784,0.3259187620889888,2020-03-19 14:20:00+00:00,2020-03-19 14:25:00+00:00,1469.98,1482.4132857142858,12.43328571428583,0.0833333333333333,True,35488,35489,0,1469.96,0.0664335664335825,0.3217170498546498,1.1075109441246307,-2.0694449231900367,-1.0,stop,2020,2020-03,2020-03-19,0.0241287787390987,-1.024128778739099,<=0.03R,6,3,2,0.5560928433268902,9,3,2,0.8471953578336615,0,0,0.0,0,0,0.0,True,True,True,False,False,6,3,9,3,False,10,Thursday,london_ny_overlap,bear,0.418,mid,below,below,1.4563912236655363,0.4384724186704476,-0.8225356435584092,-1.3349481950715965,True,value_low_half,lvn,False,True,-0.6788229751933156,0.1981132075471698,False,False,,True,True,True,False,True,True,True,True,False,True,True,True,False,False,False,False,False,True,True,True,True,True,True,False,False,True,False,True,False,False,False,False,False,False,True,True,True,False,True,True,True,True,False
1955,15min,m15_2c_1atr,demand,1478.62,1468.16,2020-03-19 16:15:00+00:00,2020-03-19 15:30:00+00:00,2020-03-19 15:45:00+00:00,2020-03-19 16:00:00+00:00,2,1.9938847763115712,1.178307048599921,0.5669216061185632,2020-03-19 16:55:00+00:00,2020-03-19 17:30:00+00:00,1480.88,1467.027857142857,13.85214285714278,0.6666666666666666,True,35525,35526,6,1480.95,0.8673946957878119,0.3212499355437415,1.1016346104264645,0.3364100448615393,-1.0,stop,2020,2020-03,2020-03-19,0.0216572990254216,-1.0216572990254216,<=0.03R,9,4,2,0.6606118546845106,17,4,2,0.6606118546845106,8,4,1.0,8,4,1.0,True,True,True,True,True,25,7,33,7,False,13,Thursday,ny_main,bear,0.676,high,above,above,1.0157594213932273,0.8116197183098649,0.3552020369577272,0.5254940359409412,True,below_value,mid_volume,False,True,-0.856185221471679,0.5405405405405406,True,False,0.1380753138075306,True,True,True,True,False,True,True,True,False,False,False,False,True,True,True,True,True,True,True,True,True,False,True,False,False,False,False,False,False,True,False,False,False,False,True,False,False,False,True,True,True,True,True
1964,15min,m15_2c_1atr,demand,1487.95,1482.71,2020-03-20 08:15:00+00:00,2020-03-20 07:30:00+00:00,2020-03-20 07:45:00+00:00,2020-03-20 08:00:00+00:00,2,1.8688915375447153,1.4572904251092689,0.3568702290076555,2020-03-20 15:40:00+00:00,2020-03-20 16:05:00+00:00,1496.23,1481.8752857142858,14.35471428571418,7.416666666666667,True,35784,35785,4,1496.24,0.7476851851851808,0.290496899973137,1.095110615726053,2.8450583680821784,-1.0,stop,2020,2020-03,2020-03-20,0.0208990575520238,-1.0208990575520238,<=0.03R,5,4,2,1.0,9,4,2,1.0,4,4,0.4083969465648605,4,4,0.4083969465648605,True,True,True,True,True,13,7,17,7,False,12,Friday,ny_main,bull,0.44,mid,below,below,1.5746763842053986,0.7630560928433259,0.299587835238818,-0.1902346899596496,True,value_high_half,hvn,False,True,0.2493954201208132,0.897196261682243,True,True,0.1071545246651415,True,True,True,True,False,True,True,True,False,False,False,False,True,True,True,True,True,True,True,True,True,True,False,True,False,False,True,False,True,False,False,True,False,False,True,False,False,False,True,True,True,True,False
1969,15min,m15_2c_1atr,supply,1507.72,1499.89,2020-03-20 14:45:00+00:00,2020-03-20 14:00:00+00:00,2020-03-20 14:15:00+00:00,2020-03-20 14:30:00+00:00,2,1.5643361128928903,1.4062860808210291,0.1915708812260554,2020-03-20 16:15:00+00:00,2020-03-20 16:40:00+00:00,1496.4,1508.5872857142858,12.187285714285736,1.5,True,35791,35792,4,1496.49,0.7677053824362768,1.400640011252956,1.6090539320837765,-3.3699054049301855,1.0,tp1,2020,2020-03,2020-03-20,0.0246158174209656,0.9753841825790344,<=0.03R,4,4,2,1.0,25,4,2,1.0,6,3,1.0,6,3,1.0,True,True,True,True,True,16,7,37,7,True,12,Friday,ny_main,bull,0.524,mid,below,below,1.477293601387914,0.3179723502304054,-0.0330829456039553,-0.3928673200334361,True,above_value,mid_volume,False,False,1.8096728440646597,0.5046728971962616,True,False,0.4472753007784891,True,True,True,False,True,True,True,True,False,False,False,False,True,True,True,True,True,True,True,True,True,False,True,False,False,False,False,False,False,False,True,False,False,False,True,False,True,False,True,True,True,True,False
2031,15min,m15_2c_1atr,demand,1622.79,1619.44,2020-03-30 14:00:00+00:00,2020-03-30 13:00:00+00:00,2020-03-30 13:15:00+00:00,2020-03-30 13:45:00+00:00,3,1.60675357982477,1.0023509296857942,0.1313432835821094,2020-03-30 14:20:00+00:00,2020-03-30 14:30:00+00:00,1625.36,1618.995,6.364999999999782,0.3333333333333333,True,37398,37399,1,1625.35,0.4491017964072272,0.284367635506714,1.0447761194029994,-3.0903377847604903,-1.0,stop,2020,2020-03,2020-03-30,0.0471327572663016,-1.0471327572663016,0.03-0.05R,6,4,2,1.0,16,4,2,1.0,1,1,0.1582089552238767,1,1,0.1582089552238767,True,True,True,True,True,8,5,18,5,False,10,Monday,london_ny_overlap,bull,0.188,low,inside,inside,1.1990864103540064,0.0766283524903949,-0.3683970301664467,0.0928961756599493,True,value_high_half,hvn,False,True,0.6857816182246911,0.7619047619047619,False,False,,True,True,False,True,False,False,True,False,False,True,True,True,False,False,False,True,True,True,True,True,True,True,False,False,True,False,True,False,True,False,False,False,False,False,True,False,True,False,True,True,False,True,True
2051,15min,m15_2c_1atr,demand,1589.29,1585.09,2020-04-01 10:15:00+00:00,2020-04-01 09:30:00+00:00,2020-04-01 09:45:00+00:00,2020-04-01 10:00:00+00:00,2,2.7100023986567567,1.410410170304658,0.4190476190476123,2020-04-01 14:00:00+00:00,2020-04-01 14:35:00+00:00,1593.45,1584.7361428571428,8.71385714285725,3.75,True,37949,37950,6,1593.51,0.9881656804733832,0.188205977343131,1.4746626883289318,1.4574487269865604,-1.0,stop,2020,2020-04,2020-04-01,0.0344279226847217,-1.0344279226847215,0.03-0.05R,4,3,2,1.0,4,3,2,1.0,0,0,0.0,5,3,0.5309523809523795,True,True,True,False,True,4,3,14,7,False,10,Wednesday,london_ny_overlap,bear,0.128,low,inside,inside,1.0407757334658725,0.5797979797979791,0.2441160797635156,0.3614470342956534,True,value_low_half,mid_volume,False,True,-0.2937849402429529,0.7415730337078652,True,False,0.4740134744947081,True,True,True,True,False,False,True,False,False,False,False,False,True,True,True,False,True,True,True,True,True,False,False,False,True,False,False,True,False,False,False,False,False,False,True,True,False,False,True,True,True,True,False
2076,15min,m15_2c_1atr,demand,1612.54,1609.83,2020-04-03 15:00:00+00:00,2020-04-03 14:15:00+00:00,2020-04-03 14:30:00+00:00,2020-04-03 14:45:00+00:00,2,1.954644054427122,0.7481759021889303,0.2103321033210907,2020-04-03 15:30:00+00:00,2020-04-03 15:35:00+00:00,1617.35,1609.1442857142856,8.205714285714294,0.5,True,38512,38513,0,1617.35,0.0113519091847161,0.2949164345403985,1.399025069637884,2.818767409470763,-1.0,stop,2020,2020-04,2020-04-03,0.0365598885793871,-1.0365598885793872,0.03-0.05R,7,3,2,1.0,10,3,2,1.0,1,1,0.8560885608856578,3,2,0.8560885608856578,True,True,True,True,True,9,5,16,7,False,11,Friday,london_ny_overlap,bull,0.638,mid,above,above,0.6906374848010927,0.457172342621263,0.204320313455988,0.5322647133781538,True,value_low_half,hvn,True,True,-0.0079213091922072,1.0,False,False,,True,True,False,True,False,False,True,False,False,True,True,True,False,False,False,True,True,True,True,True,True,True,True,False,False,False,True,True,False,False,False,False,True,False,True,False,True,False,True,True,True,True,False
2077,15min,m15_2c_1atr,supply,1618.01,1612.92,2020-04-03 16:00:00+00:00,2020-04-03 15:15:00+00:00,2020-04-03 15:30:00+00:00,2020-04-03 15:45:00+00:00,2,1.6609461274436748,1.0634233696463045,0.4656188605107915,2020-04-03 16:05:00+00:00,2020-04-03 16:15:00+00:00,1612.65,1618.760857142857,6.110857142856958,0.0833333333333333,True,38520,38521,1,1612.75,0.1984435797665383,0.1570974378156082,1.2158687114269784,-5.580231905741692,-1.0,stop,2020,2020-04,2020-04-03,0.0490929493173757,-1.0490929493173755,0.03-0.05R,8,2,2,1.0,17,4,2,1.0,5,4,1.0,5,4,1.0,True,True,True,True,True,18,7,27,7,False,12,Friday,ny_main,bull,0.878,high,above,above,0.5413206262763626,0.9816176470587986,0.5474039731564733,0.7032239727985924,True,above_value,mid_volume,False,True,0.6897559379091527,0.6052631578947368,True,True,0.2531003382187151,False,True,True,False,True,False,True,False,False,True,True,True,False,False,False,True,True,True,True,True,True,False,False,True,False,False,False,False,False,False,True,True,False,False,True,False,False,False,True,True,False,True,True
2097,15min,m15_2c_1atr,supply,1662.19,1655.5,2020-04-07 16:15:00+00:00,2020-04-07 15:15:00+00:00,2020-04-07 15:30:00+00:00,2020-04-07 16:00:00+00:00,3,2.067293284293725,1.2758479771148474,0.84902840059791,2020-04-07 17:25:00+00:00,2020-04-07 17:40:00+00:00,1651.02,1662.9497142857144,11.929714285714454,1.1666666666666667,True,39084,39085,2,1651.02,0.9189686924493848,0.8868611390525273,0.5809024285098405,0.1575896920055442,0.1575896920055442,time,2020,2020-04,2020-04-07,0.025147291277482,0.1324424007280621,<=0.03R,8,3,2,1.0,8,3,2,1.0,0,0,0.0,6,4,0.944693572496246,True,True,True,False,True,8,3,20,7,True,13,Tuesday,ny_main,bull,0.95,high,inside,inside,0.9768583450210456,0.0974212034384042,-0.2250669998271294,-0.4484948557138765,True,value_high_half,mid_volume,True,True,0.2594362216793587,0.603448275862069,False,False,,True,True,True,False,True,True,True,True,False,False,True,True,True,True,True,False,True,True,True,True,True,False,False,False,True,False,False,False,True,False,False,False,False,False,True,True,False,True,True,True,True,True,False
2196,15min,m15_2c_1atr,demand,1686.54,1680.62,2020-04-20 16:45:00+00:00,2020-04-20 16:00:00+00:00,2020-04-20 16:15:00+00:00,2020-04-20 16:30:00+00:00,2,2.096122173978113,1.240904326995058,0.5912162162162089,2020-04-20 17:00:00+00:00,2020-04-20 17:30:00+00:00,1687.51,1679.9462857142855,7.563714285714468,0.25,True,41288,41289,5,1687.26,0.2724252491694149,1.976542137271896,2.2991349677029005,-1.059003513013232,1.0,tp1,2020,2020-04,2020-04-20,0.0396630529218439,0.960336947078156,0.03-0.05R,2,1,1,0.7246621621621855,8,3,2,0.7246621621621855,3,1,0.5540540540540426,8,4,0.8175675675675437,True,True,True,True,True,8,6,24,7,True,13,Monday,ny_main,bear,0.726,high,above,above,1.3339325842696328,0.5148514851485014,0.3133453923524605,0.7329095043680257,True,value_high_half,mid_volume,True,True,0.1758395346201652,0.4523809523809524,True,True,0.2310659186535737,True,True,True,True,False,False,True,False,False,False,False,False,False,False,False,True,True,True,True,True,True,False,True,False,False,False,False,False,True,False,False,True,False,False,True,True,False,False,True,True,True,True,True
2255,15min,m15_2c_1atr,demand,1717.19,1714.55,2020-04-27 15:30:00+00:00,2020-04-27 14:45:00+00:00,2020-04-27 15:00:00+00:00,2020-04-27 15:15:00+00:00,2,1.5910588235294458,0.8696470588235531,0.4696969696969553,2020-04-27 16:20:00+00:00,2020-04-27 16:30:00+00:00,1720.6,1714.0368571428571,6.563142857142793,0.8333333333333334,True,42655,42656,1,1720.55,0.6856368563685461,0.1995994950154825,1.0467546036306583,-2.855339340908131,-1.0,stop,2020,2020-04,2020-04-27,0.0457098080188067,-1.0457098080188068,0.03-0.05R,2,2,2,1.0,10,4,2,1.0,5,4,1.0,11,4,1.0,True,True,True,True,True,12,6,32,7,False,12,Monday,ny_main,bear,0.479,mid,below,below,0.732657200811339,0.1521164021164106,-0.83873972910217,-0.8762697270890162,True,below_value,mid_volume,False,True,-0.6673631970745955,0.4642857142857143,False,False,,False,False,True,True,False,False,True,False,False,True,True,True,True,True,False,True,True,True,True,True,True,False,False,True,False,False,False,False,False,True,False,False,True,False,True,False,False,False,True,True,False,True,True
2306,15min,m15_2c_1atr,demand,1681.65,1677.34,2020-05-01 17:00:00+00:00,2020-05-01 16:15:00+00:00,2020-05-01 16:30:00+00:00,2020-05-01 16:45:00+00:00,2,1.5714506889611193,0.934200340610027,0.1044083526682198,2020-05-01 17:05:00+00:00,2020-05-01 17:30:00+00:00,1682.85,1676.6788571428572,6.1711428571427405,0.0833333333333333,True,43771,43772,4,1682.83,0.65270935960585,4.965044677994461,0.3419139774989485,3.694615491458037,1.0,tp1,2020,2020-05,2020-05-01,0.0486133617297106,0.9513866382702894,0.03-0.05R,1,1,1,0.6496519721577888,1,1,1,0.6496519721577888,2,1,0.1925754060325107,10,4,0.9489559164733136,True,True,True,True,True,5,5,21,5,True,13,Friday,ny_main,bear,0.926,high,above,above,1.0109409190371828,0.909657320872251,0.7772085801072285,1.1522772112872677,True,value_high_half,hvn,True,True,0.039700912079246,1.0,True,False,0.1783559577677232,True,True,True,True,False,False,True,False,False,False,False,False,True,True,False,True,True,True,True,True,True,False,True,False,False,False,True,False,True,False,False,False,True,False,True,False,True,False,True,True,True,True,True
2344,15min,m15_2c_1atr,supply,1697.59,1691.17,2020-05-06 17:15:00+00:00,2020-05-06 16:30:00+00:00,2020-05-06 16:45:00+00:00,2020-05-06 17:00:00+00:00,2,1.6870503597122426,1.4695879659907956,0.9361370716511468,2020-05-06 17:15:00+00:00,2020-05-06 17:30:00+00:00,1689.99,1698.1692857142857,8.179285714285697,0.0,True,44598,44599,2,1689.96,0.5846774193548527,1.041655750589468,1.1284603964719284,-1.457339970308282,1.0,tp1,2020,2020-05,2020-05-06,0.0366780193869531,0.9633219806130467,0.03-0.05R,1,1,1,1.0,5,2,1,1.0,0,0,0.0,3,2,1.0,True,True,True,False,True,1,1,11,7,True,13,Wednesday,ny_main,bear,0.904,high,below,below,0.5252889088998923,0.55161787365176,-1.0254958673513654,-1.8281583321847723,True,below_value,lvn,False,False,-0.8399266439612145,0.196078431372549,False,False,,True,True,True,False,True,False,True,False,False,False,True,True,True,False,False,False,True,True,True,False,True,True,True,False,False,True,False,False,False,True,False,False,False,False,True,False,False,True,True,True,True,True,True
2458,15min,m15_2c_1atr,demand,1737.9,1734.0,2020-05-19 16:45:00+00:00,2020-05-19 16:00:00+00:00,2020-05-19 16:15:00+00:00,2020-05-19 16:30:00+00:00,2,1.5870577281192093,1.2709497206704128,0.1025641025641234,2020-05-19 16:55:00+00:00,2020-05-19 17:20:00+00:00,1739.46,1733.4561428571428,6.003857142857214,0.1666666666666666,True,47080,47081,4,1739.48,0.8489208633094066,2.3235063173673867,0.3247912056535121,1.6556023508696684,1.0,tp1,2020,2020-05,2020-05-19,0.0499678777928468,0.9500321222071532,0.03-0.05R,8,3,2,1.0,12,4,2,1.0,5,2,0.8307692307692137,5,2,0.8307692307692137,True,True,True,True,True,18,7,22,7,True,13,Tuesday,ny_main,bear,0.868,high,above,above,0.5383634044104582,0.9296551724137944,1.3266926532030627,1.795588260657157,True,value_low_half,hvn,True,True,-0.0499678777928392,0.8235294117647058,False,False,,True,True,False,True,False,False,True,False,False,False,False,False,True,True,True,True,True,True,True,True,True,False,True,False,False,False,True,True,False,False,False,False,False,False,True,False,True,False,True,True,True,True,False
2459,15min,m15_2c_1atr,demand,1739.34,1733.9,2020-05-19 17:45:00+00:00,2020-05-19 17:00:00+00:00,2020-05-19 17:15:00+00:00,2020-05-19 17:30:00+00:00,2,1.6589231046281687,1.3715108950116626,0.2481617647058735,2020-05-19 18:05:00+00:00,2020-05-19 18:30:00+00:00,1740.65,1733.4338571428573,7.216142857142813,0.3333333333333333,True,47094,47095,4,1740.68,0.2384105960265758,1.768257676241769,0.3298160869479315,1.2624472907964224,1.0,tp1,2020,2020-05,2020-05-19,0.0415734563379726,0.9584265436620274,0.03-0.05R,9,3,2,1.0,16,4,2,1.0,5,2,0.6139705882352986,5,2,0.6139705882352986,True,True,True,True,True,19,7,26,7,True,14,Tuesday,ny_main,bear,0.906,high,above,above,0.5022955279714642,0.6981132075471115,-0.0344014541190192,0.398518655466595,True,value_high_half,hvn,True,True,0.0512739294834844,0.7631578947368421,False,False,,True,True,True,True,False,False,True,False,False,False,False,False,False,False,False,True,True,True,True,True,True,False,True,False,False,False,True,False,True,False,False,False,False,False,True,False,True,False,True,True,False,True,True
2495,15min,m15_2c_1atr,demand,1735.57,1730.06,2020-05-22 15:30:00+00:00,2020-05-22 14:45:00+00:00,2020-05-22 15:00:00+00:00,2020-05-22 15:15:00+00:00,2,2.2248196965928413,1.918428251678682,0.834845735027208,2020-05-22 15:55:00+00:00,2020-05-22 16:40:00+00:00,1737.52,1729.6035714285713,7.916428571428696,0.4166666666666667,True,47900,47901,8,1737.54,0.830687830687803,0.0366326806821206,1.1229811422899598,-1.0446629973833612,-1.0,stop,2020,2020-05,2020-05-22,0.0378958765677157,-1.0378958765677158,0.03-0.05R,4,2,1,1.0,25,4,2,1.0,4,2,1.0,5,2,1.0,True,True,True,True,True,12,7,35,7,False,12,Friday,ny_main,bear,0.806,high,above,above,0.6688167708123679,0.9370967741935694,0.7591046549110542,0.8564390806936466,True,above_value,mid_volume,False,True,1.0819272760082908,0.3333333333333333,True,False,0.2142857142857276,True,True,True,True,False,False,True,False,False,False,False,False,True,True,True,True,True,True,True,True,True,False,True,False,False,False,False,False,False,False,True,False,False,False,True,True,False,True,True,True,True,True,False
2774,15min,m15_2c_1atr,demand,1773.46,1770.53,2020-06-24 12:00:00+00:00,2020-06-24 11:15:00+00:00,2020-06-24 11:30:00+00:00,2020-06-24 11:45:00+00:00,2,1.6949248653245994,1.16302806918061,0.122866894197993,2020-06-24 14:20:00+00:00,2020-06-24 14:50:00+00:00,1776.53,1770.2102857142856,6.319714285714326,2.3333333333333335,True,54178,54179,5,1776.53,0.5978647686832599,0.3528640535286411,1.2801211628011904,-2.151996021519932,-1.0,stop,2020,2020-06,2020-06-24,0.0474705004747047,-1.0474705004747047,0.03-0.05R,4,4,2,1.0,4,4,2,1.0,2,2,0.2252559726962687,2,2,0.2252559726962687,True,True,True,True,True,8,7,8,7,False,10,Wednesday,london_ny_overlap,bull,0.572,mid,inside,inside,1.3214603739982345,0.9525000000000432,0.7183290474781897,1.3432617300588148,True,value_high_half,mid_volume,False,True,0.8299425832994033,0.5434782608695652,False,False,,True,True,True,True,False,False,True,False,False,False,False,False,True,False,False,True,True,True,True,True,True,True,False,False,True,False,False,False,True,False,False,False,False,False,True,False,True,False,True,True,True,True,False
2846,15min,m15_2c_1atr,demand,1768.02,1760.3,2020-07-02 16:30:00+00:00,2020-07-02 15:45:00+00:00,2020-07-02 16:00:00+00:00,2020-07-02 16:15:00+00:00,2,2.2551153678711615,2.35263387026557,0.6049222797927534,2020-07-02 16:30:00+00:00,2020-07-02 16:45:00+00:00,1769.26,1759.668571428571,9.59142857142865,0.0,True,55857,55858,2,1769.29,0.5964912280702104,1.0676198987190866,0.0510872803098009,0.6213881441763466,1.0,tp1,2020,2020-07,2020-07-02,0.0312779267202857,0.9687220732797144,0.03-0.05R,11,4,2,1.0,32,4,2,1.0,8,4,0.4572538860103575,17,4,0.4572538860103575,True,True,True,True,True,27,7,66,7,True,12,Thursday,ny_main,bear,0.936,high,inside,inside,0.4580181543116529,0.8573975044562988,1.248666190686329,1.1202112793991732,True,below_value,mid_volume,False,True,-0.4264224009532437,0.4411764705882353,True,True,0.2713414634146291,True,True,True,True,False,False,True,False,False,False,True,True,True,False,False,True,True,True,True,True,True,False,False,False,True,False,False,False,False,True,False,True,False,True,True,True,False,False,True,True,True,True,True
2903,15min,m15_2c_1atr,supply,1814.17,1810.18,2020-07-09 18:00:00+00:00,2020-07-09 17:15:00+00:00,2020-07-09 17:30:00+00:00,2020-07-09 17:45:00+00:00,2,2.018833087149179,1.0313884785819845,0.3533834586466362,2020-07-10 15:30:00+00:00,2020-07-10 15:50:00+00:00,1808.2,1814.417428571429,6.217428571428627,21.5,True,57453,57454,3,1808.17,0.787037037036923,2.2742521023849966,0.8218831855153481,-0.1318873213547057,1.0,tp1,2020,2020-07,2020-07-10,0.0482514590322131,0.9517485409677868,0.03-0.05R,3,3,2,1.0,9,4,2,1.0,6,4,1.0,6,4,1.0,True,True,True,True,True,15,7,21,7,True,11,Friday,london_ny_overlap,bull,0.68,high,inside,inside,0.7466666666666184,0.1624649859943802,-0.2140424402042657,0.6149177852981792,True,above_value,mid_volume,False,False,1.5963191029824146,0.45,True,True,0.2021063189568687,True,True,True,False,True,False,True,False,False,False,False,True,True,True,True,True,True,True,True,True,True,False,False,False,True,False,False,False,False,False,True,True,False,False,True,True,False,False,True,True,True,True,False
2946,15min,m15_2c_1atr,supply,1805.18,1798.65,2020-07-14 16:15:00+00:00,2020-07-14 15:30:00+00:00,2020-07-14 15:45:00+00:00,2020-07-14 16:00:00+00:00,2,1.7205017640141,1.7918463347706632,0.5421133231240396,2020-07-14 16:25:00+00:00,2020-07-14 16:30:00+00:00,1797.66,1805.7785714285717,8.118571428571386,0.1666666666666666,True,58013,58014,0,1797.56,0.0123456790123344,0.1342600739046464,1.1085694175611531,-1.7823332746788796,-1.0,stop,2020,2020-07,2020-07-14,0.0369523139187051,-1.0369523139187051,0.03-0.05R,10,4,2,0.5130168453292379,30,4,2,0.5941807044410605,3,2,0.5130168453292379,3,2,0.5130168453292379,True,True,True,True,True,16,7,36,7,False,12,Tuesday,ny_main,bear,0.98,high,above,above,2.388577625158082,0.7346938775510347,0.4214421834736888,0.5355017575037103,True,value_high_half,mid_volume,False,True,0.5130212915713513,0.5476190476190477,False,False,,True,True,True,False,True,False,True,False,False,True,True,True,False,False,False,True,True,True,True,True,True,True,False,True,False,False,False,False,True,False,False,False,False,False,True,False,False,False,True,True,False,True,True
3024,15min,m15_2c_1atr,demand,1855.05,1848.84,2020-07-22 17:00:00+00:00,2020-07-22 16:00:00+00:00,2020-07-22 16:15:00+00:00,2020-07-22 16:45:00+00:00,3,1.5248519648304222,1.5600215323883158,0.8148148148148012,2020-07-22 17:00:00+00:00,2020-07-22 17:15:00+00:00,1855.1,1848.2852857142857,6.814714285714217,0.0,True,59678,59679,2,1855.16,0.9407407407407956,5.372198813491886,0.233318659203814,5.199044085277717,1.0,tp1,2020,2020-07,2020-07-22,0.0440223885290237,0.9559776114709764,0.03-0.05R,6,4,2,1.0,6,4,2,1.0,4,4,0.9822866344605636,4,4,0.9822866344605636,True,True,True,True,True,14,7,14,7,True,13,Wednesday,ny_main,bull,0.974,high,inside,above,0.9964664310953676,0.5351812366737918,0.5007303417561815,0.4692499718166271,True,value_low_half,mid_volume,False,True,-1.0719451606817385,0.7049180327868853,False,False,,True,True,True,True,False,False,True,False,False,False,True,True,True,True,True,True,True,True,True,True,True,True,False,False,True,False,False,True,False,False,False,False,False,False,True,False,False,True,True,True,True,True,True
3037,15min,m15_2c_1atr,supply,1878.91,1873.34,2020-07-23 16:00:00+00:00,2020-07-23 15:15:00+00:00,2020-07-23 15:30:00+00:00,2020-07-23 15:45:00+00:00,2,1.7211060274517866,1.5512233936742128,0.5332136445242263,2020-07-23 16:00:00+00:00,2020-07-23 16:05:00+00:00,1871.75,1879.5312857142856,7.781285714285787,0.0,True,59940,59941,0,1871.83,0.0531400966183657,0.2493161247682215,1.0139712497016686,-3.9209458591124857,-1.0,stop,2020,2020-07,2020-07-23,0.0385540399126104,-1.0385540399126103,0.03-0.05R,6,4,2,0.3123877917414646,6,4,2,0.3123877917414646,1,1,0.5691202872531381,1,1,0.5691202872531381,True,True,True,True,True,8,5,8,5,False,12,Thursday,ny_main,bull,0.942,high,below,below,0.956046029051158,0.4855072463768243,-0.9193159935507648,-1.2950527880518898,True,value_high_half,mid_volume,False,True,1.461840680019814,0.5487804878048781,False,False,,True,True,True,False,True,False,True,False,False,True,True,True,False,False,False,True,True,True,True,True,True,False,True,False,False,False,False,False,True,False,False,False,False,False,True,False,False,False,True,True,True,True,False
3085,15min,m15_2c_1atr,demand,1954.32,1941.49,2020-07-29 17:45:00+00:00,2020-07-29 17:00:00+00:00,2020-07-29 17:15:00+00:00,2020-07-29 17:30:00+00:00,2,2.5368479160916646,2.4788849020148973,0.8597038191738141,2020-07-29 17:50:00+00:00,2020-07-29 17:55:00+00:00,1955.0,1940.710142857143,14.289857142857043,0.0833333333333333,True,61066,61067,0,1955.0,0.5697674418604918,1.8131741794879663,1.0615921382799112,-0.442271741195052,1.0,tp1,2020,2020-07,2020-07-29,0.0209939117655881,0.979006088234412,<=0.03R,13,4,2,0.4029618082618764,15,4,2,0.4029618082618764,0,0,0.0,0,0,0.0,True,True,True,False,False,13,3,15,3,True,13,Wednesday,ny_main,bull,0.874,high,inside,inside,0.7227533460803027,0.7946127946127536,0.4923146557006051,0.2909605997185731,True,below_value,mid_volume,True,True,-0.374041527956897,0.6097560975609756,False,False,,True,True,True,True,False,True,True,True,False,True,True,True,True,False,False,False,False,True,True,True,True,True,False,False,True,False,False,False,False,True,False,False,False,True,True,True,False,True,True,True,True,True,False
3135,15min,m15_2c_1atr,demand,1971.82,1967.59,2020-08-04 15:30:00+00:00,2020-08-04 14:30:00+00:00,2020-08-04 14:45:00+00:00,2020-08-04 15:15:00+00:00,3,1.5054161162483108,1.5645970937912732,0.137115839243481,2020-08-04 15:50:00+00:00,2020-08-04 16:05:00+00:00,1974.93,1967.1905714285713,7.739428571428789,0.3333333333333333,True,62148,62149,2,1974.92,0.8159509202454261,9.454186355581522,0.4586901949202411,9.407671293561451,1.0,tp1,2020,2020-08,2020-08-04,0.0387625516834011,0.9612374483165989,0.03-0.05R,9,3,2,1.0,20,4,2,1.0,4,3,1.0,6,3,1.0,True,True,True,True,True,17,7,32,7,True,12,Tuesday,ny_main,bull,0.418,mid,inside,above,0.5549915397631456,1.0,0.6474084971447512,0.5198151453155572,True,below_value,mid_volume,False,True,-0.7810654164205427,0.5526315789473685,False,False,,False,True,True,True,False,False,True,False,False,False,True,True,True,True,True,True,True,True,True,True,True,True,False,False,True,False,False,False,False,True,False,False,False,False,True,False,True,False,True,True,True,True,False
3161,15min,m15_2c_1atr,demand,2048.28,2043.14,2020-08-06 11:30:00+00:00,2020-08-06 10:45:00+00:00,2020-08-06 11:00:00+00:00,2020-08-06 11:15:00+00:00,2,1.6470588235293906,1.1565413050466264,0.7957198443579453,2020-08-06 11:35:00+00:00,2020-08-06 12:10:00+00:00,2049.26,2042.643285714286,6.616714285714352,0.0833333333333333,True,62653,62654,6,2049.31,0.7490909090909512,3.92642010492897,0.4261934063087192,1.2831141913335895,1.0,tp1,2020,2020-08,2020-08-06,0.045339724075393,0.954660275924607,0.03-0.05R,5,4,2,0.478599221789881,5,4,2,0.478599221789881,0,0,0.0,0,0,0.0,True,True,True,False,False,5,3,5,3,True,8,Thursday,london_ny_overlap,bull,0.848,high,inside,inside,0.8532924961715266,0.7167630057803259,0.3051853623761805,0.5014765401809902,True,value_high_half,hvn,False,True,0.8251829781721587,0.75,False,False,,True,True,True,True,False,False,True,False,False,False,False,False,True,True,True,False,False,True,True,True,True,True,False,False,True,False,True,False,True,False,False,False,False,False,True,False,False,True,True,True,True,True,False
3163,15min,m15_2c_1atr,demand,2051.91,2048.3,2020-08-06 14:45:00+00:00,2020-08-06 14:00:00+00:00,2020-08-06 14:15:00+00:00,2020-08-06 14:30:00+00:00,2,1.7270408163265225,0.9209183673468534,0.0941828254848134,2020-08-06 18:10:00+00:00,2020-08-06 18:50:00+00:00,2056.17,2047.662285714286,8.5077142857142,3.4166666666666665,True,62733,62734,7,2056.17,0.8333333333333334,2.2414951136783303,1.6996339456627811,-3.4098465258421258,1.0,tp1,2020,2020-08,2020-08-06,0.0352621150552443,0.9647378849447557,0.03-0.05R,5,4,2,1.0,5,4,2,1.0,4,4,1.0,4,4,1.0,True,True,True,True,True,13,7,13,7,True,14,Thursday,ny_main,bull,0.982,high,above,above,0.6009490940465989,0.956521739130368,0.1996309192988833,0.2307217041350793,True,value_high_half,hvn,True,True,0.1004970279074484,0.9375,False,False,,True,True,True,True,False,False,True,False,False,False,False,False,True,True,True,True,True,True,True,True,True,True,True,False,False,False,True,False,True,False,False,False,True,False,True,False,True,False,True,True,True,True,False
3179,15min,m15_2c_1atr,supply,2059.34,2055.75,2020-08-07 14:30:00+00:00,2020-08-07 13:45:00+00:00,2020-08-07 14:00:00+00:00,2020-08-07 14:15:00+00:00,2,1.6898317483541816,1.225554742745742,0.841225626740908,2020-08-07 15:00:00+00:00,2020-08-07 15:20:00+00:00,2052.98,2059.8095714285714,6.829571428571398,0.5,True,62967,62968,3,2052.99,0.5774193548388615,1.650176752358446,1.2006609910682322,2.8962285857719667,1.0,tp1,2020,2020-08,2020-08-07,0.0439266216244484,0.9560733783755516,0.03-0.05R,6,3,2,1.0,6,3,2,1.0,1,1,1.0,1,1,1.0,True,True,True,True,True,8,5,8,5,True,11,Friday,london_ny_overlap,bull,0.47,mid,below,below,1.0502958579881017,0.0359712230215836,-1.4721874463350724,-2.3127025792797773,True,value_low_half,hvn,False,True,-0.5424937770619283,0.9183673469387756,False,False,,True,True,True,False,True,False,True,False,False,False,False,True,True,False,False,True,True,True,True,True,True,False,True,False,False,False,True,True,False,False,False,False,False,False,True,False,False,True,True,True,True,True,False
3226,15min,m15_2c_1atr,demand,1921.87,1916.71,2020-08-12 11:00:00+00:00,2020-08-12 10:15:00+00:00,2020-08-12 10:30:00+00:00,2020-08-12 10:45:00+00:00,2,1.6893491124260234,0.5088757396449559,0.3914728682170618,2020-08-12 11:45:00+00:00,2020-08-12 12:00:00+00:00,1930.68,1915.316142857143,15.363857142857114,0.75,True,63755,63756,2,1930.66,0.8913202042304883,1.20933173403256,1.0999841929575056,-0.0039052693241207,1.0,tp1,2020,2020-08,2020-08-12,0.0195263466205473,0.9804736533794528,<=0.03R,7,4,2,1.0,7,4,2,1.0,0,0,0.0,0,0,0.0,True,True,True,False,False,7,3,7,3,True,8,Wednesday,london_ny_overlap,bear,0.978,high,below,below,0.5840637975351103,0.3758212877792296,-0.023931433563408,1.09400227303162,True,value_low_half,hvn,False,True,-1.4618724836583126,0.8754716981132076,False,False,,True,True,True,True,False,True,True,True,True,False,True,True,True,True,True,False,False,True,True,True,True,False,False,True,False,False,True,True,False,False,False,False,True,False,True,False,False,False,True,True,False,True,True
3245,15min,m15_2c_1atr,demand,1927.8,1920.49,2020-08-13 16:00:00+00:00,2020-08-13 15:15:00+00:00,2020-08-13 15:30:00+00:00,2020-08-13 15:45:00+00:00,2,1.5824390243902688,1.4263414634146234,0.4787961696306465,2020-08-13 16:05:00+00:00,2020-08-13 16:15:00+00:00,1931.1,1919.758142857143,11.341857142856952,0.0833333333333333,True,64082,64083,1,1931.1,0.9834515366429872,3.1026664819317133,0.1375436121572406,1.1964530878037452,1.0,tp1,2020,2020-08,2020-08-13,0.0264506946456241,0.973549305354376,<=0.03R,10,4,2,0.846785225718208,14,4,2,0.846785225718208,4,4,1.0,4,4,1.0,True,True,True,True,True,18,7,22,7,True,12,Thursday,ny_main,bear,0.624,mid,above,above,0.7173494285347399,0.4213333333333443,0.3372542584176941,0.3076282695910692,True,below_value,mid_volume,False,True,-0.5823561271144925,0.4390243902439024,False,False,,True,True,True,True,False,True,True,True,False,True,True,True,True,True,True,True,True,True,True,True,True,False,True,False,False,False,False,False,False,True,False,False,False,False,True,False,False,False,True,True,True,True,True
3279,15min,m15_2c_1atr,demand,2007.38,2001.24,2020-08-18 15:00:00+00:00,2020-08-18 14:15:00+00:00,2020-08-18 14:30:00+00:00,2020-08-18 14:45:00+00:00,2,1.6489757914338727,2.0009310986964928,0.6824104234527665,2020-08-18 15:00:00+00:00,2020-08-18 15:15:00+00:00,2008.04,2000.7558571428572,7.284142857142797,0.0,True,64898,64899,2,2008.0,0.6476683937823621,1.0515993645688486,1.9919982741375744,-2.3942418953107807,1.0,tp1,2020,2020-08,2020-08-18,0.0411853537037403,0.9588146462962596,0.03-0.05R,3,3,2,1.0,3,3,2,1.0,0,0,0.0,4,4,1.0,True,True,True,False,True,3,3,11,7,True,11,Tuesday,london_ny_overlap,bull,0.168,low,above,above,1.294604003481281,0.8000000000000089,1.2669870374720495,1.8765892319131356,True,value_high_half,mid_volume,False,True,2.9598540861754667,0.3119266055045872,True,False,0.2087869362363874,True,True,True,True,False,False,True,False,False,False,True,True,True,True,False,False,True,True,True,True,True,True,True,False,False,False,False,False,True,False,False,False,False,True,True,False,False,True,True,True,True,True,True
3296,15min,m15_2c_1atr,supply,1993.55,1988.94,2020-08-19 17:00:00+00:00,2020-08-19 16:15:00+00:00,2020-08-19 16:30:00+00:00,2020-08-19 16:45:00+00:00,2,1.7387991466016255,0.983541603169749,0.4425162689804789,2020-08-19 17:10:00+00:00,2020-08-19 17:30:00+00:00,1984.4,1994.356142857143,9.956142857142822,0.1666666666666666,True,65201,65202,3,1984.42,0.7595628415300252,5.9973024550529,0.3656034321954744,3.6469946766533528,1.0,tp1,2020,2020-08,2020-08-19,0.0301321510051225,0.9698678489948774,0.03-0.05R,5,2,2,1.0,8,2,2,1.0,0,0,0.0,0,0,0.0,True,True,True,False,False,5,3,8,3,True,13,Wednesday,ny_main,bull,0.808,high,below,below,0.5609104633608286,0.0177353342428372,-1.7594105179421742,-2.1626620613646894,True,value_high_half,mid_volume,False,True,0.3008193075344627,0.6557377049180327,False,False,,True,True,False,False,True,False,True,False,False,False,False,True,True,True,True,False,False,True,True,True,True,False,True,False,False,False,False,False,True,False,False,False,True,False,True,False,False,False,True,True,True,True,True
3390,15min,m15_2c_1atr,demand,1960.69,1957.42,2020-08-31 12:30:00+00:00,2020-08-31 11:15:00+00:00,2020-08-31 11:30:00+00:00,2020-08-31 12:15:00+00:00,4,2.0224801916344,0.8435599778883317,0.1804281345565509,2020-08-31 15:25:00+00:00,2020-08-31 15:45:00+00:00,1964.95,1956.9722857142856,7.977714285714228,2.9166666666666665,True,67388,67389,3,1964.95,0.5958549222798202,3.4420886755963336,0.3622591504906677,2.188596805386454,1.0,tp1,2020,2020-08,2020-08-31,0.0376047561062963,0.9623952438937036,0.03-0.05R,2,2,2,1.0,5,3,2,1.0,2,1,1.0,2,1,1.0,True,True,True,True,True,6,6,9,7,True,11,Monday,london_ny_overlap,bull,0.48,mid,above,above,1.0524642289348003,0.7407407407407075,0.6879074208296629,0.8164486789376,True,below_value,mid_volume,False,False,-1.403284148699952,0.5227272727272727,False,False,,True,True,True,True,False,False,True,False,False,False,False,True,True,False,False,True,True,True,True,True,True,True,True,False,False,False,False,False,False,True,False,False,True,False,True,True,True,False,True,True,True,True,True
3394,15min,m15_2c_1atr,demand,1965.85,1960.22,2020-08-31 16:00:00+00:00,2020-08-31 15:15:00+00:00,2020-08-31 15:30:00+00:00,2020-08-31 15:45:00+00:00,2,2.082670906200305,1.790143084260695,0.7939609236234674,2020-08-31 17:35:00+00:00,2020-08-31 18:15:00+00:00,1967.77,1959.5384285714283,8.231571428571442,1.5833333333333333,True,67418,67419,7,1967.77,0.4498381877022361,2.993353117786925,0.430051543708018,0.950000867739183,1.0,tp1,2020,2020-08,2020-08-31,0.036445046076951,0.9635549539230488,0.03-0.05R,8,4,2,1.0,9,4,2,1.0,3,1,0.8987566607460127,3,1,0.8987566607460127,True,True,True,True,True,14,7,15,7,True,14,Monday,ny_main,bull,0.843,high,above,above,0.6356652949245449,0.3325942350332601,0.013021887670693,0.0937979520449206,True,below_value,mid_volume,False,True,-0.8765033581506905,0.5909090909090909,False,False,,True,True,True,True,False,False,True,False,False,False,False,False,False,False,False,True,True,True,True,True,True,True,True,False,False,False,False,False,False,True,False,False,False,False,True,True,False,True,True,True,True,True,True
3433,15min,m15_2c_1atr,demand,1931.51,1927.3,2020-09-03 15:00:00+00:00,2020-09-03 14:15:00+00:00,2020-09-03 14:30:00+00:00,2020-09-03 14:45:00+00:00,2,2.228906823184144,1.441428222059192,0.2399049881235112,2020-09-03 15:15:00+00:00,2020-09-03 15:25:00+00:00,1934.7,1926.795,7.9050000000002,0.25,True,68212,68213,1,1934.62,0.8140043763675824,1.4180898165717588,1.6356736242883918,-1.0385831752055443,1.0,tp1,2020,2020-09,2020-09-03,0.0379506641366214,0.9620493358633786,0.03-0.05R,3,3,2,0.9049881235154188,7,4,2,0.9049881235154188,0,0,0.0,13,4,1.0,True,True,True,False,True,3,3,33,7,True,11,Thursday,london_ny_overlap,bear,0.528,mid,above,above,0.9514563106795904,0.7495682210708023,0.3920735521486002,0.1190475269802888,True,below_value,mid_volume,False,True,-1.6249209361163444,0.5121951219512195,True,True,0.633530183727032,True,True,True,True,False,False,True,False,False,True,True,True,True,True,True,False,True,True,True,True,True,False,True,False,False,False,False,False,False,True,False,True,False,False,True,True,True,False,True,True,True,True,False
3552,15min,m15_2c_1atr,supply,1973.13,1965.87,2020-09-16 16:45:00+00:00,2020-09-16 16:00:00+00:00,2020-09-16 16:15:00+00:00,2020-09-16 16:30:00+00:00,2,1.6359550561797511,2.0764044943820443,0.4077134986225822,2020-09-16 16:45:00+00:00,2020-09-16 16:50:00+00:00,1965.13,1973.698285714286,8.568285714285821,0.0,True,70665,70666,0,1965.12,0.0833333333332585,3.769715562372845,0.5882156790823186,2.34819433792389,1.0,tp1,2020,2020-09,2020-09-16,0.0350128380406144,0.9649871619593856,0.03-0.05R,2,2,2,0.2878787878787679,8,3,2,0.6652892561983171,5,4,0.7837465564738132,19,4,0.8292011019283786,True,True,True,True,True,12,6,46,7,True,12,Wednesday,ny_main,bull,0.886,high,below,below,0.7891554515310613,0.2765957446808421,-0.7750794700888055,-0.5929561223735588,True,above_value,mid_volume,False,False,1.9548834572676403,0.28,True,True,0.0861573808156228,True,True,True,False,True,False,True,False,False,True,True,True,False,False,False,True,True,True,True,True,True,False,True,False,False,False,False,False,False,False,True,True,False,True,True,False,False,False,True,True,True,True,False
3606,15min,m15_2c_1atr,demand,1903.3,1894.57,2020-09-22 11:30:00+00:00,2020-09-22 10:30:00+00:00,2020-09-22 10:45:00+00:00,2020-09-22 11:15:00+00:00,3,1.807065217391307,1.8451086956521905,0.6025200458190126,2020-09-22 11:40:00+00:00,2020-09-22 12:00:00+00:00,1903.71,1894.086857142857,9.623142857142966,0.1666666666666666,True,71711,71712,3,1903.71,0.95819935691322,1.4496303553932368,1.1243727917816977,-1.630444464237985,1.0,tp1,2020,2020-09,2020-09-22,0.0311748463525426,0.9688251536474574,0.03-0.05R,4,3,2,1.0,4,3,2,1.0,1,1,1.0,5,4,1.0,True,True,True,True,True,6,5,14,7,True,8,Tuesday,london_ny_overlap,bear,0.928,high,inside,inside,0.6612879565791453,0.5,0.0803270511423891,-0.3887920495936349,True,below_value,mid_volume,True,True,-0.3444820521956017,0.3181818181818182,True,True,0.3686996547756033,True,True,True,True,False,False,True,False,False,False,False,True,True,True,True,True,True,True,True,True,True,False,False,False,True,False,False,False,False,True,False,True,False,False,True,False,False,False,True,True,True,True,True
3607,15min,m15_2c_1atr,demand,1908.66,1904.37,2020-09-22 16:00:00+00:00,2020-09-22 15:15:00+00:00,2020-09-22 15:30:00+00:00,2020-09-22 15:45:00+00:00,2,1.6109758796193887,1.3290551006860434,0.3822843822843356,2020-09-22 16:50:00+00:00,2020-09-22 17:05:00+00:00,1910.34,1903.7164285714284,6.623571428571495,0.8333333333333334,True,71772,71773,2,1910.35,0.8970873786407396,0.8847190768899058,1.0885366116682444,-5.993745282001423,-1.0,stop,2020,2020-09,2020-09-22,0.0452927855063081,-1.045292785506308,0.03-0.05R,8,4,2,1.0,8,4,2,1.0,2,1,1.0,10,4,1.0,True,True,True,True,True,12,7,28,7,False,13,Tuesday,ny_main,bear,0.894,high,above,above,0.7069154774972595,0.9153318077803194,0.5432922825578236,0.9390399455167596,True,value_low_half,hvn,False,True,-0.7148711312412501,0.9859154929577464,True,True,0.3038438071995063,True,True,False,True,False,False,True,False,False,False,True,True,True,True,True,True,True,True,True,True,True,False,True,False,False,False,True,True,False,False,False,True,False,False,True,False,False,False,True,True,True,True,False
3608,15min,m15_2c_1atr,supply,1917.66,1911.92,2020-09-22 17:00:00+00:00,2020-09-22 16:00:00+00:00,2020-09-22 16:15:00+00:00,2020-09-22 16:45:00+00:00,3,2.42576644850152,1.3840854288666822,0.6045296167247425,2020-09-22 17:05:00+00:00,2020-09-22 17:35:00+00:00,1909.5,1918.4555714285716,8.955571428571602,0.0833333333333333,True,71778,71779,5,1909.5,0.663461538461531,5.008055639745303,0.1719599929812174,4.715500327011029,1.0,tp1,2020,2020-09,2020-09-22,0.0334986999314067,0.9665013000685932,0.03-0.05R,8,4,2,1.0,8,4,2,1.0,1,1,0.7508710801393621,4,3,0.7508710801393621,True,True,True,True,True,10,5,16,7,True,13,Tuesday,ny_main,bear,0.958,high,inside,inside,0.601628186307221,0.0501319261213659,-1.019621326558766,-0.8349358747062385,True,above_value,hvn,False,True,0.3952846591905958,0.7605633802816901,False,False,,False,True,True,False,True,False,True,False,False,False,False,False,True,True,False,True,True,True,True,True,True,True,False,False,True,False,True,False,False,False,True,False,False,False,True,True,False,False,True,True,True,True,False
3653,15min,m15_2c_1atr,demand,1863.55,1852.41,2020-09-25 17:45:00+00:00,2020-09-25 17:00:00+00:00,2020-09-25 17:15:00+00:00,2020-09-25 17:30:00+00:00,2,1.7903485254691696,2.0906166219838993,0.7800718132854716,2020-09-25 17:45:00+00:00,2020-09-25 17:50:00+00:00,1864.57,1851.729857142857,12.84014285714261,0.0,True,72609,72610,0,1864.42,0.178010471204257,0.1697800425006479,1.259331783135491,0.6627652117800323,-1.0,stop,2020,2020-09,2020-09-25,0.0233642260321985,-1.023364226032199,<=0.03R,13,4,2,0.7710951526032535,23,4,2,0.7710951526032535,3,1,0.8500897666068344,3,1,0.8500897666068344,True,True,True,True,True,19,7,29,7,False,13,Friday,ny_main,bear,0.902,high,inside,below,1.3037057295227634,0.2074927953890552,0.2456352692479437,0.1439257907737707,True,below_value,mid_volume,False,True,-0.9945372214372514,0.2916666666666667,False,False,,False,True,True,True,False,True,True,True,False,True,True,True,False,False,False,True,True,True,True,True,True,False,False,False,True,False,False,False,False,True,False,False,False,True,True,False,False,True,True,True,True,True,False
3714,15min,m15_2c_1atr,demand,1901.37,1897.06,2020-10-01 15:45:00+00:00,2020-10-01 15:00:00+00:00,2020-10-01 15:15:00+00:00,2020-10-01 15:30:00+00:00,2,2.6209233375688683,1.2778483693350104,0.4617169373549963,2020-10-01 16:20:00+00:00,2020-10-01 16:35:00+00:00,1904.88,1896.5384285714283,8.34157142857157,0.5833333333333334,True,73698,73699,2,1904.85,0.6354166666666675,0.2169854943398709,1.0369748762651712,0.1198814885855676,-1.0,stop,2020,2020-10,2020-10-01,0.0359644465756703,-1.0359644465756703,0.03-0.05R,4,3,2,0.6264501160092992,4,3,2,0.6264501160092992,1,1,0.2691415313225282,2,1,1.0,True,True,True,True,True,6,5,8,7,False,12,Thursday,ny_main,bull,0.754,high,above,above,0.3781683626272067,0.6713286713286495,0.5354513589972432,1.241671041473804,True,value_high_half,mid_volume,False,True,0.3554486136561983,0.5454545454545454,False,False,,True,True,True,True,False,False,True,False,False,False,True,True,True,True,False,True,True,True,True,True,True,True,True,False,False,False,False,False,True,False,False,False,False,False,True,True,False,False,True,True,True,True,False
3726,15min,m15_2c_1atr,supply,1911.87,1907.49,2020-10-02 16:30:00+00:00,2020-10-02 15:45:00+00:00,2020-10-02 16:00:00+00:00,2020-10-02 16:15:00+00:00,2,2.3139580862000444,1.212336892052158,0.6917808219178206,2020-10-02 18:10:00+00:00,2020-10-02 18:35:00+00:00,1906.12,1912.3914285714284,6.271428571428487,1.6666666666666667,True,73997,73998,4,1906.18,0.8999999999999598,3.0471526195900025,1.3043280182232624,-1.6455580865604127,1.0,tp1,2020,2020-10,2020-10-02,0.0478359908883833,0.9521640091116168,0.03-0.05R,9,3,2,1.0,11,4,2,1.0,5,4,1.0,6,4,1.0,True,True,True,True,True,19,7,23,7,True,14,Friday,ny_main,bull,0.984,high,below,below,0.6640316205533662,0.1474820143884792,-0.4207262600803517,-0.5409608353558089,True,value_high_half,hvn,True,True,0.2280182232346011,0.7924528301886793,False,False,,True,True,False,False,True,False,True,False,False,False,False,False,True,True,True,True,True,True,True,True,True,False,True,False,False,False,True,False,True,False,False,False,False,False,True,True,False,True,True,True,True,True,False
3748,15min,m15_2c_1atr,demand,1919.08,1913.6,2020-10-06 16:15:00+00:00,2020-10-06 15:30:00+00:00,2020-10-06 15:45:00+00:00,2020-10-06 16:00:00+00:00,2,1.5905870445344352,1.941295546558734,0.70255474452557,2020-10-06 16:15:00+00:00,2020-10-06 16:35:00+00:00,1920.03,1913.1845714285712,6.845428571428556,0.0,True,74525,74526,3,1920.1,0.3756906077347903,0.0730414458032473,1.1233774364539526,-5.280896531574766,-1.0,stop,2020,2020-10,2020-10-06,0.0438248674819484,-1.0438248674819484,0.03-0.05R,1,1,1,1.0,1,1,1,1.0,4,4,0.1788321167883239,9,4,0.5054744525547396,True,True,True,True,True,9,5,19,5,False,12,Tuesday,ny_main,bull,0.712,high,above,above,0.6369545032497842,0.2127071823204434,0.4192550649728326,1.0297660082939015,True,above_value,mid_volume,False,True,0.4513961350640568,0.6206896551724138,True,True,0.2361195851128741,True,True,False,True,False,False,True,False,False,False,False,True,False,False,False,True,True,True,True,True,True,True,True,False,False,False,False,False,False,False,True,True,False,False,True,False,False,True,True,True,True,True,False
3764,15min,m15_2c_1atr,supply,1891.78,1886.62,2020-10-07 16:30:00+00:00,2020-10-07 15:30:00+00:00,2020-10-07 15:45:00+00:00,2020-10-07 16:15:00+00:00,3,1.6841657810839874,1.5353878852285137,0.9748062015503668,2020-10-07 16:30:00+00:00,2020-10-07 16:40:00+00:00,1885.01,1892.2982857142856,7.288285714285621,0.0,True,74802,74803,1,1885.02,0.6111111111111007,0.8054020149751021,1.1374416872476476,-0.0782076914030264,-1.0,stop,2020,2020-10,2020-10-07,0.0411619428437027,-1.041161942843703,0.03-0.05R,5,2,1,1.0,14,4,2,1.0,1,1,1.0,6,4,1.0,True,True,True,True,True,7,5,26,7,False,12,Wednesday,ny_main,bear,0.756,high,below,below,0.699724517906327,0.2868462757527929,-0.6339074051869507,-0.7366622121822769,True,value_high_half,hvn,True,True,0.198949390411205,0.8924731182795699,True,False,0.3454133635334149,True,True,True,False,True,False,True,False,False,True,True,True,True,True,False,True,True,True,True,True,True,True,True,False,False,False,True,False,True,False,False,False,False,False,True,False,False,True,True,True,True,True,False
3866,15min,m15_2c_1atr,supply,1912.96,1908.52,2020-10-16 15:45:00+00:00,2020-10-16 15:00:00+00:00,2020-10-16 15:15:00+00:00,2020-10-16 15:30:00+00:00,2,1.9120370370370636,1.7986111111111478,0.7725225225224761,2020-10-16 15:45:00+00:00,2020-10-16 15:50:00+00:00,1906.81,1913.3707142857145,6.560714285714312,0.0,True,76724,76725,0,1906.98,0.4220532319391444,1.4952640174196918,1.0349482852476768,-0.3902014153511061,1.0,tp1,2020,2020-10,2020-10-16,0.0457267283614587,0.9542732716385413,0.03-0.05R,6,3,2,0.6666666666666666,10,3,2,0.9932432432432494,1,1,0.9932432432432494,5,1,1.0,True,True,True,True,True,8,5,20,7,True,11,Friday,london_ny_overlap,bull,0.676,high,inside,inside,1.131004366812252,0.4570707070707465,-0.7927371323741528,-0.7272176108468418,True,value_high_half,mid_volume,False,True,0.6081654872074024,0.4318181818181818,True,False,0.392993145468396,True,True,True,False,True,False,True,False,False,True,True,True,False,False,False,True,True,True,True,True,True,False,False,False,True,False,False,False,True,False,False,False,False,False,True,False,False,True,True,True,True,True,False
3875,15min,m15_2c_1atr,supply,1916.79,1912.04,2020-10-19 16:00:00+00:00,2020-10-19 15:00:00+00:00,2020-10-19 15:15:00+00:00,2020-10-19 15:45:00+00:00,3,1.8605754968851904,1.9727083951349595,0.8631578947368229,2020-10-19 16:00:00+00:00,2020-10-19 16:05:00+00:00,1910.96,1917.2014285714288,6.241428571428514,0.0,True,77003,77004,0,1910.96,0.529411764705788,2.6260013733120107,0.2146944380865075,1.474021515220895,1.0,tp1,2020,2020-10,2020-10-19,0.0480659189745941,0.9519340810254058,0.03-0.05R,1,1,1,1.0,9,3,2,1.0,0,0,0.0,5,1,1.0,True,True,True,False,True,1,1,19,7,True,12,Monday,ny_main,bull,0.638,mid,below,below,1.1025565677342783,0.19999999999993,-0.8111730285165926,-0.4184396886487759,True,value_high_half,lvn,False,True,0.8275349050125904,0.1707317073170731,True,False,0.392993145468396,True,True,True,False,True,False,True,False,False,True,True,True,True,False,False,False,True,True,True,False,True,False,True,False,False,True,False,False,True,False,False,False,False,False,True,False,False,True,True,True,True,True,False
4024,15min,m15_2c_1atr,demand,1901.11,1899.96,2020-11-03 15:30:00+00:00,2020-11-03 14:45:00+00:00,2020-11-03 15:00:00+00:00,2020-11-03 15:15:00+00:00,2,2.5962974991880676,0.5228970444949045,0.3391304347827359,2020-11-03 16:55:00+00:00,2020-11-03 17:05:00+00:00,1906.75,1899.4894285714288,7.2605714285714384,1.4166666666666667,True,80036,80037,1,1906.76,0.9261447562776955,1.3318510939713604,3.452896269478973,-1.0811821186840722,1.0,tp1,2020,2020-11,2020-11-03,0.0413190618605382,0.9586809381394618,0.03-0.05R,1,1,1,1.0,1,1,1,1.0,0,0,0.0,20,4,1.0,True,True,True,False,True,1,1,41,5,True,12,Tuesday,ny_main,bull,0.86,high,above,above,0.960053262316901,0.6928020565552853,0.5318265780817911,1.1867223865252197,True,above_value,hvn,False,False,1.003364552180051,0.8095238095238095,True,True,0.2182786157941271,True,False,True,True,False,False,True,False,False,True,True,True,True,True,True,False,True,True,True,False,True,True,True,False,False,False,True,False,False,False,True,True,True,False,True,True,True,False,True,True,True,True,False
4103,15min,m15_2c_1atr,supply,1877.33,1873.68,2020-11-11 14:30:00+00:00,2020-11-11 13:45:00+00:00,2020-11-11 14:00:00+00:00,2020-11-11 14:15:00+00:00,2,1.5288461538461458,1.1698717948717494,0.8383561643835781,2020-11-11 14:55:00+00:00,2020-11-11 15:00:00+00:00,1870.75,1877.7164285714284,6.966428571428423,0.4166666666666667,True,81667,81668,0,1870.74,0.7759740259740768,2.0527017328002013,1.2962165487542532,-0.897159848251839,1.0,tp1,2020,2020-11,2020-11-11,0.0430636727160882,0.9569363272839118,0.03-0.05R,3,2,2,1.0,5,2,2,1.0,0,0,0.0,4,2,0.931506849315066,True,True,True,False,True,3,3,13,7,True,10,Wednesday,london_ny_overlap,bear,0.492,mid,inside,inside,2.485951174573924,0.8746438746438587,-0.1075705952863777,-0.7215284002796194,True,below_value,mid_volume,True,True,-0.2504870296318978,0.3666666666666666,False,False,,True,True,False,False,True,False,True,False,False,True,True,True,True,True,True,False,True,True,True,True,True,True,False,False,True,False,False,False,False,True,False,False,False,False,True,False,False,True,True,True,True,True,True
4294,15min,m15_2c_1atr,demand,1816.5,1813.85,2020-12-02 10:45:00+00:00,2020-12-02 10:00:00+00:00,2020-12-02 10:15:00+00:00,2020-12-02 10:30:00+00:00,2,3.8013495276654337,1.001349527665365,0.626415094339632,2020-12-02 14:45:00+00:00,2020-12-02 15:05:00+00:00,1821.68,1813.427,8.253000000000156,4.0,True,85722,85723,3,1821.65,0.5064935064935001,0.5549497152550394,1.078395734884275,2.2028353326062633,-1.0,stop,2020,2020-12,2020-12-02,0.0363504180298066,-1.0363504180298069,0.03-0.05R,3,3,2,1.0,5,4,2,1.0,0,0,0.0,0,0,0.0,True,True,True,False,False,3,3,5,3,False,10,Wednesday,london_ny_overlap,bull,0.804,high,inside,inside,1.3651771956856744,0.8691588785046678,0.2144976057106161,0.3852143563627423,True,value_high_half,hvn,False,True,0.2938325457409316,0.7592592592592593,False,False,,True,True,True,True,False,False,True,False,False,False,False,True,True,False,False,False,False,True,True,True,True,True,False,False,True,False,True,False,True,False,False,False,False,False,True,True,False,False,True,True,True,True,False
4298,15min,m15_2c_1atr,supply,1824.97,1819.62,2020-12-02 15:45:00+00:00,2020-12-02 15:00:00+00:00,2020-12-02 15:15:00+00:00,2020-12-02 15:30:00+00:00,2,1.6619772595875937,1.4434380420119697,0.7084112149532462,2020-12-02 16:00:00+00:00,2020-12-02 16:10:00+00:00,1818.34,1825.5247142857145,7.184714285714335,0.25,True,85735,85736,1,1818.35,0.6714285714286213,0.6235460203209177,1.1997693515996344,-2.2687053864354976,-1.0,stop,2020,2020-12,2020-12-02,0.0417553138607755,-1.0417553138607756,0.03-0.05R,1,1,1,1.0,1,1,1,1.0,2,2,0.1831775700934566,4,2,0.1831775700934566,True,True,True,True,True,5,5,9,5,False,11,Wednesday,london_ny_overlap,bull,0.898,high,below,below,1.1653513716647987,0.7001934235976788,-0.3005218176758241,-0.6127564822685216,True,above_value,lvn,False,False,1.3285149026703529,0.1851851851851851,True,False,0.1088785046729039,True,True,True,False,True,False,True,False,False,True,True,True,True,True,False,True,True,True,True,True,True,False,True,False,False,True,False,False,False,False,True,False,False,False,True,False,False,True,True,True,True,True,False
4311,15min,m15_2c_1atr,supply,1843.94,1841.78,2020-12-03 15:15:00+00:00,2020-12-03 14:30:00+00:00,2020-12-03 14:45:00+00:00,2020-12-03 15:00:00+00:00,2,1.875881523272236,0.8530324400564597,0.0648148148148586,2020-12-03 16:15:00+00:00,2020-12-03 16:35:00+00:00,1837.21,1844.5128571428572,7.302857142857192,1.0,True,86016,86017,3,1837.21,0.7369668246445213,1.8431142410015575,1.0393192488262728,0.3053599374021913,1.0,tp1,2020,2020-12,2020-12-03,0.0410798122065724,0.9589201877934276,0.03-0.05R,2,2,2,0.620370370370309,2,2,2,0.620370370370309,1,1,0.3796296296295858,1,1,0.3796296296295858,True,True,True,True,True,4,4,4,4,True,11,Thursday,london_ny_overlap,bull,0.861,high,below,below,0.5826558265582302,0.2391608391608412,-0.8163378561727094,-0.8950014092111755,True,value_high_half,mid_volume,False,True,0.3573943661971981,0.5081967213114754,False,False,,False,False,True,False,True,False,True,False,False,False,False,True,True,True,True,True,True,True,True,True,True,False,True,False,False,False,False,False,True,False,False,False,True,False,True,False,True,False,True,True,True,True,False
4357,15min,m15_2c_1atr,demand,1866.29,1861.76,2020-12-08 15:45:00+00:00,2020-12-08 15:00:00+00:00,2020-12-08 15:15:00+00:00,2020-12-08 15:30:00+00:00,2,2.817156862745114,1.5544117647058748,0.8520971302428588,2020-12-08 15:55:00+00:00,2020-12-08 16:10:00+00:00,1868.93,1861.124142857143,7.805857142857121,0.1666666666666666,True,86839,86840,2,1868.93,0.5343511450381785,0.814772789663429,1.0094983620358506,-3.373108105634992,-1.0,stop,2020,2020-12,2020-12-08,0.0384326787577095,-1.0384326787577096,0.03-0.05R,9,3,2,0.8984547461368567,9,3,2,0.8984547461368567,1,1,0.8322295805739525,15,4,1.0,True,True,True,True,True,11,5,39,7,False,11,Tuesday,london_ny_overlap,bull,0.854,high,above,above,0.8470726453886608,0.8894830659536717,0.9934776650151396,1.2673125846209363,True,value_low_half,hvn,True,True,-0.0288245090682704,1.0,False,False,,True,True,True,True,False,False,True,False,False,False,True,True,True,False,False,True,True,True,True,True,True,True,True,False,False,False,True,True,False,False,False,False,False,False,True,True,False,True,True,True,True,True,False
4358,15min,m15_2c_1atr,demand,1872.62,1864.35,2020-12-08 16:30:00+00:00,2020-12-08 15:45:00+00:00,2020-12-08 16:00:00+00:00,2020-12-08 16:15:00+00:00,2,1.7067233384853022,2.236862442040181,0.6469165659008369,2020-12-08 16:30:00+00:00,2020-12-08 16:45:00+00:00,1874.25,1863.793857142857,10.45614285714305,0.0,True,86846,86847,2,1874.2,0.6794117647058481,0.0994630634076976,1.1667782438211134,-2.6386403071331395,-1.0,stop,2020,2020-12,2020-12-08,0.028691268290683,-1.028691268290683,<=0.03R,8,4,2,1.0,8,4,2,1.0,1,1,0.1426844014510358,20,4,0.9818621523579092,True,True,True,True,True,10,5,48,7,False,11,Tuesday,london_ny_overlap,bull,0.906,high,above,above,0.7588142431152259,0.1338842975206531,0.2465526153173184,0.7920576010140437,True,above_value,mid_volume,False,True,0.4050250707034655,0.711864406779661,True,False,0.2795527156549525,True,True,True,True,False,True,True,True,False,False,True,True,True,True,False,True,True,True,True,True,True,True,True,False,False,False,False,False,False,False,True,False,False,True,True,False,False,False,True,True,True,True,True
4498,15min,m15_2c_1atr,demand,1875.46,1871.06,2020-12-22 15:30:00+00:00,2020-12-22 14:45:00+00:00,2020-12-22 15:00:00+00:00,2020-12-22 15:15:00+00:00,2,1.544855259386613,1.765548867870493,0.4499999999999948,2020-12-22 15:30:00+00:00,2020-12-22 15:35:00+00:00,1876.9,1870.7045714285712,6.1954285714286925,0.0,True,89592,89593,0,1876.89,0.0975609756098295,0.7424829367275119,1.0766002582549252,-0.3486441615938083,-1.0,stop,2020,2020-12,2020-12-22,0.0484228002213604,-1.0484228002213605,0.03-0.05R,6,3,2,1.0,16,4,2,1.0,1,1,0.3477272727272593,8,4,0.8113636363636051,True,True,True,True,True,8,5,32,7,False,10,Tuesday,london_ny_overlap,bear,0.55,mid,above,above,1.2608326253185518,0.5676470588235041,0.8943749120614083,1.2961232253298447,True,below_value,mid_volume,False,True,-1.2089559121933,0.5263157894736842,True,False,0.3742432581177772,True,True,False,True,False,False,True,False,False,True,True,True,False,False,False,True,True,True,True,True,True,False,True,False,False,False,False,False,False,True,False,False,False,False,True,False,False,False,True,True,True,True,False
4514,15min,m15_2c_1atr,demand,1870.66,1867.15,2020-12-23 17:00:00+00:00,2020-12-23 16:15:00+00:00,2020-12-23 16:30:00+00:00,2020-12-23 16:45:00+00:00,2,2.4566988819404845,0.931210915292774,0.2905982905982862,2020-12-23 17:20:00+00:00,2020-12-23 17:35:00+00:00,1874.62,1866.603285714286,8.016714285713988,0.3333333333333333,True,89892,89893,2,1874.62,0.5049833887043145,0.7359623643459589,0.6349234634781038,0.4752570522302012,0.4752570522302012,time,2020,2020-12,2020-12-23,0.0374218151362346,0.4378352370939666,0.03-0.05R,5,4,2,1.0,15,4,2,1.0,1,1,0.1168091168091404,4,2,1.0,True,True,True,True,True,7,5,23,7,True,12,Wednesday,ny_main,bear,0.818,high,above,above,2.0993389990557167,0.9969969969969996,0.9217892966854152,1.69691251750244,True,value_high_half,hvn,False,True,0.3311830639557013,0.7692307692307693,False,False,,True,True,True,True,False,False,True,False,False,False,True,True,True,False,False,True,True,True,True,True,True,False,True,False,False,False,True,False,True,False,False,False,True,False,True,True,True,False,True,True,True,True,False
4565,15min,m15_2c_1atr,demand,1880.52,1876.09,2020-12-30 15:45:00+00:00,2020-12-30 15:00:00+00:00,2020-12-30 15:15:00+00:00,2020-12-30 15:30:00+00:00,2,2.042898927526802,2.0155996100097653,0.4808126410835391,2020-12-30 16:20:00+00:00,2020-12-30 16:35:00+00:00,1882.74,1875.690857142857,7.049142857142897,0.5833333333333334,True,90944,90945,2,1882.72,0.5714285714285405,2.469803826199738,0.2723735408560399,2.4655479896238344,1.0,tp1,2020,2020-12,2020-12-30,0.0425583657587546,0.9574416342412454,0.03-0.05R,14,4,2,1.0,37,4,2,1.0,9,4,0.7787810383747169,21,4,0.7787810383747169,True,True,True,True,True,32,7,79,7,True,11,Wednesday,london_ny_overlap,bull,0.744,high,above,above,0.8954533778576899,0.819444444444426,0.673589932248269,1.004714246785718,True,value_high_half,hvn,True,True,0.0078023670557484,1.0,True,False,0.3742432581177772,True,True,True,True,False,False,True,False,False,False,True,True,True,False,False,True,True,True,True,True,True,True,True,False,False,False,True,False,True,False,False,False,False,True,True,True,False,False,True,True,True,True,False
4584,15min,m15_2c_1atr,demand,1896.99,1891.74,2020-12-31 17:30:00+00:00,2020-12-31 16:45:00+00:00,2020-12-31 17:00:00+00:00,2020-12-31 17:15:00+00:00,2,1.966942148760257,2.094613850099735,0.659047619047626,2020-12-31 17:45:00+00:00,2020-12-31 17:55:00+00:00,1897.92,1891.325142857143,6.594857142857109,0.25,True,91236,91237,1,1897.89,0.606741573033804,0.3760506022008538,1.085694480547631,6.380729572827334,-1.0,stop,2020,2020-12,2020-12-31,0.0454899922017158,-1.0454899922017158,0.03-0.05R,9,3,2,0.55619047619049,10,3,2,0.55619047619049,5,3,0.6799999999999878,7,3,0.6799999999999878,True,True,True,True,True,19,7,24,7,False,12,Thursday,ny_main,bull,0.788,high,above,above,0.7682704811443888,0.6878612716762592,0.6165265515386409,1.0386557614821057,True,value_low_half,hvn,True,True,-0.3616454380036397,0.9117647058823528,False,False,,True,True,False,True,False,False,True,False,False,True,True,True,True,True,False,True,True,True,True,True,True,True,True,False,False,False,True,True,False,False,False,False,False,True,True,False,False,True,True,True,True,True,False
4598,15min,m15_2c_1atr,demand,1934.32,1931.33,2021-01-04 15:30:00+00:00,2021-01-04 14:30:00+00:00,2021-01-04 14:45:00+00:00,2021-01-04 15:15:00+00:00,3,1.8224852071005917,0.9907692307692338,0.5919732441471494,2021-01-04 17:10:00+00:00,2021-01-04 17:40:00+00:00,1940.04,1930.6794285714284,9.360571428571577,1.6666666666666667,True,91509,91510,5,1940.04,0.8465266558966015,1.3396618033086864,0.7884134057749582,0.9304987485501388,1.0,tp1,2021,2021-01,2021-01-04,0.0320493254380069,0.967950674561993,0.03-0.05R,6,4,2,1.0,6,4,2,1.0,1,1,1.0,1,1,1.0,True,True,True,True,True,8,5,8,5,True,12,Monday,ny_main,bull,0.998,high,above,above,0.7069591289253124,0.9458204334365468,0.4845487388931264,0.8936300403522524,True,value_low_half,hvn,True,True,-0.0988187534338741,0.972972972972973,False,False,,True,True,True,True,False,False,True,False,False,False,False,False,True,True,True,True,True,True,True,True,True,True,True,False,False,False,True,True,False,False,False,False,True,False,True,False,False,False,True,True,True,True,False
4681,15min,m15_2c_1atr,demand,1855.4,1849.68,2021-01-13 15:45:00+00:00,2021-01-13 15:00:00+00:00,2021-01-13 15:15:00+00:00,2021-01-13 15:30:00+00:00,2,2.1681005956320405,1.7666004853298238,0.4895104895104792,2021-01-13 16:25:00+00:00,2021-01-13 16:50:00+00:00,1857.52,1849.13,8.389999999999873,0.6666666666666666,True,93431,93432,4,1857.58,0.8175438596491234,0.3337306317044096,1.2562574493444725,-1.181168057210993,-1.0,stop,2021,2021-01,2021-01-13,0.0357568533969016,-1.0357568533969015,0.03-0.05R,6,3,2,0.9720279720279976,14,4,2,0.9720279720279976,0,0,0.0,3,2,0.5034965034964805,True,True,True,False,True,6,3,20,7,False,11,Wednesday,london_ny_overlap,bear,0.696,high,above,above,0.8631797713889718,0.794326241134744,0.6857568866412493,0.7503880773728889,True,value_low_half,mid_volume,False,True,-0.3825983313468516,0.7254901960784313,False,False,,True,True,True,True,False,False,True,False,False,False,False,False,True,True,True,False,True,True,True,True,True,False,True,False,False,False,False,True,False,False,False,False,False,False,True,True,False,False,True,True,True,True,False
4697,15min,m15_2c_1atr,demand,1843.74,1837.51,2021-01-14 16:15:00+00:00,2021-01-14 15:30:00+00:00,2021-01-14 15:45:00+00:00,2021-01-14 16:00:00+00:00,2,1.6272371939929544,1.7942810121374124,0.1059390048153856,2021-01-14 16:15:00+00:00,2021-01-14 16:20:00+00:00,1844.39,1836.9671428571428,7.4228571428573105,0.0,True,93701,93702,0,1844.39,0.2056074766354455,1.7688606620476732,1.0319476520400186,-1.877983063895269,1.0,tp1,2021,2021-01,2021-01-14,0.0404157043879898,0.9595842956120102,0.03-0.05R,6,3,2,0.5987158908507235,18,4,2,0.6613162118780267,7,4,0.9550561797752856,7,4,0.9550561797752856,True,True,True,True,True,20,7,32,7,True,11,Thursday,london_ny_overlap,bear,0.66,mid,above,above,0.761495327102822,0.8464673913043309,1.4474635036348358,1.8075538908891444,True,value_high_half,hvn,True,True,0.0505196304849873,0.9814814814814816,True,False,0.3002028397565955,True,True,False,True,False,False,True,False,False,True,True,True,False,False,False,True,True,True,True,True,True,False,True,False,False,False,True,False,True,False,False,False,False,False,True,False,True,False,True,True,True,True,False
4762,15min,m15_2c_1atr,supply,1870.68,1866.44,2021-01-21 16:00:00+00:00,2021-01-21 15:15:00+00:00,2021-01-21 15:30:00+00:00,2021-01-21 15:45:00+00:00,2,2.5217200526546883,1.3023255813953538,0.2783018867924136,2021-01-21 16:20:00+00:00,2021-01-21 16:40:00+00:00,1864.88,1871.2652857142857,6.385285714285601,0.3333333333333333,True,95039,95040,3,1864.87,0.7151515151515636,0.6452334608587006,1.0367586191467002,1.9341342819429157,-1.0,stop,2021,2021-01,2021-01-21,0.0469830189945642,-1.046983018994564,0.03-0.05R,6,3,2,0.4033018867924605,6,3,2,0.4033018867924605,2,2,0.4457547169811547,5,3,0.7877358490565828,True,True,True,True,True,10,7,16,7,False,11,Thursday,london_ny_overlap,bull,0.82,high,below,below,0.4645061728394508,0.1757575757575561,-0.3634450460822677,-0.8758915845034992,True,value_high_half,hvn,True,True,0.0485491196277078,0.9761904761904762,False,False,,True,True,False,False,True,False,True,False,False,False,False,True,True,True,True,True,True,True,True,True,True,False,True,False,False,False,True,False,True,False,False,False,False,False,True,True,True,False,True,True,True,True,False
4807,15min,m15_2c_1atr,demand,1851.81,1848.38,2021-01-26 13:45:00+00:00,2021-01-26 12:45:00+00:00,2021-01-26 13:00:00+00:00,2021-01-26 13:30:00+00:00,3,2.0265379975874445,1.4481302774426392,0.5422740524781972,2021-01-26 16:45:00+00:00,2021-01-26 16:55:00+00:00,1857.94,1847.9357142857143,10.004285714285745,3.0,True,95870,95871,1,1857.93,0.8400000000000318,0.0159931457946448,1.0345566185920427,-0.8906183064401028,-1.0,stop,2021,2021-01,2021-01-26,0.0299871483649863,-1.0299871483649865,<=0.03R,8,4,2,1.0,21,4,2,1.0,7,4,1.0,15,4,1.0,True,True,True,True,True,22,7,51,7,False,11,Tuesday,london_ny_overlap,bear,0.832,high,above,above,1.0465116279069486,0.7738814993954177,0.14433048967678,0.3429497297474215,True,below_value,mid_volume,False,False,-0.5152791660716792,0.3448275862068966,True,True,0.2270714737507862,True,False,True,True,False,True,True,True,False,True,True,True,True,True,True,True,True,True,True,True,True,False,True,False,False,False,False,False,False,True,False,True,False,False,True,True,False,False,True,True,True,True,False
4824,15min,m15_2c_1atr,demand,1844.61,1831.93,2021-01-27 17:15:00+00:00,2021-01-27 16:30:00+00:00,2021-01-27 16:45:00+00:00,2021-01-27 17:00:00+00:00,2,2.118116740088098,2.4438325991189003,0.9227129337539588,2021-01-27 17:15:00+00:00,2021-01-27 17:25:00+00:00,1844.62,1831.1592857142855,13.460714285714175,0.0,True,96152,96153,1,1844.64,0.2941176470588956,1.4434598036614652,0.7882196869196063,0.7339877951711471,1.0,tp1,2021,2021-01,2021-01-27,0.022287078800743,0.9777129211992568,<=0.03R,2,1,1,0.2657728706624733,7,4,2,0.4447949526814016,0,0,0.0,24,4,0.8698738170347093,True,True,True,False,True,2,2,55,7,True,12,Wednesday,ny_main,bear,0.976,high,above,above,0.8330546265328787,0.9023136246786376,0.9547263023107304,0.8581986353369473,True,below_value,lvn,False,True,-0.667126558768911,0.1702127659574468,True,True,0.3002028397565955,True,True,True,True,False,True,True,True,False,True,True,True,False,False,False,False,True,True,True,False,True,False,True,False,False,True,False,False,False,True,False,True,False,True,True,True,False,True,True,True,True,True,False
4982,15min,m15_2c_1atr,demand,1820.76,1814.6,2021-02-12 17:45:00+00:00,2021-02-12 16:45:00+00:00,2021-02-12 17:00:00+00:00,2021-02-12 17:30:00+00:00,3,1.5363712374581893,1.8026755852842995,0.4594155844156034,2021-02-12 17:45:00+00:00,2021-02-12 17:50:00+00:00,1823.7,1814.0182857142856,9.681714285714406,0.0,True,99415,99416,0,1823.62,0.8770301624129515,0.721979578587019,0.7891164492710859,-0.35117747742431,-0.35117747742431,time,2021,2021-02,2021-02-12,0.0309862480080265,-0.3821637254323365,0.03-0.05R,8,3,2,1.0,17,4,2,1.0,1,1,0.2207792207792016,11,4,1.0,True,True,True,True,True,10,5,39,7,False,12,Friday,ny_main,bear,0.934,high,above,above,0.9713683470928712,0.7695852534562241,2.090933306698655,2.436455243803912,True,value_high_half,hvn,True,True,0.0960573688248653,0.9411764705882352,True,True,0.470779220779218,True,True,True,True,False,False,True,False,False,True,True,True,True,True,True,True,True,True,True,True,True,False,True,False,False,False,True,False,True,False,False,True,False,False,True,False,False,False,True,True,True,True,False
5077,15min,m15_2c_1atr,demand,1795.05,1790.25,2021-02-22 11:30:00+00:00,2021-02-22 10:15:00+00:00,2021-02-22 10:30:00+00:00,2021-02-22 11:15:00+00:00,4,1.8123590437528347,1.5155615696887648,0.6583333333333092,2021-02-22 13:55:00+00:00,2021-02-22 14:05:00+00:00,1796.79,1790.0528571428572,6.737142857142771,2.4166666666666665,True,100978,100979,1,1796.79,0.6798245614034292,2.8424512298558597,0.5002120441051641,1.891009329940653,1.0,tp1,2021,2021-02,2021-02-22,0.0445292620865145,0.9554707379134856,0.03-0.05R,4,3,2,1.0,12,3,2,1.0,0,0,0.0,4,4,0.3312499999999861,True,True,True,False,True,4,3,20,7,True,9,Monday,london_ny_overlap,bull,0.442,mid,inside,inside,1.68466666666662,0.7525773195876264,0.0867176401141326,0.7743055178372136,True,value_high_half,hvn,False,True,1.098388464800706,0.8108108108108109,True,True,0.6378977820636458,True,True,False,True,False,False,True,False,False,True,True,True,True,True,False,False,True,True,True,True,True,True,False,False,True,False,True,False,True,False,False,True,False,False,True,False,False,True,True,True,True,True,False
5124,15min,m15_2c_1atr,supply,1788.93,1779.79,2021-02-25 17:15:00+00:00,2021-02-25 16:30:00+00:00,2021-02-25 16:45:00+00:00,2021-02-25 17:00:00+00:00,2,2.19645293315142,1.7457025920873217,0.6225382932166293,2021-02-25 17:20:00+00:00,2021-02-25 17:25:00+00:00,1776.71,1789.6875714285716,12.977571428571537,0.0833333333333333,True,101846,101847,0,1776.68,0.4582392776523574,4.413768809924776,0.4939290864458308,4.1194148145701615,1.0,tp1,2021,2021-02,2021-02-25,0.0231168059179021,0.976883194082098,<=0.03R,4,4,2,0.4638949671772388,12,4,2,0.8687089715536069,0,0,0.0,1,1,0.0251641137855597,True,True,True,False,True,4,3,14,5,True,12,Thursday,ny_main,bear,0.984,high,below,below,0.9673956795920792,0.2002820874470891,-1.003345625945122,-1.7746447909556842,True,below_value,mid_volume,False,True,-1.0703081139988584,0.2769230769230769,False,False,,True,True,True,False,True,True,True,True,False,True,True,True,True,False,False,False,True,True,True,True,True,True,True,False,False,False,False,False,False,True,False,False,False,False,True,True,False,False,True,True,True,True,False
5135,15min,m15_2c_1atr,supply,1766.96,1762.83,2021-02-26 13:15:00+00:00,2021-02-26 12:30:00+00:00,2021-02-26 12:45:00+00:00,2021-02-26 13:00:00+00:00,2,1.649315068493134,1.1315068493150904,0.9661016949152308,2021-02-26 14:40:00+00:00,2021-02-26 14:50:00+00:00,1760.51,1767.321,6.811000000000149,1.4166666666666667,True,102091,102092,1,1760.5,0.945812807881822,6.351490236382182,0.9660842754367616,3.356335339891264,1.0,tp1,2021,2021-02,2021-02-26,0.0440463955366309,0.9559536044633692,0.03-0.05R,4,3,2,1.0,4,3,2,1.0,1,1,0.3341404358353687,1,1,0.3341404358353687,True,True,True,True,True,6,5,6,5,True,9,Friday,london_ny_overlap,bear,0.664,high,inside,inside,1.107575078440161,0.0742574257425636,-0.6911119883759738,-1.1405008640435703,True,value_low_half,mid_volume,False,True,-1.00646013801202,0.4347826086956521,False,False,,True,True,True,False,True,False,True,False,False,True,True,True,True,True,True,True,True,True,True,True,True,True,False,False,True,False,False,True,False,False,False,False,False,False,True,False,False,True,True,True,True,True,False
5254,15min,m15_2c_1atr,demand,1715.3,1711.84,2021-03-10 16:00:00+00:00,2021-03-10 15:15:00+00:00,2021-03-10 15:30:00+00:00,2021-03-10 15:45:00+00:00,2,2.4035674470457145,1.080044593088079,0.4942196531791961,2021-03-10 17:25:00+00:00,2021-03-10 17:45:00+00:00,1717.91,1711.3525714285713,6.557428571428773,1.4166666666666667,True,104331,104332,3,1717.9,0.6425702811245504,3.344298723367046,0.5078210099777868,0.8067186614962009,1.0,tp1,2021,2021-03,2021-03-10,0.0457496405385372,0.9542503594614627,0.03-0.05R,9,3,2,1.0,21,3,2,1.0,4,4,1.0,6,4,1.0,True,True,True,True,True,17,7,33,7,True,12,Wednesday,ny_main,bull,0.834,high,above,above,0.7468288444831016,0.9355932203389656,0.3631494334474799,0.709290157255833,True,value_high_half,mid_volume,True,True,0.125049017471992,0.5806451612903226,True,False,0.3965071151358258,True,True,True,True,False,False,True,False,False,False,False,True,True,True,False,True,True,True,True,True,True,True,True,False,False,False,False,False,True,False,False,False,False,False,True,True,False,False,True,True,True,True,True
5270,15min,m15_2c_1atr,supply,1737.03,1731.0,2021-03-11 15:45:00+00:00,2021-03-11 14:45:00+00:00,2021-03-11 15:00:00+00:00,2021-03-11 15:30:00+00:00,3,2.1496815286624296,1.9203821656050952,0.8076285240464578,2021-03-11 15:55:00+00:00,2021-03-11 16:00:00+00:00,1730.01,1737.4997142857142,7.489714285714172,0.1666666666666666,True,104586,104587,0,1730.02,0.1639344262295106,4.113641565575702,0.2016098268101033,3.0495155260548152,1.0,tp1,2021,2021-03,2021-03-11,0.0400549324788287,0.9599450675211711,0.03-0.05R,7,4,2,1.0,7,4,2,1.0,0,0,0.0,5,4,0.6815920398009815,True,True,True,False,True,7,3,17,7,True,11,Thursday,london_ny_overlap,bull,0.762,high,below,below,1.0157089706490332,0.4084084084083872,-0.5843265893704624,-0.9904290137817924,True,above_value,hvn,False,True,1.9713702601663363,0.9803921568627452,True,False,0.3039707895937881,True,True,True,False,True,False,True,False,False,True,True,True,False,False,False,False,True,True,True,True,True,False,True,False,False,False,True,False,False,False,True,False,False,False,True,True,False,True,True,True,True,True,True
5271,15min,m15_2c_1atr,supply,1732.52,1727.39,2021-03-11 16:30:00+00:00,2021-03-11 15:45:00+00:00,2021-03-11 16:00:00+00:00,2021-03-11 16:15:00+00:00,2,1.719838650531747,1.3168316831682982,0.1520467836257291,2021-03-11 17:55:00+00:00,2021-03-11 18:05:00+00:00,1723.21,1733.0117142857143,9.801714285714295,1.4166666666666667,True,104611,104612,1,1723.26,0.819852941176469,2.449571503527076,0.521337375386219,0.4448201480790657,1.0,tp1,2021,2021-03,2021-03-11,0.0306068909228705,0.9693931090771294,0.03-0.05R,10,4,2,1.0,10,4,2,1.0,2,2,0.4483430799220287,3,2,1.0,True,True,True,True,True,14,7,16,7,True,13,Thursday,ny_main,bull,0.95,high,below,below,0.7030042918454954,0.2102040816326436,-0.4539306062398163,-1.0903910653797244,True,value_high_half,mid_volume,False,True,0.4800180726403465,0.6078431372549019,False,False,,True,True,True,False,True,False,True,False,False,True,True,True,True,True,True,True,True,True,True,True,True,False,True,False,False,False,False,False,True,False,False,False,False,False,True,False,True,False,True,True,True,True,False
5306,15min,m15_2c_1atr,supply,1740.07,1733.33,2021-03-16 17:00:00+00:00,2021-03-16 16:15:00+00:00,2021-03-16 16:30:00+00:00,2021-03-16 16:45:00+00:00,2,1.54349470499242,1.7844175491679335,0.9035608308605207,2021-03-16 17:00:00+00:00,2021-03-16 17:20:00+00:00,1733.03,1740.4679999999998,7.437999999999875,0.0,True,105442,105443,3,1733.1,0.8333333333334737,1.1777359505243532,0.6587792417316717,0.7623016940037871,1.0,tp1,2021,2021-03,2021-03-16,0.0403334229631628,0.9596665770368372,0.03-0.05R,8,4,2,0.40652818991098,26,4,2,0.5489614243323502,2,2,0.5459940652819079,9,4,1.0,True,True,True,True,True,12,7,44,7,True,13,Tuesday,ny_main,bull,0.886,high,below,below,0.3587668593448769,0.1631419939576956,-0.6566188459567596,-0.560678702656848,True,above_value,mid_volume,False,True,0.665501478892162,0.4375,True,False,0.3039707895937881,True,True,True,False,True,False,True,False,False,False,False,True,True,True,True,True,True,True,True,True,True,False,True,False,False,False,False,False,False,False,True,False,False,False,True,False,False,True,True,True,True,True,False
5445,15min,m15_2c_1atr,demand,1684.51,1678.77,2021-03-30 16:15:00+00:00,2021-03-30 15:30:00+00:00,2021-03-30 15:45:00+00:00,2021-03-30 16:00:00+00:00,2,1.9719136449381744,1.6843429050513532,0.832752613240412,2021-03-30 16:30:00+00:00,2021-03-30 16:50:00+00:00,1685.59,1678.322571428571,7.267428571428582,0.25,True,108184,108185,3,1685.62,0.4648437499999424,0.399040729674489,1.059521937411516,2.5414766472715837,-1.0,stop,2021,2021-03,2021-03-30,0.0412800754835665,-1.0412800754835665,0.03-0.05R,1,1,1,1.0,1,1,1,1.0,0,0,0.0,1,1,0.7682926829268423,True,True,True,False,True,1,1,3,3,False,12,Tuesday,ny_main,bear,0.97,high,below,below,0.5094577553593881,0.9409190371991278,0.4574194229990723,-0.4779565489305287,True,below_value,mid_volume,False,False,-4.143143576033979,0.5675675675675675,False,False,,True,True,True,True,False,False,True,False,False,False,False,True,True,False,False,False,True,True,True,False,True,False,False,True,False,False,False,False,False,True,False,False,False,False,True,False,False,True,True,True,True,True,False
5605,15min,m15_2c_1atr,supply,1783.78,1779.84,2021-04-16 16:15:00+00:00,2021-04-16 15:30:00+00:00,2021-04-16 15:45:00+00:00,2021-04-16 16:00:00+00:00,2,1.583539464807726,1.2403867776028947,0.0710659898477078,2021-04-16 17:25:00+00:00,2021-04-16 17:40:00+00:00,1776.97,1784.2262857142855,7.256285714285696,1.1666666666666667,True,111470,111471,2,1776.96,0.898809523809606,0.5305744773004887,1.0721738788045825,0.4906091270622452,-1.0,stop,2021,2021-04,2021-04-16,0.0413434657636729,-1.0413434657636729,0.03-0.05R,3,3,2,1.0,3,3,2,1.0,0,0,0.0,0,0,0.0,True,True,True,False,False,3,3,3,3,False,13,Friday,ny_main,bull,0.96,high,above,above,0.8720091150778493,0.036717062635004,-0.2218693927725813,0.1521651050607642,True,above_value,lvn,False,False,2.1443477576091645,0.22,False,False,,True,False,True,False,True,False,True,False,False,False,True,True,True,True,True,False,False,True,True,True,True,False,False,True,False,True,False,False,False,False,True,False,False,False,True,False,True,False,True,True,True,True,False
5606,15min,m15_2c_1atr,demand,1776.37,1771.98,2021-04-16 17:30:00+00:00,2021-04-16 16:45:00+00:00,2021-04-16 17:00:00+00:00,2021-04-16 17:15:00+00:00,2,1.913129710432393,1.2189607298690623,0.4009111617312168,2021-04-16 17:40:00+00:00,2021-04-16 17:50:00+00:00,1777.87,1771.566142857143,6.303857142856941,0.1666666666666666,True,111472,111473,1,1777.87,0.8347826086956015,1.9305640537540107,1.6386792666621752,-0.7027443515308053,1.0,tp1,2021,2021-04,2021-04-16,0.0475899109388824,0.9524100890611176,0.03-0.05R,3,3,2,0.0660592255125221,3,3,2,0.0660592255125221,0,0,0.0,0,0,0.0,True,True,True,False,False,3,3,3,3,True,13,Friday,ny_main,bull,0.966,high,above,above,0.835060920167296,0.928381962864726,0.4881988734035942,0.8919779996514554,True,above_value,mid_volume,False,True,1.257166813968805,0.56,False,False,,True,True,True,True,False,False,True,False,False,True,True,True,True,True,True,False,False,True,True,True,True,True,True,False,False,False,False,False,False,False,True,False,False,False,True,False,False,False,True,True,True,True,False
5617,15min,m15_2c_1atr,supply,1778.93,1774.91,2021-04-19 16:15:00+00:00,2021-04-19 15:15:00+00:00,2021-04-19 15:30:00+00:00,2021-04-19 16:00:00+00:00,3,1.8057062013676075,1.327045508134865,0.3532338308457908,2021-04-19 17:00:00+00:00,2021-04-19 17:10:00+00:00,1772.24,1779.4558571428572,7.215857142857203,0.75,True,111740,111741,1,1772.22,0.7149321266967879,1.193205440399097,0.837045396052333,-0.4794995149571391,1.0,tp1,2021,2021-04,2021-04-19,0.0415751024529306,0.9584248975470692,0.03-0.05R,2,2,1,1.0,6,4,2,1.0,0,0,0.0,0,0,0.0,True,True,True,False,False,2,2,6,3,True,13,Monday,ny_main,bull,0.948,high,below,below,0.5654901960784113,0.3053691275168041,-0.4355211980772031,-1.4510248001126291,True,value_high_half,hvn,True,True,0.0235592247233374,1.0,False,False,,True,True,True,False,True,False,True,False,False,True,True,True,True,True,True,False,False,True,True,False,True,False,True,False,False,False,True,False,True,False,False,False,False,False,True,False,False,False,True,True,True,True,False
5695,15min,m15_2c_1atr,demand,1778.23,1776.14,2021-04-27 11:45:00+00:00,2021-04-27 11:00:00+00:00,2021-04-27 11:15:00+00:00,2021-04-27 11:30:00+00:00,2,1.9386189258311104,1.0690537084398155,0.9856459330143664,2021-04-27 16:30:00+00:00,2021-04-27 16:55:00+00:00,1783.69,1775.6447142857144,8.045285714285683,4.75,True,113393,113394,4,1783.68,0.7948717948717706,0.0994371149031323,1.0018289326491083,-1.4418381660955175,-1.0,stop,2021,2021-04,2021-04-27,0.0372889180886767,-1.0372889180886768,0.03-0.05R,3,2,1,0.3014354066985198,19,4,2,1.0,6,4,1.0,16,4,1.0,True,True,True,True,True,15,7,51,7,False,12,Tuesday,ny_main,bull,0.866,high,above,above,0.5544240778456629,0.7285714285714484,0.278081740060797,0.4191377107803771,True,below_value,mid_volume,False,True,-0.4431166432871154,0.4615384615384615,False,False,,True,True,False,True,False,False,True,False,False,False,False,False,True,True,True,True,True,True,True,True,True,True,True,False,False,False,False,False,False,True,False,False,False,False,True,False,False,True,True,True,True,True,False
5783,15min,m15_2c_1atr,demand,1779.27,1773.07,2021-05-05 16:00:00+00:00,2021-05-05 15:15:00+00:00,2021-05-05 15:30:00+00:00,2021-05-05 15:45:00+00:00,2,3.311659192825086,2.432735426008951,0.7774193548387304,2021-05-05 16:20:00+00:00,2021-05-05 16:35:00+00:00,1781.28,1772.6294285714284,8.650571428571538,0.3333333333333333,True,115045,115046,2,1781.28,0.9147982062780032,3.781253096409772,0.2820622915084084,3.646001915645489,1.0,tp1,2021,2021-05,2021-05-05,0.0346797899395576,0.9653202100604424,0.03-0.05R,14,4,2,1.0,37,4,2,1.0,6,4,0.3790322580645353,29,4,0.8983870967741767,True,True,True,True,True,26,7,95,7,True,12,Wednesday,ny_main,bear,0.884,high,above,above,0.406183115338883,0.386597938144319,0.3515314032224867,0.6461493055231711,True,value_low_half,hvn,True,True,-0.124847243782399,0.9285714285714286,True,False,0.1940667490729181,True,True,False,True,False,False,True,False,False,False,True,True,True,True,True,True,True,True,True,True,True,False,True,False,False,False,True,True,False,False,False,False,False,True,True,True,False,True,True,True,True,True,False
5794,15min,m15_2c_1atr,demand,1792.73,1788.27,2021-05-06 14:45:00+00:00,2021-05-06 14:00:00+00:00,2021-05-06 14:15:00+00:00,2021-05-06 14:30:00+00:00,2,1.6362957430918903,2.3315907393577113,0.3654708520179587,2021-05-06 15:30:00+00:00,2021-05-06 15:50:00+00:00,1794.72,1787.9077142857143,6.812285714285736,0.75,True,115312,115313,3,1794.71,0.3815261044176875,7.120957933145973,0.5739630080107472,6.090466803674016,1.0,tp1,2021,2021-05,2021-05-06,0.0440380824560666,0.9559619175439332,0.03-0.05R,10,4,2,1.0,12,4,2,1.0,2,2,0.3677130044843243,2,2,0.3677130044843243,True,True,True,True,True,14,7,16,7,True,11,Thursday,london_ny_overlap,bull,0.774,high,above,above,1.1733845169546109,0.2393442622950915,0.0391263375955486,0.306237594162577,True,value_high_half,lvn,False,True,1.2110472675418325,0.1666666666666666,False,False,,True,True,True,True,False,False,True,False,False,False,False,True,False,False,False,True,True,True,True,True,True,True,True,False,False,True,False,False,True,False,False,False,False,True,True,False,False,False,True,True,True,True,False
5859,15min,m15_2c_1atr,demand,1820.84,1815.44,2021-05-13 17:00:00+00:00,2021-05-13 15:45:00+00:00,2021-05-13 16:00:00+00:00,2021-05-13 16:45:00+00:00,4,1.5300043802015195,1.6557161629434836,0.6592592592592658,2021-05-13 17:00:00+00:00,2021-05-13 17:15:00+00:00,1821.67,1814.9795714285715,6.690428571428583,0.0,True,116709,116710,2,1821.66,0.5360000000000582,2.920590182136517,0.2869771315098431,2.2674182734396413,1.0,tp1,2021,2021-05,2021-05-13,0.0448401767984113,0.9551598232015888,0.03-0.05R,12,4,2,1.0,21,4,2,1.0,1,1,0.0222222222222025,1,1,0.0222222222222025,True,True,True,True,True,14,5,23,5,True,13,Thursday,ny_main,bear,0.85,high,above,above,0.9059334298118474,0.2073578595317354,0.4709538675272946,1.0123378994508434,True,value_low_half,mid_volume,False,True,-0.4648431661435495,0.6458333333333334,False,False,,True,True,True,True,False,False,True,False,False,False,True,True,True,False,False,True,True,True,True,True,True,False,True,False,False,False,False,True,False,False,False,False,False,False,True,False,False,True,True,True,True,True,True
5893,15min,m15_2c_1atr,supply,1871.24,1865.47,2021-05-18 17:00:00+00:00,2021-05-18 16:15:00+00:00,2021-05-18 16:30:00+00:00,2021-05-18 16:45:00+00:00,2,1.9574468085106669,1.7537993920972696,0.8180242634315498,2021-05-18 17:00:00+00:00,2021-05-18 17:05:00+00:00,1863.68,1871.850428571429,8.170428571428602,0.0,True,117535,117536,0,1863.65,0.1013071895424676,0.0257024461035484,1.0721591803192647,-2.606962390502319,-1.0,stop,2021,2021-05,2021-05-18,0.03671778014792,-1.0367177801479202,0.03-0.05R,12,4,2,0.3206239168110771,12,4,2,0.3206239168110771,0,0,0.0,0,0,0.0,True,True,True,False,False,12,3,12,3,False,13,Tuesday,ny_main,bull,0.898,high,below,below,0.4157256378084721,0.3006535947712709,-0.8628423843185847,-1.194194150007763,True,value_high_half,hvn,True,True,0.0128512230517742,1.0,False,False,,True,True,True,False,True,False,True,False,False,True,True,True,False,False,False,False,False,True,True,True,True,False,True,False,False,False,True,False,True,False,False,False,False,False,True,False,False,True,True,True,True,True,False
5973,15min,m15_2c_1atr,demand,1903.81,1900.51,2021-05-26 09:45:00+00:00,2021-05-26 09:00:00+00:00,2021-05-26 09:15:00+00:00,2021-05-26 09:30:00+00:00,2,2.642143142742943,1.8472610955617672,0.806060606060642,2021-05-26 12:15:00+00:00,2021-05-26 12:35:00+00:00,1906.55,1900.2605714285712,6.289428571428516,2.5,True,119137,119138,3,1906.57,0.939130434782564,0.9841911597692448,1.1813473856357812,-1.785535819742898,-1.0,stop,2021,2021-05,2021-05-26,0.0476990869031939,-1.047699086903194,0.03-0.05R,1,1,1,1.0,1,1,1,1.0,2,2,0.2606060606060338,2,2,0.2606060606060338,True,True,True,True,True,5,5,5,5,False,8,Wednesday,london_ny_overlap,bull,0.692,high,inside,inside,0.9151138716356272,0.7624999999999886,0.4824051623187501,0.6411588629467545,True,value_low_half,mid_volume,False,True,-0.6502975514469012,0.3934426229508196,False,False,,True,True,True,True,False,False,True,False,False,False,False,True,True,True,True,True,True,True,True,True,True,True,False,False,True,False,False,True,False,False,False,False,False,False,True,True,False,True,True,True,True,True,False
6008,15min,m15_2c_1atr,demand,1891.56,1882.29,2021-05-28 15:45:00+00:00,2021-05-28 15:00:00+00:00,2021-05-28 15:15:00+00:00,2021-05-28 15:30:00+00:00,2,2.6909498458951653,3.636312692630976,0.7098166127292276,2021-05-28 15:45:00+00:00,2021-05-28 15:50:00+00:00,1893.21,1881.719,11.490999999999984,0.0,True,119728,119729,0,1893.18,0.3402922755741381,1.5168392655121474,0.2610738839091466,1.0973805586981042,1.0,tp1,2021,2021-05,2021-05-28,0.0261073883909146,0.9738926116090854,<=0.03R,8,4,2,0.3117583603020365,24,4,2,0.4282632146709854,7,4,0.3926645091693506,8,4,0.3926645091693506,True,True,True,True,True,22,7,40,7,True,11,Friday,london_ny_overlap,bear,0.848,high,inside,inside,0.4948770491802859,0.2839248434238283,0.8195613398747533,0.5764809999414171,True,below_value,lvn,False,True,-0.506918457923597,0.2121212121212121,True,False,0.1983880967141873,True,True,True,True,False,True,True,True,False,True,True,True,False,False,False,True,True,True,True,True,True,False,False,False,True,True,False,False,False,True,False,False,False,True,True,True,False,True,True,True,True,True,False
6233,15min,m15_2c_1atr,supply,1783.33,1780.12,2021-06-22 15:45:00+00:00,2021-06-22 15:00:00+00:00,2021-06-22 15:15:00+00:00,2021-06-22 15:30:00+00:00,2,2.571428571428563,1.1758241758241883,0.2959501557631798,2021-06-22 16:05:00+00:00,2021-06-22 16:25:00+00:00,1777.68,1783.7892857142856,6.109285714285534,0.3333333333333333,True,124380,124381,3,1777.63,0.7289156626504514,0.6891149304337922,1.0181222962703491,-2.404536419969644,-1.0,stop,2021,2021-06,2021-06-22,0.049105576990531,-1.049105576990531,0.03-0.05R,8,3,2,1.0,19,4,2,1.0,6,4,1.0,6,4,1.0,True,True,True,True,True,20,7,31,7,False,12,Tuesday,ny_main,bear,0.784,high,below,below,1.2963535911601676,0.1378091872791104,-0.402414679738989,-0.8981873476104286,True,value_low_half,mid_volume,True,True,-0.2496200163685479,0.696969696969697,False,False,,True,True,True,False,True,False,True,False,False,False,False,True,True,True,True,True,True,True,True,True,True,True,True,False,False,False,False,True,False,False,False,False,False,False,True,True,True,False,True,True,True,True,False
6253,15min,m15_2c_1atr,supply,1786.72,1782.71,2021-06-23 15:45:00+00:00,2021-06-23 15:00:00+00:00,2021-06-23 15:15:00+00:00,2021-06-23 15:30:00+00:00,2,1.9836990595611008,1.7598746081504488,0.6783042394015046,2021-06-23 15:45:00+00:00,2021-06-23 15:50:00+00:00,1780.48,1787.119,6.639000000000124,0.0,True,124649,124650,0,1780.5,0.3265306122448733,0.0075312547070272,1.5378822111763588,-0.3283627052266942,-1.0,stop,2021,2021-06,2021-06-23,0.0451875282422043,-1.0451875282422043,0.03-0.05R,5,2,2,0.6957605985037332,30,4,2,1.0,8,4,0.917705735660866,8,4,0.917705735660866,True,True,True,True,True,21,7,46,7,False,11,Wednesday,london_ny_overlap,bear,0.48,mid,inside,inside,0.7052238805969606,0.8259109311740652,-0.1701880954526858,-0.0936979132827257,True,above_value,lvn,False,True,0.8984786865491843,0.1538461538461538,False,False,,False,True,False,False,True,False,True,False,False,True,True,True,False,False,False,True,True,True,True,True,True,True,False,False,True,True,False,False,False,False,True,False,False,False,True,False,False,True,True,True,True,True,False
6294,15min,m15_2c_1atr,demand,1777.75,1774.86,2021-06-28 16:15:00+00:00,2021-06-28 15:15:00+00:00,2021-06-28 15:30:00+00:00,2021-06-28 16:00:00+00:00,3,1.928548439008668,1.302220791760579,0.0795847750865087,2021-06-28 17:55:00+00:00,2021-06-28 18:05:00+00:00,1781.2,1774.5104285714283,6.689571428571526,1.6666666666666667,True,125504,125505,1,1781.19,0.982404692082128,0.1913426014905861,1.0135178422704665,-2.874623614581292,-1.0,stop,2021,2021-06,2021-06-28,0.044845922224357,-1.0448459222243571,0.03-0.05R,7,4,2,1.0,41,4,2,1.0,5,3,1.0,17,4,1.0,True,True,True,True,True,17,7,75,7,False,14,Monday,ny_main,bear,0.876,high,above,above,0.8387402320625054,0.7720430107527043,0.5292920530984964,0.7696206868591876,True,below_value,mid_volume,False,True,-0.664467080957582,0.7096774193548387,True,True,0.7146153846153818,True,True,True,True,False,False,True,False,False,True,True,True,True,True,True,True,True,True,True,True,True,False,True,False,False,False,False,False,False,True,False,True,False,False,True,False,True,False,True,True,True,True,False
6348,15min,m15_2c_1atr,demand,1776.6,1774.27,2021-07-02 10:45:00+00:00,2021-07-02 10:00:00+00:00,2021-07-02 10:15:00+00:00,2021-07-02 10:30:00+00:00,2,2.128157156220688,1.5257249766135534,0.5236051502146203,2021-07-02 15:30:00+00:00,2021-07-02 15:35:00+00:00,1786.91,1773.6645714285714,13.245428571428649,4.75,True,126578,126579,0,1786.97,0.5576576576576672,0.6160616061606016,0.669665005716263,0.3397398563385731,0.3397398563385731,time,2021,2021-07,2021-07-02,0.0226493237559048,0.3170905325826682,<=0.03R,12,4,2,1.0,30,4,2,1.0,4,2,1.0,12,4,1.0,True,True,True,True,True,20,7,54,7,True,11,Friday,london_ny_overlap,bull,0.962,high,above,above,0.718236472945885,0.7078464106844709,0.9416892221593146,1.37576152324868,True,value_low_half,hvn,False,True,-0.2125261545762448,0.8536585365853658,True,True,0.7146153846153818,True,True,True,True,False,True,True,True,False,True,True,True,True,False,False,True,True,True,True,True,True,True,True,False,False,False,True,True,False,False,False,True,False,False,True,True,False,False,True,True,True,True,False
6404,15min,m15_2c_1atr,demand,1812.77,1806.65,2021-07-08 14:00:00+00:00,2021-07-08 13:15:00+00:00,2021-07-08 13:30:00+00:00,2021-07-08 13:45:00+00:00,2,2.2453588516746605,1.6398086124401552,0.4313725490196319,2021-07-08 14:25:00+00:00,2021-07-08 14:35:00+00:00,1814.95,1806.2454285714289,8.704571428571398,0.4166666666666667,True,127622,127623,1,1815.01,0.8756218905472631,0.388301713385401,1.0695529442657363,-1.6186896868640674,-1.0,stop,2021,2021-07,2021-07-08,0.0344646491170486,-1.0344646491170486,0.03-0.05R,2,2,1,0.1617647058823573,7,3,2,0.7124183006536283,0,0,0.0,0,0,0.0,True,True,True,False,False,2,2,7,3,False,10,Thursday,london_ny_overlap,bull,0.926,high,above,above,1.781667977970042,0.358407079645995,0.1294104433171001,1.0023114953989318,True,above_value,lvn,False,True,0.684697695792037,0.2272727272727272,False,False,,True,True,False,True,False,False,True,False,False,True,True,True,True,True,True,False,False,True,True,False,True,True,True,False,False,True,False,False,False,False,True,False,False,False,True,True,False,False,True,True,True,True,False
6429,15min,m15_2c_1atr,demand,1799.17,1791.99,2021-07-12 17:30:00+00:00,2021-07-12 16:45:00+00:00,2021-07-12 17:00:00+00:00,2021-07-12 17:15:00+00:00,2,2.410922704250141,2.213609337150423,0.8189415041782493,2021-07-13 15:55:00+00:00,2021-07-13 16:15:00+00:00,1809.88,1791.0807142857143,18.799285714285816,22.416666666666668,True,128470,128471,3,1809.87,0.821585903083661,1.0564231163797906,0.2835214103879394,0.66811049052015,1.0,tp1,2021,2021-07,2021-07-13,0.0159580531175195,0.9840419468824804,<=0.03R,4,3,2,1.0,28,4,2,1.0,3,3,0.1239554317548874,18,4,0.8481894150417955,True,True,True,True,True,10,7,64,7,True,12,Tuesday,ny_main,bull,1.0,high,above,above,0.4654731457800617,1.0,0.3861759826004316,0.4283163342322286,True,below_value,mid_volume,False,False,-0.6473650214673814,0.3265306122448979,True,True,0.0662589194699367,True,True,True,True,False,True,True,True,True,False,False,True,True,True,True,True,True,True,True,True,True,True,True,False,False,False,False,False,False,True,False,True,False,True,True,True,False,True,True,True,True,True,True
6538,15min,m15_2c_1atr,demand,1797.39,1794.08,2021-07-22 15:45:00+00:00,2021-07-22 15:00:00+00:00,2021-07-22 15:15:00+00:00,2021-07-22 15:30:00+00:00,2,3.2712795167490496,1.2723778143877709,0.4380664652567884,2021-07-22 16:35:00+00:00,2021-07-22 17:05:00+00:00,1800.75,1793.6552857142856,7.094714285714417,0.8333333333333334,True,130412,130413,5,1800.85,0.8916256157635319,1.3474820288745823,1.5673640335863277,-0.2029680043493183,1.0,tp1,2021,2021-07,2021-07-22,0.0422850009061063,0.9577149990938936,0.03-0.05R,4,3,2,0.6435045317220538,8,4,2,0.6435045317220538,1,1,0.6374622356495521,12,4,1.0,True,True,True,True,True,6,5,32,7,True,13,Thursday,ny_main,bear,0.916,high,above,above,0.5510455104551257,0.948863636363618,0.5664397338815579,0.8903092784310916,True,below_value,mid_volume,False,False,-1.059239272697947,0.4444444444444444,True,True,0.0662589194699367,True,False,True,True,False,False,True,False,False,False,False,False,True,True,True,True,True,True,True,True,True,False,True,False,False,False,False,False,False,True,False,True,False,False,True,True,False,False,True,True,True,True,False
6552,15min,m15_2c_1atr,demand,1797.94,1794.45,2021-07-23 15:45:00+00:00,2021-07-23 14:15:00+00:00,2021-07-23 14:30:00+00:00,2021-07-23 15:30:00+00:00,5,2.5239169675090705,1.1024368231047146,0.8194842406876482,2021-07-23 16:35:00+00:00,2021-07-23 16:55:00+00:00,1800.95,1794.0891428571429,6.860857142857185,0.8333333333333334,True,130686,130687,3,1800.9,0.4354243542435601,1.5347936534377078,0.878898929746378,0.0845375421646496,1.0,tp1,2021,2021-07,2021-07-23,0.0437263149127553,0.9562736850872446,0.03-0.05R,6,4,2,1.0,18,4,2,1.0,3,2,0.6045845272206652,14,4,1.0,True,True,True,True,True,12,7,46,7,True,12,Friday,ny_main,bear,0.888,high,inside,inside,1.6533559898045982,0.8752834467120243,0.5432069569033555,0.5011960595642392,True,below_value,mid_volume,False,False,-1.6113147045350098,0.5384615384615384,True,True,0.0662589194699367,True,True,True,True,False,False,True,False,False,False,False,True,False,False,False,True,True,True,True,True,True,False,False,False,True,False,False,False,False,True,False,True,False,False,True,True,False,True,True,True,True,True,False
6725,15min,m15_2c_1atr,supply,1728.49,1720.95,2021-08-10 17:15:00+00:00,2021-08-10 16:30:00+00:00,2021-08-10 16:45:00+00:00,2021-08-10 17:00:00+00:00,2,1.9229334990676925,2.1868655479593646,0.0013262599469484,2021-08-10 17:15:00+00:00,2021-08-10 17:20:00+00:00,1719.79,1729.1112857142855,9.32128571428575,0.0,True,134003,134004,0,1719.79,0.5033783783783753,0.0,1.2144247421416303,-3.0950665910588695,-1.0,stop,2021,2021-08,2021-08-10,0.0321844012935062,-1.0321844012935062,0.03-0.05R,1,1,1,0.0106100795755872,1,1,1,0.0106100795755872,0,0,0.0,0,0,0.0,True,True,True,False,False,1,1,1,1,False,13,Tuesday,ny_main,bear,0.874,high,below,below,0.7854871890779807,0.8137254901960912,-0.1187849745183157,-0.8908600913499732,True,below_value,lvn,False,True,-0.5396251283544525,0.2340425531914893,False,False,,True,True,True,False,True,False,True,False,False,True,True,True,True,False,False,False,False,True,True,False,False,True,True,False,False,True,False,False,False,True,False,False,False,True,True,False,True,False,True,True,True,True,False
6929,15min,m15_2c_1atr,demand,1810.54,1801.64,2021-08-31 16:45:00+00:00,2021-08-31 16:00:00+00:00,2021-08-31 16:15:00+00:00,2021-08-31 16:30:00+00:00,2,3.210287443267847,2.6928895612707877,0.6775280898876478,2021-08-31 16:55:00+00:00,2021-08-31 17:05:00+00:00,1814.46,1800.988142857143,13.47185714285706,0.1666666666666666,True,138140,138141,1,1814.55,0.7261261261261271,0.4141967911943388,0.7608453601688221,-0.3110187374738933,-0.3110187374738933,time,2021,2021-08,2021-08-31,0.0222686446878679,-0.3332873821617613,<=0.03R,5,4,2,0.1449438202247172,11,4,2,0.6393258426966196,1,1,0.130337078651671,7,2,0.5337078651685475,True,True,True,True,True,7,5,25,7,False,13,Tuesday,ny_main,bull,0.946,high,below,below,0.6873721405988198,0.1381118881119208,0.0153591803706072,-0.3044693819082793,True,below_value,lvn,False,True,-0.5685927276968846,0.1428571428571428,False,False,,True,True,True,True,False,True,True,True,False,True,True,True,True,True,True,True,True,True,True,True,True,True,False,True,False,True,False,False,False,True,False,False,False,True,True,True,False,True,True,True,True,True,False
6958,15min,m15_2c_1atr,demand,1812.87,1804.94,2021-09-02 17:45:00+00:00,2021-09-02 17:00:00+00:00,2021-09-02 17:15:00+00:00,2021-09-02 17:30:00+00:00,2,2.224153297682701,2.473707664884116,0.8385876418663591,2021-09-02 17:45:00+00:00,2021-09-02 18:05:00+00:00,1812.96,1804.4465714285716,8.513428571428449,0.0,True,138704,138705,3,1813.03,0.4615384615385,2.4702151223277835,0.7012450917877772,1.9428130348693056,1.0,tp1,2021,2021-09,2021-09-02,0.0352384468235062,0.9647615531764938,0.03-0.05R,10,4,2,0.3997477931904049,34,4,2,0.7061790668348077,8,3,0.9974779319041636,11,3,0.9974779319041636,True,True,True,True,True,26,7,56,7,True,14,Thursday,ny_main,bull,0.902,high,below,below,0.4966945791097855,0.3846153846153357,0.3034895106757719,0.0413140824515399,True,below_value,lvn,False,True,-0.6865624056113162,0.0833333333333333,False,False,,True,True,True,True,False,False,True,False,False,False,False,True,True,False,False,True,True,True,True,True,True,True,False,True,False,True,False,False,False,True,False,False,False,True,True,True,False,True,True,True,True,True,False
6969,15min,m15_2c_1atr,demand,1813.49,1812.91,2021-09-03 14:15:00+00:00,2021-09-03 13:30:00+00:00,2021-09-03 13:45:00+00:00,2021-09-03 14:00:00+00:00,2,1.6405529953919329,0.5345622119815139,0.6034482758619879,2021-09-03 15:25:00+00:00,2021-09-03 15:35:00+00:00,1824.95,1812.354,12.596000000000004,1.1666666666666667,True,138950,138951,1,1825.0,0.7053394858272903,0.7176881549698286,0.5739917434106078,-0.1857732613528219,-0.1857732613528219,time,2021,2021-09,2021-09-03,0.0238170847888218,-0.2095903461416437,<=0.03R,3,2,2,1.0,20,4,2,1.0,5,3,1.0,9,4,1.0,True,True,True,True,True,13,7,38,7,False,11,Friday,london_ny_overlap,bull,0.846,high,above,above,0.4668107440567747,0.3388266315095633,1.708222912090276,2.25790220698099,True,value_low_half,hvn,True,True,-0.0039695141314666,1.0,True,True,0.0990312163616752,True,True,True,True,False,True,True,True,False,True,True,True,True,True,True,True,True,True,True,True,True,True,True,False,False,False,True,True,False,False,False,True,True,False,True,False,False,False,True,True,True,True,False
7008,15min,m15_2c_1atr,demand,1790.52,1785.22,2021-09-08 18:15:00+00:00,2021-09-08 17:15:00+00:00,2021-09-08 17:30:00+00:00,2021-09-08 18:00:00+00:00,3,1.867269497820102,1.1981269174874656,0.7584905660377389,2021-09-08 19:00:00+00:00,2021-09-08 19:10:00+00:00,1791.97,1784.9227142857144,7.0472857142856355,0.75,True,139773,139774,1,1791.99,0.7551020408162444,1.269992499645274,1.064239524842403,0.7194259187934554,1.0,tp1,2021,2021-09,2021-09-08,0.0425695809936961,0.957430419006304,0.03-0.05R,3,3,2,1.0,3,3,2,1.0,0,0,0.0,19,4,1.0,True,True,True,False,True,3,3,41,7,True,15,Wednesday,ny_main,bear,0.968,high,below,below,0.2968885798713747,0.8025210084033589,0.1500745353653438,-0.2071656329105166,True,below_value,mid_volume,False,False,-1.4019582007257412,0.5897435897435898,True,True,0.2665589660743258,True,True,True,True,False,False,True,False,False,True,True,True,True,True,True,False,True,True,True,True,True,False,False,True,False,False,False,False,False,True,False,True,False,False,True,False,False,True,True,True,True,True,False
7184,15min,m15_2c_1atr,supply,1757.91,1751.86,2021-09-27 17:45:00+00:00,2021-09-27 16:45:00+00:00,2021-09-27 17:00:00+00:00,2021-09-27 17:30:00+00:00,3,1.626623376623369,1.964285714285768,0.5190082644628109,2021-09-27 17:45:00+00:00,2021-09-27 17:50:00+00:00,1750.4,1758.314285714286,7.914285714285825,0.0,True,143345,143346,0,1750.4,0.2577777777777454,2.8113718411551956,0.5155234657039547,1.8447653429602804,1.0,tp1,2021,2021-09,2021-09-27,0.0379061371841149,0.962093862815885,0.03-0.05R,6,4,2,1.0,15,4,2,1.0,8,4,0.419834710743783,9,4,0.4859504132231349,True,True,True,True,True,22,7,33,7,True,13,Monday,ny_main,bear,0.896,high,inside,above,1.370002208968425,0.0918918918918686,-0.869317747193791,-0.8920642153972085,True,value_high_half,lvn,True,True,0.2697653429602838,0.25,True,True,0.1942990110529456,True,True,True,False,True,False,True,False,False,True,True,True,False,False,False,True,True,True,True,True,True,True,False,False,True,True,False,False,True,False,False,True,False,False,True,False,False,False,True,True,True,True,False
7203,15min,m15_2c_1atr,demand,1736.37,1729.15,2021-09-28 16:15:00+00:00,2021-09-28 15:30:00+00:00,2021-09-28 15:45:00+00:00,2021-09-28 16:00:00+00:00,2,1.5196116504854966,1.9627184466019132,0.5540166204986303,2021-09-28 16:15:00+00:00,2021-09-28 16:30:00+00:00,1740.41,1728.485142857143,11.924857142857036,0.0,True,143605,143606,2,1740.43,0.8866328257191435,0.4301938328102103,1.0859668878932498,-1.0666794450966888,-1.0,stop,2021,2021-09,2021-09-28,0.025157534082469,-1.025157534082469,<=0.03R,3,2,1,1.0,3,2,1,1.0,0,0,0.0,0,0,0.0,True,True,True,False,False,3,3,3,3,False,12,Tuesday,ny_main,bear,0.98,high,below,below,0.7917851500790322,0.0,-0.4218758680844803,-0.8390568422804466,True,below_value,hvn,False,False,-1.6344011308910713,0.7758620689655172,False,False,,True,True,True,True,False,True,True,True,False,False,True,True,True,True,True,False,False,True,True,True,True,False,False,True,False,False,True,False,False,True,False,False,False,False,True,False,False,False,True,True,False,True,True
7245,15min,m15_2c_1atr,demand,1754.66,1749.9,2021-10-01 15:45:00+00:00,2021-10-01 15:00:00+00:00,2021-10-01 15:15:00+00:00,2021-10-01 15:30:00+00:00,2,2.713604488078512,1.869284712482484,0.9432773109243736,2021-10-01 16:30:00+00:00,2021-10-01 16:35:00+00:00,1758.1,1749.417428571429,8.682571428571237,0.75,True,144427,144428,0,1757.94,0.2941176470587973,0.878771924051498,1.0008555727401385,0.9329033531870448,-1.0,stop,2021,2021-10,2021-10-01,0.034551976043964,-1.034551976043964,0.03-0.05R,8,4,2,1.0,22,4,2,1.0,1,1,0.0735294117646869,5,4,0.2478991596638316,True,True,True,True,True,10,5,32,7,False,12,Friday,ny_main,bull,0.862,high,above,above,0.5319347319347693,0.8169934640522617,0.7053676491520485,1.0709494186185484,True,value_low_half,hvn,False,True,-0.2844779360952809,0.8363636363636363,True,True,0.2272727272727184,True,True,False,True,False,False,True,False,False,True,True,True,False,False,False,True,True,True,True,True,True,True,True,False,False,False,True,True,False,False,False,True,False,False,True,True,False,True,True,True,True,True,False
7256,15min,m15_2c_1atr,supply,1758.3,1751.68,2021-10-04 16:15:00+00:00,2021-10-04 15:30:00+00:00,2021-10-04 15:45:00+00:00,2021-10-04 16:00:00+00:00,2,2.3308510638298037,2.4648936170212568,0.7432024169184522,2021-10-04 16:15:00+00:00,2021-10-04 16:30:00+00:00,1750.73,1758.712,7.981999999999971,0.0,True,144702,144703,2,1750.73,0.9554140127388924,0.2806314206965694,1.3718366324229625,-0.2818842395389637,-1.0,stop,2021,2021-10,2021-10-04,0.0375845652718618,-1.0375845652718618,0.03-0.05R,2,2,1,1.0,30,4,2,1.0,0,0,0.0,10,4,0.4441087613293207,True,True,True,False,True,2,2,50,7,False,12,Monday,ny_main,bull,0.832,high,above,above,0.986301369862976,0.9157894736842264,-0.1311342592077528,-0.2228628970704935,True,value_low_half,mid_volume,False,True,-1.1601102480581338,0.4594594594594595,True,True,0.1942990110529456,True,True,True,False,True,False,True,False,False,False,True,True,True,True,True,False,True,True,True,False,True,False,False,True,False,False,False,True,False,False,False,True,False,True,True,True,False,True,True,True,True,True,True
7344,15min,m15_2c_1atr,demand,1757.93,1753.95,2021-10-12 16:15:00+00:00,2021-10-12 15:30:00+00:00,2021-10-12 15:45:00+00:00,2021-10-12 16:00:00+00:00,2,2.6224390243902223,1.359024390243886,0.8467336683417344,2021-10-12 16:30:00+00:00,2021-10-12 16:50:00+00:00,1766.35,1753.3805714285716,12.969428571428352,0.25,True,146362,146363,3,1766.36,0.795560747663529,2.246822197255129,0.6546163505386411,1.9692463595709069,1.0,tp1,2021,2021-10,2021-10-12,0.023131319807019,0.9768686801929808,<=0.03R,10,4,2,0.4849246231155916,43,4,2,0.7562814070351701,2,1,0.4170854271356399,13,4,0.4170854271356399,True,True,True,True,True,14,7,69,7,True,12,Tuesday,ny_main,bull,0.97,high,above,above,0.472056631892736,0.9949031600407564,1.775503132932328,2.0456497938211076,True,value_low_half,mid_volume,True,True,-0.1395589628356776,0.5806451612903226,True,True,0.1764705882352989,True,True,True,True,False,True,True,True,False,False,False,True,True,True,True,True,True,True,True,True,True,True,True,False,False,False,False,True,False,False,False,True,False,False,True,True,False,True,True,True,True,True,False
7512,15min,m15_2c_1atr,demand,1801.3,1797.2,2021-10-28 16:30:00+00:00,2021-10-28 15:45:00+00:00,2021-10-28 16:00:00+00:00,2021-10-28 16:15:00+00:00,2,2.436849925705814,1.2184249628528732,0.3951219512195498,2021-10-28 16:35:00+00:00,2021-10-28 16:55:00+00:00,1803.88,1796.498857142857,7.381142857143004,0.0833333333333333,True,149675,149676,3,1803.89,0.5421412300683497,0.2235426182549898,1.0472632964310415,-3.645776883177146,-1.0,stop,2021,2021-10,2021-10-28,0.0406441124100015,-1.0406441124100014,0.03-0.05R,12,4,2,0.3658536585365934,26,4,2,0.8878048780487692,7,3,0.9731707317073408,7,3,0.9731707317073408,True,True,True,True,True,26,7,40,7,False,12,Thursday,ny_main,bull,0.968,high,above,above,0.5693205216197407,0.742616033755269,0.042644708425205,0.3051732486070628,True,value_low_half,hvn,False,True,-0.3387009367500126,0.9,False,False,,True,True,True,True,False,False,True,False,False,False,False,True,True,False,False,True,True,True,True,True,True,True,True,False,False,False,True,True,False,False,False,False,False,False,True,True,False,False,True,True,True,True,False
7565,15min,m15_2c_1atr,demand,1762.73,1761.98,2021-11-03 19:45:00+00:00,2021-11-03 18:45:00+00:00,2021-11-03 19:00:00+00:00,2021-11-03 19:30:00+00:00,3,1.607912607026914,0.3100088573959266,0.2133333333334424,2021-11-03 20:00:00+00:00,2021-11-03 20:05:00+00:00,1768.45,1761.5827142857142,6.867285714285799,0.25,True,150829,150830,0,1768.45,0.413394919168616,4.4355224563665745,0.8460402321565833,3.4686193339018847,1.0,tp1,2021,2021-11,2021-11-03,0.0436853820390666,0.9563146179609332,0.03-0.05R,1,1,1,1.0,1,1,1,1.0,0,0,0.0,10,4,1.0,True,True,True,False,True,1,1,21,5,True,16,Wednesday,ny_main,bear,0.8,high,below,below,0.8999462076384713,0.5196304849884614,0.6256810763363978,-0.0239000105301163,True,below_value,hvn,False,False,-2.897068918890769,0.913793103448276,True,True,0.4107049608355076,True,False,True,True,False,False,True,False,False,True,True,True,False,False,False,False,True,True,True,False,True,False,False,True,False,False,True,False,False,True,False,True,True,False,True,False,True,False,True,True,True,True,False
7599,15min,m15_2c_1atr,demand,1823.92,1817.76,2021-11-08 16:15:00+00:00,2021-11-08 15:30:00+00:00,2021-11-08 15:45:00+00:00,2021-11-08 16:00:00+00:00,2,1.904055390702294,2.1325420375865973,0.7597402597402231,2021-11-08 16:15:00+00:00,2021-11-08 16:20:00+00:00,1825.71,1817.230857142857,8.47914285714296,0.0,True,151600,151601,0,1825.72,0.4480286738351313,0.546045759342231,0.7748424706001111,-0.3148903191023399,-0.3148903191023399,time,2021,2021-11,2021-11-08,0.035380934730599,-0.3502712538329389,0.03-0.05R,3,2,2,0.1006493506493685,3,2,2,0.1006493506493685,2,1,0.0649350649350788,2,1,0.0649350649350788,True,True,True,True,True,7,7,7,7,False,11,Monday,london_ny_overlap,bull,0.864,high,above,above,0.7406032482598575,0.2471264367815791,0.777953909662576,1.4443737301321575,True,above_value,mid_volume,False,True,0.4823600768271838,0.5555555555555556,False,False,,True,True,True,True,False,False,True,False,False,True,True,True,False,False,False,True,True,True,True,True,True,True,True,False,False,False,False,False,False,False,True,False,False,True,True,False,False,True,True,True,True,True,False
7615,15min,m15_2c_1atr,supply,1830.29,1826.39,2021-11-09 17:15:00+00:00,2021-11-09 16:30:00+00:00,2021-11-09 16:45:00+00:00,2021-11-09 17:00:00+00:00,2,2.059756851432154,1.1250772717906168,0.3743589743589385,2021-11-09 18:00:00+00:00,2021-11-09 18:10:00+00:00,1824.37,1830.643,6.273000000000138,0.75,True,151898,151899,1,1824.37,0.5322580645161912,0.1386896221903191,1.1079228439343043,-4.423720707795216,-1.0,stop,2021,2021-11,2021-11-09,0.0478240076518401,-1.04782400765184,0.03-0.05R,9,3,2,0.969230769230796,9,3,2,0.969230769230796,0,0,0.0,0,0,0.0,True,True,True,False,False,9,3,9,3,False,13,Tuesday,ny_main,bull,0.948,high,inside,inside,0.5891783567134083,0.2283737024221657,-0.2179986376371157,-0.3268590823773688,True,above_value,mid_volume,False,False,0.5722939582337105,0.2608695652173913,False,False,,True,False,True,False,True,False,True,False,False,True,True,True,True,False,False,False,False,True,True,True,True,False,False,False,True,False,False,False,False,False,True,False,False,False,True,True,False,False,True,True,True,True,False
7686,15min,m15_2c_1atr,supply,1876.72,1870.5,2021-11-16 15:45:00+00:00,2021-11-16 15:00:00+00:00,2021-11-16 15:15:00+00:00,2021-11-16 15:30:00+00:00,2,2.0657084188911505,2.554414784394251,0.9614147909967832,2021-11-16 15:45:00+00:00,2021-11-16 16:00:00+00:00,1867.03,1877.2835714285711,10.253571428571377,0.0,True,153252,153253,2,1866.99,0.7841225626740961,1.7642633228840134,0.19700452803901,0.0955764541971461,1.0,tp1,2021,2021-11,2021-11-16,0.0292580982236156,0.9707419017763844,<=0.03R,6,4,2,1.0,6,4,2,1.0,0,0,0.0,0,0,0.0,True,True,True,False,False,6,3,6,3,True,11,Tuesday,london_ny_overlap,bull,0.918,high,below,below,0.4124579124579394,0.2090069284064637,-2.142318043917924,-2.4861552969508054,True,above_value,hvn,False,True,1.0103796586555382,0.8108108108108109,False,False,,True,True,True,False,True,True,True,True,False,False,True,True,True,True,True,False,False,True,True,True,True,False,True,False,False,False,True,False,False,False,True,False,False,True,True,True,False,True,True,True,True,True,True
7887,15min,m15_2c_1atr,demand,1778.71,1772.21,2021-12-07 16:15:00+00:00,2021-12-07 15:30:00+00:00,2021-12-07 15:45:00+00:00,2021-12-07 16:00:00+00:00,2,1.915038232795253,2.5771736052110423,0.6153846153846154,2021-12-07 16:30:00+00:00,2021-12-07 16:35:00+00:00,1779.87,1771.747142857143,8.122857142856901,0.25,True,157312,157313,0,1779.84,0.4069264069263016,1.6275061554696262,0.1760464298276319,0.31762223003872,1.0,tp1,2021,2021-12,2021-12-07,0.0369328174463605,0.9630671825536394,0.03-0.05R,19,4,2,0.4569230769230811,52,4,2,0.6676923076922952,5,3,0.4569230769230811,14,4,0.6676923076922952,True,True,True,True,True,29,7,80,7,True,11,Tuesday,london_ny_overlap,bull,0.808,high,below,below,0.9165596919127836,0.4886731391586237,0.327250905023817,0.0214514400585184,True,below_value,mid_volume,False,True,-0.4050298979950832,0.3461538461538461,True,True,0.5069337442219085,True,True,True,True,False,False,True,False,False,True,True,True,False,False,False,True,True,True,True,True,True,True,False,True,False,False,False,False,False,True,False,True,False,True,True,False,False,False,True,True,True,True,False
7923,15min,m15_2c_1atr,supply,1783.04,1775.53,2021-12-09 17:00:00+00:00,2021-12-09 16:15:00+00:00,2021-12-09 16:30:00+00:00,2021-12-09 16:45:00+00:00,2,1.622516556291417,2.1759105960264695,0.912117177097223,2021-12-09 17:00:00+00:00,2021-12-09 17:05:00+00:00,1774.9,1783.4725714285714,8.572571428571337,0.0,True,157870,157871,0,1774.87,0.805429864253471,0.5575923210238928,1.2073390214638071,-1.143180909212112,-1.0,stop,2021,2021-12,2021-12-09,0.0349953339554729,-1.034995333955473,0.03-0.05R,7,4,2,0.3608521970705778,36,4,2,0.3821571238348727,4,2,0.7150466045272833,18,4,0.7150466045272833,True,True,True,True,True,15,7,72,7,False,12,Thursday,ny_main,bear,0.948,high,inside,below,1.4293344289235752,0.2941176470588598,-0.5462553818554118,-0.9888601352583196,True,below_value,mid_volume,False,True,-0.4625216637781849,0.3214285714285714,True,False,0.4609375000000103,True,True,True,False,True,False,True,False,False,True,True,True,True,True,True,True,True,True,True,True,True,True,False,False,True,False,False,False,False,True,False,False,False,True,True,False,False,True,True,True,True,True,False
7937,15min,m15_2c_1atr,demand,1772.92,1772.11,2021-12-10 15:15:00+00:00,2021-12-10 14:30:00+00:00,2021-12-10 14:45:00+00:00,2021-12-10 15:00:00+00:00,2,2.204164550533144,0.5759268664297678,0.0864197530866034,2021-12-10 15:25:00+00:00,2021-12-10 15:35:00+00:00,1780.52,1771.6851428571429,8.834857142857118,0.1666666666666666,True,158128,158129,1,1780.52,0.7457420924574247,1.2484638768514331,0.4787853308324205,0.5353793415691129,1.0,tp1,2021,2021-12,2021-12-10,0.0339564064420154,0.9660435935579844,0.03-0.05R,2,1,1,1.0,7,3,2,1.0,5,4,0.8765432098764011,9,4,1.0,True,True,True,True,True,12,6,25,7,True,10,Friday,london_ny_overlap,bear,0.8,high,above,above,0.8735632183907405,0.4537712895376985,1.6992540846683666,2.195078939891371,True,below_value,hvn,False,False,-0.3661632494664147,0.7692307692307693,True,True,0.7379576107899843,False,False,False,True,False,False,True,False,False,True,True,True,True,True,True,True,True,True,True,True,True,False,True,False,False,False,True,False,False,True,False,True,True,False,True,True,True,False,True,True,True,True,False
8068,15min,m15_2c_1atr,demand,1805.98,1798.87,2021-12-23 17:15:00+00:00,2021-12-23 16:30:00+00:00,2021-12-23 16:45:00+00:00,2021-12-23 17:00:00+00:00,2,2.116030534351082,3.0393893129771747,0.7510548523206502,2021-12-23 17:15:00+00:00,2021-12-23 17:55:00+00:00,1806.29,1798.5757142857142,7.714285714285779,0.0,True,160640,160641,7,1806.28,0.7727272727272962,0.929444444444446,0.4316666666666536,0.6637037037037135,0.6637037037037135,time,2021,2021-12,2021-12-23,0.0388888888888885,0.6248148148148249,0.03-0.05R,12,3,2,0.3713080168776445,25,4,2,0.3713080168776445,1,1,0.3980309423347544,6,4,0.3980309423347544,True,True,True,True,True,14,5,37,7,True,12,Thursday,ny_main,bull,0.896,high,inside,inside,1.30790027035153,0.6381578947368677,0.3207670908925481,0.2494845623599476,True,below_value,mid_volume,True,True,-0.3662037037037065,0.7096774193548387,True,True,0.1578266494178556,True,True,True,True,False,False,True,False,False,False,False,False,True,True,True,True,True,True,True,True,True,True,False,False,True,False,False,False,False,True,False,True,False,True,True,True,False,True,True,True,True,True,False
8394,15min,m15_2c_1atr,demand,1841.93,1839.79,2022-01-25 17:00:00+00:00,2022-01-25 16:15:00+00:00,2022-01-25 16:30:00+00:00,2022-01-25 16:45:00+00:00,2,3.1893591293833796,0.7245465538089915,0.4299065420559824,2022-01-25 17:05:00+00:00,2022-01-25 17:35:00+00:00,1845.29,1839.087857142857,6.202142857142917,0.0833333333333333,True,166679,166680,5,1845.29,0.524714828897317,1.3833928365771948,1.0689853737187314,-1.920304042381623,1.0,tp1,2022,2022-01,2022-01-25,0.0483703789013009,0.9516296210986992,0.03-0.05R,9,3,2,0.8831775700934634,16,3,2,0.8831775700934634,2,1,1.0,2,1,1.0,True,True,True,True,True,13,7,20,7,True,12,Tuesday,ny_main,bull,0.982,high,above,above,0.3957783641160988,0.7518427518427502,0.6201491320623284,1.1374922465220885,True,value_low_half,hvn,True,True,-0.1434987907405055,0.9772727272727272,False,False,,True,True,False,True,False,False,True,False,False,False,False,False,True,False,False,True,True,True,True,True,True,True,True,False,False,False,True,True,False,False,False,False,True,False,True,True,False,False,True,True,True,True,False
8410,15min,m15_2c_1atr,supply,1832.92,1824.5,2022-01-26 21:45:00+00:00,2022-01-26 21:00:00+00:00,2022-01-26 21:15:00+00:00,2022-01-26 21:30:00+00:00,2,2.993883792048935,2.574923547400648,0.3836104513064121,2022-01-26 21:50:00+00:00,2022-01-26 21:55:00+00:00,1820.9,1833.9071428571428,13.007142857142751,0.0833333333333333,True,167007,167008,0,1820.83,0.1587561374795429,2.236463481603544,0.0953322350356961,2.015815485996723,1.0,tp1,2022,2022-01,2022-01-26,0.0230642504118618,0.9769357495881382,<=0.03R,1,1,1,0.2030878859857507,4,2,2,0.2030878859857507,0,0,0.0,16,4,0.4738717339667428,True,True,True,False,True,1,1,36,7,True,16,Wednesday,ny_main,bear,0.992,high,below,below,0.702095808383193,0.4137214137214105,-1.997424485017227,-3.0187261110114787,True,below_value,mid_volume,False,False,-1.3869302580999536,0.3333333333333333,True,True,0.0509641873278296,True,True,False,False,True,True,True,True,False,True,True,True,False,False,False,False,True,True,True,False,True,True,True,False,False,False,False,False,False,True,False,True,False,True,True,True,False,False,True,True,True,True,False
8435,15min,m15_2c_1atr,demand,1787.56,1780.44,2022-01-28 13:45:00+00:00,2022-01-28 13:00:00+00:00,2022-01-28 13:15:00+00:00,2022-01-28 13:30:00+00:00,2,1.6396002498438484,3.113054341036806,0.9199438202247588,2022-01-28 13:45:00+00:00,2022-01-28 14:15:00+00:00,1787.82,1780.1588571428572,7.66114285714275,0.0,True,167467,167468,5,1787.84,0.928571428571366,0.7544566271350858,0.9319758335197996,0.6004326098307117,0.6004326098307117,time,2022,2022-01,2022-01-28,0.0391586484672191,0.5612739613634925,0.03-0.05R,1,1,1,1.0,1,1,1,1.0,0,0,0.0,1,1,0.1474719101123554,True,True,True,False,True,1,1,3,3,True,9,Friday,london_ny_overlap,bear,0.764,high,inside,above,1.700149925037467,0.7986577181208371,0.5508628283377068,-0.4838993492554679,True,below_value,mid_volume,False,False,-1.272656075184623,0.3382352941176471,True,True,0.5840197693574843,False,False,True,True,False,False,True,False,False,False,False,False,True,True,True,False,True,True,True,False,True,False,False,False,True,False,False,False,False,True,False,True,False,True,True,False,False,True,True,True,True,True,True
8559,15min,m15_2c_1atr,supply,1836.14,1834.57,2022-02-10 10:15:00+00:00,2022-02-10 09:30:00+00:00,2022-02-10 09:45:00+00:00,2022-02-10 10:00:00+00:00,2,2.2729885057471795,1.579022988505955,0.3757961783440025,2022-02-10 15:40:00+00:00,2022-02-10 15:50:00+00:00,1828.09,1836.7037142857143,8.613714285714423,5.416666666666667,True,169970,169971,1,1828.08,0.5953878406708923,0.3250630224227042,1.03904073238688,-0.4167772323205622,-1.0,stop,2022,2022-02,2022-02-10,0.0348281809738617,-1.0348281809738618,0.03-0.05R,4,3,2,1.0,4,3,2,1.0,0,0,0.0,2,2,1.0,True,True,True,False,True,4,3,8,7,False,10,Thursday,london_ny_overlap,bull,0.884,high,below,below,0.7268336854814409,0.6448979591836782,-0.2751660117979504,-0.5874867792220322,True,value_high_half,mid_volume,False,True,0.1282837999203928,0.5925925925925926,False,False,,True,True,True,False,True,False,True,False,False,True,True,True,True,False,False,False,True,True,True,True,True,False,True,False,False,False,False,False,True,False,False,False,False,False,True,True,False,False,True,True,True,True,False
8614,15min,m15_2c_1atr,demand,1865.98,1864.19,2022-02-16 19:30:00+00:00,2022-02-16 18:30:00+00:00,2022-02-16 18:45:00+00:00,2022-02-16 19:15:00+00:00,3,1.8624813153960476,0.7491778774289873,0.0055865921787659,2022-02-16 20:50:00+00:00,2022-02-16 21:10:00+00:00,1871.1,1863.874857142857,7.225142857142828,1.3333333333333333,True,171138,171139,3,1871.1,0.8800000000000021,4.153551091426779,0.6505061689338592,3.819993672888361,1.0,tp1,2022,2022-02,2022-02-16,0.0415216703574819,0.958478329642518,0.03-0.05R,1,1,1,1.0,1,1,1,1.0,2,2,1.0,2,2,1.0,True,True,True,True,True,5,5,5,5,True,16,Wednesday,ny_main,bull,0.662,high,above,above,1.0841889117043413,0.8472418670438562,1.1588906708956808,2.366286088760095,True,above_value,mid_volume,False,False,1.7764354634609425,0.4651162790697674,False,False,,True,True,True,True,False,False,True,False,False,False,False,True,True,True,True,True,True,True,True,True,True,True,True,False,False,False,False,False,False,False,True,False,True,False,True,False,True,False,True,True,True,True,False
8626,15min,m15_2c_1atr,demand,1886.92,1885.69,2022-02-17 15:30:00+00:00,2022-02-17 14:45:00+00:00,2022-02-17 15:00:00+00:00,2022-02-17 15:15:00+00:00,2,2.425260718424094,0.49884125144844,0.1138211382112769,2022-02-17 16:10:00+00:00,2022-02-17 16:25:00+00:00,1891.88,1885.074,6.80600000000004,0.6666666666666666,True,171357,171358,2,1891.87,0.7372093023255533,1.5574493094328308,0.7801939465177993,0.3423449897149447,1.0,tp1,2022,2022-02,2022-02-17,0.0440787540405521,0.9559212459594478,0.03-0.05R,2,2,1,1.0,2,2,1,1.0,2,2,0.6422764227641886,2,2,0.6422764227641886,True,True,True,True,True,6,6,6,6,True,11,Thursday,london_ny_overlap,bull,0.87,high,above,above,1.2813651347682349,0.851315789473698,0.3663263670241035,1.2124727840720253,True,value_high_half,hvn,True,True,0.0080811049074439,1.0,False,False,,True,True,True,True,False,False,True,False,False,False,True,True,True,True,True,True,True,True,True,True,True,True,True,False,False,False,True,False,True,False,False,False,True,False,True,True,True,False,True,True,True,True,False
8697,15min,m15_2c_1atr,demand,1905.4,1892.86,2022-02-25 14:15:00+00:00,2022-02-25 13:30:00+00:00,2022-02-25 13:45:00+00:00,2022-02-25 14:00:00+00:00,2,1.7491425771680686,2.86722195002453,0.7615629984050885,2022-02-25 14:15:00+00:00,2022-02-25 14:35:00+00:00,1906.06,1892.2637142857145,13.79628571428566,0.0,True,172962,172963,3,1906.06,0.6307692307692989,0.0659597821359848,1.132188787872509,0.5189802638391365,-1.0,stop,2022,2022-02,2022-02-25,0.0217449831217512,-1.021744983121751,<=0.03R,2,2,1,1.0,42,4,2,1.0,10,4,1.0,20,4,1.0,True,True,True,True,True,22,6,82,7,False,9,Friday,london_ny_overlap,bear,0.832,high,above,above,1.399999999999995,0.4430769230769398,0.2291158895607141,-0.4471872848247296,True,value_low_half,mid_volume,False,True,-0.9872222337275004,0.3099415204678362,True,True,0.1010260457774242,True,True,True,True,False,True,True,True,False,False,False,True,True,True,False,True,True,True,True,True,True,False,True,False,False,False,False,True,False,False,False,True,False,True,True,False,False,True,True,True,True,True,False
8710,15min,m15_2c_1atr,demand,1911.65,1908.29,2022-02-28 16:00:00+00:00,2022-02-28 15:15:00+00:00,2022-02-28 15:30:00+00:00,2022-02-28 15:45:00+00:00,2,1.747048903878586,0.8813940415964264,0.0446428571428825,2022-02-28 16:30:00+00:00,2022-02-28 16:40:00+00:00,1914.8,1907.7014285714288,7.098571428571404,0.5,True,173263,173264,1,1914.84,0.9596412556053502,0.3465486013282414,1.0988126383578158,1.7214731334272588,-1.0,stop,2022,2022-02,2022-02-28,0.0422620245522239,-1.0422620245522238,0.03-0.05R,5,3,2,1.0,21,4,2,1.0,2,1,1.0,10,4,1.0,True,True,True,True,True,9,7,41,7,False,11,Monday,london_ny_overlap,bear,0.744,high,above,above,0.7822014051522503,0.8344907407407353,0.3895552313491738,1.199066353632441,True,value_high_half,hvn,True,True,0.1718655665123812,0.9846153846153848,True,True,0.1028542041655956,True,True,False,True,False,False,True,False,False,True,True,True,True,True,True,True,True,True,True,True,True,False,True,False,False,False,True,False,True,False,False,True,True,False,True,False,True,False,True,True,True,True,False
8739,15min,m15_2c_1atr,demand,1929.15,1923.34,2022-03-02 15:45:00+00:00,2022-03-02 14:15:00+00:00,2022-03-02 14:30:00+00:00,2022-03-02 15:30:00+00:00,5,1.509704027171288,0.9866569626395214,0.8846815834767551,2022-03-02 16:20:00+00:00,2022-03-02 17:00:00+00:00,1929.54,1922.7202857142856,6.819714285714326,0.5833333333333334,True,173819,173820,7,1929.5,0.4617737003057781,0.8812685910595267,1.1202815367212449,-0.2786040470903466,-1.0,stop,2022,2022-03,2022-03-02,0.0439901126984789,-1.043990112698479,0.03-0.05R,6,4,2,1.0,6,4,2,1.0,5,4,0.0722891566265164,5,4,0.0722891566265164,True,True,True,True,True,16,7,16,7,False,12,Wednesday,ny_main,bull,0.752,high,above,above,1.2984658298466,0.8255159474671526,0.4008012503638921,0.3116782182605622,True,below_value,hvn,False,False,-1.173802840504429,0.8064516129032258,False,False,,True,True,True,True,False,False,True,False,False,False,False,False,True,False,False,True,True,True,True,True,True,True,True,False,False,False,True,False,False,True,False,False,True,False,True,False,False,True,True,True,True,True,True
8784,15min,m15_2c_1atr,supply,1992.49,1989.35,2022-03-07 14:30:00+00:00,2022-03-07 13:45:00+00:00,2022-03-07 14:00:00+00:00,2022-03-07 14:15:00+00:00,2,1.5972864631513648,0.6777674992291267,0.0764331210190363,2022-03-07 18:45:00+00:00,2022-03-07 19:10:00+00:00,1983.61,1993.3331428571428,9.723142857142877,4.25,True,174673,174674,4,1983.6,0.824601366742605,0.8968293614645247,1.169374981634402,-7.983015485880518,-1.0,stop,2022,2022-03,2022-03-07,0.0308542211513031,-1.0308542211513032,0.03-0.05R,6,3,2,1.0,6,3,2,1.0,0,0,0.0,0,0,0.0,True,True,True,False,False,6,3,6,3,False,14,Monday,ny_main,bull,0.998,high,below,below,0.9639855942376888,0.0,-0.150124388934717,-0.1884182555680329,True,value_high_half,hvn,False,True,0.3260262701654442,0.9382716049382716,False,False,,True,True,True,False,True,False,True,False,False,False,False,False,True,True,True,False,False,True,True,True,True,False,True,False,False,False,True,False,True,False,False,False,True,False,True,False,True,False,True,True,True,True,False
8885,15min,m15_2c_1atr,supply,1925.8,1921.52,2022-03-16 14:30:00+00:00,2022-03-16 13:30:00+00:00,2022-03-16 13:45:00+00:00,2022-03-16 14:15:00+00:00,3,2.370175438596435,1.3140350877192926,0.6799065420560451,2022-03-16 15:05:00+00:00,2022-03-16 15:20:00+00:00,1919.52,1926.3374285714283,6.817428571428536,0.5833333333333334,True,176571,176572,2,1919.48,0.426621160409547,3.592263526256254,1.0077113281086516,-3.816688319852496,1.0,tp1,2022,2022-03,2022-03-16,0.04400486148946,0.95599513851054,0.03-0.05R,16,4,2,1.0,16,4,2,1.0,1,1,1.0,5,2,1.0,True,True,True,True,True,18,5,26,7,True,11,Wednesday,london_ny_overlap,bear,0.42,mid,below,below,0.6137504828118946,0.2811671087533025,-0.3503611550263494,-0.3172488841602283,True,above_value,mid_volume,False,True,0.866895771342341,0.3260869565217391,False,False,,True,True,True,False,True,False,True,False,False,False,True,True,False,False,False,True,True,True,True,True,True,True,True,False,False,False,False,False,False,False,True,False,False,False,True,True,False,True,True,True,True,True,False
8897,15min,m15_2c_1atr,supply,1946.67,1942.14,2022-03-17 14:30:00+00:00,2022-03-17 13:30:00+00:00,2022-03-17 13:45:00+00:00,2022-03-17 14:15:00+00:00,3,2.218885552218917,1.0580580580580667,0.5960264900662388,2022-03-17 14:35:00+00:00,2022-03-17 14:45:00+00:00,1938.52,1947.3385714285712,8.818571428571431,0.0833333333333333,True,176840,176841,1,1938.45,0.577586206896546,0.195042928883852,1.009233759922252,0.5318321723635245,-1.0,stop,2022,2022-03,2022-03-17,0.0340191155029969,-1.034019115502997,0.03-0.05R,3,3,2,1.0,5,4,2,1.0,4,4,0.7505518763796654,9,4,1.0,True,True,True,True,True,11,7,23,7,False,10,Thursday,london_ny_overlap,bull,0.696,high,below,below,0.5804562268804134,0.4311740890688432,-0.363306953600436,-0.2759504672902367,True,above_value,mid_volume,False,False,4.043171877531206,0.7087378640776699,True,True,0.2202020202020156,True,False,True,False,True,False,True,False,False,True,True,True,True,False,False,True,True,True,True,True,True,False,True,False,False,False,False,False,False,False,True,True,False,False,True,True,False,False,True,True,True,True,True
8994,15min,m15_2c_1atr,supply,1943.76,1940.0,2022-03-28 16:15:00+00:00,2022-03-28 15:30:00+00:00,2022-03-28 15:45:00+00:00,2022-03-28 16:00:00+00:00,2,1.7832100353811466,0.8465744612415446,0.4654255319148947,2022-03-28 17:20:00+00:00,2022-03-28 17:30:00+00:00,1935.76,1944.4968571428572,8.736857142857161,1.0833333333333333,True,178793,178794,1,1935.69,0.3521594684385211,5.228424735929883,0.4887340985643711,2.579875077667671,1.0,tp1,2022,2022-03,2022-03-28,0.0343372902972627,0.9656627097027372,0.03-0.05R,4,3,2,1.0,12,4,2,1.0,0,0,0.0,16,4,1.0,True,True,True,False,True,4,3,44,7,True,13,Monday,ny_main,bear,0.988,high,above,above,0.5063357972544866,0.5647921760391178,0.2748657849035547,0.4452302033006768,True,value_high_half,hvn,False,True,0.8733117498937285,0.7727272727272727,True,True,0.2202020202020156,True,True,True,False,True,False,True,False,False,True,True,True,False,False,False,False,True,True,True,True,True,True,False,True,False,False,True,False,True,False,False,True,True,False,True,False,False,False,True,True,False,True,True
9049,15min,m15_2c_1atr,supply,1932.86,1925.49,2022-04-01 16:15:00+00:00,2022-04-01 15:30:00+00:00,2022-04-01 15:45:00+00:00,2022-04-01 16:00:00+00:00,2,2.020671834625313,1.904392764857859,0.2401628222523756,2022-04-01 16:15:00+00:00,2022-04-01 16:30:00+00:00,1924.35,1933.538857142857,9.18885714285716,0.0,True,179885,179886,2,1924.37,0.7762237762237512,0.0467958085880235,1.0120953950437044,-0.6845247349274161,-1.0,stop,2022,2022-04,2022-04-01,0.0326482385497962,-1.0326482385497964,0.03-0.05R,6,4,2,0.5820895522388096,33,4,2,0.7747625508819395,5,3,0.3921302578019189,17,4,0.8670284938941611,True,True,True,True,True,16,7,67,7,False,12,Friday,ny_main,bear,0.926,high,inside,inside,0.6616804583068203,0.8677777777777718,0.7714338120729702,0.471677529764336,True,below_value,mid_volume,False,True,-1.3685053325456322,0.4150943396226415,True,True,0.1606557377049194,True,True,True,False,True,False,True,False,False,False,True,True,True,True,True,True,True,True,True,True,True,True,False,False,True,False,False,False,False,True,False,True,False,False,True,True,True,False,True,True,False,True,True
9050,15min,m15_2c_1atr,demand,1928.15,1922.38,2022-04-01 16:45:00+00:00,2022-04-01 16:00:00+00:00,2022-04-01 16:15:00+00:00,2022-04-01 16:30:00+00:00,2,1.7154678548695286,1.2854869509866351,0.5840554592721194,2022-04-01 17:05:00+00:00,2022-04-01 17:15:00+00:00,1930.19,1921.784,8.405999999999949,0.3333333333333333,True,179894,179895,1,1930.27,0.6866952789698725,0.1463240542469695,1.3728289317154454,0.4841779681180063,-1.0,stop,2022,2022-04,2022-04-01,0.0356887937187725,-1.0356887937187724,0.03-0.05R,2,2,1,0.6759098786828602,23,4,2,0.9445407279029572,11,4,0.7383015597920285,28,4,0.8422876949739888,True,True,True,True,True,24,6,79,7,False,13,Friday,ny_main,bear,0.952,high,below,below,0.6053282865045949,0.0530846484935278,-0.7020396609510876,-0.9232778666957484,True,below_value,lvn,False,True,-0.8309540804187416,0.1320754716981132,True,True,0.3731958762886585,True,True,True,True,False,False,True,False,False,True,True,True,True,True,False,True,True,True,True,True,True,False,False,True,False,True,False,False,False,True,False,True,False,False,True,False,False,False,True,True,False,True,True
9065,15min,m15_2c_1atr,demand,1932.8,1925.35,2022-04-04 17:30:00+00:00,2022-04-04 16:45:00+00:00,2022-04-04 17:00:00+00:00,2022-04-04 17:15:00+00:00,2,1.5142269454919268,1.787795680493664,0.9744966442952948,2022-04-04 17:30:00+00:00,2022-04-04 17:45:00+00:00,1932.98,1924.634,8.346000000000004,0.0,True,180176,180177,2,1933.05,0.9958158995815936,0.4001917086029136,1.0627845674574783,-0.72369997603642,-1.0,stop,2022,2022-04,2022-04-04,0.0359453630481667,-1.0359453630481668,0.03-0.05R,8,3,2,1.0,35,4,2,1.0,1,1,0.7758389261744882,23,4,0.9906040268456462,True,True,True,True,True,10,5,81,7,False,13,Monday,ny_main,bear,0.91,high,above,above,0.4267053701016192,0.5329341317365318,0.7236362077424545,1.0287971526307709,True,value_low_half,hvn,True,True,-0.080877066858397,0.8536585365853658,True,True,0.4265536723163952,True,True,False,True,False,False,True,False,False,False,True,True,True,True,True,True,True,True,True,True,True,False,True,False,False,False,True,True,False,False,False,True,False,False,True,False,False,True,True,True,True,True,True
9108,15min,m15_2c_1atr,supply,1934.1,1930.31,2022-04-07 15:45:00+00:00,2022-04-07 15:00:00+00:00,2022-04-07 15:15:00+00:00,2022-04-07 15:30:00+00:00,2,1.8891468369123048,1.5397562391178017,0.5672823218997056,2022-04-07 16:00:00+00:00,2022-04-07 16:20:00+00:00,1928.27,1934.5634285714284,6.2934285714284215,0.25,True,180987,180988,3,1928.28,0.3825136612021783,0.2542334407772195,1.2044309256821346,-2.802923684569021,-1.0,stop,2022,2022-04,2022-04-07,0.0476687701457313,-1.0476687701457317,0.03-0.05R,2,2,1,1.0,30,4,2,1.0,4,2,0.8284960422163932,18,3,1.0,True,True,True,True,True,10,6,66,7,False,12,Thursday,ny_main,bull,0.72,high,inside,inside,0.4691172793198038,0.0901162790697501,-0.3156092060407519,-0.0874580039701548,True,above_value,lvn,False,False,0.9462250873927562,0.0625,True,True,0.1606557377049194,True,True,True,False,True,False,True,False,False,False,False,True,False,False,False,True,True,True,True,True,True,False,False,False,True,True,False,False,False,False,True,True,False,False,True,False,False,False,True,True,True,True,False
9124,15min,m15_2c_1atr,supply,1938.78,1932.29,2022-04-08 15:45:00+00:00,2022-04-08 15:00:00+00:00,2022-04-08 15:15:00+00:00,2022-04-08 15:30:00+00:00,2,2.740340909090963,2.5812500000000167,0.6302003081663964,2022-04-08 15:50:00+00:00,2022-04-08 15:55:00+00:00,1931.87,1939.2705714285712,7.400571428571539,0.0833333333333333,True,181258,181259,0,1931.82,0.1491228070175946,0.1418809358350624,1.139101227704416,-2.6241216894448014,-1.0,stop,2022,2022-04,2022-04-08,0.040537410238591,-1.040537410238591,0.03-0.05R,12,4,2,0.5346687211094026,33,4,2,0.5346687211094026,4,2,0.9892141756548636,23,4,0.9892141756548636,True,True,True,True,True,20,7,79,7,False,11,Friday,london_ny_overlap,bull,0.688,high,below,below,0.7965321051205322,0.5525000000000091,-0.6818627943292372,-0.5684130120473734,True,above_value,mid_volume,False,True,0.5114469925102035,0.4347826086956521,True,True,0.1462673611111066,True,True,True,False,True,False,True,False,False,True,True,True,False,False,False,True,True,True,True,True,True,False,True,False,False,False,False,False,False,False,True,True,False,True,True,True,False,False,True,True,True,True,False
9137,15min,m15_2c_1atr,supply,1964.1,1960.75,2022-04-11 17:00:00+00:00,2022-04-11 16:15:00+00:00,2022-04-11 16:30:00+00:00,2022-04-11 16:45:00+00:00,2,2.7017940843704613,0.7580410538225091,0.1074626865671372,2022-04-12 15:10:00+00:00,2022-04-12 15:30:00+00:00,1955.36,1964.6537142857144,9.29371428571426,22.166666666666668,True,181805,181806,3,1955.49,0.855305466237996,0.0021519921298554,1.3891109198229346,-2.51352680767341,-1.0,stop,2022,2022-04,2022-04-12,0.0322798819478604,-1.0322798819478605,0.03-0.05R,3,3,2,1.0,3,3,2,1.0,0,0,0.0,5,3,1.0,True,True,True,False,True,3,3,13,7,False,11,Tuesday,london_ny_overlap,bull,0.854,high,above,above,0.905979543666396,0.7981438515081294,2.093679931751754,2.568049645602793,True,above_value,mid_volume,False,False,1.0948259960649267,0.5087719298245614,False,False,,True,False,True,False,True,False,True,False,False,False,False,True,True,True,True,False,True,True,True,True,True,False,False,True,False,False,False,False,False,False,True,False,True,False,True,True,True,False,True,True,False,True,True
9152,15min,m15_2c_1atr,demand,1956.17,1952.46,2022-04-12 15:15:00+00:00,2022-04-12 14:30:00+00:00,2022-04-12 14:45:00+00:00,2022-04-12 15:00:00+00:00,2,2.515293469275278,1.4312482777624846,0.560646900269578,2022-04-12 15:25:00+00:00,2022-04-12 15:35:00+00:00,1965.59,1951.8727142857144,13.71728571428548,0.1666666666666666,True,181806,181807,1,1965.58,0.7904098994586216,1.098613844888128,0.3594005477968303,1.0067589381489763,1.0,tp1,2022,2022-04,2022-04-12,0.0218702158902743,0.9781297841097256,<=0.03R,10,4,2,0.6199460916441866,14,4,2,0.6199460916441866,2,1,0.8652291105121307,6,2,1.0,True,True,True,True,True,14,7,26,7,True,11,Tuesday,london_ny_overlap,bull,0.854,high,above,above,0.905979543666396,0.7981438515081294,2.093679931751754,2.568049645602793,True,value_high_half,hvn,False,True,0.1505399860447259,0.8421052631578947,False,False,,True,True,True,True,False,True,True,True,False,True,True,True,True,True,True,True,True,True,True,True,True,True,True,False,False,False,True,False,True,False,False,False,False,False,True,True,False,False,True,True,True,True,False
9153,15min,m15_2c_1atr,demand,1961.06,1955.23,2022-04-12 16:00:00+00:00,2022-04-12 15:15:00+00:00,2022-04-12 15:30:00+00:00,2022-04-12 15:45:00+00:00,2,3.7818707114481938,1.4738172625496415,0.6792452830188827,2022-04-12 16:55:00+00:00,2022-04-12 17:20:00+00:00,1967.27,1954.596,12.673999999999978,0.9166666666666666,True,181827,181828,4,1967.37,0.8693790149892682,1.0564936089632415,0.346378412498018,0.8758087423070797,1.0,tp1,2022,2022-04,2022-04-12,0.0236705065488401,0.9763294934511598,<=0.03R,5,3,2,1.0,9,4,2,1.0,1,1,0.6432246998284814,5,2,0.6432246998284814,True,True,True,True,True,7,5,19,7,True,13,Tuesday,ny_main,bull,0.996,high,above,above,0.5996615024085343,0.6310975609755956,0.3691256522946469,0.9528473259788816,True,value_high_half,mid_volume,False,True,0.4651254536847082,0.7230769230769231,False,False,,True,True,True,True,False,True,True,True,False,False,False,False,True,True,True,True,True,True,True,True,True,True,True,False,False,False,False,False,True,False,False,False,False,False,True,True,False,True,True,True,True,True,False
9242,15min,m15_2c_1atr,supply,1946.86,1940.7,2022-04-21 18:45:00+00:00,2022-04-21 17:45:00+00:00,2022-04-21 18:00:00+00:00,2022-04-21 18:30:00+00:00,3,1.74706649282917,1.606258148631004,0.2889610389610413,2022-04-21 18:50:00+00:00,2022-04-21 19:00:00+00:00,1939.98,1947.2522857142856,7.272285714285545,0.0833333333333333,True,183503,183504,1,1940.01,0.5138888888889569,0.2323891093387942,1.193572466899813,0.5101559737555663,-1.0,stop,2022,2022-04,2022-04-21,0.0412525046163526,-1.0412525046163528,0.03-0.05R,6,3,2,1.0,14,3,2,1.0,0,0,0.0,11,4,0.4594155844155834,True,True,True,False,True,6,3,36,7,False,15,Thursday,ny_main,bear,0.876,high,below,below,1.3242473555736791,0.2477477477477242,-0.7778212518440139,-1.2590911449978184,True,below_value,hvn,False,True,-1.095941539307773,0.8604651162790697,True,False,0.2231866088034678,True,True,True,False,True,False,True,False,False,True,True,True,True,False,False,False,True,True,True,True,True,True,True,False,False,False,True,False,False,True,False,False,False,False,True,False,True,False,True,True,True,True,True
9284,15min,m15_2c_1atr,supply,1909.66,1904.9,2022-04-26 14:45:00+00:00,2022-04-26 13:45:00+00:00,2022-04-26 14:00:00+00:00,2022-04-26 14:30:00+00:00,3,1.850053937432519,1.797195253505922,0.9054621848739398,2022-04-26 15:00:00+00:00,2022-04-26 15:05:00+00:00,1903.24,1910.036285714286,6.796285714285887,0.25,True,184284,184285,0,1903.26,0.1155555555555515,0.423760877790395,1.13002900744102,1.1491571026190406,-1.0,stop,2022,2022-04,2022-04-26,0.0441417581031644,-1.0441417581031645,0.03-0.05R,9,4,2,1.0,9,4,2,1.0,2,2,0.5357142857142771,2,2,0.5357142857142771,True,True,True,True,True,13,7,13,7,False,11,Tuesday,london_ny_overlap,bear,0.52,mid,inside,inside,1.4967814161768564,0.7599999999999703,-0.144574741133725,0.1366208685310569,True,above_value,lvn,False,False,0.5929709505192056,0.2058823529411764,False,False,,True,True,True,False,True,False,True,False,False,True,True,True,False,False,False,True,True,True,True,True,True,True,False,False,True,True,False,False,False,False,True,False,False,False,True,False,False,True,True,True,True,True,False
9360,15min,m15_2c_1atr,demand,1864.0,1856.79,2022-05-03 16:15:00+00:00,2022-05-03 15:30:00+00:00,2022-05-03 15:45:00+00:00,2022-05-03 16:00:00+00:00,2,1.5150360016941742,2.137653536637038,0.0596393897364541,2022-05-03 16:15:00+00:00,2022-05-03 16:35:00+00:00,1867.33,1856.2385714285713,11.09142857142865,0.0,True,185682,185683,3,1867.28,0.7793427230046815,0.971921689850583,0.531942297784631,-0.277691911385875,-0.277691911385875,time,2022,2022-05,2022-05-03,0.0270479134466767,-0.3047398248325518,<=0.03R,14,4,2,0.6588072122052672,14,4,2,0.6588072122052672,2,2,1.0,2,2,1.0,True,True,True,True,True,18,7,18,7,False,12,Tuesday,ny_main,bear,0.814,high,above,above,0.8950146627565957,0.9587242026266788,1.3058500367728931,1.9749151061006336,True,value_low_half,hvn,True,True,-0.2123261205564143,0.9772727272727272,False,False,,True,True,False,True,False,True,True,True,False,False,False,True,True,True,True,True,True,True,True,True,True,False,True,False,False,False,True,True,False,False,False,False,False,True,True,False,True,False,True,True,True,True,False
9434,15min,m15_2c_1atr,supply,1859.87,1856.9,2022-05-10 18:00:00+00:00,2022-05-10 17:15:00+00:00,2022-05-10 17:30:00+00:00,2022-05-10 17:45:00+00:00,2,2.2051093548980045,0.7641977577650737,0.0875420875420903,2022-05-11 16:45:00+00:00,2022-05-11 17:10:00+00:00,1850.52,1860.6907142857144,10.170714285714212,22.75,True,187345,187346,4,1850.48,0.6658163265305743,1.4590912283165978,0.8101692534588171,0.9399536484303688,1.0,tp1,2022,2022-05,2022-05-11,0.0294964534026268,0.9705035465973731,<=0.03R,3,3,2,1.0,4,4,2,1.0,5,4,1.0,7,4,1.0,True,True,True,True,True,13,7,18,7,True,13,Wednesday,ny_main,bear,0.986,high,below,below,0.414696160691573,0.3652777777777706,-0.1220219644607951,-0.0368916890654802,True,above_value,lvn,False,False,1.3406138071493874,0.1785714285714285,True,True,0.3473913043478265,True,True,True,False,True,True,True,True,False,False,False,False,True,True,False,True,True,True,True,True,True,True,True,False,False,True,False,False,False,False,True,True,True,False,True,True,True,False,True,True,True,True,False
9515,15min,m15_2c_1atr,demand,1811.93,1808.18,2022-05-18 15:45:00+00:00,2022-05-18 15:00:00+00:00,2022-05-18 15:15:00+00:00,2022-05-18 15:30:00+00:00,2,1.7567178502878449,1.2595969289827305,0.0826666666666521,2022-05-18 15:50:00+00:00,2022-05-18 16:05:00+00:00,1813.73,1807.7025714285712,6.0274285714285725,0.0833333333333333,True,188711,188712,2,1813.73,0.8762886597937741,5.182973075464544,0.6619738339021629,5.045269245354582,1.0,tp1,2022,2022-05,2022-05-18,0.0497724687144482,0.9502275312855518,0.03-0.05R,5,3,2,1.0,18,3,2,1.0,5,4,0.6506666666666205,5,4,0.6506666666666205,True,True,True,True,True,15,7,28,7,True,12,Wednesday,ny_main,bear,0.712,high,below,below,0.6606813996317372,0.7758620689655299,0.5504181371588397,0.2965112503483422,True,value_low_half,mid_volume,False,True,-0.944847364429265,0.6304347826086957,False,False,,True,True,True,True,False,False,True,False,False,False,True,True,True,True,True,True,True,True,True,True,True,False,False,True,False,False,False,True,False,False,False,False,False,False,True,False,True,False,True,True,True,True,False
9720,15min,m15_2c_1atr,demand,1851.31,1844.6,2022-06-08 16:00:00+00:00,2022-06-08 15:15:00+00:00,2022-06-08 15:30:00+00:00,2022-06-08 15:45:00+00:00,2,2.301526717557223,2.5610687022900698,0.7347242921013468,2022-06-08 16:00:00+00:00,2022-06-08 16:05:00+00:00,1852.96,1844.204714285714,8.755285714285947,0.0,True,192805,192806,0,1852.96,0.35600000000004,0.7606833423074673,1.0427986359260375,-1.0656419795388543,-1.0,stop,2022,2022-06,2022-06-08,0.034265015419256,-1.034265015419256,0.03-0.05R,18,4,2,0.5499254843517191,43,4,2,0.5499254843517191,1,1,0.1281669150521453,28,4,0.7779433681073024,True,True,True,True,True,20,5,99,7,False,12,Wednesday,ny_main,bull,0.85,high,above,above,0.7345109412074853,0.9595588235293654,1.0448539930973857,1.4187658604760385,True,below_value,mid_volume,True,True,-0.2050190089252235,0.7407407407407407,True,True,0.186532507739929,True,True,True,True,False,False,True,False,False,True,True,True,False,False,False,True,True,True,True,True,True,True,True,False,False,False,False,False,False,True,False,True,False,True,True,True,False,True,True,True,True,True,False
9984,15min,m15_2c_1atr,demand,1764.84,1760.14,2022-07-06 16:00:00+00:00,2022-07-06 15:15:00+00:00,2022-07-06 15:30:00+00:00,2022-07-06 15:45:00+00:00,2,1.9125146198830785,1.53918128654964,0.6127659574468071,2022-07-06 16:00:00+00:00,2022-07-06 16:05:00+00:00,1767.13,1759.6318571428571,7.498142857142966,0.0,True,198235,198236,0,1767.2,0.5309278350515174,0.0986911044639319,1.561720044963497,-2.525958808847876,-1.0,stop,2022,2022-07,2022-07-06,0.0400099072151193,-1.0400099072151194,0.03-0.05R,6,4,2,0.3851063829787267,6,4,2,0.3851063829787267,1,1,0.0297872340425272,1,1,0.0297872340425272,True,True,True,True,True,8,5,8,5,False,12,Wednesday,ny_main,bear,0.844,high,above,above,1.2971859986273009,0.4150485436893402,0.6343118532587009,0.4725843004994515,True,below_value,hvn,False,True,-0.501457503762828,0.8181818181818182,False,False,,False,False,True,True,False,False,True,False,False,True,True,True,True,False,False,True,True,True,True,True,True,False,True,False,False,False,True,False,False,True,False,False,False,False,True,False,False,False,True,True,True,True,False
10078,15min,m15_2c_1atr,supply,1713.72,1705.39,2022-07-15 16:45:00+00:00,2022-07-15 16:00:00+00:00,2022-07-15 16:15:00+00:00,2022-07-15 16:30:00+00:00,2,2.0063069376314124,2.0430974071478474,0.7478991596638742,2022-07-15 16:45:00+00:00,2022-07-15 16:50:00+00:00,1702.28,1714.337,12.057000000000016,0.0,True,200176,200177,0,1702.42,0.9967426710097748,0.2662353819358076,1.0052251803931411,-1.113046363108572,-1.0,stop,2022,2022-07,2022-07-15,0.0248818113958695,-1.0248818113958695,<=0.03R,11,4,2,0.9111644657863126,16,4,2,0.9111644657863126,3,2,0.5366146458583513,3,2,0.5366146458583513,True,True,True,True,True,17,7,22,7,False,12,Friday,ny_main,bear,0.92,high,inside,inside,0.3997972287935253,0.1597796143251066,-0.8209249912298789,-0.778633853799578,True,value_low_half,hvn,True,True,-0.0576428630670925,0.945945945945946,False,False,,True,True,True,False,True,True,True,True,False,True,True,True,True,True,True,True,True,True,True,True,True,True,False,False,True,False,True,True,False,False,False,False,False,True,True,True,False,True,True,True,True,True,False
10201,15min,m15_2c_1atr,demand,1749.83,1744.11,2022-07-28 16:30:00+00:00,2022-07-28 15:45:00+00:00,2022-07-28 16:00:00+00:00,2022-07-28 16:15:00+00:00,2,2.002904865649936,1.4538852578068353,0.5751748251748161,2022-07-28 16:45:00+00:00,2022-07-28 16:50:00+00:00,1750.84,1743.4025714285713,7.437428571428654,0.25,True,202660,202661,0,1750.79,0.614919354838696,2.2938035419307723,0.4437017402327883,1.4776612500480044,1.0,tp1,2022,2022-07,2022-07-28,0.0403365218393449,0.959663478160655,0.03-0.05R,2,2,2,1.0,2,2,2,1.0,0,0,0.0,0,0,0.0,True,True,True,False,False,2,2,2,2,True,12,Thursday,ny_main,bull,0.972,high,above,above,0.5889014722536605,0.5487256371814155,0.7518848071493578,1.4720634331403435,True,value_high_half,mid_volume,False,True,1.1052206983980246,0.6071428571428571,False,False,,True,True,True,True,False,False,True,False,False,True,True,True,True,True,False,False,False,True,True,False,False,True,True,False,False,False,False,False,True,False,False,False,False,False,True,True,False,False,True,True,True,True,False
10247,15min,m15_2c_1atr,supply,1788.0,1784.93,2022-08-02 16:30:00+00:00,2022-08-02 15:30:00+00:00,2022-08-02 15:45:00+00:00,2022-08-02 16:15:00+00:00,3,2.2281563768425494,0.9181798760948248,0.0684039087948015,2022-08-02 17:10:00+00:00,2022-08-02 17:35:00+00:00,1782.12,1788.6337142857142,6.513714285714286,0.6666666666666666,True,203497,203498,4,1782.15,0.841849148418419,4.274059127993671,0.0122817791034538,3.775111851916822,1.0,tp1,2022,2022-08,2022-08-02,0.0460566716378629,0.953943328362137,0.03-0.05R,2,2,2,1.0,2,2,2,1.0,0,0,0.0,0,0,0.0,True,True,True,False,False,2,2,2,2,True,13,Tuesday,ny_main,bull,0.982,high,above,above,0.6619385342789499,0.3251461988303992,-0.3340456592041123,0.0806532558855895,True,above_value,lvn,False,False,2.259079743837201,0.1041666666666666,False,False,,False,False,True,False,True,False,True,False,False,False,False,False,True,True,True,False,False,True,True,False,False,False,False,True,False,True,False,False,False,False,True,False,True,False,True,True,True,False,True,True,True,True,False
10377,15min,m15_2c_1atr,demand,1775.91,1773.08,2022-08-15 15:30:00+00:00,2022-08-15 14:30:00+00:00,2022-08-15 14:45:00+00:00,2022-08-15 15:15:00+00:00,3,3.1200169635283608,0.8401187446989297,0.9964664310954098,2022-08-15 15:45:00+00:00,2022-08-15 16:00:00+00:00,1779.93,1772.472857142857,7.457142857143026,0.25,True,205962,205963,2,1779.82,0.40469973890339,0.5565134099616549,1.134482758620669,-0.6919540229885011,-1.0,stop,2022,2022-08,2022-08-15,0.0402298850574703,-1.0402298850574705,0.03-0.05R,2,2,1,1.0,2,2,1,1.0,0,0,0.0,12,4,1.0,True,True,True,False,True,2,2,26,6,False,12,Monday,ny_main,bear,0.978,high,above,above,1.47496522948541,0.988505747126382,0.4308939635197005,0.0948041409615169,True,below_value,hvn,False,False,-1.241091954022975,0.8305084745762712,True,True,0.483598875351457,True,True,True,True,False,False,True,False,False,False,True,True,False,False,False,False,True,True,True,False,True,False,True,False,False,False,True,False,False,True,False,True,True,False,True,True,False,True,True,True,True,True,True
10414,15min,m15_2c_1atr,supply,1772.07,1768.47,2022-08-18 16:00:00+00:00,2022-08-18 15:15:00+00:00,2022-08-18 15:30:00+00:00,2022-08-18 15:45:00+00:00,2,1.8893064571232927,1.7218995558592394,0.5027777777777753,2022-08-18 16:30:00+00:00,2022-08-18 16:50:00+00:00,1765.01,1772.445,7.434999999999945,0.5,True,206800,206801,3,1765.03,0.9772727272727474,2.5904505716207304,0.208473436449222,2.247478143913942,1.0,tp1,2022,2022-08,2022-08-18,0.0403496973772699,0.95965030262273,0.03-0.05R,11,4,2,1.0,13,4,2,1.0,7,4,1.0,13,4,1.0,True,True,True,True,True,25,7,39,7,True,12,Thursday,ny_main,bear,0.846,high,below,below,0.6707940780619074,0.3294460641399674,-0.5980004961788606,-0.6580395475400564,True,above_value,mid_volume,False,False,1.0786819098856812,0.3846153846153846,True,False,0.3519870235198776,False,True,True,False,True,False,True,False,False,False,False,True,True,True,True,True,True,True,True,True,True,True,True,False,False,False,False,False,False,False,True,False,False,False,True,False,False,False,True,True,True,True,False
10495,15min,m15_2c_1atr,supply,1755.97,1741.38,2022-08-26 17:45:00+00:00,2022-08-26 17:00:00+00:00,2022-08-26 17:15:00+00:00,2022-08-26 17:30:00+00:00,2,1.7545931758530469,3.350721784776894,0.1322823851953443,2022-08-26 17:45:00+00:00,2022-08-26 17:55:00+00:00,1740.76,1756.7941428571428,16.034142857142797,0.0,True,208469,208470,1,1740.79,1.0,1.274779711152103,0.293748162403446,0.0168390666345911,1.0,tp1,2022,2022-08,2022-08-26,0.0187100740384359,0.981289925961564,<=0.03R,14,4,2,0.1734064427690189,48,4,2,0.2803289924605854,7,4,0.3522960932145393,16,4,0.420836189170674,True,True,True,True,True,28,7,80,7,True,13,Friday,ny_main,bear,1.0,high,below,below,0.6227871084884393,0.292753623188409,-1.103747510758607,-1.3826065701349115,True,below_value,lvn,True,True,-0.4100624560090423,0.2432432432432432,False,False,,True,True,True,False,True,True,True,True,True,True,True,True,True,True,True,True,True,True,True,True,True,True,True,False,False,True,False,False,False,True,False,False,False,True,True,False,True,False,True,True,True,True,False
10564,15min,m15_2c_1atr,demand,1711.81,1704.63,2022-09-02 16:15:00+00:00,2022-09-02 15:30:00+00:00,2022-09-02 15:45:00+00:00,2022-09-02 16:00:00+00:00,2,2.110531163647567,3.086275713847034,0.0501392757660039,2022-09-02 16:15:00+00:00,2022-09-02 17:00:00+00:00,1712.2,1704.150142857143,8.049857142857036,0.0,True,209838,209839,8,1712.2,0.6811023622047413,0.7167829065289607,0.5602583896786164,-0.0981383875490216,-0.0981383875490216,time,2022,2022-09,2022-09-02,0.0372677421072251,-0.1354061296562467,0.03-0.05R,5,4,2,1.0,13,4,2,1.0,2,2,0.2799442896935984,2,2,0.2799442896935984,True,True,True,True,True,9,7,17,7,False,13,Friday,ny_main,bear,0.884,high,above,above,0.763942307692299,0.28521126760568,0.7934655695328576,1.5475570682539743,True,above_value,mid_volume,False,True,1.6112087171023692,0.5918367346938775,True,False,0.3295838020247503,True,True,True,True,False,False,True,False,False,False,False,False,True,True,False,True,True,True,True,True,True,False,True,False,False,False,False,False,False,False,True,False,False,True,True,True,True,False,True,True,True,True,True
10600,15min,m15_2c_1atr,supply,1709.47,1704.01,2022-09-06 18:00:00+00:00,2022-09-06 17:15:00+00:00,2022-09-06 17:30:00+00:00,2022-09-06 17:45:00+00:00,2,1.515041389057174,1.5433070866141845,0.6428571428571369,2022-09-06 18:00:00+00:00,2022-09-06 18:05:00+00:00,1703.88,1710.0295714285714,6.149571428571335,0.0,True,210358,210359,0,1703.86,0.1299435028247419,2.034288103700673,1.416358863567719,-1.0748716519153485,1.0,tp1,2022,2022-09,2022-09-06,0.0487838873789121,0.951216112621088,0.03-0.05R,1,1,1,0.3809523809523651,18,4,2,0.6703296703296808,1,1,0.0293040293040441,6,3,0.8608058608058634,True,True,True,True,True,3,3,30,7,True,14,Tuesday,ny_main,bull,0.976,high,below,below,0.670184696569912,0.4008810572687116,-0.6046832122785789,-1.246174378959322,True,below_value,mid_volume,False,True,-0.8146909192278317,0.2826086956521739,True,True,0.758104738154613,True,False,True,False,True,False,True,False,False,True,True,True,False,False,False,True,True,True,True,True,True,False,True,False,False,False,False,False,False,True,False,True,False,False,True,False,False,False,True,True,True,True,False
10699,15min,m15_2c_1atr,supply,1688.29,1682.34,2022-09-15 16:30:00+00:00,2022-09-15 15:30:00+00:00,2022-09-15 15:45:00+00:00,2022-09-15 16:15:00+00:00,3,1.6285178236397917,1.9535647279549928,0.4941176470588289,2022-09-15 16:30:00+00:00,2022-09-15 16:40:00+00:00,1681.06,1688.852,7.791999999999916,0.0,True,212273,212274,1,1681.2,0.7261904761904525,0.0859856262833486,1.0125770020534115,0.4055441478439281,-1.0,stop,2022,2022-09,2022-09-15,0.0385010266940455,-1.0385010266940455,0.03-0.05R,3,3,2,1.0,3,3,2,1.0,0,0,0.0,0,0,0.0,True,True,True,False,False,3,3,3,3,False,12,Thursday,ny_main,bear,0.904,high,below,below,0.7581227436823403,0.908376963350748,-0.5348015100954597,-0.9010983213339244,True,value_low_half,hvn,True,True,-0.248331622176587,0.7735849056603774,False,False,,True,True,True,False,True,False,True,False,False,True,True,True,True,True,True,False,False,True,True,True,True,True,True,False,False,False,True,True,False,False,False,False,False,False,True,False,False,False,True,True,True,True,False
10701,15min,m15_2c_1atr,supply,1690.09,1683.78,2022-09-15 17:30:00+00:00,2022-09-15 16:45:00+00:00,2022-09-15 17:00:00+00:00,2022-09-15 17:15:00+00:00,2,1.532692670058414,1.6645939325419277,0.9746434231378632,2022-09-15 17:30:00+00:00,2022-09-15 17:40:00+00:00,1683.25,1690.5712857142855,7.321285714285523,0.0,True,212285,212286,1,1683.22,0.6824324324324179,3.981541103241155,0.0,1.2443169622822097,1.0,tp1,2022,2022-09,2022-09-15,0.0409764092957922,0.9590235907042078,0.03-0.05R,5,3,2,0.7147385103011141,5,3,2,0.7147385103011141,0,0,0.0,0,0,0.0,True,True,True,False,False,5,3,5,3,True,13,Thursday,ny_main,bear,0.952,high,below,below,0.6208425720621117,0.0634146341463371,-0.9413432095745592,-1.255668806140429,True,value_low_half,hvn,True,True,-0.1113192452535762,0.9444444444444444,False,False,,True,True,True,False,True,False,True,False,False,True,True,True,True,True,False,False,False,True,True,True,True,True,True,False,False,False,True,True,False,False,False,False,False,False,True,False,False,True,True,True,True,True,False
10783,15min,m15_2c_1atr,supply,1663.09,1661.21,2022-09-23 12:45:00+00:00,2022-09-23 12:00:00+00:00,2022-09-23 12:15:00+00:00,2022-09-23 12:30:00+00:00,2,1.9262013729977003,0.7528604118992702,0.6223404255319928,2022-09-23 12:55:00+00:00,2022-09-23 13:00:00+00:00,1657.15,1663.549857142857,6.399857142856945,0.1666666666666666,True,213885,213886,0,1657.16,0.4265809217577655,4.731355610616486,0.1750039063371833,2.7016228040805617,1.0,tp1,2022,2022-09,2022-09-23,0.0468760463403215,0.9531239536596784,0.03-0.05R,1,1,1,1.0,11,3,2,1.0,0,0,0.0,5,4,1.0,True,True,True,False,True,1,1,21,7,True,9,Friday,london_ny_overlap,bear,0.848,high,inside,inside,1.0173010380623098,0.6680672268907868,-1.2024389699493925,-2.482331199168724,True,below_value,hvn,False,False,-1.5000334828902753,0.78125,False,False,,True,True,True,False,True,False,True,False,False,True,True,True,False,False,False,False,True,True,True,False,True,True,False,False,True,False,True,False,False,True,False,False,True,False,True,False,False,False,True,True,True,True,True
10798,15min,m15_2c_1atr,supply,1645.23,1642.35,2022-09-26 18:45:00+00:00,2022-09-26 18:00:00+00:00,2022-09-26 18:15:00+00:00,2022-09-26 18:30:00+00:00,2,2.3052099533437267,0.7838258164852614,0.0555555555555818,2022-09-27 14:40:00+00:00,2022-09-27 14:55:00+00:00,1637.73,1645.5452857142857,7.815285714285665,19.916666666666668,True,214460,214461,2,1637.73,0.9771241830065563,2.936552909134139,0.3493154440930822,0.3314018315754756,1.0,tp1,2022,2022-09,2022-09-27,0.038386312537701,0.9616136874622988,0.03-0.05R,4,4,2,1.0,13,4,2,1.0,4,4,0.8923611111110552,4,4,0.8923611111110552,True,True,True,True,True,12,7,21,7,True,10,Tuesday,london_ny_overlap,bear,0.582,mid,above,above,1.3000580383052147,0.0,-0.3535086658507343,0.1181727675096017,True,above_value,hvn,False,False,1.7964794267644062,0.8888888888888888,True,True,0.2745481191988218,True,True,True,False,True,False,True,False,False,False,True,True,True,True,True,True,True,True,True,True,True,True,False,True,False,False,True,False,False,False,True,True,True,False,True,True,True,False,True,True,True,True,False
10860,15min,m15_2c_1atr,supply,1672.13,1668.57,2022-09-30 13:30:00+00:00,2022-09-30 12:15:00+00:00,2022-09-30 12:30:00+00:00,2022-09-30 13:15:00+00:00,4,1.5123263110712135,1.116987897803704,0.3314606741573052,2022-09-30 15:30:00+00:00,2022-09-30 15:55:00+00:00,1665.17,1672.5945714285715,7.424571428571426,2.0,True,215300,215301,4,1665.15,0.7666666666666523,0.4269606711306187,1.0115061956438074,-0.4969983837450704,-1.0,stop,2022,2022-09,2022-09-30,0.0404063726622027,-1.0404063726622028,0.03-0.05R,5,4,2,1.0,5,4,2,1.0,4,4,0.9943820224719156,12,4,1.0,True,True,True,True,True,13,7,29,7,False,11,Friday,london_ny_overlap,bull,0.704,high,below,below,1.34233835252441,0.1372997711670306,-0.3329500053798002,-0.5767859086362845,True,value_high_half,mid_volume,False,True,0.9562841530054526,0.4210526315789473,True,True,0.409602400600138,True,False,False,False,True,False,True,False,False,False,False,False,True,True,True,True,True,True,True,True,True,False,True,False,False,False,False,False,True,False,False,True,False,False,True,False,True,False,True,True,True,True,False
10861,15min,m15_2c_1atr,demand,1664.23,1662.22,2022-09-30 15:45:00+00:00,2022-09-30 15:00:00+00:00,2022-09-30 15:15:00+00:00,2022-09-30 15:30:00+00:00,2,1.6793686583990728,0.6344983089064213,0.1691542288556814,2022-09-30 15:55:00+00:00,2022-09-30 16:35:00+00:00,1669.47,1661.6462857142858,7.823714285714232,0.1666666666666666,True,215308,215309,7,1669.39,0.8764607679465763,0.7490048570280755,1.0774933352810294,2.7097104042654445,-1.0,stop,2022,2022-09,2022-09-30,0.038344958550926,-1.038344958550926,0.03-0.05R,6,4,2,0.6666666666667421,6,4,2,0.6666666666667421,4,4,0.8358208955224236,8,4,1.0,True,True,True,True,True,14,7,22,7,False,12,Friday,ny_main,bull,0.732,high,inside,inside,1.2813358697950166,0.8523809523809773,0.9247161013026756,0.8011988678229295,True,value_low_half,hvn,True,True,-0.0031954132125887,1.0,True,True,0.2488372093023134,False,True,True,True,False,False,True,False,False,False,False,False,True,True,True,True,True,True,True,True,True,True,False,False,True,False,True,True,False,False,False,True,True,False,True,False,True,False,True,True,True,True,False
10899,15min,m15_2c_1atr,demand,1711.11,1705.29,2022-10-05 15:30:00+00:00,2022-10-05 14:30:00+00:00,2022-10-05 14:45:00+00:00,2022-10-05 15:15:00+00:00,3,1.7012231802686948,1.6338480048125057,0.7233676975945159,2022-10-05 15:30:00+00:00,2022-10-05 15:35:00+00:00,1711.86,1704.8655714285717,6.994428571428443,0.0,True,216124,216125,0,1711.86,0.2451923076923119,0.3345519903597009,1.6270092522620174,0.6219235718225018,-1.0,stop,2022,2022-10,2022-10-05,0.0428912808153436,-1.0428912808153437,0.03-0.05R,8,4,2,1.0,9,4,2,1.0,2,2,0.8247422680412383,7,4,0.8247422680412383,True,True,True,True,True,12,7,23,7,False,11,Wednesday,london_ny_overlap,bull,0.846,high,above,above,1.4287374128582542,0.1185410334346821,0.3280255364088794,-0.18642309611214,True,below_value,mid_volume,False,False,-2.2946835236209093,0.4038461538461538,False,False,,True,True,True,True,False,False,True,False,False,True,True,True,False,False,False,True,True,True,True,True,True,True,True,False,False,False,False,False,False,True,False,False,False,False,True,False,False,True,True,True,True,True,False
10947,15min,m15_2c_1atr,demand,1664.19,1662.68,2022-10-11 14:15:00+00:00,2022-10-11 13:30:00+00:00,2022-10-11 13:45:00+00:00,2022-10-11 14:00:00+00:00,2,2.071927554980576,0.5469598965071041,0.1721854304635711,2022-10-11 17:05:00+00:00,2022-10-11 17:35:00+00:00,1668.6,1662.1967142857145,6.40328571428563,2.8333333333333335,True,217252,217253,5,1668.59,0.584192439862464,2.3893982999799808,1.01354215469738,0.0359190594114661,1.0,tp1,2022,2022-10,2022-10-11,0.0468509470584304,0.9531490529415696,0.03-0.05R,8,4,2,1.0,8,4,2,1.0,2,2,1.0,17,4,1.0,True,True,True,True,True,12,7,42,7,True,13,Tuesday,ny_main,bear,0.786,high,above,above,1.2332427536231458,0.7074829931972411,0.250271529513472,0.3813790548265376,True,below_value,mid_volume,False,False,-0.751957700287817,0.4814814814814814,True,True,0.2034346103038338,True,True,False,True,False,False,True,False,False,False,False,False,True,False,False,True,True,True,True,True,True,False,True,False,False,False,False,False,False,True,False,True,True,False,True,True,True,False,True,True,True,True,False
10954,15min,m15_2c_1atr,demand,1665.06,1663.59,2022-10-12 07:15:00+00:00,2022-10-12 06:30:00+00:00,2022-10-12 06:45:00+00:00,2022-10-12 07:00:00+00:00,2,2.1944785276074072,0.6312883435582912,0.8435374149659769,2022-10-12 15:30:00+00:00,2022-10-12 15:45:00+00:00,1670.46,1663.154857142857,7.305142857142982,8.25,True,217506,217507,2,1670.35,0.7955974842767051,1.6372027534417792,2.4831821026282563,-3.149835732165151,1.0,tp1,2022,2022-10,2022-10-12,0.0410669586983722,0.9589330413016276,0.03-0.05R,5,3,2,1.0,14,4,2,1.0,3,2,1.0,17,4,1.0,True,True,True,True,True,11,7,48,7,True,11,Wednesday,london_ny_overlap,bear,0.558,mid,inside,above,1.000560538116566,0.6692015209125163,0.5642463677416716,0.6605008170855231,True,value_low_half,mid_volume,False,True,-0.6741825719649696,0.7111111111111111,True,True,0.2034346103038338,False,True,True,True,False,False,True,False,False,False,True,True,True,True,True,True,True,True,True,True,True,False,False,False,True,False,False,True,False,False,False,True,True,False,True,True,False,True,True,True,True,True,True
10974,15min,m15_2c_1atr,supply,1682.42,1675.39,2022-10-13 15:15:00+00:00,2022-10-13 14:30:00+00:00,2022-10-13 14:45:00+00:00,2022-10-13 15:00:00+00:00,2,2.021569802276793,2.9484721390053914,0.6671408250355398,2022-10-13 15:15:00+00:00,2022-10-13 15:25:00+00:00,1675.11,1682.8034285714286,7.69342857142874,0.0,True,217778,217779,1,1675.09,0.3541666666667283,4.254280090615247,0.167675567274504,2.6633119174062636,1.0,tp1,2022,2022-10,2022-10-13,0.0389943179708091,0.9610056820291908,0.03-0.05R,3,2,1,0.4082503556187627,13,4,2,0.4082503556187627,5,4,0.904694167852052,18,4,1.0,True,True,True,True,True,13,7,49,7,True,11,Thursday,london_ny_overlap,bull,0.552,mid,below,below,0.5013317549571035,0.2398523985240155,-0.6085730729239077,-0.1138578245161289,True,above_value,mid_volume,False,False,1.124986073457869,0.3125,True,True,0.1623424759080839,True,True,True,False,True,False,True,False,False,True,True,True,False,False,False,True,True,True,True,True,True,False,True,False,False,False,False,False,False,False,True,True,False,True,True,True,False,True,True,True,True,True,False
10986,15min,m15_2c_1atr,supply,1663.92,1661.74,2022-10-14 12:15:00+00:00,2022-10-14 11:30:00+00:00,2022-10-14 11:45:00+00:00,2022-10-14 12:00:00+00:00,2,1.6164948453608046,0.7865979381443399,0.399082568807382,2022-10-14 15:55:00+00:00,2022-10-14 16:20:00+00:00,1658.29,1664.450857142857,6.1608571428571395,3.6666666666666665,True,218065,218066,4,1658.26,0.6490384615383695,2.9346565876733193,1.266057598664372,-0.4804526271854627,1.0,tp1,2022,2022-10,2022-10-14,0.048694523025553,0.9513054769744468,0.03-0.05R,5,4,2,1.0,5,4,2,1.0,0,0,0.0,6,4,1.0,True,True,True,False,True,5,3,17,7,True,12,Friday,ny_main,bear,0.92,high,inside,inside,1.2968152866241818,0.0363288718928922,-0.6044656553309712,-0.8771391169766437,True,value_low_half,mid_volume,False,True,-0.7174326392431601,0.7457627118644068,False,False,,True,True,True,False,True,False,True,False,False,False,False,False,True,True,False,False,True,True,True,True,True,True,False,False,True,False,False,True,False,False,False,False,True,False,True,False,False,False,True,True,True,True,False
10989,15min,m15_2c_1atr,supply,1663.28,1654.44,2022-10-14 16:30:00+00:00,2022-10-14 15:45:00+00:00,2022-10-14 16:00:00+00:00,2022-10-14 16:15:00+00:00,2,2.1987261146497072,2.2522292993630346,0.9253393665158528,2022-10-14 16:30:00+00:00,2022-10-14 16:35:00+00:00,1652.94,1663.8582857142858,10.91828571428573,0.0,True,218068,218069,0,1653.01,0.4240837696335206,1.1659339509080442,1.2044015282357108,-0.9589417490971908,1.0,tp1,2022,2022-10,2022-10-14,0.0274768409483434,0.9725231590516564,<=0.03R,7,2,1,0.5022624434388991,8,2,1,0.5022624434388991,0,0,0.0,8,4,0.5859728506787456,True,True,True,False,True,7,3,24,7,True,12,Friday,ny_main,bear,0.924,high,below,below,1.240814905101842,0.1562499999999765,-1.0812152268908362,-1.4937912780606342,True,value_low_half,mid_volume,False,True,-0.7684356518553283,0.6101694915254238,False,False,,True,True,True,False,True,True,True,True,False,True,True,True,False,False,False,False,True,True,True,True,True,True,True,False,False,False,False,True,False,False,False,False,False,True,True,True,False,True,True,True,True,True,False
11027,15min,m15_2c_1atr,supply,1647.0,1641.93,2022-10-19 11:30:00+00:00,2022-10-19 10:45:00+00:00,2022-10-19 11:00:00+00:00,2022-10-19 11:15:00+00:00,2,1.7931555108203028,1.786109713135357,0.3471400394477343,2022-10-19 11:50:00+00:00,2022-10-19 12:00:00+00:00,1640.84,1647.2572857142857,6.417285714285754,0.3333333333333333,True,218841,218842,1,1640.85,0.6875000000000999,2.8641392667126375,0.2103693150197212,0.9240666948642862,1.0,tp1,2022,2022-10,2022-10-19,0.0467487366710444,0.9532512633289556,0.03-0.05R,4,4,2,0.1972386587771228,8,4,2,0.4398422090729874,0,0,0.0,4,4,0.8560157790926968,True,True,True,False,True,4,3,16,7,True,8,Wednesday,london_ny_overlap,bear,0.836,high,inside,inside,2.131313131313099,0.5893719806763598,-0.1331717629208424,-0.7835830658292003,True,below_value,lvn,False,False,-1.135215155495173,0.075,True,True,0.1128480703468462,True,True,True,False,True,False,True,False,False,True,True,True,True,True,False,False,True,True,True,True,True,True,False,False,True,True,False,False,False,True,False,True,False,False,True,False,True,False,True,True,True,True,True
11058,15min,m15_2c_1atr,demand,1635.77,1629.31,2022-10-21 16:45:00+00:00,2022-10-21 16:00:00+00:00,2022-10-21 16:15:00+00:00,2022-10-21 16:30:00+00:00,2,1.838125311617044,1.5030746219046047,0.2167182662538476,2022-10-21 17:35:00+00:00,2022-10-21 17:45:00+00:00,1639.97,1628.649571428571,11.320428571428693,0.8333333333333334,True,219462,219463,1,1639.99,0.5802047781569994,2.69424428656156,0.2959251921305441,0.8939590878689408,1.0,tp1,2022,2022-10,2022-10-21,0.026500763474376,0.973499236525624,<=0.03R,2,2,2,1.0,10,4,2,1.0,4,2,0.6315789473684414,10,4,0.6315789473684414,True,True,True,True,True,10,6,30,7,True,13,Friday,ny_main,bear,1.0,high,above,above,0.5383886255924005,0.1207243460764398,0.43077900395267,1.391577762884797,True,value_high_half,mid_volume,False,True,0.5556326741794136,0.6607142857142857,True,True,0.2481012658227829,True,True,True,True,False,True,True,True,False,True,True,True,True,False,False,True,True,True,True,True,True,False,True,False,False,False,False,False,True,False,False,True,False,False,True,False,True,False,True,True,True,True,True
11114,15min,m15_2c_1atr,demand,1662.25,1656.57,2022-10-27 17:30:00+00:00,2022-10-27 16:45:00+00:00,2022-10-27 17:00:00+00:00,2022-10-27 17:15:00+00:00,2,1.5310033821871236,1.4941751221345454,0.6091549295774243,2022-10-27 17:30:00+00:00,2022-10-27 17:55:00+00:00,1662.8,1656.1012857142855,6.698714285714232,0.0,True,220568,220569,4,1663.0,0.5757575757575578,0.6225075174340651,1.1330532511569351,-3.4543942334349964,-1.0,stop,2022,2022-10,2022-10-27,0.0447847134844643,-1.0447847134844643,0.03-0.05R,4,3,2,0.5651408450704226,9,4,2,0.5651408450704226,4,4,0.1338028169014053,16,4,0.4559859154929382,True,True,True,True,True,12,7,41,7,False,13,Thursday,ny_main,bull,0.964,high,inside,inside,0.4795815052311745,0.631713554987206,0.0977872528394825,0.0859830920534874,True,below_value,mid_volume,True,True,-0.3493207651788435,0.4,True,True,0.1182205971968217,True,True,False,True,False,False,True,False,False,False,False,False,True,False,False,True,True,True,True,True,True,True,False,False,True,False,False,False,False,True,False,True,False,False,True,False,False,False,True,True,True,True,False
11266,15min,m15_2c_1atr,demand,1761.96,1755.53,2022-11-11 17:15:00+00:00,2022-11-11 16:30:00+00:00,2022-11-11 16:45:00+00:00,2022-11-11 17:00:00+00:00,2,1.7023705004389724,1.975856014047432,0.6391912908242394,2022-11-11 17:15:00+00:00,2022-11-11 17:20:00+00:00,1762.03,1755.0114285714285,7.018571428571477,0.0,True,223597,223598,0,1762.09,0.3307086614173848,1.520252391614085,1.0002035416242527,0.8562996132709068,1.0,tp1,2022,2022-11,2022-11-11,0.0427437410950536,0.9572562589049464,0.03-0.05R,5,2,1,0.8818040435458813,5,2,1,0.8818040435458813,1,1,0.70762052877137,1,1,0.70762052877137,True,True,True,True,True,7,5,7,5,True,12,Friday,ny_main,bull,0.848,high,above,above,1.0415951972555806,0.7909836065573854,0.5736974278597203,0.7669310025807291,True,value_high_half,mid_volume,False,True,1.139120700183164,0.5106382978723404,False,False,,True,True,True,True,False,False,True,False,False,True,True,True,False,False,False,True,True,True,True,True,True,True,True,False,False,False,False,False,True,False,False,False,False,False,True,False,False,False,True,True,True,True,False
11377,15min,m15_2c_1atr,demand,1744.58,1743.02,2022-11-23 20:45:00+00:00,2022-11-23 19:45:00+00:00,2022-11-23 20:00:00+00:00,2022-11-23 20:30:00+00:00,3,1.5487465181058695,0.8690807799442791,0.089743589743657,2022-11-23 20:50:00+00:00,2022-11-23 21:05:00+00:00,1751.25,1742.6592857142855,8.590714285714284,0.0833333333333333,True,225850,225851,2,1751.25,0.6997219647821892,0.8613951941465144,0.4027604556414776,0.1629666583520518,0.1629666583520518,time,2022,2022-11,2022-11-23,0.0349214267897231,0.1280452315623287,0.03-0.05R,1,1,1,1.0,10,3,2,1.0,0,0,0.0,0,0,0.0,True,True,True,False,False,1,1,10,3,True,16,Wednesday,ny_main,bear,0.8,high,above,above,0.9613193403299244,0.6431881371640344,1.8386377074367897,2.729523713452866,True,above_value,mid_volume,False,False,0.7042487735927445,0.6666666666666666,False,False,,True,True,False,True,False,False,True,False,False,False,True,True,True,True,False,False,False,True,True,False,True,False,True,False,False,False,False,False,False,False,True,False,True,False,True,False,True,False,True,True,True,True,False
11441,15min,m15_2c_1atr,supply,1764.52,1759.36,2022-11-30 16:00:00+00:00,2022-11-30 15:15:00+00:00,2022-11-30 15:30:00+00:00,2022-11-30 15:45:00+00:00,2,3.1347744862556786,1.9279423538831708,0.4767441860465111,2022-11-30 16:15:00+00:00,2022-11-30 16:50:00+00:00,1756.68,1764.990142857143,8.310142857142864,0.25,True,227094,227095,6,1756.77,0.8667711598745891,1.4115280810025623,1.182891818947576,-4.761650994481775,1.0,tp1,2022,2022-11,2022-11-30,0.036100462429733,0.963899537570267,0.03-0.05R,4,3,2,0.4360465116279,12,4,2,0.507751937984511,5,4,0.6724806201550334,10,4,0.6782945736434001,True,True,True,True,True,14,7,32,7,True,11,Wednesday,london_ny_overlap,bull,0.982,high,below,below,0.581670061099787,0.2555282555282714,-0.6239387104340343,-0.6963167029001877,True,above_value,hvn,False,False,1.3465472486290473,0.7941176470588235,False,False,,True,True,True,False,True,False,True,False,False,False,False,False,True,True,True,True,True,True,True,True,True,False,True,False,False,False,True,False,False,False,True,False,False,False,True,True,False,False,True,True,True,True,False
11730,15min,m15_2c_1atr,demand,1820.5,1816.04,2022-12-30 16:00:00+00:00,2022-12-30 15:15:00+00:00,2022-12-30 15:30:00+00:00,2022-12-30 15:45:00+00:00,2,2.0048661800487366,2.170316301703199,0.4708520179371955,2022-12-30 16:15:00+00:00,2022-12-30 16:35:00+00:00,1822.14,1815.6282857142855,6.5117142857143335,0.25,True,232887,232888,3,1822.17,0.5570776255707748,0.0337852661137858,1.1947698652977272,1.1287350269843135,-1.0,stop,2022,2022-12,2022-12-30,0.0460708174279317,-1.0460708174279318,0.03-0.05R,12,4,2,1.0,12,4,2,1.0,6,3,0.4663677130044641,8,3,0.8251121076233259,True,True,True,True,True,24,7,28,7,False,11,Friday,london_ny_overlap,bull,0.828,high,above,above,0.9262086513994616,0.4817351598173686,0.173524368730484,0.5837225841207502,True,value_high_half,mid_volume,True,True,0.3102101706814043,0.6666666666666666,True,True,0.4772431729518621,True,True,False,True,False,False,True,False,False,False,False,True,True,False,False,True,True,True,True,True,True,True,True,False,False,False,False,False,True,False,False,True,False,True,True,True,False,False,True,True,True,True,False
11731,15min,m15_2c_1atr,supply,1822.98,1818.6,2022-12-30 17:15:00+00:00,2022-12-30 16:30:00+00:00,2022-12-30 16:45:00+00:00,2022-12-30 17:00:00+00:00,2,1.8318407960198952,1.5253731343283945,0.2237442922374415,2022-12-30 17:20:00+00:00,2022-12-30 17:40:00+00:00,1816.82,1823.4018571428571,6.581857142857189,0.0833333333333333,True,232900,232901,3,1816.79,0.7159090909090895,0.3798320057300344,1.0939161765025065,-2.196948321142525,-1.0,stop,2022,2022-12,2022-12-30,0.0455798406876041,-1.0455798406876042,0.03-0.05R,8,4,2,0.5205479452055122,12,4,2,0.5570776255707748,2,2,1.0,9,3,1.0,True,True,True,True,True,12,7,30,7,False,12,Friday,ny_main,bull,0.932,high,below,below,0.7522388059701198,0.032142857142907,-0.6815958049794428,-0.7723206940281367,True,above_value,mid_volume,False,True,0.6138085212597302,0.4074074074074074,False,False,,False,True,True,False,True,False,True,False,False,False,False,True,True,True,True,True,True,True,True,True,True,False,True,False,False,False,False,False,False,False,True,False,False,False,True,False,True,False,True,True,True,True,False
11747,15min,m15_2c_1atr,supply,1848.97,1839.49,2023-01-03 17:15:00+00:00,2023-01-03 16:30:00+00:00,2023-01-03 16:45:00+00:00,2023-01-03 17:00:00+00:00,2,2.305534204458165,2.5503458877786493,0.6740506329114017,2023-01-03 17:15:00+00:00,2023-01-03 17:20:00+00:00,1838.49,1849.545,11.055000000000064,0.0,True,233172,233173,0,1838.45,0.2479674796747753,0.9832654907281824,1.0185436454093104,-1.7060153776571498,-1.0,stop,2023,2023-01,2023-01-03,0.027137042062415,-1.027137042062415,<=0.03R,6,4,2,0.4430379746835483,6,4,2,0.4430379746835483,0,0,0.0,0,0,0.0,True,True,True,False,False,6,3,6,3,False,12,Tuesday,ny_main,bull,0.976,high,inside,inside,0.941506129597183,0.1305518169582838,-1.398867528249732,-1.232172884729008,True,above_value,lvn,False,True,0.4504748982360913,0.2075471698113207,False,False,,True,True,True,False,True,True,True,True,False,True,True,True,False,False,False,False,False,True,True,True,True,False,False,False,True,True,False,False,False,False,True,False,False,True,True,True,False,True,True,True,True,True,False
11765,15min,m15_2c_1atr,demand,1858.02,1849.04,2023-01-04 17:45:00+00:00,2023-01-04 17:00:00+00:00,2023-01-04 17:15:00+00:00,2023-01-04 17:30:00+00:00,2,1.6618114850158787,2.1048049556336803,0.7605790645879636,2023-01-04 17:45:00+00:00,2023-01-04 17:55:00+00:00,1858.11,1848.4181428571428,9.691857142857089,0.0,True,233455,233456,1,1858.11,0.4252873563218977,0.2393762068304945,1.1401323644296406,-2.830210928172397,-1.0,stop,2023,2023-01,2023-01-04,0.0309538198487686,-1.0309538198487689,0.03-0.05R,4,3,2,0.290645879732753,4,3,2,0.290645879732753,0,0,0.0,0,0,0.0,True,True,True,False,False,4,3,4,3,False,12,Wednesday,ny_main,bull,0.946,high,inside,below,1.398527865404844,0.6338797814207107,0.2257633666127613,0.1657003983910293,True,value_high_half,mid_volume,False,True,1.6281709240452285,0.7397260273972602,False,False,,True,True,True,True,False,False,True,False,False,True,True,True,False,False,False,False,False,True,True,True,True,True,False,False,True,False,False,False,True,False,False,False,False,True,True,False,False,True,True,True,True,True,False
11782,15min,m15_2c_1atr,supply,1836.33,1831.42,2023-01-05 17:30:00+00:00,2023-01-05 16:00:00+00:00,2023-01-05 16:15:00+00:00,2023-01-05 17:15:00+00:00,5,1.7512402551381776,1.2179305457122187,0.285132382892084,2023-01-05 18:15:00+00:00,2023-01-05 18:55:00+00:00,1830.17,1836.6527142857144,6.48271428571411,0.75,True,233743,233744,7,1830.15,0.2827586206895459,0.0709579320831296,1.0767094911743638,-4.9793957557461805,-1.0,stop,2023,2023-01,2023-01-05,0.0462769122281244,-1.0462769122281244,0.03-0.05R,3,3,2,1.0,6,4,2,1.0,0,0,0.0,2,2,0.3849287169042624,True,True,True,False,True,3,3,10,7,False,13,Thursday,ny_main,bear,0.966,high,below,below,0.826021180030255,0.5219780219780652,-0.1644029195449823,-1.1897942770824157,True,below_value,lvn,False,False,-2.834460873972619,0.2428571428571428,False,False,,True,True,False,False,True,False,True,False,False,False,False,False,False,False,False,False,True,True,True,True,True,True,True,False,False,True,False,False,False,True,False,False,False,False,True,False,True,False,True,True,True,True,False
11843,15min,m15_2c_1atr,demand,1878.37,1877.25,2023-01-12 04:00:00+00:00,2023-01-12 02:45:00+00:00,2023-01-12 03:00:00+00:00,2023-01-12 03:45:00+00:00,4,2.2344523940559107,0.8629609246008599,0.2142857142857432,2023-01-12 15:30:00+00:00,2023-01-12 15:35:00+00:00,1893.91,1876.604142857143,17.30585714285712,11.5,True,235083,235084,0,1893.69,0.3496647756575522,0.9141413724502828,0.811863861120524,0.7170982574025234,0.7170982574025234,time,2023,2023-01,2023-01-12,0.0173351714118259,0.6997630859906975,<=0.03R,3,3,2,1.0,9,4,2,1.0,5,4,1.0,5,4,1.0,True,True,True,True,True,13,7,19,7,True,10,Thursday,london_ny_overlap,bull,0.942,high,above,above,1.494038155802883,0.7130784708249469,1.1345796611538288,1.6617838839912484,True,value_high_half,hvn,True,True,0.0323589866354052,0.9215686274509804,False,False,,True,True,True,True,False,True,True,True,True,True,True,True,False,False,False,True,True,True,True,True,True,True,True,False,False,False,True,False,True,False,False,False,True,False,True,True,True,False,True,True,True,True,False
11846,15min,m15_2c_1atr,demand,1884.51,1883.22,2023-01-12 13:15:00+00:00,2023-01-12 12:00:00+00:00,2023-01-12 12:15:00+00:00,2023-01-12 13:00:00+00:00,4,1.5430611334225597,0.8058902275769326,0.8837209302324843,2023-01-12 15:30:00+00:00,2023-01-12 15:35:00+00:00,1893.91,1882.574142857143,11.335857142857094,2.25,True,235083,235084,0,1893.69,0.3496647756575522,0.6810248138019738,1.2217867449685746,1.094756209751602,-1.0,stop,2023,2023-01,2023-01-12,0.0264646948368641,-1.026464694836864,<=0.03R,2,2,2,1.0,4,3,2,1.0,2,1,1.0,2,1,1.0,True,True,True,True,True,6,6,8,7,False,10,Thursday,london_ny_overlap,bull,0.942,high,above,above,1.494038155802883,0.7130784708249469,1.1345796611538288,1.6617838839912484,True,above_value,hvn,False,True,0.5835465211528559,0.9803921568627452,False,False,,True,True,True,True,False,True,True,True,False,True,True,True,False,False,False,True,True,True,True,True,True,True,True,False,False,False,True,False,False,False,True,False,True,False,True,False,False,True,True,True,True,True,False
11849,15min,m15_2c_1atr,supply,1892.99,1887.9,2023-01-12 17:00:00+00:00,2023-01-12 16:15:00+00:00,2023-01-12 16:30:00+00:00,2023-01-12 16:45:00+00:00,2,1.5097580015612866,0.7946916471506481,0.4754420432220259,2023-01-12 17:10:00+00:00,2023-01-12 17:45:00+00:00,1887.39,1893.748142857143,6.358142857142866,0.1666666666666666,True,235109,235110,6,1887.38,0.7053824362605668,0.1745792796638929,1.0348933875570006,-3.560788190621675,-1.0,stop,2023,2023-01,2023-01-12,0.047183589098344,-1.047183589098344,0.03-0.05R,1,1,1,1.0,1,1,1,1.0,0,0,0.0,0,0,0.0,True,True,True,False,False,1,1,1,1,False,12,Thursday,ny_main,bull,0.998,high,inside,above,0.7238590410167668,0.5977011494253,0.1485705325131332,0.209100342127899,True,value_high_half,mid_volume,False,True,1.0529804300447363,0.4411764705882353,False,False,,True,True,True,False,True,False,True,False,False,False,False,False,True,True,True,False,False,True,True,False,False,False,False,False,True,False,False,False,True,False,False,False,True,False,True,False,False,False,True,True,False,True,True
11933,15min,m15_2c_1atr,demand,1925.43,1920.71,2023-01-20 17:30:00+00:00,2023-01-20 16:30:00+00:00,2023-01-20 16:45:00+00:00,2023-01-20 17:15:00+00:00,3,2.3679222357228684,1.6058323207776308,0.3495762711864579,2023-01-20 18:00:00+00:00,2023-01-20 18:05:00+00:00,1927.24,1920.354857142857,6.88514285714291,0.5,True,236737,236738,0,1927.24,0.4017857142857532,1.2040418291974293,1.0050626608017292,-1.1270644866793826,1.0,tp1,2023,2023-01,2023-01-20,0.0435720806705947,0.9564279193294052,0.03-0.05R,9,4,2,1.0,11,4,2,1.0,4,4,0.5423728813559175,4,4,0.5423728813559175,True,True,True,True,True,17,7,19,7,True,13,Friday,ny_main,bull,0.918,high,inside,inside,0.6530078465562594,0.6929577464788924,0.3456074035869435,0.2353284931731238,True,below_value,lvn,False,True,-0.8249647273632366,0.2051282051282051,True,True,0.141577060931893,False,True,True,True,False,False,True,False,False,True,True,True,False,False,False,True,True,True,True,True,True,True,False,False,True,True,False,False,False,True,False,True,False,False,True,True,True,False,True,True,True,True,False
11951,15min,m15_2c_1atr,supply,1922.63,1919.76,2023-01-23 16:30:00+00:00,2023-01-23 15:45:00+00:00,2023-01-23 16:00:00+00:00,2023-01-23 16:15:00+00:00,2,1.5466732869910795,0.997517378351581,0.0174216027874398,2023-01-23 16:50:00+00:00,2023-01-23 17:00:00+00:00,1916.67,1923.221142857143,6.55114285714285,0.3333333333333333,True,237000,237001,1,1916.67,0.9915966386554697,0.8074926948405903,1.1768938898338417,-2.4743774259671243,-1.0,stop,2023,2023-01,2023-01-23,0.0457935365694099,-1.04579353656941,0.03-0.05R,3,2,1,1.0,5,4,2,1.0,0,0,0.0,4,4,1.0,True,True,True,False,True,3,3,13,7,False,12,Monday,ny_main,bull,0.976,high,below,below,0.6687046236148272,0.5280898876404456,-1.0680501137795988,-1.9235973472678387,True,value_low_half,mid_volume,False,True,-0.8479436521435496,0.6,True,False,0.4236354531797643,True,True,True,False,True,False,True,False,False,True,True,True,True,True,True,False,True,True,True,True,True,False,True,False,False,False,False,True,False,False,False,False,True,False,True,False,True,False,True,True,True,True,True
11967,15min,m15_2c_1atr,demand,1929.83,1921.33,2023-01-24 17:30:00+00:00,2023-01-24 16:45:00+00:00,2023-01-24 17:00:00+00:00,2023-01-24 17:15:00+00:00,2,2.5543288785589917,2.3048615146232763,0.928235294117632,2023-01-24 17:30:00+00:00,2023-01-24 17:35:00+00:00,1930.31,1920.702,9.607999999999947,0.0,True,237283,237284,0,1930.3,0.2795031055900682,0.973147377185698,1.0855537052456177,0.3351373855120779,-1.0,stop,2023,2023-01,2023-01-24,0.0312239800166529,-1.031223980016653,0.03-0.05R,6,3,2,0.4305882352941272,34,4,2,0.6305882352941059,3,3,0.2164705882352844,7,4,0.2282352941176534,True,True,True,True,True,12,7,48,7,False,12,Tuesday,ny_main,bull,0.964,high,below,below,0.5578795528308756,0.9749999999999792,0.716656926349399,0.1880235286975169,True,below_value,mid_volume,False,True,-1.162572855953386,0.3673469387755102,True,True,0.2891278375149292,True,True,True,True,False,False,True,False,False,True,True,True,False,False,False,True,True,True,True,True,True,True,False,True,False,False,False,False,False,True,False,True,False,True,True,True,False,True,True,True,True,True,False
12091,15min,m15_2c_1atr,supply,1875.74,1870.41,2023-02-06 17:30:00+00:00,2023-02-06 16:45:00+00:00,2023-02-06 17:00:00+00:00,2023-02-06 17:15:00+00:00,2,1.828015388096856,1.688617334238499,0.4446529080675278,2023-02-06 21:05:00+00:00,2023-02-06 21:35:00+00:00,1868.91,1875.9741428571429,7.06414285714277,3.5833333333333335,True,239815,239816,5,1868.91,0.7959183673468961,0.5209407672551672,1.0404659345992842,-0.0651175959068677,-1.0,stop,2023,2023-02,2023-02-06,0.0424679973305835,-1.0424679973305837,0.03-0.05R,4,3,2,1.0,5,3,2,1.0,1,1,0.0393996247654857,3,2,0.5065666041275951,True,True,True,True,True,6,5,11,7,False,16,Monday,ny_main,bear,0.446,mid,below,below,0.8853932584269824,0.0275229357797906,-0.1154367123581328,-0.1872342356764837,True,value_high_half,hvn,True,True,0.0460069971081386,0.975609756097561,False,False,,True,True,True,False,True,False,True,False,False,False,False,False,True,True,True,True,True,True,True,True,True,True,True,False,False,False,True,False,True,False,False,False,False,False,True,False,False,False,True,True,True,True,False
12110,15min,m15_2c_1atr,demand,1871.92,1867.26,2023-02-07 17:45:00+00:00,2023-02-07 17:00:00+00:00,2023-02-07 17:15:00+00:00,2023-02-07 17:30:00+00:00,2,1.7191873589165063,1.472686230248342,0.620171673819753,2023-02-07 19:30:00+00:00,2023-02-07 19:40:00+00:00,1874.41,1866.8418571428572,7.568142857142902,1.75,True,240068,240069,1,1874.41,0.881136950904387,1.310757498537073,1.244691092360838,0.4743567963455702,1.0,tp1,2023,2023-02,2023-02-07,0.0396398437057588,0.9603601562942412,0.03-0.05R,13,3,2,1.0,18,4,2,1.0,4,3,0.7961373390557878,13,3,0.7961373390557878,True,True,True,True,True,21,7,44,7,True,14,Tuesday,ny_main,bear,0.888,high,above,above,1.124439848328128,0.8727915194346377,0.6239566803889137,1.0135973748404266,True,value_low_half,hvn,False,True,-0.6157389055627684,0.90625,False,False,,True,True,True,True,False,False,True,False,False,True,True,True,True,True,True,True,True,True,True,True,True,False,True,False,False,False,True,True,False,False,False,False,False,False,True,False,False,False,True,True,True,True,False
12156,15min,m15_2c_1atr,supply,1868.54,1866.33,2023-02-10 17:00:00+00:00,2023-02-10 16:15:00+00:00,2023-02-10 16:30:00+00:00,2023-02-10 16:45:00+00:00,2,1.826086956521771,0.7155411655874306,0.2624434389140928,2023-02-10 17:15:00+00:00,2023-02-10 17:25:00+00:00,1862.72,1869.1011428571428,6.381142857142777,0.25,True,240869,240870,1,1862.72,0.7014925373134248,1.6439061520551843,0.6111757857974252,1.5279394644936164,1.0,tp1,2023,2023-02,2023-02-10,0.0470135219844189,0.952986478015581,0.03-0.05R,4,3,2,1.0,11,3,2,1.0,0,0,0.0,0,0,0.0,True,True,True,False,False,4,3,11,3,True,12,Friday,ny_main,bear,0.84,high,inside,inside,0.6745005875440765,0.5102803738317878,-0.1007105158968003,-0.0443868927231034,True,value_high_half,hvn,False,True,0.5774827617086045,0.75,False,False,,False,True,True,False,True,False,True,False,False,True,True,True,True,True,True,False,False,True,True,True,True,True,False,False,True,False,True,False,True,False,False,False,True,False,True,False,True,False,True,True,True,True,False
12183,15min,m15_2c_1atr,demand,1857.2,1853.75,2023-02-14 14:30:00+00:00,2023-02-14 13:30:00+00:00,2023-02-14 13:45:00+00:00,2023-02-14 14:15:00+00:00,3,1.813783962889392,1.6003976143141572,0.1971014492753781,2023-02-14 15:30:00+00:00,2023-02-14 15:35:00+00:00,1865.39,1853.0041428571428,12.385857142857276,1.0,True,241399,241400,0,1865.36,0.2621595330739245,0.1429049261254165,1.1109445104439268,-2.295359915110533,-1.0,stop,2023,2023-02,2023-02-14,0.0242211739195623,-1.0242211739195624,<=0.03R,10,4,2,1.0,15,4,2,1.0,6,4,0.7275362318840457,6,4,0.7275362318840457,True,True,True,True,True,22,7,27,7,False,10,Tuesday,london_ny_overlap,bear,0.924,high,above,above,0.9263551401869063,0.5666342412451311,0.5427539772682844,0.6038598396998822,True,value_low_half,hvn,False,True,-0.2240458587559593,0.7631578947368421,False,False,,False,True,True,True,False,True,True,True,False,True,True,True,False,False,False,True,True,True,True,True,True,False,True,False,False,False,True,True,False,False,False,False,False,False,True,False,True,False,True,True,True,True,False
12184,15min,m15_2c_1atr,supply,1866.55,1858.72,2023-02-14 16:30:00+00:00,2023-02-14 15:45:00+00:00,2023-02-14 16:00:00+00:00,2023-02-14 16:15:00+00:00,2,2.3571705676968824,1.4175611017716163,0.1213282247764785,2023-02-14 17:00:00+00:00,2023-02-14 17:40:00+00:00,1856.54,1867.3504285714284,10.810428571428474,0.5,True,241424,241425,7,1856.54,0.9027027027027308,2.4032349715222305,0.3274615781057969,1.9286931930807645,1.0,tp1,2023,2023-02,2023-02-14,0.0277509811954068,0.9722490188045932,<=0.03R,7,4,2,1.0,33,4,2,1.0,9,4,0.611749680715199,10,4,0.611749680715199,True,True,True,True,True,25,7,53,7,True,12,Tuesday,ny_main,bear,1.0,high,below,below,0.4612377850162817,0.0145190562613298,-0.2865183865123861,-0.3696389224261918,True,above_value,mid_volume,False,True,0.4056268418061952,0.5098039215686274,True,False,0.3798195242001713,True,True,True,False,True,True,True,True,False,False,False,False,True,True,True,True,True,True,True,True,True,True,True,False,False,False,False,False,False,False,True,False,False,False,True,True,True,False,True,True,True,True,False
12240,15min,m15_2c_1atr,supply,1843.18,1841.64,2023-02-21 05:15:00+00:00,2023-02-21 04:15:00+00:00,2023-02-21 04:30:00+00:00,2023-02-21 05:00:00+00:00,3,2.3514507560277074,0.8810788720882414,0.6818181818181684,2023-02-21 16:25:00+00:00,2023-02-21 16:50:00+00:00,1836.0,1843.6085714285712,7.608571428571395,11.166666666666666,True,242762,242763,4,1835.99,0.967289719626163,0.5559519339091299,1.2748779571911495,-0.1314307172362003,-1.0,stop,2023,2023-02,2023-02-21,0.0394292151708601,-1.0394292151708602,0.03-0.05R,9,4,2,1.0,22,4,2,1.0,1,1,0.8961038961038404,8,4,1.0,True,True,True,True,True,11,5,38,7,False,11,Tuesday,london_ny_overlap,bear,0.78,high,above,above,1.4717281656490595,0.119658119658121,-0.8625527562172146,-0.3538528551285667,True,above_value,hvn,False,False,1.0067592940293055,0.8285714285714286,False,False,,True,True,True,False,True,False,True,False,False,False,False,False,True,True,True,True,True,True,True,True,True,True,False,True,False,False,True,False,False,False,True,False,True,False,True,True,False,True,True,True,True,True,False
12276,15min,m15_2c_1atr,demand,1825.66,1817.41,2023-02-23 16:15:00+00:00,2023-02-23 15:30:00+00:00,2023-02-23 15:45:00+00:00,2023-02-23 16:00:00+00:00,2,2.030240549828151,2.64604810996563,0.6121212121212066,2023-02-23 16:30:00+00:00,2023-02-23 16:50:00+00:00,1827.96,1816.7884285714283,11.171571428571497,0.25,True,243314,243315,3,1827.96,0.7420494699646616,0.1530670963286937,1.0490914438434251,-1.59780565465915,-1.0,stop,2023,2023-02,2023-02-23,0.026853876548893,-1.026853876548893,<=0.03R,4,3,2,1.0,10,3,2,1.0,1,1,0.3006060606060628,5,4,0.3636363636363636,True,True,True,True,True,6,5,20,7,False,11,Thursday,london_ny_overlap,bear,0.97,high,above,above,0.6140122653782136,0.7866473149492009,0.6176575355893206,0.5709603728768173,True,below_value,lvn,False,True,-0.3772969655119403,0.075,True,False,0.2989588497768973,False,True,True,True,False,True,True,True,False,False,False,True,True,True,True,True,True,True,True,True,True,False,True,False,False,True,False,False,False,True,False,False,False,True,True,True,False,False,True,True,True,True,False
12442,15min,m15_2c_1atr,demand,1899.92,1894.51,2023-03-13 15:45:00+00:00,2023-03-13 14:30:00+00:00,2023-03-13 14:45:00+00:00,2023-03-13 15:30:00+00:00,4,2.226520105746481,1.0538472241547312,0.3475046210721036,2023-03-13 15:55:00+00:00,2023-03-13 16:10:00+00:00,1902.87,1893.661,9.208999999999833,0.1666666666666666,True,246630,246631,2,1902.87,0.6557788944723337,1.2759257248344242,0.8057335215549984,0.5179715495711039,1.0,tp1,2023,2023-03,2023-03-13,0.0325768270170491,0.9674231729829508,0.03-0.05R,1,1,1,1.0,1,1,1,1.0,0,0,0.0,0,0,0.0,True,True,True,False,False,1,1,1,1,True,12,Monday,ny_main,bull,1.0,high,above,above,1.083010085337468,0.9846285226302446,1.187665990910185,2.1533368325580966,True,above_value,mid_volume,False,False,1.5707460093387349,0.2631578947368421,False,False,,True,True,False,True,False,False,True,False,False,False,True,True,True,True,False,False,False,True,True,False,False,True,True,False,False,False,False,False,False,False,True,False,False,False,True,True,True,False,True,True,True,True,False
12511,15min,m15_2c_1atr,supply,1986.59,1981.13,2023-03-20 15:00:00+00:00,2023-03-20 14:15:00+00:00,2023-03-20 14:30:00+00:00,2023-03-20 14:45:00+00:00,2,2.120388349514565,0.9895145631067586,0.74725274725276,2023-03-20 15:25:00+00:00,2023-03-20 16:00:00+00:00,1977.99,1987.29,9.299999999999956,0.4166666666666667,True,248008,248009,6,1978.0,0.7111913357400867,3.5096774193548668,0.7720430107526988,2.8236559139785076,1.0,tp1,2023,2023-03,2023-03-20,0.0322580645161291,0.9677419354838708,0.03-0.05R,2,1,1,1.0,4,2,1,1.0,1,1,1.0,1,1,1.0,True,True,True,True,True,4,4,6,5,True,12,Monday,ny_main,bull,0.896,high,below,below,1.0938304918434718,0.2038523274478478,-1.581450698014213,-2.233443944429125,True,value_high_half,hvn,False,True,0.9795698924731364,0.9878048780487804,False,False,,True,True,False,False,True,False,True,False,False,False,False,False,True,True,True,True,True,True,True,True,True,False,True,False,False,False,True,False,True,False,False,False,True,False,True,True,False,True,True,True,True,True,True
12524,15min,m15_2c_1atr,supply,1969.34,1966.54,2023-03-21 14:15:00+00:00,2023-03-21 13:15:00+00:00,2023-03-21 13:30:00+00:00,2023-03-21 14:00:00+00:00,3,1.749999999999978,1.0745614035087538,0.3357142857142294,2023-03-21 14:35:00+00:00,2023-03-21 14:45:00+00:00,1963.18,1969.8084285714283,6.628428571428458,0.3333333333333333,True,248269,248270,1,1963.11,0.7102040816326436,4.361516411991725,0.4028104053966516,3.2677428392853978,1.0,tp1,2023,2023-03,2023-03-21,0.0452595961119859,0.954740403888014,0.03-0.05R,2,2,2,1.0,2,2,2,1.0,0,0,0.0,0,0,0.0,True,True,True,False,False,2,2,2,2,True,10,Tuesday,london_ny_overlap,bull,0.482,mid,below,below,0.9547004383828348,0.8726591760299115,-0.4613575623139189,-1.3324088337433042,True,below_value,mid_volume,False,False,-1.404556132675289,0.7346938775510204,False,False,,True,True,False,False,True,False,True,False,False,True,True,True,True,True,True,False,False,True,True,False,False,False,True,False,False,False,False,False,False,True,False,False,False,False,True,False,True,False,True,True,True,True,True
12556,15min,m15_2c_1atr,demand,1978.38,1967.29,2023-03-23 15:15:00+00:00,2023-03-23 14:30:00+00:00,2023-03-23 14:45:00+00:00,2023-03-23 15:00:00+00:00,2,1.9411416156428816,3.066561327276338,0.9053201082055756,2023-03-23 15:15:00+00:00,2023-03-23 15:25:00+00:00,1978.46,1966.7161428571428,11.743857142857223,0.0,True,248829,248830,1,1978.43,0.8391304347826529,2.117702872018174,0.2750374055737342,1.3573053389613976,1.0,tp1,2023,2023-03,2023-03-23,0.0255452698675293,0.9744547301324706,<=0.03R,6,3,2,0.2290351668169459,25,4,2,0.9927862939585074,6,4,0.9927862939585074,6,4,0.9927862939585074,True,True,True,True,True,18,7,37,7,True,11,Thursday,london_ny_overlap,bull,0.694,high,above,above,0.8225837320574529,0.9486166007905174,0.800163609269142,0.6186321929582452,True,value_low_half,mid_volume,True,True,-0.333365771771255,0.6136363636363636,True,True,0.1127710843373454,True,True,True,True,False,True,True,True,False,True,True,True,True,True,True,True,True,True,True,True,True,True,True,False,False,False,False,True,False,False,False,True,False,True,True,False,False,True,True,True,True,True,False
12611,15min,m15_2c_1atr,supply,1971.42,1966.37,2023-03-29 18:15:00+00:00,2023-03-29 17:30:00+00:00,2023-03-29 17:45:00+00:00,2023-03-29 18:00:00+00:00,2,1.500187336080927,1.3244660921693912,0.9504950495049072,2023-03-29 18:25:00+00:00,2023-03-29 18:50:00+00:00,1965.67,1971.8364285714283,6.166428571428469,0.1666666666666666,True,249962,249963,4,1965.67,0.9248120300750942,1.6703347619599784,1.4919494961195363,-2.6757789876057436,1.0,tp1,2023,2023-03,2023-03-29,0.0486505270473771,0.9513494729526228,0.03-0.05R,8,3,2,0.4990099009900774,15,4,2,1.0,4,4,1.0,8,4,1.0,True,True,True,True,True,16,7,31,7,True,14,Wednesday,ny_main,bear,0.776,high,below,below,0.8862459236524545,0.1867954911432927,-1.0601517213243683,-1.0991398227216929,True,value_high_half,hvn,True,True,0.3478512683887437,0.8235294117647058,True,True,0.125051250512512,True,True,True,False,True,False,True,False,False,False,False,False,True,True,True,True,True,True,True,True,True,True,True,False,False,False,True,False,True,False,False,True,False,False,True,False,False,True,True,True,True,True,False
12679,15min,m15_2c_1atr,supply,2032.09,2030.1,2023-04-05 16:45:00+00:00,2023-04-05 16:00:00+00:00,2023-04-05 16:15:00+00:00,2023-04-05 16:30:00+00:00,2,2.0414605418138816,0.6563015312131838,0.1658291457287201,2023-04-05 17:00:00+00:00,2023-04-05 17:10:00+00:00,2024.32,2032.8701428571428,8.550142857142873,0.25,True,251322,251323,1,2024.42,0.5399610136452331,2.7438138042806295,0.3216320529314458,1.7192695193062792,1.0,tp1,2023,2023-04,2023-04-05,0.0350871330470668,0.9649128669529332,0.03-0.05R,2,2,2,1.0,2,2,2,1.0,0,0,0.0,0,0,0.0,True,True,True,False,False,2,2,2,2,True,13,Wednesday,ny_main,bull,0.948,high,inside,inside,0.7559808612440332,0.4814814814814802,-0.2278135105187563,-0.1273499775303442,True,above_value,mid_volume,False,False,1.2099213045729973,0.6530612244897959,False,False,,True,True,True,False,True,False,True,False,False,True,True,True,True,False,False,False,False,True,True,False,False,False,False,False,True,False,False,False,False,False,True,False,True,False,True,True,True,False,True,True,True,True,False
12786,15min,m15_2c_1atr,demand,1999.16,1992.72,2023-04-18 17:00:00+00:00,2023-04-18 16:15:00+00:00,2023-04-18 16:30:00+00:00,2023-04-18 16:45:00+00:00,2,2.0140105078809096,2.2556917688266376,0.7795031055900526,2023-04-18 17:00:00+00:00,2023-04-18 17:05:00+00:00,1999.96,1992.0654285714288,7.894571428571453,0.0,True,253529,253530,0,1999.93,0.5307692307692913,1.5086316094241743,1.3490282653541386,-0.6637472404183697,1.0,tp1,2023,2023-04,2023-04-18,0.0380007962071585,0.9619992037928417,0.03-0.05R,10,4,2,0.397515527950334,16,4,2,0.6226708074534094,6,3,0.824534161490703,11,3,0.824534161490703,True,True,True,True,True,22,7,38,7,True,13,Tuesday,ny_main,bear,0.864,high,above,above,1.0910559257015624,0.8141135972461222,2.0886110094922747,2.0110843500188285,True,value_low_half,hvn,False,True,-0.9892873945930196,0.7608695652173914,True,False,0.2101449275362272,True,True,True,True,False,False,True,False,False,True,True,True,True,False,False,True,True,True,True,True,True,False,True,False,False,False,True,True,False,False,False,False,False,True,True,True,False,True,True,True,True,True,False
12808,15min,m15_2c_1atr,demand,1997.97,1992.93,2023-04-20 12:45:00+00:00,2023-04-20 12:00:00+00:00,2023-04-20 12:15:00+00:00,2023-04-20 12:30:00+00:00,2,1.8193751640850824,1.8524547125229625,0.6587301587301959,2023-04-20 12:45:00+00:00,2023-04-20 12:50:00+00:00,1999.1,1992.6247142857144,6.475285714285519,0.0,True,254030,254031,0,1999.07,0.5637583892616866,2.0446974209632858,1.498003397533496,-1.6277274030931226,1.0,tp1,2023,2023-04,2023-04-20,0.0463300019855729,0.9536699980144272,0.03-0.05R,4,3,2,0.2539682539682504,21,4,2,1.0,8,4,0.8174603174603017,9,4,0.8174603174603469,True,True,True,True,True,20,7,39,7,True,8,Thursday,london_ny_overlap,bear,0.724,high,inside,inside,1.8634686346863387,0.7631578947368552,0.8910295724305882,1.1490746342999965,True,value_high_half,hvn,True,True,0.1853200079422986,0.9365079365079364,False,False,,True,True,True,True,False,False,True,False,False,True,True,True,True,False,False,True,True,True,True,True,True,False,False,False,True,False,True,False,True,False,False,False,False,False,True,False,False,True,True,True,True,True,False
12823,15min,m15_2c_1atr,supply,1992.51,1988.25,2023-04-21 14:15:00+00:00,2023-04-21 13:30:00+00:00,2023-04-21 13:45:00+00:00,2023-04-21 14:00:00+00:00,2,1.636666666666685,1.4199999999999893,0.5704225352112837,2023-04-21 14:30:00+00:00,2023-04-21 15:05:00+00:00,1986.31,1992.825,6.5150000000001,0.25,True,254333,254334,6,1986.27,0.9453551912568782,0.6354566385264481,1.0529547198772098,0.2947045280122511,-1.0,stop,2023,2023-04,2023-04-21,0.0460475825019179,-1.046047582501918,0.03-0.05R,1,1,1,1.0,3,3,2,1.0,4,4,0.5187793427230143,13,4,1.0,True,True,True,True,True,9,5,29,7,False,11,Friday,london_ny_overlap,bear,0.722,high,below,below,1.130477597242725,0.1340996168582455,-1.0487837885789248,-1.5663855195652288,True,value_low_half,lvn,False,True,-2.2056792018418525,0.0677966101694915,True,True,0.1834710743801672,True,True,True,False,True,False,True,False,False,False,False,False,True,True,True,True,True,True,True,True,True,True,True,False,False,True,False,True,False,False,False,True,False,False,True,False,False,False,True,True,True,True,False
12840,15min,m15_2c_1atr,demand,1981.96,1974.89,2023-04-24 17:45:00+00:00,2023-04-24 16:30:00+00:00,2023-04-24 16:45:00+00:00,2023-04-24 17:30:00+00:00,4,2.533390779836313,2.1322705730288547,0.451202263083463,2023-04-24 17:55:00+00:00,2023-04-24 18:05:00+00:00,1983.15,1974.440142857143,8.709857142857118,0.1666666666666666,True,254645,254646,1,1983.17,0.4131736526946254,2.036772786170028,0.8105758664239425,0.8277977332742674,1.0,tp1,2023,2023-04,2023-04-24,0.0344437337007332,0.9655562662992668,0.03-0.05R,15,4,2,1.0,20,4,2,1.0,1,1,0.4710042432814649,11,4,0.8359264497878228,True,True,True,True,True,17,5,42,7,True,14,Monday,ny_main,bear,0.832,high,inside,inside,0.662011173184389,0.9853658536585496,0.5547200631188798,0.5811806306788834,True,below_value,mid_volume,False,True,-0.553970050353439,0.5769230769230769,True,True,0.0870593293207213,True,True,True,True,False,False,True,False,False,True,True,True,False,False,False,True,True,True,True,True,True,False,False,False,True,False,False,False,False,True,False,True,False,True,True,True,False,False,True,True,True,True,False
12867,15min,m15_2c_1atr,demand,2000.18,1993.92,2023-04-26 16:30:00+00:00,2023-04-26 15:30:00+00:00,2023-04-26 15:45:00+00:00,2023-04-26 16:15:00+00:00,3,3.094193047193659,1.7020780734123104,0.1996805111821089,2023-04-26 17:00:00+00:00,2023-04-26 17:25:00+00:00,2001.78,1993.2318571428573,8.548142857142693,0.5,True,255189,255190,4,2001.75,0.8192771084337174,0.2714039808145439,1.0189347727994622,-2.028510787639784,-1.0,stop,2023,2023-04,2023-04-26,0.0350953423467092,-1.0350953423467093,0.03-0.05R,15,4,2,1.0,25,4,2,1.0,2,2,1.0,18,4,1.0,True,True,True,True,True,19,7,61,7,False,13,Wednesday,ny_main,bull,0.972,high,above,above,0.2329246935201614,0.938517179023484,0.2410597118275591,0.5678780078270396,True,value_low_half,hvn,True,True,-0.0818891321423002,0.98,True,False,0.2101449275362272,True,True,True,True,False,False,True,False,False,False,False,False,True,True,True,True,True,True,True,True,True,True,True,False,False,False,True,True,False,False,False,False,False,False,True,True,True,False,True,True,True,True,False
12891,15min,m15_2c_1atr,demand,1987.42,1976.24,2023-04-28 16:15:00+00:00,2023-04-28 15:30:00+00:00,2023-04-28 15:45:00+00:00,2023-04-28 16:00:00+00:00,2,1.960278053624664,3.8857994041708297,0.0966010733452523,2023-04-28 16:15:00+00:00,2023-04-28 16:30:00+00:00,1988.55,1975.567,12.982999999999947,0.0,True,255729,255730,2,1988.56,0.613513513513501,1.342524840175625,0.8834629900639355,-0.2133559269814367,1.0,tp1,2023,2023-04,2023-04-28,0.0231071401062929,0.9768928598937072,<=0.03R,8,3,2,1.0,35,4,2,1.0,9,4,0.7880143112701159,20,4,0.7880143112701159,True,True,True,True,True,26,7,75,7,True,12,Friday,ny_main,bear,0.832,high,above,above,0.60933868582293,0.1267123287671266,0.1318439752970004,0.2920089725910545,True,value_low_half,hvn,True,True,-0.1093737965031255,0.7575757575757576,True,True,0.0788907996560635,True,True,False,True,False,True,True,True,False,False,True,True,True,True,False,True,True,True,True,True,True,False,True,False,False,False,True,True,False,False,False,True,False,True,True,False,True,False,True,True,True,True,True
12929,15min,m15_2c_1atr,supply,2018.79,2014.63,2023-05-03 17:00:00+00:00,2023-05-03 16:15:00+00:00,2023-05-03 16:30:00+00:00,2023-05-03 16:45:00+00:00,2,1.610297590930613,1.3755314123759657,0.8461538461538713,2023-05-03 17:00:00+00:00,2023-05-03 17:20:00+00:00,2012.52,2019.3421428571428,6.822142857142808,0.0,True,256567,256568,3,2012.47,0.8059299191374608,0.0982096115590104,1.0436603497016268,-5.209506857920669,-1.0,stop,2023,2023-05,2023-05-03,0.0439744529368655,-1.0439744529368655,0.03-0.05R,7,3,2,0.5432692307692476,7,3,2,0.5432692307692476,2,1,0.5384615384615595,14,4,1.0,True,True,True,True,True,11,7,35,7,False,13,Wednesday,ny_main,bull,0.834,high,inside,inside,0.6429159802306514,0.8297872340425475,-0.0250006825026159,-0.0464573245856969,True,value_high_half,hvn,True,True,0.0674274945031992,0.918918918918919,True,True,0.1681592039801037,True,True,True,False,True,False,True,False,False,False,False,True,True,True,True,True,True,True,True,True,True,False,False,False,True,False,True,False,True,False,False,True,False,False,True,False,False,True,True,True,True,True,False
12944,15min,m15_2c_1atr,supply,2059.58,2053.5,2023-05-04 18:15:00+00:00,2023-05-04 17:30:00+00:00,2023-05-04 17:45:00+00:00,2023-05-04 18:00:00+00:00,2,2.045365853658551,1.0380487804877985,0.7368421052630949,2023-05-04 19:10:00+00:00,2023-05-04 19:20:00+00:00,2050.02,2060.087571428571,10.067571428571227,0.9166666666666666,True,256867,256868,1,2050.08,0.7867803837953117,5.01809203524764,0.2950065982716645,3.194414882295419,1.0,tp1,2023,2023-05,2023-05-04,0.0297986462900691,0.9702013537099308,<=0.03R,3,3,2,0.5888157894736793,3,3,2,0.5888157894736793,1,1,0.5888157894736793,1,1,0.5888157894736793,True,True,True,True,True,5,5,5,5,True,15,Thursday,ny_main,bull,0.964,high,above,above,0.573474178403757,0.1933028919330213,-0.237438706279396,0.295801290481112,True,above_value,mid_volume,False,True,2.164375008868684,0.5,False,False,,True,True,True,False,True,True,True,True,False,True,True,True,True,True,True,True,True,True,True,True,True,False,False,True,False,False,False,False,False,False,True,False,False,False,True,True,False,True,True,True,True,True,False
13168,15min,m15_2c_1atr,supply,1953.88,1951.38,2023-05-26 15:45:00+00:00,2023-05-26 15:00:00+00:00,2023-05-26 15:15:00+00:00,2023-05-26 15:30:00+00:00,2,4.424601704334923,1.29677658391997,0.7119999999999891,2023-05-26 17:05:00+00:00,2023-05-26 17:30:00+00:00,1948.03,1954.356,6.326000000000249,1.3333333333333333,True,261261,261262,4,1948.03,0.6849315068493513,1.46380018969327,0.2687322162503918,0.2592475497944685,1.0,tp1,2023,2023-05,2023-05-26,0.0474233322794796,0.9525766677205204,0.03-0.05R,1,1,1,0.9160000000000764,1,1,1,0.9160000000000764,1,1,0.8560000000000401,1,1,0.8560000000000401,True,True,True,True,True,3,3,3,3,True,13,Friday,ny_main,bear,0.916,high,below,below,0.2779156327543322,0.0837499999999806,-1.614999112605145,-2.136368866758527,True,above_value,hvn,False,True,0.771419538412886,0.7560975609756098,True,False,0.1619433198380687,True,True,False,False,True,False,True,False,False,False,False,False,True,True,False,True,True,True,True,True,True,True,True,False,False,False,True,False,False,False,True,False,False,False,True,True,False,True,True,True,True,True,True
13215,15min,m15_2c_1atr,demand,1969.94,1960.5,2023-05-31 17:45:00+00:00,2023-05-31 17:00:00+00:00,2023-05-31 17:15:00+00:00,2023-05-31 17:30:00+00:00,2,2.462323943661986,2.3267605633803066,0.8379237288135631,2023-05-31 17:45:00+00:00,2023-05-31 17:50:00+00:00,1970.16,1959.722,10.438000000000102,0.0,True,262049,262050,0,1970.16,0.6269230769229985,0.3151944817014688,1.1218624257520524,1.1985054608162358,-1.0,stop,2023,2023-05,2023-05-31,0.0287411381490704,-1.0287411381490703,<=0.03R,4,2,1,0.2309322033898118,7,3,2,0.2997881355932109,4,4,0.003177966101692,11,4,0.4915254237288213,True,True,True,True,True,12,7,29,7,False,13,Wednesday,ny_main,bull,0.97,high,above,above,0.9177563661390112,0.4537815126050543,0.7252744420815784,1.479870047402868,True,above_value,mid_volume,False,True,0.6677524429967387,0.3095238095238095,True,False,0.142220571852949,True,True,False,True,False,True,True,True,False,True,True,True,True,True,False,True,True,True,True,True,True,True,True,False,False,False,False,False,False,False,True,False,False,True,True,True,False,True,True,True,True,True,False
13224,15min,m15_2c_1atr,demand,1967.47,1958.66,2023-06-01 16:00:00+00:00,2023-06-01 15:15:00+00:00,2023-06-01 15:30:00+00:00,2023-06-01 15:45:00+00:00,2,2.756511350059731,2.947192353643939,0.6935300794551575,2023-06-01 16:00:00+00:00,2023-06-01 16:05:00+00:00,1969.37,1958.0787142857143,11.29128571428555,0.0,True,262304,262305,0,1969.38,0.3333333333333333,1.2407798681663855,0.6642290514809241,-0.4729310846544107,1.0,tp1,2023,2023-06,2023-06-01,0.0265691620592369,0.973430837940763,<=0.03R,7,3,2,0.7911464245176016,16,4,2,0.7911464245176016,12,4,0.3473325766174761,20,4,0.3745743473325738,True,True,True,True,True,31,7,56,7,True,12,Thursday,ny_main,bull,0.9,high,above,above,0.8454484455379202,0.1419491525423393,0.4460752473086105,1.0203545673687957,True,value_low_half,hvn,True,True,-0.1049481901339811,0.9047619047619048,True,True,0.142220571852949,True,True,False,True,False,True,True,True,False,True,True,True,False,False,False,True,True,True,True,True,True,True,True,False,False,False,True,True,False,False,False,True,False,True,True,True,False,True,True,True,True,True,False
13225,15min,m15_2c_1atr,demand,1971.16,1966.44,2023-06-01 16:45:00+00:00,2023-06-01 16:00:00+00:00,2023-06-01 16:15:00+00:00,2023-06-01 16:30:00+00:00,2,1.6291312091826804,1.3077379774391416,0.2796610169491856,2023-06-01 17:05:00+00:00,2023-06-01 17:10:00+00:00,1972.55,1965.930142857143,6.619857142856972,0.3333333333333333,True,262317,262318,0,1972.41,0.3189873417721459,1.635986965622975,1.4728414510455936,-1.129933749109853,1.0,tp1,2023,2023-06,2023-06-01,0.0453181984937105,0.9546818015062896,0.03-0.05R,4,3,2,1.0,4,3,2,1.0,0,0,0.0,4,3,0.5360169491525335,True,True,True,False,True,4,3,12,7,True,13,Thursday,ny_main,bull,0.942,high,above,above,0.6956201693043869,0.320209973753283,0.6564331057685441,1.4856729879157553,True,value_high_half,mid_volume,False,True,0.6873260104879712,0.5652173913043478,True,False,0.3330838323353295,True,True,False,True,False,False,True,False,False,True,True,True,False,False,False,False,True,True,True,True,True,True,True,False,False,False,False,False,True,False,False,False,False,False,True,False,True,False,True,True,True,True,False
13273,15min,m15_2c_1atr,supply,1964.2,1960.91,2023-06-06 16:45:00+00:00,2023-06-06 16:00:00+00:00,2023-06-06 16:15:00+00:00,2023-06-06 16:30:00+00:00,2,1.9074753173484489,1.2992947813822209,0.5805471124620374,2023-06-06 17:15:00+00:00,2023-06-06 17:45:00+00:00,1957.21,1964.6514285714288,7.44142857142856,0.5,True,263152,263153,5,1957.22,0.8333333333332897,0.0483778076406391,1.0535611441735364,1.0885006719140151,-1.0,stop,2023,2023-06,2023-06-06,0.0403148397005184,-1.0403148397005184,0.03-0.05R,15,4,2,1.0,34,4,2,1.0,5,4,0.969604863221912,13,4,1.0,True,True,True,True,True,25,7,60,7,False,13,Tuesday,ny_main,bull,0.892,high,below,below,0.4355686356947736,1.0,0.05345993285243,-0.2289234431764569,True,above_value,mid_volume,False,True,0.3769437511998555,0.5833333333333334,True,True,0.2358845671267238,True,True,False,False,True,False,True,False,False,False,False,False,True,True,True,True,True,True,True,True,True,False,True,False,False,False,False,False,False,False,True,True,False,False,True,False,False,False,True,True,False,True,True
13313,15min,m15_2c_1atr,demand,1964.09,1956.64,2023-06-09 17:15:00+00:00,2023-06-09 16:30:00+00:00,2023-06-09 16:45:00+00:00,2023-06-09 17:00:00+00:00,2,1.6278366111951763,2.2541603630861564,0.6818791946308793,2023-06-09 17:15:00+00:00,2023-06-09 17:20:00+00:00,1964.69,1956.1952857142855,8.49471428571428,0.0,True,263975,263976,0,1964.69,0.5639534883720999,0.4037805021609886,1.025343490910319,-0.8522947042698836,-1.0,stop,2023,2023-06,2023-06-09,0.0353160789062106,-1.0353160789062106,0.03-0.05R,11,4,2,0.3610738255033413,46,4,2,0.4979865771812251,10,4,1.0,35,4,1.0,True,True,True,True,True,31,7,116,7,False,13,Friday,ny_main,bull,0.916,high,above,above,0.9563831905994906,0.8353174603174736,0.9570964428202906,0.9730242447367946,True,below_value,lvn,False,True,-0.5162033533457773,0.1034482758620689,True,True,0.142220571852949,True,True,True,True,False,False,True,False,False,True,True,True,True,False,False,True,True,True,True,True,True,True,True,False,False,True,False,False,False,True,False,True,False,True,True,False,False,True,True,True,True,True,False
13508,15min,m15_2c_1atr,demand,1913.79,1909.74,2023-06-30 17:15:00+00:00,2023-06-30 16:30:00+00:00,2023-06-30 16:45:00+00:00,2023-06-30 17:00:00+00:00,2,1.7143489813994484,1.255535872453476,0.6246913580247477,2023-06-30 17:35:00+00:00,2023-06-30 17:45:00+00:00,1916.44,1909.1987142857145,7.241285714285823,0.3333333333333333,True,268076,268077,1,1916.49,0.8451327433627864,2.016216536132057,0.8769160961944463,1.5563534494663278,1.0,tp1,2023,2023-06,2023-06-30,0.0414291069068233,0.9585708930931768,0.03-0.05R,1,1,1,0.7925925925926105,9,3,2,0.7925925925926105,3,2,0.6000000000000224,5,2,0.6839506172839538,True,True,True,True,True,7,5,19,7,True,13,Friday,ny_main,bear,0.962,high,above,above,0.4497463836182678,0.3217054263566298,0.340619860707161,1.149496150910566,True,value_high_half,mid_volume,False,True,0.416362524413557,0.6216216216216216,False,False,,True,True,False,True,False,False,True,False,False,True,True,True,True,True,True,True,True,True,True,True,True,False,True,False,False,False,False,False,True,False,False,False,False,False,True,False,False,False,True,True,True,True,True
13647,15min,m15_2c_1atr,supply,1962.63,1958.62,2023-07-14 16:00:00+00:00,2023-07-14 15:15:00+00:00,2023-07-14 15:30:00+00:00,2023-07-14 15:45:00+00:00,2,1.8935472110827705,2.046664236237803,0.1820448877805432,2023-07-14 16:40:00+00:00,2023-07-14 17:05:00+00:00,1953.54,1963.161142857143,9.621142857143012,0.6666666666666666,True,270796,270797,4,1953.54,0.547226386806623,0.8075963651481706,0.8845103046860927,0.1361584605333413,0.1361584605333413,time,2023,2023-07,2023-07-14,0.0311813268396977,0.1049771336936435,0.03-0.05R,14,4,2,1.0,22,4,2,1.0,6,4,0.5735660847879873,14,4,0.5735660847879873,True,True,True,True,True,26,7,50,7,True,13,Friday,ny_main,bull,0.906,high,below,below,0.4600326264273578,0.2788605697151339,-1.4142433521785287,-1.5625609016924515,True,value_high_half,hvn,True,True,0.0389766585496222,0.8333333333333334,True,False,0.1935047361298864,False,True,True,False,True,False,True,False,False,False,False,False,True,False,False,True,True,True,True,True,True,False,True,False,False,False,True,False,True,False,False,False,False,True,True,False,True,False,True,True,True,True,False
13677,15min,m15_2c_1atr,demand,1965.9,1961.02,2023-07-18 15:30:00+00:00,2023-07-18 14:30:00+00:00,2023-07-18 14:45:00+00:00,2023-07-18 15:15:00+00:00,3,1.9265658747299208,2.107991360691172,0.651639344262247,2023-07-18 15:30:00+00:00,2023-07-18 15:55:00+00:00,1967.3,1960.4288571428572,6.871142857142786,0.0,True,271334,271335,4,1967.28,0.5773955773955641,2.4872136055553713,0.5195642230446134,1.4262547299264083,1.0,tp1,2023,2023-07,2023-07-18,0.04366085907938,0.95633914092062,0.03-0.05R,5,4,2,1.0,6,4,2,1.0,0,0,0.0,1,1,0.1290983606557572,True,True,True,False,True,5,3,8,5,True,11,Tuesday,london_ny_overlap,bull,0.954,high,above,above,0.5209840810420171,0.9823899371069058,1.1681947502627352,1.5309847677959991,True,value_high_half,hvn,True,True,0.2488668967524716,0.875,False,False,,False,True,False,True,False,False,True,False,False,False,False,False,True,False,False,False,True,True,True,True,True,True,True,False,False,False,True,False,True,False,False,False,False,True,True,False,False,True,True,True,True,True,False
13678,15min,m15_2c_1atr,demand,1971.03,1960.76,2023-07-18 16:15:00+00:00,2023-07-18 15:30:00+00:00,2023-07-18 15:45:00+00:00,2023-07-18 16:00:00+00:00,2,2.198823529411752,2.819215686274492,0.532619279454704,2023-07-18 16:15:00+00:00,2023-07-18 17:00:00+00:00,1971.29,1960.145,11.144999999999982,0.0,True,271347,271348,8,1971.36,0.7727272727272199,1.1754149842979056,0.1327949753252598,0.2575145805293964,1.0,tp1,2023,2023-07,2023-07-18,0.0269179004037685,0.9730820995962316,<=0.03R,7,4,2,0.4751703992210436,8,4,2,0.4751703992210436,0,0,0.0,1,1,0.0866601752677801,True,True,True,False,True,7,3,10,5,True,13,Tuesday,ny_main,bull,1.0,high,above,above,0.3551797040169478,0.6625766871165588,1.3408922505192866,1.9840041443070355,True,value_high_half,mid_volume,True,True,0.3719156572454005,0.3111111111111111,False,False,,False,True,False,True,False,True,True,True,False,False,False,False,True,True,True,False,True,True,True,True,True,True,True,False,False,False,False,False,True,False,False,False,False,True,True,True,False,False,True,True,True,True,True
13707,15min,m15_2c_1atr,demand,1978.22,1972.41,2023-07-20 16:15:00+00:00,2023-07-20 15:30:00+00:00,2023-07-20 15:45:00+00:00,2023-07-20 16:00:00+00:00,2,1.872238805970144,2.428059701492498,0.8588640275387359,2023-07-20 16:15:00+00:00,2023-07-20 16:25:00+00:00,1978.51,1971.9651428571428,6.544857142857154,0.0,True,271892,271893,1,1978.53,0.8809523809524776,0.2475225913476406,1.222333784432704,-2.6906622429824747,-1.0,stop,2023,2023-07,2023-07-20,0.0458375169162264,-1.0458375169162264,0.03-0.05R,10,4,2,0.4371772805507724,25,4,2,0.5989672977624872,4,4,0.2719449225473222,4,4,0.2719449225473222,True,True,True,True,True,18,7,33,7,False,12,Thursday,ny_main,bull,0.836,high,below,below,0.9209997127262028,0.6173285198555621,0.3990810555469353,-0.1943349919539669,True,value_low_half,mid_volume,True,True,-0.2956519841096519,0.5555555555555556,False,False,,True,True,True,True,False,False,True,False,False,True,True,True,True,True,True,True,True,True,True,True,True,True,False,True,False,False,False,True,False,False,False,False,False,True,True,False,False,True,True,True,True,True,False
13742,15min,m15_2c_1atr,demand,1955.54,1953.15,2023-07-25 15:00:00+00:00,2023-07-25 14:15:00+00:00,2023-07-25 14:30:00+00:00,2023-07-25 14:45:00+00:00,2,3.2115708039017505,1.125462495795432,0.3179916317991763,2023-07-25 17:00:00+00:00,2023-07-25 17:15:00+00:00,1959.79,1952.7134285714287,7.076571428571242,2.0,True,272730,272731,2,1959.8,0.8301158301158037,2.1606508397933335,0.4013242894056837,1.890746124031073,1.0,tp1,2023,2023-07,2023-07-25,0.0423934108527142,0.9576065891472856,0.03-0.05R,7,4,2,1.0,7,4,2,1.0,2,2,0.7447698744770157,7,2,1.0,True,True,True,True,True,11,7,21,7,True,13,Tuesday,ny_main,bear,0.952,high,below,below,0.5750786163522478,0.1958041958042475,-0.0419999570095515,-0.2101459881245057,True,below_value,mid_volume,False,False,-0.7637879521963987,0.5652173913043478,False,False,,True,True,True,True,False,False,True,False,False,False,True,True,True,True,True,True,True,True,True,True,True,False,False,True,False,False,False,False,False,True,False,False,False,False,True,True,True,False,True,True,False,True,True
13899,15min,m15_2c_1atr,supply,1926.69,1922.37,2023-08-10 16:30:00+00:00,2023-08-10 15:45:00+00:00,2023-08-10 16:00:00+00:00,2023-08-10 16:15:00+00:00,2,2.4654088050314065,1.811320754717057,0.601851851851808,2023-08-10 16:35:00+00:00,2023-08-10 17:05:00+00:00,1920.76,1927.1497142857145,6.389714285714263,0.0833333333333333,True,276032,276033,5,1920.74,0.8723404255318449,1.550930066177804,0.15493650509748,0.2269272044357081,1.0,tp1,2023,2023-08,2023-08-10,0.046950456090145,0.953049543909855,0.03-0.05R,4,4,2,1.0,10,4,2,1.0,1,1,0.9375000000000066,1,1,0.9375000000000066,True,True,True,True,True,6,5,12,5,True,13,Thursday,ny_main,bear,0.942,high,below,below,0.539152759948641,0.0880398671096302,-1.3026182053842372,-1.2708186934172272,True,above_value,mid_volume,False,True,1.1393310677875157,0.59375,True,True,0.2535564853556501,False,True,True,False,True,False,True,False,False,False,False,False,True,True,True,True,True,True,True,True,True,True,True,False,False,False,False,False,False,False,True,True,False,False,True,True,False,False,True,True,True,True,False
14016,15min,m15_2c_1atr,demand,1908.55,1903.67,2023-08-23 16:30:00+00:00,2023-08-23 15:45:00+00:00,2023-08-23 16:00:00+00:00,2023-08-23 16:15:00+00:00,2,2.9409649385675616,2.047347917290923,0.9836065573770636,2023-08-23 16:40:00+00:00,2023-08-23 16:45:00+00:00,1909.46,1903.1468571428572,6.313142857142793,0.1666666666666666,True,278512,278513,0,1909.04,0.4411764705882476,2.2049239681390636,0.0,2.109884141926152,1.0,tp1,2023,2023-08,2023-08-23,0.047519913106445,0.9524800868935548,0.03-0.05R,6,3,2,0.1475409836065665,8,4,2,0.1475409836065665,0,0,0.0,5,4,1.0,True,True,True,False,True,6,3,18,7,True,12,Wednesday,ny_main,bull,1.0,high,above,above,0.3860577983675257,0.910052910052896,2.675806296127544,3.592565097182548,True,above_value,mid_volume,True,True,0.3738233164373882,0.6666666666666666,False,False,,True,True,True,True,False,False,True,False,False,True,True,True,False,False,False,False,True,True,True,True,True,True,True,False,False,False,False,False,False,False,True,False,False,True,True,True,False,True,True,True,True,True,True
14038,15min,m15_2c_1atr,supply,1920.27,1918.0,2023-08-25 15:45:00+00:00,2023-08-25 15:00:00+00:00,2023-08-25 15:15:00+00:00,2023-08-25 15:30:00+00:00,2,2.0859794821689936,1.5525158768929996,0.7841409691629898,2023-08-25 17:00:00+00:00,2023-08-25 17:25:00+00:00,1914.07,1920.9214285714288,6.851428571428642,1.25,True,279072,279073,4,1914.06,0.7293064876957429,1.5047956630525203,1.0275229357798006,-0.9749791492910752,1.0,tp1,2023,2023-08,2023-08-25,0.0437864887406167,0.9562135112593833,0.03-0.05R,5,3,2,1.0,11,4,2,1.0,11,4,1.0,11,4,1.0,True,True,True,True,True,27,7,33,7,True,13,Friday,ny_main,bull,0.982,high,below,below,0.442424242424253,0.1020733652312581,-1.3325525666172393,-1.5046809717084586,True,above_value,mid_volume,False,True,0.2751251042535405,0.5,False,False,,True,True,True,False,True,False,True,False,False,False,False,False,True,True,True,True,True,True,True,True,True,False,True,False,False,False,False,False,False,False,True,False,False,False,True,True,False,True,True,True,True,True,False
14370,15min,m15_2c_1atr,supply,1878.8,1873.73,2023-09-29 16:45:00+00:00,2023-09-29 16:00:00+00:00,2023-09-29 16:15:00+00:00,2023-09-29 16:30:00+00:00,2,2.3170799665645325,1.9777096684313,0.9566074950690276,2023-09-29 16:45:00+00:00,2023-09-29 16:50:00+00:00,1871.28,1879.2392857142856,7.95928571428567,0.0,True,285919,285920,0,1871.28,0.5520000000000437,5.5394418020281995,0.1294085973256726,5.342187920667711,1.0,tp1,2023,2023-09,2023-09-29,0.0376918244637891,0.9623081755362108,0.03-0.05R,6,4,2,0.5502958579881654,19,4,2,0.6942800788954686,3,2,0.6666666666666518,3,2,0.6666666666666518,True,True,True,True,True,12,7,25,7,True,12,Friday,ny_main,bear,0.95,high,below,below,0.3989730423620502,0.0802292263610234,-0.7832549464643608,-0.5196867869963592,True,above_value,lvn,False,True,0.4416225433007134,0.25,True,False,0.2967542503864005,True,True,True,False,True,False,True,False,False,True,True,True,True,False,False,True,True,True,True,True,True,True,True,False,False,True,False,False,False,False,True,False,False,False,True,True,False,True,True,True,True,True,False
14385,15min,m15_2c_1atr,supply,1837.64,1832.38,2023-10-02 17:15:00+00:00,2023-10-02 16:30:00+00:00,2023-10-02 16:45:00+00:00,2023-10-02 17:00:00+00:00,2,2.7070617063934472,1.640454444196936,0.3840304182509478,2023-10-02 17:30:00+00:00,2023-10-02 17:40:00+00:00,1830.83,1838.2432857142855,7.413285714285848,0.25,True,286205,286206,1,1830.84,0.3966942148760734,2.098934345672782,0.516640009249814,0.9010849247489644,1.0,tp1,2023,2023-10,2023-10-02,0.0404678858420203,0.9595321141579796,0.03-0.05R,2,2,1,0.54372623574147,2,2,1,0.54372623574147,0,0,0.0,0,0,0.0,True,True,True,False,False,2,2,2,2,True,13,Monday,ny_main,bear,0.966,high,below,below,0.6965034965035061,0.1682070240295524,-1.15005569287778,-1.8563931051513312,True,value_high_half,hvn,True,True,0.0350721677297804,0.9047619047619048,False,False,,True,True,True,False,True,False,True,False,False,True,True,True,False,False,False,False,False,True,True,False,False,True,True,False,False,False,True,False,True,False,False,False,False,False,True,True,False,False,True,True,True,True,False
14445,15min,m15_2c_1atr,demand,1820.17,1810.95,2023-10-06 16:15:00+00:00,2023-10-06 15:30:00+00:00,2023-10-06 15:45:00+00:00,2023-10-06 16:00:00+00:00,2,2.20015086748807,3.2456625597184106,0.8036876355748191,2023-10-06 16:15:00+00:00,2023-10-06 16:25:00+00:00,1823.43,1810.269142857143,13.16085714285714,0.0,True,287294,287295,1,1823.45,0.92110874200424,2.44057052297939,0.531880250960641,2.064455202657219,1.0,tp1,2023,2023-10,2023-10-06,0.0227948678983131,0.9772051321016868,<=0.03R,13,4,2,0.771149674620402,32,4,2,0.771149674620402,3,1,0.5986984815618184,3,1,0.5986984815618184,True,True,True,True,True,19,7,38,7,True,12,Friday,ny_main,bear,0.882,high,inside,inside,1.4509716327898612,0.9383886255924364,1.3405007307276409,1.1178406392371307,True,below_value,mid_volume,False,True,-0.3563597681436336,0.3793103448275862,False,False,,True,True,True,True,False,True,True,True,False,True,True,True,True,True,True,True,True,True,True,True,True,False,False,False,True,False,False,False,False,True,False,False,False,True,True,True,False,True,True,True,True,True,False
14446,15min,m15_2c_1atr,demand,1826.05,1818.43,2023-10-06 17:30:00+00:00,2023-10-06 16:30:00+00:00,2023-10-06 16:45:00+00:00,2023-10-06 17:15:00+00:00,3,2.0405990016639177,1.7750415973377678,0.4370078740157745,2023-10-06 17:45:00+00:00,2023-10-06 18:10:00+00:00,1826.59,1817.921142857143,8.66885714285695,0.25,True,287315,287316,4,1826.59,0.6249999999999778,3.3406941102798977,0.0080748821726305,2.6301044790877826,1.0,tp1,2023,2023-10,2023-10-06,0.0346066378827337,0.9653933621172665,0.03-0.05R,14,4,2,1.0,54,4,2,1.0,7,1,0.4343832020997366,7,1,0.4343832020997366,True,True,True,True,True,28,7,68,7,True,14,Friday,ny_main,bear,1.0,high,above,above,0.8778378378378621,0.8820224719101258,0.8932018031890744,1.2930356317401877,True,value_high_half,hvn,True,True,0.2295573646221346,0.7804878048780488,True,True,0.2178947368421225,True,True,True,True,False,False,True,False,False,False,False,False,True,True,False,True,True,True,True,True,True,False,True,False,False,False,True,False,True,False,False,True,False,False,True,True,False,False,True,True,True,True,False
14537,15min,m15_2c_1atr,demand,1919.73,1918.7,2023-10-17 12:30:00+00:00,2023-10-17 11:45:00+00:00,2023-10-17 12:00:00+00:00,2023-10-17 12:15:00+00:00,2,1.9044707680550237,0.5510126098586102,0.4077669902913435,2023-10-17 15:30:00+00:00,2023-10-17 15:50:00+00:00,1925.76,1918.292,7.467999999999847,3.0,True,289219,289220,3,1925.76,0.6054421768707746,4.934386716657828,0.8810926620246468,4.350562399571595,1.0,tp1,2023,2023-10,2023-10-17,0.0401713979646499,0.95982860203535,0.03-0.05R,7,4,2,1.0,9,4,2,1.0,1,1,1.0,2,1,1.0,True,True,True,True,True,9,5,13,7,True,11,Tuesday,london_ny_overlap,bull,0.852,high,inside,above,1.5174291938997786,0.6299999999999727,0.4278717464165232,1.0643686743409575,True,value_low_half,hvn,True,True,-0.0046866630958563,1.0,True,False,0.1782553729456233,True,True,False,True,False,False,True,False,False,False,False,True,True,True,False,True,True,True,True,True,True,True,False,False,True,False,True,True,False,False,False,False,True,False,True,False,False,False,True,True,True,True,False
14559,15min,m15_2c_1atr,supply,1959.8,1950.27,2023-10-18 17:30:00+00:00,2023-10-18 16:30:00+00:00,2023-10-18 16:45:00+00:00,2023-10-18 17:15:00+00:00,3,1.8186990328086463,2.5302484354257784,0.8887722980063013,2023-10-18 17:30:00+00:00,2023-10-18 17:50:00+00:00,1946.91,1960.4565714285711,13.54657142857127,0.0,True,289519,289520,3,1946.94,0.5349500713266768,0.6348469828950042,0.9662961634994676,-0.6444435070550361,-0.6444435070550361,time,2023,2023-10,2023-10-18,0.022145824984709,-0.6665893320397451,<=0.03R,1,1,1,1.0,1,1,1,1.0,0,0,0.0,0,0,0.0,True,True,True,False,False,1,1,1,1,False,13,Wednesday,ny_main,bull,0.976,high,above,above,0.4754285714285584,0.4793152639086882,-0.9493696958740858,-0.4083396815006281,True,above_value,mid_volume,False,False,2.2725307405142208,0.4942528735632184,False,False,,True,True,True,False,True,True,True,True,False,False,False,True,True,False,False,False,False,True,True,False,False,False,False,True,False,False,False,False,False,False,True,False,False,True,True,False,False,True,True,True,True,True,False
14569,15min,m15_2c_1atr,supply,1954.43,1949.18,2023-10-19 11:45:00+00:00,2023-10-19 11:00:00+00:00,2023-10-19 11:15:00+00:00,2023-10-19 11:30:00+00:00,2,1.880959260329427,2.1236636810170535,0.733333333333316,2023-10-19 11:55:00+00:00,2023-10-19 12:30:00+00:00,1948.12,1954.6362857142856,6.516285714285914,0.1666666666666666,True,289731,289732,6,1948.17,0.7659574468085381,0.0,1.0865085280834736,-5.513877318367009,-1.0,stop,2023,2023-10,2023-10-19,0.0460384969526885,-1.0460384969526886,0.03-0.05R,13,4,2,0.92761904761907,13,4,2,0.92761904761907,3,2,1.0,3,2,1.0,True,True,True,True,True,19,7,19,7,False,8,Thursday,london_ny_overlap,bull,0.756,high,below,below,0.8201690469250924,0.4175824175825,-0.1988195270985255,-0.0974391776913391,True,above_value,mid_volume,True,True,0.1619020476169645,0.4666666666666667,False,False,,False,True,True,False,True,False,True,False,False,False,False,False,True,True,True,True,True,True,True,True,True,False,True,False,False,False,False,False,False,False,True,False,False,True,True,False,False,True,True,True,True,True,True
14657,15min,m15_2c_1atr,demand,1983.44,1976.88,2023-10-27 16:45:00+00:00,2023-10-27 16:00:00+00:00,2023-10-27 16:15:00+00:00,2023-10-27 16:30:00+00:00,2,1.7510980966324945,1.9209370424597043,0.4939024390243957,2023-10-27 16:45:00+00:00,2023-10-27 17:10:00+00:00,1985.45,1976.359142857143,9.090857142856976,0.0,True,291443,291444,4,1985.46,0.8985507246376907,2.63121503551452,0.7469042680243985,1.3442076811867774,1.0,tp1,2023,2023-10,2023-10-27,0.0330001885725067,0.9669998114274932,0.03-0.05R,11,4,2,1.0,30,4,2,1.0,4,3,0.7606707317072902,9,4,1.0,True,True,True,True,True,19,7,48,7,True,13,Friday,ny_main,bull,0.916,high,below,below,0.336222462983062,0.760330578512387,0.462577772048616,0.3150802498392229,True,below_value,mid_volume,False,True,-0.7799044565969002,0.5714285714285714,True,True,0.5540166204986163,False,True,True,True,False,False,True,False,False,False,False,False,True,True,True,True,True,True,True,True,True,True,False,True,False,False,False,False,False,True,False,True,False,False,True,False,False,False,True,True,True,True,False
14665,15min,m15_2c_1atr,demand,2000.08,1995.0,2023-10-30 15:15:00+00:00,2023-10-30 14:30:00+00:00,2023-10-30 14:45:00+00:00,2023-10-30 15:00:00+00:00,2,2.276718659734324,2.0543038705950223,0.0393700787401669,2023-10-30 15:30:00+00:00,2023-10-30 16:05:00+00:00,2000.75,1994.5775714285712,6.172428571428554,0.25,True,291718,291719,6,2000.7,0.5912806539509617,0.2818987664035943,1.189159164024338,-0.5880991506006165,-1.0,stop,2023,2023-10,2023-10-30,0.0486032355868263,-1.0486032355868264,0.03-0.05R,2,2,1,0.3444881889763829,2,2,1,0.3444881889763829,0,0,0.0,0,0,0.0,True,True,True,False,False,2,2,2,2,False,12,Monday,ny_main,bull,0.766,high,above,above,0.560410056138675,0.6839237057220549,0.6215011618474678,1.0457212021605846,True,value_high_half,mid_volume,False,True,0.4520100909574791,0.6129032258064516,False,False,,True,True,True,True,False,False,True,False,False,False,False,False,True,False,False,False,False,True,True,False,False,True,True,False,False,False,False,False,True,False,False,False,False,True,True,True,True,False,True,True,True,True,False
14726,15min,m15_2c_1atr,demand,1988.08,1986.91,2023-11-03 14:45:00+00:00,2023-11-03 14:00:00+00:00,2023-11-03 14:15:00+00:00,2023-11-03 14:30:00+00:00,2,6.520435166127671,0.481623052043453,0.0940170940172152,2023-11-03 15:25:00+00:00,2023-11-03 15:40:00+00:00,1996.46,1986.0945714285715,10.365428571428538,0.6666666666666666,True,292817,292818,2,1996.46,0.6796116504854064,0.3502025965434446,1.149011825022752,-1.2204029879544769,-1.0,stop,2023,2023-11,2023-11-03,0.0289423633506988,-1.0289423633506989,<=0.03R,5,3,2,1.0,10,4,2,1.0,1,1,1.0,3,2,1.0,True,True,True,True,True,7,5,16,7,False,11,Friday,london_ny_overlap,bull,1.0,high,above,above,0.3593537671750058,0.9482456140350944,0.808851020037687,1.428453204785902,True,value_high_half,hvn,False,True,0.2165853524077191,0.9803921568627452,False,False,,True,True,True,True,False,True,True,True,False,False,True,True,True,True,False,True,True,True,True,True,True,True,True,False,False,False,True,False,True,False,False,False,True,False,True,True,True,False,True,True,True,True,False
14829,15min,m15_2c_1atr,demand,1965.68,1963.44,2023-11-16 15:30:00+00:00,2023-11-16 14:00:00+00:00,2023-11-16 14:15:00+00:00,2023-11-16 15:15:00+00:00,5,1.5793357933578185,1.653136531365298,0.9017857142857024,2023-11-16 15:30:00+00:00,2023-11-16 15:35:00+00:00,1971.88,1963.143857142857,8.736142857143022,0.0,True,295285,295286,0,1971.87,0.8439620081410719,2.465619021143638,0.2747207823001377,1.2854643271793216,1.0,tp1,2023,2023-11,2023-11-16,0.0343400977875159,0.965659902212484,0.03-0.05R,6,3,2,1.0,10,4,2,1.0,1,1,0.2499999999999746,6,4,1.0,True,True,True,True,True,8,5,22,7,True,10,Thursday,london_ny_overlap,bull,0.71,high,above,above,1.9453551912568987,0.6824966078697275,2.446731278017985,2.7065585350020047,True,value_high_half,mid_volume,False,True,0.3788857455889192,0.5294117647058824,True,False,0.1993865030674852,True,True,True,True,False,False,True,False,False,True,True,True,True,True,True,True,True,True,True,True,True,True,True,False,False,False,False,False,True,False,False,False,False,False,True,False,False,True,True,True,True,True,False
14868,15min,m15_2c_1atr,demand,2000.31,1993.88,2023-11-21 16:15:00+00:00,2023-11-21 15:30:00+00:00,2023-11-21 15:45:00+00:00,2023-11-21 16:00:00+00:00,2,1.7997293640054437,2.4362652232746753,0.0933125972006456,2023-11-21 16:15:00+00:00,2023-11-21 16:30:00+00:00,2001.42,1993.4027142857144,8.017285714285663,0.0,True,296103,296104,2,2001.47,0.7248908296943704,0.7670925322071831,1.1500151458455945,-1.1263163521676416,-1.0,stop,2023,2023-11,2023-11-21,0.0374191479125463,-1.0374191479125463,0.03-0.05R,1,1,1,1.0,1,1,1,1.0,0,0,0.0,4,4,0.1819595645411936,True,True,True,False,True,1,1,9,5,False,11,Tuesday,london_ny_overlap,bull,0.918,high,above,above,0.8097205346293761,0.7420147420147492,2.29585046468597,3.715590291289921,True,value_high_half,lvn,False,True,0.6043192387876269,0.2465753424657534,False,False,,True,True,True,True,False,False,True,False,False,False,True,True,True,True,True,False,True,True,True,False,True,True,True,False,False,True,False,False,True,False,False,False,False,True,True,False,True,False,True,True,True,True,True
15012,15min,m15_2c_1atr,supply,2032.95,2028.08,2023-12-06 17:00:00+00:00,2023-12-06 16:15:00+00:00,2023-12-06 16:30:00+00:00,2023-12-06 16:45:00+00:00,2,2.087525377847898,1.5380103767200703,0.433264887063624,2023-12-06 17:15:00+00:00,2023-12-06 17:30:00+00:00,2026.79,2033.521,6.7309999999999945,0.25,True,299065,299066,2,2026.79,0.684014869888516,0.4115287475857946,1.1617887386718084,-0.034170257019762,-1.0,stop,2023,2023-12,2023-12-06,0.0445699004605556,-1.0445699004605558,0.03-0.05R,4,4,2,1.0,14,4,2,1.0,6,3,1.0,6,3,1.0,True,True,True,True,True,16,7,26,7,False,12,Wednesday,ny_main,bear,0.8,high,above,above,0.6258823529411606,0.5409090909091046,0.3508761555891778,0.6195001498496793,True,above_value,mid_volume,False,True,1.4507502599910682,0.74,True,True,0.2840095465393732,True,True,True,False,True,False,True,False,False,False,True,True,True,True,False,True,True,True,True,True,True,True,False,True,False,False,False,False,False,False,True,True,False,False,True,True,False,False,True,True,False,True,True
15031,15min,m15_2c_1atr,demand,2026.49,2020.23,2023-12-07 19:45:00+00:00,2023-12-07 19:00:00+00:00,2023-12-07 19:15:00+00:00,2023-12-07 19:30:00+00:00,2,1.8684563758389408,1.6805369127516798,0.9776357827476242,2023-12-07 19:55:00+00:00,2023-12-07 20:00:00+00:00,2028.88,2019.7515714285712,9.128428571428683,0.1666666666666666,True,299371,299372,0,2028.84,0.4535809018567154,0.5641715832798415,1.4427455828729614,-3.22728055212128,-1.0,stop,2023,2023-12,2023-12-07,0.0328643640745547,-1.0328643640745547,0.03-0.05R,8,4,2,1.0,32,4,2,1.0,8,4,0.5527156549520833,8,4,0.5527156549520833,True,True,True,True,True,24,7,48,7,False,15,Thursday,ny_main,bear,0.78,high,inside,inside,0.7663839629914951,0.7948051948051994,0.7959784925448647,0.5349320922812676,True,below_value,mid_volume,False,True,-0.6452370146637444,0.275,True,True,0.1831715210355934,True,True,True,True,False,False,True,False,False,True,True,True,True,False,False,True,True,True,True,True,True,False,False,False,True,False,False,False,False,True,False,True,False,False,True,False,False,True,True,True,True,True,True
15070,15min,m15_2c_1atr,supply,1992.61,1987.93,2023-12-12 15:45:00+00:00,2023-12-12 15:00:00+00:00,2023-12-12 15:15:00+00:00,2023-12-12 15:30:00+00:00,2,2.504065040650481,1.6646341463414094,0.850427350427384,2023-12-12 16:05:00+00:00,2023-12-12 16:20:00+00:00,1986.37,1993.293571428571,6.923571428571449,0.3333333333333333,True,300155,300156,2,1986.34,0.684931506849298,1.920973898689764,0.0577736510884272,1.0644795213040148,1.0,tp1,2023,2023-12,2023-12-12,0.0433302383163106,0.9566697616836894,0.03-0.05R,7,4,2,1.0,8,4,2,1.0,0,0,0.0,4,2,0.4551282051281958,True,True,True,False,True,7,3,16,7,True,11,Tuesday,london_ny_overlap,bear,0.886,high,below,below,0.4514273978230081,0.0509433962264121,-0.9033257901144304,-0.9783088211362252,True,above_value,mid_volume,False,True,0.5806251934385596,0.475,False,False,,True,True,True,False,True,False,True,False,False,False,True,True,True,True,False,False,True,True,True,True,True,True,True,False,False,False,False,False,False,False,True,False,False,False,True,True,False,True,True,True,True,True,False
15166,15min,m15_2c_1atr,demand,2034.34,2033.31,2023-12-21 14:45:00+00:00,2023-12-21 14:00:00+00:00,2023-12-21 14:15:00+00:00,2023-12-21 14:30:00+00:00,2,2.766183574879196,0.6966183574879103,0.4077669902913435,2023-12-21 15:30:00+00:00,2023-12-21 15:35:00+00:00,2040.26,2032.9187142857145,7.341285714285732,0.75,True,302078,302079,0,2040.25,0.5095011876484473,3.999299460974115,0.4808422035844198,3.7786296678277376,1.0,tp1,2023,2023-12,2023-12-21,0.0408647765085912,0.9591352234914088,0.03-0.05R,8,3,2,1.0,18,4,2,1.0,3,3,0.5533980582526008,11,4,1.0,True,True,True,True,True,14,7,40,7,True,10,Thursday,london_ny_overlap,bull,0.784,high,above,above,1.2709818979703642,0.7994186046511633,2.1108140608607076,2.600126930448347,True,value_low_half,hvn,False,True,-0.1259997275681811,0.7692307692307693,True,True,0.2399172699069258,True,True,True,True,False,False,True,False,False,True,True,True,True,False,False,True,True,True,True,True,True,True,True,False,False,False,True,True,False,False,False,True,True,False,True,True,False,False,True,True,True,True,False
15192,15min,m15_2c_1atr,supply,2063.9,2061.93,2023-12-26 16:00:00+00:00,2023-12-26 15:15:00+00:00,2023-12-26 15:30:00+00:00,2023-12-26 15:45:00+00:00,2,2.599659284497344,1.5661555934129845,0.0507614213197442,2023-12-26 16:25:00+00:00,2023-12-26 16:40:00+00:00,2056.65,2064.2022857142856,7.552285714285517,0.4166666666666667,True,302643,302644,2,2056.7,1.0,0.2780615140165654,1.0102901675935791,-2.9461279461280228,-1.0,stop,2023,2023-12,2023-12-26,0.0397230734309396,-1.0397230734309395,0.03-0.05R,5,3,2,0.9289340101521272,7,3,2,0.9289340101521272,1,1,0.9796954314721024,1,1,0.9796954314721024,True,True,True,True,True,7,5,9,5,False,11,Tuesday,london_ny_overlap,bull,0.624,mid,below,below,0.6543066821164244,0.1767955801104674,-2.207588623810251,-2.9626984167516195,True,value_low_half,hvn,True,True,-0.1105625543827868,0.88,True,False,0.4191729323308176,True,True,True,False,True,False,True,False,False,False,True,True,True,True,True,True,True,True,True,True,True,False,True,False,False,False,True,True,False,False,False,False,False,False,True,True,True,False,True,True,True,True,False
15253,15min,m15_2c_1atr,demand,2065.31,2055.95,2024-01-02 18:15:00+00:00,2024-01-02 17:30:00+00:00,2024-01-02 17:45:00+00:00,2024-01-02 18:00:00+00:00,2,1.6564126833885149,2.0672030288688945,0.6388888888888822,2024-01-02 18:15:00+00:00,2024-01-02 18:25:00+00:00,2066.42,2055.45,10.970000000000256,0.0,True,303768,303769,1,2066.43,0.9136690647479732,0.0537830446672864,1.1066545123062526,-3.134001823153994,-1.0,stop,2024,2024-01,2024-01-02,0.027347310847766,-1.027347310847766,<=0.03R,8,3,2,0.2820512820512646,37,4,2,0.7510683760683387,2,2,0.7510683760683387,14,4,0.7510683760683387,True,True,True,True,True,12,7,65,7,False,13,Tuesday,ny_main,bear,1.0,high,inside,below,0.9568737350147424,0.3511111111110949,0.191432754480691,-0.23764374855307,True,below_value,lvn,False,True,-0.6034639927073597,0.0888888888888888,True,True,0.2137870855148176,True,True,True,True,False,True,True,True,False,True,True,True,True,True,True,True,True,True,True,True,True,False,False,False,True,True,False,False,False,True,False,True,False,True,True,False,False,False,True,True,True,True,False
15349,15min,m15_2c_1atr,supply,2039.61,2033.51,2024-01-11 16:00:00+00:00,2024-01-11 15:15:00+00:00,2024-01-11 15:30:00+00:00,2024-01-11 15:45:00+00:00,2,2.7585185185185868,2.108641975308658,0.6032786885246096,2024-01-11 16:35:00+00:00,2024-01-11 16:45:00+00:00,2029.64,2040.308,10.667999999999893,0.5833333333333334,True,305679,305680,1,2029.65,0.5010799136068859,1.5279340082490014,1.0104986876640496,-2.259092613423315,1.0,tp1,2024,2024-01,2024-01-11,0.0281214848143984,0.9718785151856016,<=0.03R,5,3,2,1.0,34,4,2,1.0,7,3,1.0,17,4,1.0,True,True,True,True,True,19,7,68,7,True,11,Thursday,london_ny_overlap,bull,0.964,high,below,below,0.5431971029487885,0.5252100840336145,-0.2502383997279703,-0.4881562984175845,True,above_value,lvn,False,True,0.4508811398575172,0.1081081081081081,True,False,0.2781597038603929,True,True,True,False,True,True,True,True,False,True,True,True,True,False,False,True,True,True,True,True,True,False,True,False,False,True,False,False,False,False,True,False,False,True,True,True,False,False,True,True,True,True,True
15483,15min,m15_2c_1atr,demand,2012.67,2012.2,2024-01-25 01:15:00+00:00,2024-01-24 23:30:00+00:00,2024-01-24 23:45:00+00:00,2024-01-25 01:00:00+00:00,2,2.5966754155730705,0.2878390201225027,0.1914893617024261,2024-01-25 15:30:00+00:00,2024-01-25 15:35:00+00:00,2018.23,2011.739,6.4909999999999854,14.25,True,308390,308391,0,2018.28,0.1521942110177288,1.3326143891542306,0.8812201509782838,0.5869665690956638,1.0,tp1,2024,2024-01,2024-01-25,0.0462178400862734,0.9537821599137266,0.03-0.05R,5,3,2,1.0,6,3,2,1.0,0,0,0.0,7,4,1.0,True,True,True,False,True,5,3,20,7,True,10,Thursday,london_ny_overlap,bear,0.846,high,above,above,1.332796996513795,0.7120300751879745,0.9373485135574172,0.9934853437095958,True,below_value,hvn,False,False,-0.4336773994762072,0.7916666666666666,False,False,,True,True,True,True,False,False,True,False,False,True,True,True,False,False,False,False,True,True,True,True,True,False,True,False,False,False,True,False,False,True,False,False,True,False,True,True,True,False,True,True,True,True,False
15561,15min,m15_2c_1atr,demand,2042.17,2039.84,2024-02-01 16:30:00+00:00,2024-02-01 15:45:00+00:00,2024-02-01 16:00:00+00:00,2024-02-01 16:15:00+00:00,2,2.3135593220339388,0.691101694915296,0.5193133047210112,2024-02-01 17:00:00+00:00,2024-02-01 17:10:00+00:00,2047.98,2039.2542857142855,8.725714285714503,0.5,True,309789,309790,1,2048.1,0.4589041095889659,2.0009823182710744,1.3901440733464088,-1.4451538965291209,1.0,tp1,2024,2024-02,2024-02-01,0.0343811394891936,0.9656188605108064,0.03-0.05R,5,3,2,1.0,7,4,2,1.0,5,4,0.678111587982854,7,4,0.9184549356222996,True,True,True,True,True,15,7,21,7,True,12,Thursday,ny_main,bull,0.962,high,above,above,0.9003783102143488,0.9828850855745328,1.0678309232596324,1.963567525783257,True,value_high_half,hvn,True,True,0.0292239685658271,0.9411764705882352,False,False,,True,True,True,True,False,False,True,False,False,True,True,True,True,False,False,True,True,True,True,True,True,True,True,False,False,False,True,False,True,False,False,False,True,False,True,True,False,False,True,True,True,True,False
15651,15min,m15_2c_1atr,supply,2026.73,2021.0,2024-02-12 15:45:00+00:00,2024-02-12 15:00:00+00:00,2024-02-12 15:15:00+00:00,2024-02-12 15:30:00+00:00,2,2.595208070617959,3.3720050441362077,0.883071553228609,2024-02-12 15:45:00+00:00,2024-02-12 15:50:00+00:00,2020.0,2027.0985714285712,7.098571428571404,0.0,True,311705,311706,0,2020.0,0.7946768060836548,1.142483397061773,1.0002012477359536,3.6655262628295535,1.0,tp1,2024,2024-02,2024-02-12,0.0422620245522239,0.957737975447776,0.03-0.05R,7,4,2,0.3036649214659692,22,4,2,0.5636998254799316,2,2,0.5828970331588368,18,4,1.0,True,True,True,True,True,11,7,58,7,True,10,Monday,london_ny_overlap,bear,0.718,high,below,below,0.4578947368420494,0.1386666666666618,-1.4457713312968354,-1.6152396196981842,True,value_high_half,hvn,False,True,0.4388206882672598,0.8,True,True,0.2211496270293976,True,True,True,False,True,False,True,False,False,True,True,True,True,True,True,True,True,True,True,True,True,True,True,False,False,False,True,False,True,False,False,True,False,True,True,True,False,True,True,True,True,True,False
15698,15min,m15_2c_1atr,supply,2004.46,1998.27,2024-02-16 16:30:00+00:00,2024-02-16 15:45:00+00:00,2024-02-16 16:00:00+00:00,2024-02-16 16:15:00+00:00,2,1.510076639227912,2.4598353675844655,0.4814216478190617,2024-02-16 16:30:00+00:00,2024-02-16 16:50:00+00:00,1997.24,2004.948,7.708000000000084,0.0,True,312820,312821,3,1997.28,0.5661764705882162,0.2387130254281134,1.0378827192527131,-2.148417228853109,-1.0,stop,2024,2024-02,2024-02-16,0.0389206019719767,-1.0389206019719768,0.03-0.05R,7,4,2,0.2875605815831917,7,4,2,0.2875605815831917,0,0,0.0,0,0,0.0,True,True,True,False,False,7,3,7,3,False,11,Friday,london_ny_overlap,bull,0.894,high,below,below,0.4020270270270449,0.7439999999999903,-0.785352242826089,-1.6156446925708503,True,below_value,mid_volume,True,True,-0.3742864556305085,0.625,False,False,,True,True,True,False,True,False,True,False,False,False,False,True,True,False,False,False,False,True,True,True,True,False,True,False,False,False,False,False,False,True,False,False,False,True,True,False,False,False,True,True,True,True,False
15861,15min,m15_2c_1atr,demand,2123.93,2121.26,2024-03-05 15:15:00+00:00,2024-03-05 14:15:00+00:00,2024-03-05 14:30:00+00:00,2024-03-05 15:00:00+00:00,3,2.045210511443793,1.0562305736082302,0.4044943820225025,2024-03-05 15:50:00+00:00,2024-03-05 16:10:00+00:00,2128.03,2120.358571428572,7.6714285714283506,0.5833333333333334,True,316088,316089,3,2128.07,0.2386117136660394,2.7661080074488433,0.5670391061453152,1.7454376163873706,1.0,tp1,2024,2024-03,2024-03-05,0.0391061452513977,0.9608938547486022,0.03-0.05R,4,3,2,1.0,4,3,2,1.0,0,0,0.0,0,0,0.0,True,True,True,False,False,4,3,4,3,True,11,Tuesday,london_ny_overlap,bull,0.97,high,above,above,0.8917898710285727,0.9466248037676372,0.6048754228957001,1.118623950758062,True,value_high_half,hvn,False,True,0.6967411545624369,0.77,False,False,,True,True,True,True,False,False,True,False,False,False,False,True,False,False,False,False,False,True,True,True,True,True,True,False,False,False,True,False,True,False,False,False,False,False,True,True,False,False,True,True,True,True,False
15885,15min,m15_2c_1atr,supply,2161.9,2157.77,2024-03-07 16:15:00+00:00,2024-03-07 15:15:00+00:00,2024-03-07 15:30:00+00:00,2024-03-07 16:00:00+00:00,3,1.586063008554084,1.206342582933469,0.8087167070216955,2024-03-07 16:20:00+00:00,2024-03-07 16:25:00+00:00,2155.28,2162.436,7.155999999999949,0.0833333333333333,True,316643,316644,0,2155.29,0.018518518518584,1.0257126886529064,1.020122973728309,-2.051425377305749,1.0,tp1,2024,2024-03,2024-03-07,0.0419228619340416,0.9580771380659584,0.03-0.05R,5,3,2,1.0,5,3,2,1.0,0,0,0.0,0,0,0.0,True,True,True,False,False,5,3,5,3,True,11,Thursday,london_ny_overlap,bull,0.852,high,below,below,0.4886318308735508,0.1616438356164742,-0.7270322632314121,-0.6198729684369593,True,value_high_half,mid_volume,False,True,0.5009782001118029,0.320754716981132,False,False,,True,True,True,False,True,False,True,False,False,True,True,True,False,False,False,False,False,True,True,True,True,False,True,False,False,False,False,False,True,False,False,False,False,False,True,False,False,True,True,True,True,True,False
15891,15min,m15_2c_1atr,demand,2158.12,2156.8,2024-03-08 08:45:00+00:00,2024-03-08 07:45:00+00:00,2024-03-08 08:00:00+00:00,2024-03-08 08:30:00+00:00,3,2.1909814323606867,0.8169761273207623,0.25,2024-03-08 15:30:00+00:00,2024-03-08 15:35:00+00:00,2178.25,2156.146285714286,22.103714285713977,6.75,True,316909,316910,0,2178.31,0.4872478111914546,0.7663870325607981,0.6546411075061723,0.2035856934193376,0.2035856934193376,time,2024,2024-03,2024-03-08,0.0135723795612891,0.1900133138580484,<=0.03R,8,4,2,1.0,10,4,2,1.0,4,4,1.0,4,4,1.0,True,True,True,True,True,16,7,18,7,True,10,Friday,london_ny_overlap,bull,0.836,high,above,above,0.6251868460388309,0.8378473443545522,2.889077285647091,3.4476782555956773,True,value_high_half,hvn,False,True,0.0321212982950527,0.9692307692307692,False,False,,False,True,False,True,False,True,True,True,True,True,True,True,True,False,False,True,True,True,True,True,True,True,True,False,False,False,True,False,True,False,False,False,True,False,True,True,True,False,True,True,True,True,False
15892,15min,m15_2c_1atr,demand,2161.51,2159.09,2024-03-08 10:15:00+00:00,2024-03-08 09:15:00+00:00,2024-03-08 09:30:00+00:00,2024-03-08 10:00:00+00:00,3,2.244500846023593,1.4331641285955965,0.1363636363636022,2024-03-08 15:30:00+00:00,2024-03-08 15:35:00+00:00,2178.25,2158.436285714286,19.813714285714013,5.25,True,316909,316910,0,2178.31,0.4872478111914546,0.854963373132621,0.7303022437561284,0.227115417892372,0.227115417892372,time,2024,2024-03,2024-03-08,0.0151410278594914,0.2119743900328805,<=0.03R,4,3,2,1.0,4,3,2,1.0,0,0,0.0,0,0,0.0,True,True,True,False,False,4,3,4,3,True,10,Friday,london_ny_overlap,bull,0.836,high,above,above,0.6251868460388309,0.8378473443545522,2.889077285647091,3.4476782555956773,True,value_high_half,hvn,False,True,0.1791688296706582,0.8615384615384616,False,False,,False,True,False,True,False,True,True,True,True,True,True,True,True,False,False,False,False,True,True,True,True,True,True,False,False,False,True,False,True,False,False,False,False,False,True,True,True,False,True,True,True,True,False
15896,15min,m15_2c_1atr,demand,2166.67,2164.62,2024-03-08 15:45:00+00:00,2024-03-08 15:00:00+00:00,2024-03-08 15:15:00+00:00,2024-03-08 15:30:00+00:00,2,4.067638266068689,0.5362481315396591,0.3365853658534334,2024-03-08 16:05:00+00:00,2024-03-08 16:45:00+00:00,2169.85,2163.618142857142,6.2318571428572795,0.3333333333333333,True,316923,316924,7,2169.65,0.7845433255269141,4.0662036081882755,0.311303670082298,2.086055521169979,1.0,tp1,2024,2024-03,2024-03-08,0.0481397427962302,0.9518602572037698,0.03-0.05R,3,2,2,1.0,3,2,2,1.0,0,0,0.0,0,0,0.0,True,True,True,False,False,3,3,3,3,True,11,Friday,london_ny_overlap,bull,0.986,high,above,above,0.3971984805317916,0.3718592964824149,0.1674782196802028,0.3941913982304481,True,value_high_half,hvn,False,True,1.2668775645874577,0.8082191780821918,False,False,,True,False,False,True,False,False,True,False,False,False,False,False,True,True,True,False,False,True,True,True,True,True,True,False,False,False,True,False,True,False,False,False,True,False,True,True,True,False,True,True,True,True,True
15922,15min,m15_2c_1atr,supply,2180.91,2179.65,2024-03-12 05:15:00+00:00,2024-03-12 04:15:00+00:00,2024-03-12 04:30:00+00:00,2024-03-12 05:00:00+00:00,3,1.868764044944095,0.7928089887639447,0.1428571428570397,2024-03-12 14:40:00+00:00,2024-03-12 14:55:00+00:00,2172.57,2181.7434285714285,9.173428571428303,9.416666666666666,True,317465,317466,2,2172.57,0.8308115543328719,2.3927803905691345,0.1635157442302349,0.7052979101131078,1.0,tp1,2024,2024-03,2024-03-12,0.0327031488460469,0.967296851153953,0.03-0.05R,7,4,2,1.0,17,4,2,1.0,1,1,0.6984126984125552,1,1,0.6984126984125552,True,True,True,True,True,9,5,19,5,True,10,Tuesday,london_ny_overlap,bull,0.85,high,below,below,1.423044289835339,0.0,-0.8430546171135573,-1.1690528190185665,True,value_high_half,hvn,False,True,0.3303018033450468,0.926829268292683,False,False,,True,True,False,False,True,False,True,False,False,False,True,True,True,True,True,True,True,True,True,True,True,False,True,False,False,False,True,False,True,False,False,False,True,False,True,False,True,False,True,True,True,True,False
15928,15min,m15_2c_1atr,supply,2182.02,2161.38,2024-03-12 15:15:00+00:00,2024-03-12 14:30:00+00:00,2024-03-12 14:45:00+00:00,2024-03-12 15:00:00+00:00,2,2.828179696616086,4.214702450408379,0.4622093023256045,2024-03-12 15:15:00+00:00,2024-03-12 15:35:00+00:00,2160.66,2183.27,22.610000000000127,0.0,True,317473,317474,3,2160.66,0.943262411347671,0.4440513047324151,0.4847412649270223,-0.3255196815568371,-0.3255196815568371,time,2024,2024-03,2024-03-12,0.0132684652808491,-0.3387881468376862,<=0.03R,18,4,2,1.0,43,4,2,1.0,4,3,0.1191860465116304,5,3,0.1191860465116304,True,True,True,True,True,26,7,53,7,False,11,Tuesday,london_ny_overlap,bull,0.962,high,below,below,1.043164572708,0.2681498829039781,-1.5786274856776252,-2.291897250503297,True,below_value,mid_volume,True,True,-0.2454666076957165,0.7115384615384616,True,False,0.2464788732394264,True,True,False,False,True,True,True,True,True,False,False,True,True,True,True,True,True,True,True,True,True,False,True,False,False,False,False,False,False,True,False,False,False,True,True,True,False,False,True,True,True,True,False
15988,15min,m15_2c_1atr,supply,2158.61,2150.85,2024-03-19 15:45:00+00:00,2024-03-19 14:30:00+00:00,2024-03-19 14:45:00+00:00,2024-03-19 15:30:00+00:00,4,2.2774596564289658,2.8276939094222833,0.6237113402061282,2024-03-19 15:45:00+00:00,2024-03-19 16:05:00+00:00,2150.44,2158.9902857142856,8.550285714285565,0.0,True,318859,318860,3,2150.49,0.4367816091955825,0.2362494152242217,1.080665641916721,-0.8970460469157496,-1.0,stop,2024,2024-03,2024-03-19,0.0350865468154787,-1.0350865468154788,0.03-0.05R,4,3,2,1.0,15,4,2,1.0,5,4,0.3221649484535991,5,4,0.3221649484535991,True,True,True,True,True,14,7,25,7,False,12,Tuesday,ny_main,bear,0.828,high,below,below,0.6561420818943076,0.7729357798164661,-0.644947077318869,-0.9232060683492024,True,value_low_half,hvn,False,True,-0.5871148833790096,0.75,True,True,0.0884413309982274,True,True,True,False,True,False,True,False,False,False,False,True,False,False,False,True,True,True,True,True,True,True,True,False,False,False,True,True,False,False,False,True,False,True,True,True,False,False,True,True,True,True,False
16003,15min,m15_2c_1atr,supply,2164.92,2157.51,2024-03-20 16:45:00+00:00,2024-03-20 16:00:00+00:00,2024-03-20 16:15:00+00:00,2024-03-20 16:30:00+00:00,2,1.5270103092783542,2.1389690721649264,0.7098515519567972,2024-03-20 16:45:00+00:00,2024-03-20 16:50:00+00:00,2157.16,2165.381428571429,8.221428571428987,0.0,True,319144,319145,0,2157.15,0.5584415584416543,0.2992180712423872,1.6882710686358966,-2.0203301476975675,-1.0,stop,2024,2024-03,2024-03-20,0.0364900086880954,-1.0364900086880957,0.03-0.05R,10,4,2,0.2860998650472857,44,4,2,0.6099865047233564,14,4,0.4156545209176771,18,4,0.7705802968961064,True,True,True,True,True,38,7,80,7,False,12,Wednesday,ny_main,bear,0.962,high,above,above,0.6301703163016501,0.6,-0.0823026139004903,0.2756329042298418,True,above_value,mid_volume,False,True,0.482276281494346,0.3870967741935484,True,True,0.1880239520957755,True,True,True,False,True,False,True,False,False,True,True,True,True,False,False,True,True,True,True,True,True,True,False,True,False,False,False,False,False,False,True,True,False,True,True,False,False,True,True,True,True,True,False
16051,15min,m15_2c_1atr,supply,2197.02,2195.11,2024-03-26 14:45:00+00:00,2024-03-26 13:30:00+00:00,2024-03-26 13:45:00+00:00,2024-03-26 14:30:00+00:00,4,1.7948032097822448,0.5108903324417001,0.6492146596857991,2024-03-27 13:00:00+00:00,2024-03-27 13:45:00+00:00,2191.06,2197.367714285714,6.307714285714155,22.25,True,320487,320488,8,2191.04,0.9345238095237391,1.1874348869864464,1.0035330887348917,-2.758526973773682,1.0,tp1,2024,2024-03,2024-03-27,0.0475608098926494,0.9524391901073506,0.03-0.05R,2,2,2,1.0,2,2,2,1.0,4,4,1.0,4,4,1.0,True,True,True,True,True,10,6,10,6,True,9,Wednesday,london_ny_overlap,bull,0.878,high,below,below,0.9004739336492257,0.2731277533039188,-0.5612430976879695,0.3092145896541529,True,above_value,mid_volume,False,False,2.903587443946257,0.7115384615384616,True,False,0.4232192414431145,True,True,True,False,True,False,True,False,False,False,False,False,True,True,True,True,True,True,True,True,True,False,True,False,False,False,False,False,False,False,True,False,True,False,True,False,False,False,True,True,True,True,True
16110,15min,m15_2c_1atr,demand,2255.58,2253.43,2024-04-02 11:15:00+00:00,2024-04-02 10:15:00+00:00,2024-04-02 10:30:00+00:00,2024-04-02 11:00:00+00:00,3,3.0573388203018124,0.8257887517147167,0.6651162790698747,2024-04-02 13:10:00+00:00,2024-04-02 13:30:00+00:00,2260.69,2252.9911428571427,7.698857142857378,1.9166666666666667,True,321300,321301,3,2260.69,0.92307692307675,2.121094039931641,1.2807095672826911,1.259927261931208,1.0,tp1,2024,2024-04,2024-04-02,0.0389668225339556,0.9610331774660444,0.03-0.05R,3,2,2,1.0,6,3,2,1.0,1,1,1.0,1,1,1.0,True,True,True,True,True,5,5,8,5,True,9,Tuesday,london_ny_overlap,bull,0.738,high,above,above,1.67195997389596,0.9973118279569309,0.8784231256440324,1.4867253552343045,True,value_high_half,hvn,False,True,0.68256884138647,0.9594594594594594,False,False,,True,True,True,True,False,False,True,False,False,False,False,True,True,True,True,True,True,True,True,True,True,True,True,False,False,False,True,False,True,False,False,False,True,False,True,True,False,True,True,True,True,True,True
16129,15min,m15_2c_1atr,demand,2273.07,2265.54,2024-04-03 16:00:00+00:00,2024-04-03 15:15:00+00:00,2024-04-03 15:30:00+00:00,2024-04-03 15:45:00+00:00,2,1.9005212858384029,2.2897480451781687,0.573705179282875,2024-04-03 16:30:00+00:00,2024-04-03 16:45:00+00:00,2274.61,2265.0074285714286,9.602571428571537,0.5,True,321615,321616,2,2274.62,0.1301020408162637,3.13978398643218,0.0718557529233289,2.240024993305315,1.0,tp1,2024,2024-04,2024-04-03,0.0312416317057927,0.9687583682942073,0.03-0.05R,3,2,1,1.0,3,2,1,1.0,0,0,0.0,0,0,0.0,True,True,True,False,False,3,3,3,3,True,12,Wednesday,ny_main,bull,0.726,high,above,above,0.8124267291910381,0.4045307443365505,0.3272272513152072,0.406236540943396,True,value_low_half,mid_volume,True,True,-0.2546192984021805,0.5945945945945946,False,False,,True,True,False,True,False,False,True,False,False,False,True,True,False,False,False,False,False,True,True,True,True,True,True,False,False,False,False,True,False,False,False,False,False,True,True,False,False,False,True,True,True,True,True
16183,15min,m15_2c_1atr,demand,2339.66,2321.96,2024-04-10 16:45:00+00:00,2024-04-10 16:00:00+00:00,2024-04-10 16:15:00+00:00,2024-04-10 16:30:00+00:00,2,1.5811938721605234,2.618066561014221,0.9101694915254402,2024-04-10 16:45:00+00:00,2024-04-10 17:10:00+00:00,2343.6,2320.6498571428574,22.95014285714251,0.0,True,323000,323001,4,2343.59,0.9197651663404948,0.3825684247219272,0.7769014820947356,-0.1847483053326709,-0.1847483053326709,time,2024,2024-04,2024-04-10,0.0130718140565575,-0.1978201193892285,<=0.03R,1,1,1,1.0,19,4,2,1.0,2,1,0.3395480225988602,2,1,0.3395480225988602,True,True,True,True,True,5,5,23,7,False,13,Wednesday,ny_main,bull,0.992,high,below,below,0.4157795867251285,0.8163437236731377,0.6405454307157288,0.0273915198510143,True,below_value,mid_volume,False,False,-0.6945490535384284,0.3837209302325581,False,False,,False,False,True,True,False,True,True,True,True,False,False,False,True,True,True,True,True,True,True,True,True,True,False,True,False,False,False,False,False,True,False,False,False,True,True,False,False,True,True,True,True,True,False
16216,15min,m15_2c_1atr,supply,2356.07,2349.05,2024-04-15 11:45:00+00:00,2024-04-15 11:00:00+00:00,2024-04-15 11:15:00+00:00,2024-04-15 11:30:00+00:00,2,1.7867635444637222,1.5523613963038874,0.1780626780626785,2024-04-15 11:50:00+00:00,2024-04-15 12:25:00+00:00,2348.72,2356.575285714286,7.85528571428631,0.0833333333333333,True,323771,323772,6,2348.68,0.7712765957447812,0.2953425355083334,1.057886409514947,-2.7268263407712574,-1.0,stop,2024,2024-04,2024-04-15,0.038190845108841,-1.038190845108841,0.03-0.05R,1,1,1,0.3703703703704231,19,4,2,1.0,0,0,0.0,6,4,1.0,True,True,True,False,True,1,1,31,7,False,8,Monday,london_ny_overlap,bear,0.63,mid,below,below,0.5545425966677074,0.1541353383458183,-0.5925965832213365,-1.1978157175430322,True,value_low_half,mid_volume,True,True,-0.4060959863239585,0.6981132075471698,False,False,,True,True,False,False,True,False,True,False,False,False,False,False,True,True,True,False,True,True,True,False,True,True,True,False,False,False,False,True,False,False,False,False,False,False,True,False,True,False,True,True,True,True,False
16217,15min,m15_2c_1atr,demand,2351.82,2349.87,2024-04-15 14:00:00+00:00,2024-04-15 13:15:00+00:00,2024-04-15 13:30:00+00:00,2024-04-15 13:45:00+00:00,2,1.7353098767637285,0.4875870691195557,0.9076923076921714,2024-04-15 15:30:00+00:00,2024-04-15 15:45:00+00:00,2356.92,2349.3342857142857,7.585714285714403,1.5,True,323811,323812,2,2356.99,0.8883720930232445,0.5563088512240705,1.0163841807909495,2.4361581920903603,-1.0,stop,2024,2024-04,2024-04-15,0.0395480225988694,-1.0395480225988694,0.03-0.05R,3,3,2,1.0,14,4,2,1.0,1,1,1.0,3,1,1.0,True,True,True,True,True,5,5,20,7,False,11,Monday,london_ny_overlap,bear,0.526,mid,above,above,0.6435607442539206,0.5604719764012278,0.1786431653009517,0.5354975907666827,True,below_value,hvn,False,False,-0.6466101694914819,0.7547169811320755,False,False,,True,True,False,True,False,False,True,False,False,False,True,True,True,True,True,True,True,True,True,True,True,False,True,False,False,False,True,False,False,True,False,False,True,False,True,False,False,True,True,True,True,True,True
16219,15min,m15_2c_1atr,demand,2349.19,2324.3,2024-04-15 17:45:00+00:00,2024-04-15 17:00:00+00:00,2024-04-15 17:15:00+00:00,2024-04-15 17:30:00+00:00,2,2.081845104549908,3.1271650363456764,0.6601044596223351,2024-04-15 17:45:00+00:00,2024-04-15 17:55:00+00:00,2351.32,2322.8548571428573,28.465142857142837,0.0,True,323837,323838,1,2351.31,0.5360824742268122,1.464246998835664,0.3049343558035998,1.2218452643834985,1.0,tp1,2024,2024-04,2024-04-15,0.0105392058457461,0.9894607941542538,<=0.03R,4,4,2,0.126556850140623,52,4,2,0.6171153073523403,5,4,0.580956207312178,13,4,0.580956207312178,True,True,True,True,True,14,7,78,7,True,13,Monday,ny_main,bear,0.934,high,inside,inside,0.3089316987740788,0.6293969849246477,0.3771614276402294,-0.029704043490559,True,below_value,mid_volume,False,False,-0.6852240334042682,0.5274725274725275,True,True,0.0892696122632999,True,True,True,True,False,True,True,True,True,True,True,True,True,False,False,True,True,True,True,True,True,False,False,False,True,False,False,False,False,True,False,True,False,True,True,True,False,True,True,True,True,True,False
16254,15min,m15_2c_1atr,demand,2377.67,2375.06,2024-04-18 11:15:00+00:00,2024-04-18 10:30:00+00:00,2024-04-18 10:45:00+00:00,2024-04-18 11:00:00+00:00,2,1.5001413627367728,1.0330788804071782,0.7777777777778165,2024-04-18 13:05:00+00:00,2024-04-18 13:25:00+00:00,2380.94,2374.8124285714284,6.127571428571628,1.8333333333333333,True,324611,324612,3,2380.93,0.9518072289157022,1.9387778891660192,1.18644067796606,-1.0036602709066569,1.0,tp1,2024,2024-04,2024-04-18,0.048959037605202,0.951040962394798,0.03-0.05R,5,4,2,1.0,14,4,2,1.0,8,4,1.0,8,4,1.0,True,True,True,True,True,21,7,30,7,True,9,Thursday,london_ny_overlap,bear,0.052,low,inside,above,2.1853658536585385,0.8671875000000292,0.9095659554049624,1.424572137176376,True,value_low_half,hvn,False,True,-0.5524211409787322,0.9295774647887324,True,True,0.3698156682027664,True,False,True,True,False,False,True,False,False,False,False,True,True,True,True,True,True,True,True,True,True,False,False,False,True,False,True,True,False,False,False,True,False,False,True,False,False,True,True,True,True,True,False
16269,15min,m15_2c_1atr,demand,2382.71,2376.13,2024-04-19 16:45:00+00:00,2024-04-19 16:00:00+00:00,2024-04-19 16:15:00+00:00,2024-04-19 16:30:00+00:00,2,1.8587338804220468,1.3499413833528704,0.7629179331307048,2024-04-19 16:45:00+00:00,2024-04-19 17:10:00+00:00,2383.34,2375.349285714286,7.990714285714148,0.0,True,324932,324933,4,2383.35,0.7110389610389956,2.3352105122016846,1.0787521229999724,-5.875569857870878,1.0,tp1,2024,2024-04,2024-04-19,0.0375435773665868,0.9624564226334132,0.03-0.05R,11,4,2,0.969604863221912,43,4,2,0.969604863221912,9,4,1.0,9,4,1.0,True,True,True,True,True,29,7,61,7,True,13,Friday,ny_main,bull,0.726,high,above,above,0.6624155082260031,0.9958275382476016,0.7174530732597822,0.7724253123363057,True,value_low_half,hvn,False,True,-0.541878966657728,0.8461538461538461,True,True,0.3698156682027664,True,True,True,True,False,False,True,False,False,False,False,False,True,True,True,True,True,True,True,True,True,True,True,False,False,False,True,True,False,False,False,True,False,False,True,False,False,True,True,True,True,True,False
16270,15min,m15_2c_1atr,demand,2386.03,2377.68,2024-04-19 17:30:00+00:00,2024-04-19 16:45:00+00:00,2024-04-19 17:00:00+00:00,2024-04-19 17:15:00+00:00,2,1.6600858369098983,1.4334763948498608,0.7952095808382734,2024-04-19 17:35:00+00:00,2024-04-19 17:40:00+00:00,2389.71,2376.9739999999997,12.736000000000333,0.0833333333333333,True,324938,324939,0,2389.7,0.6009501187647799,0.9649811557788666,1.0073806532662997,-4.256438442210947,-1.0,stop,2024,2024-04,2024-04-19,0.0235552763819089,-1.023555276381909,<=0.03R,10,4,2,0.8694610778442996,37,4,2,0.9664670658682408,9,4,1.0,13,4,1.0,True,True,True,True,True,28,7,63,7,False,13,Friday,ny_main,bull,0.718,high,above,above,0.6658120753749683,0.902195608782474,1.0004667458335137,1.3436430359165104,True,value_low_half,hvn,True,True,-0.0310144472361786,0.9444444444444444,True,True,0.4426308209313409,True,True,True,True,False,True,True,True,False,True,True,True,True,True,False,True,True,True,True,True,True,True,True,False,False,False,True,True,False,False,False,True,False,False,True,False,False,True,True,True,True,True,False
16296,15min,m15_2c_1atr,supply,2309.74,2306.28,2024-04-23 12:15:00+00:00,2024-04-23 11:15:00+00:00,2024-04-23 11:30:00+00:00,2024-04-23 12:00:00+00:00,3,2.2655145326001587,0.7610369206597872,0.1531791907515214,2024-04-23 13:55:00+00:00,2024-04-23 14:05:00+00:00,2301.54,2310.1362857142853,8.596285714285386,1.6666666666666667,True,325447,325448,1,2301.61,0.7467811158797579,0.1931066573603121,1.027187821982947,-1.5750988799149692,-1.0,stop,2024,2024-04,2024-04-23,0.0348987934988546,-1.0348987934988547,0.03-0.05R,6,4,2,1.0,6,4,2,1.0,1,1,1.0,1,1,1.0,True,True,True,True,True,8,5,8,5,False,10,Tuesday,london_ny_overlap,bear,0.588,mid,inside,above,1.2190284081358151,0.1527377521613187,-0.1386122229133318,-0.5624910967310197,True,value_high_half,hvn,False,True,0.6118921793466103,0.8387096774193549,False,False,,True,True,True,False,True,False,True,False,False,True,True,True,True,True,True,True,True,True,True,True,True,True,False,False,True,False,True,False,True,False,False,False,True,False,True,True,True,False,True,True,True,True,False
16313,15min,m15_2c_1atr,demand,2316.84,2312.18,2024-04-24 15:45:00+00:00,2024-04-24 15:00:00+00:00,2024-04-24 15:15:00+00:00,2024-04-24 15:30:00+00:00,2,2.0777279521674585,1.3931240657698734,0.6330472103003482,2024-04-24 16:45:00+00:00,2024-04-24 16:55:00+00:00,2323.16,2311.4802857142854,11.679714285714454,1.0,True,325757,325758,1,2323.13,0.7959595959595631,1.2115022383130607,1.539421218718637,0.9298172655886862,1.0,tp1,2024,2024-04,2024-04-24,0.0256855598228915,0.9743144401771084,<=0.03R,6,3,2,1.0,6,3,2,1.0,1,1,0.1587982832618427,1,1,0.1587982832618427,True,True,True,True,True,8,5,8,5,True,12,Wednesday,ny_main,bear,0.636,mid,above,above,0.9579191517561316,0.725381414701802,0.2437343056594097,0.4846045091092856,True,below_value,lvn,False,False,-0.6626874434305841,0.1052631578947368,False,False,,True,True,True,True,False,True,True,True,False,True,True,True,True,True,True,True,True,True,True,True,True,False,True,False,False,True,False,False,False,True,False,False,False,False,True,True,False,False,True,True,True,True,False
16346,15min,m15_2c_1atr,supply,2350.41,2344.72,2024-04-26 16:45:00+00:00,2024-04-26 16:00:00+00:00,2024-04-26 16:15:00+00:00,2024-04-26 16:30:00+00:00,2,2.0704941860464463,1.4473110465116188,0.4727592267135376,2024-04-26 17:00:00+00:00,2024-04-26 17:10:00+00:00,2341.81,2351.091857142857,9.281857142857008,0.25,True,326312,326313,1,2341.81,0.6946564885496519,2.3562095024087157,0.2768842442245457,0.7358441198651777,1.0,tp1,2024,2024-04,2024-04-26,0.0323211180028632,0.9676788819971368,0.03-0.05R,4,3,2,0.623901581722266,5,3,2,0.623901581722266,0,0,0.0,3,1,1.0,True,True,True,False,True,4,3,11,7,True,13,Friday,ny_main,bull,0.696,high,below,below,0.8540751586139481,0.5029069767441834,-0.2729789327346487,-0.5286138961383242,True,above_value,hvn,False,True,1.596124544041351,0.9701492537313432,False,False,,True,True,False,False,True,False,True,False,False,True,True,True,True,True,False,False,True,True,True,True,True,False,True,False,False,False,True,False,False,False,True,False,False,False,True,True,False,False,True,True,True,True,False
16347,15min,m15_2c_1atr,supply,2345.31,2338.43,2024-04-26 17:45:00+00:00,2024-04-26 17:00:00+00:00,2024-04-26 17:15:00+00:00,2024-04-26 17:30:00+00:00,2,1.6375552072944817,1.3722752528850382,0.0421511627906917,2024-04-26 19:15:00+00:00,2024-04-26 19:25:00+00:00,2336.25,2345.715142857143,9.465142857142837,1.5,True,326339,326340,1,2336.05,0.9912280701754456,1.7231646945182302,1.1082769862351882,-1.0406604684858656,1.0,tp1,2024,2024-04,2024-04-26,0.0316952426950012,0.9683047573049988,0.03-0.05R,4,4,2,1.0,6,4,2,1.0,1,1,0.7877906976744167,4,1,1.0,True,True,True,True,True,6,5,14,7,True,15,Friday,ny_main,bull,0.792,high,below,below,0.7569204152249072,0.152492668621702,-0.1529058031082703,-0.6450520950271298,True,value_high_half,mid_volume,False,True,0.9635353779280272,0.5094339622641509,False,False,,True,True,True,False,True,False,True,False,False,True,True,True,True,True,True,True,True,True,True,True,True,False,True,False,False,False,False,False,True,False,False,False,False,False,True,False,True,False,True,True,True,True,False
16357,15min,m15_2c_1atr,demand,2336.63,2325.65,2024-04-29 17:30:00+00:00,2024-04-29 16:30:00+00:00,2024-04-29 16:45:00+00:00,2024-04-29 17:15:00+00:00,3,1.7786611543966218,2.444267769120696,0.2950819672130944,2024-04-29 17:30:00+00:00,2024-04-29 17:35:00+00:00,2338.37,2324.989285714286,13.38071428571402,0.0,True,326593,326594,0,2338.36,0.1641791044775349,0.6255271446111184,1.028345700101428,-2.994608444990162,-1.0,stop,2024,2024-04,2024-04-29,0.0224203277638396,-1.0224203277638395,<=0.03R,10,4,2,1.0,33,4,2,1.0,9,4,0.5582877959926816,17,4,0.989071038251376,True,True,True,True,True,28,7,67,7,False,13,Monday,ny_main,bull,0.81,high,below,below,0.4372980458531548,0.6114130434782881,0.5174380091290848,0.485702184807653,True,value_low_half,mid_volume,True,True,-0.0455879997864495,0.5238095238095238,True,True,0.182789317507415,True,True,True,True,False,True,True,True,False,True,True,True,False,False,False,True,True,True,True,True,True,True,False,True,False,False,False,True,False,False,False,True,False,True,True,False,True,False,True,True,True,True,False
16371,15min,m15_2c_1atr,supply,2311.78,2303.47,2024-04-30 17:15:00+00:00,2024-04-30 16:30:00+00:00,2024-04-30 16:45:00+00:00,2024-04-30 17:00:00+00:00,2,1.9397590361445505,1.7521084337350337,0.5788206979542923,2024-04-30 17:15:00+00:00,2024-04-30 17:25:00+00:00,2302.65,2312.6008571428574,9.95085714285733,0.0,True,326867,326868,1,2302.67,0.4384384384384589,2.1103709658894743,0.7898817043757875,-0.6089927644423857,1.0,tp1,2024,2024-04,2024-04-30,0.0301481566555639,0.969851843344436,0.03-0.05R,2,2,1,0.2659446450060084,3,3,2,0.2659446450060084,0,0,0.0,1,1,0.9434416365824028,True,True,True,False,True,2,2,5,5,True,13,Tuesday,ny_main,bear,0.904,high,below,below,0.7356097560975622,0.2591093117408442,-0.8353606248973701,-1.6363541865465017,True,below_value,hvn,False,False,-2.6254019754220246,0.8736842105263158,False,False,,True,True,True,False,True,False,True,False,False,True,True,True,False,False,False,False,True,True,True,False,True,True,True,False,False,False,True,False,False,True,False,False,False,False,True,False,False,False,True,True,True,True,False
16383,15min,m15_2c_1atr,demand,2298.51,2295.28,2024-05-01 16:45:00+00:00,2024-05-01 16:00:00+00:00,2024-05-01 16:15:00+00:00,2024-05-01 16:30:00+00:00,2,1.8579671549045795,1.0035508211273925,0.6408668730650625,2024-05-01 17:45:00+00:00,2024-05-01 18:00:00+00:00,2304.58,2294.587285714286,9.9927142857141,1.0,True,327150,327151,2,2304.54,0.8885793871866087,2.383736722469288,1.099801283792476,-0.5784214213212335,1.0,tp1,2024,2024-05,2024-05-01,0.030021873078958,0.969978126921042,0.03-0.05R,3,3,2,1.0,3,3,2,1.0,0,0,0.0,4,4,0.3869969040247656,True,True,True,False,True,3,3,11,7,True,14,Wednesday,ny_main,bear,0.862,high,above,above,0.6600280068461524,0.5953307392996509,0.3798706348233214,1.2339905781009863,True,value_high_half,hvn,True,True,0.0645470271198035,0.913793103448276,True,True,0.3355523195340172,True,True,False,True,False,False,True,False,False,False,True,True,True,True,True,False,True,True,True,True,True,False,True,False,False,False,True,False,True,False,False,True,False,False,True,False,False,False,True,True,True,True,True
16413,15min,m15_2c_1atr,supply,2308.94,2302.25,2024-05-03 16:45:00+00:00,2024-05-03 16:00:00+00:00,2024-05-03 16:15:00+00:00,2024-05-03 16:30:00+00:00,2,2.7425507784307466,0.965666563563255,0.1270553064274891,2024-05-03 17:00:00+00:00,2024-05-03 17:15:00+00:00,2290.02,2310.4174285714284,20.397428571428463,0.25,True,327693,327694,2,2289.97,0.6608594657375111,0.3559272177165092,1.2423134568783316,-1.787970472468518,-1.0,stop,2024,2024-05,2024-05-03,0.0147077362692777,-1.0147077362692778,<=0.03R,17,4,2,1.0,32,4,2,1.0,3,2,0.9461883408071564,5,2,1.0,True,True,True,True,True,23,7,42,7,False,13,Friday,ny_main,bear,1.0,high,below,below,0.2602436323366454,0.5249343832021073,-0.7010973380496827,-1.1034069434761145,True,above_value,hvn,False,True,0.2130170469667181,0.7662337662337663,False,False,,True,True,False,False,True,True,True,True,True,False,True,True,True,True,False,True,True,True,True,True,True,True,True,False,False,False,True,False,False,False,True,False,True,False,True,True,True,False,True,True,True,True,True
16465,15min,m15_2c_1atr,supply,2328.83,2317.91,2024-05-09 16:15:00+00:00,2024-05-09 15:30:00+00:00,2024-05-09 15:45:00+00:00,2024-05-09 16:00:00+00:00,2,3.00553041729513,2.5620915032680074,0.8873626373626364,2024-05-09 16:25:00+00:00,2024-05-09 16:30:00+00:00,2317.53,2329.5761428571427,12.046142857142511,0.1666666666666666,True,328778,328779,0,2317.52,0.6532438478747659,0.0049808474556504,1.2261186153244408,-3.967244998399124,-1.0,stop,2024,2024-05,2024-05-09,0.0249042372780861,-1.024904237278086,<=0.03R,3,2,1,0.2289377289377274,26,4,2,0.5796703296703192,15,4,0.3589743589743632,28,4,0.4130036630036802,True,True,True,True,True,33,7,82,7,False,12,Thursday,ny_main,bull,0.904,high,above,above,0.6388888888889396,0.457943925233632,0.2033559392952872,0.731560779938932,True,above_value,mid_volume,False,False,1.1306523724251032,0.4222222222222222,True,True,0.2693020382952509,True,True,True,False,True,True,True,True,False,True,True,True,True,True,False,True,True,True,True,True,True,False,False,True,False,False,False,False,False,False,True,True,False,True,True,True,False,True,True,True,False,True,True
16463,15min,m15_2c_1atr,demand,2312.67,2310.8,2024-05-09 15:00:00+00:00,2024-05-09 13:45:00+00:00,2024-05-09 14:00:00+00:00,2024-05-09 14:45:00+00:00,4,1.736082474226664,0.7711340206185262,0.3422459893047647,2024-05-09 16:10:00+00:00,2024-05-09 16:35:00+00:00,2319.64,2310.0327142857145,9.607285714285354,1.1666666666666667,True,328779,328780,4,2319.63,0.4976303317535565,6.122436841088112,0.2258702472825843,4.408112890514795,1.0,tp1,2024,2024-05,2024-05-09,0.0312263014676373,0.9687736985323626,0.03-0.05R,6,4,2,1.0,17,4,2,1.0,14,4,1.0,18,4,1.0,True,True,True,True,True,34,7,53,7,True,12,Thursday,ny_main,bull,0.904,high,above,above,0.6388888888889396,0.457943925233632,0.2033559392952872,0.731560779938932,True,value_high_half,hvn,False,True,0.2066140280442136,0.9111111111111112,True,True,0.2245024875621979,True,True,True,True,False,False,True,False,False,False,False,False,True,False,False,True,True,True,True,True,True,True,True,False,False,False,True,False,True,False,False,True,True,False,True,False,True,False,True,True,True,True,False
16466,15min,m15_2c_1atr,demand,2326.77,2312.21,2024-05-09 17:00:00+00:00,2024-05-09 16:00:00+00:00,2024-05-09 16:15:00+00:00,2024-05-09 16:45:00+00:00,3,1.9453394706558975,2.9321058688147192,0.8221153846154052,2024-05-09 17:00:00+00:00,2024-05-09 17:10:00+00:00,2331.13,2311.3774285714285,19.752571428571628,0.0,True,328786,328787,1,2331.21,0.7332474226803988,2.3961437208898384,0.1437787485173779,1.6392802383776324,1.0,tp1,2024,2024-05,2024-05-09,0.0151878959701447,0.9848121040298552,<=0.03R,11,4,2,1.0,32,4,2,1.0,6,3,0.3001373626373562,14,4,0.5844780219780079,True,True,True,True,True,23,7,60,7,True,13,Thursday,ny_main,bull,0.95,high,above,above,0.5376316465451256,0.8356047700170467,1.871562788542397,2.6645535154637665,True,above_value,hvn,True,True,0.1640292764775526,0.82,True,True,0.8198064035740803,True,True,True,True,False,True,True,True,True,True,True,True,True,True,True,True,True,True,True,True,True,True,True,False,False,False,True,False,False,False,True,True,False,True,True,False,False,True,True,True,True,True,False
16502,15min,m15_2c_1atr,demand,2340.2,2338.13,2024-05-14 12:00:00+00:00,2024-05-14 11:15:00+00:00,2024-05-14 11:30:00+00:00,2024-05-14 11:45:00+00:00,2,1.9320673976999188,0.7750735490772059,0.3188405797103391,2024-05-14 15:30:00+00:00,2024-05-14 15:40:00+00:00,2345.13,2337.678142857143,7.45185714285708,3.5,True,329594,329595,1,2345.07,0.6970260223048775,4.5330981730345306,0.1449303145907934,2.242394034085487,1.0,tp1,2024,2024-05,2024-05-14,0.0402584207196675,0.9597415792803324,0.03-0.05R,12,4,2,1.0,15,4,2,1.0,4,3,1.0,5,3,1.0,True,True,True,True,True,20,7,25,7,True,11,Tuesday,london_ny_overlap,bear,0.762,high,inside,inside,0.8827680400637352,0.9404536862003674,0.5278555823309458,0.7888916893824851,True,value_low_half,mid_volume,False,True,-0.615282863332257,0.696969696969697,False,False,,True,True,True,True,False,False,True,False,False,True,True,True,True,True,False,True,True,True,True,True,True,False,False,False,True,False,False,True,False,False,False,False,True,False,True,False,True,False,True,True,True,True,False
16514,15min,m15_2c_1atr,demand,2359.6,2356.9,2024-05-15 10:15:00+00:00,2024-05-15 09:30:00+00:00,2024-05-15 09:45:00+00:00,2024-05-15 10:00:00+00:00,2,2.0877669902910942,1.4679611650484448,0.0592592592592093,2024-05-15 15:25:00+00:00,2024-05-15 15:35:00+00:00,2370.81,2356.252285714286,14.557714285714155,5.166666666666667,True,329869,329870,1,2370.87,0.4826254826254837,0.3496428010676846,1.2975938137855263,0.206763228136302,-1.0,stop,2024,2024-05,2024-05-15,0.0206076307112578,-1.020607630711258,<=0.03R,4,3,2,1.0,5,3,2,1.0,4,4,1.0,9,4,1.0,True,True,True,True,True,12,7,23,7,False,11,Wednesday,london_ny_overlap,bull,0.828,high,above,above,0.4619010212098242,0.7947232947232907,2.4647053018502727,2.6709252479940258,True,value_low_half,hvn,True,True,0.0,1.0,False,False,,True,True,True,True,False,True,True,True,False,True,True,True,True,False,False,True,True,True,True,True,True,True,True,False,False,False,True,True,False,False,False,False,False,False,True,True,True,False,True,True,True,True,False
16529,15min,m15_2c_1atr,supply,2380.66,2376.89,2024-05-16 16:45:00+00:00,2024-05-16 16:00:00+00:00,2024-05-16 16:15:00+00:00,2024-05-16 16:30:00+00:00,2,1.5419418758256342,0.8715323645970838,0.1644562334217225,2024-05-16 16:50:00+00:00,2024-05-16 17:00:00+00:00,2375.19,2381.516,6.326000000000022,0.0833333333333333,True,330162,330163,1,2375.19,0.4727272727272301,0.6639266519127819,1.0101169775529324,-6.711982295289265,-1.0,stop,2024,2024-05,2024-05-16,0.0474233322794813,-1.0474233322794813,0.03-0.05R,1,1,1,0.535809018567637,3,3,2,0.535809018567637,0,0,0.0,7,4,0.6047745358090746,True,True,True,False,True,1,1,17,7,False,13,Thursday,ny_main,bull,0.884,high,below,below,0.5518940560517278,0.3913043478260354,-0.3961543095087652,-1.09763930466523,True,below_value,mid_volume,False,False,-1.4977869111603432,0.7325581395348837,False,False,,True,False,True,False,True,False,True,False,False,True,True,True,True,False,False,False,True,True,True,False,True,False,True,False,False,False,False,False,False,True,False,False,True,False,True,False,True,False,True,True,True,True,True
16540,15min,m15_2c_1atr,demand,2403.67,2398.81,2024-05-17 17:45:00+00:00,2024-05-17 17:00:00+00:00,2024-05-17 17:15:00+00:00,2024-05-17 17:30:00+00:00,2,1.554877162378207,0.9890972525076452,0.0637860082304397,2024-05-17 18:25:00+00:00,2024-05-17 18:55:00+00:00,2408.15,2398.062857142857,10.087142857143135,0.6666666666666666,True,330461,330462,5,2408.15,0.2222222222224227,4.155785299532536,0.2339611952981226,1.826086956521696,1.0,tp1,2024,2024-05,2024-05-17,0.0297408299107766,0.9702591700892234,<=0.03R,1,1,1,1.0,1,1,1,1.0,0,0,0.0,0,0,0.0,True,True,True,False,False,1,1,1,1,True,14,Friday,ny_main,bull,0.978,high,above,above,0.3166372462489252,0.7815126050420136,0.2980164494192032,1.174433448660354,True,above_value,mid_volume,False,False,2.279138932162499,0.6966292134831461,False,False,,True,True,False,True,False,True,True,True,False,False,False,False,False,False,False,False,False,True,True,False,False,True,True,False,False,False,False,False,False,False,True,False,True,False,True,False,True,False,True,True,True,True,False
16612,15min,m15_2c_1atr,supply,2344.92,2340.18,2024-05-24 17:00:00+00:00,2024-05-24 16:15:00+00:00,2024-05-24 16:30:00+00:00,2024-05-24 16:45:00+00:00,2,1.8880540946656297,1.2464312546957848,0.6455696202531208,2024-05-24 17:00:00+00:00,2024-05-24 17:15:00+00:00,2338.05,2345.5654285714286,7.5154285714284015,0.0,True,331821,331822,2,2338.05,0.6870026525198152,0.8143248175183125,1.1163701338199596,-2.2247566909975904,-1.0,stop,2024,2024-05,2024-05-24,0.0399178832116797,-1.0399178832116798,0.03-0.05R,7,4,2,0.7890295358649895,7,4,2,0.7890295358649895,1,1,0.9451476793248512,5,3,0.9451476793248512,True,True,True,True,True,9,5,17,7,False,13,Friday,ny_main,bear,0.68,high,below,below,1.694814295725278,0.2771618625277307,-0.5965536855626572,-0.6626753142609835,True,value_high_half,mid_volume,False,True,0.5721563260341004,0.509090909090909,True,False,0.2910532276330643,True,True,True,False,True,False,True,False,False,False,True,True,True,True,False,True,True,True,True,True,True,True,True,False,False,False,False,False,True,False,False,False,False,False,True,False,False,False,True,True,True,True,True
16655,15min,m15_2c_1atr,demand,2342.98,2334.57,2024-05-29 16:30:00+00:00,2024-05-29 15:45:00+00:00,2024-05-29 16:00:00+00:00,2024-05-29 16:15:00+00:00,2,1.783092324805457,2.182795698924728,0.5755053507729166,2024-05-29 16:40:00+00:00,2024-05-29 17:00:00+00:00,2345.73,2333.9017142857147,11.828285714285355,0.1666666666666666,True,332605,332606,3,2345.74,0.8024316109421085,0.065943621826633,1.0162081209691347,-0.0836976738568789,-1.0,stop,2024,2024-05,2024-05-29,0.0253629314717754,-1.0253629314717754,<=0.03R,2,2,2,1.0,21,4,2,1.0,7,4,0.3400713436384925,13,4,0.7253269916765772,True,True,True,True,True,16,6,47,7,False,13,Wednesday,ny_main,bear,0.91,high,inside,inside,0.55598086124398,0.2925531914893559,0.1525203883106745,-0.1058854373626766,True,below_value,lvn,False,False,-1.646476968042749,0.1296296296296296,True,False,0.1947439353099685,True,False,True,True,False,True,True,True,False,False,False,True,True,True,True,True,True,True,True,True,True,False,False,False,True,True,False,False,False,True,False,False,False,True,True,False,False,False,True,True,True,True,True
16699,15min,m15_2c_1atr,demand,2330.06,2325.74,2024-06-03 15:45:00+00:00,2024-06-03 15:00:00+00:00,2024-06-03 15:15:00+00:00,2024-06-03 15:30:00+00:00,2,2.373868363102547,1.4798140445314518,0.8842592592592636,2024-06-03 16:50:00+00:00,2024-06-03 16:55:00+00:00,2333.92,2325.202857142857,8.717142857143244,1.0833333333333333,True,333432,333433,0,2333.94,0.3660531697341534,2.389544411668191,1.3398885611274731,-1.8767617174696136,1.0,tp1,2024,2024-06,2024-06-03,0.0344149459193691,0.9655850540806308,0.03-0.05R,11,4,2,1.0,17,4,2,1.0,0,0,0.0,7,4,1.0,True,True,True,False,True,11,3,31,7,True,12,Monday,ny_main,bear,0.834,high,above,above,0.8624641833811492,0.7464212678936986,0.2371746834921877,0.843953495905614,True,value_high_half,hvn,True,True,0.2466404457554373,0.8863636363636364,True,True,0.0776038121170799,True,True,True,True,False,False,True,False,False,True,True,True,False,False,False,False,True,True,True,True,True,False,True,False,False,False,True,False,True,False,False,True,False,False,True,True,False,True,True,True,True,True,False
16736,15min,m15_2c_1atr,supply,2363.94,2362.91,2024-06-06 12:45:00+00:00,2024-06-06 12:00:00+00:00,2024-06-06 12:15:00+00:00,2024-06-06 12:30:00+00:00,2,1.576851275669105,0.4486621032981599,0.0194174757281339,2024-06-06 15:30:00+00:00,2024-06-06 15:40:00+00:00,2358.25,2364.4238571428573,6.173857142857287,2.75,True,334245,334246,1,2358.24,0.8695652173914171,0.7564152995348994,1.203461600758906,6.6927366545571045,-1.0,stop,2024,2024-06,2024-06-06,0.0485919892634831,-1.0485919892634832,0.03-0.05R,1,1,1,0.7475728155338177,1,1,1,0.7475728155338177,0,0,0.0,8,4,1.0,True,True,True,False,True,1,1,17,5,False,11,Thursday,london_ny_overlap,bull,0.554,mid,below,below,0.5867001254705413,0.0617906683480191,-0.7256987192735913,-1.2182391628817462,True,value_high_half,mid_volume,False,True,1.2431450586574733,0.6790123456790124,False,False,,True,True,True,False,True,False,True,False,False,True,True,True,True,True,True,False,True,True,True,False,True,False,True,False,False,False,False,False,True,False,False,False,True,False,True,False,True,False,True,True,True,True,False
16739,15min,m15_2c_1atr,demand,2358.76,2353.58,2024-06-06 16:45:00+00:00,2024-06-06 16:00:00+00:00,2024-06-06 16:15:00+00:00,2024-06-06 16:30:00+00:00,2,2.508902929351003,1.388474057055422,0.3783783783783641,2024-06-06 17:15:00+00:00,2024-06-06 17:20:00+00:00,2362.06,2352.8402857142855,9.219714285714415,0.5,True,334265,334266,0,2362.07,0.3934426229508502,2.7853357711735147,1.1974340698502997,-5.3233753757475375,1.0,tp1,2024,2024-06,2024-06-06,0.0325389692894104,0.9674610307105896,0.03-0.05R,6,4,2,0.3899613899613645,6,4,2,0.3899613899613645,4,4,0.5270270270270009,17,4,1.0,True,True,True,True,True,14,7,40,7,True,13,Thursday,ny_main,bull,0.914,high,above,above,0.3498428849319324,0.6465053763440739,0.4627787366685623,0.4675719245738571,True,value_low_half,hvn,False,True,-0.4967615978183247,0.855072463768116,True,True,0.1215139442231107,True,True,True,True,False,False,True,False,False,True,True,True,False,False,False,True,True,True,True,True,True,True,True,False,False,False,True,True,False,False,False,True,False,False,True,True,False,False,True,True,True,True,False
16770,15min,m15_2c_1atr,demand,2301.23,2298.9,2024-06-10 15:00:00+00:00,2024-06-10 14:15:00+00:00,2024-06-10 14:30:00+00:00,2024-06-10 14:45:00+00:00,2,2.162426111539322,0.8383448984836376,0.6094420600858872,2024-06-10 16:45:00+00:00,2024-06-10 17:00:00+00:00,2305.7,2298.405285714286,7.2947142857137806,1.75,True,334813,334814,2,2305.72,0.8576779026216859,1.109022188277323,1.0884593541311918,1.206352936568661,1.0,tp1,2024,2024-06,2024-06-10,0.0411256682921125,0.9588743317078874,0.03-0.05R,1,1,1,1.0,1,1,1,1.0,0,0,0.0,0,0,0.0,True,True,True,False,False,1,1,1,1,True,13,Monday,ny_main,bear,0.702,high,above,above,0.6062662143284961,0.4171907756813929,-0.1769125577133015,0.4554812735836385,True,value_high_half,mid_volume,False,True,0.522981415114706,0.5116279069767442,False,False,,True,True,True,True,False,False,True,False,False,False,True,True,True,True,True,False,False,True,True,False,False,False,True,False,False,False,False,False,True,False,False,False,True,False,True,True,False,False,True,True,False,True,True
16844,15min,m15_2c_1atr,supply,2326.58,2319.19,2024-06-17 18:30:00+00:00,2024-06-17 17:15:00+00:00,2024-06-17 17:30:00+00:00,2024-06-17 18:15:00+00:00,4,1.7678537054860048,1.9915303176130272,0.8416779431664901,2024-06-17 18:30:00+00:00,2024-06-17 18:35:00+00:00,2314.4,2327.0434285714286,12.643428571428558,0.0,True,336212,336213,0,2314.41,0.7828054298643025,0.6137575702793273,1.060630028021322,-1.1824324324324194,-1.0,stop,2024,2024-06,2024-06-17,0.0237277411190454,-1.0237277411190455,<=0.03R,10,4,2,1.0,29,4,2,1.0,3,3,0.4668470906630416,8,3,1.0,True,True,True,True,True,16,7,45,7,False,14,Monday,ny_main,bull,0.854,high,below,below,0.6591065292096706,0.0191616766467438,-2.0146595718244895,-2.218345690980879,True,value_high_half,mid_volume,True,True,0.2084086594956335,0.7105263157894737,False,False,,True,True,True,False,True,True,True,True,False,True,True,True,True,True,True,True,True,True,True,True,True,False,True,False,False,False,False,False,True,False,False,False,False,False,True,False,False,True,True,True,True,True,False
16856,15min,m15_2c_1atr,demand,2319.16,2316.17,2024-06-18 17:00:00+00:00,2024-06-18 16:15:00+00:00,2024-06-18 16:30:00+00:00,2024-06-18 16:45:00+00:00,2,1.8638638638638572,0.5985985985985562,0.5451505016723172,2024-06-18 18:05:00+00:00,2024-06-18 18:15:00+00:00,2323.27,2315.7337142857145,7.536285714285441,1.0833333333333333,True,336484,336485,1,2323.27,0.8318042813455092,1.5604503923873927,0.0358266671721564,1.0535693975812714,1.0,tp1,2024,2024-06,2024-06-18,0.0398074079690654,0.9601925920309348,0.03-0.05R,3,2,2,0.7591973244147651,19,4,2,1.0,0,0,0.0,1,1,1.0,True,True,True,False,True,3,3,21,5,True,14,Tuesday,ny_main,bear,0.948,high,above,above,0.7968220890856963,0.5555555555556165,0.4050799041679547,0.9919996020059196,True,value_low_half,mid_volume,False,True,-0.608389885127221,0.5348837209302325,False,False,,True,True,True,True,False,False,True,False,False,True,True,True,True,True,True,False,True,True,True,True,True,False,True,False,False,False,False,True,False,False,False,False,True,False,True,False,False,False,True,True,True,True,True
16876,15min,m15_2c_1atr,supply,2344.5,2342.06,2024-06-20 11:00:00+00:00,2024-06-20 10:15:00+00:00,2024-06-20 10:30:00+00:00,2024-06-20 10:45:00+00:00,2,2.1550302363935816,0.938977460142954,0.8073770491802278,2024-06-20 15:30:00+00:00,2024-06-20 15:40:00+00:00,2337.44,2344.8915714285713,7.451571428571242,4.5,True,336974,336975,1,2337.42,0.7924528301887144,0.2710837598972456,1.0588370621728973,-1.6506585379881569,-1.0,stop,2024,2024-06,2024-06-20,0.0402599643411754,-1.0402599643411754,0.03-0.05R,3,3,2,1.0,3,3,2,1.0,2,2,1.0,12,4,1.0,True,True,True,True,True,7,7,27,7,False,11,Thursday,london_ny_overlap,bull,0.728,high,above,above,1.4734955185659626,0.3312020460358173,-0.1746876195388909,0.0739494566330196,True,value_high_half,mid_volume,False,True,1.2789248672379725,0.4285714285714285,True,True,0.4956167814652442,True,False,True,False,True,False,True,False,False,True,True,True,True,True,True,True,True,True,True,True,True,False,False,True,False,False,False,False,True,False,False,True,True,False,True,True,False,True,True,True,True,True,False
16880,15min,m15_2c_1atr,demand,2343.67,2335.85,2024-06-20 16:45:00+00:00,2024-06-20 15:30:00+00:00,2024-06-20 15:45:00+00:00,2024-06-20 16:30:00+00:00,4,1.7705345501955558,2.039113428943978,0.2864450127876898,2024-06-20 16:45:00+00:00,2024-06-20 16:50:00+00:00,2345.64,2335.2637142857143,10.376285714285586,0.0,True,336988,336989,0,2345.77,0.1428571428571934,2.228157612137627,1.0466172866701358,-1.328028196161569,1.0,tp1,2024,2024-06,2024-06-20,0.0289120797422698,0.9710879202577302,<=0.03R,2,2,1,1.0,2,2,1,1.0,3,2,0.3657289002557631,18,4,0.6240409207161134,True,True,True,True,True,8,6,38,6,True,12,Thursday,ny_main,bull,0.882,high,above,above,1.0089426617570056,0.9757281553397904,1.7062497405481782,2.2745908646218993,True,value_high_half,hvn,False,True,0.5792053308368263,0.9555555555555556,True,False,0.1947439353099685,True,True,False,True,False,True,True,True,False,True,True,True,False,False,False,True,True,True,True,True,True,True,True,False,False,False,True,False,True,False,False,False,False,True,True,False,True,False,True,True,True,True,False
17030,15min,m15_2c_1atr,demand,2365.26,2362.34,2024-07-05 15:15:00+00:00,2024-07-05 14:30:00+00:00,2024-07-05 14:45:00+00:00,2024-07-05 15:00:00+00:00,2,1.654811715481236,1.4253835425383077,0.5445205479452417,2024-07-05 15:30:00+00:00,2024-07-05 15:35:00+00:00,2370.29,2361.6257142857144,8.664285714285597,0.25,True,339976,339977,0,2370.25,0.1531494442157186,2.614179719703261,0.6486397361912575,0.4570486397362016,1.0,tp1,2024,2024-07,2024-07-05,0.0346248969497119,0.965375103050288,0.03-0.05R,7,4,2,1.0,7,4,2,1.0,0,0,0.0,3,2,0.9965753424656788,True,True,True,False,True,7,3,13,7,True,11,Friday,london_ny_overlap,bull,0.892,high,above,above,0.8553314121037993,0.8645533141210388,1.5254387264612226,1.9147462647347997,True,value_high_half,hvn,False,True,0.6982687551525448,0.8205128205128205,True,False,0.4673608329995977,True,True,True,True,False,False,True,False,False,True,True,True,False,False,False,False,True,True,True,True,True,True,True,False,False,False,True,False,True,False,False,False,False,False,True,False,False,False,True,True,True,True,False
17097,15min,m15_2c_1atr,demand,2403.98,2391.49,2024-07-12 16:15:00+00:00,2024-07-12 15:30:00+00:00,2024-07-12 15:45:00+00:00,2024-07-12 16:00:00+00:00,2,2.9784490698102095,3.22085098544858,0.9031224979983976,2024-07-12 16:15:00+00:00,2024-07-12 16:20:00+00:00,2404.25,2390.721857142857,13.52814285714294,0.0,True,341365,341366,0,2404.11,0.0029850746267951,2.2131640917874815,0.349641488114723,2.121503321118911,1.0,tp1,2024,2024-07,2024-07-12,0.0221759929036821,0.977824007096318,<=0.03R,7,3,2,0.6477181745396311,7,3,2,0.6477181745396311,0,0,0.0,0,0,0.0,True,True,True,False,False,7,3,7,3,True,12,Friday,ny_main,bull,0.874,high,inside,inside,1.3724053724053475,0.1351888667992572,0.0937157543634834,-0.2026264571145949,True,below_value,mid_volume,False,True,-0.8142285394468866,0.4545454545454545,False,False,,True,True,True,True,False,True,True,True,False,True,True,True,False,False,False,False,False,True,True,True,True,True,False,False,True,False,False,False,False,True,False,False,False,True,True,True,False,True,True,True,True,True,False
17139,15min,m15_2c_1atr,supply,2476.4,2472.97,2024-07-17 14:00:00+00:00,2024-07-17 13:15:00+00:00,2024-07-17 13:30:00+00:00,2024-07-17 13:45:00+00:00,2,1.893401015228425,0.8705583756345867,0.4198250728862777,2024-07-17 14:45:00+00:00,2024-07-17 15:00:00+00:00,2470.12,2476.746285714286,6.626285714286041,0.75,True,342169,342170,2,2470.12,0.6971428571430026,0.2097706105553343,1.2616419454984047,0.695714039323821,-1.0,stop,2024,2024-07,2024-07-17,0.0452742324939612,-1.0452742324939612,0.03-0.05R,3,3,2,0.7376093294460598,3,3,2,0.7376093294460598,1,1,1.0,1,1,1.0,True,True,True,True,True,5,5,5,5,False,11,Wednesday,london_ny_overlap,bull,0.748,high,below,below,1.0742857142857667,0.966197183098496,0.3228508522824965,0.2901388533799529,True,value_high_half,hvn,False,True,1.1975034494652657,0.7924528301886793,False,False,,True,True,True,False,True,False,True,False,False,False,True,True,True,True,False,True,True,True,True,True,True,False,True,False,False,False,True,False,True,False,False,False,True,False,True,False,False,False,True,True,False,True,True
17204,15min,m15_2c_1atr,demand,2428.35,2419.27,2024-07-24 17:45:00+00:00,2024-07-24 17:00:00+00:00,2024-07-24 17:15:00+00:00,2024-07-24 17:30:00+00:00,2,1.5517040489368192,1.851441887561888,0.2356828193832978,2024-07-24 17:45:00+00:00,2024-07-24 17:55:00+00:00,2431.82,2418.5387142857144,13.281285714285788,0.0,True,343584,343585,1,2431.73,0.9785156249999766,0.0150587830351915,1.1023029181770454,-5.16817433768245,-1.0,stop,2024,2024-07,2024-07-24,0.0225881745528078,-1.0225881745528078,<=0.03R,1,1,1,0.4185022026431952,2,2,2,0.8006607929515462,0,0,0.0,7,4,0.3050660792951546,True,True,True,False,True,1,1,16,6,False,13,Wednesday,ny_main,bull,0.952,high,above,above,0.5704845814978053,0.7439759036144803,1.202900488559106,1.9696115529077096,True,above_value,mid_volume,False,True,0.5692219987307524,0.3389830508474576,True,True,0.3595375722543349,True,False,False,True,False,True,True,True,False,True,True,True,True,True,True,False,True,True,True,False,True,True,True,False,False,False,False,False,False,False,True,True,False,False,True,False,True,False,True,True,True,True,False
17258,15min,m15_2c_1atr,demand,2388.25,2386.16,2024-07-30 16:30:00+00:00,2024-07-30 15:45:00+00:00,2024-07-30 16:00:00+00:00,2024-07-30 16:15:00+00:00,2,2.9211289897124693,0.7718280137167634,0.4210526315789702,2024-07-30 17:00:00+00:00,2024-07-30 17:25:00+00:00,2392.43,2385.511857142857,6.918142857142811,0.5,True,344682,344683,4,2392.42,0.6016949152542743,0.5145889689635902,1.234435335659862,4.06901108885543,-1.0,stop,2024,2024-07,2024-07-30,0.0433642389576065,-1.0433642389576063,0.03-0.05R,2,1,1,1.0,11,3,2,1.0,3,3,1.0,6,3,1.0,True,True,True,True,True,8,6,23,7,False,13,Tuesday,ny_main,bull,0.646,mid,above,above,0.7715582450831325,0.9548254620123604,0.5209797790875846,0.9122418808766168,True,value_low_half,hvn,False,True,-0.2955995622276954,0.8703703703703703,False,False,,True,True,True,True,False,False,True,False,False,False,False,False,True,True,False,True,True,True,True,True,True,True,True,False,False,False,True,True,False,False,False,False,True,False,True,True,False,False,True,True,True,True,False
17298,15min,m15_2c_1atr,demand,2458.2,2455.94,2024-08-02 16:00:00+00:00,2024-08-02 15:15:00+00:00,2024-08-02 15:30:00+00:00,2024-08-02 15:45:00+00:00,2,3.6944131379809657,0.5094187731443669,0.4646017699114323,2024-08-02 16:15:00+00:00,2024-08-02 16:30:00+00:00,2466.17,2454.625857142857,11.544142857143015,0.25,True,345499,345500,2,2466.17,0.3727810650888099,0.7129156405845801,1.601678030912397,-6.497667339033948,-1.0,stop,2024,2024-08,2024-08-02,0.0259872043955496,-1.0259872043955496,<=0.03R,1,1,1,0.2079646017698447,1,1,1,0.2079646017698447,2,2,1.0,5,2,1.0,True,True,True,True,True,5,5,11,5,False,12,Friday,ny_main,bull,0.984,high,inside,inside,0.7059760956175009,0.067428571428588,-0.1370286023748152,0.0374917304482611,True,value_low_half,mid_volume,False,True,-0.5353364105483479,0.7349397590361446,False,False,,True,True,True,True,False,True,True,True,False,False,True,True,False,False,False,True,True,True,True,True,True,True,False,False,True,False,False,True,False,False,False,False,True,False,True,True,False,False,True,True,False,True,True
17312,15min,m15_2c_1atr,demand,2386.86,2367.03,2024-08-05 16:15:00+00:00,2024-08-05 15:15:00+00:00,2024-08-05 15:30:00+00:00,2024-08-05 16:00:00+00:00,3,2.2659446450060217,2.0879963898916953,0.8587997982854164,2024-08-05 16:20:00+00:00,2024-08-05 16:40:00+00:00,2392.95,2365.7857142857147,27.164285714285143,0.0833333333333333,True,345777,345778,3,2392.85,0.7060606060605937,0.9368919274257465,0.242597948987635,-0.0132526952405877,-0.0132526952405877,time,2024,2024-08,2024-08-05,0.0110439127004998,-0.0242966079410875,<=0.03R,2,2,2,1.0,16,4,2,1.0,0,0,0.0,27,4,0.2955118507311999,True,True,True,False,True,2,2,70,7,False,12,Monday,ny_main,bear,0.976,high,below,below,0.6406083244397166,0.6293810589112712,0.319235665636253,-0.7715605063287815,True,below_value,mid_volume,False,False,-1.7598474888246431,0.5519125683060109,True,False,0.101861167002016,True,True,True,True,False,True,True,True,True,False,False,True,True,True,True,False,True,True,True,False,True,False,False,True,False,False,False,False,False,True,False,False,False,True,True,True,False,True,True,True,True,True,False
17337,15min,m15_2c_1atr,demand,2398.72,2394.41,2024-08-07 15:15:00+00:00,2024-08-07 14:30:00+00:00,2024-08-07 14:45:00+00:00,2024-08-07 15:00:00+00:00,2,2.056766575840249,1.3701180744777453,0.3921113689095304,2024-08-07 16:40:00+00:00,2024-08-07 17:20:00+00:00,2400.35,2393.9011428571425,6.448857142857378,1.4166666666666667,True,346337,346338,7,2400.34,0.5820895522388212,0.4776040051393094,1.0141331797438766,2.4733064551858104,-1.0,stop,2024,2024-08,2024-08-07,0.0465198706304533,-1.0465198706304533,0.03-0.05R,3,3,2,0.5522041763341391,5,3,2,1.0,7,4,0.1299303944315435,14,4,1.0,True,True,True,True,True,17,7,33,7,False,13,Wednesday,ny_main,bear,0.55,mid,above,above,0.9222323879231148,0.7919621749408734,0.3089121579387887,0.7275452220079432,True,above_value,mid_volume,False,True,1.7545744539452022,0.3571428571428571,True,True,0.1454046639231757,True,True,False,True,False,False,True,False,False,False,False,False,True,False,False,True,True,True,True,True,True,False,True,False,False,False,False,False,False,False,True,True,False,False,True,True,False,False,True,True,True,True,False
17340,15min,m15_2c_1atr,supply,2401.84,2398.01,2024-08-07 18:45:00+00:00,2024-08-07 18:00:00+00:00,2024-08-07 18:15:00+00:00,2024-08-07 18:30:00+00:00,2,1.6820748059279949,0.946012702893414,0.2898172323760178,2024-08-07 19:50:00+00:00,2024-08-07 20:10:00+00:00,2395.62,2402.2365714285716,6.61657142857166,1.0833333333333333,True,346371,346372,3,2395.61,0.5623342175066051,2.2579670092407964,1.3828914414025044,-4.6066154244751845,1.0,tp1,2024,2024-08,2024-08-07,0.0453407029968029,0.9546592970031972,0.03-0.05R,1,1,1,0.9112271540470764,3,2,2,1.0,1,1,0.728459530026114,9,4,1.0,True,True,True,True,True,3,3,21,7,True,16,Wednesday,ny_main,bear,0.502,mid,inside,inside,0.9443507588532584,0.2164179104478137,-0.3542468508825338,-0.5218005362587168,True,above_value,hvn,False,False,0.8576949650228837,0.875,True,True,0.106036410092626,True,False,True,False,True,False,True,False,False,False,False,True,True,False,False,True,True,True,True,True,True,True,False,False,True,False,True,False,False,False,True,True,True,False,True,False,True,False,True,True,True,True,False
17353,15min,m15_2c_1atr,demand,2415.47,2409.18,2024-08-08 17:30:00+00:00,2024-08-08 16:45:00+00:00,2024-08-08 17:00:00+00:00,2024-08-08 17:15:00+00:00,2,1.6873134328358477,1.095273631840801,0.2019077901430825,2024-08-08 17:50:00+00:00,2024-08-08 18:25:00+00:00,2415.94,2408.5454285714286,7.394571428571453,0.3333333333333333,True,346626,346627,6,2416.3,0.8118811881189812,2.712800896410478,0.2353077547235735,1.978478420462896,1.0,tp1,2024,2024-08,2024-08-08,0.0405703025385416,0.9594296974614585,0.03-0.05R,3,3,2,0.7583465818759951,5,3,2,0.7583465818759951,7,4,0.4356120826709463,24,4,0.6995230524642474,True,True,True,True,True,17,7,53,7,True,14,Thursday,ny_main,bull,0.792,high,above,above,0.5915028833705582,0.6085858585858861,0.024317415488115,0.6136324014205778,True,above_value,mid_volume,False,False,2.3767435570495405,0.6896551724137931,True,True,0.261657032755299,True,True,True,True,False,False,True,False,False,False,False,False,True,True,True,True,True,True,True,True,True,True,True,False,False,False,False,False,False,False,True,True,False,False,True,False,True,False,True,True,True,True,False
17367,15min,m15_2c_1atr,demand,2433.17,2422.23,2024-08-09 17:15:00+00:00,2024-08-09 16:30:00+00:00,2024-08-09 16:45:00+00:00,2024-08-09 17:00:00+00:00,2,1.9304056568663477,2.850018608113139,0.8418647166361966,2024-08-09 17:15:00+00:00,2024-08-09 17:35:00+00:00,2434.53,2421.553142857143,12.97685714285717,0.0,True,346892,346893,3,2434.62,0.9080882352941108,2.013584623175292,0.8183799731390196,1.6853079107862228,1.0,tp1,2024,2024-08,2024-08-09,0.0231180783372596,0.9768819216627403,<=0.03R,12,4,2,1.0,20,4,2,1.0,1,1,0.1627056672760686,20,4,1.0,True,True,True,True,True,14,5,60,7,True,13,Friday,ny_main,bull,0.674,high,above,above,0.5068842427332177,0.1086956521739279,0.311763684757237,0.648857514493541,True,value_high_half,mid_volume,True,True,0.2658579008784724,0.5555555555555556,True,True,0.1474541751527467,True,True,True,True,False,True,True,True,False,False,False,True,True,True,True,True,True,True,True,True,True,True,True,False,False,False,False,False,True,False,False,True,False,True,True,False,False,True,True,True,True,True,False
17378,15min,m15_2c_1atr,demand,2445.47,2443.85,2024-08-12 16:45:00+00:00,2024-08-12 15:45:00+00:00,2024-08-12 16:00:00+00:00,2024-08-12 16:30:00+00:00,3,2.734607218683744,0.601910828025447,0.3888888888889824,2024-08-12 17:20:00+00:00,2024-08-12 17:35:00+00:00,2450.21,2443.202142857143,7.0078571428571195,0.5833333333333334,True,347168,347169,2,2450.25,0.5218855218855384,3.81857099174394,0.1241463663234992,2.4386912649067662,1.0,tp1,2024,2024-08,2024-08-12,0.0428090918356947,0.9571909081643052,0.03-0.05R,1,1,1,1.0,1,1,1,1.0,2,2,0.2592592592593216,6,4,0.2592592592593216,True,True,True,True,True,5,5,13,5,True,13,Monday,ny_main,bull,0.616,mid,above,above,0.5122958882549987,0.8822170900692441,0.7700326363764087,1.6377994372660207,True,value_high_half,hvn,False,True,0.3438997044133939,0.8676470588235294,True,True,0.4052469997209046,True,True,True,True,False,False,True,False,False,False,True,True,True,False,False,True,True,True,True,True,True,True,True,False,False,False,True,False,True,False,False,True,True,False,True,True,False,False,True,True,True,True,False
17520,15min,m15_2c_1atr,demand,2509.51,2504.58,2024-08-27 11:30:00+00:00,2024-08-27 10:45:00+00:00,2024-08-27 11:00:00+00:00,2024-08-27 11:15:00+00:00,2,1.78527240071849,1.3773697864698318,0.7991886409735948,2024-08-27 11:50:00+00:00,2024-08-27 12:00:00+00:00,2511.1,2504.167571428571,6.932428571428773,0.3333333333333333,True,350137,350138,1,2511.11,0.2500000000000836,0.4673686813526695,1.080429451645413,-0.2120469017247779,-1.0,stop,2024,2024-08,2024-08-27,0.0432748779030218,-1.043274877903022,0.03-0.05R,4,4,2,0.5679513184584212,16,4,2,1.0,7,4,0.6430020283975427,9,4,0.9452332657199958,True,True,True,True,True,18,7,34,7,False,8,Tuesday,london_ny_overlap,bull,0.786,high,above,above,0.9393407450750912,0.8148148148148304,0.485140835805267,0.4892686780293071,True,value_low_half,mid_volume,False,True,-1.3278175036577085,0.6086956521739131,True,True,0.1630934150076312,True,True,True,True,False,False,True,False,False,True,True,True,False,False,False,True,True,True,True,True,True,True,True,False,False,False,False,True,False,False,False,True,False,False,True,False,False,True,True,True,True,True,True
17525,15min,m15_2c_1atr,demand,2509.07,2503.61,2024-08-27 17:00:00+00:00,2024-08-27 16:15:00+00:00,2024-08-27 16:30:00+00:00,2024-08-27 16:45:00+00:00,2,1.579338842975229,1.579338842975229,0.0879120879120906,2024-08-27 17:00:00+00:00,2024-08-27 17:05:00+00:00,2512.45,2502.992285714286,9.457714285713791,0.0,True,350198,350199,0,2512.44,0.0945179584120989,1.7551809558336149,1.0330191529213255,-0.6523774998489454,1.0,tp1,2024,2024-08,2024-08-27,0.0317201377560284,0.9682798622439716,0.03-0.05R,6,4,2,0.8223443223443602,20,4,2,1.0,6,4,0.5,12,4,0.967032967032914,True,True,True,True,True,18,7,44,7,True,13,Tuesday,ny_main,bull,0.828,high,above,above,0.8607685433422932,0.783536585365882,1.0874333150202111,1.2237096087853174,True,below_value,mid_volume,True,True,-0.2548184399734134,0.2894736842105263,True,True,0.1630934150076312,True,True,True,True,False,False,True,False,False,True,True,True,False,False,False,True,True,True,True,True,True,True,True,False,False,False,False,False,False,True,False,True,False,False,True,False,True,False,True,True,True,True,False
17591,15min,m15_2c_1atr,supply,2500.0,2497.09,2024-09-03 14:45:00+00:00,2024-09-03 14:00:00+00:00,2024-09-03 14:15:00+00:00,2024-09-03 14:30:00+00:00,2,2.4564375605032973,0.9859632139398948,0.76288659793827,2024-09-03 15:10:00+00:00,2024-09-03 15:30:00+00:00,2493.37,2500.811142857143,7.44114285714295,0.4166666666666667,True,351529,351530,3,2493.36,0.4069148936169299,2.8853094762708635,0.5738365842420423,0.5698049454768489,1.0,tp1,2024,2024-09,2024-09-03,0.0403163876516659,0.959683612348334,0.03-0.05R,9,4,2,1.0,15,4,2,1.0,3,3,0.3745704467354639,5,3,1.0,True,True,True,True,True,15,7,25,7,True,11,Tuesday,london_ny_overlap,bear,0.954,high,inside,below,1.2857357583045383,0.687499999999981,-0.0258714406904354,-0.3788047097851579,True,value_high_half,mid_volume,False,True,0.4428083243741403,0.5348837209302325,False,False,,True,True,True,False,True,False,True,False,False,False,False,True,False,False,False,True,True,True,True,True,True,True,False,False,True,False,False,False,True,False,False,False,True,False,True,True,False,True,True,True,True,True,True
17627,15min,m15_2c_1atr,supply,2529.16,2507.94,2024-09-06 16:15:00+00:00,2024-09-06 15:30:00+00:00,2024-09-06 15:45:00+00:00,2024-09-06 16:00:00+00:00,2,2.147032238626194,4.475444410967201,0.3741753063148034,2024-09-06 16:15:00+00:00,2024-09-06 16:40:00+00:00,2504.91,2530.3412857142857,25.431285714285877,0.0,True,352371,352372,4,2504.91,0.6691099476440324,0.7746364152140942,0.5359540273791008,0.423100904959571,0.423100904959571,time,2024,2024-09,2024-09-06,0.011796493632702,0.4113044113268689,<=0.03R,13,4,2,1.0,18,4,2,1.0,1,1,0.4401508011309981,31,4,0.4401508011309981,True,True,True,True,True,15,5,80,7,True,12,Friday,ny_main,bull,0.976,high,below,below,0.4087464281277099,0.3623036649214801,-1.4105430856463086,-1.8243509625478849,True,value_high_half,hvn,True,True,0.0314573163538792,0.98,True,True,0.1803278688524615,True,True,True,False,True,True,True,True,True,False,False,False,True,True,False,True,True,True,True,True,True,False,True,False,False,False,True,False,True,False,False,True,False,True,True,True,False,False,True,True,True,True,False
17797,15min,m15_2c_1atr,demand,2660.83,2657.84,2024-09-25 16:15:00+00:00,2024-09-25 15:30:00+00:00,2024-09-25 15:45:00+00:00,2024-09-25 16:00:00+00:00,2,1.8068898592916505,1.0155264434739613,0.5652173913044073,2024-09-25 16:40:00+00:00,2024-09-25 16:50:00+00:00,2664.02,2657.293,6.726999999999862,0.4166666666666667,True,355961,355962,1,2664.0,0.4530831099195834,0.5128586294038783,1.440463802586629,0.3359595659283877,-1.0,stop,2024,2024-09,2024-09-25,0.0445964025568613,-1.0445964025568613,0.03-0.05R,7,4,2,1.0,7,4,2,1.0,0,0,0.0,0,0,0.0,True,True,True,False,False,7,3,7,3,False,12,Wednesday,ny_main,bull,0.688,high,above,above,0.7643934565539793,0.6351706036745689,0.8874045062591739,1.556820599532821,True,value_high_half,hvn,False,True,0.3099449977701916,0.9066666666666666,False,False,,True,True,False,True,False,False,True,False,False,True,True,True,True,False,False,False,False,True,True,True,True,True,True,False,False,False,True,False,True,False,False,False,False,False,True,False,False,False,True,True,True,True,False
17813,15min,m15_2c_1atr,demand,2669.41,2667.08,2024-09-26 13:45:00+00:00,2024-09-26 12:30:00+00:00,2024-09-26 12:45:00+00:00,2024-09-26 13:30:00+00:00,4,2.21109399075496,0.8376990241396454,0.3433476394848722,2024-09-26 15:40:00+00:00,2024-09-26 15:50:00+00:00,2675.41,2666.301,9.108999999999924,1.9166666666666667,True,356225,356226,1,2675.6,0.4700460829493338,0.4995059830936678,1.2844439565265031,-1.034142057305978,-1.0,stop,2024,2024-09,2024-09-26,0.032934460423757,-1.032934460423757,0.03-0.05R,3,3,2,1.0,3,3,2,1.0,2,2,1.0,2,2,1.0,True,True,True,True,True,7,7,7,7,False,11,Thursday,london_ny_overlap,bull,0.978,high,above,above,1.1578521316783743,0.6257062146892488,0.0996513501817457,0.7338046430149474,True,above_value,hvn,False,True,0.9325941376660404,0.8169014084507042,False,False,,True,True,True,True,False,False,True,False,False,True,True,True,True,False,False,True,True,True,True,True,True,True,True,False,False,False,True,False,False,False,True,False,True,False,True,True,True,False,True,True,True,True,False
17830,15min,m15_2c_1atr,supply,2672.42,2664.31,2024-09-27 16:30:00+00:00,2024-09-27 15:30:00+00:00,2024-09-27 15:45:00+00:00,2024-09-27 16:15:00+00:00,3,1.5799196787147798,2.2799196787148244,0.8458692971639414,2024-09-27 16:30:00+00:00,2024-09-27 17:05:00+00:00,2664.17,2673.0534285714284,8.88342857142834,0.0,True,356516,356517,6,2664.18,0.4489795918367536,3.9725652901068793,0.2116300012865223,3.7023993310177072,1.0,tp1,2024,2024-09,2024-09-27,0.0337707448861452,0.9662292551138548,0.03-0.05R,13,3,2,1.0,19,4,2,1.0,8,4,0.7768187422934751,8,4,0.7768187422934751,True,True,True,True,True,29,7,35,7,True,13,Friday,ny_main,bull,0.84,high,inside,inside,0.8797612778655145,0.0735930735931068,-0.8343161923725382,-0.8351110382934339,True,value_high_half,mid_volume,True,True,0.2943683262575413,0.725,True,False,0.4478873239436517,True,True,True,False,True,False,True,False,False,False,False,False,False,False,False,True,True,True,True,True,True,False,False,False,True,False,False,False,True,False,False,False,False,True,True,False,False,True,True,True,True,True,False
17892,15min,m15_2c_1atr,demand,2647.48,2642.14,2024-10-03 16:30:00+00:00,2024-10-03 15:45:00+00:00,2024-10-03 16:00:00+00:00,2024-10-03 16:15:00+00:00,2,1.9195763044330505,1.4664574342879957,0.668539325842709,2024-10-03 16:45:00+00:00,2024-10-03 17:15:00+00:00,2651.32,2641.281571428571,10.038428571428994,0.25,True,357622,357623,5,2651.24,0.421731123388588,1.6476682463105332,1.3418434871706983,1.4265180947500853,1.0,tp1,2024,2024-10,2024-10-03,0.0298851556162733,0.9701148443837266,<=0.03R,6,3,2,1.0,23,4,2,1.0,4,3,0.810861423220938,11,4,1.0,True,True,True,True,True,14,7,45,7,True,13,Thursday,ny_main,bear,0.888,high,above,above,0.5163855752091162,0.4299191374663104,0.1846087840886915,0.2950211567193828,True,below_value,hvn,False,True,-1.1396206008338956,0.8409090909090909,True,False,0.2099385817978921,True,True,False,True,False,True,True,True,False,False,False,False,False,False,False,True,True,True,True,True,True,False,True,False,False,False,True,False,False,True,False,False,False,False,True,False,False,True,True,True,True,True,True
17906,15min,m15_2c_1atr,demand,2646.58,2632.04,2024-10-04 16:30:00+00:00,2024-10-04 15:45:00+00:00,2024-10-04 16:00:00+00:00,2024-10-04 16:15:00+00:00,2,2.3441258094357047,2.690101757631797,0.1485557083906681,2024-10-04 17:20:00+00:00,2024-10-04 17:40:00+00:00,2650.79,2631.2604285714287,19.529571428571217,0.8333333333333334,True,357903,357904,3,2650.7,0.4095744680850729,0.9923412846452796,0.6651451644758458,-0.0762945569722002,-0.0762945569722002,time,2024,2024-10,2024-10-04,0.0153613201957472,-0.0916558771679475,<=0.03R,2,2,2,1.0,36,4,2,1.0,5,4,0.3397524071526868,17,4,0.4642365887207714,True,True,True,True,True,12,6,70,7,False,13,Friday,ny_main,bull,0.996,high,below,below,0.4172525973344763,0.9819944598337794,0.5553610518661116,0.2751369011773211,True,below_value,lvn,False,False,-0.9698113483581808,0.1388888888888889,True,True,0.2099385817978921,True,True,True,True,False,True,True,True,True,False,False,True,False,False,False,True,True,True,True,True,True,True,False,True,False,True,False,False,False,True,False,True,False,True,True,True,True,False,True,True,True,True,False
17932,15min,m15_2c_1atr,supply,2652.41,2648.64,2024-10-08 15:45:00+00:00,2024-10-08 15:00:00+00:00,2024-10-08 15:15:00+00:00,2024-10-08 15:30:00+00:00,2,1.5212085996512867,1.0222738717799749,0.3766578249335875,2024-10-08 15:45:00+00:00,2024-10-08 15:50:00+00:00,2646.65,2653.025142857143,6.375142857142691,0.0,True,358433,358434,0,2646.74,0.0306406685235844,6.564558777394501,0.1490162685429771,5.722224712051422,1.0,tp1,2024,2024-10,2024-10-08,0.0470577690135807,0.9529422309864192,0.03-0.05R,3,2,2,0.3766578249337081,12,3,2,1.0,1,1,1.0,5,2,1.0,True,True,True,True,True,5,5,22,7,True,11,Tuesday,london_ny_overlap,bear,0.748,high,above,above,0.5859609609609686,0.2446555819476808,-0.3568292575451924,0.3163916022279188,True,above_value,lvn,False,False,1.2195805136019109,0.2448979591836734,True,False,0.3733333333333245,False,True,True,False,True,False,True,False,False,True,True,True,False,False,False,True,True,True,True,True,True,True,False,True,False,True,False,False,False,False,True,False,False,False,True,False,False,False,True,True,True,True,False
17976,15min,m15_2c_1atr,demand,2641.07,2639.38,2024-10-11 15:00:00+00:00,2024-10-11 14:15:00+00:00,2024-10-11 14:30:00+00:00,2024-10-11 14:45:00+00:00,2,2.152552552552524,0.7105105105105393,0.0177514792897895,2024-10-11 15:45:00+00:00,2024-10-11 16:05:00+00:00,2646.1,2638.843142857143,7.256857142856916,0.75,True,359264,359265,3,2646.09,0.7467362924282459,2.8607425489193683,0.3968660183472065,0.7151856372298421,1.0,tp1,2024,2024-10,2024-10-11,0.0413402102444991,0.9586597897555008,0.03-0.05R,6,3,2,1.0,19,4,2,1.0,2,1,1.0,16,4,1.0,True,True,True,True,True,10,7,51,7,True,12,Friday,ny_main,bull,0.612,mid,above,above,0.6072449952334648,0.9615384615384952,1.2434770637126558,1.7650040725728935,True,value_high_half,hvn,False,True,2.0635654947046307,0.9558823529411764,True,True,0.4236778846153715,True,True,True,True,False,False,True,False,False,False,False,True,True,True,True,True,True,True,True,True,True,True,True,False,False,False,True,False,True,False,False,True,True,False,True,True,True,False,True,True,True,True,False
17977,15min,m15_2c_1atr,demand,2650.11,2641.69,2024-10-11 16:15:00+00:00,2024-10-11 15:30:00+00:00,2024-10-11 15:45:00+00:00,2024-10-11 16:00:00+00:00,2,1.7116301239276035,2.8093422306959535,0.41448931116392,2024-10-11 16:15:00+00:00,2024-10-11 16:35:00+00:00,2650.12,2641.040285714286,9.07971428571409,0.0,True,359270,359271,3,2650.12,0.7423887587822217,1.8436703483433112,0.7599358066648051,-0.1508858050914038,1.0,tp1,2024,2024-10,2024-10-11,0.0330406872462954,0.9669593127537046,0.03-0.05R,4,2,2,0.2933491686460545,22,4,2,1.0,2,1,0.7826603325415782,22,4,1.0,True,True,True,True,True,8,7,66,7,True,12,Friday,ny_main,bull,0.704,high,above,above,0.514955537590868,0.5475862068965869,1.2105648327984022,1.8676643023746748,True,value_high_half,hvn,True,True,0.0715881557003167,0.8805970149253731,True,True,0.2099385817978921,True,True,True,True,False,False,True,False,False,False,False,True,True,True,True,True,True,True,True,True,True,True,True,False,False,False,True,False,True,False,False,True,False,True,True,False,False,False,True,True,True,True,False
18004,15min,m15_2c_1atr,supply,2656.75,2650.06,2024-10-15 16:00:00+00:00,2024-10-15 15:15:00+00:00,2024-10-15 15:30:00+00:00,2024-10-15 15:45:00+00:00,2,2.406249999999956,1.977618243243254,0.7817638266068723,2024-10-15 16:00:00+00:00,2024-10-15 16:05:00+00:00,2649.42,2657.224142857143,7.804142857142779,0.0,True,359816,359817,0,2649.43,0.3618421052631323,0.4228523311794377,1.6042761170806852,-3.5865565908217327,-1.0,stop,2024,2024-10,2024-10-15,0.0384411210163104,-1.0384411210163105,0.03-0.05R,16,4,2,0.6038863976083604,22,4,2,0.6038863976083604,5,4,0.4035874439462258,18,4,1.0,True,True,True,True,True,26,7,58,7,False,12,Tuesday,ny_main,bull,0.764,high,below,below,1.1457085828342977,0.6834862385320943,-0.5448586313646198,-0.6344847555980972,True,value_high_half,hvn,False,True,0.5324095260758664,0.8,True,True,0.2027887238557168,True,True,True,False,True,False,True,False,False,True,True,True,False,False,False,True,True,True,True,True,True,False,True,False,False,False,True,False,True,False,False,True,False,False,True,True,False,True,True,True,True,True,False
18003,15min,m15_2c_1atr,demand,2651.38,2645.67,2024-10-15 15:30:00+00:00,2024-10-15 14:45:00+00:00,2024-10-15 15:00:00+00:00,2024-10-15 15:15:00+00:00,2,2.5885583524027336,1.8292906178489896,0.4203152364272541,2024-10-15 15:50:00+00:00,2024-10-15 16:25:00+00:00,2651.6,2645.117,6.48299999999972,0.3333333333333333,True,359820,359821,6,2651.54,0.5850144092217857,5.213635662502181,0.7095480487428826,4.153941076662264,1.0,tp1,2024,2024-10,2024-10-15,0.0462748727441019,0.953725127255898,0.03-0.05R,7,2,1,0.5183887915936983,17,4,2,0.7775831873905475,9,4,1.0,30,4,1.0,True,True,True,True,True,25,7,77,7,True,12,Tuesday,ny_main,bull,0.78,high,below,below,1.11499611499608,0.8507042253520639,0.1734828584573421,0.1228900369502709,True,value_low_half,hvn,True,True,-0.111830942464899,0.9777777777777776,True,True,0.4236778846153715,True,True,True,True,False,False,True,False,False,False,False,False,True,False,False,True,True,True,True,True,True,True,False,True,False,False,True,True,False,False,False,True,False,False,True,True,False,False,True,True,True,True,False
18044,15min,m15_2c_1atr,demand,2711.97,2705.36,2024-10-18 16:45:00+00:00,2024-10-18 16:00:00+00:00,2024-10-18 16:15:00+00:00,2024-10-18 16:30:00+00:00,2,1.719343065693444,1.6886861313867862,0.5627836611195823,2024-10-18 16:45:00+00:00,2024-10-18 16:50:00+00:00,2713.88,2704.771,9.108999999999924,0.0,True,360653,360654,0,2713.89,0.3906249999999667,2.9322647930618357,0.1866286090679862,1.2427269733230657,1.0,tp1,2024,2024-10,2024-10-18,0.032934460423757,0.967065539576243,0.03-0.05R,9,4,2,0.7942511346445174,9,4,2,0.7942511346445174,2,2,0.5824508320726324,2,2,0.5824508320726324,True,True,True,True,True,13,7,13,7,True,12,Friday,ny_main,bull,0.882,high,above,above,0.4907615265066978,0.5368663594469698,0.658901920293429,0.8257107195971882,True,value_low_half,hvn,False,True,-0.3935668020639001,0.953125,True,True,0.4991289198606279,True,True,True,True,False,False,True,False,False,True,True,True,False,False,False,True,True,True,True,True,True,True,True,False,False,False,True,True,False,False,False,True,False,False,True,False,False,False,True,True,True,True,False
18055,15min,m15_2c_1atr,supply,2740.55,2733.79,2024-10-21 17:30:00+00:00,2024-10-21 16:30:00+00:00,2024-10-21 16:45:00+00:00,2024-10-21 17:15:00+00:00,3,1.7311969839773893,1.7839773798304308,0.5650887573963884,2024-10-21 17:30:00+00:00,2024-10-21 17:35:00+00:00,2731.93,2741.1980000000003,9.268000000000484,0.0,True,360938,360939,0,2731.9,0.4793103448275272,1.909797151488875,1.0919292188174166,-0.8631851532153196,1.0,tp1,2024,2024-10,2024-10-21,0.0323694432455744,0.9676305567544256,0.03-0.05R,4,3,2,1.0,4,3,2,1.0,0,0,0.0,0,0,0.0,True,True,True,False,False,4,3,4,3,True,13,Monday,ny_main,bull,0.886,high,below,below,1.598574821852747,0.2708571428571303,-1.6689584620444342,-1.7038353030627984,True,above_value,hvn,False,True,1.1242986620629616,0.9523809523809524,False,False,,True,True,True,False,True,False,True,False,False,True,True,True,True,False,False,False,False,True,True,True,True,False,True,False,False,False,True,False,False,False,True,False,False,False,True,False,False,False,True,True,True,True,False
18156,15min,m15_2c_1atr,supply,2787.1,2781.73,2024-10-30 15:45:00+00:00,2024-10-30 15:00:00+00:00,2024-10-30 15:15:00+00:00,2024-10-30 15:30:00+00:00,2,2.8578874218206893,1.3061153578873863,0.8435754189943832,2024-10-30 16:55:00+00:00,2024-10-30 17:05:00+00:00,2777.06,2787.7294285714283,10.669428571428398,1.1666666666666667,True,362876,362877,1,2777.02,0.8625954198473318,0.4789384891412242,1.041292879522295,3.5137776825643727,-1.0,stop,2024,2024-10,2024-10-30,0.0281177195190535,-1.0281177195190536,<=0.03R,7,3,2,0.432029795158326,7,3,2,0.432029795158326,2,1,1.0,2,1,1.0,True,True,True,True,True,11,7,11,7,False,13,Wednesday,ny_main,bull,0.974,high,below,below,0.4915209326974171,0.3318025258324127,-0.6414655857443904,-0.8884044125585717,True,value_high_half,hvn,False,True,0.5778191361165472,0.7931034482758621,False,False,,True,True,True,False,True,True,True,True,False,True,True,True,True,True,True,True,True,True,True,True,True,False,True,False,False,False,True,False,True,False,False,False,False,False,True,True,False,True,True,True,True,True,False
18210,15min,m15_2c_1atr,supply,2747.15,2741.55,2024-11-05 17:30:00+00:00,2024-11-05 16:45:00+00:00,2024-11-05 17:00:00+00:00,2024-11-05 17:15:00+00:00,2,3.1011873117136117,1.3893319156476756,0.2285714285713868,2024-11-05 17:45:00+00:00,2024-11-05 18:20:00+00:00,2740.51,2747.6375714285714,7.127571428571173,0.25,True,363983,363984,6,2740.51,0.8172588832486478,1.0915358867978144,1.0971478964985053,10.150722546249389,1.0,tp1,2024,2024-11,2024-11-05,0.0420900727556987,0.9579099272443014,0.03-0.05R,8,4,2,0.7392857142857036,25,4,2,0.8107142857142924,1,1,0.9392857142856872,7,3,0.9392857142856872,True,True,True,True,True,10,5,39,7,True,13,Tuesday,ny_main,bear,0.906,high,below,below,0.639346741267196,0.0392609699769227,-0.5156628677020465,-0.6017238346579605,True,above_value,mid_volume,False,True,0.9259816006254225,0.5686274509803921,True,False,0.435945273631828,True,True,True,False,True,False,True,False,False,False,False,False,True,True,True,True,True,True,True,True,True,True,True,False,False,False,False,False,False,False,True,False,False,False,True,True,True,False,True,True,True,True,False
18244,15min,m15_2c_1atr,supply,2696.15,2694.02,2024-11-08 08:30:00+00:00,2024-11-08 07:45:00+00:00,2024-11-08 08:00:00+00:00,2024-11-08 08:15:00+00:00,2,2.7581888246628825,0.7182080924855784,0.2206572769951999,2024-11-08 13:40:00+00:00,2024-11-08 14:05:00+00:00,2690.26,2696.4990000000003,6.239000000000033,5.166666666666667,True,364760,364761,4,2690.25,0.7118644067796904,0.6427312069242181,1.0081743869209698,5.649943901266199,-1.0,stop,2024,2024-11,2024-11-08,0.0480846289469463,-1.0480846289469463,0.03-0.05R,6,4,2,1.0,8,4,2,1.0,0,0,0.0,0,0,0.0,True,True,True,False,False,6,3,8,3,False,9,Friday,london_ny_overlap,bear,0.516,mid,inside,inside,1.732352941176453,0.198653198653261,-0.0314381153768465,0.0592961633408195,True,value_high_half,hvn,False,True,1.0153870812630237,0.956989247311828,False,False,,True,True,True,False,True,False,True,False,False,False,False,False,True,True,True,False,False,True,True,True,True,True,False,False,True,False,True,False,True,False,False,False,True,False,True,True,True,False,True,True,True,True,False
18277,15min,m15_2c_1atr,demand,2606.62,2600.88,2024-11-12 15:30:00+00:00,2024-11-12 14:30:00+00:00,2024-11-12 14:45:00+00:00,2024-11-12 15:15:00+00:00,3,2.2592691384369266,1.071752467324592,0.0034843205574882,2024-11-12 15:40:00+00:00,2024-11-12 15:50:00+00:00,2609.04,2600.1330000000003,8.906999999999698,0.1666666666666666,True,365333,365334,1,2609.03,0.7083333333334567,0.903783541035192,1.1575165600090147,-0.6421915347479503,-1.0,stop,2024,2024-11,2024-11-12,0.0336813742000685,-1.0336813742000686,0.03-0.05R,2,2,1,1.0,2,2,1,1.0,0,0,0.0,0,0,0.0,True,True,True,False,False,2,2,2,2,False,10,Tuesday,london_ny_overlap,bear,0.846,high,above,above,1.1500186127311065,0.9159159159159224,0.8922613522967549,1.4375627785459084,True,value_low_half,mid_volume,False,True,-2.133153699337672,0.6464646464646465,False,False,,True,True,True,True,False,False,True,False,False,True,True,True,True,True,True,False,False,True,True,False,False,False,True,False,False,False,False,True,False,False,False,False,False,False,True,True,True,False,True,True,True,True,False
18326,15min,m15_2c_1atr,demand,2571.74,2564.76,2024-11-15 16:30:00+00:00,2024-11-15 15:45:00+00:00,2024-11-15 16:00:00+00:00,2024-11-15 16:15:00+00:00,2,1.577889447236181,1.4030150753768131,0.4656160458453013,2024-11-15 16:30:00+00:00,2024-11-15 16:35:00+00:00,2571.92,2563.8725714285715,8.047428571428554,0.0,True,366170,366171,0,2571.96,0.2921615201900255,0.5107221472697748,1.1506781225591434,4.996627139103899,-1.0,stop,2024,2024-11,2024-11-15,0.0372789888518072,-1.0372789888518072,0.03-0.05R,11,3,2,0.836676217765051,11,3,2,0.836676217765051,2,1,0.6031518624641612,2,1,0.6031518624641612,True,True,True,True,True,15,7,15,7,False,11,Friday,london_ny_overlap,bear,0.862,high,inside,inside,1.0291932059448023,0.4475347661188406,0.0886683409481745,0.3142000179080283,True,value_high_half,hvn,True,True,0.1863949442590361,0.9347826086956522,False,False,,True,True,True,True,False,False,True,False,False,True,True,True,False,False,False,True,True,True,True,True,True,False,False,False,True,False,True,False,True,False,False,False,False,False,True,False,False,False,True,True,True,True,False
18353,15min,m15_2c_1atr,demand,2634.46,2629.03,2024-11-19 14:30:00+00:00,2024-11-19 13:45:00+00:00,2024-11-19 14:00:00+00:00,2024-11-19 14:15:00+00:00,2,1.75349580503394,1.5185777067518398,0.777163904235714,2024-11-19 14:45:00+00:00,2024-11-19 14:55:00+00:00,2635.64,2628.6367142857143,7.003285714285539,0.25,True,366702,366703,1,2635.7,0.6104417670683193,0.5483140566673131,1.560695999836827,0.071395059461887,-1.0,stop,2024,2024-11,2024-11-19,0.0428370356771322,-1.0428370356771322,0.03-0.05R,2,2,2,0.8931860036832514,2,2,2,0.8931860036832514,0,0,0.0,0,0,0.0,True,True,True,False,False,2,2,2,2,False,9,Tuesday,london_ny_overlap,bull,0.484,mid,above,above,2.123660346249007,0.9819967266776304,1.2860178448772903,2.218047215001901,True,above_value,mid_volume,False,False,2.9978785468046203,0.5454545454545454,False,False,,True,True,True,True,False,False,True,False,False,True,True,True,True,True,False,False,False,True,True,False,False,True,True,False,False,False,False,False,False,False,True,False,False,False,True,False,False,True,True,True,True,True,False
18427,15min,m15_2c_1atr,supply,2641.96,2630.09,2024-11-26 15:45:00+00:00,2024-11-26 15:00:00+00:00,2024-11-26 15:15:00+00:00,2024-11-26 15:30:00+00:00,2,2.328033744321908,2.6959766385464192,0.9014321819713492,2024-11-26 15:45:00+00:00,2024-11-26 15:50:00+00:00,2629.33,2642.7245714285714,13.394571428571451,0.0,True,368093,368094,0,2629.34,0.4516806722688535,0.93470702416757,1.0519186877413114,-1.5767581749535948,-1.0,stop,2024,2024-11,2024-11-26,0.0223971331669545,-1.0223971331669546,<=0.03R,4,3,2,0.634372367312537,14,4,2,0.634372367312537,4,3,0.7885425442291287,8,3,0.7885425442291287,True,True,True,True,True,12,7,30,7,False,10,Tuesday,london_ny_overlap,bear,0.792,high,inside,below,1.1418365828248511,0.7304347826086774,-0.4656706673419377,0.0100710701940556,True,above_value,mid_volume,False,True,0.7671018109682015,0.7449664429530202,False,False,,True,True,True,False,True,True,True,True,False,True,True,True,True,False,False,True,True,True,True,True,True,True,False,False,True,False,False,False,False,False,True,False,False,True,True,True,False,True,True,True,True,True,False
18510,15min,m15_2c_1atr,supply,2653.45,2650.29,2024-12-05 15:30:00+00:00,2024-12-05 14:45:00+00:00,2024-12-05 15:00:00+00:00,2024-12-05 15:15:00+00:00,2,2.054726368159222,1.1004975124377527,0.7626582278482342,2024-12-05 15:30:00+00:00,2024-12-05 15:35:00+00:00,2647.43,2653.8971428571426,6.46714285714279,0.0,True,369965,369966,0,2647.43,0.0121951219512641,5.218687872763474,0.4375966423680777,2.710625138060515,1.0,tp1,2024,2024-12,2024-12-05,0.0463883366467864,0.9536116633532136,0.03-0.05R,10,3,2,1.0,20,4,2,1.0,5,3,1.0,10,4,1.0,True,True,True,True,True,20,7,40,7,True,10,Thursday,london_ny_overlap,bull,0.544,mid,below,below,1.0453158018314967,0.0899053627760489,-1.3384571434981345,-1.278255508132299,True,value_high_half,hvn,False,True,0.4051248067152513,0.7666666666666667,True,True,0.2596610169491476,True,True,True,False,True,False,True,False,False,True,True,True,False,False,False,True,True,True,True,True,True,False,True,False,False,False,True,False,True,False,False,True,False,False,True,True,False,True,True,True,True,True,False
18526,15min,m15_2c_1atr,supply,2643.56,2631.24,2024-12-06 16:15:00+00:00,2024-12-06 15:30:00+00:00,2024-12-06 15:45:00+00:00,2024-12-06 16:00:00+00:00,2,1.5720601237842364,2.541703507220778,0.0073051948052065,2024-12-06 16:20:00+00:00,2024-12-06 16:30:00+00:00,2629.72,2644.674285714286,14.954285714286016,0.0833333333333333,True,370252,370253,1,2629.82,0.483180428134537,0.2527703477263822,1.2157050057317489,-2.727646159724849,-1.0,stop,2024,2024-12,2024-12-06,0.0200611387084443,-1.0200611387084444,<=0.03R,16,4,2,0.8214285714285886,40,4,2,0.8214285714285886,7,2,0.5259740259740204,15,2,0.666396103896098,True,True,True,True,True,30,7,70,7,False,11,Friday,london_ny_overlap,bear,0.932,high,below,below,1.024157226695801,0.5230769230769371,-0.6728678972760188,-1.1838354923497911,True,value_high_half,hvn,True,True,0.0769010317156791,0.9264705882352942,False,False,,True,True,True,False,True,True,True,True,False,True,True,True,True,False,False,True,True,True,True,True,True,True,True,False,False,False,True,False,True,False,False,False,False,True,True,False,True,False,True,True,True,True,True
18551,15min,m15_2c_1atr,demand,2673.0,2669.81,2024-12-10 14:15:00+00:00,2024-12-10 13:15:00+00:00,2024-12-10 13:30:00+00:00,2024-12-10 14:00:00+00:00,3,1.8097696584590732,0.8868149324861371,0.4263322884012865,2024-12-10 15:15:00+00:00,2024-12-10 15:40:00+00:00,2676.15,2669.3322857142857,6.8177142857143735,1.0,True,370794,370795,4,2676.13,0.7484076433121033,4.148017768837391,0.0806721984745877,3.6801190176849294,1.0,tp1,2024,2024-12,2024-12-10,0.0440030173497605,0.9559969826502396,0.03-0.05R,2,2,2,1.0,2,2,2,1.0,0,0,0.0,7,4,1.0,True,True,True,False,True,2,2,16,6,True,10,Tuesday,london_ny_overlap,bull,0.784,high,inside,inside,1.6611424541608002,0.953744493392062,0.5256230056070185,1.1573007252402936,True,value_high_half,mid_volume,False,True,0.3894267035453436,0.5111111111111111,True,True,0.0967741935483862,True,True,True,True,False,False,True,False,False,False,False,False,True,True,True,False,True,True,True,False,True,True,False,False,True,False,False,False,True,False,False,True,True,False,True,False,False,False,True,True,True,True,False
18562,15min,m15_2c_1atr,demand,2697.81,2690.71,2024-12-11 16:00:00+00:00,2024-12-11 15:15:00+00:00,2024-12-11 15:30:00+00:00,2024-12-11 15:45:00+00:00,2,1.595471698113225,1.875471698113216,0.3718309859154798,2024-12-11 16:30:00+00:00,2024-12-11 16:45:00+00:00,2701.28,2690.1075714285716,11.172428571428554,0.5,True,371083,371084,2,2701.24,0.4951923076922025,2.2358612400424565,1.0015727492424016,-1.9700282583400688,1.0,tp1,2024,2024-12,2024-12-11,0.0268518163335763,0.9731481836664236,<=0.03R,11,4,2,1.0,11,4,2,1.0,2,1,0.8140845070422281,6,4,1.0,True,True,True,True,True,15,7,23,7,True,11,Wednesday,london_ny_overlap,bull,0.786,high,above,above,0.8754460492777874,0.9106060606061064,1.2450477176407333,1.9153108335721416,True,value_low_half,hvn,False,True,-0.5808942933496815,0.875,False,False,,True,True,True,True,False,True,True,True,False,False,True,True,True,False,False,True,True,True,True,True,True,True,True,False,False,False,True,True,False,False,False,False,False,False,True,False,False,False,True,True,True,True,True
18572,15min,m15_2c_1atr,supply,2715.74,2713.02,2024-12-12 13:15:00+00:00,2024-12-12 12:30:00+00:00,2024-12-12 12:45:00+00:00,2024-12-12 13:00:00+00:00,2,2.0835055808185214,0.7871021083091811,0.6764705882353974,2024-12-12 13:40:00+00:00,2024-12-12 13:50:00+00:00,2710.19,2716.224714285714,6.034714285714017,0.4166666666666667,True,371324,371325,1,2710.17,0.7944444444443995,7.809814643846684,0.3910707099401469,6.509007409511958,1.0,tp1,2024,2024-12,2024-12-12,0.0497123783822193,0.9502876216177806,0.03-0.05R,3,3,2,0.8639705882354914,3,3,2,0.8639705882354914,0,0,0.0,4,4,1.0,True,True,True,False,True,3,3,11,7,True,8,Thursday,london_ny_overlap,bull,0.616,mid,inside,inside,0.608695652173924,0.2666666666666498,-0.2967802577157665,-0.6874600048094067,True,value_low_half,hvn,False,True,-0.2270198612787837,0.9117647058823528,True,False,0.2493963435667457,True,True,True,False,True,False,True,False,False,True,True,True,True,True,True,False,True,True,True,True,True,False,False,False,True,False,True,True,False,False,False,False,True,False,True,True,False,True,True,True,True,True,False
18616,15min,m15_2c_1atr,supply,2646.93,2642.66,2024-12-17 16:00:00+00:00,2024-12-17 15:00:00+00:00,2024-12-17 15:15:00+00:00,2024-12-17 15:45:00+00:00,3,2.0437317784255877,1.2448979591836686,0.2833723653395882,2024-12-17 17:15:00+00:00,2024-12-17 17:40:00+00:00,2640.02,2647.430857142857,7.410857142856912,1.25,True,372198,372199,4,2640.03,0.4829721362228906,0.4398951345516049,1.0268717711466295,0.7178656796977853,-1.0,stop,2024,2024-12,2024-12-17,0.0404811473513776,-1.0404811473513775,0.03-0.05R,5,3,2,1.0,5,3,2,1.0,0,0,0.0,13,4,1.0,True,True,True,False,True,5,3,31,7,False,12,Tuesday,ny_main,bear,0.904,high,below,below,0.7520025129574519,0.0175054704596015,-0.2342544054194834,-0.5314888527140262,True,value_low_half,mid_volume,False,True,-1.0734250906006868,0.4509803921568627,False,False,,True,False,True,False,True,False,True,False,False,False,False,False,True,False,False,False,True,True,True,True,True,True,True,False,False,False,False,True,False,False,False,False,False,False,True,True,True,False,True,True,True,True,False
18872,15min,m15_2c_1atr,demand,2686.8,2682.22,2025-01-15 16:00:00+00:00,2025-01-15 15:15:00+00:00,2025-01-15 15:30:00+00:00,2025-01-15 15:45:00+00:00,2,2.6978143172248754,1.2857429316223512,0.3951965065501734,2025-01-15 16:20:00+00:00,2025-01-15 16:25:00+00:00,2690.0,2681.4262857142853,8.573714285714686,0.3333333333333333,True,377388,377389,0,2689.94,0.6046511627906509,0.0688149826713014,1.3704678752332071,3.2459677419353237,-1.0,stop,2025,2025-01,2025-01-15,0.0349906691548903,-1.0349906691548905,0.03-0.05R,6,4,2,0.4301310043668319,14,4,2,1.0,0,0,0.0,0,0,0.0,True,True,True,False,False,6,3,14,3,False,11,Wednesday,london_ny_overlap,bull,0.826,high,above,above,0.7252475247524413,0.8680555555555226,0.3396305588151789,0.7300558393579953,True,value_high_half,mid_volume,False,True,1.4882697947213634,0.6619718309859155,False,False,,True,True,False,True,False,False,True,False,False,True,True,True,True,True,False,False,False,True,True,True,True,True,True,False,False,False,False,False,True,False,False,False,False,False,True,True,False,False,True,True,True,True,False
18906,15min,m15_2c_1atr,demand,2710.61,2702.22,2025-01-20 16:15:00+00:00,2025-01-20 15:30:00+00:00,2025-01-20 15:45:00+00:00,2025-01-20 16:00:00+00:00,2,1.6650680989832731,2.2532131210436477,0.5792610250297899,2025-01-20 16:15:00+00:00,2025-01-20 16:20:00+00:00,2711.23,2701.5161428571428,9.71385714285725,0.0,True,378215,378216,0,2711.26,0.1862464183381466,3.5526567348558857,0.8678324043707546,3.2119064076355768,1.0,tp1,2025,2025-01,2025-01-20,0.0308837154580345,0.9691162845419654,0.03-0.05R,8,4,2,0.2741358760429192,23,4,2,0.5899880810488772,8,4,0.7270560190702826,8,4,0.7270560190702826,True,True,True,True,True,24,7,39,7,True,11,Monday,london_ny_overlap,bull,0.848,high,above,above,0.9086161879895628,0.4209039548022025,0.4744222213935433,0.6172236477411992,True,value_low_half,hvn,True,True,-0.1889053928849818,0.9387755102040816,False,False,,True,True,False,True,False,False,True,False,False,True,True,True,False,False,False,True,True,True,True,True,True,True,True,False,False,False,True,True,False,False,False,False,False,True,True,False,False,False,True,True,True,True,False
18974,15min,m15_2c_1atr,supply,2754.83,2745.14,2025-01-27 17:15:00+00:00,2025-01-27 16:30:00+00:00,2025-01-27 16:45:00+00:00,2025-01-27 17:00:00+00:00,2,2.13923408572148,1.720263758559479,0.3044375644994635,2025-01-27 17:20:00+00:00,2025-01-27 17:25:00+00:00,2744.08,2755.614285714286,11.534285714285945,0.0833333333333333,True,379578,379579,0,2744.1,0.4368600682593231,1.172157542729725,1.007431260837226,-1.155684914540471,1.0,tp1,2025,2025-01,2025-01-27,0.0260094129303933,0.9739905870696066,<=0.03R,2,1,1,0.2920536635706823,21,4,2,0.3622291021671562,0,0,0.0,5,3,0.3746130030959844,True,True,True,False,True,2,2,31,7,True,12,Monday,ny_main,bear,1.0,high,below,below,1.9000991571640775,0.3768736616702157,-1.2316437578237454,-2.185886737913755,True,below_value,lvn,False,True,-0.6298612831310537,0.238095238095238,True,False,0.251194539249134,True,True,True,False,True,True,True,True,False,True,True,True,False,False,False,False,True,True,True,False,True,True,True,False,False,True,False,False,False,True,False,False,False,False,True,True,True,False,True,True,True,True,False
19078,15min,m15_2c_1atr,supply,2859.84,2854.65,2025-02-06 17:00:00+00:00,2025-02-06 16:15:00+00:00,2025-02-06 16:30:00+00:00,2025-02-06 16:45:00+00:00,2,3.1093348558378953,1.0371110476734209,0.5279383429671971,2025-02-06 18:15:00+00:00,2025-02-06 18:30:00+00:00,2850.77,2860.3555714285717,9.585571428571711,1.25,True,381799,381800,2,2850.76,0.4624277456645773,0.270197767477913,1.001505238528106,-0.3202730294043207,-1.0,stop,2025,2025-02,2025-02-06,0.0312970387040036,-1.0312970387040037,0.03-0.05R,3,3,2,0.2389210019268253,4,3,2,0.3159922928709653,4,4,0.306358381502915,4,4,0.306358381502915,True,True,True,True,True,11,7,12,7,False,13,Thursday,ny_main,bull,0.948,high,below,below,0.883041671912416,0.8611111111111375,0.3532957464729271,-0.1405306724130938,True,below_value,mid_volume,False,True,-1.2002414342985497,0.7380952380952381,True,True,0.379712131596978,True,True,True,False,True,False,True,False,False,False,True,True,True,False,False,True,True,True,True,True,True,False,True,False,False,False,False,False,False,True,False,True,False,False,True,True,False,False,True,True,False,True,True
19189,15min,m15_2c_1atr,demand,2918.72,2913.4,2025-02-18 15:45:00+00:00,2025-02-18 15:00:00+00:00,2025-02-18 15:15:00+00:00,2025-02-18 15:30:00+00:00,2,1.6583581065631272,1.7031785959295094,0.6748120300751668,2025-02-18 15:45:00+00:00,2025-02-18 15:55:00+00:00,2919.3,2912.9365714285714,6.363428571428813,0.0,True,383946,383947,1,2919.29,0.3214285714285811,4.36557112068945,0.2310075431034795,2.9685255028734305,1.0,tp1,2025,2025-02,2025-02-18,0.0471443965517223,0.9528556034482776,0.03-0.05R,4,4,2,0.2951127819548486,18,4,2,0.8120300751879597,1,1,0.0300751879698991,8,4,1.0,True,True,True,True,True,6,5,34,7,True,10,Tuesday,london_ny_overlap,bull,0.404,mid,above,above,0.9993349589890927,0.2920110192837227,0.6049012469308317,1.3323124429778306,True,value_high_half,mid_volume,False,True,0.5987338362068653,0.3103448275862069,True,True,0.5048611111111067,True,True,True,True,False,False,True,False,False,True,True,True,False,False,False,True,True,True,True,True,True,True,True,False,False,False,False,False,True,False,False,True,False,False,True,False,False,True,True,True,True,True,False
19301,15min,m15_2c_1atr,demand,2857.29,2852.29,2025-02-28 11:15:00+00:00,2025-02-28 10:30:00+00:00,2025-02-28 10:45:00+00:00,2025-02-28 11:00:00+00:00,2,2.1619841116061993,1.356326293353986,0.6319999999999709,2025-02-28 14:40:00+00:00,2025-02-28 15:10:00+00:00,2859.57,2851.788857142857,7.781142857143095,3.4166666666666665,True,386145,386146,5,2859.54,0.6562500000000089,0.350848204450311,1.0551149298670504,1.756811338767614,-1.0,stop,2025,2025-02,2025-02-28,0.0385547477417921,-1.0385547477417922,0.03-0.05R,2,2,2,1.0,2,2,2,1.0,0,0,0.0,5,3,0.9559999999999492,True,True,True,False,True,2,2,12,6,False,10,Friday,london_ny_overlap,bear,0.364,mid,inside,inside,1.1244979919679263,0.9959183673468498,0.2891102476471803,0.0361926816287129,True,value_low_half,mid_volume,False,True,-1.2157597121245176,0.2682926829268293,False,False,,True,False,True,True,False,False,True,False,False,False,False,False,True,True,False,False,True,True,True,False,True,False,False,False,True,False,False,True,False,False,False,False,False,False,True,True,False,False,True,True,True,True,False
19350,15min,m15_2c_1atr,demand,2913.79,2898.48,2025-03-05 16:45:00+00:00,2025-03-05 15:30:00+00:00,2025-03-05 15:45:00+00:00,2025-03-05 16:30:00+00:00,4,2.3595859585958596,2.41156615661565,0.8693664271717827,2025-03-05 16:45:00+00:00,2025-03-05 16:50:00+00:00,2914.59,2897.5651428571427,17.0248571428574,0.0,True,386993,386994,0,2914.65,0.0946601941747288,0.903384966519509,1.077835769547054,-0.002349505764678,-1.0,stop,2025,2025-03,2025-03-05,0.0176212932351013,-1.0176212932351014,<=0.03R,11,3,2,1.0,18,4,2,1.0,5,3,0.7648595689092148,33,4,0.7648595689092148,True,True,True,True,True,21,7,84,7,False,11,Wednesday,london_ny_overlap,bull,0.974,high,below,below,1.0196703880914928,0.284256559766732,0.3736047290187606,0.0594250961249602,True,below_value,mid_volume,False,True,-0.4766559820094787,0.4629629629629629,True,True,0.1382198952879521,True,True,True,True,False,True,True,True,True,True,True,True,False,False,False,True,True,True,True,True,True,True,False,True,False,False,False,False,False,True,False,True,False,True,True,True,False,True,True,True,True,True,False
19402,15min,m15_2c_1atr,demand,2913.87,2907.53,2025-03-11 15:45:00+00:00,2025-03-11 15:00:00+00:00,2025-03-11 15:15:00+00:00,2025-03-11 15:30:00+00:00,2,3.013270314488399,1.61352481367021,0.8170347003154714,2025-03-11 16:30:00+00:00,2025-03-11 17:05:00+00:00,2917.24,2906.929571428572,10.31042857142802,0.75,True,388112,388113,6,2917.15,0.796833773087074,0.7875521316836692,1.0794895598077086,1.751624568744677,-1.0,stop,2025,2025-03,2025-03-11,0.0290967536336318,-1.029096753633632,<=0.03R,2,1,1,0.2965299684542903,36,4,2,1.0,1,1,0.3233438485804144,27,4,1.0,True,True,True,True,True,4,4,90,7,False,13,Tuesday,ny_main,bull,0.706,high,above,above,0.6201754385964506,0.9469178082191846,0.6674228513903512,1.1438217656944087,True,above_value,hvn,False,True,2.2259016529728197,0.8313253012048193,True,True,0.5409722222222163,True,True,False,True,False,True,True,True,False,False,False,False,True,True,True,True,True,True,True,True,True,True,True,False,False,False,True,False,False,False,True,True,False,False,True,True,False,True,True,True,True,True,False
19433,15min,m15_2c_1atr,demand,2947.69,2941.1,2025-03-13 15:45:00+00:00,2025-03-13 14:45:00+00:00,2025-03-13 15:00:00+00:00,2025-03-13 15:30:00+00:00,3,2.304041272570973,1.5865864144454325,0.5538694992412763,2025-03-13 15:50:00+00:00,2025-03-13 15:55:00+00:00,2950.08,2940.5034285714287,9.576571428571242,0.0833333333333333,True,388650,388651,0,2950.06,0.5486111111110651,5.73691747717656,0.0563876126260489,3.691300196909186,1.0,tp1,2025,2025-03,2025-03-13,0.0313264514589182,0.9686735485410818,0.03-0.05R,6,3,2,1.0,6,3,2,1.0,1,1,0.0728376327769359,7,4,0.5705614567526761,True,True,True,True,True,8,5,20,7,True,11,Thursday,london_ny_overlap,bull,0.724,high,above,above,0.7078392621870183,0.580041580041579,0.7720173405714171,1.1789641031274474,True,value_low_half,hvn,True,True,-0.0370696342263884,0.9736842105263158,False,False,,True,True,True,True,False,False,True,False,False,True,True,True,True,False,False,True,True,True,True,True,True,True,True,False,False,False,True,True,False,False,False,False,False,False,True,True,False,False,True,True,True,True,False
19450,15min,m15_2c_1atr,supply,2996.17,2992.82,2025-03-14 16:00:00+00:00,2025-03-14 15:15:00+00:00,2025-03-14 15:30:00+00:00,2025-03-14 15:45:00+00:00,2,1.5862785862786857,0.5416955416955388,0.7373134328359169,2025-03-14 16:10:00+00:00,2025-03-14 16:25:00+00:00,2989.15,2997.0495714285717,7.899571428571562,0.1666666666666666,True,388932,388933,2,2989.05,0.372727272727309,1.3431108378392975,1.0342333218800217,-0.8684015407707485,1.0,tp1,2025,2025-03,2025-03-14,0.0379767437654839,0.962023256234516,0.03-0.05R,5,4,2,0.1313432835821094,5,4,2,0.1313432835821094,0,0,0.0,0,0,0.0,True,True,True,False,False,5,3,5,3,True,12,Friday,ny_main,bull,0.96,high,below,below,0.8547192353644384,0.0986899563318888,-1.1334391588015411,-1.498594302405095,True,value_high_half,mid_volume,False,True,1.0437275078213692,0.7019230769230769,False,False,,True,True,True,False,True,False,True,False,False,False,True,True,False,False,False,False,False,True,True,True,True,False,True,False,False,False,False,False,True,False,False,False,True,False,True,False,False,True,True,True,True,True,False
19504,15min,m15_2c_1atr,supply,3045.84,3043.21,2025-03-20 12:15:00+00:00,2025-03-20 11:15:00+00:00,2025-03-20 11:30:00+00:00,2025-03-20 12:00:00+00:00,3,2.822349570200566,0.7535816618911538,0.5361216730037247,2025-03-20 18:15:00+00:00,2025-03-20 18:20:00+00:00,3039.91,3046.2547142857143,6.344714285714417,6.0,True,390059,390060,0,3039.9,0.5795454545454473,0.926755679643274,1.0780627293810376,3.8472969626009377,-1.0,stop,2025,2025-03,2025-03-20,0.0472834530430269,-1.047283453043027,0.03-0.05R,5,4,2,1.0,8,4,2,1.0,5,4,0.84790874524712,5,4,0.84790874524712,True,True,True,True,True,15,7,18,7,False,14,Thursday,ny_main,bull,0.852,high,above,above,1.109831709477387,0.0438413361169181,-0.1245955764915575,0.0887132952622774,True,value_high_half,mid_volume,False,True,1.934681287010534,0.3870967741935484,True,False,0.4228543876566963,True,True,True,False,True,False,True,False,False,True,True,True,True,False,False,True,True,True,True,True,True,False,False,True,False,False,False,False,True,False,False,False,True,False,True,True,False,False,True,True,True,True,False
19587,15min,m15_2c_1atr,supply,3085.03,3082.25,2025-03-28 10:00:00+00:00,2025-03-28 08:45:00+00:00,2025-03-28 09:00:00+00:00,2025-03-28 09:45:00+00:00,4,1.582914572864356,0.8149078726968801,0.9172661870501956,2025-03-28 15:50:00+00:00,2025-03-28 16:30:00+00:00,3076.31,3086.0208571428575,9.710857142857549,5.833333333333333,True,391686,391687,7,3076.24,0.8441558441559166,0.9134106155113076,1.073025773802481,-4.442450276568001,-1.0,stop,2025,2025-03,2025-03-28,0.0308932564434493,-1.0308932564434494,0.03-0.05R,4,4,2,1.0,4,4,2,1.0,2,2,1.0,2,2,1.0,True,True,True,True,True,8,7,8,7,False,12,Friday,ny_main,bull,0.97,high,below,below,0.8562589243218065,0.7172081829121632,-0.5118340247659809,-0.4448275387404747,True,value_high_half,mid_volume,False,True,1.0184476874190802,0.4545454545454545,True,False,0.4346096469418162,True,False,True,False,True,False,True,False,False,False,False,False,True,True,True,True,True,True,True,True,True,False,True,False,False,False,False,False,True,False,False,False,True,False,True,False,False,True,True,True,True,True,True
19607,15min,m15_2c_1atr,demand,3119.4,3103.84,2025-03-31 17:15:00+00:00,2025-03-31 16:30:00+00:00,2025-03-31 16:45:00+00:00,2025-03-31 17:00:00+00:00,2,1.6749334752528406,2.3186801490154414,0.8823907455012604,2025-03-31 17:15:00+00:00,2025-03-31 17:40:00+00:00,3119.72,3102.9454285714287,16.774571428571107,0.0,True,391964,391965,4,3119.89,0.4264264264264576,1.749075982354286,0.4798930353766685,0.0953824666587416,1.0,tp1,2025,2025-03,2025-03-31,0.0178842124985099,0.98211578750149,<=0.03R,8,3,2,0.3811053984575743,8,3,2,0.3811053984575743,0,0,0.0,0,0,0.0,True,True,True,False,False,8,3,8,3,True,13,Monday,ny_main,bull,1.0,high,above,above,0.9707475622969184,0.7667584940312316,0.4630551937248514,0.3218413722938592,True,value_low_half,hvn,False,True,-0.6635042836947271,0.8282828282828283,False,False,,True,True,True,True,False,True,True,True,True,False,False,False,False,False,False,False,False,True,True,True,True,True,True,False,False,False,True,True,False,False,False,False,False,True,True,False,False,True,True,True,True,True,False
19630,15min,m15_2c_1atr,demand,3117.37,3110.21,2025-04-02 14:30:00+00:00,2025-04-02 13:45:00+00:00,2025-04-02 14:00:00+00:00,2025-04-02 14:15:00+00:00,2,1.6299335125194638,1.4180223511104617,0.3854748603352338,2025-04-02 15:15:00+00:00,2025-04-02 15:25:00+00:00,3121.97,3109.626,12.343999999999596,0.75,True,392489,392490,1,3121.95,0.9062499999999378,1.0012961762800172,1.3423525599481734,-4.566591056383809,1.0,tp1,2025,2025-04,2025-04-02,0.0243033052495147,0.9756966947504851,<=0.03R,9,4,2,0.7192737430167871,21,4,2,1.0,8,4,0.9273743016759788,8,4,0.9273743016759788,True,True,True,True,True,25,7,37,7,True,11,Wednesday,london_ny_overlap,bull,0.804,high,inside,below,1.0933333333333852,0.9714599341383344,0.6387274792111988,0.5276831200647296,True,below_value,hvn,False,True,-1.576474400518525,0.8450704225352113,True,False,0.2144163922429581,True,True,True,True,False,True,True,True,False,True,True,True,True,True,True,True,True,True,True,True,True,True,False,False,True,False,True,False,False,True,False,False,False,False,True,False,False,False,True,True,True,True,False
19629,15min,m15_2c_1atr,supply,3131.34,3128.79,2025-04-02 13:45:00+00:00,2025-04-02 12:45:00+00:00,2025-04-02 13:00:00+00:00,2025-04-02 13:30:00+00:00,3,2.925909159499041,0.5387052965143059,0.7999999999999287,2025-04-02 16:30:00+00:00,2025-04-02 16:50:00+00:00,3119.72,3132.101285714286,12.38128571428615,2.75,True,392506,392507,3,3119.73,0.8563772775991259,0.2503778744418258,1.1800066921274883,-1.1363924817408495,-1.0,stop,2025,2025-04,2025-04-02,0.0242301168814677,-1.0242301168814678,<=0.03R,11,4,2,1.0,13,4,2,1.0,9,4,1.0,9,4,1.0,True,True,True,True,True,29,7,31,7,False,12,Wednesday,ny_main,bull,0.94,high,below,below,0.8997872578659073,0.5081081081081418,-0.2864633464509081,-0.2386754110955355,True,value_high_half,hvn,True,True,0.065825150861325,0.7647058823529411,True,True,0.2462089881444801,True,True,True,False,True,True,True,True,False,False,False,True,True,True,True,True,True,True,True,True,True,False,True,False,False,False,True,False,True,False,False,True,True,False,True,True,False,True,True,True,True,True,False
19659,15min,m15_2c_1atr,supply,3136.59,3109.16,2025-04-04 14:45:00+00:00,2025-04-04 14:00:00+00:00,2025-04-04 14:15:00+00:00,2025-04-04 14:30:00+00:00,2,2.319344524380487,2.5580868638422887,0.8724024790375515,2025-04-04 14:45:00+00:00,2025-04-04 14:55:00+00:00,3107.39,3138.2794285714285,30.889428571428653,0.0,True,393035,393036,1,3107.37,0.525925925925944,4.391470035980864,0.1583065866269653,2.4626548148696115,1.0,tp1,2025,2025-04,2025-04-04,0.009712060529261,0.990287939470739,<=0.03R,9,4,2,0.4232592052497267,49,4,2,0.5067444403937275,15,4,0.9613561793656604,15,4,0.9613561793656604,True,True,True,True,True,39,7,79,7,True,10,Friday,london_ny_overlap,bear,0.954,high,above,above,1.4461828463713515,0.8840579710144911,-0.1152820681291344,0.4508318539804793,True,above_value,mid_volume,True,True,0.4249026481551698,0.5987261146496815,True,True,0.101185552798458,True,True,True,False,True,True,True,True,True,True,True,True,True,False,False,True,True,True,True,True,True,True,False,True,False,False,False,False,False,False,True,True,False,True,True,True,False,True,True,True,True,True,False
19672,15min,m15_2c_1atr,supply,3032.87,3019.82,2025-04-07 16:45:00+00:00,2025-04-07 15:45:00+00:00,2025-04-07 16:00:00+00:00,2025-04-07 16:30:00+00:00,3,2.485176780616359,1.3373837932801158,0.8283524904214691,2025-04-07 17:05:00+00:00,2025-04-07 17:25:00+00:00,3018.1,3034.7704285714285,16.6704285714286,0.3333333333333333,True,393341,393342,3,3018.11,0.7259475218659025,3.6885674376354856,0.2825362275372147,0.61606094624356,1.0,tp1,2025,2025-04,2025-04-07,0.017995938059695,0.982004061940305,<=0.03R,8,3,2,1.0,10,3,2,1.0,0,0,0.0,15,4,0.7448275862069317,True,True,True,False,True,8,3,40,7,True,13,Monday,ny_main,bear,0.894,high,below,below,0.6813034188033951,0.101958346285365,-0.8083305015149365,-1.1338047440786898,True,value_low_half,hvn,True,True,-0.1142742066790483,0.9808917197452228,True,True,0.7027863777089688,True,True,True,False,True,True,True,True,True,False,False,True,True,True,True,False,True,True,True,True,True,True,True,False,False,False,True,True,False,False,False,True,False,False,True,True,False,True,True,True,True,True,False
19683,15min,m15_2c_1atr,demand,2997.4,2990.88,2025-04-08 08:15:00+00:00,2025-04-08 07:30:00+00:00,2025-04-08 07:45:00+00:00,2025-04-08 08:00:00+00:00,2,1.5368631868820417,1.142571035173362,0.0690184049079477,2025-04-08 12:25:00+00:00,2025-04-08 12:35:00+00:00,3001.93,2990.139,11.790999999999713,4.166666666666667,True,393559,393560,1,3001.95,0.8064085447262714,1.7708421677551198,1.1602069374947137,3.4857094394030503,1.0,tp1,2025,2025-04,2025-04-08,0.0254431345941826,0.9745568654058174,<=0.03R,3,3,2,0.3052147239263477,6,4,2,1.0,1,1,0.6487730061349739,4,2,1.0,True,True,True,True,True,5,5,14,7,True,8,Tuesday,london_ny_overlap,bear,0.532,mid,inside,inside,0.741626794258386,0.888513513513501,0.2840436200039689,0.3414091359673321,True,value_low_half,lvn,False,True,-2.8928844033585364,0.0742857142857142,False,False,,True,True,True,True,False,True,True,True,False,True,True,True,True,True,True,True,True,True,True,True,True,False,False,False,True,True,False,True,False,False,False,False,False,False,True,False,True,False,True,True,True,True,False
19687,15min,m15_2c_1atr,demand,3003.25,2994.87,2025-04-08 13:00:00+00:00,2025-04-08 12:15:00+00:00,2025-04-08 12:30:00+00:00,2025-04-08 12:45:00+00:00,2,1.8442711457708407,1.4075584883023515,0.8758949880668317,2025-04-08 15:50:00+00:00,2025-04-08 16:15:00+00:00,3018.49,2993.7729999999997,24.7170000000001,2.8333333333333335,True,393603,393604,4,3018.62,0.8476123595505544,0.1747784925355078,1.0519075939636646,2.537524780515435,-1.0,stop,2025,2025-04,2025-04-08,0.0121373953149653,-1.0121373953149653,<=0.03R,7,3,2,1.0,8,3,2,1.0,1,1,0.7517899761336635,8,4,0.7517899761336635,True,True,True,True,True,9,5,24,7,False,12,Tuesday,ny_main,bear,0.6,mid,above,above,0.6632705043301194,0.0617154811715636,0.3055588359043027,0.6007804793808008,True,value_low_half,mid_volume,False,True,-0.3718088764817744,0.6835443037974683,True,False,0.0702576112412252,True,True,True,True,False,True,True,True,True,False,False,False,True,True,True,True,True,True,True,True,True,False,True,False,False,False,False,True,False,False,False,False,False,False,True,False,False,True,True,True,True,True,True
19702,15min,m15_2c_1atr,demand,3045.55,3041.41,2025-04-09 14:30:00+00:00,2025-04-09 13:45:00+00:00,2025-04-09 14:00:00+00:00,2025-04-09 14:15:00+00:00,2,2.427520381785663,0.5762577053092551,0.089371980676295,2025-04-09 15:40:00+00:00,2025-04-09 16:10:00+00:00,3055.97,3040.002285714286,15.96771428571401,1.1666666666666667,True,393878,393879,5,3055.75,0.7876404494382188,5.581888453486603,0.4546674539696103,5.441605382289377,1.0,tp1,2025,2025-04,2025-04-09,0.0187879113210588,0.9812120886789412,<=0.03R,3,3,2,1.0,3,3,2,1.0,0,0,0.0,0,0,0.0,True,True,True,False,False,3,3,3,3,True,12,Wednesday,ny_main,bull,0.74,high,above,above,0.8948327381386175,0.7268588770864982,0.4087995343672093,0.9200824091805656,True,value_high_half,hvn,False,True,2.268953423873213,0.8325123152709359,False,False,,True,False,True,True,False,True,True,True,True,False,False,False,True,True,True,False,False,True,True,True,True,True,True,False,False,False,True,False,True,False,False,False,True,False,True,True,True,False,True,True,True,True,False
19716,15min,m15_2c_1atr,demand,3113.64,3104.76,2025-04-10 13:00:00+00:00,2025-04-10 11:45:00+00:00,2025-04-10 12:00:00+00:00,2025-04-10 12:45:00+00:00,4,1.7117003367003965,1.308080808080764,0.8130630630630722,2025-04-10 14:05:00+00:00,2025-04-10 14:20:00+00:00,3118.52,3104.068,14.45199999999977,1.0833333333333333,True,394132,394133,2,3118.55,0.5970515970516446,8.246609465817999,0.1591475228342249,6.873789094935076,1.0,tp1,2025,2025-04,2025-04-10,0.0207583725435929,0.9792416274564072,<=0.03R,3,3,2,1.0,7,4,2,1.0,0,0,0.0,7,4,1.0,True,True,True,False,True,3,3,21,7,True,10,Thursday,london_ny_overlap,bull,0.31,low,inside,above,1.2236618521665297,0.980694980694969,0.7098815149029127,0.9545429007093902,True,value_low_half,lvn,True,True,-0.2110434541932072,0.2372881355932203,True,False,0.2144163922429581,True,True,True,True,False,True,True,True,False,False,True,True,True,False,False,False,True,True,True,True,True,True,False,False,True,True,False,True,False,False,False,False,False,False,True,False,False,True,True,True,True,True,False
19742,15min,m15_2c_1atr,supply,3232.44,3228.47,2025-04-14 11:15:00+00:00,2025-04-14 10:15:00+00:00,2025-04-14 10:30:00+00:00,2025-04-14 11:00:00+00:00,3,1.9374267635340765,0.6512772439653524,0.4005037783375424,2025-04-14 11:55:00+00:00,2025-04-14 12:25:00+00:00,3225.46,3233.198142857143,7.738142857142975,0.6666666666666666,True,394661,394662,5,3225.45,0.915057915057997,4.094005575350222,0.9278712131001918,0.1395683718869307,1.0,tp1,2025,2025-04,2025-04-14,0.0387689921908167,0.9612310078091832,0.03-0.05R,4,2,1,1.0,6,2,1,1.0,0,0,0.0,0,0,0.0,True,True,True,False,False,4,3,6,3,True,8,Monday,london_ny_overlap,bull,0.228,low,inside,inside,2.8009295120061606,0.0920245398772995,-0.3123856804428175,-0.5436250018473763,True,value_low_half,hvn,True,True,-0.1027378293056736,0.9047619047619048,False,False,,True,True,True,False,True,False,True,False,False,False,False,False,True,True,True,False,False,True,True,True,True,False,False,False,True,False,True,True,False,False,False,False,True,False,True,False,False,False,True,True,True,True,False
19754,15min,m15_2c_1atr,demand,3213.01,3211.4,2025-04-15 04:30:00+00:00,2025-04-15 03:45:00+00:00,2025-04-15 04:00:00+00:00,2025-04-15 04:15:00+00:00,2,3.4032983508245565,0.4827586206896928,0.031055900620946,2025-04-15 16:50:00+00:00,2025-04-15 17:05:00+00:00,3219.83,3210.5888571428573,9.241142857142677,12.333333333333334,True,394993,394994,2,3219.94,0.9800285306704882,10.78979099678478,0.3159782339846789,9.45770467474667,1.0,tp1,2025,2025-04,2025-04-15,0.0324635171902059,0.967536482809794,0.03-0.05R,1,1,1,1.0,11,4,2,1.0,4,4,1.0,8,4,1.0,True,True,True,True,True,9,5,27,7,True,13,Tuesday,ny_main,bull,0.294,low,below,below,0.8672861567786252,0.8209459459459738,0.2378382888732402,-0.093265375853946,True,value_low_half,hvn,False,True,-1.1410926292357462,0.943661971830986,False,False,,False,True,True,True,False,False,True,False,False,False,True,True,True,True,True,True,True,True,True,True,True,True,False,True,False,False,True,True,False,False,False,False,True,False,True,True,True,False,True,True,True,True,False
19765,15min,m15_2c_1atr,demand,3218.56,3211.69,2025-04-15 17:30:00+00:00,2025-04-15 16:45:00+00:00,2025-04-15 17:00:00+00:00,2025-04-15 17:15:00+00:00,2,1.8483281627024963,1.105136159944838,0.2954876273653242,2025-04-15 18:00:00+00:00,2025-04-15 18:25:00+00:00,3221.59,3211.1164285714285,10.473571428571631,0.5,True,395009,395010,4,3221.7,0.9221902017289866,10.643933710700198,0.2921639500784178,10.554184000545384,1.0,tp1,2025,2025-04,2025-04-15,0.0286435245174924,0.9713564754825076,<=0.03R,4,2,2,0.4104803493450085,17,4,2,1.0,4,4,0.5240174672489034,8,4,1.0,True,True,True,True,True,12,7,33,7,True,14,Tuesday,ny_main,bull,0.416,mid,inside,inside,0.7764505119453711,0.948717948717889,0.1330582156945682,0.0752812061700163,True,value_low_half,mid_volume,False,True,-0.7280229148195999,0.4929577464788732,False,False,,True,True,True,True,False,True,True,True,False,False,False,False,True,True,True,True,True,True,True,True,True,True,False,False,True,False,False,True,False,False,False,False,False,False,True,False,True,False,True,True,True,True,False
19776,15min,m15_2c_1atr,demand,3301.41,3288.9,2025-04-16 12:15:00+00:00,2025-04-16 11:30:00+00:00,2025-04-16 11:45:00+00:00,2025-04-16 12:00:00+00:00,2,1.8252853380158125,1.5376646180860285,0.6123101518784971,2025-04-16 13:05:00+00:00,2025-04-16 13:25:00+00:00,3303.87,3288.3225714285713,15.547428571428554,0.8333333333333334,True,395225,395226,3,3303.93,0.5858208955223152,3.466811231990601,0.6991509850044042,1.4870626286386304,1.0,tp1,2025,2025-04,2025-04-16,0.0192957953543075,0.9807042046456924,<=0.03R,2,1,1,0.496402877697854,2,1,1,0.496402877697854,0,0,0.0,0,0,0.0,True,True,True,False,False,2,2,2,2,True,9,Wednesday,london_ny_overlap,bull,0.65,mid,inside,inside,0.7855711422845821,0.8957055214724383,0.212530101743439,0.880433426795358,True,above_value,hvn,False,False,4.753519185533656,0.819047619047619,False,False,,True,True,True,True,False,True,True,True,True,False,False,True,True,False,False,False,False,True,True,False,False,True,False,False,True,False,True,False,False,False,True,False,False,False,True,False,False,False,True,True,True,True,False
19778,15min,m15_2c_1atr,demand,3300.52,3293.0,2025-04-16 15:00:00+00:00,2025-04-16 14:15:00+00:00,2025-04-16 14:30:00+00:00,2025-04-16 14:45:00+00:00,2,1.521682967337138,0.971396936704202,0.3444148936170415,2025-04-16 16:20:00+00:00,2025-04-16 16:50:00+00:00,3304.96,3291.9864285714284,12.973571428571631,1.3333333333333333,True,395266,395267,5,3304.94,0.8826086956521834,4.070583053460264,1.1762374057149134,-1.2147772944998052,1.0,tp1,2025,2025-04,2025-04-16,0.023123933270935,0.9768760667290648,<=0.03R,5,3,2,1.0,5,3,2,1.0,0,0,0.0,0,0,0.0,True,True,True,False,False,5,3,5,3,True,12,Wednesday,ny_main,bull,0.66,mid,above,above,0.789699570815463,0.7293986636970982,0.6855895109205329,1.0135550364201615,True,value_low_half,hvn,False,True,-0.7700269779221206,0.9285714285714286,False,False,,True,True,True,True,False,True,True,True,False,False,False,False,True,True,True,False,False,True,True,True,True,True,True,False,False,False,True,True,False,False,False,False,True,False,True,False,True,False,True,True,True,True,False
19809,15min,m15_2c_1atr,demand,3407.97,3398.1,2025-04-21 16:00:00+00:00,2025-04-21 15:15:00+00:00,2025-04-21 15:30:00+00:00,2025-04-21 15:45:00+00:00,2,2.692060578246928,1.5853602569986,0.42451874366769,2025-04-21 16:30:00+00:00,2025-04-21 16:40:00+00:00,3414.63,3396.9495714285713,17.68042857142882,0.5,True,395816,395817,1,3414.58,0.7489130434782618,4.830765252943049,0.4835855627287673,0.956424779619089,1.0,tp1,2025,2025-04,2025-04-21,0.0169679144817107,0.9830320855182892,<=0.03R,2,2,2,1.0,2,2,2,1.0,0,0,0.0,0,0,0.0,True,True,True,False,False,2,2,2,2,True,12,Monday,ny_main,bull,0.762,high,above,above,0.6335188395219453,0.7745928338762245,0.7505787970336076,1.809920674975663,True,value_high_half,hvn,False,True,0.4685972382699043,0.7849462365591398,False,False,,True,True,False,True,False,True,True,True,True,True,True,True,True,True,True,False,False,True,True,False,False,True,True,False,False,False,True,False,True,False,False,False,False,False,True,True,False,False,True,True,True,True,False
19825,15min,m15_2c_1atr,supply,3472.71,3466.0,2025-04-22 11:45:00+00:00,2025-04-22 11:00:00+00:00,2025-04-22 11:15:00+00:00,2025-04-22 11:30:00+00:00,2,1.5844074190506157,0.5906318767683161,0.0819672131147807,2025-04-22 13:05:00+00:00,2025-04-22 13:25:00+00:00,3457.36,3473.581857142857,16.22185714285706,1.3333333333333333,True,396053,396054,3,3457.52,0.6684587813619647,10.210298274814464,0.4629556242459345,7.471401019788171,1.0,tp1,2025,2025-04,2025-04-22,0.0184935668806637,0.9815064331193364,<=0.03R,2,2,2,1.0,2,2,2,1.0,0,0,0.0,0,0,0.0,True,True,True,False,False,2,2,2,2,True,9,Tuesday,london_ny_overlap,bull,0.946,high,inside,inside,1.337051237364964,0.2507317073170447,-0.1269474430651018,-0.5565954943367816,True,above_value,hvn,False,True,2.9654434493144333,0.8794642857142857,False,False,,True,True,True,False,True,True,True,True,True,False,False,True,True,True,False,False,False,True,True,False,False,False,False,False,True,False,True,False,False,False,True,False,True,False,True,False,True,False,True,True,True,True,False
19843,15min,m15_2c_1atr,demand,3331.5,3317.31,2025-04-23 13:30:00+00:00,2025-04-23 12:45:00+00:00,2025-04-23 13:00:00+00:00,2025-04-23 13:15:00+00:00,2,1.6624257845631567,1.4041560644614088,0.9725158562367956,2025-04-23 13:30:00+00:00,2025-04-23 13:55:00+00:00,3331.52,3316.2535714285714,15.266428571428603,0.0,True,396335,396336,4,3331.63,0.766666666666633,0.4978243578346441,1.1561315678660025,0.3609226594301356,-1.0,stop,2025,2025-04,2025-04-23,0.019650961493473,-1.019650961493473,<=0.03R,5,3,2,0.1578576462297553,16,4,2,0.7540521494009709,7,4,1.0,12,4,1.0,True,True,True,True,True,19,7,40,7,False,9,Wednesday,london_ny_overlap,bear,0.756,high,inside,inside,1.82617527568195,0.6642958748221821,0.1880016413248256,0.2870056032284663,True,value_high_half,hvn,True,True,0.2066626117063413,0.8584070796460177,True,True,0.1925005970862184,True,True,False,True,False,True,True,True,True,False,False,False,True,True,True,True,True,True,True,True,True,False,False,False,True,False,True,False,True,False,False,True,False,False,True,False,False,True,True,True,True,True,False
19872,15min,m15_2c_1atr,supply,3308.98,3303.71,2025-04-25 13:00:00+00:00,2025-04-25 12:00:00+00:00,2025-04-25 12:15:00+00:00,2025-04-25 12:45:00+00:00,3,1.726541554959795,0.7325985502929174,0.168880455407946,2025-04-25 13:25:00+00:00,2025-04-25 13:50:00+00:00,3300.15,3309.775857142857,9.625857142857058,0.4166666666666667,True,396886,396887,4,3300.18,0.8970976253298479,3.622534542378436,1.285080363900803,0.7968121577299385,1.0,tp1,2025,2025-04,2025-04-25,0.0311660557130351,0.9688339442869648,0.03-0.05R,1,1,1,1.0,1,1,1,1.0,0,0,0.0,0,0,0.0,True,True,True,False,False,1,1,1,1,True,9,Friday,london_ny_overlap,bear,0.282,low,inside,inside,1.895112979506048,0.0408858603066075,-0.4019011407254922,-1.0282344368998586,True,below_value,mid_volume,False,False,-1.8081506656178936,0.2883435582822086,False,False,,True,True,True,False,True,False,True,False,False,False,False,False,True,True,True,False,False,True,True,False,False,True,False,False,True,False,False,False,False,True,False,False,True,False,True,False,True,False,True,True,True,True,False
19929,15min,m15_2c_1atr,demand,3215.02,3203.5,2025-05-01 15:30:00+00:00,2025-05-01 14:45:00+00:00,2025-05-01 15:00:00+00:00,2025-05-01 15:15:00+00:00,2,1.8005076619347515,1.5162169784713857,0.7760416666666726,2025-05-01 17:00:00+00:00,2025-05-01 17:15:00+00:00,3224.6,3202.053142857143,22.54685714285688,1.5,True,398031,398032,2,3224.67,0.3097595473833103,1.9825379527080464,0.8706313201713408,1.4210406265048177,1.0,tp1,2025,2025-05,2025-05-01,0.013305623843678,0.986694376156322,<=0.03R,4,4,2,1.0,4,4,2,1.0,0,0,0.0,9,4,1.0,True,True,True,False,True,4,3,22,7,True,13,Thursday,ny_main,bear,0.932,high,above,above,0.6983372921615045,0.8309317963496479,-0.1158738729281906,-0.118633909696689,True,below_value,lvn,False,False,-4.456940466837359,0.1990950226244343,False,False,,True,True,True,True,False,True,True,True,True,False,True,True,False,False,False,False,True,True,True,True,True,False,True,False,False,True,False,False,False,True,False,False,False,False,True,False,False,True,True,True,False,True,True
19969,15min,m15_2c_1atr,supply,3383.82,3378.29,2025-05-06 14:45:00+00:00,2025-05-06 13:45:00+00:00,2025-05-06 14:00:00+00:00,2025-05-06 14:30:00+00:00,3,1.7563141826255728,1.0743824590619258,0.7757685352621715,2025-05-06 14:50:00+00:00,2025-05-06 15:05:00+00:00,3375.3,3384.4795714285715,9.179571428571307,0.0833333333333333,True,398833,398834,2,3375.33,0.6661016949152933,0.2309476010396161,1.4761037707953897,-1.7571626437586425,-1.0,stop,2025,2025-05,2025-05-06,0.0326812642980535,-1.0326812642980536,0.03-0.05R,4,2,1,1.0,4,2,1,1.0,0,0,0.0,1,1,1.0,True,True,True,False,True,4,3,6,5,False,11,Tuesday,london_ny_overlap,bull,0.224,low,below,below,1.0764833968426952,0.6762711864406306,-0.215523402549847,0.2554643643411912,True,value_high_half,mid_volume,True,True,0.2511010473567432,0.7267080745341615,False,False,,True,True,True,False,True,False,True,False,False,False,True,True,True,True,False,False,True,True,True,True,True,False,True,False,False,False,False,False,True,False,False,False,False,False,True,False,False,True,True,True,True,True,False
20008,15min,m15_2c_1atr,demand,3326.68,3322.78,2025-05-09 14:30:00+00:00,2025-05-09 13:45:00+00:00,2025-05-09 14:00:00+00:00,2025-05-09 14:15:00+00:00,2,2.042065009560265,0.7456978967494452,0.3871794871794626,2025-05-09 14:30:00+00:00,2025-05-09 14:40:00+00:00,3331.63,3321.931142857143,9.698857142856925,0.0,True,399656,399657,1,3331.62,0.7735849056604286,0.9145407411771732,1.1032227655688978,-10.317710481352988,-1.0,stop,2025,2025-05,2025-05-09,0.0309314794084729,-1.030931479408473,0.03-0.05R,2,1,1,0.5333333333333644,6,4,2,0.7333333333333177,0,0,0.0,5,3,1.0,True,True,True,False,True,2,2,16,7,False,10,Friday,london_ny_overlap,bear,0.226,low,above,above,1.4273278818253676,0.759734093067412,0.6542869305321383,1.2279682641942724,True,value_low_half,hvn,True,True,-0.1567194956695945,0.8548387096774194,False,False,,False,True,True,True,False,False,True,False,False,True,True,True,True,True,True,False,True,True,True,False,True,False,True,False,False,False,True,True,False,False,False,False,True,False,True,True,False,False,True,True,True,True,False
20128,15min,m15_2c_1atr,supply,3315.09,3304.29,2025-05-22 17:00:00+00:00,2025-05-22 16:00:00+00:00,2025-05-22 16:15:00+00:00,2025-05-22 16:45:00+00:00,3,2.6660127513486924,1.059342815105465,0.9796296296296064,2025-05-22 17:45:00+00:00,2025-05-22 18:00:00+00:00,3297.02,3316.306428571429,19.286428571428587,0.75,True,402180,402181,2,3297.04,0.652173913043464,0.8067849338913339,1.096626050887008,-3.234398725973115,-1.0,stop,2025,2025-05,2025-05-22,0.0155549794452057,-1.0155549794452057,<=0.03R,4,3,2,1.0,7,3,2,1.0,1,1,0.975000000000002,11,4,0.975000000000002,True,True,True,True,True,6,5,29,7,False,14,Thursday,ny_main,bull,0.992,high,below,below,0.8011751932043223,0.4777585210860778,-0.7065505395192253,-1.1509540951342652,True,value_low_half,mid_volume,True,True,-0.184585756083105,0.704,True,False,0.2045880149812777,True,True,True,False,True,True,True,True,True,False,True,True,True,True,False,True,True,True,True,True,True,False,True,False,False,False,False,True,False,False,False,False,False,False,True,True,False,True,True,True,True,True,True
20153,15min,m15_2c_1atr,demand,3334.34,3326.67,2025-05-26 16:00:00+00:00,2025-05-26 15:15:00+00:00,2025-05-26 15:30:00+00:00,2025-05-26 15:45:00+00:00,2,2.121549155908674,2.132671300893768,0.951760104302492,2025-05-26 16:00:00+00:00,2025-05-26 16:05:00+00:00,3334.54,3326.1672857142858,8.37271428571421,0.0,True,402709,402710,0,3334.59,0.0193798449613113,1.854834581719572,1.1597194970055942,-4.489583511064912,1.0,tp1,2025,2025-05,2025-05-26,0.0358306744697916,0.9641693255302084,0.03-0.05R,1,1,1,1.0,10,4,2,1.0,2,2,0.6870925684484918,5,2,0.7196870925684393,True,True,True,True,True,5,5,20,7,True,12,Monday,ny_main,bull,0.072,low,above,above,1.3447871925029538,0.5248618784530378,0.4220624870528383,0.2478807692681927,True,value_low_half,mid_volume,True,True,-0.3875684621815667,0.3333333333333333,False,False,,True,True,True,True,False,False,True,False,False,True,True,True,False,False,False,True,True,True,True,True,True,True,True,False,False,False,False,True,False,False,False,False,False,True,True,True,False,True,True,True,True,True,False
20221,15min,m15_2c_1atr,demand,3350.59,3345.05,2025-06-02 14:30:00+00:00,2025-06-02 13:30:00+00:00,2025-06-02 13:45:00+00:00,2025-06-02 14:15:00+00:00,3,1.8062392224486905,1.215864555572984,0.7220216606498242,2025-06-02 16:30:00+00:00,2025-06-02 16:35:00+00:00,3356.29,3344.321142857143,11.968857142856905,2.0,True,404065,404066,0,3356.34,0.0750750750750767,3.0002864577117276,1.1997803824210795,-0.7085054068893236,1.0,tp1,2025,2025-06,2025-06-02,0.0250650497720279,0.974934950227972,<=0.03R,4,3,2,1.0,4,3,2,1.0,0,0,0.0,3,2,1.0,True,True,True,False,True,4,3,10,7,True,12,Monday,ny_main,bull,0.78,high,above,above,0.8321068719574416,0.9896844660194132,1.2874634522515924,2.111996817635434,True,value_low_half,hvn,False,True,-0.6625528156405905,0.8625954198473282,False,False,,True,True,True,True,False,True,True,True,False,True,True,True,False,False,False,False,True,True,True,True,True,True,True,False,False,False,True,True,False,False,False,False,False,False,True,False,False,True,True,True,True,True,False
20233,15min,m15_2c_1atr,demand,3359.98,3350.21,2025-06-03 15:45:00+00:00,2025-06-03 15:00:00+00:00,2025-06-03 15:15:00+00:00,2025-06-03 15:30:00+00:00,2,1.757758074730848,2.1656111462951713,0.6192425793244825,2025-06-03 15:45:00+00:00,2025-06-03 15:50:00+00:00,3360.29,3349.5085714285715,10.781428571428478,0.0,True,404332,404333,0,3360.18,0.3439153439153738,0.2615608851199326,1.040678415264334,-0.621438982377092,-1.0,stop,2025,2025-06,2025-06-03,0.0278256260765869,-1.027825626076587,<=0.03R,7,4,2,0.7584442169907747,11,4,2,0.7584442169907747,2,2,0.6120777891504636,5,2,1.0,True,True,True,True,True,11,7,21,7,False,11,Tuesday,london_ny_overlap,bull,0.312,low,above,above,0.6590003066544515,0.3288718929253908,0.318042754935297,0.1904214185554391,True,below_value,mid_volume,False,True,-1.6839141380680975,0.5833333333333334,False,False,,True,True,True,True,False,True,True,True,False,True,True,True,False,False,False,True,True,True,True,True,True,True,True,False,False,False,False,False,False,True,False,False,False,True,True,False,False,False,True,True,True,True,False
20275,15min,m15_2c_1atr,supply,3364.39,3360.12,2025-06-06 15:15:00+00:00,2025-06-06 14:30:00+00:00,2025-06-06 14:45:00+00:00,2025-06-06 15:00:00+00:00,2,1.5800256081946389,1.0934699103713128,0.4145199063231825,2025-06-06 15:30:00+00:00,2025-06-06 15:35:00+00:00,3356.98,3365.2504285714285,8.27042857142851,0.25,True,405157,405158,0,3356.99,0.1174450549450578,7.661029830894998,0.4872782547113055,5.328623495068547,1.0,tp1,2025,2025-06,2025-06-06,0.0362738154871921,0.963726184512808,0.03-0.05R,3,2,1,0.6018735362997002,16,4,2,1.0,6,4,1.0,13,4,1.0,True,True,True,True,True,15,7,42,7,True,11,Friday,london_ny_overlap,bear,0.592,mid,below,below,0.8633849557522228,0.4655339805825333,-0.904285958583679,-1.220715854938796,True,value_low_half,hvn,True,True,-0.1807645138444943,0.9304347826086956,True,True,0.1854467301197413,True,True,True,False,True,False,True,False,False,True,True,True,False,False,False,True,True,True,True,True,True,True,True,False,False,False,True,True,False,False,False,True,False,False,True,False,False,False,True,True,True,True,False
20303,15min,m15_2c_1atr,demand,3335.99,3329.31,2025-06-10 15:45:00+00:00,2025-06-10 15:00:00+00:00,2025-06-10 15:15:00+00:00,2025-06-10 15:30:00+00:00,2,2.052096177558599,1.4414303329222704,0.6676646706587045,2025-06-10 16:00:00+00:00,2025-06-10 16:05:00+00:00,3338.96,3328.707857142857,10.2521428571431,0.25,True,405715,405716,0,3338.98,0.5191740412979493,0.9988155786246328,1.0836758865742222,-0.6213335191248963,-1.0,stop,2025,2025-06,2025-06-10,0.0292621751550191,-1.029262175155019,<=0.03R,5,4,2,0.4326347305389137,6,4,2,0.4326347305389137,0,0,0.0,2,2,0.3937125748503254,True,True,True,False,True,5,3,10,7,False,12,Tuesday,ny_main,bear,0.57,mid,above,above,1.4482048263684828,0.73913043478257,0.495651994831039,1.1778749019227253,True,value_high_half,mid_volume,False,True,0.3316379850901816,0.2962962962962963,False,False,,True,True,True,True,False,True,True,True,False,True,True,True,True,False,False,False,True,True,True,True,True,False,True,False,False,False,False,False,True,False,False,False,False,False,True,True,False,True,True,True,True,True,False
20333,15min,m15_2c_1atr,demand,3383.45,3373.23,2025-06-12 15:45:00+00:00,2025-06-12 14:30:00+00:00,2025-06-12 14:45:00+00:00,2025-06-12 15:30:00+00:00,4,1.7262510602204717,1.5169635284138776,0.4148727984344735,2025-06-12 16:10:00+00:00,2025-06-12 16:35:00+00:00,3387.97,3372.1718571428573,15.798142857142466,0.4166666666666667,True,406273,406274,4,3387.8,0.6480519480519941,3.726387369220728,0.6380496803421852,3.088970674672518,1.0,tp1,2025,2025-06,2025-06-12,0.018989573819708,0.981010426180292,<=0.03R,3,2,1,1.0,3,2,1,1.0,4,4,0.2015655577299399,7,4,0.6056751467710544,True,True,True,True,True,11,7,17,7,True,12,Thursday,ny_main,bull,0.928,high,above,above,2.1182376871808173,0.979524073049234,1.4736435485266477,2.279608228989902,True,value_high_half,mid_volume,True,True,0.2272419000425153,0.5067567567567568,True,True,0.7696057651547281,True,True,True,True,False,True,True,True,True,False,False,False,True,True,False,True,True,True,True,True,True,True,True,False,False,False,False,False,True,False,False,True,False,False,True,False,False,False,True,True,True,True,False
20360,15min,m15_2c_1atr,supply,3416.64,3405.67,2025-06-16 17:00:00+00:00,2025-06-16 16:15:00+00:00,2025-06-16 16:30:00+00:00,2025-06-16 16:45:00+00:00,2,3.8649813272048834,1.4706501963037195,0.137648131267073,2025-06-16 18:55:00+00:00,2025-06-16 19:05:00+00:00,3403.38,3417.181428571429,13.80142857142846,1.9166666666666667,True,406855,406856,1,3403.19,0.4668989547038272,2.690301211054786,0.0507193872269823,1.3839147086223005,1.0,tp1,2025,2025-06,2025-06-16,0.0217368802401409,0.978263119759859,<=0.03R,2,1,1,0.3263445761166811,2,1,1,0.3263445761166811,0,0,0.0,0,0,0.0,True,True,True,False,False,2,2,2,2,True,15,Monday,ny_main,bull,0.938,high,below,below,0.6177705423699258,0.1946050096338637,-0.1500487109818663,-0.5737965573550529,True,value_low_half,mid_volume,True,True,-0.2242521478108059,0.5190839694656488,False,False,,True,True,True,False,True,True,True,True,False,True,True,True,True,False,False,False,False,True,True,False,False,False,True,False,False,False,False,True,False,False,False,False,False,False,True,True,True,False,True,True,True,True,False
20406,15min,m15_2c_1atr,demand,3345.26,3340.4,2025-06-20 10:15:00+00:00,2025-06-20 09:30:00+00:00,2025-06-20 09:45:00+00:00,2025-06-20 10:00:00+00:00,2,2.505629477993895,0.9948822927328768,0.670781893004049,2025-06-20 15:30:00+00:00,2025-06-20 16:05:00+00:00,3346.77,3339.700714285714,7.069285714285797,5.25,True,407893,407894,6,3346.78,0.5776566757494015,7.06719207840752,0.0608265130847492,3.7146610083863663,1.0,tp1,2025,2025-06,2025-06-20,0.0424371021521668,0.9575628978478332,0.03-0.05R,3,3,2,0.6358024691358157,3,3,2,0.6358024691358157,0,0,0.0,6,4,1.0,True,True,True,False,True,3,3,15,7,True,12,Friday,ny_main,bear,0.282,low,below,below,0.6814862891448907,0.9310344827585944,0.6950009174292103,0.3574322665268092,True,value_low_half,lvn,False,True,-0.6959684752955462,0.1739130434782608,True,True,0.774480712166174,True,False,True,True,False,False,True,False,False,False,False,False,True,False,False,False,True,True,True,True,True,False,False,True,False,True,False,True,False,False,False,True,True,False,True,True,False,True,True,True,True,True,False
20427,15min,m15_2c_1atr,supply,3390.43,3383.41,2025-06-23 20:30:00+00:00,2025-06-23 19:45:00+00:00,2025-06-23 20:00:00+00:00,2025-06-23 20:15:00+00:00,2,1.5939393939393975,1.063636363636365,0.4928774928774993,2025-06-23 20:30:00+00:00,2025-06-23 20:35:00+00:00,3382.84,3391.320428571428,8.480428571428092,0.0,True,408223,408224,0,3382.89,0.6909448818896653,10.30018698515973,0.5895928440274578,7.720128699695563,1.0,tp1,2025,2025-06,2025-06-23,0.0353755706416474,0.9646244293583526,0.03-0.05R,3,2,1,0.4729344729344327,26,4,2,0.858974358974325,0,0,0.0,15,4,1.0,True,True,True,False,True,3,3,56,7,True,16,Monday,ny_main,bull,0.804,high,above,above,0.7123745819397616,0.5672609400324082,-0.4640509110561551,0.0095945083791493,True,above_value,hvn,False,False,2.791132523625994,0.8695652173913043,True,False,0.29580879806027,True,True,True,False,True,False,True,False,False,True,True,True,True,True,False,False,True,True,True,True,True,False,False,True,False,False,True,False,False,False,True,False,False,False,True,False,False,False,True,True,True,True,False
20486,15min,m15_2c_1atr,demand,3264.11,3256.47,2025-06-27 17:00:00+00:00,2025-06-27 16:15:00+00:00,2025-06-27 16:30:00+00:00,2025-06-27 16:45:00+00:00,2,2.316701984203444,1.0302446542092416,0.7238219895287314,2025-06-27 17:45:00+00:00,2025-06-27 18:00:00+00:00,3272.57,3255.457571428571,17.112428571429064,0.75,True,409296,409297,2,3272.53,0.8622620380739545,0.6030704500488023,1.0618013640878965,0.9928456343342352,-1.0,stop,2025,2025-06,2025-06-27,0.0175311177339773,-1.0175311177339772,<=0.03R,1,1,1,1.0,1,1,1,1.0,0,0,0.0,0,0,0.0,True,True,True,False,False,1,1,1,1,False,14,Friday,ny_main,bear,0.996,high,below,below,0.9632974792675902,0.3107769423559305,0.1556724064959646,-0.2468320339380867,True,below_value,lvn,False,False,-1.5754631136934294,0.1055900621118012,False,False,,True,False,True,True,False,True,True,True,True,False,True,True,True,True,True,False,False,True,True,False,False,False,False,True,False,True,False,False,False,True,False,False,False,False,True,True,False,True,True,True,True,True,True
20530,15min,m15_2c_1atr,demand,3343.14,3338.07,2025-07-02 15:45:00+00:00,2025-07-02 15:00:00+00:00,2025-07-02 15:15:00+00:00,2025-07-02 15:30:00+00:00,2,2.3534274888047584,1.2225284188769645,0.8086785009862217,2025-07-02 16:00:00+00:00,2025-07-02 16:30:00+00:00,3344.98,3337.361142857143,7.618857142856996,0.25,True,410106,410107,5,3345.04,0.7881355932202355,0.0800645016125585,1.1537163429085902,-2.0436135903398194,-1.0,stop,2025,2025-07,2025-07-02,0.0393759843996107,-1.0393759843996109,0.03-0.05R,4,3,2,0.538461538461573,10,4,2,0.8757396449704752,2,1,0.9723865877712268,7,4,0.9723865877712268,True,True,True,True,True,8,7,24,7,False,12,Wednesday,ny_main,bull,0.688,high,inside,inside,0.8509719222462359,0.7294685990337711,-0.1298100704933202,0.2671290130678704,True,value_high_half,hvn,True,True,0.3091014775369468,0.9433962264150944,True,True,0.439926062846572,True,True,True,True,False,False,True,False,False,False,False,False,True,True,True,True,True,True,True,True,True,True,False,False,True,False,True,False,True,False,False,True,False,False,True,True,False,True,True,True,False,True,True
20593,15min,m15_2c_1atr,demand,3326.16,3320.02,2025-07-08 15:15:00+00:00,2025-07-08 14:30:00+00:00,2025-07-08 14:45:00+00:00,2025-07-08 15:00:00+00:00,2,2.1877474081055626,1.62035815268612,0.6237785016286655,2025-07-08 15:20:00+00:00,2025-07-08 15:30:00+00:00,3327.3,3319.476,7.824000000000069,0.0833333333333333,True,411150,411151,1,3327.31,0.5524861878453206,0.3310327198363583,1.0557259713701617,-3.700153374233131,-1.0,stop,2025,2025-07,2025-07-08,0.0383435582822082,-1.0383435582822085,0.03-0.05R,2,2,1,0.2508143322475563,10,4,2,1.0,0,0,0.0,16,4,1.0,True,True,True,False,True,2,2,42,7,False,11,Tuesday,london_ny_overlap,bull,0.65,mid,above,above,1.106881405563627,0.0110497237568963,0.1009828672684885,-0.0724654985538549,True,value_low_half,mid_volume,False,True,-1.4263803680981284,0.4418604651162791,True,True,0.4043494286767394,True,True,True,True,False,False,True,False,False,True,True,True,True,False,False,False,True,True,True,False,True,True,True,False,False,False,False,True,False,False,False,True,False,False,True,True,False,False,True,True,True,True,True
20639,15min,m15_2c_1atr,demand,3350.34,3344.77,2025-07-11 15:45:00+00:00,2025-07-11 15:00:00+00:00,2025-07-11 15:15:00+00:00,2025-07-11 15:30:00+00:00,2,1.6931614166802471,1.2727272727273198,0.4883303411130557,2025-07-11 16:25:00+00:00,2025-07-11 16:35:00+00:00,3356.99,3343.922857142857,13.0671428571427,0.6666666666666666,True,411991,411992,1,3357.01,0.5296735905044925,1.379796654640898,1.0032797638569897,-0.9925658685907915,1.0,tp1,2025,2025-07,2025-07-11,0.0229583469990163,0.9770416530009836,<=0.03R,1,1,1,1.0,1,1,1,1.0,0,0,0.0,15,4,1.0,True,True,True,False,True,1,1,31,5,True,12,Friday,ny_main,bull,0.902,high,above,above,1.2493290391841367,0.315116279069775,0.3132921505080222,1.16845301682935,True,value_high_half,mid_volume,False,True,1.0564666010714243,0.3368421052631579,True,True,0.3048713738369003,True,True,True,True,False,True,True,True,False,True,True,True,True,False,False,False,True,True,True,False,True,True,True,False,False,False,False,False,True,False,False,True,False,False,True,False,False,False,True,True,True,True,False
20684,15min,m15_2c_1atr,supply,3340.21,3336.26,2025-07-16 15:30:00+00:00,2025-07-16 14:45:00+00:00,2025-07-16 15:00:00+00:00,2025-07-16 15:15:00+00:00,2,1.646277856804227,1.3110478899952314,0.2784810126583327,2025-07-16 15:30:00+00:00,2025-07-16 15:40:00+00:00,3334.78,3340.789,6.0090000000000146,0.0,True,412808,412809,1,3334.93,0.6805111821086374,2.507904809452509,1.3080379430853142,3.1769013146946414,1.0,tp1,2025,2025-07,2025-07-16,0.0499251123315026,0.9500748876684972,0.03-0.05R,4,2,2,0.5189873417722218,7,2,2,1.0,1,1,0.6050632911392362,8,4,0.982278481012616,True,True,True,True,True,6,5,23,7,True,11,Wednesday,london_ny_overlap,bear,0.422,mid,below,below,1.0540599693587582,0.3095975232198125,-0.7495270831017151,-1.0176034359328017,True,value_high_half,hvn,False,True,1.4952571143285247,0.8823529411764706,True,True,0.1822962313759795,True,True,True,False,True,False,True,False,False,True,True,True,True,True,False,True,True,True,True,True,True,True,True,False,False,False,True,False,True,False,False,True,False,False,True,False,True,False,True,True,True,True,False
20911,15min,m15_2c_1atr,demand,3380.5,3375.36,2025-08-07 15:45:00+00:00,2025-08-07 15:00:00+00:00,2025-08-07 15:15:00+00:00,2025-08-07 15:30:00+00:00,2,1.6536190083779745,0.9883257794258916,0.3696498054474976,2025-08-07 15:45:00+00:00,2025-08-07 16:05:00+00:00,3383.78,3374.6414285714286,9.138571428571597,0.0,True,417229,417230,3,3383.84,0.7006960556844594,2.7531655463497855,0.9224636548382203,0.6401438174143914,1.0,tp1,2025,2025-08,2025-08-07,0.0328278880725334,0.9671721119274664,0.03-0.05R,5,4,2,0.8735408560311075,16,4,2,1.0,2,2,1.0,2,2,1.0,True,True,True,True,True,9,7,20,7,True,12,Thursday,ny_main,bull,0.91,high,above,above,0.8084587230582052,0.8671726755218557,0.6523834882077357,0.8414185218464415,True,value_low_half,hvn,True,True,-0.0350164139440037,0.9375,False,False,,True,True,True,True,False,False,True,False,False,False,False,True,True,True,True,True,True,True,True,True,True,True,True,False,False,False,True,True,False,False,False,False,True,False,True,False,False,False,True,True,True,True,False
20930,15min,m15_2c_1atr,demand,3388.59,3383.89,2025-08-08 15:30:00+00:00,2025-08-08 14:45:00+00:00,2025-08-08 15:00:00+00:00,2025-08-08 15:15:00+00:00,2,1.579818255798117,0.8924454089245002,0.2106382978723785,2025-08-08 15:45:00+00:00,2025-08-08 15:50:00+00:00,3396.55,3383.073571428571,13.476428571429096,0.25,True,417502,417503,0,3396.53,0.2174672489082727,0.3821487252874972,1.141993957703907,-2.6401653681029624,-1.0,stop,2025,2025-08,2025-08-08,0.022261090793448,-1.022261090793448,<=0.03R,15,4,2,1.0,15,4,2,1.0,1,1,1.0,5,4,1.0,True,True,True,True,True,17,5,25,7,False,11,Friday,london_ny_overlap,bull,0.914,high,inside,below,1.8831184194960795,0.3074235807860173,0.0150455594555197,-0.0880190313624636,True,below_value,hvn,False,True,-1.0395929400540385,0.8245614035087719,True,True,0.1924560651521558,True,True,True,True,False,True,True,True,False,True,True,True,False,False,False,True,True,True,True,True,True,True,False,False,True,False,True,False,False,True,False,True,True,False,True,False,True,False,True,True,True,True,False
20939,15min,m15_2c_1atr,supply,3365.88,3358.95,2025-08-11 12:15:00+00:00,2025-08-11 11:15:00+00:00,2025-08-11 11:30:00+00:00,2025-08-11 12:00:00+00:00,3,1.7305555555555845,1.3475000000000652,0.8600288600287636,2025-08-11 12:20:00+00:00,2025-08-11 12:45:00+00:00,3358.8,3366.445857142857,7.645857142857039,0.0833333333333333,True,417741,417742,4,3358.8,0.3333333333332668,2.292744903869566,0.6709515890958327,1.768277872237087,1.0,tp1,2025,2025-08,2025-08-11,0.0392369350348466,0.9607630649651532,0.03-0.05R,2,2,1,1.0,6,2,1,1.0,0,0,0.0,9,4,0.8802308802308302,True,True,True,False,True,2,2,24,7,True,8,Monday,london_ny_overlap,bear,0.83,high,inside,inside,1.929923273657248,0.042789223454831,-1.1432681822319275,-2.0544558557981185,True,value_low_half,hvn,False,True,-1.9402664374731724,0.8762886597938144,True,False,0.2663316582914652,True,True,False,False,True,False,True,False,False,False,False,False,False,False,False,False,True,True,True,False,True,True,False,False,True,False,True,True,False,False,False,False,False,False,True,False,False,True,True,True,True,True,True
20957,15min,m15_2c_1atr,demand,3348.12,3343.86,2025-08-12 10:45:00+00:00,2025-08-12 10:00:00+00:00,2025-08-12 10:15:00+00:00,2025-08-12 10:30:00+00:00,2,2.296008697002617,0.9262307811771454,0.1150234741783589,2025-08-12 11:35:00+00:00,2025-08-12 12:05:00+00:00,3349.61,3343.373142857143,6.236857142856934,0.8333333333333334,True,418009,418010,5,3349.64,0.5670103092784101,0.3623619955105335,1.223372577763584,2.292821476018174,-1.0,stop,2025,2025-08,2025-08-12,0.048101149846536,-1.048101149846536,0.03-0.05R,9,4,2,1.0,9,4,2,1.0,1,1,1.0,10,4,1.0,True,True,True,True,True,11,5,29,7,False,8,Tuesday,london_ny_overlap,bear,0.784,high,above,above,1.1755312298776517,0.8396793587174826,0.1752291894463466,0.1041851376887743,True,below_value,mid_volume,False,True,-1.4045535755188874,0.3777777777777777,True,True,0.1200774693350647,True,True,True,True,False,False,True,False,False,False,False,False,True,False,False,True,True,True,True,True,True,False,True,False,False,False,False,False,False,True,False,True,True,False,True,True,True,False,True,True,True,True,False
20963,15min,m15_2c_1atr,demand,3344.74,3338.56,2025-08-12 16:00:00+00:00,2025-08-12 15:15:00+00:00,2025-08-12 15:30:00+00:00,2025-08-12 15:45:00+00:00,2,1.7397399949018904,1.102727504460861,0.7103559870550143,2025-08-12 16:10:00+00:00,2025-08-12 16:30:00+00:00,3347.64,3337.2921428571426,10.347857142857263,0.1666666666666666,True,418062,418063,3,3347.65,0.121718377088356,0.8349554773245196,1.1422654793952782,1.8168012701042275,-1.0,stop,2025,2025-08,2025-08-12,0.0289915096293225,-1.0289915096293225,<=0.03R,8,4,2,0.7313915857605342,8,4,2,0.7313915857605342,1,1,0.4061488673138883,8,2,0.4061488673138883,True,True,True,True,True,10,5,24,7,False,12,Tuesday,ny_main,bear,0.956,high,above,above,0.8992217515515749,0.9730596536241136,0.959140309897863,1.0451579622605272,True,below_value,mid_volume,False,True,-0.8794091254228178,0.3529411764705882,True,False,0.3419098601277885,True,True,True,True,False,True,True,True,False,False,False,True,False,False,False,True,True,True,True,True,True,False,True,False,False,False,False,False,False,True,False,False,False,False,True,False,False,True,True,True,True,True,True
21059,15min,m15_2c_1atr,demand,3342.25,3336.43,2025-08-21 16:30:00+00:00,2025-08-21 15:15:00+00:00,2025-08-21 15:30:00+00:00,2025-08-21 16:15:00+00:00,4,1.5059682628844575,1.1442213172307358,0.6666666666666666,2025-08-21 16:45:00+00:00,2025-08-21 17:10:00+00:00,3342.85,3335.776571428571,7.073428571428849,0.25,True,420002,420003,4,3342.83,0.7644341801385683,0.7506967726299261,1.0914084905278605,4.77420527527549,-1.0,stop,2025,2025-08,2025-08-21,0.0424122470412391,-1.0424122470412391,0.03-0.05R,9,4,2,1.0,30,4,2,1.0,3,2,0.8986254295532424,12,4,1.0,True,True,True,True,True,15,7,54,7,False,13,Thursday,ny_main,bull,0.954,high,above,above,0.5669666490206259,0.9244031830238506,0.5672774934270748,0.9511399411996724,True,value_low_half,hvn,True,True,-0.1286504826917383,0.9433962264150944,False,False,,True,True,True,True,False,False,True,False,False,False,False,False,True,True,True,True,True,True,True,True,True,True,True,False,False,False,True,True,False,False,False,False,False,False,True,False,False,True,True,True,True,True,False
21113,15min,m15_2c_1atr,demand,3376.04,3373.84,2025-08-27 15:30:00+00:00,2025-08-27 14:30:00+00:00,2025-08-27 14:45:00+00:00,2025-08-27 15:15:00+00:00,3,2.251748251748213,0.7427055702916949,0.177272727272684,2025-08-27 16:45:00+00:00,2025-08-27 17:15:00+00:00,3379.65,3373.3278571428573,6.322142857142808,1.25,True,421107,421108,5,3379.58,0.7806451612902544,5.36052423454979,0.0980680149135525,4.680375098858874,1.0,tp1,2025,2025-08,2025-08-27,0.0474522652807596,0.9525477347192404,0.03-0.05R,14,4,2,1.0,18,4,2,1.0,1,1,1.0,3,2,1.0,True,True,True,True,True,16,5,24,7,True,13,Wednesday,ny_main,bull,0.768,high,above,above,0.8356500408830785,0.9004329004328903,0.8196675748303086,0.985994734392491,True,value_low_half,mid_volume,True,True,-0.0490340074567762,0.5,False,False,,True,False,True,True,False,False,True,False,False,False,False,False,True,True,True,True,True,True,True,True,True,True,True,False,False,False,False,True,False,False,False,False,True,False,True,True,True,False,True,True,True,True,True
21131,15min,m15_2c_1atr,demand,3402.99,3396.87,2025-08-28 16:30:00+00:00,2025-08-28 15:45:00+00:00,2025-08-28 16:00:00+00:00,2025-08-28 16:15:00+00:00,2,1.7291019139538033,1.401603140847347,0.8823529411765012,2025-08-28 16:35:00+00:00,2025-08-28 16:40:00+00:00,3404.85,3396.150714285714,8.699285714285907,0.0833333333333333,True,421376,421377,0,3404.83,0.3353293413174087,4.061252976434749,0.0597750225798471,3.6014451104359084,1.0,tp1,2025,2025-08,2025-08-28,0.034485589949913,0.965514410050087,0.03-0.05R,10,4,2,0.3970588235294664,10,4,2,0.3970588235294664,0,0,0.0,1,1,0.4379084967320815,True,True,True,False,True,10,3,12,5,True,12,Thursday,ny_main,bull,0.902,high,above,above,1.228548256285551,0.6930860033726688,0.7158960035773171,1.165231033361537,True,value_high_half,mid_volume,False,True,0.5379752032186244,0.7424242424242424,False,False,,True,True,True,True,False,False,True,False,False,True,True,True,False,False,False,False,True,True,True,True,True,True,True,False,False,False,False,False,True,False,False,False,False,False,True,False,False,True,True,True,True,True,False
21210,15min,m15_2c_1atr,demand,3585.07,3575.11,2025-09-05 17:00:00+00:00,2025-09-05 16:15:00+00:00,2025-09-05 16:30:00+00:00,2025-09-05 16:45:00+00:00,2,1.7420494699646716,1.1731448763251004,0.2449799196787194,2025-09-05 17:25:00+00:00,2025-09-05 18:00:00+00:00,3590.31,3573.880285714286,16.429714285714,0.4166666666666667,True,423018,423019,6,3590.39,0.952702702702654,3.41515372843635,0.7456003060656781,2.902667640512018,1.0,tp1,2025,2025-09,2025-09-05,0.0182595993322206,0.9817404006677792,<=0.03R,1,1,1,0.7238955823293183,1,1,1,0.7238955823293183,0,0,0.0,0,0,0.0,True,True,True,False,False,1,1,1,1,True,14,Friday,ny_main,bull,1.0,high,above,above,0.226006583945279,0.0561403508771969,0.0955241571779849,0.9246500524469192,True,above_value,mid_volume,False,True,1.664058152476387,0.7217391304347827,False,False,,True,False,True,True,False,True,True,True,True,False,False,False,True,True,True,False,False,True,True,False,False,True,True,False,False,False,False,False,False,False,True,False,False,False,True,False,True,False,True,True,True,True,True
21222,15min,m15_2c_1atr,demand,3631.23,3624.05,2025-09-08 17:00:00+00:00,2025-09-08 16:15:00+00:00,2025-09-08 16:30:00+00:00,2025-09-08 16:45:00+00:00,2,1.6345531491161835,1.2511824744834077,0.8983286908077945,2025-09-08 17:20:00+00:00,2025-09-08 17:40:00+00:00,3634.66,3623.179,11.480999999999767,0.3333333333333333,True,423290,423291,3,3634.69,0.8139534883721447,3.5075341869175856,0.66806027349536,0.7569027088232934,1.0,tp1,2025,2025-09,2025-09-08,0.0261301280376279,0.973869871962372,<=0.03R,1,1,1,1.0,1,1,1,1.0,0,0,0.0,0,0,0.0,True,True,True,False,False,1,1,1,1,True,13,Monday,ny_main,bull,0.809,high,above,above,1.3476678795898067,0.9070351758794248,0.8858829424155558,1.953449274881204,True,above_value,mid_volume,False,False,3.47443602473662,0.2956521739130435,False,False,,True,False,False,True,False,True,True,True,False,False,False,True,True,True,True,False,False,True,True,False,False,True,True,False,False,False,False,False,False,False,True,False,False,False,True,False,False,True,True,True,True,True,False
21223,15min,m15_2c_1atr,demand,3636.53,3629.24,2025-09-08 18:00:00+00:00,2025-09-08 17:15:00+00:00,2025-09-08 17:30:00+00:00,2025-09-08 17:45:00+00:00,2,1.5751682872101918,1.09050112191479,0.657064471879244,2025-09-08 18:25:00+00:00,2025-09-08 18:50:00+00:00,3639.79,3628.570142857143,11.219857142857109,0.4166666666666667,True,423304,423305,4,3639.87,0.9588688946015784,0.1693426195902758,1.0222946561580724,0.6247851385935863,-1.0,stop,2025,2025-09,2025-09-08,0.026738308356358,-1.0267383083563582,<=0.03R,3,2,1,1.0,3,2,1,1.0,0,0,0.0,0,0,0.0,True,True,True,False,False,3,3,3,3,False,14,Monday,ny_main,bull,0.86,high,above,above,1.2633863965267664,0.7616926503341289,0.3984687671499158,1.3930217497204531,True,above_value,mid_volume,False,False,4.0227784922140915,0.5984848484848485,False,False,,True,False,True,True,False,True,True,True,False,False,False,False,True,True,True,False,False,True,True,True,True,True,True,False,False,False,False,False,False,False,True,False,False,False,True,False,False,True,True,True,True,True,False
21292,15min,m15_2c_1atr,demand,3637.82,3634.16,2025-09-15 10:45:00+00:00,2025-09-15 10:00:00+00:00,2025-09-15 10:15:00+00:00,2025-09-15 10:30:00+00:00,2,1.659860788863006,1.1888631090488269,0.1420765027322234,2025-09-15 12:35:00+00:00,2025-09-15 13:00:00+00:00,3641.34,3633.673,7.667000000000371,1.8333333333333333,True,424614,424615,4,3641.33,0.7320261437907913,7.510108256162402,0.562149471762063,6.705360636493722,1.0,tp1,2025,2025-09,2025-09-15,0.0391287335333227,0.9608712664666772,0.03-0.05R,2,2,1,1.0,19,3,2,1.0,8,4,1.0,16,4,1.0,True,True,True,True,True,18,6,51,7,True,9,Monday,london_ny_overlap,bull,0.486,mid,inside,inside,1.2727272727272727,0.9528023598819192,0.6075572448886813,0.6539988671752428,True,below_value,mid_volume,False,True,-0.8164862397286964,0.575,True,True,0.2164948453608187,True,True,True,True,False,False,True,False,False,False,False,False,True,True,True,True,True,True,True,True,True,True,False,False,True,False,False,False,False,True,False,True,False,False,True,False,True,False,True,True,True,True,True
21295,15min,m15_2c_1atr,demand,3640.57,3635.85,2025-09-15 13:15:00+00:00,2025-09-15 12:30:00+00:00,2025-09-15 12:45:00+00:00,2025-09-15 13:00:00+00:00,2,1.6440411795498098,1.1530273948700591,0.5932203389830574,2025-09-15 13:45:00+00:00,2025-09-15 14:10:00+00:00,3641.67,3635.4667142857143,6.203285714285812,0.5,True,424628,424629,4,3641.67,0.8691588785047841,9.322478870644431,0.747990696174806,8.487437533104456,1.0,tp1,2025,2025-09,2025-09-15,0.0483614674250965,0.9516385325749036,0.03-0.05R,6,3,2,1.0,30,4,2,1.0,10,4,1.0,14,4,1.0,True,True,True,True,True,26,7,58,7,True,10,Monday,london_ny_overlap,bull,0.428,mid,inside,inside,1.3285974499089324,0.9975124378108908,0.1875549669826041,0.2601507616160753,True,value_low_half,mid_volume,False,True,-0.6512677613246275,0.65,True,True,0.277368679430541,True,True,True,True,False,False,True,False,False,False,False,False,True,True,True,True,True,True,True,True,True,True,False,False,True,False,False,True,False,False,False,True,False,False,True,False,False,False,True,True,True,True,False
21330,15min,m15_2c_1atr,demand,3667.32,3660.52,2025-09-17 14:30:00+00:00,2025-09-17 13:45:00+00:00,2025-09-17 14:00:00+00:00,2025-09-17 14:15:00+00:00,2,1.5305541603884611,1.5938389419052823,0.7249999999999566,2025-09-17 14:30:00+00:00,2025-09-17 14:35:00+00:00,3667.78,3660.024142857143,7.755857142857167,0.0,True,425185,425186,0,3667.8,0.16184971098251,3.9196183529497857,1.62071061501908,0.1856661325080983,1.0,tp1,2025,2025-09,2025-09-17,0.0386804442725312,0.9613195557274689,0.03-0.05R,1,1,1,0.6808823529411743,1,1,1,0.6808823529411743,0,0,0.0,0,0,0.0,True,True,True,False,False,1,1,1,1,True,10,Wednesday,london_ny_overlap,bear,0.686,high,inside,inside,2.130944407233782,0.7801418439716826,0.3985395969319678,-0.1003790102858339,True,below_value,mid_volume,False,False,-3.3948536589858156,0.4941176470588235,False,False,,True,True,False,True,False,False,True,False,False,True,True,True,False,False,False,False,False,True,True,False,False,False,False,False,True,False,False,False,False,True,False,False,False,False,True,False,False,True,True,True,True,True,False
21372,15min,m15_2c_1atr,demand,3715.16,3712.89,2025-09-22 11:45:00+00:00,2025-09-22 10:45:00+00:00,2025-09-22 11:00:00+00:00,2025-09-22 11:30:00+00:00,3,1.7310195227766223,0.430856832971793,0.3876651982377363,2025-09-22 15:20:00+00:00,2025-09-22 15:50:00+00:00,3719.6,3712.1837142857144,7.41628571428555,3.5833333333333335,True,426028,426029,5,3719.72,0.9632829373648978,9.64768655853936,0.7739723388681158,7.967600261971919,1.0,tp1,2025,2025-09,2025-09-22,0.0404515159687183,0.9595484840312816,0.03-0.05R,3,3,2,1.0,3,3,2,1.0,3,3,1.0,3,3,1.0,True,True,True,True,True,9,7,9,7,True,11,Monday,london_ny_overlap,bull,0.684,high,inside,inside,1.3285935085008382,0.8059701492537372,0.2325045615856125,0.5131503786846824,True,value_high_half,hvn,False,True,3.4754594136456727,0.8651685393258427,True,False,0.2905852417302804,True,True,True,True,False,False,True,False,False,False,False,False,True,True,True,True,True,True,True,True,True,True,False,False,True,False,True,False,True,False,False,False,True,False,True,False,False,False,True,True,True,True,False
21375,15min,m15_2c_1atr,supply,3724.76,3721.25,2025-09-22 15:30:00+00:00,2025-09-22 14:45:00+00:00,2025-09-22 15:00:00+00:00,2025-09-22 15:15:00+00:00,2,2.1958952110796037,0.8199566160521078,0.7749287749287993,2025-09-22 15:50:00+00:00,2025-09-22 16:35:00+00:00,3717.38,3725.542428571429,8.16242857142879,0.3333333333333333,True,426037,426038,8,3717.47,0.6964285714286071,0.4312442025307456,1.0572833715455685,-6.9672891471373815,-1.0,stop,2025,2025-09,2025-09-22,0.0367537672611432,-1.036753767261143,0.03-0.05R,3,3,2,1.0,3,3,2,1.0,0,0,0.0,0,0,0.0,True,True,True,False,False,3,3,3,3,False,12,Monday,ny_main,bull,0.778,high,below,below,1.201061897443124,0.1578947368421131,-0.5919860805423083,-0.4131499003904239,True,above_value,hvn,False,False,4.257923937203462,0.9775280898876404,False,False,,True,True,True,False,True,False,True,False,False,False,False,False,True,True,False,False,False,True,True,True,True,False,True,False,False,False,True,False,False,False,True,False,True,False,True,True,False,True,True,True,True,True,False
21376,15min,m15_2c_1atr,demand,3718.9,3713.46,2025-09-22 16:15:00+00:00,2025-09-22 15:30:00+00:00,2025-09-22 15:45:00+00:00,2025-09-22 16:00:00+00:00,2,1.5648960739029336,1.1725943033102373,0.0367647058823191,2025-09-22 16:30:00+00:00,2025-09-22 16:55:00+00:00,3720.14,3712.591428571429,7.548571428571449,0.25,True,426041,426042,4,3720.17,0.8995363214837612,9.407077971233916,0.4345193035578757,7.153671461014364,1.0,tp1,2025,2025-09,2025-09-22,0.0397426192278575,0.9602573807721424,0.03-0.05R,6,4,2,1.0,6,4,2,1.0,3,3,0.533088235294129,3,3,0.533088235294129,True,True,True,True,True,12,7,12,7,True,12,Monday,ny_main,bull,0.828,high,inside,inside,1.1301603996845273,0.9953325554259084,0.2424707007758624,0.4343102381277949,True,value_high_half,mid_volume,False,True,3.700037850113578,0.6292134831460674,True,False,0.2905852417302804,True,True,True,True,False,False,True,False,False,False,False,False,True,True,True,True,True,True,True,True,True,True,False,False,True,False,False,False,True,False,False,False,False,False,True,False,True,False,True,True,True,True,False
21433,15min,m15_2c_1atr,demand,3753.51,3749.26,2025-09-26 16:15:00+00:00,2025-09-26 15:15:00+00:00,2025-09-26 15:30:00+00:00,2025-09-26 16:00:00+00:00,3,2.9006882989184035,0.8357915437561502,0.4635294117646588,2025-09-26 16:30:00+00:00,2025-09-26 16:45:00+00:00,3758.24,3748.267428571429,9.972571428570973,0.25,True,427143,427144,2,3758.26,0.5008431703204231,7.335119184048018,0.1724730689892154,6.677314920926288,1.0,tp1,2025,2025-09,2025-09-26,0.0300825120330061,0.9699174879669938,0.03-0.05R,5,4,2,1.0,17,4,2,1.0,2,2,1.0,2,2,1.0,True,True,True,True,True,9,7,21,7,True,12,Friday,ny_main,bull,0.826,high,above,above,1.003407355187388,0.893145161290283,0.8548652728874058,1.4577856606865949,True,value_high_half,hvn,True,True,0.1639496905799056,0.976470588235294,False,False,,True,True,True,True,False,False,True,False,False,False,True,True,True,False,False,True,True,True,True,True,True,True,True,False,False,False,True,False,True,False,False,False,True,False,True,True,False,False,True,True,True,True,True
21487,15min,m15_2c_1atr,demand,3888.53,3881.53,2025-10-02 16:15:00+00:00,2025-10-02 15:30:00+00:00,2025-10-02 15:45:00+00:00,2025-10-02 16:00:00+00:00,2,1.6796785304248176,1.4064293915040125,0.0414285714285662,2025-10-02 16:15:00+00:00,2025-10-02 16:20:00+00:00,3890.46,3880.7742857142857,9.685714285714312,0.0,True,428242,428243,0,3890.41,0.1623529411764834,0.692772861356934,1.3525073746312557,-1.5445427728613563,-1.0,stop,2025,2025-10,2025-10-02,0.0309734513274335,-1.0309734513274336,0.03-0.05R,1,1,1,0.2428571428571168,1,1,1,0.2428571428571168,0,0,0.0,0,0,0.0,True,True,True,False,False,1,1,1,1,False,12,Thursday,ny_main,bull,0.452,mid,above,above,1.5493074792243284,0.9939577039274978,1.319125174441795,2.264082744519002,True,above_value,lvn,False,False,2.0938053097345284,0.2051282051282051,False,False,,True,True,False,True,False,False,True,False,False,True,True,True,False,False,False,False,False,True,True,False,False,True,True,False,False,True,False,False,False,False,True,False,False,False,True,False,True,False,True,True,True,True,False
21488,15min,m15_2c_1atr,supply,3893.97,3887.35,2025-10-02 17:00:00+00:00,2025-10-02 16:15:00+00:00,2025-10-02 16:30:00+00:00,2025-10-02 16:45:00+00:00,2,2.9584026622296125,1.0280643372157232,0.4274924471299054,2025-10-03 16:40:00+00:00,2025-10-03 17:05:00+00:00,3879.4,3895.146714285714,15.746714285714006,23.666666666666668,True,428527,428528,4,3879.41,0.9609375000000688,0.8249339998367303,1.052918069075649,-4.747022054487641,-1.0,stop,2025,2025-10,2025-10-03,0.0190515935297162,-1.0190515935297162,<=0.03R,3,3,2,1.0,4,4,2,1.0,1,1,1.0,1,1,1.0,True,True,True,True,True,5,5,6,5,False,13,Friday,ny_main,bull,0.852,high,above,above,0.4938870741950751,0.0429829104091108,-0.9764870764767832,-0.3090444301602505,True,above_value,lvn,False,False,2.121712466092728,0.1119402985074626,False,False,,True,False,True,False,True,True,True,True,True,False,False,False,True,True,True,True,True,True,True,True,True,False,False,True,False,True,False,False,False,False,True,False,False,False,True,True,False,False,True,True,True,True,False
21531,15min,m15_2c_1atr,demand,3972.28,3964.3,2025-10-07 16:00:00+00:00,2025-10-07 15:15:00+00:00,2025-10-07 15:30:00+00:00,2025-10-07 15:45:00+00:00,2,2.2457337883959396,1.314816994233272,0.566416040100247,2025-10-07 16:35:00+00:00,2025-10-07 16:50:00+00:00,3979.61,3963.299142857143,16.310857142857003,0.5833333333333334,True,429070,429071,2,3979.57,0.7595505617978083,0.7050518497757908,1.0643217488789407,3.9697484585202134,-1.0,stop,2025,2025-10,2025-10-07,0.0183926569506728,-1.0183926569506727,<=0.03R,9,4,2,1.0,9,4,2,1.0,0,0,0.0,0,0,0.0,True,True,True,False,False,9,3,9,3,False,12,Tuesday,ny_main,bull,0.78,high,above,above,0.7987365511795832,0.7831460674157399,0.533981462625508,1.4176917412185543,True,above_value,mid_volume,False,True,0.6461953475336356,0.4137931034482758,False,False,,True,True,False,True,False,True,True,True,True,False,True,True,True,True,True,False,False,True,True,True,True,True,True,False,False,False,False,False,False,False,True,False,False,False,True,True,False,False,True,True,True,True,False
21533,15min,m15_2c_1atr,demand,3980.51,3969.37,2025-10-07 18:00:00+00:00,2025-10-07 17:00:00+00:00,2025-10-07 17:15:00+00:00,2025-10-07 17:45:00+00:00,3,1.6395552954944714,1.3036863662961218,0.685816876122051,2025-10-07 18:05:00+00:00,2025-10-07 18:15:00+00:00,3986.71,3968.246857142857,18.463142857142884,0.0833333333333333,True,429087,429088,1,3986.7,0.8535031847133583,0.2383126228315918,1.3248015351046871,3.5692731465003633,-1.0,stop,2025,2025-10,2025-10-07,0.0162485879203354,-1.0162485879203356,<=0.03R,9,3,2,1.0,9,3,2,1.0,0,0,0.0,0,0,0.0,True,True,True,False,False,9,3,9,3,False,14,Tuesday,ny_main,bull,0.86,high,above,above,0.6853561446599676,0.0573643410853224,0.4468575940403212,1.213033381208217,True,above_value,mid_volume,False,True,0.6331533092957418,0.6888888888888889,False,False,,True,True,False,True,False,True,True,True,True,True,True,True,True,True,True,False,False,True,True,True,True,True,True,False,False,False,False,False,False,False,True,False,False,False,True,False,False,True,True,True,True,True,True
21544,15min,m15_2c_1atr,demand,4028.19,4021.44,2025-10-08 10:15:00+00:00,2025-10-08 09:15:00+00:00,2025-10-08 09:30:00+00:00,2025-10-08 10:00:00+00:00,3,1.8084129544608227,1.1726020598089073,0.1466666666667017,2025-10-08 16:35:00+00:00,2025-10-08 16:55:00+00:00,4036.49,4020.405714285714,16.08428571428567,6.333333333333333,True,429347,429348,3,4036.65,0.5653061224489654,1.4144240163424855,1.3112176925126409,-0.761612931876723,1.0,tp1,2025,2025-10,2025-10-08,0.0186517452704503,0.9813482547295496,<=0.03R,2,2,2,1.0,2,2,2,1.0,0,0,0.0,0,0,0.0,True,True,True,False,False,2,2,2,2,True,12,Wednesday,ny_main,bull,0.86,high,inside,below,1.484407484407473,0.8615635179152895,0.067240578646524,0.1400752011598812,True,value_high_half,mid_volume,False,True,2.7085442756905693,0.4302325581395348,False,False,,True,True,True,True,False,True,True,True,True,False,False,True,True,False,False,False,False,True,True,False,False,True,False,False,True,False,False,False,True,False,False,False,False,False,True,False,True,False,True,True,True,True,False
21551,15min,m15_2c_1atr,demand,4039.51,4026.45,2025-10-08 17:15:00+00:00,2025-10-08 16:30:00+00:00,2025-10-08 16:45:00+00:00,2025-10-08 17:00:00+00:00,2,1.5796791443849985,1.6295900178253515,0.6638591117917158,2025-10-08 17:20:00+00:00,2025-10-08 17:30:00+00:00,4044.65,4025.234,19.416000000000167,0.0833333333333333,True,429354,429355,1,4044.64,0.7933985330073241,0.7514421096003072,1.5064894932014703,-1.6852080758137604,-1.0,stop,2025,2025-10,2025-10-08,0.0154511742892458,-1.0154511742892458,<=0.03R,8,3,2,1.0,8,3,2,1.0,0,0,0.0,0,0,0.0,True,True,True,False,False,8,3,8,3,False,13,Wednesday,ny_main,bull,0.9,high,inside,below,1.374686087393261,0.4770017035774752,0.1938429959161878,0.4113320684180666,True,value_low_half,hvn,True,True,-0.1941697569015219,0.8313953488372093,False,False,,True,True,True,True,False,True,True,True,True,True,True,True,True,True,True,False,False,True,True,True,True,True,False,False,True,False,True,True,False,False,False,False,False,False,True,False,False,True,True,True,True,True,True
21565,15min,m15_2c_1atr,demand,4039.21,4033.61,2025-10-09 15:00:00+00:00,2025-10-09 14:15:00+00:00,2025-10-09 14:30:00+00:00,2025-10-09 14:45:00+00:00,2,1.8141332920983673,1.212308643884315,0.4000000000000487,2025-10-09 15:20:00+00:00,2025-10-09 15:30:00+00:00,4041.19,4032.979571428571,8.210428571428565,0.3333333333333333,True,429606,429607,1,4041.21,0.5698198198198579,2.035216536460605,1.2203991439458517,-5.591669131592212,1.0,tp1,2025,2025-10,2025-10-09,0.0365388965253249,0.9634611034746752,0.03-0.05R,9,4,2,1.0,12,4,2,1.0,0,0,0.0,0,0,0.0,True,True,True,False,False,9,3,12,3,True,11,Thursday,london_ny_overlap,bull,0.266,low,above,above,0.6302976976096533,0.9894736842105364,0.7531261304089706,1.305310840496414,True,value_low_half,hvn,True,True,-0.2241052320220108,0.8521739130434782,False,False,,True,True,False,True,False,False,True,False,False,True,True,True,True,False,False,False,False,True,True,True,True,True,True,False,False,False,True,True,False,False,False,False,False,False,True,False,False,False,True,True,True,True,True
21594,15min,m15_2c_1atr,demand,4078.19,4073.71,2025-10-13 15:30:00+00:00,2025-10-13 14:45:00+00:00,2025-10-13 15:00:00+00:00,2025-10-13 15:15:00+00:00,2,1.6637080867850087,0.7731755424063245,0.7388392857142705,2025-10-13 15:35:00+00:00,2025-10-13 15:40:00+00:00,4080.34,4073.018,7.322000000000116,0.0833333333333333,True,430160,430161,0,4080.33,0.3846153846153617,13.578257306746584,0.6569243376126562,6.376673040152808,1.0,tp1,2025,2025-10,2025-10-13,0.0409724119093137,0.9590275880906862,0.03-0.05R,2,2,1,0.8705357142857311,2,2,1,0.8705357142857311,0,0,0.0,0,0,0.0,True,True,True,False,False,2,2,2,2,True,11,Monday,london_ny_overlap,bull,0.308,low,above,above,1.0254724732950369,0.1681922196796584,0.0401916707145452,0.5011744121328778,True,value_high_half,hvn,True,True,0.0956022944550405,0.9675324675324676,False,False,,True,True,True,True,False,False,True,False,False,True,True,True,False,False,False,False,False,True,True,False,False,True,True,False,False,False,True,False,True,False,False,False,True,False,True,False,False,True,True,True,True,True,False
21618,15min,m15_2c_1atr,supply,4217.01,4210.61,2025-10-15 12:15:00+00:00,2025-10-15 11:30:00+00:00,2025-10-15 11:45:00+00:00,2025-10-15 12:00:00+00:00,2,1.7373362018383616,0.8761979268531768,0.7203124999998874,2025-10-15 17:10:00+00:00,2025-10-15 17:35:00+00:00,4201.19,4218.477,17.287000000000262,4.916666666666667,True,430735,430736,4,4201.27,0.7877813504823395,1.2292474113495504,1.10950425174987,-4.067796610169466,1.0,tp1,2025,2025-10,2025-10-15,0.0173540811014054,0.9826459188985944,<=0.03R,2,2,2,1.0,2,2,2,1.0,0,0,0.0,0,0,0.0,True,True,True,False,False,2,2,2,2,True,13,Wednesday,ny_main,bull,0.81,high,inside,inside,1.337785769329558,0.3136954858454824,-0.0201981882029574,0.127695606555617,True,value_high_half,mid_volume,False,True,1.2182564933186308,0.2747252747252747,False,False,,True,False,True,False,True,True,True,True,True,False,False,False,True,True,True,False,False,True,True,False,False,False,False,False,True,False,False,False,True,False,False,False,True,False,True,False,False,True,True,True,True,True,False
21631,15min,m15_2c_1atr,demand,4231.57,4223.0,2025-10-16 13:00:00+00:00,2025-10-16 12:15:00+00:00,2025-10-16 12:30:00+00:00,2025-10-16 12:45:00+00:00,2,2.344504579516915,1.2487510407992688,0.8004667444575047,2025-10-16 15:40:00+00:00,2025-10-16 16:05:00+00:00,4243.07,4221.6458571428575,21.424142857142215,2.6666666666666665,True,430993,430994,4,4242.95,0.6628352490421779,6.3601144236477545,0.8299048470017267,-0.2557861958137888,1.0,tp1,2025,2025-10,2025-10-16,0.0140028939314129,0.985997106068587,<=0.03R,6,4,2,0.4947491248541337,6,4,2,0.4947491248541337,4,4,1.0,4,4,1.0,True,True,True,True,True,14,7,14,7,True,12,Thursday,ny_main,bull,0.562,mid,above,above,0.923928305938704,0.8901453957996308,0.5823284996244212,0.9139910236319208,True,value_high_half,lvn,False,True,0.8184691502910779,0.2285714285714285,True,True,0.9260400616332928,True,True,True,True,False,True,True,True,True,False,False,False,True,True,False,True,True,True,True,True,True,True,True,False,False,True,False,False,True,False,False,True,False,False,True,True,False,True,True,True,True,True,False
21721,15min,m15_2c_1atr,demand,4120.24,4098.74,2025-10-24 17:15:00+00:00,2025-10-24 16:30:00+00:00,2025-10-24 16:45:00+00:00,2025-10-24 17:00:00+00:00,2,1.8149624988132815,1.4288426848950926,0.384186046511638,2025-10-24 17:25:00+00:00,2025-10-24 17:30:00+00:00,4123.69,4096.768714285714,26.92128571428566,0.1666666666666666,True,432663,432664,0,4123.68,0.3979885057470564,0.5579228332334121,1.0062669475560764,-5.019448232678335,-1.0,stop,2025,2025-10,2025-10-24,0.0111435985332901,-1.0111435985332902,<=0.03R,6,3,2,0.4013953488372144,17,4,2,1.0,2,1,1.0,14,4,1.0,True,True,True,True,True,10,7,45,7,False,13,Friday,ny_main,bear,0.68,high,above,above,0.8255951535803897,0.8080313418217405,1.130556680215134,2.3002512166058704,True,value_low_half,hvn,True,True,-0.2882477487277812,0.8990384615384616,True,True,0.2274769955060989,True,True,False,True,False,True,True,True,True,True,True,True,False,False,False,True,True,True,True,True,True,False,True,False,False,False,True,True,False,False,False,True,False,False,True,False,False,False,True,True,True,True,True
21736,15min,m15_2c_1atr,supply,4045.7,4029.12,2025-10-27 13:45:00+00:00,2025-10-27 12:30:00+00:00,2025-10-27 12:45:00+00:00,2025-10-27 13:30:00+00:00,4,1.548888888888867,1.2281481481481338,0.3335343787696154,2025-10-27 13:45:00+00:00,2025-10-27 13:50:00+00:00,4024.37,4047.032714285714,22.662714285714173,0.0,True,432907,432908,0,4024.5,0.2959572845156423,0.0966344971917401,1.1521126582996728,5.042643990443725,-1.0,stop,2025,2025-10,2025-10-27,0.0132376023550325,-1.0132376023550325,<=0.03R,1,1,1,1.0,1,1,1,1.0,0,0,0.0,8,4,0.077804583835945,True,True,True,False,True,1,1,17,5,False,9,Monday,london_ny_overlap,bear,0.706,high,inside,inside,1.334256202747307,0.3424866514111512,-0.5675378845318835,-1.4735780064776347,True,below_value,mid_volume,False,False,-1.890329616298656,0.712707182320442,True,True,0.2987197724039803,True,True,False,False,True,True,True,True,True,True,True,True,False,False,False,False,True,True,True,False,True,True,False,False,True,False,False,False,False,True,False,True,False,False,True,False,True,False,True,True,True,True,False
21756,15min,m15_2c_1atr,demand,3916.58,3906.14,2025-10-28 15:30:00+00:00,2025-10-28 14:45:00+00:00,2025-10-28 15:00:00+00:00,2025-10-28 15:15:00+00:00,2,1.7476783119590318,0.9233685008528648,0.3266283524904058,2025-10-28 15:40:00+00:00,2025-10-28 15:50:00+00:00,3930.97,3904.544,26.42599999999993,0.1666666666666666,True,433207,433208,1,3931.11,0.7429078014184363,3.757662907742392,0.4839930371603722,3.0897600847650155,1.0,tp1,2025,2025-10,2025-10-28,0.0113524559146295,0.9886475440853704,<=0.03R,3,3,2,0.4808429118773903,3,3,2,0.4808429118773903,1,1,1.0,5,4,1.0,True,True,True,True,True,5,5,13,7,True,11,Tuesday,london_ny_overlap,bear,0.642,mid,above,above,1.2521208760742677,0.9290573372206004,0.9978493320063776,1.109852535747925,True,below_value,mid_volume,False,False,-2.966396730492717,0.5238095238095238,True,True,0.3246041412911163,True,True,True,True,False,True,True,True,True,True,True,True,True,True,True,True,True,True,True,True,True,False,True,False,False,False,False,False,False,True,False,True,True,False,True,False,True,False,True,True,True,True,False
21774,15min,m15_2c_1atr,supply,4029.3,4013.73,2025-10-29 15:15:00+00:00,2025-10-29 14:00:00+00:00,2025-10-29 14:15:00+00:00,2025-10-29 15:00:00+00:00,4,1.901439458086372,1.8457239627434656,0.7681438664097566,2025-10-29 15:15:00+00:00,2025-10-29 15:35:00+00:00,4010.57,4030.425285714286,19.855285714285856,0.0,True,433480,433481,3,4010.58,0.8045634920635105,4.787138365458615,0.6023584939598643,0.9579313173174392,1.0,tp1,2025,2025-10,2025-10-29,0.0151093267715684,0.9848906732284316,<=0.03R,2,2,1,1.0,7,3,2,1.0,2,2,0.4476557482337945,6,4,0.9942196531791816,True,True,True,True,True,6,6,19,7,True,11,Wednesday,london_ny_overlap,bull,0.136,low,below,below,1.169786854688433,0.2782043709391586,-1.2003348049669411,-0.9041679159238316,True,above_value,mid_volume,False,True,3.161122982724997,0.6367713004484304,True,True,0.1401137980085365,True,True,True,False,True,True,True,True,True,False,False,True,True,True,True,True,True,True,True,True,True,False,True,False,False,False,False,False,False,False,True,True,False,False,True,False,False,True,True,True,True,True,False
21776,15min,m15_2c_1atr,supply,4011.99,4004.77,2025-10-29 18:00:00+00:00,2025-10-29 17:00:00+00:00,2025-10-29 17:15:00+00:00,2025-10-29 17:45:00+00:00,3,1.7250187828700332,0.7594290007512943,0.1551246537396013,2025-10-29 20:00:00+00:00,2025-10-29 20:05:00+00:00,3993.92,4013.2842857142855,19.364285714285415,2.0,True,433534,433535,0,3993.86,0.0345670391061377,4.04869052010335,1.0364441165621552,-1.6050165990409653,1.0,tp1,2025,2025-10,2025-10-29,0.0154924382146811,0.9845075617853188,<=0.03R,3,3,2,1.0,9,4,2,1.0,1,1,0.594182825484776,5,4,1.0,True,True,True,True,True,5,5,19,7,True,16,Wednesday,ny_main,bull,0.262,low,below,below,1.0978095527837397,0.1504888268156412,-1.0025846225726571,-1.7560318102242936,True,value_low_half,hvn,False,True,-0.4838804869052028,0.8391959798994975,True,True,0.2987197724039803,True,False,True,False,True,True,True,True,True,True,True,True,False,False,False,True,True,True,True,True,True,False,True,False,False,False,True,True,False,False,False,True,True,False,True,False,True,False,True,True,True,True,False
21788,15min,m15_2c_1atr,supply,3986.94,3979.8,2025-10-30 13:30:00+00:00,2025-10-30 12:45:00+00:00,2025-10-30 13:00:00+00:00,2025-10-30 13:15:00+00:00,2,1.567712892334621,0.624984369138419,0.2605042016806947,2025-10-30 14:00:00+00:00,2025-10-30 14:30:00+00:00,3971.02,3988.163285714286,17.143285714285867,0.5,True,433743,433744,5,3971.02,0.7244488977955917,0.620651150387894,1.0686399506679,-2.8419289517761688,-1.0,stop,2025,2025-10,2025-10-30,0.017499562510937,-1.017499562510937,<=0.03R,7,4,2,1.0,9,4,2,1.0,5,4,0.5168067226890924,5,4,0.5168067226890924,True,True,True,True,True,17,7,19,7,False,10,Thursday,london_ny_overlap,bear,0.488,mid,inside,inside,1.8937242327072965,0.7691745799854024,-0.025753478432542,-0.0521072454640593,True,value_high_half,mid_volume,False,True,0.8236460755147651,0.2780269058295964,True,False,0.1897445059853546,True,True,True,False,True,True,True,True,True,False,False,False,True,True,True,True,True,True,True,True,True,True,False,False,True,False,False,False,True,False,False,False,True,False,True,False,True,False,True,True,True,True,True
21802,15min,m15_2c_1atr,supply,4035.54,4020.67,2025-10-31 15:45:00+00:00,2025-10-31 15:00:00+00:00,2025-10-31 15:15:00+00:00,2025-10-31 15:30:00+00:00,2,1.6535861372289795,1.6176859118812523,0.5447209145931691,2025-10-31 15:45:00+00:00,2025-10-31 15:50:00+00:00,4019.31,4036.903142857143,17.593142857142993,0.0,True,434034,434035,0,4019.35,0.4807417974322091,3.219436143952157,0.6457061192672492,0.5217942055346105,1.0,tp1,2025,2025-10,2025-10-31,0.0170520982200856,0.9829479017799144,<=0.03R,7,4,2,1.0,19,4,2,1.0,6,3,1.0,10,4,1.0,True,True,True,True,True,19,7,39,7,True,11,Friday,london_ny_overlap,bull,0.338,mid,above,above,0.80249480249478,0.4991922455573329,-0.3330486681102648,-0.0047873205457809,True,value_high_half,mid_volume,True,True,0.2191194621281011,0.4621212121212121,True,True,0.1401137980085365,True,True,True,False,True,True,True,True,True,True,True,True,True,False,False,True,True,True,True,True,True,False,False,True,False,False,False,False,True,False,False,True,False,False,True,False,False,False,True,True,True,True,False
21814,15min,m15_2c_1atr,demand,4020.53,4009.5,2025-11-03 17:00:00+00:00,2025-11-03 16:15:00+00:00,2025-11-03 16:30:00+00:00,2025-11-03 16:45:00+00:00,2,1.733720116034837,1.544663399019744,0.5349048050770611,2025-11-03 17:20:00+00:00,2025-11-03 17:45:00+00:00,4021.46,4008.046428571429,13.413571428571686,0.3333333333333333,True,434321,434322,4,4021.37,0.5440559440559193,0.1744501837158603,1.3322328132488082,-4.154001810532981,-1.0,stop,2025,2025-11,2025-11-03,0.0223654081686986,-1.0223654081686986,<=0.03R,3,2,1,1.0,11,4,2,1.0,2,1,0.5312783318223047,9,4,1.0,True,True,True,True,True,7,7,29,7,False,12,Monday,ny_main,bull,0.518,mid,inside,inside,0.629564511766262,0.2498762988619355,-0.6464767594994426,-0.4598835208905893,True,value_low_half,hvn,True,True,-0.0920709302944517,0.9846153846153848,False,False,,True,True,True,True,False,True,True,True,False,False,False,False,True,False,False,True,True,True,True,True,True,True,False,False,True,False,True,True,False,False,False,False,False,False,True,False,False,False,True,True,False,True,True
21815,15min,m15_2c_1atr,supply,4022.61,4005.59,2025-11-03 18:15:00+00:00,2025-11-03 17:30:00+00:00,2025-11-03 17:45:00+00:00,2025-11-03 18:00:00+00:00,2,1.5342969776609543,1.565571616294345,0.576380728554639,2025-11-03 18:45:00+00:00,2025-11-03 19:10:00+00:00,4004.68,4023.732428571429,19.052428571428663,0.5,True,434338,434339,4,4004.69,0.3973509933774455,3.9832192371425954,0.5416632300344223,2.836908680558131,1.0,tp1,2025,2025-11,2025-11-03,0.0157460241289073,0.9842539758710926,<=0.03R,7,4,2,1.0,38,4,2,1.0,6,3,0.6750881316098853,15,4,1.0,True,True,True,True,True,19,7,68,7,True,14,Monday,ny_main,bull,0.626,mid,inside,inside,0.5884955752212023,0.7324159021406713,-0.005748293827881,-0.1629362234014032,True,value_low_half,mid_volume,True,True,-0.1128465062571504,0.7153846153846154,True,True,0.1401137980085365,True,True,True,False,True,True,True,True,True,False,False,False,False,False,False,True,True,True,True,True,True,False,False,False,True,False,False,True,False,False,False,True,False,False,True,False,False,False,True,True,True,True,False
21866,15min,m15_2c_1atr,supply,4009.2,4004.43,2025-11-07 13:30:00+00:00,2025-11-07 12:45:00+00:00,2025-11-07 13:00:00+00:00,2025-11-07 13:15:00+00:00,2,1.583849329205382,0.8614551083591402,0.7316561844864256,2025-11-07 14:00:00+00:00,2025-11-07 14:20:00+00:00,4003.65,4010.029,6.378999999999905,0.5,True,435384,435385,3,4003.68,0.653374233128824,3.0380937451011754,2.2683806239222473,-15.632544285938437,1.0,tp1,2025,2025-11,2025-11-07,0.0470293149396464,0.9529706850603537,0.03-0.05R,2,2,2,1.0,10,4,2,1.0,3,2,1.0,9,4,1.0,True,True,True,True,True,8,6,28,7,True,9,Friday,london_ny_overlap,bull,0.252,low,inside,below,1.7594316511514565,0.0188442211055389,-0.7054662064558086,-0.8447367157261133,True,above_value,hvn,False,False,3.850917071641317,0.8469387755102041,True,True,0.2812414171930739,True,True,True,False,True,False,True,False,False,False,False,True,True,True,False,True,True,True,True,True,True,False,False,False,True,False,True,False,False,False,True,True,True,False,True,False,False,True,True,True,True,True,False
21870,15min,m15_2c_1atr,supply,4004.19,3995.39,2025-11-07 16:45:00+00:00,2025-11-07 16:00:00+00:00,2025-11-07 16:15:00+00:00,2025-11-07 16:30:00+00:00,2,1.621823617339318,1.150971599402112,0.5795454545454323,2025-11-07 16:55:00+00:00,2025-11-07 17:15:00+00:00,3991.18,4005.4317142857144,14.25171428571457,0.1666666666666666,True,435419,435420,3,3990.99,0.8934624697336457,0.4848539524067081,1.0181231330566698,-6.952146107736301,-1.0,stop,2025,2025-11,2025-11-07,0.0210500992361816,-1.0210500992361815,<=0.03R,11,4,2,0.890909090909089,26,4,2,0.890909090909089,7,4,0.5363636363636543,14,4,1.0,True,True,True,True,True,25,7,54,7,False,12,Friday,ny_main,bull,0.644,mid,below,below,1.2899865289627532,0.7650349650349273,-0.1770758009649045,-0.540267822403994,True,above_value,mid_volume,False,True,1.230729135342087,0.3870967741935484,True,True,0.1181996634885063,True,True,True,False,True,True,True,True,False,False,False,True,True,True,True,True,True,True,True,True,True,False,True,False,False,False,False,False,False,False,True,True,False,False,True,False,False,False,True,True,True,True,True
21889,15min,m15_2c_1atr,demand,4135.1,4129.05,2025-11-11 11:15:00+00:00,2025-11-11 10:30:00+00:00,2025-11-11 10:45:00+00:00,2025-11-11 11:00:00+00:00,2,1.6346769033908446,0.903177649818728,0.3917355371900528,2025-11-11 14:50:00+00:00,2025-11-11 15:10:00+00:00,4138.27,4128.463285714286,9.806714285714406,3.5833333333333335,True,435946,435947,3,4138.32,0.8404558404557364,0.8626742610746742,1.5173277783442756,-0.3263070491063676,-1.0,stop,2025,2025-11,2025-11-11,0.030591285853715,-1.030591285853715,0.03-0.05R,8,4,2,1.0,8,4,2,1.0,1,1,0.6892561983470987,13,4,0.9041322314049736,True,True,True,True,True,10,5,34,7,False,10,Tuesday,london_ny_overlap,bull,0.14,low,inside,inside,1.4639204954630942,0.935389133626948,0.1621099532166579,0.2291697432535944,True,value_high_half,hvn,True,True,0.0841260360977904,0.8979591836734694,True,False,0.2274769955060989,True,False,True,True,False,False,True,False,False,False,False,True,True,True,True,True,True,True,True,True,True,True,False,False,True,False,True,False,True,False,False,False,True,False,True,False,False,False,True,True,True,True,False
21903,15min,m15_2c_1atr,supply,4137.76,4130.28,2025-11-12 15:15:00+00:00,2025-11-12 14:15:00+00:00,2025-11-12 14:30:00+00:00,2025-11-12 15:00:00+00:00,3,1.6273034565477424,1.1418602115364025,0.7927807486630903,2025-11-12 15:25:00+00:00,2025-11-12 15:30:00+00:00,4127.56,4138.6017142857145,11.04171428571408,0.1666666666666666,True,436226,436227,0,4127.56,0.3469827586205946,0.2852817885422066,1.0396936293536,-7.836645448429457,-1.0,stop,2025,2025-11,2025-11-12,0.0271696941468721,-1.0271696941468722,<=0.03R,10,4,2,1.0,10,4,2,1.0,7,4,1.0,14,4,1.0,True,True,True,True,True,24,7,38,7,False,10,Wednesday,london_ny_overlap,bull,0.658,mid,inside,inside,1.8874403815580227,0.4342313787639489,0.0134014530679712,0.253584165717356,True,value_high_half,mid_volume,False,True,0.4772809605134262,0.5,True,False,0.2638916750250785,True,True,True,False,True,True,True,True,False,True,True,True,False,False,False,True,True,True,True,True,True,False,False,False,True,False,False,False,True,False,False,False,False,False,True,False,False,True,True,True,False,True,True
21994,15min,m15_2c_1atr,supply,4082.69,4068.78,2025-11-20 19:00:00+00:00,2025-11-20 18:00:00+00:00,2025-11-20 18:15:00+00:00,2025-11-20 18:45:00+00:00,3,1.5113975924187069,0.8312985571587047,0.3026599568655701,2025-11-20 20:00:00+00:00,2025-11-20 20:20:00+00:00,4061.36,4084.1588571428574,22.798857142857287,1.0,True,437940,437941,3,4061.68,0.7739837398374224,0.2201864755125548,1.0632111885307372,-1.220675221815619,-1.0,stop,2025,2025-11,2025-11-20,0.0131585543134993,-1.013158554313499,<=0.03R,8,3,2,1.0,32,4,2,1.0,9,3,0.9043853342918806,15,4,1.0,True,True,True,True,True,26,7,62,7,False,15,Thursday,ny_main,bear,0.91,high,inside,inside,1.363770400122044,0.3752327746740994,-0.1415595364822631,-0.4987226536049547,True,value_low_half,hvn,True,True,-0.0225888515715016,0.9928057553956836,True,True,0.2653807781842359,True,True,True,False,True,True,True,True,True,False,False,True,True,True,True,True,True,True,True,True,True,True,False,False,True,False,True,True,False,False,False,True,True,False,True,False,True,False,True,True,True,True,False
22018,15min,m15_2c_1atr,demand,4074.22,4065.82,2025-11-24 14:45:00+00:00,2025-11-24 14:00:00+00:00,2025-11-24 14:15:00+00:00,2025-11-24 14:30:00+00:00,2,1.7325249643367064,1.3980028530669808,0.1452380952380777,2025-11-24 15:50:00+00:00,2025-11-24 16:05:00+00:00,4079.28,4064.892428571429,14.387571428571391,1.0833333333333333,True,438441,438442,2,4079.3,0.3857142857143429,5.32403959766863,0.7520379692790538,3.570442743240664,1.0,tp1,2025,2025-11,2025-11-24,0.0208513300169789,0.979148669983021,<=0.03R,7,3,2,1.0,34,4,2,1.0,1,1,1.0,14,3,1.0,True,True,True,True,True,9,5,62,7,True,11,Monday,london_ny_overlap,bull,0.054,low,above,above,1.2816041848299518,0.5467224546722501,0.3994688498973202,1.0857427208421,True,value_high_half,hvn,True,True,0.0187661970152798,0.9888888888888888,True,True,0.5198733731973285,True,True,False,True,False,True,True,True,False,False,True,True,False,False,False,True,True,True,True,True,True,True,True,False,False,False,True,False,True,False,False,True,False,False,True,False,True,False,True,True,True,True,False
22045,15min,m15_2c_1atr,supply,4173.05,4166.34,2025-11-26 14:30:00+00:00,2025-11-26 13:45:00+00:00,2025-11-26 14:00:00+00:00,2025-11-26 14:15:00+00:00,2,1.6884596334818984,1.163199603764256,0.0700447093888737,2025-11-26 15:25:00+00:00,2025-11-26 15:35:00+00:00,4159.87,4174.063428571429,14.19342857142874,0.9166666666666666,True,438987,438988,1,4159.81,0.7938829787233671,1.6000362340720893,0.827847897417306,0.1902288785554532,1.0,tp1,2025,2025-11,2025-11-26,0.0211365420617184,0.9788634579382816,<=0.03R,7,4,2,1.0,7,4,2,1.0,0,0,0.0,4,4,1.0,True,True,True,False,True,7,3,15,7,True,10,Wednesday,london_ny_overlap,bull,0.362,mid,below,below,1.8348936170212489,0.0463999999999941,-0.8716373542821163,-0.972197639866222,True,above_value,lvn,False,True,0.5245385188316257,0.1666666666666666,False,False,,True,True,True,False,True,True,True,True,False,True,True,True,True,True,True,False,True,True,True,True,True,False,True,False,False,True,False,False,False,False,True,False,False,False,True,False,True,False,True,True,True,True,False
22049,15min,m15_2c_1atr,supply,4171.62,4167.17,2025-11-26 20:45:00+00:00,2025-11-26 20:00:00+00:00,2025-11-26 20:15:00+00:00,2025-11-26 20:30:00+00:00,2,2.181672882258866,0.8297815663292056,0.8988764044944187,2025-11-26 21:00:00+00:00,2025-11-26 21:45:00+00:00,4163.64,4172.176571428571,8.536571428570824,0.25,True,439061,439062,8,4163.65,0.6791666666666865,2.450632572461525,0.7227726086084003,-0.4299149876163453,1.0,tp1,2025,2025-11,2025-11-26,0.0351429145190466,0.9648570854809534,0.03-0.05R,8,4,2,1.0,8,4,2,1.0,1,1,1.0,5,4,1.0,True,True,True,True,True,10,5,18,7,True,16,Wednesday,ny_main,bull,0.016,low,inside,below,2.784330606973654,0.2039106145250218,-0.3458163269950561,-0.1199027118432465,True,value_high_half,mid_volume,False,True,0.8369870807953445,0.6923076923076923,True,False,0.3966917293232962,True,True,True,False,True,False,True,False,False,False,False,False,True,True,False,True,True,True,True,True,True,False,False,False,True,False,False,False,True,False,False,False,True,False,True,True,False,True,True,True,True,True,True
22062,15min,m15_2c_1atr,demand,4159.06,4153.05,2025-11-27 17:30:00+00:00,2025-11-27 16:45:00+00:00,2025-11-27 17:00:00+00:00,2025-11-27 17:15:00+00:00,2,1.7008733624454098,1.3122270742358575,0.6871880199667153,2025-11-27 17:35:00+00:00,2025-11-27 17:45:00+00:00,4159.84,4152.543285714286,7.296714285714188,0.0833333333333333,True,439289,439290,1,4159.78,0.5182926829266805,0.1343070266459861,1.1361278070364451,7.813105703154196,-1.0,stop,2025,2025-11,2025-11-27,0.0411143959120548,-1.0411143959120548,0.03-0.05R,10,4,2,0.7820299500832874,22,4,2,0.9584026622296188,6,4,0.6539101497502893,7,4,1.0,True,True,True,True,True,22,7,36,7,False,12,Thursday,ny_main,bull,0.068,low,inside,inside,0.732054455445585,0.2553191489362268,0.037116194946994,0.1956367439219712,True,value_low_half,hvn,False,True,-1.0545842551441682,0.8571428571428571,True,False,0.4432480933153936,True,True,True,True,False,False,True,False,False,True,True,True,True,False,False,True,True,True,True,True,True,True,False,False,True,False,True,True,False,False,False,False,False,False,True,False,False,True,True,True,True,True,True
22124,15min,m15_2c_1atr,demand,4196.12,4187.4,2025-12-04 16:15:00+00:00,2025-12-04 15:30:00+00:00,2025-12-04 15:45:00+00:00,2025-12-04 16:00:00+00:00,2,1.8209104552276172,1.2214107053527143,0.4116972477064267,2025-12-04 16:40:00+00:00,2025-12-04 16:55:00+00:00,4204.37,4186.1498571428565,18.2201428571434,0.4166666666666667,True,440594,440595,2,4204.36,0.1500664010624184,3.0175394578997485,0.7102029935471299,2.1596976658485847,1.0,tp1,2025,2025-12,2025-12-04,0.0164652935134579,0.983534706486542,<=0.03R,7,4,2,1.0,19,4,2,1.0,11,4,1.0,13,4,1.0,True,True,True,True,True,29,7,45,7,True,11,Thursday,london_ny_overlap,bear,0.828,high,inside,inside,1.0193482688391018,0.3872377622378012,0.16722254970215,0.4197150515367844,True,value_high_half,hvn,True,True,0.0005488431171272,1.0,True,True,0.2336363636363578,True,True,False,True,False,True,True,True,True,False,True,True,False,False,False,True,True,True,True,True,True,False,False,False,True,False,True,False,True,False,False,True,False,False,True,False,False,False,True,True,True,True,False
22151,15min,m15_2c_1atr,supply,4215.5,4211.06,2025-12-08 15:30:00+00:00,2025-12-08 14:45:00+00:00,2025-12-08 15:00:00+00:00,2025-12-08 15:15:00+00:00,2,2.039520305260434,0.8470973017170325,0.2860360360361601,2025-12-08 16:20:00+00:00,2025-12-08 16:35:00+00:00,4206.91,4216.389857142857,9.479857142857329,0.8333333333333334,True,441140,441141,2,4206.87,0.3141993957703438,3.8798053014661646,0.6255368525746505,0.1350231317530108,1.0,tp1,2025,2025-12,2025-12-08,0.0316460465046182,0.9683539534953818,0.03-0.05R,6,3,2,1.0,21,4,2,1.0,1,1,1.0,5,4,1.0,True,True,True,True,True,8,5,31,7,True,11,Monday,london_ny_overlap,bear,0.626,mid,below,below,0.6696244995130716,0.0,-1.0914711734153857,-1.3810096175357345,True,value_high_half,mid_volume,False,True,0.4778553022198038,0.3777777777777777,True,True,0.1706369756602839,True,True,True,False,True,False,True,False,False,False,True,True,False,False,False,True,True,True,True,True,True,True,True,False,False,False,False,False,True,False,False,True,True,False,True,True,True,False,True,True,True,True,False
22152,15min,m15_2c_1atr,supply,4210.23,4197.51,2025-12-08 16:45:00+00:00,2025-12-08 16:00:00+00:00,2025-12-08 16:15:00+00:00,2025-12-08 16:30:00+00:00,2,1.7164809003355035,1.927064170544274,0.6250000000000179,2025-12-08 16:45:00+00:00,2025-12-08 17:00:00+00:00,4196.61,4211.468714285714,14.858714285714086,0.0,True,441145,441146,2,4196.53,0.3459563543004077,1.782119198930877,1.0922883156589671,-1.352068531213073,1.0,tp1,2025,2025-12,2025-12-08,0.0201901721933259,0.979809827806674,<=0.03R,4,3,2,1.0,28,4,2,1.0,2,1,0.2838050314465297,11,4,1.0,True,True,True,True,True,8,7,50,7,True,12,Monday,ny_main,bear,0.788,high,below,below,0.54076728130737,0.0401028277635283,-2.4140587005729,-3.1264471987269675,True,value_low_half,hvn,True,True,-0.3284268010114432,0.7777777777777778,True,True,0.250388399792856,True,True,True,False,True,True,True,True,False,False,True,True,False,False,False,True,True,True,True,True,True,True,True,False,False,False,True,True,False,False,False,True,False,False,True,False,False,False,True,True,True,True,True
22163,15min,m15_2c_1atr,demand,4202.1,4189.67,2025-12-09 16:45:00+00:00,2025-12-09 16:00:00+00:00,2025-12-09 16:15:00+00:00,2025-12-09 16:30:00+00:00,2,2.251083265019195,2.0379435531092596,0.7433628318583722,2025-12-09 17:00:00+00:00,2025-12-09 17:25:00+00:00,4205.04,4188.332142857143,16.707857142857392,0.25,True,441426,441427,4,4205.06,0.8469387755102301,0.9803770681031084,1.0318498567824947,-0.2555683810012076,-1.0,stop,2025,2025-12,2025-12-09,0.0179556239579322,-1.0179556239579324,<=0.03R,5,3,2,0.3362831858406503,36,4,2,0.8045052292839715,1,1,0.8045052292839715,18,4,1.0,True,True,True,True,True,7,5,72,7,False,12,Tuesday,ny_main,bear,0.822,high,above,above,0.8447947811906178,0.8266276517922547,0.6331354327378395,0.7398351064757603,True,value_high_half,mid_volume,True,True,0.2175623102902924,0.7125,True,True,0.1718181818181702,True,True,True,True,False,True,True,True,True,False,False,False,True,True,True,True,True,True,True,True,True,False,True,False,False,False,False,False,True,False,False,True,False,True,True,True,False,True,True,True,True,True,False
22206,15min,m15_2c_1atr,demand,4322.03,4316.95,2025-12-12 13:00:00+00:00,2025-12-12 12:15:00+00:00,2025-12-12 12:30:00+00:00,2025-12-12 12:45:00+00:00,2,1.8094086833887693,0.7164299385514317,0.4862204724410019,2025-12-12 15:00:00+00:00,2025-12-12 15:05:00+00:00,4332.45,4316.068571428571,16.38142857142884,2.0,True,442226,442227,0,4332.4,0.5827402135230783,1.2929275311764157,1.5102467951512657,-0.0921775529781229,1.0,tp1,2025,2025-12,2025-12-12,0.0183134211214787,0.9816865788785212,<=0.03R,3,3,2,1.0,3,3,2,1.0,0,0,0.0,0,0,0.0,True,True,True,False,False,3,3,3,3,True,10,Friday,london_ny_overlap,bull,0.822,high,inside,inside,1.1727886056972154,0.9509090909090666,0.8022288638631281,2.0394071354244696,True,value_high_half,hvn,False,True,2.700619168047383,0.8150943396226416,False,False,,True,True,True,True,False,True,True,True,True,True,True,True,True,False,False,False,False,True,True,True,True,True,False,False,True,False,True,False,True,False,False,False,True,False,True,False,False,False,True,True,True,True,False
22280,15min,m15_2c_1atr,demand,4413.37,4406.33,2025-12-22 15:00:00+00:00,2025-12-22 14:00:00+00:00,2025-12-22 14:15:00+00:00,2025-12-22 14:45:00+00:00,3,2.0983839460130613,1.7503107796128643,0.4318181818181789,2025-12-22 15:25:00+00:00,2025-12-22 15:30:00+00:00,4418.7,4405.4914285714285,13.208571428571304,0.4166666666666667,True,443887,443888,0,4418.71,0.7147147147147631,5.996863508544295,0.494375946355166,2.958684836686157,1.0,tp1,2025,2025-12,2025-12-22,0.0227125243348477,0.9772874756651524,<=0.03R,3,2,2,1.0,3,2,2,1.0,0,0,0.0,0,0,0.0,True,True,True,False,False,3,3,3,3,True,10,Monday,london_ny_overlap,bull,0.48,mid,above,above,1.236792571213438,0.6863691194209439,1.214735413881566,1.96088017524587,True,value_high_half,hvn,True,True,0.0075708414449767,1.0,False,False,,True,True,False,True,False,True,True,True,False,True,True,True,True,True,True,False,False,True,True,True,True,True,True,False,False,False,True,False,True,False,False,False,False,False,True,True,False,False,True,True,True,True,True
22296,15min,m15_2c_1atr,supply,4494.35,4487.44,2025-12-23 14:30:00+00:00,2025-12-23 13:45:00+00:00,2025-12-23 14:00:00+00:00,2025-12-23 14:15:00+00:00,2,1.60684474123541,1.3458542014470196,0.7438494934876642,2025-12-23 14:35:00+00:00,2025-12-23 14:45:00+00:00,4486.1,4494.841714285714,8.741714285713897,0.0833333333333333,True,444154,444155,1,4486.09,0.5314285714287378,0.0297424499934894,1.2983723362531003,0.1235455615113058,-1.0,stop,2025,2025-12,2025-12-23,0.0343182115309206,-1.0343182115309206,0.03-0.05R,6,3,2,1.0,6,3,2,1.0,1,1,1.0,1,1,1.0,True,True,True,True,True,8,5,8,5,False,9,Tuesday,london_ny_overlap,bull,0.186,low,inside,inside,2.283703822165329,0.2363112391929823,0.0468858930831092,0.302466727714054,True,value_high_half,hvn,False,True,0.7601483854099412,0.7627118644067796,False,False,,True,True,True,False,True,False,True,False,False,True,True,True,True,False,False,True,True,True,True,True,True,False,False,False,True,False,True,False,True,False,False,False,False,False,True,False,False,True,True,True,False,True,True
22297,15min,m15_2c_1atr,demand,4486.16,4483.5,2025-12-23 15:15:00+00:00,2025-12-23 14:15:00+00:00,2025-12-23 14:30:00+00:00,2025-12-23 15:00:00+00:00,3,1.953834472285622,0.5655277145026314,0.233082706766889,2025-12-23 15:30:00+00:00,2025-12-23 15:35:00+00:00,4491.88,4482.633285714286,9.246714285714006,0.25,True,444164,444165,0,4491.83,0.3491864831038848,0.0562361920063775,1.9953033509973064,-2.058028334389084,-1.0,stop,2025,2025-12,2025-12-23,0.0324439569267857,-1.0324439569267858,0.03-0.05R,6,4,2,1.0,6,4,2,1.0,2,1,1.0,2,1,1.0,True,True,True,True,True,10,7,10,7,False,10,Tuesday,london_ny_overlap,bull,0.376,mid,inside,inside,1.923750505186559,0.6236024844720899,0.1720112272704724,0.5317536962472701,True,value_high_half,hvn,True,True,0.0627249833917779,0.9881656804733728,False,False,,True,True,True,True,False,False,True,False,False,True,True,True,False,False,False,True,True,True,True,True,True,True,False,False,True,False,True,False,True,False,False,False,True,False,True,False,True,False,True,True,True,True,False
22333,15min,m15_2c_1atr,supply,4467.75,4457.91,2025-12-29 14:00:00+00:00,2025-12-29 13:15:00+00:00,2025-12-29 13:30:00+00:00,2025-12-29 13:45:00+00:00,2,1.6880339093576646,0.8983371372677047,0.6971544715447643,2025-12-29 14:35:00+00:00,2025-12-29 15:15:00+00:00,4457.9,4468.698714285714,10.798714285714595,0.5833333333333334,True,444949,444950,7,4457.84,0.7524950099800035,14.33318781336359,0.1926155230119865,9.000145519969013,1.0,tp1,2025,2025-12,2025-12-29,0.0277810850498067,0.9722189149501932,<=0.03R,4,2,1,0.7560975609755579,5,2,1,0.7560975609755579,1,1,0.8749999999999538,1,1,0.8749999999999538,True,True,True,True,True,6,5,7,5,True,10,Monday,london_ny_overlap,bear,0.808,high,inside,inside,1.1417766678559007,0.4284727021423703,-0.5908371910711558,-1.215720957337907,True,below_value,hvn,False,False,-4.854281594369567,0.958904109589041,False,False,,True,True,True,False,True,True,True,True,False,False,False,False,True,True,True,True,True,True,True,True,True,True,False,False,True,False,True,False,False,True,False,False,True,False,True,False,False,True,True,True,True,True,True
22350,15min,m15_2c_1atr,supply,4391.36,4380.96,2025-12-30 17:00:00+00:00,2025-12-30 16:15:00+00:00,2025-12-30 16:30:00+00:00,2025-12-30 16:45:00+00:00,2,2.1748095024653185,0.9323173464813816,0.4269230769230533,2025-12-30 19:00:00+00:00,2025-12-30 19:35:00+00:00,4373.35,4392.271571428571,18.92157142857104,2.0,True,445271,445272,6,4373.3,0.4619565217391586,5.2099266898703185,0.2848600614566647,2.6039063502730073,1.0,tp1,2025,2025-12,2025-12-30,0.0158549199326546,0.9841450800673454,<=0.03R,2,2,1,1.0,2,2,1,1.0,2,2,0.7538461538461068,2,2,0.7538461538461068,True,True,True,True,True,6,6,6,6,True,14,Tuesday,ny_main,bear,0.902,high,below,below,1.2477676048377764,0.3387931034482385,-0.2019423914628771,-0.4135736736748204,True,value_high_half,hvn,False,True,1.0258133196427492,0.8793103448275862,False,False,,True,True,True,False,True,True,True,True,True,False,False,False,True,False,False,True,True,True,True,True,True,True,True,False,False,False,True,False,True,False,False,False,True,False,True,True,False,False,True,True,True,True,False
22372,15min,m15_2c_1atr,supply,4346.79,4331.8,2026-01-02 18:15:00+00:00,2026-01-02 17:30:00+00:00,2026-01-02 17:45:00+00:00,2026-01-02 18:00:00+00:00,2,1.6346476924597506,1.036960173930224,0.6224149432955346,2026-01-02 19:00:00+00:00,2026-01-02 19:25:00+00:00,4326.14,4347.96,21.81999999999971,0.75,True,445821,445822,4,4326.15,0.6408730158731143,0.737855178735132,1.7286892758936685,-5.28185151237404,-1.0,stop,2026,2026-01,2026-01-02,0.013748854262145,-1.0137488542621451,<=0.03R,1,1,1,1.0,10,3,2,1.0,5,4,0.9199466310874026,16,4,1.0,True,True,True,True,True,11,5,42,7,False,14,Friday,ny_main,bear,0.852,high,below,below,0.5591397849462757,0.5172798216276205,-0.2710532455725544,-1.4982927487776048,True,below_value,mid_volume,False,True,-1.6248854262145005,0.4069767441860465,True,False,0.1517467248908392,True,True,False,False,True,True,True,True,True,False,False,False,True,True,False,True,True,True,True,True,True,True,True,False,False,False,False,False,False,True,False,False,False,False,True,False,False,False,True,True,True,True,False
22395,15min,m15_2c_1atr,demand,4473.44,4464.65,2026-01-06 17:00:00+00:00,2026-01-06 16:15:00+00:00,2026-01-06 16:30:00+00:00,2026-01-06 16:45:00+00:00,2,2.378033205619376,1.0477650063856854,0.5984072810011649,2026-01-06 17:30:00+00:00,2026-01-06 17:50:00+00:00,4478.33,4463.174285714285,15.155714285714566,0.5,True,446354,446355,3,4478.35,0.3536269430052309,1.4700725798849592,1.126967668960291,-0.8900933169949734,1.0,tp1,2026,2026-01,2026-01-06,0.0197945140918084,0.9802054859081916,<=0.03R,7,3,2,1.0,7,3,2,1.0,4,4,0.4414106939704352,10,4,1.0,True,True,True,True,True,15,7,27,7,True,12,Tuesday,ny_main,bull,0.698,high,above,above,0.3968579234973184,0.8256097560976325,0.2041227644960214,0.7818091143076812,True,above_value,hvn,False,True,1.5700348760486136,0.8362068965517241,True,True,0.1510312707917512,True,True,False,True,False,True,True,True,True,False,False,True,False,False,False,True,True,True,True,True,True,True,True,False,False,False,True,False,False,False,True,True,False,False,True,True,False,False,True,True,True,True,False
22420,15min,m15_2c_1atr,demand,4423.13,4411.94,2026-01-08 14:45:00+00:00,2026-01-08 14:00:00+00:00,2026-01-08 14:15:00+00:00,2026-01-08 14:30:00+00:00,2,2.381701215153631,1.5997140814868296,0.9302949061661644,2026-01-08 15:05:00+00:00,2026-01-08 15:20:00+00:00,4425.86,4410.861428571428,14.998571428571267,0.3333333333333333,True,446876,446877,2,4425.75,0.7068723702664638,4.715782455472032,0.4447090199066674,4.54243261262983,1.0,tp1,2026,2026-01,2026-01-08,0.0200019049433281,0.979998095056672,<=0.03R,3,2,2,0.6586237712242677,15,4,2,0.6586237712242677,8,4,0.8561215370867203,11,4,0.8561215370867203,True,True,True,True,True,19,7,37,7,True,10,Thursday,london_ny_overlap,bear,0.572,mid,above,above,1.86060606060609,0.889101338432082,0.9583106921705876,0.8406326859730986,True,below_value,lvn,False,False,-2.7145918658920287,0.2327586206896551,True,True,0.3904201680672348,True,True,True,True,False,True,True,True,False,False,True,True,True,True,True,True,True,True,True,True,True,False,True,False,False,True,False,False,False,True,False,True,False,False,True,True,False,True,True,True,True,True,False
22435,15min,m15_2c_1atr,supply,4476.26,4468.84,2026-01-09 14:30:00+00:00,2026-01-09 13:45:00+00:00,2026-01-09 14:00:00+00:00,2026-01-09 14:15:00+00:00,2,1.5109913487447892,1.4732662033754176,0.6994609164419877,2026-01-09 15:00:00+00:00,2026-01-09 15:15:00+00:00,4467.61,4477.136714285714,9.52671428571466,0.5,True,447151,447152,2,4467.62,0.4488188976377515,0.8922278704994625,2.195930241276332,-13.57026107037307,-1.0,stop,2026,2026-01,2026-01-09,0.0314903954293927,-1.0314903954293928,0.03-0.05R,9,4,2,1.0,18,4,2,1.0,2,1,0.5714285714285364,3,1,0.986522911051164,True,True,True,True,True,13,7,24,7,False,10,Friday,london_ny_overlap,bull,0.27,low,inside,inside,2.139492129150903,0.8690763052208729,0.507061587497996,0.4445102485924648,True,value_low_half,hvn,True,True,-0.1784455740998734,0.8968253968253969,True,True,0.1441093065223034,True,True,True,False,True,False,True,False,False,False,True,True,False,False,False,True,True,True,True,True,True,False,False,False,True,False,True,True,False,False,False,True,False,False,True,False,False,True,True,True,False,True,True
22469,15min,m15_2c_1atr,demand,4584.78,4578.0,2026-01-13 15:00:00+00:00,2026-01-13 14:15:00+00:00,2026-01-13 14:30:00+00:00,2026-01-13 14:45:00+00:00,2,2.172354948805615,1.1569965870307124,0.4601769911504437,2026-01-13 20:15:00+00:00,2026-01-13 20:35:00+00:00,4593.62,4576.614142857143,17.005857142857167,5.25,True,447767,447768,3,4593.4,0.3313373253493181,0.4951235288682086,1.3195453667223644,2.687309414403426,-1.0,stop,2026,2026-01,2026-01-13,0.0176409808385345,-1.0176409808385345,<=0.03R,12,4,2,1.0,22,4,2,1.0,2,2,0.4277286135692839,2,2,0.4277286135692839,True,True,True,True,True,16,7,26,7,False,15,Tuesday,ny_main,bull,0.918,high,above,above,0.9084062337060296,0.9604051565377252,0.0031638377090889,-0.2649178687045513,True,value_low_half,mid_volume,False,True,-0.6974067758167687,0.717948717948718,False,False,,True,True,True,True,False,True,True,True,True,False,False,True,False,False,False,True,True,True,True,True,True,True,True,False,False,False,False,True,False,False,False,False,False,False,True,True,False,False,True,True,True,True,False
22483,15min,m15_2c_1atr,supply,4639.26,4633.32,2026-01-14 11:45:00+00:00,2026-01-14 11:00:00+00:00,2026-01-14 11:15:00+00:00,2026-01-14 11:30:00+00:00,2,1.604151064512663,0.8896972290575168,0.5942760942760005,2026-01-14 12:15:00+00:00,2026-01-14 13:00:00+00:00,4633.18,4639.932857142858,6.752857142857465,0.5,True,447952,447953,8,4633.12,0.0917431192659593,1.0321557012904474,1.2913052676114345,2.20499259572662,1.0,tp1,2026,2026-01,2026-01-14,0.0444256399407636,0.9555743600592363,0.03-0.05R,3,2,2,1.0,3,2,2,1.0,1,1,0.2323232323232307,1,1,0.2323232323232307,True,True,True,True,True,5,5,5,5,True,8,Wednesday,london_ny_overlap,bull,0.22,low,inside,inside,1.3871878883741169,0.8221153846154309,0.2555498303832176,0.5326056800244815,True,value_high_half,mid_volume,False,True,2.819547281573797,0.6390977443609023,False,False,,True,True,True,False,True,False,True,False,False,False,False,False,False,False,False,True,True,True,True,True,True,False,False,False,True,False,False,False,True,False,False,False,True,False,True,False,False,False,True,True,False,True,True
22516,15min,m15_2c_1atr,demand,4597.82,4582.66,2026-01-16 16:00:00+00:00,2026-01-16 15:15:00+00:00,2026-01-16 15:30:00+00:00,2026-01-16 15:45:00+00:00,2,1.9606240713224388,1.9710252600297105,0.6312664907651584,2026-01-16 16:30:00+00:00,2026-01-16 16:35:00+00:00,4607.06,4581.314285714286,25.745714285714712,0.5,True,448547,448548,0,4607.08,0.7267657992564638,0.5200865608700165,1.6426034846298685,2.4353567861502134,-1.0,stop,2026,2026-01,2026-01-16,0.0116524248141158,-1.011652424814116,<=0.03R,10,4,2,1.0,43,4,2,1.0,11,4,1.0,13,4,1.0,True,True,True,True,True,32,7,69,7,False,11,Friday,london_ny_overlap,bear,0.686,high,inside,below,0.9257032940610692,0.8112475759534568,0.646072432331643,0.593473839618143,True,below_value,lvn,False,False,-0.6412717789368528,0.1282051282051282,False,False,,True,True,True,True,False,True,True,True,True,True,True,True,True,True,True,True,True,True,True,True,True,False,False,False,True,True,False,False,False,True,False,False,False,False,True,False,False,False,True,True,True,True,False
22526,15min,m15_2c_1atr,supply,4670.24,4666.86,2026-01-19 12:45:00+00:00,2026-01-19 12:00:00+00:00,2026-01-19 12:15:00+00:00,2026-01-19 12:30:00+00:00,2,1.506944444444297,0.5868055555555589,0.5591715976329459,2026-01-19 12:55:00+00:00,2026-01-19 13:00:00+00:00,4663.81,4670.824571428571,7.014571428570889,0.1666666666666666,True,448780,448781,0,4663.81,0.8294797687860869,0.5787951610933361,1.1775487760172625,-9.59146266954573,-1.0,stop,2026,2026-01,2026-01-19,0.0427681153517201,-1.04276811535172,0.03-0.05R,3,2,2,1.0,3,2,2,1.0,0,0,0.0,0,0,0.0,True,True,True,False,False,3,3,3,3,False,8,Monday,london_ny_overlap,bull,0.094,low,inside,inside,2.084805653710053,0.5429184549356738,-0.209779189446963,-0.2921072942935207,True,value_high_half,hvn,True,True,0.1140483076044832,0.9791666666666666,False,False,,True,True,True,False,True,False,True,False,False,True,True,True,True,True,True,False,False,True,True,True,True,False,False,False,True,False,True,False,True,False,False,False,True,False,True,False,False,False,True,True,True,True,True
22528,15min,m15_2c_1atr,demand,4666.1,4659.75,2026-01-19 14:30:00+00:00,2026-01-19 13:45:00+00:00,2026-01-19 14:00:00+00:00,2026-01-19 14:15:00+00:00,2,1.754546579240362,1.0998391686255498,0.6362204724409027,2026-01-19 15:50:00+00:00,2026-01-19 16:20:00+00:00,4667.81,4659.14,8.670000000000073,1.3333333333333333,True,448820,448821,5,4667.41,0.5938303341901893,10.498269896193628,0.9504036908881917,10.46943483275649,1.0,tp1,2026,2026-01,2026-01-19,0.0346020761245671,0.9653979238754328,0.03-0.05R,3,3,2,1.0,3,3,2,1.0,0,0,0.0,0,0,0.0,True,True,True,False,False,3,3,3,3,True,11,Monday,london_ny_overlap,bull,0.058,low,inside,above,2.174256383258657,0.8735177865611874,0.0214270066059853,0.0770014952699275,True,value_low_half,hvn,True,True,-0.210495963091096,0.8333333333333334,False,False,,True,True,False,True,False,False,True,False,False,False,False,False,True,False,False,False,False,True,True,True,True,True,False,False,True,False,True,True,False,False,False,False,False,False,True,False,False,False,True,True,True,True,False
22543,15min,m15_2c_1atr,demand,4726.16,4715.97,2026-01-20 16:00:00+00:00,2026-01-20 15:15:00+00:00,2026-01-20 15:30:00+00:00,2026-01-20 15:45:00+00:00,2,2.7357377049180225,1.5591256830600326,0.4327772325809644,2026-01-20 17:25:00+00:00,2026-01-20 17:50:00+00:00,4737.73,4714.350571428572,23.379428571427525,1.4166666666666667,True,449084,449085,4,4737.76,0.5293478260869028,6.444126704795746,0.3716942855746195,3.937221977807292,1.0,tp1,2026,2026-01,2026-01-20,0.0128317935181117,0.9871682064818884,<=0.03R,7,4,2,1.0,7,4,2,1.0,1,1,0.1138370951913542,1,1,0.1138370951913542,True,True,True,True,True,9,5,9,5,True,12,Tuesday,ny_main,bull,0.906,high,above,above,0.5405241077400494,0.8251028806584595,0.164232842429659,0.4281004836176352,True,value_high_half,mid_volume,False,True,2.0665603460919164,0.6132596685082873,True,False,0.3582230623818516,True,True,True,True,False,True,True,True,True,False,False,False,True,False,False,True,True,True,True,True,True,True,True,False,False,False,False,False,True,False,False,False,False,False,True,True,False,False,True,True,True,True,False
22567,15min,m15_2c_1atr,supply,4838.08,4829.74,2026-01-22 11:45:00+00:00,2026-01-22 11:00:00+00:00,2026-01-22 11:15:00+00:00,2026-01-22 11:30:00+00:00,2,2.1316395102641748,1.0748412040872777,0.250599520383597,2026-01-22 12:45:00+00:00,2026-01-22 13:15:00+00:00,4826.32,4838.745428571428,12.42542857142871,1.0,True,449581,449582,5,4826.27,0.9053708439897942,1.2522706891397275,1.7327370139575855,-8.67414748557102,1.0,tp1,2026,2026-01,2026-01-22,0.0241440364230032,0.9758559635769968,<=0.03R,10,4,2,1.0,10,4,2,1.0,0,0,0.0,0,0,0.0,True,True,True,False,False,10,3,10,3,True,8,Thursday,london_ny_overlap,bull,0.412,mid,inside,inside,1.2621805111820634,0.6337209302324843,0.1155113148188558,0.4993324846088307,True,value_high_half,hvn,False,True,0.7371979121156874,0.895397489539749,False,False,,True,True,True,False,True,True,True,True,False,False,False,False,True,True,True,False,False,True,True,True,True,False,False,False,True,False,True,False,True,False,False,False,False,False,True,True,True,False,True,True,False,True,True
22569,15min,m15_2c_1atr,supply,4832.61,4824.62,2026-01-22 15:00:00+00:00,2026-01-22 14:15:00+00:00,2026-01-22 14:30:00+00:00,2026-01-22 14:45:00+00:00,2,1.666433076384063,1.119831814996462,0.8548185231540705,2026-01-22 15:05:00+00:00,2026-01-22 15:10:00+00:00,4821.05,4833.370285714285,12.320285714285092,0.0833333333333333,True,449604,449605,0,4821.09,0.2235023041475166,0.0178567287400786,1.0762737413326016,-9.841492544236484,-1.0,stop,2026,2026-01,2026-01-22,0.0243500846455335,-1.0243500846455336,<=0.03R,8,4,2,1.0,8,4,2,1.0,0,0,0.0,0,0,0.0,True,True,True,False,False,8,3,8,3,False,10,Thursday,london_ny_overlap,bull,0.356,mid,inside,inside,1.337353221199572,0.9386873920552642,-0.0012522213899312,0.1512260656045687,True,value_high_half,hvn,True,True,0.3137102571832731,0.9539748953974896,False,False,,True,True,True,False,True,True,True,True,False,True,True,True,False,False,False,False,False,True,True,True,True,False,False,False,True,False,True,False,True,False,False,False,False,False,True,False,False,True,True,True,True,True,False
22615,15min,m15_2c_1atr,supply,5092.23,5078.28,2026-01-27 15:45:00+00:00,2026-01-27 15:00:00+00:00,2026-01-27 15:15:00+00:00,2026-01-27 15:30:00+00:00,2,1.6428471346504263,1.3682219419924269,0.3641577060931895,2026-01-27 15:45:00+00:00,2026-01-27 15:50:00+00:00,5075.24,5093.779142857143,18.539142857142902,0.0,True,450439,450440,0,5075.25,0.2869127516778567,1.5367485012406026,1.2654306717832526,-10.619153297270604,1.0,tp1,2026,2026-01,2026-01-27,0.0161819779000415,0.9838180220999584,<=0.03R,10,4,2,0.8315412186379646,16,4,2,0.8315412186379646,2,2,0.8014336917562385,2,2,0.8014336917562385,True,True,True,True,True,14,7,20,7,True,10,Tuesday,london_ny_overlap,bull,0.4,mid,inside,inside,0.8893081761005576,0.560634328358216,-0.3681488252715232,-0.5364933457723621,True,value_low_half,hvn,True,True,-0.0806401898685836,0.943127962085308,False,False,,True,True,True,False,True,True,True,True,True,True,True,True,False,False,False,True,True,True,True,True,True,False,False,False,True,False,True,True,False,False,False,False,False,False,True,False,False,False,True,True,True,True,False
22617,15min,m15_2c_1atr,demand,5079.58,5051.02,2026-01-27 17:45:00+00:00,2026-01-27 16:45:00+00:00,2026-01-27 17:00:00+00:00,2026-01-27 17:30:00+00:00,3,1.5459625015520426,1.654898389967263,0.8851540616246567,2026-01-27 19:15:00+00:00,2026-01-27 19:30:00+00:00,5087.57,5049.668428571429,37.901571428570605,1.5,True,450483,450484,2,5087.49,0.643497757847504,6.293934288438993,0.2957661009155367,5.2815752079636065,1.0,tp1,2026,2026-01,2026-01-27,0.0079152390967583,0.9920847609032416,<=0.03R,9,4,2,1.0,20,4,2,1.0,1,1,0.1050420168067245,1,1,0.1050420168067245,True,True,True,True,True,11,5,22,5,True,14,Tuesday,ny_main,bull,0.812,high,inside,inside,0.558795117238908,0.2932263814616894,-0.2461056408875163,-0.0634507344055384,True,value_low_half,hvn,False,True,-0.5527475302569509,0.8009478672985783,False,False,,True,True,True,True,False,True,True,True,True,False,True,True,True,True,False,True,True,True,True,True,True,True,False,False,True,False,True,True,False,False,False,False,False,False,True,False,False,True,True,True,False,True,True
22650,15min,m15_2c_1atr,supply,5144.87,5089.54,2026-01-30 15:00:00+00:00,2026-01-30 13:45:00+00:00,2026-01-30 14:00:00+00:00,2026-01-30 14:45:00+00:00,4,1.5512236103116004,1.2051278062137254,0.2716428700524085,2026-01-30 15:00:00+00:00,2026-01-30 15:10:00+00:00,5081.86,5149.969142857143,68.10914285714352,0.0,True,451259,451260,1,5081.62,0.604838709677425,9.96547558120989,0.4623461502965884,5.217067563826076,1.0,tp1,2026,2026-01,2026-01-30,0.0044046949853595,0.9955953050146404,<=0.03R,4,3,2,1.0,19,4,2,1.0,5,2,0.4935839508404035,5,2,0.4935839508404035,True,True,True,True,True,14,7,29,7,True,10,Friday,london_ny_overlap,bear,0.888,high,below,below,0.8403896778953394,0.4496848511193199,-0.5155301294105837,-0.7557597087016797,True,below_value,mid_volume,False,False,-2.937124027820865,0.4547759932375317,False,False,,True,True,True,False,True,True,True,True,True,True,True,True,True,True,False,True,True,True,True,True,True,True,True,False,False,False,False,False,False,True,False,False,False,False,True,False,True,False,True,True,True,True,False
22692,15min,m15_2c_1atr,supply,5063.25,5047.44,2026-02-04 15:15:00+00:00,2026-02-04 14:30:00+00:00,2026-02-04 14:45:00+00:00,2026-02-04 15:00:00+00:00,2,1.5046860544628349,0.8903101242910852,0.537634408602137,2026-02-04 15:20:00+00:00,2026-02-04 15:45:00+00:00,5036.94,5065.639857142857,28.69985714285758,0.0833333333333333,True,452094,452095,4,5036.9,0.5806270996641092,8.619206666036032,0.9230011100105128,6.513621272380536,1.0,tp1,2026,2026-02,2026-02-04,0.010453013703403,0.989546986296597,<=0.03R,3,3,2,0.8950031625553566,7,4,2,1.0,0,0,0.0,2,2,1.0,True,True,True,False,True,3,3,11,7,True,10,Wednesday,london_ny_overlap,bull,0.204,low,inside,inside,0.9011690453991228,0.6620171673819487,0.4527825604271031,0.2582672329931713,True,value_high_half,mid_volume,False,True,4.5677927714920505,0.60431654676259,False,False,,True,True,False,False,True,True,True,True,True,False,False,False,True,False,False,False,True,True,True,True,True,False,False,False,True,False,False,False,True,False,False,False,True,False,True,False,False,False,True,True,False,True,True
22722,15min,m15_2c_1atr,demand,4926.47,4894.53,2026-02-06 17:00:00+00:00,2026-02-06 16:15:00+00:00,2026-02-06 16:30:00+00:00,2026-02-06 16:45:00+00:00,2,1.881431557926958,1.3952385409841452,0.5275516593613054,2026-02-06 18:25:00+00:00,2026-02-06 18:40:00+00:00,4941.55,4891.8908571428565,49.659142857143706,1.4166666666666667,True,452681,452682,2,4941.74,0.6993185689949054,2.8016995863227145,0.1568694011173279,2.4364093506014832,1.0,tp1,2026,2026-02,2026-02-06,0.0060411836117071,0.9939588163882928,<=0.03R,5,4,2,1.0,24,4,2,1.0,3,2,0.5090795241077006,10,4,0.5757670632435543,True,True,True,True,True,11,7,44,7,True,13,Friday,ny_main,bull,0.25,low,above,above,1.3082768535633484,0.5534246575342665,0.0458090381883521,0.6880741144367044,True,value_high_half,mid_volume,False,True,0.8608686646682667,0.6377295492487479,True,True,0.1797505502567914,True,True,False,True,False,True,True,True,True,False,True,True,True,True,False,True,True,True,True,True,True,True,True,False,False,False,False,False,True,False,False,True,False,False,True,False,False,False,True,True,True,True,False
22733,15min,m15_2c_1atr,supply,5024.67,5007.91,2026-02-09 15:45:00+00:00,2026-02-09 15:00:00+00:00,2026-02-09 15:15:00+00:00,2026-02-09 15:30:00+00:00,2,1.564411849850418,1.1321046029142277,0.5119331742243327,2026-02-09 15:50:00+00:00,2026-02-09 16:00:00+00:00,5006.96,5026.693142857143,19.73314285714332,0.0833333333333333,True,452925,452926,1,5006.98,0.1311053984576439,0.2396982596357291,1.4594735470419349,-1.4234934700141633,-1.0,stop,2026,2026-02,2026-02-09,0.0152028494483533,-1.0152028494483534,<=0.03R,11,4,2,0.3472553699283791,15,4,2,0.8371121718376827,1,1,1.0,11,4,1.0,True,True,True,True,True,13,5,37,7,False,11,Monday,london_ny_overlap,bull,0.024,low,inside,inside,0.7739837398373898,0.8638743455497488,0.4093703220824047,0.3736302701537379,True,value_high_half,hvn,True,True,0.1793936234905681,0.8775510204081632,True,True,0.1913592047409665,True,True,True,False,True,True,True,True,True,True,True,True,False,False,False,True,True,True,True,True,True,False,False,False,True,False,True,False,True,False,False,True,False,False,True,False,False,False,True,True,False,True,True
22752,15min,m15_2c_1atr,supply,5043.81,5029.12,2026-02-10 17:45:00+00:00,2026-02-10 17:00:00+00:00,2026-02-10 17:15:00+00:00,2026-02-10 17:30:00+00:00,2,1.516316529270994,0.7812939254644511,0.3253914227365269,2026-02-10 17:55:00+00:00,2026-02-10 18:00:00+00:00,5019.64,5046.186428571429,26.546428571428805,0.1666666666666666,True,453225,453226,0,5019.69,0.5792778649921692,0.5560069958294127,1.317691376294873,-2.0258845688147176,-1.0,stop,2026,2026-02,2026-02-10,0.0113009551997846,-1.0113009551997847,<=0.03R,5,3,2,0.8162014976174455,19,4,2,1.0,1,1,1.0,7,4,1.0,True,True,True,True,True,7,5,33,7,False,13,Tuesday,ny_main,bull,0.38,mid,below,below,0.8462382267276725,0.8650497512438325,-0.5478412972917072,-0.9401449103274496,True,value_high_half,hvn,True,True,0.1587784205569797,0.9570552147239264,True,True,0.1076753966736789,True,True,True,False,True,True,True,True,True,True,True,True,True,False,False,True,True,True,True,True,True,False,True,False,False,False,True,False,True,False,False,True,True,False,True,False,True,False,True,True,True,True,True
22793,15min,m15_2c_1atr,demand,5010.43,4974.06,2026-02-13 18:30:00+00:00,2026-02-13 17:45:00+00:00,2026-02-13 18:00:00+00:00,2026-02-13 18:15:00+00:00,2,2.268240820083105,1.6159827350915463,0.8276051690953958,2026-02-13 18:55:00+00:00,2026-02-13 19:05:00+00:00,5012.77,4972.102285714286,40.66771428571428,0.4166666666666667,True,454066,454067,1,5012.85,0.6533742331289152,0.8232574804864405,1.1830023114158796,-0.5232652086246183,-1.0,stop,2026,2026-02,2026-02-13,0.0073768591441438,-1.007376859144144,<=0.03R,7,4,2,1.0,28,4,2,1.0,2,1,0.3409403354412887,11,4,1.0,True,True,True,True,True,11,7,50,7,False,14,Friday,ny_main,bear,0.846,high,above,above,0.96449094834744,0.5179597701149424,0.353805278179385,0.9100973500596324,True,value_high_half,mid_volume,True,True,0.2826566528731307,0.5163636363636364,True,True,0.166072526121689,True,True,True,True,False,True,True,True,True,True,True,True,True,True,False,True,True,True,True,True,True,False,True,False,False,False,False,False,True,False,False,True,False,False,True,True,False,True,True,True,True,True,False
22854,15min,m15_2c_1atr,demand,5004.82,4998.13,2026-02-20 08:15:00+00:00,2026-02-20 07:30:00+00:00,2026-02-20 07:45:00+00:00,2026-02-20 08:00:00+00:00,2,2.1918872526876307,0.846146896738571,0.3408071748880106,2026-02-20 17:05:00+00:00,2026-02-20 17:40:00+00:00,5036.44,4994.451714285715,41.98828571428476,8.833333333333334,True,455399,455400,6,5036.47,0.514573396926343,4.352642573779185,0.2086296177845404,4.1397260460401615,1.0,tp1,2026,2026-02,2026-02-20,0.0071448499241286,0.9928551500758712,<=0.03R,4,3,2,1.0,9,4,2,1.0,4,4,0.1674140508221162,10,4,1.0,True,True,True,True,True,12,7,29,7,True,12,Friday,ny_main,bull,0.952,high,above,above,0.6463517341704496,0.95601772928742,0.3994096447731696,0.620471120938727,True,value_high_half,hvn,False,True,0.1006233030981539,0.9523809523809524,True,True,0.3450654817586537,True,True,True,True,False,True,True,True,True,False,False,False,True,False,False,True,True,True,True,True,True,True,True,False,False,False,True,False,True,False,False,True,True,False,True,True,True,False,True,True,True,True,False
22896,15min,m15_2c_1atr,supply,5180.92,5170.21,2026-02-25 13:15:00+00:00,2026-02-25 12:30:00+00:00,2026-02-25 12:45:00+00:00,2026-02-25 13:00:00+00:00,2,1.576669957222824,1.2334649555774926,0.1988795518207378,2026-02-25 13:30:00+00:00,2026-02-25 13:40:00+00:00,5167.55,5182.0004285714285,14.450428571428349,0.25,True,456179,456180,1,5167.57,0.5028409090909708,0.057437742825221,1.0366474548456155,-1.3674334918391315,-1.0,stop,2026,2026-02,2026-02-25,0.0207606299368286,-1.0207606299368286,<=0.03R,8,4,2,0.5910364145658176,10,4,2,0.8048552754434978,7,4,1.0,9,4,1.0,True,True,True,True,True,22,7,28,7,False,8,Wednesday,london_ny_overlap,bull,0.45,mid,below,below,0.9722222222222195,0.9589603283173456,-0.1694957577856084,-0.7407218922065845,True,value_low_half,mid_volume,False,True,-0.5664191867764408,0.2995391705069124,True,True,0.1437321937321961,True,True,True,False,True,True,True,True,False,True,True,True,True,False,False,True,True,True,True,True,True,False,True,False,False,False,False,True,False,False,False,True,False,False,True,False,True,False,True,True,True,True,False
22899,15min,m15_2c_1atr,demand,5181.18,5159.16,2026-02-25 17:15:00+00:00,2026-02-25 16:30:00+00:00,2026-02-25 16:45:00+00:00,2026-02-25 17:00:00+00:00,2,1.7465668822204403,2.239918622393401,0.0921889191644239,2026-02-25 17:25:00+00:00,2026-02-25 17:40:00+00:00,5187.21,5157.304571428571,29.905428571429184,0.1666666666666666,True,456227,456228,2,5187.26,0.7242236024845284,1.0175410102322449,1.3619600836923895,-0.1294079431350193,1.0,tp1,2026,2026-02,2026-02-25,0.0100316234988389,0.989968376501161,<=0.03R,7,3,2,0.7656675749318914,12,3,2,0.7656675749318914,6,4,0.2979109900090949,13,4,1.0,True,True,True,True,True,19,7,38,7,True,12,Wednesday,ny_main,bull,0.758,high,above,above,0.7634050287791486,0.8948919449901638,0.4899355566303718,0.5886693685398752,True,value_low_half,mid_volume,False,True,-0.4540981570474426,0.7044025157232704,True,False,0.1658888888888921,True,True,True,True,False,True,True,True,True,False,True,True,True,True,True,True,True,True,True,True,True,True,True,False,False,False,False,True,False,False,False,False,False,True,True,False,True,False,True,True,True,True,False
22900,15min,m15_2c_1atr,demand,5195.83,5174.04,2026-02-25 18:00:00+00:00,2026-02-25 17:15:00+00:00,2026-02-25 17:30:00+00:00,2026-02-25 17:45:00+00:00,2,1.5113450292397528,1.7839766081871125,0.7512620468104597,2026-02-25 18:00:00+00:00,2026-02-25 18:20:00+00:00,5198.03,5172.545571428572,25.484428571428,0.0,True,456235,456236,3,5198.01,0.8338607594937784,0.7694894921829417,1.2121127186909697,-0.7196551395530263,-1.0,stop,2026,2026-02,2026-02-25,0.0117718943220232,-1.0117718943220233,<=0.03R,8,3,2,0.509866911427246,11,3,2,0.509866911427246,1,1,0.2083524552547026,8,4,1.0,True,True,True,True,True,10,5,27,7,False,13,Wednesday,ny_main,bull,0.788,high,above,above,0.7039892725444166,0.7705597788528086,0.8756500616915524,1.2111165492895852,True,value_high_half,hvn,True,True,0.0464989825719718,0.9245283018867924,True,False,0.2511111111111151,True,True,True,True,False,True,True,True,True,False,False,True,True,True,True,True,True,True,True,True,True,True,True,False,False,False,True,False,True,False,False,False,False,False,True,False,False,True,True,True,True,True,False
22914,15min,m15_2c_1atr,supply,5190.14,5185.67,2026-02-26 12:45:00+00:00,2026-02-26 12:00:00+00:00,2026-02-26 12:15:00+00:00,2026-02-26 12:30:00+00:00,2,1.8911564625850596,0.5068027210884622,0.5391498881431135,2026-02-26 14:40:00+00:00,2026-02-26 15:05:00+00:00,5177.12,5191.377428571429,14.257428571429044,1.9166666666666667,True,456472,456473,4,5177.02,0.7522477522477105,3.2712771287147695,1.1032845033165632,-2.9794994088294167,1.0,tp1,2026,2026-02,2026-02-26,0.0210416624917329,0.9789583375082672,<=0.03R,5,3,2,1.0,11,3,2,1.0,1,1,0.8635346756150901,3,2,0.8635346756150901,True,True,True,True,True,7,5,17,7,True,10,Thursday,london_ny_overlap,bull,0.458,mid,inside,above,2.3840888348037987,0.3236857649143219,-0.3871386788397004,-0.5416893209902103,True,value_low_half,hvn,True,True,-0.0592673493516685,0.9699248120300752,False,False,,True,True,True,False,True,True,True,True,False,False,False,False,True,True,True,True,True,True,True,True,True,False,False,False,True,False,True,True,False,False,False,False,True,False,True,False,False,False,True,True,True,True,False
22966,15min,m15_2c_1atr,supply,5206.08,5192.27,2026-03-04 14:45:00+00:00,2026-03-04 14:00:00+00:00,2026-03-04 14:15:00+00:00,2026-03-04 14:30:00+00:00,2,2.333706726409533,1.0313116765348629,0.2853005068791205,2026-03-04 15:10:00+00:00,2026-03-04 15:55:00+00:00,5180.4,5207.963285714286,27.56328571428639,0.4166666666666667,True,457586,457587,8,5180.36,0.9004878048780949,3.5289696957131373,0.5296901157336624,2.7645470423906833,1.0,tp1,2026,2026-03,2026-03-04,0.010884043473979,0.9891159565260208,<=0.03R,3,2,1,1.0,16,4,2,1.0,2,2,1.0,3,2,1.0,True,True,True,True,True,7,7,22,7,True,10,Wednesday,london_ny_overlap,bear,0.61,mid,below,below,2.1677947119832535,0.0467176802255279,-0.9656473092147264,-0.8767811203933535,True,value_high_half,mid_volume,False,True,1.103823408986053,0.4463840399002494,False,False,,True,True,True,False,True,True,True,True,True,False,False,False,True,True,True,True,True,True,True,True,True,True,True,False,False,False,False,False,True,False,False,False,False,False,True,True,True,False,True,True,True,True,False
22968,15min,m15_2c_1atr,supply,5196.33,5171.14,2026-03-04 16:00:00+00:00,2026-03-04 15:00:00+00:00,2026-03-04 15:15:00+00:00,2026-03-04 15:45:00+00:00,3,1.7703656814529976,1.7171933583288357,0.8547042477173517,2026-03-04 16:00:00+00:00,2026-03-04 16:15:00+00:00,5164.32,5198.1801428571425,33.86014285714282,0.0,True,457590,457591,2,5164.28,0.8861003861004422,3.0200699516076464,0.9060800519785264,2.3021166900823107,1.0,tp1,2026,2026-03,2026-03-04,0.0088599744326452,0.9911400255673548,<=0.03R,7,4,2,1.0,28,4,2,1.0,2,2,1.0,12,4,1.0,True,True,True,True,True,11,7,52,7,True,11,Wednesday,london_ny_overlap,bear,0.64,mid,below,below,2.078043315907408,0.4474916387959989,-0.5989944591261092,-0.7659149133715946,True,value_high_half,mid_volume,False,True,0.5016222191282806,0.5062344139650873,True,True,0.1437321937321961,True,True,True,False,True,True,True,True,True,False,True,True,True,True,True,True,True,True,True,True,True,True,True,False,False,False,False,False,True,False,False,True,False,False,True,False,False,True,True,True,True,True,True
22969,15min,m15_2c_1atr,supply,5185.1,5163.19,2026-03-04 17:15:00+00:00,2026-03-04 16:30:00+00:00,2026-03-04 16:45:00+00:00,2026-03-04 17:00:00+00:00,2,1.8469643930554192,1.084615112619813,0.2218165221360298,2026-03-04 17:30:00+00:00,2026-03-04 17:40:00+00:00,5152.59,5188.403571428572,35.81357142857178,0.25,True,457607,457608,1,5152.58,0.7702702702702885,1.2174155846746029,1.0423422884381297,2.1994455413949128,1.0,tp1,2026,2026-03,2026-03-04,0.0083767127385866,0.9916232872614134,<=0.03R,7,4,2,0.6503879507074168,19,4,2,0.6503879507074168,2,2,1.0,12,4,1.0,True,True,True,True,True,11,7,43,7,True,12,Wednesday,ny_main,bear,0.868,high,below,below,1.4023814023814063,0.204918032786887,-0.5650426959361297,-1.0367005818810866,True,value_high_half,hvn,True,True,0.206485969006173,0.9794520547945206,True,True,0.1437321937321961,True,True,True,False,True,True,True,True,True,True,True,True,True,True,True,True,True,True,True,True,True,True,True,False,False,False,True,False,True,False,False,True,False,False,True,False,True,False,True,True,True,True,False
22992,15min,m15_2c_1atr,demand,5082.97,5065.56,2026-03-06 15:45:00+00:00,2026-03-06 15:00:00+00:00,2026-03-06 15:15:00+00:00,2026-03-06 15:30:00+00:00,2,2.52803638079706,1.0456905058131918,0.4267662263067405,2026-03-06 15:55:00+00:00,2026-03-06 16:15:00+00:00,5095.87,5062.6172857142865,33.25271428571341,0.1666666666666666,True,458142,458143,3,5096.41,0.7604456824512277,2.9017180122783373,1.5782170306183667,-0.6107772083052304,1.0,tp1,2026,2026-03,2026-03-06,0.0090218199158825,0.9909781800841176,<=0.03R,6,3,2,0.9350947731189426,14,3,2,1.0,0,0,0.0,5,4,0.5755313038483406,True,True,True,False,True,6,3,24,7,True,11,Friday,london_ny_overlap,bear,0.778,high,above,above,0.9714999826430918,0.7879642689233604,0.4115058004001913,0.4535900359326226,True,value_low_half,mid_volume,False,True,-0.3153126060600837,0.5352941176470588,False,False,,True,True,True,True,False,True,True,True,True,False,False,True,True,True,True,False,True,True,True,True,True,False,True,False,False,False,False,True,False,False,False,False,False,False,True,True,False,False,True,True,True,True,True
23001,15min,m15_2c_1atr,demand,5096.88,5087.33,2026-03-09 11:15:00+00:00,2026-03-09 10:30:00+00:00,2026-03-09 10:45:00+00:00,2026-03-09 11:00:00+00:00,2,1.6461413814057184,0.6770305853757425,0.0450261780104055,2026-03-09 11:45:00+00:00,2026-03-09 12:10:00+00:00,5108.87,5085.605714285714,23.264285714285503,0.5,True,458381,458382,4,5108.76,0.4454756380510196,0.0980042984341317,1.0754682222904406,3.371261897451685,-1.0,stop,2026,2026-03,2026-03-09,0.012895302425545,-1.0128953024255452,<=0.03R,5,3,2,1.0,15,4,2,1.0,2,2,1.0,2,2,1.0,True,True,True,True,True,9,7,19,7,False,8,Monday,london_ny_overlap,bear,0.348,mid,above,above,1.2581568402976724,0.7584541062801858,0.2055238990275126,0.3889771932262891,True,value_low_half,hvn,True,True,-0.1566779244703917,0.993975903614458,False,False,,True,True,True,True,False,True,True,True,True,False,False,False,False,False,False,True,True,True,True,True,True,False,True,False,False,False,True,True,False,False,False,False,True,False,True,False,True,False,True,True,True,True,False
23005,15min,m15_2c_1atr,demand,5088.4,5060.79,2026-03-09 16:45:00+00:00,2026-03-09 16:00:00+00:00,2026-03-09 16:15:00+00:00,2026-03-09 16:30:00+00:00,2,2.513707088169907,1.5910924508108777,0.1075697211155154,2026-03-09 16:55:00+00:00,2026-03-09 17:00:00+00:00,5093.79,5058.088857142857,35.70114285714317,0.1666666666666666,True,458439,458440,0,5093.72,0.2218963831867381,4.061774733101752,0.3985866798981868,3.7374153688557143,1.0,tp1,2026,2026-03,2026-03-09,0.0084030923379803,0.9915969076620196,<=0.03R,8,3,2,0.3002535313292307,29,4,2,1.0,3,2,0.8272365085113911,9,4,0.8272365085113911,True,True,True,True,True,14,7,47,7,True,13,Monday,ny_main,bear,0.69,high,inside,inside,0.9131009479210171,0.874176548089596,0.0562378519005334,-0.0077548289418135,True,value_low_half,mid_volume,False,True,-0.5925580613665961,0.572289156626506,False,False,,True,True,True,True,False,True,True,True,True,True,True,True,False,False,False,True,True,True,True,True,True,False,False,False,True,False,False,True,False,False,False,False,False,False,True,True,True,False,True,True,True,True,True
23017,15min,m15_2c_1atr,demand,5176.61,5156.59,2026-03-10 13:15:00+00:00,2026-03-10 12:30:00+00:00,2026-03-10 12:45:00+00:00,2026-03-10 13:00:00+00:00,2,1.8211543929485856,1.9923230025589864,0.2562437562437678,2026-03-10 13:40:00+00:00,2026-03-10 14:25:00+00:00,5177.77,5155.314857142857,22.455142857143073,0.4166666666666667,True,458684,458685,8,5177.76,0.6279461279462498,2.717862913999937,0.744595574669504,-0.0752611555736735,1.0,tp1,2026,2026-03,2026-03-10,0.0133599684450267,0.9866400315549732,<=0.03R,6,2,2,0.8966033966034087,24,4,2,1.0,0,0,0.0,12,4,1.0,True,True,True,False,True,6,3,48,7,True,10,Tuesday,london_ny_overlap,bull,0.156,low,inside,inside,1.425451155357275,0.9156706507303848,0.1915972130046986,0.1630480841104392,True,value_high_half,mid_volume,False,True,1.4183833165803597,0.6168582375478927,True,False,0.2885828291929487,True,True,True,True,False,True,True,True,True,False,False,False,True,True,False,False,True,True,True,True,True,True,False,False,True,False,False,False,True,False,False,False,False,False,True,False,True,False,True,True,True,True,False
23028,15min,m15_2c_1atr,supply,5195.34,5186.51,2026-03-11 12:45:00+00:00,2026-03-11 12:00:00+00:00,2026-03-11 12:15:00+00:00,2026-03-11 12:30:00+00:00,2,1.5882747818303729,0.9220556425747564,0.6636466591167192,2026-03-11 12:45:00+00:00,2026-03-11 13:20:00+00:00,5182.2,5196.457714285714,14.257714285714428,0.0,True,458947,458948,6,5182.18,0.6963855421686288,0.4439701815558399,1.0183960562703105,0.8058795238667555,-1.0,stop,2026,2026-03,2026-03-11,0.0210412408320305,-1.0210412408320306,<=0.03R,2,1,1,0.8199320498301066,12,4,2,1.0,0,0,0.0,8,3,1.0,True,True,True,False,True,2,2,28,7,False,9,Wednesday,london_ny_overlap,bull,0.17,low,inside,below,1.379178470254936,0.1016617790811347,-0.5250037994120986,-0.9298642684430202,True,value_low_half,hvn,True,True,-0.1630696164482241,0.8175675675675675,True,False,0.4864287240863483,True,True,False,False,True,True,True,True,False,False,False,False,True,True,False,False,True,True,True,False,True,False,False,False,True,False,True,True,False,False,False,False,True,False,True,False,False,True,True,True,True,True,False
23030,15min,m15_2c_1atr,supply,5196.72,5188.03,2026-03-11 15:00:00+00:00,2026-03-11 14:15:00+00:00,2026-03-11 14:30:00+00:00,2026-03-11 14:45:00+00:00,2,2.3074511695201205,0.7334217506631645,0.3693901035673013,2026-03-11 16:05:00+00:00,2026-03-11 16:40:00+00:00,5185.14,5198.741857142857,13.601857142856716,1.0833333333333333,True,458987,458988,6,5184.85,0.361221779548398,5.547036644155963,0.6153571466081426,3.9788684318319048,1.0,tp1,2026,2026-03,2026-03-11,0.0220558117063853,0.9779441882936146,<=0.03R,4,2,2,0.9919447640965922,10,4,2,0.9919447640965922,0,0,0.0,7,3,1.0,True,True,True,False,True,4,3,24,7,True,12,Wednesday,ny_main,bull,0.746,high,inside,below,0.9007400555041504,0.3384259259259109,-0.0607169442437736,-0.1405256463095387,True,value_low_half,hvn,True,True,-0.1378488231649083,0.8511904761904762,True,False,0.4864287240863483,True,True,True,False,True,True,True,True,False,False,False,False,False,False,False,False,True,True,True,True,True,False,False,False,True,False,True,True,False,False,False,False,True,False,True,True,False,False,True,True,True,True,False
23031,15min,m15_2c_1atr,demand,5178.34,5165.13,2026-03-11 16:15:00+00:00,2026-03-11 15:30:00+00:00,2026-03-11 15:45:00+00:00,2026-03-11 16:00:00+00:00,2,1.620742047738058,0.9064353281380144,0.757002271006811,2026-03-11 16:40:00+00:00,2026-03-11 16:50:00+00:00,5189.14,5163.165714285715,25.974285714285543,0.4166666666666667,True,458989,458990,1,5189.17,0.8035320088299585,0.1682433175668212,1.1692333076669268,-2.1455835441645905,-1.0,stop,2026,2026-03,2026-03-11,0.011549884501155,-1.011549884501155,<=0.03R,4,4,2,1.0,17,4,2,1.0,2,1,0.4867524602574015,13,4,1.0,True,True,True,True,True,8,7,43,7,False,12,Wednesday,ny_main,bull,0.758,high,inside,inside,0.8896299680219126,0.3441608662026077,0.107066126887727,0.0532290783113943,True,below_value,mid_volume,False,True,-0.8668188318116652,0.3095238095238095,True,False,0.2355863314767391,True,True,True,True,False,True,True,True,True,True,True,True,True,True,True,True,True,True,True,True,True,True,False,False,True,False,False,False,False,True,False,False,True,False,True,False,False,True,True,True,True,True,False
23045,15min,m15_2c_1atr,supply,5180.84,5175.46,2026-03-12 14:15:00+00:00,2026-03-12 13:30:00+00:00,2026-03-12 13:45:00+00:00,2026-03-12 14:00:00+00:00,2,1.850246728169908,0.8079811199313752,0.8066914498141371,2026-03-12 14:30:00+00:00,2026-03-12 14:40:00+00:00,5170.36,5181.867,11.507000000000517,0.25,True,459239,459240,1,5170.04,0.4911971830986386,0.1503432693142857,1.3157208655600632,5.046493438776145,-1.0,stop,2026,2026-03,2026-03-12,0.0260710871643335,-1.0260710871643337,<=0.03R,7,4,2,1.0,13,4,2,1.0,7,4,1.0,21,4,1.0,True,True,True,True,True,21,7,55,7,False,10,Thursday,london_ny_overlap,bull,0.032,low,inside,below,1.600616332819777,0.7003891050583153,-0.274407338629683,-0.2682780398836308,True,value_low_half,hvn,True,True,-0.0521421743286987,0.978102189781022,True,True,0.2064671994053243,True,True,True,False,True,True,True,True,False,True,True,True,True,False,False,True,True,True,True,True,True,False,False,False,True,False,True,True,False,False,False,True,True,False,True,False,False,True,True,True,True,True,False
23046,15min,m15_2c_1atr,demand,5180.57,5167.51,2026-03-12 15:00:00+00:00,2026-03-12 14:00:00+00:00,2026-03-12 14:15:00+00:00,2026-03-12 14:45:00+00:00,3,1.742784213626623,1.7950127626153225,0.7856049004594654,2026-03-12 15:00:00+00:00,2026-03-12 15:10:00+00:00,5183.04,5166.338571428571,16.70142857142855,0.0,True,459245,459246,1,5182.98,0.4494875549047938,0.1143614746386023,1.4226327944572896,-5.513300829698061,-1.0,stop,2026,2026-03,2026-03-12,0.0179625352835514,-1.0179625352835515,<=0.03R,13,4,2,1.0,24,4,2,1.0,2,1,0.6630934150076717,8,4,1.0,True,True,True,True,True,17,7,40,7,False,11,Thursday,london_ny_overlap,bull,0.05,low,above,above,1.524806732557036,0.7645429362879962,0.7751689643275541,0.9934211948144052,True,value_low_half,mid_volume,True,True,-0.2820118039517603,0.7372262773722628,True,False,0.2355863314767391,True,True,True,True,False,True,True,True,True,True,True,True,False,False,False,True,True,True,True,True,True,True,True,False,False,False,False,True,False,False,False,False,False,False,True,False,False,True,True,True,True,True,False
23076,15min,m15_2c_1atr,demand,5018.22,4993.65,2026-03-16 14:30:00+00:00,2026-03-16 13:45:00+00:00,2026-03-16 14:00:00+00:00,2026-03-16 14:15:00+00:00,2,1.9478326749283,1.8614643649548608,0.7533577533577063,2026-03-16 14:45:00+00:00,2026-03-16 14:55:00+00:00,5018.53,4992.122857142856,26.4071428571433,0.25,True,459794,459795,1,5018.62,0.1402714932127112,0.7361644576683868,1.1553692182850506,-0.0692994319718651,-1.0,stop,2026,2026-03,2026-03-16,0.011360562618339,-1.011360562618339,<=0.03R,7,4,2,1.0,7,4,2,1.0,0,0,0.0,8,4,1.0,True,True,True,False,True,7,3,23,7,False,10,Monday,london_ny_overlap,bear,0.644,mid,inside,above,2.0678765283184037,0.7629704984740646,0.600815328922791,1.135149540326656,True,value_low_half,mid_volume,True,True,-0.3148769272383153,0.7301587301587301,True,True,0.30107973421927,True,True,True,True,False,True,True,True,True,True,True,True,False,False,False,False,True,True,True,True,True,False,False,False,True,False,False,True,False,False,False,True,False,False,True,False,False,True,True,True,True,True,False
23091,15min,m15_2c_1atr,demand,5011.69,5002.04,2026-03-17 14:30:00+00:00,2026-03-17 13:45:00+00:00,2026-03-17 14:00:00+00:00,2026-03-17 14:15:00+00:00,2,1.7854187043864218,1.016477315476608,0.6352331606217027,2026-03-17 14:45:00+00:00,2026-03-17 15:05:00+00:00,5017.12,5001.052,16.06800000000021,0.25,True,460072,460073,3,5017.13,0.7668097281830959,0.891834702514298,1.4581777445855106,-7.766990291262045,-1.0,stop,2026,2026-03,2026-03-17,0.0186706497386106,-1.0186706497386109,<=0.03R,6,3,2,0.7626943005181296,14,4,2,1.0,2,1,1.0,3,1,1.0,True,True,True,True,True,10,7,20,7,False,11,Tuesday,london_ny_overlap,bear,0.378,mid,above,above,1.4134253931722387,0.8243412797992784,0.4292091438048004,0.4463064634350493,True,value_low_half,mid_volume,True,True,-0.2417849141150216,0.7368421052631579,False,False,,True,True,True,True,False,True,True,True,True,False,False,True,True,True,True,True,True,True,True,True,True,False,True,False,False,False,False,True,False,False,False,False,False,False,True,False,False,False,True,True,True,True,False
23131,15min,m15_2c_1atr,supply,4490.96,4472.63,2026-03-23 02:15:00+00:00,2026-03-23 01:30:00+00:00,2026-03-23 01:45:00+00:00,2026-03-23 02:00:00+00:00,2,1.9860712156522744,0.6954094629017344,0.1822149481724036,2026-03-23 14:50:00+00:00,2026-03-23 15:20:00+00:00,4423.58,4496.504857142857,72.92485714285704,12.583333333333334,True,461177,461178,5,4423.43,0.7961891799931737,0.2974294479248647,1.1130635448622288,0.2265345541594613,-1.0,stop,2026,2026-03,2026-03-23,0.0041138236227506,-1.0041138236227507,<=0.03R,3,3,2,1.0,3,3,2,1.0,2,2,1.0,2,2,1.0,True,True,True,True,True,7,7,7,7,False,11,Monday,london_ny_overlap,bear,0.998,high,inside,inside,3.2378596692476846,0.0941225685003129,-0.0201101959922051,0.7788211976479398,True,value_high_half,mid_volume,False,True,0.59026512613767,0.4267291910902696,False,False,,True,False,True,False,True,True,True,True,True,False,False,False,True,True,True,True,True,True,True,True,True,True,False,False,True,False,False,False,True,False,False,False,True,False,True,False,True,False,True,True,True,True,False
23182,15min,m15_2c_1atr,supply,4463.8,4447.88,2026-03-26 10:30:00+00:00,2026-03-26 09:30:00+00:00,2026-03-26 09:45:00+00:00,2026-03-26 10:15:00+00:00,3,1.560587089593779,0.7751808569838669,0.7675879396985049,2026-03-26 12:25:00+00:00,2026-03-26 12:40:00+00:00,4431.03,4465.708714285714,34.678714285714705,1.9166666666666667,True,461973,461974,2,4431.52,0.6006896551723536,0.414663585319935,1.1159583276690743,0.2725014521052351,-1.0,stop,2026,2026-03,2026-03-26,0.0086508397493727,-1.0086508397493728,<=0.03R,2,2,2,1.0,12,4,2,1.0,3,2,0.9660804020100529,3,2,0.9660804020100529,True,True,True,True,True,8,6,18,7,False,8,Thursday,london_ny_overlap,bear,0.28,low,below,below,0.99128855125716,0.2395783421178738,-0.1779942534663364,-0.931521889966909,True,below_value,mid_volume,False,False,-2.909854130363996,0.6066066066066066,False,False,,True,True,True,False,True,True,True,True,True,False,True,True,True,True,False,True,True,True,True,True,True,True,True,False,False,False,False,False,False,True,False,False,True,False,True,False,False,True,True,True,True,True,False
23252,15min,m15_2c_1atr,supply,4629.9,4616.83,2026-04-02 14:45:00+00:00,2026-04-02 14:00:00+00:00,2026-04-02 14:15:00+00:00,2026-04-02 14:30:00+00:00,2,1.8009389671361862,0.8590610328638307,0.5332823259372923,2026-04-02 15:20:00+00:00,2026-04-02 16:00:00+00:00,4601.81,4632.050428571428,30.2404285714274,0.5833333333333334,True,463381,463382,7,4601.67,0.8722800378429193,0.6970800678373397,1.1507773415909843,-2.2469919643996783,-1.0,stop,2026,2026-04,2026-04-02,0.0099204943240604,-1.0099204943240605,<=0.03R,1,1,1,1.0,6,4,2,1.0,1,1,0.2088752869166437,1,1,0.2088752869166437,True,True,True,True,True,3,3,8,5,False,12,Thursday,ny_main,bear,0.712,high,below,below,1.6996265753850843,0.1998794091046154,-1.0878915790686416,-1.6140615087715549,True,value_high_half,hvn,True,True,0.0038028561575492,1.0,False,False,,True,True,True,False,True,True,True,True,True,False,False,False,True,True,True,True,True,True,True,True,True,True,True,False,False,False,True,False,True,False,False,False,True,False,True,False,False,False,True,True,True,True,True
23279,15min,m15_2c_1atr,supply,4680.04,4662.61,2026-04-07 14:00:00+00:00,2026-04-07 13:00:00+00:00,2026-04-07 13:15:00+00:00,2026-04-07 13:45:00+00:00,3,1.5656452695146423,1.0915678819056267,0.351118760757355,2026-04-07 14:40:00+00:00,2026-04-07 15:10:00+00:00,4656.12,4681.796857142857,25.676857142857443,0.6666666666666666,True,463923,463924,5,4656.19,0.1411501120239194,1.8857448063291933,1.1812193303586165,-5.340996339115774,1.0,tp1,2026,2026-04,2026-04-07,0.0116836729016678,0.9883163270983322,<=0.03R,7,3,2,1.0,18,3,2,1.0,2,1,1.0,9,4,1.0,True,True,True,True,True,11,7,36,7,True,11,Tuesday,london_ny_overlap,bear,0.638,mid,below,below,1.421889700282244,0.2457057505601107,-0.1859655410695226,-0.2994086219960125,True,above_value,mid_volume,False,True,0.4702678342921237,0.609271523178808,True,True,0.1552770959824312,True,True,True,False,True,True,True,True,True,False,False,False,False,False,False,True,True,True,True,True,True,True,True,False,False,False,False,False,False,False,True,True,False,False,True,False,False,False,True,True,True,True,False
23336,15min,m15_2c_1atr,supply,4723.97,4717.42,2026-04-13 14:45:00+00:00,2026-04-13 13:45:00+00:00,2026-04-13 14:00:00+00:00,2026-04-13 14:30:00+00:00,3,1.6452629028350043,0.7406509974961817,0.6717557251907655,2026-04-13 15:10:00+00:00,2026-04-13 15:25:00+00:00,4707.4,4725.260571428572,17.860571428572257,0.4166666666666667,True,465030,465031,2,4707.41,0.7674684994272799,0.1954024827232958,1.2530394164319931,-4.232227412336643,-1.0,stop,2026,2026-04,2026-04-13,0.0167967750191955,-1.0167967750191955,<=0.03R,3,3,2,1.0,6,3,2,1.0,0,0,0.0,4,3,1.0,True,True,True,False,True,3,3,14,7,False,11,Monday,london_ny_overlap,bear,0.264,low,inside,below,1.099656870058153,0.4817987152034186,-0.3818763764270956,-0.711050612148368,True,value_high_half,hvn,False,True,0.3608507166623678,0.9627659574468084,False,False,,True,True,True,False,True,True,True,True,True,False,True,True,True,True,True,False,True,True,True,True,True,True,False,False,True,False,True,False,True,False,False,False,True,False,True,False,False,True,True,True,True,True,False
23367,15min,m15_2c_1atr,supply,4829.72,4817.25,2026-04-16 11:15:00+00:00,2026-04-16 10:15:00+00:00,2026-04-16 10:30:00+00:00,2026-04-16 11:00:00+00:00,3,1.9676781569672936,1.5007306799622082,0.2558139534883348,2026-04-16 12:05:00+00:00,2026-04-16 12:30:00+00:00,4812.93,4830.485285714286,17.555285714285674,0.8333333333333334,True,465823,465824,4,4813.17,0.4742063492064176,2.5747231196140015,0.6345667157632305,1.412110312726327,1.0,tp1,2026,2026-04,2026-04-16,0.0170888702629245,0.9829111297370756,<=0.03R,9,4,2,1.0,13,4,2,1.0,1,1,1.0,2,1,1.0,True,True,True,True,True,11,5,17,7,True,8,Thursday,london_ny_overlap,bull,0.338,mid,inside,inside,1.2322413793102491,0.9749687108886328,-0.1192203168867976,-0.50149089206784,True,value_low_half,mid_volume,True,True,-0.1005395200468394,0.71,False,False,,True,True,True,False,True,True,True,True,True,False,False,False,True,False,False,True,True,True,True,True,True,False,False,False,True,False,False,True,False,False,False,False,False,False,True,False,True,False,True,True,True,True,True
23407,15min,m15_2c_1atr,supply,4798.16,4791.91,2026-04-21 15:30:00+00:00,2026-04-21 14:45:00+00:00,2026-04-21 15:00:00+00:00,2026-04-21 15:15:00+00:00,2,1.9928212491027049,0.8973438621679976,0.2416000000000349,2026-04-21 16:40:00+00:00,2026-04-21 17:00:00+00:00,4779.06,4799.849857142857,20.789857142856818,1.1666666666666667,True,466705,466706,3,4779.12,0.8319604612850781,5.317977860082973,0.1688323289515872,2.094290485057992,1.0,tp1,2026,2026-04,2026-04-21,0.0144301135856085,0.9855698864143914,<=0.03R,4,4,2,1.0,20,4,2,1.0,0,0,0.0,10,4,1.0,True,True,True,False,True,4,3,40,7,True,13,Tuesday,ny_main,bear,0.878,high,below,below,0.4063602197166454,0.5625000000000429,-0.1309166394875884,-0.3345478529310748,True,value_high_half,mid_volume,False,True,0.2542105009997977,0.4887218045112781,True,False,0.159751317745643,True,True,True,False,True,True,True,True,True,False,False,True,True,True,True,False,True,True,True,True,True,True,True,False,False,False,False,False,True,False,False,False,True,False,True,False,True,False,True,True,True,True,True
23421,15min,m15_2c_1atr,supply,4762.49,4755.14,2026-04-22 13:15:00+00:00,2026-04-22 12:30:00+00:00,2026-04-22 12:45:00+00:00,2026-04-22 13:00:00+00:00,2,1.673414959388984,1.2474239301732788,0.278911564625772,2026-04-22 13:20:00+00:00,2026-04-22 13:25:00+00:00,4750.45,4763.389428571429,12.939428571428834,0.0833333333333333,True,466938,466939,0,4750.64,0.4950980392156535,5.111508567390771,0.8130189012542126,3.953806747924303,1.0,tp1,2026,2026-04,2026-04-22,0.0231849496555374,0.9768150503444626,<=0.03R,5,4,2,0.7755102040816655,9,4,2,0.7755102040816655,0,0,0.0,6,4,1.0,True,True,True,False,True,5,3,21,7,True,9,Wednesday,london_ny_overlap,bear,0.132,low,inside,inside,1.9310908666198885,0.829172141918497,-0.140970952718493,-0.4102905723322991,True,value_high_half,hvn,False,True,3.791898516163184,0.7607843137254902,True,True,0.1003875968992234,True,True,True,False,True,True,True,True,False,True,True,True,True,False,False,False,True,True,True,True,True,True,False,False,True,False,True,False,True,False,False,True,False,False,True,False,True,False,True,True,True,True,False
23415,15min,m15_2c_1atr,demand,4745.31,4736.02,2026-04-22 04:45:00+00:00,2026-04-22 04:00:00+00:00,2026-04-22 04:15:00+00:00,2026-04-22 04:30:00+00:00,2,1.5494451536874407,1.2772267504664483,0.1797631862217523,2026-04-22 15:45:00+00:00,2026-04-22 16:25:00+00:00,4747.15,4734.780000000001,12.36999999999898,11.0,True,466974,466975,7,4747.25,0.4371327849588906,1.1172190784156637,1.124494745351738,-1.276475343573263,1.0,tp1,2026,2026-04,2026-04-22,0.0242522231204547,0.9757477768795452,<=0.03R,3,3,2,1.0,5,3,2,1.0,2,2,0.8740581270183888,9,4,1.0,True,True,True,True,True,7,7,23,7,True,12,Wednesday,ny_main,bear,0.56,mid,inside,inside,1.4333766796705014,0.996353026987587,0.1464334096510732,-0.2655922743954094,True,value_low_half,hvn,False,True,-1.1790622473727026,0.7886178861788617,True,True,0.3891625615763494,False,True,True,True,False,True,True,True,False,False,False,False,False,False,False,True,True,True,True,True,True,False,False,False,True,False,True,True,False,False,False,True,False,False,True,False,True,False,True,True,True,True,False
23424,15min,m15_2c_1atr,demand,4750.89,4739.23,2026-04-22 16:45:00+00:00,2026-04-22 16:00:00+00:00,2026-04-22 16:15:00+00:00,2026-04-22 16:30:00+00:00,2,1.516271186440744,1.3833898305085546,0.1672384219553765,2026-04-22 16:50:00+00:00,2026-04-22 16:55:00+00:00,4755.11,4737.8631428571425,17.246857142857152,0.0833333333333333,True,466980,466981,0,4755.13,0.2334682860998107,0.1368365250812079,1.2680571201378237,-1.236747067788743,-1.0,stop,2026,2026-04,2026-04-22,0.0173944735272678,-1.017394473527268,<=0.03R,6,4,2,0.6732418524871226,8,4,2,1.0,2,2,1.0,9,4,1.0,True,True,True,True,True,10,7,26,7,False,12,Wednesday,ny_main,bear,0.624,mid,inside,inside,1.372457873329387,0.2083333333332807,0.2384758047809912,0.0402674397650269,True,value_high_half,hvn,True,True,0.0469650785235937,0.759493670886076,True,True,0.3443508660416331,True,True,True,True,False,True,True,True,True,True,True,True,False,False,False,True,True,True,True,True,True,False,False,False,True,False,True,False,True,False,False,True,False,False,True,False,True,False,True,True,True,True,False
23465,15min,m15_2c_1atr,supply,4709.16,4702.62,2026-04-27 15:45:00+00:00,2026-04-27 15:00:00+00:00,2026-04-27 15:15:00+00:00,2026-04-27 15:30:00+00:00,2,1.555901657581496,1.0185782623206356,0.614678899082639,2026-04-27 15:45:00+00:00,2026-04-27 16:00:00+00:00,4699.25,4710.137,10.886999999999716,0.0,True,467797,467798,2,4699.26,0.629692832764472,13.267199412143231,0.3866997336272753,12.232938366859903,1.0,tp1,2026,2026-04,2026-04-27,0.0275558004960051,0.9724441995039949,<=0.03R,2,2,1,0.5703363914372452,10,4,2,1.0,1,1,0.8103975535168519,6,2,1.0,True,True,True,True,True,4,4,22,7,True,12,Monday,ny_main,bear,0.254,low,below,below,1.0985074626865374,0.3580246913581063,-0.86049819133292,-1.331730213771393,True,value_low_half,hvn,False,True,-0.492330302195345,0.9823008849557522,False,False,,True,True,True,False,True,True,True,True,False,False,True,True,True,True,False,True,True,True,True,True,True,True,True,False,False,False,True,True,False,False,False,False,False,False,True,False,False,False,True,True,True,True,True
23484,15min,m15_2c_1atr,supply,4575.7,4570.37,2026-04-29 12:45:00+00:00,2026-04-29 12:00:00+00:00,2026-04-29 12:15:00+00:00,2026-04-29 12:30:00+00:00,2,1.699927867275855,0.5980604311933899,0.1482176360225092,2026-04-29 13:15:00+00:00,2026-04-29 13:45:00+00:00,4566.42,4576.684285714286,10.264285714285506,0.5,True,468322,468323,5,4566.28,0.9237472766885744,5.468475991649391,1.4272790535838489,-6.243006263048136,1.0,tp1,2026,2026-04,2026-04-29,0.029227557411274,0.970772442588726,<=0.03R,3,2,2,1.0,3,2,2,1.0,0,0,0.0,1,1,1.0,True,True,True,False,True,3,3,5,5,True,9,Wednesday,london_ny_overlap,bear,0.634,mid,inside,above,2.0192520119930464,0.8912386706948238,0.2306317733916606,-0.3334233434519769,True,below_value,hvn,False,True,-2.3591510090466867,0.8790322580645161,False,False,,True,True,True,False,True,True,True,True,False,False,False,False,True,True,True,False,True,True,True,True,True,True,False,False,True,False,True,False,False,True,False,False,True,False,True,False,True,False,True,True,False,True,True
23590,15min,m15_2c_1atr,demand,4719.85,4703.91,2026-05-08 15:45:00+00:00,2026-05-08 15:00:00+00:00,2026-05-08 15:15:00+00:00,2026-05-08 15:30:00+00:00,2,2.1038721573447683,1.7145052243393433,0.8331242158092422,2026-05-08 15:45:00+00:00,2026-05-08 15:50:00+00:00,4724.49,4702.407142857142,22.082857142857392,0.0,True,470278,470279,0,4724.48,0.0728476821191071,1.1325527235088595,1.0130029758053918,0.5203131064820647,1.0,tp1,2026,2026-05,2026-05-08,0.0135851986026651,0.9864148013973348,<=0.03R,11,4,2,0.798619824341284,17,4,2,0.798619824341284,1,1,0.9623588456712456,8,4,1.0,True,True,True,True,True,13,5,33,7,True,11,Friday,london_ny_overlap,bull,0.604,mid,above,above,1.2913556988623631,0.4010946051602911,0.5772338188147308,0.6484280439162031,True,value_high_half,hvn,True,True,0.1417389054211445,0.7654320987654321,False,False,,True,True,True,True,False,True,True,True,True,True,True,True,False,False,False,True,True,True,True,True,True,True,True,False,False,False,True,False,True,False,False,False,False,False,True,True,False,True,True,True,True,True,False
23603,15min,m15_2c_1atr,supply,4673.72,4664.29,2026-05-11 12:30:00+00:00,2026-05-11 11:00:00+00:00,2026-05-11 11:15:00+00:00,2026-05-11 12:15:00+00:00,5,1.851440029165187,1.2032446226759466,0.449628844114491,2026-05-11 12:45:00+00:00,2026-05-11 12:55:00+00:00,4661.7,4674.646142857143,12.94614285714306,0.25,True,470518,470519,1,4661.71,0.0498866213152521,0.424836961919153,1.103031239310072,-2.5188969687606955,-1.0,stop,2026,2026-05,2026-05-11,0.0231729251955901,-1.02317292519559,<=0.03R,5,3,2,1.0,5,3,2,1.0,0,0,0.0,4,4,0.5524920466595838,True,True,True,False,True,5,3,13,7,False,8,Monday,london_ny_overlap,bear,0.26,low,inside,inside,1.2328513162773542,0.0653669724771332,-0.9580383878886868,-1.6207734700890752,True,value_low_half,mid_volume,False,True,-0.3665184335102426,0.5855855855855856,True,True,0.1294027565084274,True,True,True,False,True,True,True,True,False,True,True,True,False,False,False,False,True,True,True,True,True,True,False,False,True,False,False,True,False,False,False,True,False,False,True,False,False,False,True,True,True,True,False
23616,15min,m15_2c_1atr,demand,4698.13,4687.28,2026-05-12 14:45:00+00:00,2026-05-12 14:00:00+00:00,2026-05-12 14:15:00+00:00,2026-05-12 14:30:00+00:00,2,1.5664858133949375,1.3510628835719984,0.245161290322559,2026-05-12 15:20:00+00:00,2026-05-12 15:40:00+00:00,4701.69,4686.023714285714,15.66628571428555,0.5833333333333334,True,470827,470828,3,4701.71,0.7281964436917927,0.6306536329150997,1.4310986285380416,-1.463652611613632,-1.0,stop,2026,2026-05,2026-05-12,0.0191494018091627,-1.0191494018091627,<=0.03R,3,3,2,1.0,21,4,2,1.0,0,0,0.0,12,4,1.0,True,True,True,False,True,3,3,45,7,False,11,Tuesday,london_ny_overlap,bull,0.578,mid,inside,inside,1.0011906533710768,0.6929217668973103,0.1747840416563863,0.1067984457124177,True,below_value,mid_volume,False,False,-2.300800627370907,0.5574712643678161,True,True,0.1166895133653262,True,True,True,True,False,True,True,True,True,False,False,True,True,True,True,False,True,True,True,True,True,True,False,False,True,False,False,False,False,True,False,True,False,False,True,False,True,False,True,True,True,True,False
23630,15min,m15_2c_1atr,demand,4695.28,4686.08,2026-05-13 13:00:00+00:00,2026-05-13 12:15:00+00:00,2026-05-13 12:30:00+00:00,2026-05-13 12:45:00+00:00,2,1.6370078740158012,1.2677165354330753,0.6152173913044431,2026-05-13 13:40:00+00:00,2026-05-13 14:15:00+00:00,4699.11,4685.289,13.820999999999913,0.6666666666666666,True,471086,471087,6,4699.12,0.9677419354839004,0.4724694305767091,1.0180160625135517,0.1794370884885673,-1.0,stop,2026,2026-05,2026-05-13,0.0217060994139354,-1.0217060994139355,<=0.03R,7,3,2,1.0,23,4,2,1.0,0,0,0.0,8,4,1.0,True,True,True,False,True,7,3,39,7,False,10,Wednesday,london_ny_overlap,bear,0.174,low,below,below,1.670478696488244,0.5572354211662779,0.0983159672108196,-0.0682852341770746,True,value_low_half,mid_volume,False,True,-0.7647782360176381,0.6568047337278107,True,True,0.1483893077450291,True,True,True,True,False,True,True,True,False,False,False,False,True,True,True,False,True,True,True,True,True,False,False,True,False,False,False,True,False,False,False,True,False,False,True,False,False,False,True,True,True,True,True
23648,15min,m15_2c_1atr,supply,4706.4,4696.09,2026-05-14 16:30:00+00:00,2026-05-14 15:45:00+00:00,2026-05-14 16:00:00+00:00,2026-05-14 16:15:00+00:00,2,1.848413446434243,1.1336789192585155,0.6673132880698787,2026-05-14 17:20:00+00:00,2026-05-14 17:35:00+00:00,4688.37,4708.088428571428,19.718428571428376,0.8333333333333334,True,471402,471403,2,4688.28,0.6360078277886905,8.953553238812232,0.2048844807975137,7.404241137731999,1.0,tp1,2026,2026-05,2026-05-14,0.0152141941186273,0.9847858058813728,<=0.03R,8,3,2,1.0,25,3,2,1.0,9,4,1.0,21,4,1.0,True,True,True,True,True,26,7,67,7,True,13,Thursday,ny_main,bear,0.834,high,below,below,0.958213256484122,0.1190476190476156,-0.2102894012412661,-0.4889382887740682,True,value_high_half,mid_volume,True,True,0.1772453614820036,0.7157894736842105,True,False,0.3152009670595231,True,True,False,False,True,True,True,True,True,False,True,True,True,True,False,True,True,True,True,True,True,True,True,False,False,False,False,False,True,False,False,False,False,False,True,False,False,True,True,True,True,True,False
23685,15min,m15_2c_1atr,supply,4559.4,4542.07,2026-05-19 11:30:00+00:00,2026-05-19 10:45:00+00:00,2026-05-19 11:00:00+00:00,2026-05-19 11:15:00+00:00,2,1.7220161187155691,1.5518741205065711,0.869013271783062,2026-05-19 11:30:00+00:00,2026-05-19 12:05:00+00:00,4541.45,4560.409428571428,18.95942857142836,0.0,True,472164,472165,6,4541.44,0.4742268041237725,4.626194279514204,0.3428373368697105,2.72160101268875,1.0,tp1,2026,2026-05,2026-05-19,0.0158232617016789,0.9841767382983212,<=0.03R,7,3,2,0.593768032313907,18,4,2,0.761684939411418,3,1,0.8776687824581708,12,4,0.8776687824581708,True,True,True,True,True,13,7,42,7,True,8,Tuesday,london_ny_overlap,bear,0.648,mid,inside,inside,0.6077956989247264,0.4521739130435415,-0.3674731297490652,-0.5970561278721109,True,value_high_half,mid_volume,True,True,0.421162482293004,0.6936936936936937,True,True,0.3140358812000595,True,True,False,False,True,True,True,True,True,False,False,False,True,False,False,True,True,True,True,True,True,True,False,False,True,False,False,False,True,False,False,True,False,False,True,False,False,True,True,True,True,True,False
23736,15min,m15_2c_1atr,supply,4565.19,4558.72,2026-05-25 11:30:00+00:00,2026-05-25 10:45:00+00:00,2026-05-25 11:00:00+00:00,2026-05-25 11:15:00+00:00,2,1.5537794016898283,1.034254395980746,0.7666151468316134,2026-05-25 12:00:00+00:00,2026-05-25 12:10:00+00:00,4555.19,4565.743571428571,10.553571428571558,0.5,True,473269,473270,1,4555.14,0.9356223175963304,0.011370558375624,1.0356683587140587,4.085820642977943,-1.0,stop,2026,2026-05,2026-05-25,0.0284263959390859,-1.028426395939086,<=0.03R,5,3,2,1.0,18,4,2,1.0,0,0,0.0,17,4,1.0,True,True,True,False,True,5,3,52,7,False,8,Monday,london_ny_overlap,bull,0.064,low,below,below,1.1043256997455095,0.143243243243392,-0.2753525720620501,-0.4428516661618311,True,value_low_half,hvn,True,True,-0.0753299492385846,0.9852941176470588,True,True,0.3140358812000595,True,True,True,False,True,True,True,True,False,True,True,True,True,True,True,False,True,True,True,True,True,False,True,False,False,False,True,True,False,False,False,True,False,False,True,False,False,True,True,True,True,True,False
23738,15min,m15_2c_1atr,supply,4576.27,4571.65,2026-05-25 15:15:00+00:00,2026-05-25 14:30:00+00:00,2026-05-25 14:45:00+00:00,2026-05-25 15:00:00+00:00,2,3.340763078536732,0.8480398583978989,0.6147186147185397,2026-05-25 16:05:00+00:00,2026-05-25 16:15:00+00:00,4564.5,4577.140428571429,12.640428571428856,0.8333333333333334,True,473318,473319,1,4564.41,0.7120689655172379,0.3433427890103221,1.0672106506334138,4.8329057559078175,-1.0,stop,2026,2026-05,2026-05-25,0.0237333725122334,-1.0237333725122335,<=0.03R,2,2,2,0.8073593073592699,10,4,2,1.0,0,0,0.0,16,4,1.0,True,True,True,False,True,2,2,42,7,False,12,Monday,ny_main,bull,0.18,low,below,below,0.9581631526658082,0.3233830845771245,-0.4669492854778569,-0.4445698765137966,True,above_value,mid_volume,False,False,0.8868370195404596,0.3970588235294117,True,True,0.3003848003847956,True,True,True,False,True,True,True,True,False,True,True,True,True,True,True,False,True,True,True,False,True,False,True,False,False,False,False,False,False,False,True,True,True,False,True,True,False,False,True,True,True,True,True
23824,15min,m15_2c_1atr,demand,4526.27,4516.25,2026-06-02 09:30:00+00:00,2026-06-02 08:45:00+00:00,2026-06-02 09:00:00+00:00,2026-06-02 09:15:00+00:00,2,2.0686624553693376,1.2842625652293935,0.7754491017963262,2026-06-02 11:55:00+00:00,2026-06-02 12:15:00+00:00,4533.98,4515.604,18.375999999999294,2.4166666666666665,True,474896,474897,3,4534.01,0.9398496240602018,0.0974096647801992,1.0715063125816475,-3.880605137135515,-1.0,stop,2026,2026-06,2026-06-02,0.0163256421419248,-1.016325642141925,<=0.03R,1,1,1,1.0,11,3,2,1.0,5,4,1.0,6,4,1.0,True,True,True,True,True,11,5,23,7,False,8,Tuesday,london_ny_overlap,bull,0.308,low,inside,below,0.9562171628722076,0.1514285714284986,-0.4467634330179997,0.3301351160973719,True,above_value,mid_volume,False,False,2.0956682629517687,0.4207650273224044,True,True,0.3111595783351553,True,True,False,True,False,True,True,True,True,False,False,True,True,True,True,True,True,True,True,True,True,True,False,False,True,False,False,False,False,False,True,True,False,False,True,True,False,True,True,True,False,True,True
23828,15min,m15_2c_1atr,supply,4534.15,4524.07,2026-06-02 16:00:00+00:00,2026-06-02 15:15:00+00:00,2026-06-02 15:30:00+00:00,2026-06-02 15:45:00+00:00,2,2.405236329935096,1.6348470806301896,0.2946428571428845,2026-06-02 16:05:00+00:00,2026-06-02 16:10:00+00:00,4516.55,4535.366714285714,18.816714285713715,0.0833333333333333,True,474943,474944,0,4516.53,0.3303730017762151,4.7867017924795086,0.0919395370377196,3.295474388271937,1.0,tp1,2026,2026-06,2026-06-02,0.0159432723186837,0.9840567276813162,<=0.03R,3,1,1,0.8749999999999775,11,3,2,0.9692460317459918,1,1,0.918650793650822,9,2,1.0,True,True,True,True,True,5,5,29,7,True,12,Tuesday,ny_main,bull,0.21,low,below,below,1.052473763118505,0.1567862714508076,-1.2486205479578243,-1.6086044195579234,True,above_value,hvn,False,True,2.46376701564724,0.9672131147540984,False,False,,False,False,True,False,True,True,True,True,True,True,True,True,False,False,False,True,True,True,True,True,True,False,True,False,False,False,True,False,False,False,True,False,False,False,True,True,True,False,True,True,True,True,False
23838,15min,m15_2c_1atr,supply,4466.1,4458.05,2026-06-03 16:45:00+00:00,2026-06-03 16:00:00+00:00,2026-06-03 16:15:00+00:00,2026-06-03 16:30:00+00:00,2,3.278599014515895,0.7504328139565964,0.2521739130435539,2026-06-03 17:15:00+00:00,2026-06-03 17:35:00+00:00,4449.14,4467.8484285714285,18.70842857142816,0.5,True,475236,475237,3,4449.16,0.4534482758621446,1.354469719530578,1.3095701708168497,-1.496117105353605,1.0,tp1,2026,2026-06,2026-06-03,0.016035553112043,0.9839644468879568,<=0.03R,1,1,1,0.139130434782592,5,4,2,1.0,1,1,1.0,1,1,1.0,True,True,True,True,True,3,3,7,5,True,13,Wednesday,ny_main,bear,0.868,high,inside,inside,2.1422289968927073,0.1768488745981219,-0.1828948076094447,-0.4392571893949966,True,value_low_half,hvn,False,True,-1.3723760871723123,0.9936305732484076,False,False,,True,True,True,False,True,True,True,True,True,False,False,True,True,False,False,True,True,True,True,True,True,True,False,False,True,False,True,True,False,False,False,False,True,False,True,True,True,False,True,True,True,True,False
23839,15min,m15_2c_1atr,demand,4453.3,4427.4,2026-06-03 17:15:00+00:00,2026-06-03 16:30:00+00:00,2026-06-03 16:45:00+00:00,2026-06-03 17:00:00+00:00,2,2.2588445503275687,2.15961882072665,0.8312741312741391,2026-06-03 17:15:00+00:00,2026-06-03 17:50:00+00:00,4453.99,4425.849714285714,28.14028571428571,0.0,True,475239,475240,6,4454.18,0.8577464788733259,0.1982922297468778,1.0728391426627673,0.8571341543897374,-1.0,stop,2026,2026-06,2026-06-03,0.0106608725670365,-1.0106608725670363,<=0.03R,1,1,1,0.5339768339768199,14,4,2,0.5339768339768199,5,4,0.5509652509652562,9,4,0.5509652509652562,True,True,True,True,True,11,5,32,7,False,13,Wednesday,ny_main,bear,0.88,high,inside,inside,2.0826446280991107,0.7975778546712587,0.4190275346963744,0.2619446926658793,True,below_value,lvn,False,False,-1.6844178655917672,0.1273885350318471,True,False,0.1522957533951283,True,True,True,True,False,True,True,True,True,False,False,False,True,True,True,True,True,True,True,True,True,False,False,False,True,True,False,False,False,True,False,False,False,True,True,True,False,True,True,True,True,True,False
23870,15min,m15_2c_1atr,supply,4353.45,4341.78,2026-06-08 04:15:00+00:00,2026-06-08 03:15:00+00:00,2026-06-08 03:30:00+00:00,2026-06-08 04:00:00+00:00,3,2.117179248213746,1.0150978564771744,0.6640959725792589,2026-06-08 16:35:00+00:00,2026-06-08 16:50:00+00:00,4332.58,4354.963857142857,22.38385714285687,12.333333333333334,True,476055,476056,2,4332.57,0.6213592233009652,0.8733972824803777,1.3880538908779965,1.5345880641023537,-1.0,stop,2026,2026-06,2026-06-08,0.0134025158436885,-1.0134025158436886,<=0.03R,2,2,2,1.0,6,4,2,1.0,1,1,0.2724935732648047,1,1,0.2724935732648047,True,True,True,True,True,4,4,8,5,False,12,Monday,ny_main,bear,0.926,high,above,above,0.8593446863547721,0.0410534469404075,-0.1148552762564377,0.5312266238547257,True,above_value,lvn,False,True,0.9991575561469708,0.2215189873417721,False,False,,False,True,True,False,True,True,True,True,True,False,True,True,True,True,False,True,True,True,True,True,True,True,False,True,False,True,False,False,False,False,True,False,False,False,True,True,False,True,True,True,True,True,False
23898,15min,m15_2c_1atr,supply,4178.59,4169.81,2026-06-10 14:45:00+00:00,2026-06-10 13:45:00+00:00,2026-06-10 14:00:00+00:00,2026-06-10 14:30:00+00:00,3,1.6163753449862672,0.706761729530798,0.3724373576309364,2026-06-10 15:30:00+00:00,2026-06-10 15:55:00+00:00,4151.94,4180.898142857143,28.958142857143685,0.75,True,476596,476597,4,4151.85,0.6231578947368498,0.6502488813903601,1.163058009836835,2.3720443793257435,-1.0,stop,2026,2026-06,2026-06-10,0.0103597803726558,-1.0103597803726558,<=0.03R,3,3,2,1.0,3,3,2,1.0,3,3,0.556947608200509,3,3,0.556947608200509,True,True,True,True,True,9,7,9,7,False,11,Wednesday,london_ny_overlap,bear,0.956,high,below,below,0.9523516753765618,0.1738489871086615,-0.3575153571412329,-0.973573444966956,True,value_low_half,hvn,True,True,-0.0017266300620841,1.0,False,False,,True,True,False,False,True,True,True,True,True,False,False,False,True,True,False,True,True,True,True,True,True,True,True,False,False,False,True,True,False,False,False,False,True,False,True,False,False,False,True,True,True,True,False
23929,15min,m15_2c_1atr,supply,4214.21,4202.99,2026-06-12 15:45:00+00:00,2026-06-12 15:00:00+00:00,2026-06-12 15:15:00+00:00,2026-06-12 15:30:00+00:00,2,1.7154460159641542,1.0998459599496142,0.6461675579322491,2026-06-12 16:15:00+00:00,2026-06-12 16:35:00+00:00,4199.04,4215.634714285714,16.594714285713962,0.5,True,477156,477157,3,4198.97,0.4866504854368222,1.3221077279340254,1.2124342518702338,-9.540989816034546,1.0,tp1,2026,2026-06,2026-06-12,0.0180780455050234,0.9819219544949764,<=0.03R,8,4,2,1.0,16,4,2,1.0,6,3,0.7798573975044386,6,3,0.7798573975044386,True,True,True,True,True,20,7,28,7,True,12,Friday,ny_main,bull,0.652,mid,below,below,1.7999886871429225,0.3008011653313755,-0.6782980455271187,-0.9394949906441894,True,value_low_half,hvn,True,True,-0.1596894019610187,0.7763157894736842,True,False,0.4312341898548805,True,True,False,False,True,True,True,True,True,False,False,True,True,False,False,True,True,True,True,True,True,False,True,False,False,False,True,True,False,False,False,False,False,False,True,False,False,False,True,True,True,True,False
23926,15min,m15_2c_1atr,demand,4180.13,4173.99,2026-06-12 11:00:00+00:00,2026-06-12 10:15:00+00:00,2026-06-12 10:30:00+00:00,2026-06-12 10:45:00+00:00,2,2.024739302409183,0.6181948939230855,0.6905537459282663,2026-06-12 17:45:00+00:00,2026-06-12 17:55:00+00:00,4207.35,4171.890571428571,35.45942857142927,6.75,True,477172,477173,1,4207.53,0.8665246716364853,4.564935378863478,0.1985367583072758,4.200857317819882,1.0,tp1,2026,2026-06,2026-06-12,0.0084603732233214,0.9915396267766784,<=0.03R,4,3,2,1.0,8,4,2,1.0,3,3,1.0,3,3,1.0,True,True,True,True,True,10,7,14,7,True,13,Friday,ny_main,bull,0.766,high,inside,below,1.5534293385403766,0.8601599999999744,0.6324654870201828,0.3712535908908018,True,value_low_half,hvn,False,True,-0.4142762755019883,0.8213256484149856,False,False,,False,True,True,True,False,True,True,True,True,True,True,True,True,True,True,True,True,True,True,True,True,True,False,False,True,False,True,True,False,False,False,False,True,False,True,True,False,True,True,True,True,True,False
23976,15min,m15_2c_1atr,demand,4327.26,4321.02,2026-06-17 15:45:00+00:00,2026-06-17 14:45:00+00:00,2026-06-17 15:00:00+00:00,2026-06-17 15:30:00+00:00,3,1.579047619047612,1.188571428571387,0.4455128205127953,2026-06-17 16:05:00+00:00,2026-06-17 16:15:00+00:00,4331.97,4320.154428571429,11.815571428571277,0.3333333333333333,True,477980,477981,1,4331.94,0.6359649122806085,4.269789261144535,1.3075965130759668,-6.97977245523473,1.0,tp1,2026,2026-06,2026-06-17,0.0253902235548734,0.9746097764451266,<=0.03R,10,4,2,1.0,15,4,2,1.0,6,4,1.0,7,4,1.0,True,True,True,True,True,22,7,29,7,True,12,Wednesday,ny_main,bull,0.066,low,above,above,0.7976893790206377,0.6054054054053761,0.8616195503530033,1.1443818314255425,True,value_low_half,hvn,True,True,-0.1785779056692487,0.8529411764705882,True,False,0.2582993593476952,True,True,True,True,False,True,True,True,False,True,True,True,True,True,False,True,True,True,True,True,True,True,True,False,False,False,True,True,False,False,False,False,False,False,True,False,False,False,True,True,True,True,True
23977,15min,m15_2c_1atr,demand,4334.41,4324.17,2026-06-17 16:45:00+00:00,2026-06-17 16:00:00+00:00,2026-06-17 16:15:00+00:00,2026-06-17 16:30:00+00:00,2,1.6783625730994416,1.7465886939570794,0.1708984375000036,2026-06-17 17:45:00+00:00,2026-06-17 18:15:00+00:00,4348.17,4322.550714285714,25.61928571428598,1.0,True,478004,478005,5,4348.18,0.674778761061922,1.3368834862129395,1.235397440544206,-4.739398332729204,1.0,tp1,2026,2026-06,2026-06-17,0.0117099283463907,0.9882900716536092,<=0.03R,14,4,2,1.0,23,4,2,1.0,8,4,1.0,9,4,1.0,True,True,True,True,True,30,7,41,7,True,14,Wednesday,ny_main,bull,0.586,mid,above,above,0.4144045832765112,0.6392939370682662,0.7640211936568351,1.4570941248722422,True,value_high_half,hvn,True,True,0.1186606072434244,0.9887640449438202,True,False,0.2636466591166573,True,True,True,True,False,True,True,True,True,False,False,False,True,True,False,True,True,True,True,True,True,True,True,False,False,False,True,False,True,False,False,False,False,False,True,False,True,False,True,True,True,True,True
23993,15min,m15_2c_1atr,demand,4258.65,4241.42,2026-06-18 16:15:00+00:00,2026-06-18 15:30:00+00:00,2026-06-18 15:45:00+00:00,2026-06-18 16:00:00+00:00,2,1.5161399016106272,1.6255812386279351,0.7016831108531894,2026-06-18 16:15:00+00:00,2026-06-18 16:30:00+00:00,4263.26,4239.896714285715,23.363285714285663,0.0,True,478259,478260,2,4263.24,0.9790940766550704,0.5799697938768487,1.03067694734718,-1.5627082785567223,-1.0,stop,2026,2026-06,2026-06-18,0.0128406596430296,-1.0128406596430295,<=0.03R,2,2,1,1.0,2,2,1,1.0,4,4,1.0,4,4,1.0,True,True,True,True,True,10,6,10,6,False,12,Thursday,ny_main,bear,0.726,high,inside,inside,0.9610094637224236,0.0963503649635436,0.6541881518854838,0.1880647993997378,True,below_value,mid_volume,False,True,-0.7154387531108105,0.542319749216301,False,False,,True,True,True,True,False,True,True,True,True,False,True,True,True,True,True,True,True,True,True,True,True,False,False,False,True,False,False,False,False,True,False,False,False,False,True,False,False,True,True,True,True,True,True
