scenario,entry_zone,sl_buf_atr,min_sweep_atr,k,mss_look,tp_mode,wait_bars,n,per_yr,pf,mar,net,pos,d1_pf,c5_pf,oos_pf,pboot,passed
london,fvg_ce,0.05,0.0,3,12,range,48,701,105,1.211,0.43,117.6,6/8,1.07,1.03,1.65,0.0288,False
london,fvg_ce,0.05,0.0,3,12,range,96,770,115,1.217,0.37,130.1,6/8,1.08,1.04,1.67,0.0175,False
london,fvg_ce,0.05,0.0,3,12,2R,48,701,105,1.085,0.13,39.5,5/8,0.76,0.88,1.3,0.145,False
london,fvg_ce,0.05,0.0,3,12,2R,96,770,115,1.113,0.18,57.1,7/8,0.8,0.91,1.33,0.0737,False
london,fvg_ce,0.05,0.0,3,12,3R,48,701,105,1.087,0.16,48.3,6/8,0.87,0.92,1.35,0.1625,False
london,fvg_ce,0.05,0.0,3,12,3R,96,770,115,1.134,0.3,80.7,6/8,0.92,0.96,1.42,0.0612,False
london,fvg_ce,0.05,0.0,3,12,4R,48,701,105,1.093,0.17,56.4,6/8,0.92,0.94,1.31,0.175,False
london,fvg_ce,0.05,0.0,3,12,4R,96,770,115,1.146,0.25,96.4,6/8,0.98,0.99,1.4,0.0525,False
london,fvg_ce,0.05,0.0,3,24,range,48,818,122,1.344,0.71,209.3,7/8,1.14,1.14,1.8,0.0013,False
london,fvg_ce,0.05,0.0,3,24,range,96,876,131,1.345,0.67,222.5,7/8,1.13,1.15,1.78,0.0,False
london,fvg_ce,0.05,0.0,3,24,2R,48,818,122,1.255,0.46,129.5,8/8,0.86,1.03,1.48,0.0,False
london,fvg_ce,0.05,0.0,3,24,2R,96,876,131,1.281,0.52,151.3,8/8,0.88,1.06,1.48,0.0,False
london,fvg_ce,0.05,0.0,3,24,3R,48,818,122,1.279,0.67,170.7,7/8,0.99,1.09,1.56,0.0,False
london,fvg_ce,0.05,0.0,3,24,3R,96,876,131,1.316,0.72,204.4,8/8,1.02,1.12,1.59,0.0,False
london,fvg_ce,0.05,0.0,3,24,4R,48,818,122,1.266,0.74,179.4,6/8,1.03,1.09,1.45,0.0013,False
london,fvg_ce,0.05,0.0,3,24,4R,96,876,131,1.291,0.8,208.3,6/8,1.05,1.12,1.47,0.0013,False
london,fvg_ce,0.05,0.0,3,48,range,48,935,140,1.325,0.71,219.4,7/8,1.07,1.13,1.77,0.0,False
london,fvg_ce,0.05,0.0,3,48,range,96,986,147,1.323,0.66,228.4,7/8,1.06,1.13,1.78,0.0025,False
london,fvg_ce,0.05,0.0,3,48,2R,48,937,140,1.268,0.61,155.0,8/8,0.82,1.05,1.5,0.0,False
london,fvg_ce,0.05,0.0,3,48,2R,96,988,148,1.285,0.66,172.7,7/8,0.84,1.07,1.53,0.0,False
london,fvg_ce,0.05,0.0,3,48,3R,48,937,140,1.328,0.89,226.0,8/8,0.97,1.14,1.55,0.0,False
london,fvg_ce,0.05,0.0,3,48,3R,96,988,148,1.349,0.89,251.8,8/8,0.99,1.16,1.59,0.0,False
london,fvg_ce,0.05,0.0,3,48,4R,48,937,140,1.326,0.83,248.5,7/8,1.03,1.15,1.55,0.0,False
london,fvg_ce,0.05,0.0,3,48,4R,96,988,148,1.344,0.88,275.1,7/8,1.04,1.17,1.57,0.0,False
london,fvg_ce,0.05,0.1,3,12,range,48,646,97,1.153,0.29,77.0,6/8,1.08,0.99,1.48,0.0712,False
london,fvg_ce,0.05,0.1,3,12,range,96,712,106,1.161,0.27,88.1,6/8,1.09,1.0,1.51,0.0525,False
london,fvg_ce,0.05,0.1,3,12,2R,48,646,97,1.053,0.09,23.1,6/8,0.76,0.87,1.21,0.2637,False
london,fvg_ce,0.05,0.1,3,12,2R,96,712,106,1.081,0.13,38.2,7/8,0.8,0.9,1.24,0.1487,False
london,fvg_ce,0.05,0.1,3,12,3R,48,646,97,1.081,0.13,41.5,6/8,0.88,0.92,1.28,0.18,False
london,fvg_ce,0.05,0.1,3,12,3R,96,712,106,1.121,0.22,67.3,6/8,0.93,0.96,1.35,0.0712,False
london,fvg_ce,0.05,0.1,3,12,4R,48,646,97,1.091,0.15,50.4,6/8,0.95,0.94,1.26,0.1762,False
london,fvg_ce,0.05,0.1,3,12,4R,96,712,106,1.135,0.25,82.0,6/8,1.0,0.99,1.34,0.065,False
london,fvg_ce,0.05,0.1,3,24,range,48,763,114,1.247,0.6,138.2,6/8,1.13,1.07,1.55,0.01,False
london,fvg_ce,0.05,0.1,3,24,range,96,826,123,1.249,0.63,149.1,6/8,1.12,1.07,1.54,0.0025,False
london,fvg_ce,0.05,0.1,3,24,2R,48,763,114,1.222,0.42,106.6,7/8,0.87,1.02,1.38,0.0025,False
london,fvg_ce,0.05,0.1,3,24,2R,96,826,123,1.25,0.52,128.6,7/8,0.89,1.05,1.38,0.0013,False
london,fvg_ce,0.05,0.1,3,24,3R,48,763,114,1.25,0.46,143.2,6/8,0.99,1.08,1.45,0.0013,False
london,fvg_ce,0.05,0.1,3,24,3R,96,826,123,1.288,0.64,176.8,6/8,1.02,1.11,1.48,0.0,False
london,fvg_ce,0.05,0.1,3,24,4R,48,763,114,1.251,0.61,156.8,6/8,1.05,1.09,1.39,0.0,False
london,fvg_ce,0.05,0.1,3,24,4R,96,826,123,1.279,0.71,187.4,6/8,1.07,1.12,1.41,0.0025,False
london,fvg_ce,0.05,0.1,3,48,range,48,895,134,1.242,0.63,152.1,6/8,1.07,1.07,1.54,0.0025,False
london,fvg_ce,0.05,0.1,3,48,range,96,953,142,1.239,0.62,159.4,6/8,1.05,1.07,1.55,0.0,False
london,fvg_ce,0.05,0.1,3,48,2R,48,897,134,1.265,0.69,147.1,8/8,0.85,1.07,1.4,0.0,False
london,fvg_ce,0.05,0.1,3,48,2R,96,955,143,1.281,0.8,165.3,8/8,0.87,1.08,1.42,0.0,False
london,fvg_ce,0.05,0.1,3,48,3R,48,897,134,1.315,0.72,207.9,7/8,0.98,1.14,1.49,0.0,False
london,fvg_ce,0.05,0.1,3,48,3R,96,955,143,1.337,0.87,234.8,7/8,1.0,1.16,1.52,0.0,False
london,fvg_ce,0.05,0.1,3,48,4R,48,897,134,1.327,0.72,236.7,7/8,1.06,1.16,1.52,0.0,False
london,fvg_ce,0.05,0.1,3,48,4R,96,955,143,1.349,0.82,267.4,7/8,1.08,1.19,1.54,0.0,False
london,fvg_ce,0.05,0.25,3,12,range,48,556,84,1.023,0.02,9.9,5/8,0.84,0.88,1.35,0.4338,False
london,fvg_ce,0.05,0.25,3,12,range,96,620,93,1.034,0.03,16.4,5/8,0.87,0.89,1.37,0.345,False
london,fvg_ce,0.05,0.25,3,12,2R,48,556,84,0.986,-0.01,-5.4,4/8,0.69,0.83,1.2,0.555,False
london,fvg_ce,0.05,0.25,3,12,2R,96,620,93,1.016,0.02,6.7,5/8,0.74,0.86,1.2,0.4,False
london,fvg_ce,0.05,0.25,3,12,3R,48,556,84,1.014,0.02,6.3,6/8,0.8,0.87,1.26,0.4313,False
london,fvg_ce,0.05,0.25,3,12,3R,96,620,93,1.063,0.08,31.0,6/8,0.86,0.92,1.31,0.2387,False
london,fvg_ce,0.05,0.25,3,12,4R,48,556,84,1.041,0.05,19.9,6/8,0.87,0.91,1.28,0.3725,False
london,fvg_ce,0.05,0.25,3,12,4R,96,620,93,1.093,0.14,49.3,6/8,0.93,0.96,1.35,0.1675,False
london,fvg_ce,0.05,0.25,3,24,range,48,663,99,1.121,0.14,59.0,7/8,0.88,0.97,1.45,0.1212,False
london,fvg_ce,0.05,0.25,3,24,range,96,730,109,1.121,0.14,64.1,7/8,0.88,0.97,1.41,0.13,False
london,fvg_ce,0.05,0.25,3,24,2R,48,663,99,1.146,0.23,62.9,7/8,0.81,0.97,1.35,0.0375,False
london,fvg_ce,0.05,0.25,3,24,2R,96,730,109,1.179,0.31,83.6,7/8,0.84,1.0,1.32,0.01,False
london,fvg_ce,0.05,0.25,3,24,3R,48,663,99,1.171,0.21,87.0,7/8,0.89,1.02,1.38,0.0325,False
london,fvg_ce,0.05,0.25,3,24,3R,96,730,109,1.211,0.35,116.5,7/8,0.93,1.06,1.36,0.0037,False
london,fvg_ce,0.05,0.25,3,24,4R,48,663,99,1.153,0.21,84.8,6/8,0.91,1.01,1.29,0.055,False
london,fvg_ce,0.05,0.25,3,24,4R,96,730,109,1.176,0.33,106.4,6/8,0.94,1.04,1.27,0.03,False
london,fvg_ce,0.05,0.25,3,48,range,48,800,120,1.151,0.19,84.3,7/8,0.86,1.0,1.45,0.07,False
london,fvg_ce,0.05,0.25,3,48,range,96,862,129,1.144,0.18,86.2,7/8,0.86,0.99,1.44,0.0537,False
london,fvg_ce,0.05,0.25,3,48,2R,48,804,120,1.221,0.45,112.2,7/8,0.83,1.04,1.37,0.0037,False
london,fvg_ce,0.05,0.25,3,48,2R,96,866,129,1.238,0.52,129.0,7/8,0.85,1.06,1.37,0.0025,False
london,fvg_ce,0.05,0.25,3,48,3R,48,804,120,1.263,0.38,157.4,7/8,0.91,1.11,1.46,0.0013,False
london,fvg_ce,0.05,0.25,3,48,3R,96,866,129,1.288,0.52,183.9,7/8,0.94,1.13,1.48,0.0,False
london,fvg_ce,0.05,0.25,3,48,4R,48,804,120,1.281,0.38,182.7,7/8,0.97,1.13,1.49,0.0,False
london,fvg_ce,0.05,0.25,3,48,4R,96,866,129,1.299,0.5,209.1,7/8,1.0,1.15,1.5,0.0,False
london,fvg_ce,0.1,0.0,3,12,range,48,701,105,1.193,0.37,104.2,6/8,0.97,1.02,1.64,0.035,False
london,fvg_ce,0.1,0.0,3,12,range,96,771,115,1.194,0.3,113.7,6/8,0.99,1.02,1.65,0.0238,False
london,fvg_ce,0.1,0.0,3,12,2R,48,701,105,1.106,0.17,48.8,6/8,0.76,0.91,1.35,0.0975,False
london,fvg_ce,0.1,0.0,3,12,2R,96,771,115,1.131,0.22,65.8,7/8,0.8,0.94,1.37,0.0612,False
london,fvg_ce,0.1,0.0,3,12,3R,48,701,105,1.121,0.22,66.5,6/8,0.87,0.96,1.4,0.0875,False
london,fvg_ce,0.1,0.0,3,12,3R,96,771,115,1.165,0.4,98.3,6/8,0.92,1.0,1.47,0.03,False
london,fvg_ce,0.1,0.0,3,12,4R,48,701,105,1.078,0.13,47.2,6/8,0.87,0.93,1.37,0.2125,False
london,fvg_ce,0.1,0.0,3,12,4R,96,771,115,1.132,0.2,86.6,6/8,0.93,0.98,1.45,0.0625,False
london,fvg_ce,0.1,0.0,3,24,range,48,819,122,1.306,0.65,182.4,6/8,1.76,1.12,1.73,0.0,False
london,fvg_ce,0.1,0.0,3,24,range,96,877,131,1.307,0.62,193.8,7/8,1.71,1.12,1.71,0.0,False
london,fvg_ce,0.1,0.0,3,24,2R,48,819,122,1.226,0.43,116.3,7/8,1.19,1.02,1.49,0.0013,False
london,fvg_ce,0.1,0.0,3,24,2R,96,877,131,1.248,0.46,135.7,7/8,1.19,1.04,1.5,0.0013,False
london,fvg_ce,0.1,0.0,3,24,3R,48,819,122,1.279,0.74,170.1,6/8,1.38,1.1,1.52,0.0,False
london,fvg_ce,0.1,0.0,3,24,3R,96,877,131,1.317,0.81,204.2,8/8,1.39,1.13,1.55,0.0013,False
london,fvg_ce,0.1,0.0,3,24,4R,48,819,122,1.227,0.6,153.9,6/8,1.45,1.07,1.42,0.005,False
london,fvg_ce,0.1,0.0,3,24,4R,96,877,131,1.255,0.67,183.1,6/8,1.44,1.09,1.45,0.0013,False
london,fvg_ce,0.1,0.0,3,48,range,48,935,140,1.287,0.64,189.3,7/8,0.97,1.1,1.71,0.0,False
london,fvg_ce,0.1,0.0,3,48,range,96,986,147,1.285,0.6,196.9,6/8,0.97,1.1,1.72,0.0037,False
london,fvg_ce,0.1,0.0,3,48,2R,48,937,140,1.27,0.65,156.5,7/8,0.82,1.07,1.53,0.0,False
london,fvg_ce,0.1,0.0,3,48,2R,96,988,148,1.287,0.7,174.6,7/8,0.83,1.08,1.56,0.0,False
london,fvg_ce,0.1,0.0,3,48,3R,48,937,140,1.348,1.06,237.4,8/8,0.96,1.16,1.54,0.0,False
london,fvg_ce,0.1,0.0,3,48,3R,96,988,148,1.368,1.06,263.5,8/8,0.98,1.18,1.58,0.0,False
london,fvg_ce,0.1,0.0,3,48,4R,48,937,140,1.296,0.76,225.5,7/8,0.97,1.13,1.52,0.0,False
london,fvg_ce,0.1,0.0,3,48,4R,96,988,148,1.316,0.83,252.5,7/8,0.99,1.15,1.55,0.0,False
london,fvg_ce,0.1,0.1,3,12,range,48,646,97,1.133,0.24,65.5,6/8,0.97,0.97,1.49,0.1,False
london,fvg_ce,0.1,0.1,3,12,range,96,713,106,1.137,0.22,73.6,6/8,0.98,0.98,1.51,0.0838,False
london,fvg_ce,0.1,0.1,3,12,2R,48,646,97,1.053,0.07,22.9,6/8,0.74,0.88,1.27,0.2625,False
london,fvg_ce,0.1,0.1,3,12,2R,96,713,106,1.079,0.11,37.5,7/8,0.78,0.91,1.28,0.145,False
london,fvg_ce,0.1,0.1,3,12,3R,48,646,97,1.072,0.11,37.1,6/8,0.84,0.92,1.33,0.1975,False
london,fvg_ce,0.1,0.1,3,12,3R,96,713,106,1.112,0.21,62.3,6/8,0.89,0.96,1.39,0.0925,False
london,fvg_ce,0.1,0.1,3,12,4R,48,646,97,1.075,0.12,41.8,6/8,0.89,0.94,1.34,0.2188,False
london,fvg_ce,0.1,0.1,3,12,4R,96,713,106,1.12,0.2,72.8,6/8,0.94,0.98,1.41,0.0862,False
london,fvg_ce,0.1,0.1,3,24,range,48,764,114,1.214,0.47,117.8,6/8,1.79,1.05,1.51,0.0138,False
london,fvg_ce,0.1,0.1,3,24,range,96,827,123,1.215,0.52,127.0,6/8,1.73,1.05,1.5,0.01,False
london,fvg_ce,0.1,0.1,3,24,2R,48,764,114,1.183,0.34,89.5,6/8,1.2,1.0,1.38,0.0125,False
london,fvg_ce,0.1,0.1,3,24,2R,96,827,123,1.208,0.39,109.0,7/8,1.2,1.02,1.39,0.0037,False
london,fvg_ce,0.1,0.1,3,24,3R,48,764,114,1.214,0.38,123.6,6/8,1.38,1.05,1.42,0.0063,False
london,fvg_ce,0.1,0.1,3,24,3R,96,827,123,1.255,0.59,157.7,6/8,1.39,1.09,1.45,0.0013,False
london,fvg_ce,0.1,0.1,3,24,4R,48,764,114,1.217,0.53,136.4,6/8,1.5,1.07,1.38,0.0112,False
london,fvg_ce,0.1,0.1,3,24,4R,96,827,123,1.248,0.66,167.5,6/8,1.49,1.1,1.4,0.0037,False
london,fvg_ce,0.1,0.1,3,48,range,48,895,134,1.209,0.51,129.0,6/8,0.96,1.04,1.5,0.0125,False
london,fvg_ce,0.1,0.1,3,48,range,96,953,142,1.206,0.5,134.7,6/8,0.95,1.04,1.51,0.0063,False
london,fvg_ce,0.1,0.1,3,48,2R,48,897,134,1.236,0.6,132.9,8/8,0.82,1.05,1.43,0.0013,False
london,fvg_ce,0.1,0.1,3,48,2R,96,955,143,1.255,0.7,151.6,8/8,0.84,1.07,1.45,0.0013,False
london,fvg_ce,0.1,0.1,3,48,3R,48,897,134,1.295,0.69,194.8,7/8,0.94,1.13,1.49,0.0,False
london,fvg_ce,0.1,0.1,3,48,3R,96,955,143,1.318,0.9,222.2,7/8,0.96,1.15,1.52,0.0,False
london,fvg_ce,0.1,0.1,3,48,4R,48,897,134,1.31,0.71,223.5,7/8,1.0,1.16,1.52,0.0,False
london,fvg_ce,0.1,0.1,3,48,4R,96,955,143,1.333,0.85,254.7,7/8,1.02,1.18,1.53,0.0,False
london,fvg_ce,0.1,0.25,3,12,range,48,556,84,0.994,-0.0,-2.5,5/8,0.78,0.86,1.3,0.5425,False
london,fvg_ce,0.1,0.25,3,12,range,96,621,93,1.003,0.0,1.2,5/8,0.81,0.87,1.32,0.4838,False
london,fvg_ce,0.1,0.25,3,12,2R,48,556,84,0.977,-0.02,-8.8,4/8,0.68,0.83,1.16,0.6075,False
london,fvg_ce,0.1,0.25,3,12,2R,96,621,93,1.0,-0.0,-0.2,4/8,0.72,0.85,1.16,0.51,False
london,fvg_ce,0.1,0.25,3,12,3R,48,556,84,0.988,-0.01,-5.2,6/8,0.76,0.86,1.28,0.545,False
london,fvg_ce,0.1,0.25,3,12,3R,96,621,93,1.038,0.05,18.9,6/8,0.82,0.91,1.32,0.3337,False
london,fvg_ce,0.1,0.25,3,12,4R,48,556,84,0.997,-0.0,-1.3,5/8,0.8,0.88,1.23,0.55,False
london,fvg_ce,0.1,0.25,3,12,4R,96,621,93,1.051,0.07,27.5,6/8,0.87,0.93,1.29,0.3075,False
london,fvg_ce,0.1,0.25,3,24,range,48,664,99,1.086,0.09,41.3,7/8,1.7,0.94,1.37,0.2013,False
london,fvg_ce,0.1,0.25,3,24,range,96,731,109,1.085,0.1,44.7,6/8,1.63,0.94,1.34,0.1837,False
london,fvg_ce,0.1,0.25,3,24,2R,48,664,99,1.11,0.17,47.9,7/8,1.19,0.95,1.32,0.0988,False
london,fvg_ce,0.1,0.25,3,24,2R,96,731,109,1.139,0.23,66.2,7/8,1.19,0.98,1.3,0.0488,False
london,fvg_ce,0.1,0.25,3,24,3R,48,664,99,1.124,0.14,63.7,7/8,1.33,0.98,1.34,0.1025,False
london,fvg_ce,0.1,0.25,3,24,3R,96,731,109,1.167,0.27,93.6,7/8,1.34,1.03,1.33,0.025,False
london,fvg_ce,0.1,0.25,3,24,4R,48,664,99,1.101,0.15,56.2,6/8,1.43,0.97,1.21,0.1487,False
london,fvg_ce,0.1,0.25,3,24,4R,96,731,109,1.128,0.25,78.4,6/8,1.41,1.0,1.2,0.0838,False
london,fvg_ce,0.1,0.25,3,48,range,48,800,120,1.115,0.14,63.3,7/8,0.8,0.97,1.38,0.1187,False
london,fvg_ce,0.1,0.25,3,48,range,96,862,129,1.108,0.13,63.7,7/8,0.8,0.96,1.37,0.1175,False
london,fvg_ce,0.1,0.25,3,48,2R,48,804,120,1.195,0.4,100.0,7/8,0.79,1.03,1.37,0.005,False
london,fvg_ce,0.1,0.25,3,48,2R,96,866,129,1.208,0.44,114.4,7/8,0.82,1.04,1.37,0.0037,False
london,fvg_ce,0.1,0.25,3,48,3R,48,804,120,1.25,0.35,149.3,7/8,0.88,1.1,1.48,0.0013,False
london,fvg_ce,0.1,0.25,3,48,3R,96,866,129,1.276,0.48,176.2,7/8,0.92,1.13,1.5,0.0,False
london,fvg_ce,0.1,0.25,3,48,4R,48,804,120,1.239,0.34,155.6,7/8,0.91,1.1,1.44,0.005,False
london,fvg_ce,0.1,0.25,3,48,4R,96,866,129,1.261,0.47,182.5,7/8,0.95,1.12,1.46,0.0013,False
london,fvg_ce,0.25,0.0,3,12,range,48,704,105,1.13,0.26,67.0,6/8,0.84,0.98,1.45,0.1,False
london,fvg_ce,0.25,0.0,3,12,range,96,775,116,1.137,0.26,76.4,6/8,1.87,0.99,1.46,0.0675,False
london,fvg_ce,0.25,0.0,3,12,2R,48,704,105,1.024,0.03,11.4,5/8,0.7,0.87,1.27,0.3875,False
london,fvg_ce,0.25,0.0,3,12,2R,96,775,116,1.043,0.06,22.5,6/8,1.16,0.89,1.3,0.2963,False
london,fvg_ce,0.25,0.0,3,12,3R,48,704,105,1.06,0.1,33.3,5/8,0.78,0.93,1.24,0.2475,False
london,fvg_ce,0.25,0.0,3,12,3R,96,775,116,1.094,0.19,57.1,6/8,1.35,0.96,1.29,0.1487,False
london,fvg_ce,0.25,0.0,3,12,4R,48,704,105,1.05,0.07,30.4,6/8,0.82,0.93,1.31,0.2963,False
london,fvg_ce,0.25,0.0,3,12,4R,96,775,116,1.114,0.16,74.6,6/8,1.51,0.99,1.4,0.1075,False
london,fvg_ce,0.25,0.0,3,24,range,48,821,123,1.209,0.6,119.1,7/8,0.93,1.05,1.47,0.0112,False
london,fvg_ce,0.25,0.0,3,24,range,96,880,131,1.217,0.57,131.2,7/8,1.87,1.06,1.45,0.005,False
london,fvg_ce,0.25,0.0,3,24,2R,48,821,123,1.176,0.4,93.1,6/8,0.82,1.01,1.4,0.005,False
london,fvg_ce,0.25,0.0,3,24,2R,96,880,131,1.199,0.43,112.0,7/8,1.26,1.03,1.42,0.0013,False
london,fvg_ce,0.25,0.0,3,24,3R,48,821,123,1.199,0.74,123.0,7/8,0.9,1.05,1.26,0.0075,False
london,fvg_ce,0.25,0.0,3,24,3R,96,880,131,1.227,0.82,148.9,8/8,1.41,1.08,1.28,0.0013,False
london,fvg_ce,0.25,0.0,3,24,4R,48,821,123,1.193,0.48,130.6,6/8,0.95,1.06,1.35,0.015,False
london,fvg_ce,0.25,0.0,3,24,4R,96,880,131,1.229,0.57,164.2,6/8,1.55,1.09,1.37,0.0025,False
london,fvg_ce,0.25,0.0,3,48,range,48,937,140,1.225,0.66,140.3,7/8,0.86,1.06,1.47,0.0037,False
london,fvg_ce,0.25,0.0,3,48,range,96,990,148,1.225,0.61,147.9,7/8,1.72,1.07,1.48,0.005,False
london,fvg_ce,0.25,0.0,3,48,2R,48,939,140,1.226,0.61,133.9,7/8,0.8,1.06,1.41,0.0025,False
london,fvg_ce,0.25,0.0,3,48,2R,96,992,148,1.242,0.61,150.4,8/8,1.18,1.07,1.43,0.0,False
london,fvg_ce,0.25,0.0,3,48,3R,48,939,140,1.266,0.9,184.3,7/8,0.89,1.12,1.34,0.0,False
london,fvg_ce,0.25,0.0,3,48,3R,96,992,148,1.287,0.92,208.8,8/8,1.35,1.14,1.36,0.0,False
london,fvg_ce,0.25,0.0,3,48,4R,48,939,140,1.28,0.73,211.8,7/8,0.94,1.14,1.4,0.0,False
london,fvg_ce,0.25,0.0,3,48,4R,96,992,148,1.305,0.97,242.0,7/8,1.48,1.16,1.43,0.0,False
london,fvg_ce,0.25,0.1,3,12,range,48,648,97,1.05,0.07,23.4,5/8,0.8,0.91,1.29,0.3162,False
london,fvg_ce,0.25,0.1,3,12,range,96,716,107,1.066,0.1,34.1,5/8,1.91,0.93,1.32,0.2487,False
london,fvg_ce,0.25,0.1,3,12,2R,48,648,97,0.962,-0.04,-17.2,5/8,0.67,0.83,1.14,0.6837,False
london,fvg_ce,0.25,0.1,3,12,2R,96,716,107,0.983,-0.02,-8.7,6/8,1.16,0.85,1.17,0.5787,False
london,fvg_ce,0.25,0.1,3,12,3R,48,648,97,1.031,0.04,16.1,6/8,0.77,0.91,1.21,0.365,False
london,fvg_ce,0.25,0.1,3,12,3R,96,716,107,1.059,0.1,33.4,6/8,1.37,0.93,1.25,0.2462,False
london,fvg_ce,0.25,0.1,3,12,4R,48,648,97,1.043,0.06,23.7,6/8,0.82,0.93,1.3,0.3287,False
london,fvg_ce,0.25,0.1,3,12,4R,96,716,107,1.098,0.14,59.3,6/8,1.55,0.98,1.38,0.15,False
london,fvg_ce,0.25,0.1,3,24,range,48,765,114,1.127,0.26,67.3,6/8,0.89,0.98,1.3,0.075,False
london,fvg_ce,0.25,0.1,3,24,range,96,829,124,1.141,0.31,79.5,6/8,1.91,1.0,1.31,0.0712,False
london,fvg_ce,0.25,0.1,3,24,2R,48,765,114,1.131,0.27,65.5,6/8,0.81,0.98,1.28,0.0525,False
london,fvg_ce,0.25,0.1,3,24,2R,96,829,124,1.152,0.35,81.8,6/8,1.26,1.0,1.29,0.03,False
london,fvg_ce,0.25,0.1,3,24,3R,48,765,114,1.172,0.37,99.2,7/8,0.9,1.03,1.23,0.0262,False
london,fvg_ce,0.25,0.1,3,24,3R,96,829,124,1.201,0.62,125.2,7/8,1.45,1.06,1.25,0.0063,False
london,fvg_ce,0.25,0.1,3,24,4R,48,765,114,1.184,0.36,115.5,6/8,0.96,1.06,1.34,0.0187,False
london,fvg_ce,0.25,0.1,3,24,4R,96,829,124,1.224,0.54,151.1,6/8,1.61,1.09,1.36,0.0063,False
london,fvg_ce,0.25,0.1,3,48,range,48,896,134,1.153,0.39,90.1,6/8,0.84,1.01,1.3,0.0387,False
london,fvg_ce,0.25,0.1,3,48,range,96,956,143,1.157,0.38,98.2,7/8,1.75,1.01,1.31,0.0238,False
london,fvg_ce,0.25,0.1,3,48,2R,48,898,134,1.19,0.5,109.2,7/8,0.79,1.04,1.29,0.0025,False
london,fvg_ce,0.25,0.1,3,48,2R,96,958,143,1.203,0.53,123.6,6/8,1.18,1.05,1.31,0.0037,False
london,fvg_ce,0.25,0.1,3,48,3R,48,898,134,1.25,0.54,165.4,7/8,0.89,1.11,1.34,0.0,False
london,fvg_ce,0.25,0.1,3,48,3R,96,958,143,1.272,0.79,191.5,7/8,1.37,1.13,1.35,0.0,False
london,fvg_ce,0.25,0.1,3,48,4R,48,898,134,1.278,0.55,199.6,7/8,0.95,1.15,1.41,0.0025,False
london,fvg_ce,0.25,0.1,3,48,4R,96,958,143,1.301,0.8,229.6,7/8,1.51,1.17,1.43,0.0,False
london,fvg_ce,0.25,0.25,3,12,range,48,558,84,0.931,-0.05,-28.5,4/8,0.69,0.81,1.17,0.7913,False
london,fvg_ce,0.25,0.25,3,12,range,96,623,93,0.941,-0.04,-27.0,4/8,0.72,0.82,1.19,0.7712,False
london,fvg_ce,0.25,0.25,3,12,2R,48,558,84,0.891,-0.07,-44.1,4/8,0.63,0.77,1.06,0.9213,False
london,fvg_ce,0.25,0.25,3,12,2R,96,623,93,0.91,-0.07,-40.2,4/8,0.67,0.79,1.07,0.8812,False
london,fvg_ce,0.25,0.25,3,12,3R,48,558,84,0.944,-0.04,-25.6,5/8,0.72,0.83,1.17,0.7638,False
london,fvg_ce,0.25,0.25,3,12,3R,96,623,93,0.976,-0.02,-12.1,6/8,0.77,0.87,1.19,0.6088,False
london,fvg_ce,0.25,0.25,3,12,4R,48,558,84,0.996,-0.0,-1.7,5/8,0.79,0.89,1.23,0.5587,False
london,fvg_ce,0.25,0.25,3,12,4R,96,623,93,1.035,0.04,18.7,6/8,0.84,0.93,1.26,0.3563,False
london,fvg_ce,0.25,0.25,3,24,range,48,665,99,0.993,-0.01,-3.5,4/8,0.77,0.87,1.19,0.5525,False
london,fvg_ce,0.25,0.25,3,24,range,96,732,109,0.996,-0.0,-1.9,4/8,0.78,0.87,1.17,0.5325,False
london,fvg_ce,0.25,0.25,3,24,2R,48,665,99,1.018,0.02,8.1,5/8,0.74,0.89,1.13,0.4263,False
london,fvg_ce,0.25,0.25,3,24,2R,96,732,109,1.044,0.08,21.6,6/8,0.77,0.91,1.14,0.2863,False
london,fvg_ce,0.25,0.25,3,24,3R,48,665,99,1.046,0.06,23.7,6/8,0.81,0.93,1.1,0.2925,False
london,fvg_ce,0.25,0.25,3,24,3R,96,732,109,1.069,0.13,39.3,6/8,0.84,0.95,1.09,0.195,False
london,fvg_ce,0.25,0.25,3,24,4R,48,665,99,1.077,0.1,42.9,6/8,0.87,0.97,1.19,0.1888,False
london,fvg_ce,0.25,0.25,3,24,4R,96,732,109,1.101,0.19,61.3,6/8,0.9,0.99,1.18,0.1113,False
london,fvg_ce,0.25,0.25,3,48,range,48,801,120,1.032,0.04,17.2,5/8,0.73,0.91,1.19,0.3663,False
london,fvg_ce,0.25,0.25,3,48,range,96,864,129,1.026,0.03,15.0,6/8,0.73,0.9,1.19,0.3875,False
london,fvg_ce,0.25,0.25,3,48,2R,48,805,120,1.093,0.14,49.7,6/8,0.74,0.96,1.18,0.125,False
london,fvg_ce,0.25,0.25,3,48,2R,96,868,130,1.107,0.18,61.3,6/8,0.76,0.98,1.19,0.0887,False
london,fvg_ce,0.25,0.25,3,48,3R,48,805,120,1.173,0.25,104.4,7/8,0.83,1.05,1.28,0.0225,False
london,fvg_ce,0.25,0.25,3,48,3R,96,868,130,1.191,0.35,123.8,7/8,0.86,1.07,1.29,0.0125,False
london,fvg_ce,0.25,0.25,3,48,4R,48,805,120,1.215,0.31,139.1,7/8,0.89,1.1,1.39,0.0112,False
london,fvg_ce,0.25,0.25,3,48,4R,96,868,130,1.218,0.4,151.8,7/8,0.91,1.1,1.38,0.0075,False
london,fvg_ce,0.5,0.0,3,12,range,48,705,105,1.017,0.02,8.1,4/8,0.78,0.89,1.28,0.4537,False
london,fvg_ce,0.5,0.0,3,12,range,96,776,116,1.019,0.03,10.0,5/8,0.83,0.9,1.28,0.4062,False
london,fvg_ce,0.5,0.0,3,12,2R,48,705,105,0.994,-0.01,-2.9,6/8,0.75,0.87,1.23,0.5537,False
london,fvg_ce,0.5,0.0,3,12,2R,96,776,116,1.019,0.03,9.9,6/8,0.79,0.9,1.26,0.415,False
london,fvg_ce,0.5,0.0,3,12,3R,48,705,105,0.983,-0.02,-9.3,5/8,0.79,0.88,1.15,0.5863,False
london,fvg_ce,0.5,0.0,3,12,3R,96,776,116,1.02,0.03,12.3,6/8,0.85,0.92,1.21,0.4,False
london,fvg_ce,0.5,0.0,3,12,4R,48,705,105,1.096,0.14,56.3,6/8,0.91,0.99,1.31,0.1425,False
london,fvg_ce,0.5,0.0,3,12,4R,96,776,116,1.133,0.2,84.8,6/8,0.98,1.03,1.38,0.0712,False
london,fvg_ce,0.5,0.0,3,24,range,48,821,123,1.103,0.22,54.4,6/8,0.84,0.97,1.33,0.0975,False
london,fvg_ce,0.5,0.0,3,24,range,96,880,131,1.106,0.22,59.8,6/8,0.88,0.98,1.31,0.1138,False
london,fvg_ce,0.5,0.0,3,24,2R,48,821,123,1.135,0.33,72.3,6/8,0.84,1.0,1.3,0.0375,False
london,fvg_ce,0.5,0.0,3,24,2R,96,880,131,1.157,0.39,89.7,6/8,0.88,1.03,1.32,0.015,False
london,fvg_ce,0.5,0.0,3,24,3R,48,821,123,1.101,0.2,63.4,6/8,0.87,0.99,1.21,0.0963,False
london,fvg_ce,0.5,0.0,3,24,3R,96,880,131,1.118,0.28,78.9,6/8,0.91,1.01,1.22,0.0712,False
london,fvg_ce,0.5,0.0,3,24,4R,48,821,123,1.183,0.35,121.2,6/8,0.97,1.07,1.29,0.025,False
london,fvg_ce,0.5,0.0,3,24,4R,96,880,131,1.203,0.4,143.7,6/8,1.01,1.09,1.3,0.0025,False
london,fvg_ce,0.5,0.0,3,48,range,48,938,140,1.144,0.35,83.1,5/8,0.83,1.01,1.36,0.03,False
london,fvg_ce,0.5,0.0,3,48,range,96,991,148,1.139,0.32,84.9,5/8,0.85,1.01,1.36,0.0275,False
london,fvg_ce,0.5,0.0,3,48,2R,48,940,140,1.205,0.64,122.7,6/8,0.85,1.07,1.34,0.005,False
london,fvg_ce,0.5,0.0,3,48,2R,96,993,148,1.209,0.61,131.9,5/8,0.87,1.08,1.35,0.0013,False
london,fvg_ce,0.5,0.0,3,48,3R,48,940,140,1.193,0.49,135.1,7/8,0.9,1.08,1.29,0.005,False
london,fvg_ce,0.5,0.0,3,48,3R,96,993,148,1.203,0.59,149.2,7/8,0.93,1.09,1.3,0.005,False
london,fvg_ce,0.5,0.0,3,48,4R,48,940,140,1.29,0.88,214.2,6/8,0.99,1.17,1.32,0.0,False
london,fvg_ce,0.5,0.0,3,48,4R,96,993,148,1.298,0.96,231.8,6/8,1.02,1.18,1.35,0.0,False
london,fvg_ce,0.5,0.1,3,12,range,48,649,97,0.975,-0.03,-11.0,4/8,0.76,0.86,1.16,0.6262,False
london,fvg_ce,0.5,0.1,3,12,range,96,717,107,0.984,-0.02,-7.6,5/8,0.82,0.87,1.19,0.5837,False
london,fvg_ce,0.5,0.1,3,12,2R,48,649,97,0.973,-0.03,-12.2,6/8,0.74,0.86,1.15,0.6412,False
london,fvg_ce,0.5,0.1,3,12,2R,96,717,107,0.99,-0.01,-5.0,6/8,0.78,0.88,1.18,0.5613,False
london,fvg_ce,0.5,0.1,3,12,3R,48,649,97,1.011,0.01,5.4,6/8,0.82,0.91,1.15,0.4575,False
london,fvg_ce,0.5,0.1,3,12,3R,96,717,107,1.036,0.06,20.4,6/8,0.88,0.93,1.2,0.32,False
london,fvg_ce,0.5,0.1,3,12,4R,48,649,97,1.085,0.12,45.8,6/8,0.92,0.98,1.26,0.205,False
london,fvg_ce,0.5,0.1,3,12,4R,96,717,107,1.111,0.17,65.8,6/8,0.98,1.01,1.31,0.1,False
london,fvg_ce,0.5,0.1,3,24,range,48,765,114,1.054,0.09,26.4,6/8,0.83,0.93,1.19,0.2775,False
london,fvg_ce,0.5,0.1,3,24,range,96,829,124,1.06,0.11,31.9,6/8,0.87,0.94,1.18,0.2487,False
london,fvg_ce,0.5,0.1,3,24,2R,48,765,114,1.103,0.21,52.0,6/8,0.84,0.98,1.21,0.105,False
london,fvg_ce,0.5,0.1,3,24,2R,96,829,124,1.129,0.32,69.8,6/8,0.88,1.01,1.23,0.0475,False
london,fvg_ce,0.5,0.1,3,24,3R,48,765,114,1.109,0.21,63.3,6/8,0.9,1.0,1.16,0.1075,False
london,fvg_ce,0.5,0.1,3,24,3R,96,829,124,1.126,0.31,79.1,6/8,0.94,1.02,1.17,0.055,False
london,fvg_ce,0.5,0.1,3,24,4R,48,765,114,1.157,0.3,97.0,6/8,0.97,1.05,1.21,0.0475,False
london,fvg_ce,0.5,0.1,3,24,4R,96,829,124,1.175,0.4,116.8,6/8,1.01,1.07,1.23,0.0187,False
london,fvg_ce,0.5,0.1,3,48,range,48,897,134,1.088,0.2,47.9,6/8,0.81,0.96,1.2,0.135,False
london,fvg_ce,0.5,0.1,3,48,range,96,957,143,1.086,0.18,49.8,5/8,0.84,0.96,1.21,0.1313,False
london,fvg_ce,0.5,0.1,3,48,2R,48,899,134,1.166,0.46,96.4,7/8,0.84,1.04,1.25,0.0125,False
london,fvg_ce,0.5,0.1,3,48,2R,96,959,143,1.173,0.51,106.4,6/8,0.86,1.05,1.25,0.0088,False
london,fvg_ce,0.5,0.1,3,48,3R,48,899,134,1.199,0.39,132.0,7/8,0.92,1.09,1.27,0.0037,False
london,fvg_ce,0.5,0.1,3,48,3R,96,959,143,1.203,0.5,144.0,7/8,0.94,1.09,1.27,0.0013,False
london,fvg_ce,0.5,0.1,3,48,4R,48,899,134,1.267,0.64,188.5,7/8,0.99,1.16,1.26,0.0013,False
london,fvg_ce,0.5,0.1,3,48,4R,96,959,143,1.266,0.77,200.5,6/8,1.01,1.16,1.28,0.0,False
london,fvg_ce,0.5,0.25,3,12,range,48,560,84,0.911,-0.07,-34.0,3/8,0.72,0.8,1.13,0.8387,False
london,fvg_ce,0.5,0.25,3,12,range,96,625,94,0.91,-0.07,-38.1,3/8,0.73,0.81,1.13,0.8475,False
london,fvg_ce,0.5,0.25,3,12,2R,48,560,84,0.933,-0.06,-26.7,5/8,0.73,0.83,1.12,0.78,False
london,fvg_ce,0.5,0.25,3,12,2R,96,625,94,0.951,-0.05,-21.5,6/8,0.75,0.85,1.13,0.7362,False
london,fvg_ce,0.5,0.25,3,12,3R,48,560,84,0.987,-0.02,-6.0,4/8,0.81,0.89,1.13,0.5587,False
london,fvg_ce,0.5,0.25,3,12,3R,96,625,94,1.003,0.0,1.2,5/8,0.84,0.91,1.14,0.4788,False
london,fvg_ce,0.5,0.25,3,12,4R,48,560,84,1.117,0.13,54.1,6/8,0.96,1.02,1.37,0.1425,False
london,fvg_ce,0.5,0.25,3,12,4R,96,625,94,1.123,0.17,63.4,6/8,0.98,1.02,1.36,0.1375,False
london,fvg_ce,0.5,0.25,3,24,range,48,667,100,0.967,-0.04,-14.3,3/8,0.76,0.86,1.15,0.67,False
london,fvg_ce,0.5,0.25,3,24,range,96,734,110,0.97,-0.03,-14.2,4/8,0.77,0.86,1.12,0.6787,False
london,fvg_ce,0.5,0.25,3,24,2R,48,667,100,1.03,0.04,13.6,6/8,0.79,0.92,1.14,0.3675,False
london,fvg_ce,0.5,0.25,3,24,2R,96,734,110,1.052,0.1,25.6,6/8,0.82,0.94,1.12,0.2562,False
london,fvg_ce,0.5,0.25,3,24,3R,48,667,100,1.024,0.03,12.4,5/8,0.84,0.93,1.08,0.3912,False
london,fvg_ce,0.5,0.25,3,24,3R,96,734,110,1.038,0.07,21.5,5/8,0.86,0.94,1.05,0.3287,False
london,fvg_ce,0.5,0.25,3,24,4R,48,667,100,1.135,0.19,72.9,6/8,0.96,1.04,1.28,0.085,False
london,fvg_ce,0.5,0.25,3,24,4R,96,734,110,1.139,0.25,82.3,6/8,0.97,1.04,1.24,0.0612,False
london,fvg_ce,0.5,0.25,3,48,range,48,804,120,1.037,0.05,17.8,6/8,0.77,0.92,1.2,0.345,False
london,fvg_ce,0.5,0.25,3,48,range,96,867,130,1.028,0.04,14.6,6/8,0.77,0.91,1.19,0.3513,False
london,fvg_ce,0.5,0.25,3,48,2R,48,808,121,1.139,0.24,73.0,7/8,0.83,1.02,1.27,0.0312,False
london,fvg_ce,0.5,0.25,3,48,2R,96,871,130,1.142,0.3,80.1,7/8,0.84,1.03,1.26,0.035,False
london,fvg_ce,0.5,0.25,3,48,3R,48,808,121,1.171,0.27,102.5,7/8,0.91,1.07,1.35,0.0125,False
london,fvg_ce,0.5,0.25,3,48,3R,96,871,130,1.167,0.32,107.8,7/8,0.91,1.07,1.31,0.0275,False
london,fvg_ce,0.5,0.25,3,48,4R,48,808,121,1.286,0.47,178.9,7/8,1.01,1.18,1.4,0.0013,False
london,fvg_ce,0.5,0.25,3,48,4R,96,871,130,1.266,0.53,180.3,7/8,1.01,1.16,1.36,0.0013,False
london,range_ote,0.05,0.0,3,12,range,48,571,86,1.168,0.19,100.1,4/8,1.33,0.96,2.01,0.0975,False
london,range_ote,0.05,0.0,3,12,range,96,672,100,1.174,0.21,118.7,4/8,1.27,0.97,1.93,0.07,False
london,range_ote,0.05,0.0,3,12,2R,48,571,86,1.131,0.18,45.8,6/8,0.72,0.8,1.54,0.0887,False
london,range_ote,0.05,0.0,3,12,2R,96,672,100,1.187,0.29,75.9,7/8,0.74,0.86,1.53,0.0163,False
london,range_ote,0.05,0.0,3,12,3R,48,571,86,1.151,0.18,67.5,6/8,0.92,0.88,1.8,0.0612,False
london,range_ote,0.05,0.0,3,12,3R,96,672,100,1.186,0.3,96.5,6/8,0.91,0.92,1.71,0.02,False
london,range_ote,0.05,0.0,3,12,4R,48,571,86,1.108,0.11,55.9,4/8,0.96,0.88,1.73,0.145,False
london,range_ote,0.05,0.0,3,12,4R,96,672,100,1.151,0.18,90.5,4/8,0.94,0.92,1.69,0.0475,False
london,range_ote,0.05,0.0,3,24,range,48,641,96,1.297,0.45,191.3,5/8,1.29,1.07,2.02,0.0163,False
london,range_ote,0.05,0.0,3,24,range,96,747,112,1.268,0.44,197.5,5/8,1.26,1.05,1.91,0.0075,False
london,range_ote,0.05,0.0,3,24,2R,48,641,96,1.12,0.18,47.4,5/8,0.69,0.8,1.37,0.0762,False
london,range_ote,0.05,0.0,3,24,2R,96,747,112,1.122,0.18,56.3,5/8,0.74,0.81,1.38,0.0712,False
london,range_ote,0.05,0.0,3,24,3R,48,641,96,1.209,0.42,102.9,6/8,0.93,0.93,1.72,0.01,False
london,range_ote,0.05,0.0,3,24,3R,96,747,112,1.212,0.42,120.9,6/8,0.95,0.95,1.61,0.005,False
london,range_ote,0.05,0.0,3,24,4R,48,641,96,1.201,0.3,113.1,6/8,0.98,0.96,1.68,0.0187,False
london,range_ote,0.05,0.0,3,24,4R,96,747,112,1.224,0.37,145.2,6/8,1.01,0.98,1.62,0.0013,False
london,range_ote,0.05,0.0,3,48,range,48,730,109,1.331,0.56,233.4,4/8,1.27,1.1,2.02,0.0037,False
london,range_ote,0.05,0.0,3,48,range,96,833,124,1.322,0.54,255.1,6/8,1.27,1.09,2.0,0.0013,False
london,range_ote,0.05,0.0,3,48,2R,48,730,109,1.193,0.37,85.1,6/8,0.7,0.87,1.53,0.005,False
london,range_ote,0.05,0.0,3,48,2R,96,833,124,1.198,0.4,99.7,6/8,0.74,0.88,1.54,0.0025,False
london,range_ote,0.05,0.0,3,48,3R,48,730,109,1.257,0.67,141.6,5/8,0.94,0.98,1.8,0.0,False
london,range_ote,0.05,0.0,3,48,3R,96,833,124,1.272,0.7,170.3,5/8,0.96,1.0,1.75,0.0,False
london,range_ote,0.05,0.0,3,48,4R,48,730,109,1.248,0.54,156.2,5/8,0.98,1.0,1.77,0.0025,False
london,range_ote,0.05,0.0,3,48,4R,96,833,124,1.282,0.71,200.8,5/8,1.02,1.04,1.75,0.0,False
london,range_ote,0.05,0.1,3,12,range,48,522,78,1.139,0.14,73.6,3/8,1.39,0.94,1.76,0.1512,False
london,range_ote,0.05,0.1,3,12,range,96,619,92,1.144,0.17,88.4,3/8,1.3,0.95,1.69,0.125,False
london,range_ote,0.05,0.1,3,12,2R,48,522,78,1.099,0.13,32.8,6/8,1.01,0.8,1.42,0.145,False
london,range_ote,0.05,0.1,3,12,2R,96,619,92,1.146,0.25,56.4,7/8,0.98,0.85,1.38,0.0413,False
london,range_ote,0.05,0.1,3,12,3R,48,522,78,1.112,0.13,46.7,5/8,0.9,0.87,1.57,0.12,False
london,range_ote,0.05,0.1,3,12,3R,96,619,92,1.15,0.24,73.0,5/8,0.88,0.91,1.48,0.045,False
london,range_ote,0.05,0.1,3,12,4R,48,522,78,1.063,0.06,29.9,3/8,0.93,0.86,1.59,0.265,False
london,range_ote,0.05,0.1,3,12,4R,96,619,92,1.108,0.16,59.9,5/8,0.9,0.9,1.53,0.1313,False
london,range_ote,0.05,0.1,3,24,range,48,590,88,1.194,0.25,113.3,4/8,1.27,0.99,1.64,0.0612,False
london,range_ote,0.05,0.1,3,24,range,96,697,104,1.158,0.22,107.6,5/8,1.24,0.96,1.57,0.0725,False
london,range_ote,0.05,0.1,3,24,2R,48,590,88,1.096,0.15,36.0,6/8,0.97,0.81,1.26,0.1325,False
london,range_ote,0.05,0.1,3,24,2R,96,697,104,1.087,0.14,38.9,4/8,0.97,0.81,1.25,0.12,False
london,range_ote,0.05,0.1,3,24,3R,48,590,88,1.157,0.21,72.3,5/8,0.89,0.91,1.53,0.0425,False
london,range_ote,0.05,0.1,3,24,3R,96,697,104,1.144,0.21,78.6,5/8,0.91,0.91,1.44,0.055,False
london,range_ote,0.05,0.1,3,24,4R,48,590,88,1.141,0.18,73.8,4/8,0.94,0.92,1.54,0.0737,False
london,range_ote,0.05,0.1,3,24,4R,96,697,104,1.141,0.2,87.0,5/8,0.97,0.93,1.48,0.0488,False
london,range_ote,0.05,0.1,3,48,range,48,684,102,1.238,0.36,154.6,4/8,1.28,1.03,1.69,0.0213,False
london,range_ote,0.05,0.1,3,48,range,96,792,118,1.222,0.33,164.7,5/8,1.26,1.02,1.69,0.0187,False
london,range_ote,0.05,0.1,3,48,2R,48,684,102,1.167,0.29,70.9,5/8,0.95,0.87,1.43,0.0338,False
london,range_ote,0.05,0.1,3,48,2R,96,792,118,1.165,0.32,80.9,5/8,0.96,0.88,1.44,0.0163,False
london,range_ote,0.05,0.1,3,48,3R,48,684,102,1.229,0.42,119.6,6/8,0.93,0.98,1.67,0.0112,False
london,range_ote,0.05,0.1,3,48,3R,96,792,118,1.225,0.42,136.0,6/8,0.95,0.98,1.61,0.005,False
london,range_ote,0.05,0.1,3,48,4R,48,684,102,1.2,0.38,119.2,6/8,0.97,0.98,1.66,0.0213,False
london,range_ote,0.05,0.1,3,48,4R,96,792,118,1.212,0.42,145.1,6/8,0.99,1.0,1.62,0.0063,False
london,range_ote,0.05,0.25,3,12,range,48,446,67,1.01,0.01,4.4,3/8,0.97,0.84,1.55,0.4825,False
london,range_ote,0.05,0.25,3,12,range,96,535,80,1.036,0.04,19.1,3/8,0.92,0.87,1.53,0.3937,False
london,range_ote,0.05,0.25,3,12,2R,48,446,67,0.981,-0.02,-5.7,5/8,0.62,0.73,1.29,0.6,False
london,range_ote,0.05,0.25,3,12,2R,96,535,80,1.042,0.06,14.9,6/8,0.63,0.79,1.27,0.3325,False
london,range_ote,0.05,0.25,3,12,3R,48,446,67,0.994,-0.0,-2.1,4/8,0.7,0.79,1.52,0.5375,False
london,range_ote,0.05,0.25,3,12,3R,96,535,80,1.055,0.06,24.0,5/8,0.7,0.85,1.45,0.3,False
london,range_ote,0.05,0.25,3,12,4R,48,446,67,0.932,-0.04,-28.4,3/8,0.68,0.76,1.42,0.7538,False
london,range_ote,0.05,0.25,3,12,4R,96,535,80,1.007,0.01,3.5,4/8,0.68,0.83,1.4,0.5,False
london,range_ote,0.05,0.25,3,24,range,48,513,77,1.13,0.14,65.4,6/8,0.99,0.95,1.56,0.165,False
london,range_ote,0.05,0.25,3,24,range,96,613,92,1.101,0.11,59.8,6/8,0.96,0.93,1.48,0.1925,False
london,range_ote,0.05,0.25,3,24,2R,48,513,77,1.044,0.08,14.9,5/8,0.62,0.79,1.15,0.335,False
london,range_ote,0.05,0.25,3,24,2R,96,613,92,1.036,0.07,14.6,4/8,0.66,0.79,1.09,0.345,False
london,range_ote,0.05,0.25,3,24,3R,48,513,77,1.102,0.13,41.9,5/8,0.76,0.88,1.49,0.1638,False
london,range_ote,0.05,0.25,3,24,3R,96,613,92,1.099,0.14,48.0,6/8,0.78,0.89,1.33,0.145,False
london,range_ote,0.05,0.25,3,24,4R,48,513,77,1.124,0.13,56.3,5/8,0.78,0.92,1.56,0.1175,False
london,range_ote,0.05,0.25,3,24,4R,96,613,92,1.132,0.18,71.1,6/8,0.82,0.94,1.41,0.085,False
london,range_ote,0.05,0.25,3,48,range,48,612,92,1.164,0.18,93.9,5/8,0.97,0.98,1.61,0.0862,False
london,range_ote,0.05,0.25,3,48,range,96,715,107,1.176,0.2,115.7,6/8,0.95,0.99,1.66,0.0512,False
london,range_ote,0.05,0.25,3,48,2R,48,612,92,1.106,0.19,41.5,5/8,0.61,0.85,1.29,0.1113,False
london,range_ote,0.05,0.25,3,48,2R,96,715,107,1.113,0.24,51.7,5/8,0.64,0.86,1.3,0.07,False
london,range_ote,0.05,0.25,3,48,3R,48,612,92,1.165,0.22,78.9,5/8,0.77,0.95,1.58,0.045,False
london,range_ote,0.05,0.25,3,48,3R,96,715,107,1.181,0.26,100.3,6/8,0.77,0.97,1.54,0.0112,False
london,range_ote,0.05,0.25,3,48,4R,48,612,92,1.176,0.2,94.0,5/8,0.79,0.98,1.62,0.0375,False
london,range_ote,0.05,0.25,3,48,4R,96,715,107,1.209,0.3,128.7,7/8,0.8,1.01,1.58,0.0088,False
london,range_ote,0.1,0.0,3,12,range,48,575,86,1.138,0.14,79.3,4/8,0.97,0.94,1.94,0.1163,False
london,range_ote,0.1,0.0,3,12,range,96,677,101,1.138,0.15,91.2,4/8,0.96,0.95,1.85,0.1025,False
london,range_ote,0.1,0.0,3,12,2R,48,575,86,1.056,0.05,21.1,5/8,2.13,0.78,1.48,0.2812,False
london,range_ote,0.1,0.0,3,12,2R,96,677,101,1.115,0.14,49.7,7/8,1.98,0.84,1.43,0.0838,False
london,range_ote,0.1,0.0,3,12,3R,48,575,86,1.1,0.1,46.2,5/8,0.73,0.87,1.66,0.15,False
london,range_ote,0.1,0.0,3,12,3R,96,677,101,1.143,0.18,76.5,4/8,0.76,0.91,1.59,0.05,False
london,range_ote,0.1,0.0,3,12,4R,48,575,86,1.049,0.05,26.1,3/8,0.75,0.85,1.65,0.3113,False
london,range_ote,0.1,0.0,3,12,4R,96,677,101,1.079,0.1,48.3,4/8,0.75,0.88,1.63,0.1737,False
london,range_ote,0.1,0.0,3,24,range,48,648,97,1.23,0.32,144.7,5/8,1.5,1.02,1.87,0.0362,False
london,range_ote,0.1,0.0,3,24,range,96,755,113,1.2,0.3,144.5,5/8,1.43,1.0,1.76,0.04,False
london,range_ote,0.1,0.0,3,24,2R,48,648,97,1.071,0.09,29.6,5/8,2.12,0.79,1.35,0.1862,False
london,range_ote,0.1,0.0,3,24,2R,96,755,113,1.089,0.12,43.0,6/8,2.08,0.82,1.31,0.1237,False
london,range_ote,0.1,0.0,3,24,3R,48,648,97,1.136,0.19,69.4,6/8,0.95,0.9,1.55,0.0587,False
london,range_ote,0.1,0.0,3,24,3R,96,755,113,1.15,0.23,88.9,5/8,0.96,0.92,1.47,0.0338,False
london,range_ote,0.1,0.0,3,24,4R,48,648,97,1.152,0.23,87.3,5/8,1.05,0.94,1.57,0.0512,False
london,range_ote,0.1,0.0,3,24,4R,96,755,113,1.154,0.26,102.9,4/8,1.03,0.95,1.53,0.0325,False
london,range_ote,0.1,0.0,3,48,range,48,738,110,1.256,0.41,177.4,4/8,0.94,1.05,1.86,0.0075,False
london,range_ote,0.1,0.0,3,48,range,96,842,126,1.257,0.42,199.4,4/8,0.97,1.05,1.87,0.0025,False
london,range_ote,0.1,0.0,3,48,2R,48,738,110,1.137,0.28,64.0,6/8,1.79,0.86,1.48,0.0413,False
london,range_ote,0.1,0.0,3,48,2R,96,842,126,1.158,0.34,83.4,6/8,1.82,0.88,1.49,0.0213,False
london,range_ote,0.1,0.0,3,48,3R,48,738,110,1.172,0.32,98.8,5/8,0.73,0.94,1.6,0.0175,False
london,range_ote,0.1,0.0,3,48,3R,96,842,126,1.205,0.42,133.0,5/8,0.78,0.97,1.59,0.0037,False
london,range_ote,0.1,0.0,3,48,4R,48,738,110,1.176,0.33,114.2,5/8,0.77,0.96,1.6,0.0312,False
london,range_ote,0.1,0.0,3,48,4R,96,842,126,1.201,0.41,147.3,5/8,0.83,0.99,1.63,0.0112,False
london,range_ote,0.1,0.1,3,12,range,48,524,79,1.109,0.11,56.0,3/8,1.11,0.93,1.75,0.19,False
london,range_ote,0.1,0.1,3,12,range,96,622,93,1.108,0.13,64.5,3/8,1.07,0.93,1.66,0.1787,False
london,range_ote,0.1,0.1,3,12,2R,48,524,79,1.008,0.01,2.8,6/8,0.73,0.76,1.37,0.4575,False
london,range_ote,0.1,0.1,3,12,2R,96,622,93,1.061,0.08,24.8,6/8,0.74,0.81,1.28,0.2162,False
london,range_ote,0.1,0.1,3,12,3R,48,524,79,1.052,0.05,22.4,4/8,0.8,0.84,1.54,0.285,False
london,range_ote,0.1,0.1,3,12,3R,96,622,93,1.1,0.13,49.9,4/8,0.81,0.89,1.45,0.1275,False
london,range_ote,0.1,0.1,3,12,4R,48,524,79,1.007,0.01,3.6,3/8,0.81,0.83,1.55,0.4775,False
london,range_ote,0.1,0.1,3,12,4R,96,622,93,1.037,0.05,21.1,4/8,0.79,0.86,1.49,0.3575,False
london,range_ote,0.1,0.1,3,24,range,48,595,89,1.136,0.16,78.3,4/8,1.68,0.95,1.56,0.115,False
london,range_ote,0.1,0.1,3,24,range,96,703,105,1.1,0.12,66.8,3/8,1.56,0.92,1.48,0.1625,False
london,range_ote,0.1,0.1,3,24,2R,48,595,89,1.018,0.02,7.2,6/8,0.91,0.77,1.23,0.395,False
london,range_ote,0.1,0.1,3,24,2R,96,703,105,1.031,0.04,14.3,5/8,1.02,0.79,1.19,0.3262,False
london,range_ote,0.1,0.1,3,24,3R,48,595,89,1.089,0.1,42.6,5/8,1.05,0.88,1.41,0.165,False
london,range_ote,0.1,0.1,3,24,3R,96,703,105,1.089,0.09,50.2,6/8,1.04,0.88,1.35,0.1212,False
london,range_ote,0.1,0.1,3,24,4R,48,595,89,1.087,0.11,46.3,4/8,1.14,0.9,1.44,0.1787,False
london,range_ote,0.1,0.1,3,24,4R,96,703,105,1.075,0.11,47.1,4/8,1.1,0.89,1.4,0.1688,False
london,range_ote,0.1,0.1,3,48,range,48,690,103,1.175,0.24,111.6,4/8,1.01,0.99,1.59,0.0737,False
london,range_ote,0.1,0.1,3,48,range,96,799,119,1.168,0.24,122.3,3/8,1.04,0.98,1.61,0.0525,False
london,range_ote,0.1,0.1,3,48,2R,48,690,103,1.092,0.13,41.2,4/8,0.7,0.84,1.41,0.1212,False
london,range_ote,0.1,0.1,3,48,2R,96,799,119,1.113,0.22,58.5,5/8,0.86,0.87,1.4,0.0737,False
london,range_ote,0.1,0.1,3,48,3R,48,690,103,1.141,0.18,76.4,5/8,0.8,0.93,1.52,0.045,False
london,range_ote,0.1,0.1,3,48,3R,96,799,119,1.157,0.21,98.1,5/8,0.84,0.95,1.5,0.03,False
london,range_ote,0.1,0.1,3,48,4R,48,690,103,1.13,0.2,79.5,6/8,0.83,0.94,1.53,0.0712,False
london,range_ote,0.1,0.1,3,48,4R,96,799,119,1.14,0.24,98.1,5/8,0.87,0.95,1.54,0.0462,False
london,range_ote,0.1,0.25,3,12,range,48,449,68,0.967,-0.03,-14.7,3/8,0.84,0.81,1.46,0.615,False
london,range_ote,0.1,0.25,3,12,range,96,539,81,0.989,-0.01,-5.9,4/8,0.82,0.83,1.43,0.5387,False
london,range_ote,0.1,0.25,3,12,2R,48,449,68,0.914,-0.06,-27.2,5/8,0.59,0.7,1.25,0.8263,False
london,range_ote,0.1,0.25,3,12,2R,96,539,81,0.977,-0.03,-8.5,5/8,0.59,0.76,1.16,0.6175,False
london,range_ote,0.1,0.25,3,12,3R,48,449,68,0.976,-0.02,-9.0,4/8,0.69,0.79,1.46,0.6075,False
london,range_ote,0.1,0.25,3,12,3R,96,539,81,1.041,0.04,17.9,4/8,0.71,0.85,1.39,0.3488,False
london,range_ote,0.1,0.25,3,12,4R,48,449,68,0.897,-0.07,-44.0,3/8,0.66,0.74,1.36,0.8475,False
london,range_ote,0.1,0.25,3,12,4R,96,539,81,0.959,-0.04,-20.3,3/8,0.67,0.8,1.34,0.6737,False
london,range_ote,0.1,0.25,3,24,range,48,516,77,1.078,0.08,38.4,5/8,1.67,0.91,1.42,0.2637,False
london,range_ote,0.1,0.25,3,24,range,96,617,92,1.047,0.05,27.5,6/8,1.52,0.89,1.35,0.3362,False
london,range_ote,0.1,0.25,3,24,2R,48,516,77,1.002,0.0,0.8,4/8,0.89,0.78,1.13,0.4938,False
london,range_ote,0.1,0.25,3,24,2R,96,617,92,1.01,0.02,4.3,4/8,1.0,0.79,1.03,0.465,False
london,range_ote,0.1,0.25,3,24,3R,48,516,77,1.099,0.12,40.5,5/8,1.1,0.9,1.41,0.1425,False
london,range_ote,0.1,0.25,3,24,3R,96,617,92,1.097,0.13,47.5,6/8,1.06,0.9,1.27,0.1487,False
london,range_ote,0.1,0.25,3,24,4R,48,516,77,1.073,0.08,34.0,4/8,1.16,0.9,1.43,0.24,False
london,range_ote,0.1,0.25,3,24,4R,96,617,92,1.065,0.1,36.1,5/8,1.1,0.89,1.31,0.235,False
london,range_ote,0.1,0.25,3,48,range,48,616,92,1.105,0.11,59.2,5/8,0.85,0.94,1.46,0.1787,False
london,range_ote,0.1,0.25,3,48,range,96,721,108,1.124,0.14,80.3,6/8,0.87,0.95,1.53,0.1313,False
london,range_ote,0.1,0.25,3,48,2R,48,616,92,1.057,0.08,23.2,4/8,0.62,0.83,1.25,0.2712,False
london,range_ote,0.1,0.25,3,48,2R,96,721,108,1.082,0.17,39.0,5/8,0.77,0.86,1.25,0.1313,False
london,range_ote,0.1,0.25,3,48,3R,48,616,92,1.131,0.15,63.6,4/8,0.75,0.93,1.46,0.08,False
london,range_ote,0.1,0.25,3,48,3R,96,721,108,1.158,0.19,88.5,6/8,0.78,0.96,1.45,0.02,False
london,range_ote,0.1,0.25,3,48,4R,48,616,92,1.084,0.09,45.9,4/8,0.75,0.91,1.46,0.1975,False
london,range_ote,0.1,0.25,3,48,4R,96,721,108,1.12,0.17,76.2,5/8,0.78,0.95,1.49,0.0887,False
london,range_ote,0.25,0.0,3,12,range,48,588,88,1.054,0.06,29.6,4/8,0.83,0.89,1.58,0.2963,False
london,range_ote,0.25,0.0,3,12,range,96,692,103,1.055,0.07,34.5,4/8,1.67,0.9,1.51,0.2825,False
london,range_ote,0.25,0.0,3,12,2R,48,588,88,1.004,0.0,1.8,4/8,1.05,0.79,1.49,0.4813,False
london,range_ote,0.25,0.0,3,12,2R,96,692,103,1.034,0.04,15.9,4/8,1.31,0.83,1.4,0.3,False
london,range_ote,0.25,0.0,3,12,3R,48,588,88,0.955,-0.04,-22.3,3/8,0.66,0.79,1.38,0.6975,False
london,range_ote,0.25,0.0,3,12,3R,96,692,103,0.973,-0.03,-15.8,3/8,1.01,0.81,1.35,0.635,False
london,range_ote,0.25,0.0,3,12,4R,48,588,88,0.993,-0.01,-3.5,5/8,0.73,0.84,1.42,0.5262,False
london,range_ote,0.25,0.0,3,12,4R,96,692,103,1.026,0.03,16.5,5/8,1.15,0.87,1.41,0.3738,False
london,range_ote,0.25,0.0,3,24,range,48,663,99,1.097,0.14,58.3,4/8,0.84,0.93,1.43,0.1613,False
london,range_ote,0.25,0.0,3,24,range,96,774,116,1.08,0.13,55.5,3/8,1.62,0.92,1.35,0.1963,False
london,range_ote,0.25,0.0,3,24,2R,48,663,99,1.024,0.03,10.8,4/8,1.01,0.81,1.31,0.3613,False
london,range_ote,0.25,0.0,3,24,2R,96,774,116,1.048,0.07,24.7,5/8,1.32,0.84,1.28,0.2662,False
london,range_ote,0.25,0.0,3,24,3R,48,663,99,1.022,0.03,12.2,4/8,0.68,0.85,1.29,0.3588,False
london,range_ote,0.25,0.0,3,24,3R,96,774,116,1.028,0.05,17.8,3/8,1.05,0.86,1.24,0.365,False
london,range_ote,0.25,0.0,3,24,4R,48,663,99,1.079,0.13,46.3,5/8,0.76,0.91,1.33,0.17,False
london,range_ote,0.25,0.0,3,24,4R,96,774,116,1.091,0.17,62.4,5/8,1.18,0.93,1.31,0.1388,False
london,range_ote,0.25,0.0,3,48,range,48,754,113,1.165,0.3,107.6,4/8,0.88,0.99,1.46,0.0612,False
london,range_ote,0.25,0.0,3,48,range,96,865,129,1.171,0.34,126.1,4/8,1.64,1.0,1.46,0.0325,False
london,range_ote,0.25,0.0,3,48,2R,48,754,113,1.12,0.25,59.1,5/8,1.05,0.9,1.35,0.0563,False
london,range_ote,0.25,0.0,3,48,2R,96,865,129,1.135,0.3,75.7,5/8,1.34,0.92,1.36,0.0387,False
london,range_ote,0.25,0.0,3,48,3R,48,754,113,1.065,0.12,39.3,5/8,0.73,0.89,1.3,0.2162,False
london,range_ote,0.25,0.0,3,48,3R,96,865,129,1.081,0.18,56.3,5/8,1.08,0.91,1.3,0.1462,False
london,range_ote,0.25,0.0,3,48,4R,48,754,113,1.134,0.3,88.4,5/8,0.82,0.97,1.35,0.0663,False
london,range_ote,0.25,0.0,3,48,4R,96,865,129,1.158,0.38,118.7,5/8,1.22,0.99,1.38,0.025,False
london,range_ote,0.25,0.1,3,12,range,48,536,80,0.99,-0.01,-4.9,3/8,0.81,0.84,1.39,0.5363,False
london,range_ote,0.25,0.1,3,12,range,96,638,95,0.998,-0.0,-1.1,2/8,1.7,0.85,1.32,0.5075,False
london,range_ote,0.25,0.1,3,12,2R,48,536,80,0.928,-0.05,-27.5,4/8,0.99,0.75,1.35,0.7837,False
london,range_ote,0.25,0.1,3,12,2R,96,638,95,0.962,-0.04,-16.9,4/8,1.24,0.78,1.25,0.7013,False
london,range_ote,0.25,0.1,3,12,3R,48,536,80,0.885,-0.08,-53.1,2/8,0.63,0.74,1.27,0.8975,False
london,range_ote,0.25,0.1,3,12,3R,96,638,95,0.911,-0.07,-48.1,2/8,0.99,0.77,1.21,0.8675,False
london,range_ote,0.25,0.1,3,12,4R,48,536,80,0.925,-0.06,-37.2,3/8,0.69,0.79,1.28,0.7863,False
london,range_ote,0.25,0.1,3,12,4R,96,638,95,0.958,-0.04,-24.6,4/8,1.13,0.82,1.25,0.6637,False
london,range_ote,0.25,0.1,3,24,range,48,607,91,1.011,0.01,5.8,3/8,0.81,0.86,1.21,0.4525,False
london,range_ote,0.25,0.1,3,24,range,96,721,108,0.991,-0.01,-5.6,2/8,1.64,0.85,1.16,0.5663,False
london,range_ote,0.25,0.1,3,24,2R,48,607,91,0.95,-0.05,-21.2,4/8,0.95,0.77,1.19,0.71,False
london,range_ote,0.25,0.1,3,24,2R,96,721,108,0.973,-0.03,-13.5,4/8,1.27,0.79,1.18,0.6288,False
london,range_ote,0.25,0.1,3,24,3R,48,607,91,0.953,-0.05,-24.0,3/8,0.66,0.8,1.19,0.6925,False
london,range_ote,0.25,0.1,3,24,3R,96,721,108,0.951,-0.05,-29.4,2/8,1.05,0.8,1.14,0.74,False
london,range_ote,0.25,0.1,3,24,4R,48,607,91,1.008,0.01,4.4,5/8,0.73,0.86,1.18,0.4575,False
london,range_ote,0.25,0.1,3,24,4R,96,721,108,1.012,0.02,7.7,5/8,1.17,0.87,1.15,0.4738,False
london,range_ote,0.25,0.1,3,48,range,48,704,105,1.086,0.12,52.1,4/8,0.87,0.93,1.25,0.1775,False
london,range_ote,0.25,0.1,3,48,range,96,822,123,1.088,0.13,61.4,5/8,1.66,0.93,1.27,0.165,False
london,range_ote,0.25,0.1,3,48,2R,48,704,105,1.058,0.08,27.6,5/8,1.01,0.86,1.28,0.2375,False
london,range_ote,0.25,0.1,3,48,2R,96,822,123,1.077,0.11,42.2,5/8,1.31,0.88,1.3,0.14,False
london,range_ote,0.25,0.1,3,48,3R,48,704,105,1.016,0.02,9.5,4/8,0.73,0.86,1.25,0.4138,False
london,range_ote,0.25,0.1,3,48,3R,96,822,123,1.022,0.03,14.9,5/8,1.09,0.87,1.23,0.3862,False
london,range_ote,0.25,0.1,3,48,4R,48,704,105,1.067,0.1,41.4,6/8,0.79,0.92,1.23,0.2125,False
london,range_ote,0.25,0.1,3,48,4R,96,822,123,1.082,0.14,59.2,6/8,1.21,0.93,1.24,0.16,False
london,range_ote,0.25,0.25,3,12,range,48,458,69,0.888,-0.08,-47.7,2/8,0.73,0.76,1.23,0.845,False
london,range_ote,0.25,0.25,3,12,range,96,551,83,0.901,-0.08,-49.9,2/8,0.71,0.77,1.19,0.8413,False
london,range_ote,0.25,0.25,3,12,2R,48,458,69,0.841,-0.09,-54.0,3/8,0.66,0.68,1.28,0.9613,False
london,range_ote,0.25,0.25,3,12,2R,96,551,83,0.892,-0.08,-43.0,4/8,0.64,0.73,1.16,0.9225,False
london,range_ote,0.25,0.25,3,12,3R,48,458,69,0.817,-0.1,-73.6,2/8,0.7,0.69,1.16,0.9738,False
london,range_ote,0.25,0.25,3,12,3R,96,551,83,0.856,-0.09,-68.2,2/8,0.68,0.73,1.12,0.97,False
london,range_ote,0.25,0.25,3,12,4R,48,458,69,0.87,-0.08,-55.7,4/8,0.78,0.74,1.17,0.9,False
london,range_ote,0.25,0.25,3,12,4R,96,551,83,0.929,-0.06,-35.8,4/8,0.77,0.8,1.15,0.7937,False
london,range_ote,0.25,0.25,3,24,range,48,525,79,0.936,-0.06,-30.7,1/8,0.72,0.8,1.11,0.7137,False
london,range_ote,0.25,0.25,3,24,range,96,631,94,0.916,-0.06,-47.4,3/8,0.74,0.79,1.06,0.8175,False
london,range_ote,0.25,0.25,3,24,2R,48,525,79,0.912,-0.08,-33.1,3/8,0.66,0.74,1.13,0.8688,False
london,range_ote,0.25,0.25,3,24,2R,96,631,94,0.931,-0.06,-31.0,3/8,0.72,0.77,1.03,0.8313,False
london,range_ote,0.25,0.25,3,24,3R,48,525,79,0.906,-0.09,-41.9,2/8,0.7,0.77,1.1,0.8638,False
london,range_ote,0.25,0.25,3,24,3R,96,631,94,0.911,-0.08,-47.2,2/8,0.76,0.78,1.0,0.86,False
london,range_ote,0.25,0.25,3,24,4R,48,525,79,0.974,-0.03,-12.4,4/8,0.79,0.84,1.1,0.615,False
london,range_ote,0.25,0.25,3,24,4R,96,631,94,0.988,-0.02,-7.0,5/8,0.86,0.85,1.04,0.5563,False
london,range_ote,0.25,0.25,3,48,range,48,626,94,0.989,-0.01,-6.0,5/8,0.75,0.85,1.14,0.56,False
london,range_ote,0.25,0.25,3,48,range,96,739,110,1.006,0.01,3.7,4/8,1.21,0.87,1.21,0.4662,False
london,range_ote,0.25,0.25,3,48,2R,48,626,94,1.004,0.0,1.7,4/8,0.72,0.83,1.18,0.4938,False
london,range_ote,0.25,0.25,3,48,2R,96,739,110,1.026,0.04,12.9,4/8,1.08,0.85,1.18,0.3762,False
london,range_ote,0.25,0.25,3,48,3R,48,626,94,0.964,-0.04,-18.7,4/8,0.75,0.82,1.14,0.6837,False
london,range_ote,0.25,0.25,3,48,3R,96,739,110,0.985,-0.02,-9.0,4/8,1.15,0.85,1.14,0.5487,False
london,range_ote,0.25,0.25,3,48,4R,48,626,94,1.024,0.03,13.2,5/8,0.82,0.89,1.16,0.4412,False
london,range_ote,0.25,0.25,3,48,4R,96,739,110,1.068,0.1,43.9,5/8,1.32,0.93,1.22,0.2,False
london,range_ote,0.5,0.0,3,12,range,48,593,89,0.934,-0.05,-33.0,3/8,0.79,0.81,1.36,0.7488,False
london,range_ote,0.5,0.0,3,12,range,96,700,105,0.922,-0.06,-45.8,3/8,0.79,0.8,1.27,0.8287,False
london,range_ote,0.5,0.0,3,12,2R,48,593,89,0.936,-0.05,-26.9,3/8,0.74,0.79,1.44,0.7937,False
london,range_ote,0.5,0.0,3,12,2R,96,700,105,0.943,-0.04,-28.3,3/8,1.06,0.8,1.36,0.7688,False
london,range_ote,0.5,0.0,3,12,3R,48,593,89,0.938,-0.05,-30.5,5/8,0.75,0.81,1.28,0.7575,False
london,range_ote,0.5,0.0,3,12,3R,96,700,105,0.955,-0.04,-25.9,4/8,0.8,0.83,1.26,0.7362,False
london,range_ote,0.5,0.0,3,12,4R,48,593,89,0.944,-0.05,-29.9,4/8,0.78,0.83,1.25,0.7137,False
london,range_ote,0.5,0.0,3,12,4R,96,700,105,0.976,-0.03,-14.9,4/8,0.84,0.86,1.23,0.6,False
london,range_ote,0.5,0.0,3,24,range,48,668,100,0.98,-0.02,-11.1,3/8,0.79,0.85,1.25,0.5387,False
london,range_ote,0.5,0.0,3,24,range,96,781,117,0.957,-0.05,-27.8,2/8,0.82,0.83,1.15,0.6963,False
london,range_ote,0.5,0.0,3,24,2R,48,668,100,0.974,-0.03,-12.1,3/8,0.73,0.82,1.28,0.605,False
london,range_ote,0.5,0.0,3,24,2R,96,781,117,0.953,-0.05,-25.8,2/8,0.75,0.81,1.15,0.7238,False
london,range_ote,0.5,0.0,3,24,3R,48,668,100,0.998,-0.0,-1.0,5/8,0.76,0.87,1.16,0.4888,False
london,range_ote,0.5,0.0,3,24,3R,96,781,117,0.995,-0.01,-3.1,4/8,0.8,0.87,1.11,0.5312,False
london,range_ote,0.5,0.0,3,24,4R,48,668,100,1.008,0.01,4.9,4/8,0.81,0.89,1.13,0.4375,False
london,range_ote,0.5,0.0,3,24,4R,96,781,117,1.019,0.03,13.3,4/8,0.85,0.9,1.08,0.405,False
london,range_ote,0.5,0.0,3,48,range,48,764,114,1.065,0.09,38.8,3/8,0.92,0.93,1.32,0.23,False
london,range_ote,0.5,0.0,3,48,range,96,877,131,1.064,0.09,43.3,4/8,0.96,0.93,1.29,0.1975,False
london,range_ote,0.5,0.0,3,48,2R,48,764,114,1.062,0.08,32.0,5/8,0.85,0.91,1.32,0.1925,False
london,range_ote,0.5,0.0,3,48,2R,96,877,131,1.055,0.08,32.6,5/8,0.88,0.9,1.26,0.2037,False
london,range_ote,0.5,0.0,3,48,3R,48,764,114,1.058,0.1,35.3,4/8,0.88,0.92,1.2,0.225,False
london,range_ote,0.5,0.0,3,48,3R,96,877,131,1.075,0.15,52.3,5/8,0.93,0.94,1.21,0.16,False
london,range_ote,0.5,0.0,3,48,4R,48,764,114,1.081,0.1,53.6,5/8,0.95,0.96,1.25,0.1725,False
london,range_ote,0.5,0.0,3,48,4R,96,877,131,1.121,0.19,90.6,5/8,1.01,0.99,1.26,0.0788,False
london,range_ote,0.5,0.1,3,12,range,48,541,81,0.915,-0.07,-38.3,3/8,0.83,0.8,1.23,0.8275,False
london,range_ote,0.5,0.1,3,12,range,96,646,96,0.904,-0.08,-51.6,2/8,0.82,0.79,1.14,0.885,False
london,range_ote,0.5,0.1,3,12,2R,48,541,81,0.91,-0.07,-35.0,3/8,0.75,0.77,1.28,0.8588,False
london,range_ote,0.5,0.1,3,12,2R,96,646,96,0.92,-0.07,-37.1,2/8,1.09,0.78,1.19,0.8675,False
london,range_ote,0.5,0.1,3,12,3R,48,541,81,0.926,-0.07,-33.1,5/8,0.78,0.81,1.23,0.8175,False
london,range_ote,0.5,0.1,3,12,3R,96,646,96,0.943,-0.06,-30.4,4/8,0.82,0.82,1.18,0.7875,False
london,range_ote,0.5,0.1,3,12,4R,48,541,81,0.946,-0.05,-25.9,3/8,0.83,0.83,1.23,0.7275,False
london,range_ote,0.5,0.1,3,12,4R,96,646,96,0.971,-0.03,-16.5,4/8,0.87,0.86,1.17,0.6238,False
london,range_ote,0.5,0.1,3,24,range,48,613,92,0.936,-0.06,-32.2,2/8,0.81,0.82,1.07,0.7438,False
london,range_ote,0.5,0.1,3,24,range,96,730,109,0.904,-0.1,-57.7,2/8,0.8,0.79,1.0,0.915,False
london,range_ote,0.5,0.1,3,24,2R,48,613,92,0.93,-0.08,-30.4,2/8,0.72,0.79,1.12,0.8113,False
london,range_ote,0.5,0.1,3,24,2R,96,730,109,0.901,-0.1,-51.8,3/8,0.99,0.77,1.01,0.9187,False
london,range_ote,0.5,0.1,3,24,3R,48,613,92,0.986,-0.02,-7.2,4/8,0.78,0.86,1.09,0.5687,False
london,range_ote,0.5,0.1,3,24,3R,96,730,109,0.963,-0.06,-21.8,4/8,0.79,0.84,1.02,0.695,False
london,range_ote,0.5,0.1,3,24,4R,48,613,92,1.016,0.02,8.4,4/8,0.85,0.9,1.04,0.4213,False
london,range_ote,0.5,0.1,3,24,4R,96,730,109,1.007,0.01,4.3,4/8,0.85,0.89,0.98,0.5038,False
london,range_ote,0.5,0.1,3,48,range,48,714,107,1.011,0.01,5.9,4/8,0.93,0.89,1.13,0.4487,False
london,range_ote,0.5,0.1,3,48,range,96,835,125,0.996,-0.0,-2.5,5/8,0.93,0.87,1.12,0.5175,False
london,range_ote,0.5,0.1,3,48,2R,48,714,107,1.013,0.02,6.4,5/8,0.84,0.87,1.17,0.4238,False
london,range_ote,0.5,0.1,3,48,2R,96,835,125,0.991,-0.01,-5.1,4/8,1.1,0.85,1.1,0.5425,False
london,range_ote,0.5,0.1,3,48,3R,48,714,107,1.03,0.04,17.0,5/8,0.89,0.91,1.13,0.37,False
london,range_ote,0.5,0.1,3,48,3R,96,835,125,1.026,0.04,17.2,6/8,0.91,0.9,1.12,0.3738,False
london,range_ote,0.5,0.1,3,48,4R,48,714,107,1.058,0.06,35.7,6/8,0.97,0.94,1.16,0.2637,False
london,range_ote,0.5,0.1,3,48,4R,96,835,125,1.072,0.1,51.3,6/8,0.98,0.95,1.16,0.1938,False
london,range_ote,0.5,0.25,3,12,range,48,466,70,0.868,-0.1,-51.8,4/8,0.76,0.76,1.18,0.91,False
london,range_ote,0.5,0.25,3,12,range,96,563,85,0.852,-0.1,-69.5,3/8,0.7,0.75,1.09,0.955,False
london,range_ote,0.5,0.25,3,12,2R,48,466,70,0.896,-0.07,-34.9,3/8,0.77,0.76,1.33,0.8875,False
london,range_ote,0.5,0.25,3,12,2R,96,563,85,0.904,-0.07,-38.8,4/8,1.09,0.77,1.21,0.8662,False
london,range_ote,0.5,0.25,3,12,3R,48,466,70,0.915,-0.07,-33.1,4/8,0.8,0.8,1.19,0.8187,False
london,range_ote,0.5,0.25,3,12,3R,96,563,85,0.931,-0.06,-32.1,5/8,0.79,0.82,1.13,0.7925,False
london,range_ote,0.5,0.25,3,12,4R,48,466,70,0.918,-0.07,-34.2,4/8,0.8,0.81,1.18,0.7987,False
london,range_ote,0.5,0.25,3,12,4R,96,563,85,0.961,-0.05,-19.7,4/8,0.81,0.85,1.11,0.6913,False
london,range_ote,0.5,0.25,3,24,range,48,536,80,0.903,-0.09,-42.9,3/8,0.74,0.79,1.07,0.8325,False
london,range_ote,0.5,0.25,3,24,range,96,645,97,0.877,-0.1,-65.3,2/8,0.73,0.77,0.98,0.9337,False
london,range_ote,0.5,0.25,3,24,2R,48,536,80,0.943,-0.06,-21.6,5/8,0.75,0.81,1.2,0.74,False
london,range_ote,0.5,0.25,3,24,2R,96,645,97,0.917,-0.09,-38.4,4/8,1.05,0.79,1.03,0.8588,False
london,range_ote,0.5,0.25,3,24,3R,48,536,80,0.99,-0.01,-4.2,5/8,0.8,0.87,1.09,0.5537,False
london,range_ote,0.5,0.25,3,24,3R,96,645,97,0.969,-0.04,-16.1,3/8,0.79,0.85,0.99,0.6438,False
london,range_ote,0.5,0.25,3,24,4R,48,536,80,0.996,-0.0,-1.8,5/8,0.81,0.88,1.08,0.5288,False
london,range_ote,0.5,0.25,3,24,4R,96,645,97,0.991,-0.01,-5.0,3/8,0.82,0.88,0.96,0.5537,False
london,range_ote,0.5,0.25,3,48,range,48,642,96,0.985,-0.02,-7.5,4/8,0.86,0.87,1.17,0.595,False
london,range_ote,0.5,0.25,3,48,range,96,758,113,0.986,-0.02,-8.2,4/8,0.88,0.87,1.18,0.5763,False
london,range_ote,0.5,0.25,3,48,2R,48,642,96,1.031,0.04,13.6,4/8,0.85,0.89,1.23,0.3575,False
london,range_ote,0.5,0.25,3,48,2R,96,758,113,1.018,0.03,9.2,4/8,1.15,0.88,1.17,0.3962,False
london,range_ote,0.5,0.25,3,48,3R,48,642,96,1.053,0.08,27.0,4/8,0.9,0.93,1.19,0.2812,False
london,range_ote,0.5,0.25,3,48,3R,96,758,113,1.057,0.1,34.3,5/8,0.93,0.94,1.18,0.2487,False
london,range_ote,0.5,0.25,3,48,4R,48,642,96,1.057,0.06,31.4,6/8,0.93,0.94,1.23,0.29,False
london,range_ote,0.5,0.25,3,48,4R,96,758,113,1.091,0.12,58.9,5/8,0.99,0.98,1.22,0.1437,False
ny,fvg_ce,0.05,0.0,3,12,range,48,323,49,1.497,0.75,63.9,7/8,0.78,1.33,1.12,0.005,False
ny,fvg_ce,0.05,0.0,3,12,range,96,340,51,1.53,0.63,70.8,7/8,0.86,1.37,1.19,0.0013,False
ny,fvg_ce,0.05,0.0,3,12,2R,48,341,51,1.494,0.94,95.0,7/8,0.91,1.38,1.07,0.0,False
ny,fvg_ce,0.05,0.0,3,12,2R,96,358,54,1.502,0.99,100.7,7/8,0.96,1.39,1.1,0.0,False
ny,fvg_ce,0.05,0.0,3,12,3R,48,341,51,1.54,1.19,120.4,7/8,0.97,1.43,1.24,0.0,False
ny,fvg_ce,0.05,0.0,3,12,3R,96,358,54,1.575,1.31,132.9,7/8,1.04,1.47,1.31,0.0,False
ny,fvg_ce,0.05,0.0,3,12,4R,48,341,51,1.653,1.63,154.5,7/8,1.09,1.55,1.34,0.0,False
ny,fvg_ce,0.05,0.0,3,12,4R,96,358,54,1.704,1.82,172.3,7/8,1.18,1.59,1.44,0.0,False
ny,fvg_ce,0.05,0.0,3,24,range,48,422,63,1.331,0.58,58.9,6/8,0.73,1.19,1.09,0.0037,False
ny,fvg_ce,0.05,0.0,3,24,range,96,455,68,1.32,0.55,61.3,6/8,0.79,1.18,1.13,0.0088,False
ny,fvg_ce,0.05,0.0,3,24,2R,48,441,66,1.448,0.73,113.1,6/8,0.94,1.34,1.0,0.0,False
ny,fvg_ce,0.05,0.0,3,24,2R,96,476,71,1.459,0.82,123.8,6/8,1.01,1.35,1.05,0.0,False
ny,fvg_ce,0.05,0.0,3,24,3R,48,441,66,1.504,0.96,145.3,6/8,0.98,1.4,1.21,0.0,False
ny,fvg_ce,0.05,0.0,3,24,3R,96,476,71,1.52,1.05,159.8,6/8,1.05,1.42,1.29,0.0,False
ny,fvg_ce,0.05,0.0,3,24,4R,48,441,66,1.639,1.33,192.7,6/8,1.1,1.53,1.38,0.0,False
ny,fvg_ce,0.05,0.0,3,24,4R,96,476,71,1.664,1.47,213.2,6/8,1.18,1.56,1.47,0.0,False
ny,fvg_ce,0.05,0.0,3,48,range,48,494,74,1.415,0.67,81.2,7/8,0.8,1.27,1.22,0.0,False
ny,fvg_ce,0.05,0.0,3,48,range,96,526,78,1.396,0.74,83.2,7/8,0.85,1.25,1.24,0.0,False
ny,fvg_ce,0.05,0.0,3,48,2R,48,515,77,1.502,0.89,145.2,6/8,0.96,1.39,1.28,0.0,False
ny,fvg_ce,0.05,0.0,3,48,2R,96,548,82,1.503,0.98,154.3,6/8,1.01,1.39,1.29,0.0,False
ny,fvg_ce,0.05,0.0,3,48,3R,48,515,77,1.631,1.31,205.3,7/8,1.1,1.52,1.33,0.0,False
ny,fvg_ce,0.05,0.0,3,48,3R,96,548,82,1.639,1.52,220.0,8/8,1.16,1.53,1.39,0.0,False
ny,fvg_ce,0.05,0.0,3,48,4R,48,515,77,1.789,2.0,267.3,7/8,1.24,1.68,1.57,0.0,False
ny,fvg_ce,0.05,0.0,3,48,4R,96,548,82,1.807,2.49,288.5,7/8,1.31,1.7,1.64,0.0,False
ny,fvg_ce,0.05,0.1,3,12,range,48,310,47,1.449,0.72,56.6,7/8,0.76,1.29,1.13,0.0037,False
ny,fvg_ce,0.05,0.1,3,12,range,96,326,49,1.483,0.6,63.5,7/8,0.84,1.33,1.19,0.0,False
ny,fvg_ce,0.05,0.1,3,12,2R,48,327,49,1.471,0.93,87.5,7/8,0.9,1.36,1.03,0.0,False
ny,fvg_ce,0.05,0.1,3,12,2R,96,343,52,1.489,1.0,94.3,7/8,0.95,1.38,1.06,0.0,False
ny,fvg_ce,0.05,0.1,3,12,3R,48,327,49,1.506,1.07,109.0,7/8,0.95,1.4,1.22,0.0,False
ny,fvg_ce,0.05,0.1,3,12,3R,96,343,52,1.551,1.21,122.6,7/8,1.02,1.45,1.29,0.0,False
ny,fvg_ce,0.05,0.1,3,12,4R,48,327,49,1.62,1.49,141.2,7/8,1.07,1.52,1.3,0.0,False
ny,fvg_ce,0.05,0.1,3,12,4R,96,343,52,1.682,1.68,160.1,7/8,1.16,1.57,1.41,0.0,False
ny,fvg_ce,0.05,0.1,3,24,range,48,409,61,1.286,0.42,50.3,5/8,0.72,1.15,1.07,0.0075,False
ny,fvg_ce,0.05,0.1,3,24,range,96,442,66,1.271,0.41,51.6,5/8,0.78,1.14,1.09,0.0175,False
ny,fvg_ce,0.05,0.1,3,24,2R,48,427,64,1.376,0.53,94.2,6/8,0.93,1.27,0.96,0.0025,False
ny,fvg_ce,0.05,0.1,3,24,2R,96,461,69,1.385,0.55,103.0,6/8,0.99,1.28,0.98,0.0,False
ny,fvg_ce,0.05,0.1,3,24,3R,48,427,64,1.447,0.73,126.3,6/8,0.97,1.35,1.14,0.0,False
ny,fvg_ce,0.05,0.1,3,24,3R,96,461,69,1.457,0.8,138.0,6/8,1.04,1.36,1.18,0.0,False
ny,fvg_ce,0.05,0.1,3,24,4R,48,427,64,1.585,1.16,172.2,7/8,1.09,1.48,1.33,0.0,False
ny,fvg_ce,0.05,0.1,3,24,4R,96,461,69,1.607,1.28,190.1,6/8,1.16,1.51,1.38,0.0,False
ny,fvg_ce,0.05,0.1,3,48,range,48,479,71,1.372,0.6,72.3,7/8,0.79,1.23,1.23,0.0013,False
ny,fvg_ce,0.05,0.1,3,48,range,96,512,76,1.349,0.66,73.3,7/8,0.84,1.22,1.24,0.005,False
ny,fvg_ce,0.05,0.1,3,48,2R,48,499,74,1.474,0.82,134.1,7/8,0.96,1.37,1.24,0.0,False
ny,fvg_ce,0.05,0.1,3,48,2R,96,532,79,1.47,0.9,141.4,6/8,1.0,1.37,1.23,0.0,False
ny,fvg_ce,0.05,0.1,3,48,3R,48,499,74,1.599,1.14,189.7,6/8,1.09,1.5,1.24,0.0,False
ny,fvg_ce,0.05,0.1,3,48,3R,96,532,79,1.601,1.29,201.7,6/8,1.15,1.5,1.28,0.0,False
ny,fvg_ce,0.05,0.1,3,48,4R,48,499,74,1.745,1.8,246.0,8/8,1.23,1.64,1.48,0.0,False
ny,fvg_ce,0.05,0.1,3,48,4R,96,532,79,1.759,2.22,264.7,7/8,1.29,1.65,1.52,0.0,False
ny,fvg_ce,0.05,0.25,3,12,range,48,290,44,1.429,0.65,50.7,7/8,0.82,1.28,1.11,0.0025,False
ny,fvg_ce,0.05,0.25,3,12,range,96,303,46,1.424,0.53,52.3,7/8,0.87,1.28,1.07,0.005,False
ny,fvg_ce,0.05,0.25,3,12,2R,48,307,46,1.413,0.74,73.4,6/8,0.85,1.31,1.04,0.0,False
ny,fvg_ce,0.05,0.25,3,12,2R,96,320,48,1.404,0.7,74.7,7/8,0.88,1.3,0.98,0.0025,False
ny,fvg_ce,0.05,0.25,3,12,3R,48,307,46,1.457,0.99,93.1,7/8,0.9,1.36,1.22,0.0,False
ny,fvg_ce,0.05,0.25,3,12,3R,96,320,48,1.466,0.99,98.3,7/8,0.95,1.37,1.17,0.0013,False
ny,fvg_ce,0.05,0.25,3,12,4R,48,307,46,1.552,1.35,118.7,7/8,0.99,1.46,1.2,0.0,False
ny,fvg_ce,0.05,0.25,3,12,4R,96,320,48,1.568,1.37,126.3,7/8,1.05,1.47,1.17,0.0,False
ny,fvg_ce,0.05,0.25,3,24,range,48,386,58,1.29,0.43,47.9,5/8,0.81,1.16,1.05,0.015,False
ny,fvg_ce,0.05,0.25,3,24,range,96,417,63,1.266,0.43,47.8,6/8,0.86,1.14,1.06,0.015,False
ny,fvg_ce,0.05,0.25,3,24,2R,48,405,61,1.397,0.53,93.6,6/8,0.96,1.3,1.0,0.0,False
ny,fvg_ce,0.05,0.25,3,24,2R,96,437,66,1.404,0.56,101.8,6/8,1.02,1.3,1.01,0.0,False
ny,fvg_ce,0.05,0.25,3,24,3R,48,405,61,1.498,0.77,131.3,6/8,1.03,1.4,1.22,0.0,False
ny,fvg_ce,0.05,0.25,3,24,3R,96,437,66,1.501,0.83,141.3,6/8,1.09,1.41,1.25,0.0,False
ny,fvg_ce,0.05,0.25,3,24,4R,48,405,61,1.639,1.19,175.6,6/8,1.14,1.54,1.44,0.0,False
ny,fvg_ce,0.05,0.25,3,24,4R,96,437,66,1.652,1.3,191.0,7/8,1.22,1.55,1.47,0.0,False
ny,fvg_ce,0.05,0.25,3,48,range,48,458,69,1.388,0.66,71.8,7/8,0.87,1.25,1.24,0.0013,False
ny,fvg_ce,0.05,0.25,3,48,range,96,490,73,1.358,0.71,71.6,7/8,0.91,1.23,1.22,0.0013,False
ny,fvg_ce,0.05,0.25,3,48,2R,48,480,72,1.465,0.75,126.6,6/8,0.97,1.36,1.2,0.0,False
ny,fvg_ce,0.05,0.25,3,48,2R,96,512,76,1.455,0.81,132.1,6/8,1.01,1.35,1.19,0.0,False
ny,fvg_ce,0.05,0.25,3,48,3R,48,480,72,1.621,1.05,187.5,7/8,1.13,1.52,1.3,0.0,False
ny,fvg_ce,0.05,0.25,3,48,3R,96,512,76,1.613,1.18,196.7,8/8,1.17,1.51,1.31,0.0,False
ny,fvg_ce,0.05,0.25,3,48,4R,48,480,72,1.79,1.6,248.2,8/8,1.26,1.68,1.54,0.0,False
ny,fvg_ce,0.05,0.25,3,48,4R,96,512,76,1.79,1.92,263.2,8/8,1.32,1.69,1.55,0.0,False
ny,fvg_ce,0.1,0.0,3,12,range,48,324,49,1.449,0.67,57.6,7/8,2.51,1.29,1.09,0.0025,False
ny,fvg_ce,0.1,0.0,3,12,range,96,341,51,1.481,0.57,64.1,7/8,2.52,1.33,1.15,0.005,False
ny,fvg_ce,0.1,0.0,3,12,2R,48,342,51,1.457,0.88,89.3,7/8,0.84,1.35,1.05,0.0,False
ny,fvg_ce,0.1,0.0,3,12,2R,96,359,54,1.467,0.94,95.1,7/8,0.88,1.36,1.08,0.0013,False
ny,fvg_ce,0.1,0.0,3,12,3R,48,342,51,1.51,1.14,114.4,7/8,0.9,1.41,1.14,0.0,False
ny,fvg_ce,0.1,0.0,3,12,3R,96,359,54,1.543,1.25,126.4,7/8,0.96,1.44,1.21,0.0013,False
ny,fvg_ce,0.1,0.0,3,12,4R,48,342,51,1.584,1.48,139.7,7/8,1.01,1.48,1.29,0.0,False
ny,fvg_ce,0.1,0.0,3,12,4R,96,359,54,1.637,1.51,157.5,7/8,1.09,1.53,1.39,0.0,False
ny,fvg_ce,0.1,0.0,3,24,range,48,423,63,1.318,0.58,55.8,6/8,2.02,1.18,1.09,0.0075,False
ny,fvg_ce,0.1,0.0,3,24,range,96,456,68,1.305,0.6,57.7,6/8,1.99,1.17,1.13,0.0075,False
ny,fvg_ce,0.1,0.0,3,24,2R,48,442,66,1.426,0.7,108.4,6/8,0.88,1.32,1.0,0.0,False
ny,fvg_ce,0.1,0.0,3,24,2R,96,477,71,1.439,0.79,119.1,6/8,0.95,1.34,1.05,0.0,False
ny,fvg_ce,0.1,0.0,3,24,3R,48,442,66,1.512,0.97,146.7,7/8,0.96,1.41,1.25,0.0,False
ny,fvg_ce,0.1,0.0,3,24,3R,96,477,71,1.525,1.06,160.6,7/8,1.03,1.43,1.33,0.0,False
ny,fvg_ce,0.1,0.0,3,24,4R,48,442,66,1.657,1.35,196.2,7/8,1.07,1.55,1.4,0.0,False
ny,fvg_ce,0.1,0.0,3,24,4R,96,477,71,1.681,1.49,216.5,8/8,1.15,1.58,1.49,0.0,False
ny,fvg_ce,0.1,0.0,3,48,range,48,495,74,1.389,0.61,75.5,7/8,0.78,1.25,1.18,0.0025,False
ny,fvg_ce,0.1,0.0,3,48,range,96,527,79,1.369,0.67,77.0,7/8,0.82,1.23,1.2,0.0,False
ny,fvg_ce,0.1,0.0,3,48,2R,48,516,77,1.503,0.9,145.6,6/8,0.96,1.4,1.28,0.0,False
ny,fvg_ce,0.1,0.0,3,48,2R,96,549,82,1.503,0.98,154.8,6/8,1.01,1.4,1.3,0.0,False
ny,fvg_ce,0.1,0.0,3,48,3R,48,516,77,1.606,1.27,198.0,6/8,1.08,1.5,1.31,0.0,False
ny,fvg_ce,0.1,0.0,3,48,3R,96,549,82,1.615,1.47,212.7,7/8,1.14,1.51,1.37,0.0,False
ny,fvg_ce,0.1,0.0,3,48,4R,48,516,77,1.768,1.91,260.7,7/8,1.22,1.66,1.52,0.0,False
ny,fvg_ce,0.1,0.0,3,48,4R,96,549,82,1.786,2.37,281.8,7/8,1.29,1.68,1.59,0.0,False
ny,fvg_ce,0.1,0.1,3,12,range,48,311,47,1.405,0.65,51.0,7/8,2.54,1.26,1.09,0.005,False
ny,fvg_ce,0.1,0.1,3,12,range,96,327,49,1.438,0.54,57.4,7/8,2.55,1.29,1.16,0.0063,False
ny,fvg_ce,0.1,0.1,3,12,2R,48,328,49,1.451,0.9,84.6,7/8,0.83,1.34,1.0,0.0,False
ny,fvg_ce,0.1,0.1,3,12,2R,96,344,52,1.469,0.97,91.4,7/8,0.88,1.36,1.04,0.0,False
ny,fvg_ce,0.1,0.1,3,12,3R,48,328,49,1.475,1.02,102.9,7/8,0.88,1.38,1.12,0.0,False
ny,fvg_ce,0.1,0.1,3,12,3R,96,344,52,1.518,1.15,115.9,7/8,0.95,1.42,1.19,0.0,False
ny,fvg_ce,0.1,0.1,3,12,4R,48,328,49,1.549,1.14,126.3,7/8,0.98,1.45,1.24,0.0,False
ny,fvg_ce,0.1,0.1,3,12,4R,96,344,52,1.611,1.31,145.1,7/8,1.07,1.51,1.36,0.0,False
ny,fvg_ce,0.1,0.1,3,24,range,48,410,61,1.277,0.42,47.9,5/8,2.04,1.15,1.08,0.02,False
ny,fvg_ce,0.1,0.1,3,24,range,96,443,66,1.259,0.41,48.7,5/8,2.0,1.13,1.1,0.0163,False
ny,fvg_ce,0.1,0.1,3,24,2R,48,428,64,1.353,0.5,89.2,6/8,0.87,1.25,0.96,0.0013,False
ny,fvg_ce,0.1,0.1,3,24,2R,96,462,69,1.364,0.53,98.2,6/8,0.92,1.27,0.98,0.0013,False
ny,fvg_ce,0.1,0.1,3,24,3R,48,428,64,1.454,0.74,127.6,7/8,0.95,1.36,1.18,0.0,False
ny,fvg_ce,0.1,0.1,3,24,3R,96,462,69,1.462,0.81,138.6,7/8,1.01,1.37,1.22,0.0,False
ny,fvg_ce,0.1,0.1,3,24,4R,48,428,64,1.612,1.2,178.2,7/8,1.07,1.51,1.35,0.0,False
ny,fvg_ce,0.1,0.1,3,24,4R,96,462,69,1.632,1.32,196.1,7/8,1.14,1.53,1.4,0.0,False
ny,fvg_ce,0.1,0.1,3,48,range,48,481,72,1.35,0.55,67.4,7/8,1.52,1.21,1.2,0.0037,False
ny,fvg_ce,0.1,0.1,3,48,range,96,514,77,1.326,0.59,67.9,7/8,1.51,1.2,1.2,0.0037,False
ny,fvg_ce,0.1,0.1,3,48,2R,48,501,75,1.467,0.82,133.1,7/8,0.92,1.36,1.23,0.0,False
ny,fvg_ce,0.1,0.1,3,48,2R,96,534,80,1.464,0.89,140.5,6/8,0.97,1.36,1.22,0.0,False
ny,fvg_ce,0.1,0.1,3,48,3R,48,501,75,1.574,1.1,183.2,6/8,1.05,1.47,1.23,0.0,False
ny,fvg_ce,0.1,0.1,3,48,3R,96,534,80,1.577,1.26,195.1,6/8,1.1,1.48,1.27,0.0,False
ny,fvg_ce,0.1,0.1,3,48,4R,48,501,75,1.717,1.69,238.2,7/8,1.17,1.61,1.41,0.0,False
ny,fvg_ce,0.1,0.1,3,48,4R,96,534,80,1.732,2.09,256.8,7/8,1.23,1.63,1.46,0.0,False
ny,fvg_ce,0.1,0.25,3,12,range,48,290,44,1.385,0.58,45.4,7/8,0.78,1.25,1.07,0.005,False
ny,fvg_ce,0.1,0.25,3,12,range,96,303,46,1.38,0.47,46.8,7/8,0.83,1.24,1.04,0.0063,False
ny,fvg_ce,0.1,0.25,3,12,2R,48,307,46,1.418,0.75,74.1,7/8,0.86,1.32,1.04,0.0,False
ny,fvg_ce,0.1,0.25,3,12,2R,96,320,48,1.409,0.71,75.4,7/8,0.89,1.31,0.98,0.0013,False
ny,fvg_ce,0.1,0.25,3,12,3R,48,307,46,1.451,0.98,91.7,7/8,0.91,1.36,1.19,0.0,False
ny,fvg_ce,0.1,0.25,3,12,3R,96,320,48,1.458,0.97,96.3,7/8,0.95,1.37,1.14,0.0013,False
ny,fvg_ce,0.1,0.25,3,12,4R,48,307,46,1.507,1.14,109.3,6/8,0.98,1.42,1.23,0.0,False
ny,fvg_ce,0.1,0.25,3,12,4R,96,320,48,1.524,1.22,116.8,6/8,1.04,1.43,1.2,0.0,False
ny,fvg_ce,0.1,0.25,3,24,range,48,386,58,1.281,0.41,45.7,5/8,0.79,1.15,1.06,0.0163,False
ny,fvg_ce,0.1,0.25,3,24,range,96,417,63,1.256,0.41,45.2,5/8,0.84,1.13,1.06,0.0187,False
ny,fvg_ce,0.1,0.25,3,24,2R,48,405,61,1.385,0.52,91.1,6/8,0.95,1.29,1.03,0.0,False
ny,fvg_ce,0.1,0.25,3,24,2R,96,437,66,1.393,0.55,99.3,6/8,1.01,1.3,1.04,0.0,False
ny,fvg_ce,0.1,0.25,3,24,3R,48,405,61,1.487,0.76,128.2,7/8,1.04,1.39,1.27,0.0,False
ny,fvg_ce,0.1,0.25,3,24,3R,96,437,66,1.489,0.81,137.6,7/8,1.09,1.4,1.29,0.0,False
ny,fvg_ce,0.1,0.25,3,24,4R,48,405,61,1.647,1.2,176.5,7/8,1.16,1.55,1.46,0.0,False
ny,fvg_ce,0.1,0.25,3,24,4R,96,437,66,1.659,1.3,191.8,8/8,1.23,1.56,1.49,0.0,False
ny,fvg_ce,0.1,0.25,3,48,range,48,459,69,1.353,0.59,65.2,7/8,0.82,1.22,1.2,0.0025,False
ny,fvg_ce,0.1,0.25,3,48,range,96,491,74,1.324,0.62,64.5,7/8,0.86,1.2,1.19,0.0037,False
ny,fvg_ce,0.1,0.25,3,48,2R,48,481,72,1.465,0.76,127.1,6/8,0.96,1.37,1.21,0.0,False
ny,fvg_ce,0.1,0.25,3,48,2R,96,513,77,1.456,0.82,132.7,6/8,1.0,1.36,1.2,0.0,False
ny,fvg_ce,0.1,0.25,3,48,3R,48,481,72,1.6,1.02,182.0,7/8,1.1,1.5,1.3,0.0,False
ny,fvg_ce,0.1,0.25,3,48,3R,96,513,77,1.593,1.15,191.2,8/8,1.15,1.5,1.31,0.0,False
ny,fvg_ce,0.1,0.25,3,48,4R,48,481,72,1.727,1.45,230.8,8/8,1.2,1.63,1.48,0.0,False
ny,fvg_ce,0.1,0.25,3,48,4R,96,513,77,1.731,1.74,245.7,8/8,1.26,1.63,1.5,0.0,False
ny,fvg_ce,0.25,0.0,3,12,range,48,325,49,1.416,0.87,51.5,7/8,0.91,1.27,1.2,0.0025,False
ny,fvg_ce,0.25,0.0,3,12,range,96,342,51,1.441,0.73,57.0,7/8,0.97,1.3,1.24,0.0013,False
ny,fvg_ce,0.25,0.0,3,12,2R,48,343,52,1.454,1.1,89.0,7/8,0.96,1.35,1.16,0.0013,False
ny,fvg_ce,0.25,0.0,3,12,2R,96,360,54,1.465,1.17,94.9,7/8,1.0,1.36,1.18,0.0,False
ny,fvg_ce,0.25,0.0,3,12,3R,48,343,52,1.557,1.23,122.8,7/8,1.05,1.46,1.21,0.0,False
ny,fvg_ce,0.25,0.0,3,12,3R,96,360,54,1.589,1.35,134.6,7/8,1.11,1.49,1.27,0.0,False
ny,fvg_ce,0.25,0.0,3,12,4R,48,343,52,1.642,1.38,149.0,7/8,1.16,1.54,1.26,0.0,False
ny,fvg_ce,0.25,0.0,3,12,4R,96,360,54,1.693,1.55,166.6,7/8,1.24,1.59,1.37,0.0,False
ny,fvg_ce,0.25,0.0,3,24,range,48,423,63,1.348,0.77,56.8,7/8,0.85,1.21,1.27,0.0037,False
ny,fvg_ce,0.25,0.0,3,24,range,96,456,68,1.324,0.8,57.5,6/8,0.89,1.2,1.27,0.0025,False
ny,fvg_ce,0.25,0.0,3,24,2R,48,442,66,1.463,0.94,116.3,7/8,1.01,1.37,1.26,0.0,False
ny,fvg_ce,0.25,0.0,3,24,2R,96,477,71,1.462,0.96,124.3,7/8,1.06,1.37,1.29,0.0,False
ny,fvg_ce,0.25,0.0,3,24,3R,48,442,66,1.577,1.2,161.2,8/8,1.12,1.48,1.52,0.0,False
ny,fvg_ce,0.25,0.0,3,24,3R,96,477,71,1.582,1.3,173.9,8/8,1.17,1.49,1.56,0.0,False
ny,fvg_ce,0.25,0.0,3,24,4R,48,442,66,1.674,1.61,197.0,7/8,1.21,1.58,1.52,0.0,False
ny,fvg_ce,0.25,0.0,3,24,4R,96,477,71,1.695,1.77,216.4,8/8,1.28,1.6,1.6,0.0,False
ny,fvg_ce,0.25,0.0,3,48,range,48,496,74,1.456,0.65,80.9,8/8,0.96,1.31,1.34,0.0,False
ny,fvg_ce,0.25,0.0,3,48,range,96,528,79,1.421,0.69,81.0,8/8,0.98,1.28,1.33,0.0,False
ny,fvg_ce,0.25,0.0,3,48,2R,48,517,77,1.579,1.01,162.9,7/8,1.05,1.48,1.39,0.0,False
ny,fvg_ce,0.25,0.0,3,48,2R,96,550,82,1.574,1.1,171.8,7/8,1.1,1.47,1.4,0.0,False
ny,fvg_ce,0.25,0.0,3,48,3R,48,517,77,1.696,1.41,218.4,7/8,1.2,1.6,1.48,0.0,False
ny,fvg_ce,0.25,0.0,3,48,3R,96,550,82,1.696,1.62,231.8,8/8,1.25,1.6,1.52,0.0,False
ny,fvg_ce,0.25,0.0,3,48,4R,48,517,77,1.801,1.89,264.1,8/8,1.28,1.7,1.55,0.0,False
ny,fvg_ce,0.25,0.0,3,48,4R,96,550,82,1.815,2.27,284.2,8/8,1.35,1.71,1.61,0.0,False
ny,fvg_ce,0.25,0.1,3,12,range,48,312,47,1.381,0.78,46.4,6/8,0.91,1.24,1.23,0.0125,False
ny,fvg_ce,0.25,0.1,3,12,range,96,328,49,1.408,0.73,51.7,6/8,0.96,1.27,1.27,0.0037,False
ny,fvg_ce,0.25,0.1,3,12,2R,48,329,49,1.445,1.12,84.0,6/8,0.95,1.35,1.16,0.0,False
ny,fvg_ce,0.25,0.1,3,12,2R,96,345,52,1.465,1.21,90.9,6/8,1.0,1.37,1.18,0.0,False
ny,fvg_ce,0.25,0.1,3,12,3R,48,329,49,1.522,1.11,111.0,7/8,1.03,1.43,1.18,0.0,False
ny,fvg_ce,0.25,0.1,3,12,3R,96,345,52,1.563,1.24,123.9,7/8,1.09,1.47,1.26,0.0,False
ny,fvg_ce,0.25,0.1,3,12,4R,48,329,49,1.644,1.32,142.6,7/8,1.17,1.55,1.36,0.0,False
ny,fvg_ce,0.25,0.1,3,12,4R,96,345,52,1.706,1.49,161.3,7/8,1.26,1.61,1.47,0.0,False
ny,fvg_ce,0.25,0.1,3,24,range,48,410,61,1.299,0.54,48.5,5/8,0.83,1.17,1.2,0.0125,False
ny,fvg_ce,0.25,0.1,3,24,range,96,443,66,1.272,0.55,48.1,5/8,0.87,1.15,1.2,0.0138,False
ny,fvg_ce,0.25,0.1,3,24,2R,48,428,64,1.402,0.7,99.7,7/8,0.98,1.31,1.14,0.0013,False
ny,fvg_ce,0.25,0.1,3,24,2R,96,462,69,1.398,0.72,105.8,7/8,1.02,1.31,1.15,0.0,False
ny,fvg_ce,0.25,0.1,3,24,3R,48,428,64,1.516,1.06,141.6,7/8,1.08,1.42,1.39,0.0,False
ny,fvg_ce,0.25,0.1,3,24,3R,96,462,69,1.516,1.13,151.5,8/8,1.13,1.43,1.4,0.0,False
ny,fvg_ce,0.25,0.1,3,24,4R,48,428,64,1.627,1.46,178.6,7/8,1.18,1.53,1.53,0.0,False
ny,fvg_ce,0.25,0.1,3,24,4R,96,462,69,1.644,1.6,195.7,8/8,1.25,1.55,1.57,0.0,False
ny,fvg_ce,0.25,0.1,3,48,range,48,481,72,1.42,0.6,74.0,8/8,0.89,1.28,1.34,0.0013,False
ny,fvg_ce,0.25,0.1,3,48,range,96,514,77,1.381,0.63,73.0,8/8,0.92,1.25,1.31,0.0025,False
ny,fvg_ce,0.25,0.1,3,48,2R,48,501,75,1.56,0.94,153.8,7/8,1.06,1.46,1.32,0.0,False
ny,fvg_ce,0.25,0.1,3,48,2R,96,534,80,1.551,1.02,160.9,7/8,1.1,1.45,1.3,0.0,False
ny,fvg_ce,0.25,0.1,3,48,3R,48,501,75,1.651,1.29,199.5,7/8,1.19,1.55,1.37,0.0,False
ny,fvg_ce,0.25,0.1,3,48,3R,96,534,80,1.646,1.47,210.2,7/8,1.23,1.55,1.38,0.0,False
ny,fvg_ce,0.25,0.1,3,48,4R,48,501,75,1.786,1.8,250.9,8/8,1.29,1.69,1.55,0.0,False
ny,fvg_ce,0.25,0.1,3,48,4R,96,534,80,1.795,2.14,268.7,8/8,1.35,1.7,1.58,0.0,False
ny,fvg_ce,0.25,0.25,3,12,range,48,291,44,1.403,0.92,45.5,6/8,0.85,1.27,1.31,0.0013,False
ny,fvg_ce,0.25,0.25,3,12,range,96,304,46,1.392,0.75,46.3,6/8,0.89,1.26,1.25,0.0063,False
ny,fvg_ce,0.25,0.25,3,12,2R,48,308,46,1.447,0.94,78.8,7/8,0.94,1.35,1.27,0.0,False
ny,fvg_ce,0.25,0.25,3,12,2R,96,321,48,1.437,0.93,80.1,6/8,0.97,1.34,1.19,0.0,False
ny,fvg_ce,0.25,0.25,3,12,3R,48,308,46,1.476,1.03,95.3,6/8,0.98,1.39,1.27,0.0,False
ny,fvg_ce,0.25,0.25,3,12,3R,96,321,48,1.48,1.08,99.7,6/8,1.02,1.39,1.21,0.0,False
ny,fvg_ce,0.25,0.25,3,12,4R,48,308,46,1.589,1.31,122.5,6/8,1.1,1.5,1.35,0.0,False
ny,fvg_ce,0.25,0.25,3,12,4R,96,321,48,1.604,1.39,129.8,6/8,1.15,1.51,1.31,0.0,False
ny,fvg_ce,0.25,0.25,3,24,range,48,386,58,1.321,0.55,48.8,5/8,0.82,1.2,1.21,0.005,False
ny,fvg_ce,0.25,0.25,3,24,range,96,417,63,1.285,0.55,47.3,6/8,0.85,1.17,1.19,0.015,False
ny,fvg_ce,0.25,0.25,3,24,2R,48,405,61,1.435,0.72,101.0,7/8,1.01,1.34,1.24,0.0,False
ny,fvg_ce,0.25,0.25,3,24,2R,96,437,66,1.427,0.73,106.5,7/8,1.05,1.34,1.23,0.0,False
ny,fvg_ce,0.25,0.25,3,24,3R,48,405,61,1.536,1.04,137.9,8/8,1.11,1.45,1.45,0.0,False
ny,fvg_ce,0.25,0.25,3,24,3R,96,437,66,1.53,1.1,146.1,8/8,1.15,1.44,1.44,0.0,False
ny,fvg_ce,0.25,0.25,3,24,4R,48,405,61,1.645,1.43,172.9,8/8,1.2,1.55,1.54,0.0,False
ny,fvg_ce,0.25,0.25,3,24,4R,96,437,66,1.655,1.55,187.3,8/8,1.26,1.56,1.55,0.0,False
ny,fvg_ce,0.25,0.25,3,48,range,48,459,69,1.442,0.67,74.4,8/8,0.88,1.31,1.4,0.0,False
ny,fvg_ce,0.25,0.25,3,48,range,96,491,74,1.397,0.69,72.6,8/8,0.9,1.27,1.35,0.0,False
ny,fvg_ce,0.25,0.25,3,48,2R,48,481,72,1.567,0.89,149.0,7/8,1.07,1.47,1.4,0.0,False
ny,fvg_ce,0.25,0.25,3,48,2R,96,513,77,1.549,0.95,154.3,8/8,1.1,1.45,1.37,0.0,False
ny,fvg_ce,0.25,0.25,3,48,3R,48,481,72,1.643,1.14,189.2,7/8,1.2,1.55,1.43,0.0,False
ny,fvg_ce,0.25,0.25,3,48,3R,96,513,77,1.629,1.27,197.0,7/8,1.23,1.54,1.43,0.0,False
ny,fvg_ce,0.25,0.25,3,48,4R,48,481,72,1.807,1.56,245.8,8/8,1.31,1.71,1.61,0.0,False
ny,fvg_ce,0.25,0.25,3,48,4R,96,513,77,1.802,1.81,259.5,8/8,1.35,1.71,1.62,0.0,False
ny,fvg_ce,0.5,0.0,3,12,range,48,326,49,1.449,0.8,50.8,7/8,0.86,1.31,1.2,0.0,False
ny,fvg_ce,0.5,0.0,3,12,range,96,343,52,1.463,0.88,54.9,7/8,0.9,1.33,1.22,0.0,False
ny,fvg_ce,0.5,0.0,3,12,2R,48,344,52,1.541,1.35,102.9,8/8,1.03,1.45,1.26,0.0,False
ny,fvg_ce,0.5,0.0,3,12,2R,96,361,54,1.549,1.43,108.9,7/8,1.06,1.46,1.27,0.0,False
ny,fvg_ce,0.5,0.0,3,12,3R,48,344,52,1.589,1.46,127.3,6/8,1.11,1.5,1.33,0.0,False
ny,fvg_ce,0.5,0.0,3,12,3R,96,361,54,1.62,1.5,138.9,7/8,1.16,1.53,1.39,0.0,False
ny,fvg_ce,0.5,0.0,3,12,4R,48,344,52,1.669,1.59,150.5,7/8,1.19,1.58,1.43,0.0,False
ny,fvg_ce,0.5,0.0,3,12,4R,96,361,54,1.715,1.76,166.6,7/8,1.26,1.63,1.52,0.0,False
ny,fvg_ce,0.5,0.0,3,24,range,48,424,63,1.308,0.56,47.2,8/8,0.8,1.19,1.26,0.005,False
ny,fvg_ce,0.5,0.0,3,24,range,96,457,68,1.283,0.58,47.1,7/8,0.84,1.17,1.26,0.0112,False
ny,fvg_ce,0.5,0.0,3,24,2R,48,443,66,1.52,0.91,126.6,7/8,1.07,1.43,1.28,0.0,False
ny,fvg_ce,0.5,0.0,3,24,2R,96,478,71,1.521,0.94,135.8,7/8,1.12,1.43,1.32,0.0,False
ny,fvg_ce,0.5,0.0,3,24,3R,48,443,66,1.617,1.24,166.9,7/8,1.18,1.53,1.55,0.0,False
ny,fvg_ce,0.5,0.0,3,24,3R,96,478,71,1.624,1.34,180.1,8/8,1.23,1.54,1.61,0.0,False
ny,fvg_ce,0.5,0.0,3,24,4R,48,443,66,1.628,1.26,177.5,7/8,1.2,1.54,1.45,0.0,False
ny,fvg_ce,0.5,0.0,3,24,4R,96,478,71,1.65,1.39,195.3,8/8,1.26,1.56,1.53,0.0,False
ny,fvg_ce,0.5,0.0,3,48,range,48,498,74,1.382,0.59,64.5,8/8,0.83,1.25,1.38,0.0,False
ny,fvg_ce,0.5,0.0,3,48,range,96,530,79,1.342,0.6,62.7,8/8,0.85,1.22,1.34,0.0037,False
ny,fvg_ce,0.5,0.0,3,48,2R,48,519,77,1.613,1.22,168.4,8/8,1.11,1.52,1.48,0.0,False
ny,fvg_ce,0.5,0.0,3,48,2R,96,552,82,1.602,1.33,176.2,8/8,1.14,1.51,1.46,0.0,False
ny,fvg_ce,0.5,0.0,3,48,3R,48,519,77,1.709,1.71,215.9,8/8,1.23,1.62,1.58,0.0,False
ny,fvg_ce,0.5,0.0,3,48,3R,96,552,82,1.708,2.0,228.9,8/8,1.27,1.62,1.61,0.0,False
ny,fvg_ce,0.5,0.0,3,48,4R,48,519,77,1.69,1.8,221.6,8/8,1.24,1.6,1.48,0.0,False
ny,fvg_ce,0.5,0.0,3,48,4R,96,552,82,1.695,2.09,236.4,8/8,1.29,1.61,1.51,0.0,False
ny,fvg_ce,0.5,0.1,3,12,range,48,313,47,1.425,0.97,47.2,7/8,0.85,1.29,1.25,0.0063,False
ny,fvg_ce,0.5,0.1,3,12,range,96,329,49,1.44,0.92,51.1,7/8,0.9,1.31,1.26,0.0037,False
ny,fvg_ce,0.5,0.1,3,12,2R,48,330,50,1.553,1.46,100.5,8/8,1.05,1.46,1.26,0.0,False
ny,fvg_ce,0.5,0.1,3,12,2R,96,346,52,1.569,1.56,107.5,7/8,1.09,1.48,1.28,0.0,False
ny,fvg_ce,0.5,0.1,3,12,3R,48,330,50,1.564,1.25,117.1,6/8,1.1,1.48,1.31,0.0,False
ny,fvg_ce,0.5,0.1,3,12,3R,96,346,52,1.605,1.38,129.8,7/8,1.16,1.52,1.37,0.0,False
ny,fvg_ce,0.5,0.1,3,12,4R,48,330,50,1.695,1.84,148.1,7/8,1.22,1.61,1.55,0.0,False
ny,fvg_ce,0.5,0.1,3,12,4R,96,346,52,1.75,1.92,165.2,7/8,1.3,1.66,1.63,0.0,False
ny,fvg_ce,0.5,0.1,3,24,range,48,410,61,1.268,0.42,40.7,7/8,0.79,1.15,1.2,0.0175,False
ny,fvg_ce,0.5,0.1,3,24,range,96,443,66,1.238,0.42,39.5,6/8,0.82,1.13,1.2,0.0338,False
ny,fvg_ce,0.5,0.1,3,24,2R,48,428,64,1.477,0.81,113.6,7/8,1.05,1.39,1.19,0.0,False
ny,fvg_ce,0.5,0.1,3,24,2R,96,462,69,1.474,0.83,120.9,7/8,1.09,1.39,1.21,0.0,False
ny,fvg_ce,0.5,0.1,3,24,3R,48,428,64,1.561,1.03,148.3,7/8,1.14,1.48,1.42,0.0,False
ny,fvg_ce,0.5,0.1,3,24,3R,96,462,69,1.562,1.18,158.7,7/8,1.19,1.48,1.44,0.0,False
ny,fvg_ce,0.5,0.1,3,24,4R,48,428,64,1.586,1.02,160.7,7/8,1.18,1.5,1.45,0.0,False
ny,fvg_ce,0.5,0.1,3,24,4R,96,462,69,1.604,1.12,176.5,8/8,1.24,1.52,1.5,0.0,False
ny,fvg_ce,0.5,0.1,3,48,range,48,483,72,1.363,0.67,60.7,8/8,0.85,1.24,1.45,0.0013,False
ny,fvg_ce,0.5,0.1,3,48,range,96,516,77,1.317,0.68,58.0,8/8,0.86,1.2,1.38,0.0025,False
ny,fvg_ce,0.5,0.1,3,48,2R,48,503,75,1.606,1.31,161.8,8/8,1.13,1.51,1.44,0.0,False
ny,fvg_ce,0.5,0.1,3,48,2R,96,536,80,1.59,1.42,167.7,8/8,1.16,1.5,1.4,0.0,False
ny,fvg_ce,0.5,0.1,3,48,3R,48,503,75,1.647,1.53,193.2,8/8,1.2,1.56,1.46,0.0,False
ny,fvg_ce,0.5,0.1,3,48,3R,96,536,80,1.641,1.78,203.4,8/8,1.24,1.56,1.46,0.0,False
ny,fvg_ce,0.5,0.1,3,48,4R,48,503,75,1.657,1.67,205.2,8/8,1.24,1.57,1.49,0.0,False
ny,fvg_ce,0.5,0.1,3,48,4R,96,536,80,1.659,1.93,217.9,8/8,1.28,1.58,1.49,0.0,False
ny,fvg_ce,0.5,0.25,3,12,range,48,292,44,1.434,0.93,44.8,8/8,0.82,1.31,1.26,0.0025,False
ny,fvg_ce,0.5,0.25,3,12,range,96,305,46,1.43,0.84,46.2,7/8,0.86,1.3,1.22,0.0075,False
ny,fvg_ce,0.5,0.25,3,12,2R,48,309,47,1.518,1.29,88.9,8/8,1.01,1.43,1.32,0.0,False
ny,fvg_ce,0.5,0.25,3,12,2R,96,322,48,1.505,1.19,90.3,7/8,1.03,1.42,1.24,0.0013,False
ny,fvg_ce,0.5,0.25,3,12,3R,48,309,47,1.537,1.22,104.4,6/8,1.06,1.46,1.33,0.0,False
ny,fvg_ce,0.5,0.25,3,12,3R,96,322,48,1.539,1.17,108.5,6/8,1.09,1.46,1.27,0.0,False
ny,fvg_ce,0.5,0.25,3,12,4R,48,309,47,1.676,1.7,134.4,8/8,1.17,1.59,1.56,0.0,False
ny,fvg_ce,0.5,0.25,3,12,4R,96,322,48,1.687,1.64,141.5,7/8,1.21,1.6,1.5,0.0,False
ny,fvg_ce,0.5,0.25,3,24,range,48,386,58,1.275,0.41,39.4,6/8,0.8,1.16,1.16,0.0187,False
ny,fvg_ce,0.5,0.25,3,24,range,96,417,63,1.24,0.41,37.4,6/8,0.82,1.13,1.15,0.0213,False
ny,fvg_ce,0.5,0.25,3,24,2R,48,405,61,1.483,0.78,108.6,7/8,1.07,1.4,1.25,0.0,False
ny,fvg_ce,0.5,0.25,3,24,2R,96,437,66,1.478,0.8,115.1,8/8,1.1,1.39,1.26,0.0,False
ny,fvg_ce,0.5,0.25,3,24,3R,48,405,61,1.612,1.14,150.8,7/8,1.19,1.53,1.49,0.0,False
ny,fvg_ce,0.5,0.25,3,24,3R,96,437,66,1.605,1.2,159.5,6/8,1.23,1.52,1.49,0.0,False
ny,fvg_ce,0.5,0.25,3,24,4R,48,405,61,1.613,1.01,157.7,8/8,1.21,1.53,1.45,0.0,False
ny,fvg_ce,0.5,0.25,3,24,4R,96,437,66,1.622,1.09,170.7,8/8,1.26,1.54,1.48,0.0,False
ny,fvg_ce,0.5,0.25,3,48,range,48,460,69,1.387,0.77,61.5,7/8,0.86,1.27,1.52,0.0,False
ny,fvg_ce,0.5,0.25,3,48,range,96,492,74,1.336,0.79,58.2,7/8,0.87,1.22,1.44,0.0013,False
ny,fvg_ce,0.5,0.25,3,48,2R,48,482,72,1.615,1.22,156.7,8/8,1.16,1.52,1.59,0.0,False
ny,fvg_ce,0.5,0.25,3,48,2R,96,514,77,1.59,1.3,160.8,8/8,1.17,1.5,1.52,0.0,False
ny,fvg_ce,0.5,0.25,3,48,3R,48,482,72,1.676,1.38,191.5,8/8,1.23,1.59,1.58,0.0,False
ny,fvg_ce,0.5,0.25,3,48,3R,96,514,77,1.659,1.57,198.9,8/8,1.26,1.58,1.56,0.0,False
ny,fvg_ce,0.5,0.25,3,48,4R,48,482,72,1.689,1.44,203.5,8/8,1.27,1.6,1.59,0.0,False
ny,fvg_ce,0.5,0.25,3,48,4R,96,514,77,1.676,1.62,212.4,8/8,1.3,1.59,1.56,0.0,False
ny,range_ote,0.05,0.0,3,12,range,48,258,39,1.818,1.62,119.2,7/8,1.14,1.61,1.46,0.0,False
ny,range_ote,0.05,0.0,3,12,range,96,280,42,1.745,1.56,120.1,7/8,1.15,1.55,1.38,0.0,False
ny,range_ote,0.05,0.0,3,12,2R,48,261,39,1.656,1.02,91.4,7/8,1.01,1.45,0.97,0.0,False
ny,range_ote,0.05,0.0,3,12,2R,96,283,43,1.603,1.1,92.7,7/8,1.02,1.41,0.96,0.0,False
ny,range_ote,0.05,0.0,3,12,3R,48,261,39,1.801,1.3,132.5,7/8,0.99,1.61,1.06,0.0,False
ny,range_ote,0.05,0.0,3,12,3R,96,283,43,1.706,1.11,129.2,7/8,0.98,1.53,0.96,0.0,False
ny,range_ote,0.05,0.0,3,12,4R,48,261,39,1.757,1.57,142.0,7/8,1.01,1.59,1.25,0.0,False
ny,range_ote,0.05,0.0,3,12,4R,96,283,43,1.672,1.24,138.6,7/8,1.01,1.51,1.15,0.0,False
ny,range_ote,0.05,0.0,3,24,range,48,322,48,1.572,0.7,111.1,6/8,0.9,1.39,0.94,0.0,False
ny,range_ote,0.05,0.0,3,24,range,96,357,54,1.562,0.77,121.4,6/8,1.04,1.39,0.96,0.0,False
ny,range_ote,0.05,0.0,3,24,2R,48,325,49,1.45,0.51,83.6,6/8,0.72,1.27,0.86,0.0,False
ny,range_ote,0.05,0.0,3,24,2R,96,360,54,1.439,0.59,90.7,6/8,0.84,1.27,0.88,0.0,False
ny,range_ote,0.05,0.0,3,24,3R,48,325,49,1.546,0.6,120.1,6/8,0.87,1.39,0.95,0.0,False
ny,range_ote,0.05,0.0,3,24,3R,96,360,54,1.534,0.55,130.1,6/8,0.99,1.38,0.91,0.0013,False
ny,range_ote,0.05,0.0,3,24,4R,48,325,49,1.616,0.72,148.5,6/8,0.98,1.46,0.86,0.0,False
ny,range_ote,0.05,0.0,3,24,4R,96,360,54,1.59,0.69,157.5,6/8,1.09,1.44,0.85,0.0013,False
ny,range_ote,0.05,0.0,3,48,range,48,354,53,1.694,0.83,139.4,6/8,1.17,1.5,1.37,0.0,False
ny,range_ote,0.05,0.0,3,48,range,96,406,61,1.575,0.9,137.1,7/8,1.2,1.4,1.27,0.0,False
ny,range_ote,0.05,0.0,3,48,2R,48,357,54,1.562,0.9,110.9,6/8,0.88,1.38,1.25,0.0,False
ny,range_ote,0.05,0.0,3,48,2R,96,409,62,1.464,0.89,108.1,7/8,0.92,1.3,1.15,0.0013,False
ny,range_ote,0.05,0.0,3,48,3R,48,357,54,1.631,0.9,149.0,7/8,1.02,1.47,1.49,0.0,False
ny,range_ote,0.05,0.0,3,48,3R,96,409,62,1.533,0.83,147.5,6/8,1.05,1.38,1.3,0.0,False
ny,range_ote,0.05,0.0,3,48,4R,48,357,54,1.674,0.96,176.3,7/8,1.15,1.52,1.55,0.0,False
ny,range_ote,0.05,0.0,3,48,4R,96,409,62,1.578,0.93,175.7,8/8,1.17,1.43,1.39,0.0,False
ny,range_ote,0.05,0.1,3,12,range,48,247,37,1.737,1.74,103.2,6/8,1.1,1.54,1.31,0.0,False
ny,range_ote,0.05,0.1,3,12,range,96,268,40,1.681,1.5,105.2,6/8,1.12,1.49,1.24,0.0,False
ny,range_ote,0.05,0.1,3,12,2R,48,249,37,1.591,0.98,80.2,7/8,1.01,1.4,0.96,0.0,False
ny,range_ote,0.05,0.1,3,12,2R,96,270,41,1.554,1.07,82.6,7/8,1.03,1.37,0.94,0.0,False
ny,range_ote,0.05,0.1,3,12,3R,48,249,37,1.756,1.27,120.7,7/8,0.95,1.57,1.02,0.0,False
ny,range_ote,0.05,0.1,3,12,3R,96,270,41,1.672,1.08,118.5,6/8,0.94,1.5,0.92,0.0,False
ny,range_ote,0.05,0.1,3,12,4R,48,249,37,1.741,1.48,133.1,7/8,0.98,1.57,1.19,0.0,False
ny,range_ote,0.05,0.1,3,12,4R,96,270,41,1.663,1.12,130.8,6/8,0.98,1.5,1.09,0.0,False
ny,range_ote,0.05,0.1,3,24,range,48,313,47,1.499,0.56,95.2,6/8,0.87,1.33,0.96,0.0,False
ny,range_ote,0.05,0.1,3,24,range,96,346,52,1.511,0.64,107.6,6/8,1.02,1.34,0.98,0.0,False
ny,range_ote,0.05,0.1,3,24,2R,48,315,47,1.397,0.46,73.0,6/8,0.71,1.23,0.9,0.0037,False
ny,range_ote,0.05,0.1,3,24,2R,96,348,52,1.407,0.55,82.2,6/8,0.83,1.24,0.92,0.0,False
ny,range_ote,0.05,0.1,3,24,3R,48,315,47,1.489,0.52,105.9,6/8,0.84,1.33,0.99,0.0,False
ny,range_ote,0.05,0.1,3,24,3R,96,348,52,1.496,0.5,118.1,6/8,0.97,1.34,0.94,0.0,False
ny,range_ote,0.05,0.1,3,24,4R,48,315,47,1.537,0.59,127.7,6/8,0.95,1.39,0.9,0.0,False
ny,range_ote,0.05,0.1,3,24,4R,96,348,52,1.531,0.59,138.9,6/8,1.07,1.39,0.88,0.0,False
ny,range_ote,0.05,0.1,3,48,range,48,340,51,1.567,0.71,113.2,6/8,1.08,1.39,1.36,0.0,False
ny,range_ote,0.05,0.1,3,48,range,96,391,59,1.475,0.78,112.0,7/8,1.12,1.31,1.25,0.0,False
ny,range_ote,0.05,0.1,3,48,2R,48,343,52,1.467,0.79,91.4,6/8,0.78,1.3,1.24,0.0,False
ny,range_ote,0.05,0.1,3,48,2R,96,394,59,1.389,0.79,89.7,6/8,0.84,1.23,1.14,0.0025,False
ny,range_ote,0.05,0.1,3,48,3R,48,343,52,1.556,0.81,128.6,7/8,0.9,1.4,1.46,0.0,False
ny,range_ote,0.05,0.1,3,48,3R,96,394,59,1.474,0.76,128.2,6/8,0.95,1.33,1.27,0.0013,False
ny,range_ote,0.05,0.1,3,48,4R,48,343,52,1.592,0.85,151.3,7/8,1.04,1.45,1.5,0.0,False
ny,range_ote,0.05,0.1,3,48,4R,96,394,59,1.511,0.83,151.8,7/8,1.08,1.37,1.35,0.0,False
ny,range_ote,0.05,0.25,3,12,range,48,231,35,1.635,1.15,84.2,6/8,1.04,1.45,1.27,0.0,False
ny,range_ote,0.05,0.25,3,12,range,96,250,38,1.612,1.11,88.5,6/8,1.09,1.43,1.23,0.0,False
ny,range_ote,0.05,0.25,3,12,2R,48,234,35,1.548,1.11,71.1,7/8,1.0,1.37,1.09,0.0,False
ny,range_ote,0.05,0.25,3,12,2R,96,253,38,1.538,1.24,75.8,7/8,1.03,1.36,1.08,0.0,False
ny,range_ote,0.05,0.25,3,12,3R,48,234,35,1.726,1.18,109.9,7/8,0.94,1.55,1.06,0.0,False
ny,range_ote,0.05,0.25,3,12,3R,96,253,38,1.664,1.02,109.9,7/8,0.95,1.5,0.97,0.0,False
ny,range_ote,0.05,0.25,3,12,4R,48,234,35,1.672,1.21,114.7,7/8,0.96,1.52,1.23,0.0,False
ny,range_ote,0.05,0.25,3,12,4R,96,253,38,1.616,0.99,114.7,7/8,0.97,1.47,1.14,0.0,False
ny,range_ote,0.05,0.25,3,24,range,48,291,44,1.524,0.58,92.0,6/8,0.99,1.36,1.06,0.0013,False
ny,range_ote,0.05,0.25,3,24,range,96,323,49,1.543,0.7,105.3,6/8,1.15,1.38,1.09,0.0013,False
ny,range_ote,0.05,0.25,3,24,2R,48,294,44,1.452,0.53,76.3,5/8,0.88,1.28,1.09,0.0,False
ny,range_ote,0.05,0.25,3,24,2R,96,326,49,1.465,0.65,86.6,5/8,0.99,1.3,1.11,0.0013,False
ny,range_ote,0.05,0.25,3,24,3R,48,294,44,1.505,0.56,101.8,6/8,0.91,1.36,1.15,0.0,False
ny,range_ote,0.05,0.25,3,24,3R,96,326,49,1.517,0.55,114.9,6/8,1.04,1.37,1.1,0.0,False
ny,range_ote,0.05,0.25,3,24,4R,48,294,44,1.571,0.63,125.4,6/8,1.03,1.43,1.06,0.0,False
ny,range_ote,0.05,0.25,3,24,4R,96,326,49,1.568,0.64,137.6,6/8,1.15,1.43,1.04,0.0,False
ny,range_ote,0.05,0.25,3,48,range,48,322,48,1.543,0.6,102.9,7/8,1.12,1.38,1.3,0.0,False
ny,range_ote,0.05,0.25,3,48,range,96,372,56,1.48,0.73,106.9,6/8,1.19,1.32,1.26,0.0,False
ny,range_ote,0.05,0.25,3,48,2R,48,326,49,1.415,0.54,78.7,6/8,0.83,1.26,1.2,0.0,False
ny,range_ote,0.05,0.25,3,48,2R,96,376,57,1.379,0.62,83.9,6/8,0.91,1.23,1.15,0.0025,False
ny,range_ote,0.05,0.25,3,48,3R,48,326,49,1.505,0.56,112.3,7/8,0.85,1.36,1.34,0.0,False
ny,range_ote,0.05,0.25,3,48,3R,96,376,57,1.466,0.59,120.6,6/8,0.94,1.33,1.23,0.0,False
ny,range_ote,0.05,0.25,3,48,4R,48,326,49,1.532,0.65,130.4,7/8,0.98,1.4,1.43,0.0,False
ny,range_ote,0.05,0.25,3,48,4R,96,376,57,1.499,0.71,141.5,7/8,1.07,1.37,1.33,0.0,False
ny,range_ote,0.1,0.0,3,12,range,48,260,39,1.737,1.39,106.7,7/8,2.6,1.54,1.44,0.0,False
ny,range_ote,0.1,0.0,3,12,range,96,282,42,1.668,1.36,106.9,7/8,2.48,1.48,1.35,0.0,False
ny,range_ote,0.1,0.0,3,12,2R,48,263,40,1.657,0.92,92.3,6/8,3.28,1.46,1.02,0.0,False
ny,range_ote,0.1,0.0,3,12,2R,96,285,43,1.606,1.09,93.8,7/8,3.09,1.42,1.0,0.0,False
ny,range_ote,0.1,0.0,3,12,3R,48,263,40,1.753,1.25,126.5,7/8,0.88,1.58,1.11,0.0,False
ny,range_ote,0.1,0.0,3,12,3R,96,285,43,1.664,1.07,123.3,7/8,0.88,1.5,1.01,0.0,False
ny,range_ote,0.1,0.0,3,12,4R,48,263,40,1.697,1.49,133.0,7/8,0.92,1.54,1.33,0.0,False
ny,range_ote,0.1,0.0,3,12,4R,96,285,43,1.619,1.17,129.8,7/8,0.92,1.47,1.21,0.0,False
ny,range_ote,0.1,0.0,3,24,range,48,323,49,1.559,0.67,106.1,6/8,2.15,1.39,0.99,0.0,False
ny,range_ote,0.1,0.0,3,24,range,96,358,54,1.544,0.76,114.9,6/8,2.16,1.38,1.0,0.0,False
ny,range_ote,0.1,0.0,3,24,2R,48,326,49,1.483,0.65,89.3,6/8,2.52,1.31,0.94,0.0,False
ny,range_ote,0.1,0.0,3,24,2R,96,361,54,1.47,0.7,96.6,6/8,2.46,1.31,0.95,0.0,False
ny,range_ote,0.1,0.0,3,24,3R,48,326,49,1.567,0.67,123.6,6/8,0.86,1.41,0.97,0.0,False
ny,range_ote,0.1,0.0,3,24,3R,96,361,54,1.553,0.61,133.9,6/8,0.96,1.4,0.92,0.0,False
ny,range_ote,0.1,0.0,3,24,4R,48,326,49,1.616,0.74,148.6,7/8,0.96,1.47,0.94,0.0,False
ny,range_ote,0.1,0.0,3,24,4R,96,361,54,1.57,0.69,152.9,6/8,1.04,1.43,0.91,0.0,False
ny,range_ote,0.1,0.0,3,48,range,48,355,53,1.647,0.76,128.6,6/8,1.05,1.47,1.31,0.0,False
ny,range_ote,0.1,0.0,3,48,range,96,407,61,1.529,0.81,124.8,7/8,1.08,1.37,1.21,0.0,False
ny,range_ote,0.1,0.0,3,48,2R,48,358,54,1.543,0.9,108.4,6/8,0.87,1.37,1.22,0.0,False
ny,range_ote,0.1,0.0,3,48,2R,96,410,62,1.436,0.87,103.2,7/8,0.9,1.28,1.13,0.0013,False
ny,range_ote,0.1,0.0,3,48,3R,48,358,54,1.687,0.97,159.9,7/8,1.04,1.52,1.5,0.0,False
ny,range_ote,0.1,0.0,3,48,3R,96,410,62,1.581,0.91,158.8,6/8,1.07,1.43,1.31,0.0,False
ny,range_ote,0.1,0.0,3,48,4R,48,358,54,1.645,0.89,170.0,8/8,1.14,1.5,1.5,0.0,False
ny,range_ote,0.1,0.0,3,48,4R,96,410,62,1.554,0.87,169.7,8/8,1.16,1.42,1.35,0.0,False
ny,range_ote,0.1,0.1,3,12,range,48,249,37,1.667,1.49,92.8,6/8,2.63,1.48,1.31,0.0,False
ny,range_ote,0.1,0.1,3,12,range,96,270,41,1.613,1.33,94.1,6/8,2.52,1.43,1.23,0.0,False
ny,range_ote,0.1,0.1,3,12,2R,48,251,38,1.615,1.04,83.6,7/8,3.38,1.43,1.06,0.0,False
ny,range_ote,0.1,0.1,3,12,2R,96,272,41,1.578,1.14,86.2,7/8,3.21,1.4,1.04,0.0,False
ny,range_ote,0.1,0.1,3,12,3R,48,251,38,1.704,1.22,114.4,7/8,0.83,1.54,1.07,0.0,False
ny,range_ote,0.1,0.1,3,12,3R,96,272,41,1.628,0.98,112.3,7/8,0.84,1.47,0.97,0.0,False
ny,range_ote,0.1,0.1,3,12,4R,48,251,38,1.677,1.33,123.8,7/8,0.88,1.52,1.26,0.0,False
ny,range_ote,0.1,0.1,3,12,4R,96,272,41,1.607,1.0,121.7,7/8,0.89,1.46,1.16,0.0013,False
ny,range_ote,0.1,0.1,3,24,range,48,314,47,1.493,0.61,91.8,6/8,2.13,1.33,1.02,0.0013,False
ny,range_ote,0.1,0.1,3,24,range,96,347,52,1.499,0.71,102.8,6/8,2.16,1.34,1.02,0.0,False
ny,range_ote,0.1,0.1,3,24,2R,48,316,48,1.429,0.6,78.4,6/8,2.53,1.27,0.99,0.0025,False
ny,range_ote,0.1,0.1,3,24,2R,96,349,53,1.437,0.67,87.9,6/8,2.49,1.28,0.99,0.0,False
ny,range_ote,0.1,0.1,3,24,3R,48,316,48,1.508,0.58,109.2,6/8,0.83,1.36,1.02,0.0,False
ny,range_ote,0.1,0.1,3,24,3R,96,349,53,1.514,0.55,121.6,6/8,0.95,1.37,0.96,0.0,False
ny,range_ote,0.1,0.1,3,24,4R,48,316,48,1.559,0.69,132.1,7/8,0.94,1.42,0.98,0.0,False
ny,range_ote,0.1,0.1,3,24,4R,96,349,53,1.531,0.65,138.7,6/8,1.03,1.39,0.94,0.0,False
ny,range_ote,0.1,0.1,3,48,range,48,342,51,1.535,0.66,105.5,6/8,1.72,1.37,1.31,0.0013,False
ny,range_ote,0.1,0.1,3,48,range,96,393,59,1.441,0.7,102.9,6/8,1.66,1.29,1.21,0.0,False
ny,range_ote,0.1,0.1,3,48,2R,48,345,52,1.489,0.85,95.8,6/8,1.87,1.32,1.24,0.0013,False
ny,range_ote,0.1,0.1,3,48,2R,96,396,60,1.395,0.83,91.7,6/8,1.76,1.25,1.14,0.0025,False
ny,range_ote,0.1,0.1,3,48,3R,48,345,52,1.583,0.85,134.2,7/8,0.88,1.43,1.45,0.0,False
ny,range_ote,0.1,0.1,3,48,3R,96,396,60,1.498,0.8,134.2,6/8,0.93,1.36,1.27,0.0,False
ny,range_ote,0.1,0.1,3,48,4R,48,345,52,1.576,0.81,148.3,7/8,1.0,1.44,1.43,0.0,False
ny,range_ote,0.1,0.1,3,48,4R,96,396,60,1.499,0.8,149.2,7/8,1.04,1.37,1.3,0.0,False
ny,range_ote,0.1,0.25,3,12,range,48,232,35,1.566,1.02,74.5,6/8,0.95,1.39,1.26,0.0,False
ny,range_ote,0.1,0.25,3,12,range,96,251,38,1.543,0.97,78.1,6/8,1.0,1.38,1.21,0.0,False
ny,range_ote,0.1,0.25,3,12,2R,48,235,35,1.529,0.89,69.5,7/8,0.94,1.36,1.1,0.0,False
ny,range_ote,0.1,0.25,3,12,2R,96,254,38,1.523,1.09,74.4,7/8,0.97,1.36,1.09,0.0013,False
ny,range_ote,0.1,0.25,3,12,3R,48,235,35,1.681,1.13,104.3,7/8,0.9,1.52,1.14,0.0,False
ny,range_ote,0.1,0.25,3,12,3R,96,254,38,1.624,0.98,104.4,7/8,0.91,1.47,1.04,0.0,False
ny,range_ote,0.1,0.25,3,12,4R,48,235,35,1.645,1.19,110.9,7/8,0.93,1.5,1.33,0.0,False
ny,range_ote,0.1,0.25,3,12,4R,96,254,38,1.593,0.97,111.0,7/8,0.95,1.45,1.23,0.0,False
ny,range_ote,0.1,0.25,3,24,range,48,292,44,1.495,0.57,85.7,6/8,0.95,1.33,1.08,0.0,False
ny,range_ote,0.1,0.25,3,24,range,96,324,49,1.509,0.68,97.6,6/8,1.09,1.35,1.1,0.0013,False
ny,range_ote,0.1,0.25,3,24,2R,48,295,44,1.445,0.58,75.6,5/8,0.83,1.29,1.11,0.0,False
ny,range_ote,0.1,0.25,3,24,2R,96,327,49,1.459,0.66,86.0,5/8,0.95,1.3,1.13,0.0013,False
ny,range_ote,0.1,0.25,3,24,3R,48,295,44,1.512,0.56,102.8,6/8,0.92,1.37,1.17,0.0,False
ny,range_ote,0.1,0.25,3,24,3R,96,327,49,1.525,0.56,116.1,6/8,1.05,1.38,1.11,0.0,False
ny,range_ote,0.1,0.25,3,24,4R,48,295,44,1.557,0.64,122.8,7/8,1.03,1.42,1.14,0.0,False
ny,range_ote,0.1,0.25,3,24,4R,96,327,49,1.533,0.61,130.3,6/8,1.13,1.4,1.1,0.0,False
ny,range_ote,0.1,0.25,3,48,range,48,324,49,1.481,0.54,91.2,5/8,0.95,1.32,1.24,0.0,False
ny,range_ote,0.1,0.25,3,48,range,96,374,56,1.421,0.63,93.7,5/8,1.02,1.27,1.2,0.0037,False
ny,range_ote,0.1,0.25,3,48,2R,48,328,49,1.401,0.54,77.0,6/8,0.79,1.25,1.17,0.0,False
ny,range_ote,0.1,0.25,3,48,2R,96,378,57,1.355,0.59,79.8,6/8,0.85,1.21,1.13,0.0,False
ny,range_ote,0.1,0.25,3,48,3R,48,328,49,1.511,0.57,113.7,7/8,0.84,1.37,1.35,0.0,False
ny,range_ote,0.1,0.25,3,48,3R,96,378,57,1.473,0.6,122.4,6/8,0.93,1.34,1.24,0.0,False
ny,range_ote,0.1,0.25,3,48,4R,48,328,49,1.492,0.59,122.2,7/8,0.95,1.36,1.37,0.0025,False
ny,range_ote,0.1,0.25,3,48,4R,96,378,57,1.466,0.66,133.7,7/8,1.03,1.34,1.29,0.0013,False
ny,range_ote,0.25,0.0,3,12,range,48,262,39,1.723,1.78,99.2,7/8,1.76,1.55,1.54,0.0,False
ny,range_ote,0.25,0.0,3,12,range,96,284,43,1.693,1.67,104.0,6/8,1.81,1.52,1.5,0.0,False
ny,range_ote,0.25,0.0,3,12,2R,48,265,40,1.717,0.96,100.4,6/8,1.75,1.54,1.03,0.0,False
ny,range_ote,0.25,0.0,3,12,2R,96,287,43,1.712,1.09,108.1,6/8,1.8,1.54,1.06,0.0,False
ny,range_ote,0.25,0.0,3,12,3R,48,265,40,1.72,1.68,122.7,8/8,1.6,1.57,1.34,0.0,False
ny,range_ote,0.25,0.0,3,12,3R,96,287,43,1.663,1.42,123.8,8/8,1.62,1.52,1.27,0.0,False
ny,range_ote,0.25,0.0,3,12,4R,48,265,40,1.868,1.56,159.8,8/8,1.88,1.72,1.57,0.0,False
ny,range_ote,0.25,0.0,3,12,4R,96,287,43,1.774,1.33,156.9,8/8,1.88,1.63,1.51,0.0,False
ny,range_ote,0.25,0.0,3,24,range,48,323,49,1.591,0.82,103.3,7/8,1.17,1.43,1.29,0.0,False
ny,range_ote,0.25,0.0,3,24,range,96,359,54,1.56,0.9,109.9,7/8,1.24,1.41,1.22,0.0,False
ny,range_ote,0.25,0.0,3,24,2R,48,326,49,1.532,0.68,97.2,7/8,1.1,1.38,1.17,0.0,False
ny,range_ote,0.25,0.0,3,24,2R,96,362,54,1.526,0.77,106.8,7/8,1.17,1.38,1.15,0.0,False
ny,range_ote,0.25,0.0,3,24,3R,48,326,49,1.656,0.84,140.0,7/8,1.18,1.51,1.26,0.0,False
ny,range_ote,0.25,0.0,3,24,3R,96,362,54,1.628,0.78,149.6,7/8,1.24,1.49,1.16,0.0,False
ny,range_ote,0.25,0.0,3,24,4R,48,326,49,1.765,1.1,176.3,7/8,1.32,1.62,1.41,0.0,False
ny,range_ote,0.25,0.0,3,24,4R,96,362,54,1.696,0.99,179.8,7/8,1.34,1.56,1.3,0.0,False
ny,range_ote,0.25,0.0,3,48,range,48,357,54,1.738,0.78,132.9,7/8,1.42,1.56,1.62,0.0,False
ny,range_ote,0.25,0.0,3,48,range,96,410,62,1.585,0.79,126.9,8/8,1.36,1.43,1.4,0.0,False
ny,range_ote,0.25,0.0,3,48,2R,48,360,54,1.663,0.83,128.5,7/8,1.36,1.5,1.49,0.0,False
ny,range_ote,0.25,0.0,3,48,2R,96,413,62,1.547,0.83,126.0,7/8,1.31,1.4,1.33,0.0,False
ny,range_ote,0.25,0.0,3,48,3R,48,360,54,1.794,0.96,180.8,7/8,1.38,1.64,1.74,0.0,False
ny,range_ote,0.25,0.0,3,48,3R,96,413,62,1.667,0.91,179.4,7/8,1.34,1.53,1.49,0.0,False
ny,range_ote,0.25,0.0,3,48,4R,48,360,54,1.917,1.24,225.2,8/8,1.57,1.77,1.89,0.0,False
ny,range_ote,0.25,0.0,3,48,4R,96,413,62,1.751,1.18,217.8,8/8,1.48,1.62,1.62,0.0,False
ny,range_ote,0.25,0.1,3,12,range,48,251,38,1.68,1.28,89.4,7/8,1.75,1.51,1.48,0.0,False
ny,range_ote,0.25,0.1,3,12,range,96,272,41,1.664,1.41,95.4,6/8,1.82,1.5,1.44,0.0,False
ny,range_ote,0.25,0.1,3,12,2R,48,253,38,1.647,0.88,88.3,6/8,1.75,1.48,1.01,0.0,False
ny,range_ote,0.25,0.1,3,12,2R,96,274,41,1.658,1.05,97.1,6/8,1.81,1.49,1.04,0.0,False
ny,range_ote,0.25,0.1,3,12,3R,48,253,38,1.694,1.69,113.7,8/8,1.58,1.55,1.29,0.0,False
ny,range_ote,0.25,0.1,3,12,3R,96,274,41,1.647,1.39,115.8,8/8,1.61,1.5,1.23,0.0,False
ny,range_ote,0.25,0.1,3,12,4R,48,253,38,1.818,1.29,145.1,8/8,1.85,1.67,1.51,0.0,False
ny,range_ote,0.25,0.1,3,12,4R,96,274,41,1.735,1.12,143.3,7/8,1.86,1.6,1.45,0.0,False
ny,range_ote,0.25,0.1,3,24,range,48,315,47,1.509,0.74,88.4,7/8,2.24,1.35,1.25,0.0013,False
ny,range_ote,0.25,0.1,3,24,range,96,349,53,1.504,0.85,97.2,6/8,2.21,1.35,1.18,0.0,False
ny,range_ote,0.25,0.1,3,24,2R,48,317,48,1.447,0.58,81.8,7/8,2.65,1.3,1.14,0.0,False
ny,range_ote,0.25,0.1,3,24,2R,96,351,53,1.465,0.7,93.5,7/8,2.59,1.32,1.12,0.0,False
ny,range_ote,0.25,0.1,3,24,3R,48,317,48,1.544,0.68,116.0,7/8,1.04,1.41,1.2,0.0,False
ny,range_ote,0.25,0.1,3,24,3R,96,351,53,1.542,0.66,127.7,7/8,1.12,1.41,1.12,0.0,False
ny,range_ote,0.25,0.1,3,24,4R,48,317,48,1.672,1.0,153.3,7/8,1.18,1.54,1.33,0.0,False
ny,range_ote,0.25,0.1,3,24,4R,96,351,53,1.626,0.91,159.0,7/8,1.23,1.5,1.23,0.0,False
ny,range_ote,0.25,0.1,3,48,range,48,344,52,1.624,0.69,112.3,7/8,2.35,1.46,1.57,0.0,False
ny,range_ote,0.25,0.1,3,48,range,96,396,60,1.499,0.71,107.5,7/8,2.15,1.35,1.37,0.0,False
ny,range_ote,0.25,0.1,3,48,2R,48,347,52,1.605,0.78,115.0,7/8,2.71,1.45,1.43,0.0,False
ny,range_ote,0.25,0.1,3,48,2R,96,399,60,1.503,0.78,113.6,7/8,2.45,1.36,1.28,0.0013,False
ny,range_ote,0.25,0.1,3,48,3R,48,347,52,1.684,0.85,153.9,7/8,1.2,1.54,1.65,0.0,False
ny,range_ote,0.25,0.1,3,48,3R,96,399,60,1.579,0.81,153.6,7/8,1.19,1.45,1.42,0.0013,False
ny,range_ote,0.25,0.1,3,48,4R,48,347,52,1.821,1.14,197.7,7/8,1.39,1.68,1.77,0.0,False
ny,range_ote,0.25,0.1,3,48,4R,96,399,60,1.674,1.08,191.5,7/8,1.33,1.55,1.53,0.0,False
ny,range_ote,0.25,0.25,3,12,range,48,234,35,1.647,1.22,79.8,7/8,1.69,1.48,1.61,0.0,False
ny,range_ote,0.25,0.25,3,12,range,96,253,38,1.636,1.24,85.3,7/8,1.77,1.47,1.58,0.0,False
ny,range_ote,0.25,0.25,3,12,2R,48,237,36,1.663,0.81,84.5,7/8,1.71,1.5,1.16,0.0,False
ny,range_ote,0.25,0.25,3,12,2R,96,256,39,1.675,1.09,92.7,7/8,1.79,1.51,1.21,0.0,False
ny,range_ote,0.25,0.25,3,12,3R,48,237,36,1.723,1.59,110.0,8/8,1.64,1.58,1.48,0.0,False
ny,range_ote,0.25,0.25,3,12,3R,96,256,39,1.692,1.38,114.3,8/8,1.69,1.55,1.41,0.0,False
ny,range_ote,0.25,0.25,3,12,4R,48,237,36,1.785,1.03,131.0,7/8,1.87,1.64,1.71,0.0,False
ny,range_ote,0.25,0.25,3,12,4R,96,256,39,1.722,0.92,131.5,7/8,1.9,1.59,1.65,0.0,False
ny,range_ote,0.25,0.25,3,24,range,48,293,44,1.537,0.73,86.4,7/8,1.22,1.38,1.36,0.0,False
ny,range_ote,0.25,0.25,3,24,range,96,326,49,1.537,0.84,96.1,7/8,1.3,1.39,1.31,0.0,False
ny,range_ote,0.25,0.25,3,24,2R,48,296,45,1.504,0.61,84.8,6/8,1.2,1.36,1.3,0.0,False
ny,range_ote,0.25,0.25,3,24,2R,96,329,50,1.526,0.74,97.4,6/8,1.29,1.38,1.29,0.0,False
ny,range_ote,0.25,0.25,3,24,3R,48,296,45,1.567,0.67,112.3,7/8,1.09,1.44,1.38,0.0,False
ny,range_ote,0.25,0.25,3,24,3R,96,329,50,1.569,0.67,125.0,7/8,1.18,1.44,1.29,0.0,False
ny,range_ote,0.25,0.25,3,24,4R,48,296,45,1.671,0.94,142.9,7/8,1.22,1.54,1.53,0.0,False
ny,range_ote,0.25,0.25,3,24,4R,96,329,50,1.629,0.86,149.6,7/8,1.28,1.5,1.43,0.0,False
ny,range_ote,0.25,0.25,3,48,range,48,326,49,1.599,0.61,103.5,6/8,1.34,1.44,1.59,0.0,False
ny,range_ote,0.25,0.25,3,48,range,96,377,57,1.504,0.68,103.5,6/8,1.32,1.36,1.44,0.0,False
ny,range_ote,0.25,0.25,3,48,2R,48,330,50,1.529,0.55,98.0,7/8,1.22,1.39,1.42,0.0,False
ny,range_ote,0.25,0.25,3,48,2R,96,381,57,1.475,0.61,103.4,7/8,1.23,1.34,1.32,0.0,False
ny,range_ote,0.25,0.25,3,48,3R,48,330,50,1.607,0.67,132.2,7/8,1.19,1.48,1.69,0.0,False
ny,range_ote,0.25,0.25,3,48,3R,96,381,57,1.553,0.7,140.6,7/8,1.21,1.43,1.49,0.0,False
ny,range_ote,0.25,0.25,3,48,4R,48,330,50,1.723,0.85,168.8,7/8,1.37,1.59,1.84,0.0,False
ny,range_ote,0.25,0.25,3,48,4R,96,381,57,1.633,0.89,173.2,8/8,1.35,1.51,1.63,0.0,False
ny,range_ote,0.5,0.0,3,12,range,48,267,40,1.652,1.27,84.3,8/8,1.07,1.5,1.51,0.0,False
ny,range_ote,0.5,0.0,3,12,range,96,289,43,1.634,1.29,89.5,8/8,1.14,1.49,1.44,0.0,False
ny,range_ote,0.5,0.0,3,12,2R,48,270,41,1.695,1.1,100.3,7/8,1.06,1.55,1.13,0.0,False
ny,range_ote,0.5,0.0,3,12,2R,96,292,44,1.62,0.94,98.7,7/8,1.08,1.49,1.05,0.0,False
ny,range_ote,0.5,0.0,3,12,3R,48,270,41,1.81,2.09,137.4,8/8,1.25,1.68,1.55,0.0,False
ny,range_ote,0.5,0.0,3,12,3R,96,292,44,1.747,1.74,138.7,8/8,1.28,1.62,1.46,0.0,False
ny,range_ote,0.5,0.0,3,12,4R,48,270,41,1.829,2.0,154.3,7/8,1.24,1.7,1.48,0.0,False
ny,range_ote,0.5,0.0,3,12,4R,96,292,44,1.766,1.72,155.6,7/8,1.28,1.65,1.43,0.0,False
ny,range_ote,0.5,0.0,3,24,range,48,326,49,1.547,0.67,88.5,7/8,9.11,1.4,1.33,0.0,False
ny,range_ote,0.5,0.0,3,24,range,96,362,54,1.506,0.71,92.1,7/8,8.35,1.37,1.24,0.0,False
ny,range_ote,0.5,0.0,3,24,2R,48,329,49,1.578,0.78,105.2,7/8,13.44,1.45,1.21,0.0,False
ny,range_ote,0.5,0.0,3,24,2R,96,365,55,1.512,0.68,105.1,7/8,12.06,1.39,1.08,0.0,False
ny,range_ote,0.5,0.0,3,24,3R,48,329,49,1.693,0.9,146.8,7/8,0.89,1.57,1.35,0.0,False
ny,range_ote,0.5,0.0,3,24,3R,96,365,55,1.625,0.8,148.4,7/8,0.93,1.51,1.23,0.0,False
ny,range_ote,0.5,0.0,3,24,4R,48,329,49,1.74,1.07,169.1,7/8,0.94,1.62,1.45,0.0,False
ny,range_ote,0.5,0.0,3,24,4R,96,365,55,1.627,0.91,161.4,7/8,0.94,1.52,1.32,0.0,False
ny,range_ote,0.5,0.0,3,48,range,48,362,54,1.581,0.71,100.3,8/8,8.4,1.44,1.61,0.0,False
ny,range_ote,0.5,0.0,3,48,range,96,415,62,1.465,0.7,95.8,8/8,7.33,1.34,1.41,0.0,False
ny,range_ote,0.5,0.0,3,48,2R,48,365,55,1.624,0.82,124.4,7/8,12.26,1.49,1.51,0.0,False
ny,range_ote,0.5,0.0,3,48,2R,96,418,63,1.503,0.71,119.1,7/8,10.51,1.39,1.31,0.0,False
ny,range_ote,0.5,0.0,3,48,3R,48,365,55,1.768,1.11,177.0,8/8,0.94,1.64,1.79,0.0,False
ny,range_ote,0.5,0.0,3,48,3R,96,418,63,1.652,1.04,176.0,8/8,0.95,1.54,1.58,0.0,False
ny,range_ote,0.5,0.0,3,48,4R,48,365,55,1.799,1.36,198.9,8/8,0.97,1.68,1.72,0.0,False
ny,range_ote,0.5,0.0,3,48,4R,96,418,63,1.679,1.32,197.4,8/8,0.97,1.57,1.56,0.0,False
ny,range_ote,0.5,0.1,3,12,range,48,256,39,1.633,1.45,78.5,7/8,1.04,1.48,1.49,0.0,False
ny,range_ote,0.5,0.1,3,12,range,96,277,42,1.63,1.54,84.8,7/8,1.12,1.48,1.42,0.0,False
ny,range_ote,0.5,0.1,3,12,2R,48,258,39,1.699,1.13,96.3,7/8,1.04,1.56,1.11,0.0,False
ny,range_ote,0.5,0.1,3,12,2R,96,279,42,1.631,0.95,95.8,7/8,1.07,1.5,1.03,0.0,False
ny,range_ote,0.5,0.1,3,12,3R,48,258,39,1.812,2.09,131.5,8/8,1.23,1.68,1.52,0.0,False
ny,range_ote,0.5,0.1,3,12,3R,96,279,42,1.756,1.81,133.9,8/8,1.27,1.63,1.42,0.0,False
ny,range_ote,0.5,0.1,3,12,4R,48,258,39,1.793,1.45,141.5,7/8,1.18,1.67,1.41,0.0,False
ny,range_ote,0.5,0.1,3,12,4R,96,279,42,1.74,1.28,143.9,7/8,1.23,1.62,1.37,0.0,False
ny,range_ote,0.5,0.1,3,24,range,48,316,48,1.489,0.62,78.0,7/8,1.1,1.35,1.3,0.0013,False
ny,range_ote,0.5,0.1,3,24,range,96,350,53,1.471,0.68,83.7,6/8,1.17,1.34,1.21,0.0013,False
ny,range_ote,0.5,0.1,3,24,2R,48,318,48,1.528,0.74,94.3,7/8,1.15,1.4,1.17,0.0,False
ny,range_ote,0.5,0.1,3,24,2R,96,352,53,1.482,0.65,96.4,6/8,1.17,1.36,1.05,0.0,False
ny,range_ote,0.5,0.1,3,24,3R,48,318,48,1.638,0.84,132.2,7/8,1.21,1.52,1.29,0.0,False
ny,range_ote,0.5,0.1,3,24,3R,96,352,53,1.589,0.76,135.8,7/8,1.24,1.48,1.18,0.0,False
ny,range_ote,0.5,0.1,3,24,4R,48,318,48,1.662,0.98,148.1,7/8,1.24,1.55,1.37,0.0,False
ny,range_ote,0.5,0.1,3,24,4R,96,352,53,1.569,0.83,142.5,6/8,1.22,1.46,1.25,0.0,False
ny,range_ote,0.5,0.1,3,48,range,48,348,52,1.526,0.78,89.7,8/8,1.09,1.39,1.66,0.0,False
ny,range_ote,0.5,0.1,3,48,range,96,400,60,1.426,0.79,86.3,8/8,1.09,1.3,1.44,0.0,False
ny,range_ote,0.5,0.1,3,48,2R,48,351,53,1.589,0.9,114.0,7/8,1.14,1.46,1.5,0.0,False
ny,range_ote,0.5,0.1,3,48,2R,96,403,61,1.477,0.77,109.8,7/8,1.12,1.36,1.3,0.0,False
ny,range_ote,0.5,0.1,3,48,3R,48,351,53,1.725,1.26,162.2,8/8,1.24,1.6,1.76,0.0,False
ny,range_ote,0.5,0.1,3,48,3R,96,403,61,1.619,1.17,162.2,8/8,1.23,1.51,1.55,0.0,False
ny,range_ote,0.5,0.1,3,48,4R,48,351,53,1.706,1.23,171.6,7/8,1.22,1.59,1.59,0.0,False
ny,range_ote,0.5,0.1,3,48,4R,96,403,61,1.603,1.2,171.1,8/8,1.19,1.5,1.46,0.0,False
ny,range_ote,0.5,0.25,3,12,range,48,238,36,1.602,1.13,69.7,7/8,1.03,1.46,1.52,0.0013,False
ny,range_ote,0.5,0.25,3,12,range,96,257,39,1.624,1.13,77.6,7/8,1.13,1.48,1.53,0.0,False
ny,range_ote,0.5,0.25,3,12,2R,48,241,36,1.67,0.97,86.9,7/8,1.02,1.54,1.14,0.0,False
ny,range_ote,0.5,0.25,3,12,2R,96,260,39,1.626,0.9,88.6,7/8,1.07,1.5,1.07,0.0,False
ny,range_ote,0.5,0.25,3,12,3R,48,241,36,1.762,1.88,116.5,8/8,1.2,1.64,1.54,0.0,False
ny,range_ote,0.5,0.25,3,12,3R,96,260,39,1.731,1.64,121.1,8/8,1.26,1.61,1.46,0.0,False
ny,range_ote,0.5,0.25,3,12,4R,48,241,36,1.729,1.49,122.6,7/8,1.14,1.62,1.39,0.0,False
ny,range_ote,0.5,0.25,3,12,4R,96,260,39,1.699,1.3,127.2,7/8,1.21,1.59,1.37,0.0,False
ny,range_ote,0.5,0.25,3,24,range,48,293,44,1.513,0.6,75.5,7/8,1.14,1.38,1.33,0.0,False
ny,range_ote,0.5,0.25,3,24,range,96,326,49,1.501,0.67,82.2,7/8,1.21,1.37,1.28,0.0,False
ny,range_ote,0.5,0.25,3,24,2R,48,296,45,1.556,0.72,91.8,7/8,1.18,1.43,1.28,0.0,False
ny,range_ote,0.5,0.25,3,24,2R,96,329,50,1.511,0.64,94.8,6/8,1.21,1.39,1.16,0.0013,False
ny,range_ote,0.5,0.25,3,24,3R,48,296,45,1.649,0.8,124.8,7/8,1.26,1.53,1.41,0.0,False
ny,range_ote,0.5,0.25,3,24,3R,96,329,50,1.603,0.73,129.5,7/8,1.3,1.49,1.31,0.0,False
ny,range_ote,0.5,0.25,3,24,4R,48,296,45,1.69,0.95,142.7,7/8,1.3,1.58,1.51,0.0,False
ny,range_ote,0.5,0.25,3,24,4R,96,329,50,1.594,0.81,138.1,6/8,1.27,1.49,1.39,0.0,False
ny,range_ote,0.5,0.25,3,48,range,48,328,49,1.518,0.69,83.6,7/8,1.1,1.39,1.68,0.0,False
ny,range_ote,0.5,0.25,3,48,range,96,379,57,1.446,0.77,84.8,7/8,1.12,1.32,1.52,0.0,False
ny,range_ote,0.5,0.25,3,48,2R,48,332,50,1.507,0.61,95.2,7/8,1.09,1.39,1.51,0.0,False
ny,range_ote,0.5,0.25,3,48,2R,96,383,58,1.443,0.59,97.9,7/8,1.1,1.33,1.36,0.0,False
ny,range_ote,0.5,0.25,3,48,3R,48,332,50,1.669,0.97,143.2,8/8,1.22,1.55,1.86,0.0,False
ny,range_ote,0.5,0.25,3,48,3R,96,383,58,1.61,1.01,152.1,8/8,1.24,1.5,1.68,0.0,False
ny,range_ote,0.5,0.25,3,48,4R,48,332,50,1.655,0.93,151.6,8/8,1.19,1.55,1.66,0.0,False
ny,range_ote,0.5,0.25,3,48,4R,96,383,58,1.602,1.01,161.9,8/8,1.21,1.5,1.56,0.0,False
both,fvg_ce,0.05,0.0,3,12,range,48,866,129,1.242,0.59,152.3,6/8,1.02,1.06,1.59,0.0063,False
both,fvg_ce,0.05,0.0,3,12,range,96,937,140,1.248,0.57,167.5,6/8,1.04,1.07,1.62,0.005,False
both,fvg_ce,0.05,0.0,3,12,2R,48,869,130,1.159,0.49,88.6,6/8,0.79,0.97,1.28,0.0138,False
both,fvg_ce,0.05,0.0,3,12,2R,96,940,140,1.184,0.55,109.9,7/8,0.83,0.99,1.33,0.0037,False
both,fvg_ce,0.05,0.0,3,12,3R,48,869,130,1.17,0.45,113.2,6/8,0.9,1.01,1.33,0.01,False
both,fvg_ce,0.05,0.0,3,12,3R,96,940,140,1.213,0.61,151.2,7/8,0.95,1.05,1.42,0.0013,False
both,fvg_ce,0.05,0.0,3,12,4R,48,869,130,1.181,0.63,131.1,6/8,0.96,1.03,1.29,0.0187,False
both,fvg_ce,0.05,0.0,3,12,4R,96,940,140,1.231,0.69,178.6,7/8,1.02,1.07,1.4,0.0025,False
both,fvg_ce,0.05,0.0,3,24,range,48,985,147,1.369,0.96,251.1,7/8,1.1,1.17,1.71,0.0,False
both,fvg_ce,0.05,0.0,3,24,range,96,1052,157,1.364,0.88,262.1,7/8,1.09,1.17,1.7,0.0,False
both,fvg_ce,0.05,0.0,3,24,2R,48,988,147,1.312,0.96,186.8,8/8,0.88,1.1,1.45,0.0,False
both,fvg_ce,0.05,0.0,3,24,2R,96,1056,157,1.33,1.02,210.0,8/8,0.9,1.12,1.47,0.0,False
both,fvg_ce,0.05,0.0,3,24,3R,48,988,147,1.364,1.32,259.3,8/8,1.01,1.18,1.54,0.0,False
both,fvg_ce,0.05,0.0,3,24,3R,96,1056,157,1.39,1.3,294.3,8/8,1.04,1.2,1.58,0.0,False
both,fvg_ce,0.05,0.0,3,24,4R,48,988,147,1.378,1.61,294.5,8/8,1.07,1.2,1.47,0.0,False
both,fvg_ce,0.05,0.0,3,24,4R,96,1056,157,1.393,1.66,326.2,8/8,1.08,1.22,1.51,0.0,False
both,fvg_ce,0.05,0.0,3,48,range,48,1046,156,1.336,0.85,243.1,7/8,1.04,1.14,1.72,0.0,False
both,fvg_ce,0.05,0.0,3,48,range,96,1103,164,1.332,0.78,251.5,7/8,1.03,1.14,1.74,0.0,False
both,fvg_ce,0.05,0.0,3,48,2R,48,1049,156,1.291,0.96,185.8,8/8,0.83,1.08,1.5,0.0,False
both,fvg_ce,0.05,0.0,3,48,2R,96,1107,165,1.305,1.0,204.7,7/8,0.85,1.1,1.54,0.0,False
both,fvg_ce,0.05,0.0,3,48,3R,48,1049,156,1.359,1.36,271.7,8/8,0.98,1.17,1.53,0.0,False
both,fvg_ce,0.05,0.0,3,48,3R,96,1107,165,1.38,1.31,301.6,8/8,1.0,1.19,1.59,0.0,False
both,fvg_ce,0.05,0.0,3,48,4R,48,1049,156,1.361,1.28,301.2,8/8,1.04,1.19,1.55,0.0,False
both,fvg_ce,0.05,0.0,3,48,4R,96,1107,165,1.381,1.34,333.6,8/8,1.06,1.21,1.59,0.0,False
both,fvg_ce,0.05,0.1,3,12,range,48,817,123,1.194,0.57,113.0,6/8,1.04,1.03,1.44,0.0187,False
both,fvg_ce,0.05,0.1,3,12,range,96,885,132,1.203,0.49,126.7,6/8,1.06,1.04,1.48,0.0075,False
both,fvg_ce,0.05,0.1,3,12,2R,48,821,123,1.145,0.49,76.9,7/8,0.8,0.97,1.21,0.0262,False
both,fvg_ce,0.05,0.1,3,12,2R,96,889,133,1.168,0.45,95.8,7/8,0.84,0.99,1.25,0.01,False
both,fvg_ce,0.05,0.1,3,12,3R,48,821,123,1.174,0.4,108.6,6/8,0.91,1.02,1.29,0.0163,False
both,fvg_ce,0.05,0.1,3,12,3R,96,889,133,1.209,0.63,140.1,6/8,0.95,1.06,1.38,0.0013,False
both,fvg_ce,0.05,0.1,3,12,4R,48,821,123,1.188,0.46,127.0,6/8,0.98,1.04,1.27,0.0112,False
both,fvg_ce,0.05,0.1,3,12,4R,96,889,133,1.229,0.64,166.1,7/8,1.03,1.08,1.37,0.0025,False
both,fvg_ce,0.05,0.1,3,24,range,48,940,140,1.279,0.87,177.5,7/8,1.1,1.1,1.48,0.0013,False
both,fvg_ce,0.05,0.1,3,24,range,96,1013,151,1.271,0.92,185.3,6/8,1.08,1.1,1.47,0.0,False
both,fvg_ce,0.05,0.1,3,24,2R,48,943,141,1.291,1.18,167.7,8/8,0.91,1.1,1.36,0.0,False
both,fvg_ce,0.05,0.1,3,24,2R,96,1016,151,1.304,1.36,188.1,8/8,0.93,1.12,1.35,0.0,False
both,fvg_ce,0.05,0.1,3,24,3R,48,943,141,1.332,0.87,226.6,7/8,1.02,1.16,1.43,0.0,False
both,fvg_ce,0.05,0.1,3,24,3R,96,1016,151,1.352,1.1,257.5,8/8,1.04,1.19,1.45,0.0,False
both,fvg_ce,0.05,0.1,3,24,4R,48,943,141,1.365,1.19,270.2,8/8,1.09,1.21,1.42,0.0,False
both,fvg_ce,0.05,0.1,3,24,4R,96,1016,151,1.377,1.17,300.1,8/8,1.11,1.22,1.44,0.0,False
both,fvg_ce,0.05,0.1,3,48,range,48,1008,150,1.254,0.91,172.8,6/8,1.04,1.08,1.51,0.0037,False
both,fvg_ce,0.05,0.1,3,48,range,96,1074,160,1.246,0.82,177.5,6/8,1.03,1.08,1.51,0.0025,False
both,fvg_ce,0.05,0.1,3,48,2R,48,1011,151,1.295,1.1,181.7,8/8,0.86,1.1,1.41,0.0,False
both,fvg_ce,0.05,0.1,3,48,2R,96,1077,160,1.301,1.26,197.2,8/8,0.87,1.11,1.42,0.0,False
both,fvg_ce,0.05,0.1,3,48,3R,48,1011,151,1.353,1.18,257.1,8/8,0.99,1.18,1.47,0.0,False
both,fvg_ce,0.05,0.1,3,48,3R,96,1077,160,1.367,1.35,283.3,8/8,1.01,1.2,1.49,0.0,False
both,fvg_ce,0.05,0.1,3,48,4R,48,1011,151,1.371,1.23,295.0,8/8,1.07,1.21,1.52,0.0,False
both,fvg_ce,0.05,0.1,3,48,4R,96,1077,160,1.387,1.36,326.9,8/8,1.09,1.23,1.54,0.0,False
both,fvg_ce,0.05,0.25,3,12,range,48,735,111,1.083,0.11,42.8,5/8,0.84,0.94,1.31,0.205,False
both,fvg_ce,0.05,0.25,3,12,range,96,800,120,1.089,0.13,49.6,6/8,0.87,0.95,1.33,0.13,False
both,fvg_ce,0.05,0.25,3,12,2R,48,742,112,1.101,0.25,49.2,4/8,0.73,0.95,1.17,0.0838,False
both,fvg_ce,0.05,0.25,3,12,2R,96,807,121,1.118,0.3,62.2,5/8,0.77,0.96,1.17,0.0525,False
both,fvg_ce,0.05,0.25,3,12,3R,48,742,112,1.143,0.24,81.0,6/8,0.84,1.01,1.24,0.04,False
both,fvg_ce,0.05,0.25,3,12,3R,96,807,121,1.174,0.43,106.6,5/8,0.88,1.04,1.28,0.0213,False
both,fvg_ce,0.05,0.25,3,12,4R,48,742,112,1.19,0.35,115.2,7/8,0.92,1.06,1.29,0.0175,False
both,fvg_ce,0.05,0.25,3,12,4R,96,807,121,1.222,0.57,145.5,6/8,0.97,1.09,1.33,0.0075,False
both,fvg_ce,0.05,0.25,3,24,range,48,853,128,1.154,0.23,88.6,7/8,0.89,1.0,1.37,0.0387,False
both,fvg_ce,0.05,0.25,3,24,range,96,931,139,1.148,0.23,92.0,7/8,0.89,1.0,1.34,0.045,False
both,fvg_ce,0.05,0.25,3,24,2R,48,859,128,1.233,0.93,125.1,8/8,0.87,1.07,1.29,0.0,False
both,fvg_ce,0.05,0.25,3,24,2R,96,937,140,1.251,0.98,146.0,8/8,0.89,1.09,1.28,0.0,False
both,fvg_ce,0.05,0.25,3,24,3R,48,859,128,1.278,0.58,174.9,7/8,0.94,1.13,1.36,0.0013,False
both,fvg_ce,0.05,0.25,3,24,3R,96,937,140,1.297,0.85,202.5,7/8,0.97,1.15,1.35,0.0,False
both,fvg_ce,0.05,0.25,3,24,4R,48,859,128,1.302,0.71,205.0,7/8,0.99,1.16,1.35,0.0013,False
both,fvg_ce,0.05,0.25,3,24,4R,96,937,140,1.307,0.91,226.8,8/8,1.01,1.17,1.34,0.0,False
both,fvg_ce,0.05,0.25,3,48,range,48,927,138,1.172,0.29,105.6,7/8,0.87,1.02,1.42,0.0262,False
both,fvg_ce,0.05,0.25,3,48,range,96,998,149,1.161,0.26,106.3,7/8,0.87,1.01,1.41,0.0338,False
both,fvg_ce,0.05,0.25,3,48,2R,48,932,139,1.258,0.82,148.6,8/8,0.84,1.09,1.36,0.0,False
both,fvg_ce,0.05,0.25,3,48,2R,96,1003,149,1.266,0.88,164.7,8/8,0.86,1.1,1.36,0.0,False
both,fvg_ce,0.05,0.25,3,48,3R,48,932,139,1.317,0.83,213.8,7/8,0.94,1.16,1.42,0.0,False
both,fvg_ce,0.05,0.25,3,48,3R,96,1003,149,1.333,0.95,240.4,7/8,0.97,1.18,1.44,0.0,False
both,fvg_ce,0.05,0.25,3,48,4R,48,932,139,1.347,0.85,253.3,7/8,1.01,1.2,1.49,0.0,False
both,fvg_ce,0.05,0.25,3,48,4R,96,1003,149,1.359,0.92,281.7,7/8,1.03,1.21,1.5,0.0,False
both,fvg_ce,0.1,0.0,3,12,range,48,866,129,1.22,0.53,135.1,6/8,0.94,1.05,1.57,0.0125,False
both,fvg_ce,0.1,0.0,3,12,range,96,938,140,1.223,0.47,147.1,6/8,0.96,1.05,1.59,0.0112,False
both,fvg_ce,0.1,0.0,3,12,2R,48,869,130,1.171,0.49,95.4,7/8,0.79,0.99,1.33,0.0125,False
both,fvg_ce,0.1,0.0,3,12,2R,96,941,141,1.194,0.57,116.2,7/8,0.82,1.01,1.36,0.0063,False
both,fvg_ce,0.1,0.0,3,12,3R,48,869,130,1.189,0.5,124.3,7/8,0.89,1.03,1.33,0.0112,False
both,fvg_ce,0.1,0.0,3,12,3R,96,941,141,1.23,0.72,161.8,7/8,0.94,1.07,1.41,0.0037,False
both,fvg_ce,0.1,0.0,3,12,4R,48,869,130,1.155,0.42,112.4,6/8,0.91,1.01,1.31,0.0325,False
both,fvg_ce,0.1,0.0,3,12,4R,96,941,141,1.205,0.48,159.5,7/8,0.97,1.06,1.42,0.0138,False
both,fvg_ce,0.1,0.0,3,24,range,48,986,147,1.338,0.94,224.8,7/8,1.65,1.15,1.66,0.0,False
both,fvg_ce,0.1,0.0,3,24,range,96,1053,157,1.331,0.87,234.0,7/8,1.6,1.15,1.64,0.0,False
both,fvg_ce,0.1,0.0,3,24,2R,48,989,147,1.296,1.01,179.0,8/8,1.17,1.1,1.46,0.0,False
both,fvg_ce,0.1,0.0,3,24,2R,96,1057,158,1.311,0.99,199.6,8/8,1.17,1.12,1.47,0.0,False
both,fvg_ce,0.1,0.0,3,24,3R,48,989,147,1.375,1.8,265.4,8/8,1.37,1.2,1.53,0.0,False
both,fvg_ce,0.1,0.0,3,24,3R,96,1057,158,1.401,1.76,300.8,8/8,1.37,1.22,1.56,0.0,True
both,fvg_ce,0.1,0.0,3,24,4R,48,989,147,1.355,1.71,277.3,8/8,1.44,1.19,1.47,0.0,False
both,fvg_ce,0.1,0.0,3,24,4R,96,1057,158,1.373,1.8,309.4,8/8,1.44,1.21,1.51,0.0,True
both,fvg_ce,0.1,0.0,3,48,range,48,1046,156,1.297,0.77,210.5,7/8,0.95,1.12,1.65,0.0013,False
both,fvg_ce,0.1,0.0,3,48,range,96,1103,164,1.293,0.71,217.3,7/8,0.95,1.11,1.67,0.0013,False
both,fvg_ce,0.1,0.0,3,48,2R,48,1049,156,1.292,0.96,187.0,7/8,0.82,1.1,1.53,0.0,False
both,fvg_ce,0.1,0.0,3,48,2R,96,1107,165,1.306,1.04,206.3,7/8,0.84,1.11,1.57,0.0,False
both,fvg_ce,0.1,0.0,3,48,3R,48,1049,156,1.369,1.42,277.3,8/8,0.96,1.19,1.51,0.0,False
both,fvg_ce,0.1,0.0,3,48,3R,96,1107,165,1.39,1.41,307.6,8/8,0.99,1.21,1.57,0.0,False
both,fvg_ce,0.1,0.0,3,48,4R,48,1049,156,1.321,1.01,268.0,8/8,0.97,1.16,1.51,0.0,False
both,fvg_ce,0.1,0.0,3,48,4R,96,1107,165,1.343,1.11,300.7,8/8,0.99,1.18,1.55,0.0,False
both,fvg_ce,0.1,0.1,3,12,range,48,817,123,1.172,0.46,97.8,6/8,0.94,1.02,1.44,0.03,False
both,fvg_ce,0.1,0.1,3,12,range,96,886,132,1.177,0.38,108.5,6/8,0.96,1.02,1.47,0.03,False
both,fvg_ce,0.1,0.1,3,12,2R,48,821,123,1.145,0.43,77.0,7/8,0.79,0.98,1.25,0.0225,False
both,fvg_ce,0.1,0.1,3,12,2R,96,890,133,1.167,0.46,95.4,7/8,0.82,1.0,1.28,0.0125,False
both,fvg_ce,0.1,0.1,3,12,3R,48,821,123,1.155,0.35,97.0,6/8,0.87,1.01,1.29,0.0238,False
both,fvg_ce,0.1,0.1,3,12,3R,96,890,133,1.19,0.6,127.9,6/8,0.92,1.05,1.37,0.0112,False
both,fvg_ce,0.1,0.1,3,12,4R,48,821,123,1.161,0.42,108.9,6/8,0.93,1.03,1.31,0.0262,False
both,fvg_ce,0.1,0.1,3,12,4R,96,890,133,1.202,0.54,147.5,7/8,0.98,1.07,1.41,0.0112,False
both,fvg_ce,0.1,0.1,3,24,range,48,941,140,1.252,0.88,157.9,7/8,1.67,1.09,1.45,0.0013,False
both,fvg_ce,0.1,0.1,3,24,range,96,1014,151,1.244,0.83,163.9,7/8,1.62,1.08,1.44,0.0037,False
both,fvg_ce,0.1,0.1,3,24,2R,48,944,141,1.262,1.08,153.0,8/8,1.2,1.09,1.36,0.0,False
both,fvg_ce,0.1,0.1,3,24,2R,96,1017,152,1.273,1.15,171.0,8/8,1.19,1.1,1.35,0.0,False
both,fvg_ce,0.1,0.1,3,24,3R,48,944,141,1.312,1.01,213.6,7/8,1.36,1.15,1.43,0.0,False
both,fvg_ce,0.1,0.1,3,24,3R,96,1017,152,1.334,1.38,245.0,8/8,1.36,1.18,1.45,0.0,False
both,fvg_ce,0.1,0.1,3,24,4R,48,944,141,1.349,1.35,258.1,8/8,1.49,1.2,1.43,0.0,False
both,fvg_ce,0.1,0.1,3,24,4R,96,1017,152,1.363,1.31,288.5,8/8,1.48,1.21,1.46,0.0,False
both,fvg_ce,0.1,0.1,3,48,range,48,1008,150,1.221,0.74,147.3,6/8,0.94,1.06,1.47,0.0063,False
both,fvg_ce,0.1,0.1,3,48,range,96,1074,160,1.212,0.67,150.3,6/8,0.93,1.05,1.46,0.0075,False
both,fvg_ce,0.1,0.1,3,48,2R,48,1011,151,1.268,0.96,167.0,8/8,0.83,1.09,1.44,0.0,False
both,fvg_ce,0.1,0.1,3,48,2R,96,1077,160,1.276,1.09,183.0,8/8,0.85,1.1,1.44,0.0,False
both,fvg_ce,0.1,0.1,3,48,3R,48,1011,151,1.329,1.03,240.3,8/8,0.95,1.17,1.47,0.0,False
both,fvg_ce,0.1,0.1,3,48,3R,96,1077,160,1.345,1.18,266.9,8/8,0.97,1.19,1.49,0.0,False
both,fvg_ce,0.1,0.1,3,48,4R,48,1011,151,1.342,1.1,271.6,7/8,1.0,1.19,1.5,0.0,False
both,fvg_ce,0.1,0.1,3,48,4R,96,1077,160,1.36,1.25,304.0,8/8,1.03,1.21,1.51,0.0,False
both,fvg_ce,0.1,0.25,3,12,range,48,735,111,1.053,0.06,26.9,5/8,0.78,0.92,1.27,0.2938,False
both,fvg_ce,0.1,0.25,3,12,range,96,801,120,1.056,0.07,30.9,5/8,0.8,0.92,1.28,0.23,False
both,fvg_ce,0.1,0.25,3,12,2R,48,742,112,1.094,0.21,46.1,4/8,0.73,0.95,1.14,0.095,False
both,fvg_ce,0.1,0.25,3,12,2R,96,808,121,1.105,0.24,55.6,5/8,0.76,0.96,1.14,0.0712,False
both,fvg_ce,0.1,0.25,3,12,3R,48,742,112,1.116,0.18,66.0,6/8,0.8,0.99,1.23,0.0737,False
both,fvg_ce,0.1,0.25,3,12,3R,96,808,121,1.148,0.33,91.0,6/8,0.85,1.02,1.27,0.0312,False
both,fvg_ce,0.1,0.25,3,12,4R,48,742,112,1.145,0.28,88.6,7/8,0.86,1.02,1.24,0.0488,False
both,fvg_ce,0.1,0.25,3,12,4R,96,808,121,1.179,0.47,118.4,6/8,0.92,1.06,1.29,0.0213,False
both,fvg_ce,0.1,0.25,3,24,range,48,854,128,1.127,0.18,71.8,7/8,1.57,0.98,1.31,0.0775,False
both,fvg_ce,0.1,0.25,3,24,range,96,932,139,1.119,0.18,73.4,7/8,1.51,0.98,1.28,0.0813,False
both,fvg_ce,0.1,0.25,3,24,2R,48,860,129,1.207,0.91,112.5,8/8,1.18,1.05,1.28,0.0037,False
both,fvg_ce,0.1,0.25,3,24,2R,96,938,140,1.222,0.89,131.0,8/8,1.18,1.07,1.27,0.0013,False
both,fvg_ce,0.1,0.25,3,24,3R,48,860,129,1.244,0.48,154.3,7/8,1.31,1.11,1.35,0.0013,False
both,fvg_ce,0.1,0.25,3,24,3R,96,938,140,1.266,0.78,182.4,7/8,1.31,1.13,1.35,0.0,False
both,fvg_ce,0.1,0.25,3,24,4R,48,860,129,1.261,0.62,177.6,7/8,1.42,1.13,1.29,0.0013,False
both,fvg_ce,0.1,0.25,3,24,4R,96,938,140,1.269,0.81,199.9,8/8,1.4,1.14,1.29,0.0013,False
both,fvg_ce,0.1,0.25,3,48,range,48,927,138,1.136,0.22,82.1,7/8,0.81,0.99,1.35,0.0638,False
both,fvg_ce,0.1,0.25,3,48,range,96,998,149,1.124,0.19,81.1,7/8,0.81,0.98,1.34,0.0688,False
both,fvg_ce,0.1,0.25,3,48,2R,48,932,139,1.235,0.78,136.8,8/8,0.82,1.08,1.36,0.0,False
both,fvg_ce,0.1,0.25,3,48,2R,96,1003,149,1.24,0.77,150.4,8/8,0.84,1.08,1.36,0.0,False
both,fvg_ce,0.1,0.25,3,48,3R,48,932,139,1.298,0.76,200.8,7/8,0.91,1.15,1.44,0.0,False
both,fvg_ce,0.1,0.25,3,48,3R,96,1003,149,1.315,0.9,227.9,7/8,0.95,1.17,1.46,0.0,False
both,fvg_ce,0.1,0.25,3,48,4R,48,932,139,1.293,0.71,215.0,7/8,0.95,1.16,1.42,0.0,False
both,fvg_ce,0.1,0.25,3,48,4R,96,1003,149,1.31,0.79,243.9,7/8,0.98,1.18,1.44,0.0,False
both,fvg_ce,0.25,0.0,3,12,range,48,869,130,1.158,0.41,92.9,6/8,0.84,1.01,1.42,0.0362,False
both,fvg_ce,0.25,0.0,3,12,range,96,942,141,1.166,0.4,104.6,5/8,1.74,1.02,1.44,0.03,False
both,fvg_ce,0.25,0.0,3,12,2R,48,872,130,1.094,0.23,54.0,4/8,0.75,0.95,1.26,0.0925,False
both,fvg_ce,0.25,0.0,3,12,2R,96,945,141,1.111,0.25,68.8,5/8,1.14,0.97,1.31,0.0475,False
both,fvg_ce,0.25,0.0,3,12,3R,48,872,130,1.152,0.44,100.4,5/8,0.85,1.02,1.22,0.03,False
both,fvg_ce,0.25,0.0,3,12,3R,96,945,141,1.183,0.56,129.9,6/8,1.33,1.05,1.29,0.0125,False
both,fvg_ce,0.25,0.0,3,12,4R,48,872,130,1.154,0.39,110.4,6/8,0.9,1.03,1.31,0.0288,False
both,fvg_ce,0.25,0.0,3,12,4R,96,945,141,1.212,0.49,162.2,6/8,1.49,1.08,1.42,0.005,False
both,fvg_ce,0.25,0.0,3,24,range,48,988,147,1.255,0.94,161.7,7/8,0.92,1.1,1.47,0.0013,False
both,fvg_ce,0.25,0.0,3,24,range,96,1056,157,1.254,0.88,171.4,8/8,1.76,1.1,1.45,0.0,False
both,fvg_ce,0.25,0.0,3,24,2R,48,991,148,1.268,1.02,164.4,8/8,0.88,1.1,1.46,0.0,False
both,fvg_ce,0.25,0.0,3,24,2R,96,1060,158,1.278,0.97,181.8,8/8,1.25,1.12,1.48,0.0,False
both,fvg_ce,0.25,0.0,3,24,3R,48,991,148,1.321,1.31,228.6,8/8,0.97,1.17,1.36,0.0,False
both,fvg_ce,0.25,0.0,3,24,3R,96,1060,158,1.337,1.47,255.8,8/8,1.42,1.19,1.4,0.0,False
both,fvg_ce,0.25,0.0,3,24,4R,48,991,148,1.325,1.24,252.1,8/8,1.03,1.19,1.46,0.0,False
both,fvg_ce,0.25,0.0,3,24,4R,96,1060,158,1.349,1.24,288.4,8/8,1.55,1.21,1.5,0.0,False
both,fvg_ce,0.25,0.0,3,48,range,48,1048,156,1.236,0.82,158.2,7/8,0.85,1.08,1.44,0.0013,False
both,fvg_ce,0.25,0.0,3,48,range,96,1107,165,1.234,0.73,164.9,7/8,1.65,1.08,1.45,0.0013,False
both,fvg_ce,0.25,0.0,3,48,2R,48,1051,157,1.251,0.93,164.3,8/8,0.81,1.09,1.4,0.0,False
both,fvg_ce,0.25,0.0,3,48,2R,96,1111,166,1.265,0.9,182.2,8/8,1.16,1.1,1.44,0.0,False
both,fvg_ce,0.25,0.0,3,48,3R,48,1051,157,1.3,1.26,228.1,8/8,0.91,1.15,1.35,0.0,False
both,fvg_ce,0.25,0.0,3,48,3R,96,1111,166,1.322,1.31,256.9,8/8,1.33,1.18,1.4,0.0,False
both,fvg_ce,0.25,0.0,3,48,4R,48,1051,157,1.309,1.38,255.3,7/8,0.95,1.17,1.4,0.0,False
both,fvg_ce,0.25,0.0,3,48,4R,96,1111,166,1.334,1.36,290.7,7/8,1.45,1.2,1.44,0.0,False
both,fvg_ce,0.25,0.1,3,12,range,48,820,123,1.091,0.19,49.8,6/8,0.81,0.96,1.28,0.1425,False
both,fvg_ce,0.25,0.1,3,12,range,96,890,133,1.106,0.25,62.8,6/8,1.77,0.97,1.32,0.0838,False
both,fvg_ce,0.25,0.1,3,12,2R,48,824,124,1.052,0.1,28.8,4/8,0.72,0.92,1.17,0.2425,False
both,fvg_ce,0.25,0.1,3,12,2R,96,894,133,1.069,0.12,41.1,5/8,1.13,0.94,1.21,0.1412,False
both,fvg_ce,0.25,0.1,3,12,3R,48,824,124,1.128,0.25,80.4,7/8,0.83,1.01,1.21,0.0625,False
both,fvg_ce,0.25,0.1,3,12,3R,96,894,133,1.153,0.41,103.3,6/8,1.34,1.03,1.27,0.0325,False
both,fvg_ce,0.25,0.1,3,12,4R,48,824,124,1.148,0.35,99.5,6/8,0.9,1.03,1.32,0.0563,False
both,fvg_ce,0.25,0.1,3,12,4R,96,894,133,1.198,0.46,142.8,6/8,1.51,1.08,1.42,0.0112,False
both,fvg_ce,0.25,0.1,3,24,range,48,942,140,1.174,0.51,104.4,7/8,0.89,1.03,1.29,0.02,False
both,fvg_ce,0.25,0.1,3,24,range,96,1016,151,1.176,0.57,113.2,7/8,1.77,1.03,1.28,0.0125,False
both,fvg_ce,0.25,0.1,3,24,2R,48,945,141,1.216,0.76,129.1,8/8,0.87,1.07,1.31,0.0,False
both,fvg_ce,0.25,0.1,3,24,2R,96,1019,152,1.219,0.87,140.9,8/8,1.24,1.07,1.32,0.0,False
both,fvg_ce,0.25,0.1,3,24,3R,48,945,141,1.286,0.92,195.5,8/8,0.97,1.15,1.31,0.0013,False
both,fvg_ce,0.25,0.1,3,24,3R,96,1019,152,1.298,1.28,218.9,8/8,1.42,1.16,1.32,0.0,False
both,fvg_ce,0.25,0.1,3,24,4R,48,945,141,1.306,0.94,225.5,7/8,1.03,1.18,1.44,0.0,False
both,fvg_ce,0.25,0.1,3,24,4R,96,1019,152,1.329,1.19,260.5,8/8,1.57,1.2,1.46,0.0,False
both,fvg_ce,0.25,0.1,3,48,range,48,1009,150,1.163,0.59,104.0,7/8,0.82,1.02,1.28,0.0225,False
both,fvg_ce,0.25,0.1,3,48,range,96,1077,160,1.161,0.53,109.1,7/8,1.66,1.02,1.28,0.0288,False
both,fvg_ce,0.25,0.1,3,48,2R,48,1012,151,1.22,0.77,140.3,8/8,0.8,1.07,1.29,0.0025,False
both,fvg_ce,0.25,0.1,3,48,2R,96,1080,161,1.224,0.77,152.1,8/8,1.16,1.08,1.29,0.0037,False
both,fvg_ce,0.25,0.1,3,48,3R,48,1012,151,1.288,0.88,210.0,7/8,0.91,1.15,1.33,0.0,False
both,fvg_ce,0.25,0.1,3,48,3R,96,1080,161,1.303,1.04,235.4,8/8,1.35,1.17,1.34,0.0,False
both,fvg_ce,0.25,0.1,3,48,4R,48,1012,151,1.31,0.92,244.4,7/8,0.96,1.18,1.4,0.0,False
both,fvg_ce,0.25,0.1,3,48,4R,96,1080,161,1.327,1.24,275.0,7/8,1.47,1.2,1.42,0.0,False
both,fvg_ce,0.25,0.25,3,12,range,48,738,111,0.99,-0.01,-4.7,4/8,0.72,0.87,1.17,0.5425,False
both,fvg_ce,0.25,0.25,3,12,range,96,804,120,0.995,-0.01,-2.9,4/8,0.74,0.88,1.19,0.4925,False
both,fvg_ce,0.25,0.25,3,12,2R,48,745,112,1.005,0.01,2.6,4/8,0.69,0.89,1.09,0.495,False
both,fvg_ce,0.25,0.25,3,12,2R,96,811,121,1.013,0.02,7.4,3/8,0.72,0.9,1.09,0.3925,False
both,fvg_ce,0.25,0.25,3,12,3R,48,745,112,1.08,0.12,45.6,5/8,0.79,0.97,1.17,0.1913,False
both,fvg_ce,0.25,0.25,3,12,3R,96,811,121,1.097,0.18,60.1,6/8,0.82,0.99,1.19,0.1087,False
both,fvg_ce,0.25,0.25,3,12,4R,48,745,112,1.153,0.29,92.3,7/8,0.88,1.04,1.29,0.0587,False
both,fvg_ce,0.25,0.25,3,12,4R,96,811,121,1.174,0.46,113.6,6/8,0.91,1.06,1.31,0.0288,False
both,fvg_ce,0.25,0.25,3,24,range,48,855,128,1.041,0.06,22.5,6/8,0.79,0.92,1.16,0.2725,False
both,fvg_ce,0.25,0.25,3,24,range,96,933,140,1.037,0.05,21.9,6/8,0.79,0.92,1.15,0.3175,False
both,fvg_ce,0.25,0.25,3,24,2R,48,861,129,1.124,0.32,69.8,6/8,0.81,1.0,1.17,0.0413,False
both,fvg_ce,0.25,0.25,3,24,2R,96,939,140,1.132,0.42,80.7,7/8,0.83,1.01,1.17,0.025,False
both,fvg_ce,0.25,0.25,3,24,3R,48,861,129,1.183,0.39,116.6,7/8,0.89,1.07,1.18,0.0138,False
both,fvg_ce,0.25,0.25,3,24,3R,96,939,140,1.188,0.54,130.3,8/8,0.91,1.07,1.18,0.005,False
both,fvg_ce,0.25,0.25,3,24,4R,48,861,129,1.223,0.47,150.9,7/8,0.96,1.11,1.3,0.0125,False
both,fvg_ce,0.25,0.25,3,24,4R,96,939,140,1.229,0.66,169.5,7/8,0.98,1.12,1.3,0.0025,False
both,fvg_ce,0.25,0.25,3,48,range,48,928,138,1.053,0.09,30.9,6/8,0.73,0.93,1.17,0.2725,False
both,fvg_ce,0.25,0.25,3,48,range,96,1000,149,1.043,0.07,26.8,6/8,0.74,0.92,1.17,0.3225,False
both,fvg_ce,0.25,0.25,3,48,2R,48,933,139,1.133,0.35,80.6,7/8,0.77,1.01,1.17,0.0338,False
both,fvg_ce,0.25,0.25,3,48,2R,96,1005,150,1.141,0.4,91.5,6/8,0.79,1.01,1.19,0.0175,False
both,fvg_ce,0.25,0.25,3,48,3R,48,933,139,1.222,0.54,151.0,7/8,0.87,1.1,1.27,0.0013,False
both,fvg_ce,0.25,0.25,3,48,3R,96,1005,150,1.233,0.7,170.5,7/8,0.9,1.11,1.29,0.0013,False
both,fvg_ce,0.25,0.25,3,48,4R,48,933,139,1.262,0.59,190.7,7/8,0.93,1.15,1.37,0.0025,False
both,fvg_ce,0.25,0.25,3,48,4R,96,1005,150,1.261,0.81,204.8,7/8,0.94,1.15,1.37,0.0,False
both,fvg_ce,0.5,0.0,3,12,range,48,871,130,1.064,0.13,35.1,5/8,0.78,0.94,1.25,0.2,False
both,fvg_ce,0.5,0.0,3,12,range,96,944,141,1.066,0.13,39.0,5/8,0.82,0.94,1.27,0.2013,False
both,fvg_ce,0.5,0.0,3,12,2R,48,874,131,1.09,0.19,52.1,6/8,0.8,0.97,1.22,0.115,False
both,fvg_ce,0.5,0.0,3,12,2R,96,947,141,1.11,0.29,68.6,6/8,0.84,0.99,1.27,0.06,False
both,fvg_ce,0.5,0.0,3,12,3R,48,874,131,1.102,0.21,68.0,5/8,0.86,1.0,1.19,0.0925,False
both,fvg_ce,0.5,0.0,3,12,3R,96,947,141,1.134,0.31,95.3,5/8,0.92,1.03,1.26,0.0325,False
both,fvg_ce,0.5,0.0,3,12,4R,48,874,131,1.219,0.51,151.7,6/8,0.98,1.11,1.37,0.0088,False
both,fvg_ce,0.5,0.0,3,12,4R,96,947,141,1.25,0.73,186.4,6/8,1.05,1.14,1.45,0.0025,False
both,fvg_ce,0.5,0.0,3,24,range,48,988,147,1.16,0.45,94.0,6/8,0.85,1.03,1.34,0.0325,False
both,fvg_ce,0.5,0.0,3,24,range,96,1056,157,1.156,0.41,97.6,7/8,0.88,1.03,1.32,0.0225,False
both,fvg_ce,0.5,0.0,3,24,2R,48,991,148,1.243,0.88,150.0,7/8,0.91,1.11,1.35,0.0,False
both,fvg_ce,0.5,0.0,3,24,2R,96,1060,158,1.254,0.88,166.8,8/8,0.94,1.12,1.38,0.0,False
both,fvg_ce,0.5,0.0,3,24,3R,48,991,148,1.247,0.72,177.0,7/8,0.97,1.13,1.34,0.0013,False
both,fvg_ce,0.5,0.0,3,24,3R,96,1060,158,1.255,0.91,194.8,8/8,1.0,1.14,1.36,0.0,False
both,fvg_ce,0.5,0.0,3,24,4R,48,991,148,1.324,1.01,244.6,7/8,1.05,1.21,1.4,0.0,False
both,fvg_ce,0.5,0.0,3,24,4R,96,1060,158,1.334,1.09,269.5,8/8,1.09,1.22,1.42,0.0,False
both,fvg_ce,0.5,0.0,3,48,range,48,1049,156,1.163,0.45,100.6,7/8,0.82,1.03,1.36,0.02,False
both,fvg_ce,0.5,0.0,3,48,range,96,1108,165,1.155,0.4,101.2,5/8,0.85,1.02,1.36,0.015,False
both,fvg_ce,0.5,0.0,3,48,2R,48,1052,157,1.246,0.86,161.0,7/8,0.87,1.11,1.38,0.0,False
both,fvg_ce,0.5,0.0,3,48,2R,96,1112,166,1.248,0.81,171.6,7/8,0.9,1.12,1.4,0.0,False
both,fvg_ce,0.5,0.0,3,48,3R,48,1052,157,1.246,0.99,186.3,7/8,0.93,1.13,1.34,0.0,False
both,fvg_ce,0.5,0.0,3,48,3R,96,1112,166,1.256,0.94,204.7,8/8,0.96,1.14,1.36,0.0,False
both,fvg_ce,0.5,0.0,3,48,4R,48,1052,157,1.327,1.13,261.7,7/8,1.01,1.21,1.35,0.0,False
both,fvg_ce,0.5,0.0,3,48,4R,96,1112,166,1.334,1.18,282.5,8/8,1.04,1.22,1.38,0.0,False
both,fvg_ce,0.5,0.1,3,12,range,48,822,123,1.037,0.07,18.7,5/8,0.77,0.92,1.16,0.3162,False
both,fvg_ce,0.5,0.1,3,12,range,96,892,133,1.044,0.09,24.1,6/8,0.82,0.93,1.19,0.2587,False
both,fvg_ce,0.5,0.1,3,12,2R,48,826,124,1.09,0.21,49.1,6/8,0.81,0.98,1.18,0.1225,False
both,fvg_ce,0.5,0.1,3,12,2R,96,896,134,1.102,0.28,60.1,6/8,0.84,0.99,1.22,0.07,False
both,fvg_ce,0.5,0.1,3,12,3R,48,826,124,1.133,0.31,82.2,6/8,0.9,1.03,1.2,0.0437,False
both,fvg_ce,0.5,0.1,3,12,3R,96,896,134,1.154,0.47,102.9,6/8,0.94,1.05,1.27,0.0238,False
both,fvg_ce,0.5,0.1,3,12,4R,48,826,124,1.213,0.44,138.5,6/8,0.99,1.11,1.35,0.0037,False
both,fvg_ce,0.5,0.1,3,12,4R,96,896,134,1.234,0.64,164.7,6/8,1.04,1.13,1.42,0.005,False
both,fvg_ce,0.5,0.1,3,24,range,48,942,140,1.109,0.25,60.7,7/8,0.84,0.99,1.18,0.0862,False
both,fvg_ce,0.5,0.1,3,24,range,96,1016,151,1.106,0.25,63.4,7/8,0.87,0.98,1.18,0.0788,False
both,fvg_ce,0.5,0.1,3,24,2R,48,945,141,1.205,0.59,121.9,7/8,0.9,1.08,1.25,0.0025,False
both,fvg_ce,0.5,0.1,3,24,2R,96,1019,152,1.213,0.72,136.1,7/8,0.93,1.09,1.26,0.0013,False
both,fvg_ce,0.5,0.1,3,24,3R,48,945,141,1.245,0.69,166.3,7/8,0.98,1.13,1.27,0.0025,False
both,fvg_ce,0.5,0.1,3,24,3R,96,1019,152,1.247,0.88,180.5,8/8,1.01,1.14,1.28,0.0013,False
both,fvg_ce,0.5,0.1,3,24,4R,48,945,141,1.282,0.74,203.9,7/8,1.04,1.17,1.32,0.0,False
both,fvg_ce,0.5,0.1,3,24,4R,96,1019,152,1.286,0.89,223.0,7/8,1.07,1.18,1.33,0.0,False
both,fvg_ce,0.5,0.1,3,48,range,48,1010,151,1.11,0.3,64.6,6/8,0.81,0.99,1.22,0.0675,False
both,fvg_ce,0.5,0.1,3,48,range,96,1078,161,1.101,0.24,63.2,6/8,0.83,0.98,1.21,0.1062,False
both,fvg_ce,0.5,0.1,3,48,2R,48,1013,151,1.213,0.68,135.3,7/8,0.87,1.09,1.3,0.0,False
both,fvg_ce,0.5,0.1,3,48,2R,96,1081,161,1.21,0.68,142.9,8/8,0.89,1.09,1.29,0.0,False
both,fvg_ce,0.5,0.1,3,48,3R,48,1013,151,1.248,0.8,179.9,7/8,0.94,1.14,1.3,0.0,False
both,fvg_ce,0.5,0.1,3,48,3R,96,1081,161,1.247,0.97,191.4,7/8,0.97,1.14,1.3,0.0,False
both,fvg_ce,0.5,0.1,3,48,4R,48,1013,151,1.303,0.96,233.0,7/8,1.0,1.19,1.29,0.0,False
both,fvg_ce,0.5,0.1,3,48,4R,96,1081,161,1.296,1.1,244.0,7/8,1.03,1.19,1.3,0.0,False
both,fvg_ce,0.5,0.25,3,12,range,48,741,111,0.985,-0.02,-6.6,5/8,0.74,0.88,1.12,0.5613,False
both,fvg_ce,0.5,0.25,3,12,range,96,807,121,0.979,-0.03,-10.4,5/8,0.75,0.87,1.12,0.5825,False
both,fvg_ce,0.5,0.25,3,12,2R,48,748,113,1.071,0.12,35.3,6/8,0.79,0.97,1.13,0.1913,False
both,fvg_ce,0.5,0.25,3,12,2R,96,814,122,1.077,0.17,41.4,6/8,0.81,0.97,1.13,0.1388,False
both,fvg_ce,0.5,0.25,3,12,3R,48,748,113,1.146,0.27,81.2,7/8,0.89,1.05,1.19,0.04,False
both,fvg_ce,0.5,0.25,3,12,3R,96,814,122,1.148,0.33,89.3,6/8,0.91,1.05,1.19,0.0387,False
both,fvg_ce,0.5,0.25,3,12,4R,48,748,113,1.273,0.43,157.4,7/8,1.02,1.17,1.45,0.0,False
both,fvg_ce,0.5,0.25,3,12,4R,96,814,122,1.266,0.51,167.6,7/8,1.04,1.16,1.43,0.0,False
both,fvg_ce,0.5,0.25,3,24,range,48,857,128,1.018,0.03,9.4,6/8,0.78,0.91,1.12,0.3837,False
both,fvg_ce,0.5,0.25,3,24,range,96,935,140,1.014,0.02,7.7,5/8,0.79,0.91,1.1,0.4263,False
both,fvg_ce,0.5,0.25,3,24,2R,48,863,129,1.14,0.3,78.0,7/8,0.86,1.03,1.16,0.03,False
both,fvg_ce,0.5,0.25,3,24,2R,96,941,141,1.146,0.44,88.4,7/8,0.87,1.04,1.16,0.03,False
both,fvg_ce,0.5,0.25,3,24,3R,48,863,129,1.182,0.39,114.4,6/8,0.94,1.08,1.19,0.0187,False
both,fvg_ce,0.5,0.25,3,24,3R,96,941,141,1.179,0.47,122.5,6/8,0.95,1.08,1.17,0.0138,False
both,fvg_ce,0.5,0.25,3,24,4R,48,863,129,1.273,0.54,179.0,7/8,1.03,1.17,1.35,0.0013,False
both,fvg_ce,0.5,0.25,3,24,4R,96,941,141,1.263,0.65,188.4,7/8,1.04,1.16,1.32,0.0,False
both,fvg_ce,0.5,0.25,3,48,range,48,932,139,1.063,0.11,33.7,5/8,0.78,0.95,1.23,0.2075,False
both,fvg_ce,0.5,0.25,3,48,range,96,1004,150,1.049,0.08,28.3,5/8,0.78,0.94,1.21,0.285,False
both,fvg_ce,0.5,0.25,3,48,2R,48,937,140,1.19,0.47,112.2,7/8,0.86,1.08,1.32,0.005,False
both,fvg_ce,0.5,0.25,3,48,2R,96,1009,150,1.184,0.45,117.5,7/8,0.87,1.07,1.3,0.0063,False
both,fvg_ce,0.5,0.25,3,48,3R,48,937,140,1.231,0.64,154.8,7/8,0.94,1.13,1.37,0.0037,False
both,fvg_ce,0.5,0.25,3,48,3R,96,1009,150,1.221,0.78,160.2,7/8,0.95,1.12,1.34,0.0025,False
both,fvg_ce,0.5,0.25,3,48,4R,48,937,140,1.327,0.81,228.9,7/8,1.04,1.22,1.42,0.0013,False
both,fvg_ce,0.5,0.25,3,48,4R,96,1009,150,1.304,0.95,230.1,7/8,1.03,1.2,1.38,0.0013,False
both,range_ote,0.05,0.0,3,12,range,48,698,105,1.234,0.36,157.8,4/8,1.31,1.02,1.94,0.0225,False
both,range_ote,0.05,0.0,3,12,range,96,804,120,1.232,0.4,177.5,4/8,1.26,1.02,1.87,0.0187,False
both,range_ote,0.05,0.0,3,12,2R,48,698,105,1.179,0.33,76.0,6/8,0.77,0.87,1.39,0.0163,False
both,range_ote,0.05,0.0,3,12,2R,96,804,120,1.22,0.45,106.2,7/8,0.79,0.91,1.39,0.0025,False
both,range_ote,0.05,0.0,3,12,3R,48,698,105,1.221,0.48,117.3,6/8,0.93,0.96,1.6,0.0037,False
both,range_ote,0.05,0.0,3,12,3R,96,804,120,1.245,0.57,148.4,7/8,0.93,0.99,1.53,0.0,False
both,range_ote,0.05,0.0,3,12,4R,48,698,105,1.183,0.37,111.9,5/8,0.96,0.96,1.62,0.02,False
both,range_ote,0.05,0.0,3,12,4R,96,804,120,1.217,0.49,150.5,6/8,0.95,0.99,1.59,0.0063,False
both,range_ote,0.05,0.0,3,24,range,48,761,114,1.342,0.75,245.7,7/8,1.28,1.11,1.8,0.0025,False
both,range_ote,0.05,0.0,3,24,range,96,876,131,1.308,0.66,252.1,6/8,1.26,1.09,1.7,0.0,False
both,range_ote,0.05,0.0,3,24,2R,48,761,114,1.174,0.35,80.7,6/8,0.73,0.87,1.23,0.0187,False
both,range_ote,0.05,0.0,3,24,2R,96,876,131,1.165,0.36,88.4,6/8,0.77,0.87,1.21,0.0088,False
both,range_ote,0.05,0.0,3,24,3R,48,761,114,1.27,0.67,154.1,7/8,0.96,1.01,1.51,0.0,False
both,range_ote,0.05,0.0,3,24,3R,96,876,131,1.264,0.77,172.9,7/8,0.99,1.01,1.42,0.0,False
both,range_ote,0.05,0.0,3,24,4R,48,761,114,1.272,0.69,176.5,7/8,1.01,1.04,1.5,0.0013,False
both,range_ote,0.05,0.0,3,24,4R,96,876,131,1.285,0.7,211.3,7/8,1.05,1.05,1.45,0.0,False
both,range_ote,0.05,0.0,3,48,range,48,800,120,1.352,0.68,263.8,4/8,1.25,1.12,1.97,0.0013,False
both,range_ote,0.05,0.0,3,48,range,96,916,137,1.328,0.62,278.0,6/8,1.24,1.1,1.91,0.0013,False
both,range_ote,0.05,0.0,3,48,2R,48,800,120,1.208,0.39,100.1,6/8,0.71,0.89,1.51,0.0025,False
both,range_ote,0.05,0.0,3,48,2R,96,916,137,1.196,0.39,108.9,7/8,0.75,0.89,1.47,0.0037,False
both,range_ote,0.05,0.0,3,48,3R,48,800,120,1.276,0.73,165.3,6/8,0.93,1.01,1.77,0.0013,False
both,range_ote,0.05,0.0,3,48,3R,96,916,137,1.273,0.82,187.3,6/8,0.95,1.01,1.68,0.0,False
both,range_ote,0.05,0.0,3,48,4R,48,800,120,1.281,0.81,191.6,6/8,0.99,1.04,1.79,0.0025,False
both,range_ote,0.05,0.0,3,48,4R,96,916,137,1.299,0.86,231.3,6/8,1.01,1.06,1.73,0.0,False
both,range_ote,0.05,0.1,3,12,range,48,653,98,1.22,0.38,134.2,4/8,1.36,1.02,1.68,0.0275,False
both,range_ote,0.05,0.1,3,12,range,96,757,113,1.216,0.46,150.7,4/8,1.29,1.02,1.62,0.0112,False
both,range_ote,0.05,0.1,3,12,2R,48,653,98,1.176,0.35,71.1,8/8,1.04,0.89,1.28,0.02,False
both,range_ote,0.05,0.1,3,12,2R,96,757,113,1.205,0.47,95.4,6/8,1.01,0.92,1.25,0.005,False
both,range_ote,0.05,0.1,3,12,3R,48,653,98,1.218,0.54,108.7,6/8,0.93,0.98,1.39,0.0037,False
both,range_ote,0.05,0.1,3,12,3R,96,757,113,1.234,0.69,134.7,6/8,0.91,1.0,1.32,0.0025,False
both,range_ote,0.05,0.1,3,12,4R,48,653,98,1.188,0.44,106.5,5/8,0.96,0.98,1.47,0.0213,False
both,range_ote,0.05,0.1,3,12,4R,96,757,113,1.212,0.57,138.2,6/8,0.93,1.0,1.42,0.0063,False
both,range_ote,0.05,0.1,3,24,range,48,718,107,1.253,0.52,168.6,5/8,1.26,1.05,1.48,0.0088,False
both,range_ote,0.05,0.1,3,24,range,96,835,125,1.211,0.47,161.8,5/8,1.23,1.02,1.41,0.015,False
both,range_ote,0.05,0.1,3,24,2R,48,718,107,1.161,0.34,72.0,7/8,0.97,0.89,1.14,0.0225,False
both,range_ote,0.05,0.1,3,24,2R,96,835,125,1.139,0.35,72.6,6/8,0.98,0.88,1.12,0.0225,False
both,range_ote,0.05,0.1,3,24,3R,48,718,107,1.239,0.58,130.2,7/8,0.94,1.0,1.37,0.0025,False
both,range_ote,0.05,0.1,3,24,3R,96,835,125,1.214,0.51,136.1,6/8,0.96,0.99,1.29,0.0013,False
both,range_ote,0.05,0.1,3,24,4R,48,718,107,1.241,0.53,147.7,6/8,0.99,1.03,1.38,0.0075,False
both,range_ote,0.05,0.1,3,24,4R,96,835,125,1.228,0.55,162.5,6/8,1.02,1.02,1.33,0.0025,False
both,range_ote,0.05,0.1,3,48,range,48,753,113,1.251,0.43,174.3,4/8,1.25,1.05,1.66,0.005,False
both,range_ote,0.05,0.1,3,48,range,96,877,131,1.216,0.35,173.4,4/8,1.22,1.02,1.61,0.0187,False
both,range_ote,0.05,0.1,3,48,2R,48,753,113,1.176,0.3,81.9,5/8,0.94,0.9,1.41,0.0238,False
both,range_ote,0.05,0.1,3,48,2R,96,877,131,1.151,0.29,82.9,5/8,0.94,0.89,1.36,0.0213,False
both,range_ote,0.05,0.1,3,48,3R,48,753,113,1.247,0.57,141.2,6/8,0.92,1.01,1.64,0.0013,False
both,range_ote,0.05,0.1,3,48,3R,96,877,131,1.221,0.5,147.6,6/8,0.93,0.99,1.54,0.0037,False
both,range_ote,0.05,0.1,3,48,4R,48,753,113,1.242,0.65,156.3,6/8,0.97,1.03,1.68,0.0013,False
both,range_ote,0.05,0.1,3,48,4R,96,877,131,1.232,0.7,174.0,6/8,0.98,1.02,1.59,0.0063,False
both,range_ote,0.05,0.25,3,12,range,48,581,87,1.101,0.13,54.2,4/8,0.98,0.93,1.49,0.2087,False
both,range_ote,0.05,0.25,3,12,range,96,678,102,1.112,0.18,69.4,5/8,0.94,0.94,1.46,0.165,False
both,range_ote,0.05,0.25,3,12,2R,48,582,88,1.098,0.23,36.9,7/8,0.7,0.86,1.22,0.14,False
both,range_ote,0.05,0.25,3,12,2R,96,679,102,1.132,0.38,57.1,7/8,0.7,0.89,1.19,0.0537,False
both,range_ote,0.05,0.25,3,12,3R,48,582,88,1.139,0.24,63.4,7/8,0.77,0.93,1.35,0.0762,False
both,range_ote,0.05,0.25,3,12,3R,96,679,102,1.167,0.43,88.1,7/8,0.75,0.96,1.3,0.0325,False
both,range_ote,0.05,0.25,3,12,4R,48,582,88,1.105,0.16,53.8,5/8,0.75,0.92,1.36,0.1338,False
both,range_ote,0.05,0.25,3,12,4R,96,679,102,1.146,0.36,86.2,7/8,0.75,0.96,1.33,0.065,False
both,range_ote,0.05,0.25,3,24,range,48,647,97,1.209,0.41,122.0,6/8,1.04,1.02,1.41,0.04,False
both,range_ote,0.05,0.25,3,24,range,96,760,114,1.17,0.33,115.9,6/8,1.01,0.99,1.35,0.0537,False
both,range_ote,0.05,0.25,3,24,2R,48,648,97,1.134,0.43,55.3,8/8,0.72,0.89,1.08,0.0663,False
both,range_ote,0.05,0.25,3,24,2R,96,761,114,1.107,0.32,52.1,6/8,0.74,0.87,1.02,0.0712,False
both,range_ote,0.05,0.25,3,24,3R,48,648,97,1.201,0.64,100.2,6/8,0.84,0.99,1.33,0.0238,False
both,range_ote,0.05,0.25,3,24,3R,96,761,114,1.182,0.63,106.4,6/8,0.86,0.98,1.22,0.0187,False
both,range_ote,0.05,0.25,3,24,4R,48,648,97,1.25,0.65,137.4,7/8,0.88,1.05,1.41,0.005,False
both,range_ote,0.05,0.25,3,24,4R,96,761,114,1.241,0.78,155.1,7/8,0.92,1.05,1.31,0.0088,False
both,range_ote,0.05,0.25,3,48,range,48,692,103,1.174,0.22,109.0,5/8,0.97,0.99,1.56,0.0625,False
both,range_ote,0.05,0.25,3,48,range,96,813,122,1.167,0.22,121.7,6/8,0.94,0.99,1.56,0.0525,False
both,range_ote,0.05,0.25,3,48,2R,48,692,103,1.11,0.24,48.8,5/8,0.65,0.87,1.27,0.0988,False
both,range_ote,0.05,0.25,3,48,2R,96,813,122,1.097,0.23,50.7,5/8,0.66,0.87,1.23,0.0925,False
both,range_ote,0.05,0.25,3,48,3R,48,692,103,1.186,0.35,99.6,6/8,0.77,0.98,1.51,0.0175,False
both,range_ote,0.05,0.25,3,48,3R,96,813,122,1.18,0.37,112.7,6/8,0.77,0.98,1.44,0.0125,False
both,range_ote,0.05,0.25,3,48,4R,48,692,103,1.225,0.4,133.2,6/8,0.81,1.03,1.6,0.01,False
both,range_ote,0.05,0.25,3,48,4R,96,813,122,1.235,0.54,162.3,7/8,0.82,1.04,1.54,0.005,False
both,range_ote,0.1,0.0,3,12,range,48,703,106,1.195,0.3,128.1,4/8,0.98,1.0,1.87,0.0312,False
both,range_ote,0.1,0.0,3,12,range,96,810,121,1.189,0.33,140.9,4/8,0.96,1.0,1.79,0.0425,False
both,range_ote,0.1,0.0,3,12,2R,48,703,106,1.109,0.17,48.8,6/8,1.95,0.85,1.34,0.08,False
both,range_ote,0.1,0.0,3,12,2R,96,810,121,1.153,0.25,77.7,7/8,1.83,0.89,1.3,0.0187,False
both,range_ote,0.1,0.0,3,12,3R,48,703,106,1.163,0.34,89.5,5/8,0.76,0.94,1.49,0.0275,False
both,range_ote,0.1,0.0,3,12,3R,96,810,121,1.196,0.5,121.9,5/8,0.78,0.97,1.44,0.0088,False
both,range_ote,0.1,0.0,3,12,4R,48,703,106,1.124,0.22,77.3,5/8,0.77,0.93,1.56,0.0762,False
both,range_ote,0.1,0.0,3,12,4R,96,810,121,1.145,0.3,103.5,6/8,0.78,0.95,1.54,0.045,False
both,range_ote,0.1,0.0,3,24,range,48,768,115,1.284,0.56,199.8,6/8,1.47,1.08,1.69,0.005,False
both,range_ote,0.1,0.0,3,24,range,96,884,132,1.249,0.55,199.5,7/8,1.42,1.05,1.59,0.0063,False
both,range_ote,0.1,0.0,3,24,2R,48,768,115,1.145,0.29,70.0,6/8,1.99,0.88,1.24,0.035,False
both,range_ote,0.1,0.0,3,24,2R,96,884,132,1.148,0.3,82.1,6/8,1.96,0.89,1.19,0.0175,False
both,range_ote,0.1,0.0,3,24,3R,48,768,115,1.215,0.49,126.3,7/8,0.98,0.98,1.41,0.0075,False
both,range_ote,0.1,0.0,3,24,3R,96,884,132,1.217,0.49,146.6,7/8,1.0,0.99,1.34,0.0,False
both,range_ote,0.1,0.0,3,24,4R,48,768,115,1.253,0.74,166.2,7/8,1.09,1.04,1.44,0.0037,False
both,range_ote,0.1,0.0,3,24,4R,96,884,132,1.237,0.61,179.7,7/8,1.08,1.03,1.4,0.0025,False
both,range_ote,0.1,0.0,3,48,range,48,808,121,1.277,0.49,203.8,4/8,0.93,1.07,1.82,0.0025,False
both,range_ote,0.1,0.0,3,48,range,96,925,138,1.262,0.48,217.9,5/8,0.96,1.06,1.79,0.0025,False
both,range_ote,0.1,0.0,3,48,2R,48,808,121,1.14,0.28,71.6,5/8,1.71,0.87,1.45,0.0288,False
both,range_ote,0.1,0.0,3,48,2R,96,925,138,1.141,0.32,82.6,5/8,1.73,0.88,1.41,0.03,False
both,range_ote,0.1,0.0,3,48,3R,48,808,121,1.193,0.45,120.2,5/8,0.73,0.96,1.59,0.0063,False
both,range_ote,0.1,0.0,3,48,3R,96,925,138,1.208,0.53,147.8,5/8,0.78,0.98,1.54,0.0025,False
both,range_ote,0.1,0.0,3,48,4R,48,808,121,1.208,0.47,145.7,5/8,0.79,1.0,1.6,0.0063,False
both,range_ote,0.1,0.0,3,48,4R,96,925,138,1.218,0.51,174.1,5/8,0.83,1.01,1.6,0.0075,False
both,range_ote,0.1,0.1,3,12,range,48,656,98,1.183,0.31,108.5,4/8,1.11,1.0,1.66,0.0575,False
both,range_ote,0.1,0.1,3,12,range,96,761,114,1.174,0.35,118.4,4/8,1.07,0.99,1.58,0.0563,False
both,range_ote,0.1,0.1,3,12,2R,48,656,98,1.097,0.18,41.3,6/8,0.78,0.86,1.25,0.1225,False
both,range_ote,0.1,0.1,3,12,2R,96,761,114,1.132,0.26,64.2,6/8,0.79,0.89,1.18,0.0362,False
both,range_ote,0.1,0.1,3,12,3R,48,656,98,1.152,0.31,77.7,5/8,0.83,0.94,1.37,0.0387,False
both,range_ote,0.1,0.1,3,12,3R,96,761,114,1.178,0.45,105.0,6/8,0.84,0.97,1.3,0.01,False
both,range_ote,0.1,0.1,3,12,4R,48,656,98,1.122,0.25,70.6,5/8,0.84,0.94,1.44,0.0925,False
both,range_ote,0.1,0.1,3,12,4R,96,761,114,1.135,0.32,89.9,6/8,0.82,0.95,1.4,0.0612,False
both,range_ote,0.1,0.1,3,24,range,48,723,108,1.206,0.38,134.5,5/8,1.61,1.02,1.42,0.0238,False
both,range_ote,0.1,0.1,3,24,range,96,841,126,1.161,0.31,121.8,5/8,1.52,0.98,1.35,0.0488,False
both,range_ote,0.1,0.1,3,24,2R,48,723,108,1.108,0.21,50.3,6/8,0.93,0.87,1.14,0.095,False
both,range_ote,0.1,0.1,3,24,2R,96,841,126,1.101,0.23,55.1,4/8,1.03,0.87,1.09,0.0925,False
both,range_ote,0.1,0.1,3,24,3R,48,723,108,1.19,0.37,106.2,7/8,1.08,0.98,1.31,0.0112,False
both,range_ote,0.1,0.1,3,24,3R,96,841,126,1.175,0.31,113.4,6/8,1.07,0.97,1.24,0.0163,False
both,range_ote,0.1,0.1,3,24,4R,48,723,108,1.211,0.57,131.0,6/8,1.18,1.02,1.34,0.0112,False
both,range_ote,0.1,0.1,3,24,4R,96,841,126,1.177,0.46,128.6,5/8,1.14,0.99,1.3,0.0262,False
both,range_ote,0.1,0.1,3,48,range,48,759,113,1.188,0.29,128.1,4/8,1.0,1.0,1.56,0.04,False
both,range_ote,0.1,0.1,3,48,range,96,884,132,1.162,0.25,127.6,4/8,1.01,0.98,1.54,0.0437,False
both,range_ote,0.1,0.1,3,48,2R,48,759,113,1.102,0.16,50.4,4/8,0.71,0.86,1.37,0.0938,False
both,range_ote,0.1,0.1,3,48,2R,96,884,132,1.097,0.19,55.9,4/8,0.84,0.87,1.32,0.0887,False
both,range_ote,0.1,0.1,3,48,3R,48,759,113,1.162,0.25,95.6,6/8,0.8,0.95,1.51,0.0225,False
both,range_ote,0.1,0.1,3,48,3R,96,884,132,1.156,0.24,107.3,6/8,0.83,0.95,1.44,0.0213,False
both,range_ote,0.1,0.1,3,48,4R,48,759,113,1.171,0.35,113.0,6/8,0.85,0.98,1.54,0.0238,False
both,range_ote,0.1,0.1,3,48,4R,96,884,132,1.161,0.36,123.5,6/8,0.87,0.98,1.51,0.0225,False
both,range_ote,0.1,0.25,3,12,range,48,585,88,1.053,0.07,27.6,2/8,0.86,0.89,1.4,0.3275,False
both,range_ote,0.1,0.25,3,12,range,96,683,103,1.06,0.09,36.8,4/8,0.83,0.9,1.36,0.31,False
both,range_ote,0.1,0.25,3,12,2R,48,586,88,1.033,0.06,12.8,5/8,0.66,0.82,1.16,0.3387,False
both,range_ote,0.1,0.25,3,12,2R,96,684,103,1.069,0.16,31.2,7/8,0.66,0.86,1.09,0.2013,False
both,range_ote,0.1,0.25,3,12,3R,48,586,88,1.107,0.19,49.7,6/8,0.74,0.92,1.31,0.1138,False
both,range_ote,0.1,0.25,3,12,3R,96,684,103,1.141,0.32,75.4,7/8,0.75,0.95,1.26,0.0413,False
both,range_ote,0.1,0.25,3,12,4R,48,586,88,1.055,0.08,28.5,4/8,0.72,0.89,1.31,0.2963,False
both,range_ote,0.1,0.25,3,12,4R,96,684,103,1.087,0.25,52.8,4/8,0.72,0.93,1.29,0.17,False
both,range_ote,0.1,0.25,3,24,range,48,651,97,1.165,0.31,94.6,6/8,1.61,0.99,1.31,0.0638,False
both,range_ote,0.1,0.25,3,24,range,96,765,114,1.123,0.23,82.9,6/8,1.49,0.96,1.26,0.1138,False
both,range_ote,0.1,0.25,3,24,2R,48,652,98,1.112,0.29,47.1,6/8,0.94,0.89,1.09,0.1062,False
both,range_ote,0.1,0.25,3,24,2R,96,766,115,1.096,0.28,47.8,6/8,1.03,0.88,1.0,0.1013,False
both,range_ote,0.1,0.25,3,24,3R,48,652,98,1.208,0.66,103.6,6/8,1.13,1.01,1.31,0.0125,False
both,range_ote,0.1,0.25,3,24,3R,96,766,115,1.188,0.58,110.5,6/8,1.1,1.0,1.2,0.005,False
both,range_ote,0.1,0.25,3,24,4R,48,652,98,1.216,0.72,120.2,7/8,1.2,1.03,1.35,0.0163,False
both,range_ote,0.1,0.25,3,24,4R,96,766,115,1.183,0.64,120.3,6/8,1.15,1.01,1.26,0.0088,False
both,range_ote,0.1,0.25,3,48,range,48,696,104,1.115,0.15,71.0,5/8,0.85,0.95,1.42,0.1512,False
both,range_ote,0.1,0.25,3,48,range,96,819,122,1.115,0.15,82.7,6/8,0.86,0.95,1.45,0.1138,False
both,range_ote,0.1,0.25,3,48,2R,48,696,104,1.062,0.11,28.8,5/8,0.65,0.85,1.21,0.2162,False
both,range_ote,0.1,0.25,3,48,2R,96,819,122,1.062,0.14,33.5,5/8,0.77,0.86,1.17,0.1762,False
both,range_ote,0.1,0.25,3,48,3R,48,696,104,1.151,0.23,82.0,5/8,0.75,0.96,1.42,0.0488,False
both,range_ote,0.1,0.25,3,48,3R,96,819,122,1.156,0.25,98.8,6/8,0.78,0.97,1.37,0.0175,False
both,range_ote,0.1,0.25,3,48,4R,48,696,104,1.134,0.21,81.5,5/8,0.77,0.96,1.44,0.0737,False
both,range_ote,0.1,0.25,3,48,4R,96,819,122,1.15,0.31,106.5,6/8,0.8,0.98,1.43,0.0362,False
both,range_ote,0.25,0.0,3,12,range,48,716,107,1.118,0.19,73.2,4/8,0.86,0.96,1.58,0.1075,False
both,range_ote,0.25,0.0,3,12,range,96,825,123,1.117,0.21,82.4,4/8,1.62,0.96,1.52,0.0963,False
both,range_ote,0.25,0.0,3,12,2R,48,716,107,1.064,0.09,30.3,5/8,1.06,0.86,1.33,0.2137,False
both,range_ote,0.25,0.0,3,12,2R,96,825,123,1.088,0.15,47.6,5/8,1.3,0.89,1.28,0.105,False
both,range_ote,0.25,0.0,3,12,3R,48,716,107,1.023,0.03,13.5,4/8,0.69,0.86,1.31,0.3937,False
both,range_ote,0.25,0.0,3,12,3R,96,825,123,1.039,0.05,26.1,4/8,1.01,0.88,1.3,0.3038,False
both,range_ote,0.25,0.0,3,12,4R,48,716,107,1.087,0.13,55.0,4/8,0.78,0.93,1.4,0.1625,False
both,range_ote,0.25,0.0,3,12,4R,96,825,123,1.11,0.17,79.1,5/8,1.17,0.95,1.41,0.1087,False
both,range_ote,0.25,0.0,3,24,range,48,783,117,1.169,0.35,112.8,6/8,0.89,1.0,1.37,0.0425,False
both,range_ote,0.25,0.0,3,24,range,96,903,135,1.143,0.32,109.5,5/8,1.6,0.98,1.29,0.0587,False
both,range_ote,0.25,0.0,3,24,2R,48,783,117,1.112,0.25,57.3,6/8,1.05,0.9,1.26,0.0762,False
both,range_ote,0.25,0.0,3,24,2R,96,903,135,1.119,0.29,69.9,5/8,1.33,0.92,1.21,0.0525,False
both,range_ote,0.25,0.0,3,24,3R,48,783,117,1.128,0.3,79.2,7/8,0.78,0.95,1.26,0.065,False
both,range_ote,0.25,0.0,3,24,3R,96,903,135,1.12,0.3,85.5,4/8,1.11,0.95,1.2,0.0475,False
both,range_ote,0.25,0.0,3,24,4R,48,783,117,1.197,0.5,131.2,6/8,0.87,1.03,1.34,0.0125,False
both,range_ote,0.25,0.0,3,24,4R,96,903,135,1.189,0.5,145.1,7/8,1.24,1.02,1.3,0.0125,False
both,range_ote,0.25,0.0,3,48,range,48,824,123,1.186,0.37,129.1,5/8,0.88,1.01,1.45,0.0213,False
both,range_ote,0.25,0.0,3,48,range,96,948,142,1.176,0.38,139.3,4/8,1.58,1.01,1.42,0.025,False
both,range_ote,0.25,0.0,3,48,2R,48,824,123,1.123,0.28,65.8,5/8,1.02,0.91,1.34,0.05,False
both,range_ote,0.25,0.0,3,48,2R,96,948,142,1.12,0.3,74.2,5/8,1.28,0.92,1.31,0.0387,False
both,range_ote,0.25,0.0,3,48,3R,48,824,123,1.1,0.23,65.5,5/8,0.75,0.93,1.34,0.105,False
both,range_ote,0.25,0.0,3,48,3R,96,948,142,1.101,0.27,76.1,5/8,1.07,0.93,1.31,0.0762,False
both,range_ote,0.25,0.0,3,48,4R,48,824,123,1.178,0.43,125.5,5/8,0.83,1.01,1.39,0.015,False
both,range_ote,0.25,0.0,3,48,4R,96,948,142,1.181,0.5,146.6,5/8,1.19,1.02,1.39,0.0112,False
both,range_ote,0.25,0.1,3,12,range,48,669,100,1.074,0.11,42.4,3/8,0.85,0.92,1.38,0.245,False
both,range_ote,0.25,0.1,3,12,range,96,778,116,1.077,0.14,50.9,5/8,1.64,0.93,1.33,0.1862,False
both,range_ote,0.25,0.1,3,12,2R,48,669,100,1.017,0.03,7.7,5/8,1.01,0.84,1.2,0.4138,False
both,range_ote,0.25,0.1,3,12,2R,96,778,116,1.042,0.09,22.1,5/8,1.24,0.86,1.14,0.29,False
both,range_ote,0.25,0.1,3,12,3R,48,669,100,0.995,-0.01,-2.8,3/8,0.67,0.85,1.19,0.5125,False
both,range_ote,0.25,0.1,3,12,3R,96,778,116,1.009,0.01,5.9,3/8,1.0,0.86,1.17,0.44,False
both,range_ote,0.25,0.1,3,12,4R,48,669,100,1.052,0.08,30.9,4/8,0.75,0.91,1.26,0.28,False
both,range_ote,0.25,0.1,3,12,4R,96,778,116,1.067,0.12,45.5,4/8,1.15,0.92,1.25,0.2112,False
both,range_ote,0.25,0.1,3,24,range,48,735,110,1.091,0.16,56.7,5/8,0.86,0.94,1.16,0.2188,False
both,range_ote,0.25,0.1,3,24,range,96,859,128,1.06,0.11,43.7,3/8,1.6,0.91,1.1,0.2462,False
both,range_ote,0.25,0.1,3,24,2R,48,735,110,1.045,0.07,22.4,5/8,0.99,0.86,1.12,0.305,False
both,range_ote,0.25,0.1,3,24,2R,96,859,128,1.048,0.09,27.7,5/8,1.27,0.87,1.09,0.2375,False
both,range_ote,0.25,0.1,3,24,3R,48,735,110,1.072,0.14,42.1,5/8,0.76,0.91,1.14,0.2263,False
both,range_ote,0.25,0.1,3,24,3R,96,859,128,1.053,0.1,36.3,4/8,1.1,0.9,1.09,0.2037,False
both,range_ote,0.25,0.1,3,24,4R,48,735,110,1.127,0.21,80.7,7/8,0.83,0.97,1.18,0.0887,False
both,range_ote,0.25,0.1,3,24,4R,96,859,128,1.109,0.21,80.7,6/8,1.21,0.96,1.14,0.08,False
both,range_ote,0.25,0.1,3,48,range,48,773,116,1.097,0.14,63.3,4/8,0.85,0.94,1.24,0.1512,False
both,range_ote,0.25,0.1,3,48,range,96,907,135,1.081,0.13,61.0,5/8,1.58,0.93,1.22,0.1713,False
both,range_ote,0.25,0.1,3,48,2R,48,773,116,1.063,0.09,32.8,5/8,0.97,0.88,1.24,0.1913,False
both,range_ote,0.25,0.1,3,48,2R,96,907,135,1.059,0.1,35.9,5/8,1.24,0.88,1.22,0.1988,False
both,range_ote,0.25,0.1,3,48,3R,48,773,116,1.053,0.09,33.2,5/8,0.75,0.9,1.26,0.2238,False
both,range_ote,0.25,0.1,3,48,3R,96,907,135,1.04,0.07,28.9,5/8,1.06,0.89,1.21,0.285,False
both,range_ote,0.25,0.1,3,48,4R,48,773,116,1.113,0.21,75.4,6/8,0.8,0.96,1.25,0.0813,False
both,range_ote,0.25,0.1,3,48,4R,96,907,135,1.103,0.2,80.7,6/8,1.18,0.96,1.24,0.1075,False
both,range_ote,0.25,0.25,3,12,range,48,595,90,0.983,-0.02,-8.8,4/8,0.76,0.85,1.24,0.565,False
both,range_ote,0.25,0.25,3,12,range,96,696,105,0.987,-0.02,-7.5,4/8,0.76,0.85,1.21,0.5525,False
both,range_ote,0.25,0.25,3,12,2R,48,596,90,0.972,-0.03,-11.8,4/8,0.76,0.81,1.17,0.6438,False
both,range_ote,0.25,0.25,3,12,2R,96,697,105,1.004,0.01,1.9,4/8,0.75,0.84,1.1,0.4913,False
both,range_ote,0.25,0.25,3,12,3R,48,596,90,0.959,-0.04,-20.1,3/8,0.73,0.82,1.12,0.68,False
both,range_ote,0.25,0.25,3,12,3R,96,697,105,0.979,-0.02,-12.0,3/8,0.74,0.84,1.11,0.6238,False
both,range_ote,0.25,0.25,3,12,4R,48,596,90,1.025,0.03,13.0,5/8,0.82,0.89,1.19,0.3987,False
both,range_ote,0.25,0.25,3,12,4R,96,697,105,1.055,0.1,33.7,6/8,0.84,0.92,1.18,0.2825,False
both,range_ote,0.25,0.25,3,24,range,48,660,99,1.03,0.06,16.9,4/8,0.8,0.89,1.08,0.41,False
both,range_ote,0.25,0.25,3,24,range,96,779,117,0.998,-0.0,-1.4,5/8,0.81,0.87,1.03,0.4963,False
both,range_ote,0.25,0.25,3,24,2R,48,661,99,1.024,0.05,10.8,5/8,0.76,0.86,1.07,0.3825,False
both,range_ote,0.25,0.25,3,24,2R,96,780,117,1.019,0.04,10.0,3/8,0.8,0.86,0.99,0.4188,False
both,range_ote,0.25,0.25,3,24,3R,48,661,99,1.037,0.09,19.8,5/8,0.8,0.89,1.06,0.335,False
both,range_ote,0.25,0.25,3,24,3R,96,780,117,1.023,0.06,14.5,6/8,0.85,0.88,0.98,0.3738,False
both,range_ote,0.25,0.25,3,24,4R,48,661,99,1.106,0.26,60.5,6/8,0.88,0.97,1.11,0.1475,False
both,range_ote,0.25,0.25,3,24,4R,96,780,117,1.095,0.31,64.0,6/8,0.93,0.96,1.07,0.1487,False
both,range_ote,0.25,0.25,3,48,range,48,706,106,1.0,0.0,0.1,5/8,0.75,0.87,1.12,0.505,False
both,range_ote,0.25,0.25,3,48,range,96,837,125,0.999,-0.0,-0.4,4/8,1.15,0.87,1.15,0.4863,False
both,range_ote,0.25,0.25,3,48,2R,48,706,106,1.007,0.01,3.5,4/8,0.71,0.84,1.14,0.4412,False
both,range_ote,0.25,0.25,3,48,2R,96,837,125,1.007,0.01,4.0,4/8,1.02,0.85,1.1,0.4238,False
both,range_ote,0.25,0.25,3,48,3R,48,706,106,1.001,0.0,0.7,4/8,0.75,0.86,1.14,0.5,False
both,range_ote,0.25,0.25,3,48,3R,96,837,125,1.004,0.0,2.5,4/8,1.11,0.87,1.12,0.4875,False
both,range_ote,0.25,0.25,3,48,4R,48,706,106,1.073,0.12,44.8,6/8,0.83,0.94,1.17,0.22,False
both,range_ote,0.25,0.25,3,48,4R,96,837,125,1.088,0.16,63.8,6/8,1.26,0.95,1.19,0.125,False
both,range_ote,0.5,0.0,3,12,range,48,725,109,1.016,0.02,8.9,4/8,0.82,0.89,1.36,0.4288,False
both,range_ote,0.5,0.0,3,12,range,96,837,125,0.999,-0.0,-0.5,4/8,0.83,0.88,1.29,0.5162,False
both,range_ote,0.5,0.0,3,12,2R,48,725,109,1.026,0.03,12.8,4/8,0.78,0.88,1.33,0.375,False
both,range_ote,0.5,0.0,3,12,2R,96,837,125,1.026,0.04,14.7,4/8,1.06,0.88,1.28,0.36,False
both,range_ote,0.5,0.0,3,12,3R,48,725,109,1.062,0.11,35.9,6/8,0.84,0.93,1.3,0.2112,False
both,range_ote,0.5,0.0,3,12,3R,96,837,125,1.071,0.14,46.6,6/8,0.88,0.94,1.29,0.1888,False
both,range_ote,0.5,0.0,3,12,4R,48,725,109,1.1,0.13,61.7,4/8,0.9,0.98,1.28,0.1275,False
both,range_ote,0.5,0.0,3,12,4R,96,837,125,1.114,0.18,81.0,4/8,0.95,0.99,1.27,0.0912,False
both,range_ote,0.5,0.0,3,24,range,48,788,118,1.069,0.1,42.2,4/8,0.87,0.94,1.23,0.21,False
both,range_ote,0.5,0.0,3,24,range,96,910,136,1.037,0.06,25.7,3/8,0.89,0.91,1.13,0.3287,False
both,range_ote,0.5,0.0,3,24,2R,48,788,118,1.093,0.16,48.5,7/8,0.84,0.94,1.26,0.1163,False
both,range_ote,0.5,0.0,3,24,2R,96,910,136,1.057,0.11,34.8,5/8,0.85,0.91,1.13,0.215,False
both,range_ote,0.5,0.0,3,24,3R,48,788,118,1.136,0.3,82.8,7/8,0.89,1.0,1.2,0.0537,False
both,range_ote,0.5,0.0,3,24,3R,96,910,136,1.117,0.3,82.7,7/8,0.92,0.98,1.14,0.08,False
both,range_ote,0.5,0.0,3,24,4R,48,788,118,1.162,0.22,107.0,7/8,0.95,1.03,1.2,0.0338,False
both,range_ote,0.5,0.0,3,24,4R,96,910,136,1.15,0.27,114.5,6/8,0.98,1.02,1.14,0.035,False
both,range_ote,0.5,0.0,3,48,range,48,834,125,1.099,0.14,62.7,3/8,0.92,0.96,1.35,0.1087,False
both,range_ote,0.5,0.0,3,48,range,96,960,143,1.082,0.13,60.0,3/8,0.95,0.95,1.29,0.1338,False
both,range_ote,0.5,0.0,3,48,2R,48,834,125,1.1,0.15,55.3,5/8,0.87,0.94,1.36,0.0925,False
both,range_ote,0.5,0.0,3,48,2R,96,960,143,1.079,0.14,50.7,5/8,0.89,0.93,1.27,0.115,False
both,range_ote,0.5,0.0,3,48,3R,48,834,125,1.115,0.23,74.5,4/8,0.9,0.98,1.28,0.0938,False
both,range_ote,0.5,0.0,3,48,3R,96,960,143,1.117,0.27,87.0,5/8,0.94,0.98,1.26,0.0413,False
both,range_ote,0.5,0.0,3,48,4R,48,834,125,1.147,0.21,103.2,5/8,0.98,1.02,1.3,0.0462,False
both,range_ote,0.5,0.0,3,48,4R,96,960,143,1.166,0.32,132.8,5/8,1.02,1.04,1.29,0.0125,False
both,range_ote,0.5,0.1,3,12,range,48,678,102,1.015,0.02,7.8,4/8,0.85,0.89,1.23,0.4462,False
both,range_ote,0.5,0.1,3,12,range,96,790,118,1.002,0.0,1.4,5/8,0.87,0.88,1.16,0.4788,False
both,range_ote,0.5,0.1,3,12,2R,48,678,102,1.024,0.04,11.3,6/8,0.8,0.88,1.18,0.3825,False
both,range_ote,0.5,0.1,3,12,2R,96,790,118,1.024,0.04,13.2,5/8,1.09,0.88,1.13,0.38,False
both,range_ote,0.5,0.1,3,12,3R,48,678,102,1.082,0.15,43.8,6/8,0.87,0.95,1.23,0.1875,False
both,range_ote,0.5,0.1,3,12,3R,96,790,118,1.088,0.2,54.4,6/8,0.92,0.96,1.2,0.1562,False
both,range_ote,0.5,0.1,3,12,4R,48,678,102,1.118,0.15,67.8,6/8,0.94,1.0,1.23,0.1187,False
both,range_ote,0.5,0.1,3,12,4R,96,790,118,1.126,0.22,84.1,6/8,0.98,1.0,1.2,0.0963,False
both,range_ote,0.5,0.1,3,24,range,48,741,111,1.032,0.05,18.0,3/8,0.88,0.91,1.05,0.3663,False
both,range_ote,0.5,0.1,3,24,range,96,868,130,0.988,-0.02,-8.3,3/8,0.87,0.87,0.98,0.5663,False
both,range_ote,0.5,0.1,3,24,2R,48,741,111,1.055,0.1,27.4,6/8,0.83,0.91,1.09,0.2387,False
both,range_ote,0.5,0.1,3,24,2R,96,868,130,1.008,0.02,4.9,5/8,1.06,0.87,0.99,0.4475,False
both,range_ote,0.5,0.1,3,24,3R,48,741,111,1.125,0.29,71.9,7/8,0.9,0.99,1.1,0.075,False
both,range_ote,0.5,0.1,3,24,3R,96,868,130,1.086,0.24,58.2,6/8,0.9,0.96,1.04,0.1025,False
both,range_ote,0.5,0.1,3,24,4R,48,741,111,1.161,0.22,99.3,7/8,0.97,1.04,1.09,0.0362,False
both,range_ote,0.5,0.1,3,24,4R,96,868,130,1.128,0.22,93.2,6/8,0.96,1.01,1.03,0.0488,False
both,range_ote,0.5,0.1,3,48,range,48,783,117,1.043,0.06,25.5,4/8,0.93,0.92,1.17,0.3063,False
both,range_ote,0.5,0.1,3,48,range,96,920,137,1.01,0.01,6.7,4/8,0.92,0.89,1.12,0.48,False
both,range_ote,0.5,0.1,3,48,2R,48,783,117,1.053,0.08,27.9,6/8,0.85,0.91,1.2,0.225,False
both,range_ote,0.5,0.1,3,48,2R,96,920,137,1.013,0.02,8.2,5/8,1.08,0.88,1.12,0.4263,False
both,range_ote,0.5,0.1,3,48,3R,48,783,117,1.088,0.16,53.9,5/8,0.92,0.96,1.2,0.1212,False
both,range_ote,0.5,0.1,3,48,3R,96,920,137,1.064,0.12,46.5,6/8,0.92,0.94,1.17,0.1825,False
both,range_ote,0.5,0.1,3,48,4R,48,783,117,1.117,0.15,77.2,6/8,0.99,1.0,1.19,0.0813,False
both,range_ote,0.5,0.1,3,48,4R,96,920,137,1.106,0.16,82.2,6/8,0.99,0.99,1.17,0.0737,False
both,range_ote,0.5,0.25,3,12,range,48,607,91,0.973,-0.03,-12.4,4/8,0.79,0.86,1.18,0.6188,False
both,range_ote,0.5,0.25,3,12,range,96,712,107,0.955,-0.06,-24.4,3/8,0.76,0.84,1.11,0.6975,False
both,range_ote,0.5,0.25,3,12,2R,48,608,92,1.03,0.04,12.5,5/8,0.8,0.89,1.19,0.3675,False
both,range_ote,0.5,0.25,3,12,2R,96,713,107,1.024,0.04,11.5,5/8,1.06,0.89,1.12,0.3825,False
both,range_ote,0.5,0.25,3,12,3R,48,608,92,1.082,0.14,39.2,7/8,0.87,0.96,1.19,0.1888,False
both,range_ote,0.5,0.25,3,12,3R,96,713,107,1.084,0.2,47.0,6/8,0.88,0.96,1.15,0.1688,False
both,range_ote,0.5,0.25,3,12,4R,48,608,92,1.105,0.13,54.1,6/8,0.89,0.99,1.19,0.14,False
both,range_ote,0.5,0.25,3,12,4R,96,713,107,1.124,0.23,74.4,6/8,0.91,1.01,1.15,0.1025,False
both,range_ote,0.5,0.25,3,24,range,48,671,100,1.008,0.01,4.0,4/8,0.82,0.89,1.05,0.4587,False
both,range_ote,0.5,0.25,3,24,range,96,793,119,0.968,-0.06,-19.6,4/8,0.81,0.86,0.98,0.685,False
both,range_ote,0.5,0.25,3,24,2R,48,672,101,1.075,0.19,33.8,6/8,0.85,0.94,1.13,0.1775,False
both,range_ote,0.5,0.25,3,24,2R,96,794,119,1.029,0.07,15.4,4/8,1.1,0.9,1.0,0.3463,False
both,range_ote,0.5,0.25,3,24,3R,48,672,101,1.136,0.48,70.6,6/8,0.92,1.01,1.11,0.065,False
both,range_ote,0.5,0.25,3,24,3R,96,794,119,1.098,0.33,60.1,6/8,0.9,0.98,1.02,0.11,False
both,range_ote,0.5,0.25,3,24,4R,48,672,101,1.145,0.2,80.9,6/8,0.93,1.03,1.13,0.0563,False
both,range_ote,0.5,0.25,3,24,4R,96,794,119,1.112,0.23,74.6,6/8,0.92,1.0,1.02,0.0988,False
both,range_ote,0.5,0.25,3,48,range,48,723,108,1.013,0.02,7.3,4/8,0.86,0.9,1.21,0.45,False
both,range_ote,0.5,0.25,3,48,range,96,857,128,0.996,-0.01,-2.9,4/8,0.87,0.88,1.18,0.5587,False
both,range_ote,0.5,0.25,3,48,2R,48,723,108,1.064,0.11,30.9,4/8,0.86,0.93,1.26,0.2075,False
both,range_ote,0.5,0.25,3,48,2R,96,857,128,1.033,0.06,19.0,4/8,1.11,0.9,1.17,0.3262,False
both,range_ote,0.5,0.25,3,48,3R,48,723,108,1.11,0.22,61.7,5/8,0.92,0.99,1.26,0.0912,False
both,range_ote,0.5,0.25,3,48,3R,96,857,128,1.095,0.24,63.2,6/8,0.93,0.98,1.22,0.1175,False
both,range_ote,0.5,0.25,3,48,4R,48,723,108,1.117,0.15,71.0,6/8,0.95,1.0,1.26,0.12,False
both,range_ote,0.5,0.25,3,48,4R,96,857,128,1.124,0.22,88.5,6/8,0.99,1.01,1.22,0.0825,False
