rule,k,vol_mult,use_rsi,h4_trend,sl_buf,tp_mode,sides,n,per_yr,pf,net_r,mar,wr,dd,pos_years,avg_rr,gate_pass
15min,2,1.2,0,0,0.1,2R,"(1,)",2769,413,0.815,-364.1,-0.12,0.423,-452.7,2/8,1.65,False
15min,2,1.2,0,0,0.1,2R,"(-1,)",2689,401,0.741,-514.4,-0.14,0.4,-561.2,1/8,1.66,False
15min,2,1.2,0,0,0.1,2R,"(1, -1)",5458,813,0.778,-878.5,-0.13,0.412,-989.0,2/8,1.65,False
15min,2,1.2,0,0,0.1,3R,"(1,)",2769,413,0.979,-45.0,-0.03,0.372,-223.5,4/8,2.52,False
15min,2,1.2,0,0,0.1,3R,"(-1,)",2689,401,0.886,-250.1,-0.11,0.345,-324.9,2/8,2.53,False
15min,2,1.2,0,0,0.1,3R,"(1, -1)",5458,813,0.933,-295.1,-0.09,0.359,-511.5,3/8,2.53,False
15min,2,1.2,0,0,0.25,2R,"(1,)",2824,421,0.861,-273.0,-0.11,0.427,-385.3,2/8,1.68,False
15min,2,1.2,0,0,0.25,2R,"(-1,)",2758,411,0.752,-504.6,-0.14,0.394,-549.3,1/8,1.68,False
15min,2,1.2,0,0,0.25,2R,"(1, -1)",5582,831,0.805,-777.6,-0.13,0.411,-883.1,2/8,1.68,False
15min,2,1.2,0,0,0.25,3R,"(1,)",2824,421,0.987,-29.3,-0.02,0.362,-210.7,4/8,2.56,False
15min,2,1.2,0,0,0.25,3R,"(-1,)",2758,411,0.87,-291.8,-0.11,0.335,-379.9,1/8,2.57,False
15min,2,1.2,0,0,0.25,3R,"(1, -1)",5582,831,0.928,-321.0,-0.09,0.349,-522.4,2/8,2.57,False
15min,2,1.2,0,0,0.5,2R,"(1,)",2913,434,0.873,-255.4,-0.11,0.421,-341.1,1/8,1.72,False
15min,2,1.2,0,0,0.5,2R,"(-1,)",2842,423,0.768,-478.3,-0.14,0.388,-502.7,1/8,1.72,False
15min,2,1.2,0,0,0.5,2R,"(1, -1)",5755,857,0.82,-733.7,-0.14,0.405,-788.6,2/8,1.72,False
15min,2,1.2,0,0,0.5,3R,"(1,)",2913,434,1.03,66.5,0.1,0.363,-96.6,4/8,2.62,False
15min,2,1.2,0,0,0.5,3R,"(-1,)",2842,423,0.843,-360.6,-0.12,0.322,-434.2,1/8,2.62,False
15min,2,1.2,0,0,0.5,3R,"(1, -1)",5755,857,0.935,-294.1,-0.09,0.342,-484.2,2/8,2.62,False
15min,2,1.2,0,1,0.1,2R,"(1,)",1676,250,0.829,-204.5,-0.12,0.426,-257.5,1/8,1.64,False
15min,2,1.2,0,1,0.1,2R,"(-1,)",1167,174,0.718,-245.4,-0.14,0.389,-267.5,1/8,1.65,False
15min,2,1.2,0,1,0.1,2R,"(1, -1)",2843,424,0.782,-449.9,-0.13,0.411,-505.4,2/8,1.65,False
15min,2,1.2,0,1,0.1,3R,"(1,)",1676,250,0.984,-20.6,-0.02,0.372,-137.5,3/8,2.52,False
15min,2,1.2,0,1,0.1,3R,"(-1,)",1167,174,0.885,-109.6,-0.1,0.343,-156.4,2/8,2.53,False
15min,2,1.2,0,1,0.1,3R,"(1, -1)",2843,424,0.943,-130.2,-0.07,0.36,-282.5,3/8,2.52,False
15min,2,1.2,0,1,0.25,2R,"(1,)",1712,255,0.874,-150.3,-0.1,0.429,-225.4,1/8,1.67,False
15min,2,1.2,0,1,0.25,2R,"(-1,)",1198,179,0.743,-227.1,-0.14,0.388,-250.4,1/8,1.68,False
15min,2,1.2,0,1,0.25,2R,"(1, -1)",2910,434,0.818,-377.5,-0.13,0.412,-448.0,2/8,1.68,False
15min,2,1.2,0,1,0.25,3R,"(1,)",1712,255,0.99,-13.5,-0.01,0.36,-136.4,3/8,2.56,False
15min,2,1.2,0,1,0.25,3R,"(-1,)",1198,179,0.86,-136.8,-0.11,0.333,-177.9,1/8,2.57,False
15min,2,1.2,0,1,0.25,3R,"(1, -1)",2910,434,0.935,-150.3,-0.08,0.349,-298.6,2/8,2.56,False
15min,2,1.2,0,1,0.5,2R,"(1,)",1765,263,0.878,-149.1,-0.1,0.421,-212.4,1/8,1.71,False
15min,2,1.2,0,1,0.5,2R,"(-1,)",1222,182,0.785,-188.8,-0.13,0.392,-212.5,1/8,1.72,False
15min,2,1.2,0,1,0.5,2R,"(1, -1)",2987,445,0.839,-337.9,-0.13,0.409,-396.7,2/8,1.72,False
15min,2,1.2,0,1,0.5,3R,"(1,)",1765,263,1.025,34.6,0.06,0.359,-87.3,4/8,2.61,False
15min,2,1.2,0,1,0.5,3R,"(-1,)",1222,182,0.844,-153.4,-0.12,0.319,-190.2,2/8,2.62,False
15min,2,1.2,0,1,0.5,3R,"(1, -1)",2987,445,0.949,-118.8,-0.07,0.343,-264.9,3/8,2.62,False
15min,2,1.2,1,0,0.1,2R,"(1,)",2619,390,0.81,-355.6,-0.12,0.424,-433.0,2/8,1.64,False
15min,2,1.2,1,0,0.1,2R,"(-1,)",2537,378,0.728,-516.3,-0.14,0.398,-565.1,1/8,1.65,False
15min,2,1.2,1,0,0.1,2R,"(1, -1)",5156,768,0.769,-871.9,-0.13,0.411,-974.6,2/8,1.64,False
15min,2,1.2,1,0,0.1,3R,"(1,)",2619,390,0.978,-45.9,-0.03,0.372,-217.6,4/8,2.51,False
15min,2,1.2,1,0,0.1,3R,"(-1,)",2537,378,0.878,-254.4,-0.11,0.343,-333.0,2/8,2.52,False
15min,2,1.2,1,0,0.1,3R,"(1, -1)",5156,768,0.928,-300.3,-0.09,0.358,-520.8,3/8,2.51,False
15min,2,1.2,1,0,0.25,2R,"(1,)",2672,398,0.855,-271.4,-0.11,0.427,-362.1,3/8,1.67,False
15min,2,1.2,1,0,0.25,2R,"(-1,)",2605,388,0.739,-507.0,-0.14,0.391,-549.7,1/8,1.67,False
15min,2,1.2,1,0,0.25,2R,"(1, -1)",5277,786,0.796,-778.3,-0.13,0.41,-869.9,2/8,1.67,False
15min,2,1.2,1,0,0.25,3R,"(1,)",2672,398,0.98,-42.6,-0.03,0.36,-202.6,4/8,2.55,False
15min,2,1.2,1,0,0.25,3R,"(-1,)",2605,388,0.86,-300.7,-0.12,0.332,-386.6,2/8,2.56,False
15min,2,1.2,1,0,0.25,3R,"(1, -1)",5277,786,0.919,-343.3,-0.1,0.346,-517.7,3/8,2.56,False
15min,2,1.2,1,0,0.5,2R,"(1,)",2757,411,0.87,-249.1,-0.12,0.421,-312.2,1/8,1.71,False
15min,2,1.2,1,0,0.5,2R,"(-1,)",2685,400,0.758,-477.4,-0.14,0.385,-503.6,1/8,1.71,False
15min,2,1.2,1,0,0.5,2R,"(1, -1)",5442,811,0.813,-726.5,-0.14,0.404,-774.2,2/8,1.71,False
15min,2,1.2,1,0,0.5,3R,"(1,)",2757,411,1.025,54.2,0.08,0.361,-97.0,5/8,2.61,False
15min,2,1.2,1,0,0.5,3R,"(-1,)",2685,400,0.834,-365.7,-0.12,0.318,-442.2,2/8,2.61,False
15min,2,1.2,1,0,0.5,3R,"(1, -1)",5442,811,0.928,-311.6,-0.1,0.34,-472.2,2/8,2.61,False
15min,2,1.2,1,1,0.1,2R,"(1,)",1554,232,0.829,-190.8,-0.12,0.429,-237.9,1/8,1.63,False
15min,2,1.2,1,1,0.1,2R,"(-1,)",1076,161,0.694,-249.1,-0.13,0.385,-276.1,1/8,1.64,False
15min,2,1.2,1,1,0.1,2R,"(1, -1)",2630,392,0.772,-439.8,-0.13,0.411,-497.6,2/8,1.63,False
15min,2,1.2,1,1,0.1,3R,"(1,)",1554,232,0.993,-9.1,-0.01,0.375,-127.0,3/8,2.5,False
15min,2,1.2,1,1,0.1,3R,"(-1,)",1076,161,0.867,-118.4,-0.1,0.339,-172.0,2/8,2.51,False
15min,2,1.2,1,1,0.1,3R,"(1, -1)",2630,392,0.94,-127.5,-0.07,0.36,-284.2,3/8,2.51,False
15min,2,1.2,1,1,0.25,2R,"(1,)",1589,237,0.872,-142.6,-0.1,0.432,-204.4,2/8,1.66,False
15min,2,1.2,1,1,0.25,2R,"(-1,)",1106,165,0.721,-231.7,-0.13,0.384,-259.2,1/8,1.67,False
15min,2,1.2,1,1,0.25,2R,"(1, -1)",2695,402,0.807,-374.2,-0.13,0.412,-439.9,2/8,1.66,False
15min,2,1.2,1,1,0.25,3R,"(1,)",1589,237,0.99,-12.3,-0.01,0.361,-125.2,3/8,2.54,False
15min,2,1.2,1,1,0.25,3R,"(-1,)",1106,165,0.841,-145.6,-0.11,0.329,-190.1,2/8,2.55,False
15min,2,1.2,1,1,0.25,3R,"(1, -1)",2695,402,0.927,-158.0,-0.08,0.348,-298.7,3/8,2.55,False
15min,2,1.2,1,1,0.5,2R,"(1,)",1640,245,0.883,-133.5,-0.11,0.424,-182.4,1/8,1.7,False
15min,2,1.2,1,1,0.5,2R,"(-1,)",1127,168,0.769,-189.9,-0.13,0.389,-216.8,1/8,1.71,False
15min,2,1.2,1,1,0.5,2R,"(1, -1)",2767,412,0.835,-323.4,-0.13,0.409,-380.0,2/8,1.71,False
15min,2,1.2,1,1,0.5,3R,"(1,)",1640,245,1.031,40.1,0.08,0.36,-74.1,4/8,2.6,False
15min,2,1.2,1,1,0.5,3R,"(-1,)",1127,168,0.821,-165.7,-0.12,0.312,-205.5,2/8,2.61,False
15min,2,1.2,1,1,0.5,3R,"(1, -1)",2767,412,0.943,-125.6,-0.07,0.34,-268.1,4/8,2.6,False
15min,2,1.5,0,0,0.1,2R,"(1,)",1678,250,0.89,-126.2,-0.1,0.435,-187.8,1/8,1.68,False
15min,2,1.5,0,0,0.1,2R,"(-1,)",1718,256,0.752,-313.1,-0.14,0.393,-335.4,1/8,1.7,False
15min,2,1.5,0,0,0.1,2R,"(1, -1)",3396,506,0.818,-439.3,-0.13,0.414,-493.8,2/8,1.69,False
15min,2,1.5,0,0,0.1,3R,"(1,)",1678,250,1.075,95.3,0.25,0.389,-57.8,4/8,2.57,False
15min,2,1.5,0,0,0.1,3R,"(-1,)",1718,256,0.898,-141.9,-0.11,0.338,-188.3,3/8,2.59,False
15min,2,1.5,0,0,0.1,3R,"(1, -1)",3396,506,0.982,-46.6,-0.04,0.363,-189.0,3/8,2.58,False
15min,2,1.5,0,0,0.25,2R,"(1,)",1710,255,0.947,-60.6,-0.06,0.442,-150.3,3/8,1.71,False
15min,2,1.5,0,0,0.25,2R,"(-1,)",1751,261,0.761,-306.5,-0.14,0.387,-326.9,1/8,1.73,False
15min,2,1.5,0,0,0.25,2R,"(1, -1)",3461,516,0.849,-367.1,-0.12,0.414,-442.7,2/8,1.72,False
15min,2,1.5,0,0,0.25,3R,"(1,)",1710,255,1.095,122.0,0.27,0.382,-66.9,4/8,2.6,False
15min,2,1.5,0,0,0.25,3R,"(-1,)",1751,261,0.869,-184.8,-0.11,0.328,-241.0,2/8,2.63,False
15min,2,1.5,0,0,0.25,3R,"(1, -1)",3461,516,0.977,-62.8,-0.05,0.355,-203.3,3/8,2.62,False
15min,2,1.5,0,0,0.5,2R,"(1,)",1760,262,0.959,-47.5,-0.06,0.439,-118.5,2/8,1.74,False
15min,2,1.5,0,0,0.5,2R,"(-1,)",1798,268,0.787,-273.4,-0.14,0.383,-286.6,1/8,1.76,False
15min,2,1.5,0,0,0.5,2R,"(1, -1)",3558,530,0.869,-320.9,-0.13,0.411,-371.8,2/8,1.75,False
15min,2,1.5,0,0,0.5,3R,"(1,)",1760,262,1.14,179.7,0.54,0.384,-50.0,7/8,2.65,False
15min,2,1.5,0,0,0.5,3R,"(-1,)",1798,268,0.855,-208.2,-0.12,0.319,-258.8,2/8,2.68,False
15min,2,1.5,0,0,0.5,3R,"(1, -1)",3558,530,0.989,-28.6,-0.03,0.351,-160.9,4/8,2.67,False
15min,2,1.5,0,1,0.1,2R,"(1,)",1035,154,0.892,-77.3,-0.09,0.434,-123.9,2/8,1.67,False
15min,2,1.5,0,1,0.1,2R,"(-1,)",749,112,0.707,-165.2,-0.14,0.371,-178.8,1/8,1.7,False
15min,2,1.5,0,1,0.1,2R,"(1, -1)",1784,266,0.811,-242.5,-0.12,0.408,-292.1,2/8,1.69,False
15min,2,1.5,0,1,0.1,3R,"(1,)",1035,154,1.057,45.3,0.11,0.386,-60.8,4/8,2.56,False
15min,2,1.5,0,1,0.1,3R,"(-1,)",749,112,0.886,-69.1,-0.09,0.331,-110.6,2/8,2.6,False
15min,2,1.5,0,1,0.1,3R,"(1, -1)",1784,266,0.983,-23.8,-0.02,0.363,-146.5,3/8,2.57,False
15min,2,1.5,0,1,0.25,2R,"(1,)",1057,158,0.952,-34.1,-0.05,0.442,-99.9,2/8,1.7,False
15min,2,1.5,0,1,0.25,2R,"(-1,)",763,114,0.732,-151.7,-0.14,0.372,-167.4,1/8,1.73,False
15min,2,1.5,0,1,0.25,2R,"(1, -1)",1820,271,0.855,-185.8,-0.11,0.413,-262.5,2/8,1.71,False
15min,2,1.5,0,1,0.25,3R,"(1,)",1057,158,1.077,62.0,0.15,0.378,-60.1,3/8,2.59,False
15min,2,1.5,0,1,0.25,3R,"(-1,)",763,114,0.861,-85.8,-0.1,0.324,-132.2,2/8,2.63,False
15min,2,1.5,0,1,0.25,3R,"(1, -1)",1820,271,0.983,-23.8,-0.02,0.355,-163.8,3/8,2.61,False
15min,2,1.5,0,1,0.5,2R,"(1,)",1088,162,0.951,-35.8,-0.06,0.436,-90.7,1/8,1.74,False
15min,2,1.5,0,1,0.5,2R,"(-1,)",778,116,0.797,-112.7,-0.13,0.382,-131.5,2/8,1.76,False
15min,2,1.5,0,1,0.5,2R,"(1, -1)",1866,278,0.884,-148.4,-0.1,0.413,-218.4,2/8,1.75,False
15min,2,1.5,0,1,0.5,3R,"(1,)",1088,162,1.116,93.7,0.28,0.378,-49.2,4/8,2.64,False
15min,2,1.5,0,1,0.5,3R,"(-1,)",778,116,0.863,-83.9,-0.1,0.317,-120.2,2/8,2.68,False
15min,2,1.5,0,1,0.5,3R,"(1, -1)",1866,278,1.007,9.8,0.01,0.353,-124.4,3/8,2.66,False
15min,2,1.5,1,0,0.1,2R,"(1,)",1577,235,0.883,-127.6,-0.1,0.436,-185.8,2/8,1.67,False
15min,2,1.5,1,0,0.1,2R,"(-1,)",1609,240,0.733,-319.1,-0.14,0.39,-347.0,1/8,1.69,False
15min,2,1.5,1,0,0.1,2R,"(1, -1)",3186,475,0.805,-446.7,-0.13,0.413,-499.5,2/8,1.68,False
15min,2,1.5,1,0,0.1,3R,"(1,)",1577,235,1.073,88.4,0.21,0.389,-62.0,3/8,2.55,False
15min,2,1.5,1,0,0.1,3R,"(-1,)",1609,240,0.884,-152.2,-0.11,0.334,-203.0,3/8,2.58,False
15min,2,1.5,1,0,0.1,3R,"(1, -1)",3186,475,0.975,-63.8,-0.05,0.361,-207.6,4/8,2.57,False
15min,2,1.5,1,0,0.25,2R,"(1,)",1609,240,0.936,-70.0,-0.07,0.442,-152.6,3/8,1.7,False
15min,2,1.5,1,0,0.25,2R,"(-1,)",1641,245,0.744,-310.8,-0.14,0.383,-336.3,1/8,1.72,False
15min,2,1.5,1,0,0.25,2R,"(1, -1)",3250,484,0.835,-380.8,-0.13,0.412,-449.5,2/8,1.71,False
15min,2,1.5,1,0,0.25,3R,"(1,)",1609,240,1.083,101.5,0.23,0.38,-65.5,3/8,2.59,False
15min,2,1.5,1,0,0.25,3R,"(-1,)",1641,245,0.855,-194.8,-0.11,0.324,-254.3,2/8,2.62,False
15min,2,1.5,1,0,0.25,3R,"(1, -1)",3250,484,0.964,-93.3,-0.06,0.352,-223.1,3/8,2.6,False
15min,2,1.5,1,0,0.5,2R,"(1,)",1655,247,0.952,-53.3,-0.07,0.439,-110.9,3/8,1.73,False
15min,2,1.5,1,0,0.5,2R,"(-1,)",1686,251,0.777,-272.5,-0.14,0.38,-290.7,1/8,1.75,False
15min,2,1.5,1,0,0.5,2R,"(1, -1)",3341,498,0.86,-325.8,-0.13,0.409,-375.3,2/8,1.74,False
15min,2,1.5,1,0,0.5,3R,"(1,)",1655,247,1.125,153.7,0.43,0.379,-52.9,6/8,2.64,False
15min,2,1.5,1,0,0.5,3R,"(-1,)",1686,251,0.843,-214.7,-0.12,0.314,-268.1,2/8,2.67,False
15min,2,1.5,1,0,0.5,3R,"(1, -1)",3341,498,0.976,-61.0,-0.05,0.347,-177.0,3/8,2.65,False
15min,2,1.5,1,1,0.1,2R,"(1,)",955,142,0.89,-73.6,-0.09,0.438,-122.3,2/8,1.66,False
15min,2,1.5,1,1,0.1,2R,"(-1,)",682,103,0.671,-172.1,-0.14,0.364,-189.8,1/8,1.69,False
15min,2,1.5,1,1,0.1,2R,"(1, -1)",1637,244,0.794,-245.7,-0.12,0.407,-302.3,2/8,1.67,False
15min,2,1.5,1,1,0.1,3R,"(1,)",955,142,1.065,48.3,0.11,0.39,-63.7,3/8,2.54,False
15min,2,1.5,1,1,0.1,3R,"(-1,)",682,103,0.856,-81.2,-0.1,0.324,-125.3,2/8,2.58,False
15min,2,1.5,1,1,0.1,3R,"(1, -1)",1637,244,0.975,-32.8,-0.03,0.362,-164.1,3/8,2.55,False
15min,2,1.5,1,1,0.25,2R,"(1,)",977,146,0.946,-36.2,-0.05,0.444,-99.8,2/8,1.69,False
15min,2,1.5,1,1,0.25,2R,"(-1,)",695,105,0.697,-158.8,-0.13,0.365,-177.8,2/8,1.71,False
15min,2,1.5,1,1,0.25,2R,"(1, -1)",1672,249,0.837,-195.0,-0.11,0.411,-272.8,2/8,1.7,False
15min,2,1.5,1,1,0.25,3R,"(1,)",977,146,1.073,54.8,0.13,0.378,-61.6,3/8,2.58,False
15min,2,1.5,1,1,0.25,3R,"(-1,)",695,105,0.83,-97.1,-0.1,0.317,-144.7,2/8,2.61,False
15min,2,1.5,1,1,0.25,3R,"(1, -1)",1672,249,0.968,-42.4,-0.04,0.352,-177.9,3/8,2.59,False
15min,2,1.5,1,1,0.5,2R,"(1,)",1006,150,0.95,-34.0,-0.06,0.437,-83.6,2/8,1.73,False
15min,2,1.5,1,1,0.5,2R,"(-1,)",709,107,0.773,-116.4,-0.13,0.377,-138.1,2/8,1.75,False
15min,2,1.5,1,1,0.5,2R,"(1, -1)",1715,256,0.874,-150.4,-0.1,0.412,-221.4,2/8,1.74,False
15min,2,1.5,1,1,0.5,3R,"(1,)",1006,150,1.107,81.6,0.24,0.375,-49.8,5/8,2.63,False
15min,2,1.5,1,1,0.5,3R,"(-1,)",709,107,0.839,-92.0,-0.11,0.31,-130.7,2/8,2.66,False
15min,2,1.5,1,1,0.5,3R,"(1, -1)",1715,256,0.992,-10.3,-0.01,0.348,-140.4,3/8,2.64,False
15min,2,2.0,0,0,0.1,2R,"(1,)",611,91,0.979,-8.1,-0.02,0.453,-52.6,2/8,1.72,False
15min,2,2.0,0,0,0.1,2R,"(-1,)",621,93,0.875,-52.8,-0.13,0.414,-60.1,2/8,1.77,False
15min,2,2.0,0,0,0.1,2R,"(1, -1)",1232,184,0.925,-60.9,-0.1,0.433,-88.7,3/8,1.75,False
15min,2,2.0,0,0,0.1,3R,"(1,)",611,91,1.223,95.9,0.59,0.412,-24.2,6/8,2.63,False
15min,2,2.0,0,0,0.1,3R,"(-1,)",621,93,1.035,16.0,0.06,0.357,-39.5,4/8,2.69,False
15min,2,2.0,0,0,0.1,3R,"(1, -1)",1232,184,1.125,111.9,0.43,0.385,-39.2,7/8,2.66,False
15min,2,2.0,0,0,0.25,2R,"(1,)",622,93,1.031,12.4,0.03,0.458,-57.9,3/8,1.75,False
15min,2,2.0,0,0,0.25,2R,"(-1,)",633,95,0.858,-61.2,-0.14,0.401,-66.2,2/8,1.79,False
15min,2,2.0,0,0,0.25,2R,"(1, -1)",1255,187,0.941,-48.8,-0.08,0.429,-90.4,4/8,1.77,False
15min,2,2.0,0,0,0.25,3R,"(1,)",622,93,1.26,112.9,0.73,0.412,-23.0,7/8,2.66,False
15min,2,2.0,0,0,0.25,3R,"(-1,)",633,95,0.978,-10.5,-0.03,0.343,-45.9,2/8,2.72,False
15min,2,2.0,0,0,0.25,3R,"(1, -1)",1255,187,1.112,102.4,0.38,0.377,-39.8,7/8,2.69,False
15min,2,2.0,0,0,0.5,2R,"(1,)",634,95,1.031,12.4,0.05,0.453,-40.2,5/8,1.78,False
15min,2,2.0,0,0,0.5,2R,"(-1,)",645,97,0.911,-37.7,-0.12,0.403,-46.5,2/8,1.82,False
15min,2,2.0,0,0,0.5,2R,"(1, -1)",1279,191,0.969,-25.3,-0.06,0.428,-62.1,4/8,1.8,False
15min,2,2.0,0,0,0.5,3R,"(1,)",634,95,1.244,107.2,0.64,0.401,-25.1,6/8,2.7,False
15min,2,2.0,0,0,0.5,3R,"(-1,)",645,97,0.918,-39.3,-0.09,0.333,-63.2,3/8,2.76,False
15min,2,2.0,0,0,0.5,3R,"(1, -1)",1279,191,1.074,67.8,0.24,0.367,-42.0,6/8,2.73,False
15min,2,2.0,0,1,0.1,2R,"(1,)",388,58,0.963,-9.5,-0.03,0.446,-40.9,3/8,1.73,False
15min,2,2.0,0,1,0.1,2R,"(-1,)",265,40,0.694,-61.0,-0.14,0.362,-64.9,2/8,1.78,False
15min,2,2.0,0,1,0.1,2R,"(1, -1)",653,97,0.845,-70.5,-0.11,0.412,-97.1,2/8,1.75,False
15min,2,2.0,0,1,0.1,3R,"(1,)",388,58,1.157,44.4,0.27,0.397,-24.4,5/8,2.63,False
15min,2,2.0,0,1,0.1,3R,"(-1,)",265,40,0.878,-26.1,-0.1,0.321,-39.8,4/8,2.7,False
15min,2,2.0,0,1,0.1,3R,"(1, -1)",653,97,1.037,18.3,0.07,0.366,-40.4,5/8,2.66,False
15min,2,2.0,0,1,0.25,2R,"(1,)",395,59,1.02,5.0,0.02,0.451,-47.5,3/8,1.75,False
15min,2,2.0,0,1,0.25,2R,"(-1,)",269,41,0.713,-57.4,-0.14,0.361,-62.2,2/8,1.8,False
15min,2,2.0,0,1,0.25,2R,"(1, -1)",664,99,0.885,-52.4,-0.08,0.414,-93.7,3/8,1.77,False
15min,2,2.0,0,1,0.25,3R,"(1,)",395,59,1.203,57.7,0.38,0.395,-22.4,6/8,2.66,False
15min,2,2.0,0,1,0.25,3R,"(-1,)",269,41,0.8,-44.1,-0.11,0.301,-60.8,2/8,2.73,False
15min,2,2.0,0,1,0.25,3R,"(1, -1)",664,99,1.027,13.6,0.04,0.357,-57.9,3/8,2.69,False
15min,2,2.0,0,1,0.5,2R,"(1,)",399,59,1.036,9.0,0.05,0.449,-27.9,5/8,1.78,False
15min,2,2.0,0,1,0.5,2R,"(-1,)",271,41,0.794,-39.6,-0.11,0.373,-54.2,2/8,1.82,False
15min,2,2.0,0,1,0.5,2R,"(1, -1)",670,100,0.931,-30.6,-0.07,0.418,-70.2,2/8,1.8,False
15min,2,2.0,0,1,0.5,3R,"(1,)",399,59,1.19,53.8,0.41,0.386,-19.5,6/8,2.71,False
15min,2,2.0,0,1,0.5,3R,"(-1,)",271,41,0.725,-60.6,-0.12,0.284,-76.0,2/8,2.76,False
15min,2,2.0,0,1,0.5,3R,"(1, -1)",670,100,0.987,-6.8,-0.02,0.345,-65.8,3/8,2.73,False
15min,2,2.0,1,0,0.1,2R,"(1,)",558,83,0.968,-11.6,-0.04,0.457,-48.7,2/8,1.7,False
15min,2,2.0,1,0,0.1,2R,"(-1,)",569,85,0.852,-58.2,-0.13,0.409,-66.5,2/8,1.75,False
15min,2,2.0,1,0,0.1,2R,"(1, -1)",1127,168,0.908,-69.7,-0.12,0.433,-89.6,3/8,1.73,False
15min,2,2.0,1,0,0.1,3R,"(1,)",558,83,1.222,88.9,0.61,0.414,-21.7,6/8,2.6,False
15min,2,2.0,1,0,0.1,3R,"(-1,)",569,85,1.025,10.9,0.04,0.351,-41.8,4/8,2.67,False
15min,2,2.0,1,0,0.1,3R,"(1, -1)",1127,168,1.12,99.8,0.37,0.382,-39.8,7/8,2.64,False
15min,2,2.0,1,0,0.25,2R,"(1,)",569,85,1.025,9.1,0.03,0.462,-51.0,4/8,1.73,False
15min,2,2.0,1,0,0.25,2R,"(-1,)",581,87,0.834,-66.9,-0.14,0.394,-73.0,2/8,1.78,False
15min,2,2.0,1,0,0.25,2R,"(1, -1)",1150,171,0.925,-57.8,-0.09,0.428,-93.9,4/8,1.75,False
15min,2,2.0,1,0,0.25,3R,"(1,)",569,85,1.254,103.0,0.65,0.411,-23.5,7/8,2.64,False
15min,2,2.0,1,0,0.25,3R,"(-1,)",581,87,0.958,-18.7,-0.05,0.334,-54.3,2/8,2.7,False
15min,2,2.0,1,0,0.25,3R,"(1, -1)",1150,171,1.099,84.3,0.28,0.372,-45.0,6/8,2.67,False
15min,2,2.0,1,0,0.5,2R,"(1,)",580,86,1.027,10.2,0.04,0.453,-34.7,4/8,1.76,False
15min,2,2.0,1,0,0.5,2R,"(-1,)",592,89,0.892,-42.9,-0.12,0.395,-53.5,2/8,1.81,False
15min,2,2.0,1,0,0.5,2R,"(1, -1)",1172,175,0.957,-32.8,-0.07,0.424,-68.6,4/8,1.78,False
15min,2,2.0,1,0,0.5,3R,"(1,)",580,86,1.234,97.1,0.6,0.397,-24.1,6/8,2.68,False
15min,2,2.0,1,0,0.5,3R,"(-1,)",592,89,0.902,-44.4,-0.1,0.323,-69.1,3/8,2.74,False
15min,2,2.0,1,0,0.5,3R,"(1, -1)",1172,175,1.061,52.6,0.19,0.359,-42.0,4/8,2.71,False
15min,2,2.0,1,1,0.1,2R,"(1,)",347,52,0.946,-12.6,-0.05,0.45,-38.9,3/8,1.71,False
15min,2,2.0,1,1,0.1,2R,"(-1,)",236,36,0.644,-65.4,-0.15,0.347,-67.4,1/8,1.75,False
15min,2,2.0,1,1,0.1,2R,"(1, -1)",583,87,0.813,-78.0,-0.12,0.408,-97.9,2/8,1.73,False
15min,2,2.0,1,1,0.1,3R,"(1,)",347,52,1.15,38.8,0.23,0.398,-25.7,4/8,2.6,False
15min,2,2.0,1,1,0.1,3R,"(-1,)",236,36,0.835,-32.5,-0.11,0.305,-43.6,3/8,2.67,False
15min,2,2.0,1,1,0.1,3R,"(1, -1)",583,87,1.014,6.4,0.02,0.36,-45.2,5/8,2.63,False
15min,2,2.0,1,1,0.25,2R,"(1,)",354,53,1.006,1.3,0.0,0.455,-43.0,2/8,1.73,False
15min,2,2.0,1,1,0.25,2R,"(-1,)",240,36,0.652,-64.3,-0.14,0.342,-67.1,2/8,1.78,False
15min,2,2.0,1,1,0.25,2R,"(1, -1)",594,89,0.85,-63.0,-0.1,0.409,-97.9,3/8,1.75,False
15min,2,2.0,1,1,0.25,3R,"(1,)",354,53,1.185,48.6,0.29,0.393,-24.6,5/8,2.64,False
15min,2,2.0,1,1,0.25,3R,"(-1,)",240,36,0.739,-53.5,-0.12,0.279,-66.9,3/8,2.7,False
15min,2,2.0,1,1,0.25,3R,"(1, -1)",594,89,0.989,-4.9,-0.01,0.347,-63.1,4/8,2.66,False
15min,2,2.0,1,1,0.5,2R,"(1,)",357,53,1.026,6.0,0.04,0.448,-24.7,4/8,1.76,False
15min,2,2.0,1,1,0.5,2R,"(-1,)",242,36,0.744,-45.7,-0.12,0.355,-57.9,2/8,1.81,False
15min,2,2.0,1,1,0.5,2R,"(1, -1)",599,89,0.903,-39.7,-0.08,0.411,-74.5,3/8,1.78,False
15min,2,2.0,1,1,0.5,3R,"(1,)",357,53,1.165,43.4,0.33,0.378,-19.5,6/8,2.68,False
15min,2,2.0,1,1,0.5,3R,"(-1,)",242,36,0.669,-67.9,-0.13,0.26,-81.4,2/8,2.74,False
15min,2,2.0,1,1,0.5,3R,"(1, -1)",599,89,0.948,-24.6,-0.05,0.331,-73.4,3/8,2.71,False
15min,3,1.2,0,0,0.1,2R,"(1,)",2299,343,0.782,-364.9,-0.13,0.411,-423.7,2/8,1.65,False
15min,3,1.2,0,0,0.1,2R,"(-1,)",2237,333,0.755,-403.5,-0.14,0.403,-440.0,1/8,1.67,False
15min,3,1.2,0,0,0.1,2R,"(1, -1)",4536,676,0.769,-768.5,-0.13,0.407,-853.8,2/8,1.66,False
15min,3,1.2,0,0,0.1,3R,"(1,)",2299,343,0.957,-77.6,-0.05,0.366,-234.9,3/8,2.53,False
15min,3,1.2,0,0,0.1,3R,"(-1,)",2237,333,0.902,-177.4,-0.1,0.345,-259.1,3/8,2.55,False
15min,3,1.2,0,0,0.1,3R,"(1, -1)",4536,676,0.93,-254.9,-0.08,0.356,-448.2,3/8,2.54,False
15min,3,1.2,0,0,0.25,2R,"(1,)",2348,350,0.837,-268.9,-0.12,0.418,-345.8,2/8,1.68,False
15min,3,1.2,0,0,0.25,2R,"(-1,)",2296,342,0.758,-408.7,-0.14,0.393,-443.8,1/8,1.69,False
15min,3,1.2,0,0,0.25,2R,"(1, -1)",4644,692,0.797,-677.6,-0.13,0.406,-772.8,2/8,1.69,False
15min,3,1.2,0,0,0.25,3R,"(1,)",2348,350,0.983,-31.0,-0.02,0.361,-191.1,3/8,2.57,False
15min,3,1.2,0,0,0.25,3R,"(-1,)",2296,342,0.875,-233.4,-0.11,0.335,-308.8,3/8,2.58,False
15min,3,1.2,0,0,0.25,3R,"(1, -1)",4644,692,0.928,-264.5,-0.09,0.348,-429.0,3/8,2.58,False
15min,3,1.2,0,0,0.5,2R,"(1,)",2414,360,0.88,-199.5,-0.11,0.423,-278.7,2/8,1.72,False
15min,3,1.2,0,0,0.5,2R,"(-1,)",2359,351,0.792,-352.8,-0.14,0.391,-386.2,1/8,1.73,False
15min,3,1.2,0,0,0.5,2R,"(1, -1)",4773,711,0.835,-552.3,-0.13,0.407,-638.7,2/8,1.72,False
15min,3,1.2,0,0,0.5,3R,"(1,)",2414,360,1.052,93.8,0.18,0.369,-78.7,4/8,2.62,False
15min,3,1.2,0,0,0.5,3R,"(-1,)",2359,351,0.844,-297.2,-0.12,0.321,-360.2,3/8,2.63,False
15min,3,1.2,0,0,0.5,3R,"(1, -1)",4773,711,0.945,-203.4,-0.08,0.345,-385.9,3/8,2.63,False
15min,3,1.2,0,1,0.1,2R,"(1,)",1380,206,0.779,-223.5,-0.13,0.407,-261.6,2/8,1.64,False
15min,3,1.2,0,1,0.1,2R,"(-1,)",970,145,0.704,-217.9,-0.14,0.384,-233.0,1/8,1.67,False
15min,3,1.2,0,1,0.1,2R,"(1, -1)",2350,350,0.747,-441.4,-0.14,0.397,-477.2,2/8,1.66,False
15min,3,1.2,0,1,0.1,3R,"(1,)",1380,206,0.946,-59.8,-0.06,0.363,-161.1,3/8,2.52,False
15min,3,1.2,0,1,0.1,3R,"(-1,)",970,145,0.864,-109.0,-0.12,0.332,-140.0,3/8,2.55,False
15min,3,1.2,0,1,0.1,3R,"(1, -1)",2350,350,0.911,-168.8,-0.09,0.35,-279.8,3/8,2.53,False
15min,3,1.2,0,1,0.25,2R,"(1,)",1410,210,0.842,-156.7,-0.11,0.418,-212.7,2/8,1.67,False
15min,3,1.2,0,1,0.25,2R,"(-1,)",997,149,0.712,-217.9,-0.14,0.375,-237.1,1/8,1.7,False
15min,3,1.2,0,1,0.25,2R,"(1, -1)",2407,359,0.786,-374.6,-0.13,0.4,-423.9,2/8,1.68,False
15min,3,1.2,0,1,0.25,3R,"(1,)",1410,210,0.97,-33.2,-0.03,0.358,-152.3,3/8,2.56,False
15min,3,1.2,0,1,0.25,3R,"(-1,)",997,149,0.822,-148.7,-0.12,0.321,-182.0,1/8,2.59,False
15min,3,1.2,0,1,0.25,3R,"(1, -1)",2407,359,0.906,-181.9,-0.09,0.343,-294.6,2/8,2.57,False
15min,3,1.2,0,1,0.5,2R,"(1,)",1449,216,0.875,-124.8,-0.1,0.421,-185.2,2/8,1.71,False
15min,3,1.2,0,1,0.5,2R,"(-1,)",1017,152,0.784,-159.1,-0.13,0.385,-176.5,1/8,1.73,False
15min,3,1.2,0,1,0.5,2R,"(1, -1)",2466,368,0.836,-283.9,-0.13,0.406,-337.0,2/8,1.72,False
15min,3,1.2,0,1,0.5,3R,"(1,)",1449,216,1.043,47.1,0.08,0.366,-92.7,3/8,2.61,False
15min,3,1.2,0,1,0.5,3R,"(-1,)",1017,152,0.815,-154.1,-0.12,0.31,-188.0,1/8,2.64,False
15min,3,1.2,0,1,0.5,3R,"(1, -1)",2466,368,0.945,-106.9,-0.07,0.343,-243.8,2/8,2.62,False
15min,3,1.2,1,0,0.1,2R,"(1,)",2181,325,0.774,-361.2,-0.13,0.411,-407.9,2/8,1.64,False
15min,3,1.2,1,0,0.1,2R,"(-1,)",2107,314,0.739,-410.3,-0.14,0.4,-450.8,1/8,1.65,False
15min,3,1.2,1,0,0.1,2R,"(1, -1)",4288,639,0.757,-771.5,-0.13,0.406,-852.3,2/8,1.65,False
15min,3,1.2,1,0,0.1,3R,"(1,)",2181,325,0.95,-87.2,-0.06,0.365,-233.4,3/8,2.51,False
15min,3,1.2,1,0,0.1,3R,"(-1,)",2107,314,0.889,-192.5,-0.1,0.341,-279.7,3/8,2.53,False
15min,3,1.2,1,0,0.1,3R,"(1, -1)",4288,639,0.92,-279.7,-0.09,0.353,-467.2,3/8,2.52,False
15min,3,1.2,1,0,0.25,2R,"(1,)",2229,332,0.829,-271.2,-0.12,0.418,-329.8,2/8,1.67,False
15min,3,1.2,1,0,0.25,2R,"(-1,)",2166,323,0.743,-416.4,-0.14,0.39,-451.3,1/8,1.68,False
15min,3,1.2,1,0,0.25,2R,"(1, -1)",4395,655,0.785,-687.5,-0.13,0.404,-771.6,2/8,1.68,False
15min,3,1.2,1,0,0.25,3R,"(1,)",2229,332,0.972,-49.1,-0.04,0.358,-190.1,4/8,2.55,False
15min,3,1.2,1,0,0.25,3R,"(-1,)",2166,323,0.856,-258.0,-0.12,0.33,-334.0,3/8,2.57,False
15min,3,1.2,1,0,0.25,3R,"(1, -1)",4395,655,0.913,-307.1,-0.1,0.344,-456.3,3/8,2.56,False
15min,3,1.2,1,0,0.5,2R,"(1,)",2291,341,0.871,-205.2,-0.11,0.421,-270.9,2/8,1.71,False
15min,3,1.2,1,0,0.5,2R,"(-1,)",2227,332,0.775,-366.2,-0.14,0.386,-400.2,2/8,1.72,False
15min,3,1.2,1,0,0.5,2R,"(1, -1)",4518,673,0.822,-571.4,-0.13,0.404,-649.2,2/8,1.71,False
15min,3,1.2,1,0,0.5,3R,"(1,)",2291,341,1.041,71.2,0.12,0.365,-90.3,4/8,2.61,False
15min,3,1.2,1,0,0.5,3R,"(-1,)",2227,332,0.826,-318.6,-0.12,0.315,-381.9,3/8,2.62,False
15min,3,1.2,1,0,0.5,3R,"(1, -1)",4518,673,0.931,-247.4,-0.09,0.34,-407.6,3/8,2.61,False
15min,3,1.2,1,1,0.1,2R,"(1,)",1287,192,0.775,-213.5,-0.13,0.409,-244.2,2/8,1.63,False
15min,3,1.2,1,1,0.1,2R,"(-1,)",896,135,0.689,-214.2,-0.14,0.382,-234.7,1/8,1.66,False
15min,3,1.2,1,1,0.1,2R,"(1, -1)",2183,325,0.739,-427.6,-0.14,0.398,-464.3,2/8,1.64,False
15min,3,1.2,1,1,0.1,3R,"(1,)",1287,192,0.946,-56.5,-0.05,0.364,-153.3,3/8,2.5,False
15min,3,1.2,1,1,0.1,3R,"(-1,)",896,135,0.852,-110.9,-0.11,0.329,-149.6,3/8,2.53,False
15min,3,1.2,1,1,0.1,3R,"(1, -1)",2183,325,0.906,-167.4,-0.09,0.35,-281.1,3/8,2.51,False
15min,3,1.2,1,1,0.25,2R,"(1,)",1317,196,0.835,-154.8,-0.12,0.418,-197.7,2/8,1.66,False
15min,3,1.2,1,1,0.25,2R,"(-1,)",923,139,0.696,-215.8,-0.14,0.373,-239.7,1/8,1.68,False
15min,3,1.2,1,1,0.25,2R,"(1, -1)",2240,334,0.775,-370.6,-0.13,0.4,-418.3,2/8,1.67,False
15min,3,1.2,1,1,0.25,3R,"(1,)",1317,196,0.962,-40.1,-0.04,0.356,-147.0,3/8,2.54,False
15min,3,1.2,1,1,0.25,3R,"(-1,)",923,139,0.801,-155.8,-0.12,0.316,-192.8,1/8,2.57,False
15min,3,1.2,1,1,0.25,3R,"(1, -1)",2240,334,0.893,-195.9,-0.1,0.34,-299.7,2/8,2.55,False
15min,3,1.2,1,1,0.5,2R,"(1,)",1354,202,0.869,-123.3,-0.11,0.42,-174.6,3/8,1.7,False
15min,3,1.2,1,1,0.5,2R,"(-1,)",941,141,0.771,-158.6,-0.13,0.383,-180.6,1/8,1.72,False
15min,3,1.2,1,1,0.5,2R,"(1, -1)",2295,342,0.828,-281.9,-0.13,0.405,-334.8,2/8,1.71,False
15min,3,1.2,1,1,0.5,3R,"(1,)",1354,202,1.038,39.9,0.07,0.364,-87.5,4/8,2.59,False
15min,3,1.2,1,1,0.5,3R,"(-1,)",941,141,0.789,-166.4,-0.12,0.302,-203.9,1/8,2.63,False
15min,3,1.2,1,1,0.5,3R,"(1, -1)",2295,342,0.931,-126.5,-0.07,0.339,-257.4,3/8,2.61,False
15min,3,1.5,0,0,0.1,2R,"(1,)",1423,212,0.836,-164.8,-0.12,0.417,-206.6,2/8,1.68,False
15min,3,1.5,0,0,0.1,2R,"(-1,)",1463,218,0.758,-260.7,-0.13,0.396,-288.8,1/8,1.7,False
15min,3,1.5,0,0,0.1,2R,"(1, -1)",2886,430,0.796,-425.5,-0.13,0.407,-477.0,2/8,1.69,False
15min,3,1.5,0,0,0.1,3R,"(1,)",1423,212,1.026,28.1,0.06,0.376,-64.7,5/8,2.57,False
15min,3,1.5,0,0,0.1,3R,"(-1,)",1463,218,0.917,-97.7,-0.09,0.34,-160.8,3/8,2.6,False
15min,3,1.5,0,0,0.1,3R,"(1, -1)",2886,430,0.969,-69.6,-0.05,0.358,-195.2,3/8,2.58,False
15min,3,1.5,0,0,0.25,2R,"(1,)",1450,216,0.897,-102.8,-0.09,0.426,-167.2,2/8,1.71,False
15min,3,1.5,0,0,0.25,2R,"(-1,)",1495,223,0.768,-254.3,-0.13,0.387,-281.1,2/8,1.73,False
15min,3,1.5,0,0,0.25,2R,"(1, -1)",2945,439,0.829,-357.1,-0.12,0.406,-427.1,2/8,1.72,False
15min,3,1.5,0,0,0.25,3R,"(1,)",1450,216,1.04,44.2,0.09,0.37,-75.4,5/8,2.6,False
15min,3,1.5,0,0,0.25,3R,"(-1,)",1495,223,0.89,-131.7,-0.11,0.333,-186.6,2/8,2.63,False
15min,3,1.5,0,0,0.25,3R,"(1, -1)",2945,439,0.962,-87.5,-0.06,0.351,-211.0,3/8,2.62,False
15min,3,1.5,0,0,0.5,2R,"(1,)",1492,222,0.919,-81.4,-0.09,0.427,-141.2,2/8,1.74,False
15min,3,1.5,0,0,0.5,2R,"(-1,)",1533,228,0.81,-206.1,-0.13,0.389,-231.6,2/8,1.76,False
15min,3,1.5,0,0,0.5,2R,"(1, -1)",3025,451,0.862,-287.6,-0.12,0.408,-348.0,2/8,1.75,False
15min,3,1.5,0,0,0.5,3R,"(1,)",1492,222,1.096,105.7,0.24,0.376,-65.8,6/8,2.65,False
15min,3,1.5,0,0,0.5,3R,"(-1,)",1533,228,0.861,-168.7,-0.12,0.323,-210.4,2/8,2.68,False
15min,3,1.5,0,0,0.5,3R,"(1, -1)",3025,451,0.973,-62.9,-0.05,0.349,-188.2,3/8,2.66,False
15min,3,1.5,0,1,0.1,2R,"(1,)",860,128,0.812,-116.9,-0.12,0.406,-148.9,1/8,1.68,False
15min,3,1.5,0,1,0.1,2R,"(-1,)",638,95,0.664,-167.6,-0.14,0.357,-177.3,1/8,1.71,False
15min,3,1.5,0,1,0.1,2R,"(1, -1)",1498,223,0.746,-284.4,-0.13,0.385,-314.4,2/8,1.69,False
15min,3,1.5,0,1,0.1,3R,"(1,)",860,128,0.97,-20.4,-0.03,0.364,-94.8,3/8,2.57,False
15min,3,1.5,0,1,0.1,3R,"(-1,)",638,95,0.84,-85.0,-0.11,0.318,-112.5,3/8,2.6,False
15min,3,1.5,0,1,0.1,3R,"(1, -1)",1498,223,0.913,-105.4,-0.08,0.344,-191.5,2/8,2.58,False
15min,3,1.5,0,1,0.25,2R,"(1,)",876,131,0.884,-70.8,-0.09,0.42,-121.3,1/8,1.71,False
15min,3,1.5,0,1,0.25,2R,"(-1,)",652,97,0.688,-156.4,-0.14,0.356,-170.9,1/8,1.73,False
15min,3,1.5,0,1,0.25,2R,"(1, -1)",1528,228,0.796,-227.1,-0.12,0.393,-278.1,2/8,1.72,False
15min,3,1.5,0,1,0.25,3R,"(1,)",876,131,0.991,-6.4,-0.01,0.358,-109.7,3/8,2.6,False
15min,3,1.5,0,1,0.25,3R,"(-1,)",652,97,0.822,-96.5,-0.12,0.316,-125.0,1/8,2.64,False
15min,3,1.5,0,1,0.25,3R,"(1, -1)",1528,228,0.916,-102.9,-0.07,0.34,-208.7,2/8,2.62,False
15min,3,1.5,0,1,0.5,2R,"(1,)",902,134,0.884,-72.0,-0.08,0.417,-126.8,1/8,1.74,False
15min,3,1.5,0,1,0.5,2R,"(-1,)",666,100,0.779,-106.9,-0.13,0.374,-121.3,1/8,1.76,False
15min,3,1.5,0,1,0.5,2R,"(1, -1)",1568,234,0.838,-178.9,-0.11,0.399,-236.5,2/8,1.75,False
15min,3,1.5,0,1,0.5,3R,"(1,)",902,134,1.057,38.9,0.07,0.367,-83.6,3/8,2.65,False
15min,3,1.5,0,1,0.5,3R,"(-1,)",666,100,0.816,-99.4,-0.12,0.308,-122.9,2/8,2.68,False
15min,3,1.5,0,1,0.5,3R,"(1, -1)",1568,234,0.95,-60.5,-0.05,0.342,-182.0,2/8,2.66,False
15min,3,1.5,1,0,0.1,2R,"(1,)",1338,199,0.827,-165.5,-0.12,0.418,-200.1,2/8,1.67,False
15min,3,1.5,1,0,0.1,2R,"(-1,)",1366,204,0.738,-267.0,-0.13,0.393,-300.3,1/8,1.69,False
15min,3,1.5,1,0,0.1,2R,"(1, -1)",2704,403,0.781,-432.5,-0.13,0.405,-485.1,2/8,1.68,False
15min,3,1.5,1,0,0.1,3R,"(1,)",1338,199,1.013,14.0,0.03,0.374,-67.7,5/8,2.55,False
15min,3,1.5,1,0,0.1,3R,"(-1,)",1366,204,0.896,-116.7,-0.09,0.334,-185.6,3/8,2.58,False
15min,3,1.5,1,0,0.1,3R,"(1, -1)",2704,403,0.952,-102.6,-0.07,0.354,-223.8,3/8,2.56,False
15min,3,1.5,1,0,0.25,2R,"(1,)",1365,204,0.887,-107.6,-0.1,0.426,-161.3,2/8,1.69,False
15min,3,1.5,1,0,0.25,2R,"(-1,)",1398,208,0.75,-259.8,-0.13,0.383,-291.0,2/8,1.72,False
15min,3,1.5,1,0,0.25,2R,"(1, -1)",2763,412,0.815,-367.4,-0.13,0.404,-433.1,2/8,1.71,False
15min,3,1.5,1,0,0.25,3R,"(1,)",1365,204,1.023,24.4,0.05,0.366,-80.6,4/8,2.59,False
15min,3,1.5,1,0,0.25,3R,"(-1,)",1398,208,0.864,-155.6,-0.11,0.326,-215.3,2/8,2.62,False
15min,3,1.5,1,0,0.25,3R,"(1, -1)",2763,412,0.94,-131.3,-0.08,0.346,-245.6,3/8,2.6,False
15min,3,1.5,1,0,0.5,2R,"(1,)",1403,209,0.906,-90.4,-0.1,0.424,-139.4,2/8,1.73,False
15min,3,1.5,1,0,0.5,2R,"(-1,)",1435,214,0.793,-214.3,-0.13,0.384,-244.3,2/8,1.75,False
15min,3,1.5,1,0,0.5,2R,"(1, -1)",2838,423,0.847,-304.8,-0.13,0.404,-363.2,2/8,1.74,False
15min,3,1.5,1,0,0.5,3R,"(1,)",1403,209,1.077,81.5,0.19,0.371,-62.5,5/8,2.64,False
15min,3,1.5,1,0,0.5,3R,"(-1,)",1435,214,0.841,-185.2,-0.12,0.316,-231.5,2/8,2.66,False
15min,3,1.5,1,0,0.5,3R,"(1, -1)",2838,423,0.953,-103.7,-0.07,0.343,-217.9,3/8,2.65,False
15min,3,1.5,1,1,0.1,2R,"(1,)",795,119,0.811,-109.9,-0.12,0.409,-138.5,1/8,1.66,False
15min,3,1.5,1,1,0.1,2R,"(-1,)",581,87,0.632,-170.0,-0.14,0.351,-181.7,1/8,1.69,False
15min,3,1.5,1,1,0.1,2R,"(1, -1)",1376,205,0.732,-279.9,-0.13,0.384,-314.5,2/8,1.68,False
15min,3,1.5,1,1,0.1,3R,"(1,)",795,119,0.967,-21.0,-0.03,0.364,-91.4,2/8,2.54,False
15min,3,1.5,1,1,0.1,3R,"(-1,)",581,87,0.812,-92.9,-0.11,0.312,-125.2,2/8,2.58,False
15min,3,1.5,1,1,0.1,3R,"(1, -1)",1376,205,0.899,-114.0,-0.08,0.342,-204.8,2/8,2.56,False
15min,3,1.5,1,1,0.25,2R,"(1,)",811,121,0.88,-68.7,-0.09,0.422,-114.0,1/8,1.69,False
15min,3,1.5,1,1,0.25,2R,"(-1,)",595,89,0.657,-159.9,-0.14,0.35,-175.7,1/8,1.72,False
15min,3,1.5,1,1,0.25,2R,"(1, -1)",1406,210,0.78,-228.6,-0.12,0.391,-282.8,2/8,1.7,False
15min,3,1.5,1,1,0.25,3R,"(1,)",811,121,0.979,-13.2,-0.02,0.355,-108.6,3/8,2.58,False
15min,3,1.5,1,1,0.25,3R,"(-1,)",595,89,0.784,-109.1,-0.12,0.308,-138.9,2/8,2.62,False
15min,3,1.5,1,1,0.25,3R,"(1, -1)",1406,210,0.893,-122.3,-0.08,0.335,-227.3,2/8,2.6,False
15min,3,1.5,1,1,0.5,2R,"(1,)",835,124,0.874,-73.6,-0.09,0.414,-122.3,2/8,1.73,False
15min,3,1.5,1,1,0.5,2R,"(-1,)",608,91,0.757,-108.8,-0.13,0.37,-124.6,2/8,1.75,False
15min,3,1.5,1,1,0.5,2R,"(1, -1)",1443,215,0.823,-182.4,-0.11,0.396,-243.1,2/8,1.74,False
15min,3,1.5,1,1,0.5,3R,"(1,)",835,124,1.044,28.3,0.05,0.362,-81.3,4/8,2.63,False
15min,3,1.5,1,1,0.5,3R,"(-1,)",608,91,0.783,-109.7,-0.12,0.299,-133.5,2/8,2.66,False
15min,3,1.5,1,1,0.5,3R,"(1, -1)",1443,215,0.929,-81.4,-0.06,0.335,-197.3,3/8,2.65,False
15min,3,2.0,0,0,0.1,2R,"(1,)",533,79,0.915,-30.5,-0.07,0.433,-69.0,4/8,1.72,False
15min,3,2.0,0,0,0.1,2R,"(-1,)",525,79,0.885,-41.6,-0.12,0.417,-51.4,2/8,1.77,False
15min,3,2.0,0,0,0.1,2R,"(1, -1)",1058,158,0.9,-72.1,-0.11,0.425,-96.5,4/8,1.74,False
15min,3,2.0,0,0,0.1,3R,"(1,)",533,79,1.13,50.3,0.24,0.396,-31.6,5/8,2.62,False
15min,3,2.0,0,0,0.1,3R,"(-1,)",525,79,1.06,23.7,0.11,0.356,-32.8,5/8,2.69,False
15min,3,2.0,0,0,0.1,3R,"(1, -1)",1058,158,1.095,73.9,0.21,0.376,-53.7,6/8,2.65,False
15min,3,2.0,0,0,0.25,2R,"(1,)",542,81,0.947,-19.0,-0.04,0.432,-72.8,3/8,1.74,False
15min,3,2.0,0,0,0.25,2R,"(-1,)",537,80,0.883,-42.7,-0.13,0.408,-49.1,1/8,1.79,False
15min,3,2.0,0,0,0.25,2R,"(1, -1)",1079,161,0.915,-61.8,-0.1,0.42,-94.4,4/8,1.76,False
15min,3,2.0,0,0,0.25,3R,"(1,)",542,81,1.163,63.5,0.26,0.395,-36.1,5/8,2.65,False
15min,3,2.0,0,0,0.25,3R,"(-1,)",537,80,1.07,27.7,0.13,0.359,-32.7,4/8,2.71,False
15min,3,2.0,0,0,0.25,3R,"(1, -1)",1079,161,1.116,91.2,0.25,0.377,-54.5,6/8,2.68,False
15min,3,2.0,0,0,0.5,2R,"(1,)",550,82,0.999,-0.3,-0.0,0.442,-43.8,4/8,1.77,False
15min,3,2.0,0,0,0.5,2R,"(-1,)",550,82,0.925,-27.2,-0.12,0.404,-34.5,3/8,1.81,False
15min,3,2.0,0,0,0.5,2R,"(1, -1)",1100,164,0.961,-27.5,-0.06,0.423,-63.7,4/8,1.79,False
15min,3,2.0,0,0,0.5,3R,"(1,)",550,82,1.203,78.3,0.39,0.398,-30.0,6/8,2.7,False
15min,3,2.0,0,0,0.5,3R,"(-1,)",550,82,0.962,-15.3,-0.05,0.345,-47.0,5/8,2.75,False
15min,3,2.0,0,0,0.5,3R,"(1, -1)",1100,164,1.08,63.0,0.18,0.372,-53.0,6/8,2.72,False
15min,3,2.0,0,1,0.1,2R,"(1,)",326,49,0.94,-13.0,-0.05,0.439,-38.0,4/8,1.73,False
15min,3,2.0,0,1,0.1,2R,"(-1,)",218,33,0.621,-66.0,-0.15,0.335,-66.7,0/8,1.77,False
15min,3,2.0,0,1,0.1,2R,"(1, -1)",544,81,0.797,-79.0,-0.13,0.397,-91.4,3/8,1.75,False
15min,3,2.0,0,1,0.1,3R,"(1,)",326,49,1.154,36.0,0.26,0.402,-20.4,5/8,2.63,False
15min,3,2.0,0,1,0.1,3R,"(-1,)",218,33,0.769,-42.7,-0.14,0.289,-45.1,3/8,2.7,False
15min,3,2.0,0,1,0.1,3R,"(1, -1)",544,81,0.984,-6.7,-0.02,0.357,-41.3,5/8,2.66,False
15min,3,2.0,0,1,0.25,2R,"(1,)",330,49,0.994,-1.2,-0.0,0.442,-39.6,4/8,1.75,False
15min,3,2.0,0,1,0.25,2R,"(-1,)",223,34,0.641,-62.6,-0.15,0.336,-63.3,0/8,1.79,False
15min,3,2.0,0,1,0.25,2R,"(1, -1)",553,82,0.836,-63.8,-0.11,0.4,-86.6,2/8,1.77,False
15min,3,2.0,0,1,0.25,3R,"(1,)",330,49,1.193,45.4,0.32,0.4,-21.1,4/8,2.66,False
15min,3,2.0,0,1,0.25,3R,"(-1,)",223,34,0.797,-37.5,-0.13,0.3,-43.5,2/8,2.72,False
15min,3,2.0,0,1,0.25,3R,"(1, -1)",553,82,1.019,7.9,0.03,0.36,-41.6,4/8,2.69,False
15min,3,2.0,0,1,0.5,2R,"(1,)",334,50,1.022,4.5,0.02,0.449,-28.1,4/8,1.78,False
15min,3,2.0,0,1,0.5,2R,"(-1,)",226,34,0.72,-47.2,-0.15,0.345,-48.4,1/8,1.82,False
15min,3,2.0,0,1,0.5,2R,"(1, -1)",560,83,0.887,-42.6,-0.09,0.407,-67.7,3/8,1.79,False
15min,3,2.0,0,1,0.5,3R,"(1,)",334,50,1.234,54.1,0.45,0.404,-18.0,5/8,2.7,False
15min,3,2.0,0,1,0.5,3R,"(-1,)",226,34,0.724,-50.8,-0.14,0.288,-54.0,2/8,2.76,False
15min,3,2.0,0,1,0.5,3R,"(1, -1)",560,83,1.008,3.3,0.01,0.357,-41.1,3/8,2.72,False
15min,3,2.0,1,0,0.1,2R,"(1,)",482,72,0.886,-37.8,-0.09,0.432,-65.1,4/8,1.7,False
15min,3,2.0,1,0,0.1,2R,"(-1,)",474,71,0.845,-51.9,-0.13,0.409,-60.6,2/8,1.75,False
15min,3,2.0,1,0,0.1,2R,"(1, -1)",956,143,0.865,-89.7,-0.12,0.421,-110.0,3/8,1.72,False
15min,3,2.0,1,0,0.1,3R,"(1,)",482,72,1.103,37.2,0.16,0.39,-34.2,5/8,2.59,False
15min,3,2.0,1,0,0.1,3R,"(-1,)",474,71,1.016,5.8,0.02,0.344,-46.5,5/8,2.66,False
15min,3,2.0,1,0,0.1,3R,"(1, -1)",956,143,1.059,43.0,0.09,0.367,-69.1,5/8,2.63,False
15min,3,2.0,1,0,0.25,2R,"(1,)",491,73,0.916,-28.0,-0.06,0.428,-68.3,4/8,1.72,False
15min,3,2.0,1,0,0.25,2R,"(-1,)",486,73,0.843,-53.5,-0.13,0.397,-59.9,1/8,1.77,False
15min,3,2.0,1,0,0.25,2R,"(1, -1)",977,146,0.879,-81.5,-0.11,0.412,-110.3,3/8,1.75,False
15min,3,2.0,1,0,0.25,3R,"(1,)",491,73,1.131,47.8,0.19,0.387,-38.1,5/8,2.63,False
15min,3,2.0,1,0,0.25,3R,"(-1,)",486,73,1.017,6.1,0.02,0.346,-45.2,5/8,2.69,False
15min,3,2.0,1,0,0.25,3R,"(1, -1)",977,146,1.074,53.9,0.11,0.366,-70.1,5/8,2.66,False
15min,3,2.0,1,0,0.5,2R,"(1,)",498,74,0.976,-7.7,-0.03,0.436,-40.1,3/8,1.75,False
15min,3,2.0,1,0,0.5,2R,"(-1,)",499,75,0.873,-43.3,-0.12,0.389,-53.1,3/8,1.8,False
15min,3,2.0,1,0,0.5,2R,"(1, -1)",997,149,0.924,-51.0,-0.09,0.412,-85.0,3/8,1.78,False
15min,3,2.0,1,0,0.5,3R,"(1,)",498,74,1.174,62.9,0.28,0.388,-33.3,6/8,2.67,False
15min,3,2.0,1,0,0.5,3R,"(-1,)",499,75,0.921,-30.2,-0.07,0.331,-62.2,4/8,2.73,False
15min,3,2.0,1,0,0.5,3R,"(1, -1)",997,149,1.044,32.6,0.07,0.359,-65.9,4/8,2.7,False
15min,3,2.0,1,1,0.1,2R,"(1,)",286,43,0.904,-18.8,-0.08,0.437,-34.6,3/8,1.7,False
15min,3,2.0,1,1,0.1,2R,"(-1,)",192,29,0.57,-68.4,-0.15,0.318,-69.4,0/8,1.75,False
15min,3,2.0,1,1,0.1,2R,"(1, -1)",478,71,0.754,-87.3,-0.14,0.389,-95.9,2/8,1.72,False
15min,3,2.0,1,1,0.1,3R,"(1,)",286,43,1.118,25.3,0.17,0.395,-22.3,4/8,2.6,False
15min,3,2.0,1,1,0.1,3R,"(-1,)",192,29,0.715,-48.1,-0.14,0.271,-51.8,3/8,2.67,False
15min,3,2.0,1,1,0.1,3R,"(1, -1)",478,71,0.94,-22.8,-0.06,0.345,-53.9,5/8,2.62,False
15min,3,2.0,1,1,0.25,2R,"(1,)",290,43,0.951,-9.5,-0.04,0.438,-36.3,4/8,1.72,False
15min,3,2.0,1,1,0.25,2R,"(-1,)",197,30,0.579,-67.7,-0.15,0.315,-69.0,0/8,1.77,False
15min,3,2.0,1,1,0.25,2R,"(1, -1)",487,73,0.784,-77.2,-0.12,0.388,-96.3,3/8,1.74,False
15min,3,2.0,1,1,0.25,3R,"(1,)",290,43,1.146,31.6,0.24,0.39,-19.7,5/8,2.63,False
15min,3,2.0,1,1,0.25,3R,"(-1,)",197,30,0.725,-46.5,-0.13,0.279,-53.2,3/8,2.69,False
15min,3,2.0,1,1,0.25,3R,"(1, -1)",487,73,0.961,-14.9,-0.04,0.345,-58.6,3/8,2.65,False
15min,3,2.0,1,1,0.5,2R,"(1,)",293,44,0.986,-2.7,-0.02,0.44,-25.8,3/8,1.75,False
15min,3,2.0,1,1,0.5,2R,"(-1,)",200,30,0.659,-53.3,-0.14,0.325,-55.5,1/8,1.8,False
15min,3,2.0,1,1,0.5,2R,"(1, -1)",493,74,0.84,-56.0,-0.11,0.394,-79.0,3/8,1.77,False
15min,3,2.0,1,1,0.5,3R,"(1,)",293,44,1.184,39.4,0.29,0.389,-20.4,5/8,2.67,False
15min,3,2.0,1,1,0.5,3R,"(-1,)",200,30,0.657,-58.5,-0.14,0.265,-62.8,3/8,2.73,False
15min,3,2.0,1,1,0.5,3R,"(1, -1)",493,74,0.95,-19.1,-0.05,0.339,-59.1,4/8,2.7,False
15min,4,1.2,0,0,0.1,2R,"(1,)",1966,293,0.783,-310.0,-0.12,0.409,-370.5,2/8,1.66,False
15min,4,1.2,0,0,0.1,2R,"(-1,)",1923,286,0.768,-324.1,-0.13,0.404,-358.9,1/8,1.67,False
15min,4,1.2,0,0,0.1,2R,"(1, -1)",3889,579,0.776,-634.1,-0.13,0.407,-714.8,2/8,1.66,False
15min,4,1.2,0,0,0.1,3R,"(1,)",1966,293,0.956,-69.1,-0.05,0.363,-198.6,2/8,2.54,False
15min,4,1.2,0,0,0.1,3R,"(-1,)",1923,286,0.939,-93.0,-0.08,0.354,-175.0,3/8,2.55,False
15min,4,1.2,0,0,0.1,3R,"(1, -1)",3889,579,0.947,-162.1,-0.07,0.359,-348.4,3/8,2.55,False
15min,4,1.2,0,0,0.25,2R,"(1,)",2007,299,0.836,-232.7,-0.12,0.416,-299.8,2/8,1.69,False
15min,4,1.2,0,0,0.25,2R,"(-1,)",1968,293,0.784,-306.7,-0.14,0.398,-335.4,1/8,1.7,False
15min,4,1.2,0,0,0.25,2R,"(1, -1)",3975,592,0.81,-539.4,-0.13,0.407,-613.6,2/8,1.69,False
15min,4,1.2,0,0,0.25,3R,"(1,)",2007,299,0.986,-21.2,-0.02,0.361,-150.9,3/8,2.58,False
15min,4,1.2,0,0,0.25,3R,"(-1,)",1968,293,0.907,-145.4,-0.1,0.342,-226.1,3/8,2.59,False
15min,4,1.2,0,0,0.25,3R,"(1, -1)",3975,592,0.947,-166.6,-0.07,0.352,-344.4,3/8,2.58,False
15min,4,1.2,0,0,0.5,2R,"(1,)",2063,307,0.858,-203.1,-0.11,0.413,-268.5,2/8,1.73,False
15min,4,1.2,0,0,0.5,2R,"(-1,)",2020,301,0.821,-255.0,-0.13,0.398,-288.5,2/8,1.73,False
15min,4,1.2,0,0,0.5,2R,"(1, -1)",4083,608,0.84,-458.0,-0.13,0.406,-537.7,2/8,1.73,False
15min,4,1.2,0,0,0.5,3R,"(1,)",2063,307,1.025,39.9,0.08,0.36,-77.0,4/8,2.63,False
15min,4,1.2,0,0,0.5,3R,"(-1,)",2020,301,0.869,-210.8,-0.12,0.329,-260.9,3/8,2.64,False
15min,4,1.2,0,0,0.5,3R,"(1, -1)",4083,608,0.946,-170.8,-0.08,0.345,-309.5,3/8,2.64,False
15min,4,1.2,0,1,0.1,2R,"(1,)",1203,179,0.788,-186.2,-0.12,0.407,-232.3,2/8,1.66,False
15min,4,1.2,0,1,0.1,2R,"(-1,)",815,122,0.713,-175.9,-0.14,0.385,-190.4,1/8,1.67,False
15min,4,1.2,0,1,0.1,2R,"(1, -1)",2018,301,0.757,-362.1,-0.13,0.398,-412.6,2/8,1.66,False
15min,4,1.2,0,1,0.1,3R,"(1,)",1203,179,0.942,-55.5,-0.06,0.357,-143.3,2/8,2.54,False
15min,4,1.2,0,1,0.1,3R,"(-1,)",815,122,0.932,-44.6,-0.08,0.347,-84.2,3/8,2.55,False
15min,4,1.2,0,1,0.1,3R,"(1, -1)",2018,301,0.938,-100.0,-0.07,0.353,-210.8,2/8,2.54,False
15min,4,1.2,0,1,0.25,2R,"(1,)",1227,183,0.842,-137.3,-0.11,0.414,-190.0,2/8,1.69,False
15min,4,1.2,0,1,0.25,2R,"(-1,)",837,125,0.742,-160.6,-0.13,0.382,-181.6,1/8,1.69,False
15min,4,1.2,0,1,0.25,2R,"(1, -1)",2064,308,0.8,-297.9,-0.12,0.401,-360.2,2/8,1.69,False
15min,4,1.2,0,1,0.25,3R,"(1,)",1227,183,0.961,-38.0,-0.04,0.354,-133.5,2/8,2.58,False
15min,4,1.2,0,1,0.25,3R,"(-1,)",837,125,0.888,-75.6,-0.1,0.336,-113.9,3/8,2.59,False
15min,4,1.2,0,1,0.25,3R,"(1, -1)",2064,308,0.931,-113.7,-0.07,0.346,-232.9,2/8,2.58,False
15min,4,1.2,0,1,0.5,2R,"(1,)",1257,187,0.859,-123.8,-0.1,0.41,-177.2,2/8,1.72,False
15min,4,1.2,0,1,0.5,2R,"(-1,)",860,129,0.809,-117.3,-0.13,0.39,-132.4,2/8,1.73,False
15min,4,1.2,0,1,0.5,2R,"(1, -1)",2117,315,0.838,-241.1,-0.12,0.402,-300.6,2/8,1.73,False
15min,4,1.2,0,1,0.5,3R,"(1,)",1257,187,1.003,2.8,0.0,0.353,-87.4,3/8,2.63,False
15min,4,1.2,0,1,0.5,3R,"(-1,)",860,129,0.846,-107.5,-0.12,0.317,-131.7,2/8,2.64,False
15min,4,1.2,0,1,0.5,3R,"(1, -1)",2117,315,0.937,-104.7,-0.08,0.339,-203.2,2/8,2.63,False
15min,4,1.2,1,0,0.1,2R,"(1,)",1870,279,0.784,-294.9,-0.13,0.412,-348.8,2/8,1.65,False
15min,4,1.2,1,0,0.1,2R,"(-1,)",1810,270,0.75,-332.9,-0.13,0.402,-368.3,1/8,1.66,False
15min,4,1.2,1,0,0.1,2R,"(1, -1)",3680,548,0.767,-627.8,-0.13,0.407,-706.4,2/8,1.65,False
15min,4,1.2,1,0,0.1,3R,"(1,)",1870,279,0.962,-56.5,-0.05,0.365,-184.8,3/8,2.52,False
15min,4,1.2,1,0,0.1,3R,"(-1,)",1810,270,0.919,-118.4,-0.09,0.35,-196.4,3/8,2.53,False
15min,4,1.2,1,0,0.1,3R,"(1, -1)",3680,548,0.941,-174.9,-0.07,0.357,-355.6,3/8,2.53,False
15min,4,1.2,1,0,0.25,2R,"(1,)",1911,285,0.836,-222.4,-0.12,0.418,-280.3,2/8,1.68,False
15min,4,1.2,1,0,0.25,2R,"(-1,)",1855,276,0.765,-318.8,-0.14,0.395,-344.4,1/8,1.69,False
15min,4,1.2,1,0,0.25,2R,"(1, -1)",3766,561,0.8,-541.1,-0.13,0.407,-606.3,2/8,1.68,False
15min,4,1.2,1,0,0.25,3R,"(1,)",1911,285,0.991,-14.1,-0.02,0.361,-136.7,4/8,2.57,False
15min,4,1.2,1,0,0.25,3R,"(-1,)",1855,276,0.88,-180.3,-0.11,0.336,-252.4,3/8,2.57,False
15min,4,1.2,1,0,0.25,3R,"(1, -1)",3766,561,0.935,-194.3,-0.08,0.349,-354.6,3/8,2.57,False
15min,4,1.2,1,0,0.5,2R,"(1,)",1963,293,0.861,-191.3,-0.11,0.414,-251.7,2/8,1.72,False
15min,4,1.2,1,0,0.5,2R,"(-1,)",1906,284,0.8,-272.7,-0.13,0.393,-304.1,2/8,1.72,False
15min,4,1.2,1,0,0.5,2R,"(1, -1)",3869,576,0.831,-464.1,-0.13,0.404,-537.3,2/8,1.72,False
15min,4,1.2,1,0,0.5,3R,"(1,)",1963,293,1.032,48.1,0.1,0.36,-68.9,4/8,2.62,False
15min,4,1.2,1,0,0.5,3R,"(-1,)",1906,284,0.848,-235.4,-0.12,0.323,-281.5,3/8,2.63,False
15min,4,1.2,1,0,0.5,3R,"(1, -1)",3869,576,0.939,-187.3,-0.09,0.342,-317.4,3/8,2.62,False
15min,4,1.2,1,1,0.1,2R,"(1,)",1130,168,0.793,-171.3,-0.12,0.412,-212.8,2/8,1.64,False
15min,4,1.2,1,1,0.1,2R,"(-1,)",755,114,0.699,-172.5,-0.14,0.384,-187.5,2/8,1.65,False
15min,4,1.2,1,1,0.1,2R,"(1, -1)",1885,281,0.755,-343.7,-0.13,0.401,-395.3,2/8,1.65,False
15min,4,1.2,1,1,0.1,3R,"(1,)",1130,168,0.957,-39.2,-0.05,0.361,-127.3,3/8,2.52,False
15min,4,1.2,1,1,0.1,3R,"(-1,)",755,114,0.922,-48.0,-0.08,0.346,-89.7,3/8,2.53,False
15min,4,1.2,1,1,0.1,3R,"(1, -1)",1885,281,0.943,-87.2,-0.06,0.355,-200.5,2/8,2.52,False
15min,4,1.2,1,1,0.25,2R,"(1,)",1154,172,0.844,-127.9,-0.11,0.418,-173.2,2/8,1.67,False
15min,4,1.2,1,1,0.25,2R,"(-1,)",777,117,0.728,-158.7,-0.13,0.381,-179.6,1/8,1.68,False
15min,4,1.2,1,1,0.25,2R,"(1, -1)",1931,288,0.796,-286.5,-0.12,0.403,-346.2,2/8,1.68,False
15min,4,1.2,1,1,0.25,3R,"(1,)",1154,172,0.97,-27.7,-0.04,0.355,-114.6,3/8,2.56,False
15min,4,1.2,1,1,0.25,3R,"(-1,)",777,117,0.868,-84.2,-0.1,0.332,-123.1,3/8,2.57,False
15min,4,1.2,1,1,0.25,3R,"(1, -1)",1931,288,0.928,-111.9,-0.07,0.346,-227.0,2/8,2.56,False
15min,4,1.2,1,1,0.5,2R,"(1,)",1182,176,0.864,-112.5,-0.1,0.412,-164.6,2/8,1.71,False
15min,4,1.2,1,1,0.5,2R,"(-1,)",799,120,0.797,-117.2,-0.13,0.388,-136.5,2/8,1.72,False
15min,4,1.2,1,1,0.5,2R,"(1, -1)",1981,295,0.837,-229.7,-0.12,0.402,-291.8,2/8,1.72,False
15min,4,1.2,1,1,0.5,3R,"(1,)",1182,176,1.016,14.8,0.03,0.354,-73.1,3/8,2.61,False
15min,4,1.2,1,1,0.5,3R,"(-1,)",799,120,0.819,-119.5,-0.12,0.312,-146.6,2/8,2.62,False
15min,4,1.2,1,1,0.5,3R,"(1, -1)",1981,295,0.934,-104.7,-0.08,0.337,-204.6,2/8,2.61,False
15min,4,1.5,0,0,0.1,2R,"(1,)",1251,187,0.822,-158.1,-0.12,0.411,-196.7,2/8,1.69,False
15min,4,1.5,0,0,0.1,2R,"(-1,)",1297,193,0.749,-239.3,-0.14,0.395,-263.2,1/8,1.69,False
15min,4,1.5,0,0,0.1,2R,"(1, -1)",2548,380,0.784,-397.4,-0.14,0.403,-438.3,2/8,1.69,False
15min,4,1.5,0,0,0.1,3R,"(1,)",1251,187,1.008,7.6,0.02,0.372,-67.1,4/8,2.58,False
15min,4,1.5,0,0,0.1,3R,"(-1,)",1297,193,0.927,-75.4,-0.08,0.346,-135.1,4/8,2.58,False
15min,4,1.5,0,0,0.1,3R,"(1, -1)",2548,380,0.966,-67.7,-0.06,0.359,-175.6,3/8,2.58,False
15min,4,1.5,0,0,0.25,2R,"(1,)",1274,190,0.874,-111.2,-0.1,0.418,-162.6,2/8,1.72,False
15min,4,1.5,0,0,0.25,2R,"(-1,)",1323,197,0.776,-214.7,-0.13,0.392,-240.0,2/8,1.72,False
15min,4,1.5,0,0,0.25,2R,"(1, -1)",2597,387,0.823,-325.9,-0.13,0.405,-375.1,2/8,1.72,False
15min,4,1.5,0,0,0.25,3R,"(1,)",1274,190,1.027,26.1,0.06,0.367,-65.0,4/8,2.62,False
15min,4,1.5,0,0,0.25,3R,"(-1,)",1323,197,0.899,-106.5,-0.09,0.339,-167.2,3/8,2.62,False
15min,4,1.5,0,0,0.25,3R,"(1, -1)",2597,387,0.96,-80.4,-0.06,0.353,-193.8,3/8,2.62,False
15min,4,1.5,0,0,0.5,2R,"(1,)",1310,195,0.883,-104.6,-0.11,0.415,-146.7,1/8,1.75,False
15min,4,1.5,0,0,0.5,2R,"(-1,)",1356,202,0.816,-175.6,-0.13,0.393,-206.9,2/8,1.75,False
15min,4,1.5,0,0,0.5,2R,"(1, -1)",2666,397,0.848,-280.1,-0.13,0.404,-327.8,2/8,1.75,False
15min,4,1.5,0,0,0.5,3R,"(1,)",1310,195,1.059,57.7,0.18,0.365,-48.9,5/8,2.67,False
15min,4,1.5,0,0,0.5,3R,"(-1,)",1356,202,0.871,-138.3,-0.12,0.329,-177.0,2/8,2.66,False
15min,4,1.5,0,0,0.5,3R,"(1, -1)",2666,397,0.961,-80.7,-0.07,0.347,-180.2,3/8,2.67,False
15min,4,1.5,0,1,0.1,2R,"(1,)",766,114,0.821,-98.2,-0.11,0.406,-134.2,1/8,1.69,False
15min,4,1.5,0,1,0.1,2R,"(-1,)",562,84,0.661,-147.8,-0.14,0.359,-158.1,1/8,1.69,False
15min,4,1.5,0,1,0.1,2R,"(1, -1)",1328,198,0.75,-246.0,-0.13,0.386,-278.5,2/8,1.69,False
15min,4,1.5,0,1,0.1,3R,"(1,)",766,114,0.992,-5.0,-0.01,0.366,-74.2,4/8,2.59,False
15min,4,1.5,0,1,0.1,3R,"(-1,)",562,84,0.874,-57.7,-0.1,0.329,-86.0,3/8,2.58,False
15min,4,1.5,0,1,0.1,3R,"(1, -1)",1328,198,0.941,-62.7,-0.06,0.35,-150.3,2/8,2.58,False
15min,4,1.5,0,1,0.25,2R,"(1,)",778,116,0.879,-65.5,-0.09,0.415,-111.6,1/8,1.72,False
15min,4,1.5,0,1,0.25,2R,"(-1,)",574,86,0.701,-130.2,-0.13,0.362,-144.9,1/8,1.72,False
15min,4,1.5,0,1,0.25,2R,"(1, -1)",1352,201,0.8,-195.7,-0.12,0.393,-244.3,2/8,1.72,False
15min,4,1.5,0,1,0.25,3R,"(1,)",778,116,1.002,1.0,0.0,0.359,-86.9,4/8,2.62,False
15min,4,1.5,0,1,0.25,3R,"(-1,)",574,86,0.848,-71.1,-0.1,0.326,-102.5,3/8,2.61,False
15min,4,1.5,0,1,0.25,3R,"(1, -1)",1352,201,0.934,-70.1,-0.06,0.345,-171.9,2/8,2.62,False
15min,4,1.5,0,1,0.5,2R,"(1,)",798,119,0.875,-68.5,-0.09,0.407,-115.8,1/8,1.76,False
15min,4,1.5,0,1,0.5,2R,"(-1,)",590,88,0.778,-94.2,-0.13,0.375,-109.7,2/8,1.75,False
15min,4,1.5,0,1,0.5,2R,"(1, -1)",1388,207,0.833,-162.7,-0.11,0.393,-215.5,2/8,1.75,False
15min,4,1.5,0,1,0.5,3R,"(1,)",798,119,1.048,28.7,0.07,0.36,-64.3,4/8,2.67,False
15min,4,1.5,0,1,0.5,3R,"(-1,)",590,88,0.834,-78.4,-0.12,0.315,-96.8,2/8,2.66,False
15min,4,1.5,0,1,0.5,3R,"(1, -1)",1388,207,0.953,-49.7,-0.05,0.341,-142.4,2/8,2.67,False
15min,4,1.5,1,0,0.1,2R,"(1,)",1179,176,0.822,-149.8,-0.12,0.414,-185.8,2/8,1.68,False
15min,4,1.5,1,0,0.1,2R,"(-1,)",1206,180,0.724,-249.4,-0.14,0.391,-274.9,1/8,1.68,False
15min,4,1.5,1,0,0.1,2R,"(1, -1)",2385,355,0.771,-399.2,-0.13,0.402,-444.3,2/8,1.68,False
15min,4,1.5,1,0,0.1,3R,"(1,)",1179,176,1.011,9.8,0.02,0.372,-62.0,4/8,2.56,False
15min,4,1.5,1,0,0.1,3R,"(-1,)",1206,180,0.898,-99.9,-0.09,0.34,-158.6,3/8,2.56,False
15min,4,1.5,1,0,0.1,3R,"(1, -1)",2385,355,0.952,-90.2,-0.07,0.356,-196.0,3/8,2.56,False
15min,4,1.5,1,0,0.25,2R,"(1,)",1202,179,0.872,-107.4,-0.1,0.42,-153.5,2/8,1.7,False
15min,4,1.5,1,0,0.25,2R,"(-1,)",1232,184,0.753,-224.2,-0.13,0.388,-250.1,2/8,1.71,False
15min,4,1.5,1,0,0.25,2R,"(1, -1)",2434,363,0.81,-331.7,-0.13,0.404,-380.1,2/8,1.71,False
15min,4,1.5,1,0,0.25,3R,"(1,)",1202,179,1.025,22.9,0.05,0.365,-62.1,4/8,2.6,False
15min,4,1.5,1,0,0.25,3R,"(-1,)",1232,184,0.864,-136.3,-0.1,0.332,-195.1,3/8,2.6,False
15min,4,1.5,1,0,0.25,3R,"(1, -1)",2434,363,0.941,-113.4,-0.08,0.348,-218.3,3/8,2.6,False
15min,4,1.5,1,0,0.5,2R,"(1,)",1234,184,0.882,-100.0,-0.11,0.415,-139.7,1/8,1.74,False
15min,4,1.5,1,0,0.5,2R,"(-1,)",1265,189,0.792,-189.6,-0.13,0.387,-222.2,2/8,1.74,False
15min,4,1.5,1,0,0.5,2R,"(1, -1)",2499,372,0.835,-289.6,-0.13,0.401,-338.1,2/8,1.74,False
15min,4,1.5,1,0,0.5,3R,"(1,)",1234,184,1.06,55.7,0.18,0.363,-45.7,5/8,2.65,False
15min,4,1.5,1,0,0.5,3R,"(-1,)",1265,189,0.84,-163.4,-0.12,0.321,-201.0,2/8,2.65,False
15min,4,1.5,1,0,0.5,3R,"(1, -1)",2499,372,0.945,-107.7,-0.08,0.342,-201.0,3/8,2.65,False
15min,4,1.5,1,1,0.1,2R,"(1,)",712,106,0.827,-88.7,-0.11,0.412,-124.0,2/8,1.68,False
15min,4,1.5,1,1,0.1,2R,"(-1,)",509,77,0.629,-149.3,-0.14,0.354,-161.1,2/8,1.67,False
15min,4,1.5,1,1,0.1,2R,"(1, -1)",1221,182,0.74,-237.9,-0.13,0.387,-274.1,2/8,1.67,False
15min,4,1.5,1,1,0.1,3R,"(1,)",712,106,1.002,1.2,0.0,0.368,-66.5,4/8,2.56,False
15min,4,1.5,1,1,0.1,3R,"(-1,)",509,77,0.847,-64.6,-0.1,0.324,-95.8,3/8,2.55,False
15min,4,1.5,1,1,0.1,3R,"(1, -1)",1221,182,0.935,-63.4,-0.06,0.35,-155.3,3/8,2.56,False
15min,4,1.5,1,1,0.25,2R,"(1,)",724,108,0.88,-61.2,-0.09,0.419,-103.8,1/8,1.7,False
15min,4,1.5,1,1,0.25,2R,"(-1,)",521,78,0.67,-132.9,-0.13,0.357,-148.5,2/8,1.7,False
15min,4,1.5,1,1,0.25,2R,"(1, -1)",1245,186,0.787,-194.1,-0.12,0.393,-242.8,2/8,1.7,False
15min,4,1.5,1,1,0.25,3R,"(1,)",724,108,1.002,1.3,0.0,0.358,-81.1,4/8,2.6,False
15min,4,1.5,1,1,0.25,3R,"(-1,)",521,78,0.809,-82.8,-0.11,0.319,-115.8,3/8,2.59,False
15min,4,1.5,1,1,0.25,3R,"(1, -1)",1245,186,0.919,-81.5,-0.07,0.341,-183.0,2/8,2.6,False
15min,4,1.5,1,1,0.5,2R,"(1,)",742,111,0.877,-63.2,-0.09,0.408,-109.7,1/8,1.74,False
15min,4,1.5,1,1,0.5,2R,"(-1,)",537,81,0.755,-96.6,-0.13,0.371,-115.1,2/8,1.74,False
15min,4,1.5,1,1,0.5,2R,"(1, -1)",1279,191,0.824,-159.8,-0.11,0.392,-215.8,2/8,1.74,False
15min,4,1.5,1,1,0.5,3R,"(1,)",742,111,1.055,30.9,0.08,0.358,-56.3,4/8,2.65,False
15min,4,1.5,1,1,0.5,3R,"(-1,)",537,81,0.793,-91.3,-0.12,0.307,-112.6,2/8,2.64,False
15min,4,1.5,1,1,0.5,3R,"(1, -1)",1279,191,0.94,-60.4,-0.06,0.337,-154.1,3/8,2.65,False
15min,4,2.0,0,0,0.1,2R,"(1,)",484,72,0.903,-31.7,-0.08,0.426,-58.9,4/8,1.74,False
15min,4,2.0,0,0,0.1,2R,"(-1,)",505,76,0.846,-54.2,-0.13,0.406,-63.4,1/8,1.75,False
15min,4,2.0,0,0,0.1,2R,"(1, -1)",989,147,0.873,-86.0,-0.12,0.416,-109.7,2/8,1.74,False
15min,4,2.0,0,0,0.1,3R,"(1,)",484,72,1.089,31.6,0.16,0.384,-29.4,6/8,2.65,False
15min,4,2.0,0,0,0.1,3R,"(-1,)",505,76,1.013,5.0,0.02,0.356,-40.2,5/8,2.66,False
15min,4,2.0,0,0,0.1,3R,"(1, -1)",989,147,1.05,36.6,0.12,0.37,-46.6,6/8,2.65,False
15min,4,2.0,0,0,0.25,2R,"(1,)",489,73,0.925,-24.6,-0.06,0.421,-61.6,2/8,1.76,False
15min,4,2.0,0,0,0.25,2R,"(-1,)",512,77,0.838,-57.4,-0.14,0.396,-62.6,1/8,1.77,False
15min,4,2.0,0,0,0.25,2R,"(1, -1)",1001,149,0.88,-82.0,-0.11,0.409,-108.6,3/8,1.76,False
15min,4,2.0,0,0,0.25,3R,"(1,)",489,73,1.128,45.4,0.22,0.384,-30.1,5/8,2.68,False
15min,4,2.0,0,0,0.25,3R,"(-1,)",512,77,1.005,1.8,0.01,0.355,-37.1,4/8,2.69,False
15min,4,2.0,0,0,0.25,3R,"(1, -1)",1001,149,1.064,47.2,0.15,0.37,-46.2,6/8,2.68,False
15min,4,2.0,0,0,0.5,2R,"(1,)",499,74,0.974,-8.3,-0.03,0.431,-43.2,3/8,1.79,False
15min,4,2.0,0,0,0.5,2R,"(-1,)",522,78,0.915,-29.5,-0.1,0.406,-45.9,2/8,1.8,False
15min,4,2.0,0,0,0.5,2R,"(1, -1)",1021,152,0.943,-37.8,-0.09,0.418,-66.0,4/8,1.79,False
15min,4,2.0,0,0,0.5,3R,"(1,)",499,74,1.147,52.4,0.3,0.381,-25.9,6/8,2.72,False
15min,4,2.0,0,0,0.5,3R,"(-1,)",522,78,0.94,-23.3,-0.08,0.349,-41.4,4/8,2.73,False
15min,4,2.0,0,0,0.5,3R,"(1, -1)",1021,152,1.039,29.1,0.09,0.364,-50.7,4/8,2.72,False
15min,4,2.0,0,1,0.1,2R,"(1,)",304,45,0.971,-5.7,-0.03,0.444,-26.4,3/8,1.75,False
15min,4,2.0,0,1,0.1,2R,"(-1,)",211,32,0.598,-68.1,-0.15,0.327,-70.0,1/8,1.77,False
15min,4,2.0,0,1,0.1,2R,"(1, -1)",515,77,0.799,-73.8,-0.13,0.396,-87.4,2/8,1.76,False
15min,4,2.0,0,1,0.1,3R,"(1,)",304,45,1.175,37.8,0.39,0.401,-14.5,6/8,2.66,False
15min,4,2.0,0,1,0.1,3R,"(-1,)",211,32,0.797,-35.5,-0.14,0.308,-39.1,1/8,2.69,False
15min,4,2.0,0,1,0.1,3R,"(1, -1)",515,77,1.006,2.3,0.01,0.363,-30.7,4/8,2.67,False
15min,4,2.0,0,1,0.25,2R,"(1,)",305,45,1.026,5.0,0.03,0.446,-23.9,4/8,1.77,False
15min,4,2.0,0,1,0.25,2R,"(-1,)",212,32,0.667,-54.0,-0.14,0.344,-56.3,1/8,1.79,False
15min,4,2.0,0,1,0.25,2R,"(1, -1)",517,77,0.863,-49.0,-0.1,0.404,-70.7,2/8,1.78,False
15min,4,2.0,0,1,0.25,3R,"(1,)",305,45,1.226,48.6,0.49,0.403,-14.8,5/8,2.69,False
15min,4,2.0,0,1,0.25,3R,"(-1,)",212,32,0.818,-31.4,-0.12,0.311,-39.8,2/8,2.72,False
15min,4,2.0,0,1,0.25,3R,"(1, -1)",517,77,1.045,17.3,0.08,0.366,-33.0,4/8,2.7,False
15min,4,2.0,0,1,0.5,2R,"(1,)",309,46,1.076,14.4,0.11,0.453,-20.1,4/8,1.8,False
15min,4,2.0,0,1,0.5,2R,"(-1,)",215,32,0.777,-34.3,-0.14,0.367,-35.9,1/8,1.82,False
15min,4,2.0,0,1,0.5,2R,"(1, -1)",524,78,0.942,-19.9,-0.07,0.418,-45.0,4/8,1.81,False
15min,4,2.0,0,1,0.5,3R,"(1,)",309,46,1.272,57.5,0.64,0.401,-13.5,5/8,2.73,False
15min,4,2.0,0,1,0.5,3R,"(-1,)",215,32,0.8,-34.0,-0.12,0.312,-41.6,2/8,2.76,False
15min,4,2.0,0,1,0.5,3R,"(1, -1)",524,78,1.062,23.5,0.12,0.365,-28.6,4/8,2.74,False
15min,4,2.0,1,0,0.1,2R,"(1,)",434,65,0.886,-34.2,-0.09,0.426,-57.0,3/8,1.71,False
15min,4,2.0,1,0,0.1,2R,"(-1,)",449,67,0.795,-66.2,-0.13,0.396,-75.0,1/8,1.72,False
15min,4,2.0,1,0,0.1,2R,"(1, -1)",883,132,0.839,-100.4,-0.12,0.411,-122.5,1/8,1.72,False
15min,4,2.0,1,0,0.1,3R,"(1,)",434,65,1.077,25.1,0.12,0.38,-31.6,6/8,2.61,False
15min,4,2.0,1,0,0.1,3R,"(-1,)",449,67,0.958,-14.7,-0.04,0.343,-56.5,4/8,2.63,False
15min,4,2.0,1,0,0.1,3R,"(1, -1)",883,132,1.015,10.4,0.02,0.361,-68.1,6/8,2.62,False
15min,4,2.0,1,0,0.25,2R,"(1,)",439,65,0.902,-29.4,-0.07,0.419,-59.0,2/8,1.74,False
15min,4,2.0,1,0,0.25,2R,"(-1,)",456,68,0.786,-69.9,-0.14,0.384,-74.7,1/8,1.75,False
15min,4,2.0,1,0,0.25,2R,"(1, -1)",895,133,0.842,-99.2,-0.12,0.401,-124.4,3/8,1.74,False
15min,4,2.0,1,0,0.25,3R,"(1,)",439,65,1.11,36.3,0.16,0.378,-32.9,5/8,2.65,False
15min,4,2.0,1,0,0.25,3R,"(-1,)",456,68,0.939,-21.5,-0.06,0.34,-52.9,3/8,2.66,False
15min,4,2.0,1,0,0.25,3R,"(1, -1)",895,133,1.022,14.8,0.03,0.359,-66.9,5/8,2.65,False
15min,4,2.0,1,0,0.5,2R,"(1,)",448,67,0.967,-9.9,-0.04,0.429,-41.1,3/8,1.77,False
15min,4,2.0,1,0,0.5,2R,"(-1,)",466,70,0.857,-46.2,-0.12,0.391,-56.8,2/8,1.78,False
15min,4,2.0,1,0,0.5,2R,"(1, -1)",914,136,0.909,-56.1,-0.1,0.409,-84.3,4/8,1.77,False
15min,4,2.0,1,0,0.5,3R,"(1,)",448,67,1.136,44.9,0.23,0.373,-28.9,6/8,2.69,False
15min,4,2.0,1,0,0.5,3R,"(-1,)",466,70,0.888,-40.6,-0.11,0.333,-57.6,3/8,2.7,False
15min,4,2.0,1,0,0.5,3R,"(1, -1)",914,136,1.006,4.3,0.01,0.352,-70.2,4/8,2.7,False
15min,4,2.0,1,1,0.1,2R,"(1,)",267,40,0.95,-8.9,-0.05,0.446,-26.0,5/8,1.72,False
15min,4,2.0,1,1,0.1,2R,"(-1,)",181,27,0.526,-72.6,-0.15,0.304,-74.6,0/8,1.74,False
15min,4,2.0,1,1,0.1,2R,"(1, -1)",448,67,0.754,-81.5,-0.13,0.388,-93.4,2/8,1.73,False
15min,4,2.0,1,1,0.1,3R,"(1,)",267,40,1.16,31.6,0.28,0.397,-16.6,5/8,2.63,False
15min,4,2.0,1,1,0.1,3R,"(-1,)",181,27,0.727,-43.1,-0.14,0.287,-47.6,3/8,2.65,False
15min,4,2.0,1,1,0.1,3R,"(1, -1)",448,67,0.967,-11.6,-0.04,0.353,-42.1,4/8,2.64,False
15min,4,2.0,1,1,0.25,2R,"(1,)",268,40,0.993,-1.2,-0.01,0.444,-23.5,4/8,1.74,False
15min,4,2.0,1,1,0.25,2R,"(-1,)",182,27,0.583,-61.3,-0.15,0.319,-63.7,1/8,1.76,False
15min,4,2.0,1,1,0.25,2R,"(1, -1)",450,67,0.807,-62.5,-0.11,0.393,-81.4,3/8,1.75,False
15min,4,2.0,1,1,0.25,3R,"(1,)",268,40,1.199,39.3,0.34,0.396,-17.4,5/8,2.66,False
15min,4,2.0,1,1,0.25,3R,"(-1,)",182,27,0.726,-42.6,-0.13,0.286,-49.7,3/8,2.68,False
15min,4,2.0,1,1,0.25,3R,"(1, -1)",450,67,0.991,-3.3,-0.01,0.351,-47.5,4/8,2.67,False
15min,4,2.0,1,1,0.5,2R,"(1,)",271,40,1.063,10.9,0.09,0.45,-18.1,5/8,1.78,False
15min,4,2.0,1,1,0.5,2R,"(-1,)",185,28,0.703,-41.6,-0.14,0.346,-44.4,1/8,1.79,False
15min,4,2.0,1,1,0.5,2R,"(1, -1)",456,68,0.902,-30.7,-0.08,0.408,-53.9,4/8,1.78,False
15min,4,2.0,1,1,0.5,3R,"(1,)",271,40,1.251,48.7,0.46,0.391,-15.7,5/8,2.7,False
15min,4,2.0,1,1,0.5,3R,"(-1,)",185,28,0.704,-45.9,-0.13,0.286,-52.5,2/8,2.73,False
15min,4,2.0,1,1,0.5,3R,"(1, -1)",456,68,1.008,2.8,0.01,0.349,-41.1,5/8,2.71,False
1h,2,1.2,0,0,0.1,2R,"(1,)",739,110,0.964,-17.3,-0.05,0.414,-52.0,4/8,1.8,False
1h,2,1.2,0,0,0.1,2R,"(-1,)",722,108,0.772,-115.5,-0.13,0.364,-131.8,1/8,1.8,False
1h,2,1.2,0,0,0.1,2R,"(1, -1)",1461,218,0.865,-132.8,-0.13,0.389,-155.9,1/8,1.8,False
1h,2,1.2,0,0,0.1,3R,"(1,)",739,110,1.183,94.1,0.41,0.378,-34.2,6/8,2.73,False
1h,2,1.2,0,0,0.1,3R,"(-1,)",722,108,0.858,-77.8,-0.12,0.316,-100.5,3/8,2.73,False
1h,2,1.2,0,0,0.1,3R,"(1, -1)",1461,218,1.015,16.3,0.03,0.347,-69.9,3/8,2.73,False
1h,2,1.2,0,0,0.25,2R,"(1,)",746,111,1.025,11.8,0.04,0.424,-42.9,4/8,1.82,False
1h,2,1.2,0,0,0.25,2R,"(-1,)",735,110,0.833,-82.6,-0.12,0.377,-100.7,1/8,1.82,False
1h,2,1.2,0,0,0.25,2R,"(1, -1)",1481,221,0.926,-70.8,-0.12,0.4,-90.1,2/8,1.82,False
1h,2,1.2,0,0,0.25,3R,"(1,)",746,111,1.18,91.8,0.29,0.378,-47.0,5/8,2.76,False
1h,2,1.2,0,0,0.25,3R,"(-1,)",735,110,0.884,-62.9,-0.11,0.321,-87.1,3/8,2.75,False
1h,2,1.2,0,0,0.25,3R,"(1, -1)",1481,221,1.027,28.9,0.06,0.35,-67.0,3/8,2.76,False
1h,2,1.2,0,0,0.5,2R,"(1,)",761,113,1.074,33.8,0.13,0.435,-38.4,4/8,1.84,False
1h,2,1.2,0,0,0.5,2R,"(-1,)",745,111,0.795,-101.3,-0.13,0.369,-116.2,1/8,1.84,False
1h,2,1.2,0,0,0.5,2R,"(1, -1)",1506,225,0.929,-67.5,-0.12,0.402,-86.4,2/8,1.84,False
1h,2,1.2,0,0,0.5,3R,"(1,)",761,113,1.193,97.5,0.32,0.382,-45.1,4/8,2.79,False
1h,2,1.2,0,0,0.5,3R,"(-1,)",745,111,0.875,-66.9,-0.1,0.321,-99.2,2/8,2.78,False
1h,2,1.2,0,0,0.5,3R,"(1, -1)",1506,225,1.029,30.5,0.1,0.352,-43.8,5/8,2.79,False
1h,2,1.2,0,1,0.1,2R,"(1,)",505,75,1.03,9.6,0.05,0.428,-30.3,4/8,1.82,False
1h,2,1.2,0,1,0.1,2R,"(-1,)",333,50,0.902,-21.4,-0.08,0.396,-41.7,2/8,1.8,False
1h,2,1.2,0,1,0.1,2R,"(1, -1)",838,125,0.978,-11.9,-0.03,0.415,-51.0,2/8,1.81,False
1h,2,1.2,0,1,0.1,3R,"(1,)",505,75,1.329,109.6,0.77,0.402,-21.2,8/8,2.75,False
1h,2,1.2,0,1,0.1,3R,"(-1,)",333,50,0.948,-12.6,-0.05,0.339,-41.6,3/8,2.74,False
1h,2,1.2,0,1,0.1,3R,"(1, -1)",838,125,1.169,97.0,0.46,0.377,-31.5,7/8,2.75,False
1h,2,1.2,0,1,0.25,2R,"(1,)",510,76,1.075,23.3,0.13,0.433,-26.9,5/8,1.83,False
1h,2,1.2,0,1,0.25,2R,"(-1,)",337,51,0.964,-7.7,-0.03,0.407,-40.5,3/8,1.82,False
1h,2,1.2,0,1,0.25,2R,"(1, -1)",847,126,1.03,15.6,0.08,0.423,-29.8,4/8,1.83,False
1h,2,1.2,0,1,0.25,3R,"(1,)",510,76,1.313,103.9,0.6,0.402,-25.8,7/8,2.77,False
1h,2,1.2,0,1,0.25,3R,"(-1,)",337,51,0.993,-1.6,-0.01,0.35,-38.4,3/8,2.76,False
1h,2,1.2,0,1,0.25,3R,"(1, -1)",847,126,1.181,102.3,0.56,0.381,-27.2,7/8,2.77,False
1h,2,1.2,0,1,0.5,2R,"(1,)",520,78,1.165,49.5,0.3,0.454,-24.9,5/8,1.85,False
1h,2,1.2,0,1,0.5,2R,"(-1,)",344,52,0.911,-19.0,-0.07,0.398,-43.6,4/8,1.84,False
1h,2,1.2,0,1,0.5,2R,"(1, -1)",864,129,1.059,30.5,0.15,0.432,-29.9,6/8,1.85,False
1h,2,1.2,0,1,0.5,3R,"(1,)",520,78,1.366,119.1,0.73,0.412,-24.3,6/8,2.8,False
1h,2,1.2,0,1,0.5,3R,"(-1,)",344,52,1.032,7.4,0.03,0.358,-37.1,4/8,2.79,False
1h,2,1.2,0,1,0.5,3R,"(1, -1)",864,129,1.228,126.5,0.72,0.39,-26.3,7/8,2.8,False
1h,2,1.2,1,0,0.1,2R,"(1,)",671,100,0.97,-13.3,-0.04,0.414,-48.0,5/8,1.79,False
1h,2,1.2,1,0,0.1,2R,"(-1,)",685,102,0.746,-124.3,-0.13,0.355,-138.1,1/8,1.8,False
1h,2,1.2,1,0,0.1,2R,"(1, -1)",1356,202,0.852,-137.6,-0.13,0.384,-159.2,1/8,1.79,False
1h,2,1.2,1,0,0.1,3R,"(1,)",671,100,1.19,90.3,0.39,0.374,-34.5,6/8,2.72,False
1h,2,1.2,1,0,0.1,3R,"(-1,)",685,102,0.836,-86.5,-0.12,0.308,-108.4,3/8,2.72,False
1h,2,1.2,1,0,0.1,3R,"(1, -1)",1356,202,1.004,3.8,0.01,0.341,-73.7,5/8,2.72,False
1h,2,1.2,1,0,0.25,2R,"(1,)",678,101,1.04,17.2,0.06,0.425,-40.5,4/8,1.81,False
1h,2,1.2,1,0,0.25,2R,"(-1,)",698,104,0.79,-101.7,-0.13,0.364,-117.1,1/8,1.81,False
1h,2,1.2,1,0,0.25,2R,"(1, -1)",1376,205,0.908,-84.5,-0.12,0.394,-102.2,2/8,1.81,False
1h,2,1.2,1,0,0.25,3R,"(1,)",678,101,1.199,94.0,0.31,0.376,-44.8,5/8,2.74,False
1h,2,1.2,1,0,0.25,3R,"(-1,)",698,104,0.844,-82.5,-0.12,0.309,-105.7,2/8,2.75,False
1h,2,1.2,1,0,0.25,3R,"(1, -1)",1376,205,1.012,11.5,0.02,0.342,-76.0,4/8,2.75,False
1h,2,1.2,1,0,0.5,2R,"(1,)",692,103,1.086,36.6,0.15,0.435,-37.0,4/8,1.84,False
1h,2,1.2,1,0,0.5,2R,"(-1,)",708,106,0.751,-120.5,-0.13,0.356,-135.1,1/8,1.84,False
1h,2,1.2,1,0,0.5,2R,"(1, -1)",1400,209,0.908,-83.9,-0.12,0.395,-102.3,2/8,1.84,False
1h,2,1.2,1,0,0.5,3R,"(1,)",692,103,1.234,108.9,0.36,0.383,-44.6,5/8,2.78,False
1h,2,1.2,1,0,0.5,3R,"(-1,)",708,106,0.822,-92.8,-0.12,0.306,-117.6,2/8,2.78,False
1h,2,1.2,1,0,0.5,3R,"(1, -1)",1400,209,1.016,16.0,0.04,0.344,-55.2,5/8,2.78,False
1h,2,1.2,1,1,0.1,2R,"(1,)",441,66,1.046,13.0,0.07,0.431,-29.1,5/8,1.8,False
1h,2,1.2,1,1,0.1,2R,"(-1,)",301,45,0.843,-32.4,-0.1,0.375,-47.2,2/8,1.8,False
1h,2,1.2,1,1,0.1,2R,"(1, -1)",742,111,0.96,-19.4,-0.05,0.408,-56.5,2/8,1.8,False
1h,2,1.2,1,1,0.1,3R,"(1,)",441,66,1.354,105.2,0.78,0.401,-20.2,8/8,2.73,False
1h,2,1.2,1,1,0.1,3R,"(-1,)",301,45,0.896,-23.3,-0.07,0.322,-48.3,2/8,2.73,False
1h,2,1.2,1,1,0.1,3R,"(1, -1)",742,111,1.157,81.9,0.3,0.369,-40.3,6/8,2.73,False
1h,2,1.2,1,1,0.25,2R,"(1,)",446,67,1.1,27.9,0.17,0.437,-25.1,5/8,1.82,False
1h,2,1.2,1,1,0.25,2R,"(-1,)",305,46,0.877,-25.0,-0.1,0.38,-39.0,1/8,1.81,False
1h,2,1.2,1,1,0.25,2R,"(1, -1)",751,112,1.006,2.8,0.01,0.414,-36.8,5/8,1.82,False
1h,2,1.2,1,1,0.25,3R,"(1,)",446,67,1.355,105.3,0.65,0.404,-24.2,6/8,2.76,False
1h,2,1.2,1,1,0.25,3R,"(-1,)",305,46,0.916,-18.5,-0.06,0.328,-43.5,2/8,2.75,False
1h,2,1.2,1,1,0.25,3R,"(1, -1)",751,112,1.168,86.7,0.34,0.373,-38.1,6/8,2.75,False
1h,2,1.2,1,1,0.5,2R,"(1,)",455,68,1.196,52.4,0.35,0.457,-22.1,5/8,1.84,False
1h,2,1.2,1,1,0.5,2R,"(-1,)",312,47,0.821,-36.6,-0.11,0.372,-50.6,3/8,1.83,False
1h,2,1.2,1,1,0.5,2R,"(1, -1)",767,114,1.033,15.8,0.08,0.422,-30.9,5/8,1.84,False
1h,2,1.2,1,1,0.5,3R,"(1,)",455,68,1.454,130.5,0.83,0.418,-23.5,6/8,2.79,False
1h,2,1.2,1,1,0.5,3R,"(-1,)",312,47,0.927,-16.0,-0.06,0.33,-39.0,2/8,2.78,False
1h,2,1.2,1,1,0.5,3R,"(1, -1)",767,114,1.226,114.6,0.51,0.382,-33.7,6/8,2.78,False
1h,2,1.5,0,0,0.1,2R,"(1,)",486,72,1.03,9.0,0.04,0.426,-31.1,5/8,1.82,False
1h,2,1.5,0,0,0.1,2R,"(-1,)",494,74,0.812,-63.0,-0.13,0.377,-71.1,1/8,1.8,False
1h,2,1.5,0,0,0.1,2R,"(1, -1)",980,146,0.915,-54.0,-0.12,0.401,-65.6,2/8,1.81,False
1h,2,1.5,0,0,0.1,3R,"(1,)",486,72,1.313,98.3,0.82,0.399,-17.9,7/8,2.76,False
1h,2,1.5,0,0,0.1,3R,"(-1,)",494,74,0.901,-35.7,-0.1,0.332,-54.1,4/8,2.73,False
1h,2,1.5,0,0,0.1,3R,"(1, -1)",980,146,1.093,62.7,0.26,0.365,-36.4,5/8,2.75,False
1h,2,1.5,0,0,0.25,2R,"(1,)",493,74,1.087,25.5,0.15,0.436,-25.2,5/8,1.84,False
1h,2,1.5,0,0,0.25,2R,"(-1,)",502,75,0.841,-52.4,-0.12,0.382,-62.7,2/8,1.82,False
1h,2,1.5,0,0,0.25,2R,"(1, -1)",995,148,0.957,-27.0,-0.09,0.409,-42.4,4/8,1.83,False
1h,2,1.5,0,0,0.25,3R,"(1,)",493,74,1.306,96.3,0.82,0.402,-17.5,6/8,2.78,False
1h,2,1.5,0,0,0.25,3R,"(-1,)",502,75,0.892,-38.9,-0.11,0.331,-54.6,4/8,2.76,False
1h,2,1.5,0,0,0.25,3R,"(1, -1)",995,148,1.085,57.4,0.22,0.366,-38.8,6/8,2.77,False
1h,2,1.5,0,0,0.5,2R,"(1,)",501,75,1.189,52.8,0.5,0.455,-15.9,6/8,1.86,False
1h,2,1.5,0,0,0.5,2R,"(-1,)",509,76,0.787,-70.2,-0.13,0.371,-78.2,2/8,1.84,False
1h,2,1.5,0,0,0.5,2R,"(1, -1)",1010,151,0.972,-17.4,-0.06,0.413,-42.7,4/8,1.85,False
1h,2,1.5,0,0,0.5,3R,"(1,)",501,75,1.401,121.4,1.3,0.417,-13.9,6/8,2.81,False
1h,2,1.5,0,0,0.5,3R,"(-1,)",509,76,0.823,-63.5,-0.12,0.32,-77.0,2/8,2.78,False
1h,2,1.5,0,0,0.5,3R,"(1, -1)",1010,151,1.087,57.9,0.28,0.368,-31.1,5/8,2.8,False
1h,2,1.5,0,1,0.1,2R,"(1,)",329,49,1.066,13.1,0.08,0.435,-25.3,5/8,1.83,False
1h,2,1.5,0,1,0.1,2R,"(-1,)",227,34,0.937,-9.2,-0.05,0.401,-28.6,4/8,1.81,False
1h,2,1.5,0,1,0.1,2R,"(1, -1)",556,83,1.011,3.9,0.02,0.421,-30.9,3/8,1.82,False
1h,2,1.5,0,1,0.1,3R,"(1,)",329,49,1.413,85.1,0.69,0.419,-18.5,6/8,2.78,False
1h,2,1.5,0,1,0.1,3R,"(-1,)",227,34,0.933,-10.7,-0.05,0.344,-29.9,5/8,2.75,False
1h,2,1.5,0,1,0.1,3R,"(1, -1)",556,83,1.203,74.4,0.45,0.388,-24.9,6/8,2.76,False
1h,2,1.5,0,1,0.25,2R,"(1,)",334,50,1.111,21.8,0.15,0.443,-21.9,5/8,1.85,False
1h,2,1.5,0,1,0.25,2R,"(-1,)",230,35,0.983,-2.4,-0.01,0.409,-28.9,4/8,1.83,False
1h,2,1.5,0,1,0.25,2R,"(1, -1)",564,84,1.057,19.4,0.12,0.429,-23.7,5/8,1.84,False
1h,2,1.5,0,1,0.25,3R,"(1,)",334,50,1.417,85.7,0.64,0.425,-20.1,6/8,2.79,False
1h,2,1.5,0,1,0.25,3R,"(-1,)",230,35,0.932,-10.7,-0.05,0.348,-30.1,3/8,2.77,False
1h,2,1.5,0,1,0.25,3R,"(1, -1)",564,84,1.207,75.0,0.45,0.394,-24.6,6/8,2.78,False
1h,2,1.5,0,1,0.5,2R,"(1,)",342,51,1.222,42.1,0.34,0.465,-18.6,5/8,1.87,False
1h,2,1.5,0,1,0.5,2R,"(-1,)",235,35,0.871,-18.5,-0.08,0.391,-36.7,3/8,1.85,False
1h,2,1.5,0,1,0.5,2R,"(1, -1)",577,86,1.071,23.5,0.13,0.435,-26.3,6/8,1.86,False
1h,2,1.5,0,1,0.5,3R,"(1,)",342,51,1.567,112.0,0.95,0.444,-17.6,6/8,2.82,False
1h,2,1.5,0,1,0.5,3R,"(-1,)",235,35,0.905,-14.8,-0.07,0.345,-33.3,5/8,2.79,False
1h,2,1.5,0,1,0.5,3R,"(1, -1)",577,86,1.275,97.2,0.67,0.404,-21.6,6/8,2.81,False
1h,2,1.5,1,0,0.1,2R,"(1,)",441,66,1.046,12.6,0.06,0.424,-29.3,5/8,1.81,False
1h,2,1.5,1,0,0.1,2R,"(-1,)",467,70,0.783,-70.2,-0.13,0.366,-77.8,1/8,1.8,False
1h,2,1.5,1,0,0.1,2R,"(1, -1)",908,135,0.904,-57.6,-0.12,0.394,-71.8,3/8,1.8,False
1h,2,1.5,1,0,0.1,3R,"(1,)",441,66,1.348,101.9,0.84,0.395,-18.1,7/8,2.75,False
1h,2,1.5,1,0,0.1,3R,"(-1,)",467,70,0.887,-39.1,-0.1,0.325,-60.2,4/8,2.72,False
1h,2,1.5,1,0,0.1,3R,"(1, -1)",908,135,1.098,62.7,0.26,0.359,-36.0,5/8,2.74,False
1h,2,1.5,1,0,0.25,2R,"(1,)",448,67,1.113,30.7,0.21,0.435,-22.2,5/8,1.83,False
1h,2,1.5,1,0,0.25,2R,"(-1,)",475,71,0.801,-64.0,-0.13,0.371,-71.2,2/8,1.81,False
1h,2,1.5,1,0,0.25,2R,"(1, -1)",923,138,0.944,-33.4,-0.1,0.402,-51.2,5/8,1.82,False
1h,2,1.5,1,0,0.25,3R,"(1,)",448,67,1.346,101.1,1.07,0.397,-14.1,6/8,2.77,False
1h,2,1.5,1,0,0.25,3R,"(-1,)",475,71,0.87,-45.4,-0.11,0.322,-63.6,3/8,2.75,False
1h,2,1.5,1,0,0.25,3R,"(1, -1)",923,138,1.087,55.8,0.2,0.359,-42.2,6/8,2.76,False
1h,2,1.5,1,0,0.5,2R,"(1,)",455,68,1.216,56.1,0.54,0.453,-15.4,6/8,1.85,False
1h,2,1.5,1,0,0.5,2R,"(-1,)",482,72,0.753,-79.6,-0.13,0.361,-89.3,1/8,1.83,False
1h,2,1.5,1,0,0.5,2R,"(1, -1)",937,140,0.96,-23.4,-0.07,0.406,-48.7,4/8,1.84,False
1h,2,1.5,1,0,0.5,3R,"(1,)",455,68,1.463,129.7,1.45,0.415,-13.4,6/8,2.8,False
1h,2,1.5,1,0,0.5,3R,"(-1,)",482,72,0.789,-73.8,-0.12,0.309,-89.7,2/8,2.78,False
1h,2,1.5,1,0,0.5,3R,"(1, -1)",937,140,1.089,55.9,0.27,0.361,-31.4,6/8,2.79,False
1h,2,1.5,1,1,0.1,2R,"(1,)",288,43,1.09,16.1,0.09,0.434,-26.2,5/8,1.82,False
1h,2,1.5,1,1,0.1,2R,"(-1,)",204,31,0.872,-17.6,-0.08,0.377,-32.7,2/8,1.8,False
1h,2,1.5,1,1,0.1,2R,"(1, -1)",492,73,0.995,-1.5,-0.01,0.411,-39.3,4/8,1.81,False
1h,2,1.5,1,1,0.1,3R,"(1,)",288,43,1.473,88.0,0.78,0.417,-16.8,6/8,2.76,False
1h,2,1.5,1,1,0.1,3R,"(-1,)",204,31,0.899,-15.0,-0.07,0.328,-33.8,4/8,2.73,False
1h,2,1.5,1,1,0.1,3R,"(1, -1)",492,73,1.218,72.9,0.39,0.38,-27.7,6/8,2.75,False
1h,2,1.5,1,1,0.25,2R,"(1,)",293,44,1.148,26.3,0.19,0.444,-21.2,5/8,1.84,False
1h,2,1.5,1,1,0.25,2R,"(-1,)",207,31,0.895,-14.2,-0.07,0.382,-28.4,4/8,1.82,False
1h,2,1.5,1,1,0.25,2R,"(1, -1)",500,75,1.039,12.1,0.06,0.418,-29.7,5/8,1.83,False
1h,2,1.5,1,1,0.25,3R,"(1,)",293,44,1.483,89.7,0.73,0.423,-18.2,6/8,2.78,False
1h,2,1.5,1,1,0.25,3R,"(-1,)",207,31,0.883,-17.3,-0.07,0.329,-35.9,2/8,2.76,False
1h,2,1.5,1,1,0.25,3R,"(1, -1)",500,75,1.218,72.4,0.36,0.384,-29.8,6/8,2.77,False
1h,2,1.5,1,1,0.5,2R,"(1,)",300,45,1.266,45.4,0.38,0.463,-17.7,6/8,1.86,False
1h,2,1.5,1,1,0.5,2R,"(-1,)",212,32,0.794,-28.2,-0.1,0.368,-42.2,1/8,1.84,False
1h,2,1.5,1,1,0.5,2R,"(1, -1)",512,76,1.056,17.2,0.08,0.424,-32.3,6/8,1.85,False
1h,2,1.5,1,1,0.5,3R,"(1,)",300,45,1.683,120.4,1.06,0.447,-17.0,6/8,2.81,False
1h,2,1.5,1,1,0.5,3R,"(-1,)",212,32,0.829,-25.4,-0.09,0.321,-44.7,3/8,2.78,False
1h,2,1.5,1,1,0.5,3R,"(1, -1)",512,76,1.293,95.0,0.48,0.395,-29.4,6/8,2.8,False
1h,2,2.0,0,0,0.1,2R,"(1,)",275,44,1.125,19.9,0.16,0.451,-19.8,5/8,1.84,False
1h,2,2.0,0,0,0.1,2R,"(-1,)",269,40,0.888,-19.2,-0.13,0.394,-21.6,2/8,1.83,False
1h,2,2.0,0,0,0.1,2R,"(1, -1)",544,81,1.002,0.7,0.0,0.423,-33.3,3/8,1.83,False
1h,2,2.0,0,0,0.1,3R,"(1,)",275,44,1.42,69.5,0.81,0.429,-13.7,6/8,2.78,False
1h,2,2.0,0,0,0.1,3R,"(-1,)",269,40,0.941,-11.1,-0.07,0.342,-24.2,3/8,2.77,False
1h,2,2.0,0,0,0.1,3R,"(1, -1)",544,81,1.165,58.4,0.3,0.386,-28.6,5/8,2.78,False
1h,2,2.0,0,0,0.25,2R,"(1,)",280,44,1.249,37.9,0.31,0.475,-19.4,6/8,1.85,False
1h,2,2.0,0,0,0.25,2R,"(-1,)",270,40,0.95,-8.3,-0.07,0.407,-16.8,3/8,1.84,False
1h,2,2.0,0,0,0.25,2R,"(1, -1)",550,82,1.094,29.6,0.17,0.442,-26.4,5/8,1.84,False
1h,2,2.0,0,0,0.25,3R,"(1,)",280,44,1.444,72.7,0.78,0.439,-14.8,6/8,2.8,False
1h,2,2.0,0,0,0.25,3R,"(-1,)",270,40,0.931,-12.7,-0.07,0.344,-29.2,2/8,2.79,False
1h,2,2.0,0,0,0.25,3R,"(1, -1)",550,82,1.173,60.0,0.27,0.393,-33.0,5/8,2.79,False
1h,2,2.0,0,0,0.5,2R,"(1,)",285,45,1.272,40.4,0.5,0.481,-12.8,6/8,1.87,False
1h,2,2.0,0,0,0.5,2R,"(-1,)",275,41,0.905,-15.5,-0.11,0.404,-21.0,2/8,1.86,False
1h,2,2.0,0,0,0.5,2R,"(1, -1)",560,84,1.079,24.8,0.16,0.443,-22.5,5/8,1.86,False
1h,2,2.0,0,0,0.5,3R,"(1,)",285,45,1.547,86.5,1.12,0.456,-12.3,7/8,2.82,False
1h,2,2.0,0,0,0.5,3R,"(-1,)",275,41,0.866,-24.5,-0.12,0.342,-31.1,3/8,2.81,False
1h,2,2.0,0,0,0.5,3R,"(1, -1)",560,84,1.182,62.0,0.4,0.4,-22.8,5/8,2.82,False
1h,2,2.0,0,1,0.1,2R,"(1,)",190,30,1.189,20.1,0.14,0.474,-22.5,6/8,1.84,False
1h,2,2.0,0,1,0.1,2R,"(-1,)",129,19,1.275,19.3,0.35,0.457,-8.3,6/8,1.84,False
1h,2,2.0,0,1,0.1,2R,"(1, -1)",319,48,1.223,39.5,0.37,0.467,-15.9,6/8,1.84,False
1h,2,2.0,0,1,0.1,3R,"(1,)",190,30,1.536,59.1,0.45,0.458,-20.9,7/8,2.79,False
1h,2,2.0,0,1,0.1,3R,"(-1,)",129,19,1.261,20.8,0.33,0.395,-9.6,7/8,2.79,False
1h,2,2.0,0,1,0.1,3R,"(1, -1)",319,48,1.421,79.9,0.69,0.433,-17.4,7/8,2.79,False
1h,2,2.0,0,1,0.25,2R,"(1,)",193,31,1.285,29.5,0.21,0.492,-22.6,6/8,1.85,False
1h,2,2.0,0,1,0.25,2R,"(-1,)",129,19,1.423,27.6,0.56,0.473,-7.4,7/8,1.86,False
1h,2,2.0,0,1,0.25,2R,"(1, -1)",322,48,1.338,57.1,0.64,0.484,-13.3,7/8,1.86,False
1h,2,2.0,0,1,0.25,3R,"(1,)",193,31,1.539,59.1,0.41,0.466,-23.1,6/8,2.8,False
1h,2,2.0,0,1,0.25,3R,"(-1,)",129,19,1.226,17.2,0.29,0.395,-8.8,6/8,2.81,False
1h,2,2.0,0,1,0.25,3R,"(1, -1)",322,48,1.411,76.3,0.54,0.438,-21.0,7/8,2.81,False
1h,2,2.0,0,1,0.5,2R,"(1,)",198,31,1.285,29.4,0.27,0.495,-17.1,6/8,1.87,False
1h,2,2.0,0,1,0.5,2R,"(-1,)",133,20,1.201,13.7,0.2,0.451,-10.2,6/8,1.87,False
1h,2,2.0,0,1,0.5,2R,"(1, -1)",331,50,1.251,43.1,0.47,0.477,-13.8,7/8,1.87,False
1h,2,2.0,0,1,0.5,3R,"(1,)",198,31,1.647,69.4,0.51,0.48,-21.7,6/8,2.83,False
1h,2,2.0,0,1,0.5,3R,"(-1,)",133,20,1.102,8.0,0.13,0.383,-9.5,5/8,2.83,False
1h,2,2.0,0,1,0.5,3R,"(1, -1)",331,50,1.418,77.3,0.66,0.441,-17.5,7/8,2.83,False
1h,2,2.0,1,0,0.1,2R,"(1,)",245,39,1.104,15.3,0.14,0.437,-17.5,5/8,1.82,False
1h,2,2.0,1,0,0.1,2R,"(-1,)",251,38,0.837,-26.9,-0.14,0.378,-29.3,2/8,1.82,False
1h,2,2.0,1,0,0.1,2R,"(1, -1)",496,74,0.963,-11.6,-0.05,0.407,-38.2,3/8,1.82,False
1h,2,2.0,1,0,0.1,3R,"(1,)",245,39,1.423,65.4,0.88,0.412,-11.8,6/8,2.76,False
1h,2,2.0,1,0,0.1,3R,"(-1,)",251,38,0.912,-15.8,-0.08,0.331,-29.3,3/8,2.76,False
1h,2,2.0,1,0,0.1,3R,"(1, -1)",496,74,1.148,49.6,0.23,0.371,-32.0,5/8,2.76,False
1h,2,2.0,1,0,0.25,2R,"(1,)",250,40,1.246,34.8,0.32,0.464,-17.5,6/8,1.83,False
1h,2,2.0,1,0,0.25,2R,"(-1,)",252,38,0.898,-16.1,-0.1,0.393,-24.2,2/8,1.83,False
1h,2,2.0,1,0,0.25,2R,"(1, -1)",502,75,1.062,18.7,0.09,0.428,-31.9,5/8,1.83,False
1h,2,2.0,1,0,0.25,3R,"(1,)",250,40,1.457,70.0,0.85,0.424,-13.1,6/8,2.78,False
1h,2,2.0,1,0,0.25,3R,"(-1,)",252,38,0.913,-15.2,-0.07,0.333,-31.4,4/8,2.78,False
1h,2,2.0,1,0,0.25,3R,"(1, -1)",502,75,1.167,54.8,0.22,0.378,-37.3,5/8,2.78,False
1h,2,2.0,1,0,0.5,2R,"(1,)",254,40,1.285,39.2,0.48,0.469,-12.9,6/8,1.86,False
1h,2,2.0,1,0,0.5,2R,"(-1,)",257,39,0.871,-20.4,-0.12,0.393,-25.1,3/8,1.85,False
1h,2,2.0,1,0,0.5,2R,"(1, -1)",511,76,1.064,18.9,0.11,0.431,-25.9,5/8,1.86,False
1h,2,2.0,1,0,0.5,3R,"(1,)",254,40,1.578,85.2,1.1,0.441,-12.3,7/8,2.81,False
1h,2,2.0,1,0,0.5,3R,"(-1,)",257,39,0.829,-30.2,-0.12,0.327,-36.8,4/8,2.8,False
1h,2,2.0,1,0,0.5,3R,"(1, -1)",511,76,1.17,55.1,0.3,0.384,-27.6,5/8,2.81,False
1h,2,2.0,1,1,0.1,2R,"(1,)",162,26,1.178,17.0,0.13,0.463,-20.3,6/8,1.82,False
1h,2,2.0,1,1,0.1,2R,"(-1,)",113,17,1.192,12.5,0.22,0.434,-8.4,6/8,1.83,False
1h,2,2.0,1,1,0.1,2R,"(1, -1)",275,41,1.184,29.5,0.19,0.451,-22.8,4/8,1.83,False
1h,2,2.0,1,1,0.1,3R,"(1,)",162,26,1.569,56.5,0.48,0.444,-18.6,6/8,2.76,False
1h,2,2.0,1,1,0.1,3R,"(-1,)",113,17,1.237,17.2,0.27,0.381,-9.6,6/8,2.77,False
1h,2,2.0,1,1,0.1,3R,"(1, -1)",275,41,1.428,73.8,0.47,0.418,-23.5,7/8,2.77,False
1h,2,2.0,1,1,0.25,2R,"(1,)",165,26,1.298,27.7,0.21,0.485,-20.7,6/8,1.83,False
1h,2,2.0,1,1,0.25,2R,"(-1,)",113,17,1.344,20.6,0.42,0.451,-7.3,6/8,1.85,False
1h,2,2.0,1,1,0.25,2R,"(1, -1)",278,42,1.316,48.4,0.43,0.471,-16.7,7/8,1.84,False
1h,2,2.0,1,1,0.25,3R,"(1,)",165,26,1.582,57.7,0.43,0.455,-21.2,6/8,2.78,False
1h,2,2.0,1,1,0.25,3R,"(-1,)",113,17,1.223,15.5,0.27,0.381,-8.8,6/8,2.8,False
1h,2,2.0,1,1,0.25,3R,"(1, -1)",278,42,1.434,73.2,0.43,0.424,-25.2,7/8,2.79,False
1h,2,2.0,1,1,0.5,2R,"(1,)",169,27,1.318,29.3,0.31,0.485,-15.2,6/8,1.86,False
1h,2,2.0,1,1,0.5,2R,"(-1,)",117,18,1.149,9.5,0.14,0.436,-10.2,5/8,1.86,False
1h,2,2.0,1,1,0.5,2R,"(1, -1)",286,43,1.249,38.8,0.31,0.465,-18.8,6/8,1.86,False
1h,2,2.0,1,1,0.5,3R,"(1,)",169,27,1.716,69.1,0.55,0.467,-19.8,6/8,2.81,False
1h,2,2.0,1,1,0.5,3R,"(-1,)",117,18,1.039,2.9,0.04,0.359,-10.5,6/8,2.81,False
1h,2,2.0,1,1,0.5,3R,"(1, -1)",286,43,1.425,72.0,0.48,0.423,-22.2,7/8,2.81,False
1h,3,1.2,0,0,0.1,2R,"(1,)",615,92,1.063,23.6,0.08,0.436,-44.2,7/8,1.8,False
1h,3,1.2,0,0,0.1,2R,"(-1,)",586,87,0.732,-111.4,-0.14,0.352,-117.9,2/8,1.79,False
1h,3,1.2,0,0,0.1,2R,"(1, -1)",1201,179,0.889,-87.8,-0.12,0.395,-109.3,4/8,1.79,False
1h,3,1.2,0,0,0.1,3R,"(1,)",615,92,1.248,101.6,0.37,0.39,-40.6,6/8,2.73,False
1h,3,1.2,0,0,0.1,3R,"(-1,)",586,87,0.814,-83.1,-0.13,0.307,-93.7,2/8,2.71,False
1h,3,1.2,0,0,0.1,3R,"(1, -1)",1201,179,1.022,18.6,0.04,0.35,-62.7,5/8,2.72,False
1h,3,1.2,0,0,0.25,2R,"(1,)",622,93,1.057,21.5,0.07,0.436,-49.0,6/8,1.82,False
1h,3,1.2,0,0,0.25,2R,"(-1,)",594,89,0.754,-101.1,-0.14,0.354,-109.3,2/8,1.8,False
1h,3,1.2,0,0,0.25,2R,"(1, -1)",1216,181,0.899,-79.6,-0.11,0.396,-104.5,5/8,1.81,False
1h,3,1.2,0,0,0.25,3R,"(1,)",622,93,1.225,92.6,0.26,0.389,-52.2,6/8,2.75,False
1h,3,1.2,0,0,0.25,3R,"(-1,)",594,89,0.817,-80.9,-0.13,0.31,-89.3,2/8,2.74,False
1h,3,1.2,0,0,0.25,3R,"(1, -1)",1216,181,1.014,11.7,0.03,0.35,-64.4,5/8,2.74,False
1h,3,1.2,0,0,0.5,2R,"(1,)",638,95,1.091,34.2,0.13,0.439,-38.1,5/8,1.84,False
1h,3,1.2,0,0,0.5,2R,"(-1,)",604,90,0.707,-122.5,-0.14,0.344,-129.8,2/8,1.83,False
1h,3,1.2,0,0,0.5,2R,"(1, -1)",1242,185,0.889,-88.2,-0.13,0.393,-98.8,3/8,1.83,False
1h,3,1.2,0,0,0.5,3R,"(1,)",638,95,1.26,106.4,0.5,0.393,-31.5,6/8,2.78,False
1h,3,1.2,0,0,0.5,3R,"(-1,)",604,90,0.802,-87.3,-0.13,0.308,-97.2,2/8,2.77,False
1h,3,1.2,0,0,0.5,3R,"(1, -1)",1242,185,1.022,19.1,0.06,0.352,-50.3,5/8,2.78,False
1h,3,1.2,0,1,0.1,2R,"(1,)",426,64,1.151,38.1,0.17,0.455,-32.6,7/8,1.82,False
1h,3,1.2,0,1,0.1,2R,"(-1,)",279,42,0.954,-8.1,-0.05,0.405,-26.7,3/8,1.8,False
1h,3,1.2,0,1,0.1,2R,"(1, -1)",705,105,1.07,30.0,0.12,0.435,-37.4,7/8,1.81,False
1h,3,1.2,0,1,0.1,3R,"(1,)",426,64,1.41,111.6,0.56,0.418,-30.0,7/8,2.76,False
1h,3,1.2,0,1,0.1,3R,"(-1,)",279,42,1.054,10.3,0.05,0.362,-32.3,5/8,2.73,False
1h,3,1.2,0,1,0.1,3R,"(1, -1)",705,105,1.263,121.9,0.58,0.396,-31.4,7/8,2.75,False
1h,3,1.2,0,1,0.25,2R,"(1,)",432,65,1.129,33.0,0.16,0.451,-31.5,6/8,1.83,False
1h,3,1.2,0,1,0.25,2R,"(-1,)",282,42,0.979,-3.6,-0.02,0.404,-23.5,3/8,1.82,False
1h,3,1.2,0,1,0.25,2R,"(1, -1)",714,107,1.068,29.4,0.12,0.433,-35.4,6/8,1.83,False
1h,3,1.2,0,1,0.25,3R,"(1,)",432,65,1.364,100.3,0.41,0.412,-36.9,7/8,2.78,False
1h,3,1.2,0,1,0.25,3R,"(-1,)",282,42,0.998,-0.3,-0.0,0.355,-32.1,5/8,2.75,False
1h,3,1.2,0,1,0.25,3R,"(1, -1)",714,107,1.214,100.0,0.35,0.389,-42.8,7/8,2.77,False
1h,3,1.2,0,1,0.5,2R,"(1,)",440,66,1.18,45.4,0.23,0.457,-29.3,7/8,1.86,False
1h,3,1.2,0,1,0.5,2R,"(-1,)",290,44,0.92,-14.4,-0.06,0.4,-33.7,3/8,1.84,False
1h,3,1.2,0,1,0.5,2R,"(1, -1)",730,109,1.072,31.0,0.14,0.434,-33.1,7/8,1.85,False
1h,3,1.2,0,1,0.5,3R,"(1,)",440,66,1.387,106.2,0.48,0.411,-32.7,7/8,2.8,False
1h,3,1.2,0,1,0.5,3R,"(-1,)",290,44,0.966,-6.6,-0.03,0.352,-38.4,4/8,2.78,False
1h,3,1.2,0,1,0.5,3R,"(1, -1)",730,109,1.212,99.6,0.4,0.388,-37.1,7/8,2.8,False
1h,3,1.2,1,0,0.1,2R,"(1,)",562,84,1.093,32.2,0.11,0.441,-45.0,6/8,1.79,False
1h,3,1.2,1,0,0.1,2R,"(-1,)",561,84,0.718,-113.4,-0.14,0.348,-117.4,2/8,1.78,False
1h,3,1.2,1,0,0.1,2R,"(1, -1)",1123,167,0.891,-81.2,-0.12,0.394,-102.7,4/8,1.78,False
1h,3,1.2,1,0,0.1,3R,"(1,)",562,84,1.275,104.5,0.4,0.391,-39.3,6/8,2.72,False
1h,3,1.2,1,0,0.1,3R,"(-1,)",561,84,0.804,-84.5,-0.13,0.305,-94.2,3/8,2.7,False
1h,3,1.2,1,0,0.1,3R,"(1, -1)",1123,167,1.025,20.0,0.05,0.348,-66.1,5/8,2.71,False
1h,3,1.2,1,0,0.25,2R,"(1,)",569,85,1.082,28.7,0.09,0.439,-49.7,5/8,1.81,False
1h,3,1.2,1,0,0.25,2R,"(-1,)",569,85,0.732,-107.0,-0.14,0.348,-112.7,2/8,1.8,False
1h,3,1.2,1,0,0.25,2R,"(1, -1)",1138,170,0.895,-78.3,-0.11,0.394,-104.4,3/8,1.8,False
1h,3,1.2,1,0,0.25,3R,"(1,)",569,85,1.248,95.0,0.27,0.388,-52.8,5/8,2.74,False
1h,3,1.2,1,0,0.25,3R,"(-1,)",569,85,0.802,-85.0,-0.14,0.306,-92.4,2/8,2.73,False
1h,3,1.2,1,0,0.25,3R,"(1, -1)",1138,170,1.012,10.0,0.02,0.347,-65.7,5/8,2.74,False
1h,3,1.2,1,0,0.5,2R,"(1,)",584,87,1.115,39.9,0.16,0.442,-37.6,4/8,1.83,False
1h,3,1.2,1,0,0.5,2R,"(-1,)",579,86,0.685,-128.2,-0.14,0.339,-135.4,2/8,1.82,False
1h,3,1.2,1,0,0.5,2R,"(1, -1)",1163,173,0.883,-88.3,-0.13,0.39,-101.8,4/8,1.83,False
1h,3,1.2,1,0,0.5,3R,"(1,)",584,87,1.308,116.7,0.55,0.397,-31.8,6/8,2.77,False
1h,3,1.2,1,0,0.5,3R,"(-1,)",579,86,0.782,-93.9,-0.14,0.302,-102.5,3/8,2.76,False
1h,3,1.2,1,0,0.5,3R,"(1, -1)",1163,173,1.028,22.8,0.07,0.35,-50.4,5/8,2.77,False
1h,3,1.2,1,1,0.1,2R,"(1,)",378,56,1.195,44.1,0.21,0.463,-31.9,7/8,1.81,False
1h,3,1.2,1,1,0.1,2R,"(-1,)",258,39,0.915,-14.2,-0.08,0.395,-27.6,3/8,1.79,False
1h,3,1.2,1,1,0.1,2R,"(1, -1)",636,95,1.076,29.9,0.11,0.436,-42.5,7/8,1.8,False
1h,3,1.2,1,1,0.1,3R,"(1,)",378,56,1.456,111.9,0.58,0.421,-28.7,7/8,2.74,False
1h,3,1.2,1,1,0.1,3R,"(-1,)",258,39,1.026,4.7,0.02,0.357,-33.6,4/8,2.72,False
1h,3,1.2,1,1,0.1,3R,"(1, -1)",636,95,1.274,116.6,0.53,0.395,-33.1,7/8,2.73,False
1h,3,1.2,1,1,0.25,2R,"(1,)",384,57,1.163,37.6,0.18,0.456,-31.5,7/8,1.83,False
1h,3,1.2,1,1,0.25,2R,"(-1,)",261,39,0.936,-10.5,-0.06,0.395,-25.2,3/8,1.81,False
1h,3,1.2,1,1,0.25,2R,"(1, -1)",645,96,1.068,27.1,0.1,0.431,-41.4,6/8,1.82,False
1h,3,1.2,1,1,0.25,3R,"(1,)",384,57,1.4,100.2,0.41,0.411,-36.3,7/8,2.76,False
1h,3,1.2,1,1,0.25,3R,"(-1,)",261,39,0.975,-4.6,-0.02,0.349,-34.1,4/8,2.74,False
1h,3,1.2,1,1,0.25,3R,"(1, -1)",645,96,1.222,95.6,0.32,0.386,-44.0,7/8,2.76,False
1h,3,1.2,1,1,0.5,2R,"(1,)",391,58,1.217,49.4,0.26,0.46,-28.3,7/8,1.85,False
1h,3,1.2,1,1,0.5,2R,"(-1,)",269,40,0.878,-21.0,-0.09,0.39,-34.1,3/8,1.83,False
1h,3,1.2,1,1,0.5,2R,"(1, -1)",660,99,1.071,28.4,0.11,0.432,-37.9,6/8,1.84,False
1h,3,1.2,1,1,0.5,3R,"(1,)",391,58,1.466,114.9,0.56,0.417,-30.7,6/8,2.79,False
1h,3,1.2,1,1,0.5,3R,"(-1,)",269,40,0.93,-13.1,-0.05,0.342,-37.7,4/8,2.77,False
1h,3,1.2,1,1,0.5,3R,"(1, -1)",660,99,1.235,101.8,0.37,0.386,-41.4,6/8,2.79,False
1h,3,1.5,0,0,0.1,2R,"(1,)",422,63,1.117,28.8,0.15,0.441,-28.2,6/8,1.81,False
1h,3,1.5,0,0,0.1,2R,"(-1,)",407,61,0.801,-55.0,-0.14,0.371,-60.6,2/8,1.79,False
1h,3,1.5,0,0,0.1,2R,"(1, -1)",829,124,0.95,-26.2,-0.08,0.407,-46.9,4/8,1.8,False
1h,3,1.5,0,0,0.1,3R,"(1,)",422,63,1.362,95.6,0.48,0.408,-30.0,5/8,2.75,False
1h,3,1.5,0,0,0.1,3R,"(-1,)",407,61,0.889,-33.0,-0.09,0.329,-53.5,2/8,2.72,False
1h,3,1.5,0,0,0.1,3R,"(1, -1)",829,124,1.112,62.6,0.22,0.369,-42.1,5/8,2.73,False
1h,3,1.5,0,0,0.25,2R,"(1,)",428,64,1.118,29.0,0.14,0.446,-32.0,5/8,1.83,False
1h,3,1.5,0,0,0.25,2R,"(-1,)",412,61,0.812,-51.3,-0.13,0.371,-59.5,2/8,1.81,False
1h,3,1.5,0,0,0.25,2R,"(1, -1)",840,125,0.957,-22.3,-0.07,0.41,-46.9,4/8,1.82,False
1h,3,1.5,0,0,0.25,3R,"(1,)",428,64,1.337,89.7,0.49,0.407,-27.5,5/8,2.77,False
1h,3,1.5,0,0,0.25,3R,"(-1,)",412,61,0.891,-32.1,-0.1,0.33,-48.7,3/8,2.74,False
1h,3,1.5,0,0,0.25,3R,"(1, -1)",840,125,1.103,57.5,0.22,0.369,-38.9,5/8,2.76,False
1h,3,1.5,0,0,0.5,2R,"(1,)",437,66,1.185,44.2,0.33,0.455,-20.0,5/8,1.85,False
1h,3,1.5,0,0,0.5,2R,"(-1,)",421,63,0.741,-73.0,-0.14,0.356,-80.2,2/8,1.83,False
1h,3,1.5,0,0,0.5,2R,"(1, -1)",858,128,0.945,-28.8,-0.1,0.407,-41.6,4/8,1.84,False
1h,3,1.5,0,0,0.5,3R,"(1,)",437,66,1.393,102.4,0.73,0.414,-21.1,6/8,2.8,False
1h,3,1.5,0,0,0.5,3R,"(-1,)",421,63,0.867,-39.2,-0.1,0.328,-61.5,4/8,2.77,False
1h,3,1.5,0,0,0.5,3R,"(1, -1)",858,128,1.114,63.2,0.26,0.372,-36.3,4/8,2.79,False
1h,3,1.5,0,1,0.1,2R,"(1,)",289,43,1.247,39.7,0.21,0.467,-28.7,7/8,1.83,False
1h,3,1.5,0,1,0.1,2R,"(-1,)",190,29,1.021,2.4,0.02,0.416,-17.5,5/8,1.8,False
1h,3,1.5,0,1,0.1,2R,"(1, -1)",479,72,1.153,42.2,0.19,0.447,-32.8,6/8,1.82,False
1h,3,1.5,0,1,0.1,3R,"(1,)",289,43,1.555,95.0,0.51,0.439,-27.8,6/8,2.78,False
1h,3,1.5,0,1,0.1,3R,"(-1,)",190,29,1.059,7.5,0.04,0.368,-26.2,5/8,2.74,False
1h,3,1.5,0,1,0.1,3R,"(1, -1)",479,72,1.343,102.4,0.49,0.411,-31.2,8/8,2.76,False
1h,3,1.5,0,1,0.25,2R,"(1,)",294,44,1.235,38.3,0.21,0.469,-27.6,6/8,1.85,False
1h,3,1.5,0,1,0.25,2R,"(-1,)",192,29,1.003,0.3,0.0,0.406,-22.4,5/8,1.82,False
1h,3,1.5,0,1,0.25,2R,"(1, -1)",486,73,1.139,38.6,0.19,0.444,-30.0,6/8,1.84,False
1h,3,1.5,0,1,0.25,3R,"(1,)",294,44,1.53,92.0,0.47,0.439,-29.5,6/8,2.8,False
1h,3,1.5,0,1,0.25,3R,"(-1,)",192,29,0.993,-0.9,-0.01,0.359,-24.9,4/8,2.76,False
1h,3,1.5,0,1,0.25,3R,"(1, -1)",486,73,1.303,91.1,0.38,0.407,-36.0,7/8,2.78,False
1h,3,1.5,0,1,0.5,2R,"(1,)",300,45,1.282,45.2,0.28,0.473,-24.2,7/8,1.87,False
1h,3,1.5,0,1,0.5,2R,"(-1,)",199,30,0.859,-17.4,-0.08,0.387,-32.8,4/8,1.84,False
1h,3,1.5,0,1,0.5,2R,"(1, -1)",499,75,1.098,27.8,0.14,0.439,-29.2,7/8,1.86,False
1h,3,1.5,0,1,0.5,3R,"(1,)",300,45,1.577,99.3,0.56,0.44,-26.6,6/8,2.83,False
1h,3,1.5,0,1,0.5,3R,"(-1,)",199,30,0.924,-10.0,-0.05,0.352,-31.8,4/8,2.79,False
1h,3,1.5,0,1,0.5,3R,"(1, -1)",499,75,1.294,89.2,0.41,0.405,-32.7,6/8,2.81,False
1h,3,1.5,1,0,0.1,2R,"(1,)",384,58,1.157,35.7,0.2,0.445,-27.4,6/8,1.8,False
1h,3,1.5,1,0,0.1,2R,"(-1,)",389,58,0.795,-54.6,-0.14,0.37,-59.6,3/8,1.78,False
1h,3,1.5,1,0,0.1,2R,"(1, -1)",773,115,0.962,-18.8,-0.06,0.408,-49.5,5/8,1.79,False
1h,3,1.5,1,0,0.1,3R,"(1,)",384,58,1.415,101.5,0.54,0.409,-28.0,5/8,2.74,False
1h,3,1.5,1,0,0.1,3R,"(-1,)",389,58,0.898,-29.0,-0.08,0.332,-51.3,3/8,2.71,False
1h,3,1.5,1,0,0.1,3R,"(1, -1)",773,115,1.137,72.5,0.25,0.37,-43.7,5/8,2.72,False
1h,3,1.5,1,0,0.25,2R,"(1,)",390,58,1.152,34.7,0.17,0.449,-30.8,5/8,1.82,False
1h,3,1.5,1,0,0.25,2R,"(-1,)",394,59,0.804,-51.7,-0.13,0.371,-59.2,2/8,1.8,False
1h,3,1.5,1,0,0.25,2R,"(1, -1)",784,117,0.965,-17.0,-0.05,0.409,-49.3,4/8,1.81,False
1h,3,1.5,1,0,0.25,3R,"(1,)",390,58,1.381,94.4,0.56,0.405,-25.5,5/8,2.76,False
1h,3,1.5,1,0,0.25,3R,"(-1,)",394,59,0.905,-26.9,-0.08,0.332,-47.8,3/8,2.74,False
1h,3,1.5,1,0,0.25,3R,"(1, -1)",784,117,1.127,67.5,0.27,0.369,-37.7,5/8,2.75,False
1h,3,1.5,1,0,0.5,2R,"(1,)",398,60,1.219,48.9,0.4,0.457,-18.5,5/8,1.84,False
1h,3,1.5,1,0,0.5,2R,"(-1,)",403,60,0.739,-71.1,-0.13,0.357,-80.0,2/8,1.83,False
1h,3,1.5,1,0,0.5,2R,"(1, -1)",801,119,0.955,-22.2,-0.09,0.407,-38.3,4/8,1.83,False
1h,3,1.5,1,0,0.5,3R,"(1,)",398,60,1.461,111.4,0.88,0.417,-18.9,6/8,2.79,False
1h,3,1.5,1,0,0.5,3R,"(-1,)",403,60,0.867,-38.1,-0.09,0.328,-62.0,4/8,2.77,False
1h,3,1.5,1,0,0.5,3R,"(1, -1)",801,119,1.139,73.3,0.33,0.372,-32.7,4/8,2.78,False
1h,3,1.5,1,1,0.1,2R,"(1,)",256,39,1.304,44.1,0.24,0.473,-27.4,6/8,1.82,False
1h,3,1.5,1,1,0.1,2R,"(-1,)",175,26,0.999,-0.1,-0.0,0.411,-17.3,4/8,1.8,False
1h,3,1.5,1,1,0.1,2R,"(1, -1)",431,65,1.174,43.9,0.18,0.448,-36.2,7/8,1.81,False
1h,3,1.5,1,1,0.1,3R,"(1,)",256,39,1.633,98.4,0.56,0.441,-26.5,6/8,2.77,False
1h,3,1.5,1,1,0.1,3R,"(-1,)",175,26,1.071,8.4,0.05,0.371,-24.7,5/8,2.73,False
1h,3,1.5,1,1,0.1,3R,"(1, -1)",431,65,1.39,106.8,0.49,0.413,-32.7,7/8,2.75,False
1h,3,1.5,1,1,0.25,2R,"(1,)",261,39,1.279,41.4,0.24,0.471,-26.2,5/8,1.84,False
1h,3,1.5,1,1,0.25,2R,"(-1,)",177,27,0.972,-3.0,-0.02,0.401,-19.7,4/8,1.81,False
1h,3,1.5,1,1,0.25,2R,"(1, -1)",438,66,1.149,38.3,0.17,0.443,-33.4,7/8,1.83,False
1h,3,1.5,1,1,0.25,3R,"(1,)",261,39,1.592,94.1,0.5,0.437,-28.1,6/8,2.78,False
1h,3,1.5,1,1,0.25,3R,"(-1,)",177,27,1.012,1.4,0.01,0.362,-22.8,4/8,2.75,False
1h,3,1.5,1,1,0.25,3R,"(1, -1)",438,66,1.344,95.5,0.4,0.406,-35.4,7/8,2.77,False
1h,3,1.5,1,1,0.5,2R,"(1,)",266,40,1.33,48.2,0.34,0.474,-21.5,6/8,1.86,False
1h,3,1.5,1,1,0.5,2R,"(-1,)",184,28,0.844,-18.2,-0.08,0.386,-33.5,3/8,1.83,False
1h,3,1.5,1,1,0.5,2R,"(1, -1)",450,67,1.114,30.0,0.14,0.438,-31.1,6/8,1.85,False
1h,3,1.5,1,1,0.5,3R,"(1,)",266,40,1.687,106.6,0.67,0.444,-23.9,6/8,2.82,False
1h,3,1.5,1,1,0.5,3R,"(-1,)",184,28,0.907,-11.7,-0.05,0.348,-33.3,4/8,2.78,False
1h,3,1.5,1,1,0.5,3R,"(1, -1)",450,67,1.339,94.9,0.41,0.404,-34.5,6/8,2.8,False
1h,3,2.0,0,0,0.1,2R,"(1,)",238,38,1.214,27.9,0.21,0.458,-21.0,7/8,1.83,False
1h,3,2.0,0,0,0.1,2R,"(-1,)",227,34,0.849,-22.2,-0.12,0.379,-28.5,3/8,1.81,False
1h,3,2.0,0,0,0.1,2R,"(1, -1)",465,70,1.02,5.7,0.02,0.419,-36.6,4/8,1.82,False
1h,3,2.0,0,0,0.1,3R,"(1,)",238,38,1.467,64.7,0.54,0.437,-19.3,7/8,2.77,False
1h,3,2.0,0,0,0.1,3R,"(-1,)",227,34,0.897,-16.5,-0.11,0.33,-22.5,4/8,2.75,False
1h,3,2.0,0,0,0.1,3R,"(1, -1)",465,70,1.161,48.2,0.25,0.385,-29.2,6/8,2.76,False
1h,3,2.0,0,0,0.25,2R,"(1,)",241,38,1.256,32.8,0.25,0.477,-20.6,7/8,1.84,False
1h,3,2.0,0,0,0.25,2R,"(-1,)",228,34,0.859,-20.2,-0.11,0.382,-26.6,4/8,1.83,False
1h,3,2.0,0,0,0.25,2R,"(1, -1)",469,70,1.046,12.6,0.06,0.431,-32.2,6/8,1.83,False
1h,3,2.0,0,0,0.25,3R,"(1,)",241,38,1.446,61.9,0.54,0.44,-18.4,7/8,2.78,False
1h,3,2.0,0,0,0.25,3R,"(-1,)",228,34,0.903,-14.9,-0.09,0.338,-25.8,4/8,2.77,False
1h,3,2.0,0,0,0.25,3R,"(1, -1)",469,70,1.16,46.9,0.23,0.39,-31.1,6/8,2.78,False
1h,3,2.0,0,0,0.5,2R,"(1,)",246,39,1.229,29.3,0.35,0.472,-13.4,6/8,1.86,False
1h,3,2.0,0,0,0.5,2R,"(-1,)",234,35,0.775,-33.5,-0.13,0.368,-39.4,3/8,1.85,False
1h,3,2.0,0,0,0.5,2R,"(1, -1)",480,72,0.985,-4.1,-0.02,0.421,-28.1,4/8,1.85,False
1h,3,2.0,0,0,0.5,3R,"(1,)",246,39,1.482,66.1,0.65,0.443,-16.2,7/8,2.81,False
1h,3,2.0,0,0,0.5,3R,"(-1,)",234,35,0.89,-17.0,-0.1,0.342,-25.3,3/8,2.8,False
1h,3,2.0,0,0,0.5,3R,"(1, -1)",480,72,1.168,49.1,0.36,0.394,-20.3,4/8,2.8,False
1h,3,2.0,0,1,0.1,2R,"(1,)",170,27,1.325,29.2,0.21,0.488,-22.1,7/8,1.84,False
1h,3,2.0,0,1,0.1,2R,"(-1,)",109,16,1.247,14.6,0.23,0.45,-9.4,5/8,1.82,False
1h,3,2.0,0,1,0.1,2R,"(1, -1)",279,42,1.294,43.8,0.37,0.473,-17.9,7/8,1.83,False
1h,3,2.0,0,1,0.1,3R,"(1,)",170,27,1.631,59.8,0.42,0.471,-23.1,7/8,2.79,False
1h,3,2.0,0,1,0.1,3R,"(-1,)",109,16,1.197,13.5,0.19,0.385,-10.8,6/8,2.76,False
1h,3,2.0,0,1,0.1,3R,"(1, -1)",279,42,1.45,73.3,0.57,0.437,-19.4,7/8,2.78,False
1h,3,2.0,0,1,0.25,2R,"(1,)",172,28,1.343,30.6,0.22,0.5,-22.0,7/8,1.85,False
1h,3,2.0,0,1,0.25,2R,"(-1,)",109,16,1.249,14.3,0.19,0.44,-11.3,6/8,1.84,False
1h,3,2.0,0,1,0.25,2R,"(1, -1)",281,42,1.306,45.0,0.37,0.477,-18.5,7/8,1.85,False
1h,3,2.0,0,1,0.25,3R,"(1,)",172,28,1.594,56.7,0.38,0.471,-24.0,7/8,2.8,False
1h,3,2.0,0,1,0.25,3R,"(-1,)",109,16,1.1,6.5,0.07,0.376,-13.9,5/8,2.79,False
1h,3,2.0,0,1,0.25,3R,"(1, -1)",281,42,1.392,63.2,0.4,0.434,-23.8,7/8,2.8,False
1h,3,2.0,0,1,0.5,2R,"(1,)",175,28,1.319,28.3,0.27,0.497,-16.8,7/8,1.87,False
1h,3,2.0,0,1,0.5,2R,"(-1,)",114,17,0.945,-3.5,-0.03,0.404,-17.9,4/8,1.85,False
1h,3,2.0,0,1,0.5,2R,"(1, -1)",289,43,1.161,24.8,0.21,0.46,-17.6,6/8,1.86,False
1h,3,2.0,0,1,0.5,3R,"(1,)",175,28,1.648,60.8,0.43,0.474,-22.6,7/8,2.83,False
1h,3,2.0,0,1,0.5,3R,"(-1,)",114,17,0.933,-4.7,-0.05,0.36,-15.6,4/8,2.8,False
1h,3,2.0,0,1,0.5,3R,"(1, -1)",289,43,1.343,56.2,0.4,0.429,-21.0,7/8,2.82,False
1h,3,2.0,1,0,0.1,2R,"(1,)",215,34,1.191,23.7,0.18,0.447,-20.8,6/8,1.81,False
1h,3,2.0,1,0,0.1,2R,"(-1,)",214,32,0.846,-21.6,-0.1,0.379,-32.3,4/8,1.8,False
1h,3,2.0,1,0,0.1,2R,"(1, -1)",429,64,1.008,2.0,0.01,0.413,-41.7,4/8,1.81,False
1h,3,2.0,1,0,0.1,3R,"(1,)",215,34,1.458,60.3,0.51,0.423,-19.0,6/8,2.75,False
1h,3,2.0,1,0,0.1,3R,"(-1,)",214,32,0.908,-14.0,-0.09,0.332,-23.9,4/8,2.74,False
1h,3,2.0,1,0,0.1,3R,"(1, -1)",429,64,1.163,46.3,0.21,0.378,-33.2,6/8,2.74,False
1h,3,2.0,1,0,0.25,2R,"(1,)",218,35,1.243,29.5,0.22,0.468,-21.0,6/8,1.82,False
1h,3,2.0,1,0,0.25,2R,"(-1,)",215,32,0.853,-20.0,-0.11,0.381,-26.4,5/8,1.82,False
1h,3,2.0,1,0,0.25,2R,"(1, -1)",433,65,1.037,9.5,0.04,0.425,-38.1,5/8,1.82,False
1h,3,2.0,1,0,0.25,3R,"(1,)",218,35,1.442,58.3,0.52,0.427,-18.0,6/8,2.76,False
1h,3,2.0,1,0,0.25,3R,"(-1,)",215,32,0.927,-10.8,-0.06,0.34,-25.4,5/8,2.76,False
1h,3,2.0,1,0,0.25,3R,"(1, -1)",433,65,1.17,47.6,0.22,0.383,-32.1,5/8,2.76,False
1h,3,2.0,1,0,0.5,2R,"(1,)",222,35,1.241,28.9,0.37,0.464,-12.5,6/8,1.85,False
1h,3,2.0,1,0,0.5,2R,"(-1,)",221,33,0.786,-30.3,-0.13,0.371,-36.3,4/8,1.84,False
1h,3,2.0,1,0,0.5,2R,"(1, -1)",443,66,0.995,-1.4,-0.01,0.418,-28.9,5/8,1.84,False
1h,3,2.0,1,0,0.5,3R,"(1,)",222,35,1.5,64.8,0.66,0.432,-15.7,6/8,2.8,False
1h,3,2.0,1,0,0.5,3R,"(-1,)",221,33,0.914,-12.7,-0.08,0.344,-24.3,3/8,2.79,False
1h,3,2.0,1,0,0.5,3R,"(1, -1)",443,66,1.188,52.1,0.37,0.388,-21.3,5/8,2.79,False
1h,3,2.0,1,1,0.1,2R,"(1,)",149,24,1.309,25.7,0.19,0.477,-21.9,7/8,1.83,False
1h,3,2.0,1,1,0.1,2R,"(-1,)",98,15,1.242,13.1,0.26,0.449,-7.6,5/8,1.81,False
1h,3,2.0,1,1,0.1,2R,"(1, -1)",247,37,1.282,38.8,0.24,0.466,-24.3,7/8,1.82,False
1h,3,2.0,1,1,0.1,3R,"(1,)",149,24,1.637,56.1,0.39,0.456,-22.8,7/8,2.77,False
1h,3,2.0,1,1,0.1,3R,"(-1,)",98,15,1.222,13.8,0.26,0.388,-8.1,6/8,2.74,False
1h,3,2.0,1,1,0.1,3R,"(1, -1)",247,37,1.465,69.9,0.46,0.429,-23.1,7/8,2.76,False
1h,3,2.0,1,1,0.25,2R,"(1,)",151,24,1.337,27.9,0.2,0.49,-22.4,7/8,1.84,False
1h,3,2.0,1,1,0.25,2R,"(-1,)",98,15,1.236,12.5,0.19,0.439,-9.8,6/8,1.83,False
1h,3,2.0,1,1,0.25,2R,"(1, -1)",249,37,1.298,40.4,0.25,0.47,-24.7,7/8,1.83,False
1h,3,2.0,1,1,0.25,3R,"(1,)",151,24,1.606,53.8,0.35,0.457,-24.4,7/8,2.78,False
1h,3,2.0,1,1,0.25,3R,"(-1,)",98,15,1.143,8.6,0.12,0.378,-10.6,5/8,2.77,False
1h,3,2.0,1,1,0.25,3R,"(1, -1)",249,37,1.418,62.4,0.36,0.426,-26.2,7/8,2.78,False
1h,3,2.0,1,1,0.5,2R,"(1,)",153,25,1.351,28.4,0.29,0.49,-15.8,7/8,1.86,False
1h,3,2.0,1,1,0.5,2R,"(-1,)",103,15,0.96,-2.4,-0.03,0.408,-14.0,4/8,1.84,False
1h,3,2.0,1,1,0.5,2R,"(1, -1)",256,38,1.185,26.0,0.2,0.457,-19.4,7/8,1.85,False
1h,3,2.0,1,1,0.5,3R,"(1,)",153,25,1.695,60.0,0.45,0.464,-21.6,7/8,2.81,False
1h,3,2.0,1,1,0.5,3R,"(-1,)",103,15,0.962,-2.4,-0.03,0.359,-12.4,4/8,2.79,False
1h,3,2.0,1,1,0.5,3R,"(1, -1)",256,38,1.381,57.6,0.4,0.422,-21.6,7/8,2.8,False
1h,4,1.2,0,0,0.1,2R,"(1,)",544,81,1.054,18.3,0.06,0.434,-43.0,5/8,1.79,False
1h,4,1.2,0,0,0.1,2R,"(-1,)",503,75,0.722,-98.6,-0.14,0.348,-103.1,2/8,1.78,False
1h,4,1.2,0,0,0.1,2R,"(1, -1)",1047,156,0.884,-80.3,-0.13,0.393,-95.4,4/8,1.78,False
1h,4,1.2,0,0,0.1,3R,"(1,)",544,81,1.241,88.2,0.33,0.388,-39.4,5/8,2.72,False
1h,4,1.2,0,0,0.1,3R,"(-1,)",503,75,0.878,-45.2,-0.11,0.322,-62.9,3/8,2.7,False
1h,4,1.2,0,0,0.1,3R,"(1, -1)",1047,156,1.058,43.0,0.12,0.356,-53.8,5/8,2.71,False
1h,4,1.2,0,0,0.25,2R,"(1,)",549,82,1.059,19.7,0.06,0.435,-45.7,4/8,1.81,False
1h,4,1.2,0,0,0.25,2R,"(-1,)",508,76,0.77,-79.8,-0.14,0.354,-84.5,2/8,1.8,False
1h,4,1.2,0,0,0.25,2R,"(1, -1)",1057,158,0.912,-60.0,-0.11,0.396,-78.3,3/8,1.8,False
1h,4,1.2,0,0,0.25,3R,"(1,)",549,82,1.195,71.5,0.21,0.383,-50.9,4/8,2.74,False
1h,4,1.2,0,0,0.25,3R,"(-1,)",508,76,0.871,-47.8,-0.12,0.321,-59.4,2/8,2.73,False
1h,4,1.2,0,0,0.25,3R,"(1, -1)",1057,158,1.032,23.6,0.06,0.353,-55.1,5/8,2.73,False
1h,4,1.2,0,0,0.5,2R,"(1,)",564,84,1.065,22.1,0.07,0.434,-46.4,4/8,1.83,False
1h,4,1.2,0,0,0.5,2R,"(-1,)",517,77,0.745,-88.9,-0.14,0.352,-95.3,2/8,1.82,False
1h,4,1.2,0,0,0.5,2R,"(1, -1)",1081,161,0.903,-66.8,-0.12,0.395,-80.4,3/8,1.83,False
1h,4,1.2,0,0,0.5,3R,"(1,)",564,84,1.233,85.2,0.32,0.39,-39.3,5/8,2.77,False
1h,4,1.2,0,0,0.5,3R,"(-1,)",517,77,0.852,-54.5,-0.11,0.321,-72.6,2/8,2.76,False
1h,4,1.2,0,0,0.5,3R,"(1, -1)",1081,161,1.042,30.8,0.11,0.357,-41.7,5/8,2.77,False
1h,4,1.2,0,1,0.1,2R,"(1,)",381,57,1.133,30.7,0.16,0.449,-27.8,7/8,1.81,False
1h,4,1.2,0,1,0.1,2R,"(-1,)",250,38,0.882,-18.9,-0.09,0.388,-31.5,3/8,1.78,False
1h,4,1.2,0,1,0.1,2R,"(1, -1)",631,94,1.03,11.8,0.04,0.425,-40.1,5/8,1.8,False
1h,4,1.2,0,1,0.1,3R,"(1,)",381,57,1.379,93.6,0.6,0.409,-23.1,7/8,2.74,False
1h,4,1.2,0,1,0.1,3R,"(-1,)",250,38,1.084,14.0,0.08,0.368,-24.9,5/8,2.71,False
1h,4,1.2,0,1,0.1,3R,"(1, -1)",631,94,1.26,107.7,0.67,0.393,-23.9,6/8,2.73,False
1h,4,1.2,0,1,0.25,2R,"(1,)",385,57,1.111,25.9,0.14,0.444,-27.3,5/8,1.82,False
1h,4,1.2,0,1,0.25,2R,"(-1,)",252,38,0.946,-8.4,-0.05,0.393,-24.4,3/8,1.8,False
1h,4,1.2,0,1,0.25,2R,"(1, -1)",637,95,1.045,17.5,0.08,0.424,-32.3,6/8,1.82,False
1h,4,1.2,0,1,0.25,3R,"(1,)",385,57,1.309,77.6,0.41,0.4,-28.4,7/8,2.76,False
1h,4,1.2,0,1,0.25,3R,"(-1,)",252,38,1.003,0.5,0.0,0.357,-24.1,5/8,2.74,False
1h,4,1.2,0,1,0.25,3R,"(1, -1)",637,95,1.186,78.1,0.34,0.383,-34.4,6/8,2.75,False
1h,4,1.2,0,1,0.5,2R,"(1,)",392,58,1.135,31.2,0.15,0.446,-30.6,6/8,1.85,False
1h,4,1.2,0,1,0.5,2R,"(-1,)",258,39,0.944,-8.7,-0.05,0.403,-28.5,3/8,1.83,False
1h,4,1.2,0,1,0.5,2R,"(1, -1)",650,97,1.058,22.5,0.1,0.429,-32.6,5/8,1.84,False
1h,4,1.2,0,1,0.5,3R,"(1,)",392,58,1.354,88.0,0.47,0.406,-27.7,7/8,2.79,False
1h,4,1.2,0,1,0.5,3R,"(-1,)",258,39,1.011,1.9,0.01,0.364,-30.8,4/8,2.77,False
1h,4,1.2,0,1,0.5,3R,"(1, -1)",650,97,1.216,89.9,0.43,0.389,-31.3,6/8,2.78,False
1h,4,1.2,1,0,0.1,2R,"(1,)",500,75,1.072,22.5,0.07,0.438,-44.9,5/8,1.78,False
1h,4,1.2,1,0,0.1,2R,"(-1,)",475,71,0.708,-99.5,-0.15,0.341,-101.9,2/8,1.77,False
1h,4,1.2,1,0,0.1,2R,"(1, -1)",975,145,0.882,-77.0,-0.12,0.391,-92.9,4/8,1.77,False
1h,4,1.2,1,0,0.1,3R,"(1,)",500,75,1.256,87.4,0.32,0.388,-41.1,5/8,2.7,False
1h,4,1.2,1,0,0.1,3R,"(-1,)",475,71,0.871,-46.0,-0.11,0.318,-64.2,3/8,2.69,False
1h,4,1.2,1,0,0.1,3R,"(1, -1)",975,145,1.059,41.4,0.11,0.354,-58.5,5/8,2.7,False
1h,4,1.2,1,0,0.25,2R,"(1,)",505,75,1.072,22.6,0.07,0.438,-47.5,4/8,1.8,False
1h,4,1.2,1,0,0.25,2R,"(-1,)",480,72,0.755,-81.6,-0.14,0.348,-84.0,2/8,1.79,False
1h,4,1.2,1,0,0.25,2R,"(1, -1)",985,147,0.909,-59.0,-0.11,0.394,-78.9,3/8,1.79,False
1h,4,1.2,1,0,0.25,3R,"(1,)",505,75,1.204,70.3,0.2,0.38,-52.5,4/8,2.73,False
1h,4,1.2,1,0,0.25,3R,"(-1,)",480,72,0.866,-47.3,-0.12,0.317,-60.2,2/8,2.72,False
1h,4,1.2,1,0,0.25,3R,"(1, -1)",985,147,1.033,23.0,0.06,0.349,-57.8,5/8,2.72,False
1h,4,1.2,1,0,0.5,2R,"(1,)",519,77,1.077,24.4,0.08,0.435,-46.9,4/8,1.82,False
1h,4,1.2,1,0,0.5,2R,"(-1,)",489,73,0.729,-91.1,-0.14,0.346,-97.5,2/8,1.81,False
1h,4,1.2,1,0,0.5,2R,"(1, -1)",1008,150,0.898,-66.7,-0.12,0.392,-82.6,4/8,1.82,False
1h,4,1.2,1,0,0.5,3R,"(1,)",519,77,1.263,89.8,0.34,0.391,-39.8,5/8,2.76,False
1h,4,1.2,1,0,0.5,3R,"(-1,)",489,73,0.841,-56.3,-0.12,0.315,-72.2,3/8,2.75,False
1h,4,1.2,1,0,0.5,3R,"(1, -1)",1008,150,1.048,33.5,0.11,0.354,-44.4,5/8,2.76,False
1h,4,1.2,1,1,0.1,2R,"(1,)",340,51,1.166,34.4,0.19,0.456,-27.4,5/8,1.8,False
1h,4,1.2,1,1,0.1,2R,"(-1,)",225,34,0.855,-21.4,-0.1,0.378,-32.1,3/8,1.77,False
1h,4,1.2,1,1,0.1,2R,"(1, -1)",565,84,1.037,13.0,0.05,0.425,-42.4,5/8,1.79,False
1h,4,1.2,1,1,0.1,3R,"(1,)",340,51,1.411,92.4,0.62,0.412,-22.1,6/8,2.73,False
1h,4,1.2,1,1,0.1,3R,"(-1,)",225,34,1.076,11.7,0.07,0.364,-25.0,4/8,2.69,False
1h,4,1.2,1,1,0.1,3R,"(1, -1)",565,84,1.276,104.1,0.61,0.393,-25.6,6/8,2.71,False
1h,4,1.2,1,1,0.25,2R,"(1,)",344,51,1.133,28.2,0.15,0.448,-27.9,4/8,1.81,False
1h,4,1.2,1,1,0.25,2R,"(-1,)",227,34,0.918,-11.8,-0.07,0.383,-25.3,3/8,1.79,False
1h,4,1.2,1,1,0.25,2R,"(1, -1)",571,85,1.046,16.4,0.07,0.422,-37.2,5/8,1.8,False
1h,4,1.2,1,1,0.25,3R,"(1,)",344,51,1.33,75.9,0.39,0.398,-28.7,6/8,2.75,False
1h,4,1.2,1,1,0.25,3R,"(-1,)",227,34,0.996,-0.6,-0.0,0.352,-23.4,3/8,2.72,False
1h,4,1.2,1,1,0.25,3R,"(1, -1)",571,85,1.196,75.3,0.31,0.38,-36.0,6/8,2.74,False
1h,4,1.2,1,1,0.5,2R,"(1,)",350,52,1.157,33.0,0.16,0.449,-30.0,6/8,1.84,False
1h,4,1.2,1,1,0.5,2R,"(-1,)",233,35,0.913,-12.5,-0.07,0.395,-26.6,3/8,1.81,False
1h,4,1.2,1,1,0.5,2R,"(1, -1)",583,87,1.058,20.5,0.08,0.427,-38.7,5/8,1.83,False
1h,4,1.2,1,1,0.5,3R,"(1,)",350,52,1.407,91.9,0.51,0.409,-26.7,6/8,2.78,False
1h,4,1.2,1,1,0.5,3R,"(-1,)",233,35,0.991,-1.5,-0.01,0.356,-28.1,3/8,2.75,False
1h,4,1.2,1,1,0.5,3R,"(1, -1)",583,87,1.237,90.5,0.38,0.388,-35.4,6/8,2.77,False
1h,4,1.5,0,0,0.1,2R,"(1,)",383,58,1.137,30.5,0.15,0.446,-31.4,5/8,1.81,False
1h,4,1.5,0,0,0.1,2R,"(-1,)",358,53,0.776,-54.4,-0.14,0.366,-59.0,2/8,1.79,False
1h,4,1.5,0,0,0.1,2R,"(1, -1)",741,110,0.949,-23.9,-0.07,0.408,-48.4,4/8,1.8,False
1h,4,1.5,0,0,0.1,3R,"(1,)",383,58,1.364,87.4,0.43,0.407,-30.7,6/8,2.74,False
1h,4,1.5,0,0,0.1,3R,"(-1,)",358,53,0.93,-18.0,-0.06,0.338,-48.5,4/8,2.72,False
1h,4,1.5,0,0,0.1,3R,"(1, -1)",741,110,1.14,69.4,0.3,0.374,-34.3,5/8,2.73,False
1h,4,1.5,0,0,0.25,2R,"(1,)",387,58,1.147,32.6,0.16,0.452,-31.1,4/8,1.82,False
1h,4,1.5,0,0,0.25,2R,"(-1,)",363,54,0.821,-42.8,-0.13,0.372,-48.4,2/8,1.81,False
1h,4,1.5,0,0,0.25,2R,"(1, -1)",750,112,0.978,-10.2,-0.03,0.413,-43.7,5/8,1.81,False
1h,4,1.5,0,0,0.25,3R,"(1,)",387,58,1.294,71.5,0.31,0.398,-34.7,5/8,2.76,False
1h,4,1.5,0,0,0.25,3R,"(-1,)",363,54,0.91,-23.2,-0.08,0.333,-45.4,3/8,2.74,False
1h,4,1.5,0,0,0.25,3R,"(1, -1)",750,112,1.097,48.3,0.21,0.367,-33.5,5/8,2.75,False
1h,4,1.5,0,0,0.5,2R,"(1,)",395,59,1.144,31.9,0.14,0.451,-34.0,5/8,1.84,False
1h,4,1.5,0,0,0.5,2R,"(-1,)",370,55,0.763,-57.9,-0.13,0.359,-64.4,2/8,1.83,False
1h,4,1.5,0,0,0.5,2R,"(1, -1)",765,114,0.944,-26.0,-0.09,0.407,-43.6,3/8,1.84,False
1h,4,1.5,0,0,0.5,3R,"(1,)",395,59,1.353,84.7,0.43,0.41,-29.6,5/8,2.79,False
1h,4,1.5,0,0,0.5,3R,"(-1,)",370,55,0.873,-32.4,-0.08,0.332,-58.1,3/8,2.77,False
1h,4,1.5,0,0,0.5,3R,"(1, -1)",765,114,1.106,52.3,0.29,0.373,-26.6,5/8,2.78,False
1h,4,1.5,0,1,0.1,2R,"(1,)",270,41,1.236,35.8,0.2,0.463,-26.5,7/8,1.82,False
1h,4,1.5,0,1,0.1,2R,"(-1,)",168,25,0.936,-6.6,-0.04,0.399,-24.7,2/8,1.81,False
1h,4,1.5,0,1,0.1,2R,"(1, -1)",438,66,1.114,29.2,0.15,0.438,-28.7,6/8,1.82,False
1h,4,1.5,0,1,0.1,3R,"(1,)",270,41,1.514,83.4,0.51,0.43,-24.8,7/8,2.76,False
1h,4,1.5,0,1,0.1,3R,"(-1,)",168,25,1.046,5.2,0.03,0.369,-23.7,3/8,2.74,False
1h,4,1.5,0,1,0.1,3R,"(1, -1)",438,66,1.324,88.6,0.54,0.406,-24.7,8/8,2.76,False
1h,4,1.5,0,1,0.25,2R,"(1,)",273,41,1.214,32.7,0.2,0.462,-24.9,6/8,1.84,False
1h,4,1.5,0,1,0.25,2R,"(-1,)",170,26,0.932,-7.1,-0.04,0.388,-27.7,3/8,1.82,False
1h,4,1.5,0,1,0.25,2R,"(1, -1)",443,66,1.1,25.7,0.13,0.433,-29.7,7/8,1.83,False
1h,4,1.5,0,1,0.25,3R,"(1,)",273,41,1.417,69.4,0.42,0.418,-25.3,7/8,2.78,False
1h,4,1.5,0,1,0.25,3R,"(-1,)",170,26,0.92,-9.0,-0.05,0.347,-29.4,3/8,2.77,False
1h,4,1.5,0,1,0.25,3R,"(1, -1)",443,66,1.216,60.4,0.3,0.391,-30.4,7/8,2.78,False
1h,4,1.5,0,1,0.5,2R,"(1,)",278,42,1.215,33.0,0.19,0.46,-26.3,7/8,1.86,False
1h,4,1.5,0,1,0.5,2R,"(-1,)",175,26,0.837,-17.6,-0.08,0.377,-33.8,3/8,1.84,False
1h,4,1.5,0,1,0.5,2R,"(1, -1)",453,68,1.059,15.4,0.08,0.428,-30.1,5/8,1.85,False
1h,4,1.5,0,1,0.5,3R,"(1,)",278,42,1.497,81.8,0.48,0.428,-25.6,7/8,2.81,False
1h,4,1.5,0,1,0.5,3R,"(-1,)",175,26,0.895,-12.1,-0.05,0.349,-33.7,4/8,2.79,False
1h,4,1.5,0,1,0.5,3R,"(1, -1)",453,68,1.25,69.8,0.36,0.397,-29.3,6/8,2.8,False
1h,4,1.5,1,0,0.1,2R,"(1,)",353,53,1.163,34.0,0.16,0.45,-31.7,5/8,1.8,False
1h,4,1.5,1,0,0.1,2R,"(-1,)",336,50,0.775,-51.8,-0.14,0.363,-56.4,2/8,1.78,False
1h,4,1.5,1,0,0.1,2R,"(1, -1)",689,103,0.959,-17.8,-0.05,0.408,-53.3,4/8,1.79,False
1h,4,1.5,1,0,0.1,3R,"(1,)",353,53,1.401,90.7,0.44,0.408,-31.1,5/8,2.73,False
1h,4,1.5,1,0,0.1,3R,"(-1,)",336,50,0.949,-12.4,-0.04,0.339,-43.7,4/8,2.71,False
1h,4,1.5,1,0,0.1,3R,"(1, -1)",689,103,1.167,78.4,0.31,0.374,-37.2,5/8,2.72,False
1h,4,1.5,1,0,0.25,2R,"(1,)",357,54,1.167,34.9,0.16,0.454,-32.1,4/8,1.81,False
1h,4,1.5,1,0,0.25,2R,"(-1,)",341,51,0.82,-40.9,-0.13,0.37,-46.4,2/8,1.8,False
1h,4,1.5,1,0,0.25,2R,"(1, -1)",698,104,0.986,-6.0,-0.02,0.413,-48.4,4/8,1.81,False
1h,4,1.5,1,0,0.25,3R,"(1,)",357,54,1.319,73.6,0.32,0.395,-35.0,5/8,2.75,False
1h,4,1.5,1,0,0.25,3R,"(-1,)",341,51,0.934,-16.1,-0.06,0.334,-41.1,5/8,2.73,False
1h,4,1.5,1,0,0.25,3R,"(1, -1)",698,104,1.122,57.5,0.25,0.365,-34.8,5/8,2.74,False
1h,4,1.5,1,0,0.5,2R,"(1,)",364,55,1.164,34.2,0.16,0.451,-33.1,5/8,1.84,False
1h,4,1.5,1,0,0.5,2R,"(-1,)",348,52,0.766,-54.3,-0.13,0.359,-62.4,2/8,1.82,False
1h,4,1.5,1,0,0.5,2R,"(1, -1)",712,106,0.955,-20.1,-0.07,0.406,-46.0,3/8,1.83,False
1h,4,1.5,1,0,0.5,3R,"(1,)",364,55,1.393,88.9,0.46,0.409,-28.8,5/8,2.78,False
1h,4,1.5,1,0,0.5,3R,"(-1,)",348,52,0.88,-29.3,-0.08,0.33,-57.9,4/8,2.76,False
1h,4,1.5,1,0,0.5,3R,"(1, -1)",712,106,1.127,59.6,0.34,0.371,-26.4,5/8,2.77,False
1h,4,1.5,1,1,0.1,2R,"(1,)",243,37,1.279,38.8,0.23,0.469,-25.5,6/8,1.81,False
1h,4,1.5,1,1,0.1,2R,"(-1,)",149,22,0.941,-5.5,-0.04,0.396,-20.3,3/8,1.79,False
1h,4,1.5,1,1,0.1,2R,"(1, -1)",392,59,1.143,33.2,0.16,0.441,-32.0,7/8,1.8,False
1h,4,1.5,1,1,0.1,3R,"(1,)",243,37,1.576,86.3,0.56,0.432,-23.3,6/8,2.75,False
1h,4,1.5,1,1,0.1,3R,"(-1,)",149,22,1.094,9.3,0.07,0.376,-19.8,6/8,2.73,False
1h,4,1.5,1,1,0.1,3R,"(1, -1)",392,59,1.384,95.6,0.54,0.411,-26.5,7/8,2.74,False
1h,4,1.5,1,1,0.25,2R,"(1,)",246,37,1.243,34.5,0.22,0.463,-24.2,5/8,1.83,False
1h,4,1.5,1,1,0.25,2R,"(-1,)",151,23,0.927,-6.8,-0.04,0.384,-23.5,3/8,1.81,False
1h,4,1.5,1,1,0.25,2R,"(1, -1)",397,59,1.117,27.7,0.12,0.433,-33.6,7/8,1.82,False
1h,4,1.5,1,1,0.25,3R,"(1,)",246,37,1.458,71.0,0.43,0.415,-25.2,6/8,2.77,False
1h,4,1.5,1,1,0.25,3R,"(-1,)",151,23,0.965,-3.6,-0.02,0.351,-25.2,4/8,2.75,False
1h,4,1.5,1,1,0.25,3R,"(1, -1)",397,59,1.262,67.4,0.33,0.39,-30.2,7/8,2.76,False
1h,4,1.5,1,1,0.5,2R,"(1,)",250,38,1.244,34.7,0.21,0.46,-24.9,7/8,1.85,False
1h,4,1.5,1,1,0.5,2R,"(-1,)",156,23,0.842,-15.6,-0.08,0.378,-29.5,3/8,1.83,False
1h,4,1.5,1,1,0.5,2R,"(1, -1)",406,61,1.08,19.2,0.09,0.429,-32.9,5/8,1.84,False
1h,4,1.5,1,1,0.5,3R,"(1,)",250,38,1.561,85.5,0.55,0.428,-23.7,6/8,2.8,False
1h,4,1.5,1,1,0.5,3R,"(-1,)",156,23,0.9,-10.5,-0.05,0.346,-29.9,3/8,2.77,False
1h,4,1.5,1,1,0.5,3R,"(1, -1)",406,61,1.291,74.9,0.36,0.397,-31.5,6/8,2.79,False
1h,4,2.0,0,0,0.1,2R,"(1,)",217,35,1.217,26.0,0.18,0.461,-23.1,7/8,1.82,False
1h,4,2.0,0,0,0.1,2R,"(-1,)",205,31,0.786,-29.3,-0.13,0.361,-33.6,3/8,1.82,False
1h,4,2.0,0,0,0.1,2R,"(1, -1)",422,63,0.987,-3.3,-0.01,0.412,-40.4,6/8,1.82,False
1h,4,2.0,0,0,0.1,3R,"(1,)",217,35,1.426,54.7,0.4,0.424,-22.1,6/8,2.76,False
1h,4,2.0,0,0,0.1,3R,"(-1,)",205,31,0.915,-12.3,-0.08,0.332,-22.0,5/8,2.75,False
1h,4,2.0,0,0,0.1,3R,"(1, -1)",422,63,1.155,42.4,0.18,0.379,-35.2,6/8,2.76,False
1h,4,2.0,0,0,0.25,2R,"(1,)",219,35,1.25,29.5,0.22,0.475,-21.8,6/8,1.83,False
1h,4,2.0,0,0,0.25,2R,"(-1,)",205,31,0.859,-18.1,-0.11,0.376,-24.1,3/8,1.83,False
1h,4,2.0,0,0,0.25,2R,"(1, -1)",424,64,1.046,11.4,0.05,0.427,-31.4,6/8,1.83,False
1h,4,2.0,0,0,0.25,3R,"(1,)",219,35,1.316,41.2,0.27,0.411,-24.2,6/8,2.77,False
1h,4,2.0,0,0,0.25,3R,"(-1,)",205,31,0.923,-10.8,-0.09,0.337,-18.9,5/8,2.78,False
1h,4,2.0,0,0,0.25,3R,"(1, -1)",424,64,1.113,30.4,0.12,0.375,-37.3,6/8,2.78,False
1h,4,2.0,0,0,0.5,2R,"(1,)",224,36,1.084,10.4,0.06,0.442,-26.7,5/8,1.85,False
1h,4,2.0,0,0,0.5,2R,"(-1,)",210,31,0.757,-32.7,-0.13,0.357,-38.8,2/8,1.85,False
1h,4,2.0,0,0,0.5,2R,"(1, -1)",434,65,0.914,-22.3,-0.09,0.401,-38.3,5/8,1.85,False
1h,4,2.0,0,0,0.5,3R,"(1,)",224,36,1.296,39.0,0.25,0.411,-25.3,6/8,2.81,False
1h,4,2.0,0,0,0.5,3R,"(-1,)",210,31,0.885,-15.9,-0.1,0.343,-24.0,3/8,2.8,False
1h,4,2.0,0,0,0.5,3R,"(1, -1)",434,65,1.085,23.0,0.11,0.378,-31.6,5/8,2.8,False
1h,4,2.0,0,1,0.1,2R,"(1,)",159,26,1.298,25.4,0.19,0.478,-21.5,6/8,1.84,False
1h,4,2.0,0,1,0.1,2R,"(-1,)",102,15,1.057,3.4,0.04,0.412,-12.8,4/8,1.82,False
1h,4,2.0,0,1,0.1,2R,"(1, -1)",261,39,1.199,28.8,0.22,0.452,-19.7,6/8,1.83,False
1h,4,2.0,0,1,0.1,3R,"(1,)",159,26,1.558,50.6,0.36,0.447,-22.4,7/8,2.78,False
1h,4,2.0,0,1,0.1,3R,"(-1,)",102,15,1.136,8.9,0.08,0.373,-16.5,5/8,2.75,False
1h,4,2.0,0,1,0.1,3R,"(1, -1)",261,39,1.381,59.5,0.44,0.418,-20.1,7/8,2.77,False
1h,4,2.0,0,1,0.25,2R,"(1,)",160,26,1.319,27.0,0.24,0.487,-18.3,7/8,1.85,False
1h,4,2.0,0,1,0.25,2R,"(-1,)",102,15,1.072,4.1,0.04,0.402,-15.7,5/8,1.84,False
1h,4,2.0,0,1,0.25,2R,"(1, -1)",262,39,1.219,31.1,0.26,0.454,-17.9,7/8,1.84,False
1h,4,2.0,0,1,0.25,3R,"(1,)",160,26,1.375,35.4,0.25,0.425,-22.9,7/8,2.8,False
1h,4,2.0,0,1,0.25,3R,"(-1,)",102,15,1.006,0.4,0.0,0.353,-17.5,5/8,2.78,False
1h,4,2.0,0,1,0.25,3R,"(1, -1)",262,39,1.226,35.8,0.2,0.397,-27.1,7/8,2.79,False
1h,4,2.0,0,1,0.5,2R,"(1,)",163,26,1.159,14.0,0.11,0.46,-20.9,7/8,1.87,False
1h,4,2.0,0,1,0.5,2R,"(-1,)",106,16,0.83,-10.8,-0.07,0.368,-24.7,2/8,1.85,False
1h,4,2.0,0,1,0.5,2R,"(1, -1)",269,40,1.021,3.2,0.02,0.424,-26.0,7/8,1.86,False
1h,4,2.0,0,1,0.5,3R,"(1,)",163,26,1.382,36.1,0.24,0.429,-24.2,7/8,2.83,False
1h,4,2.0,0,1,0.5,3R,"(-1,)",106,16,0.915,-5.6,-0.04,0.349,-21.7,3/8,2.8,False
1h,4,2.0,0,1,0.5,3R,"(1, -1)",269,40,1.19,30.5,0.17,0.398,-27.1,7/8,2.82,False
1h,4,2.0,1,0,0.1,2R,"(1,)",196,31,1.196,22.3,0.16,0.454,-22.7,5/8,1.81,False
1h,4,2.0,1,0,0.1,2R,"(-1,)",190,28,0.785,-27.6,-0.13,0.358,-32.2,3/8,1.81,False
1h,4,2.0,1,0,0.1,2R,"(1, -1)",386,58,0.978,-5.3,-0.02,0.407,-45.6,5/8,1.81,False
1h,4,2.0,1,0,0.1,3R,"(1,)",196,31,1.415,50.8,0.37,0.413,-21.8,5/8,2.74,False
1h,4,2.0,1,0,0.1,3R,"(-1,)",190,28,0.933,-9.1,-0.06,0.332,-21.3,5/8,2.74,False
1h,4,2.0,1,0,0.1,3R,"(1, -1)",386,58,1.161,41.6,0.16,0.373,-39.0,6/8,2.74,False
1h,4,2.0,1,0,0.25,2R,"(1,)",198,32,1.236,26.5,0.19,0.47,-22.2,5/8,1.82,False
1h,4,2.0,1,0,0.25,2R,"(-1,)",190,28,0.861,-16.8,-0.12,0.374,-21.2,3/8,1.83,False
1h,4,2.0,1,0,0.25,2R,"(1, -1)",388,58,1.042,9.7,0.04,0.423,-36.6,5/8,1.82,False
1h,4,2.0,1,0,0.25,3R,"(1,)",198,32,1.305,38.0,0.25,0.399,-24.6,5/8,2.76,False
1h,4,2.0,1,0,0.25,3R,"(-1,)",190,28,0.955,-5.9,-0.04,0.337,-19.7,5/8,2.77,False
1h,4,2.0,1,0,0.25,3R,"(1, -1)",388,58,1.126,32.1,0.12,0.369,-38.9,6/8,2.76,False
1h,4,2.0,1,0,0.5,2R,"(1,)",202,32,1.086,10.1,0.06,0.436,-26.3,5/8,1.84,False
1h,4,2.0,1,0,0.5,2R,"(-1,)",195,29,0.771,-29.1,-0.12,0.359,-35.1,2/8,1.84,False
1h,4,2.0,1,0,0.5,2R,"(1, -1)",397,59,0.922,-18.9,-0.07,0.398,-39.8,5/8,1.84,False
1h,4,2.0,1,0,0.5,3R,"(1,)",202,32,1.302,37.7,0.25,0.401,-24.5,5/8,2.79,False
1h,4,2.0,1,0,0.5,3R,"(-1,)",195,29,0.917,-10.9,-0.07,0.344,-21.8,4/8,2.79,False
1h,4,2.0,1,0,0.5,3R,"(1, -1)",397,59,1.105,26.9,0.13,0.373,-31.7,5/8,2.79,False
1h,4,2.0,1,1,0.1,2R,"(1,)",140,23,1.282,22.4,0.17,0.471,-21.1,6/8,1.82,False
1h,4,2.0,1,1,0.1,2R,"(-1,)",89,13,1.087,4.6,0.08,0.416,-8.3,4/8,1.8,False
1h,4,2.0,1,1,0.1,2R,"(1, -1)",229,34,1.205,27.0,0.16,0.45,-25.9,7/8,1.81,False
1h,4,2.0,1,1,0.1,3R,"(1,)",140,23,1.559,47.4,0.35,0.436,-22.0,7/8,2.76,False
1h,4,2.0,1,1,0.1,3R,"(-1,)",89,13,1.199,11.5,0.17,0.382,-10.2,6/8,2.73,False
1h,4,2.0,1,1,0.1,3R,"(1, -1)",229,34,1.413,58.9,0.37,0.415,-24.1,7/8,2.75,False
1h,4,2.0,1,1,0.25,2R,"(1,)",141,23,1.312,24.6,0.21,0.482,-18.7,7/8,1.84,False
1h,4,2.0,1,1,0.25,2R,"(-1,)",89,13,1.095,4.8,0.07,0.404,-10.5,6/8,1.82,False
1h,4,2.0,1,1,0.25,2R,"(1, -1)",230,35,1.227,29.5,0.18,0.452,-24.1,7/8,1.83,False
1h,4,2.0,1,1,0.25,3R,"(1,)",141,23,1.37,32.8,0.23,0.411,-23.3,7/8,2.78,False
1h,4,2.0,1,1,0.25,3R,"(-1,)",89,13,1.082,4.6,0.05,0.36,-13.3,5/8,2.76,False
1h,4,2.0,1,1,0.25,3R,"(1, -1)",230,35,1.258,37.4,0.19,0.391,-29.8,7/8,2.77,False
1h,4,2.0,1,1,0.5,2R,"(1,)",143,23,1.175,14.3,0.11,0.455,-20.1,7/8,1.86,False
1h,4,2.0,1,1,0.5,2R,"(-1,)",93,14,0.862,-7.8,-0.06,0.376,-18.7,3/8,1.83,False
1h,4,2.0,1,1,0.5,2R,"(1, -1)",236,35,1.047,6.5,0.04,0.424,-27.8,7/8,1.85,False
1h,4,2.0,1,1,0.5,3R,"(1,)",143,23,1.404,35.4,0.24,0.42,-23.4,7/8,2.81,False
1h,4,2.0,1,1,0.5,3R,"(-1,)",93,14,0.979,-1.3,-0.01,0.355,-15.8,4/8,2.78,False
1h,4,2.0,1,1,0.5,3R,"(1, -1)",236,35,1.232,34.2,0.18,0.394,-28.0,7/8,2.8,False
