family,pattern,ts_run,n,net,yr_r,wr,pf,dd,mar,pos_years,years_dict,trades_per_year,gate_trades_yr_ge_200,gate_pf_ge_1p3,gate_mar_ge_1p5,gate_pos_years_ge_7,gate_ALL_PASS,notes,symbol,cost_usd
fvg,m5_break_tp1.0,1782729417,104824.0,-16718.70382888314,-2489.8439604324203,0.4893631229489429,0.7256958473404475,-16727.477710163836,-0.1488475431606498,0/8,"{2019: -1291.16, 2020: -2649.19, 2021: -3183.55, 2022: -2783.43, 2023: -3016.71, 2024: -2237.1, 2025: -1226.0, 2026: -331.57}",15610.983122834788,True,False,False,False,False,"M5 FVG break continuation, TP=1.0R, no filter",,
fvg,m5_break_tp1.5,1782729418,104824.0,-12910.996005382916,-1922.7785692114403,0.406042509349004,0.8177916758363524,-12936.208239634145,-0.1486354064184281,0/8,"{2019: -1256.89, 2020: -2217.06, 2021: -2844.32, 2022: -2113.11, 2023: -2178.73, 2024: -1699.93, 2025: -495.11, 2026: -105.84}",15610.983122834788,True,False,False,False,False,"M5 FVG break continuation, TP=1.5R, no filter",,
fvg,m5_break_tp2.0,1782729419,104824.0,-9710.726351654748,-1446.1763068204734,0.3489563458749904,0.8749481143763209,-10081.6085507363,-0.143446980662114,2/8,"{2019: -1179.45, 2020: -1885.19, 2021: -2396.36, 2022: -1729.72, 2023: -1671.44, 2024: -1098.99, 2025: 100.08, 2026: 150.35}",15610.983122834788,True,False,False,False,False,"M5 FVG break continuation, TP=2.0R, no filter",,
fvg,m5_break_tp3.0,1782729420,104824.0,-4207.035081834328,-626.5354657300767,0.2768736167289933,0.9512097598497412,-6301.779658549054,-0.0994219886568253,2/8,"{2019: -1116.71, 2020: -1081.96, 2021: -1884.87, 2022: -1078.65, 2023: -763.78, 2024: -79.97, 2025: 1256.21, 2026: 542.7}",15610.983122834788,True,False,False,False,False,"M5 FVG break continuation, TP=3.0R, no filter",,
fvg,m5_break_trend_tp1.0,1782729438,52404.0,-8818.389467686678,-1313.2844496550483,0.4846958247462026,0.7131390583775876,-8831.312328748982,-0.1487077345662266,0/8,"{2019: -657.27, 2020: -1380.1, 2021: -1685.76, 2022: -1427.34, 2023: -1714.28, 2024: -1301.72, 2025: -440.21, 2026: -211.71}",7804.300156157313,True,False,False,False,False,"M5 FVG break + trend filter, TP=1.0R",,
fvg,m5_break_trend_tp2.0,1782729438,52404.0,-5084.596246044946,-757.2268391154389,0.3472063201282345,0.869368027973528,-5704.278130456355,-0.1327471805893271,2/8,"{2019: -657.05, 2020: -842.37, 2021: -1284.31, 2022: -915.51, 2023: -1135.9, 2024: -793.53, 2025: 457.75, 2026: 86.32}",7804.300156157313,True,False,False,False,False,"M5 FVG break + trend filter, TP=2.0R",,
fvg,m5_break_trend_tp3.0,1782729439,52404.0,-1852.601319570751,-275.89986962108344,0.2774406533852377,0.9569857590099792,-3405.8720343556647,-0.0810071156044707,2/8,"{2019: -617.73, 2020: -252.19, 2021: -1052.54, 2022: -453.55, 2023: -683.35, 2024: -242.77, 2025: 1059.16, 2026: 390.36}",7804.300156157313,True,False,False,False,False,"M5 FVG break + trend filter, TP=3.0R",,
fvg,m5_retest_tp1.0,1782729441,94210.0,-12317.16123060272,-1834.3724990968224,0.5039486254113151,0.7684268909982783,-12326.887642691829,-0.1488106772989333,0/8,"{2019: -1027.22, 2020: -1689.62, 2021: -2223.91, 2022: -2089.19, 2023: -2267.93, 2024: -1789.55, 2025: -1139.73, 2026: -90.01}",14030.524558738376,True,False,False,False,False,"M5 FVG retest entry, expiry 48 bars, TP=1.0R",,
fvg,m5_retest_tp2.0,1782729442,94210.0,-6985.645745890756,-1040.3595605176365,0.355248912005095,0.8989307313848641,-7509.482763412877,-0.1385394431672972,2/8,"{2019: -899.8, 2020: -1091.37, 2021: -1794.23, 2022: -1173.86, 2023: -1249.99, 2024: -1105.05, 2025: 102.53, 2026: 226.12}",14030.524558738376,True,False,False,False,False,"M5 FVG retest entry, expiry 48 bars, TP=2.0R",,
fvg,m5_retest_tp3.0,1782729444,94210.0,-2381.6275077467753,-354.6914683919754,0.2806283833987899,0.9691150896587472,-4138.825020294892,-0.0856985899748676,2/8,"{2019: -848.53, 2020: -510.47, 2021: -1270.44, 2022: -493.21, 2023: -604.13, 2024: -280.53, 2025: 1127.87, 2026: 497.81}",14030.524558738376,True,False,False,False,False,"M5 FVG retest entry, expiry 48 bars, TP=3.0R",,
fvg,m15_retest_tp1.0,1782729446,28193.0,-3359.6448109649286,-500.3606892126398,0.5107650835313731,0.7863595649503656,-3374.558886119567,-0.1482743985505046,0/8,"{2019: -234.44, 2020: -359.24, 2021: -670.57, 2022: -502.29, 2023: -677.61, 2024: -538.47, 2025: -328.3, 2026: -48.72}",4198.857231851351,True,False,False,False,False,"M15 FVG retest on M5 grid, expiry 96 bars, TP=1.0R",,
fvg,m15_retest_tp2.0,1782729446,28193.0,-1708.067039762953,-254.3868918666195,0.3602312630794878,0.9169203330581468,-1899.143638491778,-0.1339482105043108,2/8,"{2019: -199.97, 2020: -249.27, 2021: -410.19, 2022: -199.88, 2023: -456.16, 2024: -305.21, 2025: 54.51, 2026: 58.11}",4198.857231851351,True,False,False,False,False,"M15 FVG retest on M5 grid, expiry 96 bars, TP=2.0R",,
fvg,m15_retest_tp3.0,1782729447,28193.0,-620.3849358562513,-92.39555118120305,0.2815947220941368,0.9731220843526972,-1196.541861427194,-0.0772188204690112,2/8,"{2019: -206.07, 2020: -107.68, 2021: -318.42, 2022: -42.21, 2023: -367.16, 2024: -56.95, 2025: 349.25, 2026: 128.86}",4198.857231851351,True,False,False,False,False,"M15 FVG retest on M5 grid, expiry 96 bars, TP=3.0R",,
order_block,m15_retest_tp1.0,1782729495,11510.0,-153.80707617855086,-22.908965988109067,0.564118158123371,0.9730941747064936,-363.82554961451416,-0.062966897218686,3/8,"{2019: -66.03, 2020: 102.67, 2021: -162.13, 2022: -47.17, 2023: -85.78, 2024: -20.56, 2025: 33.81, 2026: 91.39}",1714.3697486130818,True,False,False,False,False,"M15 OB (1.5 ATR impulse), retest on M5, expiry 192 bars, TP=1.0R",,
order_block,m15_retest_tp2.0,1782729496,11510.0,1049.967409086896,156.3885632639644,0.4110338835794961,1.135830334970375,-72.07090326559702,2.169926505397586,6/8,"{2019: -32.03, 2020: 228.68, 2021: -15.77, 2022: 131.83, 2023: 61.91, 2024: 224.55, 2025: 301.81, 2026: 149.0}",1714.3697486130818,True,False,True,False,False,"M15 OB (1.5 ATR impulse), retest on M5, expiry 192 bars, TP=2.0R",,
order_block,m15_retest_tp3.0,1782729496,11510.0,1830.8642814727832,272.7001162444106,0.326498696785404,1.2072519080183073,-72.12645711833528,3.780861103395129,8/8,"{2019: 5.13, 2020: 370.91, 2021: 53.15, 2022: 255.55, 2023: 194.84, 2024: 384.46, 2025: 401.49, 2026: 165.33}",1714.3697486130818,True,False,True,True,False,"M15 OB (1.5 ATR impulse), retest on M5, expiry 192 bars, TP=3.0R",,
order_block,m15_retest_trend_tp1.0,1782729498,6844.0,-306.0683969380334,-45.58776226628815,0.5474868497954413,0.9131689636973211,-375.6838334887725,-0.1213460846662984,3/8,"{2019: -49.67, 2020: 39.54, 2021: -177.31, 2022: -20.86, 2023: -115.56, 2024: -18.84, 2025: 1.42, 2026: 35.21}",1019.3886336250656,True,False,False,False,False,"M15 OB + trend filter, TP=1.0R",,
order_block,m15_retest_trend_tp2.0,1782729498,6844.0,374.6719553512829,55.806010026764454,0.3983050847457627,1.0798640818830354,-154.54575588951965,0.3610970078444507,5/8,"{2019: -37.67, 2020: 131.54, 2021: -118.41, 2022: 79.14, 2023: -48.43, 2024: 142.27, 2025: 157.42, 2026: 68.82}",1019.3886336250656,True,False,False,False,False,"M15 OB + trend filter, TP=2.0R",,
order_block,m15_retest_trend_tp3.0,1782729498,6844.0,835.4060377349833,124.43065741215588,0.3170660432495616,1.1570768432119214,-141.61845450587327,0.8786330697246482,6/8,"{2019: -16.51, 2020: 219.85, 2021: -83.23, 2022: 174.38, 2023: 33.38, 2024: 231.48, 2025: 204.56, 2026: 71.5}",1019.3886336250656,True,False,False,False,False,"M15 OB + trend filter, TP=3.0R",,
ict,asian_sweep_reversal_tp1.0,1782729635,1840.0,-343.54399068389654,-51.19977256121623,0.4913043478260869,0.6859781592283283,-356.9054947346842,-0.1434547052834729,1/8,"{2019: -33.75, 2020: -64.21, 2021: -52.39, 2022: -68.74, 2023: -49.09, 2024: -35.49, 2025: -40.83, 2026: 0.96}",274.2227605992987,True,False,False,False,False,"Asian sweep + reversal (fade), London/NY window, TP=1.0R",,
ict,asian_sweep_reversal_tp2.0,1782729635,1840.0,-228.54399068389657,-34.06085002376006,0.3483695652173913,0.8370388516693841,-251.17178810438543,-0.1356077857342982,2/8,"{2019: -32.75, 2020: -31.21, 2021: -46.39, 2022: -47.74, 2023: -49.09, 2024: 7.51, 2025: -38.83, 2026: 9.96}",274.2227605992987,True,False,False,False,False,"Asian sweep + reversal (fade), London/NY window, TP=2.0R",,
ict,asian_sweep_reversal_tp3.0,1782729635,1840.0,-103.85987018346805,-15.478663215867066,0.2788043478260869,0.933038827508277,-132.84256367934182,-0.1165188534996192,2/8,"{2019: -17.75, 2020: -20.02, 2021: -24.39, 2022: -10.74, 2023: -9.09, 2024: 10.51, 2025: -34.83, 2026: 2.46}",274.2227605992987,True,False,False,False,False,"Asian sweep + reversal (fade), London/NY window, TP=3.0R",,
ict,bos_continuation_tp1.0,1782729636,,,,,,,,,,,,,,,,"M15 BOS continuation (10-bar swing), TP=1.0R",,
ict,bos_continuation_tp2.0,1782729636,,,,,,,,,,,,,,,,"M15 BOS continuation (10-bar swing), TP=2.0R",,
ict,bos_continuation_tp3.0,1782729636,,,,,,,,,,,,,,,,"M15 BOS continuation (10-bar swing), TP=3.0R",,
ict,bos_fade_tp1.0,1782729638,,,,,,,,,,,,,,,,"M15 BOS fade (10-bar swing), TP=1.0R",,
ict,bos_fade_tp2.0,1782729638,,,,,,,,,,,,,,,,"M15 BOS fade (10-bar swing), TP=2.0R",,
ict,bos_fade_tp3.0,1782729638,,,,,,,,,,,,,,,,"M15 BOS fade (10-bar swing), TP=3.0R",,
ict,eq_hl_grab_fade_tp1.0,1782729681,,,,,,,,,,,,,,,,"Equal highs/lows liquidity grab + fade, TP=1.0R",,
ict,eq_hl_grab_fade_tp2.0,1782729681,,,,,,,,,,,,,,,,"Equal highs/lows liquidity grab + fade, TP=2.0R",,
ict,eq_hl_grab_fade_tp3.0,1782729681,,,,,,,,,,,,,,,,"Equal highs/lows liquidity grab + fade, TP=3.0R",,
orb_causal,orb30_break_tp1.0,1782729730,2863.0,-511.6355978675877,-76.21088109975854,0.4736290604261264,0.6988877795260572,-515.9543328120895,-0.1477085785565338,0/8,"{2019: -34.56, 2020: -92.72, 2021: -84.92, 2022: -107.99, 2023: -68.51, 2024: -78.45, 2025: -19.28, 2026: -25.2}",426.4592876218851,True,False,False,False,False,"ORB30 (NY 9:30-10:00) break causal, NY 10-15 trade window, TP=1.0R",,
orb_causal,orb30_break_tp2.0,1782729730,2863.0,-232.05409207068868,-34.56570827600741,0.3482361159622773,0.8895739831222799,-270.924059756002,-0.1275844910457113,1/8,"{2019: -22.56, 2020: -63.72, 2021: -62.34, 2022: -68.99, 2023: -6.51, 2024: -32.45, 2025: 44.72, 2026: -20.2}",426.4592876218851,True,False,False,False,False,"ORB30 (NY 9:30-10:00) break causal, NY 10-15 trade window, TP=2.0R",,
orb_causal,orb30_break_tp3.0,1782729730,2863.0,9.895409028100886,1.4739745319074655,0.2825707300034928,1.0042801666856291,-125.94698490354858,0.0117031347200272,5/8,"{2019: -20.56, 2020: -24.72, 2021: 0.38, 2022: -51.99, 2023: 31.49, 2024: 3.55, 2025: 68.94, 2026: 2.8}",426.4592876218851,True,False,False,False,False,"ORB30 (NY 9:30-10:00) break causal, NY 10-15 trade window, TP=3.0R",,
orb_causal,orb30_fade_tp1.0,1782729731,2863.0,-210.44334749500945,-31.346671343865363,0.5263709395738736,0.8619575677994876,-222.28077751358748,-0.1410228616909944,1/8,"{2019: -19.37, 2020: -12.72, 2021: -42.92, 2022: -7.99, 2023: -76.51, 2024: -26.45, 2025: -37.28, 2026: 12.8}",426.4592876218851,True,False,False,False,False,"ORB30 fade causal, TP=1.0R",,
orb_causal,orb30_fade_tp2.0,1782729731,2863.0,30.172768698295584,4.494396592614407,0.3793223891023402,1.0151001324421305,-71.0797633094815,0.0632303258108189,6/8,"{2019: 11.63, 2020: -0.1, 2021: 0.08, 2022: 21.01, 2023: -36.51, 2024: 15.55, 2025: 2.72, 2026: 15.8}",426.4592876218851,True,False,False,False,False,"ORB30 fade causal, TP=2.0R",,
orb_causal,orb30_fade_tp3.0,1782729731,2863.0,274.3223131975092,40.861787727906886,0.3070206077541041,1.123055773027791,-47.985029527915295,0.8515528307455879,7/8,"{2019: 25.49, 2020: 37.39, 2021: -8.26, 2022: 68.01, 2023: 2.56, 2024: 80.23, 2025: 55.38, 2026: 13.52}",426.4592876218851,True,False,False,True,False,"ORB30 fade causal, TP=3.0R",,
orb_causal,orb60_break_tp1.0,1782729732,2567.0,-442.69682956612985,-65.9400256233473,0.47331515387612,0.7075961777595574,-450.1607959398585,-0.1464810490342142,0/8,"{2019: -37.1, 2020: -63.16, 2021: -91.72, 2022: -76.89, 2023: -60.4, 2024: -67.08, 2025: -33.09, 2026: -13.26}",382.3565801025176,True,False,False,False,False,"ORB60 break causal, TP=1.0R",,
orb_causal,orb60_break_tp2.0,1782729732,2567.0,-121.98905037792832,-18.170360776181692,0.3576158940397351,0.9338673672463148,-178.67406907696773,-0.1016955670738903,2/8,"{2019: -26.1, 2020: -30.05, 2021: -58.14, 2022: -44.89, 2023: 22.6, 2024: -6.08, 2025: 22.91, 2026: -2.23}",382.3565801025176,True,False,False,False,False,"ORB60 break causal, TP=2.0R",,
orb_causal,orb60_break_tp3.0,1782729732,2567.0,13.875180184345112,2.066718521072231,0.2824308531359564,1.0067347335417622,-103.48153395912992,0.0199718581857172,3/8,"{2019: -25.1, 2020: -27.76, 2021: 5.28, 2022: -24.09, 2023: 56.72, 2024: -15.08, 2025: 53.13, 2026: -9.23}",382.3565801025176,True,False,False,False,False,"ORB60 break causal, TP=3.0R",,
order_block,sweep_atr1.5_exp96_tp2.0_all_notrend_both,1782729800,10707.0,1007.3780150915504,150.04503861779727,0.4121602689829083,1.140279424080901,-83.79716268375468,1.7905742129248217,6/8,"{2019: -21.75, 2020: 201.1, 2021: -5.94, 2022: 112.76, 2023: 54.83, 2024: 189.42, 2025: 322.69, 2026: 154.26}",1594.766020712447,True,False,True,False,False,ATR1.5 exp96 TP2.0 all notrend both,,
order_block,sweep_atr1.5_exp96_tp2.0_all_notrend_long,1782729800,5406.0,619.6702979016443,92.2990498518468,0.4193488716241213,1.1728354797219285,-102.71372065313548,0.8986048725032653,6/8,"{2019: 26.48, 2020: 170.07, 2021: -72.89, 2022: 38.13, 2023: -12.66, 2024: 181.19, 2025: 204.74, 2026: 84.62}",805.2163629412514,True,False,False,False,False,ATR1.5 exp96 TP2.0 all notrend long,,
order_block,sweep_atr1.5_exp96_tp2.0_all_notrend_short,1782729800,5301.0,387.70771718990625,57.7476388182513,0.4048292774948123,1.1078192167372851,-75.23548665813503,0.7675585203649,7/8,"{2019: -48.24, 2020: 31.04, 2021: 66.95, 2022: 74.63, 2023: 67.49, 2024: 8.23, 2025: 117.95, 2026: 69.64}",789.564457458573,True,False,False,True,False,ATR1.5 exp96 TP2.0 all notrend short,,
order_block,sweep_atr1.5_exp96_tp2.0_ny_notrend_both,1782729801,6797.0,603.0982629948192,89.82939578748162,0.4012064145946741,1.1330032891220752,-79.28732289072171,1.132960383985843,6/8,"{2019: -3.47, 2020: 98.26, 2021: -30.04, 2022: 83.77, 2023: 34.6, 2024: 107.44, 2025: 231.13, 2026: 81.4}",1012.3895899410963,True,False,False,False,False,ATR1.5 exp96 TP2.0 ny notrend both,,
order_block,sweep_atr1.5_exp96_tp2.0_ny_notrend_long,1782729802,3445.0,297.3424504908267,44.29245473409562,0.4005805515239477,1.1291573217429547,-74.59431370139055,0.5937778972188592,6/8,"{2019: 4.51, 2020: 61.66, 2021: -52.03, 2022: 35.3, 2023: -16.42, 2024: 132.86, 2025: 101.68, 2026: 29.77}",513.1709458473939,True,False,False,False,False,ATR1.5 exp96 TP2.0 ny notrend long,,
order_block,sweep_atr1.5_exp96_tp2.0_ny_notrend_short,1782729802,3352.0,305.75581250399244,45.54126844828949,0.4018496420047732,1.136969658278396,-56.66212072669035,0.803733920725589,6/8,"{2019: -7.98, 2020: 36.6, 2021: 21.99, 2022: 48.47, 2023: 51.02, 2024: -25.42, 2025: 129.46, 2026: 51.63}",499.2687811508835,True,False,False,False,False,ATR1.5 exp96 TP2.0 ny notrend short,,
order_block,sweep_atr1.5_exp96_tp2.0_ny_trend_both,1782729802,3983.0,449.8659284100564,67.00597069170628,0.4094903339191564,1.1714959095518411,-102.75428827648808,0.6520990200565516,5/8,"{2019: -24.07, 2020: 34.73, 2021: -64.29, 2022: 144.85, 2023: -22.77, 2024: 147.32, 2025: 159.34, 2026: 74.75}",593.2540439510648,True,False,False,False,False,ATR1.5 exp96 TP2.0 ny trend both,,
order_block,sweep_atr1.5_exp96_tp2.0_ny_trend_long,1782729803,2208.0,250.62580772483503,37.36333393261525,0.4103260869565217,1.1722103901422285,-67.77796944303574,0.5512607450421985,5/8,"{2019: -3.19, 2020: 39.55, 2021: -57.67, 2022: 72.7, 2023: -31.42, 2024: 109.88, 2025: 89.55, 2026: 31.22}",329.168979332688,True,False,False,False,False,ATR1.5 exp96 TP2.0 ny trend long,,
order_block,sweep_atr1.5_exp96_tp3.0_all_notrend_both,1782729803,10707.0,1729.127234724626,257.546778689391,0.3271691416830111,1.210514818609674,-78.19446655633391,3.293670128228903,8/8,"{2019: 13.41, 2020: 343.33, 2021: 41.98, 2022: 215.49, 2023: 184.57, 2024: 330.34, 2025: 419.37, 2026: 180.64}",1594.766020712447,True,False,True,True,False,ATR1.5 exp96 TP3.0 all notrend both,,
order_block,sweep_atr1.5_exp96_tp3.0_all_notrend_long,1782729803,5406.0,1084.7559858734226,161.57293185788916,0.3372179060303367,1.2652338626967683,-96.1469397352708,1.6804791946863944,7/8,"{2019: 67.48, 2020: 283.95, 2021: -42.29, 2022: 99.61, 2023: 43.13, 2024: 278.62, 2025: 235.98, 2026: 118.27}",805.2163629412514,True,False,True,True,False,ATR1.5 exp96 TP3.0 all notrend long,,
order_block,sweep_atr1.5_exp96_tp3.0_all_notrend_short,1782729803,5301.0,644.3712488512035,95.97672807038364,0.3169213355970571,1.1562493412559185,-86.074626673734,1.1150408869524762,7/8,"{2019: -54.07, 2020: 59.38, 2021: 84.27, 2022: 115.88, 2023: 141.44, 2024: 51.72, 2025: 183.39, 2026: 62.37}",789.564457458573,True,False,False,True,False,ATR1.5 exp96 TP3.0 all notrend short,,
order_block,sweep_atr1.5_exp96_tp3.0_all_trend_both,1782729804,6331.0,760.6047045032983,113.28927388258536,0.3168535776338651,1.154323916800185,-148.28338819613768,0.7640051610685827,6/8,"{2019: -9.08, 2020: 188.71, 2021: -88.93, 2022: 155.22, 2023: 21.99, 2024: 199.38, 2025: 219.49, 2026: 73.82}",942.9791700000424,True,False,False,False,False,ATR1.5 exp96 TP3.0 all trend both,,
order_block,sweep_atr1.5_exp96_tp3.0_all_trend_long,1782729804,3450.0,519.9415959409578,77.46774004696933,0.3246376811594202,1.1952322944022151,-109.9414552136304,0.7046272026911008,6/8,"{2019: 29.57, 2020: 161.94, 2021: -87.12, 2022: 58.14, 2023: -7.37, 2024: 185.1, 2025: 126.07, 2026: 53.6}",514.0263930574107,True,False,False,False,False,ATR1.5 exp96 TP3.0 all trend long,,
order_block,sweep_atr1.5_exp96_tp3.0_all_trend_short,1782729804,2881.0,240.6631085623406,35.84588506740579,0.3075321069073238,1.1062328453961563,-63.791823790280816,0.561919740455315,6/8,"{2019: -38.66, 2020: 26.77, 2021: -1.81, 2022: 97.08, 2023: 29.36, 2024: 14.28, 2025: 93.42, 2026: 20.22}",429.11435614754737,True,False,False,False,False,ATR1.5 exp96 TP3.0 all trend short,,
order_block,sweep_atr1.5_exp96_tp3.0_ny_notrend_both,1782729804,6797.0,952.509282063746,141.8729559340303,0.3155804031190231,1.1839914014946318,-102.51026815277166,1.3839877554763216,7/8,"{2019: 15.69, 2020: 178.04, 2021: -23.12, 2022: 162.49, 2023: 82.26, 2024: 177.36, 2025: 295.3, 2026: 64.48}",1012.3895899410963,True,False,False,True,False,ATR1.5 exp96 TP3.0 ny notrend both,,
order_block,sweep_atr1.5_exp96_tp3.0_ny_notrend_long,1782729805,3445.0,586.4377434005585,87.35640390754016,0.3230769230769231,1.2256936350508003,-58.39333000437364,1.495999695530246,7/8,"{2019: 20.51, 2020: 153.52, 2021: -32.43, 2022: 58.78, 2023: 25.58, 2024: 194.29, 2025: 151.41, 2026: 14.77}",513.1709458473939,True,False,False,True,False,ATR1.5 exp96 TP3.0 ny notrend long,,
order_block,sweep_atr1.5_exp96_tp3.0_ny_notrend_short,1782729805,3352.0,366.07153866318765,54.5250867906916,0.3078758949880668,1.1419683572003128,-75.36852254206589,0.7234464064259609,6/8,"{2019: -4.82, 2020: 24.53, 2021: 9.31, 2022: 103.71, 2023: 56.68, 2024: -16.94, 2025: 143.89, 2026: 49.71}",499.2687811508835,True,False,False,False,False,ATR1.5 exp96 TP3.0 ny notrend short,,
order_block,sweep_atr1.5_exp96_tp3.0_ny_trend_both,1782729805,3983.0,744.0124746529019,110.8180791709448,0.3278935475772031,1.2496880671376602,-106.07401127026716,1.0447241302922934,6/8,"{2019: -21.91, 2020: 99.86, 2021: -70.12, 2022: 222.1, 2023: 33.75, 2024: 224.53, 2025: 189.98, 2026: 65.83}",593.2540439510648,True,False,False,False,False,ATR1.5 exp96 TP3.0 ny trend both,,
order_block,sweep_atr1.5_exp96_tp3.0_ny_trend_long,1782729805,2208.0,482.3722005451844,71.91212178981931,0.3355978260869565,1.294652684004777,-55.95971281240429,1.2850695290537468,7/8,"{2019: 9.81, 2020: 110.48, 2021: -45.0, 2022: 108.7, 2023: 9.58, 2024: 156.61, 2025: 112.97, 2026: 19.22}",329.168979332688,True,False,False,True,False,ATR1.5 exp96 TP3.0 ny trend long,,
order_block,sweep_atr1.5_exp96_tp4.0_all_notrend_both,1782729806,10707.0,2302.4794330299637,342.9453594083727,0.2758942747735126,1.2604887395593418,-105.88935091147476,3.2387143414929485,8/8,"{2019: 38.98, 2020: 437.62, 2021: 48.36, 2022: 304.11, 2023: 214.38, 2024: 523.24, 2025: 559.05, 2026: 176.74}",1594.766020712447,True,False,True,True,False,ATR1.5 exp96 TP4.0 all notrend both,,
order_block,sweep_atr1.5_exp96_tp4.0_all_notrend_long,1782729806,5406.0,1427.4726124184194,212.6201082445073,0.2865334813170551,1.3243015347176343,-99.508431848754,2.136704440963106,7/8,"{2019: 82.05, 2020: 352.43, 2021: -46.4, 2022: 150.98, 2023: 21.57, 2024: 422.08, 2025: 335.17, 2026: 109.58}",805.2163629412514,True,True,True,True,True,ATR1.5 exp96 TP4.0 all notrend long,,
order_block,sweep_atr1.5_exp96_tp4.0_all_notrend_short,1782729806,5301.0,875.0068206115438,130.3290484038303,0.2650443312582531,1.1971894554624,-88.4752409995551,1.4730567210829717,7/8,"{2019: -43.07, 2020: 85.18, 2021: 94.76, 2022: 153.12, 2023: 192.81, 2024: 101.15, 2025: 223.89, 2026: 67.16}",789.564457458573,True,False,False,True,False,ATR1.5 exp96 TP4.0 all notrend short,,
order_block,sweep_atr1.5_exp96_tp4.0_all_trend_both,1782729807,6331.0,1161.957436354386,173.0692874599331,0.2694676986258095,1.2204425684894251,-170.67767447143194,1.0140124535672732,6/8,"{2019: -4.74, 2020: 265.46, 2021: -83.04, 2022: 206.4, 2023: 46.7, 2024: 339.97, 2025: 307.58, 2026: 83.62}",942.9791700000424,True,False,False,False,False,ATR1.5 exp96 TP4.0 all trend both,,
order_block,sweep_atr1.5_exp96_tp4.0_all_trend_long,1782729807,3450.0,723.4510732689561,107.7892596365084,0.2750724637681159,1.2531089043948445,-128.65675978129866,0.8378048679271688,6/8,"{2019: 31.92, 2020: 193.29, 2021: -95.8, 2022: 89.63, 2023: -20.58, 2024: 279.69, 2025: 188.68, 2026: 56.6}",514.0263930574107,True,False,False,False,False,ATR1.5 exp96 TP4.0 all trend long,,
order_block,sweep_atr1.5_exp96_tp4.0_all_trend_short,1782729807,2881.0,438.50636308543017,65.31391033044325,0.2627559875043387,1.1817446283211173,-75.20395361464116,0.8684903810393226,7/8,"{2019: -36.66, 2020: 72.17, 2021: 12.75, 2022: 116.77, 2023: 67.28, 2024: 60.28, 2025: 118.89, 2026: 27.02}",429.11435614754737,True,False,False,True,False,ATR1.5 exp96 TP4.0 all trend short,,
order_block,sweep_atr1.5_exp96_tp4.0_ny_notrend_both,1782729807,6797.0,1356.2966676180909,202.01568738684043,0.2693835515668677,1.245528241759447,-127.68190714869776,1.5821794324514118,7/8,"{2019: 6.02, 2020: 214.6, 2021: -0.84, 2022: 260.56, 2023: 97.24, 2024: 296.24, 2025: 416.51, 2026: 65.98}",1012.3895899410963,True,False,True,True,False,ATR1.5 exp96 TP4.0 ny notrend both,,
order_block,sweep_atr1.5_exp96_tp4.0_ny_notrend_long,1782729808,3445.0,846.0602077524454,126.03004849235558,0.2795355587808418,1.306135043406454,-77.44636544123676,1.6273203755182313,7/8,"{2019: 28.08, 2020: 174.02, 2021: -26.81, 2022: 114.16, 2023: 3.19, 2024: 271.82, 2025: 258.13, 2026: 23.47}",513.1709458473939,True,True,True,True,True,ATR1.5 exp96 TP4.0 ny notrend long,,
order_block,sweep_atr1.5_exp96_tp4.0_ny_notrend_short,1782729808,3352.0,510.2364598656454,75.99795209303772,0.2589498806682577,1.184847415753826,-65.86611731479526,1.153824685457307,7/8,"{2019: -22.06, 2020: 40.58, 2021: 25.97, 2022: 146.4, 2023: 94.04, 2024: 24.42, 2025: 158.38, 2026: 42.51}",499.2687811508835,True,False,False,True,False,ATR1.5 exp96 TP4.0 ny notrend short,,
order_block,sweep_atr1.5_exp96_tp4.0_ny_trend_both,1782729808,3983.0,1085.361538326988,161.66083900613464,0.2844589505397941,1.3424020596336663,-134.45924119560382,1.2023036688936797,6/8,"{2019: -25.56, 2020: 124.92, 2021: -58.72, 2022: 294.28, 2023: 79.63, 2024: 316.12, 2025: 280.07, 2026: 74.63}",593.2540439510648,True,True,False,False,False,ATR1.5 exp96 TP4.0 ny trend both,,
order_block,sweep_atr1.5_exp96_tp4.0_ny_trend_long,1782729808,2208.0,683.8489277142837,101.94830323979345,0.2921195652173913,1.392418314152966,-83.88682654666505,1.2153076643456175,7/8,"{2019: 15.16, 2020: 130.11, 2021: -49.16, 2022: 142.19, 2023: 10.54, 2024: 225.2, 2025: 184.58, 2026: 25.22}",329.168979332688,True,True,False,True,False,ATR1.5 exp96 TP4.0 ny trend long,,
order_block,sweep_atr1.5_exp96_tp4.0_ny_trend_short,1782729809,1775.0,401.5126106127042,59.803911610177245,0.2749295774647887,1.281330420751795,-86.05023903600477,0.6949883263561226,5/8,"{2019: -40.72, 2020: -5.19, 2021: -9.56, 2022: 152.09, 2023: 69.08, 2024: 90.92, 2025: 95.48, 2026: 49.41}",264.38009741730855,True,False,False,False,False,ATR1.5 exp96 TP4.0 ny trend short,,
order_block,sweep_atr1.5_exp192_tp2.0_all_notrend_both,1782729809,11510.0,1049.967409086896,156.3885632639644,0.4110338835794961,1.135830334970375,-72.07090326559702,2.169926505397586,6/8,"{2019: -32.03, 2020: 228.68, 2021: -15.77, 2022: 131.83, 2023: 61.91, 2024: 224.55, 2025: 301.81, 2026: 149.0}",1714.3697486130818,True,False,True,False,False,ATR1.5 exp192 TP2.0 all notrend both,,
order_block,sweep_atr1.5_exp192_tp2.0_all_notrend_long,1782729809,5822.0,665.7405060382482,99.16114482700452,0.4189282033665407,1.1725371815028185,-101.28639086850644,0.9790174571008166,7/8,"{2019: 21.93, 2020: 180.51, 2021: -74.91, 2022: 64.64, 2023: 2.67, 2024: 202.49, 2025: 193.99, 2026: 74.43}",867.1789983433159,True,False,False,True,False,ATR1.5 exp192 TP2.0 all notrend long,,
order_block,sweep_atr1.5_exp192_tp2.0_all_notrend_short,1782729809,5688.0,384.22690304864784,57.229184351366406,0.4029535864978903,1.0992460347480506,-81.95360933779429,0.6983119451820679,7/8,"{2019: -53.96, 2020: 48.17, 2021: 59.14, 2022: 67.19, 2023: 59.24, 2024: 22.06, 2025: 107.82, 2026: 74.57}",847.2066844037658,True,False,False,True,False,ATR1.5 exp192 TP2.0 all notrend short,,
order_block,sweep_atr1.5_exp192_tp2.0_ny_notrend_both,1782729811,9282.0,532.360927641851,79.29331487950498,0.3910795087265675,1.084442934327156,-98.8020145937448,0.8025475513383415,5/8,"{2019: -23.5, 2020: 73.89, 2021: -57.68, 2022: 102.14, 2023: -12.29, 2024: 105.94, 2025: 235.74, 2026: 108.12}",1382.5217263253285,True,False,False,False,False,ATR1.5 exp192 TP2.0 ny notrend both,,
order_block,sweep_atr1.5_exp192_tp2.0_ny_notrend_long,1782729811,4706.0,357.8515645788722,53.30595816194763,0.397577560560986,1.1130745900532923,-97.27818832321697,0.5479744131832822,5/8,"{2019: -8.2, 2020: 60.08, 2021: -60.53, 2022: 53.84, 2023: -38.33, 2024: 183.86, 2025: 123.7, 2026: 43.43}",701.0108769688927,True,False,False,False,False,ATR1.5 exp192 TP2.0 ny notrend long,,
order_block,sweep_atr1.5_exp192_tp2.0_ny_trend_both,1782729812,5230.0,532.6651935421361,79.33863423069265,0.4059273422562141,1.1535656039520312,-147.0281729431839,0.5396151815159362,5/8,"{2019: -47.04, 2020: 39.68, 2021: -88.53, 2022: 201.73, 2023: -46.86, 2024: 165.99, 2025: 195.18, 2026: 112.52}",778.9903715450838,True,False,False,False,False,ATR1.5 exp192 TP2.0 ny trend both,,
order_block,sweep_atr1.5_exp192_tp2.0_ny_trend_long,1782729812,2918.0,343.84101924257027,51.25987199129891,0.4119259766963674,1.179044441011465,-83.86934249608726,0.6111872403636683,5/8,"{2019: -17.57, 2020: 44.42, 2021: -72.21, 2022: 110.43, 2023: -40.02, 2024: 146.38, 2025: 112.2, 2026: 60.23}",435.01588844781867,True,False,False,False,False,ATR1.5 exp192 TP2.0 ny trend long,,
order_block,sweep_atr1.5_exp192_tp3.0_all_notrend_both,1782729813,11510.0,1830.8642814727832,272.7001162444106,0.326498696785404,1.2072519080183073,-72.12645711833528,3.780861103395129,8/8,"{2019: 5.13, 2020: 370.91, 2021: 53.15, 2022: 255.55, 2023: 194.84, 2024: 384.46, 2025: 401.49, 2026: 165.33}",1714.3697486130818,True,False,True,True,False,ATR1.5 exp192 TP3.0 all notrend both,,
order_block,sweep_atr1.5_exp192_tp3.0_all_notrend_long,1782729813,5822.0,1165.5182238899715,173.60235759941364,0.3369975953280659,1.2648556954255734,-88.47977209279674,1.962057015894448,7/8,"{2019: 65.93, 2020: 296.4, 2021: -42.31, 2022: 142.12, 2023: 58.65, 2024: 322.92, 2025: 223.23, 2026: 98.58}",867.1789983433159,True,False,True,True,False,ATR1.5 exp192 TP3.0 all notrend long,,
order_block,sweep_atr1.5_exp192_tp3.0_all_notrend_short,1782729813,5688.0,665.3460575828119,99.10084870356032,0.3157524613220815,1.1500749152443508,-94.79274935339332,1.0454475619660122,7/8,"{2019: -60.8, 2020: 74.51, 2021: 95.46, 2022: 113.44, 2023: 136.19, 2024: 61.55, 2025: 178.26, 2026: 66.75}",847.2066844037658,True,False,False,True,False,ATR1.5 exp192 TP3.0 all notrend short,,
order_block,sweep_atr1.5_exp192_tp3.0_all_trend_both,1782729814,6844.0,835.4060377349833,124.43065741215588,0.3170660432495616,1.1570768432119214,-141.61845450587327,0.8786330697246482,6/8,"{2019: -16.51, 2020: 219.85, 2021: -83.23, 2022: 174.38, 2023: 33.38, 2024: 231.48, 2025: 204.56, 2026: 71.5}",1019.3886336250656,True,False,False,False,False,ATR1.5 exp192 TP3.0 all trend both,,
order_block,sweep_atr1.5_exp192_tp3.0_all_trend_long,1782729814,3732.0,572.1942102138892,85.25302203031282,0.32502679528403,1.1991398677710547,-106.69945383707297,0.7990014846794977,7/8,"{2019: 26.94, 2020: 171.38, 2021: -85.92, 2022: 77.7, 2023: 12.15, 2024: 211.29, 2025: 112.21, 2026: 46.45}",556.0424634464512,True,False,False,True,False,ATR1.5 exp192 TP3.0 all trend long,,
order_block,sweep_atr1.5_exp192_tp3.0_all_trend_short,1782729814,3112.0,263.21182752109416,39.2044338414209,0.3075192802056555,1.107647542895063,-62.70514071702534,0.6252188160830702,7/8,"{2019: -43.45, 2020: 48.47, 2021: 2.69, 2022: 96.68, 2023: 21.23, 2024: 20.2, 2025: 92.36, 2026: 25.05}",463.5209567272362,True,False,False,True,False,ATR1.5 exp192 TP3.0 all trend short,,
order_block,sweep_atr1.5_exp192_tp3.0_ny_notrend_both,1782729815,9282.0,988.7009155224598,147.26357428868172,0.3073691014867485,1.138018041459402,-130.13618165671474,1.1316113045113556,7/8,"{2019: 8.67, 2020: 151.5, 2021: -59.76, 2022: 189.87, 2023: 66.15, 2024: 186.3, 2025: 343.91, 2026: 102.08}",1382.5217263253285,True,False,False,True,False,ATR1.5 exp192 TP3.0 ny notrend both,,
order_block,sweep_atr1.5_exp192_tp3.0_ny_notrend_long,1782729815,4706.0,725.9195942083767,108.13377206649318,0.319592010199745,1.2032609045159413,-91.15514198143994,1.1862608045579068,7/8,"{2019: 15.8, 2020: 153.49, 2021: -58.93, 2022: 103.33, 2023: 37.22, 2024: 247.74, 2025: 189.43, 2026: 37.85}",701.0108769688927,True,False,False,True,False,ATR1.5 exp192 TP3.0 ny notrend long,,
order_block,sweep_atr1.5_exp192_tp3.0_ny_trend_both,1782729816,5230.0,883.8024346765927,131.6393091703955,0.3235181644359464,1.2241947819928212,-144.9536477027927,0.9081476130928672,6/8,"{2019: -39.88, 2020: 95.07, 2021: -99.35, 2022: 297.97, 2023: 30.47, 2024: 243.65, 2025: 245.81, 2026: 110.06}",778.9903715450838,True,False,False,False,False,ATR1.5 exp192 TP3.0 ny trend both,,
order_block,sweep_atr1.5_exp192_tp3.0_ny_trend_long,1782729816,2918.0,612.6218748626216,91.32976325426036,0.3337902673063742,1.2821700678026922,-81.56707515204977,1.1196890790065954,6/8,"{2019: -3.57, 2020: 107.35, 2021: -60.54, 2022: 169.43, 2023: 22.56, 2024: 184.56, 2025: 140.62, 2026: 52.23}",435.01588844781867,True,False,False,False,False,ATR1.5 exp192 TP3.0 ny trend long,,
order_block,sweep_atr1.5_exp192_tp4.0_all_notrend_both,1782729817,11510.0,2425.688318496149,361.296843856988,0.2750651607298002,1.2551041844903634,-96.20631249168946,3.7554380216807264,8/8,"{2019: 33.7, 2020: 487.11, 2021: 69.06, 2022: 352.5, 2023: 211.85, 2024: 575.51, 2025: 526.53, 2026: 169.44}",1714.3697486130818,True,False,True,True,False,ATR1.5 exp192 TP4.0 all notrend both,,
order_block,sweep_atr1.5_exp192_tp4.0_all_notrend_long,1782729817,5822.0,1557.783188180618,232.02969164591644,0.2873582961181724,1.3293742538264492,-88.89328934355149,2.610204812527262,7/8,"{2019: 86.5, 2020: 372.8, 2021: -39.34, 2022: 203.49, 2023: 44.3, 2024: 470.38, 2025: 325.77, 2026: 93.89}",867.1789983433159,True,True,True,True,True,ATR1.5 exp192 TP4.0 all notrend long,,
order_block,sweep_atr1.5_exp192_tp4.0_all_notrend_short,1782729817,5688.0,867.9051303155312,129.27127774817853,0.2624824191279887,1.1816044917330448,-95.93665914884824,1.3474648679146808,7/8,"{2019: -52.8, 2020: 114.32, 2021: 108.4, 2022: 149.01, 2023: 167.55, 2024: 105.13, 2025: 200.76, 2026: 75.55}",847.2066844037658,True,False,False,True,False,ATR1.5 exp192 TP4.0 all notrend short,,
order_block,sweep_atr1.5_exp192_tp4.0_all_trend_both,1782729817,6844.0,1293.2306083040996,192.6219437114595,0.2706019871420222,1.2276233084359185,-176.5857943097223,1.0908122279282024,6/8,"{2019: -14.17, 2020: 311.52, 2021: -75.82, 2022: 245.89, 2023: 68.29, 2024: 380.22, 2025: 292.0, 2026: 85.3}",1019.3886336250656,True,False,False,False,False,ATR1.5 exp192 TP4.0 all trend both,,
order_block,sweep_atr1.5_exp192_tp4.0_all_trend_long,1782729818,3732.0,825.2520252875369,122.95690490489147,0.277599142550911,1.2683484398152531,-121.96560150421556,1.008127729363444,7/8,"{2019: 31.29, 2020: 207.65, 2021: -92.52, 2022: 124.2, 2023: 7.15, 2024: 313.87, 2025: 181.17, 2026: 52.45}",556.0424634464512,True,False,False,True,False,ATR1.5 exp192 TP4.0 all trend long,,
order_block,sweep_atr1.5_exp192_tp4.0_all_trend_short,1782729818,3112.0,467.9785830165626,69.70368911558272,0.2622107969151671,1.1795669859645277,-79.82786701233249,0.8731748914801181,7/8,"{2019: -45.45, 2020: 103.87, 2021: 16.7, 2022: 121.7, 2023: 61.14, 2024: 66.34, 2025: 110.83, 2026: 32.85}",463.5209567272362,True,False,False,True,False,ATR1.5 exp192 TP4.0 all trend short,,
order_block,sweep_atr1.5_exp192_tp4.0_ny_notrend_both,1782729818,9282.0,1492.89346639896,222.36130708744815,0.2614738202973497,1.1955070239400665,-151.3924516170486,1.4687740684054529,7/8,"{2019: 14.0, 2020: 204.4, 2021: -55.45, 2022: 318.56, 2023: 79.76, 2024: 333.46, 2025: 483.47, 2026: 114.69}",1382.5217263253285,True,False,False,True,False,ATR1.5 exp192 TP4.0 ny notrend both,,
order_block,sweep_atr1.5_exp192_tp4.0_ny_notrend_long,1782729819,4706.0,1061.980429312764,158.19375947223585,0.2756056098597535,1.2794259854420726,-104.05233648193384,1.5203287578237357,7/8,"{2019: 32.37, 2020: 176.19, 2021: -63.24, 2022: 179.01, 2023: 32.19, 2024: 335.41, 2025: 314.5, 2026: 55.55}",701.0108769688927,True,False,True,True,False,ATR1.5 exp192 TP4.0 ny notrend long,,
order_block,sweep_atr1.5_exp192_tp4.0_ny_notrend_short,1782729819,4576.0,430.91303708619614,64.18300322435877,0.2469405594405594,1.1123506241215713,-103.15766920739216,0.6221835343654653,6/8,"{2019: -18.37, 2020: 28.21, 2021: 7.79, 2022: 139.55, 2023: 47.57, 2024: -1.94, 2025: 168.96, 2026: 59.14}",681.5793384685093,True,False,False,False,False,ATR1.5 exp192 TP4.0 ny notrend short,,
order_block,sweep_atr1.5_exp192_tp4.0_ny_trend_both,1782729820,5230.0,1331.4733244385309,198.3183364640036,0.2810707456978967,1.3180149819418452,-175.47816298027973,1.1301596340867248,6/8,"{2019: -40.54, 2020: 124.33, 2021: -103.43, 2022: 413.78, 2023: 104.56, 2024: 346.52, 2025: 358.26, 2026: 127.98}",778.9903715450838,True,True,False,False,False,ATR1.5 exp192 TP4.0 ny trend both,,
order_block,sweep_atr1.5_exp192_tp4.0_ny_trend_long,1782729820,2918.0,888.3759180174873,132.43921838657428,0.2916381082933516,1.385094540676643,-108.48709091970626,1.220783203455935,7/8,"{2019: 5.77, 2020: 125.18, 2021: -74.63, 2022: 230.23, 2023: 42.73, 2024: 262.29, 2025: 232.58, 2026: 64.23}",435.01588844781867,True,True,False,True,False,ATR1.5 exp192 TP4.0 ny trend long,,
order_block,sweep_atr1.5_exp192_tp4.0_ny_trend_short,1782729820,2312.0,443.0974064210435,65.99782280279,0.2677335640138408,1.2356998455137993,-119.953405512126,0.5501954906659012,5/8,"{2019: -46.31, 2020: -0.85, 2021: -28.8, 2022: 183.55, 2023: 61.83, 2024: 84.24, 2025: 125.68, 2026: 63.76}",344.36438604440417,True,False,False,False,False,ATR1.5 exp192 TP4.0 ny trend short,,
order_block,sweep_atr1.5_exp384_tp2.0_all_notrend_both,1782729821,12151.0,1026.573220285365,152.9040897996128,0.4083614517323677,1.125394879029369,-82.3050605746019,1.8577726415864724,6/8,"{2019: -25.54, 2020: 246.77, 2021: -27.69, 2022: 115.24, 2023: 51.57, 2024: 212.33, 2025: 314.33, 2026: 139.57}",1809.8442063768512,True,False,True,False,False,ATR1.5 exp384 TP2.0 all notrend both,,
order_block,sweep_atr1.5_exp384_tp2.0_all_notrend_long,1782729821,6147.0,678.0646032146558,100.99680237508473,0.4171140393687977,1.1661557523113366,-100.66019133843297,1.0033440333479997,6/8,"{2019: 28.25, 2020: 200.08, 2021: -73.82, 2022: 51.91, 2023: -3.43, 2024: 197.49, 2025: 207.87, 2026: 69.71}",915.5873072511788,True,False,False,False,False,ATR1.5 exp384 TP2.0 all notrend long,,
order_block,sweep_atr1.5_exp384_tp2.0_all_notrend_short,1782729821,6004.0,348.5086170707094,51.90907699624075,0.399400399733511,1.084881485459498,-86.82794761948902,0.5978383506624482,7/8,"{2019: -53.79, 2020: 46.69, 2021: 46.13, 2022: 63.33, 2023: 55.0, 2024: 14.84, 2025: 106.46, 2026: 69.85}",894.2737224261973,True,False,False,True,False,ATR1.5 exp384 TP2.0 all notrend short,,
order_block,sweep_atr1.5_exp384_tp2.0_ny_notrend_both,1782729823,10471.0,488.016670685508,72.68839151386207,0.3872600515710056,1.0682401744347363,-107.1175916570106,0.6785850054079776,5/8,"{2019: -33.91, 2020: 88.86, 2021: -47.14, 2022: 98.27, 2023: -42.05, 2024: 77.59, 2025: 245.89, 2026: 100.52}",1559.6191549614862,True,False,False,False,False,ATR1.5 exp384 TP2.0 ny notrend both,,
order_block,sweep_atr1.5_exp384_tp2.0_ny_trend_long,1782729825,3102.0,358.8373472470331,53.495526874889144,0.4110251450676982,1.1755381344475693,-94.41338692881472,0.5666095520460822,5/8,"{2019: -21.56, 2020: 61.69, 2021: -69.13, 2022: 117.08, 2023: -54.45, 2024: 139.1, 2025: 127.22, 2026: 58.9}",462.44663672554265,True,False,False,False,False,ATR1.5 exp384 TP2.0 ny trend long,,
order_block,sweep_atr1.5_exp384_tp3.0_all_notrend_both,1782729825,12151.0,1828.713076423099,272.3797026162401,0.3240885523825199,1.1956249703628232,-88.1057972304531,3.0915071559229257,8/8,"{2019: 11.62, 2020: 386.24, 2021: 36.23, 2022: 240.96, 2023: 190.5, 2024: 387.24, 2025: 414.01, 2026: 161.9}",1809.8442063768512,True,False,True,True,False,ATR1.5 exp384 TP3.0 all notrend both,,
order_block,sweep_atr1.5_exp384_tp3.0_all_notrend_long,1782729826,6147.0,1185.0853048182255,176.51684774710617,0.3349601431592647,1.2546241610958748,-95.56361191769965,1.847113605324214,7/8,"{2019: 67.25, 2020: 318.21, 2021: -46.22, 2022: 131.39, 2023: 57.55, 2024: 324.92, 2025: 235.12, 2026: 96.87}",915.5873072511788,True,False,True,True,False,ATR1.5 exp384 TP3.0 all notrend long,,
order_block,sweep_atr1.5_exp384_tp3.0_all_notrend_short,1782729826,6004.0,643.6277716048735,95.8659898684158,0.3129580279813457,1.1371228966920075,-104.53866669580532,0.9170385743236428,7/8,"{2019: -55.63, 2020: 68.04, 2021: 82.44, 2022: 109.57, 2023: 132.95, 2024: 62.32, 2025: 178.9, 2026: 65.03}",894.2737224261973,True,False,False,True,False,ATR1.5 exp384 TP3.0 all notrend short,,
order_block,sweep_atr1.5_exp384_tp3.0_all_trend_both,1782729826,6964.0,816.2875295346455,121.58302591722716,0.3159103963239517,1.1506522748382293,-141.4669202011007,0.8594449200165819,6/8,"{2019: -19.86, 2020: 217.13, 2021: -83.97, 2022: 174.64, 2023: 27.87, 2024: 226.4, 2025: 211.86, 2026: 62.23}",1037.2621923677611,True,False,False,False,False,ATR1.5 exp384 TP3.0 all trend both,,
order_block,sweep_atr1.5_exp384_tp3.0_all_trend_long,1782729827,3803.0,571.8663085049,85.20416691937106,0.3244806731527741,1.1952717555980448,-100.8774858114476,0.8446301593858921,7/8,"{2019: 24.85, 2020: 177.71, 2021: -80.1, 2022: 78.92, 2023: 10.59, 2024: 203.84, 2025: 114.72, 2026: 41.33}",566.6209776224152,True,False,False,True,False,ATR1.5 exp384 TP3.0 all trend long,,
order_block,sweep_atr1.5_exp384_tp3.0_all_trend_short,1782729827,3161.0,244.42122102974548,36.40564210030427,0.3055994938310661,1.0981694627478655,-65.60508800784687,0.5549210161253023,6/8,"{2019: -44.72, 2020: 39.42, 2021: -3.87, 2022: 95.71, 2023: 17.28, 2024: 22.56, 2025: 97.13, 2026: 20.9}",470.8193265471702,True,False,False,False,False,ATR1.5 exp384 TP3.0 all trend short,,
order_block,sweep_atr1.5_exp384_tp3.0_ny_notrend_both,1782729828,10471.0,950.3718427477356,141.55459175679627,0.3033139146213351,1.1169814012014452,-141.79915574778497,0.9982752789344974,7/8,"{2019: 0.26, 2020: 188.75, 2021: -69.93, 2022: 162.85, 2023: 30.97, 2024: 160.95, 2025: 364.06, 2026: 112.48}",1559.6191549614862,True,False,False,True,False,ATR1.5 exp384 TP3.0 ny notrend both,,
order_block,sweep_atr1.5_exp384_tp3.0_ny_notrend_long,1782729828,5283.0,763.1214731032567,113.67540439734536,0.3172439901571077,1.1897924060795824,-103.17248100254368,1.101799659102341,7/8,"{2019: 3.22, 2020: 213.6, 2021: -68.87, 2022: 83.29, 2023: 21.19, 2024: 268.82, 2025: 202.33, 2026: 39.55}",786.9614243575564,True,False,False,True,False,ATR1.5 exp384 TP3.0 ny notrend long,,
order_block,sweep_atr1.5_exp384_tp3.0_ny_trend_both,1782729829,5578.0,856.4197644650687,127.56075535739906,0.3198278953029759,1.2026403057855068,-148.12007123319205,0.8611983122569152,6/8,"{2019: -50.87, 2020: 92.35, 2021: -105.75, 2022: 293.2, 2023: 18.64, 2024: 220.8, 2025: 272.73, 2026: 115.33}",830.8237652922519,True,False,False,False,False,ATR1.5 exp384 TP3.0 ny trend both,,
order_block,sweep_atr1.5_exp384_tp3.0_ny_trend_long,1782729830,3102.0,622.585587926029,92.81515512900928,0.3320438426821405,1.2690775637960845,-81.07043162529695,1.1448706176623775,6/8,"{2019: -12.56, 2020: 127.87, 2021: -56.18, 2022: 161.93, 2023: 9.72, 2024: 178.28, 2025: 159.64, 2026: 53.9}",462.44663672554265,True,False,False,False,False,ATR1.5 exp384 TP3.0 ny trend long,,
order_block,sweep_atr1.5_exp384_tp4.0_all_notrend_both,1782729831,12151.0,2464.7394459019715,367.113357451582,0.2733108386141058,1.2452556543519884,-101.89824584629493,3.602744624331828,8/8,"{2019: 44.19, 2020: 512.44, 2021: 48.44, 2022: 358.07, 2023: 204.08, 2024: 590.47, 2025: 535.69, 2026: 171.37}",1809.8442063768512,True,False,True,True,False,ATR1.5 exp384 TP4.0 all notrend both,,
order_block,sweep_atr1.5_exp384_tp4.0_all_notrend_long,1782729831,6147.0,1587.4617881445083,236.4502788305469,0.2853424434683586,1.3174382631463644,-104.60906992746914,2.2603229241450102,7/8,"{2019: 86.82, 2020: 399.61, 2021: -58.95, 2022: 200.02, 2023: 34.76, 2024: 480.39, 2025: 351.65, 2026: 93.18}",915.5873072511788,True,True,True,True,True,ATR1.5 exp384 TP4.0 all notrend long,,
order_block,sweep_atr1.5_exp384_tp4.0_all_notrend_short,1782729831,6004.0,877.2776577574626,130.66728124651925,0.2609926715522985,1.1737588717230196,-105.90576752097827,1.2338070371912098,7/8,"{2019: -42.63, 2020: 112.84, 2021: 107.38, 2022: 158.05, 2023: 169.32, 2024: 110.08, 2025: 184.04, 2026: 78.19}",894.2737224261973,True,False,False,True,False,ATR1.5 exp384 TP4.0 all notrend short,,
order_block,sweep_atr1.5_exp384_tp4.0_all_trend_both,1782729832,6964.0,1280.1742370370732,190.67724522139585,0.2696726019529006,1.2212837427442882,-181.88517847075383,1.0483385552608715,6/8,"{2019: -16.51, 2020: 312.8, 2021: -85.06, 2022: 250.14, 2023: 64.35, 2024: 379.13, 2025: 299.3, 2026: 76.03}",1037.2621923677611,True,False,False,False,False,ATR1.5 exp384 TP4.0 all trend both,,
order_block,sweep_atr1.5_exp384_tp4.0_all_trend_long,1782729832,3803.0,826.9862605118593,123.21529408665135,0.2771496187220615,1.263932917129694,-124.999887383876,0.9857232407598564,7/8,"{2019: 30.2, 2020: 217.97, 2021: -97.2, 2022: 127.42, 2023: 6.15, 2024: 308.43, 2025: 186.69, 2026: 47.33}",566.6209776224152,True,False,False,True,False,ATR1.5 exp384 TP4.0 all trend long,,
order_block,sweep_atr1.5_exp384_tp4.0_all_trend_short,1782729832,3161.0,453.187976525214,67.50068266588927,0.2606770009490667,1.170892059145436,-82.0929652937037,0.8222468566507779,7/8,"{2019: -46.72, 2020: 94.82, 2021: 12.14, 2022: 122.73, 2023: 58.2, 2024: 70.7, 2025: 112.61, 2026: 28.7}",470.8193265471702,True,False,False,True,False,ATR1.5 exp384 TP4.0 all trend short,,
order_block,sweep_atr1.5_exp384_tp4.0_ny_notrend_both,1782729833,10471.0,1540.1292371774698,229.39691141421105,0.2586190430713398,1.178193418841579,-156.05542570811934,1.4699707515666072,7/8,"{2019: 6.59, 2020: 265.73, 2021: -64.12, 2022: 312.7, 2023: 48.77, 2024: 338.29, 2025: 494.72, 2026: 137.46}",1559.6191549614862,True,False,False,True,False,ATR1.5 exp384 TP4.0 ny notrend both,,
order_block,sweep_atr1.5_exp384_tp4.0_ny_notrend_long,1782729833,5283.0,1156.125454593168,172.21770480459338,0.2744652659473783,1.270692311094522,-121.91947605564977,1.412552861742821,7/8,"{2019: 18.78, 2020: 245.2, 2021: -77.67, 2022: 165.22, 2023: 19.35, 2024: 374.49, 2025: 347.5, 2026: 63.24}",786.9614243575564,True,False,False,True,False,ATR1.5 exp384 TP4.0 ny notrend long,,
order_block,sweep_atr1.5_exp384_tp4.0_ny_trend_both,1782729834,5578.0,1352.2471101888757,201.41251984451208,0.2789530297597705,1.302035919774126,-175.17670013303092,1.1497677470323246,6/8,"{2019: -49.52, 2020: 125.07, 2021: -109.32, 2022: 421.01, 2023: 99.92, 2024: 332.67, 2025: 392.17, 2026: 140.25}",830.8237652922519,True,True,False,False,False,ATR1.5 exp384 TP4.0 ny trend both,,
order_block,sweep_atr1.5_exp384_tp4.0_ny_trend_long,1782729835,3102.0,927.3182500282928,138.24474722753058,0.291424887169568,1.3781233947792375,-106.33904986634282,1.3000374500363687,6/8,"{2019: -2.21, 2020: 147.98, 2021: -73.76, 2022: 229.73, 2023: 32.08, 2024: 263.01, 2025: 261.6, 2026: 68.9}",462.44663672554265,True,True,False,False,False,ATR1.5 exp384 TP4.0 ny trend long,,
order_block,sweep_atr2.0_exp96_tp2.0_all_notrend_both,1782729836,5386.0,595.7256591517521,88.74144992486269,0.4168213887857408,1.166714302827988,-35.5244310895991,2.498040002415255,7/8,"{2019: -15.08, 2020: 95.79, 2021: 54.74, 2022: 73.61, 2023: 36.23, 2024: 146.62, 2025: 127.35, 2026: 76.46}",802.3180501841654,True,False,True,True,False,ATR2.0 exp96 TP2.0 all notrend both,,
order_block,sweep_atr2.0_exp96_tp2.0_all_notrend_long,1782729836,2679.0,386.9971521404648,57.66646187271106,0.4285181037700634,1.2219572742525782,-40.55637243151851,1.421884118706223,7/8,"{2019: 17.6, 2020: 79.94, 2021: 15.16, 2022: 35.16, 2023: -8.89, 2024: 148.66, 2025: 82.98, 2026: 16.38}",399.19790236833495,True,False,False,True,False,ATR2.0 exp96 TP2.0 all notrend long,,
order_block,sweep_atr2.0_exp96_tp2.0_all_notrend_short,1782729836,2707.0,208.72850701128735,31.10202677732277,0.4052456594015515,1.1140738389864266,-47.818240396949435,0.6504218164269157,6/8,"{2019: -32.68, 2020: 15.85, 2021: 39.58, 2022: 38.45, 2023: 45.12, 2024: -2.04, 2025: 44.37, 2026: 60.08}",403.3621841680678,True,False,False,False,False,ATR2.0 exp96 TP2.0 all notrend short,,
order_block,sweep_atr2.0_exp96_tp2.0_all_trend_both,1782729836,3407.0,270.06037101016284,40.24090916435095,0.4059289697681244,1.1173272891747432,-68.0997700615766,0.5909110871881749,5/8,"{2019: -10.21, 2020: 21.73, 2021: -4.14, 2022: 57.8, 2023: -30.64, 2024: 93.54, 2025: 92.86, 2026: 49.12}",507.6671449799066,True,False,False,False,False,ATR2.0 exp96 TP2.0 all trend both,,
order_block,sweep_atr2.0_exp96_tp2.0_all_trend_long,1782729836,1819.0,196.22775181407047,29.252046591103333,0.4161627267729522,1.1620350277843068,-56.16925041909779,0.5207839943179571,6/8,"{2019: 11.09, 2020: 31.09, 2021: -27.01, 2022: 18.47, 2023: -18.1, 2024: 99.95, 2025: 70.64, 2026: 10.08}",271.1618120133892,True,False,False,False,False,ATR2.0 exp96 TP2.0 all trend long,,
order_block,sweep_atr2.0_exp96_tp2.0_ny_notrend_both,1782729836,3472.0,351.53798777950567,52.36637076140325,0.4055299539170507,1.1528677448526436,-35.78300654370149,1.4634424499084122,7/8,"{2019: -11.68, 2020: 64.33, 2021: 26.82, 2022: 33.92, 2023: 22.22, 2024: 88.41, 2025: 121.87, 2026: 5.67}",517.2016840399967,True,False,False,True,False,ATR2.0 exp96 TP2.0 ny notrend both,,
order_block,sweep_atr2.0_exp96_tp2.0_ny_notrend_long,1782729836,1726.0,200.73409729385705,29.913048820704645,0.4107763615295481,1.177018027823083,-46.504707460244745,0.6432262550253922,6/8,"{2019: 3.87, 2020: 42.12, 2021: 8.33, 2022: 21.47, 2023: -13.17, 2024: 97.16, 2025: 50.52, 2026: -9.56}",257.20554186145347,True,False,False,False,False,ATR2.0 exp96 TP2.0 ny notrend long,,
order_block,sweep_atr2.0_exp96_tp2.0_ny_notrend_short,1782729837,1746.0,150.80389048564865,22.480815781370605,0.4003436426116838,1.129373629734616,-33.33237912296718,0.674443780278514,6/8,"{2019: -15.55, 2020: 22.21, 2021: 18.49, 2022: 12.44, 2023: 35.39, 2024: -8.75, 2025: 71.35, 2026: 15.23}",260.28177540955727,True,False,False,False,False,ATR2.0 exp96 TP2.0 ny notrend short,,
order_block,sweep_atr2.0_exp96_tp2.0_ny_trend_both,1782729837,2141.0,272.19180360413714,40.56350667793376,0.4142923867351705,1.194754760413672,-50.451884051618265,0.804003803632635,5/8,"{2019: -11.69, 2020: 11.96, 2021: -6.35, 2022: 87.84, 2023: -8.96, 2024: 108.02, 2025: 83.44, 2026: 7.94}",319.06349363760256,True,False,False,False,False,ATR2.0 exp96 TP2.0 ny trend both,,
order_block,sweep_atr2.0_exp96_tp2.0_ny_trend_long,1782729837,1161.0,170.41634340325868,25.40569466470087,0.421188630490956,1.2271296153056797,-43.82262497271464,0.5797392255831152,5/8,"{2019: 7.75, 2020: 25.37, 2021: -16.12, 2022: 51.41, 2023: -18.65, 2024: 81.16, 2025: 46.14, 2026: -6.64}",173.08205842629113,False,False,False,False,False,ATR2.0 exp96 TP2.0 ny trend long,,
order_block,sweep_atr2.0_exp96_tp3.0_all_notrend_both,1782729837,5386.0,854.7142666192426,127.3213300888488,0.3262161158559227,1.2070638672975589,-51.76306705478524,2.4596944758720314,7/8,"{2019: -8.92, 2020: 161.19, 2021: 73.18, 2022: 106.61, 2023: 53.15, 2024: 212.18, 2025: 168.57, 2026: 88.75}",802.3180501841654,True,False,True,True,False,ATR2.0 exp96 TP3.0 all notrend both,,
order_block,sweep_atr2.0_exp96_tp3.0_all_notrend_long,1782729837,2679.0,560.9986205676137,83.59442798138141,0.3393057110862262,1.278114519993979,-44.15976384401381,1.892999887333258,7/8,"{2019: 34.6, 2020: 118.16, 2021: 30.1, 2022: 40.16, 2023: -10.77, 2024: 209.73, 2025: 110.98, 2026: 28.04}",399.19790236833495,True,False,True,True,False,ATR2.0 exp96 TP3.0 all notrend long,,
order_block,sweep_atr2.0_exp96_tp3.0_all_notrend_short,1782729837,2707.0,293.715646051629,43.765712787484375,0.3132619135574436,1.1391601018205235,-55.44400506411085,0.789367808780721,7/8,"{2019: -43.52, 2020: 43.02, 2021: 43.08, 2022: 66.45, 2023: 63.93, 2024: 2.44, 2025: 57.59, 2026: 60.72}",403.3621841680678,True,False,False,True,False,ATR2.0 exp96 TP3.0 all notrend short,,
order_block,sweep_atr2.0_exp96_tp3.0_all_trend_both,1782729838,3407.0,455.314760000757,67.84512599847247,0.3199295567948341,1.1729350515220798,-77.09977006157675,0.879965348071558,6/8,"{2019: -3.05, 2020: 67.13, 2021: 7.36, 2022: 97.8, 2023: -16.83, 2024: 127.07, 2025: 120.08, 2026: 55.76}",507.6671449799066,True,False,False,False,False,ATR2.0 exp96 TP3.0 all trend both,,
order_block,sweep_atr2.0_exp96_tp3.0_all_trend_long,1782729838,1819.0,307.4950017643231,45.83886853407045,0.3287520615722925,1.2207536712982796,-47.35076768461444,0.9680702293864764,6/8,"{2019: 20.09, 2020: 52.32, 2021: -10.01, 2022: 28.47, 2023: -19.1, 2024: 139.0, 2025: 80.64, 2026: 16.08}",271.1618120133892,True,False,False,False,False,ATR2.0 exp96 TP3.0 all trend long,,
order_block,sweep_atr2.0_exp96_tp3.0_all_trend_short,1782729838,1588.0,147.81975823643404,22.026191557238185,0.3098236775818639,1.1192159245477262,-42.8482407324198,0.5140512464627923,6/8,"{2019: -23.15, 2020: 14.81, 2021: 17.37, 2022: 69.33, 2023: 2.26, 2024: -11.93, 2025: 39.44, 2026: 39.68}",236.6232539559999,True,False,False,False,False,ATR2.0 exp96 TP3.0 all trend short,,
order_block,sweep_atr2.0_exp96_tp3.0_ny_notrend_both,1782729838,3472.0,452.9559749697895,67.47396113201432,0.3136520737327189,1.1707071894113874,-44.23973679190517,1.5251890274437725,6/8,"{2019: -5.52, 2020: 89.85, 2021: 20.26, 2022: 64.92, 2023: -0.27, 2024: 119.97, 2025: 153.08, 2026: 10.67}",517.2016840399967,True,False,True,False,False,ATR2.0 exp96 TP3.0 ny notrend both,,
order_block,sweep_atr2.0_exp96_tp3.0_ny_notrend_long,1782729838,1726.0,309.93142093792653,46.18544557487232,0.3256083429895712,1.2386821486678503,-64.16438929340849,0.7197987245491773,6/8,"{2019: 10.87, 2020: 72.31, 2021: 25.26, 2022: 30.47, 2023: -18.17, 2024: 129.24, 2025: 74.52, 2026: -14.56}",257.20554186145347,True,False,False,False,False,ATR2.0 exp96 TP3.0 ny notrend long,,
order_block,sweep_atr2.0_exp96_tp3.0_ny_trend_both,1782729839,2141.0,430.4802985134762,64.15252124515077,0.3320878094348435,1.2704470827522487,-52.204610103903626,1.2288669739600973,6/8,"{2019: -17.53, 2020: 45.32, 2021: -8.85, 2022: 132.84, 2023: 9.55, 2024: 148.55, 2025: 101.65, 2026: 18.94}",319.06349363760256,True,False,False,False,False,ATR2.0 exp96 TP3.0 ny trend both,,
order_block,sweep_atr2.0_exp96_tp3.0_ny_trend_long,1782729839,1161.0,283.6499605500098,42.28657971105251,0.3419465977605512,1.3325389467947175,-47.82262497271459,0.8842379466869353,5/8,"{2019: 10.75, 2020: 52.56, 2021: -0.12, 2022: 61.41, 2023: -4.65, 2024: 114.21, 2025: 56.14, 2026: -6.64}",173.08205842629113,False,True,False,False,False,ATR2.0 exp96 TP3.0 ny trend long,,
order_block,sweep_atr2.0_exp96_tp4.0_all_notrend_both,1782729839,5386.0,1050.9568828341971,156.55434033850003,0.272372818418121,1.2356857326150943,-72.95654143558164,2.145857482522423,8/8,"{2019: 23.43, 2020: 165.18, 2021: 67.08, 2022: 118.3, 2023: 35.13, 2024: 307.19, 2025: 248.53, 2026: 86.11}",802.3180501841654,True,False,True,True,False,ATR2.0 exp96 TP4.0 all notrend both,,
order_block,sweep_atr2.0_exp96_tp4.0_all_notrend_long,1782729839,2679.0,661.3732991640911,98.5512630491715,0.2836879432624113,1.302293154856061,-93.38417100141864,1.0553315620018124,7/8,"{2019: 52.94, 2020: 114.09, 2021: 37.99, 2022: 50.16, 2023: -53.57, 2024: 280.31, 2025: 154.05, 2026: 25.39}",399.19790236833495,True,True,False,True,False,ATR2.0 exp96 TP4.0 all notrend long,,
order_block,sweep_atr2.0_exp96_tp4.0_all_notrend_short,1782729839,2707.0,389.5835836701059,58.05071489663729,0.2611747321758404,1.1715251681002543,-51.172372498471525,1.1344151553334998,7/8,"{2019: -29.52, 2020: 51.09, 2021: 29.09, 2022: 68.14, 2023: 88.71, 2024: 26.88, 2025: 94.48, 2026: 60.72}",403.3621841680678,True,False,False,True,False,ATR2.0 exp96 TP4.0 all notrend short,,
order_block,sweep_atr2.0_exp96_tp4.0_all_trend_both,1782729840,3407.0,639.1555302625461,95.23870362386413,0.2706193131787496,1.2263316412793952,-89.15425818977496,1.06824626840748,7/8,"{2019: 16.29, 2020: 71.45, 2021: 23.97, 2022: 105.98, 2023: -16.85, 2024: 202.78, 2025: 178.77, 2026: 56.76}",507.6671449799066,True,False,False,True,False,ATR2.0 exp96 TP4.0 all trend both,,
order_block,sweep_atr2.0_exp96_tp4.0_all_trend_long,1782729840,1819.0,397.5183083253969,59.258815169880016,0.2770753161077515,1.264991685950988,-73.87230711552482,0.8021790232868784,7/8,"{2019: 34.44, 2020: 35.93, 2021: 8.3, 2022: 40.97, 2023: -39.54, 2024: 179.7, 2025: 119.64, 2026: 18.08}",271.1618120133892,True,False,False,True,False,ATR2.0 exp96 TP4.0 all trend long,,
order_block,sweep_atr2.0_exp96_tp4.0_all_trend_short,1782729840,1588.0,241.63722193714915,36.00565852119418,0.2632241813602015,1.1825245277554903,-44.518734851035624,0.8087754209923733,7/8,"{2019: -18.15, 2020: 35.52, 2021: 15.67, 2022: 65.02, 2023: 22.69, 2024: 23.07, 2025: 59.13, 2026: 38.68}",236.6232539559999,True,False,False,True,False,ATR2.0 exp96 TP4.0 all trend short,,
order_block,sweep_atr2.0_exp96_tp4.0_ny_notrend_both,1782729840,3472.0,603.6323512939481,89.91925939811429,0.265552995391705,1.2126733203123792,-83.7099792334075,1.074176104468901,6/8,"{2019: 1.58, 2020: 90.24, 2021: 6.88, 2022: 108.61, 2023: -0.29, 2024: 186.9, 2025: 214.05, 2026: -4.33}",517.2016840399967,True,False,False,False,False,ATR2.0 exp96 TP4.0 ny notrend both,,
order_block,sweep_atr2.0_exp96_tp4.0_ny_notrend_long,1782729840,1726.0,393.5101392300778,58.640201963295574,0.2769409038238702,1.282760422016441,-87.24716810749588,0.672115820321479,6/8,"{2019: 25.21, 2020: 65.07, 2021: 18.88, 2022: 53.48, 2023: -45.97, 2024: 167.82, 2025: 129.59, 2026: -20.56}",257.20554186145347,True,False,False,False,False,ATR2.0 exp96 TP4.0 ny notrend long,,
order_block,sweep_atr2.0_exp96_tp4.0_ny_trend_both,1782729840,2141.0,595.1293823231293,88.68942545091366,0.2872489490892106,1.3506479922531998,-70.29122105312182,1.2617425636110036,6/8,"{2019: -14.19, 2020: 40.93, 2021: -7.72, 2022: 172.02, 2023: 37.54, 2024: 206.25, 2025: 149.35, 2026: 10.94}",319.06349363760256,True,True,False,False,False,ATR2.0 exp96 TP4.0 ny trend both,,
order_block,sweep_atr2.0_exp96_tp4.0_ny_trend_long,1782729841,1161.0,381.1876313379136,56.82751066202263,0.2971576227390181,1.418883903950651,-49.87539112470961,1.1393897748075756,5/8,"{2019: 23.09, 2020: 42.18, 2021: -2.29, 2022: 84.91, 2023: -4.1, 2024: 148.91, 2025: 98.14, 2026: -9.64}",173.08205842629113,False,True,False,False,False,ATR2.0 exp96 TP4.0 ny trend long,,
order_block,sweep_atr2.0_exp192_tp2.0_all_notrend_both,1782729841,5942.0,638.067927530971,95.048907445544,0.4155166610568832,1.1616000501760857,-42.345045136584226,2.2446287904278557,7/8,"{2019: -20.41, 2020: 112.88, 2021: 56.98, 2022: 90.91, 2023: 28.98, 2024: 173.24, 2025: 124.56, 2026: 70.93}",885.1418221675289,True,False,True,True,False,ATR2.0 exp192 TP2.0 all notrend both,,
order_block,sweep_atr2.0_exp192_tp2.0_all_notrend_long,1782729841,2961.0,416.8398129916077,62.11331801786443,0.4268828098615332,1.2159897938444368,-45.41166515539555,1.3677833174651708,7/8,"{2019: 14.26, 2020: 80.69, 2021: 19.06, 2022: 60.52, 2023: -6.4, 2024: 161.08, 2025: 81.0, 2026: 6.63}",441.2187341965807,True,False,False,True,False,ATR2.0 exp192 TP2.0 all notrend long,,
order_block,sweep_atr2.0_exp192_tp2.0_all_notrend_short,1782729841,2981.0,221.2281145393634,32.96455688215039,0.4042267695404227,1.1095984206953466,-48.2192606751629,0.6836387870859661,7/8,"{2019: -34.67, 2020: 32.18, 2021: 37.91, 2022: 30.39, 2023: 35.38, 2024: 12.16, 2025: 43.57, 2026: 64.3}",444.19012597155904,True,False,False,True,False,ATR2.0 exp192 TP2.0 all notrend short,,
order_block,sweep_atr2.0_exp192_tp2.0_all_trend_both,1782729841,3762.0,299.028770876728,44.55740603987061,0.4053694843168527,1.117766718238883,-80.9484711891296,0.5504416005061517,5/8,"{2019: -12.54, 2020: 37.28, 2021: -0.73, 2022: 67.13, 2023: -39.38, 2024: 107.61, 2025: 91.42, 2026: 48.23}",560.5646608201962,True,False,False,False,False,ATR2.0 exp192 TP2.0 all trend both,,
order_block,sweep_atr2.0_exp192_tp2.0_all_trend_long,1782729841,2014.0,224.4785255692757,33.46344351372111,0.4165839126117179,1.1679304493321556,-54.74520175302838,0.6112580179114965,6/8,"{2019: 10.67, 2020: 32.54, 2021: -20.17, 2022: 34.31, 2023: -21.53, 2024: 111.21, 2025: 69.8, 2026: 7.66}",300.23083529135005,True,False,False,False,False,ATR2.0 exp192 TP2.0 all trend long,,
order_block,sweep_atr2.0_exp192_tp2.0_ny_notrend_both,1782729842,4805.0,312.61012099165214,46.5675348573818,0.3935483870967742,1.0961970527202511,-74.92340016167229,0.6215352581022321,6/8,"{2019: -22.83, 2020: 50.43, 2021: 17.2, 2022: 47.16, 2023: -53.75, 2024: 108.33, 2025: 121.08, 2026: 44.99}",715.770187733924,True,False,False,False,False,ATR2.0 exp192 TP2.0 ny notrend both,,
order_block,sweep_atr2.0_exp192_tp2.0_ny_trend_both,1782729843,2822.0,316.1508899594,47.1145294101277,0.4092841956059532,1.1699445277284932,-88.59179938979904,0.5318159212776159,5/8,"{2019: -21.86, 2020: 6.52, 2021: -2.7, 2022: 125.0, 2023: -52.91, 2024: 120.51, 2025: 100.73, 2026: 40.85}",420.5498267376527,True,False,False,False,False,ATR2.0 exp192 TP2.0 ny trend both,,
order_block,sweep_atr2.0_exp192_tp3.0_all_notrend_both,1782729843,5942.0,929.7039883733328,138.492070404778,0.3254796364860316,1.204034672222453,-59.45475083882724,2.3293692842176545,7/8,"{2019: -13.25, 2020: 172.27, 2021: 93.42, 2022: 134.91, 2023: 42.09, 2024: 244.8, 2025: 170.78, 2026: 84.68}",885.1418221675289,True,False,True,True,False,ATR2.0 exp192 TP3.0 all notrend both,,
order_block,sweep_atr2.0_exp192_tp3.0_all_notrend_long,1782729844,2961.0,617.0331119207608,91.94412988823208,0.3387369132049983,1.2768515931675193,-52.601909277830885,1.747923813993231,7/8,"{2019: 34.26, 2020: 120.92, 2021: 37.0, 2022: 75.52, 2023: -11.1, 2024: 233.16, 2025: 108.0, 2026: 19.28}",441.2187341965807,True,False,True,True,False,ATR2.0 exp192 TP3.0 all notrend long,,
order_block,sweep_atr2.0_exp192_tp3.0_all_notrend_short,1782729844,2981.0,312.67087645257175,46.59017645055539,0.3123113049312311,1.134317588829406,-57.559505287939544,0.8094262835910343,7/8,"{2019: -47.51, 2020: 51.35, 2021: 56.42, 2022: 59.39, 2023: 53.19, 2024: 11.64, 2025: 62.78, 2026: 65.4}",444.19012597155904,True,False,False,True,False,ATR2.0 exp192 TP3.0 all notrend short,,
order_block,sweep_atr2.0_exp192_tp3.0_all_trend_both,1782729844,3762.0,508.7387827401891,75.80568399596854,0.3197767145135566,1.1752679570981086,-89.94847118912972,0.8427678980399353,6/8,"{2019: -5.38, 2020: 79.68, 2021: 18.78, 2022: 116.13, 2023: -18.57, 2024: 142.14, 2025: 116.63, 2026: 59.33}",560.5646608201962,True,False,False,False,False,ATR2.0 exp192 TP3.0 all trend both,,
order_block,sweep_atr2.0_exp192_tp3.0_all_trend_long,1782729844,2014.0,349.74577551952825,52.13727225613157,0.3291956305858987,1.227463356960142,-53.862435355644195,0.9679709413783152,6/8,"{2019: 18.67, 2020: 53.76, 2021: -3.17, 2022: 51.31, 2023: -13.53, 2024: 155.26, 2025: 73.8, 2026: 13.66}",300.23083529135005,True,False,False,False,False,ATR2.0 exp192 TP3.0 all trend long,,
order_block,sweep_atr2.0_exp192_tp3.0_ny_notrend_both,1782729845,4805.0,414.74159633416264,61.78140900503037,0.3026014568158168,1.111054589490543,-94.83051109378732,0.6514929455977368,5/8,"{2019: -7.67, 2020: 63.52, 2021: -0.36, 2022: 67.16, 2023: -71.46, 2024: 133.89, 2025: 176.29, 2026: 53.37}",715.770187733924,True,False,False,False,False,ATR2.0 exp192 TP3.0 ny notrend both,,
order_block,sweep_atr2.0_exp192_tp3.0_ny_trend_both,1782729845,2822.0,451.98092770130074,67.35666223724506,0.3217576187101346,1.2118729356990383,-83.34532742478073,0.8081636285853522,5/8,"{2019: -26.7, 2020: 26.89, 2021: -14.2, 2022: 161.0, 2023: -28.8, 2024: 152.04, 2025: 129.95, 2026: 51.8}",420.5498267376527,True,False,False,False,False,ATR2.0 exp192 TP3.0 ny trend both,,
order_block,sweep_atr2.0_exp192_tp3.0_ny_trend_long,1782729845,1553.0,309.5877535685046,46.15338988045489,0.3309723116548616,1.2665751981035327,-68.37353052674536,0.6750183810151691,7/8,"{2019: 2.82, 2020: 33.99, 2021: 3.64, 2022: 88.41, 2023: -19.53, 2024: 119.84, 2025: 70.01, 2026: 10.42}",231.5214786701379,True,False,False,True,False,ATR2.0 exp192 TP3.0 ny trend long,,
order_block,sweep_atr2.0_exp192_tp4.0_all_notrend_both,1782729846,5942.0,1134.0084454321857,168.92600163971915,0.2712891282396499,1.2302822275274718,-92.10949173968152,1.8339695339665465,8/8,"{2019: 21.09, 2020: 195.27, 2021: 100.85, 2022: 149.93, 2023: 17.28, 2024: 329.82, 2025: 231.74, 2026: 88.03}",885.1418221675289,True,False,True,True,False,ATR2.0 exp192 TP4.0 all notrend both,,
order_block,sweep_atr2.0_exp192_tp4.0_all_notrend_long,1782729846,2961.0,750.6900578335526,111.86035700482203,0.2847011144883485,1.3112575938857134,-99.84085694028124,1.1203865875443169,7/8,"{2019: 58.6, 2020: 122.85, 2021: 49.97, 2022: 94.52, 2023: -48.69, 2024: 300.74, 2025: 152.07, 2026: 20.63}",441.2187341965807,True,True,False,True,False,ATR2.0 exp192 TP4.0 all notrend long,,
order_block,sweep_atr2.0_exp192_tp4.0_all_notrend_short,1782729846,2981.0,383.3183875986328,57.1171562813323,0.2579671251257967,1.1525565121257315,-51.73027806705113,1.1041339504747851,7/8,"{2019: -37.51, 2020: 72.42, 2021: 50.88, 2022: 55.41, 2023: 65.97, 2024: 29.08, 2025: 79.68, 2026: 67.4}",444.19012597155904,True,False,False,True,False,ATR2.0 exp192 TP4.0 all notrend short,,
order_block,sweep_atr2.0_exp192_tp4.0_all_trend_both,1782729846,3762.0,732.6413938458763,109.1687598203215,0.2716640085061138,1.2356786654165792,-100.79618303431766,1.0830644230164277,7/8,"{2019: 11.96, 2020: 97.0, 2021: 38.92, 2022: 139.64, 2023: -15.38, 2024: 223.85, 2025: 173.33, 2026: 63.33}",560.5646608201962,True,False,False,True,False,ATR2.0 exp192 TP4.0 all trend both,,
order_block,sweep_atr2.0_exp192_tp4.0_all_trend_long,1782729847,2014.0,480.0513493969164,71.56217359095132,0.2805362462760675,1.291058197150773,-79.02024605401644,0.905618207541812,7/8,"{2019: 35.01, 2020: 41.37, 2021: 17.22, 2022: 76.8, 2023: -29.77, 2024: 201.96, 2025: 118.8, 2026: 18.66}",300.23083529135005,True,False,False,True,False,ATR2.0 exp192 TP4.0 all trend long,,
order_block,sweep_atr2.0_exp192_tp4.0_all_trend_short,1782729847,1748.0,252.59004444896,37.63770669672768,0.261441647597254,1.1730881798481647,-47.18397722572982,0.7976798250106717,7/8,"{2019: -23.05, 2020: 55.63, 2021: 21.7, 2022: 62.84, 2023: 14.39, 2024: 21.88, 2025: 54.53, 2026: 44.67}",260.46438785584877,True,False,False,True,False,ATR2.0 exp192 TP4.0 all trend short,,
order_block,sweep_atr2.0_exp192_tp4.0_ny_notrend_both,1782729847,4805.0,609.3185006060044,90.7662887759652,0.2553590010405827,1.1528560914450552,-111.42082934764908,0.8146258586243446,6/8,"{2019: 6.44, 2020: 79.05, 2021: -26.21, 2022: 142.18, 2023: -70.27, 2024: 206.39, 2025: 230.26, 2026: 41.49}",715.770187733924,True,False,False,False,False,ATR2.0 exp192 TP4.0 ny notrend both,,
order_block,sweep_atr2.0_exp192_tp4.0_ny_trend_both,1782729848,2822.0,661.3829071466591,98.5628869623574,0.2781715095676825,1.2914927629535031,-107.35154515130786,0.9181319823896044,6/8,"{2019: -19.36, 2020: 24.5, 2021: -28.55, 2022: 225.51, 2023: 12.39, 2024: 212.32, 2025: 187.64, 2026: 46.93}",420.5498267376527,True,False,False,False,False,ATR2.0 exp192 TP4.0 ny trend both,,
order_block,sweep_atr2.0_exp192_tp4.0_ny_trend_long,1782729848,1553.0,434.9777373348229,64.84654793068194,0.2871860914359304,1.3517858250831156,-77.08686447927388,0.841213978136535,6/8,"{2019: 17.16, 2020: 21.6, 2021: -15.46, 2022: 126.9, 2023: -10.77, 2024: 162.12, 2025: 123.01, 2026: 10.42}",231.5214786701379,True,True,False,False,False,ATR2.0 exp192 TP4.0 ny trend long,,
order_block,sweep_atr2.0_exp384_tp2.0_all_notrend_both,1782729848,6414.0,625.4479679472527,93.16899259841962,0.4117555347676956,1.1460077803917756,-48.44588682188322,1.923155890219658,7/8,"{2019: -14.42, 2020: 137.97, 2021: 46.37, 2022: 78.95, 2023: 17.8, 2024: 155.13, 2025: 139.57, 2026: 64.08}",955.4526501821828,True,False,True,True,False,ATR2.0 exp384 TP2.0 all notrend both,,
order_block,sweep_atr2.0_exp384_tp2.0_all_notrend_long,1782729849,3201.0,427.41165383210614,63.688628464933814,0.4239300218681662,1.2041288817778293,-46.92696287058715,1.3571862436648874,7/8,"{2019: 20.58, 2020: 101.38, 2021: 21.28, 2022: 47.02, 2023: -10.77, 2024: 148.0, 2025: 93.75, 2026: 6.18}",476.9811442631729,True,False,False,True,False,ATR2.0 exp384 TP2.0 all notrend long,,
order_block,sweep_atr2.0_exp384_tp2.0_all_notrend_short,1782729849,3213.0,198.03631411514644,29.50881426157334,0.3996265172735761,1.0904345782639764,-52.53510879742171,0.5616970238961714,7/8,"{2019: -35.0, 2020: 36.59, 2021: 25.09, 2022: 31.93, 2023: 28.58, 2024: 7.13, 2025: 45.82, 2026: 57.89}",478.75977012633984,True,False,False,True,False,ATR2.0 exp384 TP2.0 all notrend short,,
order_block,sweep_atr2.0_exp384_tp2.0_all_trend_both,1782729849,3850.0,306.15353627077474,45.61904657589859,0.4051948051948052,1.11784323303491,-83.92476647004477,0.543570730008303,6/8,"{2019: -7.89, 2020: 40.78, 2021: 3.06, 2022: 67.92, 2023: -40.86, 2024: 101.11, 2025: 99.91, 2026: 42.13}",573.6772844651131,True,False,False,False,False,ATR2.0 exp384 TP2.0 all trend both,,
order_block,sweep_atr2.0_exp384_tp2.0_all_trend_long,1782729849,2069.0,238.58107474224573,35.56573751468345,0.417593040115998,1.1741642377741426,-54.36974723934925,0.6541457211142468,6/8,"{2019: 16.58, 2020: 41.85, 2021: -15.35, 2022: 33.53, 2023: -20.38, 2024: 103.24, 2025: 75.51, 2026: 3.6}",308.42979057487753,True,False,False,False,False,ATR2.0 exp384 TP2.0 all trend long,,
order_block,sweep_atr2.0_exp384_tp3.0_all_notrend_both,1782729852,6414.0,935.3270125414604,139.3296964327599,0.3225756158403492,1.1895903383222295,-66.95406708445321,2.080974353014507,7/8,"{2019: -8.26, 2020: 193.6, 2021: 88.81, 2022: 122.95, 2023: 36.92, 2024: 233.69, 2025: 184.79, 2026: 82.83}",955.4526501821828,True,False,True,True,False,ATR2.0 exp384 TP3.0 all notrend both,,
order_block,sweep_atr2.0_exp384_tp3.0_all_notrend_long,1782729852,3201.0,626.8479365131057,93.40663731241172,0.3355201499531396,1.259330624533138,-57.722933588101625,1.6181893661008515,7/8,"{2019: 35.58, 2020: 144.85, 2021: 42.21, 2022: 63.02, 2023: -14.47, 2024: 222.07, 2025: 112.75, 2026: 20.84}",476.9811442631729,True,False,True,True,False,ATR2.0 exp384 TP3.0 all notrend long,,
order_block,sweep_atr2.0_exp384_tp3.0_all_notrend_short,1782729852,3213.0,308.47907602835494,45.96556848058541,0.3096794273264861,1.1225955404539585,-63.58428109687792,0.7229077326603978,7/8,"{2019: -43.84, 2020: 48.76, 2021: 46.59, 2022: 59.93, 2023: 51.38, 2024: 11.62, 2025: 72.04, 2026: 61.99}",478.75977012633984,True,False,False,True,False,ATR2.0 exp384 TP3.0 all notrend short,,
order_block,sweep_atr2.0_exp384_tp3.0_all_trend_both,1782729852,3850.0,509.1065318860821,75.86048122489846,0.3192207792207792,1.1713117292597588,-94.92476647004486,0.7991642649849188,6/8,"{2019: -8.73, 2020: 83.42, 2021: 22.56, 2022: 116.92, 2023: -20.05, 2024: 138.64, 2025: 123.12, 2026: 53.22}",573.6772844651131,True,False,False,False,False,ATR2.0 exp384 TP3.0 all trend both,,
order_block,sweep_atr2.0_exp384_tp3.0_all_trend_long,1782729852,2069.0,355.0913084443446,52.93414108189871,0.3291445142580957,1.2249203905085166,-55.48698084196502,0.9539920946980848,7/8,"{2019: 16.58, 2020: 63.31, 2021: 2.65, 2022: 52.53, 2023: -13.38, 2024: 148.28, 2025: 75.51, 2026: 9.6}",308.42979057487753,True,False,False,True,False,ATR2.0 exp384 TP3.0 all trend long,,
order_block,sweep_atr2.0_exp384_tp3.0_ny_trend_both,1782729854,3017.0,452.2453706625548,67.39607096918603,0.3195227046735167,1.1977292629118397,-98.28084677796951,0.6857497994644205,5/8,"{2019: -31.71, 2020: 32.41, 2021: -11.33, 2022: 162.76, 2023: -41.03, 2024: 142.93, 2025: 142.8, 2026: 55.41}",449.6097899601341,True,False,False,False,False,ATR2.0 exp384 TP3.0 ny trend both,,
order_block,sweep_atr2.0_exp384_tp3.0_ny_trend_long,1782729854,1653.0,330.6535122303137,49.29387641921234,0.3321234119782214,1.2680241819493765,-77.38742516535223,0.6369752749091607,6/8,"{2019: -3.76, 2020: 51.23, 2021: 8.33, 2022: 88.17, 2023: -27.45, 2024: 119.46, 2025: 82.49, 2026: 12.19}",246.42949403846615,True,False,False,False,False,ATR2.0 exp384 TP3.0 ny trend long,,
order_block,sweep_atr2.0_exp384_tp4.0_all_notrend_both,1782729855,6414.0,1149.219764037059,171.19193470392122,0.2687870283754287,1.2157773161362748,-98.70937824486316,1.7343026341352734,8/8,"{2019: 29.08, 2020: 227.6, 2021: 88.53, 2022: 151.87, 2023: 7.67, 2024: 319.89, 2025: 235.4, 2026: 89.18}",955.4526501821828,True,False,True,True,False,ATR2.0 exp384 TP4.0 all notrend both,,
order_block,sweep_atr2.0_exp384_tp4.0_all_notrend_long,1782729855,3201.0,756.3662922753344,112.70617293707669,0.2811621368322399,1.2891769380123503,-103.37502369749132,1.0902650263654723,7/8,"{2019: 58.92, 2020: 154.78, 2021: 38.48, 2022: 87.02, 2023: -59.49, 2024: 289.66, 2025: 164.82, 2026: 22.19}",476.9811442631729,True,False,False,True,False,ATR2.0 exp384 TP4.0 all notrend long,,
order_block,sweep_atr2.0_exp384_tp4.0_all_notrend_short,1782729855,3213.0,392.85347176172434,58.53795139557351,0.25645813881108,1.1449446128150564,-57.88061737064101,1.0113567210370829,7/8,"{2019: -29.84, 2020: 72.82, 2021: 50.05, 2022: 64.85, 2023: 67.16, 2024: 30.23, 2025: 70.58, 2026: 66.99}",478.75977012633984,True,False,False,True,False,ATR2.0 exp384 TP4.0 all notrend short,,
order_block,sweep_atr2.0_exp384_tp4.0_all_trend_both,1782729855,3850.0,735.071279925081,109.5308300664196,0.2711688311688311,1.231031763580143,-104.77247831523276,1.045416046539151,7/8,"{2019: 9.61, 2020: 104.74, 2021: 34.2, 2022: 143.42, 2023: -16.29, 2024: 223.35, 2025: 178.82, 2026: 57.22}",573.6772844651131,True,False,False,True,False,ATR2.0 exp384 TP4.0 all trend both,,
order_block,sweep_atr2.0_exp384_tp4.0_all_trend_long,1782729855,2069.0,484.45901925504427,72.21923337406663,0.2803286611889802,1.2861097170898963,-79.64479154033731,0.9067665565737604,7/8,"{2019: 33.92, 2020: 54.93, 2021: 12.54, 2022: 80.02, 2023: -30.06, 2024: 195.99, 2025: 122.51, 2026: 14.6}",308.42979057487753,True,False,False,True,False,ATR2.0 exp384 TP4.0 all trend long,,
order_block,sweep_atr2.0_exp384_tp4.0_all_trend_short,1782729856,1781.0,250.6122606700366,37.34300289736355,0.2605277933745087,1.168373993855621,-44.97776677223832,0.8302547142116627,7/8,"{2019: -24.31, 2020: 49.81, 2021: 21.66, 2022: 63.4, 2023: 13.76, 2024: 27.36, 2025: 56.31, 2026: 42.62}",265.3816217226926,True,False,False,True,False,ATR2.0 exp384 TP4.0 all trend short,,
order_block,sweep_atr2.0_exp384_tp4.0_ny_notrend_both,1782729856,5534.0,608.3185421066859,90.6173313393818,0.2518973617636429,1.1319708201502725,-150.41452361107827,0.6024506753994577,6/8,"{2019: 5.09, 2020: 123.28, 2021: -32.06, 2022: 139.35, 2023: -112.36, 2024: 210.78, 2025: 229.29, 2026: 44.96}",824.3646657480823,True,False,False,False,False,ATR2.0 exp384 TP4.0 ny notrend both,,
order_block,sweep_atr2.0_exp384_tp4.0_ny_trend_both,1782729857,3017.0,687.170782587046,102.40593676688852,0.2774279085183957,1.2831702450561255,-114.43609957289172,0.8948744071940306,6/8,"{2019: -22.36, 2020: 34.49, 2021: -26.18, 2022: 231.27, 2023: 1.73, 2024: 209.2, 2025: 204.5, 2026: 54.53}",449.6097899601341,True,False,False,False,False,ATR2.0 exp384 TP4.0 ny trend both,,
order_block,sweep_atr2.0_exp384_tp4.0_ny_trend_long,1782729857,1653.0,472.38909146129424,70.42383835335599,0.2897761645493042,1.3604727255617288,-84.64257900167749,0.8320143264061022,6/8,"{2019: 11.58, 2020: 43.12, 2021: -15.27, 2022: 130.66, 2023: -19.13, 2024: 165.73, 2025: 141.49, 2026: 14.19}",246.42949403846615,True,True,False,False,False,ATR2.0 exp384 TP4.0 ny trend long,,
order_block,sweep_atr2.5_exp96_tp3.0_all_notrend_both,1782729859,2811.0,326.981866473689,48.73428201560292,0.3151903237282106,1.1496994504986957,-44.785708767063625,1.0881659207198515,6/8,"{2019: -3.2, 2020: 113.91, 2021: 19.75, 2022: 29.49, 2023: -23.41, 2024: 103.0, 2025: 44.76, 2026: 42.69}",418.95921698423314,True,False,False,False,False,ATR2.5 exp96 TP3.0 all notrend both,,
order_block,sweep_atr2.5_exp96_tp3.0_all_notrend_long,1782729859,1405.0,230.4474168080123,34.38217985179594,0.3266903914590747,1.2141485877273783,-67.02317885350212,0.5129893932209303,6/8,"{2019: 15.82, 2020: 58.4, 2021: 4.34, 2022: -18.32, 2023: -16.61, 2024: 117.46, 2025: 52.22, 2026: 17.13}",209.62249592937823,True,False,False,False,False,ATR2.5 exp96 TP3.0 all notrend long,,
order_block,sweep_atr2.5_exp96_tp3.0_ny_notrend_both,1782729859,1806.0,208.9034494818821,31.15550075411032,0.3106312292358804,1.1505369739169125,-45.48035890412972,0.6850319897383512,5/8,"{2019: -6.58, 2020: 62.12, 2021: -4.13, 2022: 22.9, 2023: -27.27, 2024: 86.99, 2025: 59.99, 2026: 14.89}",269.34373032841273,True,False,False,False,False,ATR2.5 exp96 TP3.0 ny notrend both,,
order_block,sweep_atr2.5_exp96_tp3.0_ny_trend_both,1782729859,1148.0,207.68019324782213,30.9853668780812,0.328397212543554,1.2416609934750644,-41.94218537566719,0.7387637673276176,5/8,"{2019: -3.23, 2020: 27.03, 2021: -18.68, 2022: 57.08, 2023: -4.44, 2024: 86.21, 2025: 43.96, 2026: 19.75}",171.278736887492,False,False,False,False,False,ATR2.5 exp96 TP3.0 ny trend both,,
order_block,sweep_atr2.5_exp96_tp3.0_ny_trend_long,1782729860,613.0,122.98060003711517,18.348398811866662,0.33115823817292,1.268559133806714,-31.393092260726785,0.5844724903007016,6/8,"{2019: 11.41, 2020: 25.23, 2021: -12.13, 2022: 11.54, 2023: -1.72, 2024: 61.84, 2025: 23.41, 2026: 3.41}",91.45807117772874,False,False,False,False,False,ATR2.5 exp96 TP3.0 ny trend long,,
order_block,sweep_atr2.5_exp96_tp4.0_all_notrend_both,1782729860,2811.0,352.0164221456907,52.465501454197735,0.2582710779082177,1.1487897579967912,-72.69080727250957,0.7217625367332974,7/8,"{2019: 13.14, 2020: 107.65, 2021: 3.97, 2022: 19.17, 2023: -48.07, 2024: 144.01, 2025: 60.45, 2026: 51.69}",418.95921698423314,True,False,False,True,False,ATR2.5 exp96 TP4.0 all notrend both,,
order_block,sweep_atr2.5_exp96_tp4.0_ny_notrend_both,1782729860,1806.0,237.14569446259523,35.36750054146036,0.2580287929125138,1.1588282962981902,-62.770157256319315,0.5634445106938102,5/8,"{2019: -15.24, 2020: 52.15, 2021: -5.91, 2022: 44.58, 2023: -50.94, 2024: 114.92, 2025: 85.69, 2026: 11.89}",269.34373032841273,True,False,False,False,False,ATR2.5 exp96 TP4.0 ny notrend both,,
order_block,sweep_atr2.5_exp96_tp4.0_ny_trend_both,1782729860,1148.0,237.3213991973101,35.40776088056405,0.2752613240418118,1.2562316793429769,-51.35073957651787,0.6895277686858405,5/8,"{2019: -7.89, 2020: 23.42, 2021: -18.25, 2022: 67.16, 2023: -5.45, 2024: 101.92, 2025: 55.66, 2026: 20.75}",171.278736887492,False,False,False,False,False,ATR2.5 exp96 TP4.0 ny trend both,,
order_block,sweep_atr2.5_exp192_tp3.0_all_notrend_both,1782729862,3181.0,357.38753155380243,53.26602646023087,0.3140521848475322,1.144362414040626,-50.61673767075318,1.0523401726660166,6/8,"{2019: -14.6, 2020: 114.5, 2021: 22.07, 2022: 29.57, 2023: -27.19, 2024: 130.85, 2025: 61.15, 2026: 41.04}",474.1050406356619,True,False,False,False,False,ATR2.5 exp192 TP3.0 all notrend both,,
order_block,sweep_atr2.5_exp192_tp3.0_all_notrend_long,1782729862,1596.0,249.43311714243004,37.21479899134603,0.3245614035087719,1.2035516656184764,-56.75891372353311,0.6556643978885065,6/8,"{2019: 7.25, 2020: 55.32, 2021: 0.55, 2022: -5.87, 2023: -15.82, 2024: 137.26, 2025: 55.15, 2026: 15.59}",238.11921957529373,True,False,False,False,False,ATR2.5 exp192 TP3.0 all notrend long,,
order_block,sweep_atr2.5_exp192_tp3.0_ny_trend_both,1782729863,1539.0,211.32932687046545,31.495099453490855,0.3164392462638076,1.1801761983764696,-55.79296504126822,0.564499474623637,5/8,"{2019: -13.58, 2020: 30.52, 2021: -28.85, 2022: 55.02, 2023: -20.85, 2024: 91.46, 2025: 60.05, 2026: 37.56}",229.36219395916007,True,False,False,False,False,ATR2.5 exp192 TP3.0 ny trend both,,
order_block,sweep_atr2.5_exp192_tp4.0_all_notrend_both,1782729863,3181.0,381.8744283629278,56.91562130673563,0.2568374724929267,1.142375144633922,-79.2285769606078,0.7183723788833656,6/8,"{2019: -0.26, 2020: 124.24, 2021: 13.74, 2022: 17.25, 2023: -52.85, 2024: 158.87, 2025: 67.84, 2026: 53.04}",474.1050406356619,True,False,False,False,False,ATR2.5 exp192 TP4.0 all notrend both,,
order_block,sweep_atr2.5_exp384_tp3.0_all_notrend_both,1782729867,3521.0,357.26432508092967,53.24766342664775,0.3112752059074126,1.1299712163325983,-57.81492357705331,0.9210020550434784,6/8,"{2019: -7.6, 2020: 118.44, 2021: 12.75, 2022: 19.81, 2023: -34.55, 2024: 132.13, 2025: 68.73, 2026: 47.55}",524.7795812883262,True,False,False,False,False,ATR2.5 exp384 TP3.0 all notrend both,,
order_block,sweep_atr2.5_exp384_tp3.0_all_notrend_long,1782729867,1760.0,263.8214639849659,39.36150445570898,0.3232954545454545,1.195208257468804,-66.58575795547006,0.5911399924595349,6/8,"{2019: 10.58, 2020: 66.6, 2021: 1.73, 2022: -9.89, 2023: -16.91, 2024: 135.63, 2025: 54.72, 2026: 21.36}",262.58761055922116,True,False,False,False,False,ATR2.5 exp384 TP3.0 all notrend long,,
order_block,sweep_atr2.5_exp384_tp4.0_all_notrend_both,1782729868,3521.0,392.87310920419327,58.55489512854853,0.2550411814825333,1.1321667656151748,-105.9212005874956,0.5528156290126225,6/8,"{2019: 8.74, 2020: 130.18, 2021: -6.28, 2022: 24.49, 2023: -66.22, 2024: 163.33, 2025: 72.07, 2026: 66.55}",524.7795812883262,True,False,False,False,False,ATR2.5 exp384 TP4.0 all notrend both,,
order_block,brent_atr1.5_exp96_tp2.0,1782730251,10486.0,-1301.7320711257155,-194.36100741332265,0.400057219149342,0.8431625238901552,-1392.4309609018565,-0.1395839455389859,1/8,"{2019: -126.95, 2020: -158.55, 2021: -255.32, 2022: -34.95, 2023: -183.26, 2024: -342.33, 2025: -265.04, 2026: 64.67}",1565.6597612852952,True,False,False,False,False,BRENT OB ATR1.5 exp96 TP2.0R,BRENT,0.05
order_block,brent_atr1.5_exp96_tp3.0,1782730252,10486.0,-739.2646388701953,-110.37925786955655,0.3139423993896624,0.9220543219251184,-828.5064156756296,-0.1332267991908603,2/8,"{2019: -102.95, 2020: -59.6, 2021: -151.39, 2022: 69.9, 2023: -85.23, 2024: -275.47, 2025: -192.19, 2026: 57.67}",1565.6597612852952,True,False,False,False,False,BRENT OB ATR1.5 exp96 TP3.0R,BRENT,0.05
order_block,brent_atr1.5_exp96_tp4.0,1782730252,10486.0,-220.09473874214703,-32.86224262055878,0.2633034522220103,0.978421215613436,-402.13715791681113,-0.0817189905822055,3/8,"{2019: -84.6, 2020: -44.12, 2021: -49.59, 2022: 168.26, 2023: 2.41, 2024: -247.88, 2025: -110.65, 2026: 146.07}",1565.6597612852952,True,False,False,False,False,BRENT OB ATR1.5 exp96 TP4.0R,BRENT,0.05
order_block,brent_atr1.5_exp192_tp2.0,1782730252,11263.0,-1403.4708387106543,-209.55157527242,0.3992719524105478,0.8425404852980463,-1511.275823982494,-0.1386587226150501,1/8,"{2019: -122.24, 2020: -156.08, 2021: -289.52, 2022: -45.03, 2023: -188.77, 2024: -387.35, 2025: -291.86, 2026: 77.38}",1681.6732682964218,True,False,False,False,False,BRENT OB ATR1.5 exp192 TP2.0R,BRENT,0.05
order_block,brent_atr1.5_exp192_tp3.0,1782730252,11263.0,-774.3024990501565,-115.61074440448937,0.3139483263784072,0.923879134735318,-878.8157431603879,-0.1315528827336788,2/8,"{2019: -92.24, 2020: -40.67, 2021: -180.59, 2022: 77.82, 2023: -75.74, 2024: -325.5, 2025: -203.93, 2026: 66.54}",1681.6732682964218,True,False,False,False,False,BRENT OB ATR1.5 exp192 TP3.0R,BRENT,0.05
order_block,brent_atr1.5_exp192_tp4.0,1782730253,11263.0,-232.3136455982042,-34.686641894964815,0.262984995116754,0.9787697943382436,-467.9537071334297,-0.0741240882724206,3/8,"{2019: -66.89, 2020: -13.37, 2021: -71.78, 2022: 175.18, 2023: 8.9, 2024: -297.91, 2025: -127.39, 2026: 160.95}",1681.6732682964218,True,False,False,False,False,BRENT OB ATR1.5 exp192 TP4.0R,BRENT,0.05
order_block,brent_atr1.5_exp384_tp2.0,1782730253,11936.0,-1436.4013442054247,-214.46841366379385,0.3995475871313673,0.8474332900719561,-1548.204695094117,-0.1385271691420339,1/8,"{2019: -133.3, 2020: -163.86, 2021: -297.33, 2022: -11.42, 2023: -213.88, 2024: -393.98, 2025: -301.03, 2026: 78.4}",1782.1585838929318,True,False,False,False,False,BRENT OB ATR1.5 exp384 TP2.0R,BRENT,0.05
order_block,brent_atr1.5_exp384_tp3.0,1782730253,11936.0,-758.4455045449266,-113.24314396278038,0.3144269436997319,0.9294058530009106,-880.451371961285,-0.1286194190492554,2/8,"{2019: -97.3, 2020: -49.45, 2021: -176.4, 2022: 134.44, 2023: -107.07, 2024: -336.12, 2025: -207.1, 2026: 80.57}",1782.1585838929318,True,False,False,False,False,BRENT OB ATR1.5 exp384 TP3.0R,BRENT,0.05
order_block,brent_atr1.5_exp384_tp4.0,1782730253,11936.0,-149.51760195387044,-22.324403298020844,0.2639912868632708,0.9870537704143024,-480.1871244678297,-0.0464910493440697,2/8,"{2019: -66.26, 2020: -3.15, 2021: -59.6, 2022: 237.26, 2023: -33.43, 2024: -295.39, 2025: -119.92, 2026: 190.98}",1782.1585838929318,True,False,False,False,False,BRENT OB ATR1.5 exp384 TP4.0R,BRENT,0.05
order_block,brent_atr2.0_exp96_tp2.0,1782730254,5629.0,-686.5003825344479,-102.5010514057932,0.4000710605791437,0.8456895154288572,-752.0350565886472,-0.1362982357109183,1/8,"{2019: -80.16, 2020: -77.49, 2021: -114.69, 2022: -43.39, 2023: -123.0, 2024: -142.76, 2025: -149.74, 2026: 44.73}",840.4633603161288,True,False,False,False,False,BRENT OB ATR2.0 exp96 TP2.0R,BRENT,0.05
order_block,brent_atr2.0_exp96_tp3.0,1782730254,5629.0,-376.1217718708897,-56.1585660463074,0.3142654112631018,0.9258772072962832,-426.6564459250918,-0.1316247922249068,1/8,"{2019: -59.16, 2020: -21.81, 2021: -31.11, 2022: -14.39, 2023: -68.74, 2024: -98.76, 2025: -103.88, 2026: 21.73}",840.4633603161288,True,False,False,False,False,BRENT OB ATR2.0 exp96 TP3.0R,BRENT,0.05
order_block,brent_atr2.0_exp96_tp4.0,1782730254,5629.0,-73.3854192402424,-10.957142663503646,0.2643453544146384,0.9865415655968838,-207.54764295096624,-0.0527933852088713,4/8,"{2019: -46.46, 2020: -35.51, 2021: 37.85, 2022: 35.28, 2023: 3.9, 2024: -73.25, 2025: -72.92, 2026: 77.73}",840.4633603161288,True,False,False,False,False,BRENT OB ATR2.0 exp96 TP4.0R,BRENT,0.05
order_block,brent_atr2.0_exp192_tp2.0,1782730255,6172.0,-781.7434482875343,-116.72174905895524,0.3976020738820479,0.8401301014439981,-855.9674046098584,-0.1363623759857489,1/8,"{2019: -79.51, 2020: -87.54, 2021: -135.59, 2022: -61.97, 2023: -138.26, 2024: -169.05, 2025: -164.46, 2026: 54.63}",921.538436644368,True,False,False,False,False,BRENT OB ATR2.0 exp192 TP2.0R,BRENT,0.05
order_block,brent_atr2.0_exp192_tp3.0,1782730255,6172.0,-448.6639302189983,-66.98980181995034,0.3122164614387556,0.9194583687161784,-507.053258350428,-0.1321159083720022,1/8,"{2019: -57.51, 2020: -21.4, 2021: -56.0, 2022: -24.97, 2023: -79.0, 2024: -124.05, 2025: -110.53, 2026: 24.8}",921.538436644368,True,False,False,False,False,BRENT OB ATR2.0 exp192 TP3.0R,BRENT,0.05
order_block,brent_atr2.0_exp192_tp4.0,1782730255,6172.0,-154.10862426444703,-23.00988669443824,0.2615035644847699,0.9742723000636628,-273.49795239587706,-0.0841318426440442,3/8,"{2019: -42.81, 2020: -33.28, 2021: 17.95, 2022: 15.69, 2023: -13.37, 2024: -104.54, 2025: -79.57, 2026: 85.8}",921.538436644368,True,False,False,False,False,BRENT OB ATR2.0 exp192 TP4.0R,BRENT,0.05
order_block,brent_atr2.0_exp384_tp2.0,1782730255,6669.0,-801.5534286445629,-119.67956797149117,0.3982606087869246,0.8475092790725077,-880.6411600021778,-0.135900493194294,1/8,"{2019: -84.31, 2020: -99.08, 2021: -130.21, 2022: -38.15, 2023: -162.39, 2024: -173.72, 2025: -172.26, 2026: 58.57}",995.7452744622958,True,False,False,False,False,BRENT OB ATR2.0 exp384 TP2.0R,BRENT,0.05
order_block,brent_atr2.0_exp384_tp3.0,1782730255,6669.0,-435.4739105760269,-65.02040614900213,0.3129404708352076,0.9273158156193806,-509.1495630386504,-0.1277039417670409,2/8,"{2019: -57.31, 2020: -31.94, 2021: -43.63, 2022: 19.85, 2023: -115.14, 2024: -133.72, 2025: -111.32, 2026: 37.73}",995.7452744622958,True,False,False,False,False,BRENT OB ATR2.0 exp384 TP3.0R,BRENT,0.05
order_block,brent_atr2.0_exp384_tp4.0,1782730255,6669.0,-93.76347220143847,-13.999780231182966,0.262857999700105,0.9854353253509752,-273.7468374012175,-0.0511413405323261,3/8,"{2019: -37.91, 2020: -29.82, 2021: 35.33, 2022: 69.97, 2023: -62.5, 2024: -104.21, 2025: -75.36, 2026: 110.73}",995.7452744622958,True,False,False,False,False,BRENT OB ATR2.0 exp384 TP4.0R,BRENT,0.05
martin_luke,xau_PDH_only_trail,1782731797,792.0,232.2802345005421,34.94193618759576,0.2992424242424242,1.4678241499652371,-65.44184073132783,0.5339387736822723,5/8,"{2019: 47.79, 2020: -9.81, 2021: -14.42, 2022: 6.87, 2023: 6.45, 2024: 83.3, 2025: 113.23, 2026: -1.13}",119.14062993815024,False,True,False,False,False,"PDH only, trail",,
martin_luke,xau_PDH_only_TP=1.0R,1782731798,792.0,59.16135606503841,8.899648017151366,0.5378787878787878,1.1773632415425792,-27.93619279472272,0.3185705397491584,5/8,"{2019: 6.52, 2020: 12.82, 2021: -0.58, 2022: -5.42, 2023: -6.13, 2024: 20.49, 2025: 30.81, 2026: 0.64}",119.14062993815024,False,False,False,False,False,"PDH only, TP=1.0R",,
martin_luke,xau_PDH_only_TP=2.0R,1782731800,792.0,134.25339658081836,20.195750302998743,0.4078282828282828,1.3188161342504052,-25.179285559571667,0.8020779721973295,6/8,"{2019: 5.98, 2020: 25.29, 2021: 1.31, 2022: -4.25, 2023: 10.56, 2024: 44.64, 2025: 51.81, 2026: -1.09}",119.14062993815024,False,True,False,False,False,"PDH only, TP=2.0R",,
martin_luke,xau_PDH_only_TP=3.0R,1782731802,792.0,271.159556763876,40.79055606893661,0.3762626262626262,1.616383454013769,-22.099802548102566,1.8457430097011789,6/8,"{2019: 11.45, 2020: 59.76, 2021: -0.07, 2022: -3.82, 2023: 25.56, 2024: 76.17, 2025: 92.33, 2026: 9.78}",119.14062993815024,False,True,True,False,False,"PDH only, TP=3.0R",,
martin_luke,xau_PDH_plus_uptrend_trail,1782731850,435.0,225.61854462295304,35.38518163679444,0.3172413793103448,1.814858213172603,-23.036214744649556,1.5360675366604266,7/8,"{2019: 24.98, 2020: 15.13, 2021: 11.01, 2022: 3.23, 2023: -7.67, 2024: 70.72, 2025: 98.92, 2026: 9.29}",68.22379799377377,False,True,True,True,False,"PDH + uptrend, trail",,
martin_luke,xau_PDH_plus_uptrend_TP=1.0R,1782731851,435.0,68.24613600694181,10.703472636306229,0.5793103448275863,1.392276241518034,-8.399014703977109,1.2743724131400689,8/8,"{2019: 3.17, 2020: 16.68, 2021: 5.36, 2022: 0.37, 2023: 3.17, 2024: 10.35, 2025: 25.04, 2026: 4.11}",68.22379799377377,False,True,False,True,False,"PDH + uptrend, TP=1.0R",,
martin_luke,xau_PDH_plus_uptrend_TP=2.0R,1782731852,435.0,143.09907100211552,22.443131294586255,0.4528735632183908,1.635818425963883,-13.695430146919383,1.6387313909694583,7/8,"{2019: 7.17, 2020: 32.88, 2021: 8.11, 2022: -3.63, 2023: 11.25, 2024: 34.31, 2025: 48.63, 2026: 4.38}",68.22379799377377,False,True,True,True,False,"PDH + uptrend, TP=2.0R",,
martin_luke,xau_PDH_plus_uptrend_TP=3.0R,1782731853,435.0,255.50165883481824,40.07193921705918,0.4206896551724138,2.0874533361977057,-14.077262792933666,2.846571794992277,7/8,"{2019: 9.64, 2020: 60.49, 2021: 10.55, 2022: -2.8, 2023: 14.25, 2024: 62.84, 2025: 87.15, 2026: 13.38}",68.22379799377377,False,True,True,True,False,"PDH + uptrend, TP=3.0R",,
martin_luke,xau_PDH_plus_inside-day_trail,1782731900,197.0,66.7584010449529,10.087958321559563,0.3299492385786802,1.5618139999536336,-44.44866237753568,0.226957523173026,4/8,"{2019: 5.5, 2020: 17.28, 2021: -9.46, 2022: -10.13, 2023: -2.84, 2024: 35.86, 2025: 33.7, 2026: -3.14}",29.76895429249471,False,True,False,False,False,"PDH + inside-day, trail",,
martin_luke,xau_PDH_plus_inside-day_TP=1.0R,1782731901,197.0,12.422405854975969,1.877167675632478,0.5482233502538071,1.148955984948961,-18.88303195069988,0.0994102896469919,5/8,"{2019: 0.86, 2020: 9.75, 2021: -4.05, 2022: 0.86, 2023: -10.59, 2024: 9.37, 2025: 7.27, 2026: -1.05}",29.76895429249471,False,False,False,False,False,"PDH + inside-day, TP=1.0R",,
martin_luke,xau_PDH_plus_inside-day_TP=2.0R,1782731901,197.0,23.356669520323216,3.52946003743861,0.4213197969543147,1.222042909478689,-24.29897866702556,0.1452513739694002,3/8,"{2019: -2.5, 2020: 15.93, 2021: -6.67, 2022: -3.29, 2023: -6.4, 2024: 16.0, 2025: 11.36, 2026: -1.05}",29.76895429249471,False,False,False,False,False,"PDH + inside-day, TP=2.0R",,
martin_luke,xau_PDH_plus_inside-day_TP=3.0R,1782731902,197.0,52.593571117762295,7.947490429866677,0.3908629441624365,1.4825378889805307,-30.064829518917016,0.2643451021355719,3/8,"{2019: -1.5, 2020: 24.64, 2021: -15.83, 2022: -1.31, 2023: -0.14, 2024: 26.87, 2025: 21.06, 2026: -1.18}",29.76895429249471,False,True,False,False,False,"PDH + inside-day, TP=3.0R",,
martin_luke,xau_PDH_plus_uptrend_plus_inside_trail,1782731948,103.0,72.45716079820005,11.417588046426248,0.3592233009708738,2.2050067531672473,-16.376466527144306,0.6971948452678347,5/8,"{2019: -1.06, 2020: 20.07, 2021: 1.4, 2022: -4.08, 2023: 2.07, 2024: 30.69, 2025: 24.34, 2026: -0.97}",16.23043955665342,False,True,False,False,False,"PDH + uptrend + inside, trail",,
martin_luke,xau_PDH_plus_uptrend_plus_inside_TP=1.0R,1782731949,103.0,24.410786204256855,3.8465804856172823,0.6213592233009708,1.6685381048052306,-3.092723581145922,1.2437517885746645,7/8,"{2019: -1.06, 2020: 6.77, 2021: 0.01, 2022: 3.9, 2023: 1.14, 2024: 6.35, 2025: 6.32, 2026: 0.98}",16.23043955665342,False,True,False,True,False,"PDH + uptrend + inside, TP=1.0R",,
martin_luke,xau_PDH_plus_uptrend_plus_inside_TP=2.0R,1782731949,103.0,41.00610544921466,6.461622484924612,0.4854368932038835,1.821694552144402,-7.417899381164432,0.8710852160292166,4/8,"{2019: -1.06, 2020: 12.89, 2021: -0.6, 2022: -2.1, 2023: 5.58, 2024: 16.31, 2025: 9.99, 2026: -0.02}",16.23043955665342,False,True,False,False,False,"PDH + uptrend + inside, TP=2.0R",,
martin_luke,xau_PDH_plus_uptrend_plus_inside_TP=3.0R,1782731949,103.0,67.54988206030771,10.644313377076616,0.4466019417475728,2.2873397682161603,-10.687156807310512,0.9959911292585704,5/8,"{2019: -1.06, 2020: 18.6, 2021: -5.6, 2022: -0.1, 2023: 10.84, 2024: 25.18, 2025: 18.7, 2026: 0.98}",16.23043955665342,False,True,False,False,False,"PDH + uptrend + inside, TP=3.0R",,
confluence_xau,confluence_long_TP=1.5R,1782735410,587.0,-212.84134298737888,-31.757379421975862,0.3918228279386712,0.553269951750227,-214.22700325553112,-0.1482417199483273,0/8,"{2019: -24.12, 2020: -32.06, 2021: -29.82, 2022: -24.32, 2023: -30.88, 2024: -43.42, 2025: -12.21, 2026: -16.0}",87.58440187912761,False,False,False,False,False,PDF1 long VWAP+VAH+ORB+momo TP=1.5R,,
confluence_xau,confluence_long_TP=2.0R,1782735410,587.0,-181.84134298737888,-27.13196807912585,0.3441226575809199,0.6468045099239057,-184.22700325553117,-0.1472746535506121,0/8,"{2019: -25.62, 2020: -28.56, 2021: -19.32, 2022: -25.32, 2023: -32.88, 2024: -31.42, 2025: -6.71, 2026: -12.0}",87.58440187912761,False,False,False,False,False,PDF1 long VWAP+VAH+ORB+momo TP=2.0R,,
confluence_xau,confluence_long_TP=3.0R,1782735410,587.0,-107.84134298737888,-16.090663583290343,0.2896081771720613,0.8060963066216574,-112.81238562198564,-0.1426320655713044,0/8,"{2019: -22.62, 2020: -4.56, 2021: -11.32, 2022: -13.32, 2023: -13.88, 2024: -22.42, 2025: -11.71, 2026: -8.0}",87.58440187912761,False,False,False,False,False,PDF1 long VWAP+VAH+ORB+momo TP=3.0R,,
confluence_xau,confluence_short_TP=1.5R,1782735410,566.0,-138.39262356578178,-20.66550858633019,0.4240282685512367,0.6733167003854837,-151.1107859380122,-0.136757336400907,1/8,"{2019: -1.75, 2020: -28.53, 2021: -29.17, 2022: -23.47, 2023: -39.38, 2024: -10.47, 2025: -7.39, 2026: 1.77}",84.51807299037972,False,False,False,False,False,PDF1 short VWAP+VAH+ORB+momo TP=1.5R,,
confluence_xau,confluence_short_TP=2.0R,1782735410,566.0,-81.3926235657818,-12.153971200373228,0.3869257950530035,0.8193506693627348,-107.30603161972503,-0.1132645669298898,3/8,"{2019: 1.25, 2020: -20.53, 2021: -18.17, 2022: -16.97, 2023: -27.38, 2024: 0.53, 2025: -1.89, 2026: 1.77}",84.51807299037972,False,False,False,False,False,PDF1 short VWAP+VAH+ORB+momo TP=2.0R,,
confluence_xau,confluence_short_TP=3.0R,1782735410,566.0,33.607376434218196,5.018428788838199,0.3409893992932862,1.069404880704707,-47.22113313760287,0.1062750606643522,6/8,"{2019: 8.25, 2020: -6.53, 2021: 14.83, 2022: 1.03, 2023: -9.38, 2024: 12.53, 2025: 4.11, 2026: 8.77}",84.51807299037972,False,False,False,False,False,PDF1 short VWAP+VAH+ORB+momo TP=3.0R,,
rsi_divergence,rsidiv_long_zone_TP=1.0R,1782735480,4192.0,-1066.5376926644017,-158.90794370473355,0.4868797709923664,0.6057213492117276,-1065.0955745199988,-0.1491959477686758,0/8,"{2019: -81.54, 2020: -186.6, 2021: -181.29, 2022: -215.85, 2023: -196.19, 2024: -78.17, 2025: -99.3, 2026: -27.62}",624.5837391326518,True,False,False,False,False,PDF2 long zone TP=1.0R,,
rsi_divergence,rsidiv_long_zone_TP=2.0R,1782735481,4192.0,-692.0157548690704,-103.10634248922436,0.3609255725190839,0.7939931006203191,-722.0811018232587,-0.1427905289708874,0/8,"{2019: -67.6, 2020: -106.54, 2021: -151.19, 2022: -152.45, 2023: -151.4, 2024: -8.27, 2025: -37.93, 2026: -16.64}",624.5837391326518,True,False,False,False,False,PDF2 long zone TP=2.0R,,
rsi_divergence,rsidiv_long_zone_TP=4.0R,1782735481,4192.0,-116.09257508529106,-17.297121811142468,0.2540553435114503,0.9701792558143304,-380.5163340623984,-0.0454569758582453,4/8,"{2019: -49.16, 2020: 28.98, 2021: -109.23, 2022: -130.34, 2023: -65.98, 2024: 63.35, 2025: 136.51, 2026: 9.77}",624.5837391326518,True,False,False,False,False,PDF2 long zone TP=4.0R,,
rsi_divergence,rsidiv_long_nozone_TP=1.0R,1782735481,6247.0,-1585.5487534599558,-236.1372484107064,0.4890347366736033,0.6091263218378693,-1586.9511103623165,-0.1487993214591179,0/8,"{2019: -131.04, 2020: -225.47, 2021: -266.85, 2022: -356.19, 2023: -292.02, 2024: -141.48, 2025: -126.21, 2026: -46.28}",930.3715118205216,True,False,False,False,False,PDF2 long nozone TP=1.0R,,
rsi_divergence,rsidiv_long_nozone_TP=2.0R,1782735481,6247.0,-977.1737128848528,-145.53138859739923,0.3656154954378101,0.8044714623900514,-1002.1194636234328,-0.1452235924758823,0/8,"{2019: -120.86, 2020: -87.41, 2021: -196.64, 2022: -258.07, 2023: -197.96, 2024: -39.88, 2025: -35.88, 2026: -40.47}",930.3715118205216,True,False,False,False,False,PDF2 long nozone TP=2.0R,,
rsi_divergence,rsidiv_long_nozone_TP=4.0R,1782735481,6247.0,-117.93408389756996,-17.564032644621484,0.2580438610533055,0.9796310262958604,-498.94914868385735,-0.0352020495294007,4/8,"{2019: -90.93, 2020: 68.67, 2021: -107.83, 2022: -244.38, 2023: -53.46, 2024: 95.31, 2025: 198.52, 2026: 16.17}",930.3715118205216,True,False,False,False,False,PDF2 long nozone TP=4.0R,,
rsi_divergence,rsidiv_short_zone_TP=1.0R,1782735482,4428.0,-1258.614939710491,-187.50695415441152,0.481029810298103,0.5739576582559417,-1278.2396040486688,-0.1466915541972772,1/8,"{2019: -87.1, 2020: -303.81, 2021: -208.91, 2022: -142.88, 2023: -237.03, 2024: -224.83, 2025: -65.29, 2026: 11.24}",659.6781643055317,True,False,False,False,False,PDF2 short zone TP=1.0R,,
rsi_divergence,rsidiv_short_zone_TP=2.0R,1782735482,4428.0,-857.8700846356487,-127.80446310864406,0.3581752484191509,0.7643964630236748,-966.0769102540984,-0.1322922240994548,2/8,"{2019: -89.1, 2020: -281.95, 2021: -155.88, 2022: -63.8, 2023: -183.39, 2024: -172.83, 2025: 37.71, 2026: 51.36}",659.6781643055317,True,False,False,False,False,PDF2 short zone TP=2.0R,,
rsi_divergence,rsidiv_short_zone_TP=4.0R,1782735482,4428.0,-560.8586983918383,-83.556060657163,0.2359981933152664,0.8698570799678584,-773.5294289609259,-0.108019239512843,2/8,"{2019: -90.29, 2020: -272.46, 2021: -83.47, 2022: -23.88, 2023: -95.64, 2024: -178.37, 2025: 76.95, 2026: 106.29}",659.6781643055317,True,False,False,False,False,PDF2 short zone TP=4.0R,,
rsi_divergence,rsidiv_m15_h1zone_long_TP=1.0R,1782735550,1153.0,-119.68501539283228,-17.840031031403523,0.5082393755420642,0.8133412056939423,-137.9951504341615,-0.1292801303181674,2/8,"{2019: -13.19, 2020: -5.16, 2021: -35.61, 2022: -41.77, 2023: -25.6, 2024: 2.38, 2025: 7.09, 2026: -7.83}",171.86408600687818,False,False,False,False,False,PDF2 long M15+H1zone TP=1.0R,,
rsi_divergence,rsidiv_m15_h1zone_long_TP=2.0R,1782735550,1153.0,5.343253202497884,0.7964556183439927,0.3807458803122289,1.0066218891420269,-84.74304729369395,0.0093984774418568,4/8,"{2019: -11.68, 2020: 7.34, 2021: -7.62, 2022: -15.78, 2023: -21.6, 2024: 0.43, 2025: 51.09, 2026: 3.17}",171.86408600687818,False,False,False,False,False,PDF2 long M15+H1zone TP=2.0R,,
rsi_divergence,rsidiv_m15_h1zone_long_TP=3.0R,1782735550,1153.0,86.72747191471755,12.927439455602888,0.3087597571552471,1.0964206832755636,-55.323095999471846,0.2336716559703437,4/8,"{2019: -7.68, 2020: 27.58, 2021: -1.62, 2022: -1.44, 2023: -10.54, 2024: 3.2, 2025: 67.09, 2026: 10.14}",171.86408600687818,False,False,False,False,False,PDF2 long M15+H1zone TP=3.0R,,
rsi_divergence,rsidiv_m15_h1zone_long_TP=4.0R,1782735550,1153.0,130.34223086854652,19.42857621536882,0.2627927146574154,1.1360794877669165,-68.13395632181859,0.285152620869415,4/8,"{2019: -12.68, 2020: 40.8, 2021: 19.47, 2022: -21.55, 2023: -13.28, 2024: -0.8, 2025: 94.76, 2026: 23.63}",171.86408600687818,False,False,False,False,False,PDF2 long M15+H1zone TP=4.0R,,
traderzden_retest,long_trendH1_pbema50_tol1.0_confengulf_sesslondon_sw20_TP4.0R,1782735912,438.0,128.9397335028556,19.220421278022535,0.3127853881278539,1.3802849289812953,-26.14403783309956,0.7351741686086681,6/8,"{2019: -6.03, 2020: 21.03, 2021: -2.08, 2022: 22.85, 2023: 2.49, 2024: 9.69, 2025: 55.16, 2026: 25.83}",65.29053761063828,False,True,False,False,False,TraderzDen retest sweep,,
traderzden_retest,long_trendH4_pbema20_tol0.3_confclose_sesslondon_sw10_TP4.0R,1782735914,427.0,114.48571407351648,17.09630793393337,0.3208430913348946,1.3115531193122605,-27.99510420637145,0.610689205080451,7/8,"{2019: 8.85, 2020: 7.54, 2021: 5.68, 2022: 51.05, 2023: -9.19, 2024: 5.15, 2025: 39.74, 2026: 5.66}",63.764492774197215,False,True,False,True,False,TraderzDen retest sweep,,
traderzden_retest,long_trendH4_pbema20_tol0.3_confclose_sesslondon_sw20_TP4.0R,1782735914,426.0,139.64950798524615,20.854051622588816,0.3286384976525822,1.397643935142154,-16.388518706640156,1.2724793494691715,8/8,"{2019: 5.57, 2020: 0.0, 2021: 29.47, 2022: 45.76, 2023: 5.02, 2024: 6.73, 2025: 35.69, 2026: 11.42}",63.615161409386445,False,True,False,True,False,TraderzDen retest sweep,,
traderzden_retest,long_trendH4_pbema20_tol0.3_confengulf_sesslondon_sw20_TP4.0R,1782735914,361.0,103.31251072724382,15.427842031890483,0.3074792243767313,1.3621245469400467,-21.31989563538611,0.7236359077801405,7/8,"{2019: 0.47, 2020: -0.63, 2021: 20.18, 2022: 27.08, 2023: 5.93, 2024: 1.85, 2025: 48.1, 2026: 0.33}",53.908775755304376,False,True,False,True,False,TraderzDen retest sweep,,
traderzden_retest,long_trendD1_pbema20_tol1.0_confengulf_sesslondon_sw20_TP4.0R,1782735919,426.0,123.46018014755938,19.32037862649874,0.3098591549295774,1.3681503878000978,-24.035739475344407,0.8038187735524995,7/8,"{2019: 16.17, 2020: 47.36, 2021: -15.31, 2022: 22.44, 2023: 15.85, 2024: 5.98, 2025: 27.05, 2026: 3.92}",66.66506791948146,False,True,False,True,False,TraderzDen retest sweep,,
traderzden_retest,H4_ema20_close_london_tol0.3_sw20_TP5.0R,1782735994,426.0,163.69260714026473,24.44444043368832,0.2910798122065727,1.4403169361815016,-26.55247676541601,0.9206086742735292,7/8,"{2019: -1.43, 2020: 5.0, 2021: 24.44, 2022: 31.76, 2023: 14.02, 2024: 21.8, 2025: 49.69, 2026: 18.42}",63.615161409386445,False,True,False,True,False,TOP1 tuned,,
traderzden_retest,H4_ema20_close_london_tol0.3_sw30_TP4.0R,1782735994,426.0,140.9938150903842,21.05479883732389,0.3286384976525822,1.4110399900937207,-17.009329446878205,1.237838264176144,7/8,"{2019: 5.41, 2020: -1.7, 2021: 27.71, 2022: 42.01, 2023: 11.45, 2024: 7.4, 2025: 37.14, 2026: 11.57}",63.615161409386445,False,True,False,True,False,TOP1 tuned,,
traderzden_retest,H4_ema20_close_london_tol0.3_sw30_TP5.0R,1782735994,426.0,163.84851145918608,24.467721838412743,0.2957746478873239,1.4537826449812798,-26.208612207236655,0.9335756370822555,7/8,"{2019: -1.59, 2020: 2.3, 2021: 23.24, 2022: 31.63, 2023: 20.03, 2024: 18.01, 2025: 51.65, 2026: 18.57}",63.615161409386445,False,True,False,True,False,TOP1 tuned,,
traderzden_retest,H4_ema20_close_london_tol0.3_sw50_TP4.0R,1782735995,425.0,140.57371606033067,20.99206487581032,0.3458823529411765,1.43001535556229,-18.69116983987155,1.1231006435472304,7/8,"{2019: 7.64, 2020: -2.41, 2021: 27.13, 2022: 42.42, 2023: 6.98, 2024: 6.79, 2025: 39.87, 2026: 12.15}",63.46583004457568,False,True,False,True,False,TOP1 tuned,,
traderzden_retest,H4_ema20_close_london_tol0.3_sw50_TP5.0R,1782735995,425.0,148.52402901418097,22.179295959881497,0.3129411764705882,1.4305980815299215,-23.085645135493422,0.960739707714798,7/8,"{2019: 0.64, 2020: -5.41, 2021: 25.69, 2022: 31.04, 2023: 13.98, 2024: 12.13, 2025: 54.38, 2026: 16.07}",63.46583004457568,False,True,False,True,False,TOP1 tuned,,
traderzden_retest,H4_ema20_close_london_tol0.4_sw50_TP5.0R,1782735996,461.0,156.3418666560824,23.34674432481562,0.3145336225596529,1.411678970505164,-19.574309621160623,1.1927237678705584,7/8,"{2019: -6.91, 2020: 28.67, 2021: 13.54, 2022: 30.5, 2023: 9.98, 2024: 25.92, 2025: 51.32, 2026: 3.34}",68.84175917776327,False,True,False,True,False,TOP1 tuned,,
fvg_nested,short_age12h_sesslondon_sw20_inside1_TP2.0R,1782741556,59.0,22.792459898555386,3.646566176037144,0.6101694915254238,1.6893230765190024,-11.31226531867584,0.3223550786080743,4/7,"{2020: 10.38, 2021: 2.7, 2022: 6.48, 2023: 9.48, 2024: -1.91, 2025: -4.12, 2026: -0.22}",9.439411337949874,False,True,False,False,False,FVG nested phase1,,
fvg_nested,short_age12h_sesslondon_sw20_inside1_TP4.0R,1782741556,59.0,66.42128476072934,10.6267428551123,0.5423728813559322,2.773753847293697,-11.312265318675855,0.9394000720234346,5/7,"{2020: 12.38, 2021: 5.7, 2022: 24.98, 2023: 23.65, 2024: -1.95, 2025: -0.12, 2026: 1.77}",9.439411337949874,False,True,False,False,False,FVG nested phase1,,
fvg_nested,short_age24h_sesslondon_sw20_inside1_TP4.0R,1782741558,109.0,43.89825681161327,6.636017007027586,0.3761467889908257,1.4949847038506157,-12.450898027058322,0.5329749703680954,5/8,"{2019: -2.67, 2020: 5.7, 2021: 7.87, 2022: 11.93, 2023: 20.78, 2024: -6.94, 2025: -0.47, 2026: 7.7}",16.47732521293764,False,True,False,False,False,FVG nested phase1,,
fvg_nested,short_age12h_sessny_sw20_inside1_TP2.0R,1782741560,73.0,15.829371280053396,2.37766053188739,0.6027397260273972,1.3000609436859385,-11.207300725222344,0.2121528269993147,5/8,"{2019: 3.13, 2020: 3.03, 2021: -5.76, 2022: 6.62, 2023: 10.46, 2024: -4.63, 2025: -2.85, 2026: 5.83}",10.965010281014392,False,True,False,False,False,FVG nested phase1,,
fvg_nested,short_age12h_sessny_sw20_inside1_TP3.0R,1782741560,73.0,35.7880405547482,5.375564830413343,0.5342465753424658,1.6497410992377446,-12.320396245385592,0.4363142810789608,5/8,"{2019: 5.13, 2020: 2.03, 2021: -2.79, 2022: 11.62, 2023: 23.46, 2024: -1.63, 2025: -6.85, 2026: 4.82}",10.965010281014392,False,True,False,False,False,FVG nested phase1,,
fvg_nested,short_age12h_sessny_sw20_inside1_TP4.0R,1782741560,73.0,45.2018336581965,6.789569462778453,0.4794520547945205,1.73518460208155,-9.233382857228712,0.7353284887849068,6/8,"{2019: 7.13, 2020: -0.97, 2021: 0.21, 2022: 14.03, 2023: 26.46, 2024: 1.37, 2025: -4.85, 2026: 1.82}",10.965010281014392,False,True,False,False,False,FVG nested phase1,,
fvg_nested,short_age12h_sessoverlap_sw20_inside1_TP4.0R,1782741564,39.0,13.549302641144466,2.234223572221511,0.4358974358974359,1.3357629724165143,-7.927300946613705,0.2818391262382818,3/7,"{2020: -4.79, 2021: -2.47, 2022: 13.89, 2023: 6.21, 2024: 3.17, 2025: -2.37, 2026: -0.09}",6.430937563682535,False,True,False,False,False,FVG nested phase1,,
fvg_nested,long_age4h_sessall_sw10_inside1_TP4.0R,1782741577,75.0,33.15237347261058,5.093757214181063,0.4933333333333333,1.415982731176431,-17.477559358295636,0.2914455679856316,6/8,"{2019: -5.62, 2020: -7.08, 2021: 10.03, 2022: 8.61, 2023: 6.21, 2024: 9.49, 2025: 11.22, 2026: 0.3}",11.52351252857362,False,True,False,False,False,FVG nested phase2,,
fvg_nested,long_age4h_sessall_sw10_inside0_TP2.0R,1782741579,89.0,21.76987427642348,3.3719806854429244,0.6292134831460674,1.3046953019455114,-11.278332561596862,0.2989786537173627,6/8,"{2019: -10.41, 2020: 11.72, 2021: 5.7, 2022: 6.02, 2023: -3.79, 2024: 7.46, 2025: 3.78, 2026: 1.3}",13.785393392438278,False,True,False,False,False,FVG nested phase2,,
fvg_nested,long_age4h_sessall_sw10_inside0_TP3.0R,1782741579,89.0,53.66016607330324,8.311533694652304,0.5617977528089888,1.7223650684966123,-8.265486725748573,1.005570993025769,6/8,"{2019: -8.41, 2020: 13.21, 2021: 3.7, 2022: 12.02, 2023: 4.21, 2024: 15.86, 2025: 13.78, 2026: -0.7}",13.785393392438278,False,True,False,False,False,FVG nested phase2,,
fvg_nested,long_age4h_sessall_sw10_inside0_TP4.0R,1782741579,89.0,76.2818580404492,11.815454177457562,0.5056179775280899,2.042885648824321,-7.2654867257485805,1.6262439976091467,7/8,"{2019: -6.41, 2020: 13.71, 2021: 5.25, 2022: 9.58, 2023: 7.21, 2024: 21.86, 2025: 24.78, 2026: 0.3}",13.785393392438278,False,True,True,True,False,FVG nested phase2,,
fvg_nested,long_age4h_sessall_sw30_inside0_TP2.0R,1782741586,138.0,62.166073263043536,9.55318313436667,0.5434782608695652,1.8851642280240937,-7.6946980648590255,1.2415280045873631,6/8,"{2019: -3.99, 2020: 14.65, 2021: 5.83, 2022: 1.38, 2023: 9.44, 2024: 15.57, 2025: 22.98, 2026: -3.7}",21.206732279266,False,True,False,False,False,FVG nested phase2,,
fvg_nested,long_age4h_sessall_sw30_inside0_TP3.0R,1782741586,138.0,96.6446138425714,14.85156849269896,0.5144927536231884,2.268489895021607,-6.6946980648590255,2.2184075142471267,6/8,"{2019: -2.99, 2020: 20.13, 2021: 8.41, 2022: 2.83, 2023: 8.03, 2024: 29.28, 2025: 31.67, 2026: -0.7}",21.206732279266,False,True,True,False,False,FVG nested phase2,,
fvg_nested,long_age4h_sessall_sw30_inside0_TP4.0R,1782741586,138.0,116.27870172494916,17.86877751638857,0.4855072463768116,2.471111950914471,-6.323497661019118,2.8257743537314397,7/8,"{2019: -1.99, 2020: 24.13, 2021: 4.96, 2022: 5.83, 2023: 4.03, 2024: 39.28, 2025: 37.75, 2026: 2.3}",21.206732279266,False,True,True,True,False,FVG nested phase2,,
fvg_nested,long_age8h_sessall_sw10_inside0_TP4.0R,1782741589,94.0,79.21824638036107,12.270277418116596,0.5106382978723404,1.9852297953748097,-8.000000000014552,1.5337846772617845,7/8,"{2019: -6.41, 2020: 13.71, 2021: 5.25, 2022: 9.58, 2023: 3.48, 2024: 28.52, 2025: 24.78, 2026: 0.3}",14.559853695384248,False,True,True,True,False,FVG nested phase2,,
fvg_nested,long_age8h_sessall_sw30_inside0_TP2.0R,1782741596,144.0,56.00579830669648,8.606521527367255,0.5416666666666666,1.6927910313778884,-12.000000000014552,0.7172101272797348,6/8,"{2019: -3.99, 2020: 14.65, 2021: 4.49, 2022: 1.38, 2023: 1.71, 2024: 18.49, 2025: 22.98, 2026: -3.7}",22.128764117494956,False,True,False,False,False,FVG nested phase2,,
fvg_nested,long_age8h_sessall_sw30_inside0_TP3.0R,1782741596,144.0,94.48433888622432,14.51959477785218,0.5138888888888888,2.1012363399803187,-10.000000000014552,1.451959477783105,6/8,"{2019: -2.99, 2020: 20.13, 2021: 7.06, 2022: 2.83, 2023: 2.3, 2024: 34.19, 2025: 31.67, 2026: -0.7}",22.128764117494956,False,True,False,False,False,FVG nested phase2,,
fvg_nested,long_age8h_sessall_sw30_inside0_TP4.0R,1782741596,144.0,118.11842676860208,18.151491693694428,0.4861111111111111,2.3475981496285776,-10.222574676505792,1.775628182537165,7/8,"{2019: -1.99, 2020: 24.13, 2021: 3.62, 2022: 5.83, 2023: 0.3, 2024: 46.19, 2025: 37.75, 2026: 2.3}",22.128764117494956,False,True,True,True,False,FVG nested phase2,,
fvg_nested,long_age12h_sessall_sw10_inside0_TP4.0R,1782741599,94.0,79.21824638036107,12.270277418116596,0.5106382978723404,1.9852297953748097,-8.000000000014552,1.5337846772617845,7/8,"{2019: -6.41, 2020: 13.71, 2021: 5.25, 2022: 9.58, 2023: 3.48, 2024: 28.52, 2025: 24.78, 2026: 0.3}",14.559853695384248,False,True,True,True,False,FVG nested phase2,,
fvg_nested,long_age12h_sessall_sw30_inside0_TP2.0R,1782741606,144.0,56.00579830669648,8.606521527367255,0.5416666666666666,1.6927910313778884,-12.000000000014552,0.7172101272797348,6/8,"{2019: -3.99, 2020: 14.65, 2021: 4.49, 2022: 1.38, 2023: 1.71, 2024: 18.49, 2025: 22.98, 2026: -3.7}",22.128764117494956,False,True,False,False,False,FVG nested phase2,,
fvg_nested,long_age12h_sessall_sw30_inside0_TP3.0R,1782741606,144.0,94.48433888622432,14.51959477785218,0.5138888888888888,2.1012363399803187,-10.000000000014552,1.451959477783105,6/8,"{2019: -2.99, 2020: 20.13, 2021: 7.06, 2022: 2.83, 2023: 2.3, 2024: 34.19, 2025: 31.67, 2026: -0.7}",22.128764117494956,False,True,False,False,False,FVG nested phase2,,
fvg_nested,long_age12h_sessall_sw30_inside0_TP4.0R,1782741606,144.0,118.11842676860208,18.151491693694428,0.4861111111111111,2.3475981496285776,-10.222574676505792,1.775628182537165,7/8,"{2019: -1.99, 2020: 24.13, 2021: 3.62, 2022: 5.83, 2023: 0.3, 2024: 46.19, 2025: 37.75, 2026: 2.3}",22.128764117494956,False,True,True,True,False,FVG nested phase2,,
fvg_nested,long_age24h_sessall_sw10_inside0_TP4.0R,1782741609,94.0,79.21824638036107,12.270277418116596,0.5106382978723404,1.9852297953748097,-8.000000000014552,1.5337846772617845,7/8,"{2019: -6.41, 2020: 13.71, 2021: 5.25, 2022: 9.58, 2023: 3.48, 2024: 28.52, 2025: 24.78, 2026: 0.3}",14.559853695384248,False,True,True,True,False,FVG nested phase2,,
fvg_nested,long_age24h_sessall_sw30_inside0_TP2.0R,1782741616,144.0,56.00579830669648,8.606521527367255,0.5416666666666666,1.6927910313778884,-12.000000000014552,0.7172101272797348,6/8,"{2019: -3.99, 2020: 14.65, 2021: 4.49, 2022: 1.38, 2023: 1.71, 2024: 18.49, 2025: 22.98, 2026: -3.7}",22.128764117494956,False,True,False,False,False,FVG nested phase2,,
fvg_nested,long_age24h_sessall_sw30_inside0_TP3.0R,1782741616,144.0,94.48433888622432,14.51959477785218,0.5138888888888888,2.1012363399803187,-10.000000000014552,1.451959477783105,6/8,"{2019: -2.99, 2020: 20.13, 2021: 7.06, 2022: 2.83, 2023: 2.3, 2024: 34.19, 2025: 31.67, 2026: -0.7}",22.128764117494956,False,True,False,False,False,FVG nested phase2,,
fvg_nested,long_age24h_sessall_sw30_inside0_TP4.0R,1782741616,144.0,118.11842676860208,18.151491693694428,0.4861111111111111,2.3475981496285776,-10.222574676505792,1.775628182537165,7/8,"{2019: -1.99, 2020: 24.13, 2021: 3.62, 2022: 5.83, 2023: 0.3, 2024: 46.19, 2025: 37.75, 2026: 2.3}",22.128764117494956,False,True,True,True,False,FVG nested phase2,,
fvg_nested,long_age48h_sessall_sw10_inside0_TP4.0R,1782741619,94.0,79.21824638036107,12.270277418116596,0.5106382978723404,1.9852297953748097,-8.000000000014552,1.5337846772617845,7/8,"{2019: -6.41, 2020: 13.71, 2021: 5.25, 2022: 9.58, 2023: 3.48, 2024: 28.52, 2025: 24.78, 2026: 0.3}",14.559853695384248,False,True,True,True,False,FVG nested phase2,,
fvg_nested,long_age48h_sessall_sw30_inside0_TP2.0R,1782741626,144.0,56.00579830669648,8.606521527367255,0.5416666666666666,1.6927910313778884,-12.000000000014552,0.7172101272797348,6/8,"{2019: -3.99, 2020: 14.65, 2021: 4.49, 2022: 1.38, 2023: 1.71, 2024: 18.49, 2025: 22.98, 2026: -3.7}",22.128764117494956,False,True,False,False,False,FVG nested phase2,,
fvg_nested,long_age48h_sessall_sw30_inside0_TP3.0R,1782741626,144.0,94.48433888622432,14.51959477785218,0.5138888888888888,2.1012363399803187,-10.000000000014552,1.451959477783105,6/8,"{2019: -2.99, 2020: 20.13, 2021: 7.06, 2022: 2.83, 2023: 2.3, 2024: 34.19, 2025: 31.67, 2026: -0.7}",22.128764117494956,False,True,False,False,False,FVG nested phase2,,
fvg_nested,long_age48h_sessall_sw30_inside0_TP4.0R,1782741626,144.0,118.11842676860208,18.151491693694428,0.4861111111111111,2.3475981496285776,-10.222574676505792,1.775628182537165,7/8,"{2019: -1.99, 2020: 24.13, 2021: 3.62, 2022: 5.83, 2023: 0.3, 2024: 46.19, 2025: 37.75, 2026: 2.3}",22.128764117494956,False,True,True,True,False,FVG nested phase2,,
fvg_nested,long_age72h_sessall_sw10_inside0_TP4.0R,1782741629,96.0,77.74022440234913,12.041343548346209,0.5,1.9493959622299233,-8.000000000014552,1.5051679435405385,7/8,"{2019: -6.41, 2020: 12.52, 2021: 4.97, 2022: 9.58, 2023: 3.48, 2024: 28.52, 2025: 24.78, 2026: 0.3}",14.869637816562635,False,True,True,True,False,FVG nested phase2,,
fvg_nested,long_age72h_sessall_sw30_inside0_TP2.0R,1782741636,147.0,57.629242278259774,8.855999365594293,0.54421768707483,1.7038047084820074,-12.000000000014552,0.7379999471319628,6/8,"{2019: -3.99, 2020: 15.42, 2021: 6.38, 2022: 1.38, 2023: 1.71, 2024: 18.49, 2025: 22.98, 2026: -4.74}",22.589780036609433,False,True,False,False,False,FVG nested phase2,,
fvg_nested,long_age72h_sessall_sw30_inside0_TP3.0R,1782741636,147.0,97.1077828577876,14.922744589117375,0.5170068027210885,2.1182375596980902,-10.000000000014552,1.4922744589095662,6/8,"{2019: -2.99, 2020: 20.89, 2021: 9.96, 2022: 2.83, 2023: 2.3, 2024: 34.19, 2025: 31.67, 2026: -1.74}",22.589780036609433,False,True,False,False,False,FVG nested phase2,,
fvg_nested,long_age72h_sessall_sw30_inside0_TP4.0R,1782741636,147.0,120.27227614557069,18.4824779770802,0.4897959183673469,2.3560563352161337,-10.222574676505786,1.8080061591095915,7/8,"{2019: -1.99, 2020: 24.89, 2021: 6.04, 2022: 5.83, 2023: 0.3, 2024: 46.19, 2025: 37.75, 2026: 1.26}",22.589780036609433,False,True,True,True,False,FVG nested phase2,,
fvg_nested,long_age4h_sesslondon_sw10_inside1_TP4.0R,1782741637,27.0,22.07314537837598,3.4263208970756107,0.5555555555555556,2.001812569327454,-8.2776463168947,0.4139245343307892,6/8,"{2019: 1.38, 2020: 10.7, 2021: 5.82, 2022: -1.62, 2023: 0.22, 2024: 3.44, 2025: 4.21, 2026: -2.07}",4.1910956791717515,False,True,False,False,False,FVG nested phase2,,
fvg_nested,long_age4h_sesslondon_sw10_inside0_TP4.0R,1782741639,33.0,26.667265504540893,4.1305477042774745,0.5151515151515151,1.9061615515498336,-4.749999999982094,0.8695889903774832,6/8,"{2019: -4.62, 2020: 8.35, 2021: 3.76, 2022: 2.8, 2023: 3.59, 2024: 8.26, 2025: 6.61, 2026: -2.07}",5.111437999443407,False,True,False,False,False,FVG nested phase2,,
fvg_nested,long_age4h_sesslondon_sw20_inside0_TP4.0R,1782741642,48.0,44.218731669321805,6.8491304649019105,0.5416666666666666,2.0327003389651725,-14.36369130717426,0.4768363729371545,6/8,"{2019: -4.25, 2020: -1.26, 2021: 4.07, 2022: 1.77, 2023: 1.42, 2024: 29.29, 2025: 8.59, 2026: 4.6}",7.4348189082813185,False,True,False,False,False,FVG nested phase2,,
fvg_nested,long_age4h_sesslondon_sw30_inside0_TP4.0R,1782741645,56.0,50.67874521072955,7.849735273764654,0.4821428571428571,2.420803204070665,-5.859470664371195,1.3396662810337736,7/8,"{2019: 0.35, 2020: 7.87, 2021: 3.8, 2022: 0.89, 2023: -3.06, 2024: 26.23, 2025: 11.21, 2026: 3.39}",8.673955392994872,False,True,False,True,False,FVG nested phase2,,
fvg_nested,long_age8h_sesslondon_sw10_inside0_TP3.0R,1782741648,44.0,18.67779291843522,2.89304183239469,0.5227272727272727,1.484650347933561,-4.934869111300774,0.5862448967024614,6/8,"{2019: -6.62, 2020: 5.57, 2021: 0.76, 2022: 6.15, 2023: 3.59, 2024: 7.73, 2025: 3.57, 2026: -2.07}",6.815250665924542,False,True,False,False,False,FVG nested phase2,,
fvg_nested,long_age8h_sesslondon_sw10_inside0_TP4.0R,1782741648,44.0,37.18075149831676,5.75900321382905,0.5,2.0158049043048405,-4.998428433334674,1.152162782890334,6/8,"{2019: -4.62, 2020: 7.08, 2021: 3.76, 2022: 4.15, 2023: 9.59, 2024: 13.73, 2025: 5.57, 2026: -2.07}",6.815250665924542,False,True,False,False,False,FVG nested phase2,,
fvg_nested,long_age8h_sesslondon_sw20_inside0_TP3.0R,1782741651,59.0,25.430112143595544,3.9389224709358026,0.5254237288135594,1.481563619636875,-16.55477410972201,0.237932722296864,6/8,"{2019: -6.25, 2020: -6.45, 2021: 2.41, 2022: 1.18, 2023: 2.53, 2024: 24.87, 2025: 4.55, 2026: 2.6}",9.138631574762456,False,True,False,False,False,FVG nested phase2,,
fvg_nested,long_age8h_sesslondon_sw20_inside0_TP4.0R,1782741651,59.0,55.08879477832607,8.532816938590162,0.5254237288135594,2.106036833792149,-15.554774109722011,0.5485657894097606,6/8,"{2019: -4.25, 2020: -2.45, 2021: 4.07, 2022: 3.18, 2023: 7.53, 2024: 34.87, 2025: 7.55, 2026: 4.6}",9.138631574762456,False,True,False,False,False,FVG nested phase2,,
fvg_nested,long_age8h_sesslondon_sw30_inside0_TP3.0R,1782741654,68.0,49.748122214289864,7.70558916021442,0.5294117647058824,2.1913547785526815,-7.177606755407016,1.0735596728546972,7/8,"{2019: -0.65, 2020: 7.79, 2021: 3.79, 2022: 0.37, 2023: 3.06, 2024: 26.1, 2025: 7.91, 2026: 1.39}",10.532660120065202,False,True,False,True,False,FVG nested phase2,,
fvg_nested,long_age8h_sesslondon_sw30_inside0_TP4.0R,1782741654,68.0,61.752401436279186,9.564956704796394,0.4852941176470588,2.4220076078614454,-6.946427186110324,1.3769606228539948,8/8,"{2019: 0.35, 2020: 6.79, 2021: 1.8, 2022: 2.37, 2023: 3.06, 2024: 32.1, 2025: 11.91, 2026: 3.39}",10.532660120065202,False,True,False,True,False,FVG nested phase2,,
fvg_nested,long_age12h_sesslondon_sw10_inside0_TP4.0R,1782741656,64.0,56.489654522322695,8.614467582650288,0.484375,2.144382059549459,-6.1871076786177035,1.392325466133619,6/8,"{2019: -5.8, 2020: 21.4, 2021: 6.35, 2022: 11.97, 2023: 5.98, 2024: 12.49, 2025: 4.29, 2026: -0.19}",9.759768048709772,False,True,False,False,False,FVG nested phase2,,
fvg_nested,long_age12h_sesslondon_sw20_inside0_TP3.0R,1782741659,82.0,39.272774732368305,5.988955812767885,0.5,1.58073098462408,-14.75849847114954,0.405797095448112,7/8,"{2019: -7.35, 2020: 4.11, 2021: 2.82, 2022: 7.24, 2023: 3.1, 2024: 22.38, 2025: 3.48, 2026: 3.5}",12.504702812409397,False,True,False,True,False,FVG nested phase2,,
fvg_nested,long_age12h_sesslondon_sw20_inside0_TP4.0R,1782741659,82.0,73.93145736709882,11.27427930321812,0.4878048780487805,2.123787765312401,-13.279214438148845,0.8490170375462196,7/8,"{2019: -5.35, 2020: 12.11, 2021: 5.48, 2022: 7.24, 2023: 9.1, 2024: 32.38, 2025: 6.48, 2026: 6.5}",12.504702812409397,False,True,False,True,False,FVG nested phase2,,
fvg_nested,long_age12h_sesslondon_sw30_inside0_TP2.0R,1782741662,92.0,27.295325459038715,4.162438207722819,0.5108695652173914,1.497766677463592,-7.877399600622315,0.5284025717565459,6/8,"{2019: -2.75, 2020: 10.9, 2021: 1.66, 2022: 1.49, 2023: 0.75, 2024: 12.84, 2025: 3.09, 2026: -0.68}",14.029666570020296,False,True,False,False,False,FVG nested phase2,,
fvg_nested,long_age12h_sesslondon_sw30_inside0_TP3.0R,1782741662,92.0,63.04502095089617,9.614137204793666,0.5,2.1020709967813147,-6.606499058166342,1.455254457791765,7/8,"{2019: -1.75, 2020: 18.37, 2021: 4.23, 2022: 6.49, 2023: 3.75, 2024: 23.84, 2025: 5.8, 2026: 2.32}",14.029666570020296,False,True,False,True,False,FVG nested phase2,,
fvg_nested,long_age12h_sesslondon_sw30_inside0_TP4.0R,1782741662,92.0,80.0493001728855,12.207228158576648,0.4565217391304347,2.333541153043352,-7.060987731621658,1.7288272721262865,7/8,"{2019: -0.75, 2020: 21.37, 2021: 3.23, 2022: 6.49, 2023: 4.75, 2024: 29.84, 2025: 9.8, 2026: 5.32}",14.029666570020296,False,True,True,True,False,FVG nested phase2,,
fvg_nested,long_age24h_sesslondon_sw10_inside0_TP4.0R,1782741665,89.0,53.49959248919794,7.991368016977092,0.449438202247191,1.6495421170419506,-23.33759425243156,0.3424246702782771,6/8,"{2019: -3.27, 2020: 21.4, 2021: -10.59, 2022: 11.13, 2023: 14.95, 2024: 18.17, 2025: 0.03, 2026: 1.68}",13.294152729379489,False,True,False,False,False,FVG nested phase2,,
fvg_nested,long_age24h_sesslondon_sw20_inside1_TP4.0R,1782741667,124.0,53.07110756064842,7.927364150882997,0.4354838709677419,1.402714132693585,-17.157780241832143,0.4620273741212398,7/8,"{2019: 0.45, 2020: 18.79, 2021: 13.31, 2022: 2.41, 2023: 11.38, 2024: 7.51, 2025: -3.41, 2026: 2.64}",18.522190319584908,False,True,False,True,False,FVG nested phase2,,
fvg_nested,long_age24h_sesslondon_sw20_inside0_TP2.0R,1782741668,109.0,26.225684910459044,3.917396186878939,0.5412844036697247,1.3390506704986882,-17.41948113453734,0.2248859283823315,6/8,"{2019: -8.83, 2020: -3.36, 2021: 2.49, 2022: 5.46, 2023: 7.61, 2024: 18.15, 2025: 1.27, 2026: 3.44}",16.281602780925443,False,True,False,False,False,FVG nested phase2,,
fvg_nested,long_age24h_sesslondon_sw20_inside0_TP3.0R,1782741668,109.0,54.585156720525475,8.153521462918887,0.4862385321100917,1.6451131066742968,-14.758498471149538,0.5524628049972491,7/8,"{2019: -5.83, 2020: 4.11, 2021: 1.06, 2022: 5.46, 2023: 10.12, 2024: 30.04, 2025: 5.18, 2026: 4.44}",16.281602780925443,False,True,False,True,False,FVG nested phase2,,
fvg_nested,long_age24h_sesslondon_sw20_inside0_TP4.0R,1782741668,109.0,96.81146230607573,14.460970402826248,0.4770642201834862,2.1695793071463507,-13.279214438148845,1.088992912207399,7/8,"{2019: -2.83, 2020: 12.11, 2021: 3.29, 2022: 6.46, 2023: 18.12, 2024: 42.04, 2025: 9.18, 2026: 8.44}",16.281602780925443,False,True,False,True,False,FVG nested phase2,,
fvg_nested,long_age24h_sesslondon_sw30_inside0_TP2.0R,1782741671,120.0,39.040839553214845,5.8316279067824475,0.525,1.5376847865598586,-6.848323195940617,0.8515409889298418,7/8,"{2019: -2.23, 2020: 5.4, 2021: 1.9, 2022: 4.72, 2023: 5.27, 2024: 18.7, 2025: 3.03, 2026: 2.26}",17.924700309275718,False,True,False,True,False,FVG nested phase2,,
fvg_nested,long_age24h_sesslondon_sw30_inside0_TP3.0R,1782741671,120.0,68.76830373028771,10.272093626188788,0.475,1.8622936122727325,-9.278443707453722,1.1070923044924903,7/8,"{2019: -0.23, 2020: 13.87, 2021: 2.47, 2022: 4.72, 2023: 10.35, 2024: 27.59, 2025: 6.74, 2026: 3.26}",17.924700309275718,False,True,False,True,False,FVG nested phase2,,
fvg_nested,long_age24h_sesslondon_sw30_inside0_TP4.0R,1782741671,120.0,93.34020590309676,13.942460146825814,0.4416666666666666,2.1442660761124186,-10.492510985741127,1.3288011006872444,8/8,"{2019: 1.77, 2020: 17.87, 2021: 1.04, 2022: 5.72, 2023: 13.35, 2024: 34.59, 2025: 11.74, 2026: 7.26}",17.924700309275718,False,True,False,True,False,FVG nested phase2,,
fvg_nested,long_age48h_sesslondon_sw10_inside0_TP3.0R,1782741674,105.0,30.066060369980864,4.491042680104153,0.4571428571428571,1.318070356658925,-26.32682129661332,0.1705881097267857,6/8,"{2019: -6.27, 2020: 20.54, 2021: -17.64, 2022: 14.93, 2023: 6.3, 2024: 10.12, 2025: 0.45, 2026: 1.65}",15.68411277061625,False,True,False,False,False,FVG nested phase2,,
fvg_nested,long_age48h_sesslondon_sw20_inside1_TP4.0R,1782741675,146.0,53.594640743259674,8.005565612551896,0.4178082191780822,1.362191557802272,-17.157780241832143,0.4665851584363832,7/8,"{2019: 0.45, 2020: 26.0, 2021: 7.83, 2022: 0.6, 2023: 13.05, 2024: 5.62, 2025: -4.52, 2026: 4.57}",21.808385376285457,False,True,False,True,False,FVG nested phase2,,
fvg_nested,long_age48h_sesslondon_sw20_inside0_TP3.0R,1782741677,127.0,58.91437496618144,8.800187626475816,0.4645669291338583,1.6043799696848775,-14.279214438148845,0.6162935408382783,6/8,"{2019: -5.83, 2020: 8.89, 2021: -3.36, 2022: 7.29, 2023: 12.42, 2024: 29.0, 2025: 4.07, 2026: 6.42}",18.9703078273168,False,True,False,False,False,FVG nested phase2,,
fvg_nested,long_age48h_sesslondon_sw20_inside0_TP4.0R,1782741677,127.0,102.1406805517317,15.257009068960478,0.4488188976377952,2.055521439730407,-13.279214438148845,1.1489391288937831,6/8,"{2019: -2.83, 2020: 18.89, 2021: -1.13, 2022: 4.29, 2023: 22.42, 2024: 41.0, 2025: 8.07, 2026: 11.42}",18.9703078273168,False,True,False,False,False,FVG nested phase2,,
fvg_nested,long_age48h_sesslondon_sw30_inside0_TP2.0R,1782741680,138.0,37.74263167026718,5.637711346440979,0.5,1.4428298003782665,-8.616904232819682,0.6542618084309577,6/8,"{2019: -2.23, 2020: 8.24, 2021: -2.38, 2022: 5.59, 2023: 5.62, 2024: 17.65, 2025: 2.0, 2026: 3.24}",20.613405355667073,False,True,False,False,False,FVG nested phase2,,
fvg_nested,long_age48h_sesslondon_sw30_inside0_TP3.0R,1782741680,138.0,69.47009584734005,10.376922071001914,0.4492753623188406,1.7433003736519854,-14.275506193866736,0.7269039661416845,6/8,"{2019: -0.23, 2020: 18.71, 2021: -1.8, 2022: 2.59, 2023: 12.7, 2024: 26.55, 2025: 5.71, 2026: 5.24}",20.613405355667073,False,True,False,False,False,FVG nested phase2,,
fvg_nested,long_age48h_sesslondon_sw30_inside0_TP4.0R,1782741680,138.0,96.31153674276555,14.386295270332244,0.4202898550724637,2.010790952724958,-14.052370817756952,1.0237628551726898,7/8,"{2019: 1.77, 2020: 23.84, 2021: -3.23, 2022: 3.59, 2023: 15.85, 2024: 33.55, 2025: 10.71, 2026: 10.24}",20.613405355667073,False,True,False,True,False,FVG nested phase2,,
fvg_nested,long_age72h_sesslondon_sw20_inside1_TP4.0R,1782741684,169.0,69.80482900496644,10.42692200045217,0.4201183431952662,1.4279698474684557,-17.6843141443362,0.589614158363706,8/8,"{2019: 0.45, 2020: 28.38, 2021: 15.41, 2022: 0.6, 2023: 14.73, 2024: 0.02, 2025: 3.79, 2026: 6.42}",25.2439529355633,False,True,False,True,False,FVG nested phase2,,
fvg_nested,long_age72h_sesslondon_sw20_inside0_TP3.0R,1782741686,143.0,63.827269481419904,9.534038975115266,0.4545454545454545,1.580537722887845,-14.279214438148845,0.6676865184994909,7/8,"{2019: -5.83, 2020: 8.89, 2021: 0.93, 2022: 7.29, 2023: 15.39, 2024: 23.92, 2025: 8.89, 2026: 4.34}",21.36026786855356,False,True,False,True,False,FVG nested phase2,,
fvg_nested,long_age72h_sesslondon_sw20_inside0_TP4.0R,1782741686,143.0,110.5979303371682,16.52028963433244,0.4405594405594406,2.012485990333837,-13.279214438148845,1.2440713049163932,7/8,"{2019: -2.83, 2020: 18.89, 2021: 3.69, 2022: 4.29, 2023: 25.4, 2024: 36.92, 2025: 14.89, 2026: 9.34}",21.36026786855356,False,True,False,True,False,FVG nested phase2,,
fvg_nested,long_age72h_sesslondon_sw30_inside0_TP2.0R,1782741689,155.0,35.539417396110295,5.3086117165961415,0.4838709677419355,1.3594349353279576,-8.068935347772044,0.6579073307436935,7/8,"{2019: -2.23, 2020: 8.24, 2021: 0.02, 2022: 5.59, 2023: 6.26, 2024: 11.65, 2025: 4.83, 2026: 1.16}",23.15273789948113,False,True,False,True,False,FVG nested phase2,,
fvg_nested,long_age72h_sesslondon_sw30_inside0_TP3.0R,1782741689,155.0,72.99101950421768,10.902851249013336,0.4387096774193548,1.68147812820389,-12.727537308819098,0.856634789941538,7/8,"{2019: -0.23, 2020: 18.71, 2021: 2.6, 2022: 2.59, 2023: 14.07, 2024: 21.55, 2025: 10.54, 2026: 3.16}",23.15273789948113,False,True,False,True,False,FVG nested phase2,,
fvg_nested,long_age72h_sesslondon_sw30_inside0_TP4.0R,1782741689,155.0,103.3672918603173,15.44023106981352,0.4129032258064516,1.9489455475911357,-12.969570472035183,1.1904967171507757,8/8,"{2019: 1.77, 2020: 23.84, 2021: 1.7, 2022: 3.59, 2023: 17.21, 2024: 29.55, 2025: 17.54, 2026: 8.16}",23.15273789948113,False,True,False,True,False,FVG nested phase2,,
fvg_nested,long_age4h_sessoverlap_sw20_inside0_TP4.0R,1782741694,19.0,7.548575542594333,1.2161814883605906,0.5263157894736842,1.343300224065597,-15.933385142054949,0.0763291339233728,6/7,"{2020: -11.18, 2021: 1.2, 2022: 2.86, 2023: 1.21, 2024: 6.89, 2025: 3.89, 2026: 2.67}",3.061166725889258,False,True,False,False,False,FVG nested phase2,,
fvg_nested,long_age4h_sessoverlap_sw30_inside0_TP2.0R,1782741697,25.0,11.522475569110142,1.856432569054308,0.56,2.06679783035811,-2.077644258678741,0.8935276389591785,6/7,"{2020: 0.86, 2021: 4.55, 2022: -2.08, 2023: 2.41, 2024: 2.63, 2025: 2.4, 2026: 0.75}",4.027850955117445,False,True,False,False,False,FVG nested phase2,,
fvg_nested,long_age4h_sessoverlap_sw30_inside0_TP3.0R,1782741697,25.0,14.564935594635529,2.346615589843071,0.52,1.9600281487658353,-4.727856359716901,0.4963381734346058,6/7,"{2020: 1.33, 2021: 3.12, 2022: -2.08, 2023: 0.41, 2024: 5.63, 2025: 4.4, 2026: 1.75}",4.027850955117445,False,True,False,False,False,FVG nested phase2,,
fvg_nested,long_age8h_sessoverlap_sw30_inside0_TP2.0R,1782741706,30.0,14.003464145750936,2.256154657376632,0.5666666666666667,2.066257066023086,-2.114224577134708,1.0671310331820445,6/7,"{2020: 0.86, 2021: 4.55, 2022: -2.08, 2023: 1.15, 2024: 6.38, 2025: 2.4, 2026: 0.75}",4.8334211461409335,False,True,False,False,False,FVG nested phase2,,
fvg_nested,long_age12h_sessoverlap_sw10_inside0_TP2.0R,1782741709,29.0,11.054605330394851,1.7686373174144816,0.5862068965517241,1.6803255098692984,-9.210018242158789,0.1920340732137269,6/8,"{2019: 0.78, 2020: 6.87, 2021: 0.8, 2022: 4.55, 2023: -6.69, 2024: 3.85, 2025: 1.89, 2026: -0.99}",4.639738884571102,False,True,False,False,False,FVG nested phase2,,
fvg_nested,long_age24h_sessoverlap_sw10_inside0_TP2.0R,1782741718,67.0,15.267930118890629,2.3619770768925843,0.5074626865671642,1.3591956465383832,-7.03955190792211,0.3355294637765911,6/8,"{2019: 1.36, 2020: -1.11, 2021: 4.15, 2022: 5.37, 2023: -4.52, 2024: 5.33, 2025: 3.31, 2026: 1.39}",10.36502413355962,False,True,False,False,False,FVG nested phase2,,
fvg_nested,long_age48h_sessoverlap_sw10_inside0_TP2.0R,1782741726,87.0,20.047203866470635,3.1013395803934007,0.4942528735632184,1.3673385047329367,-6.777345448151011,0.4576038810651898,7/8,"{2019: 1.36, 2020: 1.64, 2021: 1.86, 2022: 0.91, 2023: -0.24, 2024: 7.92, 2025: 5.27, 2026: 1.33}",13.459061188353536,False,True,False,True,False,FVG nested phase2,,
fvg_nested,short_age4h_sessall_sw10_inside1_TP3.0R,1782741742,59.0,45.79994714620809,6.879409470247775,0.6101694915254238,2.096254855766389,-12.31546247862669,0.5585993609405162,6/8,"{2019: 2.73, 2020: 9.89, 2021: 5.53, 2022: -5.84, 2023: 25.84, 2024: 1.8, 2025: -1.84, 2026: 7.68}",8.862131596984236,False,True,False,False,False,FVG nested phase2,,
fvg_nested,short_age4h_sessall_sw10_inside1_TP4.0R,1782741742,59.0,77.7999471462081,11.685989319459564,0.5932203389830508,2.9036710078777492,-9.852408291434696,1.1861048561719587,7/8,"{2019: 4.73, 2020: 14.89, 2021: 7.53, 2022: -0.84, 2023: 33.84, 2024: 5.8, 2025: 1.16, 2026: 10.68}",8.862131596984236,False,True,False,True,False,FVG nested phase2,,
fvg_nested,short_age4h_sessall_sw10_inside0_TP2.0R,1782741743,63.0,28.902168597875484,4.341268161908439,0.6507936507936508,1.7745197656595535,-7.077878980979595,0.6133572181121975,7/8,"{2019: 1.37, 2020: 2.88, 2021: 2.88, 2022: 1.63, 2023: 12.66, 2024: 0.13, 2025: -2.38, 2026: 9.74}",9.46295407813571,False,True,False,True,False,FVG nested phase2,,
fvg_nested,short_age4h_sessall_sw10_inside0_TP3.0R,1782741743,63.0,65.09645431216123,9.777853298499062,0.6507936507936508,2.8513973488961413,-5.622448979513379,1.7390737264360792,7/8,"{2019: 4.37, 2020: 6.88, 2021: 8.07, 2022: 9.63, 2023: 20.66, 2024: 6.13, 2025: -1.38, 2026: 10.74}",9.46295407813571,False,True,True,True,False,FVG nested phase2,,
fvg_nested,short_age4h_sessall_sw10_inside0_TP4.0R,1782741743,63.0,98.09645431216124,14.73463876799872,0.6190476190476191,3.8305812074445336,-4.622448979513379,3.187626046994225,7/8,"{2019: 7.37, 2020: 10.88, 2021: 14.07, 2022: 12.63, 2023: 26.66, 2024: 12.13, 2025: -0.38, 2026: 14.74}",9.46295407813571,False,True,True,True,False,FVG nested phase2,,
fvg_nested,short_age4h_sessall_sw20_inside1_TP2.0R,1782741744,80.0,53.93356732479529,8.101124934358388,0.6875,2.656176312366846,-5.993751331983056,1.3515951005725324,7/8,"{2019: 3.13, 2020: 8.13, 2021: 4.75, 2022: 7.34, 2023: 24.46, 2024: 3.19, 2025: -2.76, 2026: 5.7}",12.016449623029471,False,True,False,True,False,FVG nested phase2,,
fvg_nested,short_age4h_sessall_sw20_inside1_TP3.0R,1782741744,80.0,82.92396073742114,12.455644959291188,0.625,3.1821104086776315,-8.993751331983049,1.3849220975231056,7/8,"{2019: 5.13, 2020: 6.13, 2021: 7.75, 2022: 16.34, 2023: 42.46, 2024: 3.19, 2025: -6.76, 2026: 8.69}",12.016449623029471,False,True,False,True,False,FVG nested phase2,,
fvg_nested,short_age4h_sessall_sw20_inside1_TP4.0R,1782741744,80.0,102.89016352072132,15.454680833150157,0.5625,3.4238742855913986,-8.993751331983049,1.7183798242443205,7/8,"{2019: 7.13, 2020: 10.13, 2021: 10.75, 2022: 20.34, 2023: 50.46, 2024: 2.16, 2025: -4.76, 2026: 6.69}",12.016449623029471,False,True,True,True,False,FVG nested phase2,,
fvg_nested,short_age4h_sessall_sw20_inside0_TP2.0R,1782741745,83.0,69.66021574166014,10.463355914862795,0.6987951807228916,3.594760466346015,-5.114826678679712,2.045691197802952,8/8,"{2019: 5.47, 2020: 7.75, 2021: 9.68, 2022: 14.53, 2023: 21.7, 2024: 5.98, 2025: 3.62, 2026: 0.93}",12.467066483893078,False,True,True,True,False,FVG nested phase2,,
fvg_nested,short_age4h_sessall_sw20_inside0_TP3.0R,1782741745,83.0,102.52756227928606,15.40021608876322,0.6506024096385542,4.255292713369114,-4.387553951410126,3.509977600119016,7/8,"{2019: 8.47, 2020: 5.75, 2021: 16.68, 2022: 25.53, 2023: 36.58, 2024: 7.98, 2025: -0.38, 2026: 1.92}",12.467066483893078,False,True,True,True,False,FVG nested phase2,,
fvg_nested,short_age4h_sessall_sw20_inside0_TP4.0R,1782741745,83.0,115.49376506258623,17.34781262060711,0.5662650602409639,3.9748208801624494,-4.387553951410126,3.9538687871932967,8/8,"{2019: 6.47, 2020: 9.75, 2021: 18.68, 2022: 26.53, 2023: 40.58, 2024: 8.95, 2025: 1.62, 2026: 2.92}",12.467066483893078,False,True,True,True,False,FVG nested phase2,,
fvg_nested,short_age4h_sessall_sw30_inside1_TP2.0R,1782741746,103.0,27.27915522322886,4.097482431234136,0.5533980582524272,1.4001221049232344,-11.51461518935589,0.3558505745829742,7/8,"{2019: 0.71, 2020: 3.26, 2021: 2.8, 2022: 7.4, 2023: 13.32, 2024: 5.77, 2025: -8.02, 2026: 2.04}",15.471178889650446,False,True,False,True,False,FVG nested phase2,,
fvg_nested,short_age4h_sessall_sw30_inside1_TP3.0R,1782741746,103.0,37.03799137809864,5.563314469164028,0.4757281553398058,1.488301433585696,-13.34406032245252,0.4169131684606728,7/8,"{2019: 0.74, 2020: 3.26, 2021: 2.8, 2022: 17.36, 2023: 17.48, 2024: 3.19, 2025: -9.02, 2026: 1.24}",15.471178889650446,False,True,False,True,False,FVG nested phase2,,
fvg_nested,short_age4h_sessall_sw30_inside1_TP4.0R,1782741746,103.0,53.46220144838313,8.030323130509364,0.4466019417475728,1.6895153554604505,-14.870259014412497,0.5400257737761154,6/8,"{2019: 0.74, 2020: 9.26, 2021: 0.8, 2022: 23.22, 2023: 26.06, 2024: -1.84, 2025: -7.02, 2026: 2.24}",15.471178889650446,False,True,False,False,False,FVG nested phase2,,
fvg_nested,short_age4h_sessall_sw30_inside0_TP2.0R,1782741747,99.0,56.7983369682109,8.531429435629484,0.6262626262626263,2.258683411084087,-9.998747984764066,0.8532497717343752,7/8,"{2019: 1.85, 2020: 9.65, 2021: 6.57, 2022: 22.39, 2023: 8.03, 2024: 9.71, 2025: -2.44, 2026: 1.04}",14.87035640849897,False,True,False,True,False,FVG nested phase2,,
fvg_nested,short_age4h_sessall_sw30_inside0_TP3.0R,1782741747,99.0,74.41533700425096,11.177601853654282,0.5555555555555556,2.4012257575920843,-9.271475257494489,1.2055904312120125,7/8,"{2019: 1.88, 2020: 12.65, 2021: 9.57, 2022: 32.35, 2023: 12.24, 2024: 8.13, 2025: -4.44, 2026: 2.04}",14.87035640849897,False,True,False,True,False,FVG nested phase2,,
fvg_nested,short_age4h_sessall_sw30_inside0_TP4.0R,1782741747,99.0,85.83954707453546,12.893582413560278,0.5050505050505051,2.483436407306955,-9.271475257494489,1.3906721482255917,7/8,"{2019: 1.88, 2020: 18.65, 2021: 10.57, 2022: 36.21, 2023: 14.83, 2024: 4.1, 2025: -3.44, 2026: 3.04}",14.87035640849897,False,True,False,True,False,FVG nested phase2,,
fvg_nested,short_age8h_sessall_sw10_inside1_TP3.0R,1782741748,67.0,40.93009366157596,6.147930106877568,0.582089552238806,1.7894917535696917,-14.315462478631238,0.4294608096702857,6/8,"{2019: 2.73, 2020: 7.89, 2021: 5.53, 2022: -7.84, 2023: 27.47, 2024: -3.26, 2025: 0.72, 2026: 7.68}",10.063776559287184,False,True,False,False,False,FVG nested phase2,,
fvg_nested,short_age8h_sessall_sw10_inside1_TP4.0R,1782741748,67.0,72.93009366157597,10.954509956089357,0.5671641791044776,2.352224555982989,-10.852408291439245,1.0094082034059348,7/8,"{2019: 4.73, 2020: 12.89, 2021: 7.53, 2022: -1.84, 2023: 32.47, 2024: 1.74, 2025: 4.72, 2026: 10.68}",10.063776559287184,False,True,False,True,False,FVG nested phase2,,
fvg_nested,short_age8h_sessall_sw10_inside0_TP2.0R,1782741749,65.0,26.0450257407308,3.912109246799969,0.6307692307692307,1.64831540840991,-8.93502183812156,0.4378399199998402,7/8,"{2019: 1.37, 2020: 2.88, 2021: 2.88, 2022: 1.63, 2023: 11.66, 2024: 0.13, 2025: -4.24, 2026: 9.74}",9.763365318711449,False,True,False,True,False,FVG nested phase2,,
fvg_nested,short_age8h_sessall_sw10_inside0_TP3.0R,1782741749,65.0,63.23931145501653,9.49890000367846,0.6307692307692307,2.708346061132886,-5.935021838121557,1.600482738355833,7/8,"{2019: 4.37, 2020: 6.88, 2021: 8.07, 2022: 9.63, 2023: 20.66, 2024: 6.13, 2025: -3.24, 2026: 10.74}",9.763365318711449,False,True,True,True,False,FVG nested phase2,,
fvg_nested,short_age8h_sessall_sw10_inside0_TP4.0R,1782741749,65.0,92.23931145501652,13.854862992026645,0.6,3.2767783512025597,-7.560473736914297,1.8325390014093632,7/8,"{2019: 7.37, 2020: 10.88, 2021: 14.07, 2022: 12.63, 2023: 22.66, 2024: 12.13, 2025: -2.24, 2026: 14.74}",9.763365318711449,False,True,True,True,False,FVG nested phase2,,
fvg_nested,short_age8h_sessall_sw20_inside1_TP2.0R,1782741751,90.0,43.59955522297989,6.5488982365428665,0.6555555555555556,1.954754160326225,-8.624425327509158,0.7593431432067683,6/8,"{2019: 3.13, 2020: 6.13, 2021: 4.75, 2022: 4.91, 2023: 24.09, 2024: -2.87, 2025: -1.2, 2026: 4.67}",13.518505825908155,False,True,False,False,False,FVG nested phase2,,
fvg_nested,short_age8h_sessall_sw20_inside1_TP3.0R,1782741751,90.0,78.58994863560574,11.804651983202875,0.6,2.600533239424941,-8.993751331983049,1.3125392894980172,6/8,"{2019: 5.13, 2020: 4.13, 2021: 7.75, 2022: 15.91, 2023: 44.09, 2024: -1.87, 2025: -4.2, 2026: 7.66}",13.518505825908155,False,True,False,False,False,FVG nested phase2,,
fvg_nested,short_age8h_sessall_sw20_inside1_TP4.0R,1782741751,90.0,99.55615141890593,14.953893477349713,0.5444444444444444,2.7605206524729273,-8.993751331983049,1.6626981251051005,6/8,"{2019: 7.13, 2020: 8.13, 2021: 10.75, 2022: 21.91, 2023: 49.09, 2024: -1.91, 2025: -1.2, 2026: 5.66}",13.518505825908155,False,True,True,False,False,FVG nested phase2,,
fvg_nested,short_age8h_sessall_sw20_inside0_TP2.0R,1782741752,85.0,67.3376350964962,10.114491248387347,0.6823529411764706,3.308528496464255,-5.6084469411313975,1.8034388761368831,8/8,"{2019: 5.47, 2020: 7.75, 2021: 9.68, 2022: 14.53, 2023: 20.7, 2024: 5.98, 2025: 2.3, 2026: 0.93}",12.767477724468812,False,True,True,True,False,FVG nested phase2,,
fvg_nested,short_age8h_sessall_sw20_inside0_TP3.0R,1782741752,85.0,101.20498163412212,15.201557042575644,0.6352941176470588,4.083803649249907,-5.385793447834658,2.822528786113657,7/8,"{2019: 8.47, 2020: 5.75, 2021: 16.68, 2022: 25.53, 2023: 36.58, 2024: 7.98, 2025: -1.7, 2026: 1.92}",12.767477724468812,False,True,True,True,False,FVG nested phase2,,
fvg_nested,short_age8h_sessall_sw20_inside0_TP4.0R,1782741752,85.0,110.17118441742232,16.54833109326806,0.5529411764705883,3.4955897812239862,-7.40574571484175,2.2345259654411014,8/8,"{2019: 6.47, 2020: 9.75, 2021: 18.68, 2022: 26.53, 2023: 36.58, 2024: 8.95, 2025: 0.3, 2026: 2.92}",12.767477724468812,False,True,True,True,False,FVG nested phase2,,
fvg_nested,short_age8h_sessall_sw30_inside1_TP4.0R,1782741753,116.0,45.45114417860864,6.8270173041412505,0.4482758620689655,1.4429071162022462,-16.395560104866647,0.4163942714049035,6/8,"{2019: 0.74, 2020: 7.26, 2021: 3.3, 2022: 13.79, 2023: 28.5, 2024: -5.91, 2025: -3.46, 2026: 1.22}",17.423851953392735,False,True,False,False,False,FVG nested phase2,,
fvg_nested,short_age8h_sessall_sw30_inside0_TP2.0R,1782741754,102.0,56.2822079359502,8.453903954190189,0.6176470588235294,2.1861927081009114,-9.998747984764066,0.8454962528380667,7/8,"{2019: 1.85, 2020: 9.65, 2021: 6.57, 2022: 22.39, 2023: 8.84, 2024: 9.71, 2025: -3.77, 2026: 1.04}",15.320973269362575,False,True,False,True,False,FVG nested phase2,,
fvg_nested,short_age8h_sessall_sw30_inside0_TP3.0R,1782741754,102.0,75.89920797199028,11.400487612790728,0.5490196078431373,2.394439723966222,-9.271475257494489,1.2296303766302217,7/8,"{2019: 1.88, 2020: 12.65, 2021: 9.57, 2022: 32.35, 2023: 15.05, 2024: 8.13, 2025: -5.77, 2026: 2.04}",15.320973269362575,False,True,False,True,False,FVG nested phase2,,
fvg_nested,short_age8h_sessall_sw30_inside0_TP4.0R,1782741754,102.0,84.32341804227477,12.665851311833116,0.5,2.3344864284448907,-9.271475257494489,1.3661095952982052,7/8,"{2019: 1.88, 2020: 18.65, 2021: 10.57, 2022: 36.21, 2023: 14.63, 2024: 4.1, 2025: -4.77, 2026: 3.04}",15.320973269362575,False,True,False,True,False,FVG nested phase2,,
fvg_nested,short_age12h_sessall_sw10_inside1_TP3.0R,1782741755,67.0,40.93009366157596,6.147930106877568,0.582089552238806,1.7894917535696917,-14.315462478631238,0.4294608096702857,6/8,"{2019: 2.73, 2020: 7.89, 2021: 5.53, 2022: -7.84, 2023: 27.47, 2024: -3.26, 2025: 0.72, 2026: 7.68}",10.063776559287184,False,True,False,False,False,FVG nested phase2,,
fvg_nested,short_age12h_sessall_sw10_inside1_TP4.0R,1782741755,67.0,72.93009366157597,10.954509956089357,0.5671641791044776,2.352224555982989,-10.852408291439245,1.0094082034059348,7/8,"{2019: 4.73, 2020: 12.89, 2021: 7.53, 2022: -1.84, 2023: 32.47, 2024: 1.74, 2025: 4.72, 2026: 10.68}",10.063776559287184,False,True,False,True,False,FVG nested phase2,,
fvg_nested,short_age12h_sessall_sw10_inside0_TP2.0R,1782741756,65.0,26.0450257407308,3.912109246799969,0.6307692307692307,1.64831540840991,-8.93502183812156,0.4378399199998402,7/8,"{2019: 1.37, 2020: 2.88, 2021: 2.88, 2022: 1.63, 2023: 11.66, 2024: 0.13, 2025: -4.24, 2026: 9.74}",9.763365318711449,False,True,False,True,False,FVG nested phase2,,
fvg_nested,short_age12h_sessall_sw10_inside0_TP3.0R,1782741756,65.0,63.23931145501653,9.49890000367846,0.6307692307692307,2.708346061132886,-5.935021838121557,1.600482738355833,7/8,"{2019: 4.37, 2020: 6.88, 2021: 8.07, 2022: 9.63, 2023: 20.66, 2024: 6.13, 2025: -3.24, 2026: 10.74}",9.763365318711449,False,True,True,True,False,FVG nested phase2,,
fvg_nested,short_age12h_sessall_sw10_inside0_TP4.0R,1782741756,65.0,92.23931145501652,13.854862992026645,0.6,3.2767783512025597,-7.560473736914297,1.8325390014093632,7/8,"{2019: 7.37, 2020: 10.88, 2021: 14.07, 2022: 12.63, 2023: 22.66, 2024: 12.13, 2025: -2.24, 2026: 14.74}",9.763365318711449,False,True,True,True,False,FVG nested phase2,,
fvg_nested,short_age12h_sessall_sw20_inside1_TP2.0R,1782741757,90.0,43.59955522297989,6.5488982365428665,0.6555555555555556,1.954754160326225,-8.624425327509158,0.7593431432067683,6/8,"{2019: 3.13, 2020: 6.13, 2021: 4.75, 2022: 4.91, 2023: 24.09, 2024: -2.87, 2025: -1.2, 2026: 4.67}",13.518505825908155,False,True,False,False,False,FVG nested phase2,,
fvg_nested,short_age12h_sessall_sw20_inside1_TP3.0R,1782741757,90.0,78.58994863560574,11.804651983202875,0.6,2.600533239424941,-8.993751331983049,1.3125392894980172,6/8,"{2019: 5.13, 2020: 4.13, 2021: 7.75, 2022: 15.91, 2023: 44.09, 2024: -1.87, 2025: -4.2, 2026: 7.66}",13.518505825908155,False,True,False,False,False,FVG nested phase2,,
fvg_nested,short_age12h_sessall_sw20_inside1_TP4.0R,1782741757,90.0,99.55615141890593,14.953893477349713,0.5444444444444444,2.7605206524729273,-8.993751331983049,1.6626981251051005,6/8,"{2019: 7.13, 2020: 8.13, 2021: 10.75, 2022: 21.91, 2023: 49.09, 2024: -1.91, 2025: -1.2, 2026: 5.66}",13.518505825908155,False,True,True,False,False,FVG nested phase2,,
fvg_nested,short_age12h_sessall_sw20_inside0_TP2.0R,1782741758,85.0,67.3376350964962,10.114491248387347,0.6823529411764706,3.308528496464255,-5.6084469411313975,1.8034388761368831,8/8,"{2019: 5.47, 2020: 7.75, 2021: 9.68, 2022: 14.53, 2023: 20.7, 2024: 5.98, 2025: 2.3, 2026: 0.93}",12.767477724468812,False,True,True,True,False,FVG nested phase2,,
fvg_nested,short_age12h_sessall_sw20_inside0_TP3.0R,1782741758,85.0,101.20498163412212,15.201557042575644,0.6352941176470588,4.083803649249907,-5.385793447834658,2.822528786113657,7/8,"{2019: 8.47, 2020: 5.75, 2021: 16.68, 2022: 25.53, 2023: 36.58, 2024: 7.98, 2025: -1.7, 2026: 1.92}",12.767477724468812,False,True,True,True,False,FVG nested phase2,,
fvg_nested,short_age12h_sessall_sw20_inside0_TP4.0R,1782741758,85.0,110.17118441742232,16.54833109326806,0.5529411764705883,3.4955897812239862,-7.40574571484175,2.2345259654411014,8/8,"{2019: 6.47, 2020: 9.75, 2021: 18.68, 2022: 26.53, 2023: 36.58, 2024: 8.95, 2025: 0.3, 2026: 2.92}",12.767477724468812,False,True,True,True,False,FVG nested phase2,,
fvg_nested,short_age12h_sessall_sw30_inside1_TP4.0R,1782741760,116.0,45.45114417860864,6.8270173041412505,0.4482758620689655,1.4429071162022462,-16.395560104866647,0.4163942714049035,6/8,"{2019: 0.74, 2020: 7.26, 2021: 3.3, 2022: 13.79, 2023: 28.5, 2024: -5.91, 2025: -3.46, 2026: 1.22}",17.423851953392735,False,True,False,False,False,FVG nested phase2,,
fvg_nested,short_age12h_sessall_sw30_inside0_TP2.0R,1782741761,102.0,56.2822079359502,8.453903954190189,0.6176470588235294,2.1861927081009114,-9.998747984764066,0.8454962528380667,7/8,"{2019: 1.85, 2020: 9.65, 2021: 6.57, 2022: 22.39, 2023: 8.84, 2024: 9.71, 2025: -3.77, 2026: 1.04}",15.320973269362575,False,True,False,True,False,FVG nested phase2,,
fvg_nested,short_age12h_sessall_sw30_inside0_TP3.0R,1782741761,102.0,75.89920797199028,11.400487612790728,0.5490196078431373,2.394439723966222,-9.271475257494489,1.2296303766302217,7/8,"{2019: 1.88, 2020: 12.65, 2021: 9.57, 2022: 32.35, 2023: 15.05, 2024: 8.13, 2025: -5.77, 2026: 2.04}",15.320973269362575,False,True,False,True,False,FVG nested phase2,,
fvg_nested,short_age12h_sessall_sw30_inside0_TP4.0R,1782741761,102.0,84.32341804227477,12.665851311833116,0.5,2.3344864284448907,-9.271475257494489,1.3661095952982052,7/8,"{2019: 1.88, 2020: 18.65, 2021: 10.57, 2022: 36.21, 2023: 14.63, 2024: 4.1, 2025: -4.77, 2026: 3.04}",15.320973269362575,False,True,False,True,False,FVG nested phase2,,
fvg_nested,short_age24h_sessall_sw10_inside1_TP3.0R,1782741762,70.0,25.122401353861093,3.7735258784774905,0.5714285714285714,1.3675896766614144,-15.192049038318633,0.2483882107646963,6/8,"{2019: 2.73, 2020: 7.89, 2021: 1.03, 2022: -7.14, 2023: 15.47, 2024: -3.26, 2025: 0.72, 2026: 7.68}",10.514393420150787,False,True,False,False,False,FVG nested phase2,,
fvg_nested,short_age24h_sessall_sw10_inside1_TP4.0R,1782741762,70.0,55.122401353861086,8.279694487113542,0.5428571428571428,1.7683516506967023,-14.160100599133644,0.5847200328237864,7/8,"{2019: 4.73, 2020: 12.89, 2021: 4.03, 2022: -5.14, 2023: 21.47, 2024: 1.74, 2025: 4.72, 2026: 10.68}",10.514393420150787,False,True,False,True,False,FVG nested phase2,,
fvg_nested,short_age24h_sessall_sw10_inside0_TP2.0R,1782741763,65.0,26.0450257407308,3.912109246799969,0.6307692307692307,1.64831540840991,-8.93502183812156,0.4378399199998402,7/8,"{2019: 1.37, 2020: 2.88, 2021: 2.88, 2022: 1.63, 2023: 11.66, 2024: 0.13, 2025: -4.24, 2026: 9.74}",9.763365318711449,False,True,False,True,False,FVG nested phase2,,
fvg_nested,short_age24h_sessall_sw10_inside0_TP3.0R,1782741763,65.0,63.23931145501653,9.49890000367846,0.6307692307692307,2.708346061132886,-5.935021838121557,1.600482738355833,7/8,"{2019: 4.37, 2020: 6.88, 2021: 8.07, 2022: 9.63, 2023: 20.66, 2024: 6.13, 2025: -3.24, 2026: 10.74}",9.763365318711449,False,True,True,True,False,FVG nested phase2,,
fvg_nested,short_age24h_sessall_sw10_inside0_TP4.0R,1782741763,65.0,92.23931145501652,13.854862992026645,0.6,3.2767783512025597,-7.560473736914297,1.8325390014093632,7/8,"{2019: 7.37, 2020: 10.88, 2021: 14.07, 2022: 12.63, 2023: 22.66, 2024: 12.13, 2025: -2.24, 2026: 14.74}",9.763365318711449,False,True,True,True,False,FVG nested phase2,,
fvg_nested,short_age24h_sessall_sw20_inside1_TP2.0R,1782741764,94.0,30.682619217792777,4.608701851665035,0.6382978723404256,1.5085749497334338,-17.68902134722208,0.260540239123449,6/8,"{2019: 3.13, 2020: 6.13, 2021: 5.14, 2022: 4.6, 2023: 11.09, 2024: -2.87, 2025: -1.2, 2026: 4.67}",14.11932830705963,False,True,False,False,False,FVG nested phase2,,
fvg_nested,short_age24h_sessall_sw20_inside1_TP3.0R,1782741764,94.0,68.67301263041864,10.315072459188652,0.5957446808510638,2.0994807327093525,-16.95297088745007,0.6084522015444905,6/8,"{2019: 5.13, 2020: 4.13, 2021: 9.14, 2022: 16.6, 2023: 32.09, 2024: -1.87, 2025: -4.2, 2026: 7.66}",14.11932830705963,False,True,False,False,False,FVG nested phase2,,
fvg_nested,short_age24h_sessall_sw20_inside1_TP4.0R,1782741764,94.0,87.6392154137188,13.16390271275975,0.5319148936170213,2.2136025165081894,-12.728769936004738,1.034184982440777,6/8,"{2019: 7.13, 2020: 8.13, 2021: 13.14, 2022: 18.6, 2023: 38.09, 2024: -1.91, 2025: -1.2, 2026: 5.66}",14.11932830705963,False,True,False,False,False,FVG nested phase2,,
fvg_nested,short_age24h_sessall_sw20_inside0_TP2.0R,1782741765,85.0,67.3376350964962,10.114491248387347,0.6823529411764706,3.308528496464255,-5.6084469411313975,1.8034388761368831,8/8,"{2019: 5.47, 2020: 7.75, 2021: 9.68, 2022: 14.53, 2023: 20.7, 2024: 5.98, 2025: 2.3, 2026: 0.93}",12.767477724468812,False,True,True,True,False,FVG nested phase2,,
fvg_nested,short_age24h_sessall_sw20_inside0_TP3.0R,1782741765,85.0,101.20498163412212,15.201557042575644,0.6352941176470588,4.083803649249907,-5.385793447834658,2.822528786113657,7/8,"{2019: 8.47, 2020: 5.75, 2021: 16.68, 2022: 25.53, 2023: 36.58, 2024: 7.98, 2025: -1.7, 2026: 1.92}",12.767477724468812,False,True,True,True,False,FVG nested phase2,,
fvg_nested,short_age24h_sessall_sw20_inside0_TP4.0R,1782741765,85.0,110.17118441742232,16.54833109326806,0.5529411764705883,3.4955897812239862,-7.40574571484175,2.2345259654411014,8/8,"{2019: 6.47, 2020: 9.75, 2021: 18.68, 2022: 26.53, 2023: 36.58, 2024: 8.95, 2025: 0.3, 2026: 2.92}",12.767477724468812,False,True,True,True,False,FVG nested phase2,,
fvg_nested,short_age24h_sessall_sw30_inside1_TP4.0R,1782741767,123.0,47.19537687876922,7.089010858795253,0.4390243902439024,1.4349332825220893,-17.402548225062304,0.4073547601831095,6/8,"{2019: 0.74, 2020: 7.26, 2021: 4.61, 2022: 11.35, 2023: 32.39, 2024: -5.91, 2025: -3.46, 2026: 0.21}",18.475291295407818,False,True,False,False,False,FVG nested phase2,,
fvg_nested,short_age24h_sessall_sw30_inside0_TP2.0R,1782741768,103.0,58.1550892918824,8.73522125998357,0.6213592233009708,2.2256651859765686,-9.998747984764066,0.8736315059939667,7/8,"{2019: 1.85, 2020: 9.65, 2021: 6.57, 2022: 24.26, 2023: 8.84, 2024: 9.71, 2025: -3.77, 2026: 1.04}",15.471178889650446,False,True,False,True,False,FVG nested phase2,,
fvg_nested,short_age24h_sessall_sw30_inside0_TP3.0R,1782741768,103.0,74.77208932792246,11.231188057720498,0.5436893203883495,2.3458622812537655,-9.271475257494489,1.2113701159523562,7/8,"{2019: 1.88, 2020: 12.65, 2021: 9.57, 2022: 31.22, 2023: 15.05, 2024: 8.13, 2025: -5.77, 2026: 2.04}",15.471178889650446,False,True,False,True,False,FVG nested phase2,,
fvg_nested,short_age24h_sessall_sw30_inside0_TP4.0R,1782741768,103.0,83.19629939820697,12.49655175676289,0.4951456310679611,2.2935746394625474,-9.271475257494489,1.3478493346203402,7/8,"{2019: 1.88, 2020: 18.65, 2021: 10.57, 2022: 35.08, 2023: 14.63, 2024: 4.1, 2025: -4.77, 2026: 3.04}",15.471178889650446,False,True,False,True,False,FVG nested phase2,,
fvg_nested,short_age48h_sessall_sw10_inside1_TP3.0R,1782741769,70.0,25.122401353861093,3.7735258784774905,0.5714285714285714,1.3675896766614144,-15.192049038318633,0.2483882107646963,6/8,"{2019: 2.73, 2020: 7.89, 2021: 1.03, 2022: -7.14, 2023: 15.47, 2024: -3.26, 2025: 0.72, 2026: 7.68}",10.514393420150787,False,True,False,False,False,FVG nested phase2,,
fvg_nested,short_age48h_sessall_sw10_inside1_TP4.0R,1782741769,70.0,55.122401353861086,8.279694487113542,0.5428571428571428,1.7683516506967023,-14.160100599133644,0.5847200328237864,7/8,"{2019: 4.73, 2020: 12.89, 2021: 4.03, 2022: -5.14, 2023: 21.47, 2024: 1.74, 2025: 4.72, 2026: 10.68}",10.514393420150787,False,True,False,True,False,FVG nested phase2,,
fvg_nested,short_age48h_sessall_sw10_inside0_TP2.0R,1782741770,65.0,26.0450257407308,3.912109246799969,0.6307692307692307,1.64831540840991,-8.93502183812156,0.4378399199998402,7/8,"{2019: 1.37, 2020: 2.88, 2021: 2.88, 2022: 1.63, 2023: 11.66, 2024: 0.13, 2025: -4.24, 2026: 9.74}",9.763365318711449,False,True,False,True,False,FVG nested phase2,,
fvg_nested,short_age48h_sessall_sw10_inside0_TP3.0R,1782741770,65.0,63.23931145501653,9.49890000367846,0.6307692307692307,2.708346061132886,-5.935021838121557,1.600482738355833,7/8,"{2019: 4.37, 2020: 6.88, 2021: 8.07, 2022: 9.63, 2023: 20.66, 2024: 6.13, 2025: -3.24, 2026: 10.74}",9.763365318711449,False,True,True,True,False,FVG nested phase2,,
fvg_nested,short_age48h_sessall_sw10_inside0_TP4.0R,1782741770,65.0,92.23931145501652,13.854862992026645,0.6,3.2767783512025597,-7.560473736914297,1.8325390014093632,7/8,"{2019: 7.37, 2020: 10.88, 2021: 14.07, 2022: 12.63, 2023: 22.66, 2024: 12.13, 2025: -2.24, 2026: 14.74}",9.763365318711449,False,True,True,True,False,FVG nested phase2,,
fvg_nested,short_age48h_sessall_sw20_inside1_TP2.0R,1782741771,95.0,29.00080103597468,4.356083308453633,0.631578947368421,1.467661373538355,-17.68902134722208,0.2462591470125463,6/8,"{2019: 3.13, 2020: 6.13, 2021: 5.14, 2022: 4.6, 2023: 9.41, 2024: -2.87, 2025: -1.2, 2026: 4.67}",14.269533927347496,False,True,False,False,False,FVG nested phase2,,
fvg_nested,short_age48h_sessall_sw20_inside1_TP3.0R,1782741771,95.0,66.99119444860054,10.06245391597725,0.5894736842105263,2.0444312703855787,-16.952970887450086,0.5935510644583402,6/8,"{2019: 5.13, 2020: 4.13, 2021: 9.14, 2022: 16.6, 2023: 30.41, 2024: -1.87, 2025: -4.2, 2026: 7.66}",14.269533927347496,False,True,False,False,False,FVG nested phase2,,
fvg_nested,short_age48h_sessall_sw20_inside1_TP4.0R,1782741771,95.0,85.95739723190071,12.911284169548347,0.5263157894736842,2.163222509449425,-12.728769936004738,1.0143387172885692,6/8,"{2019: 7.13, 2020: 8.13, 2021: 13.14, 2022: 18.6, 2023: 36.41, 2024: -1.91, 2025: -1.2, 2026: 5.66}",14.269533927347496,False,True,False,False,False,FVG nested phase2,,
fvg_nested,short_age48h_sessall_sw20_inside0_TP2.0R,1782741772,85.0,67.3376350964962,10.114491248387347,0.6823529411764706,3.308528496464255,-5.6084469411313975,1.8034388761368831,8/8,"{2019: 5.47, 2020: 7.75, 2021: 9.68, 2022: 14.53, 2023: 20.7, 2024: 5.98, 2025: 2.3, 2026: 0.93}",12.767477724468812,False,True,True,True,False,FVG nested phase2,,
fvg_nested,short_age48h_sessall_sw20_inside0_TP3.0R,1782741772,85.0,101.20498163412212,15.201557042575644,0.6352941176470588,4.083803649249907,-5.385793447834658,2.822528786113657,7/8,"{2019: 8.47, 2020: 5.75, 2021: 16.68, 2022: 25.53, 2023: 36.58, 2024: 7.98, 2025: -1.7, 2026: 1.92}",12.767477724468812,False,True,True,True,False,FVG nested phase2,,
fvg_nested,short_age48h_sessall_sw20_inside0_TP4.0R,1782741772,85.0,110.17118441742232,16.54833109326806,0.5529411764705883,3.4955897812239862,-7.40574571484175,2.2345259654411014,8/8,"{2019: 6.47, 2020: 9.75, 2021: 18.68, 2022: 26.53, 2023: 36.58, 2024: 8.95, 2025: 0.3, 2026: 2.92}",12.767477724468812,False,True,True,True,False,FVG nested phase2,,
fvg_nested,short_age48h_sessall_sw30_inside1_TP4.0R,1782741773,126.0,43.605656840667926,6.5498147338124575,0.4285714285714285,1.3889837673172247,-18.42997052853579,0.3553893221734208,6/8,"{2019: 0.74, 2020: 7.26, 2021: 4.61, 2022: 9.94, 2023: 31.25, 2024: -5.91, 2025: -4.49, 2026: 0.21}",18.92590815627142,False,True,False,False,False,FVG nested phase2,,
fvg_nested,short_age48h_sessall_sw30_inside0_TP2.0R,1782741774,103.0,58.1550892918824,8.73522125998357,0.6213592233009708,2.2256651859765686,-9.998747984764066,0.8736315059939667,7/8,"{2019: 1.85, 2020: 9.65, 2021: 6.57, 2022: 24.26, 2023: 8.84, 2024: 9.71, 2025: -3.77, 2026: 1.04}",15.471178889650446,False,True,False,True,False,FVG nested phase2,,
fvg_nested,short_age48h_sessall_sw30_inside0_TP3.0R,1782741774,103.0,74.77208932792246,11.231188057720498,0.5436893203883495,2.3458622812537655,-9.271475257494489,1.2113701159523562,7/8,"{2019: 1.88, 2020: 12.65, 2021: 9.57, 2022: 31.22, 2023: 15.05, 2024: 8.13, 2025: -5.77, 2026: 2.04}",15.471178889650446,False,True,False,True,False,FVG nested phase2,,
fvg_nested,short_age48h_sessall_sw30_inside0_TP4.0R,1782741774,103.0,83.19629939820697,12.49655175676289,0.4951456310679611,2.2935746394625474,-9.271475257494489,1.3478493346203402,7/8,"{2019: 1.88, 2020: 18.65, 2021: 10.57, 2022: 35.08, 2023: 14.63, 2024: 4.1, 2025: -4.77, 2026: 3.04}",15.471178889650446,False,True,False,True,False,FVG nested phase2,,
fvg_nested,short_age72h_sessall_sw10_inside1_TP3.0R,1782741776,71.0,27.660862892322697,4.154817068439012,0.5774647887323944,1.4047323145405408,-15.192049038318633,0.2734862860144403,6/8,"{2019: 2.73, 2020: 10.43, 2021: 1.03, 2022: -7.14, 2023: 15.47, 2024: -3.26, 2025: 0.72, 2026: 7.68}",10.664599040438656,False,True,False,False,False,FVG nested phase2,,
fvg_nested,short_age72h_sessall_sw10_inside1_TP4.0R,1782741776,71.0,58.66086289232269,8.811191297362932,0.5492957746478874,1.817674298063794,-14.16010059913365,0.6222548516288099,7/8,"{2019: 4.73, 2020: 16.43, 2021: 4.03, 2022: -5.14, 2023: 21.47, 2024: 1.74, 2025: 4.72, 2026: 10.68}",10.664599040438656,False,True,False,True,False,FVG nested phase2,,
fvg_nested,short_age72h_sessall_sw10_inside0_TP2.0R,1782741777,65.0,26.0450257407308,3.912109246799969,0.6307692307692307,1.64831540840991,-8.93502183812156,0.4378399199998402,7/8,"{2019: 1.37, 2020: 2.88, 2021: 2.88, 2022: 1.63, 2023: 11.66, 2024: 0.13, 2025: -4.24, 2026: 9.74}",9.763365318711449,False,True,False,True,False,FVG nested phase2,,
fvg_nested,short_age72h_sessall_sw10_inside0_TP3.0R,1782741777,65.0,63.23931145501653,9.49890000367846,0.6307692307692307,2.708346061132886,-5.935021838121557,1.600482738355833,7/8,"{2019: 4.37, 2020: 6.88, 2021: 8.07, 2022: 9.63, 2023: 20.66, 2024: 6.13, 2025: -3.24, 2026: 10.74}",9.763365318711449,False,True,True,True,False,FVG nested phase2,,
fvg_nested,short_age72h_sessall_sw10_inside0_TP4.0R,1782741777,65.0,92.23931145501652,13.854862992026645,0.6,3.2767783512025597,-7.560473736914297,1.8325390014093632,7/8,"{2019: 7.37, 2020: 10.88, 2021: 14.07, 2022: 12.63, 2023: 22.66, 2024: 12.13, 2025: -2.24, 2026: 14.74}",9.763365318711449,False,True,True,True,False,FVG nested phase2,,
fvg_nested,short_age72h_sessall_sw20_inside1_TP2.0R,1782741778,97.0,27.539262574431746,4.136552017262999,0.6288659793814433,1.423600196339364,-20.689021347226628,0.199939472623605,6/8,"{2019: 3.13, 2020: 7.66, 2021: 5.14, 2022: 4.6, 2023: 9.41, 2024: -5.87, 2025: -1.2, 2026: 4.67}",14.569945167923237,False,True,False,False,False,FVG nested phase2,,
fvg_nested,short_age72h_sessall_sw20_inside1_TP3.0R,1782741778,97.0,67.5296559870576,10.143333865362353,0.5876288659793815,2.020990535692671,-18.95297088745462,0.5351843742912329,6/8,"{2019: 5.13, 2020: 6.66, 2021: 9.14, 2022: 16.6, 2023: 30.41, 2024: -3.87, 2025: -4.2, 2026: 7.66}",14.569945167923237,False,True,False,False,False,FVG nested phase2,,
fvg_nested,short_age72h_sessall_sw20_inside1_TP4.0R,1782741778,97.0,88.49585877035777,13.292575359509188,0.5257731958762887,2.1815845114548997,-12.986768104154436,1.0235476026754435,6/8,"{2019: 7.13, 2020: 11.66, 2021: 13.14, 2022: 18.6, 2023: 36.41, 2024: -2.91, 2025: -1.2, 2026: 5.66}",14.569945167923237,False,True,False,False,False,FVG nested phase2,,
fvg_nested,short_age72h_sessall_sw20_inside0_TP2.0R,1782741779,85.0,67.3376350964962,10.114491248387347,0.6823529411764706,3.308528496464255,-5.6084469411313975,1.8034388761368831,8/8,"{2019: 5.47, 2020: 7.75, 2021: 9.68, 2022: 14.53, 2023: 20.7, 2024: 5.98, 2025: 2.3, 2026: 0.93}",12.767477724468812,False,True,True,True,False,FVG nested phase2,,
fvg_nested,short_age72h_sessall_sw20_inside0_TP3.0R,1782741779,85.0,101.20498163412212,15.201557042575644,0.6352941176470588,4.083803649249907,-5.385793447834658,2.822528786113657,7/8,"{2019: 8.47, 2020: 5.75, 2021: 16.68, 2022: 25.53, 2023: 36.58, 2024: 7.98, 2025: -1.7, 2026: 1.92}",12.767477724468812,False,True,True,True,False,FVG nested phase2,,
fvg_nested,short_age72h_sessall_sw20_inside0_TP4.0R,1782741779,85.0,110.17118441742232,16.54833109326806,0.5529411764705883,3.4955897812239862,-7.40574571484175,2.2345259654411014,8/8,"{2019: 6.47, 2020: 9.75, 2021: 18.68, 2022: 26.53, 2023: 36.58, 2024: 8.95, 2025: 0.3, 2026: 2.92}",12.767477724468812,False,True,True,True,False,FVG nested phase2,,
fvg_nested,short_age72h_sessall_sw30_inside1_TP4.0R,1782741780,129.0,44.962300197306774,6.753590190705812,0.4263565891472868,1.3934284368296337,-19.429970528540338,0.3475862292629617,6/8,"{2019: 0.74, 2020: 10.8, 2021: 3.43, 2022: 9.94, 2023: 31.25, 2024: -6.91, 2025: -4.49, 2026: 0.21}",19.376525017135023,False,True,False,False,False,FVG nested phase2,,
fvg_nested,short_age72h_sessall_sw30_inside0_TP2.0R,1782741781,104.0,56.97327111006419,8.557705526916084,0.6153846153846154,2.171576075525313,-9.998747984764066,0.8558777098848956,7/8,"{2019: 1.85, 2020: 9.65, 2021: 5.39, 2022: 24.26, 2023: 8.84, 2024: 9.71, 2025: -3.77, 2026: 1.04}",15.621384509938313,False,True,False,True,False,FVG nested phase2,,
fvg_nested,short_age72h_sessall_sw30_inside0_TP3.0R,1782741781,104.0,73.59027114610427,11.053672324653016,0.5384615384615384,2.2970001069833756,-9.271475257494489,1.1922236772101518,7/8,"{2019: 1.88, 2020: 12.65, 2021: 8.39, 2022: 31.22, 2023: 15.05, 2024: 8.13, 2025: -5.77, 2026: 2.04}",15.621384509938313,False,True,False,True,False,FVG nested phase2,,
fvg_nested,short_age72h_sessall_sw30_inside0_TP4.0R,1782741781,104.0,82.01448121638876,12.319036023695404,0.4903846153846153,2.2521896256695326,-9.271475257494489,1.3287028958781353,7/8,"{2019: 1.88, 2020: 18.65, 2021: 9.39, 2022: 35.08, 2023: 14.63, 2024: 4.1, 2025: -4.77, 2026: 3.04}",15.621384509938313,False,True,False,True,False,FVG nested phase2,,
fvg_nested,short_age4h_sesslondon_sw10_inside0_TP3.0R,1782741783,21.0,29.48085044363857,5.142245830715731,0.7142857142857143,4.326196336067606,-5.485389610393911,0.9374440460841688,6/6,"{2020: 1.34, 2021: 4.95, 2022: 0.78, 2023: 13.13, 2024: 0.44, 2026: 8.84}",3.662959542211308,False,True,False,False,False,FVG nested phase2,,
fvg_nested,short_age4h_sesslondon_sw10_inside0_TP4.0R,1782741783,21.0,45.480850443638566,7.933072148591013,0.7142857142857143,6.783989246605215,-4.485389610393911,1.7686472832165685,6/6,"{2020: 2.34, 2021: 6.95, 2022: 3.78, 2023: 19.13, 2024: 1.44, 2026: 11.84}",3.662959542211308,False,True,True,False,False,FVG nested phase2,,
fvg_nested,short_age4h_sesslondon_sw20_inside1_TP2.0R,1782741784,28.0,22.03779059854727,3.525826617615123,0.75,2.7717679258375596,-4.750000000003411,0.7422792879184403,6/7,"{2020: 6.52, 2021: 2.11, 2022: 4.49, 2023: 9.3, 2024: 0.89, 2025: -3.26, 2026: 1.99}",4.479720634959262,False,True,False,False,False,FVG nested phase2,,
fvg_nested,short_age4h_sesslondon_sw20_inside1_TP3.0R,1782741784,28.0,37.0281840111731,5.924139999640027,0.7142857142857143,3.72602142103552,-4.750000000003411,1.2471873683443733,6/7,"{2020: 6.52, 2021: 3.11, 2022: 9.49, 2023: 16.3, 2024: 1.89, 2025: -2.26, 2026: 1.98}",4.479720634959262,False,True,False,False,False,FVG nested phase2,,
fvg_nested,short_age4h_sesslondon_sw20_inside0_TP2.0R,1782741785,24.0,25.432672262894418,4.0689738120801495,0.75,4.967027813926964,-3.314914726228544,1.2274746556480856,6/7,"{2020: 2.86, 2021: 0.72, 2022: 8.12, 2023: 9.21, 2024: -1.37, 2025: 1.93, 2026: 3.96}",3.839760544250796,False,True,False,False,False,FVG nested phase2,,
fvg_nested,short_age4h_sesslondon_sw20_inside0_TP3.0R,1782741785,24.0,42.423065675520256,6.787267239459289,0.75,7.61721582959156,-3.314914726228544,2.0474937668099,6/7,"{2020: 4.86, 2021: 1.72, 2022: 13.12, 2023: 15.21, 2024: -0.37, 2025: 2.93, 2026: 4.95}",3.839760544250796,False,True,True,False,False,FVG nested phase2,,
fvg_nested,short_age4h_sesslondon_sw20_inside0_TP4.0R,1782741785,24.0,55.38926845882044,8.861730316795576,0.7083333333333334,9.515591139678335,-3.4083540900456626,2.6000028408658835,6/7,"{2020: 6.86, 2021: 2.72, 2022: 18.12, 2023: 21.21, 2024: -3.41, 2025: 3.93, 2026: 5.95}",3.839760544250796,False,True,True,False,False,FVG nested phase2,,
fvg_nested,short_age4h_sesslondon_sw30_inside1_TP3.0R,1782741787,36.0,35.27975802313563,5.6444092861646515,0.6388888888888888,2.6628193895467582,-7.059451219515559,0.7995535503610985,6/7,"{2020: 6.58, 2021: 0.24, 2022: 16.42, 2023: 11.17, 2024: 4.33, 2025: -4.57, 2026: 1.11}",5.759640816376194,False,True,False,False,False,FVG nested phase2,,
fvg_nested,short_age4h_sesslondon_sw30_inside1_TP4.0R,1782741787,36.0,47.12448770646766,7.539447856805259,0.6111111111111112,3.2129331960138887,-7.059451219515559,1.0679934774480444,6/7,"{2020: 9.58, 2021: 1.24, 2022: 21.3, 2023: 16.17, 2024: 1.31, 2025: -3.57, 2026: 1.11}",5.759640816376194,False,True,False,False,False,FVG nested phase2,,
fvg_nested,short_age4h_sesslondon_sw30_inside0_TP2.0R,1782741788,31.0,26.151112749649712,4.183917121848288,0.7096774193548387,3.1711475434702834,-2.843437588425852,1.4714292090949448,6/7,"{2020: 2.91, 2021: -1.81, 2022: 14.87, 2023: 4.63, 2024: 1.65, 2025: 0.81, 2026: 3.09}",4.959690702990612,False,True,False,False,False,FVG nested phase2,,
fvg_nested,short_age4h_sesslondon_sw30_inside0_TP3.0R,1782741788,31.0,41.568249164531245,6.650505126481383,0.6774193548387096,4.143024377657182,-2.666666666666077,2.49393942243107,6/7,"{2020: 4.91, 2021: -0.81, 2022: 19.87, 2023: 9.63, 2024: 2.07, 2025: 1.81, 2026: 4.09}",4.959690702990612,False,True,True,False,False,FVG nested phase2,,
fvg_nested,short_age4h_sesslondon_sw30_inside0_TP4.0R,1782741788,31.0,48.41297884786328,7.745593583736407,0.6129032258064516,4.359468741340787,-2.666666666666077,2.9045975939017947,6/7,"{2020: 6.91, 2021: 0.19, 2022: 24.74, 2023: 9.63, 2024: -0.96, 2025: 2.81, 2026: 5.09}",4.959690702990612,False,True,True,False,False,FVG nested phase2,,
fvg_nested,short_age8h_sesslondon_sw10_inside1_TP4.0R,1782741789,31.0,37.61994421829902,6.500192464210431,0.5806451612903226,2.5986244918578536,-8.531803112508113,0.7618779264468464,6/7,"{2020: 9.72, 2021: 3.67, 2022: -3.57, 2023: 15.81, 2024: 2.88, 2025: 1.27, 2026: 7.84}",5.356360052562418,False,True,False,False,False,FVG nested phase2,,
fvg_nested,short_age8h_sesslondon_sw10_inside0_TP4.0R,1782741790,26.0,41.9950956422994,7.325063633763671,0.6153846153846154,3.746502001173651,-5.285714285717027,1.385822849630246,6/7,"{2020: 2.34, 2021: 6.95, 2022: 3.78, 2023: 13.84, 2024: 0.33, 2025: -1.03, 2026: 15.78}",4.535092766547334,False,True,False,False,False,FVG nested phase2,,
fvg_nested,short_age8h_sesslondon_sw20_inside1_TP3.0R,1782741791,43.0,39.24886164517797,6.279426264663031,0.6046511627906976,2.6551318924621943,-8.886822232967596,0.7065997383595833,6/7,"{2020: 6.52, 2021: 3.11, 2022: 11.71, 2023: 16.74, 2024: 0.09, 2025: -0.72, 2026: 1.8}",6.8795709751160095,False,True,False,False,False,FVG nested phase2,,
fvg_nested,short_age8h_sesslondon_sw20_inside1_TP4.0R,1782741791,43.0,56.21506442847815,8.993849432707785,0.5813953488372093,3.0970391702451012,-8.886822232967596,1.0120433600374212,6/7,"{2020: 9.52, 2021: 4.11, 2022: 19.71, 2023: 20.74, 2024: -1.95, 2025: 1.28, 2026: 2.8}",6.8795709751160095,False,True,False,False,False,FVG nested phase2,,
fvg_nested,short_age8h_sesslondon_sw20_inside0_TP2.0R,1782741792,31.0,21.011171522526656,3.361577808361824,0.6129032258064516,2.644848982077048,-4.387907426958469,0.7661004395190585,6/7,"{2020: 2.86, 2021: 0.72, 2022: 8.12, 2023: 7.02, 2024: -2.45, 2025: 0.91, 2026: 3.82}",4.959690702990612,False,True,False,False,False,FVG nested phase2,,
fvg_nested,short_age8h_sesslondon_sw20_inside0_TP3.0R,1782741792,31.0,40.00156493515249,6.399851281095195,0.6129032258064516,4.3974717310242095,-4.387907426958467,1.4585201232313445,6/7,"{2020: 4.86, 2021: 1.72, 2022: 13.12, 2023: 14.02, 2024: -1.45, 2025: 1.91, 2026: 5.81}",4.959690702990612,False,True,False,False,False,FVG nested phase2,,
fvg_nested,short_age8h_sesslondon_sw20_inside0_TP4.0R,1782741792,31.0,49.96776771845266,7.994344290400131,0.5806451612903226,4.149091309724627,-5.502945062913817,1.4527392512559658,6/7,"{2020: 6.86, 2021: 2.72, 2022: 18.12, 2023: 16.02, 2024: -4.48, 2025: 2.91, 2026: 7.81}",4.959690702990612,False,True,False,False,False,FVG nested phase2,,
fvg_nested,short_age8h_sesslondon_sw30_inside1_TP3.0R,1782741793,51.0,37.60232154081427,6.015996276027102,0.5686274509803921,2.202256974072138,-10.003732556072649,0.6013751609518151,6/7,"{2020: 6.58, 2021: 0.24, 2022: 18.64, 2023: 11.61, 2024: 2.53, 2025: -3.03, 2026: 1.04}",8.159491156532942,False,True,False,False,False,FVG nested phase2,,
fvg_nested,short_age8h_sesslondon_sw30_inside1_TP4.0R,1782741793,51.0,52.44705122414629,8.391004914699057,0.5490196078431373,2.526636352488283,-10.003732556072649,0.8387874093660566,6/7,"{2020: 9.58, 2021: 1.24, 2022: 26.51, 2023: 13.61, 2024: 0.5, 2025: -1.03, 2026: 2.04}",8.159491156532942,False,True,False,False,False,FVG nested phase2,,
fvg_nested,short_age8h_sesslondon_sw30_inside0_TP3.0R,1782741794,38.0,39.23213108869082,6.276749542551252,0.5789473684210527,3.1167223056274738,-3.0458221024288363,2.0607735223754435,6/7,"{2020: 4.91, 2021: -0.81, 2022: 19.87, 2023: 8.44, 2024: 1.0, 2025: 0.79, 2026: 5.04}",6.079620861730427,False,True,True,False,False,FVG nested phase2,,
fvg_nested,short_age8h_sesslondon_sw30_inside0_TP4.0R,1782741794,38.0,43.07686077202285,6.891867931774925,0.5263157894736842,2.8160776765611883,-7.04582210242884,0.9781495802170702,6/7,"{2020: 6.91, 2021: 0.19, 2022: 24.74, 2023: 4.44, 2024: -2.03, 2025: 1.79, 2026: 7.04}",6.079620861730427,False,True,False,False,False,FVG nested phase2,,
fvg_nested,short_age12h_sesslondon_sw20_inside1_TP3.0R,1782741797,59.0,48.455081977429145,7.7523296643904285,0.576271186440678,2.4546597710406663,-11.312265318675848,0.6853030269358882,6/7,"{2020: 12.38, 2021: 2.7, 2022: 15.98, 2023: 18.65, 2024: 0.09, 2025: -2.12, 2026: 0.77}",9.439411337949874,False,True,False,False,False,FVG nested phase2,,
fvg_nested,short_age12h_sesslondon_sw20_inside0_TP2.0R,1782741798,49.0,27.531215103294656,4.404719728704684,0.5714285714285714,2.1789166625377314,-6.615817087360721,0.665786201544136,6/7,"{2020: 6.72, 2021: 2.72, 2022: 10.89, 2023: 6.68, 2024: -3.59, 2025: 1.32, 2026: 2.79}",7.839511111178709,False,True,False,False,False,FVG nested phase2,,
fvg_nested,short_age12h_sesslondon_sw20_inside0_TP4.0R,1782741798,49.0,50.160039965468606,8.025105931560391,0.4693877551020408,2.6213804401808445,-10.32166999679398,0.7775007275036961,6/7,"{2020: 9.72, 2021: 0.72, 2022: 23.4, 2023: 14.84, 2024: -5.62, 2025: 0.32, 2026: 6.78}",7.839511111178709,False,True,False,False,False,FVG nested phase2,,
fvg_nested,short_age12h_sesslondon_sw30_inside1_TP4.0R,1782741799,67.0,67.01553762112079,10.721817383722268,0.5373134328358209,2.5271752624088655,-12.423386341699649,0.863035012260225,6/7,"{2020: 12.44, 2021: 2.86, 2022: 31.09, 2023: 21.54, 2024: 0.5, 2025: -2.43, 2026: 1.01}",10.719331519366806,False,True,False,False,False,FVG nested phase2,,
fvg_nested,short_age24h_sesslondon_sw20_inside1_TP3.0R,1782741804,109.0,28.404276250535347,4.293821075396256,0.4128440366972477,1.3451158479149312,-11.38240487637339,0.3772332052876627,6/8,"{2019: -2.67, 2020: 9.7, 2021: 2.87, 2022: 1.93, 2023: 13.78, 2024: -2.43, 2025: 0.53, 2026: 4.7}",16.47732521293764,False,True,False,False,False,FVG nested phase2,,
fvg_nested,short_age24h_sesslondon_sw20_inside0_TP2.0R,1782741805,94.0,19.489632953499665,2.94621119684037,0.4468085106382978,1.3362114478523086,-13.66733412430632,0.2155659011511803,6/8,"{2019: -1.31, 2020: 6.04, 2021: 2.71, 2022: 7.17, 2023: 0.1, 2024: -6.0, 2025: 3.06, 2026: 7.72}",14.209803394643467,False,True,False,False,False,FVG nested phase2,,
fvg_nested,short_age24h_sesslondon_sw20_inside0_TP4.0R,1782741805,94.0,37.942676565673594,5.735723130476254,0.3297872340425531,1.525338672245032,-18.428970058600513,0.3112340576949107,6/8,"{2019: -1.31, 2020: 3.04, 2021: 1.71, 2022: 19.5, 2023: 12.27, 2024: -11.03, 2025: 1.06, 2026: 12.71}",14.209803394643467,False,True,False,False,False,FVG nested phase2,,
fvg_nested,short_age48h_sesslondon_sw20_inside1_TP3.0R,1782741810,125.0,32.11143510285353,4.854225314163846,0.408,1.3421049292355989,-13.4328074930038,0.3613708687995468,6/8,"{2019: -2.67, 2020: 11.55, 2021: 3.53, 2022: 2.39, 2023: 13.78, 2024: -7.58, 2025: 5.45, 2026: 5.65}",18.896015152451422,False,True,False,False,False,FVG nested phase2,,
fvg_nested,short_age48h_sesslondon_sw20_inside1_TP4.0R,1782741810,125.0,42.60541566393145,6.440580639697119,0.36,1.41655223622433,-14.9695982080817,0.430244055329422,6/8,"{2019: -2.67, 2020: 8.55, 2021: 9.53, 2022: 12.39, 2023: 20.78, 2024: -12.08, 2025: 1.45, 2026: 4.65}",18.896015152451422,False,True,False,False,False,FVG nested phase2,,
fvg_nested,short_age48h_sesslondon_sw20_inside0_TP2.0R,1782741811,106.0,21.613517364869736,3.267274812994804,0.4433962264150943,1.3292633222494528,-15.74703709460335,0.2074850521635291,6/8,"{2019: -1.31, 2020: 6.89, 2021: 2.18, 2022: 7.17, 2023: 0.1, 2024: -8.08, 2025: 5.97, 2026: 8.69}",16.023820849278806,False,True,False,False,False,FVG nested phase2,,
fvg_nested,short_age48h_sesslondon_sw20_inside0_TP4.0R,1782741811,106.0,45.066560977043665,6.812627352728745,0.330188679245283,1.5569428995814985,-18.6559669164305,0.3651714962427809,6/8,"{2019: -1.31, 2020: 5.89, 2021: 3.18, 2022: 19.5, 2023: 12.27, 2024: -13.11, 2025: 2.97, 2026: 15.68}",16.023820849278806,False,True,False,False,False,FVG nested phase2,,
fvg_nested,short_age72h_sesslondon_sw20_inside1_TP3.0R,1782741817,145.0,34.994585895237556,5.290065802641373,0.4,1.321432084087108,-16.842011452401742,0.3140994065698125,6/8,"{2019: -2.67, 2020: 12.38, 2021: 6.41, 2022: 0.07, 2023: 12.59, 2024: -7.84, 2025: 8.39, 2026: 5.65}",21.91937757684365,False,True,False,False,False,FVG nested phase2,,
fvg_nested,short_age72h_sesslondon_sw20_inside1_TP4.0R,1782741817,145.0,39.38995710106902,5.954505809889694,0.3448275862068966,1.3295565356088277,-19.600854856622934,0.3037880670739075,6/8,"{2019: -2.67, 2020: 10.38, 2021: 7.31, 2022: 10.07, 2023: 20.59, 2024: -11.35, 2025: 0.39, 2026: 4.65}",21.91937757684365,False,True,False,False,False,FVG nested phase2,,
fvg_nested,short_age72h_sesslondon_sw20_inside0_TP2.0R,1782741818,121.0,26.28011985457992,3.972716343843053,0.4462809917355372,1.3536636305473746,-14.263986811337036,0.2785137420826506,6/8,"{2019: -1.31, 2020: 6.72, 2021: 3.86, 2022: 5.95, 2023: 2.67, 2024: -7.2, 2025: 7.91, 2026: 7.67}",18.291342667572977,False,True,False,False,False,FVG nested phase2,,
fvg_nested,short_age72h_sesslondon_sw20_inside0_TP4.0R,1782741818,121.0,48.097680955165174,7.270836065012603,0.3305785123966942,1.523288897072814,-18.68951087719563,0.389032977523465,6/8,"{2019: -1.31, 2020: 7.72, 2021: 3.22, 2022: 18.28, 2023: 13.84, 2024: -10.23, 2025: 1.91, 2026: 14.66}",18.291342667572977,False,True,False,False,False,FVG nested phase2,,
vwap_mss,long_M15_sw5_sessny_atr1.2_prox0.25_wait5_RR4.0,1782742543,195.0,39.76781731726945,6.049670259279967,0.4153846153846154,1.373448528199749,-23.8387121090332,0.2537750458837735,6/8,"{2019: 6.76, 2020: 6.54, 2021: -10.31, 2022: 16.33, 2023: -9.63, 2024: 14.24, 2025: 12.86, 2026: 2.96}",29.664331113473175,False,True,False,False,False,VWAP-MSS phase1,,
vwap_mss,long_M15_sw5_sessoverlap_atr1.2_prox0.25_wait5_RR4.0,1782742543,122.0,24.671457123423515,3.7531398623645726,0.4016393442622951,1.3343069168967507,-19.284444515183935,0.1946200658986819,6/8,"{2019: 4.7, 2020: 0.14, 2021: -8.0, 2022: 10.69, 2023: -8.84, 2024: 8.93, 2025: 14.09, 2026: 2.96}",18.559222542788348,False,True,False,False,False,VWAP-MSS phase1,,
vwap_mss,short_M15_sw5_sesslondon_atr1.2_prox0.25_wait5_RR4.0,1782742543,205.0,41.7627497824746,6.2465354472897525,0.3658536585365853,1.347720356439407,-10.298025148486518,0.6065760529054247,6/8,"{2019: -1.73, 2020: 12.19, 2021: 3.6, 2022: -2.34, 2023: 17.23, 2024: 0.61, 2025: 5.64, 2026: 6.56}",30.66224741819485,False,True,False,False,False,VWAP-MSS phase1,,
vwap_mss,short_M15_sw5_sesslondon_ny_atr1.2_prox0.25_wait5_RR4.0,1782742543,265.0,47.27724896553605,7.071349780648111,0.3660377358490566,1.3095351875461376,-11.513617276269754,0.614172732250062,7/8,"{2019: 3.48, 2020: 8.35, 2021: 2.56, 2022: 7.49, 2023: 18.1, 2024: -0.73, 2025: 2.48, 2026: 5.55}",39.63656373571529,False,True,False,True,False,VWAP-MSS phase1,,
vwap_mss,long_M5_sw5_sessoverlap_atr2.0_prox0.25_wait3_RR4.0,1782742593,139.0,45.266968503936624,6.773374552800547,0.3741007194244604,1.522094065053548,-9.327242559428877,0.7261926029738948,7/8,"{2019: 5.08, 2020: 10.66, 2021: 9.65, 2022: 2.68, 2023: -1.39, 2024: 4.17, 2025: 11.77, 2026: 2.65}",20.798809682989905,False,True,False,True,False,VWAP-MSS phase2,,
vwap_mss,long_M5_sw5_sessoverlap_atr2.0_prox1.0_wait3_RR4.0,1782742593,222.0,70.01180700312347,10.475987405900607,0.3693693693693693,1.504159879908346,-14.367905171553415,0.7291242029242858,8/8,"{2019: 4.01, 2020: 3.83, 2021: 12.35, 2022: 9.63, 2023: 1.65, 2024: 13.77, 2025: 22.2, 2026: 2.57}",33.218242803048625,False,True,False,True,False,VWAP-MSS phase2,,
vwap_mss,long_M5_sw7_sessoverlap_atr2.0_prox0.25_wait3_RR4.0,1782742615,124.0,39.21722976670175,5.9512468224667305,0.3790322580645161,1.528716303023217,-6.9182710774214335,0.8602216877406413,7/8,"{2019: -0.6, 2020: 8.19, 2021: 11.23, 2022: 4.41, 2023: 0.22, 2024: 5.29, 2025: 7.89, 2026: 2.6}",18.81710182937121,False,True,False,True,False,VWAP-MSS phase2,,
vwap_mss,long_M5_sw7_sessoverlap_atr2.0_prox0.5_wait3_RR4.0,1782742616,180.0,62.020387621592526,9.41164475300468,0.3944444444444444,1.5803141271957402,-11.456671042360082,0.8214990827794489,6/8,"{2019: -0.6, 2020: 6.06, 2021: 17.15, 2022: 8.51, 2023: -2.62, 2024: 14.02, 2025: 15.71, 2026: 3.8}",27.315147816829175,False,True,False,False,False,VWAP-MSS phase2,,
vwap_mss,long_M5_sw7_sessoverlap_atr2.0_prox1.0_wait3_RR4.0,1782742616,199.0,68.45970656704357,10.269483165917208,0.3869346733668342,1.5774183563912043,-11.607297831423365,0.8847436599856675,7/8,"{2019: -1.66, 2020: 4.0, 2021: 16.2, 2022: 11.43, 2023: 5.1, 2024: 15.92, 2025: 13.66, 2026: 3.8}",29.851532419528723,False,True,False,True,False,VWAP-MSS phase2,,
vwap_mss,long_M15_sw3_sessny_atr1.5_prox0.25_wait5_RR4.0,1782742649,231.0,66.08402849133947,10.053017961432252,0.4285714285714285,1.545776333860065,-19.76525700702723,0.508620654811524,6/8,"{2019: 6.74, 2020: 14.52, 2021: -7.88, 2022: 16.94, 2023: -6.99, 2024: 22.34, 2025: 12.0, 2026: 8.41}",35.14082301134515,False,True,False,False,False,VWAP-MSS phase2,,
vwap_mss,long_M15_sw3_sessny_atr1.5_prox0.25_wait8_RR4.0,1782742649,283.0,79.38977722281625,11.957881854948276,0.4416961130742049,1.5492826010644845,-19.77394826073976,0.6047290959433775,7/8,"{2019: 13.15, 2020: 25.47, 2021: -17.26, 2022: 16.36, 2023: 4.76, 2024: 20.52, 2025: 9.12, 2026: 7.28}",42.62615015850924,False,True,False,True,False,VWAP-MSS phase2,,
vwap_mss,long_M15_sw3_sessny_atr1.5_prox1.0_wait5_RR4.0,1782742649,385.0,102.77292353849732,15.524656285477397,0.4363636363636363,1.5019454247642583,-19.334483520142506,0.8029516935016101,7/8,"{2019: 9.69, 2020: 13.78, 2021: -7.0, 2022: 22.76, 2023: 1.78, 2024: 35.54, 2025: 16.22, 2026: 10.02}",58.15727006802428,False,True,False,True,False,VWAP-MSS phase2,,
vwap_mss,long_M15_sw3_sessny_atr2.0_prox0.25_wait5_RR4.0,1782742649,226.0,59.463764357252984,9.045911769985114,0.4424778761061947,1.5329784589866249,-18.79570317742931,0.4812755173133312,6/8,"{2019: 6.4, 2020: 11.7, 2021: -6.76, 2022: 17.03, 2023: -5.29, 2024: 19.7, 2025: 12.04, 2026: 4.65}",34.38019913664071,False,True,False,False,False,VWAP-MSS phase2,,
vwap_mss,long_M15_sw3_sessny_atr2.0_prox0.25_wait8_RR3.0,1782742649,275.0,66.26285603589936,9.980672972854864,0.4654545454545454,1.508314784160421,-18.624932620236063,0.5358769975903602,7/8,"{2019: 10.45, 2020: 21.04, 2021: -12.36, 2022: 15.81, 2023: 6.51, 2024: 13.96, 2025: 5.13, 2026: 5.72}",41.42117064872806,False,True,False,True,False,VWAP-MSS phase2,,
vwap_mss,long_M15_sw3_sessny_atr2.0_prox0.25_wait8_RR4.0,1782742649,275.0,76.30558317372443,11.493333025780188,0.4618181818181818,1.5808484211340728,-17.957671968117218,0.6400235535088246,7/8,"{2019: 12.45, 2020: 22.59, 2021: -11.65, 2022: 17.41, 2023: 7.54, 2024: 16.19, 2025: 9.38, 2026: 2.39}",41.42117064872806,False,True,False,True,False,VWAP-MSS phase2,,
vwap_mss,long_M15_sw3_sessoverlap_atr0.8_prox0.25_wait8_RR4.0,1782742651,144.0,45.00339935026338,6.8461319977337265,0.3819444444444444,1.500382042539552,-21.361767199690803,0.3204852825955719,6/8,"{2019: 11.68, 2020: 8.37, 2021: -10.22, 2022: 7.92, 2023: -3.43, 2024: 6.31, 2025: 12.84, 2026: 11.54}",21.905967591487887,False,True,False,False,False,VWAP-MSS phase2,,
vwap_mss,long_M15_sw3_sessoverlap_atr0.8_prox1.0_wait5_RR4.0,1782742652,220.0,70.42221228087607,10.651272274583269,0.4090909090909091,1.524176474624292,-23.929465847418125,0.4451111588741329,7/8,"{2019: 11.59, 2020: 3.5, 2021: -12.45, 2022: 11.24, 2023: 6.63, 2024: 29.02, 2025: 15.45, 2026: 5.44}",33.27472717077169,False,True,False,True,False,VWAP-MSS phase2,,
vwap_mss,long_M15_sw3_sessoverlap_atr0.8_prox1.0_wait8_RR4.0,1782742652,250.0,77.07236759103536,11.657100018168762,0.4,1.5039768606224762,-29.70387399238288,0.3924437607417151,7/8,"{2019: 14.54, 2020: 8.72, 2021: -16.71, 2022: 9.66, 2023: 3.81, 2024: 26.63, 2025: 19.52, 2026: 10.91}",37.81218996678601,False,True,False,True,False,VWAP-MSS phase2,,
vwap_mss,long_M15_sw3_sessoverlap_atr1.2_prox1.0_wait5_RR4.0,1782742652,237.0,72.33146295536471,10.940044071375182,0.4261603375527426,1.5210696065749263,-22.66410191935516,0.4827036213613377,7/8,"{2019: 11.53, 2020: 2.01, 2021: -7.72, 2022: 10.9, 2023: 0.97, 2024: 31.31, 2025: 19.68, 2026: 3.64}",35.845956088513134,False,True,False,True,False,VWAP-MSS phase2,,
vwap_mss,long_M15_sw3_sessoverlap_atr1.5_prox0.25_wait5_RR4.0,1782742652,140.0,45.94673836408667,6.9896372329045535,0.4428571428571428,1.5850633831590664,-17.299116030687465,0.4040459189073828,6/8,"{2019: 4.66, 2020: 8.54, 2021: -7.58, 2022: 7.04, 2023: -6.35, 2024: 16.3, 2025: 17.48, 2026: 5.85}",21.297468491724334,False,True,False,False,False,VWAP-MSS phase2,,
vwap_mss,long_M15_sw3_sessoverlap_atr1.5_prox0.25_wait8_RR3.0,1782742652,166.0,48.290734098692326,7.346217056493841,0.4518072289156626,1.5369785313967863,-21.936234212734277,0.3348896162053769,7/8,"{2019: 9.15, 2020: 11.75, 2021: -15.59, 2022: 9.09, 2023: 2.07, 2024: 11.73, 2025: 11.37, 2026: 8.73}",25.252712640187426,False,True,False,True,False,VWAP-MSS phase2,,
vwap_mss,long_M15_sw3_sessoverlap_atr1.5_prox0.25_wait8_RR4.0,1782742652,166.0,53.62979469695065,8.158420448399651,0.4397590361445783,1.5829989419881605,-22.473156073630474,0.3630295816782303,7/8,"{2019: 11.15, 2020: 10.63, 2021: -15.59, 2022: 7.33, 2023: 2.51, 2024: 14.84, 2025: 17.04, 2026: 5.73}",25.252712640187426,False,True,False,True,False,VWAP-MSS phase2,,
vwap_mss,long_M15_sw3_sessoverlap_atr1.5_prox1.0_wait5_RR4.0,1782742652,247.0,75.20337832722117,11.37441770981186,0.4493927125506073,1.5455341790139674,-19.65767934132908,0.5786246439526478,6/8,"{2019: 9.08, 2020: 6.18, 2021: -6.46, 2022: 9.67, 2023: -1.01, 2024: 33.1, 2025: 19.02, 2026: 5.63}",37.358443687184575,False,True,False,False,False,VWAP-MSS phase2,,
vwap_mss,long_M15_sw3_sessoverlap_atr1.5_prox1.0_wait8_RR4.0,1782742652,298.0,84.9994443288831,12.856060544139918,0.436241610738255,1.5111087239941678,-27.37343901657781,0.4696545631827288,7/8,"{2019: 10.79, 2020: 13.37, 2021: -16.69, 2022: 7.48, 2023: 3.98, 2024: 28.68, 2025: 31.48, 2026: 5.92}",45.07213044040892,False,True,False,True,False,VWAP-MSS phase2,,
vwap_mss,long_M15_sw3_sessoverlap_atr2.0_prox0.25_wait5_RR4.0,1782742652,142.0,42.4347347682898,6.455374476302365,0.4577464788732394,1.5576091728667607,-17.319462320690402,0.3727237229870907,6/8,"{2019: 4.58, 2020: 6.84, 2021: -6.95, 2022: 8.26, 2023: -4.14, 2024: 14.8, 2025: 14.39, 2026: 4.65}",21.60171804160611,False,True,False,False,False,VWAP-MSS phase2,,
vwap_mss,long_M15_sw3_sessoverlap_atr2.0_prox0.25_wait8_RR3.0,1782742652,169.0,44.45239333500382,6.76231033167129,0.4674556213017751,1.5085812982751363,-19.74578553256539,0.3424685394520602,7/8,"{2019: 8.86, 2020: 7.83, 2021: -10.88, 2022: 6.51, 2023: 4.89, 2024: 10.0, 2025: 10.51, 2026: 6.74}",25.709086965010087,False,True,False,True,False,VWAP-MSS phase2,,
vwap_mss,long_M15_sw3_sessoverlap_atr2.0_prox0.25_wait8_RR4.0,1782742652,169.0,53.61308781757566,8.155878918134766,0.4615384615384615,1.6063733964207842,-19.74578553256539,0.4130440343679326,7/8,"{2019: 10.86, 2020: 8.83, 2021: -10.18, 2022: 8.51, 2023: 6.21, 2024: 12.22, 2025: 13.76, 2026: 3.4}",25.709086965010087,False,True,False,True,False,VWAP-MSS phase2,,
vwap_mss,long_M15_sw3_sessoverlap_atr2.0_prox1.0_wait5_RR4.0,1782742653,254.0,68.63096193366283,10.380347880955672,0.4645669291338583,1.5126736134287015,-15.845339735658936,0.6551041539106515,6/8,"{2019: 6.95, 2020: 5.39, 2021: -2.97, 2022: 10.42, 2023: -2.38, 2024: 27.54, 2025: 20.05, 2026: 3.64}",38.417185006254584,False,True,False,False,False,VWAP-MSS phase2,,
vwap_mss,long_M15_sw3_sessoverlap_atr2.0_prox1.0_wait8_RR4.0,1782742653,308.0,81.62528401785036,12.34572298150328,0.4545454545454545,1.502563995007516,-18.530938230710618,0.6662222294305198,7/8,"{2019: 8.87, 2020: 12.07, 2021: -7.58, 2022: 7.37, 2023: 4.22, 2024: 21.99, 2025: 32.16, 2026: 2.51}",46.58461803908036,False,True,False,True,False,VWAP-MSS phase2,,
vwap_mss,long_M15_sw5_sessny_atr1.5_prox0.25_wait8_RR4.0,1782742660,237.0,60.07273583072045,9.096363895805831,0.4556962025316455,1.5038870176000596,-25.21788639988901,0.360710796755983,7/8,"{2019: 12.93, 2020: 12.43, 2021: -14.8, 2022: 11.03, 2023: 6.72, 2024: 17.21, 2025: 11.73, 2026: 2.83}",35.887132714929784,False,True,False,True,False,VWAP-MSS phase2,,
vwap_mss,long_M15_sw5_sessny_atr2.0_prox0.25_wait8_RR4.0,1782742661,224.0,57.762902648834704,8.746603178727005,0.46875,1.545066315044512,-19.09652977858637,0.4580205555741802,6/8,"{2019: 12.29, 2020: 10.44, 2021: -7.73, 2022: 11.63, 2023: 5.15, 2024: 14.49, 2025: 11.91, 2026: -0.41}",33.918640203140384,False,True,False,False,False,VWAP-MSS phase2,,
vwap_mss,long_M15_sw5_sessoverlap_atr1.5_prox0.25_wait8_RR4.0,1782742663,150.0,50.43295539195191,7.672101988604533,0.4533333333333333,1.622055744682101,-19.875644154397797,0.3860051995802591,7/8,"{2019: 10.75, 2020: 2.34, 2021: -10.63, 2022: 6.21, 2023: 7.18, 2024: 14.14, 2025: 16.59, 2026: 3.84}",22.818716241133213,False,True,False,True,False,VWAP-MSS phase2,,
vwap_mss,long_M15_sw5_sessoverlap_atr1.5_prox1.0_wait8_RR4.0,1782742663,270.0,74.83402521482637,11.318553509609076,0.4481481481481481,1.5079859840372056,-27.228778903990467,0.4156834777467859,7/8,"{2019: 8.24, 2020: 2.75, 2021: -11.53, 2022: 6.94, 2023: 3.78, 2024: 26.2, 2025: 34.31, 2026: 4.14}",40.83716516412889,False,True,False,True,False,VWAP-MSS phase2,,
vwap_mss,long_M15_sw5_sessoverlap_atr2.0_prox0.25_wait8_RR4.0,1782742663,152.0,48.51373894113544,7.380141617961228,0.4671052631578947,1.6243580463955982,-16.429626721975847,0.4491971572360643,7/8,"{2019: 10.53, 2020: 2.05, 2021: -5.41, 2022: 9.33, 2023: 5.74, 2024: 11.31, 2025: 14.36, 2026: 0.6}",23.12296579101499,False,True,False,True,False,VWAP-MSS phase2,,
vwap_mss,short_M15_sw5_sesslondon_atr0.8_prox0.25_wait3_RR4.0,1782742664,134.0,41.23883040198468,6.372479096460718,0.3507462686567164,1.5099158313684615,-8.620573692930172,0.7392175188626783,6/8,"{2019: -1.31, 2020: 12.09, 2021: 10.35, 2022: -1.39, 2023: 6.88, 2024: 1.02, 2025: 5.34, 2026: 8.26}",20.70650866191007,False,True,False,False,False,VWAP-MSS phase2,,
vwap_mss,long_M15_sw7_sessny_atr1.2_prox1.0_wait3_RR3.0,1782742671,194.0,49.6396569684748,7.500850820053525,0.4587628865979381,1.502652018890588,-13.390111910738275,0.5601783517610615,7/8,"{2019: 3.17, 2020: 6.31, 2021: 3.17, 2022: 10.07, 2023: -2.27, 2024: 22.77, 2025: 2.69, 2026: 3.73}",29.3145671819314,False,True,False,True,False,VWAP-MSS phase2,,
vwap_mss,long_M15_sw7_sessny_atr1.2_prox1.0_wait3_RR4.0,1782742671,194.0,52.63623143185062,7.953651250065331,0.4536082474226804,1.527317156858788,-12.774249527803816,0.6226315865173759,7/8,"{2019: 3.17, 2020: 6.81, 2021: 3.87, 2022: 8.75, 2023: -7.17, 2024: 27.77, 2025: 4.76, 2026: 4.69}",29.3145671819314,False,True,False,True,False,VWAP-MSS phase2,,
vwap_mss,long_M15_sw7_sessny_atr1.2_prox1.0_wait5_RR4.0,1782742671,273.0,71.71571919743745,10.836676641308287,0.4688644688644688,1.5313312980135698,-16.411099469492793,0.6603260592901159,6/8,"{2019: 5.09, 2020: 7.77, 2021: -2.96, 2022: 14.69, 2023: -5.85, 2024: 27.65, 2025: 17.45, 2026: 7.88}",41.251942477666354,False,True,False,False,False,VWAP-MSS phase2,,
vwap_mss,long_M15_sw7_sessny_atr1.2_prox1.0_wait8_RR4.0,1782742671,355.0,89.31604650550484,13.47569235492389,0.4676056338028169,1.5165060459667703,-24.94532618817971,0.5402091058368007,7/8,"{2019: 8.04, 2020: 17.03, 2021: -14.83, 2022: 13.84, 2023: 2.95, 2024: 22.22, 2025: 34.6, 2026: 5.46}",53.56115696078347,False,True,False,True,False,VWAP-MSS phase2,,
vwap_mss,long_M15_sw7_sessny_atr1.5_prox0.25_wait8_RR4.0,1782742671,207.0,50.36968940968599,7.627104340317276,0.4685990338164251,1.5017280566425308,-19.72042150637636,0.3867617301106441,7/8,"{2019: 12.85, 2020: 7.83, 2021: -10.84, 2022: 8.83, 2023: 7.42, 2024: 11.4, 2025: 11.48, 2026: 1.39}",31.344457687723484,False,True,False,True,False,VWAP-MSS phase2,,
vwap_mss,long_M15_sw7_sessny_atr2.0_prox0.25_wait8_RR4.0,1782742672,197.0,53.253401577396744,8.063763248647629,0.482233502538071,1.5894764675541235,-16.427409849700425,0.4908724700013911,7/8,"{2019: 12.24, 2020: 7.54, 2021: -5.21, 2022: 9.74, 2023: 4.98, 2024: 10.6, 2025: 11.25, 2026: 2.11}",29.830232678654713,False,True,False,True,False,VWAP-MSS phase2,,
vwap_mss,long_M15_sw7_sessny_atr2.0_prox1.0_wait8_RR4.0,1782742672,339.0,80.71587352574281,12.178128369405798,0.4896755162241888,1.514919080535151,-21.175227044561787,0.5751120563561267,7/8,"{2019: 7.33, 2020: 13.69, 2021: -8.56, 2022: 13.17, 2023: 5.14, 2024: 18.94, 2025: 27.95, 2026: 3.06}",51.14713298508619,False,True,False,True,False,VWAP-MSS phase2,,
vwap_mss,long_M15_sw7_sessoverlap_atr1.2_prox0.25_wait8_RR4.0,1782742674,138.0,42.51315001652525,6.483674660325607,0.463768115942029,1.5895446749068909,-19.768065388473957,0.3279873135236594,7/8,"{2019: 10.84, 2020: 3.59, 2021: -12.56, 2022: 8.79, 2023: 2.52, 2024: 10.03, 2025: 15.66, 2026: 3.64}",21.046361014818647,False,True,False,True,False,VWAP-MSS phase2,,
vwap_mss,long_M15_sw7_sessoverlap_atr1.2_prox1.0_wait8_RR4.0,1782742674,241.0,67.3266360571915,10.183070209676757,0.4647302904564315,1.53631506613207,-25.757615489621507,0.3953421159571161,6/8,"{2019: 9.63, 2020: 5.2, 2021: -11.78, 2022: 7.66, 2023: -0.2, 2024: 22.65, 2025: 30.16, 2026: 4.01}",36.45095112798171,False,True,False,False,False,VWAP-MSS phase2,,
vwap_mss,long_M15_sw7_sessoverlap_atr1.5_prox0.25_wait8_RR4.0,1782742674,138.0,45.915245072328,7.002527709247015,0.4710144927536231,1.65027006127114,-17.87356945273537,0.3917811564032806,7/8,"{2019: 10.7, 2020: 0.81, 2021: -9.81, 2022: 8.04, 2023: 6.82, 2024: 12.37, 2025: 14.58, 2026: 2.4}",21.046361014818647,False,True,False,True,False,VWAP-MSS phase2,,
vwap_mss,long_M15_sw7_sessoverlap_atr1.5_prox0.5_wait8_RR4.0,1782742674,197.0,55.12428588808313,8.337479879134483,0.4720812182741117,1.5450279208107005,-26.14728571875387,0.3188659797737442,7/8,"{2019: 11.44, 2020: 4.06, 2021: -12.15, 2022: 2.89, 2023: 3.18, 2024: 20.61, 2025: 24.51, 2026: 0.59}",29.796005693827375,False,True,False,True,False,VWAP-MSS phase2,,
vwap_mss,long_M15_sw7_sessoverlap_atr1.5_prox1.0_wait8_RR4.0,1782742674,248.0,70.60004371263135,10.67816905810165,0.4717741935483871,1.5591799862909692,-24.489338993663964,0.4360333719445989,7/8,"{2019: 9.32, 2020: 2.99, 2021: -9.66, 2022: 5.47, 2023: 3.59, 2024: 24.16, 2025: 32.15, 2026: 2.58}",37.50969244705172,False,True,False,True,False,VWAP-MSS phase2,,
vwap_mss,long_M15_sw7_sessoverlap_atr2.0_prox0.25_wait8_RR3.0,1782742675,140.0,34.089416371808476,5.198972201054714,0.4785714285714286,1.500885383527828,-15.960164666601164,0.3257467770325877,7/8,"{2019: 8.49, 2020: 0.53, 2021: -5.54, 2022: 7.51, 2023: 2.1, 2024: 8.37, 2025: 11.06, 2026: 1.57}",21.351380739671093,False,True,False,True,False,VWAP-MSS phase2,,
vwap_mss,long_M15_sw7_sessoverlap_atr2.0_prox0.25_wait8_RR4.0,1782742675,140.0,47.84899862863657,7.297444198085853,0.4785714285714286,1.7030587959654078,-15.960164666601164,0.4572286283083756,7/8,"{2019: 10.49, 2020: 1.53, 2021: -4.95, 2022: 9.51, 2023: 4.77, 2024: 10.51, 2025: 12.87, 2026: 3.12}",21.351380739671093,False,True,False,True,False,VWAP-MSS phase2,,
vwap_mss,long_M15_sw7_sessoverlap_atr2.0_prox0.5_wait8_RR4.0,1782742675,197.0,54.5282578736743,8.24733138110907,0.482233502538071,1.5626687618910526,-21.669758235015284,0.380591757954297,7/8,"{2019: 10.98, 2020: 4.46, 2021: -8.39, 2022: 5.3, 2023: 2.02, 2024: 16.86, 2025: 22.06, 2026: 1.25}",29.796005693827375,False,True,False,True,False,VWAP-MSS phase2,,
vwap_mss,long_M15_sw7_sessoverlap_atr2.0_prox1.0_wait8_RR4.0,1782742675,250.0,68.01675616443491,10.287450020056705,0.488,1.561600718350307,-21.06148396303269,0.4884484891051995,7/8,"{2019: 8.88, 2020: 5.01, 2021: -6.37, 2022: 7.56, 2023: 3.0, 2024: 19.05, 2025: 27.9, 2026: 3.0}",37.81218996678601,False,True,False,True,False,VWAP-MSS phase2,,
vwap_mss,long_M15_sw10_sessny_atr1.2_prox0.25_wait8_RR4.0,1782742682,182.0,45.86031010724062,6.99414958527915,0.4725274725274725,1.5334641247932257,-18.12077529475403,0.3859740806622087,7/8,"{2019: 6.89, 2020: 12.25, 2021: -9.91, 2022: 9.16, 2023: 0.79, 2024: 13.92, 2025: 10.42, 2026: 2.34}",27.75679496157242,False,True,False,True,False,VWAP-MSS phase2,,
vwap_mss,long_M15_sw10_sessny_atr1.2_prox1.0_wait5_RR4.0,1782742682,237.0,60.23910227614831,9.111089514777484,0.4810126582278481,1.5298816927772674,-16.49617407727707,0.5523153109379286,6/8,"{2019: 3.61, 2020: 6.75, 2021: -1.77, 2022: 13.71, 2023: -5.01, 2024: 23.36, 2025: 15.22, 2026: 4.37}",35.845956088513134,False,True,False,False,False,VWAP-MSS phase2,,
vwap_mss,long_M15_sw10_sessny_atr1.2_prox1.0_wait8_RR4.0,1782742682,310.0,77.78388695731283,11.764716439939685,0.4774193548387097,1.5302841004703096,-23.51025824976694,0.5004077928432075,7/8,"{2019: 5.71, 2020: 14.74, 2021: -12.26, 2022: 12.62, 2023: 0.75, 2024: 25.74, 2025: 27.12, 2026: 3.36}",46.88711555881465,False,True,False,True,False,VWAP-MSS phase2,,
vwap_mss,long_M15_sw10_sessny_atr2.0_prox1.0_wait8_RR4.0,1782742683,294.0,67.04978604489905,10.14054086945304,0.4931972789115646,1.5061999671669848,-19.767082527427576,0.5130013928652676,7/8,"{2019: 4.36, 2020: 10.65, 2021: -9.46, 2022: 13.1, 2023: 0.62, 2024: 20.58, 2025: 23.46, 2026: 3.75}",44.464258448532426,False,True,False,True,False,VWAP-MSS phase2,,
vwap_mss,long_M15_sw10_sessoverlap_atr1.2_prox0.25_wait5_RR4.0,1782742685,94.0,27.414008293835376,4.1809066334441445,0.4574468085106383,1.5600224432659957,-10.170938213416242,0.4110640086210739,6/8,"{2019: 0.67, 2020: 2.2, 2021: -1.05, 2022: 10.67, 2023: -7.02, 2024: 11.53, 2025: 7.07, 2026: 3.35}",14.335927068064876,False,True,False,False,False,VWAP-MSS phase2,,
vwap_mss,long_M15_sw10_sessoverlap_atr1.2_prox0.25_wait8_RR4.0,1782742685,123.0,36.96863585853012,5.63808156886953,0.4796747967479675,1.6169892217563642,-14.484581172424544,0.389247124356153,6/8,"{2019: 5.93, 2020: 4.0, 2021: -8.04, 2022: 9.92, 2023: -0.41, 2024: 14.94, 2025: 8.28, 2026: 2.34}",18.758713078425316,False,True,False,False,False,VWAP-MSS phase2,,
vwap_mss,long_M15_sw10_sessoverlap_atr1.2_prox0.5_wait5_RR4.0,1782742685,130.0,37.01076588793187,5.597832442282893,0.4846153846153846,1.5662333094478658,-12.619146582739182,0.4435983373027589,6/8,"{2019: 4.9, 2020: 1.68, 2021: -2.42, 2022: 7.63, 2023: -8.16, 2024: 22.12, 2025: 8.44, 2026: 2.82}",19.662338782728725,False,True,False,False,False,VWAP-MSS phase2,,
vwap_mss,long_M15_sw10_sessoverlap_atr1.2_prox0.5_wait8_RR4.0,1782742685,171.0,46.347932299018446,7.01006728263289,0.4853801169590643,1.5484693978342463,-23.92088698201649,0.2930521467662548,6/8,"{2019: 7.89, 2020: 7.46, 2021: -11.45, 2022: 4.82, 2023: -1.87, 2024: 22.96, 2025: 14.71, 2026: 1.81}",25.86353793728163,False,True,False,False,False,VWAP-MSS phase2,,
vwap_mss,long_M15_sw10_sessoverlap_atr1.2_prox1.0_wait8_RR4.0,1782742685,221.0,65.29458216998553,9.875724579253646,0.4932126696832579,1.6096047799115305,-21.40238375914729,0.4614310578854471,6/8,"{2019: 5.79, 2020: 7.09, 2021: -8.67, 2022: 8.62, 2023: -2.87, 2024: 27.61, 2025: 23.81, 2026: 3.92}",33.425975930638835,False,True,False,False,False,VWAP-MSS phase2,,
vwap_mss,long_M15_sw10_sessoverlap_atr1.5_prox0.25_wait8_RR4.0,1782742685,122.0,29.53528129586058,4.504421687151468,0.4672131147540984,1.500244734154614,-12.78406283155859,0.3523466480493122,6/8,"{2019: 5.62, 2020: 2.14, 2021: -7.0, 2022: 10.33, 2023: 0.95, 2024: 11.65, 2025: 6.24, 2026: -0.4}",18.606203215999095,False,True,False,False,False,VWAP-MSS phase2,,
vwap_mss,long_M15_sw10_sessoverlap_atr1.5_prox1.0_wait8_RR4.0,1782742685,225.0,56.89714177769638,8.60562213386165,0.4888888888888889,1.5286956489130743,-21.655256770118775,0.3973918307787605,6/8,"{2019: 5.31, 2020: 4.93, 2021: -8.16, 2022: 7.61, 2023: -1.0, 2024: 22.62, 2025: 24.62, 2026: 0.97}",34.03097097010741,False,True,False,False,False,VWAP-MSS phase2,,
vwap_mss,long_M15_sw10_sessoverlap_atr2.0_prox0.25_wait8_RR4.0,1782742685,120.0,29.388218578989388,4.481993172433415,0.4666666666666667,1.5068780253902792,-13.985646883102977,0.3204709235043265,6/8,"{2019: 5.18, 2020: 1.11, 2021: -4.19, 2022: 11.65, 2023: -2.31, 2024: 10.41, 2025: 4.5, 2026: 3.05}",18.301183491146652,False,True,False,False,False,VWAP-MSS phase2,,
vwap_mss,long_M15_sw10_sessoverlap_atr2.0_prox1.0_wait5_RR4.0,1782742686,165.0,40.14913178764601,6.10283233339122,0.4969696969696969,1.5110776190156596,-13.898755994627,0.4390919831782399,6/8,"{2019: 3.01, 2020: 1.25, 2021: -2.79, 2022: 11.57, 2023: -3.27, 2024: 16.74, 2025: 8.58, 2026: 5.05}",25.08067522693972,False,True,False,False,False,VWAP-MSS phase2,,
vwap_mss,long_M15_sw10_sessoverlap_atr2.0_prox1.0_wait8_RR4.0,1782742686,223.0,57.84065291122368,8.792015942912402,0.5022421524663677,1.5576105817698536,-16.51449009158403,0.5323819200081092,6/8,"{2019: 4.62, 2020: 5.33, 2021: -4.85, 2022: 9.6, 2023: -1.3, 2024: 19.42, 2025: 21.26, 2026: 3.76}",33.896912579439736,False,True,False,False,False,VWAP-MSS phase2,,
vwap_mss,short_M15_sw3_sessny_atr1.5_prox0.5_wait5_RR4.0,1782742849,283.0,55.300569830146955,8.261721915792968,0.3886925795053003,1.36252827151214,-8.19776276335378,1.0078020252946456,8/8,"{2019: 8.19, 2020: 11.57, 2021: 8.51, 2022: 7.22, 2023: 4.0, 2024: 4.32, 2025: 6.22, 2026: 5.27}",42.27926239007431,False,True,False,True,False,VWAP-MSS short survivor,,
vwap_mss,long_M5_sw7_sessny_atr2.0_prox1.0_wait3_RR4.0,1782742851,336.0,78.73154080099127,11.756554371252935,0.3839285714285714,1.3899816673715604,-11.85503656387464,0.99169279722664,8/8,"{2019: 4.05, 2020: 14.86, 2021: 12.83, 2022: 12.99, 2023: 6.59, 2024: 13.37, 2025: 8.75, 2026: 5.29}",50.17305934258119,False,True,False,True,False,VWAP-MSS long survivor,,
fib_retrace,long_lb3_imp2.0_fib0.618_tol0.2_wait24h_sessall_pad0.5_TP4.0R,1782763584,1448.0,276.9766039369822,41.298035746810456,0.3736187845303867,1.3069706605300453,-37.38114698077726,1.1047824660930656,7/8,"{2019: 1.81, 2020: 68.15, 2021: -17.49, 2022: 28.87, 2023: 22.99, 2024: 78.23, 2025: 91.22, 2026: 3.21}",215.90110829356243,True,True,False,True,False,Fib phase1,,
fib_retrace,long_lb5_imp1.0_fib0.382_tol0.2_wait24h_sesslondon_ny_pad0.5_TP4.0R,1782763588,1251.0,185.57951783773393,27.653681811840187,0.4356514788169464,1.3002947438591237,-34.66974672943307,0.7976314920225085,7/8,"{2019: 5.71, 2020: 32.74, 2021: 3.09, 2022: 18.21, 2023: 10.38, 2024: 55.53, 2025: 67.29, 2026: -7.37}",186.4147312682473,False,True,False,True,False,Fib phase1,,
fib_retrace,long_lb5_imp1.0_fib0.382_tol0.2_wait72h_sessall_pad0.5_TP4.0R,1782763589,1579.0,255.65141578161712,38.095275756416555,0.4458518049398353,1.3342228275778427,-34.576933122881194,1.1017540399268988,7/8,"{2019: 11.63, 2020: 42.36, 2021: 3.64, 2022: 21.27, 2023: 17.86, 2024: 78.87, 2025: 83.18, 2026: -3.17}",235.29085585336728,True,True,False,True,False,Fib phase1,,
fib_retrace,long_lb5_imp1.0_fib0.382_tol0.2_wait72h_sesslondon_ny_pad0.5_TP4.0R,1782763589,1482.0,216.8255661185025,32.30973592331433,0.4358974358974359,1.3015466991405795,-39.417899809748114,0.8196716740176014,7/8,"{2019: 9.64, 2020: 34.46, 2021: 2.85, 2022: 18.42, 2023: 20.27, 2024: 67.89, 2025: 71.5, 2026: -8.19}",220.83663608276777,True,True,False,True,False,Fib phase1,,
fib_retrace,long_lb5_imp1.0_fib0.618_tol0.2_wait24h_sessall_pad0.5_TP4.0R,1782763590,1235.0,265.8137860624025,39.635311804595595,0.3838056680161943,1.3518152438262472,-28.35368640968707,1.39788919267493,8/8,"{2019: 1.37, 2020: 73.3, 2021: 3.81, 2022: 21.06, 2023: 10.23, 2024: 86.8, 2025: 60.93, 2026: 8.3}",184.15000517386304,False,True,False,True,False,Fib phase1,,
fib_retrace,long_lb5_imp1.0_fib0.618_tol0.2_wait24h_sesslondon_ny_pad0.5_TP4.0R,1782763590,1146.0,254.93392942377648,38.02380354722226,0.381326352530541,1.3628632123988054,-29.770482007862796,1.277231706802048,7/8,"{2019: -4.26, 2020: 65.88, 2021: 4.31, 2022: 18.33, 2023: 25.26, 2024: 69.4, 2025: 65.76, 2026: 10.26}",170.92773395683065,False,True,False,True,False,Fib phase1,,
fib_retrace,long_lb5_imp1.0_fib0.618_tol0.2_wait72h_sessall_pad0.5_TP4.0R,1782763590,1481.0,271.911033443948,40.54446819071536,0.3862255232950708,1.3049147453036096,-31.21477054351938,1.2988872730680048,7/8,"{2019: -3.68, 2020: 70.69, 2021: 9.27, 2022: 15.68, 2023: 3.11, 2024: 88.46, 2025: 82.97, 2026: 5.4}",220.83089689270545,True,True,False,True,False,Fib phase1,,
fib_retrace,long_lb5_imp2.0_fib0.382_tol0.2_wait24h_sessall_pad0.5_TP3.0R,1782763594,1207.0,183.62026591292593,27.361728637539724,0.4623032311516156,1.328264866939883,-30.53786261125711,0.8959935731537879,6/8,"{2019: -2.23, 2020: 38.18, 2021: 10.4, 2022: 20.09, 2023: 4.77, 2024: 60.65, 2025: 54.87, 2026: -3.1}",179.8581779702434,False,True,False,False,False,Fib phase1,,
fib_retrace,long_lb5_imp2.0_fib0.382_tol0.2_wait24h_sessall_pad0.5_TP4.0R,1782763594,1207.0,200.74936508471865,29.91417981178185,0.4589892294946147,1.3569606444230955,-29.110733378750055,1.0275996630719817,6/8,"{2019: -2.23, 2020: 33.69, 2021: 11.99, 2022: 25.69, 2023: 12.22, 2024: 64.02, 2025: 59.42, 2026: -4.04}",179.8581779702434,False,True,False,False,False,Fib phase1,,
fib_retrace,long_lb5_imp2.0_fib0.382_tol0.2_wait24h_sesslondon_ny_pad0.5_TP3.0R,1782763594,1092.0,164.00186826235517,24.43834068714423,0.456043956043956,1.3250482531881205,-30.65853922371676,0.7971136690113166,7/8,"{2019: 1.92, 2020: 31.51, 2021: 10.49, 2022: 17.24, 2023: 3.88, 2024: 49.32, 2025: 55.01, 2026: -5.37}",162.72173185046046,False,True,False,True,False,Fib phase1,,
fib_retrace,long_lb5_imp2.0_fib0.382_tol0.2_wait24h_sesslondon_ny_pad0.5_TP4.0R,1782763594,1092.0,185.73174433228297,27.676365473769255,0.4523809523809524,1.3659232547648466,-30.26127046558331,0.9145804207145264,7/8,"{2019: 2.13, 2020: 30.18, 2021: 12.71, 2022: 27.1, 2023: 10.42, 2024: 50.58, 2025: 59.92, 2026: -7.31}",162.72173185046046,False,True,False,True,False,Fib phase1,,
fib_retrace,long_lb5_imp2.0_fib0.382_tol0.2_wait72h_sessall_pad0.5_TP3.0R,1782763594,1397.0,209.21515688107615,31.175689246386906,0.4638511095204009,1.328471655891564,-35.97214888426178,0.8666618540552805,7/8,"{2019: 0.98, 2020: 38.41, 2021: 5.52, 2022: 25.58, 2023: 6.31, 2024: 71.39, 2025: 66.5, 2026: -5.49}",208.17056721162388,True,True,False,True,False,Fib phase1,,
fib_retrace,long_lb5_imp2.0_fib0.382_tol0.2_wait72h_sessall_pad0.5_TP4.0R,1782763594,1397.0,235.3294129329306,35.067041783698365,0.4609878310665712,1.3677285486696364,-34.574880126128285,1.0142346598390128,7/8,"{2019: 1.08, 2020: 34.32, 2021: 7.11, 2022: 32.3, 2023: 16.09, 2024: 76.04, 2025: 74.82, 2026: -6.43}",208.17056721162388,True,True,False,True,False,Fib phase1,,
fib_retrace,long_lb5_imp2.0_fib0.382_tol0.2_wait72h_sesslondon_ny_pad0.5_TP4.0R,1782763595,1303.0,199.9128909968392,29.789534654064106,0.4504988488104374,1.3353759155549327,-31.36614232185681,0.949735365872708,7/8,"{2019: 2.23, 2020: 31.04, 2021: 6.36, 2022: 29.45, 2023: 18.5, 2024: 60.07, 2025: 62.21, 2026: -9.95}",194.16338516588823,False,True,False,True,False,Fib phase1,,
fib_retrace,long_lb5_imp2.0_fib0.618_tol0.2_wait24h_sessall_pad0.5_TP3.0R,1782763595,1063.0,188.48200536158015,28.10442288462759,0.3998118532455315,1.301636812220127,-17.179381435920334,1.6359391628539144,6/8,"{2019: 6.78, 2020: 42.1, 2021: 7.84, 2022: 34.32, 2023: -3.21, 2024: 52.02, 2025: 51.8, 2026: -3.18}",158.50320283385946,False,True,True,False,False,Fib phase1,,
fib_retrace,long_lb5_imp2.0_fib0.618_tol0.2_wait24h_sessall_pad0.5_TP4.0R,1782763595,1063.0,224.4886653919851,33.47335133069448,0.3922859830667921,1.3544119503415932,-19.326403298282173,1.7320010771828276,8/8,"{2019: 4.37, 2020: 55.39, 2021: 6.54, 2022: 33.22, 2023: 4.96, 2024: 63.49, 2025: 54.58, 2026: 1.95}",158.50320283385946,False,True,True,True,False,Fib phase1,,
fib_retrace,long_lb5_imp2.0_fib0.618_tol0.2_wait24h_sesslondon_ny_pad0.5_TP3.0R,1782763596,981.0,180.44942513711464,26.914320534467507,0.3985728848114169,1.3131821299466515,-20.170974190025603,1.3343094032501632,8/8,"{2019: 0.25, 2020: 48.99, 2021: 3.09, 2022: 29.31, 2023: 5.41, 2024: 35.44, 2025: 57.73, 2026: 0.23}",146.3177199054545,False,True,False,True,False,Fib phase1,,
fib_retrace,long_lb5_imp2.0_fib0.618_tol0.2_wait24h_sesslondon_ny_pad0.5_TP4.0R,1782763596,981.0,213.32006625644632,31.817029260676566,0.3904179408766565,1.3648393435813515,-19.933340692840908,1.596171447172611,7/8,"{2019: -1.24, 2020: 53.11, 2021: 6.89, 2022: 30.49, 2023: 14.94, 2024: 41.1, 2025: 62.68, 2026: 5.35}",146.3177199054545,False,True,True,True,False,Fib phase1,,
fib_retrace,long_lb3_imp3.0_fib0.382_tol0.3_wait24h_sesslondon_pad1.0_TP4.0R,1782764421,673.0,138.8963692987685,20.697041770466523,0.4947994056463596,1.5012417906675513,-17.924763939042048,1.1546618879251267,8/8,"{2019: 8.24, 2020: 16.28, 2021: 1.99, 2022: 4.16, 2023: 8.93, 2024: 57.64, 2025: 41.19, 2026: 0.47}",100.28418440198546,False,True,False,True,False,Fib phase2,,
fib_retrace,long_lb3_imp3.0_fib0.382_tol0.3_wait24h_sessoverlap_pad1.0_TP4.0R,1782764422,535.0,122.68574571702396,18.440727828453912,0.4990654205607476,1.56177791196945,-15.011141088537991,1.228469422789893,7/8,"{2019: 9.07, 2020: 15.67, 2021: 1.33, 2022: -1.41, 2023: 10.54, 2024: 46.54, 2025: 34.78, 2026: 6.16}",80.41512345679013,False,True,False,True,False,Fib phase2,,
fib_retrace,long_lb5_imp1.0_fib0.382_tol0.1_wait12h_sessoverlap_pad0.3_TP2.0R,1782764556,491.0,113.6702689580762,17.079473743790746,0.5010183299389002,1.5077450446866558,-13.440342630306423,1.2707617814205494,8/8,"{2019: 5.02, 2020: 18.55, 2021: 13.67, 2022: 3.48, 2023: 6.91, 2024: 42.12, 2025: 20.04, 2026: 3.89}",73.77497814572942,False,True,False,True,False,Fib phase2,,
fib_retrace,long_lb5_imp1.0_fib0.382_tol0.1_wait12h_sessoverlap_pad0.3_TP3.0R,1782764556,491.0,140.52021686036773,21.11380026050262,0.4847250509164969,1.6050248497387751,-16.582406090372146,1.2732651790961405,8/8,"{2019: 6.12, 2020: 28.88, 2021: 14.42, 2022: 3.29, 2023: 2.84, 2024: 49.27, 2025: 29.45, 2026: 6.24}",73.77497814572942,False,True,False,True,False,Fib phase2,,
fib_retrace,long_lb5_imp1.0_fib0.382_tol0.1_wait12h_sessoverlap_pad0.3_TP4.0R,1782764556,491.0,156.05068114517297,23.447322996153417,0.4786150712830957,1.6629581255560872,-16.25020453345069,1.4428940231421463,8/8,"{2019: 7.12, 2020: 26.29, 2021: 16.55, 2022: 8.29, 2023: 7.81, 2024: 50.37, 2025: 35.38, 2026: 4.24}",73.77497814572942,False,True,False,True,False,Fib phase2,,
fib_retrace,long_lb5_imp1.0_fib0.382_tol0.1_wait12h_sessoverlap_pad0.5_TP2.0R,1782764556,491.0,112.37755737593002,16.88523796228043,0.5030549898167006,1.5101594813288854,-13.483569828410015,1.2522824576250622,8/8,"{2019: 5.0, 2020: 18.21, 2021: 12.26, 2022: 3.28, 2023: 7.1, 2024: 41.42, 2025: 21.35, 2026: 3.75}",73.77497814572942,False,True,False,True,False,Fib phase2,,
fib_retrace,long_lb5_imp1.0_fib0.382_tol0.1_wait12h_sessoverlap_pad0.5_TP3.0R,1782764556,491.0,138.21346060480312,20.7671996651018,0.4867617107942973,1.6044683331423075,-16.803453693428516,1.2358887669160192,8/8,"{2019: 5.92, 2020: 28.21, 2021: 12.94, 2022: 2.73, 2023: 3.35, 2024: 44.55, 2025: 34.53, 2026: 5.98}",73.77497814572942,False,True,False,True,False,Fib phase2,,
fib_retrace,long_lb5_imp1.0_fib0.382_tol0.1_wait12h_sessoverlap_pad0.5_TP4.0R,1782764556,491.0,155.99500573344469,23.43895751288761,0.4826883910386965,1.6761301890170504,-16.602410580599738,1.4117803796682706,8/8,"{2019: 6.92, 2020: 25.11, 2021: 15.58, 2022: 7.73, 2023: 7.57, 2024: 49.18, 2025: 39.92, 2026: 3.98}",73.77497814572942,False,True,False,True,False,Fib phase2,,
fib_retrace,long_lb5_imp1.0_fib0.382_tol0.1_wait12h_sessoverlap_pad1.0_TP3.0R,1782764556,489.0,129.02452083907798,19.386519766122586,0.4948875255623722,1.5838325056403688,-18.578245809730852,1.0435064733597386,8/8,"{2019: 5.46, 2020: 29.86, 2021: 12.28, 2022: 2.73, 2023: 1.7, 2024: 41.05, 2025: 32.11, 2026: 3.83}",73.4744690697794,False,True,False,True,False,Fib phase2,,
fib_retrace,long_lb5_imp1.0_fib0.382_tol0.1_wait12h_sessoverlap_pad1.0_TP4.0R,1782764556,489.0,140.670983638897,21.13645365315252,0.4867075664621677,1.6248843387274985,-17.578245809730852,1.2024210994621511,8/8,"{2019: 6.46, 2020: 25.21, 2021: 15.06, 2022: 7.28, 2023: 6.37, 2024: 46.46, 2025: 32.01, 2026: 1.83}",73.4744690697794,False,True,False,True,False,Fib phase2,,
fib_retrace,long_lb5_imp1.0_fib0.382_tol0.1_wait24h_sessoverlap_pad0.3_TP3.0R,1782764559,776.0,191.97607172887408,28.7742129934894,0.4716494845360824,1.530973821293431,-17.92376530271393,1.6053665347387998,8/8,"{2019: 7.47, 2020: 43.91, 2021: 22.63, 2022: 13.65, 2023: 4.77, 2024: 56.95, 2025: 41.33, 2026: 1.26}",116.31027284734998,False,True,True,True,False,Fib phase2,,
fib_retrace,long_lb5_imp1.0_fib0.382_tol0.1_wait24h_sessoverlap_pad0.3_TP4.0R,1782764559,776.0,213.7621899194274,32.03961164172119,0.4664948453608247,1.5855590551468828,-17.469372928226036,1.8340447463888856,8/8,"{2019: 8.71, 2020: 40.91, 2021: 25.8, 2022: 21.35, 2023: 9.54, 2024: 58.79, 2025: 48.41, 2026: 0.26}",116.31027284734998,False,True,True,True,False,Fib phase2,,
fib_retrace,long_lb5_imp1.0_fib0.382_tol0.1_wait24h_sessoverlap_pad0.5_TP3.0R,1782764559,776.0,189.30542455092603,28.37392471778561,0.4742268041237113,1.5328316113798164,-18.141094995465963,1.564069022563255,8/8,"{2019: 7.27, 2020: 41.56, 2021: 24.39, 2022: 12.14, 2023: 5.69, 2024: 51.25, 2025: 46.04, 2026: 0.97}",116.31027284734998,False,True,True,True,False,Fib phase2,,
fib_retrace,long_lb5_imp1.0_fib0.382_tol0.1_wait24h_sessoverlap_pad0.5_TP4.0R,1782764559,776.0,213.12233664925992,31.943707636005406,0.470360824742268,1.5957988215530534,-17.388384075912512,1.8370716621250531,7/8,"{2019: 8.44, 2020: 39.12, 2021: 26.27, 2022: 20.14, 2023: 9.61, 2024: 57.12, 2025: 52.45, 2026: -0.03}",116.31027284734998,False,True,True,True,False,Fib phase2,,
fib_retrace,long_lb5_imp1.0_fib0.382_tol0.1_wait24h_sessoverlap_pad1.0_TP3.0R,1782764559,774.0,175.35554076295097,26.28305514359978,0.479328165374677,1.5085361223771805,-17.42737465043288,1.5081477084643342,7/8,"{2019: 6.82, 2020: 41.47, 2021: 23.58, 2022: 10.77, 2023: 3.46, 2024: 46.25, 2025: 43.13, 2026: -0.13}",116.01050410289804,False,True,True,True,False,Fib phase2,,
fib_retrace,long_lb5_imp1.0_fib0.382_tol0.1_wait24h_sessoverlap_pad1.0_TP4.0R,1782764559,774.0,191.82755393405216,28.75195249704813,0.4728682170542636,1.549202382542518,-17.32325629723873,1.659731404056586,7/8,"{2019: 7.82, 2020: 37.81, 2021: 24.31, 2022: 18.32, 2023: 7.61, 2024: 53.35, 2025: 43.72, 2026: -1.13}",116.01050410289804,False,True,True,True,False,Fib phase2,,
fib_retrace,long_lb5_imp1.0_fib0.382_tol0.3_wait12h_sessoverlap_pad0.3_TP3.0R,1782764568,524.0,145.6615816014109,21.776295593012247,0.4790076335877862,1.5783764826774382,-14.826782797649628,1.4687134687414636,8/8,"{2019: 7.15, 2020: 31.5, 2021: 11.87, 2022: 2.38, 2023: 10.52, 2024: 45.84, 2025: 30.81, 2026: 5.59}",78.3376012074545,False,True,False,True,False,Fib phase2,,
fib_retrace,long_lb5_imp1.0_fib0.382_tol0.3_wait12h_sessoverlap_pad0.3_TP4.0R,1782764568,524.0,158.82771714687627,23.744622836912928,0.4713740458015267,1.6202529720696428,-14.00325810735957,1.6956498733986538,8/8,"{2019: 8.15, 2020: 28.96, 2021: 13.31, 2022: 7.38, 2023: 12.86, 2024: 46.94, 2025: 37.63, 2026: 3.59}",78.3376012074545,False,True,True,True,False,Fib phase2,,
fib_retrace,long_lb5_imp1.0_fib0.382_tol0.3_wait12h_sessoverlap_pad0.5_TP3.0R,1782764568,524.0,147.07355275226485,21.987384205477948,0.482824427480916,1.594894229343674,-14.912293018503057,1.4744468994940063,8/8,"{2019: 6.95, 2020: 30.84, 2021: 10.41, 2022: 1.81, 2023: 10.69, 2024: 45.08, 2025: 35.99, 2026: 5.3}",78.3376012074545,False,True,False,True,False,Fib phase2,,
fib_retrace,long_lb5_imp1.0_fib0.382_tol0.3_wait12h_sessoverlap_pad0.5_TP4.0R,1782764568,524.0,153.50937469412526,22.94953468777498,0.4732824427480916,1.6080215809361462,-14.026831273568815,1.6361168278269294,8/8,"{2019: 7.95, 2020: 22.89, 2021: 12.18, 2022: 6.81, 2023: 12.36, 2024: 45.7, 2025: 42.3, 2026: 3.3}",78.3376012074545,False,True,True,True,False,Fib phase2,,
fib_retrace,long_lb5_imp1.0_fib0.382_tol0.3_wait12h_sessoverlap_pad1.0_TP3.0R,1782764568,522.0,134.37655692792956,20.089192992845327,0.4885057471264368,1.5603726729202063,-13.964802597173048,1.4385590382002296,8/8,"{2019: 6.51, 2020: 33.19, 2021: 8.2, 2022: 1.73, 2023: 6.6, 2024: 41.5, 2025: 33.57, 2026: 3.07}",78.03860272956345,False,True,False,True,False,Fib phase2,,
fib_retrace,long_lb5_imp1.0_fib0.382_tol0.3_wait12h_sessoverlap_pad1.0_TP4.0R,1782764568,522.0,138.54768510817036,20.712773481335557,0.4770114942528735,1.5631729037649544,-13.235757541841409,1.5649103132825986,8/8,"{2019: 7.51, 2020: 23.21, 2021: 11.35, 2022: 6.28, 2023: 11.8, 2024: 42.91, 2025: 34.41, 2026: 1.07}",78.03860272956345,False,True,True,True,False,Fib phase2,,
fib_retrace,long_lb5_imp1.0_fib0.382_tol0.3_wait24h_sessny_pad1.0_TP4.0R,1782764570,1108.0,254.18691356433953,38.000750127780414,0.4675090252707581,1.5103743572654358,-21.647222129182367,1.7554561920696534,8/8,"{2019: 5.08, 2020: 49.56, 2021: 27.76, 2022: 39.73, 2023: 28.2, 2024: 43.9, 2025: 52.26, 2026: 7.69}",165.64515675164043,False,True,True,True,False,Fib phase2,,
fib_retrace,long_lb5_imp1.0_fib0.382_tol0.3_wait24h_sessoverlap_pad0.3_TP3.0R,1782764571,824.0,206.11340933676843,30.81371024720819,0.4720873786407767,1.533450503447574,-21.33902817904591,1.4440071960477583,8/8,"{2019: 9.77, 2020: 48.82, 2021: 22.01, 2022: 14.65, 2023: 11.8, 2024: 57.46, 2025: 40.21, 2026: 1.4}",123.18702274345505,False,True,False,True,False,Fib phase2,,
fib_retrace,long_lb5_imp1.0_fib0.382_tol0.3_wait24h_sessoverlap_pad0.3_TP4.0R,1782764571,824.0,229.4194203784095,34.297931257215296,0.4660194174757281,1.5867907214270265,-21.33902817904591,1.6072864691605084,8/8,"{2019: 10.77, 2020: 46.28, 2021: 25.5, 2022: 23.35, 2023: 13.94, 2024: 61.99, 2025: 47.18, 2026: 0.4}",123.18702274345505,False,True,True,True,False,Fib phase2,,
fib_retrace,long_lb5_imp1.0_fib0.382_tol0.3_wait24h_sessoverlap_pad0.5_TP3.0R,1782764571,824.0,207.52497843568955,31.02473815338872,0.4757281553398058,1.547497002622163,-21.50327623420108,1.4427912200673727,8/8,"{2019: 9.48, 2020: 46.34, 2021: 23.66, 2022: 13.14, 2023: 12.39, 2024: 56.45, 2025: 45.01, 2026: 1.06}",123.18702274345505,False,True,False,True,False,Fib phase2,,
fib_retrace,long_lb5_imp1.0_fib0.382_tol0.3_wait24h_sessoverlap_pad0.5_TP4.0R,1782764571,824.0,224.8271084092495,33.61138606426632,0.4684466019417476,1.5844940854827705,-21.50327623420108,1.563082094941757,8/8,"{2019: 10.48, 2020: 39.41, 2021: 27.32, 2022: 22.14, 2023: 13.76, 2024: 60.33, 2025: 51.34, 2026: 0.06}",123.18702274345505,False,True,True,True,False,Fib phase2,,
fib_retrace,long_lb5_imp1.0_fib0.382_tol0.3_wait24h_sessoverlap_pad1.0_TP3.0R,1782764571,822.0,192.23625323504808,28.739091868182584,0.4805352798053528,1.5244113985630547,-21.011759157503175,1.3677622921886583,7/8,"{2019: 8.82, 2020: 46.7, 2021: 22.24, 2022: 11.71, 2023: 7.74, 2024: 53.22, 2025: 42.07, 2026: -0.28}",122.88802511543692,False,True,False,True,False,Fib phase2,,
fib_retrace,long_lb5_imp1.0_fib0.382_tol0.3_wait24h_sessoverlap_pad1.0_TP4.0R,1782764571,822.0,205.71686699401937,30.754427637262836,0.4720194647201946,1.5513280197297723,-21.011759157503175,1.4636769537823588,7/8,"{2019: 9.82, 2020: 37.96, 2021: 26.93, 2022: 20.26, 2023: 12.42, 2024: 56.98, 2025: 42.61, 2026: -1.28}",122.88802511543692,False,True,False,True,False,Fib phase2,,
fib_retrace,long_lb5_imp1.0_fib0.382_tol0.5_wait12h_sessoverlap_pad0.3_TP4.0R,1782764579,554.0,148.65228781445225,22.22340389577158,0.4548736462093863,1.5320337066337284,-15.496043665826988,1.4341340522149055,8/8,"{2019: 9.02, 2020: 31.07, 2021: 4.89, 2022: 1.06, 2023: 11.24, 2024: 52.89, 2025: 35.97, 2026: 2.51}",82.82257837582021,False,True,False,True,False,Fib phase2,,
fib_retrace,long_lb5_imp1.0_fib0.382_tol0.5_wait12h_sessoverlap_pad0.5_TP4.0R,1782764580,554.0,143.29228688893798,21.42208783665989,0.4584837545126354,1.5210592202657989,-15.592916585839074,1.37383456896798,8/8,"{2019: 8.74, 2020: 28.04, 2021: 3.82, 2022: 0.6, 2023: 11.18, 2024: 48.25, 2025: 40.44, 2026: 2.22}",82.82257837582021,False,True,False,True,False,Fib phase2,,
fib_retrace,long_lb5_imp1.0_fib0.382_tol0.5_wait24h_sessoverlap_pad0.3_TP4.0R,1782764582,868.0,215.35349431194535,32.19518350389503,0.4527649769585253,1.5081085091863096,-24.696982104082167,1.3036080023143186,7/8,"{2019: 10.68, 2020: 50.17, 2021: 16.86, 2022: 15.07, 2023: 12.05, 2024: 69.01, 2025: 43.45, 2026: -1.94}",129.7653394047147,False,True,False,True,False,Fib phase2,,
fib_retrace,long_lb5_imp1.0_fib0.382_tol0.5_wait24h_sessoverlap_pad0.5_TP4.0R,1782764582,868.0,209.4916441950158,31.31884137260133,0.456221198156682,1.502723591833503,-24.93572906102594,1.2559825820995174,7/8,"{2019: 10.31, 2020: 45.18, 2021: 18.77, 2022: 13.93, 2023: 12.29, 2024: 63.92, 2025: 47.37, 2026: -2.27}",129.7653394047147,False,True,False,True,False,Fib phase2,,
fib_retrace,long_lb5_imp1.0_fib0.618_tol0.1_wait12h_sessny_pad0.3_TP4.0R,1782764618,679.0,212.91486143667663,31.793873880669935,0.3858615611192931,1.506538968884391,-16.307859308042957,1.9496043766449072,8/8,"{2019: 2.36, 2020: 45.32, 2021: 2.6, 2022: 51.84, 2023: 24.08, 2024: 68.36, 2025: 1.54, 2026: 16.81}",101.39283006975734,False,True,True,True,False,Fib phase2,,
fib_retrace,long_lb5_imp1.0_fib0.618_tol0.1_wait24h_sessny_pad0.3_TP4.0R,1782764620,1002.0,302.9584481077899,45.18673736312617,0.3952095808383233,1.5050964958188184,-18.71205269265043,2.4148466288187747,7/8,"{2019: -1.5, 2020: 72.22, 2021: 24.63, 2022: 63.02, 2023: 25.25, 2024: 67.76, 2025: 38.86, 2026: 12.72}",149.44990351199328,False,True,True,True,False,Fib phase2,,
fib_retrace,long_lb5_imp1.0_fib0.618_tol0.3_wait12h_sessny_pad0.3_TP4.0R,1782764626,713.0,228.1487404839267,34.06869878426502,0.3899018232819074,1.5156245756596798,-17.714636486825945,1.9231949134040256,7/8,"{2019: 7.4, 2020: 43.5, 2021: -0.05, 2022: 60.74, 2023: 30.2, 2024: 60.88, 2025: 8.0, 2026: 17.47}",106.46993790830189,False,True,True,True,False,Fib phase2,,
fib_retrace,long_lb5_imp1.0_fib0.618_tol0.3_wait12h_sessny_pad0.5_TP4.0R,1782764626,712.0,219.15913528881933,32.72631069598559,0.3932584269662921,1.502938670795121,-17.621699524560977,1.8571597280030752,7/8,"{2019: 7.08, 2020: 34.75, 2021: -0.25, 2022: 54.14, 2023: 29.04, 2024: 59.46, 2025: 13.62, 2026: 21.33}",106.32061120716824,False,True,True,True,False,Fib phase2,,
fib_retrace,long_lb5_imp1.0_fib0.618_tol0.5_wait12h_sessny_pad0.3_TP4.0R,1782764633,745.0,242.7526769559636,36.2492506087787,0.3892617449664429,1.52476476989784,-17.31395697404468,2.0936433342834273,8/8,"{2019: 6.99, 2020: 44.12, 2021: 4.19, 2022: 63.0, 2023: 24.31, 2024: 64.69, 2025: 12.18, 2026: 23.29}",111.24776065163265,False,True,True,True,False,Fib phase2,,
fib_retrace,long_lb5_imp1.0_fib0.618_tol0.5_wait12h_sessoverlap_pad0.3_TP4.0R,1782764634,486.0,154.13707970510595,23.016650940369463,0.382716049382716,1.5057282410829531,-17.54431838292386,1.3119147998802796,8/8,"{2019: 5.25, 2020: 30.94, 2021: 11.34, 2022: 18.85, 2023: 4.27, 2024: 59.94, 2025: 6.49, 2026: 17.05}",72.57236466670263,False,True,False,True,False,Fib phase2,,
fib_retrace,long_lb5_imp1.5_fib0.382_tol0.1_wait12h_sessoverlap_pad0.3_TP2.0R,1782764761,468.0,106.17125614198702,15.952713037840596,0.5021367521367521,1.5008821050105918,-12.552352344988035,1.270894299283295,8/8,"{2019: 3.18, 2020: 19.71, 2021: 15.01, 2022: 2.82, 2023: 5.18, 2024: 39.26, 2025: 19.11, 2026: 1.9}",70.31912377230421,False,True,False,True,False,Fib phase2,,
fib_retrace,long_lb5_imp1.5_fib0.382_tol0.1_wait12h_sessoverlap_pad0.3_TP3.0R,1782764761,468.0,134.04254806515658,20.14050112852304,0.4893162393162393,1.614278471074875,-14.426149856051149,1.3961106275403736,8/8,"{2019: 3.29, 2020: 30.04, 2021: 15.77, 2022: 2.65, 2023: 3.11, 2024: 44.41, 2025: 31.52, 2026: 3.25}",70.31912377230421,False,True,False,True,False,Fib phase2,,
fib_retrace,long_lb5_imp1.5_fib0.382_tol0.1_wait12h_sessoverlap_pad0.3_TP4.0R,1782764761,468.0,151.80010105073472,22.808654047937825,0.485042735042735,1.6891285561078615,-14.093948299129709,1.6183296237397329,8/8,"{2019: 3.29, 2020: 27.45, 2021: 17.9, 2022: 6.65, 2023: 7.07, 2024: 51.74, 2025: 37.45, 2026: 0.25}",70.31912377230421,False,True,True,True,False,Fib phase2,,
fib_retrace,long_lb5_imp1.5_fib0.382_tol0.1_wait12h_sessoverlap_pad0.5_TP3.0R,1782764761,468.0,131.30587991934772,19.729304320683603,0.4914529914529914,1.6089872276127188,-14.6556144831003,1.3461942754726444,8/8,"{2019: 3.07, 2020: 29.4, 2021: 14.27, 2022: 2.15, 2023: 2.61, 2024: 43.71, 2025: 33.09, 2026: 3.0}",70.31912377230421,False,True,False,True,False,Fib phase2,,
fib_retrace,long_lb5_imp1.5_fib0.382_tol0.1_wait12h_sessoverlap_pad0.5_TP4.0R,1782764761,468.0,147.348133047207,22.13972565248824,0.4871794871794871,1.6769087319263605,-14.45457137027153,1.53167638703024,7/8,"{2019: 3.07, 2020: 26.3, 2021: 16.91, 2022: 6.15, 2023: 5.83, 2024: 50.6, 2025: 38.49, 2026: -0.0}",70.31912377230421,False,True,True,True,False,Fib phase2,,
fib_retrace,long_lb5_imp1.5_fib0.382_tol0.1_wait12h_sessoverlap_pad1.0_TP3.0R,1782764761,466.0,122.58229201604992,18.418545650789216,0.5,1.589130590643858,-16.44795273965525,1.119807792636889,8/8,"{2019: 2.6, 2020: 31.1, 2021: 13.57, 2022: 2.24, 2023: 0.94, 2024: 40.27, 2025: 31.01, 2026: 0.84}",70.01861469635419,False,True,False,True,False,Fib phase2,,
fib_retrace,long_lb5_imp1.5_fib0.382_tol0.1_wait12h_sessoverlap_pad1.0_TP4.0R,1782764761,466.0,132.56197055056649,19.918037638132116,0.4914163090128755,1.6247245810894686,-15.44795273965525,1.2893642266914798,7/8,"{2019: 2.6, 2020: 26.44, 2021: 16.35, 2022: 5.8, 2023: 4.61, 2024: 48.02, 2025: 30.9, 2026: -2.16}",70.01861469635419,False,True,False,True,False,Fib phase2,,
fib_retrace,long_lb5_imp1.5_fib0.382_tol0.1_wait24h_sessoverlap_pad0.3_TP3.0R,1782764764,751.0,179.57454480344344,26.91541791562781,0.4727030625832223,1.516745259093259,-17.469372928226036,1.5407203238611606,7/8,"{2019: 4.63, 2020: 42.12, 2021: 23.98, 2022: 13.01, 2023: 5.04, 2024: 52.09, 2025: 40.43, 2026: -1.73}",112.56316354170082,False,True,True,True,False,Fib phase2,,
fib_retrace,long_lb5_imp1.5_fib0.382_tol0.1_wait24h_sessoverlap_pad0.3_TP4.0R,1782764764,751.0,201.5877516947696,30.21485361121455,0.4687083888149134,1.5760481043107246,-17.469372928226036,1.7295900508480804,7/8,"{2019: 4.88, 2020: 38.12, 2021: 27.14, 2022: 19.71, 2023: 8.81, 2024: 60.15, 2025: 46.51, 2026: -3.73}",112.56316354170082,False,True,True,True,False,Fib phase2,,
fib_retrace,long_lb5_imp1.5_fib0.382_tol0.1_wait24h_sessoverlap_pad0.5_TP3.0R,1782764764,751.0,176.47023841062958,26.450130900743847,0.4753661784287616,1.5156292700819651,-17.047851255390754,1.5515228578956524,7/8,"{2019: 4.42, 2020: 39.79, 2021: 25.72, 2022: 11.56, 2023: 4.95, 2024: 50.41, 2025: 41.63, 2026: -2.02}",112.56316354170082,False,True,True,True,False,Fib phase2,,
fib_retrace,long_lb5_imp1.5_fib0.382_tol0.1_wait24h_sessoverlap_pad0.5_TP4.0R,1782764764,751.0,196.5478585081812,29.45945238485682,0.4713715046604527,1.5702508188082278,-17.047851255390754,1.728044898065459,7/8,"{2019: 4.59, 2020: 36.35, 2021: 27.6, 2022: 18.56, 2023: 7.87, 2024: 58.55, 2025: 47.04, 2026: -4.02}",112.56316354170082,False,True,True,True,False,Fib phase2,,
fib_retrace,long_lb5_imp1.5_fib0.382_tol0.1_wait24h_sessoverlap_pad1.0_TP4.0R,1782764764,749.0,175.78308955998983,26.34713802663991,0.4739652870493992,1.5226019519472558,-17.32325629723873,1.5209114022540648,7/8,"{2019: 3.96, 2020: 35.09, 2021: 25.61, 2022: 16.84, 2023: 5.85, 2024: 54.9, 2025: 38.64, 2026: -5.11}",112.26339479724888,False,True,True,True,False,Fib phase2,,
fib_retrace,long_lb3_hold72h_sessny_ext1.618_sl0.02_v2,1782764908,2107.0,827.5657650609447,123.28347604920232,0.2852396772662553,1.527643718076657,-92.66113245930424,1.3304766818314795,8/8,"{2019: 47.91, 2020: 150.75, 2021: 18.4, 2022: 99.65, 2023: 113.75, 2024: 206.18, 2025: 180.19, 2026: 10.72}",313.8823462767818,True,True,False,True,False,Fib V2 phase2,,
fib_retrace,long_lb3_hold72h_sessny_ext1.618_sl0.05_v2,1782764909,2104.0,774.2991541633019,115.3482843991005,0.2942015209125475,1.5022418870494796,-91.19399726428534,1.2648670730466467,8/8,"{2019: 41.96, 2020: 156.57, 2021: 1.19, 2022: 95.88, 2023: 108.78, 2024: 196.47, 2025: 170.48, 2026: 2.96}",313.4354326370901,True,True,False,True,False,Fib V2 phase2,,
fib_retrace,long_lb5_hold6h_sessoverlap_ext1.0_sl0.02_v2,1782764978,409.0,99.22176797514908,14.829258343362044,0.4816625916870415,1.5220704811631995,-16.954541379562805,0.874648155404392,7/8,"{2019: 2.07, 2020: 19.2, 2021: -5.12, 2022: 0.18, 2023: 18.55, 2024: 33.05, 2025: 25.71, 2026: 5.59}",61.127379467317574,False,True,False,True,False,Fib V2 phase2,,
fib_retrace,long_lb5_hold12h_sessoverlap_ext1.618_sl0.02_v2,1782764984,579.0,167.6598724040228,25.035917958233856,0.4196891191709844,1.5350743968893688,-19.93944385156792,1.2555976056606604,7/8,"{2019: 8.15, 2020: 38.13, 2021: -6.42, 2022: 3.53, 2023: 32.48, 2024: 43.96, 2025: 34.13, 2026: 13.71}",86.45954628240307,False,True,False,True,False,Fib V2 phase2,,
fib_retrace,long_lb5_hold24h_sessall_ext1.618_sl0.02_v2,1782764986,1552.0,522.062706519904,77.79313678650094,0.3530927835051546,1.5182465040446185,-54.1531980415092,1.436538184261461,7/8,"{2019: 30.06, 2020: 139.49, 2021: -10.25, 2022: 26.95, 2023: 67.14, 2024: 139.27, 2025: 115.51, 2026: 13.89}",231.26522309451028,True,True,False,True,False,Fib V2 phase2,,
fib_retrace,long_lb5_hold24h_sessoverlap_ext1.618_sl0.02_v2,1782764993,866.0,348.1614437346308,51.925817852197305,0.3683602771362587,1.6281482113294428,-32.731051130657065,1.5864390558347128,7/8,"{2019: 7.71, 2020: 88.44, 2021: 3.48, 2022: 37.35, 2023: 55.9, 2024: 100.38, 2025: 62.99, 2026: -8.09}",129.1577774312005,False,True,True,True,False,Fib V2 phase2,,
fib_retrace,long_lb5_hold24h_sessoverlap_ext1.618_sl0.05_v2,1782764993,864.0,305.1855334474109,45.51626467000333,0.3715277777777778,1.5604582699493372,-33.686772592444456,1.3511613362513717,7/8,"{2019: 6.11, 2020: 84.59, 2021: 0.02, 2022: 27.91, 2023: 47.45, 2024: 89.09, 2025: 59.97, 2026: -9.95}",128.85949157108223,False,True,False,True,False,Fib V2 phase2,,
fib_retrace,long_lb5_hold48h_sessall_ext1.618_sl0.02_v2,1782764995,1648.0,629.1990163927194,93.75763588718344,0.3203883495145631,1.5501183333081343,-60.14204962831542,1.5589364922980855,7/8,"{2019: 32.05, 2020: 158.45, 2021: -22.38, 2022: 58.95, 2023: 75.44, 2024: 181.8, 2025: 141.79, 2026: 3.1}",245.57028844056245,True,True,True,True,True,Fib V2 phase2,,
fib_retrace,long_lb5_hold72h_sessall_ext1.618_sl0.02_v2,1782765008,1697.0,738.0007841052673,109.97030668816244,0.3093694755450795,1.6114415400930344,-65.58015803446887,1.6768838316974193,7/8,"{2019: 50.89, 2020: 166.24, 2021: -26.4, 2022: 78.34, 2023: 91.44, 2024: 184.57, 2025: 183.2, 2026: 9.73}",252.87183221094324,True,True,True,True,True,Fib V2 phase2,,
fib_retrace,long_lb5_hold72h_sessall_ext1.618_sl0.05_v2,1782765008,1691.0,664.452722137474,99.01082926602936,0.3146067415730337,1.5591549745940616,-59.45271622106321,1.6653709966400374,7/8,"{2019: 46.19, 2020: 162.81, 2021: -31.37, 2022: 81.83, 2023: 75.24, 2024: 163.57, 2025: 162.36, 2026: 3.82}",251.97776562681497,True,True,True,True,True,Fib V2 phase2,,
fib_retrace,long_lb8_hold48h_sessall_ext1.618_sl0.02_v2,1782765079,1030.0,393.5704899574356,58.66905919358242,0.3601941747572815,1.590600208977439,-56.13940150292352,1.045060289617216,7/8,"{2019: 32.42, 2020: 88.66, 2021: 1.18, 2022: 6.02, 2023: 46.08, 2024: 116.98, 2025: 107.91, 2026: -5.68}",153.54080783832464,False,True,False,True,False,Fib V2 phase2,,
fib_retrace,long_lb8_hold48h_sessny_ext1.618_sl0.02_v2,1782765082,826.0,296.3938770570978,44.222481696419784,0.3547215496368038,1.5519965364133737,-53.327136495113606,0.8292678850377033,7/8,"{2019: 11.89, 2020: 80.66, 2021: 3.78, 2022: 1.68, 2023: 50.48, 2024: 87.15, 2025: 76.74, 2026: -16.0}",123.2406358860307,False,True,False,True,False,Fib V2 phase2,,
fib_retrace,long_lb8_hold48h_sessoverlap_ext1.618_sl0.02_v2,1782765086,670.0,238.94448042964217,35.650931851823636,0.3611940298507463,1.5505981533080373,-46.59798770270818,0.765074493758701,7/8,"{2019: 8.34, 2020: 72.36, 2021: 2.2, 2022: 3.79, 2023: 42.92, 2024: 63.26, 2025: 69.87, 2026: -23.8}",99.96516470174404,False,True,False,True,False,Fib V2 phase2,,
fib_retrace,long_lb8_hold72h_sessall_ext1.618_sl0.02_v2,1782765088,1062.0,508.9728876566214,75.8719498433034,0.3427495291902072,1.716608141264769,-67.40503387288851,1.1256125171063882,7/8,"{2019: 46.35, 2020: 105.77, 2021: -4.32, 2022: 19.64, 2023: 59.67, 2024: 123.6, 2025: 151.58, 2026: 6.7}",158.31100769349587,False,True,False,True,False,Fib V2 phase2,,
fib_retrace,long_lb8_hold72h_sessall_ext1.618_sl0.05_v2,1782765088,1053.0,452.6578265890829,67.47713433866801,0.3485280151946818,1.6526530614789123,-68.26196181358125,0.988502711406734,7/8,"{2019: 43.36, 2020: 100.78, 2021: -6.9, 2022: 11.12, 2023: 52.56, 2024: 111.84, 2025: 139.15, 2026: 0.75}",156.96938898422897,False,True,False,True,False,Fib V2 phase2,,
fib_retrace,long_lb10_hold24h_sessall_ext1.618_sl0.02_v2,1782765137,822.0,248.5985437338952,37.05711773197867,0.3990267639902676,1.5326991545791315,-32.15625342192919,1.1524078146090022,7/8,"{2019: 22.18, 2020: 51.96, 2021: 14.9, 2022: 4.93, 2023: 33.14, 2024: 68.58, 2025: 67.6, 2026: -14.68}",122.53068870866947,False,True,False,True,False,Fib V2 phase2,,
fib_retrace,long_lb10_hold48h_sessall_ext1.618_sl0.02_v2,1782765143,870.0,341.8967366108096,50.96452871553415,0.3781609195402299,1.635317927322666,-43.250046600681614,1.1783693364790724,7/8,"{2019: 21.43, 2020: 65.29, 2021: 15.1, 2022: 10.81, 2023: 45.51, 2024: 102.1, 2025: 95.37, 2026: -13.71}",129.68576542158448,False,True,False,True,False,Fib V2 phase2,,
fib_retrace,long_lb10_hold48h_sessall_ext1.618_sl0.05_v2,1782765143,863.0,310.2042871999525,46.240322324807885,0.3858632676709154,1.58936685197851,-43.98439042433726,1.0512893751330104,7/8,"{2019: 19.86, 2020: 62.48, 2021: 18.37, 2022: 5.04, 2023: 39.68, 2024: 92.73, 2025: 87.44, 2026: -15.4}",128.64231673428438,False,True,False,True,False,Fib V2 phase2,,
fib_retrace,long_lb10_hold48h_sessall_ext1.618_sl0.1_v2,1782765143,847.0,260.96368266031914,38.90031601498731,0.3990554899645809,1.5208969496177005,-42.8657395855337,0.9074920062295008,7/8,"{2019: 16.8, 2020: 51.9, 2021: 15.06, 2022: 2.51, 2023: 28.6, 2024: 84.61, 2025: 79.58, 2026: -18.1}",126.25729116331271,False,True,False,True,False,Fib V2 phase2,,
fib_retrace,long_lb10_hold48h_sessny_ext1.618_sl0.02_v2,1782765146,701.0,238.28628447169336,35.551618508860834,0.3737517831669044,1.5501383467807637,-40.58007351220802,0.8760856112832217,7/8,"{2019: 4.17, 2020: 50.64, 2021: 21.08, 2022: 11.69, 2023: 40.37, 2024: 61.56, 2025: 61.21, 2026: -12.42}",104.5871550264235,False,True,False,True,False,Fib V2 phase2,,
fib_retrace,long_lb10_hold48h_sessny_ext1.618_sl0.05_v2,1782765146,695.0,213.4676068847088,31.8487442145088,0.3798561151079136,1.5027397625993222,-40.817753328554275,0.7802669578148693,7/8,"{2019: 3.84, 2020: 52.33, 2021: 20.08, 2022: 4.01, 2023: 35.65, 2024: 56.73, 2025: 55.72, 2026: -14.89}",103.69197252976367,False,True,False,True,False,Fib V2 phase2,,
fib_retrace,long_lb10_hold48h_sesslondon_ny_ext1.618_sl0.02_v2,1782765147,783.0,266.3358960602227,39.70112016070523,0.3742017879948914,1.5502434386108186,-39.474236580582016,1.005747636934284,7/8,"{2019: 18.4, 2020: 59.39, 2021: 11.38, 2022: 14.95, 2023: 23.73, 2024: 79.76, 2025: 73.34, 2026: -14.61}",116.71718887942605,False,True,False,True,False,Fib V2 phase2,,
fib_retrace,long_lb10_hold48h_sesslondon_ny_ext1.618_sl0.05_v2,1782765148,777.0,240.22308589383488,35.80863766215749,0.3822393822393822,1.5064843258036935,-40.08883131027402,0.8932322667381027,7/8,"{2019: 17.22, 2020: 57.42, 2021: 11.06, 2022: 9.18, 2023: 20.62, 2024: 72.76, 2025: 67.28, 2026: -15.3}",115.82280429031168,False,True,False,True,False,Fib V2 phase2,,
fib_retrace,long_lb10_hold72h_sessall_ext1.0_sl0.02_v2,1782765150,893.0,296.7715121065157,44.237977819373,0.374020156774916,1.5267761094636771,-44.68423930449771,0.9900130002866628,7/8,"{2019: 21.44, 2020: 55.57, 2021: 12.78, 2022: 10.37, 2023: 31.67, 2024: 87.16, 2025: 93.15, 2026: -15.36}",133.11423967985627,False,True,False,True,False,Fib V2 phase2,,
fib_retrace,long_lb10_hold72h_sessall_ext1.618_sl0.02_v2,1782765151,893.0,399.5377802808992,59.5567389087003,0.35498320268757,1.689786813711062,-53.171582152836706,1.1200858898181751,7/8,"{2019: 30.15, 2020: 78.38, 2021: 3.02, 2022: 21.22, 2023: 51.97, 2024: 103.1, 2025: 125.78, 2026: -14.1}",133.11423967985627,False,True,False,True,False,Fib V2 phase2,,
fib_retrace,long_lb10_hold72h_sessall_ext1.618_sl0.05_v2,1782765151,886.0,362.3140913846401,54.00802329223328,0.3611738148984199,1.640267874985217,-53.65843048235564,1.006515151612431,7/8,"{2019: 28.65, 2020: 74.88, 2021: 4.48, 2022: 14.34, 2023: 45.51, 2024: 94.33, 2025: 116.94, 2026: -16.81}",132.07079099255614,False,True,False,True,False,Fib V2 phase2,,
fib_retrace,long_lb10_hold72h_sessall_ext1.618_sl0.1_v2,1782765151,869.0,310.98926655132044,46.357334563913966,0.3728423475258918,1.5762091715018691,-52.19409127701391,0.8881720790554231,7/8,"{2019: 24.53, 2020: 67.96, 2021: 3.06, 2022: 9.31, 2023: 33.84, 2024: 84.92, 2025: 106.39, 2026: -19.02}",129.53670132339874,False,True,False,True,False,Fib V2 phase2,,
fib_retrace,long_lb10_hold72h_sessny_ext1.618_sl0.02_v2,1782765155,735.0,287.2148092658506,42.85161167271352,0.3523809523809524,1.5999785725205298,-52.1346804284577,0.8219406222603981,7/8,"{2019: 14.7, 2020: 57.84, 2021: 7.75, 2022: 16.29, 2023: 43.38, 2024: 61.19, 2025: 97.54, 2026: -11.47}",109.6598558408292,False,True,False,True,False,Fib V2 phase2,,
fib_retrace,long_lb10_hold72h_sessny_ext1.618_sl0.05_v2,1782765155,729.0,258.3213478771948,38.54079152220663,0.3566529492455418,1.5511680256242328,-52.082836745089395,0.7399902526592013,7/8,"{2019: 14.39, 2020: 59.11, 2021: 6.8, 2022: 7.27, 2023: 39.5, 2024: 55.83, 2025: 90.87, 2026: -15.44}",108.76467334416938,False,True,False,True,False,Fib V2 phase2,,
fib_retrace,long_lb10_hold72h_sessny_ext1.618_sl0.1_v2,1782765155,722.0,231.9845538947431,34.61141869033551,0.3698060941828255,1.515917563289382,-49.936182447899334,0.6931130293439464,7/8,"{2019: 11.91, 2020: 53.81, 2021: 4.78, 2022: 4.99, 2023: 29.93, 2024: 51.62, 2025: 91.34, 2026: -16.4}",107.72029376473292,False,True,False,True,False,Fib V2 phase2,,
